regime,obs_idx,noise,target_g,n_f,achieved_g,capped,richardson_stability,richardson_valid_rate,richardson_below_floor,richardson_rank,richardson_err_rank,n_rank_pool,n_rank_eligible,best_method,best_stability,stability_margin,richardson_wins,constant_assumed_stability,constant_assumed_med_error,constant_assumed_valid_rate,constant_oracle_stability,constant_oracle_med_error
broken_power_law,20,0.0,0.5,45.0,0.4937593319028003,0,1.4,1.0,0,5.0,6.0,9,9,pade_22,1.4,0.0,0,0.4,0.06430944012266282,1.0,1.4,0.025503978786290106
broken_power_law,20,0.003,0.5,45.0,0.4937593319028003,0,1.4,1.0,0,3.0,4.0,9,9,pade_22,1.4,0.0,0,0.4,0.06430944012266282,1.0,1.18,0.025503978786290106
broken_power_law,20,0.005,0.5,45.0,0.4937593319028003,0,1.4,1.0,0,3.0,3.0,9,9,pade_22,1.4,0.0,0,0.3,0.06430944012266282,1.0,1.28,0.025503978786290106
broken_power_law,20,0.01,0.5,45.0,0.4937593319028003,0,1.24,1.0,0,3.0,4.0,9,9,rational_fit,1.28,0.04,0,0.42,0.06430944012266282,1.0,1.08,0.025503978786290106
broken_power_law,20,0.02,0.5,45.0,0.4937593319028003,0,1.34,1.0,0,2.0,2.0,9,9,rational_fit,1.38,0.04,0,0.18,0.06430944012266282,1.0,1.12,0.025503978786290106
broken_power_law,30,0.0,0.5,12827.0,0.4999907202217947,0,1.0,1.0,0,8.0,8.0,9,9,levin_t2,1.4,0.4,0,0.3,0.05699519777996469,1.0,1.4,0.01818973644359198
broken_power_law,30,0.003,0.5,12827.0,0.4999907202217947,0,1.02,1.0,0,6.0,8.0,9,9,rational_fit,1.38,0.36,0,0.3,0.05699519777996469,1.0,1.24,0.01818973644359198
broken_power_law,30,0.005,0.5,12827.0,0.4999907202217947,0,0.9,1.0,0,8.0,8.0,9,9,rational_fit,1.38,0.48,0,0.3,0.05699519777996469,1.0,1.24,0.01818973644359198
broken_power_law,30,0.01,0.5,12827.0,0.4999907202217947,0,0.2,1.0,0,8.0,8.0,9,9,current_value,1.0,0.8,0,0.0,0.05699519777996469,1.0,0.74,0.01818973644359198
broken_power_law,30,0.02,0.5,12827.0,0.4999907202217947,0,-0.04,1.0,0,8.0,7.0,9,9,current_value,1.0,1.04,0,-0.38,0.05699519777996469,1.0,0.36,0.01818973644359198
broken_power_law,40,0.0,0.5,24062.0,0.4999948863160542,0,1.0,1.0,0,8.0,8.0,9,9,levin_t2,1.4,0.4,0,0.2,0.052948739356762045,1.0,1.4,0.014143278020389335
broken_power_law,40,0.003,0.5,24062.0,0.4999948863160542,0,0.9,1.0,0,8.0,8.0,9,9,rational_fit,1.4,0.5,0,0.3,0.052948739356762045,1.0,1.16,0.014143278020389335
broken_power_law,40,0.005,0.5,24062.0,0.4999948863160542,0,0.8,1.0,0,8.0,8.0,9,9,rational_fit,1.36,0.56,0,0.2,0.052948739356762045,1.0,1.2,0.014143278020389335
broken_power_law,40,0.01,0.5,24062.0,0.4999948863160542,0,0.84,1.0,0,8.0,8.0,9,9,rational_fit,1.32,0.48,0,0.2,0.052948739356762045,1.0,1.22,0.014143278020389335
broken_power_law,40,0.02,0.5,24062.0,0.4999948863160542,0,0.64,1.0,0,6.0,7.0,9,8,rational_fit,1.28,0.64,0,0.12,0.052948739356762045,1.0,1.02,0.014143278020389335
broken_power_law,50,0.0,0.5,39319.0,0.4999974101604059,0,1.0,1.0,0,8.0,8.0,9,9,levin_t2,1.4,0.4,0,0.0,0.05042649029271886,1.0,1.4,0.011621028956346147
broken_power_law,50,0.003,0.5,39319.0,0.4999974101604059,0,0.8,1.0,0,8.0,8.0,9,9,rational_fit,1.38,0.58,0,0.0,0.05042649029271886,1.0,1.18,0.011621028956346147
broken_power_law,50,0.005,0.5,39319.0,0.4999974101604059,0,1.02,1.0,0,6.0,8.0,9,9,rational_fit,1.38,0.36,0,0.22,0.05042649029271886,1.0,1.28,0.011621028956346147
broken_power_law,50,0.01,0.5,39319.0,0.4999974101604059,0,0.52,1.0,0,8.0,8.0,9,9,rational_fit,1.18,0.66,0,-0.1,0.05042649029271886,1.0,0.98,0.011621028956346147
broken_power_law,50,0.02,0.5,39319.0,0.4999974101604059,0,0.86,1.0,0,7.0,7.0,9,8,rational_fit,1.24,0.38,0,0.2,0.05042649029271886,1.0,1.18,0.011621028956346147
broken_power_law,60,0.0,0.5,345.0,0.49946089894211493,0,1.08,1.0,0,7.0,8.0,9,9,single_exp_fit,1.4,0.32,0,0.7,0.11597742434815925,1.0,1.4,0.07717196301178653
broken_power_law,60,0.003,0.5,345.0,0.49946089894211493,0,1.18,1.0,0,7.0,8.0,9,9,single_exp_fit,1.4,0.22,0,0.7,0.11597742434815925,1.0,1.24,0.07717196301178653
broken_power_law,60,0.005,0.5,345.0,0.49946089894211493,0,1.14,1.0,0,7.0,8.0,9,9,single_exp_fit,1.4,0.26,0,0.7,0.11597742434815925,1.0,1.18,0.07717196301178653
broken_power_law,60,0.01,0.5,345.0,0.49946089894211493,0,1.18,1.0,0,6.0,7.0,9,9,single_exp_fit,1.4,0.22,0,0.7,0.11597742434815925,1.0,1.18,0.07717196301178653
broken_power_law,60,0.02,0.5,345.0,0.49946089894211493,0,1.24,1.0,0,6.0,6.0,9,8,single_exp_fit,1.4,0.16,0,0.82,0.11597742434815925,1.0,1.24,0.07717196301178653
broken_power_law,70,0.0,0.5,401.0,0.4998191806679471,0,1.4,1.0,0,6.0,6.0,9,9,richardson_a10,1.4,0.0,0,0.7,0.1114828920487467,1.0,1.4,0.07267743071237398
broken_power_law,70,0.003,0.5,401.0,0.4998191806679471,0,1.4,1.0,0,5.0,5.0,9,9,richardson_a10,1.4,0.0,0,0.7,0.1114828920487467,1.0,1.22,0.07267743071237398
broken_power_law,70,0.005,0.5,401.0,0.4998191806679471,0,1.4,1.0,0,5.0,5.0,9,9,richardson_a10,1.4,0.0,0,0.7,0.1114828920487467,1.0,1.18,0.07267743071237398
broken_power_law,70,0.01,0.5,401.0,0.4998191806679471,0,1.4,1.0,0,6.0,6.0,9,9,richardson_a10,1.4,0.0,0,0.8,0.1114828920487467,1.0,1.26,0.07267743071237398
broken_power_law,70,0.02,0.5,401.0,0.4998191806679471,0,1.38,1.0,0,5.0,5.0,9,8,richardson_a10,1.4,0.02,0,0.8,0.1114828920487467,1.0,1.18,0.07267743071237398
broken_power_law,80,0.0,0.5,458.0,0.49965349932057007,0,1.0,1.0,0,8.0,8.0,9,9,single_exp_fit,1.4,0.4,0,0.7,0.10772857879521253,1.0,1.4,0.0689231174588398
broken_power_law,80,0.003,0.5,458.0,0.49965349932057007,0,1.0,1.0,0,8.0,8.0,9,9,rational_fit,1.4,0.4,0,0.7,0.10772857879521253,1.0,1.24,0.0689231174588398
broken_power_law,80,0.005,0.5,458.0,0.49965349932057007,0,1.0,1.0,0,8.0,8.0,9,9,single_exp_fit,1.4,0.4,0,0.7,0.10772857879521253,1.0,1.26,0.0689231174588398
broken_power_law,80,0.01,0.5,458.0,0.49965349932057007,0,1.0,1.0,0,8.0,8.0,9,9,rational_fit,1.4,0.4,0,0.74,0.10772857879521253,1.0,1.2,0.0689231174588398
broken_power_law,80,0.02,0.5,458.0,0.49965349932057007,0,0.8,1.0,0,8.0,8.0,9,8,single_exp_fit,1.4,0.6,0,0.74,0.10772857879521253,1.0,1.2,0.0689231174588398
broken_power_law,90,0.0,0.5,514.0,0.49991211917454004,0,1.0,1.0,0,8.0,8.0,9,9,pade_22,1.4,0.4,0,0.7,0.1046268583074553,1.0,1.4,0.0658213969710826
broken_power_law,90,0.003,0.5,514.0,0.49991211917454004,0,0.0,1.0,0,8.0,8.0,9,9,pade_22,1.4,1.4,0,0.7,0.1046268583074553,1.0,1.18,0.0658213969710826
broken_power_law,90,0.005,0.5,514.0,0.49991211917454004,0,0.0,1.0,0,8.0,8.0,9,9,pade_22,1.4,1.4,0,0.7,0.1046268583074553,1.0,1.2,0.0658213969710826
broken_power_law,90,0.01,0.5,514.0,0.49991211917454004,0,0.0,1.0,0,8.0,8.0,9,9,pade_22,1.4,1.4,0,0.7,0.1046268583074553,1.0,1.2,0.0658213969710826
broken_power_law,90,0.02,0.5,514.0,0.49991211917454004,0,-0.1,1.0,0,8.0,8.0,9,8,pade_22,1.4,1.5,0,0.54,0.1046268583074553,1.0,1.16,0.0658213969710826
broken_power_law,100,0.0,0.5,571.0,0.49976994831228316,0,1.0,1.0,0,8.0,8.0,9,9,levin_t2,1.4,0.4,0,0.7,0.10192031439921809,1.0,1.4,0.06311485306284537
broken_power_law,100,0.003,0.5,571.0,0.49976994831228316,0,1.0,1.0,0,8.0,8.0,9,9,pade_22,1.4,0.4,0,0.7,0.10192031439921809,1.0,1.2,0.06311485306284537
broken_power_law,100,0.005,0.5,571.0,0.49976994831228316,0,1.0,1.0,0,8.0,8.0,9,9,pade_22,1.4,0.4,0,0.6,0.10192031439921809,1.0,1.2,0.06311485306284537
broken_power_law,100,0.01,0.5,571.0,0.49976994831228316,0,0.9,1.0,0,8.0,8.0,9,9,pade_22,1.4,0.5,0,0.4,0.10192031439921809,1.0,1.2,0.06311485306284537
broken_power_law,100,0.02,0.5,571.0,0.49976994831228316,0,0.5,1.0,0,8.0,8.0,9,8,pade_22,1.4,0.9,0,0.62,0.10192031439921809,1.0,1.2,0.06311485306284537
broken_power_law,110,0.0,0.5,627.0,0.49997159805550073,0,1.0,1.0,0,8.0,8.0,9,9,levin_t2,1.4,0.4,0,0.7,0.09960581836161936,1.0,1.4,0.06080035702524665
broken_power_law,110,0.003,0.5,627.0,0.49997159805550073,0,1.0,1.0,0,8.0,8.0,9,9,pade_22,1.4,0.4,0,0.7,0.09960581836161936,1.0,1.26,0.06080035702524665
broken_power_law,110,0.005,0.5,627.0,0.49997159805550073,0,1.0,1.0,0,8.0,8.0,9,9,pade_22,1.4,0.4,0,0.6,0.09960581836161936,1.0,1.24,0.06080035702524665
broken_power_law,110,0.01,0.5,627.0,0.49997159805550073,0,1.0,1.0,0,8.0,8.0,9,9,pade_22,1.4,0.4,0,0.72,0.09960581836161936,1.0,1.2,0.06080035702524665
broken_power_law,110,0.02,0.5,627.0,0.49997159805550073,0,0.8,1.0,0,8.0,8.0,9,8,pade_22,1.36,0.56,0,0.68,0.09960581836161936,1.0,1.28,0.06080035702524665
broken_power_law,120,0.0,0.5,684.0,0.49984795486928524,0,1.4,1.0,0,1.0,1.0,9,9,richardson_1,1.4,0.0,1,0.6,0.0975292082650075,1.0,1.4,0.05872374692863479
broken_power_law,120,0.003,0.5,684.0,0.49984795486928524,0,1.4,1.0,0,2.0,2.0,9,9,log_linear,1.4,0.0,0,0.6,0.0975292082650075,1.0,1.14,0.05872374692863479
broken_power_law,120,0.005,0.5,684.0,0.49984795486928524,0,1.4,1.0,0,2.0,2.0,9,9,log_linear,1.4,0.0,0,0.7,0.0975292082650075,1.0,1.16,0.05872374692863479
broken_power_law,120,0.01,0.5,684.0,0.49984795486928524,0,1.4,1.0,0,2.0,2.0,9,9,log_linear,1.4,0.0,0,0.52,0.0975292082650075,1.0,1.26,0.05872374692863479
broken_power_law,120,0.02,0.5,684.0,0.49984795486928524,0,1.36,1.0,0,3.0,2.0,9,9,log_linear,1.38,0.02,0,0.6,0.0975292082650075,1.0,1.18,0.05872374692863479
broken_power_law,130,0.0,0.5,741.0,0.49974327221845033,0,1.4,1.0,0,1.0,1.0,9,9,richardson_1,1.4,0.0,1,0.6,0.09568138005305359,1.0,1.4,0.05687591871668087
broken_power_law,130,0.003,0.5,741.0,0.49974327221845033,0,1.4,1.0,0,2.0,2.0,9,9,log_linear,1.4,0.0,0,0.62,0.09568138005305359,1.0,1.18,0.05687591871668087
broken_power_law,130,0.005,0.5,741.0,0.49974327221845033,0,1.4,1.0,0,2.0,2.0,9,9,log_linear,1.4,0.0,0,0.6,0.09568138005305359,1.0,1.2,0.05687591871668087
broken_power_law,130,0.01,0.5,741.0,0.49974327221845033,0,1.4,1.0,0,2.0,2.0,9,9,log_linear,1.4,0.0,0,0.62,0.09568138005305359,1.0,1.26,0.05687591871668087
broken_power_law,130,0.02,0.5,741.0,0.49974327221845033,0,1.34,1.0,0,1.0,2.0,9,9,richardson_1,1.34,0.0,1,0.34,0.09568138005305359,1.0,1.08,0.05687591871668087
broken_power_law,140,0.0,0.5,797.0,0.4999038581100926,0,1.4,1.0,0,1.0,1.0,9,9,richardson_1,1.4,0.0,1,0.6,0.09404993375592957,1.0,1.4,0.055244472419556864
broken_power_law,140,0.003,0.5,797.0,0.4999038581100926,0,1.4,1.0,0,2.0,2.0,9,9,log_linear,1.4,0.0,0,0.6,0.09404993375592957,1.0,1.3,0.055244472419556864
broken_power_law,140,0.005,0.5,797.0,0.4999038581100926,0,1.4,1.0,0,2.0,2.0,9,9,log_linear,1.4,0.0,0,0.5,0.09404993375592957,1.0,1.18,0.055244472419556864
broken_power_law,140,0.01,0.5,797.0,0.4999038581100926,0,1.4,1.0,0,2.0,2.0,9,9,log_linear,1.4,0.0,0,0.64,0.09404993375592957,1.0,1.2,0.055244472419556864
broken_power_law,140,0.02,0.5,797.0,0.4999038581100926,0,1.34,1.0,0,3.0,2.0,9,9,richardson_a10,1.38,0.04,0,0.52,0.09404993375592957,1.0,1.18,0.055244472419556864
damped_osc_pow,20,0.0,0.5,61.0,0.4957874670189676,0,1.4,1.0,0,4.0,4.0,9,9,levin_t2,1.4,0.0,0,0.8,0.0943182554763333,1.0,1.4,0.07163600376094745
damped_osc_pow,20,0.003,0.5,61.0,0.4957874670189676,0,1.4,1.0,0,2.0,2.0,9,9,log_linear,1.4,0.0,0,0.8,0.0943182554763333,1.0,1.32,0.07163600376094745
damped_osc_pow,20,0.005,0.5,61.0,0.4957874670189676,0,1.4,1.0,0,2.0,2.0,9,9,log_linear,1.4,0.0,0,0.9,0.0943182554763333,1.0,1.16,0.07163600376094745
damped_osc_pow,20,0.01,0.5,61.0,0.4957874670189676,0,1.4,1.0,0,2.0,3.0,9,9,pade_22,1.4,0.0,0,0.94,0.0943182554763333,1.0,1.22,0.07163600376094745
damped_osc_pow,20,0.02,0.5,61.0,0.4957874670189676,0,1.4,1.0,0,2.0,2.0,9,9,log_linear,1.4,0.0,0,0.9,0.0943182554763333,1.0,1.26,0.07163600376094745
damped_osc_pow,30,0.0,0.5,89.0,0.49928209670367024,0,1.4,1.0,0,3.0,4.0,9,9,pade_22,1.4,0.0,0,0.8,0.07880862318998376,1.0,1.4,0.05612637147459791
damped_osc_pow,30,0.003,0.5,89.0,0.49928209670367024,0,1.4,1.0,0,1.0,2.0,9,9,richardson_1,1.4,0.0,1,0.8,0.07880862318998376,1.0,1.24,0.05612637147459791
damped_osc_pow,30,0.005,0.5,89.0,0.49928209670367024,0,1.4,1.0,0,1.0,2.0,9,9,richardson_1,1.4,0.0,1,0.82,0.07880862318998376,1.0,1.18,0.05612637147459791
damped_osc_pow,30,0.01,0.5,89.0,0.49928209670367024,0,1.4,1.0,0,1.0,2.0,9,9,richardson_1,1.4,0.0,1,0.7,0.07880862318998376,1.0,1.1,0.05612637147459791
damped_osc_pow,30,0.02,0.5,89.0,0.49928209670367024,0,1.4,1.0,0,2.0,3.0,9,9,pade_22,1.4,0.0,0,0.8,0.07880862318998376,1.0,1.2,0.05612637147459791
damped_osc_pow,40,0.0,0.5,118.0,0.4981279071337953,0,1.4,1.0,0,3.0,4.0,9,9,pade_22,1.4,0.0,0,0.7,0.06939873446352797,1.0,1.4,0.04671648274814212
damped_osc_pow,40,0.003,0.5,118.0,0.4981279071337953,0,1.4,1.0,0,1.0,2.0,9,9,richardson_1,1.4,0.0,1,0.7,0.06939873446352797,1.0,1.22,0.04671648274814212
damped_osc_pow,40,0.005,0.5,118.0,0.4981279071337953,0,1.4,1.0,0,1.0,2.0,9,9,richardson_1,1.4,0.0,1,0.7,0.06939873446352797,1.0,1.22,0.04671648274814212
damped_osc_pow,40,0.01,0.5,118.0,0.4981279071337953,0,1.38,1.0,0,3.0,2.0,9,9,pade_22,1.4,0.02,0,0.64,0.06939873446352797,1.0,1.24,0.04671648274814212
damped_osc_pow,40,0.02,0.5,118.0,0.4981279071337953,0,1.4,1.0,0,2.0,3.0,9,9,log_linear,1.4,0.0,0,0.78,0.06939873446352797,1.0,1.24,0.04671648274814212
damped_osc_pow,50,0.0,0.5,146.0,0.49954802990013,0,1.4,1.0,0,3.0,4.0,9,9,pade_22,1.4,0.0,0,0.7,0.06333087127392392,1.0,1.4,0.04064861955853807
damped_osc_pow,50,0.003,0.5,146.0,0.49954802990013,0,1.4,1.0,0,1.0,2.0,9,9,richardson_1,1.4,0.0,1,0.72,0.06333087127392392,1.0,1.26,0.04064861955853807
damped_osc_pow,50,0.005,0.5,146.0,0.49954802990013,0,1.4,1.0,0,1.0,2.0,9,9,richardson_1,1.4,0.0,1,0.7,0.06333087127392392,1.0,1.2,0.04064861955853807
damped_osc_pow,50,0.01,0.5,146.0,0.49954802990013,0,1.38,1.0,0,2.0,2.0,9,9,pade_22,1.4,0.02,0,0.76,0.06333087127392392,1.0,1.22,0.04064861955853807
damped_osc_pow,50,0.02,0.5,146.0,0.49954802990013,0,1.36,1.0,0,2.0,2.0,9,9,log_linear,1.36,0.0,0,0.54,0.06333087127392392,1.0,1.18,0.04064861955853807
damped_osc_pow,60,0.0,0.5,175.0,0.49858808268983806,0,1.4,1.0,0,3.0,4.0,9,9,pade_22,1.4,0.0,0,0.6,0.05878047332316652,1.0,1.4,0.03609822160778067
damped_osc_pow,60,0.003,0.5,175.0,0.49858808268983806,0,1.4,1.0,0,1.0,2.0,9,9,richardson_1,1.4,0.0,1,0.6,0.05878047332316652,1.0,1.18,0.03609822160778067
damped_osc_pow,60,0.005,0.5,175.0,0.49858808268983806,0,1.4,1.0,0,1.0,2.0,9,9,richardson_1,1.4,0.0,1,0.74,0.05878047332316652,1.0,1.16,0.03609822160778067
damped_osc_pow,60,0.01,0.5,175.0,0.49858808268983806,0,1.38,1.0,0,2.0,2.0,9,9,pade_22,1.4,0.02,0,0.64,0.05878047332316652,1.0,1.22,0.03609822160778067
damped_osc_pow,60,0.02,0.5,175.0,0.49858808268983806,0,1.4,1.0,0,1.0,2.0,9,9,richardson_1,1.4,0.0,1,0.82,0.05878047332316652,1.0,1.24,0.03609822160778067
damped_osc_pow,70,0.0,0.5,203.0,0.499484078330153,0,1.4,1.0,0,2.0,2.0,9,9,pade_22,1.4,0.0,0,0.6,0.05542888367525187,1.0,1.4,0.03274663195986602
damped_osc_pow,70,0.003,0.5,203.0,0.499484078330153,0,1.4,1.0,0,1.0,1.0,9,9,richardson_1,1.4,0.0,1,0.62,0.05542888367525187,1.0,1.22,0.03274663195986602
damped_osc_pow,70,0.005,0.5,203.0,0.499484078330153,0,1.4,1.0,0,1.0,1.0,9,9,richardson_1,1.4,0.0,1,0.7,0.05542888367525187,1.0,1.16,0.03274663195986602
damped_osc_pow,70,0.01,0.5,203.0,0.499484078330153,0,1.4,1.0,0,1.0,1.0,9,9,richardson_1,1.4,0.0,1,0.62,0.05542888367525187,1.0,1.26,0.03274663195986602
damped_osc_pow,70,0.02,0.5,203.0,0.499484078330153,0,1.32,1.0,0,2.0,2.0,9,8,log_linear,1.32,0.0,0,0.42,0.05542888367525187,1.0,0.82,0.03274663195986602
damped_osc_pow,80,0.0,0.5,232.0,0.49873451689226217,0,1.4,1.0,0,2.0,2.0,9,9,pade_22,1.4,0.0,0,0.6,0.05267665215714837,1.0,1.4,0.02999440044176252
damped_osc_pow,80,0.003,0.5,232.0,0.49873451689226217,0,1.4,1.0,0,1.0,1.0,9,9,richardson_1,1.4,0.0,1,0.6,0.05267665215714837,1.0,1.16,0.02999440044176252
damped_osc_pow,80,0.005,0.5,232.0,0.49873451689226217,0,1.4,1.0,0,3.0,3.0,9,9,rational_fit,1.4,0.0,0,0.62,0.05267665215714837,1.0,1.22,0.02999440044176252
damped_osc_pow,80,0.01,0.5,232.0,0.49873451689226217,0,1.4,1.0,0,1.0,1.0,9,9,richardson_1,1.4,0.0,1,0.66,0.05267665215714837,1.0,1.26,0.02999440044176252
damped_osc_pow,80,0.02,0.5,232.0,0.49873451689226217,0,1.34,1.0,0,4.0,2.0,9,9,richardson_a10,1.36,0.02,0,0.66,0.05267665215714837,1.0,1.22,0.02999440044176252
damped_osc_pow,90,0.0,0.5,260.0,0.49940767513390516,0,1.4,1.0,0,2.0,2.0,9,9,pade_22,1.4,0.0,0,0.6,0.050509708606649786,1.0,1.4,0.02782745689126393
damped_osc_pow,90,0.003,0.5,260.0,0.49940767513390516,0,1.4,1.0,0,1.0,1.0,9,9,richardson_1,1.4,0.0,1,0.6,0.050509708606649786,1.0,1.18,0.02782745689126393
damped_osc_pow,90,0.005,0.5,260.0,0.49940767513390516,0,1.4,1.0,0,1.0,1.0,9,8,richardson_1,1.4,0.0,1,0.62,0.050509708606649786,1.0,1.2,0.02782745689126393
damped_osc_pow,90,0.01,0.5,260.0,0.49940767513390516,0,1.36,1.0,0,3.0,3.0,9,9,log_linear,1.36,0.0,0,0.66,0.050509708606649786,1.0,1.16,0.02782745689126393
damped_osc_pow,90,0.02,0.5,260.0,0.49940767513390516,0,1.36,1.0,0,2.0,1.0,9,9,rational_fit,1.38,0.02,0,0.46,0.050509708606649786,1.0,0.98,0.02782745689126393
damped_osc_pow,100,0.0,0.5,288.0,0.4999518931295514,0,1.4,1.0,0,2.0,2.0,9,9,pade_22,1.4,0.0,0,0.6,0.04869700049173986,1.0,1.4,0.026014748776354006
damped_osc_pow,100,0.003,0.5,288.0,0.4999518931295514,0,1.4,1.0,0,2.0,2.0,9,9,rational_fit,1.4,0.0,0,0.5,0.04869700049173986,1.0,1.18,0.026014748776354006
damped_osc_pow,100,0.005,0.5,288.0,0.4999518931295514,0,1.4,1.0,0,2.0,3.0,9,9,rational_fit,1.4,0.0,0,0.54,0.04869700049173986,1.0,1.26,0.026014748776354006
damped_osc_pow,100,0.01,0.5,288.0,0.4999518931295514,0,1.22,1.0,0,3.0,3.0,9,9,richardson_a10,1.36,0.14,0,0.24,0.04869700049173986,1.0,0.76,0.026014748776354006
damped_osc_pow,100,0.02,0.5,288.0,0.4999518931295514,0,1.24,1.0,0,3.0,3.0,9,9,richardson_a10,1.28,0.04,0,0.48,0.04869700049173986,1.0,1.14,0.026014748776354006
damped_osc_pow,110,0.0,0.5,317.0,0.4993630137642952,0,1.4,1.0,0,2.0,2.0,9,9,pade_22,1.4,0.0,0,0.6,0.047103249455727456,1.0,1.4,0.02442099774034161
damped_osc_pow,110,0.003,0.5,317.0,0.4993630137642952,0,1.4,1.0,0,1.0,1.0,9,9,richardson_1,1.4,0.0,1,0.6,0.047103249455727456,1.0,1.26,0.02442099774034161
damped_osc_pow,110,0.005,0.5,317.0,0.4993630137642952,0,1.4,1.0,0,2.0,2.0,9,9,log_linear,1.4,0.0,0,0.52,0.047103249455727456,1.0,1.26,0.02442099774034161
damped_osc_pow,110,0.01,0.5,317.0,0.4993630137642952,0,1.38,1.0,0,1.0,1.0,9,9,richardson_1,1.38,0.0,1,0.34,0.047103249455727456,1.0,1.1,0.02442099774034161
damped_osc_pow,110,0.02,0.5,317.0,0.4993630137642952,0,1.34,1.0,0,1.0,1.0,9,9,richardson_1,1.34,0.0,1,0.48,0.047103249455727456,1.0,0.92,0.02442099774034161
damped_osc_pow,120,0.0,0.5,345.0,0.49983071797526735,0,1.4,1.0,0,2.0,2.0,9,9,pade_22,1.4,0.0,0,0.5,0.04577793963599981,1.0,1.4,0.02309568792061396
damped_osc_pow,120,0.003,0.5,345.0,0.49983071797526735,0,1.4,1.0,0,2.0,2.0,9,9,log_linear,1.4,0.0,0,0.5,0.04577793963599981,1.0,1.18,0.02309568792061396
damped_osc_pow,120,0.005,0.5,345.0,0.49983071797526735,0,1.4,1.0,0,1.0,1.0,9,9,richardson_1,1.4,0.0,1,0.6,0.04577793963599981,1.0,1.22,0.02309568792061396
damped_osc_pow,120,0.01,0.5,345.0,0.49983071797526735,0,1.38,1.0,0,1.0,2.0,9,9,richardson_1,1.38,0.0,1,0.54,0.04577793963599981,1.0,1.26,0.02309568792061396
damped_osc_pow,120,0.02,0.5,345.0,0.49983071797526735,0,1.2,1.0,0,2.0,2.0,9,9,richardson_a10,1.26,0.06,0,0.24,0.04577793963599981,1.0,0.86,0.02309568792061396
damped_osc_pow,130,0.0,0.5,374.0,0.4993522853114963,0,1.4,1.0,0,2.0,2.0,9,9,pade_22,1.4,0.0,0,0.5,0.04458090154429968,1.0,1.4,0.021898649828913836
damped_osc_pow,130,0.003,0.5,374.0,0.4993522853114963,0,1.4,1.0,0,3.0,3.0,9,9,rational_fit,1.4,0.0,0,0.6,0.04458090154429968,1.0,1.2,0.021898649828913836
damped_osc_pow,130,0.005,0.5,374.0,0.4993522853114963,0,1.4,1.0,0,2.0,2.0,9,9,log_linear,1.4,0.0,0,0.6,0.04458090154429968,1.0,1.18,0.021898649828913836
damped_osc_pow,130,0.01,0.5,374.0,0.4993522853114963,0,1.4,1.0,0,2.0,2.0,9,9,log_linear,1.4,0.0,0,0.58,0.04458090154429968,1.0,1.28,0.021898649828913836
damped_osc_pow,130,0.02,0.5,374.0,0.4993522853114963,0,1.22,1.0,0,2.0,2.0,9,9,richardson_a10,1.28,0.06,0,0.6,0.04458090154429968,1.0,1.06,0.021898649828913836
damped_osc_pow,140,0.0,0.5,402.0,0.4997676330708581,0,1.4,1.0,0,2.0,2.0,9,9,pade_22,1.4,0.0,0,0.5,0.04356262561310412,1.0,1.4,0.02088037389771826
damped_osc_pow,140,0.003,0.5,402.0,0.4997676330708581,0,1.4,1.0,0,2.0,2.0,9,9,log_linear,1.4,0.0,0,0.5,0.04356262561310412,1.0,1.24,0.02088037389771826
damped_osc_pow,140,0.005,0.5,402.0,0.4997676330708581,0,1.4,1.0,0,2.0,2.0,9,9,rational_fit,1.4,0.0,0,0.6,0.04356262561310412,1.0,1.16,0.02088037389771826
damped_osc_pow,140,0.01,0.5,402.0,0.4997676330708581,0,1.22,1.0,0,3.0,1.0,9,9,richardson_a10,1.34,0.12,0,0.32,0.04356262561310412,1.0,0.98,0.02088037389771826
damped_osc_pow,140,0.02,0.5,402.0,0.4997676330708581,0,1.22,1.0,0,2.0,2.0,9,9,richardson_a10,1.22,0.0,0,0.26,0.04356262561310412,1.0,0.96,0.02088037389771826
delayed_plateau,20,0.0,0.5,88.0,0.4965587484648145,0,1.4,1.0,0,4.0,4.0,9,9,rational_fit,1.4,0.0,0,1.0,0.2639376840520634,1.0,1.4,0.24887034505125316
delayed_plateau,20,0.003,0.5,88.0,0.4965587484648145,0,1.4,1.0,0,4.0,4.0,9,9,pade_22,1.4,0.0,0,1.04,0.2639376840520634,1.0,1.36,0.24887034505125316
delayed_plateau,20,0.005,0.5,88.0,0.4965587484648145,0,1.4,1.0,0,4.0,4.0,9,9,pade_22,1.4,0.0,0,1.04,0.2639376840520634,1.0,1.34,0.24887034505125316
delayed_plateau,20,0.01,0.5,88.0,0.4965587484648145,0,1.4,1.0,0,4.0,4.0,9,9,pade_22,1.4,0.0,0,1.02,0.2639376840520634,1.0,1.14,0.24887034505125316
delayed_plateau,20,0.02,0.5,88.0,0.4965587484648145,0,1.4,1.0,0,3.0,4.0,9,9,rational_fit,1.4,0.0,0,1.06,0.2639376840520634,1.0,1.26,0.24887034505125316
delayed_plateau,30,0.0,0.5,92.0,0.49697833153464954,0,1.4,1.0,0,4.0,4.0,9,9,pade_22,1.4,0.0,0,1.0,0.25417884530115153,1.0,1.4,0.2391115063003412
delayed_plateau,30,0.003,0.5,92.0,0.49697833153464954,0,1.4,1.0,0,3.0,3.0,9,9,log_linear,1.4,0.0,0,1.02,0.25417884530115153,1.0,1.36,0.2391115063003412
delayed_plateau,30,0.005,0.5,92.0,0.49697833153464954,0,1.4,1.0,0,3.0,3.0,9,9,pade_22,1.4,0.0,0,1.04,0.25417884530115153,1.0,1.32,0.2391115063003412
delayed_plateau,30,0.01,0.5,92.0,0.49697833153464954,0,1.4,1.0,0,3.0,3.0,9,9,pade_22,1.4,0.0,0,1.08,0.25417884530115153,1.0,1.3,0.2391115063003412
delayed_plateau,30,0.02,0.5,92.0,0.49697833153464954,0,1.4,1.0,0,3.0,4.0,9,9,rational_fit,1.4,0.0,0,1.1,0.25417884530115153,1.0,1.28,0.2391115063003412
delayed_plateau,40,0.0,0.5,96.0,0.4970208364106488,0,1.4,1.0,0,2.0,2.0,9,9,log_linear,1.4,0.0,0,1.0,0.2448030803431145,1.0,1.4,0.2297357413423042
delayed_plateau,40,0.003,0.5,96.0,0.4970208364106488,0,1.4,1.0,0,2.0,2.0,9,9,log_linear,1.4,0.0,0,1.04,0.2448030803431145,1.0,1.26,0.2297357413423042
delayed_plateau,40,0.005,0.5,96.0,0.4970208364106488,0,1.4,1.0,0,3.0,3.0,9,9,log_linear,1.4,0.0,0,1.02,0.2448030803431145,1.0,1.26,0.2297357413423042
delayed_plateau,40,0.01,0.5,96.0,0.4970208364106488,0,1.4,1.0,0,3.0,3.0,9,9,pade_22,1.4,0.0,0,1.06,0.2448030803431145,1.0,1.3,0.2297357413423042
delayed_plateau,40,0.02,0.5,96.0,0.4970208364106488,0,1.4,1.0,0,2.0,3.0,9,9,log_linear,1.4,0.0,0,1.08,0.2448030803431145,1.0,1.22,0.2297357413423042
delayed_plateau,50,0.0,0.5,110.0,0.4989140109727329,0,1.04,1.0,0,4.0,5.0,9,9,levin_t2,1.4,0.36,0,1.0,0.21478998924892653,1.0,1.4,0.19972265024811625
delayed_plateau,50,0.003,0.5,110.0,0.4989140109727329,0,1.08,1.0,0,4.0,4.0,9,9,rational_fit,1.38,0.3,0,1.0,0.21478998924892653,1.0,1.18,0.19972265024811625
delayed_plateau,50,0.005,0.5,110.0,0.4989140109727329,0,1.22,1.0,0,5.0,5.0,9,9,pade_22,1.36,0.14,0,1.06,0.21478998924892653,1.0,1.26,0.19972265024811625
delayed_plateau,50,0.01,0.5,110.0,0.4989140109727329,0,1.16,1.0,0,4.0,5.0,9,9,pade_22,1.4,0.24,0,1.04,0.21478998924892653,1.0,1.28,0.19972265024811625
delayed_plateau,50,0.02,0.5,110.0,0.4989140109727329,0,1.14,1.0,0,6.0,6.0,9,9,pade_22,1.4,0.26,0,1.06,0.21478998924892653,1.0,1.18,0.19972265024811625
delayed_plateau,60,0.0,0.5,127.0,0.4993927718305552,0,1.0,1.0,0,8.0,8.0,9,9,single_exp_fit,1.4,0.4,0,1.0,0.18356631206876908,1.0,1.4,0.1684989730679588
delayed_plateau,60,0.003,0.5,127.0,0.4993927718305552,0,1.0,1.0,0,8.0,8.0,9,9,single_exp_fit,1.4,0.4,0,1.02,0.18356631206876908,1.0,1.24,0.1684989730679588
delayed_plateau,60,0.005,0.5,127.0,0.4993927718305552,0,1.0,1.0,0,8.0,8.0,9,9,single_exp_fit,1.4,0.4,0,1.0,0.18356631206876908,1.0,1.2,0.1684989730679588
delayed_plateau,60,0.01,0.5,127.0,0.4993927718305552,0,1.0,1.0,0,8.0,8.0,9,9,single_exp_fit,1.4,0.4,0,1.02,0.18356631206876908,1.0,1.18,0.1684989730679588
delayed_plateau,60,0.02,0.5,127.0,0.4993927718305552,0,1.02,1.0,0,7.0,8.0,9,9,single_exp_fit,1.4,0.38,0,1.04,0.18356631206876908,1.0,1.24,0.1684989730679588
delayed_plateau,70,0.0,0.5,140.0,0.4954767457888926,0,1.4,1.0,0,5.0,5.0,9,9,single_exp_fit,1.4,0.0,0,1.0,0.16302551736584328,1.0,1.4,0.147958178365033
delayed_plateau,70,0.003,0.5,140.0,0.4954767457888926,0,1.4,1.0,0,4.0,4.0,9,9,single_exp_fit,1.4,0.0,0,1.02,0.16302551736584328,1.0,1.36,0.147958178365033
delayed_plateau,70,0.005,0.5,140.0,0.4954767457888926,0,1.4,1.0,0,4.0,4.0,9,9,single_exp_fit,1.4,0.0,0,1.06,0.16302551736584328,1.0,1.32,0.147958178365033
delayed_plateau,70,0.01,0.5,140.0,0.4954767457888926,0,1.3,1.0,0,4.0,4.0,9,8,single_exp_fit,1.4,0.1,0,1.06,0.16302551736584328,1.0,1.24,0.147958178365033
delayed_plateau,70,0.02,0.5,140.0,0.4954767457888926,0,1.24,1.0,0,4.0,4.0,9,8,single_exp_fit,1.4,0.16,0,1.06,0.16302551736584328,1.0,1.18,0.147958178365033
delayed_plateau,80,0.0,0.5,150.0,0.49654821147977224,0,1.4,1.0,0,4.0,4.0,9,9,single_exp_fit,1.4,0.0,0,1.0,0.1489454350898775,1.0,1.4,0.13387809608906723
delayed_plateau,80,0.003,0.5,150.0,0.49654821147977224,0,1.4,1.0,0,4.0,4.0,9,9,single_exp_fit,1.4,0.0,0,1.02,0.1489454350898775,1.0,1.28,0.13387809608906723
delayed_plateau,80,0.005,0.5,150.0,0.49654821147977224,0,1.4,1.0,0,4.0,4.0,9,9,single_exp_fit,1.4,0.0,0,1.04,0.1489454350898775,1.0,1.24,0.13387809608906723
delayed_plateau,80,0.01,0.5,150.0,0.49654821147977224,0,1.4,1.0,0,4.0,4.0,9,9,single_exp_fit,1.4,0.0,0,1.06,0.1489454350898775,1.0,1.3,0.13387809608906723
delayed_plateau,80,0.02,0.5,150.0,0.49654821147977224,0,1.4,1.0,0,4.0,4.0,9,9,single_exp_fit,1.4,0.0,0,1.1,0.1489454350898775,1.0,1.22,0.13387809608906723
delayed_plateau,90,0.0,0.5,160.0,0.49658484551706805,0,1.4,1.0,0,4.0,4.0,9,9,single_exp_fit,1.4,0.0,0,1.0,0.1362052497976048,1.0,1.4,0.12113791079679449
delayed_plateau,90,0.003,0.5,160.0,0.49658484551706805,0,1.4,1.0,0,4.0,4.0,9,9,single_exp_fit,1.4,0.0,0,1.02,0.1362052497976048,1.0,1.3,0.12113791079679449
delayed_plateau,90,0.005,0.5,160.0,0.49658484551706805,0,1.4,1.0,0,4.0,4.0,9,8,single_exp_fit,1.4,0.0,0,1.02,0.1362052497976048,1.0,1.26,0.12113791079679449
delayed_plateau,90,0.01,0.5,160.0,0.49658484551706805,0,1.4,1.0,0,4.0,4.0,9,8,single_exp_fit,1.4,0.0,0,1.04,0.1362052497976048,1.0,1.24,0.12113791079679449
delayed_plateau,90,0.02,0.5,160.0,0.49658484551706805,0,1.4,1.0,0,4.0,4.0,9,8,single_exp_fit,1.4,0.0,0,1.04,0.1362052497976048,1.0,1.22,0.12113791079679449
delayed_plateau,100,0.0,0.5,170.0,0.496585301271867,0,1.4,1.0,0,5.0,5.0,9,9,pade_22,1.4,0.0,0,1.0,0.12467745343245126,1.0,1.4,0.10961011443164097
delayed_plateau,100,0.003,0.5,170.0,0.496585301271867,0,1.4,1.0,0,5.0,5.0,9,9,pade_22,1.4,0.0,0,1.02,0.12467745343245126,1.0,1.34,0.10961011443164097
delayed_plateau,100,0.005,0.5,170.0,0.496585301271867,0,1.4,1.0,0,5.0,5.0,9,9,pade_22,1.4,0.0,0,1.02,0.12467745343245126,1.0,1.26,0.10961011443164097
delayed_plateau,100,0.01,0.5,170.0,0.496585301271867,0,1.4,1.0,0,5.0,5.0,9,9,pade_22,1.4,0.0,0,1.08,0.12467745343245126,1.0,1.22,0.10961011443164097
delayed_plateau,100,0.02,0.5,170.0,0.496585301271867,0,1.4,1.0,0,4.0,4.0,9,9,rational_fit,1.4,0.0,0,1.06,0.12467745343245126,1.0,1.22,0.10961011443164097
delayed_plateau,110,0.0,0.5,180.0,0.4965853037186371,0,1.4,1.0,0,6.0,6.0,9,9,rational_fit,1.4,0.0,0,1.0,0.11424667193376223,1.0,1.4,0.09917933293295195
delayed_plateau,110,0.003,0.5,180.0,0.4965853037186371,0,1.4,1.0,0,6.0,6.0,9,9,rational_fit,1.4,0.0,0,1.02,0.11424667193376223,1.0,1.28,0.09917933293295195
delayed_plateau,110,0.005,0.5,180.0,0.4965853037186371,0,1.4,1.0,0,6.0,6.0,9,9,rational_fit,1.4,0.0,0,1.0,0.11424667193376223,1.0,1.16,0.09917933293295195
delayed_plateau,110,0.01,0.5,180.0,0.4965853037186371,0,1.4,1.0,0,6.0,6.0,9,9,pade_22,1.4,0.0,0,1.06,0.11424667193376223,1.0,1.16,0.09917933293295195
delayed_plateau,110,0.02,0.5,180.0,0.4965853037186371,0,1.4,1.0,0,5.0,5.0,9,8,rational_fit,1.4,0.0,0,1.14,0.11424667193376223,1.0,1.24,0.09917933293295195
delayed_plateau,120,0.0,0.5,190.0,0.4965853037810337,0,1.4,1.0,0,6.0,6.0,9,9,single_exp_fit,1.4,0.0,0,1.0,0.1048085105343913,1.0,1.4,0.08974117153358102
delayed_plateau,120,0.003,0.5,190.0,0.4965853037810337,0,1.4,1.0,0,6.0,6.0,9,9,pade_22,1.4,0.0,0,1.0,0.1048085105343913,1.0,1.3,0.08974117153358102
delayed_plateau,120,0.005,0.5,190.0,0.4965853037810337,0,1.4,1.0,0,6.0,6.0,9,9,pade_22,1.4,0.0,0,1.02,0.1048085105343913,1.0,1.22,0.08974117153358102
delayed_plateau,120,0.01,0.5,190.0,0.4965853037810337,0,1.4,1.0,0,5.0,5.0,9,9,single_exp_fit,1.4,0.0,0,1.06,0.1048085105343913,1.0,1.24,0.08974117153358102
delayed_plateau,120,0.02,0.5,190.0,0.4965853037810337,0,1.38,1.0,0,5.0,5.0,9,8,single_exp_fit,1.4,0.02,0,1.08,0.1048085105343913,1.0,1.2,0.08974117153358102
delayed_plateau,130,0.0,0.5,200.0,0.496585303789858,0,1.4,1.0,0,6.0,6.0,9,9,single_exp_fit,1.4,0.0,0,1.0,0.09626850894277791,1.0,1.4,0.08120116994196762
delayed_plateau,130,0.003,0.5,200.0,0.496585303789858,0,1.4,1.0,0,6.0,6.0,9,9,single_exp_fit,1.4,0.0,0,1.0,0.09626850894277791,1.0,1.22,0.08120116994196762
delayed_plateau,130,0.005,0.5,200.0,0.496585303789858,0,1.4,1.0,0,6.0,6.0,9,9,single_exp_fit,1.4,0.0,0,1.02,0.09626850894277791,1.0,1.22,0.08120116994196762
delayed_plateau,130,0.01,0.5,200.0,0.496585303789858,0,1.4,1.0,0,5.0,5.0,9,9,single_exp_fit,1.4,0.0,0,1.02,0.09626850894277791,1.0,1.18,0.08120116994196762
delayed_plateau,130,0.02,0.5,200.0,0.496585303789858,0,1.4,1.0,0,5.0,5.0,9,9,single_exp_fit,1.4,0.0,0,1.02,0.09626850894277791,1.0,1.2,0.08120116994196762
delayed_plateau,140,0.0,0.5,210.0,0.4965853037911775,0,1.4,1.0,0,6.0,6.0,9,9,single_exp_fit,1.4,0.0,0,1.0,0.08854119595259943,1.0,1.4,0.07347385695178914
delayed_plateau,140,0.003,0.5,210.0,0.4965853037911775,0,1.4,1.0,0,6.0,6.0,9,9,single_exp_fit,1.4,0.0,0,1.0,0.08854119595259943,1.0,1.3,0.07347385695178914
delayed_plateau,140,0.005,0.5,210.0,0.4965853037911775,0,1.4,1.0,0,5.0,6.0,9,9,single_exp_fit,1.4,0.0,0,1.02,0.08854119595259943,1.0,1.26,0.07347385695178914
delayed_plateau,140,0.01,0.5,210.0,0.4965853037911775,0,1.4,1.0,0,5.0,5.0,9,9,single_exp_fit,1.4,0.0,0,0.94,0.08854119595259943,1.0,1.22,0.07347385695178914
delayed_plateau,140,0.02,0.5,210.0,0.4965853037911775,0,1.4,1.0,0,5.0,5.0,9,9,single_exp_fit,1.4,0.0,0,1.1,0.08854119595259943,1.0,1.3,0.07347385695178914
four_exp,20,0.0,0.5,88.0,0.4991039322876301,0,1.4,1.0,0,6.0,6.0,9,9,levin_t2,1.4,0.0,0,1.0,0.24374138493247743,1.0,1.4,0.16283926602899937
four_exp,20,0.003,0.5,88.0,0.4991039322876301,0,1.4,1.0,0,4.0,4.0,9,9,rational_fit,1.4,0.0,0,1.0,0.24374138493247743,1.0,1.22,0.16283926602899937
four_exp,20,0.005,0.5,88.0,0.4991039322876301,0,1.4,1.0,0,4.0,4.0,9,9,pade_22,1.4,0.0,0,1.0,0.24374138493247743,1.0,1.2,0.16283926602899937
four_exp,20,0.01,0.5,88.0,0.4991039322876301,0,1.4,1.0,0,4.0,4.0,9,9,pade_22,1.4,0.0,0,1.0,0.24374138493247743,1.0,1.2,0.16283926602899937
four_exp,20,0.02,0.5,88.0,0.4991039322876301,0,1.4,1.0,0,3.0,3.0,9,9,rational_fit,1.4,0.0,0,1.0,0.24374138493247743,1.0,1.2,0.16283926602899937
four_exp,30,0.0,0.5,113.0,0.4981075342175534,0,1.4,1.0,0,6.0,6.0,9,9,levin_t2,1.4,0.0,0,1.0,0.22003654015302251,1.0,1.4,0.13913442124954445
four_exp,30,0.003,0.5,113.0,0.4981075342175534,0,1.4,1.0,0,4.0,4.0,9,9,rational_fit,1.4,0.0,0,1.0,0.22003654015302251,1.0,1.26,0.13913442124954445
four_exp,30,0.005,0.5,113.0,0.4981075342175534,0,1.4,1.0,0,4.0,4.0,9,9,rational_fit,1.4,0.0,0,1.0,0.22003654015302251,1.0,1.22,0.13913442124954445
four_exp,30,0.01,0.5,113.0,0.4981075342175534,0,1.4,1.0,0,4.0,4.0,9,9,pade_22,1.4,0.0,0,1.0,0.22003654015302251,1.0,1.32,0.13913442124954445
four_exp,30,0.02,0.5,113.0,0.4981075342175534,0,1.4,1.0,0,4.0,4.0,9,9,pade_22,1.4,0.0,0,1.02,0.22003654015302251,1.0,1.24,0.13913442124954445
four_exp,40,0.0,0.5,136.0,0.4975004115268818,0,1.4,1.0,0,5.0,5.0,9,9,pade_22,1.4,0.0,0,1.0,0.20366134199795377,1.0,1.4,0.12275922309447569
four_exp,40,0.003,0.5,136.0,0.4975004115268818,0,1.4,1.0,0,4.0,4.0,9,9,rational_fit,1.4,0.0,0,1.0,0.20366134199795377,1.0,1.28,0.12275922309447569
four_exp,40,0.005,0.5,136.0,0.4975004115268818,0,1.4,1.0,0,4.0,4.0,9,9,rational_fit,1.4,0.0,0,1.0,0.20366134199795377,1.0,1.18,0.12275922309447569
four_exp,40,0.01,0.5,136.0,0.4975004115268818,0,1.4,1.0,0,4.0,4.0,9,9,pade_22,1.4,0.0,0,1.02,0.20366134199795377,1.0,1.2,0.12275922309447569
four_exp,40,0.02,0.5,136.0,0.4975004115268818,0,1.4,1.0,0,4.0,4.0,9,9,pade_22,1.4,0.0,0,1.02,0.20366134199795377,1.0,1.18,0.12275922309447569
four_exp,50,0.0,0.5,157.0,0.49842905379862584,0,1.4,1.0,0,5.0,5.0,9,9,pade_22,1.4,0.0,0,1.0,0.19158217916436426,1.0,1.4,0.1106800602608862
four_exp,50,0.003,0.5,157.0,0.49842905379862584,0,1.4,1.0,0,4.0,4.0,9,9,rational_fit,1.4,0.0,0,1.0,0.19158217916436426,1.0,1.22,0.1106800602608862
four_exp,50,0.005,0.5,157.0,0.49842905379862584,0,1.4,1.0,0,4.0,4.0,9,9,rational_fit,1.4,0.0,0,1.02,0.19158217916436426,1.0,1.3,0.1106800602608862
four_exp,50,0.01,0.5,157.0,0.49842905379862584,0,1.4,1.0,0,4.0,4.0,9,9,pade_22,1.4,0.0,0,0.9,0.19158217916436426,1.0,1.26,0.1106800602608862
four_exp,50,0.02,0.5,157.0,0.49842905379862584,0,1.38,1.0,0,4.0,4.0,9,9,pade_22,1.4,0.02,0,0.92,0.19158217916436426,1.0,1.2,0.1106800602608862
four_exp,60,0.0,0.5,177.0,0.498808001386155,0,1.4,1.0,0,5.0,5.0,9,9,pade_22,1.4,0.0,0,1.0,0.18182265820741422,1.0,1.4,0.10092053930393616
four_exp,60,0.003,0.5,177.0,0.498808001386155,0,1.4,1.0,0,4.0,4.0,9,9,rational_fit,1.4,0.0,0,0.9,0.18182265820741422,1.0,1.16,0.10092053930393616
four_exp,60,0.005,0.5,177.0,0.498808001386155,0,1.4,1.0,0,4.0,4.0,9,9,rational_fit,1.4,0.0,0,0.8,0.18182265820741422,1.0,1.2,0.10092053930393616
four_exp,60,0.01,0.5,177.0,0.498808001386155,0,1.4,1.0,0,4.0,4.0,9,9,pade_22,1.4,0.0,0,1.02,0.18182265820741422,1.0,1.24,0.10092053930393616
four_exp,60,0.02,0.5,177.0,0.498808001386155,0,1.4,1.0,0,4.0,4.0,9,9,pade_22,1.4,0.0,0,0.8,0.18182265820741422,1.0,1.16,0.10092053930393616
four_exp,70,0.0,0.5,196.0,0.49881948604081483,0,1.4,1.0,0,5.0,5.0,9,9,pade_22,1.4,0.0,0,0.8,0.1737066459035579,1.0,1.4,0.09280452700007981
four_exp,70,0.003,0.5,196.0,0.49881948604081483,0,1.4,1.0,0,4.0,4.0,9,9,pade_22,1.4,0.0,0,0.8,0.1737066459035579,1.0,1.3,0.09280452700007981
four_exp,70,0.005,0.5,196.0,0.49881948604081483,0,1.4,1.0,0,4.0,4.0,9,9,pade_22,1.4,0.0,0,0.9,0.1737066459035579,1.0,1.2,0.09280452700007981
four_exp,70,0.01,0.5,196.0,0.49881948604081483,0,1.4,1.0,0,4.0,4.0,9,9,pade_22,1.4,0.0,0,0.8,0.1737066459035579,1.0,1.18,0.09280452700007981
four_exp,70,0.02,0.5,196.0,0.49881948604081483,0,1.4,1.0,0,2.0,2.0,9,9,log_linear,1.4,0.0,0,0.9,0.1737066459035579,1.0,1.22,0.09280452700007981
four_exp,80,0.0,0.5,214.0,0.49853587767113466,0,1.4,1.0,0,4.0,4.0,9,9,pade_22,1.4,0.0,0,0.8,0.16682337327198643,1.0,1.4,0.08592125436850835
four_exp,80,0.003,0.5,214.0,0.49853587767113466,0,1.4,1.0,0,4.0,4.0,9,9,pade_22,1.4,0.0,0,0.7,0.16682337327198643,1.0,1.14,0.08592125436850835
four_exp,80,0.005,0.5,214.0,0.49853587767113466,0,1.4,1.0,0,4.0,4.0,9,9,pade_22,1.4,0.0,0,0.72,0.16682337327198643,1.0,1.14,0.08592125436850835
four_exp,80,0.01,0.5,214.0,0.49853587767113466,0,1.4,1.0,0,3.0,3.0,9,9,rational_fit,1.4,0.0,0,0.8,0.16682337327198643,1.0,1.22,0.08592125436850835
four_exp,80,0.02,0.5,214.0,0.49853587767113466,0,1.4,1.0,0,3.0,3.0,9,9,log_linear,1.4,0.0,0,0.82,0.16682337327198643,1.0,1.24,0.08592125436850835
four_exp,90,0.0,0.5,231.0,0.4980680166164721,0,1.4,1.0,0,4.0,4.0,9,9,pade_22,1.4,0.0,0,0.7,0.16090858821431242,1.0,1.4,0.08000646931083435
four_exp,90,0.003,0.5,231.0,0.4980680166164721,0,1.4,1.0,0,4.0,4.0,9,9,pade_22,1.4,0.0,0,0.7,0.16090858821431242,1.0,1.24,0.08000646931083435
four_exp,90,0.005,0.5,231.0,0.4980680166164721,0,1.4,1.0,0,3.0,3.0,9,9,rational_fit,1.4,0.0,0,0.8,0.16090858821431242,1.0,1.18,0.08000646931083435
four_exp,90,0.01,0.5,231.0,0.4980680166164721,0,1.4,1.0,0,2.0,2.0,9,8,log_linear,1.4,0.0,0,0.62,0.16090858821431242,1.0,1.18,0.08000646931083435
four_exp,90,0.02,0.5,231.0,0.4980680166164721,0,1.4,1.0,0,3.0,3.0,9,9,log_linear,1.4,0.0,0,0.74,0.16090858821431242,1.0,1.16,0.08000646931083435
four_exp,100,0.0,0.5,246.0,0.4996368974255254,0,1.4,1.0,0,4.0,4.0,9,9,pade_22,1.4,0.0,0,0.7,0.15609138584968665,1.0,1.4,0.07518926694620859
four_exp,100,0.003,0.5,246.0,0.4996368974255254,0,1.4,1.0,0,4.0,4.0,9,9,pade_22,1.4,0.0,0,0.7,0.15609138584968665,1.0,1.28,0.07518926694620859
four_exp,100,0.005,0.5,246.0,0.4996368974255254,0,1.4,1.0,0,2.0,2.0,9,9,log_linear,1.4,0.0,0,0.7,0.15609138584968665,1.0,1.2,0.07518926694620859
four_exp,100,0.01,0.5,246.0,0.4996368974255254,0,1.4,1.0,0,3.0,3.0,9,8,log_linear,1.4,0.0,0,0.7,0.15609138584968665,1.0,1.14,0.07518926694620859
four_exp,100,0.02,0.5,246.0,0.4996368974255254,0,1.4,1.0,0,2.0,2.0,9,9,log_linear,1.4,0.0,0,0.72,0.15609138584968665,1.0,1.24,0.07518926694620859
four_exp,110,0.0,0.5,261.0,0.49932427443323246,0,1.4,1.0,0,4.0,4.0,9,9,pade_22,1.4,0.0,0,0.7,0.151604120153977,1.0,1.4,0.07070200125049894
four_exp,110,0.003,0.5,261.0,0.49932427443323246,0,1.4,1.0,0,3.0,3.0,9,9,rational_fit,1.4,0.0,0,0.7,0.151604120153977,1.0,1.14,0.07070200125049894
four_exp,110,0.005,0.5,261.0,0.49932427443323246,0,1.4,1.0,0,2.0,2.0,9,9,log_linear,1.4,0.0,0,0.7,0.151604120153977,1.0,1.22,0.07070200125049894
four_exp,110,0.01,0.5,261.0,0.49932427443323246,0,1.4,1.0,0,2.0,2.0,9,9,log_linear,1.4,0.0,0,0.7,0.151604120153977,1.0,1.18,0.07070200125049894
four_exp,110,0.02,0.5,261.0,0.49932427443323246,0,1.4,1.0,0,2.0,2.0,9,9,log_linear,1.4,0.0,0,0.72,0.151604120153977,1.0,1.18,0.07070200125049894
four_exp,120,0.0,0.5,275.0,0.4994269112816189,0,1.4,1.0,0,2.0,2.0,9,9,log_linear,1.4,0.0,0,0.7,0.1476829951709945,1.0,1.4,0.06678087626751644
four_exp,120,0.003,0.5,275.0,0.4994269112816189,0,1.4,1.0,0,2.0,2.0,9,9,log_linear,1.4,0.0,0,0.7,0.1476829951709945,1.0,1.18,0.06678087626751644
four_exp,120,0.005,0.5,275.0,0.4994269112816189,0,1.4,1.0,0,3.0,3.0,9,9,log_linear,1.4,0.0,0,0.7,0.1476829951709945,1.0,1.28,0.06678087626751644
four_exp,120,0.01,0.5,275.0,0.4994269112816189,0,1.4,1.0,0,1.0,1.0,9,9,richardson_1,1.4,0.0,1,0.7,0.1476829951709945,1.0,1.2,0.06678087626751644
four_exp,120,0.02,0.5,275.0,0.4994269112816189,0,1.4,1.0,0,2.0,2.0,9,9,log_linear,1.4,0.0,0,0.84,0.1476829951709945,1.0,1.3,0.06678087626751644
four_exp,130,0.0,0.5,289.0,0.498140782029564,0,1.4,1.0,0,2.0,2.0,9,9,log_linear,1.4,0.0,0,0.7,0.14399627677989452,1.0,1.4,0.06309415787641645
four_exp,130,0.003,0.5,289.0,0.498140782029564,0,1.4,1.0,0,3.0,3.0,9,9,log_linear,1.4,0.0,0,0.6,0.14399627677989452,1.0,1.24,0.06309415787641645
four_exp,130,0.005,0.5,289.0,0.498140782029564,0,1.4,1.0,0,3.0,3.0,9,8,log_linear,1.4,0.0,0,0.6,0.14399627677989452,1.0,1.2,0.06309415787641645
four_exp,130,0.01,0.5,289.0,0.498140782029564,0,1.4,1.0,0,2.0,2.0,9,9,log_linear,1.4,0.0,0,0.7,0.14399627677989452,1.0,1.18,0.06309415787641645
four_exp,130,0.02,0.5,289.0,0.498140782029564,0,1.38,1.0,0,2.0,2.0,9,9,log_linear,1.4,0.02,0,0.4,0.14399627677989452,1.0,1.14,0.06309415787641645
four_exp,140,0.0,0.5,301.0,0.4997135627597521,0,1.4,1.0,0,2.0,2.0,9,9,log_linear,1.4,0.0,0,0.6,0.1410083729189135,1.0,1.4,0.060106254015435415
four_exp,140,0.003,0.5,301.0,0.4997135627597521,0,1.4,1.0,0,2.0,2.0,9,9,log_linear,1.4,0.0,0,0.7,0.1410083729189135,1.0,1.22,0.060106254015435415
four_exp,140,0.005,0.5,301.0,0.4997135627597521,0,1.4,1.0,0,3.0,3.0,9,9,log_linear,1.4,0.0,0,0.5,0.1410083729189135,1.0,1.1,0.060106254015435415
four_exp,140,0.01,0.5,301.0,0.4997135627597521,0,1.4,1.0,0,3.0,3.0,9,9,log_linear,1.4,0.0,0,0.62,0.1410083729189135,1.0,1.16,0.060106254015435415
four_exp,140,0.02,0.5,301.0,0.4997135627597521,0,1.4,1.0,0,2.0,2.0,9,9,log_linear,1.4,0.0,0,0.42,0.1410083729189135,1.0,1.18,0.060106254015435415
heavy_noise_plat,20,0.0,0.5,27.0,0.4965853037914094,0,1.1,1.0,0,4.0,4.0,9,9,rational_fit,1.16,0.06,0,-0.4,0.03969754110844764,1.0,1.14,0.003360275636987487
heavy_noise_plat,20,0.003,0.5,27.0,0.4965853037914094,0,1.28,1.0,0,3.0,3.0,9,9,rational_fit,1.3,0.02,0,-0.18,0.03969754110844764,1.0,1.3,0.003360275636987487
heavy_noise_plat,20,0.005,0.5,27.0,0.4965853037914094,0,1.06,1.0,0,4.0,4.0,9,9,log_linear,1.28,0.22,0,-0.38,0.03969754110844764,1.0,1.16,0.003360275636987487
heavy_noise_plat,20,0.01,0.5,27.0,0.4965853037914094,0,1.06,1.0,0,3.0,4.0,9,9,single_exp_fit,1.2,0.14,0,-0.18,0.03969754110844764,1.0,1.2,0.003360275636987487
heavy_noise_plat,20,0.02,0.5,27.0,0.4965853037914094,0,1.22,1.0,0,1.0,2.0,9,8,richardson_1,1.22,0.0,1,0.28,0.03969754110844764,1.0,1.34,0.003360275636987487
heavy_noise_plat,30,0.0,0.5,37.0,0.49658530379140947,0,0.92,1.0,0,7.0,6.0,9,9,single_exp_fit,1.2,0.28,0,-0.48,0.037573441794977125,1.0,1.18,0.0012361763235169687
heavy_noise_plat,30,0.003,0.5,37.0,0.49658530379140947,0,0.98,1.0,0,5.0,4.0,9,8,anderson_1,1.02,0.04,0,-0.4,0.037573441794977125,1.0,1.32,0.0012361763235169687
heavy_noise_plat,30,0.005,0.5,37.0,0.49658530379140947,0,1.16,1.0,0,2.0,1.0,9,8,single_exp_fit,1.26,0.1,0,-0.2,0.037573441794977125,1.0,1.36,0.0012361763235169687
heavy_noise_plat,30,0.01,0.5,37.0,0.49658530379140947,0,1.22,1.0,0,2.0,2.0,9,8,anderson_1,1.24,0.02,0,0.34,0.037573441794977125,1.0,1.38,0.0012361763235169687
heavy_noise_plat,30,0.02,0.5,37.0,0.49658530379140947,0,1.34,1.0,0,3.0,3.0,9,7,single_exp_fit,1.36,0.02,0,0.28,0.037573441794977125,1.0,1.38,0.0012361763235169687
heavy_noise_plat,40,0.0,0.5,47.0,0.49658530379140947,0,1.0,1.0,0,3.0,3.0,9,8,rational_fit,1.26,0.26,0,-0.28,0.03679202932654495,1.0,1.36,0.00045476385508479156
heavy_noise_plat,40,0.003,0.5,47.0,0.49658530379140947,0,1.3,1.0,0,3.0,3.0,9,8,single_exp_fit,1.38,0.08,0,-0.18,0.03679202932654495,1.0,1.4,0.00045476385508479156
heavy_noise_plat,40,0.005,0.5,47.0,0.49658530379140947,0,1.3,1.0,0,2.0,3.0,9,8,single_exp_fit,1.36,0.06,0,-0.3,0.03679202932654495,1.0,1.4,0.00045476385508479156
heavy_noise_plat,40,0.01,0.5,47.0,0.49658530379140947,0,1.28,1.0,0,1.0,3.0,9,8,richardson_1,1.28,0.0,1,0.02,0.03679202932654495,1.0,1.4,0.00045476385508479156
heavy_noise_plat,40,0.02,0.5,47.0,0.49658530379140947,0,1.1,1.0,0,4.0,1.0,9,7,richardson_a10,1.24,0.14,0,0.16,0.03679202932654495,1.0,1.4,0.00045476385508479156
heavy_noise_plat,50,0.0,0.5,57.0,0.4965853037914094,0,0.96,1.0,0,5.0,5.0,9,8,single_exp_fit,1.32,0.36,0,-0.2,0.03650456374433372,1.0,1.4,0.00016729827287356377
heavy_noise_plat,50,0.003,0.5,57.0,0.4965853037914094,0,1.16,1.0,0,2.0,3.0,9,8,single_exp_fit,1.3,0.14,0,-0.2,0.03650456374433372,1.0,1.4,0.00016729827287356377
heavy_noise_plat,50,0.005,0.5,57.0,0.4965853037914094,0,1.2,1.0,0,3.0,2.0,9,8,rational_fit,1.22,0.02,0,-0.38,0.03650456374433372,1.0,1.4,0.00016729827287356377
heavy_noise_plat,50,0.01,0.5,57.0,0.4965853037914094,0,1.36,1.0,0,1.0,1.0,9,8,richardson_1,1.36,0.0,1,-0.18,0.03650456374433372,1.0,1.28,0.00016729827287356377
heavy_noise_plat,50,0.02,0.5,57.0,0.4965853037914094,0,1.12,1.0,0,2.0,1.0,9,8,rational_fit,1.14,0.02,0,0.02,0.03650456374433372,1.0,1.4,0.00016729827287356377
heavy_noise_plat,60,0.0,0.5,67.0,0.49658530379140947,0,0.86,1.0,0,5.0,2.0,9,8,single_exp_fit,1.12,0.26,0,-0.2,0.03639881106659383,1.0,1.38,6.154559513367464e-05
heavy_noise_plat,60,0.003,0.5,67.0,0.49658530379140947,0,1.3,1.0,0,2.0,2.0,9,8,rational_fit,1.32,0.02,0,-0.18,0.03639881106659383,1.0,1.4,6.154559513367464e-05
heavy_noise_plat,60,0.005,0.5,67.0,0.49658530379140947,0,1.28,1.0,0,2.0,2.0,9,8,single_exp_fit,1.32,0.04,0,-0.3,0.03639881106659383,1.0,1.4,6.154559513367464e-05
heavy_noise_plat,60,0.01,0.5,67.0,0.49658530379140947,0,1.34,1.0,0,1.0,1.0,9,8,richardson_1,1.34,0.0,1,-0.06,0.03639881106659383,1.0,1.4,6.154559513367464e-05
heavy_noise_plat,60,0.02,0.5,67.0,0.49658530379140947,0,1.34,1.0,0,2.0,2.0,9,8,richardson_a10,1.36,0.02,0,0.38,0.03639881106659383,1.0,1.4,6.154559513367464e-05
heavy_noise_plat,70,0.0,0.5,77.0,0.4965853037914094,0,1.2,1.0,0,2.0,2.0,9,8,single_exp_fit,1.22,0.02,0,-0.3,0.0363599068306045,1.0,1.4,2.2641359144339596e-05
heavy_noise_plat,70,0.003,0.5,77.0,0.4965853037914094,0,1.28,1.0,0,3.0,3.0,9,8,richardson_a10,1.3,0.02,0,-0.3,0.0363599068306045,1.0,1.4,2.2641359144339596e-05
heavy_noise_plat,70,0.005,0.5,77.0,0.4965853037914094,0,1.36,1.0,0,4.0,2.0,9,8,richardson_a10,1.4,0.04,0,0.02,0.0363599068306045,1.0,1.4,2.2641359144339596e-05
heavy_noise_plat,70,0.01,0.5,77.0,0.4965853037914094,0,1.22,1.0,0,3.0,2.0,9,7,richardson_a10,1.26,0.04,0,-0.28,0.0363599068306045,1.0,1.4,2.2641359144339596e-05
heavy_noise_plat,70,0.02,0.5,77.0,0.4965853037914094,0,1.3,1.0,0,2.0,2.0,9,8,richardson_a10,1.3,0.0,0,0.16,0.0363599068306045,1.0,1.4,2.2641359144339596e-05
heavy_noise_plat,80,0.0,0.5,87.0,0.49658530379140897,0,0.62,1.0,0,4.0,2.0,9,8,current_value,1.0,0.38,0,-0.48,0.03634559476200954,1.0,1.4,8.329290549381925e-06
heavy_noise_plat,80,0.003,0.5,87.0,0.49658530379140897,0,1.38,1.0,0,2.0,2.0,9,8,richardson_a10,1.4,0.02,0,0.02,0.03634559476200954,1.0,1.4,8.329290549381925e-06
heavy_noise_plat,80,0.005,0.5,87.0,0.49658530379140897,0,1.22,1.0,0,3.0,3.0,9,8,richardson_a10,1.3,0.08,0,0.02,0.03634559476200954,1.0,1.4,8.329290549381925e-06
heavy_noise_plat,80,0.01,0.5,87.0,0.49658530379140897,0,1.1,1.0,0,2.0,1.0,9,8,rational_fit,1.12,0.02,0,-0.38,0.03634559476200954,1.0,1.38,8.329290549381925e-06
heavy_noise_plat,80,0.02,0.5,87.0,0.49658530379140897,0,1.3,1.0,0,3.0,2.0,9,8,single_exp_fit,1.32,0.02,0,0.14,0.03634559476200954,1.0,1.4,8.329290549381925e-06
heavy_noise_plat,90,0.0,0.5,97.0,0.49658530379140886,0,1.24,1.0,0,3.0,4.0,9,8,single_exp_fit,1.32,0.08,0,-0.5,0.03634032964621282,1.0,1.4,3.0641747526607976e-06
heavy_noise_plat,90,0.003,0.5,97.0,0.49658530379140886,0,1.36,1.0,0,4.0,4.0,9,8,single_exp_fit,1.38,0.02,0,-0.4,0.03634032964621282,1.0,1.4,3.0641747526607976e-06
heavy_noise_plat,90,0.005,0.5,97.0,0.49658530379140886,0,1.38,1.0,0,2.0,2.0,9,8,single_exp_fit,1.38,0.0,0,-0.2,0.03634032964621282,1.0,1.4,3.0641747526607976e-06
heavy_noise_plat,90,0.01,0.5,97.0,0.49658530379140886,0,1.38,1.0,0,4.0,4.0,9,7,single_exp_fit,1.4,0.02,0,-0.08,0.03634032964621282,1.0,1.4,3.0641747526607976e-06
heavy_noise_plat,90,0.02,0.5,97.0,0.49658530379140886,0,1.12,1.0,0,4.0,5.0,9,8,single_exp_fit,1.12,0.0,0,0.14,0.03634032964621282,1.0,1.4,3.0641747526607976e-06
heavy_noise_plat,100,0.0,0.5,107.0,0.49658530379140897,0,1.3,1.0,0,2.0,3.0,9,8,single_exp_fit,1.3,0.0,0,-0.38,0.036338392718355816,1.0,1.4,1.1272468956602388e-06
heavy_noise_plat,100,0.003,0.5,107.0,0.49658530379140897,0,1.32,1.0,0,4.0,5.0,9,8,single_exp_fit,1.36,0.04,0,-0.48,0.036338392718355816,1.0,1.4,1.1272468956602388e-06
heavy_noise_plat,100,0.005,0.5,107.0,0.49658530379140897,0,1.36,1.0,0,4.0,3.0,9,8,single_exp_fit,1.38,0.02,0,-0.2,0.036338392718355816,1.0,1.4,1.1272468956602388e-06
heavy_noise_plat,100,0.01,0.5,107.0,0.49658530379140897,0,1.36,1.0,0,3.0,3.0,9,8,richardson_a10,1.38,0.02,0,-0.28,0.036338392718355816,1.0,1.4,1.1272468956602388e-06
heavy_noise_plat,100,0.02,0.5,107.0,0.49658530379140897,0,1.26,1.0,0,4.0,4.0,9,8,richardson_a10,1.36,0.1,0,0.36,0.036338392718355816,1.0,1.4,1.1272468956602388e-06
heavy_noise_plat,110,0.0,0.5,117.0,0.496585303791409,0,1.18,1.0,0,4.0,4.0,9,8,single_exp_fit,1.26,0.08,0,-0.6,0.036337680162418194,1.0,1.4,4.146909580379776e-07
heavy_noise_plat,110,0.003,0.5,117.0,0.496585303791409,0,1.3,1.0,0,5.0,5.0,9,8,single_exp_fit,1.34,0.04,0,-0.28,0.036337680162418194,1.0,1.4,4.146909580379776e-07
heavy_noise_plat,110,0.005,0.5,117.0,0.496585303791409,0,0.9,1.0,0,5.0,5.0,9,8,richardson_a10,1.0,0.1,0,-0.46,0.036337680162418194,1.0,1.4,4.146909580379776e-07
heavy_noise_plat,110,0.01,0.5,117.0,0.496585303791409,0,1.2,1.0,0,4.0,4.0,9,8,rational_fit,1.34,0.14,0,-0.2,0.036337680162418194,1.0,1.4,4.146909580379776e-07
heavy_noise_plat,110,0.02,0.5,117.0,0.496585303791409,0,1.28,1.0,0,3.0,3.0,9,8,single_exp_fit,1.32,0.04,0,0.14,0.036337680162418194,1.0,1.4,4.146909580379776e-07
heavy_noise_plat,120,0.0,0.5,127.0,0.496585303791409,0,1.2,1.0,0,5.0,5.0,9,8,pade_22,1.32,0.12,0,-0.5,0.03633741802773806,1.0,1.4,1.525562779020051e-07
heavy_noise_plat,120,0.003,0.5,127.0,0.496585303791409,0,1.18,1.0,0,5.0,4.0,9,8,pade_22,1.24,0.06,0,-0.46,0.03633741802773806,1.0,1.4,1.525562779020051e-07
heavy_noise_plat,120,0.005,0.5,127.0,0.496585303791409,0,1.3,1.0,0,4.0,4.0,9,8,rational_fit,1.36,0.06,0,-0.08,0.03633741802773806,1.0,1.4,1.525562779020051e-07
heavy_noise_plat,120,0.01,0.5,127.0,0.496585303791409,0,1.28,1.0,0,4.0,4.0,9,8,single_exp_fit,1.3,0.02,0,-0.14,0.03633741802773806,1.0,1.4,1.525562779020051e-07
heavy_noise_plat,120,0.02,0.5,127.0,0.496585303791409,0,1.32,1.0,0,3.0,4.0,9,8,single_exp_fit,1.34,0.02,0,0.24,0.03633741802773806,1.0,1.4,1.525562779020051e-07
heavy_noise_plat,130,0.0,0.5,137.0,0.496585303791409,0,1.3,1.0,0,5.0,3.0,9,8,richardson_a10,1.34,0.04,0,-0.48,0.03633732159377842,1.0,1.4,5.6122318261436765e-08
heavy_noise_plat,130,0.003,0.5,137.0,0.496585303791409,0,1.18,1.0,0,4.0,4.0,9,8,pade_22,1.3,0.12,0,-0.5,0.03633732159377842,1.0,1.4,5.6122318261436765e-08
heavy_noise_plat,130,0.005,0.5,137.0,0.496585303791409,0,1.36,1.0,0,4.0,4.0,9,8,rational_fit,1.38,0.02,0,-0.4,0.03633732159377842,1.0,1.4,5.6122318261436765e-08
heavy_noise_plat,130,0.01,0.5,137.0,0.496585303791409,0,1.18,1.0,0,5.0,5.0,9,8,rational_fit,1.34,0.16,0,-0.04,0.03633732159377842,1.0,1.4,5.6122318261436765e-08
heavy_noise_plat,130,0.02,0.5,137.0,0.496585303791409,0,1.14,1.0,0,5.0,5.0,9,8,rational_fit,1.26,0.12,0,0.34,0.03633732159377842,1.0,1.4,5.6122318261436765e-08
heavy_noise_plat,140,0.0,0.5,147.0,0.49658530379140897,0,1.34,1.0,0,2.0,1.0,9,8,richardson_a10,1.36,0.02,0,-0.4,0.036337286117707236,1.0,1.4,2.064624708003615e-08
heavy_noise_plat,140,0.003,0.5,147.0,0.49658530379140897,0,1.34,1.0,0,4.0,3.0,9,8,single_exp_fit,1.36,0.02,0,-0.28,0.036337286117707236,1.0,1.4,2.064624708003615e-08
heavy_noise_plat,140,0.005,0.5,147.0,0.49658530379140897,0,1.36,1.0,0,5.0,4.0,9,8,single_exp_fit,1.4,0.04,0,-0.18,0.036337286117707236,1.0,1.4,2.064624708003615e-08
heavy_noise_plat,140,0.01,0.5,147.0,0.49658530379140897,0,1.24,1.0,0,3.0,3.0,9,8,single_exp_fit,1.34,0.1,0,0.04,0.036337286117707236,1.0,1.4,2.064624708003615e-08
heavy_noise_plat,140,0.02,0.5,147.0,0.49658530379140897,0,1.24,1.0,0,4.0,5.0,9,7,rational_fit,1.24,0.0,0,0.16,0.036337286117707236,1.0,1.4,2.064624708003615e-08
log_oscillatory,20,0.0,0.5,154.0,0.4933524938550953,0,1.4,1.0,0,4.0,4.0,9,9,log_linear,1.4,0.0,0,1.0,0.1861656830505996,1.0,1.4,0.12993897373680474
log_oscillatory,20,0.003,0.5,154.0,0.4933524938550953,0,1.4,1.0,0,3.0,3.0,9,9,log_linear,1.4,0.0,0,1.0,0.1861656830505996,1.0,1.3,0.12993897373680474
log_oscillatory,20,0.005,0.5,154.0,0.4933524938550953,0,1.4,1.0,0,2.0,2.0,9,9,log_linear,1.4,0.0,0,1.02,0.1861656830505996,1.0,1.34,0.12993897373680474
log_oscillatory,20,0.01,0.5,154.0,0.4933524938550953,0,1.4,1.0,0,3.0,3.0,9,9,log_linear,1.4,0.0,0,1.02,0.1861656830505996,1.0,1.26,0.12993897373680474
log_oscillatory,20,0.02,0.5,154.0,0.4933524938550953,0,1.4,1.0,0,2.0,2.0,9,9,log_linear,1.4,0.0,0,1.0,0.1861656830505996,1.0,1.22,0.12993897373680474
log_oscillatory,30,0.0,0.5,1037.0,0.4994000148738912,0,1.34,1.0,0,4.0,2.0,9,9,single_exp_fit,1.4,0.06,0,0.8,0.14837622909913079,1.0,1.4,0.0921495197853359
log_oscillatory,30,0.003,0.5,1037.0,0.4994000148738912,0,1.36,1.0,0,2.0,2.0,9,9,single_exp_fit,1.4,0.04,0,0.8,0.14837622909913079,1.0,1.22,0.0921495197853359
log_oscillatory,30,0.005,0.5,1037.0,0.4994000148738912,0,1.36,1.0,0,2.0,2.0,9,9,single_exp_fit,1.4,0.04,0,0.8,0.14837622909913079,1.0,1.18,0.0921495197853359
log_oscillatory,30,0.01,0.5,1037.0,0.4994000148738912,0,1.32,1.0,0,2.0,2.0,9,9,single_exp_fit,1.4,0.08,0,0.82,0.14837622909913079,1.0,1.16,0.0921495197853359
log_oscillatory,30,0.02,0.5,1037.0,0.4994000148738912,0,1.36,1.0,0,2.0,2.0,9,9,single_exp_fit,1.38,0.02,0,0.8,0.14837622909913079,1.0,1.14,0.0921495197853359
log_oscillatory,40,0.0,0.5,616.0,0.4996863725295119,0,1.36,1.0,0,6.0,1.0,9,9,anderson_1,1.4,0.04,0,0.8,0.1567453179302824,1.0,1.4,0.10051860861648755
log_oscillatory,40,0.003,0.5,616.0,0.4996863725295119,0,1.36,1.0,0,4.0,1.0,9,9,single_exp_fit,1.4,0.04,0,1.0,0.1567453179302824,1.0,1.16,0.10051860861648755
log_oscillatory,40,0.005,0.5,616.0,0.4996863725295119,0,1.36,1.0,0,3.0,1.0,9,9,single_exp_fit,1.4,0.04,0,0.9,0.1567453179302824,1.0,1.22,0.10051860861648755
log_oscillatory,40,0.01,0.5,616.0,0.4996863725295119,0,1.36,1.0,0,2.0,1.0,9,9,single_exp_fit,1.4,0.04,0,0.82,0.1567453179302824,1.0,1.22,0.10051860861648755
log_oscillatory,40,0.02,0.5,616.0,0.4996863725295119,0,1.34,1.0,0,2.0,1.0,9,9,single_exp_fit,1.4,0.06,0,0.92,0.1567453179302824,1.0,1.2,0.10051860861648755
log_oscillatory,50,0.0,0.5,238.0,0.49806914918578726,0,1.4,1.0,0,2.0,2.0,9,9,rational_fit,1.4,0.0,0,1.0,0.17557350247455772,1.0,1.4,0.11934679316076284
log_oscillatory,50,0.003,0.5,238.0,0.49806914918578726,0,1.4,1.0,0,2.0,2.0,9,9,rational_fit,1.4,0.0,0,1.0,0.17557350247455772,1.0,1.26,0.11934679316076284
log_oscillatory,50,0.005,0.5,238.0,0.49806914918578726,0,1.4,1.0,0,2.0,2.0,9,8,rational_fit,1.4,0.0,0,1.04,0.17557350247455772,1.0,1.26,0.11934679316076284
log_oscillatory,50,0.01,0.5,238.0,0.49806914918578726,0,1.4,1.0,0,2.0,2.0,9,8,rational_fit,1.4,0.0,0,1.0,0.17557350247455772,1.0,1.22,0.11934679316076284
log_oscillatory,50,0.02,0.5,238.0,0.49806914918578726,0,1.4,1.0,0,2.0,2.0,9,8,rational_fit,1.4,0.0,0,0.9,0.17557350247455772,1.0,1.22,0.11934679316076284
log_oscillatory,60,0.0,0.5,490.0,0.49991322709289815,0,1.4,1.0,0,1.0,1.0,9,9,richardson_1,1.4,0.0,1,0.9,0.1608245919411465,1.0,1.4,0.10459788262735163
log_oscillatory,60,0.003,0.5,490.0,0.49991322709289815,0,1.4,1.0,0,1.0,1.0,9,9,richardson_1,1.4,0.0,1,0.9,0.1608245919411465,1.0,1.14,0.10459788262735163
log_oscillatory,60,0.005,0.5,490.0,0.49991322709289815,0,1.4,1.0,0,1.0,1.0,9,9,richardson_1,1.4,0.0,1,0.9,0.1608245919411465,1.0,1.16,0.10459788262735163
log_oscillatory,60,0.01,0.5,490.0,0.49991322709289815,0,1.4,1.0,0,1.0,1.0,9,9,richardson_1,1.4,0.0,1,1.0,0.1608245919411465,1.0,1.14,0.10459788262735163
log_oscillatory,60,0.02,0.5,490.0,0.49991322709289815,0,1.4,1.0,0,1.0,1.0,9,9,richardson_1,1.4,0.0,1,0.94,0.1608245919411465,1.0,1.14,0.10459788262735163
log_oscillatory,70,0.0,0.5,4136.0,0.4999434699666213,0,1.0,1.0,0,7.0,7.0,9,8,anderson_1,1.4,0.4,0,0.8,0.13311459801938647,1.0,1.4,0.0768878887055916
log_oscillatory,70,0.003,0.5,4136.0,0.4999434699666213,0,1.0,1.0,0,7.0,7.0,9,8,log_linear,1.36,0.36,0,0.8,0.13311459801938647,1.0,1.24,0.0768878887055916
log_oscillatory,70,0.005,0.5,4136.0,0.4999434699666213,0,1.0,1.0,0,7.0,7.0,9,8,log_linear,1.36,0.36,0,0.8,0.13311459801938647,1.0,1.22,0.0768878887055916
log_oscillatory,70,0.01,0.5,4136.0,0.4999434699666213,0,1.02,1.0,0,6.0,7.0,9,9,log_linear,1.34,0.32,0,0.82,0.13311459801938647,1.0,1.22,0.0768878887055916
log_oscillatory,70,0.02,0.5,4136.0,0.4999434699666213,0,1.02,1.0,0,6.0,7.0,9,9,log_linear,1.3,0.28,0,0.8,0.13311459801938647,1.0,1.24,0.0768878887055916
log_oscillatory,80,0.0,0.5,2754.0,0.4995309861770634,0,1.4,1.0,0,2.0,2.0,9,9,log_linear,1.4,0.0,0,0.8,0.13702028128931237,1.0,1.4,0.08079357197551752
log_oscillatory,80,0.003,0.5,2754.0,0.4995309861770634,0,1.4,1.0,0,1.0,1.0,9,9,richardson_1,1.4,0.0,1,0.8,0.13702028128931237,1.0,1.18,0.08079357197551752
log_oscillatory,80,0.005,0.5,2754.0,0.4995309861770634,0,1.4,1.0,0,2.0,2.0,9,9,log_linear,1.4,0.0,0,0.8,0.13702028128931237,1.0,1.16,0.08079357197551752
log_oscillatory,80,0.01,0.5,2754.0,0.4995309861770634,0,1.4,1.0,0,1.0,1.0,9,9,richardson_1,1.4,0.0,1,0.84,0.13702028128931237,1.0,1.16,0.08079357197551752
log_oscillatory,80,0.02,0.5,2754.0,0.4995309861770634,0,1.4,1.0,0,2.0,2.0,9,9,log_linear,1.4,0.0,0,0.84,0.13702028128931237,1.0,1.16,0.08079357197551752
log_oscillatory,90,0.0,0.5,533.0,0.49841524754235217,0,1.4,1.0,0,2.0,2.0,9,9,log_linear,1.4,0.0,0,0.9,0.158406736754777,1.0,1.4,0.10218002744098212
log_oscillatory,90,0.003,0.5,533.0,0.49841524754235217,0,1.4,1.0,0,2.0,2.0,9,9,log_linear,1.4,0.0,0,0.9,0.158406736754777,1.0,1.2,0.10218002744098212
log_oscillatory,90,0.005,0.5,533.0,0.49841524754235217,0,1.4,1.0,0,2.0,2.0,9,9,log_linear,1.4,0.0,0,0.9,0.158406736754777,1.0,1.3,0.10218002744098212
log_oscillatory,90,0.01,0.5,533.0,0.49841524754235217,0,1.4,1.0,0,2.0,2.0,9,9,log_linear,1.4,0.0,0,0.82,0.158406736754777,1.0,1.26,0.10218002744098212
log_oscillatory,90,0.02,0.5,533.0,0.49841524754235217,0,1.4,1.0,0,2.0,2.0,9,9,log_linear,1.4,0.0,0,0.94,0.158406736754777,1.0,1.24,0.10218002744098212
log_oscillatory,100,0.0,0.5,742.0,0.4990262699787195,0,1.4,1.0,0,4.0,4.0,9,9,log_linear,1.4,0.0,0,0.8,0.15362387973463482,1.0,1.4,0.09739717042083995
log_oscillatory,100,0.003,0.5,742.0,0.4990262699787195,0,1.4,1.0,0,4.0,4.0,9,9,log_linear,1.4,0.0,0,0.9,0.15362387973463482,1.0,1.26,0.09739717042083995
log_oscillatory,100,0.005,0.5,742.0,0.4990262699787195,0,1.4,1.0,0,4.0,4.0,9,9,log_linear,1.4,0.0,0,0.8,0.15362387973463482,1.0,1.18,0.09739717042083995
log_oscillatory,100,0.01,0.5,742.0,0.4990262699787195,0,1.4,1.0,0,4.0,4.0,9,9,log_linear,1.4,0.0,0,0.92,0.15362387973463482,1.0,1.2,0.09739717042083995
log_oscillatory,100,0.02,0.5,742.0,0.4990262699787195,0,1.38,1.0,0,4.0,4.0,9,9,log_linear,1.4,0.02,0,1.02,0.15362387973463482,1.0,1.24,0.09739717042083995
log_oscillatory,110,0.0,0.5,6775.0,0.4998083403083754,0,1.4,1.0,0,5.0,5.0,9,9,log_linear,1.4,0.0,0,0.8,0.1288052358471522,1.0,1.4,0.07257852653335732
log_oscillatory,110,0.003,0.5,6775.0,0.4998083403083754,0,1.4,1.0,0,4.0,4.0,9,9,log_linear,1.4,0.0,0,0.8,0.1288052358471522,1.0,1.16,0.07257852653335732
log_oscillatory,110,0.005,0.5,6775.0,0.4998083403083754,0,1.36,1.0,0,4.0,4.0,9,9,rational_fit,1.4,0.04,0,0.8,0.1288052358471522,1.0,1.18,0.07257852653335732
log_oscillatory,110,0.01,0.5,6775.0,0.4998083403083754,0,1.3,1.0,0,4.0,4.0,9,9,log_linear,1.38,0.08,0,0.8,0.1288052358471522,1.0,1.2,0.07257852653335732
log_oscillatory,110,0.02,0.5,6775.0,0.4998083403083754,0,1.24,1.0,0,4.0,4.0,9,9,log_linear,1.36,0.12,0,0.74,0.1288052358471522,1.0,1.2,0.07257852653335732
log_oscillatory,120,0.0,0.5,8618.0,0.4999409445774135,0,1.4,1.0,0,1.0,1.0,9,9,richardson_1,1.4,0.0,1,0.8,0.12688960959610335,1.0,1.4,0.07066290028230846
log_oscillatory,120,0.003,0.5,8618.0,0.4999409445774135,0,1.4,1.0,0,1.0,1.0,9,9,richardson_1,1.4,0.0,1,0.8,0.12688960959610335,1.0,1.2,0.07066290028230846
log_oscillatory,120,0.005,0.5,8618.0,0.4999409445774135,0,1.4,1.0,0,2.0,2.0,9,9,log_linear,1.4,0.0,0,0.84,0.12688960959610335,1.0,1.24,0.07066290028230846
log_oscillatory,120,0.01,0.5,8618.0,0.4999409445774135,0,1.4,1.0,0,1.0,1.0,9,9,richardson_1,1.4,0.0,1,0.82,0.12688960959610335,1.0,1.18,0.07066290028230846
log_oscillatory,120,0.02,0.5,8618.0,0.4999409445774135,0,1.26,1.0,0,1.0,2.0,9,9,richardson_1,1.26,0.0,1,0.72,0.12688960959610335,1.0,1.12,0.07066290028230846
log_oscillatory,130,0.0,0.5,1078.0,0.499876920190617,0,1.4,1.0,0,2.0,2.0,9,9,log_linear,1.4,0.0,0,0.8,0.14794353119174058,1.0,1.4,0.09171682187794572
log_oscillatory,130,0.003,0.5,1078.0,0.499876920190617,0,1.4,1.0,0,2.0,2.0,9,9,log_linear,1.4,0.0,0,0.8,0.14794353119174058,1.0,1.18,0.09171682187794572
log_oscillatory,130,0.005,0.5,1078.0,0.499876920190617,0,1.4,1.0,0,2.0,2.0,9,9,log_linear,1.4,0.0,0,0.82,0.14794353119174058,1.0,1.28,0.09171682187794572
log_oscillatory,130,0.01,0.5,1078.0,0.499876920190617,0,1.4,1.0,0,2.0,2.0,9,9,log_linear,1.4,0.0,0,0.8,0.14794353119174058,1.0,1.14,0.09171682187794572
log_oscillatory,130,0.02,0.5,1078.0,0.499876920190617,0,1.4,1.0,0,2.0,2.0,9,9,log_linear,1.4,0.0,0,0.84,0.14794353119174058,1.0,1.24,0.09171682187794572
log_oscillatory,140,0.0,0.5,911.0,0.4986916604528779,0,1.4,1.0,0,4.0,4.0,9,9,log_linear,1.4,0.0,0,0.8,0.15010346718161288,1.0,1.4,0.09387675786781799
log_oscillatory,140,0.003,0.5,911.0,0.4986916604528779,0,1.4,1.0,0,4.0,4.0,9,9,log_linear,1.4,0.0,0,0.8,0.15010346718161288,1.0,1.28,0.09387675786781799
log_oscillatory,140,0.005,0.5,911.0,0.4986916604528779,0,1.4,1.0,0,4.0,4.0,9,9,log_linear,1.4,0.0,0,0.8,0.15010346718161288,1.0,1.22,0.09387675786781799
log_oscillatory,140,0.01,0.5,911.0,0.4986916604528779,0,1.4,1.0,0,4.0,4.0,9,9,log_linear,1.4,0.0,0,0.9,0.15010346718161288,1.0,1.18,0.09387675786781799
log_oscillatory,140,0.02,0.5,911.0,0.4986916604528779,0,1.4,1.0,0,4.0,4.0,9,9,log_linear,1.4,0.0,0,0.7,0.15010346718161288,1.0,1.2,0.09387675786781799
log_slow,20,0.0,0.5,514.0,0.4999073323344191,0,1.4,1.0,0,2.0,2.0,9,9,pade_22,1.4,0.0,0,1.0,0.15687102554922244,1.0,1.4,0.1280512652406803
log_slow,20,0.003,0.5,514.0,0.4999073323344191,0,1.4,1.0,0,1.0,1.0,9,9,richardson_1,1.4,0.0,1,1.0,0.15687102554922244,1.0,1.22,0.1280512652406803
log_slow,20,0.005,0.5,514.0,0.4999073323344191,0,1.4,1.0,0,1.0,1.0,9,9,richardson_1,1.4,0.0,1,0.9,0.15687102554922244,1.0,1.12,0.1280512652406803
log_slow,20,0.01,0.5,514.0,0.4999073323344191,0,1.4,1.0,0,1.0,1.0,9,9,richardson_1,1.4,0.0,1,0.92,0.15687102554922244,1.0,1.14,0.1280512652406803
log_slow,20,0.02,0.5,514.0,0.4999073323344191,0,1.38,1.0,0,3.0,2.0,9,9,pade_22,1.4,0.02,0,1.04,0.15687102554922244,1.0,1.14,0.1280512652406803
log_slow,30,0.0,0.5,1068.0,0.4999844471743047,0,1.4,1.0,0,2.0,2.0,9,9,pade_22,1.4,0.0,0,0.9,0.14349726219190662,1.0,1.4,0.11467750188336445
log_slow,30,0.003,0.5,1068.0,0.4999844471743047,0,1.4,1.0,0,1.0,1.0,9,9,richardson_1,1.4,0.0,1,0.9,0.14349726219190662,1.0,1.18,0.11467750188336445
log_slow,30,0.005,0.5,1068.0,0.4999844471743047,0,1.4,1.0,0,1.0,1.0,9,9,richardson_1,1.4,0.0,1,1.0,0.14349726219190662,1.0,1.18,0.11467750188336445
log_slow,30,0.01,0.5,1068.0,0.4999844471743047,0,1.4,1.0,0,1.0,1.0,9,9,richardson_1,1.4,0.0,1,0.92,0.14349726219190662,1.0,1.2,0.11467750188336445
log_slow,30,0.02,0.5,1068.0,0.4999844471743047,0,1.36,1.0,0,3.0,2.0,9,9,pade_22,1.4,0.04,0,0.92,0.14349726219190662,1.0,1.1,0.11467750188336445
log_slow,40,0.0,0.5,1823.0,0.49996838642647734,0,1.4,1.0,0,2.0,2.0,9,9,pade_22,1.4,0.0,0,0.9,0.13534824152935523,1.0,1.4,0.10652848122081308
log_slow,40,0.003,0.5,1823.0,0.49996838642647734,0,1.4,1.0,0,1.0,1.0,9,9,richardson_1,1.4,0.0,1,0.9,0.13534824152935523,1.0,1.2,0.10652848122081308
log_slow,40,0.005,0.5,1823.0,0.49996838642647734,0,1.4,1.0,0,1.0,1.0,9,9,richardson_1,1.4,0.0,1,0.92,0.13534824152935523,1.0,1.16,0.10652848122081308
log_slow,40,0.01,0.5,1823.0,0.49996838642647734,0,1.4,1.0,0,1.0,1.0,9,9,richardson_1,1.4,0.0,1,0.94,0.13534824152935523,1.0,1.22,0.10652848122081308
log_slow,40,0.02,0.5,1823.0,0.49996838642647734,0,1.36,1.0,0,3.0,2.0,9,9,pade_22,1.4,0.04,0,0.94,0.13534824152935523,1.0,1.16,0.10652848122081308
log_slow,50,0.0,0.5,2777.0,0.4999886340868678,0,1.4,1.0,0,2.0,2.0,9,9,pade_22,1.4,0.0,0,0.9,0.1297011501151095,1.0,1.4,0.10088138980656734
log_slow,50,0.003,0.5,2777.0,0.4999886340868678,0,1.4,1.0,0,1.0,1.0,9,9,richardson_1,1.4,0.0,1,0.9,0.1297011501151095,1.0,1.2,0.10088138980656734
log_slow,50,0.005,0.5,2777.0,0.4999886340868678,0,1.4,1.0,0,1.0,1.0,9,9,richardson_1,1.4,0.0,1,0.9,0.1297011501151095,1.0,1.24,0.10088138980656734
log_slow,50,0.01,0.5,2777.0,0.4999886340868678,0,1.4,1.0,0,1.0,1.0,9,9,richardson_1,1.4,0.0,1,0.94,0.1297011501151095,1.0,1.2,0.10088138980656734
log_slow,50,0.02,0.5,2777.0,0.4999886340868678,0,1.4,1.0,0,2.0,2.0,9,9,pade_22,1.4,0.0,0,0.92,0.1297011501151095,1.0,1.2,0.10088138980656734
log_slow,60,0.0,0.5,3931.0,0.4999979206752285,0,1.4,1.0,0,1.0,1.0,9,9,richardson_1,1.4,0.0,1,0.9,0.12546916250357248,1.0,1.4,0.09664940219503035
log_slow,60,0.003,0.5,3931.0,0.4999979206752285,0,1.4,1.0,0,1.0,1.0,9,9,richardson_1,1.4,0.0,1,0.9,0.12546916250357248,1.0,1.2,0.09664940219503035
log_slow,60,0.005,0.5,3931.0,0.4999979206752285,0,1.4,1.0,0,1.0,1.0,9,9,richardson_1,1.4,0.0,1,0.9,0.12546916250357248,1.0,1.18,0.09664940219503035
log_slow,60,0.01,0.5,3931.0,0.4999979206752285,0,1.4,1.0,0,1.0,1.0,9,9,richardson_1,1.4,0.0,1,0.96,0.12546916250357248,1.0,1.14,0.09664940219503035
log_slow,60,0.02,0.5,3931.0,0.4999979206752285,0,1.4,1.0,0,2.0,2.0,9,9,pade_22,1.4,0.0,0,0.94,0.12546916250357248,1.0,1.16,0.09664940219503035
log_slow,70,0.0,0.5,5286.0,0.4999915108850528,0,1.4,1.0,0,1.0,1.0,9,9,richardson_1,1.4,0.0,1,0.9,0.1221323806770459,1.0,1.4,0.09331262036850375
log_slow,70,0.003,0.5,5286.0,0.4999915108850528,0,1.4,1.0,0,1.0,1.0,9,9,richardson_1,1.4,0.0,1,0.9,0.1221323806770459,1.0,1.24,0.09331262036850375
log_slow,70,0.005,0.5,5286.0,0.4999915108850528,0,1.4,1.0,0,1.0,1.0,9,9,richardson_1,1.4,0.0,1,0.9,0.1221323806770459,1.0,1.22,0.09331262036850375
log_slow,70,0.01,0.5,5286.0,0.4999915108850528,0,1.4,1.0,0,1.0,1.0,9,9,richardson_1,1.4,0.0,1,0.94,0.1221323806770459,1.0,1.16,0.09331262036850375
log_slow,70,0.02,0.5,5286.0,0.4999915108850528,0,1.4,1.0,0,1.0,1.0,9,9,richardson_1,1.4,0.0,1,0.9,0.1221323806770459,1.0,1.24,0.09331262036850375
log_slow,80,0.0,0.5,6840.0,0.499996655958008,0,1.4,1.0,0,1.0,1.0,9,9,richardson_1,1.4,0.0,1,0.9,0.11941033946341661,1.0,1.4,0.09059057915487446
log_slow,80,0.003,0.5,6840.0,0.499996655958008,0,1.4,1.0,0,1.0,1.0,9,9,richardson_1,1.4,0.0,1,0.9,0.11941033946341661,1.0,1.2,0.09059057915487446
log_slow,80,0.005,0.5,6840.0,0.499996655958008,0,1.4,1.0,0,1.0,2.0,9,9,richardson_1,1.4,0.0,1,0.9,0.11941033946341661,1.0,1.22,0.09059057915487446
log_slow,80,0.01,0.5,6840.0,0.499996655958008,0,1.4,1.0,0,1.0,1.0,9,9,richardson_1,1.4,0.0,1,0.9,0.11941033946341661,1.0,1.16,0.09059057915487446
log_slow,80,0.02,0.5,6840.0,0.499996655958008,0,1.36,1.0,0,1.0,1.0,9,9,richardson_1,1.36,0.0,1,0.86,0.11941033946341661,1.0,1.16,0.09059057915487446
log_slow,90,0.0,0.5,8594.0,0.49999975284240333,0,1.4,1.0,0,1.0,1.0,9,9,richardson_1,1.4,0.0,1,0.9,0.11712840435591404,1.0,1.4,0.08830864404737189
log_slow,90,0.003,0.5,8594.0,0.49999975284240333,0,1.4,1.0,0,2.0,2.0,9,9,pade_22,1.4,0.0,0,0.9,0.11712840435591404,1.0,1.22,0.08830864404737189
log_slow,90,0.005,0.5,8594.0,0.49999975284240333,0,1.38,1.0,0,4.0,2.0,9,9,rational_fit,1.4,0.02,0,0.9,0.11712840435591404,1.0,1.1,0.08830864404737189
log_slow,90,0.01,0.5,8594.0,0.49999975284240333,0,1.38,1.0,0,2.0,2.0,9,9,richardson_a10,1.4,0.02,0,0.9,0.11712840435591404,1.0,1.2,0.08830864404737189
log_slow,90,0.02,0.5,8594.0,0.49999975284240333,0,1.32,1.0,0,4.0,2.0,9,9,log_linear,1.36,0.04,0,0.96,0.11712840435591404,1.0,1.16,0.08830864404737189
log_slow,100,0.0,0.5,10549.0,0.4999965582066523,0,1.4,1.0,0,1.0,1.0,9,9,richardson_1,1.4,0.0,1,0.9,0.11517513603312504,1.0,1.4,0.08635537572458289
log_slow,100,0.003,0.5,10549.0,0.4999965582066523,0,1.4,1.0,0,1.0,1.0,9,9,richardson_1,1.4,0.0,1,0.9,0.11517513603312504,1.0,1.24,0.08635537572458289
log_slow,100,0.005,0.5,10549.0,0.4999965582066523,0,1.4,1.0,0,1.0,1.0,9,9,richardson_1,1.4,0.0,1,0.9,0.11517513603312504,1.0,1.22,0.08635537572458289
log_slow,100,0.01,0.5,10549.0,0.4999965582066523,0,1.4,1.0,0,2.0,2.0,9,9,log_linear,1.4,0.0,0,0.9,0.11517513603312504,1.0,1.22,0.08635537572458289
log_slow,100,0.02,0.5,10549.0,0.4999965582066523,0,1.4,1.0,0,1.0,2.0,9,9,richardson_1,1.4,0.0,1,1.02,0.11517513603312504,1.0,1.16,0.08635537572458289
log_slow,110,0.0,0.5,12703.0,0.4999987205967109,0,1.4,1.0,0,1.0,1.0,9,9,richardson_1,1.4,0.0,1,0.9,0.11347757010693998,1.0,1.4,0.08465780979839783
log_slow,110,0.003,0.5,12703.0,0.4999987205967109,0,1.4,1.0,0,1.0,1.0,9,9,richardson_1,1.4,0.0,1,0.9,0.11347757010693998,1.0,1.2,0.08465780979839783
log_slow,110,0.005,0.5,12703.0,0.4999987205967109,0,1.36,1.0,0,5.0,2.0,9,9,richardson_a10,1.4,0.04,0,0.9,0.11347757010693998,1.0,1.18,0.08465780979839783
log_slow,110,0.01,0.5,12703.0,0.4999987205967109,0,1.38,1.0,0,2.0,3.0,9,9,richardson_a10,1.4,0.02,0,0.92,0.11347757010693998,1.0,1.2,0.08465780979839783
log_slow,110,0.02,0.5,12703.0,0.4999987205967109,0,1.36,1.0,0,2.0,2.0,9,9,richardson_a10,1.38,0.02,0,1.0,0.11347757010693998,1.0,1.26,0.08465780979839783
log_slow,120,0.0,0.5,15058.0,0.4999967503976527,0,1.4,1.0,0,1.0,1.0,9,9,richardson_1,1.4,0.0,1,0.9,0.11198118170279711,1.0,1.4,0.08316142139425496
log_slow,120,0.003,0.5,15058.0,0.4999967503976527,0,1.4,1.0,0,1.0,1.0,9,9,richardson_1,1.4,0.0,1,0.9,0.11198118170279711,1.0,1.14,0.08316142139425496
log_slow,120,0.005,0.5,15058.0,0.4999967503976527,0,1.4,1.0,0,2.0,3.0,9,9,log_linear,1.4,0.0,0,0.9,0.11198118170279711,1.0,1.2,0.08316142139425496
log_slow,120,0.01,0.5,15058.0,0.4999967503976527,0,1.38,1.0,0,2.0,2.0,9,9,log_linear,1.38,0.0,0,0.9,0.11198118170279711,1.0,1.2,0.08316142139425496
log_slow,120,0.02,0.5,15058.0,0.4999967503976527,0,1.38,1.0,0,2.0,2.0,9,9,richardson_a10,1.4,0.02,0,0.96,0.11198118170279711,1.0,1.24,0.08316142139425496
log_slow,130,0.0,0.5,17612.0,0.4999983277412786,0,1.4,1.0,0,1.0,1.0,9,9,richardson_1,1.4,0.0,1,0.9,0.11064871855597762,1.0,1.4,0.08182895824743547
log_slow,130,0.003,0.5,17612.0,0.4999983277412786,0,1.4,1.0,0,2.0,2.0,9,9,log_linear,1.4,0.0,0,0.9,0.11064871855597762,1.0,1.22,0.08182895824743547
log_slow,130,0.005,0.5,17612.0,0.4999983277412786,0,1.4,1.0,0,2.0,2.0,9,9,log_linear,1.4,0.0,0,0.9,0.11064871855597762,1.0,1.24,0.08182895824743547
log_slow,130,0.01,0.5,17612.0,0.4999983277412786,0,1.4,1.0,0,2.0,2.0,9,9,log_linear,1.4,0.0,0,0.9,0.11064871855597762,1.0,1.16,0.08182895824743547
log_slow,130,0.02,0.5,17612.0,0.4999983277412786,0,1.36,1.0,0,2.0,2.0,9,9,log_linear,1.38,0.02,0,1.06,0.11064871855597762,1.0,1.22,0.08182895824743547
log_slow,140,0.0,0.5,20366.0,0.4999994796594036,0,1.4,1.0,0,1.0,1.0,9,9,richardson_1,1.4,0.0,1,0.9,0.10945065200055945,1.0,1.4,0.0806308916920173
log_slow,140,0.003,0.5,20366.0,0.4999994796594036,0,1.4,1.0,0,3.0,3.0,9,9,log_linear,1.4,0.0,0,0.9,0.10945065200055945,1.0,1.3,0.0806308916920173
log_slow,140,0.005,0.5,20366.0,0.4999994796594036,0,1.4,1.0,0,1.0,2.0,9,9,richardson_1,1.4,0.0,1,0.9,0.10945065200055945,1.0,1.22,0.0806308916920173
log_slow,140,0.01,0.5,20366.0,0.4999994796594036,0,1.4,1.0,0,2.0,2.0,9,9,log_linear,1.4,0.0,0,0.92,0.10945065200055945,1.0,1.24,0.0806308916920173
log_slow,140,0.02,0.5,20366.0,0.4999994796594036,0,1.34,1.0,0,2.0,1.0,9,9,richardson_a10,1.38,0.04,0,0.96,0.10945065200055945,1.0,1.14,0.0806308916920173
mixed_pow_rat,20,0.0,0.5,89.0,0.49764878057885203,0,1.4,1.0,0,5.0,5.0,9,9,levin_t2,1.4,0.0,0,1.0,0.20198114308739923,1.0,1.4,0.15007737120032658
mixed_pow_rat,20,0.003,0.5,89.0,0.49764878057885203,0,1.4,1.0,0,2.0,2.0,9,9,log_linear,1.4,0.0,0,1.0,0.20198114308739923,1.0,1.24,0.15007737120032658
mixed_pow_rat,20,0.005,0.5,89.0,0.49764878057885203,0,1.4,1.0,0,2.0,2.0,9,9,log_linear,1.4,0.0,0,1.0,0.20198114308739923,1.0,1.34,0.15007737120032658
mixed_pow_rat,20,0.01,0.5,89.0,0.49764878057885203,0,1.4,1.0,0,2.0,2.0,9,9,log_linear,1.4,0.0,0,1.04,0.20198114308739923,1.0,1.22,0.15007737120032658
mixed_pow_rat,20,0.02,0.5,89.0,0.49764878057885203,0,1.4,1.0,0,2.0,3.0,9,9,log_linear,1.4,0.0,0,1.06,0.20198114308739923,1.0,1.18,0.15007737120032658
mixed_pow_rat,30,0.0,0.5,113.0,0.49929402881331314,0,1.4,1.0,0,5.0,5.0,9,9,pade_22,1.4,0.0,0,1.0,0.181391744227641,1.0,1.4,0.12948797234056836
mixed_pow_rat,30,0.003,0.5,113.0,0.49929402881331314,0,1.4,1.0,0,2.0,2.0,9,9,log_linear,1.4,0.0,0,1.0,0.181391744227641,1.0,1.2,0.12948797234056836
mixed_pow_rat,30,0.005,0.5,113.0,0.49929402881331314,0,1.4,1.0,0,2.0,2.0,9,9,log_linear,1.4,0.0,0,1.0,0.181391744227641,1.0,1.22,0.12948797234056836
mixed_pow_rat,30,0.01,0.5,113.0,0.49929402881331314,0,1.4,1.0,0,3.0,3.0,9,9,log_linear,1.4,0.0,0,1.02,0.181391744227641,1.0,1.2,0.12948797234056836
mixed_pow_rat,30,0.02,0.5,113.0,0.49929402881331314,0,1.4,1.0,0,3.0,3.0,9,9,pade_22,1.4,0.0,0,1.08,0.181391744227641,1.0,1.2,0.12948797234056836
mixed_pow_rat,40,0.0,0.5,137.0,0.4986736239175908,0,1.4,1.0,0,4.0,4.0,9,9,pade_22,1.4,0.0,0,1.0,0.1661679368607381,1.0,1.4,0.11426416497366544
mixed_pow_rat,40,0.003,0.5,137.0,0.4986736239175908,0,1.4,1.0,0,2.0,2.0,9,9,log_linear,1.4,0.0,0,0.9,0.1661679368607381,1.0,1.22,0.11426416497366544
mixed_pow_rat,40,0.005,0.5,137.0,0.4986736239175908,0,1.4,1.0,0,2.0,2.0,9,9,log_linear,1.4,0.0,0,1.0,0.1661679368607381,1.0,1.26,0.11426416497366544
mixed_pow_rat,40,0.01,0.5,137.0,0.4986736239175908,0,1.4,1.0,0,4.0,4.0,9,9,pade_22,1.4,0.0,0,0.94,0.1661679368607381,1.0,1.2,0.11426416497366544
mixed_pow_rat,40,0.02,0.5,137.0,0.4986736239175908,0,1.4,1.0,0,2.0,3.0,9,9,log_linear,1.4,0.0,0,0.86,0.1661679368607381,1.0,1.18,0.11426416497366544
mixed_pow_rat,50,0.0,0.5,160.0,0.4997446061108992,0,1.4,1.0,0,5.0,5.0,9,9,pade_22,1.4,0.0,0,0.9,0.1548567595652081,1.0,1.4,0.10295298767813546
mixed_pow_rat,50,0.003,0.5,160.0,0.4997446061108992,0,1.4,1.0,0,3.0,3.0,9,9,log_linear,1.4,0.0,0,0.9,0.1548567595652081,1.0,1.16,0.10295298767813546
mixed_pow_rat,50,0.005,0.5,160.0,0.4997446061108992,0,1.4,1.0,0,4.0,4.0,9,9,log_linear,1.4,0.0,0,0.92,0.1548567595652081,1.0,1.2,0.10295298767813546
mixed_pow_rat,50,0.01,0.5,160.0,0.4997446061108992,0,1.4,1.0,0,4.0,4.0,9,9,log_linear,1.4,0.0,0,0.9,0.1548567595652081,1.0,1.18,0.10295298767813546
mixed_pow_rat,50,0.02,0.5,160.0,0.4997446061108992,0,1.38,1.0,0,4.0,4.0,9,9,pade_22,1.4,0.02,0,0.84,0.1548567595652081,1.0,1.22,0.10295298767813546
mixed_pow_rat,60,0.0,0.5,184.0,0.4985177120640267,0,1.4,1.0,0,5.0,5.0,9,9,pade_22,1.4,0.0,0,0.9,0.1454149208733891,1.0,1.4,0.09351114898631642
mixed_pow_rat,60,0.003,0.5,184.0,0.4985177120640267,0,1.4,1.0,0,3.0,3.0,9,9,log_linear,1.4,0.0,0,0.92,0.1454149208733891,1.0,1.32,0.09351114898631642
mixed_pow_rat,60,0.005,0.5,184.0,0.4985177120640267,0,1.4,1.0,0,4.0,4.0,9,9,log_linear,1.4,0.0,0,0.9,0.1454149208733891,1.0,1.22,0.09351114898631642
mixed_pow_rat,60,0.01,0.5,184.0,0.4985177120640267,0,1.4,1.0,0,4.0,4.0,9,9,pade_22,1.4,0.0,0,0.82,0.1454149208733891,1.0,1.14,0.09351114898631642
mixed_pow_rat,60,0.02,0.5,184.0,0.4985177120640267,0,1.4,1.0,0,4.0,4.0,9,9,pade_22,1.4,0.0,0,0.92,0.1454149208733891,1.0,1.14,0.09351114898631642
mixed_pow_rat,70,0.0,0.5,207.0,0.49921804599326425,0,1.4,1.0,0,5.0,5.0,9,9,pade_22,1.4,0.0,0,0.8,0.13800454045319793,1.0,1.4,0.08610076856612528
mixed_pow_rat,70,0.003,0.5,207.0,0.49921804599326425,0,1.4,1.0,0,4.0,4.0,9,9,rational_fit,1.4,0.0,0,0.8,0.13800454045319793,1.0,1.16,0.08610076856612528
mixed_pow_rat,70,0.005,0.5,207.0,0.49921804599326425,0,1.4,1.0,0,4.0,4.0,9,9,pade_22,1.4,0.0,0,0.92,0.13800454045319793,1.0,1.28,0.08610076856612528
mixed_pow_rat,70,0.01,0.5,207.0,0.49921804599326425,0,1.4,1.0,0,3.0,3.0,9,9,rational_fit,1.4,0.0,0,0.82,0.13800454045319793,1.0,1.18,0.08610076856612528
mixed_pow_rat,70,0.02,0.5,207.0,0.49921804599326425,0,1.4,1.0,0,3.0,3.0,9,8,log_linear,1.4,0.0,0,0.78,0.13800454045319793,1.0,1.28,0.08610076856612528
mixed_pow_rat,80,0.0,0.5,230.0,0.49984337300903,0,1.4,1.0,0,5.0,5.0,9,9,pade_22,1.4,0.0,0,0.8,0.13179326825689197,1.0,1.4,0.07988949636981932
mixed_pow_rat,80,0.003,0.5,230.0,0.49984337300903,0,1.4,1.0,0,4.0,4.0,9,9,pade_22,1.4,0.0,0,0.82,0.13179326825689197,1.0,1.26,0.07988949636981932
mixed_pow_rat,80,0.005,0.5,230.0,0.49984337300903,0,1.4,1.0,0,4.0,4.0,9,9,rational_fit,1.4,0.0,0,0.82,0.13179326825689197,1.0,1.14,0.07988949636981932
mixed_pow_rat,80,0.01,0.5,230.0,0.49984337300903,0,1.4,1.0,0,3.0,3.0,9,9,rational_fit,1.4,0.0,0,0.96,0.13179326825689197,1.0,1.2,0.07988949636981932
mixed_pow_rat,80,0.02,0.5,230.0,0.49984337300903,0,1.4,1.0,0,2.0,2.0,9,8,log_linear,1.4,0.0,0,0.84,0.13179326825689197,1.0,1.2,0.07988949636981932
mixed_pow_rat,90,0.0,0.5,254.0,0.4990202976120709,0,1.4,1.0,0,5.0,5.0,9,9,pade_22,1.4,0.0,0,0.8,0.12629484879363653,1.0,1.4,0.07439107690656388
mixed_pow_rat,90,0.003,0.5,254.0,0.4990202976120709,0,1.4,1.0,0,4.0,4.0,9,9,rational_fit,1.4,0.0,0,0.8,0.12629484879363653,1.0,1.3,0.07439107690656388
mixed_pow_rat,90,0.005,0.5,254.0,0.4990202976120709,0,1.4,1.0,0,3.0,3.0,9,9,rational_fit,1.4,0.0,0,0.8,0.12629484879363653,1.0,1.22,0.07439107690656388
mixed_pow_rat,90,0.01,0.5,254.0,0.4990202976120709,0,1.4,1.0,0,3.0,3.0,9,8,rational_fit,1.4,0.0,0,0.84,0.12629484879363653,1.0,1.22,0.07439107690656388
mixed_pow_rat,90,0.02,0.5,254.0,0.4990202976120709,0,1.4,1.0,0,2.0,2.0,9,9,log_linear,1.4,0.0,0,0.92,0.12629484879363653,1.0,1.24,0.07439107690656388
mixed_pow_rat,100,0.0,0.5,277.0,0.49972261800877116,0,1.4,1.0,0,4.0,4.0,9,9,pade_22,1.4,0.0,0,0.8,0.12176573727626286,1.0,1.4,0.0698619653891902
mixed_pow_rat,100,0.003,0.5,277.0,0.49972261800877116,0,1.4,1.0,0,4.0,4.0,9,9,rational_fit,1.4,0.0,0,0.8,0.12176573727626286,1.0,1.26,0.0698619653891902
mixed_pow_rat,100,0.005,0.5,277.0,0.49972261800877116,0,1.4,1.0,0,3.0,3.0,9,9,rational_fit,1.4,0.0,0,0.8,0.12176573727626286,1.0,1.22,0.0698619653891902
mixed_pow_rat,100,0.01,0.5,277.0,0.49972261800877116,0,1.4,1.0,0,2.0,2.0,9,9,log_linear,1.4,0.0,0,0.84,0.12176573727626286,1.0,1.28,0.0698619653891902
mixed_pow_rat,100,0.02,0.5,277.0,0.49972261800877116,0,1.4,1.0,0,2.0,2.0,9,9,log_linear,1.4,0.0,0,0.94,0.12176573727626286,1.0,1.16,0.0698619653891902
mixed_pow_rat,110,0.0,0.5,301.0,0.4991974899222347,0,1.4,1.0,0,4.0,4.0,9,9,pade_22,1.4,0.0,0,0.8,0.11765622812805282,1.0,1.4,0.06575245624098017
mixed_pow_rat,110,0.003,0.5,301.0,0.4991974899222347,0,1.4,1.0,0,2.0,2.0,9,9,log_linear,1.4,0.0,0,0.8,0.11765622812805282,1.0,1.22,0.06575245624098017
mixed_pow_rat,110,0.005,0.5,301.0,0.4991974899222347,0,1.4,1.0,0,3.0,3.0,9,9,log_linear,1.4,0.0,0,0.8,0.11765622812805282,1.0,1.16,0.06575245624098017
mixed_pow_rat,110,0.01,0.5,301.0,0.4991974899222347,0,1.4,1.0,0,2.0,2.0,9,9,log_linear,1.4,0.0,0,0.8,0.11765622812805282,1.0,1.2,0.06575245624098017
mixed_pow_rat,110,0.02,0.5,301.0,0.4991974899222347,0,1.4,1.0,0,2.0,2.0,9,9,log_linear,1.4,0.0,0,0.84,0.11765622812805282,1.0,1.24,0.06575245624098017
mixed_pow_rat,120,0.0,0.5,324.0,0.499963839818228,0,1.4,1.0,0,4.0,4.0,9,9,pade_22,1.4,0.0,0,0.8,0.11419873160773956,1.0,1.4,0.06229495972066691
mixed_pow_rat,120,0.003,0.5,324.0,0.499963839818228,0,1.4,1.0,0,2.0,2.0,9,9,log_linear,1.4,0.0,0,0.8,0.11419873160773956,1.0,1.16,0.06229495972066691
mixed_pow_rat,120,0.005,0.5,324.0,0.499963839818228,0,1.4,1.0,0,3.0,3.0,9,9,rational_fit,1.4,0.0,0,0.82,0.11419873160773956,1.0,1.18,0.06229495972066691
mixed_pow_rat,120,0.01,0.5,324.0,0.499963839818228,0,1.4,1.0,0,2.0,2.0,9,9,log_linear,1.4,0.0,0,0.86,0.11419873160773956,1.0,1.14,0.06229495972066691
mixed_pow_rat,120,0.02,0.5,324.0,0.499963839818228,0,1.4,1.0,0,2.0,2.0,9,9,log_linear,1.4,0.0,0,0.96,0.11419873160773956,1.0,1.16,0.06229495972066691
mixed_pow_rat,130,0.0,0.5,348.0,0.49965508987067064,0,1.4,1.0,0,4.0,4.0,9,9,pade_22,1.4,0.0,0,0.8,0.1110037232010155,1.0,1.4,0.05909995131394284
mixed_pow_rat,130,0.003,0.5,348.0,0.49965508987067064,0,1.4,1.0,0,1.0,1.0,9,9,richardson_1,1.4,0.0,1,0.7,0.1110037232010155,1.0,1.18,0.05909995131394284
mixed_pow_rat,130,0.005,0.5,348.0,0.49965508987067064,0,1.4,1.0,0,2.0,2.0,9,9,log_linear,1.4,0.0,0,0.8,0.1110037232010155,1.0,1.2,0.05909995131394284
mixed_pow_rat,130,0.01,0.5,348.0,0.49965508987067064,0,1.4,1.0,0,1.0,1.0,9,9,richardson_1,1.4,0.0,1,0.72,0.1110037232010155,1.0,1.14,0.05909995131394284
mixed_pow_rat,130,0.02,0.5,348.0,0.49965508987067064,0,1.38,1.0,0,3.0,2.0,9,9,richardson_a10,1.4,0.02,0,0.64,0.1110037232010155,1.0,1.18,0.05909995131394284
mixed_pow_rat,140,0.0,0.5,372.0,0.4994630013146387,0,1.4,1.0,0,4.0,4.0,9,9,pade_22,1.4,0.0,0,0.8,0.10816001050689503,1.0,1.4,0.05625623861982237
mixed_pow_rat,140,0.003,0.5,372.0,0.4994630013146387,0,1.4,1.0,0,1.0,1.0,9,9,richardson_1,1.4,0.0,1,0.8,0.10816001050689503,1.0,1.24,0.05625623861982237
mixed_pow_rat,140,0.005,0.5,372.0,0.4994630013146387,0,1.4,1.0,0,2.0,2.0,9,9,log_linear,1.4,0.0,0,0.84,0.10816001050689503,1.0,1.18,0.05625623861982237
mixed_pow_rat,140,0.01,0.5,372.0,0.4994630013146387,0,1.4,1.0,0,2.0,2.0,9,9,log_linear,1.4,0.0,0,0.66,0.10816001050689503,1.0,1.16,0.05625623861982237
mixed_pow_rat,140,0.02,0.5,372.0,0.4994630013146387,0,1.38,1.0,0,2.0,1.0,9,9,richardson_a10,1.4,0.02,0,0.7,0.10816001050689503,1.0,1.2,0.05625623861982237
multiphase,20,0.0,0.5,101.0,0.49950587232234334,0,1.4,1.0,0,7.0,7.0,9,9,levin_t2,1.4,0.0,0,1.0,0.22015147274765165,1.0,1.4,0.19303212753509227
multiphase,20,0.003,0.5,101.0,0.49950587232234334,0,1.4,1.0,0,4.0,4.0,9,9,single_exp_fit,1.4,0.0,0,1.0,0.22015147274765165,1.0,1.2,0.19303212753509227
multiphase,20,0.005,0.5,101.0,0.49950587232234334,0,1.4,1.0,0,4.0,4.0,9,9,single_exp_fit,1.4,0.0,0,1.02,0.22015147274765165,1.0,1.24,0.19303212753509227
multiphase,20,0.01,0.5,101.0,0.49950587232234334,0,1.4,1.0,0,4.0,4.0,9,9,single_exp_fit,1.4,0.0,0,1.0,0.22015147274765165,1.0,1.12,0.19303212753509227
multiphase,20,0.02,0.5,101.0,0.49950587232234334,0,1.4,1.0,0,3.0,4.0,9,8,rational_fit,1.4,0.0,0,1.08,0.22015147274765165,1.0,1.2,0.19303212753509227
multiphase,30,0.0,0.5,201.0,0.49986170705960364,0,1.4,1.0,0,5.0,5.0,9,9,log_linear,1.4,0.0,0,1.0,0.18307981795156553,1.0,1.4,0.15596047273900615
multiphase,30,0.003,0.5,201.0,0.49986170705960364,0,1.4,1.0,0,3.0,3.0,9,9,log_linear,1.4,0.0,0,1.0,0.18307981795156553,1.0,1.26,0.15596047273900615
multiphase,30,0.005,0.5,201.0,0.49986170705960364,0,1.4,1.0,0,3.0,3.0,9,9,log_linear,1.4,0.0,0,1.0,0.18307981795156553,1.0,1.22,0.15596047273900615
multiphase,30,0.01,0.5,201.0,0.49986170705960364,0,1.4,1.0,0,2.0,2.0,9,9,log_linear,1.4,0.0,0,1.02,0.18307981795156553,1.0,1.18,0.15596047273900615
multiphase,30,0.02,0.5,201.0,0.49986170705960364,0,1.4,1.0,0,2.0,2.0,9,9,log_linear,1.4,0.0,0,1.02,0.18307981795156553,1.0,1.16,0.15596047273900615
multiphase,40,0.0,0.5,288.0,0.4993802664504792,0,1.4,1.0,0,2.0,2.0,9,9,log_linear,1.4,0.0,0,1.0,0.16123953253086723,1.0,1.4,0.13412018731830785
multiphase,40,0.003,0.5,288.0,0.4993802664504792,0,1.4,1.0,0,2.0,2.0,9,9,log_linear,1.4,0.0,0,1.02,0.16123953253086723,1.0,1.24,0.13412018731830785
multiphase,40,0.005,0.5,288.0,0.4993802664504792,0,1.4,1.0,0,2.0,2.0,9,9,log_linear,1.4,0.0,0,1.0,0.16123953253086723,1.0,1.14,0.13412018731830785
multiphase,40,0.01,0.5,288.0,0.4993802664504792,0,1.4,1.0,0,2.0,2.0,9,9,log_linear,1.4,0.0,0,1.0,0.16123953253086723,1.0,1.12,0.13412018731830785
multiphase,40,0.02,0.5,288.0,0.4993802664504792,0,1.4,1.0,0,2.0,2.0,9,9,log_linear,1.4,0.0,0,1.06,0.16123953253086723,1.0,1.22,0.13412018731830785
multiphase,50,0.0,0.5,355.0,0.49968201195412165,0,1.4,1.0,0,2.0,2.0,9,9,log_linear,1.4,0.0,0,1.0,0.14818472079608777,1.0,1.4,0.1210653755835284
multiphase,50,0.003,0.5,355.0,0.49968201195412165,0,1.4,1.0,0,2.0,2.0,9,9,log_linear,1.4,0.0,0,1.0,0.14818472079608777,1.0,1.14,0.1210653755835284
multiphase,50,0.005,0.5,355.0,0.49968201195412165,0,1.4,1.0,0,2.0,2.0,9,9,log_linear,1.4,0.0,0,1.02,0.14818472079608777,1.0,1.24,0.1210653755835284
multiphase,50,0.01,0.5,355.0,0.49968201195412165,0,1.4,1.0,0,2.0,2.0,9,9,log_linear,1.4,0.0,0,1.0,0.14818472079608777,1.0,1.18,0.1210653755835284
multiphase,50,0.02,0.5,355.0,0.49968201195412165,0,1.4,1.0,0,2.0,2.0,9,9,log_linear,1.4,0.0,0,1.08,0.14818472079608777,1.0,1.2,0.1210653755835284
multiphase,60,0.0,0.5,406.0,0.49978283199198137,0,1.4,1.0,0,2.0,2.0,9,9,log_linear,1.4,0.0,0,1.0,0.13983350212383489,1.0,1.4,0.11271415691127551
multiphase,60,0.003,0.5,406.0,0.49978283199198137,0,1.4,1.0,0,3.0,3.0,9,9,log_linear,1.4,0.0,0,1.0,0.13983350212383489,1.0,1.2,0.11271415691127551
multiphase,60,0.005,0.5,406.0,0.49978283199198137,0,1.4,1.0,0,3.0,3.0,9,9,log_linear,1.4,0.0,0,1.0,0.13983350212383489,1.0,1.26,0.11271415691127551
multiphase,60,0.01,0.5,406.0,0.49978283199198137,0,1.4,1.0,0,3.0,3.0,9,9,log_linear,1.4,0.0,0,1.04,0.13983350212383489,1.0,1.2,0.11271415691127551
multiphase,60,0.02,0.5,406.0,0.49978283199198137,0,1.4,1.0,0,2.0,2.0,9,9,log_linear,1.4,0.0,0,0.96,0.13983350212383489,1.0,1.28,0.11271415691127551
multiphase,70,0.0,0.5,446.0,0.49941300938870054,0,1.4,1.0,0,1.0,1.0,9,9,richardson_1,1.4,0.0,1,1.0,0.13404834435832205,1.0,1.4,0.10692899914576268
multiphase,70,0.003,0.5,446.0,0.49941300938870054,0,1.4,1.0,0,2.0,2.0,9,9,pade_22,1.4,0.0,0,1.0,0.13404834435832205,1.0,1.2,0.10692899914576268
multiphase,70,0.005,0.5,446.0,0.49941300938870054,0,1.4,1.0,0,2.0,2.0,9,9,pade_22,1.4,0.0,0,1.0,0.13404834435832205,1.0,1.2,0.10692899914576268
multiphase,70,0.01,0.5,446.0,0.49941300938870054,0,1.4,1.0,0,2.0,2.0,9,9,pade_22,1.4,0.0,0,1.08,0.13404834435832205,1.0,1.26,0.10692899914576268
multiphase,70,0.02,0.5,446.0,0.49941300938870054,0,1.4,1.0,0,2.0,2.0,9,9,rational_fit,1.4,0.0,0,0.92,0.13404834435832205,1.0,1.16,0.10692899914576268
multiphase,80,0.0,0.5,477.0,0.4998758055770588,0,1.4,1.0,0,4.0,4.0,9,9,log_linear,1.4,0.0,0,1.0,0.12995768334520114,1.0,1.4,0.10283833813264176
multiphase,80,0.003,0.5,477.0,0.4998758055770588,0,1.4,1.0,0,4.0,4.0,9,9,log_linear,1.4,0.0,0,1.0,0.12995768334520114,1.0,1.18,0.10283833813264176
multiphase,80,0.005,0.5,477.0,0.4998758055770588,0,1.4,1.0,0,4.0,4.0,9,9,log_linear,1.4,0.0,0,1.0,0.12995768334520114,1.0,1.22,0.10283833813264176
multiphase,80,0.01,0.5,477.0,0.4998758055770588,0,1.4,1.0,0,4.0,4.0,9,9,pade_22,1.4,0.0,0,1.0,0.12995768334520114,1.0,1.16,0.10283833813264176
multiphase,80,0.02,0.5,477.0,0.4998758055770588,0,1.4,1.0,0,3.0,3.0,9,9,log_linear,1.4,0.0,0,1.1,0.12995768334520114,1.0,1.26,0.10283833813264176
multiphase,90,0.0,0.5,504.0,0.49983903719462197,0,1.4,1.0,0,4.0,4.0,9,9,log_linear,1.4,0.0,0,1.0,0.12664163820622676,1.0,1.4,0.09952229299366738
multiphase,90,0.003,0.5,504.0,0.49983903719462197,0,1.4,1.0,0,4.0,4.0,9,9,log_linear,1.4,0.0,0,1.0,0.12664163820622676,1.0,1.16,0.09952229299366738
multiphase,90,0.005,0.5,504.0,0.49983903719462197,0,1.4,1.0,0,4.0,4.0,9,9,log_linear,1.4,0.0,0,1.0,0.12664163820622676,1.0,1.2,0.09952229299366738
multiphase,90,0.01,0.5,504.0,0.49983903719462197,0,1.4,1.0,0,3.0,3.0,9,9,log_linear,1.4,0.0,0,0.9,0.12664163820622676,1.0,1.24,0.09952229299366738
multiphase,90,0.02,0.5,504.0,0.49983903719462197,0,1.4,1.0,0,3.0,3.0,9,9,log_linear,1.4,0.0,0,1.04,0.12664163820622676,1.0,1.2,0.09952229299366738
multiphase,100,0.0,0.5,528.0,0.49987440681993517,0,1.4,1.0,0,4.0,4.0,9,9,log_linear,1.4,0.0,0,1.0,0.12386857121876005,1.0,1.4,0.09674922600620066
multiphase,100,0.003,0.5,528.0,0.49987440681993517,0,1.4,1.0,0,5.0,5.0,9,9,log_linear,1.4,0.0,0,1.0,0.12386857121876005,1.0,1.2,0.09674922600620066
multiphase,100,0.005,0.5,528.0,0.49987440681993517,0,1.4,1.0,0,4.0,4.0,9,9,log_linear,1.4,0.0,0,1.02,0.12386857121876005,1.0,1.14,0.09674922600620066
multiphase,100,0.01,0.5,528.0,0.49987440681993517,0,1.4,1.0,0,3.0,3.0,9,9,log_linear,1.4,0.0,0,1.02,0.12386857121876005,1.0,1.16,0.09674922600620066
multiphase,100,0.02,0.5,528.0,0.49987440681993517,0,1.4,1.0,0,2.0,2.0,9,9,log_linear,1.4,0.0,0,0.88,0.12386857121876005,1.0,1.18,0.09674922600620066
multiphase,110,0.0,0.5,551.0,0.49951173853646197,0,1.4,1.0,0,3.0,3.0,9,8,log_linear,1.4,0.0,0,1.0,0.12135228904972706,1.0,1.4,0.09423294383716767
multiphase,110,0.003,0.5,551.0,0.49951173853646197,0,1.4,1.0,0,3.0,3.0,9,9,log_linear,1.4,0.0,0,1.0,0.12135228904972706,1.0,1.18,0.09423294383716767
multiphase,110,0.005,0.5,551.0,0.49951173853646197,0,1.4,1.0,0,3.0,3.0,9,8,log_linear,1.4,0.0,0,1.0,0.12135228904972706,1.0,1.24,0.09423294383716767
multiphase,110,0.01,0.5,551.0,0.49951173853646197,0,1.4,1.0,0,3.0,3.0,9,9,log_linear,1.4,0.0,0,1.04,0.12135228904972706,1.0,1.2,0.09423294383716767
multiphase,110,0.02,0.5,551.0,0.49951173853646197,0,1.4,1.0,0,2.0,2.0,9,9,log_linear,1.4,0.0,0,1.04,0.12135228904972706,1.0,1.2,0.09423294383716767
multiphase,120,0.0,0.5,572.0,0.4997215857052866,0,1.4,1.0,0,2.0,2.0,9,8,log_linear,1.4,0.0,0,1.0,0.11916647334216235,1.0,1.4,0.09204712812960297
multiphase,120,0.003,0.5,572.0,0.4997215857052866,0,1.4,1.0,0,2.0,2.0,9,9,log_linear,1.4,0.0,0,1.0,0.11916647334216235,1.0,1.24,0.09204712812960297
multiphase,120,0.005,0.5,572.0,0.4997215857052866,0,1.4,1.0,0,2.0,2.0,9,9,log_linear,1.4,0.0,0,1.0,0.11916647334216235,1.0,1.16,0.09204712812960297
multiphase,120,0.01,0.5,572.0,0.4997215857052866,0,1.4,1.0,0,2.0,2.0,9,9,log_linear,1.4,0.0,0,0.9,0.11916647334216235,1.0,1.2,0.09204712812960297
multiphase,120,0.02,0.5,572.0,0.4997215857052866,0,1.4,1.0,0,3.0,3.0,9,9,log_linear,1.4,0.0,0,0.96,0.11916647334216235,1.0,1.18,0.09204712812960297
multiphase,130,0.0,0.5,593.0,0.49961083250044536,0,1.4,1.0,0,2.0,2.0,9,9,log_linear,1.4,0.0,0,1.0,0.11707976262889638,1.0,1.4,0.089960417416337
multiphase,130,0.003,0.5,593.0,0.49961083250044536,0,1.4,1.0,0,2.0,2.0,9,8,log_linear,1.4,0.0,0,1.0,0.11707976262889638,1.0,1.16,0.089960417416337
multiphase,130,0.005,0.5,593.0,0.49961083250044536,0,1.4,1.0,0,2.0,2.0,9,9,log_linear,1.4,0.0,0,0.9,0.11707976262889638,1.0,1.2,0.089960417416337
multiphase,130,0.01,0.5,593.0,0.49961083250044536,0,1.4,1.0,0,2.0,2.0,9,9,log_linear,1.4,0.0,0,0.9,0.11707976262889638,1.0,1.2,0.089960417416337
multiphase,130,0.02,0.5,593.0,0.49961083250044536,0,1.4,1.0,0,3.0,3.0,9,9,log_linear,1.4,0.0,0,0.96,0.11707976262889638,1.0,1.14,0.089960417416337
multiphase,140,0.0,0.5,613.0,0.49985689813936673,0,1.4,1.0,0,3.0,3.0,9,9,pade_22,1.4,0.0,0,0.9,0.11517852097867426,1.0,1.4,0.08805917576611488
multiphase,140,0.003,0.5,613.0,0.49985689813936673,0,1.4,1.0,0,2.0,2.0,9,9,log_linear,1.4,0.0,0,0.9,0.11517852097867426,1.0,1.12,0.08805917576611488
multiphase,140,0.005,0.5,613.0,0.49985689813936673,0,1.4,1.0,0,3.0,3.0,9,9,log_linear,1.4,0.0,0,0.9,0.11517852097867426,1.0,1.2,0.08805917576611488
multiphase,140,0.01,0.5,613.0,0.49985689813936673,0,1.4,1.0,0,2.0,2.0,9,9,log_linear,1.4,0.0,0,0.9,0.11517852097867426,1.0,1.1,0.08805917576611488
multiphase,140,0.02,0.5,613.0,0.49985689813936673,0,1.36,1.0,0,3.0,3.0,9,9,log_linear,1.4,0.04,0,1.08,0.11517852097867426,1.0,1.24,0.08805917576611488
noisy_plateau,20,0.0,0.5,34.0,0.49658530379140936,0,1.02,1.0,0,4.0,4.0,9,9,rational_fit,1.18,0.16,0,-0.8,0.059624601649286596,1.0,1.0,0.003653670481054694
noisy_plateau,20,0.003,0.5,34.0,0.49658530379140936,0,1.14,1.0,0,4.0,5.0,9,9,rational_fit,1.3,0.16,0,-0.8,0.059624601649286596,1.0,1.08,0.003653670481054694
noisy_plateau,20,0.005,0.5,34.0,0.49658530379140936,0,1.26,1.0,0,3.0,4.0,9,9,rational_fit,1.3,0.04,0,-0.6,0.059624601649286596,1.0,1.04,0.003653670481054694
noisy_plateau,20,0.01,0.5,34.0,0.49658530379140936,0,1.2,1.0,0,4.0,7.0,9,9,rational_fit,1.3,0.1,0,-0.8,0.059624601649286596,1.0,1.18,0.003653670481054694
noisy_plateau,20,0.02,0.5,34.0,0.49658530379140936,0,1.06,1.0,0,4.0,4.0,9,9,rational_fit,1.2,0.14,0,-0.6,0.059624601649286596,1.0,1.04,0.003653670481054694
noisy_plateau,30,0.0,0.5,44.0,0.4965853037914094,0,0.84,1.0,0,6.0,3.0,9,9,log_linear,1.1,0.26,0,-0.9,0.05818699433547858,1.0,0.96,0.002216063167246679
noisy_plateau,30,0.003,0.5,44.0,0.4965853037914094,0,1.22,1.0,0,2.0,4.0,9,9,log_linear,1.3,0.08,0,-0.9,0.05818699433547858,1.0,1.12,0.002216063167246679
noisy_plateau,30,0.005,0.5,44.0,0.4965853037914094,0,0.88,1.0,0,7.0,5.0,9,9,current_value,1.0,0.12,0,-0.8,0.05818699433547858,1.0,0.88,0.002216063167246679
noisy_plateau,30,0.01,0.5,44.0,0.4965853037914094,0,1.04,1.0,0,2.0,2.0,9,9,log_linear,1.18,0.14,0,-0.9,0.05818699433547858,1.0,0.92,0.002216063167246679
noisy_plateau,30,0.02,0.5,44.0,0.4965853037914094,0,1.18,1.0,0,3.0,3.0,9,9,log_linear,1.2,0.02,0,-0.8,0.05818699433547858,1.0,1.02,0.002216063167246679
noisy_plateau,40,0.0,0.5,54.0,0.49658530379140936,0,1.34,1.0,0,2.0,2.0,9,9,log_linear,1.34,0.0,0,-0.9,0.0573150414230269,1.0,1.32,0.0013441102547949967
noisy_plateau,40,0.003,0.5,54.0,0.49658530379140936,0,1.2,1.0,0,3.0,2.0,9,9,single_exp_fit,1.26,0.06,0,-0.6,0.0573150414230269,1.0,1.06,0.0013441102547949967
noisy_plateau,40,0.005,0.5,54.0,0.49658530379140936,0,1.26,1.0,0,2.0,2.0,9,9,log_linear,1.34,0.08,0,-0.8,0.0573150414230269,1.0,1.3,0.0013441102547949967
noisy_plateau,40,0.01,0.5,54.0,0.49658530379140936,0,1.32,1.0,0,2.0,4.0,9,9,log_linear,1.38,0.06,0,-0.8,0.0573150414230269,1.0,1.32,0.0013441102547949967
noisy_plateau,40,0.02,0.5,54.0,0.49658530379140936,0,1.12,1.0,0,3.0,4.0,9,9,log_linear,1.18,0.06,0,-1.0,0.0573150414230269,1.0,1.14,0.0013441102547949967
noisy_plateau,50,0.0,0.5,64.0,0.4965853037914094,0,1.26,1.0,0,2.0,2.0,9,9,log_linear,1.26,0.0,0,-0.8,0.05678617524779923,1.0,1.26,0.0008152440795673246
noisy_plateau,50,0.003,0.5,64.0,0.4965853037914094,0,1.24,1.0,0,2.0,2.0,9,9,log_linear,1.24,0.0,0,-0.8,0.05678617524779923,1.0,1.24,0.0008152440795673246
noisy_plateau,50,0.005,0.5,64.0,0.4965853037914094,0,1.28,1.0,0,1.0,2.0,9,9,richardson_1,1.28,0.0,1,-0.8,0.05678617524779923,1.0,1.26,0.0008152440795673246
noisy_plateau,50,0.01,0.5,64.0,0.4965853037914094,0,1.24,1.0,0,2.0,2.0,9,9,log_linear,1.26,0.02,0,-0.9,0.05678617524779923,1.0,1.24,0.0008152440795673246
noisy_plateau,50,0.02,0.5,64.0,0.4965853037914094,0,1.34,1.0,0,1.0,2.0,9,9,richardson_1,1.34,0.0,1,-0.8,0.05678617524779923,1.0,1.22,0.0008152440795673246
noisy_plateau,60,0.0,0.5,74.0,0.49658530379140936,0,1.28,1.0,0,1.0,1.0,9,9,richardson_1,1.28,0.0,1,-0.8,0.056465401697638695,1.0,1.26,0.000494470529406787
noisy_plateau,60,0.003,0.5,74.0,0.49658530379140936,0,1.26,1.0,0,1.0,1.0,9,9,richardson_1,1.26,0.0,1,-0.8,0.056465401697638695,1.0,1.28,0.000494470529406787
noisy_plateau,60,0.005,0.5,74.0,0.49658530379140936,0,1.28,1.0,0,3.0,1.0,9,9,log_linear,1.4,0.12,0,-0.7,0.056465401697638695,1.0,1.38,0.000494470529406787
noisy_plateau,60,0.01,0.5,74.0,0.49658530379140936,0,1.36,1.0,0,2.0,2.0,9,9,log_linear,1.36,0.0,0,-0.8,0.056465401697638695,1.0,1.38,0.000494470529406787
noisy_plateau,60,0.02,0.5,74.0,0.49658530379140936,0,1.1,1.0,0,1.0,2.0,9,9,richardson_1,1.1,0.0,1,-1.0,0.056465401697638695,1.0,1.2,0.000494470529406787
noisy_plateau,70,0.0,0.5,84.0,0.4965853037914094,0,1.36,1.0,0,3.0,3.0,9,9,richardson_a10,1.38,0.02,0,-0.7,0.05627084270464146,1.0,1.38,0.0002999115364095556
noisy_plateau,70,0.003,0.5,84.0,0.4965853037914094,0,1.02,1.0,0,3.0,4.0,9,9,log_linear,1.12,0.1,0,-0.9,0.05627084270464146,1.0,1.14,0.0002999115364095556
noisy_plateau,70,0.005,0.5,84.0,0.4965853037914094,0,1.22,1.0,0,2.0,2.0,9,9,richardson_a10,1.26,0.04,0,-0.8,0.05627084270464146,1.0,1.34,0.0002999115364095556
noisy_plateau,70,0.01,0.5,84.0,0.4965853037914094,0,1.34,1.0,0,4.0,4.0,9,9,richardson_a10,1.38,0.04,0,-0.8,0.05627084270464146,1.0,1.38,0.0002999115364095556
noisy_plateau,70,0.02,0.5,84.0,0.4965853037914094,0,1.22,1.0,0,4.0,3.0,9,9,single_exp_fit,1.24,0.02,0,-0.9,0.05627084270464146,1.0,1.2,0.0002999115364095556
noisy_plateau,80,0.0,0.5,94.0,0.49658530379140947,0,1.2,1.0,0,2.0,2.0,9,9,richardson_a10,1.2,0.0,0,-0.8,0.056152836710265816,1.0,1.38,0.00018190554203391471
noisy_plateau,80,0.003,0.5,94.0,0.49658530379140947,0,1.36,1.0,0,5.0,3.0,9,9,richardson_a10,1.4,0.04,0,-0.7,0.056152836710265816,1.0,1.4,0.00018190554203391471
noisy_plateau,80,0.005,0.5,94.0,0.49658530379140947,0,1.38,1.0,0,4.0,2.0,9,9,rational_fit,1.4,0.02,0,-0.9,0.056152836710265816,1.0,1.4,0.00018190554203391471
noisy_plateau,80,0.01,0.5,94.0,0.49658530379140947,0,1.3,1.0,0,2.0,4.0,9,9,richardson_a10,1.32,0.02,0,-1.0,0.056152836710265816,1.0,1.4,0.00018190554203391471
noisy_plateau,80,0.02,0.5,94.0,0.49658530379140947,0,1.28,1.0,0,1.0,3.0,9,9,richardson_1,1.28,0.0,1,-0.9,0.056152836710265816,1.0,1.38,0.00018190554203391471
noisy_plateau,90,0.0,0.5,104.0,0.4965853037914094,0,1.38,1.0,0,1.0,1.0,9,9,richardson_1,1.38,0.0,1,-0.7,0.056081262456647116,1.0,1.38,0.00011033128841521442
noisy_plateau,90,0.003,0.5,104.0,0.4965853037914094,0,1.22,1.0,0,2.0,2.0,9,9,single_exp_fit,1.28,0.06,0,-0.8,0.056081262456647116,1.0,1.38,0.00011033128841521442
noisy_plateau,90,0.005,0.5,104.0,0.4965853037914094,0,1.38,1.0,0,3.0,2.0,9,9,rational_fit,1.4,0.02,0,-1.0,0.056081262456647116,1.0,1.4,0.00011033128841521442
noisy_plateau,90,0.01,0.5,104.0,0.4965853037914094,0,1.3,1.0,0,2.0,3.0,9,9,richardson_a10,1.34,0.04,0,-0.9,0.056081262456647116,1.0,1.4,0.00011033128841521442
noisy_plateau,90,0.02,0.5,104.0,0.4965853037914094,0,1.18,1.0,0,3.0,1.0,9,9,richardson_a10,1.22,0.04,0,-0.9,0.056081262456647116,1.0,1.26,0.00011033128841521442
noisy_plateau,100,0.0,0.5,114.0,0.49658530379140947,0,1.26,1.0,0,1.0,1.0,9,9,richardson_1,1.26,0.0,1,-1.0,0.05603785047738133,1.0,1.4,6.69193091494269e-05
noisy_plateau,100,0.003,0.5,114.0,0.49658530379140947,0,1.1,1.0,0,1.0,2.0,9,9,richardson_1,1.1,0.0,1,-0.9,0.05603785047738133,1.0,1.28,6.69193091494269e-05
noisy_plateau,100,0.005,0.5,114.0,0.49658530379140947,0,1.22,1.0,0,4.0,2.0,9,9,single_exp_fit,1.3,0.08,0,-0.8,0.05603785047738133,1.0,1.4,6.69193091494269e-05
noisy_plateau,100,0.01,0.5,114.0,0.49658530379140947,0,1.34,1.0,0,2.0,1.0,9,9,single_exp_fit,1.36,0.02,0,-0.6,0.05603785047738133,1.0,1.4,6.69193091494269e-05
noisy_plateau,100,0.02,0.5,114.0,0.49658530379140947,0,1.22,1.0,0,2.0,2.0,9,9,pade_22,1.28,0.06,0,-1.0,0.05603785047738133,1.0,1.4,6.69193091494269e-05
noisy_plateau,110,0.0,0.5,124.0,0.49658530379140947,0,1.32,1.0,0,3.0,1.0,9,9,richardson_a10,1.34,0.02,0,-0.8,0.05601151978095782,1.0,1.4,4.058861272591627e-05
noisy_plateau,110,0.003,0.5,124.0,0.49658530379140947,0,1.4,1.0,0,2.0,2.0,9,9,single_exp_fit,1.4,0.0,0,-0.9,0.05601151978095782,1.0,1.4,4.058861272591627e-05
noisy_plateau,110,0.005,0.5,124.0,0.49658530379140947,0,1.3,1.0,0,2.0,4.0,9,9,log_linear,1.32,0.02,0,-0.9,0.05601151978095782,1.0,1.4,4.058861272591627e-05
noisy_plateau,110,0.01,0.5,124.0,0.49658530379140947,0,1.34,1.0,0,2.0,2.0,9,9,richardson_a10,1.34,0.0,0,-0.9,0.05601151978095782,1.0,1.4,4.058861272591627e-05
noisy_plateau,110,0.02,0.5,124.0,0.49658530379140947,0,1.36,1.0,0,4.0,5.0,9,9,single_exp_fit,1.36,0.0,0,-1.0,0.05601151978095782,1.0,1.4,4.058861272591627e-05
noisy_plateau,120,0.0,0.5,134.0,0.4965853037914094,0,1.32,1.0,0,2.0,2.0,9,9,single_exp_fit,1.36,0.04,0,-0.9,0.05599554940628537,1.0,1.4,2.4618238053469854e-05
noisy_plateau,120,0.003,0.5,134.0,0.4965853037914094,0,1.4,1.0,0,2.0,5.0,9,9,richardson_a10,1.4,0.0,0,-0.8,0.05599554940628537,1.0,1.4,2.4618238053469854e-05
noisy_plateau,120,0.005,0.5,134.0,0.4965853037914094,0,1.2,1.0,0,3.0,2.0,9,9,pade_22,1.22,0.02,0,-0.8,0.05599554940628537,1.0,1.38,2.4618238053469854e-05
noisy_plateau,120,0.01,0.5,134.0,0.4965853037914094,0,0.96,1.0,0,4.0,1.0,9,9,richardson_a10,1.06,0.1,0,-0.8,0.05599554940628537,1.0,1.36,2.4618238053469854e-05
noisy_plateau,120,0.02,0.5,134.0,0.4965853037914094,0,1.38,1.0,0,3.0,4.0,9,9,single_exp_fit,1.4,0.02,0,-0.7,0.05599554940628537,1.0,1.4,2.4618238053469854e-05
noisy_plateau,130,0.0,0.5,144.0,0.49658530379140947,0,1.36,1.0,0,2.0,4.0,9,9,pade_22,1.38,0.02,0,-0.9,0.05598586288439944,1.0,1.4,1.4931716167534276e-05
noisy_plateau,130,0.003,0.5,144.0,0.49658530379140947,0,1.36,1.0,0,1.0,3.0,9,9,richardson_1,1.36,0.0,1,-0.8,0.05598586288439944,1.0,1.4,1.4931716167534276e-05
noisy_plateau,130,0.005,0.5,144.0,0.49658530379140947,0,1.26,1.0,0,2.0,4.0,9,9,single_exp_fit,1.26,0.0,0,-0.8,0.05598586288439944,1.0,1.4,1.4931716167534276e-05
noisy_plateau,130,0.01,0.5,144.0,0.49658530379140947,0,0.94,1.0,0,7.0,5.0,9,9,pade_22,1.24,0.3,0,-0.8,0.05598586288439944,1.0,1.4,1.4931716167534276e-05
noisy_plateau,130,0.02,0.5,144.0,0.49658530379140947,0,1.34,1.0,0,1.0,3.0,9,9,richardson_1,1.34,0.0,1,-0.9,0.05598586288439944,1.0,1.4,1.4931716167534276e-05
noisy_plateau,140,0.0,0.5,154.0,0.49658530379140936,0,1.32,1.0,0,4.0,5.0,9,9,richardson_a10,1.34,0.02,0,-1.0,0.05597998771188964,1.0,1.4,9.056543657737226e-06
noisy_plateau,140,0.003,0.5,154.0,0.49658530379140936,0,1.24,1.0,0,5.0,5.0,9,9,pade_22,1.38,0.14,0,-0.9,0.05597998771188964,1.0,1.4,9.056543657737226e-06
noisy_plateau,140,0.005,0.5,154.0,0.49658530379140936,0,1.36,1.0,0,4.0,4.0,9,9,single_exp_fit,1.38,0.02,0,-0.9,0.05597998771188964,1.0,1.4,9.056543657737226e-06
noisy_plateau,140,0.01,0.5,154.0,0.49658530379140936,0,1.38,1.0,0,3.0,3.0,9,9,single_exp_fit,1.38,0.0,0,-0.6,0.05597998771188964,1.0,1.4,9.056543657737226e-06
noisy_plateau,140,0.02,0.5,154.0,0.49658530379140936,0,1.22,1.0,0,5.0,6.0,9,9,pade_22,1.32,0.1,0,-1.0,0.05597998771188964,1.0,1.4,9.056543657737226e-06
osc_exp,20,0.0,0.5,43.0,0.4994843199886917,0,1.4,1.0,0,4.0,4.0,9,9,rational_fit,1.4,0.0,0,1.0,0.2607117997127695,1.0,1.4,0.1730722092757548
osc_exp,20,0.003,0.5,43.0,0.4994843199886917,0,1.4,1.0,0,4.0,4.0,9,9,rational_fit,1.4,0.0,0,1.0,0.2607117997127695,1.0,1.2,0.1730722092757548
osc_exp,20,0.005,0.5,43.0,0.4994843199886917,0,1.4,1.0,0,4.0,4.0,9,9,rational_fit,1.4,0.0,0,1.0,0.2607117997127695,1.0,1.24,0.1730722092757548
osc_exp,20,0.01,0.5,43.0,0.4994843199886917,0,1.4,1.0,0,4.0,4.0,9,8,rational_fit,1.4,0.0,0,1.04,0.2607117997127695,1.0,1.24,0.1730722092757548
osc_exp,20,0.02,0.5,43.0,0.4994843199886917,0,1.38,1.0,0,4.0,4.0,9,8,rational_fit,1.4,0.02,0,1.04,0.2607117997127695,1.0,1.14,0.1730722092757548
osc_exp,30,0.0,0.5,45.0,0.48118139431011064,0,1.4,1.0,0,3.0,3.0,9,9,rational_fit,1.4,0.0,0,1.04,0.24430659999893772,1.0,1.4,0.15666700956192306
osc_exp,30,0.003,0.5,45.0,0.48118139431011064,0,1.4,1.0,0,3.0,3.0,9,8,rational_fit,1.4,0.0,0,1.04,0.24430659999893772,1.0,1.4,0.15666700956192306
osc_exp,30,0.005,0.5,45.0,0.48118139431011064,0,1.4,1.0,0,3.0,3.0,9,9,rational_fit,1.4,0.0,0,1.08,0.24430659999893772,1.0,1.4,0.15666700956192306
osc_exp,30,0.01,0.5,45.0,0.48118139431011064,0,1.4,1.0,0,3.0,4.0,9,9,rational_fit,1.4,0.0,0,1.06,0.24430659999893772,1.0,1.26,0.15666700956192306
osc_exp,30,0.02,0.5,45.0,0.48118139431011064,0,1.38,1.0,0,3.0,4.0,9,9,rational_fit,1.4,0.02,0,1.1,0.24430659999893772,1.0,1.28,0.15666700956192306
osc_exp,40,0.0,0.5,68.0,0.4752183664502317,0,1.02,1.0,0,5.0,6.0,9,9,pade_22,1.4,0.38,0,0.94,0.18564599015336555,1.0,1.4,0.0980063997163509
osc_exp,40,0.003,0.5,68.0,0.4752183664502317,0,1.02,1.0,0,5.0,7.0,9,9,pade_22,1.4,0.38,0,0.94,0.18564599015336555,1.0,1.4,0.0980063997163509
osc_exp,40,0.005,0.5,68.0,0.4752183664502317,0,1.04,1.0,0,5.0,6.0,9,9,pade_22,1.4,0.36,0,0.86,0.18564599015336555,1.0,1.4,0.0980063997163509
osc_exp,40,0.01,0.5,68.0,0.4752183664502317,0,1.02,1.0,0,6.0,7.0,9,9,pade_22,1.4,0.38,0,0.9,0.18564599015336555,1.0,1.32,0.0980063997163509
osc_exp,40,0.02,0.5,68.0,0.4752183664502317,0,1.02,1.0,0,6.0,7.0,9,9,pade_22,1.4,0.38,0,0.66,0.18564599015336555,1.0,1.22,0.0980063997163509
osc_exp,50,0.0,0.5,75.0,0.47880113926452944,0,1.0,1.0,0,8.0,8.0,9,9,pade_22,1.4,0.4,0,0.5,0.1530116433532639,1.0,1.4,0.06537205291624923
osc_exp,50,0.003,0.5,75.0,0.47880113926452944,0,1.0,1.0,0,8.0,8.0,9,9,pade_22,1.4,0.4,0,0.54,0.1530116433532639,1.0,1.4,0.06537205291624923
osc_exp,50,0.005,0.5,75.0,0.47880113926452944,0,1.0,1.0,0,8.0,8.0,9,9,pade_22,1.4,0.4,0,0.52,0.1530116433532639,1.0,1.34,0.06537205291624923
osc_exp,50,0.01,0.5,75.0,0.47880113926452944,0,1.0,1.0,0,8.0,8.0,9,9,pade_22,1.4,0.4,0,0.54,0.1530116433532639,1.0,1.28,0.06537205291624923
osc_exp,50,0.02,0.5,75.0,0.47880113926452944,0,0.9,1.0,0,8.0,8.0,9,9,pade_22,1.38,0.48,0,0.32,0.1530116433532639,1.0,1.24,0.06537205291624923
osc_exp,60,0.0,0.5,76.0,0.47727299569946524,0,1.0,1.0,0,8.0,8.0,9,9,pade_22,1.4,0.4,0,0.5,0.14985473824843276,1.0,1.4,0.062215147811418105
osc_exp,60,0.003,0.5,76.0,0.47727299569946524,0,1.0,1.0,0,8.0,8.0,9,9,pade_22,1.4,0.4,0,0.54,0.14985473824843276,1.0,1.4,0.062215147811418105
osc_exp,60,0.005,0.5,76.0,0.47727299569946524,0,1.0,1.0,0,8.0,8.0,9,9,pade_22,1.4,0.4,0,0.5,0.14985473824843276,1.0,1.38,0.062215147811418105
osc_exp,60,0.01,0.5,76.0,0.47727299569946524,0,1.02,1.0,0,6.0,8.0,9,9,pade_22,1.4,0.38,0,0.52,0.14985473824843276,1.0,1.3,0.062215147811418105
osc_exp,60,0.02,0.5,76.0,0.47727299569946524,0,0.94,1.0,0,8.0,8.0,9,9,pade_22,1.4,0.46,0,0.42,0.14985473824843276,1.0,1.12,0.062215147811418105
osc_exp,70,0.0,0.5,97.0,0.49164647772479303,0,1.18,1.0,0,5.0,7.0,9,9,single_exp_fit,1.4,0.22,0,0.4,0.13064767221791784,1.0,1.4,0.04300808178090321
osc_exp,70,0.003,0.5,97.0,0.49164647772479303,0,1.18,1.0,0,6.0,7.0,9,9,log_linear,1.4,0.22,0,0.4,0.13064767221791784,1.0,1.3,0.04300808178090321
osc_exp,70,0.005,0.5,97.0,0.49164647772479303,0,1.16,1.0,0,5.0,5.0,9,9,log_linear,1.4,0.24,0,0.4,0.13064767221791784,1.0,1.26,0.04300808178090321
osc_exp,70,0.01,0.5,97.0,0.49164647772479303,0,1.18,1.0,0,5.0,5.0,9,9,log_linear,1.38,0.2,0,0.22,0.13064767221791784,1.0,1.26,0.04300808178090321
osc_exp,70,0.02,0.5,97.0,0.49164647772479303,0,1.22,1.0,0,5.0,6.0,9,9,log_linear,1.34,0.12,0,0.44,0.13064767221791784,1.0,1.26,0.04300808178090321
osc_exp,80,0.0,0.5,106.0,0.47885162619586824,0,1.22,1.0,0,7.0,4.0,9,9,single_exp_fit,1.4,0.18,0,0.2,0.11367977744647374,1.0,1.4,0.026040187009459093
osc_exp,80,0.003,0.5,106.0,0.47885162619586824,0,1.22,1.0,0,4.0,4.0,9,9,single_exp_fit,1.4,0.18,0,0.2,0.11367977744647374,1.0,1.32,0.026040187009459093
osc_exp,80,0.005,0.5,106.0,0.47885162619586824,0,1.2,1.0,0,5.0,4.0,9,9,single_exp_fit,1.4,0.2,0,0.2,0.11367977744647374,1.0,1.28,0.026040187009459093
osc_exp,80,0.01,0.5,106.0,0.47885162619586824,0,1.14,1.0,0,5.0,4.0,9,9,single_exp_fit,1.38,0.24,0,0.3,0.11367977744647374,1.0,1.12,0.026040187009459093
osc_exp,80,0.02,0.5,106.0,0.47885162619586824,0,0.92,1.0,0,6.0,5.0,9,9,single_exp_fit,1.36,0.44,0,0.16,0.11367977744647374,1.0,0.98,0.026040187009459093
osc_exp,90,0.0,0.5,107.0,0.47832942079368884,0,1.22,1.0,0,6.0,6.0,9,9,richardson_a10,1.4,0.18,0,0.1,0.11237086494937014,1.0,1.4,0.024731274512355482
osc_exp,90,0.003,0.5,107.0,0.47832942079368884,0,1.22,1.0,0,6.0,5.0,9,9,richardson_a10,1.4,0.18,0,0.12,0.11237086494937014,1.0,1.3,0.024731274512355482
osc_exp,90,0.005,0.5,107.0,0.47832942079368884,0,1.24,1.0,0,6.0,6.0,9,9,richardson_a10,1.4,0.16,0,0.22,0.11237086494937014,1.0,1.3,0.024731274512355482
osc_exp,90,0.01,0.5,107.0,0.47832942079368884,0,1.2,1.0,0,7.0,6.0,9,9,richardson_a10,1.4,0.2,0,0.2,0.11237086494937014,1.0,1.2,0.024731274512355482
osc_exp,90,0.02,0.5,107.0,0.47832942079368884,0,0.9,1.0,0,9.0,6.0,9,9,richardson_a10,1.36,0.46,0,-0.24,0.11237086494937014,1.0,0.98,0.024731274512355482
osc_exp,100,0.0,0.5,126.0,0.49661263699837777,0,1.24,1.0,0,5.0,5.0,9,9,richardson_a10,1.4,0.16,0,-0.1,0.10600643876856275,1.0,1.4,0.018366848331548107
osc_exp,100,0.003,0.5,126.0,0.49661263699837777,0,1.24,1.0,0,5.0,5.0,9,9,richardson_a10,1.4,0.16,0,-0.1,0.10600643876856275,1.0,1.22,0.018366848331548107
osc_exp,100,0.005,0.5,126.0,0.49661263699837777,0,1.2,1.0,0,6.0,5.0,9,9,richardson_a10,1.4,0.2,0,-0.18,0.10600643876856275,1.0,1.24,0.018366848331548107
osc_exp,100,0.01,0.5,126.0,0.49661263699837777,0,1.06,1.0,0,6.0,4.0,9,9,richardson_a10,1.4,0.34,0,0.0,0.10600643876856275,1.0,1.12,0.018366848331548107
osc_exp,100,0.02,0.5,126.0,0.49661263699837777,0,0.98,1.0,0,5.0,6.0,9,8,richardson_a10,1.28,0.3,0,-0.08,0.10600643876856275,1.0,1.04,0.018366848331548107
osc_exp,110,0.0,0.5,137.0,0.47299798384465097,0,1.1,1.0,0,6.0,8.0,9,9,single_exp_fit,1.4,0.3,0,-0.2,0.09801983216707919,1.0,1.4,0.010380241730064532
osc_exp,110,0.003,0.5,137.0,0.47299798384465097,0,0.98,1.0,0,8.0,8.0,9,9,single_exp_fit,1.36,0.38,0,-0.3,0.09801983216707919,1.0,1.14,0.010380241730064532
osc_exp,110,0.005,0.5,137.0,0.47299798384465097,0,0.94,1.0,0,7.0,8.0,9,9,single_exp_fit,1.24,0.3,0,-0.2,0.09801983216707919,1.0,1.14,0.010380241730064532
osc_exp,110,0.01,0.5,137.0,0.47299798384465097,0,0.74,1.0,0,8.0,8.0,9,9,single_exp_fit,1.32,0.58,0,-0.28,0.09801983216707919,1.0,1.22,0.010380241730064532
osc_exp,110,0.02,0.5,137.0,0.47299798384465097,0,1.24,1.0,0,5.0,8.0,9,9,single_exp_fit,1.32,0.08,0,-0.14,0.09801983216707919,1.0,1.32,0.010380241730064532
osc_exp,120,0.0,0.5,138.0,0.48369269681502614,0,1.1,1.0,0,5.0,9.0,9,9,pade_22,1.4,0.3,0,-0.2,0.09747962735365336,1.0,1.4,0.009840036916638706
osc_exp,120,0.003,0.5,138.0,0.48369269681502614,0,1.16,1.0,0,7.0,9.0,9,9,pade_22,1.4,0.24,0,-0.2,0.09747962735365336,1.0,1.26,0.009840036916638706
osc_exp,120,0.005,0.5,138.0,0.48369269681502614,0,1.02,1.0,0,8.0,9.0,9,9,pade_22,1.22,0.2,0,-0.18,0.09747962735365336,1.0,1.18,0.009840036916638706
osc_exp,120,0.01,0.5,138.0,0.48369269681502614,0,0.78,1.0,0,3.0,6.0,9,9,current_value,1.0,0.22,0,-0.38,0.09747962735365336,1.0,0.7,0.009840036916638706
osc_exp,120,0.02,0.5,138.0,0.48369269681502614,0,0.94,1.0,0,5.0,3.0,9,8,richardson_a10,1.26,0.32,0,-0.26,0.09747962735365336,1.0,1.26,0.009840036916638706
osc_exp,130,0.0,0.5,154.0,0.49802121530821347,0,1.24,1.0,0,5.0,5.0,9,9,pade_22,1.4,0.16,0,-0.2,0.09538098200943668,1.0,1.4,0.007741391572422027
osc_exp,130,0.003,0.5,154.0,0.49802121530821347,0,1.1,1.0,0,8.0,7.0,9,9,single_exp_fit,1.3,0.2,0,-0.3,0.09538098200943668,1.0,1.16,0.007741391572422027
osc_exp,130,0.005,0.5,154.0,0.49802121530821347,0,1.02,1.0,0,7.0,7.0,9,9,single_exp_fit,1.22,0.2,0,-0.2,0.09538098200943668,1.0,1.16,0.007741391572422027
osc_exp,130,0.01,0.5,154.0,0.49802121530821347,0,1.0,1.0,0,5.0,5.0,9,9,richardson_a10,1.18,0.18,0,-0.38,0.09538098200943668,1.0,1.0,0.007741391572422027
osc_exp,130,0.02,0.5,154.0,0.49802121530821347,0,1.06,1.0,0,4.0,5.0,9,8,richardson_a10,1.22,0.16,0,-0.04,0.09538098200943668,1.0,1.2,0.007741391572422027
osc_exp,140,0.0,0.5,167.0,0.48860976138834705,0,1.02,1.0,0,5.0,8.0,9,9,single_exp_fit,1.4,0.38,0,-0.5,0.09202791519601133,1.0,1.4,0.004388324758996684
osc_exp,140,0.003,0.5,167.0,0.48860976138834705,0,0.86,1.0,0,8.0,7.0,9,9,single_exp_fit,1.08,0.22,0,-0.5,0.09202791519601133,1.0,1.26,0.004388324758996684
osc_exp,140,0.005,0.5,167.0,0.48860976138834705,0,0.74,1.0,0,7.0,7.0,9,9,single_exp_fit,1.2,0.46,0,-0.6,0.09202791519601133,1.0,1.16,0.004388324758996684
osc_exp,140,0.01,0.5,167.0,0.48860976138834705,0,0.84,1.0,0,5.0,5.0,9,9,current_value,1.0,0.16,0,-0.4,0.09202791519601133,1.0,0.94,0.004388324758996684
osc_exp,140,0.02,0.5,167.0,0.48860976138834705,0,1.06,1.0,0,4.0,4.0,9,8,richardson_a10,1.08,0.02,0,0.14,0.09202791519601133,1.0,1.26,0.004388324758996684
power_law,20,0.0,0.5,56.0,0.4970969601452245,0,1.4,1.0,0,3.0,4.0,9,9,pade_22,1.4,0.0,0,0.8,0.06590933623381642,1.0,1.4,0.047203868084841345
power_law,20,0.003,0.5,56.0,0.4970969601452245,0,1.4,1.0,0,1.0,2.0,9,9,richardson_1,1.4,0.0,1,0.8,0.06590933623381642,1.0,1.12,0.047203868084841345
power_law,20,0.005,0.5,56.0,0.4970969601452245,0,1.4,1.0,0,2.0,2.0,9,9,log_linear,1.4,0.0,0,0.82,0.06590933623381642,1.0,1.2,0.047203868084841345
power_law,20,0.01,0.5,56.0,0.4970969601452245,0,1.38,1.0,0,4.0,2.0,9,9,pade_22,1.4,0.02,0,0.86,0.06590933623381642,1.0,1.18,0.047203868084841345
power_law,20,0.02,0.5,56.0,0.4970969601452245,0,1.4,1.0,0,1.0,2.0,9,9,richardson_1,1.4,0.0,1,0.84,0.06590933623381642,1.0,1.12,0.047203868084841345
power_law,30,0.0,0.5,83.0,0.4976885913869617,0,1.4,1.0,0,3.0,4.0,9,9,pade_22,1.4,0.0,0,0.7,0.054688229358510136,1.0,1.4,0.035982761209535044
power_law,30,0.003,0.5,83.0,0.4976885913869617,0,1.4,1.0,0,1.0,2.0,9,9,richardson_1,1.4,0.0,1,0.8,0.054688229358510136,1.0,1.24,0.035982761209535044
power_law,30,0.005,0.5,83.0,0.4976885913869617,0,1.4,1.0,0,1.0,2.0,9,9,richardson_1,1.4,0.0,1,0.72,0.054688229358510136,1.0,1.16,0.035982761209535044
power_law,30,0.01,0.5,83.0,0.4976885913869617,0,1.4,1.0,0,2.0,3.0,9,9,pade_22,1.4,0.0,0,0.84,0.054688229358510136,1.0,1.26,0.035982761209535044
power_law,30,0.02,0.5,83.0,0.4976885913869617,0,1.36,1.0,0,2.0,2.0,9,9,log_linear,1.36,0.0,0,0.6,0.054688229358510136,1.0,1.1,0.035982761209535044
power_law,40,0.0,0.5,110.0,0.4979922849102314,0,1.4,1.0,0,3.0,4.0,9,9,pade_22,1.4,0.0,0,0.7,0.04831038883034558,1.0,1.4,0.02960492068137049
power_law,40,0.003,0.5,110.0,0.4979922849102314,0,1.4,1.0,0,1.0,2.0,9,9,richardson_1,1.4,0.0,1,0.7,0.04831038883034558,1.0,1.18,0.02960492068137049
power_law,40,0.005,0.5,110.0,0.4979922849102314,0,1.38,1.0,0,3.0,2.0,9,9,pade_22,1.4,0.02,0,0.6,0.04831038883034558,1.0,1.18,0.02960492068137049
power_law,40,0.01,0.5,110.0,0.4979922849102314,0,1.26,1.0,0,3.0,3.0,9,9,pade_22,1.38,0.12,0,0.62,0.04831038883034558,1.0,0.98,0.02960492068137049
power_law,40,0.02,0.5,110.0,0.4979922849102314,0,1.36,1.0,0,1.0,1.0,9,9,richardson_1,1.36,0.0,1,0.24,0.04831038883034558,1.0,0.9,0.02960492068137049
power_law,50,0.0,0.5,137.0,0.49817710298069284,0,1.4,1.0,0,3.0,4.0,9,9,pade_22,1.4,0.0,0,0.6,0.04412541431701106,1.0,1.4,0.025419946168035966
power_law,50,0.003,0.5,137.0,0.49817710298069284,0,1.4,1.0,0,1.0,2.0,9,9,richardson_1,1.4,0.0,1,0.7,0.04412541431701106,1.0,1.12,0.025419946168035966
power_law,50,0.005,0.5,137.0,0.49817710298069284,0,1.4,1.0,0,1.0,2.0,9,9,richardson_1,1.4,0.0,1,0.6,0.04412541431701106,1.0,1.18,0.025419946168035966
power_law,50,0.01,0.5,137.0,0.49817710298069284,0,1.24,1.0,0,3.0,2.0,9,9,pade_22,1.38,0.14,0,0.44,0.04412541431701106,1.0,1.14,0.025419946168035966
power_law,50,0.02,0.5,137.0,0.49817710298069284,0,1.34,1.0,0,1.0,1.0,9,9,richardson_1,1.34,0.0,1,0.66,0.04412541431701106,1.0,1.14,0.025419946168035966
power_law,60,0.0,0.5,164.0,0.4983014186051584,0,1.4,1.0,0,3.0,3.0,9,9,pade_22,1.4,0.0,0,0.6,0.04113660195593356,1.0,1.4,0.022431133806958475
power_law,60,0.003,0.5,164.0,0.4983014186051584,0,1.4,1.0,0,1.0,1.0,9,9,richardson_1,1.4,0.0,1,0.62,0.04113660195593356,1.0,1.24,0.022431133806958475
power_law,60,0.005,0.5,164.0,0.4983014186051584,0,1.4,1.0,0,1.0,1.0,9,9,richardson_1,1.4,0.0,1,0.7,0.04113660195593356,1.0,1.22,0.022431133806958475
power_law,60,0.01,0.5,164.0,0.4983014186051584,0,1.38,1.0,0,2.0,1.0,9,9,pade_22,1.4,0.02,0,0.74,0.04113660195593356,1.0,1.24,0.022431133806958475
power_law,60,0.02,0.5,164.0,0.4983014186051584,0,1.24,1.0,0,2.0,1.0,9,9,rational_fit,1.3,0.06,0,0.42,0.04113660195593356,1.0,0.88,0.022431133806958475
power_law,70,0.0,0.5,191.0,0.49839076225076534,0,1.4,1.0,0,2.0,2.0,9,9,pade_22,1.4,0.0,0,0.5,0.03887886940596419,1.0,1.4,0.020173401256989097
power_law,70,0.003,0.5,191.0,0.49839076225076534,0,1.4,1.0,0,2.0,2.0,9,9,pade_22,1.4,0.0,0,0.5,0.03887886940596419,1.0,1.18,0.020173401256989097
power_law,70,0.005,0.5,191.0,0.49839076225076534,0,1.4,1.0,0,1.0,1.0,9,9,richardson_1,1.4,0.0,1,0.6,0.03887886940596419,1.0,1.22,0.020173401256989097
power_law,70,0.01,0.5,191.0,0.49839076225076534,0,1.38,1.0,0,2.0,1.0,9,9,rational_fit,1.4,0.02,0,0.54,0.03887886940596419,1.0,1.2,0.020173401256989097
power_law,70,0.02,0.5,191.0,0.49839076225076534,0,1.16,1.0,0,3.0,1.0,9,9,rational_fit,1.26,0.1,0,0.6,0.03887886940596419,1.0,0.96,0.020173401256989097
power_law,80,0.0,0.5,218.0,0.4984580714226256,0,1.4,1.0,0,2.0,2.0,9,9,pade_22,1.4,0.0,0,0.5,0.03710382790222683,1.0,1.4,0.01839835975325174
power_law,80,0.003,0.5,218.0,0.4984580714226256,0,1.4,1.0,0,2.0,2.0,9,9,rational_fit,1.4,0.0,0,0.5,0.03710382790222683,1.0,1.26,0.01839835975325174
power_law,80,0.005,0.5,218.0,0.4984580714226256,0,1.4,1.0,0,1.0,1.0,9,9,richardson_1,1.4,0.0,1,0.4,0.03710382790222683,1.0,1.16,0.01839835975325174
power_law,80,0.01,0.5,218.0,0.4984580714226256,0,1.38,1.0,0,1.0,1.0,9,9,richardson_1,1.38,0.0,1,0.34,0.03710382790222683,1.0,1.2,0.01839835975325174
power_law,80,0.02,0.5,218.0,0.4984580714226256,0,1.36,1.0,0,1.0,3.0,9,9,richardson_1,1.36,0.0,1,0.24,0.03710382790222683,1.0,1.2,0.01839835975325174
power_law,90,0.0,0.5,244.0,0.4999340482202355,0,1.4,1.0,0,2.0,2.0,9,9,pade_22,1.4,0.0,0,0.5,0.035714270242836736,1.0,1.4,0.017008802093861648
power_law,90,0.003,0.5,244.0,0.4999340482202355,0,1.4,1.0,0,1.0,1.0,9,9,richardson_1,1.4,0.0,1,0.5,0.035714270242836736,1.0,1.18,0.017008802093861648
power_law,90,0.005,0.5,244.0,0.4999340482202355,0,1.38,1.0,0,1.0,1.0,9,9,richardson_1,1.38,0.0,1,0.3,0.035714270242836736,1.0,1.24,0.017008802093861648
power_law,90,0.01,0.5,244.0,0.4999340482202355,0,1.26,1.0,0,3.0,1.0,9,9,richardson_a10,1.38,0.12,0,0.44,0.035714270242836736,1.0,1.08,0.017008802093861648
power_law,90,0.02,0.5,244.0,0.4999340482202355,0,1.38,1.0,0,1.0,1.0,9,8,richardson_1,1.38,0.0,1,0.7,0.035714270242836736,1.0,1.3,0.017008802093861648
power_law,100,0.0,0.5,271.0,0.49983507517699444,0,1.4,1.0,0,2.0,2.0,9,9,pade_22,1.4,0.0,0,0.5,0.03451400784734224,1.0,1.4,0.015808539698367145
power_law,100,0.003,0.5,271.0,0.49983507517699444,0,1.4,1.0,0,2.0,2.0,9,9,rational_fit,1.4,0.0,0,0.5,0.03451400784734224,1.0,1.28,0.015808539698367145
power_law,100,0.005,0.5,271.0,0.49983507517699444,0,1.4,1.0,0,1.0,1.0,9,9,richardson_1,1.4,0.0,1,0.42,0.03451400784734224,1.0,1.22,0.015808539698367145
power_law,100,0.01,0.5,271.0,0.49983507517699444,0,1.1,1.0,0,3.0,4.0,9,9,richardson_a10,1.36,0.26,0,0.26,0.03451400784734224,1.0,1.0,0.015808539698367145
power_law,100,0.02,0.5,271.0,0.49983507517699444,0,1.34,1.0,0,2.0,2.0,9,8,richardson_a10,1.36,0.02,0,0.56,0.03451400784734224,1.0,1.2,0.015808539698367145
power_law,110,0.0,0.5,298.0,0.49975397060287724,0,1.4,1.0,0,2.0,2.0,9,9,pade_22,1.4,0.0,0,0.5,0.03350064480887323,1.0,1.4,0.014795176659898141
power_law,110,0.003,0.5,298.0,0.49975397060287724,0,1.4,1.0,0,2.0,3.0,9,9,log_linear,1.4,0.0,0,0.5,0.03350064480887323,1.0,1.22,0.014795176659898141
power_law,110,0.005,0.5,298.0,0.49975397060287724,0,1.4,1.0,0,2.0,4.0,9,9,richardson_a10,1.4,0.0,0,0.54,0.03350064480887323,1.0,1.26,0.014795176659898141
power_law,110,0.01,0.5,298.0,0.49975397060287724,0,1.36,1.0,0,2.0,1.0,9,9,richardson_a10,1.38,0.02,0,0.42,0.03350064480887323,1.0,1.18,0.014795176659898141
power_law,110,0.02,0.5,298.0,0.49975397060287724,0,1.32,1.0,0,1.0,1.0,9,8,richardson_1,1.32,0.0,1,0.58,0.03350064480887323,1.0,1.1,0.014795176659898141
power_law,120,0.0,0.5,325.0,0.49968629621173266,0,1.4,1.0,0,1.0,1.0,9,9,richardson_1,1.4,0.0,1,0.5,0.03263182973099132,1.0,1.4,0.013926361582016229
power_law,120,0.003,0.5,325.0,0.49968629621173266,0,1.4,1.0,0,1.0,1.0,9,9,richardson_1,1.4,0.0,1,0.5,0.03263182973099132,1.0,1.26,0.013926361582016229
power_law,120,0.005,0.5,325.0,0.49968629621173266,0,1.38,1.0,0,3.0,4.0,9,9,richardson_a10,1.4,0.02,0,0.4,0.03263182973099132,1.0,1.24,0.013926361582016229
power_law,120,0.01,0.5,325.0,0.49968629621173266,0,1.34,1.0,0,3.0,4.0,9,9,richardson_a10,1.34,0.0,0,0.26,0.03263182973099132,1.0,1.08,0.013926361582016229
power_law,120,0.02,0.5,325.0,0.49968629621173266,0,1.1,1.0,0,3.0,4.0,9,8,richardson_a10,1.26,0.16,0,0.38,0.03263182973099132,1.0,1.18,0.013926361582016229
power_law,130,0.0,0.5,352.0,0.49962897120422933,0,1.4,1.0,0,1.0,1.0,9,9,richardson_1,1.4,0.0,1,0.5,0.031877345956856075,1.0,1.4,0.013171877807880983
power_law,130,0.003,0.5,352.0,0.49962897120422933,0,1.38,1.0,0,4.0,3.0,9,9,richardson_a10,1.4,0.02,0,0.52,0.031877345956856075,1.0,1.24,0.013171877807880983
power_law,130,0.005,0.5,352.0,0.49962897120422933,0,1.38,1.0,0,2.0,3.0,9,9,richardson_a10,1.4,0.02,0,0.42,0.031877345956856075,1.0,1.16,0.013171877807880983
power_law,130,0.01,0.5,352.0,0.49962897120422933,0,1.2,1.0,0,2.0,3.0,9,9,richardson_a10,1.2,0.0,0,0.24,0.031877345956856075,1.0,0.94,0.013171877807880983
power_law,130,0.02,0.5,352.0,0.49962897120422933,0,1.02,1.0,0,2.0,1.0,9,8,richardson_a10,1.12,0.1,0,0.46,0.031877345956856075,1.0,1.06,0.013171877807880983
power_law,140,0.0,0.5,379.0,0.49957979013550535,0,1.4,1.0,0,1.0,1.0,9,9,richardson_1,1.4,0.0,1,0.4,0.031215011871119136,1.0,1.4,0.012509543722144046
power_law,140,0.003,0.5,379.0,0.49957979013550535,0,1.4,1.0,0,1.0,1.0,9,9,richardson_1,1.4,0.0,1,0.5,0.031215011871119136,1.0,1.2,0.012509543722144046
power_law,140,0.005,0.5,379.0,0.49957979013550535,0,1.16,1.0,0,2.0,3.0,9,9,richardson_a10,1.38,0.22,0,0.2,0.031215011871119136,1.0,1.04,0.012509543722144046
power_law,140,0.01,0.5,379.0,0.49957979013550535,0,1.34,1.0,0,1.0,2.0,9,9,richardson_1,1.34,0.0,1,0.44,0.031215011871119136,1.0,1.1,0.012509543722144046
power_law,140,0.02,0.5,379.0,0.49957979013550535,0,1.24,1.0,0,1.0,1.0,9,8,richardson_1,1.24,0.0,1,0.84,0.031215011871119136,1.0,1.22,0.012509543722144046
rational_decay,20,0.0,0.5,65.0,0.5,0,1.4,1.0,0,7.0,7.0,9,9,pade_22,1.4,0.0,0,1.0,0.35909589472022774,1.0,1.12,0.22222222222222224
rational_decay,20,0.003,0.5,65.0,0.5,0,1.4,1.0,0,5.0,5.0,9,9,rational_fit,1.4,0.0,0,1.0,0.35909589472022774,1.0,1.24,0.22222222222222224
rational_decay,20,0.005,0.5,65.0,0.5,0,1.4,1.0,0,5.0,5.0,9,9,rational_fit,1.4,0.0,0,1.0,0.35909589472022774,1.0,1.22,0.22222222222222224
rational_decay,20,0.01,0.5,65.0,0.5,0,1.4,1.0,0,5.0,5.0,9,9,rational_fit,1.4,0.0,0,1.0,0.35909589472022774,1.0,1.2,0.22222222222222224
rational_decay,20,0.02,0.5,65.0,0.5,0,1.4,1.0,0,4.0,5.0,9,9,rational_fit,1.4,0.0,0,1.06,0.35909589472022774,1.0,1.24,0.22222222222222224
rational_decay,30,0.0,0.5,85.0,0.5,0,1.4,1.0,0,7.0,7.0,9,9,pade_22,1.4,0.0,0,1.0,0.3186918543161873,1.0,1.08,0.18181818181818182
rational_decay,30,0.003,0.5,85.0,0.5,0,1.4,1.0,0,5.0,5.0,9,9,rational_fit,1.4,0.0,0,1.0,0.3186918543161873,1.0,1.24,0.18181818181818182
rational_decay,30,0.005,0.5,85.0,0.5,0,1.4,1.0,0,5.0,5.0,9,9,rational_fit,1.4,0.0,0,1.02,0.3186918543161873,1.0,1.18,0.18181818181818182
rational_decay,30,0.01,0.5,85.0,0.5,0,1.4,1.0,0,5.0,5.0,9,9,rational_fit,1.4,0.0,0,1.0,0.3186918543161873,1.0,1.22,0.18181818181818182
rational_decay,30,0.02,0.5,85.0,0.5,0,1.4,1.0,0,4.0,5.0,9,9,rational_fit,1.4,0.0,0,1.02,0.3186918543161873,1.0,1.22,0.18181818181818182
rational_decay,40,0.0,0.5,105.0,0.5,0,1.4,1.0,0,7.0,7.0,9,9,rational_fit,1.4,0.0,0,1.0,0.2907198263441594,1.0,1.06,0.15384615384615385
rational_decay,40,0.003,0.5,105.0,0.5,0,1.4,1.0,0,5.0,5.0,9,9,rational_fit,1.4,0.0,0,1.0,0.2907198263441594,1.0,1.2,0.15384615384615385
rational_decay,40,0.005,0.5,105.0,0.5,0,1.4,1.0,0,5.0,5.0,9,9,rational_fit,1.4,0.0,0,1.0,0.2907198263441594,1.0,1.22,0.15384615384615385
rational_decay,40,0.01,0.5,105.0,0.5,0,1.38,1.0,0,5.0,5.0,9,9,rational_fit,1.4,0.02,0,1.0,0.2907198263441594,1.0,1.18,0.15384615384615385
rational_decay,40,0.02,0.5,105.0,0.5,0,1.38,1.0,0,5.0,5.0,9,9,rational_fit,1.4,0.02,0,0.92,0.2907198263441594,1.0,1.16,0.15384615384615385
rational_decay,50,0.0,0.5,125.0,0.5,0,1.4,1.0,0,7.0,7.0,9,9,rational_fit,1.4,0.0,0,1.0,0.27020700583133883,1.0,1.12,0.13333333333333333
rational_decay,50,0.003,0.5,125.0,0.5,0,1.4,1.0,0,5.0,5.0,9,9,rational_fit,1.4,0.0,0,1.0,0.27020700583133883,1.0,1.2,0.13333333333333333
rational_decay,50,0.005,0.5,125.0,0.5,0,1.4,1.0,0,5.0,5.0,9,9,rational_fit,1.4,0.0,0,1.0,0.27020700583133883,1.0,1.28,0.13333333333333333
rational_decay,50,0.01,0.5,125.0,0.5,0,1.36,1.0,0,5.0,5.0,9,9,rational_fit,1.4,0.04,0,1.02,0.27020700583133883,1.0,1.2,0.13333333333333333
rational_decay,50,0.02,0.5,125.0,0.5,0,1.36,1.0,0,5.0,5.0,9,9,rational_fit,1.4,0.04,0,1.02,0.27020700583133883,1.0,1.2,0.13333333333333333
rational_decay,60,0.0,0.5,145.0,0.5,0,1.4,1.0,0,7.0,7.0,9,9,pade_22,1.4,0.0,0,1.0,0.25452073132153497,1.0,1.12,0.11764705882352944
rational_decay,60,0.003,0.5,145.0,0.5,0,1.4,1.0,0,5.0,5.0,9,9,rational_fit,1.4,0.0,0,0.9,0.25452073132153497,1.0,1.22,0.11764705882352944
rational_decay,60,0.005,0.5,145.0,0.5,0,1.38,1.0,0,5.0,5.0,9,9,rational_fit,1.4,0.02,0,0.9,0.25452073132153497,1.0,1.16,0.11764705882352944
rational_decay,60,0.01,0.5,145.0,0.5,0,1.36,1.0,0,5.0,5.0,9,9,rational_fit,1.4,0.04,0,0.9,0.25452073132153497,1.0,1.22,0.11764705882352944
rational_decay,60,0.02,0.5,145.0,0.5,0,1.34,1.0,0,5.0,5.0,9,9,rational_fit,1.4,0.06,0,1.04,0.25452073132153497,1.0,1.14,0.11764705882352944
rational_decay,70,0.0,0.5,165.0,0.5,0,1.4,1.0,0,4.0,4.0,9,9,rational_fit,1.4,0.0,0,0.9,0.24213683039274234,1.0,1.06,0.10526315789473684
rational_decay,70,0.003,0.5,165.0,0.5,0,1.4,1.0,0,4.0,4.0,9,9,pade_22,1.4,0.0,0,0.9,0.24213683039274234,1.0,1.24,0.10526315789473684
rational_decay,70,0.005,0.5,165.0,0.5,0,1.4,1.0,0,4.0,4.0,9,9,rational_fit,1.4,0.0,0,0.92,0.24213683039274234,1.0,1.24,0.10526315789473684
rational_decay,70,0.01,0.5,165.0,0.5,0,1.4,1.0,0,3.0,3.0,9,9,rational_fit,1.4,0.0,0,0.9,0.24213683039274234,1.0,1.1,0.10526315789473684
rational_decay,70,0.02,0.5,165.0,0.5,0,1.4,1.0,0,3.0,3.0,9,9,rational_fit,1.4,0.0,0,1.04,0.24213683039274234,1.0,1.24,0.10526315789473684
rational_decay,80,0.0,0.5,185.0,0.5,0,1.4,1.0,0,3.0,3.0,9,9,pade_22,1.4,0.0,0,0.9,0.23211176773610073,1.0,1.06,0.09523809523809523
rational_decay,80,0.003,0.5,185.0,0.5,0,1.4,1.0,0,3.0,3.0,9,9,rational_fit,1.4,0.0,0,0.9,0.23211176773610073,1.0,1.1,0.09523809523809523
rational_decay,80,0.005,0.5,185.0,0.5,0,1.4,1.0,0,4.0,4.0,9,9,rational_fit,1.4,0.0,0,0.9,0.23211176773610073,1.0,1.26,0.09523809523809523
rational_decay,80,0.01,0.5,185.0,0.5,0,1.4,1.0,0,3.0,3.0,9,9,rational_fit,1.4,0.0,0,0.94,0.23211176773610073,1.0,1.18,0.09523809523809523
rational_decay,80,0.02,0.5,185.0,0.5,0,1.4,1.0,0,1.0,1.0,9,9,richardson_1,1.4,0.0,1,0.82,0.23211176773610073,1.0,1.22,0.09523809523809523
rational_decay,90,0.0,0.5,205.0,0.5,0,1.4,1.0,0,4.0,4.0,9,9,pade_22,1.4,0.0,0,0.9,0.22383019423713593,1.0,1.2,0.08695652173913043
rational_decay,90,0.003,0.5,205.0,0.5,0,1.4,1.0,0,4.0,4.0,9,9,rational_fit,1.4,0.0,0,0.8,0.22383019423713593,1.0,1.2,0.08695652173913043
rational_decay,90,0.005,0.5,205.0,0.5,0,1.4,1.0,0,4.0,4.0,9,9,rational_fit,1.4,0.0,0,0.9,0.22383019423713593,1.0,1.2,0.08695652173913043
rational_decay,90,0.01,0.5,205.0,0.5,0,1.4,1.0,0,2.0,2.0,9,9,rational_fit,1.4,0.0,0,0.8,0.22383019423713593,1.0,1.16,0.08695652173913043
rational_decay,90,0.02,0.5,205.0,0.5,0,1.4,1.0,0,2.0,2.0,9,8,log_linear,1.4,0.0,0,0.78,0.22383019423713593,1.0,1.24,0.08695652173913043
rational_decay,100,0.0,0.5,225.0,0.5,0,1.4,1.0,0,3.0,3.0,9,9,rational_fit,1.4,0.0,0,0.7,0.21687367249800552,1.0,1.06,0.08000000000000002
rational_decay,100,0.003,0.5,225.0,0.5,0,1.4,1.0,0,3.0,3.0,9,9,rational_fit,1.4,0.0,0,0.8,0.21687367249800552,1.0,1.16,0.08000000000000002
rational_decay,100,0.005,0.5,225.0,0.5,0,1.4,1.0,0,2.0,2.0,9,9,rational_fit,1.4,0.0,0,0.6,0.21687367249800552,1.0,1.22,0.08000000000000002
rational_decay,100,0.01,0.5,225.0,0.5,0,1.4,1.0,0,1.0,1.0,9,9,richardson_1,1.4,0.0,1,0.84,0.21687367249800552,1.0,1.28,0.08000000000000002
rational_decay,100,0.02,0.5,225.0,0.5,0,1.4,1.0,0,2.0,2.0,9,8,log_linear,1.4,0.0,0,0.86,0.21687367249800552,1.0,1.3,0.08000000000000002
rational_decay,110,0.0,0.5,245.0,0.5,0,1.4,1.0,0,3.0,3.0,9,9,pade_22,1.4,0.0,0,0.7,0.21094774657207957,1.0,1.06,0.07407407407407407
rational_decay,110,0.003,0.5,245.0,0.5,0,1.4,1.0,0,2.0,2.0,9,9,rational_fit,1.4,0.0,0,0.7,0.21094774657207957,1.0,1.16,0.07407407407407407
rational_decay,110,0.005,0.5,245.0,0.5,0,1.4,1.0,0,2.0,2.0,9,9,rational_fit,1.4,0.0,0,0.7,0.21094774657207957,1.0,1.26,0.07407407407407407
rational_decay,110,0.01,0.5,245.0,0.5,0,1.4,1.0,0,1.0,1.0,9,9,richardson_1,1.4,0.0,1,0.8,0.21094774657207957,1.0,1.2,0.07407407407407407
rational_decay,110,0.02,0.5,245.0,0.5,0,1.4,1.0,0,2.0,2.0,9,9,log_linear,1.4,0.0,0,0.62,0.21094774657207957,1.0,1.14,0.07407407407407407
rational_decay,120,0.0,0.5,265.0,0.5,0,1.4,1.0,0,3.0,3.0,9,9,pade_22,1.4,0.0,0,0.7,0.2058391897393848,1.0,1.16,0.06896551724137931
rational_decay,120,0.003,0.5,265.0,0.5,0,1.4,1.0,0,2.0,2.0,9,9,rational_fit,1.4,0.0,0,0.6,0.2058391897393848,1.0,1.2,0.06896551724137931
rational_decay,120,0.005,0.5,265.0,0.5,0,1.4,1.0,0,1.0,1.0,9,9,richardson_1,1.4,0.0,1,0.6,0.2058391897393848,1.0,1.3,0.06896551724137931
rational_decay,120,0.01,0.5,265.0,0.5,0,1.4,1.0,0,1.0,1.0,9,8,richardson_1,1.4,0.0,1,0.4,0.2058391897393848,1.0,1.22,0.06896551724137931
rational_decay,120,0.02,0.5,265.0,0.5,0,1.4,1.0,0,2.0,2.0,9,9,log_linear,1.4,0.0,0,0.64,0.2058391897393848,1.0,1.2,0.06896551724137931
rational_decay,130,0.0,0.5,285.0,0.5,0,1.4,1.0,0,3.0,3.0,9,9,pade_22,1.4,0.0,0,0.5,0.20138980153026356,1.0,1.02,0.06451612903225806
rational_decay,130,0.003,0.5,285.0,0.5,0,1.4,1.0,0,1.0,1.0,9,9,richardson_1,1.4,0.0,1,0.4,0.20138980153026356,1.0,1.22,0.06451612903225806
rational_decay,130,0.005,0.5,285.0,0.5,0,1.4,1.0,0,1.0,1.0,9,9,richardson_1,1.4,0.0,1,0.6,0.20138980153026356,1.0,1.18,0.06451612903225806
rational_decay,130,0.01,0.5,285.0,0.5,0,1.4,1.0,0,1.0,1.0,9,9,richardson_1,1.4,0.0,1,0.52,0.20138980153026356,1.0,1.18,0.06451612903225806
rational_decay,130,0.02,0.5,285.0,0.5,0,1.4,1.0,0,1.0,2.0,9,9,richardson_1,1.4,0.0,1,0.7,0.20138980153026356,1.0,1.24,0.06451612903225806
rational_decay,140,0.0,0.5,305.0,0.5,0,1.4,1.0,0,3.0,3.0,9,9,rational_fit,1.4,0.0,0,0.3,0.1974797331040661,1.0,1.02,0.06060606060606061
rational_decay,140,0.003,0.5,305.0,0.5,0,1.4,1.0,0,1.0,1.0,9,9,richardson_1,1.4,0.0,1,0.3,0.1974797331040661,1.0,1.14,0.06060606060606061
rational_decay,140,0.005,0.5,305.0,0.5,0,1.4,1.0,0,1.0,1.0,9,9,richardson_1,1.4,0.0,1,0.5,0.1974797331040661,1.0,1.26,0.06060606060606061
rational_decay,140,0.01,0.5,305.0,0.5,0,1.4,1.0,0,1.0,1.0,9,9,richardson_1,1.4,0.0,1,0.3,0.1974797331040661,1.0,1.2,0.06060606060606061
rational_decay,140,0.02,0.5,305.0,0.5,0,1.4,1.0,0,1.0,1.0,9,9,richardson_1,1.4,0.0,1,0.54,0.1974797331040661,1.0,1.22,0.06060606060606061
single_exp,20,0.0,0.5,38.0,0.4867522559599716,0,1.08,1.0,0,7.0,8.0,9,9,single_exp_fit,1.4,0.32,0,1.14,0.1873130717599767,1.0,1.4,0.16403391521416105
single_exp,20,0.003,0.5,38.0,0.4867522559599716,0,1.08,1.0,0,6.0,6.0,9,9,single_exp_fit,1.4,0.32,0,1.14,0.1873130717599767,1.0,1.4,0.16403391521416105
single_exp,20,0.005,0.5,38.0,0.4867522559599716,0,1.04,1.0,0,6.0,6.0,9,9,single_exp_fit,1.4,0.36,0,1.12,0.1873130717599767,1.0,1.4,0.16403391521416105
single_exp,20,0.01,0.5,38.0,0.4867522559599716,0,1.14,1.0,0,6.0,6.0,9,9,single_exp_fit,1.4,0.26,0,1.14,0.1873130717599767,1.0,1.4,0.16403391521416105
single_exp,20,0.02,0.5,38.0,0.4867522559599716,0,1.08,1.0,0,5.0,6.0,9,9,single_exp_fit,1.4,0.32,0,1.06,0.1873130717599767,1.0,1.22,0.16403391521416105
single_exp,30,0.0,0.5,48.0,0.4867522559599716,0,1.0,1.0,0,8.0,8.0,9,9,single_exp_fit,1.4,0.4,0,1.08,0.13323437814357825,1.0,1.4,0.10995522159776261
single_exp,30,0.003,0.5,48.0,0.4867522559599716,0,1.0,1.0,0,8.0,8.0,9,9,single_exp_fit,1.4,0.4,0,1.04,0.13323437814357825,1.0,1.4,0.10995522159776261
single_exp,30,0.005,0.5,48.0,0.4867522559599716,0,1.0,1.0,0,8.0,8.0,9,9,single_exp_fit,1.4,0.4,0,1.06,0.13323437814357825,1.0,1.38,0.10995522159776261
single_exp,30,0.01,0.5,48.0,0.4867522559599716,0,1.0,1.0,0,8.0,8.0,9,9,single_exp_fit,1.4,0.4,0,1.1,0.13323437814357825,1.0,1.36,0.10995522159776261
single_exp,30,0.02,0.5,48.0,0.4867522559599716,0,1.04,1.0,0,7.0,8.0,9,9,single_exp_fit,1.4,0.36,0,0.96,0.13323437814357825,1.0,1.18,0.10995522159776261
single_exp,40,0.0,0.5,58.0,0.48675225595997174,0,1.0,1.0,0,8.0,8.0,9,9,single_exp_fit,1.4,0.4,0,0.8,0.0969843457490868,1.0,1.4,0.07370518920327115
single_exp,40,0.003,0.5,58.0,0.48675225595997174,0,1.0,1.0,0,8.0,8.0,9,9,single_exp_fit,1.4,0.4,0,0.82,0.0969843457490868,1.0,1.38,0.07370518920327115
single_exp,40,0.005,0.5,58.0,0.48675225595997174,0,1.0,1.0,0,8.0,8.0,9,9,single_exp_fit,1.4,0.4,0,0.84,0.0969843457490868,1.0,1.28,0.07370518920327115
single_exp,40,0.01,0.5,58.0,0.48675225595997174,0,1.0,1.0,0,8.0,8.0,9,9,single_exp_fit,1.4,0.4,0,0.88,0.0969843457490868,1.0,1.26,0.07370518920327115
single_exp,40,0.02,0.5,58.0,0.48675225595997174,0,1.0,1.0,0,8.0,8.0,9,9,single_exp_fit,1.4,0.4,0,0.84,0.0969843457490868,1.0,1.22,0.07370518920327115
single_exp,50,0.0,0.5,68.0,0.4867522559599715,0,1.0,1.0,0,8.0,8.0,9,9,single_exp_fit,1.4,0.4,0,0.7,0.07268522236561786,1.0,1.4,0.04940606581980221
single_exp,50,0.003,0.5,68.0,0.4867522559599715,0,1.0,1.0,0,8.0,8.0,9,9,single_exp_fit,1.4,0.4,0,0.74,0.07268522236561786,1.0,1.28,0.04940606581980221
single_exp,50,0.005,0.5,68.0,0.4867522559599715,0,1.0,1.0,0,8.0,8.0,9,9,single_exp_fit,1.4,0.4,0,0.74,0.07268522236561786,1.0,1.26,0.04940606581980221
single_exp,50,0.01,0.5,68.0,0.4867522559599715,0,1.0,1.0,0,8.0,8.0,9,9,single_exp_fit,1.4,0.4,0,0.68,0.07268522236561786,1.0,1.26,0.04940606581980221
single_exp,50,0.02,0.5,68.0,0.4867522559599715,0,0.7,1.0,0,8.0,8.0,9,9,single_exp_fit,1.4,0.7,0,0.54,0.07268522236561786,1.0,1.22,0.04940606581980221
single_exp,60,0.0,0.5,78.0,0.4867522559599715,0,1.0,1.0,0,8.0,8.0,9,9,single_exp_fit,1.4,0.4,0,0.5,0.0563970328605853,1.0,1.4,0.033117876314769645
single_exp,60,0.003,0.5,78.0,0.4867522559599715,0,1.0,1.0,0,7.0,8.0,9,9,single_exp_fit,1.4,0.4,0,0.5,0.0563970328605853,1.0,1.26,0.033117876314769645
single_exp,60,0.005,0.5,78.0,0.4867522559599715,0,1.0,1.0,0,8.0,8.0,9,9,single_exp_fit,1.4,0.4,0,0.62,0.0563970328605853,1.0,1.28,0.033117876314769645
single_exp,60,0.01,0.5,78.0,0.4867522559599715,0,0.8,1.0,0,8.0,8.0,9,9,single_exp_fit,1.4,0.6,0,0.56,0.0563970328605853,1.0,1.18,0.033117876314769645
single_exp,60,0.02,0.5,78.0,0.4867522559599715,0,0.4,1.0,0,8.0,8.0,9,9,single_exp_fit,1.38,0.98,0,0.46,0.0563970328605853,1.0,1.18,0.033117876314769645
single_exp,70,0.0,0.5,88.0,0.48675225595997174,0,1.16,1.0,0,7.0,8.0,9,9,single_exp_fit,1.4,0.24,0,0.3,0.04547873292173465,1.0,1.4,0.022199576375919
single_exp,70,0.003,0.5,88.0,0.48675225595997174,0,1.16,1.0,0,5.0,8.0,9,9,single_exp_fit,1.4,0.24,0,0.3,0.04547873292173465,1.0,1.22,0.022199576375919
single_exp,70,0.005,0.5,88.0,0.48675225595997174,0,1.14,1.0,0,4.0,8.0,9,9,single_exp_fit,1.4,0.26,0,0.3,0.04547873292173465,1.0,1.16,0.022199576375919
single_exp,70,0.01,0.5,88.0,0.48675225595997174,0,0.94,1.0,0,7.0,8.0,9,9,single_exp_fit,1.38,0.44,0,0.22,0.04547873292173465,1.0,1.22,0.022199576375919
single_exp,70,0.02,0.5,88.0,0.48675225595997174,0,0.88,1.0,0,5.0,7.0,9,9,single_exp_fit,1.34,0.46,0,0.16,0.04547873292173465,1.0,1.02,0.022199576375919
single_exp,80,0.0,0.5,98.0,0.48675225595997174,0,1.08,1.0,0,8.0,9.0,9,9,single_exp_fit,1.4,0.32,0,0.1,0.03815997760409336,1.0,1.4,0.014880821058277715
single_exp,80,0.003,0.5,98.0,0.48675225595997174,0,1.12,1.0,0,7.0,9.0,9,9,single_exp_fit,1.4,0.28,0,0.3,0.03815997760409336,1.0,1.24,0.014880821058277715
single_exp,80,0.005,0.5,98.0,0.48675225595997174,0,1.02,1.0,0,8.0,9.0,9,9,single_exp_fit,1.4,0.38,0,0.34,0.03815997760409336,1.0,1.24,0.014880821058277715
single_exp,80,0.01,0.5,98.0,0.48675225595997174,0,0.86,1.0,0,9.0,9.0,9,9,single_exp_fit,1.38,0.52,0,0.34,0.03815997760409336,1.0,1.16,0.014880821058277715
single_exp,80,0.02,0.5,98.0,0.48675225595997174,0,0.6,1.0,0,8.0,8.0,9,9,richardson_a10,1.28,0.68,0,0.34,0.03815997760409336,1.0,0.98,0.014880821058277715
single_exp,90,0.0,0.5,108.0,0.4867522559599715,0,1.04,1.0,0,6.0,8.0,9,9,single_exp_fit,1.4,0.36,0,0.1,0.03325406920264847,1.0,1.4,0.009974912656832823
single_exp,90,0.003,0.5,108.0,0.4867522559599715,0,0.84,1.0,0,8.0,8.0,9,9,single_exp_fit,1.4,0.56,0,0.0,0.03325406920264847,1.0,1.18,0.009974912656832823
single_exp,90,0.005,0.5,108.0,0.4867522559599715,0,0.54,1.0,0,9.0,8.0,9,9,single_exp_fit,1.36,0.82,0,0.02,0.03325406920264847,1.0,1.06,0.009974912656832823
single_exp,90,0.01,0.5,108.0,0.4867522559599715,0,0.38,1.0,0,7.0,8.0,9,9,single_exp_fit,1.18,0.8,0,-0.4,0.03325406920264847,1.0,0.88,0.009974912656832823
single_exp,90,0.02,0.5,108.0,0.4867522559599715,0,0.88,1.0,0,6.0,6.0,9,8,richardson_a10,1.18,0.3,0,0.44,0.03325406920264847,1.0,1.1,0.009974912656832823
single_exp,100,0.0,0.5,118.0,0.48675225595997185,0,1.04,1.0,0,6.0,8.0,9,9,single_exp_fit,1.4,0.36,0,0.1,0.029965540457145314,1.0,1.4,0.006686383911329665
single_exp,100,0.003,0.5,118.0,0.48675225595997185,0,0.74,1.0,0,7.0,8.0,9,9,single_exp_fit,1.38,0.64,0,-0.1,0.029965540457145314,1.0,1.22,0.006686383911329665
single_exp,100,0.005,0.5,118.0,0.48675225595997185,0,0.32,1.0,0,8.0,8.0,9,9,single_exp_fit,1.36,1.04,0,-0.1,0.029965540457145314,1.0,0.92,0.006686383911329665
single_exp,100,0.01,0.5,118.0,0.48675225595997185,0,0.76,1.0,0,5.0,7.0,9,9,single_exp_fit,1.1,0.34,0,-0.04,0.029965540457145314,1.0,0.86,0.006686383911329665
single_exp,100,0.02,0.5,118.0,0.48675225595997185,0,1.02,1.0,0,3.0,6.0,9,8,single_exp_fit,1.24,0.22,0,0.3,0.029965540457145314,1.0,1.22,0.006686383911329665
single_exp,110,0.0,0.5,128.0,0.48675225595997185,0,1.0,1.0,0,9.0,9.0,9,9,single_exp_fit,1.4,0.4,0,-0.2,0.027761173717070105,1.0,1.4,0.004482017171254458
single_exp,110,0.003,0.5,128.0,0.48675225595997185,0,0.32,1.0,0,9.0,9.0,9,9,single_exp_fit,1.28,0.96,0,-0.5,0.027761173717070105,1.0,0.98,0.004482017171254458
single_exp,110,0.005,0.5,128.0,0.48675225595997185,0,0.52,1.0,0,7.0,7.0,9,9,single_exp_fit,1.12,0.6,0,-0.1,0.027761173717070105,1.0,0.8,0.004482017171254458
single_exp,110,0.01,0.5,128.0,0.48675225595997185,0,0.3,1.0,0,6.0,6.0,9,8,single_exp_fit,1.14,0.84,0,-0.36,0.027761173717070105,1.0,1.0,0.004482017171254458
single_exp,110,0.02,0.5,128.0,0.48675225595997185,0,1.12,1.0,0,3.0,3.0,9,8,single_exp_fit,1.24,0.12,0,0.22,0.027761173717070105,1.0,1.32,0.004482017171254458
single_exp,120,0.0,0.5,138.0,0.4867522559599714,0,1.0,1.0,0,9.0,9.0,9,9,single_exp_fit,1.4,0.4,0,-0.3,0.02628354250238346,1.0,1.4,0.003004385956567813
single_exp,120,0.003,0.5,138.0,0.4867522559599714,0,0.7,1.0,0,9.0,9.0,9,9,single_exp_fit,1.38,0.68,0,-0.36,0.02628354250238346,1.0,1.14,0.003004385956567813
single_exp,120,0.005,0.5,138.0,0.4867522559599714,0,1.12,1.0,0,3.0,8.0,9,9,single_exp_fit,1.36,0.24,0,-0.18,0.02628354250238346,1.0,1.34,0.003004385956567813
single_exp,120,0.01,0.5,138.0,0.4867522559599714,0,0.68,1.0,0,6.0,6.0,9,7,single_exp_fit,1.18,0.5,0,-0.26,0.02628354250238346,1.0,0.96,0.003004385956567813
single_exp,120,0.02,0.5,138.0,0.4867522559599714,0,1.02,1.0,0,3.0,5.0,9,8,single_exp_fit,1.36,0.34,0,0.16,0.02628354250238346,1.0,1.32,0.003004385956567813
single_exp,130,0.0,0.5,148.0,0.4867522559599718,0,1.06,1.0,0,6.0,8.0,9,9,single_exp_fit,1.4,0.34,0,-0.3,0.025293056678531014,1.0,1.4,0.0020139001327153655
single_exp,130,0.003,0.5,148.0,0.4867522559599718,0,0.56,1.0,0,6.0,7.0,9,9,single_exp_fit,1.02,0.46,0,-0.48,0.025293056678531014,1.0,0.94,0.0020139001327153655
single_exp,130,0.005,0.5,148.0,0.4867522559599718,0,1.0,1.0,0,6.0,7.0,9,9,single_exp_fit,1.24,0.24,0,-0.4,0.025293056678531014,1.0,1.22,0.0020139001327153655
single_exp,130,0.01,0.5,148.0,0.4867522559599718,0,0.52,1.0,0,3.0,5.0,9,8,current_value,1.0,0.48,0,-0.48,0.025293056678531014,1.0,1.02,0.0020139001327153655
single_exp,130,0.02,0.5,148.0,0.4867522559599718,0,1.2,1.0,0,2.0,2.0,9,8,single_exp_fit,1.22,0.02,0,0.3,0.025293056678531014,1.0,1.38,0.0020139001327153655
single_exp,140,0.0,0.5,158.0,0.4867522559599718,0,1.06,1.0,0,7.0,7.0,9,9,single_exp_fit,1.4,0.34,0,-0.7,0.024629114175488593,1.0,1.4,0.0013499576296729428
single_exp,140,0.003,0.5,158.0,0.4867522559599718,0,0.72,1.0,0,6.0,5.0,9,9,single_exp_fit,1.32,0.6,0,-0.6,0.024629114175488593,1.0,1.28,0.0013499576296729428
single_exp,140,0.005,0.5,158.0,0.4867522559599718,0,0.76,1.0,0,5.0,5.0,9,8,single_exp_fit,1.18,0.42,0,-0.58,0.024629114175488593,1.0,1.24,0.0013499576296729428
single_exp,140,0.01,0.5,158.0,0.4867522559599718,0,1.3,1.0,0,3.0,3.0,9,8,single_exp_fit,1.32,0.02,0,0.06,0.024629114175488593,1.0,1.4,0.0013499576296729428
single_exp,140,0.02,0.5,158.0,0.4867522559599718,0,1.32,1.0,0,1.0,1.0,9,8,richardson_1,1.32,0.0,1,0.14,0.024629114175488593,1.0,1.26,0.0013499576296729428
slow_osc_power,20,0.0,0.5,62.0,0.4954871970126751,0,1.4,1.0,0,1.0,1.0,9,9,richardson_1,1.4,0.0,1,0.1,0.12917367832682894,1.0,1.4,0.046387475543567445
slow_osc_power,20,0.003,0.5,62.0,0.4954871970126751,0,1.4,1.0,0,1.0,1.0,9,9,richardson_1,1.4,0.0,1,0.1,0.12917367832682894,1.0,1.18,0.046387475543567445
slow_osc_power,20,0.005,0.5,62.0,0.4954871970126751,0,1.4,1.0,0,1.0,1.0,9,9,richardson_1,1.4,0.0,1,0.1,0.12917367832682894,1.0,1.2,0.046387475543567445
slow_osc_power,20,0.01,0.5,62.0,0.4954871970126751,0,1.38,1.0,0,3.0,1.0,9,9,pade_22,1.4,0.02,0,0.12,0.12917367832682894,1.0,1.22,0.046387475543567445
slow_osc_power,20,0.02,0.5,62.0,0.4954871970126751,0,1.38,1.0,0,2.0,1.0,9,9,rational_fit,1.4,0.02,0,0.16,0.12917367832682894,1.0,1.2,0.046387475543567445
slow_osc_power,30,0.0,0.5,64.0,0.4930220708946413,0,1.4,1.0,0,3.0,3.0,9,9,log_linear,1.4,0.0,0,0.1,0.12680651656617703,1.0,1.4,0.04402031378291554
slow_osc_power,30,0.003,0.5,64.0,0.4930220708946413,0,1.4,1.0,0,3.0,3.0,9,9,log_linear,1.4,0.0,0,0.1,0.12680651656617703,1.0,1.26,0.04402031378291554
slow_osc_power,30,0.005,0.5,64.0,0.4930220708946413,0,1.4,1.0,0,2.0,2.0,9,9,log_linear,1.4,0.0,0,0.1,0.12680651656617703,1.0,1.14,0.04402031378291554
slow_osc_power,30,0.01,0.5,64.0,0.4930220708946413,0,1.4,1.0,0,3.0,3.0,9,9,log_linear,1.4,0.0,0,0.14,0.12680651656617703,1.0,1.22,0.04402031378291554
slow_osc_power,30,0.02,0.5,64.0,0.4930220708946413,0,1.36,1.0,0,1.0,3.0,9,9,richardson_1,1.36,0.0,1,0.24,0.12680651656617703,1.0,1.06,0.04402031378291554
slow_osc_power,40,0.0,0.5,69.0,0.4964783345321535,0,1.4,1.0,0,2.0,2.0,9,9,log_linear,1.4,0.0,0,0.1,0.12159895142559762,1.0,1.4,0.03881274864233613
slow_osc_power,40,0.003,0.5,69.0,0.4964783345321535,0,1.4,1.0,0,2.0,2.0,9,9,log_linear,1.4,0.0,0,0.1,0.12159895142559762,1.0,1.24,0.03881274864233613
slow_osc_power,40,0.005,0.5,69.0,0.4964783345321535,0,1.4,1.0,0,3.0,3.0,9,9,log_linear,1.4,0.0,0,0.1,0.12159895142559762,1.0,1.2,0.03881274864233613
slow_osc_power,40,0.01,0.5,69.0,0.4964783345321535,0,1.32,1.0,0,3.0,3.0,9,9,log_linear,1.4,0.08,0,0.02,0.12159895142559762,1.0,1.2,0.03881274864233613
slow_osc_power,40,0.02,0.5,69.0,0.4964783345321535,0,1.22,1.0,0,3.0,4.0,9,9,log_linear,1.4,0.18,0,-0.02,0.12159895142559762,1.0,1.18,0.03881274864233613
slow_osc_power,50,0.0,0.5,79.0,0.49925204009444785,0,1.0,1.0,0,6.0,6.0,9,9,levin_t2,1.4,0.4,0,0.1,0.11435383454843852,1.0,1.4,0.03156763176517702
slow_osc_power,50,0.003,0.5,79.0,0.49925204009444785,0,1.08,1.0,0,5.0,6.0,9,9,log_linear,1.4,0.32,0,0.1,0.11435383454843852,1.0,1.14,0.03156763176517702
slow_osc_power,50,0.005,0.5,79.0,0.49925204009444785,0,1.16,1.0,0,4.0,6.0,9,9,log_linear,1.4,0.24,0,0.1,0.11435383454843852,1.0,1.2,0.03156763176517702
slow_osc_power,50,0.01,0.5,79.0,0.49925204009444785,0,1.12,1.0,0,5.0,6.0,9,9,log_linear,1.38,0.26,0,0.04,0.11435383454843852,1.0,1.22,0.03156763176517702
slow_osc_power,50,0.02,0.5,79.0,0.49925204009444785,0,0.78,1.0,0,4.0,3.0,9,9,log_linear,1.2,0.42,0,-0.2,0.11435383454843852,1.0,0.78,0.03156763176517702
slow_osc_power,60,0.0,0.5,192.0,0.4962167043449347,0,1.0,1.0,0,6.0,6.0,9,9,levin_t2,1.4,0.4,0,0.0,0.10705375089556232,1.0,1.4,0.02426754811230082
slow_osc_power,60,0.003,0.5,192.0,0.4962167043449347,0,1.14,1.0,0,5.0,5.0,9,9,pade_22,1.38,0.24,0,0.0,0.10705375089556232,1.0,1.24,0.02426754811230082
slow_osc_power,60,0.005,0.5,192.0,0.4962167043449347,0,1.22,1.0,0,3.0,3.0,9,9,pade_22,1.4,0.18,0,0.0,0.10705375089556232,1.0,1.26,0.02426754811230082
slow_osc_power,60,0.01,0.5,192.0,0.4962167043449347,0,1.14,1.0,0,4.0,4.0,9,9,pade_22,1.4,0.26,0,0.02,0.10705375089556232,1.0,1.22,0.02426754811230082
slow_osc_power,60,0.02,0.5,192.0,0.4962167043449347,0,0.98,1.0,0,3.0,5.0,9,9,log_linear,1.16,0.18,0,-0.14,0.10705375089556232,1.0,1.12,0.02426754811230082
slow_osc_power,70,0.0,0.5,213.0,0.49794658177895434,0,1.4,1.0,0,1.0,1.0,9,8,richardson_1,1.4,0.0,1,0.0,0.10165725713177132,1.0,1.4,0.01887105434850983
slow_osc_power,70,0.003,0.5,213.0,0.49794658177895434,0,1.4,1.0,0,2.0,2.0,9,9,log_linear,1.4,0.0,0,0.0,0.10165725713177132,1.0,1.22,0.01887105434850983
slow_osc_power,70,0.005,0.5,213.0,0.49794658177895434,0,1.4,1.0,0,1.0,1.0,9,9,richardson_1,1.4,0.0,1,-0.1,0.10165725713177132,1.0,1.1,0.01887105434850983
slow_osc_power,70,0.01,0.5,213.0,0.49794658177895434,0,1.28,1.0,0,1.0,2.0,9,9,richardson_1,1.28,0.0,1,-0.28,0.10165725713177132,1.0,1.06,0.01887105434850983
slow_osc_power,70,0.02,0.5,213.0,0.49794658177895434,0,1.2,1.0,0,2.0,2.0,9,9,log_linear,1.24,0.04,0,-0.14,0.10165725713177132,1.0,0.9,0.01887105434850983
slow_osc_power,80,0.0,0.5,234.0,0.49745911093996537,0,1.2,1.0,0,5.0,6.0,9,9,richardson_a10,1.4,0.2,0,0.0,0.09824158570767194,1.0,1.4,0.015455382924410448
slow_osc_power,80,0.003,0.5,234.0,0.49745911093996537,0,1.22,1.0,0,2.0,2.0,9,9,richardson_a10,1.4,0.18,0,-0.2,0.09824158570767194,1.0,1.2,0.015455382924410448
slow_osc_power,80,0.005,0.5,234.0,0.49745911093996537,0,1.2,1.0,0,3.0,5.0,9,9,richardson_a10,1.4,0.2,0,0.02,0.09824158570767194,1.0,1.3,0.015455382924410448
slow_osc_power,80,0.01,0.5,234.0,0.49745911093996537,0,1.12,1.0,0,2.0,2.0,9,9,richardson_a10,1.32,0.2,0,-0.24,0.09824158570767194,1.0,1.02,0.015455382924410448
slow_osc_power,80,0.02,0.5,234.0,0.49745911093996537,0,1.06,1.0,0,3.0,2.0,9,9,richardson_a10,1.32,0.26,0,0.04,0.09824158570767194,1.0,1.14,0.015455382924410448
slow_osc_power,90,0.0,0.5,415.0,0.49840630355024784,0,0.64,1.0,0,8.0,7.0,9,9,levin_t2,1.4,0.76,0,-0.3,0.09676000816027765,1.0,1.4,0.013973805377016146
slow_osc_power,90,0.003,0.5,415.0,0.49840630355024784,0,0.76,1.0,0,7.0,6.0,9,9,anderson_1,1.28,0.52,0,-0.1,0.09676000816027765,1.0,1.26,0.013973805377016146
slow_osc_power,90,0.005,0.5,415.0,0.49840630355024784,0,0.6,1.0,0,7.0,6.0,9,8,levin_t2,1.26,0.66,0,-0.06,0.09676000816027765,1.0,1.28,0.013973805377016146
slow_osc_power,90,0.01,0.5,415.0,0.49840630355024784,0,0.5,1.0,0,6.0,6.0,9,9,levin_t2,1.1,0.6,0,-0.24,0.09676000816027765,1.0,1.1,0.013973805377016146
slow_osc_power,90,0.02,0.5,415.0,0.49840630355024784,0,0.84,1.0,0,7.0,7.0,9,9,richardson_a10,1.26,0.42,0,-0.04,0.09676000816027765,1.0,1.22,0.013973805377016146
slow_osc_power,100,0.0,0.5,416.0,0.4989863079500811,0,1.02,1.0,0,5.0,5.0,9,9,single_exp_fit,1.4,0.38,0,-0.3,0.09665328557546363,1.0,1.4,0.013867082792202135
slow_osc_power,100,0.003,0.5,416.0,0.4989863079500811,0,1.1,1.0,0,4.0,5.0,9,9,single_exp_fit,1.4,0.3,0,-0.2,0.09665328557546363,1.0,1.24,0.013867082792202135
slow_osc_power,100,0.005,0.5,416.0,0.4989863079500811,0,1.14,1.0,0,3.0,5.0,9,9,single_exp_fit,1.36,0.22,0,-0.3,0.09665328557546363,1.0,1.22,0.013867082792202135
slow_osc_power,100,0.01,0.5,416.0,0.4989863079500811,0,0.98,1.0,0,5.0,5.0,9,9,single_exp_fit,1.2,0.22,0,-0.28,0.09665328557546363,1.0,1.1,0.013867082792202135
slow_osc_power,100,0.02,0.5,416.0,0.4989863079500811,0,0.86,1.0,0,3.0,3.0,9,8,current_value,1.0,0.14,0,0.06,0.09665328557546363,1.0,1.06,0.013867082792202135
slow_osc_power,110,0.0,0.5,248.0,0.49939863639679866,0,1.4,1.0,0,1.0,1.0,9,9,richardson_1,1.4,0.0,1,-0.1,0.09734086902217978,1.0,1.4,0.014554666238918275
slow_osc_power,110,0.003,0.5,248.0,0.49939863639679866,0,1.4,1.0,0,1.0,1.0,9,9,richardson_1,1.4,0.0,1,-0.2,0.09734086902217978,1.0,1.16,0.014554666238918275
slow_osc_power,110,0.005,0.5,248.0,0.49939863639679866,0,1.4,1.0,0,1.0,1.0,9,9,richardson_1,1.4,0.0,1,-0.1,0.09734086902217978,1.0,1.18,0.014554666238918275
slow_osc_power,110,0.01,0.5,248.0,0.49939863639679866,0,1.06,1.0,0,2.0,1.0,9,9,single_exp_fit,1.12,0.06,0,-0.28,0.09734086902217978,1.0,0.74,0.014554666238918275
slow_osc_power,110,0.02,0.5,248.0,0.49939863639679866,0,1.22,1.0,0,2.0,2.0,9,8,richardson_a10,1.26,0.04,0,-0.14,0.09734086902217978,1.0,1.14,0.014554666238918275
slow_osc_power,120,0.0,0.5,234.0,0.4980947588435965,0,1.4,1.0,0,4.0,4.0,9,9,log_linear,1.4,0.0,0,-0.1,0.09824158570767194,1.0,1.4,0.015455382924410448
slow_osc_power,120,0.003,0.5,234.0,0.4980947588435965,0,1.4,1.0,0,4.0,4.0,9,9,log_linear,1.4,0.0,0,0.0,0.09824158570767194,1.0,1.22,0.015455382924410448
slow_osc_power,120,0.005,0.5,234.0,0.4980947588435965,0,1.4,1.0,0,4.0,4.0,9,9,log_linear,1.4,0.0,0,-0.2,0.09824158570767194,1.0,1.14,0.015455382924410448
slow_osc_power,120,0.01,0.5,234.0,0.4980947588435965,0,1.36,1.0,0,2.0,4.0,9,9,rational_fit,1.36,0.0,0,-0.2,0.09824158570767194,1.0,1.2,0.015455382924410448
slow_osc_power,120,0.02,0.5,234.0,0.4980947588435965,0,1.18,1.0,0,1.0,3.0,9,9,richardson_1,1.18,0.0,1,-0.36,0.09824158570767194,1.0,0.84,0.015455382924410448
slow_osc_power,130,0.0,0.5,228.0,0.49574900903309854,0,1.4,1.0,0,4.0,4.0,9,9,log_linear,1.4,0.0,0,0.0,0.09896548686156331,1.0,1.4,0.01617928407830181
slow_osc_power,130,0.003,0.5,228.0,0.49574900903309854,0,1.36,1.0,0,4.0,4.0,9,9,log_linear,1.38,0.02,0,0.0,0.09896548686156331,1.0,1.18,0.01617928407830181
slow_osc_power,130,0.005,0.5,228.0,0.49574900903309854,0,1.3,1.0,0,5.0,4.0,9,9,richardson_a10,1.38,0.08,0,0.0,0.09896548686156331,1.0,1.24,0.01617928407830181
slow_osc_power,130,0.01,0.5,228.0,0.49574900903309854,0,1.02,1.0,0,5.0,4.0,9,9,log_linear,1.14,0.12,0,-0.36,0.09896548686156331,1.0,0.94,0.01617928407830181
slow_osc_power,130,0.02,0.5,228.0,0.49574900903309854,0,1.14,1.0,0,3.0,3.0,9,8,rational_fit,1.18,0.04,0,-0.06,0.09896548686156331,1.0,1.0,0.01617928407830181
slow_osc_power,140,0.0,0.5,225.0,0.4966383534565553,0,1.0,1.0,0,8.0,8.0,9,9,single_exp_fit,1.4,0.4,0,0.0,0.09940501568641634,1.0,1.4,0.016618812903154846
slow_osc_power,140,0.003,0.5,225.0,0.4966383534565553,0,1.08,1.0,0,7.0,8.0,9,9,single_exp_fit,1.36,0.28,0,-0.1,0.09940501568641634,1.0,1.22,0.016618812903154846
slow_osc_power,140,0.005,0.5,225.0,0.4966383534565553,0,1.14,1.0,0,5.0,8.0,9,9,single_exp_fit,1.28,0.14,0,0.1,0.09940501568641634,1.0,1.22,0.016618812903154846
slow_osc_power,140,0.01,0.5,225.0,0.4966383534565553,0,1.14,1.0,0,7.0,8.0,9,9,pade_22,1.32,0.18,0,-0.06,0.09940501568641634,1.0,1.22,0.016618812903154846
slow_osc_power,140,0.02,0.5,225.0,0.4966383534565553,0,1.26,1.0,0,6.0,7.0,9,8,levin_t2,1.34,0.08,0,0.16,0.09940501568641634,1.0,1.2,0.016618812903154846
staircase,20,0.0,0.5,90.0,0.3272727272727272,0,1.0,1.0,0,5.0,5.0,9,8,single_exp_fit,1.4,0.4,0,1.32,0.22143899221731206,1.0,1.4,0.18
staircase,20,0.003,0.5,90.0,0.3272727272727272,0,1.0,1.0,0,5.0,5.0,9,9,single_exp_fit,1.34,0.34,0,1.34,0.22143899221731206,1.0,1.4,0.18
staircase,20,0.005,0.5,90.0,0.3272727272727272,0,1.0,1.0,0,5.0,5.0,9,9,single_exp_fit,1.26,0.26,0,1.34,0.22143899221731206,1.0,1.4,0.18
staircase,20,0.01,0.5,90.0,0.3272727272727272,0,1.0,1.0,0,5.0,5.0,9,9,single_exp_fit,1.26,0.26,0,1.34,0.22143899221731206,1.0,1.4,0.18
staircase,20,0.02,0.5,90.0,0.3272727272727272,0,1.0,1.0,0,5.0,5.0,9,9,single_exp_fit,1.28,0.28,0,1.34,0.22143899221731206,1.0,1.4,0.18
staircase,30,0.0,0.5,90.0,0.3272727272727272,0,1.4,1.0,0,4.0,4.0,9,8,single_exp_fit,1.4,0.0,0,1.32,0.22143899221731206,1.0,1.4,0.18
staircase,30,0.003,0.5,90.0,0.3272727272727272,0,1.3,1.0,0,4.0,4.0,9,9,single_exp_fit,1.4,0.1,0,1.32,0.22143899221731206,1.0,1.4,0.18
staircase,30,0.005,0.5,90.0,0.3272727272727272,0,1.3,1.0,0,4.0,4.0,9,9,single_exp_fit,1.4,0.1,0,1.34,0.22143899221731206,1.0,1.4,0.18
staircase,30,0.01,0.5,90.0,0.3272727272727272,0,1.2,1.0,0,6.0,6.0,9,9,single_exp_fit,1.4,0.2,0,1.34,0.22143899221731206,1.0,1.4,0.18
staircase,30,0.02,0.5,90.0,0.3272727272727272,0,1.18,1.0,0,5.0,5.0,9,9,single_exp_fit,1.4,0.22,0,1.34,0.22143899221731206,1.0,1.4,0.18
staircase,40,0.0,0.5,90.0,0.42857142857142855,0,1.0,1.0,0,5.0,5.0,9,8,single_exp_fit,1.4,0.4,0,1.22,0.22143899221731206,1.0,1.4,0.18
staircase,40,0.003,0.5,90.0,0.42857142857142855,0,1.0,1.0,0,5.0,5.0,9,9,single_exp_fit,1.4,0.4,0,1.24,0.22143899221731206,1.0,1.4,0.18
staircase,40,0.005,0.5,90.0,0.42857142857142855,0,1.0,1.0,0,5.0,5.0,9,9,single_exp_fit,1.4,0.4,0,1.22,0.22143899221731206,1.0,1.4,0.18
staircase,40,0.01,0.5,90.0,0.42857142857142855,0,1.0,1.0,0,5.0,5.0,9,9,single_exp_fit,1.4,0.4,0,1.24,0.22143899221731206,1.0,1.4,0.18
staircase,40,0.02,0.5,90.0,0.42857142857142855,0,1.0,1.0,0,5.0,5.0,9,9,single_exp_fit,1.4,0.4,0,1.22,0.22143899221731206,1.0,1.4,0.18
staircase,50,0.0,0.5,90.0,0.42857142857142855,0,1.0,1.0,0,6.0,6.0,9,8,single_exp_fit,1.4,0.4,0,1.22,0.22143899221731206,1.0,1.4,0.18
staircase,50,0.003,0.5,90.0,0.42857142857142855,0,1.0,1.0,0,7.0,7.0,9,9,single_exp_fit,1.4,0.4,0,1.22,0.22143899221731206,1.0,1.4,0.18
staircase,50,0.005,0.5,90.0,0.42857142857142855,0,1.0,1.0,0,7.0,7.0,9,9,single_exp_fit,1.4,0.4,0,1.24,0.22143899221731206,1.0,1.4,0.18
staircase,50,0.01,0.5,90.0,0.42857142857142855,0,1.0,1.0,0,7.0,7.0,9,9,single_exp_fit,1.4,0.4,0,1.22,0.22143899221731206,1.0,1.4,0.18
staircase,50,0.02,0.5,90.0,0.42857142857142855,0,1.02,1.0,0,6.0,7.0,9,9,single_exp_fit,1.4,0.38,0,1.26,0.22143899221731206,1.0,1.4,0.18
staircase,60,0.0,0.5,90.0,0.42857142857142855,0,1.0,1.0,0,6.0,6.0,9,8,single_exp_fit,1.4,0.4,0,1.22,0.22143899221731206,1.0,1.4,0.18
staircase,60,0.003,0.5,90.0,0.42857142857142855,0,1.0,1.0,0,7.0,7.0,9,9,single_exp_fit,1.4,0.4,0,1.22,0.22143899221731206,1.0,1.4,0.18
staircase,60,0.005,0.5,90.0,0.42857142857142855,0,1.0,1.0,0,7.0,7.0,9,9,single_exp_fit,1.4,0.4,0,1.26,0.22143899221731206,1.0,1.4,0.18
staircase,60,0.01,0.5,90.0,0.42857142857142855,0,1.0,1.0,0,7.0,7.0,9,9,single_exp_fit,1.4,0.4,0,1.24,0.22143899221731206,1.0,1.4,0.18
staircase,60,0.02,0.5,90.0,0.42857142857142855,0,1.08,1.0,0,6.0,7.0,9,9,single_exp_fit,1.4,0.32,0,1.24,0.22143899221731206,1.0,1.4,0.18
staircase,70,0.0,0.5,130.0,0.35714285714285715,0,1.18,1.0,0,4.0,6.0,9,7,single_exp_fit,1.4,0.22,0,1.28,0.14143899221731204,1.0,1.4,0.1
staircase,70,0.003,0.5,130.0,0.35714285714285715,0,1.16,1.0,0,6.0,7.0,9,8,single_exp_fit,1.4,0.24,0,1.3,0.14143899221731204,1.0,1.4,0.1
staircase,70,0.005,0.5,130.0,0.35714285714285715,0,1.2,1.0,0,4.0,6.0,9,8,single_exp_fit,1.4,0.2,0,1.3,0.14143899221731204,1.0,1.4,0.1
staircase,70,0.01,0.5,130.0,0.35714285714285715,0,1.2,1.0,0,5.0,6.0,9,8,single_exp_fit,1.4,0.2,0,1.28,0.14143899221731204,1.0,1.4,0.1
staircase,70,0.02,0.5,130.0,0.35714285714285715,0,1.16,1.0,0,6.0,7.0,9,8,single_exp_fit,1.4,0.24,0,1.24,0.14143899221731204,1.0,1.4,0.1
staircase,80,0.0,0.5,130.0,0.35714285714285715,0,1.4,1.0,0,4.0,4.0,9,8,single_exp_fit,1.4,0.0,0,1.28,0.14143899221731204,1.0,1.4,0.1
staircase,80,0.003,0.5,130.0,0.35714285714285715,0,1.4,1.0,0,4.0,4.0,9,9,single_exp_fit,1.4,0.0,0,1.28,0.14143899221731204,1.0,1.4,0.1
staircase,80,0.005,0.5,130.0,0.35714285714285715,0,1.4,1.0,0,4.0,4.0,9,9,single_exp_fit,1.4,0.0,0,1.28,0.14143899221731204,1.0,1.4,0.1
staircase,80,0.01,0.5,130.0,0.35714285714285715,0,1.4,1.0,0,4.0,4.0,9,9,single_exp_fit,1.4,0.0,0,1.3,0.14143899221731204,1.0,1.4,0.1
staircase,80,0.02,0.5,130.0,0.35714285714285715,0,1.4,1.0,0,4.0,4.0,9,9,single_exp_fit,1.4,0.0,0,1.28,0.14143899221731204,1.0,1.4,0.1
staircase,90,0.0,0.5,170.0,0.2777777777777778,0,1.28,1.0,0,4.0,4.0,9,7,single_exp_fit,1.4,0.12,0,1.28,0.09143899221731205,1.0,1.4,0.05
staircase,90,0.003,0.5,170.0,0.2777777777777778,0,1.32,1.0,0,4.0,4.0,9,8,single_exp_fit,1.4,0.08,0,1.28,0.09143899221731205,1.0,1.4,0.05
staircase,90,0.005,0.5,170.0,0.2777777777777778,0,1.3,1.0,0,4.0,4.0,9,8,single_exp_fit,1.4,0.1,0,1.28,0.09143899221731205,1.0,1.4,0.05
staircase,90,0.01,0.5,170.0,0.2777777777777778,0,1.3,1.0,0,4.0,4.0,9,8,single_exp_fit,1.4,0.1,0,1.28,0.09143899221731205,1.0,1.4,0.05
staircase,90,0.02,0.5,170.0,0.2777777777777778,0,1.26,1.0,0,4.0,4.0,9,8,rational_fit,1.4,0.14,0,1.28,0.09143899221731205,1.0,1.4,0.05
staircase,100,0.0,0.5,170.0,0.2777777777777778,0,1.4,1.0,0,5.0,5.0,9,8,single_exp_fit,1.4,0.0,0,1.28,0.09143899221731205,1.0,1.4,0.05
staircase,100,0.003,0.5,170.0,0.2777777777777778,0,1.4,1.0,0,5.0,5.0,9,9,single_exp_fit,1.4,0.0,0,1.28,0.09143899221731205,1.0,1.4,0.05
staircase,100,0.005,0.5,170.0,0.2777777777777778,0,1.4,1.0,0,5.0,5.0,9,9,single_exp_fit,1.4,0.0,0,1.26,0.09143899221731205,1.0,1.4,0.05
staircase,100,0.01,0.5,170.0,0.2777777777777778,0,1.36,1.0,0,5.0,5.0,9,9,single_exp_fit,1.4,0.04,0,1.28,0.09143899221731205,1.0,1.4,0.05
staircase,100,0.02,0.5,170.0,0.2777777777777778,0,1.36,1.0,0,5.0,5.0,9,9,single_exp_fit,1.4,0.04,0,1.28,0.09143899221731205,1.0,1.4,0.05
staircase,110,0.0,0.5,170.0,0.2777777777777778,0,1.4,1.0,0,5.0,5.0,9,8,richardson_a10,1.4,0.0,0,1.28,0.09143899221731205,1.0,1.4,0.05
staircase,110,0.003,0.5,170.0,0.2777777777777778,0,1.4,1.0,0,5.0,5.0,9,9,richardson_a10,1.4,0.0,0,1.28,0.09143899221731205,1.0,1.4,0.05
staircase,110,0.005,0.5,170.0,0.2777777777777778,0,1.4,1.0,0,5.0,5.0,9,9,richardson_a10,1.4,0.0,0,1.3,0.09143899221731205,1.0,1.4,0.05
staircase,110,0.01,0.5,170.0,0.2777777777777778,0,1.4,1.0,0,5.0,5.0,9,9,richardson_a10,1.4,0.0,0,1.26,0.09143899221731205,1.0,1.4,0.05
staircase,110,0.02,0.5,170.0,0.2777777777777778,0,1.34,1.0,0,5.0,5.0,9,9,richardson_a10,1.4,0.06,0,1.26,0.09143899221731205,1.0,1.4,0.05
staircase,120,0.0,0.5,170.0,0.2777777777777778,0,1.4,1.0,0,5.0,5.0,9,8,richardson_a10,1.4,0.0,0,1.28,0.09143899221731205,1.0,1.4,0.05
staircase,120,0.003,0.5,170.0,0.2777777777777778,0,1.4,1.0,0,5.0,5.0,9,9,richardson_a10,1.4,0.0,0,1.28,0.09143899221731205,1.0,1.4,0.05
staircase,120,0.005,0.5,170.0,0.2777777777777778,0,1.4,1.0,0,5.0,5.0,9,9,richardson_a10,1.4,0.0,0,1.3,0.09143899221731205,1.0,1.4,0.05
staircase,120,0.01,0.5,170.0,0.2777777777777778,0,1.4,1.0,0,6.0,6.0,9,9,richardson_a10,1.4,0.0,0,1.3,0.09143899221731205,1.0,1.4,0.05
staircase,120,0.02,0.5,170.0,0.2777777777777778,0,1.36,1.0,0,5.0,5.0,9,8,richardson_a10,1.4,0.04,0,1.3,0.09143899221731205,1.0,1.4,0.05
staircase,130,0.0,0.5,170.0,0.5,0,1.0,1.0,0,5.0,5.0,9,8,log_linear,1.04,0.04,0,0.7,0.09143899221731205,1.0,1.12,0.05
staircase,130,0.003,0.5,170.0,0.5,0,1.04,1.0,0,2.0,5.0,9,9,log_linear,1.06,0.02,0,0.7,0.09143899221731205,1.0,1.22,0.05
staircase,130,0.005,0.5,170.0,0.5,0,1.02,1.0,0,2.0,5.0,9,9,log_linear,1.02,0.0,0,0.62,0.09143899221731205,1.0,1.1,0.05
staircase,130,0.01,0.5,170.0,0.5,0,1.04,1.0,0,4.0,5.0,9,9,log_linear,1.06,0.02,0,0.74,0.09143899221731205,1.0,1.22,0.05
staircase,130,0.02,0.5,170.0,0.5,0,0.72,1.0,0,5.0,5.0,9,9,current_value,1.0,0.28,0,0.5,0.09143899221731205,1.0,1.0,0.05
staircase,140,0.0,0.5,170.0,0.5,0,1.08,1.0,0,5.0,7.0,9,8,richardson_a10,1.4,0.32,0,0.7,0.09143899221731205,1.0,1.12,0.05
staircase,140,0.003,0.5,170.0,0.5,0,1.08,1.0,0,7.0,8.0,9,9,richardson_a10,1.4,0.32,0,0.7,0.09143899221731205,1.0,1.16,0.05
staircase,140,0.005,0.5,170.0,0.5,0,1.06,1.0,0,7.0,8.0,9,9,richardson_a10,1.4,0.34,0,0.62,0.09143899221731205,1.0,1.26,0.05
staircase,140,0.01,0.5,170.0,0.5,0,1.06,1.0,0,7.0,8.0,9,9,richardson_a10,1.4,0.34,0,0.62,0.09143899221731205,1.0,1.24,0.05
staircase,140,0.02,0.5,170.0,0.5,0,1.08,1.0,0,6.0,8.0,9,9,log_linear,1.38,0.3,0,0.66,0.09143899221731205,1.0,1.28,0.05
three_exp,20,0.0,0.5,76.0,0.4994055594985231,0,1.4,1.0,0,6.0,6.0,9,9,levin_t2,1.4,0.0,0,1.0,0.22478586844721868,1.0,1.4,0.1659471133281811
three_exp,20,0.003,0.5,76.0,0.4994055594985231,0,1.4,1.0,0,4.0,4.0,9,9,rational_fit,1.4,0.0,0,1.0,0.22478586844721868,1.0,1.18,0.1659471133281811
three_exp,20,0.005,0.5,76.0,0.4994055594985231,0,1.4,1.0,0,4.0,4.0,9,9,pade_22,1.4,0.0,0,1.0,0.22478586844721868,1.0,1.18,0.1659471133281811
three_exp,20,0.01,0.5,76.0,0.4994055594985231,0,1.4,1.0,0,4.0,4.0,9,9,pade_22,1.4,0.0,0,1.02,0.22478586844721868,1.0,1.18,0.1659471133281811
three_exp,20,0.02,0.5,76.0,0.4994055594985231,0,1.4,1.0,0,3.0,4.0,9,9,rational_fit,1.4,0.0,0,1.04,0.22478586844721868,1.0,1.18,0.1659471133281811
three_exp,30,0.0,0.5,98.0,0.4962500052278238,0,1.4,1.0,0,5.0,5.0,9,9,levin_t2,1.4,0.0,0,1.0,0.1965102663293707,1.0,1.4,0.1376715112103331
three_exp,30,0.003,0.5,98.0,0.4962500052278238,0,1.4,1.0,0,4.0,4.0,9,9,rational_fit,1.4,0.0,0,1.0,0.1965102663293707,1.0,1.26,0.1376715112103331
three_exp,30,0.005,0.5,98.0,0.4962500052278238,0,1.4,1.0,0,4.0,4.0,9,9,rational_fit,1.4,0.0,0,1.04,0.1965102663293707,1.0,1.28,0.1376715112103331
three_exp,30,0.01,0.5,98.0,0.4962500052278238,0,1.4,1.0,0,4.0,4.0,9,9,pade_22,1.4,0.0,0,1.04,0.1965102663293707,1.0,1.28,0.1376715112103331
three_exp,30,0.02,0.5,98.0,0.4962500052278238,0,1.4,1.0,0,4.0,4.0,9,9,pade_22,1.4,0.0,0,1.04,0.1965102663293707,1.0,1.24,0.1376715112103331
three_exp,40,0.0,0.5,115.0,0.4980918190047895,0,1.4,1.0,0,5.0,5.0,9,9,pade_22,1.4,0.0,0,1.0,0.17864641380171925,1.0,1.4,0.11980765868268169
three_exp,40,0.003,0.5,115.0,0.4980918190047895,0,1.4,1.0,0,4.0,4.0,9,9,rational_fit,1.4,0.0,0,1.0,0.17864641380171925,1.0,1.22,0.11980765868268169
three_exp,40,0.005,0.5,115.0,0.4980918190047895,0,1.4,1.0,0,4.0,4.0,9,9,rational_fit,1.4,0.0,0,1.0,0.17864641380171925,1.0,1.26,0.11980765868268169
three_exp,40,0.01,0.5,115.0,0.4980918190047895,0,1.4,1.0,0,4.0,4.0,9,9,pade_22,1.4,0.0,0,1.06,0.17864641380171925,1.0,1.28,0.11980765868268169
three_exp,40,0.02,0.5,115.0,0.4980918190047895,0,1.4,1.0,0,4.0,4.0,9,9,pade_22,1.4,0.0,0,1.02,0.17864641380171925,1.0,1.18,0.11980765868268169
three_exp,50,0.0,0.5,130.0,0.49703608535725824,0,1.4,1.0,0,5.0,5.0,9,9,pade_22,1.4,0.0,0,1.0,0.1649775934514181,1.0,1.4,0.10613883833238053
three_exp,50,0.003,0.5,130.0,0.49703608535725824,0,1.4,1.0,0,4.0,4.0,9,9,rational_fit,1.4,0.0,0,1.0,0.1649775934514181,1.0,1.26,0.10613883833238053
three_exp,50,0.005,0.5,130.0,0.49703608535725824,0,1.4,1.0,0,4.0,4.0,9,9,rational_fit,1.4,0.0,0,1.0,0.1649775934514181,1.0,1.2,0.10613883833238053
three_exp,50,0.01,0.5,130.0,0.49703608535725824,0,1.4,1.0,0,4.0,4.0,9,9,pade_22,1.4,0.0,0,0.86,0.1649775934514181,1.0,1.16,0.10613883833238053
three_exp,50,0.02,0.5,130.0,0.49703608535725824,0,1.38,1.0,0,4.0,4.0,9,9,pade_22,1.4,0.02,0,0.94,0.1649775934514181,1.0,1.12,0.10613883833238053
three_exp,60,0.0,0.5,143.0,0.49676120389826733,0,1.4,1.0,0,4.0,4.0,9,9,pade_22,1.4,0.0,0,0.9,0.1544484016253549,1.0,1.4,0.09560964650631733
three_exp,60,0.003,0.5,143.0,0.49676120389826733,0,1.4,1.0,0,4.0,4.0,9,9,rational_fit,1.4,0.0,0,0.9,0.1544484016253549,1.0,1.32,0.09560964650631733
three_exp,60,0.005,0.5,143.0,0.49676120389826733,0,1.4,1.0,0,4.0,4.0,9,9,rational_fit,1.4,0.0,0,0.9,0.1544484016253549,1.0,1.32,0.09560964650631733
three_exp,60,0.01,0.5,143.0,0.49676120389826733,0,1.4,1.0,0,4.0,4.0,9,9,pade_22,1.4,0.0,0,0.9,0.1544484016253549,1.0,1.24,0.09560964650631733
three_exp,60,0.02,0.5,143.0,0.49676120389826733,0,1.4,1.0,0,4.0,4.0,9,9,pade_22,1.4,0.0,0,0.94,0.1544484016253549,1.0,1.24,0.09560964650631733
three_exp,70,0.0,0.5,154.0,0.4998916875010167,0,1.4,1.0,0,4.0,4.0,9,9,pade_22,1.4,0.0,0,0.9,0.14637559753293072,1.0,1.4,0.08753684241389316
three_exp,70,0.003,0.5,154.0,0.4998916875010167,0,1.4,1.0,0,4.0,4.0,9,9,rational_fit,1.4,0.0,0,0.9,0.14637559753293072,1.0,1.16,0.08753684241389316
three_exp,70,0.005,0.5,154.0,0.4998916875010167,0,1.4,1.0,0,4.0,4.0,9,9,pade_22,1.4,0.0,0,0.9,0.14637559753293072,1.0,1.28,0.08753684241389316
three_exp,70,0.01,0.5,154.0,0.4998916875010167,0,1.4,1.0,0,4.0,4.0,9,9,pade_22,1.4,0.0,0,1.04,0.14637559753293072,1.0,1.2,0.08753684241389316
three_exp,70,0.02,0.5,154.0,0.4998916875010167,0,1.4,1.0,0,3.0,3.0,9,9,rational_fit,1.4,0.0,0,0.84,0.14637559753293072,1.0,1.2,0.08753684241389316
three_exp,80,0.0,0.5,166.0,0.49620116168192324,0,1.4,1.0,0,3.0,3.0,9,9,rational_fit,1.4,0.0,0,0.8,0.13835259184197635,1.0,1.4,0.07951383672293877
three_exp,80,0.003,0.5,166.0,0.49620116168192324,0,1.4,1.0,0,4.0,4.0,9,9,pade_22,1.4,0.0,0,0.8,0.13835259184197635,1.0,1.26,0.07951383672293877
three_exp,80,0.005,0.5,166.0,0.49620116168192324,0,1.4,1.0,0,4.0,4.0,9,9,pade_22,1.4,0.0,0,0.9,0.13835259184197635,1.0,1.28,0.07951383672293877
three_exp,80,0.01,0.5,166.0,0.49620116168192324,0,1.4,1.0,0,3.0,4.0,9,9,rational_fit,1.4,0.0,0,0.94,0.13835259184197635,1.0,1.28,0.07951383672293877
three_exp,80,0.02,0.5,166.0,0.49620116168192324,0,1.4,1.0,0,3.0,3.0,9,8,rational_fit,1.4,0.0,0,0.92,0.13835259184197635,1.0,1.28,0.07951383672293877
three_exp,90,0.0,0.5,176.0,0.49876789415554024,0,1.4,1.0,0,4.0,4.0,9,9,pade_22,1.4,0.0,0,0.8,0.13223485583148142,1.0,1.4,0.07339610071244385
three_exp,90,0.003,0.5,176.0,0.49876789415554024,0,1.4,1.0,0,4.0,4.0,9,9,pade_22,1.4,0.0,0,0.8,0.13223485583148142,1.0,1.24,0.07339610071244385
three_exp,90,0.005,0.5,176.0,0.49876789415554024,0,1.4,1.0,0,4.0,4.0,9,9,pade_22,1.4,0.0,0,0.8,0.13223485583148142,1.0,1.24,0.07339610071244385
three_exp,90,0.01,0.5,176.0,0.49876789415554024,0,1.4,1.0,0,3.0,3.0,9,9,rational_fit,1.4,0.0,0,0.8,0.13223485583148142,1.0,1.22,0.07339610071244385
three_exp,90,0.02,0.5,176.0,0.49876789415554024,0,1.38,1.0,0,3.0,3.0,9,9,rational_fit,1.4,0.02,0,0.72,0.13223485583148142,1.0,1.18,0.07339610071244385
three_exp,100,0.0,0.5,187.0,0.49631883552271655,0,1.4,1.0,0,4.0,4.0,9,9,pade_22,1.4,0.0,0,0.8,0.12604944644007063,1.0,1.4,0.06721069132103305
three_exp,100,0.003,0.5,187.0,0.49631883552271655,0,1.4,1.0,0,4.0,4.0,9,9,pade_22,1.4,0.0,0,0.8,0.12604944644007063,1.0,1.22,0.06721069132103305
three_exp,100,0.005,0.5,187.0,0.49631883552271655,0,1.4,1.0,0,4.0,4.0,9,9,rational_fit,1.4,0.0,0,0.8,0.12604944644007063,1.0,1.26,0.06721069132103305
three_exp,100,0.01,0.5,187.0,0.49631883552271655,0,1.4,1.0,0,4.0,4.0,9,8,rational_fit,1.4,0.0,0,0.84,0.12604944644007063,1.0,1.26,0.06721069132103305
three_exp,100,0.02,0.5,187.0,0.49631883552271655,0,1.4,1.0,0,2.0,2.0,9,9,log_linear,1.4,0.0,0,0.64,0.12604944644007063,1.0,1.16,0.06721069132103305
three_exp,110,0.0,0.5,197.0,0.4972314222899856,0,1.4,1.0,0,5.0,5.0,9,9,pade_22,1.4,0.0,0,0.8,0.12088078868779215,1.0,1.4,0.06204203356875457
three_exp,110,0.003,0.5,197.0,0.4972314222899856,0,1.4,1.0,0,5.0,5.0,9,9,pade_22,1.4,0.0,0,0.8,0.12088078868779215,1.0,1.22,0.06204203356875457
three_exp,110,0.005,0.5,197.0,0.4972314222899856,0,1.4,1.0,0,4.0,4.0,9,9,single_exp_fit,1.4,0.0,0,0.7,0.12088078868779215,1.0,1.22,0.06204203356875457
three_exp,110,0.01,0.5,197.0,0.4972314222899856,0,1.4,1.0,0,4.0,4.0,9,8,rational_fit,1.4,0.0,0,0.64,0.12088078868779215,1.0,1.14,0.06204203356875457
three_exp,110,0.02,0.5,197.0,0.4972314222899856,0,1.4,1.0,0,3.0,4.0,9,9,rational_fit,1.4,0.0,0,0.72,0.12088078868779215,1.0,1.18,0.06204203356875457
three_exp,120,0.0,0.5,207.0,0.4977755838571684,0,1.4,1.0,0,5.0,5.0,9,9,pade_22,1.4,0.0,0,0.7,0.1161100821270182,1.0,1.4,0.05727132700798064
three_exp,120,0.003,0.5,207.0,0.4977755838571684,0,1.4,1.0,0,5.0,5.0,9,9,rational_fit,1.4,0.0,0,0.6,0.1161100821270182,1.0,1.1,0.05727132700798064
three_exp,120,0.005,0.5,207.0,0.4977755838571684,0,1.4,1.0,0,4.0,4.0,9,9,single_exp_fit,1.4,0.0,0,0.8,0.1161100821270182,1.0,1.24,0.05727132700798064
three_exp,120,0.01,0.5,207.0,0.4977755838571684,0,1.4,1.0,0,4.0,4.0,9,8,rational_fit,1.4,0.0,0,0.7,0.1161100821270182,1.0,1.22,0.05727132700798064
three_exp,120,0.02,0.5,207.0,0.4977755838571684,0,1.4,1.0,0,3.0,3.0,9,9,rational_fit,1.4,0.0,0,0.46,0.1161100821270182,1.0,1.16,0.05727132700798064
three_exp,130,0.0,0.5,217.0,0.49809967021158824,0,1.4,1.0,0,5.0,5.0,9,9,pade_22,1.4,0.0,0,0.6,0.1117064754890374,1.0,1.4,0.052867720369999815
three_exp,130,0.003,0.5,217.0,0.49809967021158824,0,1.4,1.0,0,4.0,4.0,9,9,rational_fit,1.4,0.0,0,0.6,0.1117064754890374,1.0,1.24,0.052867720369999815
three_exp,130,0.005,0.5,217.0,0.49809967021158824,0,1.4,1.0,0,4.0,4.0,9,9,rational_fit,1.4,0.0,0,0.6,0.1117064754890374,1.0,1.14,0.052867720369999815
three_exp,130,0.01,0.5,217.0,0.49809967021158824,0,1.4,1.0,0,4.0,4.0,9,9,rational_fit,1.4,0.0,0,0.56,0.1117064754890374,1.0,1.2,0.052867720369999815
three_exp,130,0.02,0.5,217.0,0.49809967021158824,0,1.38,1.0,0,4.0,3.0,9,9,log_linear,1.4,0.02,0,0.64,0.1117064754890374,1.0,1.24,0.052867720369999815
three_exp,140,0.0,0.5,227.0,0.498292548509752,0,1.4,1.0,0,5.0,5.0,9,9,pade_22,1.4,0.0,0,0.6,0.10764160466403389,1.0,1.4,0.04880284954499632
three_exp,140,0.003,0.5,227.0,0.498292548509752,0,1.4,1.0,0,4.0,4.0,9,9,single_exp_fit,1.4,0.0,0,0.6,0.10764160466403389,1.0,1.2,0.04880284954499632
three_exp,140,0.005,0.5,227.0,0.498292548509752,0,1.4,1.0,0,4.0,4.0,9,9,single_exp_fit,1.4,0.0,0,0.7,0.10764160466403389,1.0,1.2,0.04880284954499632
three_exp,140,0.01,0.5,227.0,0.498292548509752,0,1.4,1.0,0,3.0,4.0,9,9,rational_fit,1.4,0.0,0,0.44,0.10764160466403389,1.0,1.2,0.04880284954499632
three_exp,140,0.02,0.5,227.0,0.498292548509752,0,1.2,1.0,0,3.0,3.0,9,9,rational_fit,1.3,0.1,0,0.12,0.10764160466403389,1.0,0.86,0.04880284954499632
two_exp,20,0.0,0.5,57.0,0.4961937115703413,0,1.4,1.0,0,7.0,7.0,9,9,anderson_1,1.4,0.0,0,1.0,0.23047905200885266,1.0,1.4,0.17926731041438645
two_exp,20,0.003,0.5,57.0,0.4961937115703413,0,1.4,1.0,0,5.0,5.0,9,9,pade_22,1.4,0.0,0,1.0,0.23047905200885266,1.0,1.32,0.17926731041438645
two_exp,20,0.005,0.5,57.0,0.4961937115703413,0,1.4,1.0,0,5.0,5.0,9,9,pade_22,1.4,0.0,0,1.0,0.23047905200885266,1.0,1.28,0.17926731041438645
two_exp,20,0.01,0.5,57.0,0.4961937115703413,0,1.4,1.0,0,5.0,5.0,9,9,pade_22,1.4,0.0,0,1.02,0.23047905200885266,1.0,1.26,0.17926731041438645
two_exp,20,0.02,0.5,57.0,0.4961937115703413,0,1.4,1.0,0,4.0,5.0,9,9,rational_fit,1.4,0.0,0,1.06,0.23047905200885266,1.0,1.24,0.17926731041438645
two_exp,30,0.0,0.5,68.0,0.4998620009672804,0,1.4,1.0,0,6.0,6.0,9,9,anderson_1,1.4,0.0,0,1.0,0.19824683664997642,1.0,1.4,0.1470350950555102
two_exp,30,0.003,0.5,68.0,0.4998620009672804,0,1.4,1.0,0,5.0,5.0,9,9,rational_fit,1.4,0.0,0,1.0,0.19824683664997642,1.0,1.22,0.1470350950555102
two_exp,30,0.005,0.5,68.0,0.4998620009672804,0,1.4,1.0,0,5.0,5.0,9,9,pade_22,1.4,0.0,0,1.0,0.19824683664997642,1.0,1.22,0.1470350950555102
two_exp,30,0.01,0.5,68.0,0.4998620009672804,0,1.4,1.0,0,5.0,5.0,9,9,pade_22,1.4,0.0,0,1.0,0.19824683664997642,1.0,1.24,0.1470350950555102
two_exp,30,0.02,0.5,68.0,0.4998620009672804,0,1.38,1.0,0,5.0,5.0,9,9,pade_22,1.4,0.02,0,1.04,0.19824683664997642,1.0,1.2,0.1470350950555102
two_exp,40,0.0,0.5,79.0,0.4943417579410996,0,1.4,1.0,0,5.0,5.0,9,9,anderson_1,1.4,0.0,0,0.9,0.17182906221811883,1.0,1.4,0.12061732062365263
two_exp,40,0.003,0.5,79.0,0.4943417579410996,0,1.4,1.0,0,5.0,5.0,9,9,rational_fit,1.4,0.0,0,0.9,0.17182906221811883,1.0,1.38,0.12061732062365263
two_exp,40,0.005,0.5,79.0,0.4943417579410996,0,1.36,1.0,0,5.0,5.0,9,9,rational_fit,1.4,0.04,0,1.0,0.17182906221811883,1.0,1.3,0.12061732062365263
two_exp,40,0.01,0.5,79.0,0.4943417579410996,0,1.36,1.0,0,5.0,5.0,9,9,pade_22,1.4,0.04,0,1.0,0.17182906221811883,1.0,1.28,0.12061732062365263
two_exp,40,0.02,0.5,79.0,0.4943417579410996,0,1.22,1.0,0,5.0,5.0,9,9,pade_22,1.4,0.18,0,1.04,0.17182906221811883,1.0,1.18,0.12061732062365263
two_exp,50,0.0,0.5,89.0,0.49525821782910073,0,1.16,1.0,0,6.0,7.0,9,9,pade_22,1.4,0.24,0,0.8,0.15195870404258985,1.0,1.4,0.10074696244812364
two_exp,50,0.003,0.5,89.0,0.49525821782910073,0,1.16,1.0,0,6.0,8.0,9,9,rational_fit,1.4,0.24,0,0.8,0.15195870404258985,1.0,1.32,0.10074696244812364
two_exp,50,0.005,0.5,89.0,0.49525821782910073,0,1.16,1.0,0,6.0,8.0,9,9,rational_fit,1.4,0.24,0,0.8,0.15195870404258985,1.0,1.24,0.10074696244812364
two_exp,50,0.01,0.5,89.0,0.49525821782910073,0,1.2,1.0,0,6.0,8.0,9,9,rational_fit,1.4,0.2,0,0.8,0.15195870404258985,1.0,1.18,0.10074696244812364
two_exp,50,0.02,0.5,89.0,0.49525821782910073,0,1.22,1.0,0,5.0,8.0,9,9,pade_22,1.4,0.18,0,0.86,0.15195870404258985,1.0,1.28,0.10074696244812364
two_exp,60,0.0,0.5,99.0,0.49550361539036875,0,1.08,1.0,0,6.0,8.0,9,9,pade_22,1.4,0.32,0,0.7,0.13536243445922114,1.0,1.4,0.08415069286475492
two_exp,60,0.003,0.5,99.0,0.49550361539036875,0,1.06,1.0,0,7.0,8.0,9,9,rational_fit,1.4,0.34,0,0.7,0.13536243445922114,1.0,1.24,0.08415069286475492
two_exp,60,0.005,0.5,99.0,0.49550361539036875,0,1.08,1.0,0,7.0,8.0,9,9,rational_fit,1.4,0.32,0,0.7,0.13536243445922114,1.0,1.22,0.08415069286475492
two_exp,60,0.01,0.5,99.0,0.49550361539036875,0,1.1,1.0,0,7.0,8.0,9,9,pade_22,1.4,0.3,0,0.72,0.13536243445922114,1.0,1.26,0.08415069286475492
two_exp,60,0.02,0.5,99.0,0.49550361539036875,0,1.12,1.0,0,7.0,8.0,9,9,pade_22,1.4,0.28,0,0.78,0.13536243445922114,1.0,1.24,0.08415069286475492
two_exp,70,0.0,0.5,109.0,0.4955692111470833,0,1.4,1.0,0,6.0,6.0,9,9,pade_22,1.4,0.0,0,0.7,0.12150025422417926,1.0,1.4,0.07028851262971304
two_exp,70,0.003,0.5,109.0,0.4955692111470833,0,1.4,1.0,0,5.0,5.0,9,9,pade_22,1.4,0.0,0,0.7,0.12150025422417926,1.0,1.28,0.07028851262971304
two_exp,70,0.005,0.5,109.0,0.4955692111470833,0,1.4,1.0,0,5.0,5.0,9,9,pade_22,1.4,0.0,0,0.6,0.12150025422417926,1.0,1.22,0.07028851262971304
two_exp,70,0.01,0.5,109.0,0.4955692111470833,0,1.38,1.0,0,5.0,5.0,9,9,pade_22,1.4,0.02,0,0.6,0.12150025422417926,1.0,1.16,0.07028851262971304
two_exp,70,0.02,0.5,109.0,0.4955692111470833,0,1.36,1.0,0,4.0,5.0,9,9,single_exp_fit,1.4,0.04,0,0.72,0.12150025422417926,1.0,1.2,0.07028851262971304
two_exp,80,0.0,0.5,119.0,0.49558673704605144,0,1.4,1.0,0,5.0,5.0,9,9,pade_22,1.4,0.0,0,0.6,0.10992163026245769,1.0,1.4,0.05870988866799148
two_exp,80,0.003,0.5,119.0,0.49558673704605144,0,1.4,1.0,0,5.0,5.0,9,9,pade_22,1.4,0.0,0,0.6,0.10992163026245769,1.0,1.26,0.05870988866799148
two_exp,80,0.005,0.5,119.0,0.49558673704605144,0,1.4,1.0,0,5.0,5.0,9,9,single_exp_fit,1.4,0.0,0,0.7,0.10992163026245769,1.0,1.26,0.05870988866799148
two_exp,80,0.01,0.5,119.0,0.49558673704605144,0,1.4,1.0,0,4.0,5.0,9,9,single_exp_fit,1.4,0.0,0,0.62,0.10992163026245769,1.0,1.24,0.05870988866799148
two_exp,80,0.02,0.5,119.0,0.49558673704605144,0,1.38,1.0,0,3.0,4.0,9,9,rational_fit,1.4,0.02,0,0.44,0.10992163026245769,1.0,1.18,0.05870988866799148
two_exp,90,0.0,0.5,129.0,0.4955914190433955,0,1.4,1.0,0,4.0,4.0,9,9,single_exp_fit,1.4,0.0,0,0.6,0.10025036000620124,1.0,1.4,0.04903861841173503
two_exp,90,0.003,0.5,129.0,0.4955914190433955,0,1.4,1.0,0,5.0,5.0,9,9,single_exp_fit,1.4,0.0,0,0.6,0.10025036000620124,1.0,1.26,0.04903861841173503
two_exp,90,0.005,0.5,129.0,0.4955914190433955,0,1.4,1.0,0,5.0,5.0,9,9,single_exp_fit,1.4,0.0,0,0.6,0.10025036000620124,1.0,1.26,0.04903861841173503
two_exp,90,0.01,0.5,129.0,0.4955914190433955,0,1.4,1.0,0,4.0,4.0,9,9,single_exp_fit,1.4,0.0,0,0.44,0.10025036000620124,1.0,1.2,0.04903861841173503
two_exp,90,0.02,0.5,129.0,0.4955914190433955,0,1.38,1.0,0,4.0,4.0,9,9,single_exp_fit,1.4,0.02,0,0.64,0.10025036000620124,1.0,1.22,0.04903861841173503
two_exp,100,0.0,0.5,139.0,0.49559266978522987,0,1.4,1.0,0,6.0,6.0,9,9,single_exp_fit,1.4,0.0,0,0.6,0.09217223815833632,1.0,1.4,0.04096049656387011
two_exp,100,0.003,0.5,139.0,0.49559266978522987,0,1.4,1.0,0,6.0,6.0,9,9,single_exp_fit,1.4,0.0,0,0.6,0.09217223815833632,1.0,1.14,0.04096049656387011
two_exp,100,0.005,0.5,139.0,0.49559266978522987,0,1.4,1.0,0,6.0,6.0,9,9,single_exp_fit,1.4,0.0,0,0.5,0.09217223815833632,1.0,1.18,0.04096049656387011
two_exp,100,0.01,0.5,139.0,0.49559266978522987,0,1.36,1.0,0,5.0,5.0,9,9,single_exp_fit,1.4,0.04,0,0.52,0.09217223815833632,1.0,1.22,0.04096049656387011
two_exp,100,0.02,0.5,139.0,0.49559266978522987,0,1.34,1.0,0,5.0,5.0,9,9,log_linear,1.4,0.06,0,0.44,0.09217223815833632,1.0,1.22,0.04096049656387011
two_exp,110,0.0,0.5,149.0,0.49559300390360195,0,1.38,1.0,0,8.0,6.0,9,9,single_exp_fit,1.4,0.02,0,0.3,0.08542482408406174,1.0,1.4,0.03421308248959554
two_exp,110,0.003,0.5,149.0,0.49559300390360195,0,1.38,1.0,0,6.0,6.0,9,9,single_exp_fit,1.4,0.02,0,0.4,0.08542482408406174,1.0,1.28,0.03421308248959554
two_exp,110,0.005,0.5,149.0,0.49559300390360195,0,1.36,1.0,0,6.0,6.0,9,9,single_exp_fit,1.4,0.04,0,0.4,0.08542482408406174,1.0,1.28,0.03421308248959554
two_exp,110,0.01,0.5,149.0,0.49559300390360195,0,1.32,1.0,0,5.0,5.0,9,9,log_linear,1.4,0.08,0,0.2,0.08542482408406174,1.0,1.2,0.03421308248959554
two_exp,110,0.02,0.5,149.0,0.49559300390360195,0,1.3,1.0,0,5.0,5.0,9,8,richardson_a10,1.4,0.1,0,0.34,0.08542482408406174,1.0,1.16,0.03421308248959554
two_exp,120,0.0,0.5,159.0,0.49559309315849115,0,1.28,1.0,0,8.0,6.0,9,9,single_exp_fit,1.4,0.12,0,0.2,0.0797889102084998,1.0,1.4,0.028577168614033595
two_exp,120,0.003,0.5,159.0,0.49559309315849115,0,1.32,1.0,0,6.0,6.0,9,9,single_exp_fit,1.4,0.08,0,0.22,0.0797889102084998,1.0,1.26,0.028577168614033595
two_exp,120,0.005,0.5,159.0,0.49559309315849115,0,1.28,1.0,0,6.0,6.0,9,9,richardson_a10,1.4,0.12,0,0.2,0.0797889102084998,1.0,1.12,0.028577168614033595
two_exp,120,0.01,0.5,159.0,0.49559309315849115,0,1.28,1.0,0,5.0,5.0,9,9,richardson_a10,1.4,0.12,0,0.4,0.0797889102084998,1.0,1.2,0.028577168614033595
two_exp,120,0.02,0.5,159.0,0.49559309315849115,0,1.08,1.0,0,5.0,5.0,9,9,richardson_a10,1.34,0.26,0,0.16,0.0797889102084998,1.0,0.8,0.028577168614033595
two_exp,130,0.0,0.5,169.0,0.4955931170016284,0,1.28,1.0,0,8.0,6.0,9,9,single_exp_fit,1.4,0.12,0,0.2,0.07508139925753338,1.0,1.4,0.023869657663067166
two_exp,130,0.003,0.5,169.0,0.4955931170016284,0,1.32,1.0,0,6.0,6.0,9,9,richardson_a10,1.4,0.08,0,0.2,0.07508139925753338,1.0,1.16,0.023869657663067166
two_exp,130,0.005,0.5,169.0,0.4955931170016284,0,1.32,1.0,0,5.0,6.0,9,9,richardson_a10,1.4,0.08,0,0.22,0.07508139925753338,1.0,1.22,0.023869657663067166
two_exp,130,0.01,0.5,169.0,0.4955931170016284,0,1.24,1.0,0,6.0,5.0,9,9,richardson_a10,1.4,0.16,0,0.2,0.07508139925753338,1.0,1.16,0.023869657663067166
two_exp,130,0.02,0.5,169.0,0.4955931170016284,0,1.18,1.0,0,4.0,5.0,9,9,richardson_a10,1.24,0.06,0,0.26,0.07508139925753338,1.0,0.78,0.023869657663067166
two_exp,140,0.0,0.5,179.0,0.4955931233709723,0,1.28,1.0,0,8.0,6.0,9,9,single_exp_fit,1.4,0.12,0,0.2,0.0711493555955133,1.0,1.4,0.019937614001047092
two_exp,140,0.003,0.5,179.0,0.4955931233709723,0,1.28,1.0,0,6.0,6.0,9,9,richardson_a10,1.4,0.12,0,0.2,0.0711493555955133,1.0,1.2,0.019937614001047092
two_exp,140,0.005,0.5,179.0,0.4955931233709723,0,1.28,1.0,0,5.0,5.0,9,9,richardson_a10,1.4,0.12,0,0.22,0.0711493555955133,1.0,1.2,0.019937614001047092
two_exp,140,0.01,0.5,179.0,0.4955931233709723,0,1.28,1.0,0,5.0,5.0,9,8,richardson_a10,1.38,0.1,0,0.14,0.0711493555955133,1.0,1.1,0.019937614001047092
two_exp,140,0.02,0.5,179.0,0.4955931233709723,0,1.16,1.0,0,5.0,5.0,9,9,richardson_a10,1.26,0.1,0,0.04,0.0711493555955133,1.0,1.02,0.019937614001047092
