regime,obs_idx,noise,target_g,n_f,achieved_g,capped,richardson_stability,richardson_valid_rate,richardson_below_floor,richardson_rank,richardson_err_rank,n_rank_pool,n_rank_eligible,best_method,best_stability,stability_margin,richardson_wins,constant_assumed_stability,constant_assumed_med_error,constant_assumed_valid_rate,constant_oracle_stability,constant_oracle_med_error
broken_power_law,20,0.0,0.02,50000.0,0.20436470335589355,1,1.2,1.0,0,5.0,6.0,9,9,rational_fit,1.4,0.2,0,0.6,0.049361440175231835,1.0,1.4,0.010555978838859122
broken_power_law,20,0.003,0.02,50000.0,0.20436470335589355,1,1.2,1.0,0,3.0,6.0,9,9,rational_fit,1.4,0.2,0,0.6,0.049361440175231835,1.0,1.4,0.010555978838859122
broken_power_law,20,0.005,0.02,50000.0,0.20436470335589355,1,1.2,1.0,0,4.0,5.0,9,9,pade_22,1.4,0.2,0,0.8,0.049361440175231835,1.0,1.4,0.010555978838859122
broken_power_law,20,0.01,0.02,50000.0,0.20436470335589355,1,1.1,1.0,0,5.0,6.0,9,9,rational_fit,1.4,0.3,0,0.58,0.049361440175231835,1.0,1.4,0.010555978838859122
broken_power_law,20,0.02,0.02,50000.0,0.20436470335589355,1,1.22,1.0,0,2.0,2.0,9,9,rational_fit,1.38,0.16,0,0.76,0.049361440175231835,1.0,1.38,0.010555978838859122
broken_power_law,30,0.0,0.02,50000.0,0.2901576654864911,1,1.14,1.0,0,4.0,7.0,9,9,rational_fit,1.4,0.26,0,0.54,0.049361440175231835,1.0,1.4,0.010555978838859122
broken_power_law,30,0.003,0.02,50000.0,0.2901576654864911,1,1.12,1.0,0,4.0,7.0,9,9,rational_fit,1.4,0.28,0,0.52,0.049361440175231835,1.0,1.4,0.010555978838859122
broken_power_law,30,0.005,0.02,50000.0,0.2901576654864911,1,1.14,1.0,0,4.0,7.0,9,9,rational_fit,1.4,0.26,0,0.54,0.049361440175231835,1.0,1.4,0.010555978838859122
broken_power_law,30,0.01,0.02,50000.0,0.2901576654864911,1,0.88,1.0,0,7.0,7.0,9,9,rational_fit,1.38,0.5,0,0.38,0.049361440175231835,1.0,1.36,0.010555978838859122
broken_power_law,30,0.02,0.02,50000.0,0.2901576654864911,1,0.6,1.0,0,5.0,5.0,9,9,rational_fit,1.24,0.64,0,0.34,0.049361440175231835,1.0,1.12,0.010555978838859122
broken_power_law,40,0.0,0.02,50000.0,0.37317624894888063,1,1.02,1.0,0,4.0,7.0,9,9,rational_fit,1.4,0.38,0,0.32,0.049361440175231835,1.0,1.4,0.010555978838859122
broken_power_law,40,0.003,0.02,50000.0,0.37317624894888063,1,1.02,1.0,0,4.0,7.0,9,9,rational_fit,1.4,0.38,0,0.32,0.049361440175231835,1.0,1.4,0.010555978838859122
broken_power_law,40,0.005,0.02,50000.0,0.37317624894888063,1,1.04,1.0,0,5.0,7.0,9,9,rational_fit,1.4,0.36,0,0.24,0.049361440175231835,1.0,1.4,0.010555978838859122
broken_power_law,40,0.01,0.02,50000.0,0.37317624894888063,1,1.0,1.0,0,6.0,7.0,9,9,rational_fit,1.38,0.38,0,0.44,0.049361440175231835,1.0,1.38,0.010555978838859122
broken_power_law,40,0.02,0.02,50000.0,0.37317624894888063,1,0.66,1.0,0,6.0,6.0,9,8,rational_fit,1.18,0.52,0,0.14,0.049361440175231835,1.0,1.08,0.010555978838859122
broken_power_law,50,0.0,0.02,50000.0,0.4541733869663374,1,1.0,1.0,0,7.0,7.0,9,9,rational_fit,1.4,0.4,0,0.2,0.049361440175231835,1.0,1.4,0.010555978838859122
broken_power_law,50,0.003,0.02,50000.0,0.4541733869663374,1,0.9,1.0,0,7.0,7.0,9,9,rational_fit,1.4,0.5,0,0.2,0.049361440175231835,1.0,1.3,0.010555978838859122
broken_power_law,50,0.005,0.02,50000.0,0.4541733869663374,1,1.02,1.0,0,5.0,7.0,9,9,rational_fit,1.4,0.38,0,0.22,0.049361440175231835,1.0,1.36,0.010555978838859122
broken_power_law,50,0.01,0.02,50000.0,0.4541733869663374,1,0.52,1.0,0,7.0,7.0,9,9,rational_fit,1.08,0.56,0,0.0,0.049361440175231835,1.0,0.92,0.010555978838859122
broken_power_law,50,0.02,0.02,50000.0,0.4541733869663374,1,0.88,1.0,0,6.0,6.0,9,8,rational_fit,1.24,0.36,0,0.3,0.049361440175231835,1.0,1.2,0.010555978838859122
broken_power_law,60,0.0,0.02,50000.0,0.06831883593871105,1,1.4,1.0,0,5.0,5.0,9,9,rational_fit,1.4,0.0,0,1.28,0.049361440175231835,1.0,1.4,0.010555978838859122
broken_power_law,60,0.003,0.02,50000.0,0.06831883593871105,1,1.4,1.0,0,5.0,5.0,9,9,rational_fit,1.4,0.0,0,1.28,0.049361440175231835,1.0,1.4,0.010555978838859122
broken_power_law,60,0.005,0.02,50000.0,0.06831883593871105,1,1.4,1.0,0,5.0,5.0,9,9,rational_fit,1.4,0.0,0,1.28,0.049361440175231835,1.0,1.4,0.010555978838859122
broken_power_law,60,0.01,0.02,50000.0,0.06831883593871105,1,1.4,1.0,0,4.0,4.0,9,9,rational_fit,1.4,0.0,0,1.28,0.049361440175231835,1.0,1.4,0.010555978838859122
broken_power_law,60,0.02,0.02,50000.0,0.06831883593871105,1,1.4,1.0,0,4.0,4.0,9,7,rational_fit,1.4,0.0,0,1.28,0.049361440175231835,1.0,1.4,0.010555978838859122
broken_power_law,70,0.0,0.02,50000.0,0.07259586150296388,1,1.0,1.0,0,9.0,9.0,9,9,single_exp_fit,1.4,0.4,0,1.28,0.049361440175231835,1.0,1.4,0.010555978838859122
broken_power_law,70,0.003,0.02,50000.0,0.07259586150296388,1,1.0,1.0,0,9.0,9.0,9,9,single_exp_fit,1.4,0.4,0,1.28,0.049361440175231835,1.0,1.4,0.010555978838859122
broken_power_law,70,0.005,0.02,50000.0,0.07259586150296388,1,1.0,1.0,0,9.0,9.0,9,9,single_exp_fit,1.4,0.4,0,1.28,0.049361440175231835,1.0,1.4,0.010555978838859122
broken_power_law,70,0.01,0.02,50000.0,0.07259586150296388,1,1.02,1.0,0,8.0,9.0,9,9,single_exp_fit,1.4,0.38,0,1.28,0.049361440175231835,1.0,1.4,0.010555978838859122
broken_power_law,70,0.02,0.02,50000.0,0.07259586150296388,1,1.04,1.0,0,7.0,8.0,9,8,single_exp_fit,1.4,0.36,0,1.28,0.049361440175231835,1.0,1.4,0.010555978838859122
broken_power_law,80,0.0,0.02,50000.0,0.07652485784235787,1,1.0,1.0,0,8.0,8.0,9,9,single_exp_fit,1.4,0.4,0,1.28,0.049361440175231835,1.0,1.4,0.010555978838859122
broken_power_law,80,0.003,0.02,50000.0,0.07652485784235787,1,0.8,1.0,0,8.0,8.0,9,9,rational_fit,1.4,0.6,0,1.28,0.049361440175231835,1.0,1.4,0.010555978838859122
broken_power_law,80,0.005,0.02,50000.0,0.07652485784235787,1,0.8,1.0,0,8.0,8.0,9,9,single_exp_fit,1.4,0.6,0,1.28,0.049361440175231835,1.0,1.4,0.010555978838859122
broken_power_law,80,0.01,0.02,50000.0,0.07652485784235787,1,0.5,1.0,0,8.0,8.0,9,9,pade_22,1.4,0.9,0,1.28,0.049361440175231835,1.0,1.4,0.010555978838859122
broken_power_law,80,0.02,0.02,50000.0,0.07652485784235787,1,0.3,1.0,0,8.0,8.0,9,8,rational_fit,1.4,1.1,0,1.18,0.049361440175231835,1.0,1.4,0.010555978838859122
broken_power_law,90,0.0,0.02,50000.0,0.0801724362309424,1,-1.0,1.0,0,8.0,8.0,9,8,pade_22,1.4,2.4,0,1.28,0.049361440175231835,1.0,1.4,0.010555978838859122
broken_power_law,90,0.003,0.02,50000.0,0.0801724362309424,1,-1.0,1.0,0,8.0,8.0,9,8,pade_22,1.4,2.4,0,1.28,0.049361440175231835,1.0,1.4,0.010555978838859122
broken_power_law,90,0.005,0.02,50000.0,0.0801724362309424,1,-1.0,1.0,0,8.0,8.0,9,8,pade_22,1.4,2.4,0,1.28,0.049361440175231835,1.0,1.4,0.010555978838859122
broken_power_law,90,0.01,0.02,50000.0,0.0801724362309424,1,-1.0,1.0,0,8.0,8.0,9,8,pade_22,1.4,2.4,0,1.28,0.049361440175231835,1.0,1.4,0.010555978838859122
broken_power_law,90,0.02,0.02,50000.0,0.0801724362309424,1,-1.0,1.0,0,8.0,8.0,9,8,pade_22,1.4,2.4,0,1.28,0.049361440175231835,1.0,1.4,0.010555978838859122
broken_power_law,100,0.0,0.02,50000.0,0.08358667956382855,1,1.0,1.0,0,8.0,8.0,9,8,rational_fit,1.4,0.4,0,1.28,0.049361440175231835,1.0,1.4,0.010555978838859122
broken_power_law,100,0.003,0.02,50000.0,0.08358667956382855,1,1.0,1.0,0,8.0,8.0,9,8,pade_22,1.4,0.4,0,1.28,0.049361440175231835,1.0,1.4,0.010555978838859122
broken_power_law,100,0.005,0.02,50000.0,0.08358667956382855,1,1.0,1.0,0,8.0,8.0,9,8,pade_22,1.4,0.4,0,1.28,0.049361440175231835,1.0,1.4,0.010555978838859122
broken_power_law,100,0.01,0.02,50000.0,0.08358667956382855,1,1.0,1.0,0,8.0,8.0,9,8,pade_22,1.4,0.4,0,1.28,0.049361440175231835,1.0,1.4,0.010555978838859122
broken_power_law,100,0.02,0.02,50000.0,0.08358667956382855,1,1.0,1.0,0,8.0,8.0,9,8,pade_22,1.4,0.4,0,1.16,0.049361440175231835,1.0,1.4,0.010555978838859122
broken_power_law,110,0.0,0.02,50000.0,0.08680359569127111,1,1.0,1.0,0,8.0,8.0,9,8,pade_22,1.4,0.4,0,1.28,0.049361440175231835,1.0,1.4,0.010555978838859122
broken_power_law,110,0.003,0.02,50000.0,0.08680359569127111,1,1.0,1.0,0,8.0,8.0,9,8,pade_22,1.4,0.4,0,1.28,0.049361440175231835,1.0,1.4,0.010555978838859122
broken_power_law,110,0.005,0.02,50000.0,0.08680359569127111,1,1.0,1.0,0,8.0,8.0,9,8,pade_22,1.4,0.4,0,1.28,0.049361440175231835,1.0,1.4,0.010555978838859122
broken_power_law,110,0.01,0.02,50000.0,0.08680359569127111,1,1.0,1.0,0,8.0,8.0,9,8,pade_22,1.4,0.4,0,1.28,0.049361440175231835,1.0,1.4,0.010555978838859122
broken_power_law,110,0.02,0.02,50000.0,0.08680359569127111,1,1.0,1.0,0,8.0,8.0,9,8,pade_22,1.36,0.36,0,1.18,0.049361440175231835,1.0,1.4,0.010555978838859122
broken_power_law,120,0.0,0.02,50000.0,0.08985094974711708,1,1.4,1.0,0,1.0,1.0,9,9,richardson_1,1.4,0.0,1,1.28,0.049361440175231835,1.0,1.4,0.010555978838859122
broken_power_law,120,0.003,0.02,50000.0,0.08985094974711708,1,1.38,1.0,0,4.0,2.0,9,9,rational_fit,1.4,0.02,0,1.28,0.049361440175231835,1.0,1.4,0.010555978838859122
broken_power_law,120,0.005,0.02,50000.0,0.08985094974711708,1,1.4,1.0,0,1.0,2.0,9,9,richardson_1,1.4,0.0,1,1.28,0.049361440175231835,1.0,1.4,0.010555978838859122
broken_power_law,120,0.01,0.02,50000.0,0.08985094974711708,1,1.36,1.0,0,4.0,4.0,9,9,richardson_a10,1.4,0.04,0,1.26,0.049361440175231835,1.0,1.4,0.010555978838859122
broken_power_law,120,0.02,0.02,50000.0,0.08985094974711708,1,1.36,1.0,0,4.0,4.0,9,9,richardson_a10,1.38,0.02,0,1.08,0.049361440175231835,1.0,1.4,0.010555978838859122
broken_power_law,130,0.0,0.02,50000.0,0.09275066716158405,1,1.4,1.0,0,1.0,1.0,9,9,richardson_1,1.4,0.0,1,1.28,0.049361440175231835,1.0,1.4,0.010555978838859122
broken_power_law,130,0.003,0.02,50000.0,0.09275066716158405,1,1.38,1.0,0,4.0,2.0,9,9,rational_fit,1.4,0.02,0,1.26,0.049361440175231835,1.0,1.4,0.010555978838859122
broken_power_law,130,0.005,0.02,50000.0,0.09275066716158405,1,1.36,1.0,0,4.0,2.0,9,9,richardson_a10,1.4,0.04,0,1.16,0.049361440175231835,1.0,1.4,0.010555978838859122
broken_power_law,130,0.01,0.02,50000.0,0.09275066716158405,1,1.4,1.0,0,2.0,4.0,9,9,rational_fit,1.4,0.0,0,1.28,0.049361440175231835,1.0,1.4,0.010555978838859122
broken_power_law,130,0.02,0.02,50000.0,0.09275066716158405,1,1.34,1.0,0,1.0,3.0,9,9,richardson_1,1.34,0.0,1,1.26,0.049361440175231835,1.0,1.4,0.010555978838859122
broken_power_law,140,0.0,0.02,50000.0,0.09552040804368495,1,1.4,1.0,0,1.0,1.0,9,9,richardson_1,1.4,0.0,1,1.26,0.049361440175231835,1.0,1.4,0.010555978838859122
broken_power_law,140,0.003,0.02,50000.0,0.09552040804368495,1,1.4,1.0,0,1.0,3.0,9,9,richardson_1,1.4,0.0,1,1.28,0.049361440175231835,1.0,1.4,0.010555978838859122
broken_power_law,140,0.005,0.02,50000.0,0.09552040804368495,1,1.38,1.0,0,2.0,2.0,9,9,richardson_a10,1.4,0.02,0,1.18,0.049361440175231835,1.0,1.4,0.010555978838859122
broken_power_law,140,0.01,0.02,50000.0,0.09552040804368495,1,1.36,1.0,0,2.0,2.0,9,9,richardson_a10,1.4,0.04,0,1.16,0.049361440175231835,1.0,1.4,0.010555978838859122
broken_power_law,140,0.02,0.02,50000.0,0.09552040804368495,1,1.3,1.0,0,3.0,5.0,9,9,richardson_a10,1.38,0.08,0,1.08,0.049361440175231835,1.0,1.4,0.010555978838859122
damped_osc_pow,20,0.0,0.02,8417.0,0.019998562156026058,0,1.34,1.0,0,4.0,1.0,9,9,pade_22,1.4,0.06,0,1.32,0.0255718307570598,1.0,1.4,0.0028895790416739522
damped_osc_pow,20,0.003,0.02,8417.0,0.019998562156026058,0,1.34,1.0,0,3.0,1.0,9,9,pade_22,1.4,0.06,0,1.32,0.0255718307570598,1.0,1.4,0.0028895790416739522
damped_osc_pow,20,0.005,0.02,8417.0,0.019998562156026058,0,1.34,1.0,0,3.0,1.0,9,9,pade_22,1.4,0.06,0,1.32,0.0255718307570598,1.0,1.4,0.0028895790416739522
damped_osc_pow,20,0.01,0.02,8417.0,0.019998562156026058,0,1.34,1.0,0,3.0,1.0,9,9,pade_22,1.4,0.06,0,1.32,0.0255718307570598,1.0,1.4,0.0028895790416739522
damped_osc_pow,20,0.02,0.02,8417.0,0.019998562156026058,0,1.38,1.0,0,3.0,1.0,9,9,pade_22,1.4,0.02,0,1.34,0.0255718307570598,1.0,1.4,0.0028895790416739522
damped_osc_pow,30,0.0,0.02,12563.0,0.01999988377645785,0,1.32,1.0,0,4.0,1.0,9,9,pade_22,1.4,0.08,0,1.32,0.024930521608693253,1.0,1.4,0.0022482698933074044
damped_osc_pow,30,0.003,0.02,12563.0,0.01999988377645785,0,1.32,1.0,0,3.0,1.0,9,9,pade_22,1.4,0.08,0,1.32,0.024930521608693253,1.0,1.4,0.0022482698933074044
damped_osc_pow,30,0.005,0.02,12563.0,0.01999988377645785,0,1.34,1.0,0,3.0,1.0,9,9,pade_22,1.4,0.06,0,1.32,0.024930521608693253,1.0,1.4,0.0022482698933074044
damped_osc_pow,30,0.01,0.02,12563.0,0.01999988377645785,0,1.34,1.0,0,3.0,1.0,9,9,pade_22,1.4,0.06,0,1.32,0.024930521608693253,1.0,1.4,0.0022482698933074044
damped_osc_pow,30,0.02,0.02,12563.0,0.01999988377645785,0,1.32,1.0,0,3.0,1.0,9,9,pade_22,1.4,0.08,0,1.2,0.024930521608693253,1.0,1.4,0.0022482698933074044
damped_osc_pow,40,0.0,0.02,16832.0,0.019999375074126472,0,1.32,1.0,0,4.0,1.0,9,9,pade_22,1.4,0.08,0,1.2,0.024557875319772875,1.0,1.4,0.001875623604387023
damped_osc_pow,40,0.003,0.02,16832.0,0.019999375074126472,0,1.34,1.0,0,3.0,1.0,9,9,pade_22,1.4,0.06,0,1.2,0.024557875319772875,1.0,1.4,0.001875623604387023
damped_osc_pow,40,0.005,0.02,16832.0,0.019999375074126472,0,1.34,1.0,0,3.0,1.0,9,9,pade_22,1.4,0.06,0,1.22,0.024557875319772875,1.0,1.4,0.001875623604387023
damped_osc_pow,40,0.01,0.02,16832.0,0.019999375074126472,0,1.34,1.0,0,3.0,1.0,9,9,pade_22,1.4,0.06,0,1.3,0.024557875319772875,1.0,1.4,0.001875623604387023
damped_osc_pow,40,0.02,0.02,16832.0,0.019999375074126472,0,1.4,1.0,0,2.0,2.0,9,9,pade_22,1.4,0.0,0,1.2,0.024557875319772875,1.0,1.4,0.001875623604387023
damped_osc_pow,50,0.0,0.02,21211.0,0.019999871735711394,0,1.3,1.0,0,4.0,2.0,9,9,pade_22,1.4,0.1,0,1.2,0.024309657147386095,1.0,1.4,0.0016274054320002413
damped_osc_pow,50,0.003,0.02,21211.0,0.019999871735711394,0,1.32,1.0,0,3.0,1.0,9,9,pade_22,1.4,0.08,0,1.2,0.024309657147386095,1.0,1.4,0.0016274054320002413
damped_osc_pow,50,0.005,0.02,21211.0,0.019999871735711394,0,1.32,1.0,0,3.0,1.0,9,9,pade_22,1.4,0.08,0,1.2,0.024309657147386095,1.0,1.4,0.0016274054320002413
damped_osc_pow,50,0.01,0.02,21211.0,0.019999871735711394,0,1.34,1.0,0,3.0,1.0,9,9,pade_22,1.4,0.06,0,1.2,0.024309657147386095,1.0,1.4,0.0016274054320002413
damped_osc_pow,50,0.02,0.02,21211.0,0.019999871735711394,0,1.3,1.0,0,3.0,2.0,9,9,pade_22,1.4,0.1,0,1.2,0.024309657147386095,1.0,1.4,0.0016274054320002413
damped_osc_pow,60,0.0,0.02,25694.0,0.019999542893180604,0,1.3,1.0,0,4.0,2.0,9,9,pade_22,1.4,0.1,0,1.2,0.02413023644762715,1.0,1.4,0.0014479847322413004
damped_osc_pow,60,0.003,0.02,25694.0,0.019999542893180604,0,1.32,1.0,0,3.0,1.0,9,9,pade_22,1.4,0.08,0,1.2,0.02413023644762715,1.0,1.4,0.0014479847322413004
damped_osc_pow,60,0.005,0.02,25694.0,0.019999542893180604,0,1.32,1.0,0,3.0,1.0,9,9,pade_22,1.4,0.08,0,1.2,0.02413023644762715,1.0,1.4,0.0014479847322413004
damped_osc_pow,60,0.01,0.02,25694.0,0.019999542893180604,0,1.36,1.0,0,3.0,1.0,9,9,pade_22,1.4,0.04,0,1.2,0.02413023644762715,1.0,1.4,0.0014479847322413004
damped_osc_pow,60,0.02,0.02,25694.0,0.019999542893180604,0,1.36,1.0,0,3.0,2.0,9,9,pade_22,1.4,0.04,0,1.2,0.02413023644762715,1.0,1.4,0.0014479847322413004
damped_osc_pow,70,0.0,0.02,30271.0,0.019999822758896727,0,1.4,1.0,0,2.0,2.0,9,9,pade_22,1.4,0.0,0,1.2,0.023993458345510393,1.0,1.4,0.0013112066301245433
damped_osc_pow,70,0.003,0.02,30271.0,0.019999822758896727,0,1.4,1.0,0,1.0,1.0,9,9,richardson_1,1.4,0.0,1,1.2,0.023993458345510393,1.0,1.4,0.0013112066301245433
damped_osc_pow,70,0.005,0.02,30271.0,0.019999822758896727,0,1.38,1.0,0,4.0,1.0,9,9,pade_22,1.4,0.02,0,1.2,0.023993458345510393,1.0,1.4,0.0013112066301245433
damped_osc_pow,70,0.01,0.02,30271.0,0.019999822758896727,0,1.4,1.0,0,1.0,1.0,9,9,richardson_1,1.4,0.0,1,1.2,0.023993458345510393,1.0,1.4,0.0013112066301245433
damped_osc_pow,70,0.02,0.02,30271.0,0.019999822758896727,0,1.32,1.0,0,2.0,2.0,9,9,rational_fit,1.38,0.06,0,1.18,0.023993458345510393,1.0,1.4,0.0013112066301245433
damped_osc_pow,80,0.0,0.02,34938.0,0.01999970009673041,0,1.4,1.0,0,1.0,1.0,9,9,richardson_1,1.4,0.0,1,1.2,0.02388505399415028,1.0,1.4,0.0012028022787644267
damped_osc_pow,80,0.003,0.02,34938.0,0.01999970009673041,0,1.4,1.0,0,1.0,1.0,9,9,richardson_1,1.4,0.0,1,1.1,0.02388505399415028,1.0,1.4,0.0012028022787644267
damped_osc_pow,80,0.005,0.02,34938.0,0.01999970009673041,0,1.38,1.0,0,3.0,2.0,9,9,rational_fit,1.4,0.02,0,1.2,0.02388505399415028,1.0,1.4,0.0012028022787644267
damped_osc_pow,80,0.01,0.02,34938.0,0.01999970009673041,0,1.4,1.0,0,1.0,1.0,9,8,richardson_1,1.4,0.0,1,1.0,0.02388505399415028,1.0,1.4,0.0012028022787644267
damped_osc_pow,80,0.02,0.02,34938.0,0.01999970009673041,0,1.2,1.0,0,5.0,5.0,9,9,log_linear,1.28,0.08,0,1.08,0.02388505399415028,1.0,1.4,0.0012028022787644267
damped_osc_pow,90,0.0,0.02,39688.0,0.019999828742130073,0,1.4,1.0,0,1.0,1.0,9,9,richardson_1,1.4,0.0,1,1.1,0.023796660643933175,1.0,1.4,0.0011144089285473253
damped_osc_pow,90,0.003,0.02,39688.0,0.019999828742130073,0,1.38,1.0,0,4.0,1.0,9,9,rational_fit,1.4,0.02,0,1.1,0.023796660643933175,1.0,1.4,0.0011144089285473253
damped_osc_pow,90,0.005,0.02,39688.0,0.019999828742130073,0,1.4,1.0,0,1.0,1.0,9,8,richardson_1,1.4,0.0,1,1.1,0.023796660643933175,1.0,1.4,0.0011144089285473253
damped_osc_pow,90,0.01,0.02,39688.0,0.019999828742130073,0,1.38,1.0,0,3.0,5.0,9,9,rational_fit,1.4,0.02,0,1.1,0.023796660643933175,1.0,1.4,0.0011144089285473253
damped_osc_pow,90,0.02,0.02,39688.0,0.019999828742130073,0,1.32,1.0,0,3.0,4.0,9,9,rational_fit,1.36,0.04,0,1.08,0.023796660643933175,1.0,1.4,0.0011144089285473253
damped_osc_pow,100,0.0,0.02,44517.0,0.019999964153384328,0,1.4,1.0,0,1.0,1.0,9,9,richardson_1,1.4,0.0,1,1.1,0.02372293992986483,1.0,1.4,0.0010406882144789811
damped_osc_pow,100,0.003,0.02,44517.0,0.019999964153384328,0,1.4,1.0,0,1.0,1.0,9,9,richardson_1,1.4,0.0,1,1.1,0.02372293992986483,1.0,1.4,0.0010406882144789811
damped_osc_pow,100,0.005,0.02,44517.0,0.019999964153384328,0,1.36,1.0,0,4.0,3.0,9,9,rational_fit,1.4,0.04,0,1.1,0.02372293992986483,1.0,1.4,0.0010406882144789811
damped_osc_pow,100,0.01,0.02,44517.0,0.019999964153384328,0,1.38,1.0,0,3.0,4.0,9,9,richardson_a10,1.4,0.02,0,1.08,0.02372293992986483,1.0,1.4,0.0010406882144789811
damped_osc_pow,100,0.02,0.02,44517.0,0.019999964153384328,0,1.32,1.0,0,2.0,5.0,9,9,richardson_a10,1.38,0.06,0,1.14,0.02372293992986483,1.0,1.4,0.0010406882144789811
damped_osc_pow,110,0.0,0.02,49422.0,0.019999857157560995,0,1.4,1.0,0,1.0,1.0,9,9,richardson_1,1.4,0.0,1,1.1,0.02366033069398335,1.0,1.4,0.000978078978597502
damped_osc_pow,110,0.003,0.02,49422.0,0.019999857157560995,0,1.36,1.0,0,4.0,1.0,9,9,richardson_a10,1.4,0.04,0,1.08,0.02366033069398335,1.0,1.4,0.000978078978597502
damped_osc_pow,110,0.005,0.02,49422.0,0.019999857157560995,0,1.34,1.0,0,3.0,3.0,9,9,richardson_a10,1.4,0.06,0,1.1,0.02366033069398335,1.0,1.4,0.000978078978597502
damped_osc_pow,110,0.01,0.02,49422.0,0.019999857157560995,0,1.28,1.0,0,3.0,2.0,9,9,richardson_a10,1.4,0.12,0,0.98,0.02366033069398335,1.0,1.4,0.000978078978597502
damped_osc_pow,110,0.02,0.02,49422.0,0.019999857157560995,0,1.34,1.0,0,1.0,1.0,9,9,richardson_1,1.34,0.0,1,1.08,0.02366033069398335,1.0,1.4,0.000978078978597502
damped_osc_pow,120,0.0,0.02,50000.0,0.021022044544695872,1,1.4,1.0,0,1.0,1.0,9,9,richardson_1,1.4,0.0,1,1.08,0.023653617745517608,1.0,1.4,0.0009713660301317569
damped_osc_pow,120,0.003,0.02,50000.0,0.021022044544695872,1,1.38,1.0,0,4.0,2.0,9,9,rational_fit,1.4,0.02,0,1.08,0.023653617745517608,1.0,1.4,0.0009713660301317569
damped_osc_pow,120,0.005,0.02,50000.0,0.021022044544695872,1,1.34,1.0,0,4.0,2.0,9,9,rational_fit,1.4,0.06,0,1.08,0.023653617745517608,1.0,1.4,0.0009713660301317569
damped_osc_pow,120,0.01,0.02,50000.0,0.021022044544695872,1,1.36,1.0,0,3.0,2.0,9,9,richardson_a10,1.4,0.04,0,0.98,0.023653617745517608,1.0,1.4,0.0009713660301317569
damped_osc_pow,120,0.02,0.02,50000.0,0.021022044544695872,1,1.22,1.0,0,2.0,3.0,9,9,richardson_a10,1.36,0.14,0,1.16,0.023653617745517608,1.0,1.4,0.0009713660301317569
damped_osc_pow,130,0.0,0.02,50000.0,0.022149943069997336,1,1.4,1.0,0,1.0,1.0,9,9,richardson_1,1.4,0.0,1,0.98,0.023653617745517608,1.0,1.4,0.0009713660301317569
damped_osc_pow,130,0.003,0.02,50000.0,0.022149943069997336,1,1.38,1.0,0,4.0,2.0,9,9,rational_fit,1.4,0.02,0,0.98,0.023653617745517608,1.0,1.4,0.0009713660301317569
damped_osc_pow,130,0.005,0.02,50000.0,0.022149943069997336,1,1.34,1.0,0,4.0,4.0,9,9,rational_fit,1.4,0.06,0,1.0,0.023653617745517608,1.0,1.4,0.0009713660301317569
damped_osc_pow,130,0.01,0.02,50000.0,0.022149943069997336,1,1.4,1.0,0,1.0,3.0,9,9,richardson_1,1.4,0.0,1,1.0,0.023653617745517608,1.0,1.4,0.0009713660301317569
damped_osc_pow,130,0.02,0.02,50000.0,0.022149943069997336,1,1.32,1.0,0,2.0,5.0,9,9,richardson_a10,1.4,0.08,0,1.1,0.023653617745517608,1.0,1.4,0.0009713660301317569
damped_osc_pow,140,0.0,0.02,50000.0,0.023249454444751728,1,1.4,1.0,0,1.0,1.0,9,9,richardson_1,1.4,0.0,1,0.98,0.023653617745517608,1.0,1.4,0.0009713660301317569
damped_osc_pow,140,0.003,0.02,50000.0,0.023249454444751728,1,1.38,1.0,0,3.0,2.0,9,9,rational_fit,1.4,0.02,0,0.98,0.023653617745517608,1.0,1.4,0.0009713660301317569
damped_osc_pow,140,0.005,0.02,50000.0,0.023249454444751728,1,1.4,1.0,0,3.0,3.0,9,9,rational_fit,1.4,0.0,0,0.98,0.023653617745517608,1.0,1.4,0.0009713660301317569
damped_osc_pow,140,0.01,0.02,50000.0,0.023249454444751728,1,1.2,1.0,0,4.0,2.0,9,9,richardson_a10,1.4,0.2,0,0.96,0.023653617745517608,1.0,1.4,0.0009713660301317569
damped_osc_pow,140,0.02,0.02,50000.0,0.023249454444751728,1,1.38,1.0,0,1.0,1.0,9,9,richardson_1,1.38,0.0,1,0.96,0.023653617745517608,1.0,1.4,0.0009713660301317569
delayed_plateau,20,0.0,0.02,410.0,0.019839986048600725,0,1.4,1.0,0,3.0,3.0,9,9,weniger_d2,1.4,0.0,0,1.4,0.02501094424186704,1.0,1.4,0.009943605241056752
delayed_plateau,20,0.003,0.02,410.0,0.019839986048600725,0,1.4,1.0,0,3.0,3.0,9,9,weniger_d2,1.4,0.0,0,1.4,0.02501094424186704,1.0,1.4,0.009943605241056752
delayed_plateau,20,0.005,0.02,410.0,0.019839986048600725,0,1.4,1.0,0,3.0,3.0,9,9,weniger_d2,1.4,0.0,0,1.4,0.02501094424186704,1.0,1.4,0.009943605241056752
delayed_plateau,20,0.01,0.02,410.0,0.019839986048600725,0,1.4,1.0,0,4.0,4.0,9,9,weniger_d2,1.4,0.0,0,1.4,0.02501094424186704,1.0,1.4,0.009943605241056752
delayed_plateau,20,0.02,0.02,410.0,0.019839986048600725,0,1.4,1.0,0,3.0,4.0,9,9,weniger_d2,1.4,0.0,0,1.4,0.02501094424186704,1.0,1.4,0.009943605241056752
delayed_plateau,30,0.0,0.02,414.0,0.019856791410229804,0,1.4,1.0,0,3.0,3.0,9,9,weniger_d2,1.4,0.0,0,1.4,0.02462104990351731,1.0,1.4,0.009553710902707018
delayed_plateau,30,0.003,0.02,414.0,0.019856791410229804,0,1.4,1.0,0,3.0,3.0,9,9,weniger_d2,1.4,0.0,0,1.4,0.02462104990351731,1.0,1.4,0.009553710902707018
delayed_plateau,30,0.005,0.02,414.0,0.019856791410229804,0,1.4,1.0,0,3.0,3.0,9,9,weniger_d2,1.4,0.0,0,1.4,0.02462104990351731,1.0,1.4,0.009553710902707018
delayed_plateau,30,0.01,0.02,414.0,0.019856791410229804,0,1.4,1.0,0,3.0,3.0,9,9,weniger_d2,1.4,0.0,0,1.4,0.02462104990351731,1.0,1.4,0.009553710902707018
delayed_plateau,30,0.02,0.02,414.0,0.019856791410229804,0,1.4,1.0,0,3.0,4.0,9,9,weniger_d2,1.4,0.0,0,1.4,0.02462104990351731,1.0,1.4,0.009553710902707018
delayed_plateau,40,0.0,0.02,418.0,0.019858495632124943,0,1.4,1.0,0,3.0,3.0,9,9,weniger_d2,1.4,0.0,0,1.4,0.0242464435408456,1.0,1.4,0.00917910454003531
delayed_plateau,40,0.003,0.02,418.0,0.019858495632124943,0,1.4,1.0,0,3.0,3.0,9,9,weniger_d2,1.4,0.0,0,1.4,0.0242464435408456,1.0,1.4,0.00917910454003531
delayed_plateau,40,0.005,0.02,418.0,0.019858495632124943,0,1.4,1.0,0,3.0,3.0,9,9,weniger_d2,1.4,0.0,0,1.4,0.0242464435408456,1.0,1.4,0.00917910454003531
delayed_plateau,40,0.01,0.02,418.0,0.019858495632124943,0,1.4,1.0,0,3.0,3.0,9,9,weniger_d2,1.4,0.0,0,1.4,0.0242464435408456,1.0,1.4,0.00917910454003531
delayed_plateau,40,0.02,0.02,418.0,0.019858495632124943,0,1.4,1.0,0,3.0,4.0,9,9,weniger_d2,1.4,0.0,0,1.4,0.0242464435408456,1.0,1.4,0.00917910454003531
delayed_plateau,50,0.0,0.02,432.0,0.019934138372550796,0,1.4,1.0,0,3.0,3.0,9,9,weniger_d2,1.4,0.0,0,1.4,0.02304726912627655,1.0,1.4,0.007979930125466259
delayed_plateau,50,0.003,0.02,432.0,0.019934138372550796,0,1.4,1.0,0,3.0,3.0,9,9,weniger_d2,1.4,0.0,0,1.4,0.02304726912627655,1.0,1.4,0.007979930125466259
delayed_plateau,50,0.005,0.02,432.0,0.019934138372550796,0,1.4,1.0,0,3.0,3.0,9,9,weniger_d2,1.4,0.0,0,1.4,0.02304726912627655,1.0,1.4,0.007979930125466259
delayed_plateau,50,0.01,0.02,432.0,0.019934138372550796,0,1.4,1.0,0,4.0,4.0,9,9,weniger_d2,1.4,0.0,0,1.4,0.02304726912627655,1.0,1.4,0.007979930125466259
delayed_plateau,50,0.02,0.02,432.0,0.019934138372550796,0,1.4,1.0,0,3.0,4.0,9,9,weniger_d2,1.4,0.0,0,1.4,0.02304726912627655,1.0,1.4,0.007979930125466259
delayed_plateau,60,0.0,0.02,449.0,0.01995326729332903,0,1.4,1.0,0,7.0,7.0,9,9,weniger_d2,1.4,0.0,0,1.4,0.02179972528656374,1.0,1.4,0.00673238628575345
delayed_plateau,60,0.003,0.02,449.0,0.01995326729332903,0,1.4,1.0,0,6.0,6.0,9,9,weniger_d2,1.4,0.0,0,1.4,0.02179972528656374,1.0,1.4,0.00673238628575345
delayed_plateau,60,0.005,0.02,449.0,0.01995326729332903,0,1.4,1.0,0,6.0,6.0,9,9,weniger_d2,1.4,0.0,0,1.4,0.02179972528656374,1.0,1.4,0.00673238628575345
delayed_plateau,60,0.01,0.02,449.0,0.01995326729332903,0,1.4,1.0,0,6.0,6.0,9,9,weniger_d2,1.4,0.0,0,1.4,0.02179972528656374,1.0,1.4,0.00673238628575345
delayed_plateau,60,0.02,0.02,449.0,0.01995326729332903,0,1.38,1.0,0,5.0,5.0,9,8,weniger_d2,1.4,0.02,0,1.4,0.02179972528656374,1.0,1.4,0.00673238628575345
delayed_plateau,70,0.0,0.02,461.0,0.01999576341507748,0,1.4,1.0,0,5.0,5.0,9,9,single_exp_fit,1.4,0.0,0,1.4,0.021038429985519344,1.0,1.4,0.0059710909847090505
delayed_plateau,70,0.003,0.02,461.0,0.01999576341507748,0,1.4,1.0,0,5.0,5.0,9,9,single_exp_fit,1.4,0.0,0,1.4,0.021038429985519344,1.0,1.4,0.0059710909847090505
delayed_plateau,70,0.005,0.02,461.0,0.01999576341507748,0,1.4,1.0,0,5.0,5.0,9,9,single_exp_fit,1.4,0.0,0,1.4,0.021038429985519344,1.0,1.4,0.0059710909847090505
delayed_plateau,70,0.01,0.02,461.0,0.01999576341507748,0,1.4,1.0,0,5.0,5.0,9,9,single_exp_fit,1.4,0.0,0,1.4,0.021038429985519344,1.0,1.4,0.0059710909847090505
delayed_plateau,70,0.02,0.02,461.0,0.01999576341507748,0,1.4,1.0,0,5.0,5.0,9,9,single_exp_fit,1.4,0.0,0,1.4,0.021038429985519344,1.0,1.4,0.0059710909847090505
delayed_plateau,80,0.0,0.02,472.0,0.01983961271889642,0,1.4,1.0,0,4.0,5.0,9,9,single_exp_fit,1.4,0.0,0,1.38,0.02041644612987402,1.0,1.4,0.005349107129063731
delayed_plateau,80,0.003,0.02,472.0,0.01983961271889642,0,1.4,1.0,0,4.0,5.0,9,9,single_exp_fit,1.4,0.0,0,1.38,0.02041644612987402,1.0,1.4,0.005349107129063731
delayed_plateau,80,0.005,0.02,472.0,0.01983961271889642,0,1.4,1.0,0,4.0,5.0,9,9,single_exp_fit,1.4,0.0,0,1.38,0.02041644612987402,1.0,1.4,0.005349107129063731
delayed_plateau,80,0.01,0.02,472.0,0.01983961271889642,0,1.4,1.0,0,4.0,5.0,9,9,single_exp_fit,1.4,0.0,0,1.38,0.02041644612987402,1.0,1.4,0.005349107129063731
delayed_plateau,80,0.02,0.02,472.0,0.01983961271889642,0,1.4,1.0,0,4.0,5.0,9,9,single_exp_fit,1.4,0.0,0,1.38,0.02041644612987402,1.0,1.4,0.005349107129063731
delayed_plateau,90,0.0,0.02,482.0,0.019841076433992064,0,1.4,1.0,0,4.0,5.0,9,9,single_exp_fit,1.4,0.0,0,1.38,0.01990741128427006,1.0,1.4,0.00484007228345977
delayed_plateau,90,0.003,0.02,482.0,0.019841076433992064,0,1.4,1.0,0,4.0,5.0,9,8,single_exp_fit,1.4,0.0,0,1.38,0.01990741128427006,1.0,1.4,0.00484007228345977
delayed_plateau,90,0.005,0.02,482.0,0.019841076433992064,0,1.4,1.0,0,4.0,5.0,9,8,single_exp_fit,1.4,0.0,0,1.38,0.01990741128427006,1.0,1.4,0.00484007228345977
delayed_plateau,90,0.01,0.02,482.0,0.019841076433992064,0,1.4,1.0,0,4.0,5.0,9,8,single_exp_fit,1.4,0.0,0,1.38,0.01990741128427006,1.0,1.4,0.00484007228345977
delayed_plateau,90,0.02,0.02,482.0,0.019841076433992064,0,1.4,1.0,0,4.0,5.0,9,9,single_exp_fit,1.4,0.0,0,1.38,0.01990741128427006,1.0,1.4,0.00484007228345977
delayed_plateau,100,0.0,0.02,492.0,0.019841094643701786,0,1.4,1.0,0,4.0,5.0,9,9,pade_22,1.4,0.0,0,1.38,0.01944681750888344,1.0,1.4,0.004379478508073149
delayed_plateau,100,0.003,0.02,492.0,0.019841094643701786,0,1.4,1.0,0,4.0,5.0,9,9,pade_22,1.4,0.0,0,1.38,0.01944681750888344,1.0,1.4,0.004379478508073149
delayed_plateau,100,0.005,0.02,492.0,0.019841094643701786,0,1.4,1.0,0,4.0,5.0,9,9,pade_22,1.4,0.0,0,1.38,0.01944681750888344,1.0,1.4,0.004379478508073149
delayed_plateau,100,0.01,0.02,492.0,0.019841094643701786,0,1.4,1.0,0,4.0,5.0,9,9,rational_fit,1.4,0.0,0,1.38,0.01944681750888344,1.0,1.4,0.004379478508073149
delayed_plateau,100,0.02,0.02,492.0,0.019841094643701786,0,1.4,1.0,0,3.0,4.0,9,8,log_linear,1.4,0.0,0,1.38,0.01944681750888344,1.0,1.4,0.004379478508073149
delayed_plateau,110,0.0,0.02,502.0,0.01984109474146265,0,1.4,1.0,0,3.0,4.0,9,8,log_linear,1.4,0.0,0,1.38,0.01903005502639917,1.0,1.4,0.003962716025588883
delayed_plateau,110,0.003,0.02,502.0,0.01984109474146265,0,1.4,1.0,0,4.0,5.0,9,9,rational_fit,1.4,0.0,0,1.38,0.01903005502639917,1.0,1.4,0.003962716025588883
delayed_plateau,110,0.005,0.02,502.0,0.01984109474146265,0,1.4,1.0,0,4.0,5.0,9,9,rational_fit,1.4,0.0,0,1.38,0.01903005502639917,1.0,1.4,0.003962716025588883
delayed_plateau,110,0.01,0.02,502.0,0.01984109474146265,0,1.4,1.0,0,4.0,5.0,9,9,pade_22,1.4,0.0,0,1.38,0.01903005502639917,1.0,1.4,0.003962716025588883
delayed_plateau,110,0.02,0.02,502.0,0.01984109474146265,0,1.4,1.0,0,3.0,4.0,9,8,rational_fit,1.4,0.0,0,1.38,0.01903005502639917,1.0,1.4,0.003962716025588883
delayed_plateau,120,0.0,0.02,512.0,0.01984109474395572,0,1.4,1.0,0,4.0,5.0,9,9,rational_fit,1.4,0.0,0,1.38,0.018652952737813856,1.0,1.4,0.0035856137370035655
delayed_plateau,120,0.003,0.02,512.0,0.01984109474395572,0,1.4,1.0,0,5.0,6.0,9,9,single_exp_fit,1.4,0.0,0,1.38,0.018652952737813856,1.0,1.4,0.0035856137370035655
delayed_plateau,120,0.005,0.02,512.0,0.01984109474395572,0,1.4,1.0,0,4.0,5.0,9,9,rational_fit,1.4,0.0,0,1.38,0.018652952737813856,1.0,1.4,0.0035856137370035655
delayed_plateau,120,0.01,0.02,512.0,0.01984109474395572,0,1.4,1.0,0,4.0,5.0,9,8,rational_fit,1.4,0.0,0,1.38,0.018652952737813856,1.0,1.4,0.0035856137370035655
delayed_plateau,120,0.02,0.02,512.0,0.01984109474395572,0,1.4,1.0,0,4.0,5.0,9,9,rational_fit,1.4,0.0,0,1.38,0.018652952737813856,1.0,1.4,0.0035856137370035655
delayed_plateau,130,0.0,0.02,522.0,0.019841094744308303,0,1.4,1.0,0,5.0,6.0,9,9,single_exp_fit,1.4,0.0,0,1.38,0.01831173647667487,1.0,1.4,0.0032443974758645765
delayed_plateau,130,0.003,0.02,522.0,0.019841094744308303,0,1.4,1.0,0,5.0,6.0,9,9,single_exp_fit,1.4,0.0,0,1.38,0.01831173647667487,1.0,1.4,0.0032443974758645765
delayed_plateau,130,0.005,0.02,522.0,0.019841094744308303,0,1.4,1.0,0,5.0,6.0,9,9,single_exp_fit,1.4,0.0,0,1.38,0.01831173647667487,1.0,1.4,0.0032443974758645765
delayed_plateau,130,0.01,0.02,522.0,0.019841094744308303,0,1.4,1.0,0,5.0,6.0,9,8,single_exp_fit,1.4,0.0,0,1.38,0.01831173647667487,1.0,1.4,0.0032443974758645765
delayed_plateau,130,0.02,0.02,522.0,0.019841094744308303,0,1.4,1.0,0,5.0,6.0,9,9,log_linear,1.4,0.0,0,1.38,0.01831173647667487,1.0,1.4,0.0032443974758645765
delayed_plateau,140,0.0,0.02,532.0,0.01984109474436101,0,1.4,1.0,0,6.0,7.0,9,9,single_exp_fit,1.4,0.0,0,1.38,0.018002991235953975,1.0,1.4,0.002935652235143686
delayed_plateau,140,0.003,0.02,532.0,0.01984109474436101,0,1.4,1.0,0,5.0,6.0,9,9,single_exp_fit,1.4,0.0,0,1.38,0.018002991235953975,1.0,1.4,0.002935652235143686
delayed_plateau,140,0.005,0.02,532.0,0.01984109474436101,0,1.4,1.0,0,5.0,6.0,9,8,single_exp_fit,1.4,0.0,0,1.38,0.018002991235953975,1.0,1.4,0.002935652235143686
delayed_plateau,140,0.01,0.02,532.0,0.01984109474436101,0,1.4,1.0,0,5.0,6.0,9,8,log_linear,1.4,0.0,0,1.36,0.018002991235953975,1.0,1.4,0.002935652235143686
delayed_plateau,140,0.02,0.02,532.0,0.01984109474436101,0,1.4,1.0,0,5.0,6.0,9,9,log_linear,1.4,0.0,0,1.36,0.018002991235953975,1.0,1.4,0.002935652235143686
four_exp,20,0.0,0.02,856.0,0.019972735550358382,0,1.4,1.0,0,3.0,4.0,9,9,pade_22,1.4,0.0,0,1.34,0.08741848831516477,1.0,1.4,0.0065163694116867
four_exp,20,0.003,0.02,856.0,0.019972735550358382,0,1.4,1.0,0,2.0,3.0,9,9,log_linear,1.4,0.0,0,1.34,0.08741848831516477,1.0,1.4,0.0065163694116867
four_exp,20,0.005,0.02,856.0,0.019972735550358382,0,1.4,1.0,0,2.0,3.0,9,9,log_linear,1.4,0.0,0,1.34,0.08741848831516477,1.0,1.4,0.0065163694116867
four_exp,20,0.01,0.02,856.0,0.019972735550358382,0,1.4,1.0,0,2.0,3.0,9,9,log_linear,1.4,0.0,0,1.34,0.08741848831516477,1.0,1.4,0.0065163694116867
four_exp,20,0.02,0.02,856.0,0.019972735550358382,0,1.4,1.0,0,2.0,3.0,9,9,log_linear,1.4,0.0,0,1.34,0.08741848831516477,1.0,1.4,0.0065163694116867
four_exp,30,0.0,0.02,895.0,0.019959252776285748,0,1.4,1.0,0,3.0,4.0,9,9,pade_22,1.4,0.0,0,1.34,0.08647725859287089,1.0,1.4,0.005575139689392827
four_exp,30,0.003,0.02,895.0,0.019959252776285748,0,1.4,1.0,0,2.0,3.0,9,9,log_linear,1.4,0.0,0,1.34,0.08647725859287089,1.0,1.4,0.005575139689392827
four_exp,30,0.005,0.02,895.0,0.019959252776285748,0,1.4,1.0,0,2.0,3.0,9,9,log_linear,1.4,0.0,0,1.34,0.08647725859287089,1.0,1.4,0.005575139689392827
four_exp,30,0.01,0.02,895.0,0.019959252776285748,0,1.4,1.0,0,2.0,3.0,9,9,log_linear,1.4,0.0,0,1.34,0.08647725859287089,1.0,1.4,0.005575139689392827
four_exp,30,0.02,0.02,895.0,0.019959252776285748,0,1.4,1.0,0,3.0,4.0,9,9,pade_22,1.4,0.0,0,1.34,0.08647725859287089,1.0,1.4,0.005575139689392827
four_exp,40,0.0,0.02,926.0,0.01995917331307581,0,1.4,1.0,0,3.0,4.0,9,9,pade_22,1.4,0.0,0,1.3,0.08582708489898616,1.0,1.4,0.004924965995508101
four_exp,40,0.003,0.02,926.0,0.01995917331307581,0,1.4,1.0,0,2.0,3.0,9,9,log_linear,1.4,0.0,0,1.32,0.08582708489898616,1.0,1.4,0.004924965995508101
four_exp,40,0.005,0.02,926.0,0.01995917331307581,0,1.4,1.0,0,2.0,3.0,9,9,log_linear,1.4,0.0,0,1.3,0.08582708489898616,1.0,1.4,0.004924965995508101
four_exp,40,0.01,0.02,926.0,0.01995917331307581,0,1.4,1.0,0,2.0,3.0,9,9,log_linear,1.4,0.0,0,1.3,0.08582708489898616,1.0,1.4,0.004924965995508101
four_exp,40,0.02,0.02,926.0,0.01995917331307581,0,1.4,1.0,0,3.0,4.0,9,9,pade_22,1.4,0.0,0,1.3,0.08582708489898616,1.0,1.4,0.004924965995508101
four_exp,50,0.0,0.02,952.0,0.0199880566796008,0,1.4,1.0,0,3.0,4.0,9,9,pade_22,1.4,0.0,0,1.3,0.08534062284087099,1.0,1.4,0.004438503937392917
four_exp,50,0.003,0.02,952.0,0.0199880566796008,0,1.4,1.0,0,2.0,3.0,9,9,log_linear,1.4,0.0,0,1.3,0.08534062284087099,1.0,1.4,0.004438503937392917
four_exp,50,0.005,0.02,952.0,0.0199880566796008,0,1.4,1.0,0,2.0,3.0,9,9,log_linear,1.4,0.0,0,1.3,0.08534062284087099,1.0,1.4,0.004438503937392917
four_exp,50,0.01,0.02,952.0,0.0199880566796008,0,1.4,1.0,0,2.0,3.0,9,9,log_linear,1.4,0.0,0,1.3,0.08534062284087099,1.0,1.4,0.004438503937392917
four_exp,50,0.02,0.02,952.0,0.0199880566796008,0,1.4,1.0,0,3.0,4.0,9,9,pade_22,1.4,0.0,0,1.3,0.08534062284087099,1.0,1.4,0.004438503937392917
four_exp,60,0.0,0.02,976.0,0.01992958189077922,0,1.4,1.0,0,3.0,3.0,9,9,pade_22,1.4,0.0,0,1.3,0.08493434001246211,1.0,1.4,0.0040322211089840465
four_exp,60,0.003,0.02,976.0,0.01992958189077922,0,1.4,1.0,0,2.0,2.0,9,9,log_linear,1.4,0.0,0,1.3,0.08493434001246211,1.0,1.4,0.0040322211089840465
four_exp,60,0.005,0.02,976.0,0.01992958189077922,0,1.4,1.0,0,2.0,2.0,9,9,log_linear,1.4,0.0,0,1.3,0.08493434001246211,1.0,1.4,0.0040322211089840465
four_exp,60,0.01,0.02,976.0,0.01992958189077922,0,1.4,1.0,0,2.0,2.0,9,9,log_linear,1.4,0.0,0,1.3,0.08493434001246211,1.0,1.4,0.0040322211089840465
four_exp,60,0.02,0.02,976.0,0.01992958189077922,0,1.4,1.0,0,3.0,3.0,9,9,pade_22,1.4,0.0,0,1.3,0.08493434001246211,1.0,1.4,0.0040322211089840465
four_exp,70,0.0,0.02,997.0,0.019926813270076085,0,1.4,1.0,0,3.0,3.0,9,9,pade_22,1.4,0.0,0,1.28,0.08460946902090513,1.0,1.4,0.003707350117427066
four_exp,70,0.003,0.02,997.0,0.019926813270076085,0,1.4,1.0,0,2.0,2.0,9,9,log_linear,1.4,0.0,0,1.28,0.08460946902090513,1.0,1.4,0.003707350117427066
four_exp,70,0.005,0.02,997.0,0.019926813270076085,0,1.4,1.0,0,2.0,2.0,9,9,log_linear,1.4,0.0,0,1.28,0.08460946902090513,1.0,1.4,0.003707350117427066
four_exp,70,0.01,0.02,997.0,0.019926813270076085,0,1.4,1.0,0,3.0,3.0,9,9,pade_22,1.4,0.0,0,1.28,0.08460946902090513,1.0,1.4,0.003707350117427066
four_exp,70,0.02,0.02,997.0,0.019926813270076085,0,1.4,1.0,0,1.0,1.0,9,8,richardson_1,1.4,0.0,1,1.28,0.08460946902090513,1.0,1.4,0.003707350117427066
four_exp,80,0.0,0.02,1016.0,0.019936688853291175,0,1.4,1.0,0,3.0,3.0,9,9,pade_22,1.4,0.0,0,1.26,0.08433815107478637,1.0,1.4,0.0034360321713082964
four_exp,80,0.003,0.02,1016.0,0.019936688853291175,0,1.4,1.0,0,2.0,2.0,9,9,log_linear,1.4,0.0,0,1.26,0.08433815107478637,1.0,1.4,0.0034360321713082964
four_exp,80,0.005,0.02,1016.0,0.019936688853291175,0,1.4,1.0,0,2.0,2.0,9,9,pade_22,1.4,0.0,0,1.26,0.08433815107478637,1.0,1.4,0.0034360321713082964
four_exp,80,0.01,0.02,1016.0,0.019936688853291175,0,1.4,1.0,0,2.0,2.0,9,9,log_linear,1.4,0.0,0,1.26,0.08433815107478637,1.0,1.4,0.0034360321713082964
four_exp,80,0.02,0.02,1016.0,0.019936688853291175,0,1.4,1.0,0,2.0,2.0,9,9,log_linear,1.4,0.0,0,1.26,0.08433815107478637,1.0,1.4,0.0034360321713082964
four_exp,90,0.0,0.02,1033.0,0.019984291029188302,0,1.4,1.0,0,3.0,3.0,9,9,pade_22,1.4,0.0,0,1.26,0.08411226794654886,1.0,1.4,0.0032101490430707924
four_exp,90,0.003,0.02,1033.0,0.019984291029188302,0,1.4,1.0,0,2.0,2.0,9,9,log_linear,1.4,0.0,0,1.26,0.08411226794654886,1.0,1.4,0.0032101490430707924
four_exp,90,0.005,0.02,1033.0,0.019984291029188302,0,1.4,1.0,0,2.0,3.0,9,9,log_linear,1.4,0.0,0,1.26,0.08411226794654886,1.0,1.4,0.0032101490430707924
four_exp,90,0.01,0.02,1033.0,0.019984291029188302,0,1.4,1.0,0,1.0,1.0,9,8,richardson_1,1.4,0.0,1,1.24,0.08411226794654886,1.0,1.4,0.0032101490430707924
four_exp,90,0.02,0.02,1033.0,0.019984291029188302,0,1.4,1.0,0,2.0,2.0,9,9,log_linear,1.4,0.0,0,1.26,0.08411226794654886,1.0,1.4,0.0032101490430707924
four_exp,100,0.0,0.02,1050.0,0.019929289868028013,0,1.4,1.0,0,2.0,2.0,9,9,log_linear,1.4,0.0,0,1.24,0.0839012342683694,1.0,1.4,0.002999115364891336
four_exp,100,0.003,0.02,1050.0,0.019929289868028013,0,1.4,1.0,0,1.0,1.0,9,9,richardson_1,1.4,0.0,1,1.26,0.0839012342683694,1.0,1.4,0.002999115364891336
four_exp,100,0.005,0.02,1050.0,0.019929289868028013,0,1.4,1.0,0,2.0,2.0,9,9,log_linear,1.4,0.0,0,1.24,0.0839012342683694,1.0,1.4,0.002999115364891336
four_exp,100,0.01,0.02,1050.0,0.019929289868028013,0,1.4,1.0,0,2.0,2.0,9,9,log_linear,1.4,0.0,0,1.26,0.0839012342683694,1.0,1.4,0.002999115364891336
four_exp,100,0.02,0.02,1050.0,0.019929289868028013,0,1.4,1.0,0,2.0,2.0,9,9,log_linear,1.4,0.0,0,1.24,0.0839012342683694,1.0,1.4,0.002999115364891336
four_exp,110,0.0,0.02,1065.0,0.01994740822303824,0,1.4,1.0,0,3.0,3.0,9,9,pade_22,1.4,0.0,0,1.24,0.08372657938605779,1.0,1.4,0.002824460482579727
four_exp,110,0.003,0.02,1065.0,0.01994740822303824,0,1.4,1.0,0,3.0,3.0,9,9,rational_fit,1.4,0.0,0,1.24,0.08372657938605779,1.0,1.4,0.002824460482579727
four_exp,110,0.005,0.02,1065.0,0.01994740822303824,0,1.4,1.0,0,2.0,2.0,9,8,log_linear,1.4,0.0,0,1.24,0.08372657938605779,1.0,1.4,0.002824460482579727
four_exp,110,0.01,0.02,1065.0,0.01994740822303824,0,1.4,1.0,0,2.0,2.0,9,9,log_linear,1.4,0.0,0,1.24,0.08372657938605779,1.0,1.4,0.002824460482579727
four_exp,110,0.02,0.02,1065.0,0.01994740822303824,0,1.4,1.0,0,2.0,2.0,9,9,log_linear,1.4,0.0,0,1.24,0.08372657938605779,1.0,1.4,0.002824460482579727
four_exp,120,0.0,0.02,1079.0,0.01997261078386509,0,1.4,1.0,0,2.0,2.0,9,9,log_linear,1.4,0.0,0,1.24,0.08357275682740134,1.0,1.4,0.0026706379239232816
four_exp,120,0.003,0.02,1079.0,0.01997261078386509,0,1.4,1.0,0,1.0,1.0,9,9,richardson_1,1.4,0.0,1,1.24,0.08357275682740134,1.0,1.4,0.0026706379239232816
four_exp,120,0.005,0.02,1079.0,0.01997261078386509,0,1.4,1.0,0,1.0,1.0,9,8,richardson_1,1.4,0.0,1,1.24,0.08357275682740134,1.0,1.4,0.0026706379239232816
four_exp,120,0.01,0.02,1079.0,0.01997261078386509,0,1.4,1.0,0,2.0,2.0,9,9,log_linear,1.4,0.0,0,1.24,0.08357275682740134,1.0,1.4,0.0026706379239232816
four_exp,120,0.02,0.02,1079.0,0.01997261078386509,0,1.4,1.0,0,2.0,2.0,9,9,log_linear,1.4,0.0,0,1.24,0.08357275682740134,1.0,1.4,0.0026706379239232816
four_exp,130,0.0,0.02,1093.0,0.01993689267156846,0,1.4,1.0,0,1.0,1.0,9,9,richardson_1,1.4,0.0,1,1.24,0.08342731157824779,1.0,1.4,0.002525192674769708
four_exp,130,0.003,0.02,1093.0,0.01993689267156846,0,1.4,1.0,0,1.0,1.0,9,9,richardson_1,1.4,0.0,1,1.24,0.08342731157824779,1.0,1.4,0.002525192674769708
four_exp,130,0.005,0.02,1093.0,0.01993689267156846,0,1.4,1.0,0,3.0,3.0,9,9,log_linear,1.4,0.0,0,1.24,0.08342731157824779,1.0,1.4,0.002525192674769708
four_exp,130,0.01,0.02,1093.0,0.01993689267156846,0,1.4,1.0,0,2.0,2.0,9,9,log_linear,1.4,0.0,0,1.24,0.08342731157824779,1.0,1.4,0.002525192674769708
four_exp,130,0.02,0.02,1093.0,0.01993689267156846,0,1.4,1.0,0,2.0,2.0,9,9,log_linear,1.4,0.0,0,1.22,0.08342731157824779,1.0,1.4,0.002525192674769708
four_exp,140,0.0,0.02,1106.0,0.01993024705196437,0,1.4,1.0,0,1.0,1.0,9,9,richardson_1,1.4,0.0,1,1.24,0.08329935720391557,1.0,1.4,0.002397238300437494
four_exp,140,0.003,0.02,1106.0,0.01993024705196437,0,1.4,1.0,0,2.0,2.0,9,8,log_linear,1.4,0.0,0,1.24,0.08329935720391557,1.0,1.4,0.002397238300437494
four_exp,140,0.005,0.02,1106.0,0.01993024705196437,0,1.4,1.0,0,2.0,2.0,9,9,log_linear,1.4,0.0,0,1.24,0.08329935720391557,1.0,1.4,0.002397238300437494
four_exp,140,0.01,0.02,1106.0,0.01993024705196437,0,1.4,1.0,0,2.0,3.0,9,9,log_linear,1.4,0.0,0,1.24,0.08329935720391557,1.0,1.4,0.002397238300437494
four_exp,140,0.02,0.02,1106.0,0.01993024705196437,0,1.4,1.0,0,2.0,2.0,9,9,log_linear,1.4,0.0,0,1.22,0.08329935720391557,1.0,1.4,0.002397238300437494
heavy_noise_plat,20,0.0,0.02,60.0,0.01831563888873418,0,1.3,1.0,0,1.0,2.0,9,9,richardson_1,1.3,0.0,1,-0.08,0.03646120308029348,1.0,1.4,0.00012393760883331814
heavy_noise_plat,20,0.003,0.02,60.0,0.01831563888873418,0,1.3,1.0,0,2.0,3.0,9,9,log_linear,1.32,0.02,0,-0.14,0.03646120308029348,1.0,1.4,0.00012393760883331814
heavy_noise_plat,20,0.005,0.02,60.0,0.01831563888873418,0,1.0,1.0,0,2.0,2.0,9,9,current_value,1.0,0.0,0,-0.06,0.03646120308029348,1.0,1.4,0.00012393760883331814
heavy_noise_plat,20,0.01,0.02,60.0,0.01831563888873418,0,1.3,1.0,0,1.0,2.0,9,9,richardson_1,1.3,0.0,1,-0.18,0.03646120308029348,1.0,1.4,0.00012393760883331814
heavy_noise_plat,20,0.02,0.02,60.0,0.01831563888873418,0,1.28,1.0,0,1.0,1.0,9,7,richardson_1,1.28,0.0,1,0.4,0.03646120308029348,1.0,1.4,0.00012393760883331814
heavy_noise_plat,30,0.0,0.02,70.0,0.01831563888873418,0,1.1,1.0,0,3.0,2.0,9,9,single_exp_fit,1.26,0.16,0,-0.48,0.036382859569737885,1.0,1.4,4.559409827772573e-05
heavy_noise_plat,30,0.003,0.02,70.0,0.01831563888873418,0,0.84,1.0,0,4.0,1.0,9,8,single_exp_fit,1.04,0.2,0,-0.18,0.036382859569737885,1.0,1.4,4.559409827772573e-05
heavy_noise_plat,30,0.005,0.02,70.0,0.01831563888873418,0,1.0,1.0,0,2.0,2.0,9,8,single_exp_fit,1.0,0.0,0,-0.2,0.036382859569737885,1.0,1.4,4.559409827772573e-05
heavy_noise_plat,30,0.01,0.02,70.0,0.01831563888873418,0,1.2,1.0,0,1.0,1.0,9,8,richardson_1,1.2,0.0,1,0.16,0.036382859569737885,1.0,1.4,4.559409827772573e-05
heavy_noise_plat,30,0.02,0.02,70.0,0.01831563888873418,0,1.3,1.0,0,1.0,2.0,9,7,richardson_1,1.3,0.0,1,0.28,0.036382859569737885,1.0,1.4,4.559409827772573e-05
heavy_noise_plat,40,0.0,0.02,80.0,0.018315638888734182,0,0.7,1.0,0,5.0,3.0,9,8,single_exp_fit,1.14,0.44,0,-0.28,0.036354038602855285,1.0,1.4,1.6773131395125557e-05
heavy_noise_plat,40,0.003,0.02,80.0,0.018315638888734182,0,0.96,1.0,0,4.0,3.0,9,8,single_exp_fit,1.38,0.42,0,-0.28,0.036354038602855285,1.0,1.4,1.6773131395125557e-05
heavy_noise_plat,40,0.005,0.02,80.0,0.018315638888734182,0,0.8,1.0,0,6.0,4.0,9,8,single_exp_fit,1.24,0.44,0,-0.4,0.036354038602855285,1.0,1.4,1.6773131395125557e-05
heavy_noise_plat,40,0.01,0.02,80.0,0.018315638888734182,0,1.3,1.0,0,1.0,1.0,9,7,richardson_1,1.3,0.0,1,0.02,0.036354038602855285,1.0,1.4,1.6773131395125557e-05
heavy_noise_plat,40,0.02,0.02,80.0,0.018315638888734182,0,1.1,1.0,0,3.0,1.0,9,7,richardson_a10,1.24,0.14,0,0.16,0.036354038602855285,1.0,1.4,1.6773131395125557e-05
heavy_noise_plat,50,0.0,0.02,90.0,0.018315638888734182,0,0.72,1.0,0,5.0,6.0,9,8,single_exp_fit,1.12,0.4,0,-0.2,0.03634343596166449,1.0,1.4,6.17049020433481e-06
heavy_noise_plat,50,0.003,0.02,90.0,0.018315638888734182,0,0.68,1.0,0,6.0,6.0,9,8,single_exp_fit,1.3,0.62,0,-0.2,0.03634343596166449,1.0,1.4,6.17049020433481e-06
heavy_noise_plat,50,0.005,0.02,90.0,0.018315638888734182,0,1.14,1.0,0,2.0,2.0,9,7,single_exp_fit,1.2,0.06,0,-0.38,0.03634343596166449,1.0,1.4,6.17049020433481e-06
heavy_noise_plat,50,0.01,0.02,90.0,0.018315638888734182,0,1.18,1.0,0,2.0,3.0,9,8,single_exp_fit,1.22,0.04,0,-0.08,0.03634343596166449,1.0,1.4,6.17049020433481e-06
heavy_noise_plat,50,0.02,0.02,90.0,0.018315638888734182,0,1.24,1.0,0,1.0,1.0,9,7,richardson_1,1.24,0.0,1,0.02,0.03634343596166449,1.0,1.4,6.17049020433481e-06
heavy_noise_plat,60,0.0,0.02,100.0,0.01831563888873418,0,0.58,1.0,0,6.0,6.0,9,7,single_exp_fit,1.08,0.5,0,-0.2,0.036339535467948283,1.0,1.4,2.2699964881238432e-06
heavy_noise_plat,60,0.003,0.02,100.0,0.01831563888873418,0,1.04,1.0,0,4.0,4.0,9,7,single_exp_fit,1.26,0.22,0,-0.18,0.036339535467948283,1.0,1.4,2.2699964881238432e-06
heavy_noise_plat,60,0.005,0.02,100.0,0.01831563888873418,0,0.8,1.0,0,6.0,5.0,9,7,single_exp_fit,1.32,0.52,0,-0.3,0.036339535467948283,1.0,1.4,2.2699964881238432e-06
heavy_noise_plat,60,0.01,0.02,100.0,0.01831563888873418,0,1.18,1.0,0,3.0,3.0,9,7,rational_fit,1.28,0.1,0,-0.06,0.036339535467948283,1.0,1.4,2.2699964881238432e-06
heavy_noise_plat,60,0.02,0.02,100.0,0.01831563888873418,0,1.24,1.0,0,2.0,1.0,9,7,richardson_a10,1.36,0.12,0,0.38,0.036339535467948283,1.0,1.4,2.2699964881238432e-06
heavy_noise_plat,70,0.0,0.02,110.0,0.01831563888873418,0,1.18,1.0,0,2.0,2.0,9,8,single_exp_fit,1.22,0.04,0,-0.3,0.03633810055649967,1.0,1.4,8.350850395112686e-07
heavy_noise_plat,70,0.003,0.02,110.0,0.01831563888873418,0,1.18,1.0,0,3.0,1.0,9,8,richardson_a10,1.28,0.1,0,-0.3,0.03633810055649967,1.0,1.4,8.350850395112686e-07
heavy_noise_plat,70,0.005,0.02,110.0,0.01831563888873418,0,1.36,1.0,0,2.0,2.0,9,7,single_exp_fit,1.36,0.0,0,0.02,0.03633810055649967,1.0,1.4,8.350850395112686e-07
heavy_noise_plat,70,0.01,0.02,110.0,0.01831563888873418,0,1.22,1.0,0,1.0,2.0,9,8,richardson_1,1.22,0.0,1,-0.28,0.03633810055649967,1.0,1.4,8.350850395112686e-07
heavy_noise_plat,70,0.02,0.02,110.0,0.01831563888873418,0,1.2,1.0,0,2.0,4.0,9,8,richardson_a10,1.3,0.1,0,0.06,0.03633810055649967,1.0,1.4,8.350850395112686e-07
heavy_noise_plat,80,0.0,0.02,120.0,0.01831563888873418,0,0.5,1.0,0,3.0,2.0,9,8,current_value,1.0,0.5,0,-0.48,0.03633757268207782,1.0,1.4,3.0721061766714186e-07
heavy_noise_plat,80,0.003,0.02,120.0,0.01831563888873418,0,1.36,1.0,0,4.0,2.0,9,8,richardson_a10,1.38,0.02,0,0.02,0.03633757268207782,1.0,1.4,3.0721061766714186e-07
heavy_noise_plat,80,0.005,0.02,120.0,0.01831563888873418,0,1.2,1.0,0,3.0,4.0,9,8,single_exp_fit,1.22,0.02,0,0.02,0.03633757268207782,1.0,1.4,3.0721061766714186e-07
heavy_noise_plat,80,0.01,0.02,120.0,0.01831563888873418,0,1.1,1.0,0,1.0,1.0,9,7,richardson_1,1.1,0.0,1,-0.38,0.03633757268207782,1.0,1.4,3.0721061766714186e-07
heavy_noise_plat,80,0.02,0.02,120.0,0.01831563888873418,0,1.2,1.0,0,4.0,4.0,9,7,single_exp_fit,1.3,0.1,0,0.14,0.03633757268207782,1.0,1.4,3.0721061766714186e-07
heavy_noise_plat,90,0.0,0.02,130.0,0.01831563888873418,0,1.14,1.0,0,4.0,4.0,9,8,single_exp_fit,1.32,0.18,0,-0.5,0.036337378487930505,1.0,1.4,1.1301647034889228e-07
heavy_noise_plat,90,0.003,0.02,130.0,0.01831563888873418,0,1.34,1.0,0,3.0,5.0,9,8,single_exp_fit,1.34,0.0,0,-0.4,0.036337378487930505,1.0,1.4,1.1301647034889228e-07
heavy_noise_plat,90,0.005,0.02,130.0,0.01831563888873418,0,1.38,1.0,0,2.0,2.0,9,8,single_exp_fit,1.38,0.0,0,-0.2,0.036337378487930505,1.0,1.4,1.1301647034889228e-07
heavy_noise_plat,90,0.01,0.02,130.0,0.01831563888873418,0,1.36,1.0,0,5.0,5.0,9,7,single_exp_fit,1.4,0.04,0,-0.08,0.036337378487930505,1.0,1.4,1.1301647034889228e-07
heavy_noise_plat,90,0.02,0.02,130.0,0.01831563888873418,0,1.22,1.0,0,1.0,5.0,9,7,richardson_1,1.22,0.0,1,0.14,0.036337378487930505,1.0,1.4,1.1301647034889228e-07
heavy_noise_plat,100,0.0,0.02,140.0,0.018315638888734182,0,1.28,1.0,0,1.0,2.0,9,8,richardson_1,1.28,0.0,1,-0.38,0.03633730704789611,1.0,1.4,4.157643595549543e-08
heavy_noise_plat,100,0.003,0.02,140.0,0.018315638888734182,0,1.28,1.0,0,4.0,5.0,9,8,single_exp_fit,1.36,0.08,0,-0.48,0.03633730704789611,1.0,1.4,4.157643595549543e-08
heavy_noise_plat,100,0.005,0.02,140.0,0.018315638888734182,0,1.34,1.0,0,2.0,3.0,9,8,richardson_a10,1.36,0.02,0,-0.2,0.03633730704789611,1.0,1.4,4.157643595549543e-08
heavy_noise_plat,100,0.01,0.02,140.0,0.018315638888734182,0,1.32,1.0,0,2.0,5.0,9,7,richardson_a10,1.32,0.0,0,-0.28,0.03633730704789611,1.0,1.4,4.157643595549543e-08
heavy_noise_plat,100,0.02,0.02,140.0,0.018315638888734182,0,1.24,1.0,0,4.0,5.0,9,7,pade_22,1.34,0.1,0,0.36,0.03633730704789611,1.0,1.4,4.157643595549543e-08
heavy_noise_plat,110,0.0,0.02,150.0,0.01831563888873418,0,1.16,1.0,0,4.0,4.0,9,8,single_exp_fit,1.26,0.1,0,-0.6,0.036337280766576184,1.0,1.4,1.5295116024410804e-08
heavy_noise_plat,110,0.003,0.02,150.0,0.01831563888873418,0,1.16,1.0,0,5.0,5.0,9,8,pade_22,1.36,0.2,0,-0.28,0.036337280766576184,1.0,1.4,1.5295116024410804e-08
heavy_noise_plat,110,0.005,0.02,150.0,0.01831563888873418,0,0.8,1.0,0,6.0,5.0,9,8,pade_22,1.06,0.26,0,-0.46,0.036337280766576184,1.0,1.4,1.5295116024410804e-08
heavy_noise_plat,110,0.01,0.02,150.0,0.01831563888873418,0,1.1,1.0,0,6.0,5.0,9,7,rational_fit,1.34,0.24,0,-0.2,0.036337280766576184,1.0,1.4,1.5295116024410804e-08
heavy_noise_plat,110,0.02,0.02,150.0,0.01831563888873418,0,1.24,1.0,0,5.0,4.0,9,7,single_exp_fit,1.32,0.08,0,0.14,0.036337280766576184,1.0,1.4,1.5295116024410804e-08
heavy_noise_plat,120,0.0,0.02,160.0,0.018315638888734182,0,1.18,1.0,0,5.0,5.0,9,8,pade_22,1.32,0.14,0,-0.5,0.036337271098218896,1.0,1.4,5.6267587360270266e-09
heavy_noise_plat,120,0.003,0.02,160.0,0.018315638888734182,0,1.18,1.0,0,5.0,5.0,9,8,pade_22,1.24,0.06,0,-0.46,0.036337271098218896,1.0,1.4,5.6267587360270266e-09
heavy_noise_plat,120,0.005,0.02,160.0,0.018315638888734182,0,1.28,1.0,0,4.0,4.0,9,7,rational_fit,1.34,0.06,0,-0.08,0.036337271098218896,1.0,1.4,5.6267587360270266e-09
heavy_noise_plat,120,0.01,0.02,160.0,0.018315638888734182,0,1.3,1.0,0,2.0,4.0,9,8,single_exp_fit,1.3,0.0,0,-0.14,0.036337271098218896,1.0,1.4,5.6267587360270266e-09
heavy_noise_plat,120,0.02,0.02,160.0,0.018315638888734182,0,1.32,1.0,0,3.0,5.0,9,7,single_exp_fit,1.34,0.02,0,0.24,0.036337271098218896,1.0,1.4,5.6267587360270266e-09
heavy_noise_plat,130,0.0,0.02,170.0,0.018315638888734182,0,1.26,1.0,0,3.0,5.0,9,8,pade_22,1.32,0.06,0,-0.48,0.03633726754142902,1.0,1.4,2.0699688595138266e-09
heavy_noise_plat,130,0.003,0.02,170.0,0.018315638888734182,0,1.06,1.0,0,6.0,5.0,9,8,pade_22,1.28,0.22,0,-0.5,0.03633726754142902,1.0,1.4,2.0699688595138266e-09
heavy_noise_plat,130,0.005,0.02,170.0,0.018315638888734182,0,1.2,1.0,0,5.0,4.0,9,7,richardson_a10,1.3,0.1,0,-0.4,0.03633726754142902,1.0,1.4,2.0699688595138266e-09
heavy_noise_plat,130,0.01,0.02,170.0,0.018315638888734182,0,1.18,1.0,0,5.0,5.0,9,7,rational_fit,1.34,0.16,0,-0.04,0.03633726754142902,1.0,1.4,2.0699688595138266e-09
heavy_noise_plat,130,0.02,0.02,170.0,0.018315638888734182,0,1.14,1.0,0,5.0,5.0,9,7,rational_fit,1.26,0.12,0,0.34,0.03633726754142902,1.0,1.4,2.0699688595138266e-09
heavy_noise_plat,140,0.0,0.02,180.0,0.018315638888734182,0,1.28,1.0,0,2.0,2.0,9,8,richardson_a10,1.32,0.04,0,-0.4,0.036337266232959145,1.0,1.4,7.614989871312927e-10
heavy_noise_plat,140,0.003,0.02,180.0,0.018315638888734182,0,1.32,1.0,0,3.0,5.0,9,7,single_exp_fit,1.34,0.02,0,-0.28,0.036337266232959145,1.0,1.4,7.614989871312927e-10
heavy_noise_plat,140,0.005,0.02,180.0,0.018315638888734182,0,1.34,1.0,0,5.0,4.0,9,8,single_exp_fit,1.4,0.06,0,-0.18,0.036337266232959145,1.0,1.4,7.614989871312927e-10
heavy_noise_plat,140,0.01,0.02,180.0,0.018315638888734182,0,1.24,1.0,0,3.0,4.0,9,7,rational_fit,1.34,0.1,0,0.04,0.036337266232959145,1.0,1.4,7.614989871312927e-10
heavy_noise_plat,140,0.02,0.02,180.0,0.018315638888734182,0,1.02,1.0,0,5.0,5.0,9,7,single_exp_fit,1.14,0.12,0,0.16,0.036337266232959145,1.0,1.4,7.614989871312927e-10
log_oscillatory,20,0.0,0.02,50000.0,0.232935711783342,1,1.36,1.0,0,3.0,1.0,9,9,rational_fit,1.4,0.04,0,1.3,0.11757721977593429,1.0,1.4,0.06135051046213941
log_oscillatory,20,0.003,0.02,50000.0,0.232935711783342,1,1.36,1.0,0,3.0,1.0,9,9,rational_fit,1.4,0.04,0,1.3,0.11757721977593429,1.0,1.4,0.06135051046213941
log_oscillatory,20,0.005,0.02,50000.0,0.232935711783342,1,1.36,1.0,0,3.0,1.0,9,9,rational_fit,1.4,0.04,0,1.3,0.11757721977593429,1.0,1.4,0.06135051046213941
log_oscillatory,20,0.01,0.02,50000.0,0.232935711783342,1,1.36,1.0,0,3.0,1.0,9,9,rational_fit,1.4,0.04,0,1.3,0.11757721977593429,1.0,1.4,0.06135051046213941
log_oscillatory,20,0.02,0.02,50000.0,0.232935711783342,1,1.36,1.0,0,3.0,2.0,9,9,pade_22,1.4,0.04,0,1.28,0.11757721977593429,1.0,1.4,0.06135051046213941
log_oscillatory,30,0.0,0.02,50000.0,0.3324862235710625,1,1.3,1.0,0,4.0,2.0,9,9,single_exp_fit,1.4,0.1,0,1.22,0.11757721977593429,1.0,1.4,0.06135051046213941
log_oscillatory,30,0.003,0.02,50000.0,0.3324862235710625,1,1.28,1.0,0,4.0,2.0,9,9,single_exp_fit,1.4,0.12,0,1.24,0.11757721977593429,1.0,1.4,0.06135051046213941
log_oscillatory,30,0.005,0.02,50000.0,0.3324862235710625,1,1.28,1.0,0,4.0,2.0,9,9,single_exp_fit,1.4,0.12,0,1.24,0.11757721977593429,1.0,1.4,0.06135051046213941
log_oscillatory,30,0.01,0.02,50000.0,0.3324862235710625,1,1.28,1.0,0,3.0,3.0,9,9,single_exp_fit,1.4,0.12,0,1.18,0.11757721977593429,1.0,1.4,0.06135051046213941
log_oscillatory,30,0.02,0.02,50000.0,0.3324862235710625,1,1.3,1.0,0,2.0,2.0,9,9,single_exp_fit,1.4,0.1,0,1.18,0.11757721977593429,1.0,1.4,0.06135051046213941
log_oscillatory,40,0.0,0.02,50000.0,0.30497849550050343,1,1.3,1.0,0,5.0,4.0,9,9,rational_fit,1.4,0.1,0,1.26,0.11757721977593429,1.0,1.4,0.06135051046213941
log_oscillatory,40,0.003,0.02,50000.0,0.30497849550050343,1,1.3,1.0,0,4.0,3.0,9,9,rational_fit,1.4,0.1,0,1.26,0.11757721977593429,1.0,1.4,0.06135051046213941
log_oscillatory,40,0.005,0.02,50000.0,0.30497849550050343,1,1.3,1.0,0,4.0,3.0,9,9,rational_fit,1.4,0.1,0,1.28,0.11757721977593429,1.0,1.4,0.06135051046213941
log_oscillatory,40,0.01,0.02,50000.0,0.30497849550050343,1,1.3,1.0,0,4.0,3.0,9,9,rational_fit,1.4,0.1,0,1.28,0.11757721977593429,1.0,1.4,0.06135051046213941
log_oscillatory,40,0.02,0.02,50000.0,0.30497849550050343,1,1.3,1.0,0,3.0,2.0,9,9,rational_fit,1.4,0.1,0,1.26,0.11757721977593429,1.0,1.4,0.06135051046213941
log_oscillatory,50,0.0,0.02,50000.0,0.2560336623945213,1,1.36,1.0,0,4.0,2.0,9,8,rational_fit,1.4,0.04,0,1.3,0.11757721977593429,1.0,1.4,0.06135051046213941
log_oscillatory,50,0.003,0.02,50000.0,0.2560336623945213,1,1.36,1.0,0,4.0,2.0,9,8,rational_fit,1.4,0.04,0,1.3,0.11757721977593429,1.0,1.4,0.06135051046213941
log_oscillatory,50,0.005,0.02,50000.0,0.2560336623945213,1,1.34,1.0,0,4.0,2.0,9,8,rational_fit,1.4,0.06,0,1.3,0.11757721977593429,1.0,1.4,0.06135051046213941
log_oscillatory,50,0.01,0.02,50000.0,0.2560336623945213,1,1.36,1.0,0,3.0,2.0,9,8,rational_fit,1.4,0.04,0,1.28,0.11757721977593429,1.0,1.4,0.06135051046213941
log_oscillatory,50,0.02,0.02,50000.0,0.2560336623945213,1,1.36,1.0,0,3.0,2.0,9,8,rational_fit,1.4,0.04,0,1.28,0.11757721977593429,1.0,1.4,0.06135051046213941
log_oscillatory,60,0.0,0.02,50000.0,0.29321751930860546,1,1.4,1.0,0,2.0,3.0,9,9,pade_22,1.4,0.0,0,1.28,0.11757721977593429,1.0,1.4,0.06135051046213941
log_oscillatory,60,0.003,0.02,50000.0,0.29321751930860546,1,1.4,1.0,0,2.0,3.0,9,9,pade_22,1.4,0.0,0,1.28,0.11757721977593429,1.0,1.4,0.06135051046213941
log_oscillatory,60,0.005,0.02,50000.0,0.29321751930860546,1,1.4,1.0,0,2.0,3.0,9,9,pade_22,1.4,0.0,0,1.28,0.11757721977593429,1.0,1.4,0.06135051046213941
log_oscillatory,60,0.01,0.02,50000.0,0.29321751930860546,1,1.4,1.0,0,2.0,3.0,9,9,pade_22,1.4,0.0,0,1.26,0.11757721977593429,1.0,1.4,0.06135051046213941
log_oscillatory,60,0.02,0.02,50000.0,0.29321751930860546,1,1.38,1.0,0,2.0,1.0,9,9,rational_fit,1.4,0.02,0,1.26,0.11757721977593429,1.0,1.4,0.06135051046213941
log_oscillatory,70,0.0,0.02,50000.0,0.3989157148287635,1,1.0,1.0,0,6.0,6.0,9,9,anderson_1,1.4,0.4,0,0.96,0.11757721977593429,1.0,1.4,0.06135051046213941
log_oscillatory,70,0.003,0.02,50000.0,0.3989157148287635,1,1.0,1.0,0,6.0,6.0,9,8,log_linear,1.28,0.28,0,0.96,0.11757721977593429,1.0,1.4,0.06135051046213941
log_oscillatory,70,0.005,0.02,50000.0,0.3989157148287635,1,1.0,1.0,0,7.0,6.0,9,8,log_linear,1.3,0.3,0,1.06,0.11757721977593429,1.0,1.4,0.06135051046213941
log_oscillatory,70,0.01,0.02,50000.0,0.3989157148287635,1,1.02,1.0,0,6.0,6.0,9,9,anderson_1,1.3,0.28,0,1.14,0.11757721977593429,1.0,1.4,0.06135051046213941
log_oscillatory,70,0.02,0.02,50000.0,0.3989157148287635,1,1.02,1.0,0,6.0,6.0,9,9,log_linear,1.28,0.26,0,1.14,0.11757721977593429,1.0,1.38,0.06135051046213941
log_oscillatory,80,0.0,0.02,50000.0,0.37931830768548513,1,1.4,1.0,0,1.0,1.0,9,9,richardson_1,1.4,0.0,1,1.16,0.11757721977593429,1.0,1.4,0.06135051046213941
log_oscillatory,80,0.003,0.02,50000.0,0.37931830768548513,1,1.4,1.0,0,1.0,1.0,9,9,richardson_1,1.4,0.0,1,1.16,0.11757721977593429,1.0,1.4,0.06135051046213941
log_oscillatory,80,0.005,0.02,50000.0,0.37931830768548513,1,1.4,1.0,0,1.0,1.0,9,9,richardson_1,1.4,0.0,1,1.18,0.11757721977593429,1.0,1.4,0.06135051046213941
log_oscillatory,80,0.01,0.02,50000.0,0.37931830768548513,1,1.38,1.0,0,1.0,1.0,9,9,richardson_1,1.38,0.0,1,0.96,0.11757721977593429,1.0,1.4,0.06135051046213941
log_oscillatory,80,0.02,0.02,50000.0,0.37931830768548513,1,1.38,1.0,0,1.0,1.0,9,9,richardson_1,1.38,0.0,1,1.18,0.11757721977593429,1.0,1.4,0.06135051046213941
log_oscillatory,90,0.0,0.02,50000.0,0.2992564263745022,1,1.4,1.0,0,1.0,1.0,9,9,richardson_1,1.4,0.0,1,1.28,0.11757721977593429,1.0,1.4,0.06135051046213941
log_oscillatory,90,0.003,0.02,50000.0,0.2992564263745022,1,1.4,1.0,0,1.0,1.0,9,9,richardson_1,1.4,0.0,1,1.28,0.11757721977593429,1.0,1.4,0.06135051046213941
log_oscillatory,90,0.005,0.02,50000.0,0.2992564263745022,1,1.4,1.0,0,1.0,1.0,9,9,richardson_1,1.4,0.0,1,1.26,0.11757721977593429,1.0,1.4,0.06135051046213941
log_oscillatory,90,0.01,0.02,50000.0,0.2992564263745022,1,1.4,1.0,0,1.0,1.0,9,9,richardson_1,1.4,0.0,1,1.28,0.11757721977593429,1.0,1.4,0.06135051046213941
log_oscillatory,90,0.02,0.02,50000.0,0.2992564263745022,1,1.38,1.0,0,2.0,1.0,9,9,richardson_a10,1.4,0.02,0,1.26,0.11757721977593429,1.0,1.4,0.06135051046213941
log_oscillatory,100,0.0,0.02,50000.0,0.31433681558639076,1,1.4,1.0,0,3.0,4.0,9,9,rational_fit,1.4,0.0,0,1.26,0.11757721977593429,1.0,1.4,0.06135051046213941
log_oscillatory,100,0.003,0.02,50000.0,0.31433681558639076,1,1.4,1.0,0,3.0,4.0,9,9,rational_fit,1.4,0.0,0,1.26,0.11757721977593429,1.0,1.4,0.06135051046213941
log_oscillatory,100,0.005,0.02,50000.0,0.31433681558639076,1,1.4,1.0,0,3.0,4.0,9,9,rational_fit,1.4,0.0,0,1.26,0.11757721977593429,1.0,1.4,0.06135051046213941
log_oscillatory,100,0.01,0.02,50000.0,0.31433681558639076,1,1.4,1.0,0,3.0,4.0,9,9,rational_fit,1.4,0.0,0,1.24,0.11757721977593429,1.0,1.4,0.06135051046213941
log_oscillatory,100,0.02,0.02,50000.0,0.31433681558639076,1,1.4,1.0,0,4.0,4.0,9,9,log_linear,1.4,0.0,0,1.26,0.11757721977593429,1.0,1.4,0.06135051046213941
log_oscillatory,110,0.0,0.02,50000.0,0.4224871773479788,1,1.4,1.0,0,4.0,5.0,9,9,anderson_1,1.4,0.0,0,0.92,0.11757721977593429,1.0,1.4,0.06135051046213941
log_oscillatory,110,0.003,0.02,50000.0,0.4224871773479788,1,1.4,1.0,0,3.0,4.0,9,9,rational_fit,1.4,0.0,0,0.88,0.11757721977593429,1.0,1.4,0.06135051046213941
log_oscillatory,110,0.005,0.02,50000.0,0.4224871773479788,1,1.36,1.0,0,3.0,4.0,9,9,rational_fit,1.4,0.04,0,0.9,0.11757721977593429,1.0,1.4,0.06135051046213941
log_oscillatory,110,0.01,0.02,50000.0,0.4224871773479788,1,1.32,1.0,0,4.0,4.0,9,9,rational_fit,1.38,0.06,0,0.92,0.11757721977593429,1.0,1.4,0.06135051046213941
log_oscillatory,110,0.02,0.02,50000.0,0.4224871773479788,1,1.24,1.0,0,4.0,4.0,9,9,log_linear,1.32,0.08,0,0.86,0.11757721977593429,1.0,1.34,0.06135051046213941
log_oscillatory,120,0.0,0.02,50000.0,0.4340556646869982,1,1.4,1.0,0,1.0,1.0,9,9,richardson_1,1.4,0.0,1,0.86,0.11757721977593429,1.0,1.4,0.06135051046213941
log_oscillatory,120,0.003,0.02,50000.0,0.4340556646869982,1,1.4,1.0,0,1.0,1.0,9,9,richardson_1,1.4,0.0,1,0.86,0.11757721977593429,1.0,1.4,0.06135051046213941
log_oscillatory,120,0.005,0.02,50000.0,0.4340556646869982,1,1.4,1.0,0,1.0,1.0,9,9,richardson_1,1.4,0.0,1,0.94,0.11757721977593429,1.0,1.4,0.06135051046213941
log_oscillatory,120,0.01,0.02,50000.0,0.4340556646869982,1,1.4,1.0,0,1.0,1.0,9,9,richardson_1,1.4,0.0,1,0.88,0.11757721977593429,1.0,1.38,0.06135051046213941
log_oscillatory,120,0.02,0.02,50000.0,0.4340556646869982,1,1.24,1.0,0,1.0,1.0,9,9,richardson_1,1.24,0.0,1,0.8,0.11757721977593429,1.0,1.22,0.06135051046213941
log_oscillatory,130,0.0,0.02,50000.0,0.3343738214430089,1,1.4,1.0,0,1.0,1.0,9,9,richardson_1,1.4,0.0,1,1.22,0.11757721977593429,1.0,1.4,0.06135051046213941
log_oscillatory,130,0.003,0.02,50000.0,0.3343738214430089,1,1.4,1.0,0,1.0,1.0,9,9,richardson_1,1.4,0.0,1,1.2,0.11757721977593429,1.0,1.4,0.06135051046213941
log_oscillatory,130,0.005,0.02,50000.0,0.3343738214430089,1,1.4,1.0,0,1.0,1.0,9,9,richardson_1,1.4,0.0,1,1.24,0.11757721977593429,1.0,1.4,0.06135051046213941
log_oscillatory,130,0.01,0.02,50000.0,0.3343738214430089,1,1.4,1.0,0,1.0,1.0,9,9,richardson_1,1.4,0.0,1,1.18,0.11757721977593429,1.0,1.4,0.06135051046213941
log_oscillatory,130,0.02,0.02,50000.0,0.3343738214430089,1,1.4,1.0,0,1.0,1.0,9,9,richardson_1,1.4,0.0,1,1.22,0.11757721977593429,1.0,1.4,0.06135051046213941
log_oscillatory,140,0.0,0.02,50000.0,0.3259058858325173,1,1.4,1.0,0,4.0,4.0,9,9,log_linear,1.4,0.0,0,1.26,0.11757721977593429,1.0,1.4,0.06135051046213941
log_oscillatory,140,0.003,0.02,50000.0,0.3259058858325173,1,1.4,1.0,0,4.0,4.0,9,9,log_linear,1.4,0.0,0,1.26,0.11757721977593429,1.0,1.4,0.06135051046213941
log_oscillatory,140,0.005,0.02,50000.0,0.3259058858325173,1,1.4,1.0,0,4.0,4.0,9,9,log_linear,1.4,0.0,0,1.24,0.11757721977593429,1.0,1.4,0.06135051046213941
log_oscillatory,140,0.01,0.02,50000.0,0.3259058858325173,1,1.4,1.0,0,4.0,4.0,9,9,log_linear,1.4,0.0,0,1.22,0.11757721977593429,1.0,1.4,0.06135051046213941
log_oscillatory,140,0.02,0.02,50000.0,0.3259058858325173,1,1.4,1.0,0,3.0,4.0,9,9,rational_fit,1.4,0.0,0,1.16,0.11757721977593429,1.0,1.4,0.06135051046213941
log_slow,20,0.0,0.02,50000.0,0.2886523358250798,1,1.4,1.0,0,1.0,1.0,9,9,richardson_1,1.4,0.0,1,1.26,0.10275805732146302,1.0,1.4,0.07393829701292087
log_slow,20,0.003,0.02,50000.0,0.2886523358250798,1,1.4,1.0,0,1.0,1.0,9,9,richardson_1,1.4,0.0,1,1.26,0.10275805732146302,1.0,1.4,0.07393829701292087
log_slow,20,0.005,0.02,50000.0,0.2886523358250798,1,1.4,1.0,0,1.0,1.0,9,9,richardson_1,1.4,0.0,1,1.26,0.10275805732146302,1.0,1.4,0.07393829701292087
log_slow,20,0.01,0.02,50000.0,0.2886523358250798,1,1.36,1.0,0,3.0,1.0,9,9,pade_22,1.4,0.04,0,1.26,0.10275805732146302,1.0,1.4,0.07393829701292087
log_slow,20,0.02,0.02,50000.0,0.2886523358250798,1,1.36,1.0,0,3.0,2.0,9,9,pade_22,1.4,0.04,0,1.26,0.10275805732146302,1.0,1.4,0.07393829701292087
log_slow,30,0.0,0.02,50000.0,0.32236487497446525,1,1.4,1.0,0,2.0,2.0,9,9,pade_22,1.4,0.0,0,1.26,0.10275805732146302,1.0,1.4,0.07393829701292087
log_slow,30,0.003,0.02,50000.0,0.32236487497446525,1,1.4,1.0,0,1.0,1.0,9,9,richardson_1,1.4,0.0,1,1.26,0.10275805732146302,1.0,1.4,0.07393829701292087
log_slow,30,0.005,0.02,50000.0,0.32236487497446525,1,1.4,1.0,0,1.0,1.0,9,9,richardson_1,1.4,0.0,1,1.26,0.10275805732146302,1.0,1.4,0.07393829701292087
log_slow,30,0.01,0.02,50000.0,0.32236487497446525,1,1.38,1.0,0,3.0,1.0,9,9,pade_22,1.4,0.02,0,1.26,0.10275805732146302,1.0,1.4,0.07393829701292087
log_slow,30,0.02,0.02,50000.0,0.32236487497446525,1,1.34,1.0,0,3.0,2.0,9,9,pade_22,1.4,0.06,0,1.26,0.10275805732146302,1.0,1.4,0.07393829701292087
log_slow,40,0.0,0.02,50000.0,0.3470134055140294,1,1.4,1.0,0,1.0,1.0,9,9,richardson_1,1.4,0.0,1,1.24,0.10275805732146302,1.0,1.4,0.07393829701292087
log_slow,40,0.003,0.02,50000.0,0.3470134055140294,1,1.4,1.0,0,1.0,1.0,9,9,richardson_1,1.4,0.0,1,1.24,0.10275805732146302,1.0,1.4,0.07393829701292087
log_slow,40,0.005,0.02,50000.0,0.3470134055140294,1,1.4,1.0,0,1.0,1.0,9,9,richardson_1,1.4,0.0,1,1.24,0.10275805732146302,1.0,1.4,0.07393829701292087
log_slow,40,0.01,0.02,50000.0,0.3470134055140294,1,1.4,1.0,0,1.0,1.0,9,9,richardson_1,1.4,0.0,1,1.24,0.10275805732146302,1.0,1.4,0.07393829701292087
log_slow,40,0.02,0.02,50000.0,0.3470134055140294,1,1.36,1.0,0,3.0,1.0,9,9,pade_22,1.4,0.04,0,1.14,0.10275805732146302,1.0,1.4,0.07393829701292087
log_slow,50,0.0,0.02,50000.0,0.3664532001500322,1,1.4,1.0,0,1.0,1.0,9,9,richardson_1,1.4,0.0,1,1.22,0.10275805732146302,1.0,1.4,0.07393829701292087
log_slow,50,0.003,0.02,50000.0,0.3664532001500322,1,1.4,1.0,0,1.0,1.0,9,9,richardson_1,1.4,0.0,1,1.24,0.10275805732146302,1.0,1.4,0.07393829701292087
log_slow,50,0.005,0.02,50000.0,0.3664532001500322,1,1.4,1.0,0,1.0,1.0,9,9,richardson_1,1.4,0.0,1,1.24,0.10275805732146302,1.0,1.4,0.07393829701292087
log_slow,50,0.01,0.02,50000.0,0.3664532001500322,1,1.4,1.0,0,1.0,1.0,9,9,richardson_1,1.4,0.0,1,1.24,0.10275805732146302,1.0,1.4,0.07393829701292087
log_slow,50,0.02,0.02,50000.0,0.3664532001500322,1,1.4,1.0,0,2.0,2.0,9,9,pade_22,1.4,0.0,0,1.18,0.10275805732146302,1.0,1.4,0.07393829701292087
log_slow,60,0.0,0.02,50000.0,0.38250619171060757,1,1.4,1.0,0,1.0,1.0,9,9,richardson_1,1.4,0.0,1,1.22,0.10275805732146302,1.0,1.4,0.07393829701292087
log_slow,60,0.003,0.02,50000.0,0.38250619171060757,1,1.4,1.0,0,1.0,1.0,9,9,richardson_1,1.4,0.0,1,1.22,0.10275805732146302,1.0,1.4,0.07393829701292087
log_slow,60,0.005,0.02,50000.0,0.38250619171060757,1,1.4,1.0,0,1.0,1.0,9,9,richardson_1,1.4,0.0,1,1.22,0.10275805732146302,1.0,1.4,0.07393829701292087
log_slow,60,0.01,0.02,50000.0,0.38250619171060757,1,1.4,1.0,0,1.0,1.0,9,9,richardson_1,1.4,0.0,1,1.1,0.10275805732146302,1.0,1.4,0.07393829701292087
log_slow,60,0.02,0.02,50000.0,0.38250619171060757,1,1.4,1.0,0,1.0,1.0,9,9,richardson_1,1.4,0.0,1,1.12,0.10275805732146302,1.0,1.4,0.07393829701292087
log_slow,70,0.0,0.02,50000.0,0.3961792165921883,1,1.4,1.0,0,1.0,1.0,9,9,richardson_1,1.4,0.0,1,1.22,0.10275805732146302,1.0,1.4,0.07393829701292087
log_slow,70,0.003,0.02,50000.0,0.3961792165921883,1,1.4,1.0,0,1.0,1.0,9,9,richardson_1,1.4,0.0,1,1.22,0.10275805732146302,1.0,1.4,0.07393829701292087
log_slow,70,0.005,0.02,50000.0,0.3961792165921883,1,1.4,1.0,0,1.0,1.0,9,9,richardson_1,1.4,0.0,1,1.22,0.10275805732146302,1.0,1.4,0.07393829701292087
log_slow,70,0.01,0.02,50000.0,0.3961792165921883,1,1.4,1.0,0,1.0,2.0,9,9,richardson_1,1.4,0.0,1,1.18,0.10275805732146302,1.0,1.4,0.07393829701292087
log_slow,70,0.02,0.02,50000.0,0.3961792165921883,1,1.4,1.0,0,1.0,1.0,9,9,richardson_1,1.4,0.0,1,1.06,0.10275805732146302,1.0,1.38,0.07393829701292087
log_slow,80,0.0,0.02,50000.0,0.40808770181817744,1,1.4,1.0,0,1.0,1.0,9,9,richardson_1,1.4,0.0,1,1.12,0.10275805732146302,1.0,1.4,0.07393829701292087
log_slow,80,0.003,0.02,50000.0,0.40808770181817744,1,1.4,1.0,0,1.0,1.0,9,9,richardson_1,1.4,0.0,1,1.12,0.10275805732146302,1.0,1.4,0.07393829701292087
log_slow,80,0.005,0.02,50000.0,0.40808770181817744,1,1.4,1.0,0,1.0,1.0,9,9,richardson_1,1.4,0.0,1,1.12,0.10275805732146302,1.0,1.4,0.07393829701292087
log_slow,80,0.01,0.02,50000.0,0.40808770181817744,1,1.4,1.0,0,1.0,1.0,9,9,richardson_1,1.4,0.0,1,1.08,0.10275805732146302,1.0,1.4,0.07393829701292087
log_slow,80,0.02,0.02,50000.0,0.40808770181817744,1,1.34,1.0,0,2.0,1.0,9,9,richardson_a10,1.36,0.02,0,1.08,0.10275805732146302,1.0,1.38,0.07393829701292087
log_slow,90,0.0,0.02,50000.0,0.41863546463489004,1,1.4,1.0,0,1.0,1.0,9,9,richardson_1,1.4,0.0,1,1.1,0.10275805732146302,1.0,1.4,0.07393829701292087
log_slow,90,0.003,0.02,50000.0,0.41863546463489004,1,1.4,1.0,0,2.0,2.0,9,9,pade_22,1.4,0.0,0,1.1,0.10275805732146302,1.0,1.4,0.07393829701292087
log_slow,90,0.005,0.02,50000.0,0.41863546463489004,1,1.38,1.0,0,4.0,2.0,9,9,rational_fit,1.4,0.02,0,1.08,0.10275805732146302,1.0,1.4,0.07393829701292087
log_slow,90,0.01,0.02,50000.0,0.41863546463489004,1,1.38,1.0,0,2.0,2.0,9,9,richardson_a10,1.4,0.02,0,1.08,0.10275805732146302,1.0,1.4,0.07393829701292087
log_slow,90,0.02,0.02,50000.0,0.41863546463489004,1,1.32,1.0,0,4.0,2.0,9,9,log_linear,1.36,0.04,0,1.08,0.10275805732146302,1.0,1.36,0.07393829701292087
log_slow,100,0.0,0.02,50000.0,0.4281018259248643,1,1.4,1.0,0,1.0,1.0,9,9,richardson_1,1.4,0.0,1,1.06,0.10275805732146302,1.0,1.4,0.07393829701292087
log_slow,100,0.003,0.02,50000.0,0.4281018259248643,1,1.4,1.0,0,1.0,1.0,9,9,richardson_1,1.4,0.0,1,1.06,0.10275805732146302,1.0,1.4,0.07393829701292087
log_slow,100,0.005,0.02,50000.0,0.4281018259248643,1,1.38,1.0,0,3.0,1.0,9,9,rational_fit,1.4,0.02,0,1.06,0.10275805732146302,1.0,1.4,0.07393829701292087
log_slow,100,0.01,0.02,50000.0,0.4281018259248643,1,1.4,1.0,0,1.0,2.0,9,9,richardson_1,1.4,0.0,1,1.06,0.10275805732146302,1.0,1.4,0.07393829701292087
log_slow,100,0.02,0.02,50000.0,0.4281018259248643,1,1.38,1.0,0,2.0,2.0,9,9,log_linear,1.38,0.0,0,1.08,0.10275805732146302,1.0,1.36,0.07393829701292087
log_slow,110,0.0,0.02,50000.0,0.43668805037122155,1,1.4,1.0,0,1.0,1.0,9,9,richardson_1,1.4,0.0,1,1.04,0.10275805732146302,1.0,1.4,0.07393829701292087
log_slow,110,0.003,0.02,50000.0,0.43668805037122155,1,1.4,1.0,0,1.0,1.0,9,9,richardson_1,1.4,0.0,1,1.06,0.10275805732146302,1.0,1.4,0.07393829701292087
log_slow,110,0.005,0.02,50000.0,0.43668805037122155,1,1.36,1.0,0,4.0,2.0,9,9,richardson_a10,1.4,0.04,0,1.02,0.10275805732146302,1.0,1.4,0.07393829701292087
log_slow,110,0.01,0.02,50000.0,0.43668805037122155,1,1.36,1.0,0,3.0,4.0,9,9,richardson_a10,1.4,0.04,0,1.04,0.10275805732146302,1.0,1.4,0.07393829701292087
log_slow,110,0.02,0.02,50000.0,0.43668805037122155,1,1.36,1.0,0,2.0,2.0,9,9,richardson_a10,1.38,0.02,0,1.08,0.10275805732146302,1.0,1.36,0.07393829701292087
log_slow,120,0.0,0.02,50000.0,0.44454396782293126,1,1.4,1.0,0,1.0,1.0,9,9,richardson_1,1.4,0.0,1,1.02,0.10275805732146302,1.0,1.4,0.07393829701292087
log_slow,120,0.003,0.02,50000.0,0.44454396782293126,1,1.38,1.0,0,2.0,1.0,9,9,richardson_a10,1.4,0.02,0,1.02,0.10275805732146302,1.0,1.4,0.07393829701292087
log_slow,120,0.005,0.02,50000.0,0.44454396782293126,1,1.4,1.0,0,2.0,4.0,9,9,richardson_a10,1.4,0.0,0,1.0,0.10275805732146302,1.0,1.4,0.07393829701292087
log_slow,120,0.01,0.02,50000.0,0.44454396782293126,1,1.36,1.0,0,2.0,4.0,9,9,richardson_a10,1.38,0.02,0,1.02,0.10275805732146302,1.0,1.36,0.07393829701292087
log_slow,120,0.02,0.02,50000.0,0.44454396782293126,1,1.38,1.0,0,2.0,2.0,9,9,richardson_a10,1.4,0.02,0,1.02,0.10275805732146302,1.0,1.4,0.07393829701292087
log_slow,130,0.0,0.02,50000.0,0.45178413185599886,1,1.4,1.0,0,1.0,1.0,9,9,richardson_1,1.4,0.0,1,1.0,0.10275805732146302,1.0,1.4,0.07393829701292087
log_slow,130,0.003,0.02,50000.0,0.45178413185599886,1,1.4,1.0,0,2.0,2.0,9,9,log_linear,1.4,0.0,0,1.0,0.10275805732146302,1.0,1.4,0.07393829701292087
log_slow,130,0.005,0.02,50000.0,0.45178413185599886,1,1.4,1.0,0,1.0,2.0,9,9,richardson_1,1.4,0.0,1,1.0,0.10275805732146302,1.0,1.4,0.07393829701292087
log_slow,130,0.01,0.02,50000.0,0.45178413185599886,1,1.4,1.0,0,2.0,2.0,9,9,log_linear,1.4,0.0,0,0.98,0.10275805732146302,1.0,1.4,0.07393829701292087
log_slow,130,0.02,0.02,50000.0,0.45178413185599886,1,1.36,1.0,0,2.0,2.0,9,9,log_linear,1.38,0.02,0,1.12,0.10275805732146302,1.0,1.32,0.07393829701292087
log_slow,140,0.0,0.02,50000.0,0.45849809245037687,1,1.4,1.0,0,1.0,1.0,9,9,richardson_1,1.4,0.0,1,0.98,0.10275805732146302,1.0,1.4,0.07393829701292087
log_slow,140,0.003,0.02,50000.0,0.45849809245037687,1,1.4,1.0,0,2.0,3.0,9,9,rational_fit,1.4,0.0,0,0.98,0.10275805732146302,1.0,1.4,0.07393829701292087
log_slow,140,0.005,0.02,50000.0,0.45849809245037687,1,1.4,1.0,0,1.0,2.0,9,9,richardson_1,1.4,0.0,1,0.98,0.10275805732146302,1.0,1.4,0.07393829701292087
log_slow,140,0.01,0.02,50000.0,0.45849809245037687,1,1.4,1.0,0,2.0,2.0,9,9,log_linear,1.4,0.0,0,1.0,0.10275805732146302,1.0,1.36,0.07393829701292087
log_slow,140,0.02,0.02,50000.0,0.45849809245037687,1,1.34,1.0,0,2.0,2.0,9,9,richardson_a10,1.38,0.04,0,0.98,0.10275805732146302,1.0,1.26,0.07393829701292087
mixed_pow_rat,20,0.0,0.02,8635.0,0.019999899268050046,0,1.4,1.0,0,3.0,4.0,9,9,pade_22,1.4,0.0,0,1.36,0.057935198916651595,1.0,1.4,0.006031427029578939
mixed_pow_rat,20,0.003,0.02,8635.0,0.019999899268050046,0,1.4,1.0,0,2.0,3.0,9,9,log_linear,1.4,0.0,0,1.36,0.057935198916651595,1.0,1.4,0.006031427029578939
mixed_pow_rat,20,0.005,0.02,8635.0,0.019999899268050046,0,1.4,1.0,0,2.0,3.0,9,9,log_linear,1.4,0.0,0,1.36,0.057935198916651595,1.0,1.4,0.006031427029578939
mixed_pow_rat,20,0.01,0.02,8635.0,0.019999899268050046,0,1.4,1.0,0,2.0,3.0,9,9,log_linear,1.4,0.0,0,1.36,0.057935198916651595,1.0,1.4,0.006031427029578939
mixed_pow_rat,20,0.02,0.02,8635.0,0.019999899268050046,0,1.4,1.0,0,2.0,3.0,9,9,log_linear,1.4,0.0,0,1.36,0.057935198916651595,1.0,1.4,0.006031427029578939
mixed_pow_rat,30,0.0,0.02,10948.0,0.01999909133331196,0,1.4,1.0,0,3.0,3.0,9,9,pade_22,1.4,0.0,0,1.36,0.05709037864774087,1.0,1.4,0.005186606760668213
mixed_pow_rat,30,0.003,0.02,10948.0,0.01999909133331196,0,1.4,1.0,0,2.0,2.0,9,9,log_linear,1.4,0.0,0,1.36,0.05709037864774087,1.0,1.4,0.005186606760668213
mixed_pow_rat,30,0.005,0.02,10948.0,0.01999909133331196,0,1.4,1.0,0,2.0,2.0,9,9,log_linear,1.4,0.0,0,1.36,0.05709037864774087,1.0,1.4,0.005186606760668213
mixed_pow_rat,30,0.01,0.02,10948.0,0.01999909133331196,0,1.4,1.0,0,2.0,2.0,9,9,log_linear,1.4,0.0,0,1.36,0.05709037864774087,1.0,1.4,0.005186606760668213
mixed_pow_rat,30,0.02,0.02,10948.0,0.01999909133331196,0,1.4,1.0,0,2.0,2.0,9,9,log_linear,1.4,0.0,0,1.36,0.05709037864774087,1.0,1.4,0.005186606760668213
mixed_pow_rat,40,0.0,0.02,13343.0,0.01999991895797558,0,1.4,1.0,0,3.0,3.0,9,9,pade_22,1.4,0.0,0,1.36,0.056486476745855635,1.0,1.4,0.004582704858782982
mixed_pow_rat,40,0.003,0.02,13343.0,0.01999991895797558,0,1.4,1.0,0,2.0,2.0,9,9,log_linear,1.4,0.0,0,1.36,0.056486476745855635,1.0,1.4,0.004582704858782982
mixed_pow_rat,40,0.005,0.02,13343.0,0.01999991895797558,0,1.4,1.0,0,2.0,2.0,9,9,log_linear,1.4,0.0,0,1.36,0.056486476745855635,1.0,1.4,0.004582704858782982
mixed_pow_rat,40,0.01,0.02,13343.0,0.01999991895797558,0,1.4,1.0,0,2.0,2.0,9,9,log_linear,1.4,0.0,0,1.34,0.056486476745855635,1.0,1.4,0.004582704858782982
mixed_pow_rat,40,0.02,0.02,13343.0,0.01999991895797558,0,1.4,1.0,0,2.0,2.0,9,9,log_linear,1.4,0.0,0,1.34,0.056486476745855635,1.0,1.4,0.004582704858782982
mixed_pow_rat,50,0.0,0.02,15852.0,0.01999979977698418,0,1.4,1.0,0,3.0,3.0,9,9,pade_22,1.4,0.0,0,1.32,0.05602395470611063,1.0,1.4,0.004120182819037976
mixed_pow_rat,50,0.003,0.02,15852.0,0.01999979977698418,0,1.4,1.0,0,2.0,2.0,9,9,log_linear,1.4,0.0,0,1.32,0.05602395470611063,1.0,1.4,0.004120182819037976
mixed_pow_rat,50,0.005,0.02,15852.0,0.01999979977698418,0,1.4,1.0,0,2.0,2.0,9,9,log_linear,1.4,0.0,0,1.34,0.05602395470611063,1.0,1.4,0.004120182819037976
mixed_pow_rat,50,0.01,0.02,15852.0,0.01999979977698418,0,1.4,1.0,0,2.0,2.0,9,9,log_linear,1.4,0.0,0,1.3,0.05602395470611063,1.0,1.4,0.004120182819037976
mixed_pow_rat,50,0.02,0.02,15852.0,0.01999979977698418,0,1.4,1.0,0,2.0,2.0,9,9,log_linear,1.4,0.0,0,1.32,0.05602395470611063,1.0,1.4,0.004120182819037976
mixed_pow_rat,60,0.0,0.02,18483.0,0.019999628660165972,0,1.4,1.0,0,3.0,3.0,9,9,pade_22,1.4,0.0,0,1.32,0.05565526999848096,1.0,1.4,0.0037514981114083017
mixed_pow_rat,60,0.003,0.02,18483.0,0.019999628660165972,0,1.4,1.0,0,2.0,2.0,9,9,log_linear,1.4,0.0,0,1.32,0.05565526999848096,1.0,1.4,0.0037514981114083017
mixed_pow_rat,60,0.005,0.02,18483.0,0.019999628660165972,0,1.4,1.0,0,2.0,2.0,9,9,log_linear,1.4,0.0,0,1.3,0.05565526999848096,1.0,1.4,0.0037514981114083017
mixed_pow_rat,60,0.01,0.02,18483.0,0.019999628660165972,0,1.4,1.0,0,2.0,2.0,9,9,log_linear,1.4,0.0,0,1.32,0.05565526999848096,1.0,1.4,0.0037514981114083017
mixed_pow_rat,60,0.02,0.02,18483.0,0.019999628660165972,0,1.4,1.0,0,2.0,2.0,9,9,log_linear,1.4,0.0,0,1.3,0.05565526999848096,1.0,1.4,0.0037514981114083017
mixed_pow_rat,70,0.0,0.02,21237.0,0.01999989886775791,0,1.38,1.0,0,6.0,2.0,9,9,pade_22,1.4,0.02,0,1.3,0.05535317977122188,1.0,1.4,0.003449407884149222
mixed_pow_rat,70,0.003,0.02,21237.0,0.01999989886775791,0,1.38,1.0,0,5.0,1.0,9,9,rational_fit,1.4,0.02,0,1.3,0.05535317977122188,1.0,1.4,0.003449407884149222
mixed_pow_rat,70,0.005,0.02,21237.0,0.01999989886775791,0,1.38,1.0,0,5.0,1.0,9,9,pade_22,1.4,0.02,0,1.3,0.05535317977122188,1.0,1.4,0.003449407884149222
mixed_pow_rat,70,0.01,0.02,21237.0,0.01999989886775791,0,1.38,1.0,0,3.0,1.0,9,9,rational_fit,1.4,0.02,0,1.3,0.05535317977122188,1.0,1.4,0.003449407884149222
mixed_pow_rat,70,0.02,0.02,21237.0,0.01999989886775791,0,1.4,1.0,0,1.0,2.0,9,8,richardson_1,1.4,0.0,1,1.32,0.05535317977122188,1.0,1.4,0.003449407884149222
mixed_pow_rat,80,0.0,0.02,24115.0,0.019999517529995403,0,1.36,1.0,0,6.0,3.0,9,9,pade_22,1.4,0.04,0,1.3,0.05510027597092662,1.0,1.4,0.0031965040838539674
mixed_pow_rat,80,0.003,0.02,24115.0,0.019999517529995403,0,1.36,1.0,0,5.0,3.0,9,9,pade_22,1.4,0.04,0,1.3,0.05510027597092662,1.0,1.4,0.0031965040838539674
mixed_pow_rat,80,0.005,0.02,24115.0,0.019999517529995403,0,1.36,1.0,0,5.0,3.0,9,9,pade_22,1.4,0.04,0,1.3,0.05510027597092662,1.0,1.4,0.0031965040838539674
mixed_pow_rat,80,0.01,0.02,24115.0,0.019999517529995403,0,1.38,1.0,0,4.0,1.0,9,9,rational_fit,1.4,0.02,0,1.3,0.05510027597092662,1.0,1.4,0.0031965040838539674
mixed_pow_rat,80,0.02,0.02,24115.0,0.019999517529995403,0,1.4,1.0,0,1.0,1.0,9,9,richardson_1,1.4,0.0,1,1.3,0.05510027597092662,1.0,1.4,0.0031965040838539674
mixed_pow_rat,90,0.0,0.02,27113.0,0.019999572893685206,0,1.36,1.0,0,6.0,3.0,9,9,pade_22,1.4,0.04,0,1.3,0.05488519322875352,1.0,1.4,0.0029814213416808674
mixed_pow_rat,90,0.003,0.02,27113.0,0.019999572893685206,0,1.36,1.0,0,5.0,3.0,9,9,pade_22,1.4,0.04,0,1.28,0.05488519322875352,1.0,1.4,0.0029814213416808674
mixed_pow_rat,90,0.005,0.02,27113.0,0.019999572893685206,0,1.38,1.0,0,4.0,2.0,9,9,rational_fit,1.4,0.02,0,1.3,0.05488519322875352,1.0,1.4,0.0029814213416808674
mixed_pow_rat,90,0.01,0.02,27113.0,0.019999572893685206,0,1.4,1.0,0,2.0,2.0,9,8,rational_fit,1.4,0.0,0,1.28,0.05488519322875352,1.0,1.4,0.0029814213416808674
mixed_pow_rat,90,0.02,0.02,27113.0,0.019999572893685206,0,1.36,1.0,0,4.0,3.0,9,9,richardson_a10,1.4,0.04,0,1.28,0.05488519322875352,1.0,1.4,0.0029814213416808674
mixed_pow_rat,100,0.0,0.02,30229.0,0.01999972852214301,0,1.36,1.0,0,6.0,3.0,9,9,pade_22,1.4,0.04,0,1.28,0.05469976368623239,1.0,1.4,0.0027959917991597343
mixed_pow_rat,100,0.003,0.02,30229.0,0.01999972852214301,0,1.38,1.0,0,5.0,3.0,9,9,pade_22,1.4,0.02,0,1.28,0.05469976368623239,1.0,1.4,0.0027959917991597343
mixed_pow_rat,100,0.005,0.02,30229.0,0.01999972852214301,0,1.36,1.0,0,4.0,1.0,9,9,rational_fit,1.4,0.04,0,1.28,0.05469976368623239,1.0,1.4,0.0027959917991597343
mixed_pow_rat,100,0.01,0.02,30229.0,0.01999972852214301,0,1.38,1.0,0,4.0,1.0,9,9,rational_fit,1.4,0.02,0,1.28,0.05469976368623239,1.0,1.4,0.0027959917991597343
mixed_pow_rat,100,0.02,0.02,30229.0,0.01999972852214301,0,1.38,1.0,0,2.0,2.0,9,9,richardson_a10,1.4,0.02,0,1.28,0.05469976368623239,1.0,1.4,0.0027959917991597343
mixed_pow_rat,110,0.0,0.02,33461.0,0.01999971023734307,0,1.4,1.0,0,3.0,3.0,9,9,pade_22,1.4,0.0,0,1.28,0.05453806011720386,1.0,1.4,0.0026342882301312043
mixed_pow_rat,110,0.003,0.02,33461.0,0.01999971023734307,0,1.38,1.0,0,4.0,1.0,9,9,rational_fit,1.4,0.02,0,1.28,0.05453806011720386,1.0,1.4,0.0026342882301312043
mixed_pow_rat,110,0.005,0.02,33461.0,0.01999971023734307,0,1.34,1.0,0,4.0,2.0,9,8,rational_fit,1.4,0.06,0,1.28,0.05453806011720386,1.0,1.4,0.0026342882301312043
mixed_pow_rat,110,0.01,0.02,33461.0,0.01999971023734307,0,1.38,1.0,0,4.0,3.0,9,9,rational_fit,1.4,0.02,0,1.28,0.05453806011720386,1.0,1.4,0.0026342882301312043
mixed_pow_rat,110,0.02,0.02,33461.0,0.01999971023734307,0,1.38,1.0,0,2.0,2.0,9,9,richardson_a10,1.4,0.02,0,1.28,0.05453806011720386,1.0,1.4,0.0026342882301312043
mixed_pow_rat,120,0.0,0.02,36805.0,0.019999967689547243,0,1.4,1.0,0,3.0,3.0,9,9,pade_22,1.4,0.0,0,1.28,0.054395746470850465,1.0,1.4,0.0024919745837778118
mixed_pow_rat,120,0.003,0.02,36805.0,0.019999967689547243,0,1.4,1.0,0,2.0,2.0,9,8,rational_fit,1.4,0.0,0,1.28,0.054395746470850465,1.0,1.4,0.0024919745837778118
mixed_pow_rat,120,0.005,0.02,36805.0,0.019999967689547243,0,1.38,1.0,0,4.0,1.0,9,8,rational_fit,1.4,0.02,0,1.28,0.054395746470850465,1.0,1.4,0.0024919745837778118
mixed_pow_rat,120,0.01,0.02,36805.0,0.019999967689547243,0,1.36,1.0,0,4.0,2.0,9,9,richardson_a10,1.4,0.04,0,1.26,0.054395746470850465,1.0,1.4,0.0024919745837778118
mixed_pow_rat,120,0.02,0.02,36805.0,0.019999967689547243,0,1.32,1.0,0,5.0,2.0,9,9,richardson_a10,1.4,0.08,0,1.28,0.054395746470850465,1.0,1.4,0.0024919745837778118
mixed_pow_rat,130,0.0,0.02,40260.0,0.019999940373626176,0,1.4,1.0,0,3.0,3.0,9,9,pade_22,1.4,0.0,0,1.26,0.05426939474637148,1.0,1.4,0.0023656228592988243
mixed_pow_rat,130,0.003,0.02,40260.0,0.019999940373626176,0,1.38,1.0,0,4.0,2.0,9,9,rational_fit,1.4,0.02,0,1.26,0.05426939474637148,1.0,1.4,0.0023656228592988243
mixed_pow_rat,130,0.005,0.02,40260.0,0.019999940373626176,0,1.36,1.0,0,4.0,1.0,9,9,rational_fit,1.4,0.04,0,1.26,0.05426939474637148,1.0,1.4,0.0023656228592988243
mixed_pow_rat,130,0.01,0.02,40260.0,0.019999940373626176,0,1.34,1.0,0,4.0,1.0,9,9,richardson_a10,1.4,0.06,0,1.26,0.05426939474637148,1.0,1.4,0.0023656228592988243
mixed_pow_rat,130,0.02,0.02,40260.0,0.019999940373626176,0,1.36,1.0,0,2.0,1.0,9,9,richardson_a10,1.4,0.04,0,1.26,0.05426939474637148,1.0,1.4,0.0023656228592988243
mixed_pow_rat,140,0.0,0.02,43823.0,0.019999800505767634,0,1.4,1.0,0,3.0,3.0,9,9,pade_22,1.4,0.0,0,1.26,0.05415641832262422,1.0,1.4,0.002252646435551565
mixed_pow_rat,140,0.003,0.02,43823.0,0.019999800505767634,0,1.38,1.0,0,4.0,2.0,9,8,rational_fit,1.4,0.02,0,1.26,0.05415641832262422,1.0,1.4,0.002252646435551565
mixed_pow_rat,140,0.005,0.02,43823.0,0.019999800505767634,0,1.36,1.0,0,4.0,1.0,9,9,richardson_a10,1.4,0.04,0,1.26,0.05415641832262422,1.0,1.4,0.002252646435551565
mixed_pow_rat,140,0.01,0.02,43823.0,0.019999800505767634,0,1.34,1.0,0,2.0,1.0,9,9,richardson_a10,1.4,0.06,0,1.26,0.05415641832262422,1.0,1.4,0.002252646435551565
mixed_pow_rat,140,0.02,0.02,43823.0,0.019999800505767634,0,1.36,1.0,0,3.0,1.0,9,9,richardson_a10,1.4,0.04,0,1.28,0.05415641832262422,1.0,1.4,0.002252646435551565
multiphase,20,0.0,0.02,10449.0,0.019999401585386715,0,1.4,1.0,0,4.0,4.0,9,9,rational_fit,1.4,0.0,0,1.4,0.03484803720872595,1.0,1.4,0.007728691996166569
multiphase,20,0.003,0.02,10449.0,0.019999401585386715,0,1.4,1.0,0,4.0,4.0,9,9,rational_fit,1.4,0.0,0,1.4,0.03484803720872595,1.0,1.4,0.007728691996166569
multiphase,20,0.005,0.02,10449.0,0.019999401585386715,0,1.4,1.0,0,3.0,4.0,9,9,rational_fit,1.4,0.0,0,1.38,0.03484803720872595,1.0,1.4,0.007728691996166569
multiphase,20,0.01,0.02,10449.0,0.019999401585386715,0,1.4,1.0,0,4.0,4.0,9,9,rational_fit,1.4,0.0,0,1.4,0.03484803720872595,1.0,1.4,0.007728691996166569
multiphase,20,0.02,0.02,10449.0,0.019999401585386715,0,1.4,1.0,0,4.0,4.0,9,8,weniger_d2,1.4,0.0,0,1.4,0.03484803720872595,1.0,1.4,0.007728691996166569
multiphase,30,0.0,0.02,13022.0,0.019998588629161495,0,1.4,1.0,0,3.0,4.0,9,9,rational_fit,1.4,0.0,0,1.38,0.03335904970015485,1.0,1.4,0.006239704487595468
multiphase,30,0.003,0.02,13022.0,0.019998588629161495,0,1.4,1.0,0,4.0,5.0,9,9,rational_fit,1.4,0.0,0,1.38,0.03335904970015485,1.0,1.4,0.006239704487595468
multiphase,30,0.005,0.02,13022.0,0.019998588629161495,0,1.4,1.0,0,3.0,4.0,9,9,rational_fit,1.4,0.0,0,1.38,0.03335904970015485,1.0,1.4,0.006239704487595468
multiphase,30,0.01,0.02,13022.0,0.019998588629161495,0,1.4,1.0,0,3.0,4.0,9,9,rational_fit,1.4,0.0,0,1.38,0.03335904970015485,1.0,1.4,0.006239704487595468
multiphase,30,0.02,0.02,13022.0,0.019998588629161495,0,1.4,1.0,0,3.0,4.0,9,8,rational_fit,1.4,0.0,0,1.38,0.03335904970015485,1.0,1.4,0.006239704487595468
multiphase,40,0.0,0.02,15181.0,0.019999671445438197,0,1.4,1.0,0,3.0,4.0,9,9,rational_fit,1.4,0.0,0,1.38,0.0324907222187687,1.0,1.4,0.005371377006209313
multiphase,40,0.003,0.02,15181.0,0.019999671445438197,0,1.4,1.0,0,4.0,5.0,9,9,rational_fit,1.4,0.0,0,1.38,0.0324907222187687,1.0,1.4,0.005371377006209313
multiphase,40,0.005,0.02,15181.0,0.019999671445438197,0,1.4,1.0,0,4.0,5.0,9,9,rational_fit,1.4,0.0,0,1.38,0.0324907222187687,1.0,1.4,0.005371377006209313
multiphase,40,0.01,0.02,15181.0,0.019999671445438197,0,1.4,1.0,0,4.0,5.0,9,9,rational_fit,1.4,0.0,0,1.38,0.0324907222187687,1.0,1.4,0.005371377006209313
multiphase,40,0.02,0.02,15181.0,0.019999671445438197,0,1.4,1.0,0,3.0,4.0,9,9,rational_fit,1.4,0.0,0,1.38,0.0324907222187687,1.0,1.4,0.005371377006209313
multiphase,50,0.0,0.02,16865.0,0.019998902069802153,0,1.4,1.0,0,3.0,4.0,9,9,log_linear,1.4,0.0,0,1.36,0.03196477597135384,1.0,1.4,0.004845430758794456
multiphase,50,0.003,0.02,16865.0,0.019998902069802153,0,1.4,1.0,0,4.0,5.0,9,9,pade_22,1.4,0.0,0,1.36,0.03196477597135384,1.0,1.4,0.004845430758794456
multiphase,50,0.005,0.02,16865.0,0.019998902069802153,0,1.4,1.0,0,4.0,5.0,9,9,pade_22,1.4,0.0,0,1.36,0.03196477597135384,1.0,1.4,0.004845430758794456
multiphase,50,0.01,0.02,16865.0,0.019998902069802153,0,1.4,1.0,0,4.0,5.0,9,9,pade_22,1.4,0.0,0,1.36,0.03196477597135384,1.0,1.4,0.004845430758794456
multiphase,50,0.02,0.02,16865.0,0.019998902069802153,0,1.4,1.0,0,3.0,4.0,9,9,log_linear,1.4,0.0,0,1.36,0.03196477597135384,1.0,1.4,0.004845430758794456
multiphase,60,0.0,0.02,18142.0,0.01999996971148377,0,1.4,1.0,0,2.0,2.0,9,9,log_linear,1.4,0.0,0,1.36,0.0316298637417695,1.0,1.4,0.004510518529210118
multiphase,60,0.003,0.02,18142.0,0.01999996971148377,0,1.4,1.0,0,3.0,3.0,9,9,pade_22,1.4,0.0,0,1.36,0.0316298637417695,1.0,1.4,0.004510518529210118
multiphase,60,0.005,0.02,18142.0,0.01999996971148377,0,1.4,1.0,0,3.0,3.0,9,9,log_linear,1.4,0.0,0,1.36,0.0316298637417695,1.0,1.4,0.004510518529210118
multiphase,60,0.01,0.02,18142.0,0.01999996971148377,0,1.4,1.0,0,3.0,4.0,9,9,log_linear,1.4,0.0,0,1.36,0.0316298637417695,1.0,1.4,0.004510518529210118
multiphase,60,0.02,0.02,18142.0,0.01999996971148377,0,1.4,1.0,0,3.0,4.0,9,9,log_linear,1.4,0.0,0,1.36,0.0316298637417695,1.0,1.4,0.004510518529210118
multiphase,70,0.0,0.02,19128.0,0.01999910276681516,0,1.4,1.0,0,2.0,2.0,9,9,log_linear,1.4,0.0,0,1.34,0.03140134027970107,1.0,1.4,0.004281995067141683
multiphase,70,0.003,0.02,19128.0,0.01999910276681516,0,1.4,1.0,0,2.0,2.0,9,9,log_linear,1.4,0.0,0,1.34,0.03140134027970107,1.0,1.4,0.004281995067141683
multiphase,70,0.005,0.02,19128.0,0.01999910276681516,0,1.4,1.0,0,2.0,2.0,9,9,log_linear,1.4,0.0,0,1.36,0.03140134027970107,1.0,1.4,0.004281995067141683
multiphase,70,0.01,0.02,19128.0,0.01999910276681516,0,1.4,1.0,0,1.0,2.0,9,9,richardson_1,1.4,0.0,1,1.36,0.03140134027970107,1.0,1.4,0.004281995067141683
multiphase,70,0.02,0.02,19128.0,0.01999910276681516,0,1.4,1.0,0,1.0,3.0,9,9,richardson_1,1.4,0.0,1,1.34,0.03140134027970107,1.0,1.4,0.004281995067141683
multiphase,80,0.0,0.02,19920.0,0.01999996845549099,0,1.4,1.0,0,3.0,4.0,9,9,log_linear,1.4,0.0,0,1.34,0.031233894257984007,1.0,1.4,0.004114549045424623
multiphase,80,0.003,0.02,19920.0,0.01999996845549099,0,1.4,1.0,0,4.0,5.0,9,9,log_linear,1.4,0.0,0,1.34,0.031233894257984007,1.0,1.4,0.004114549045424623
multiphase,80,0.005,0.02,19920.0,0.01999996845549099,0,1.4,1.0,0,3.0,4.0,9,9,log_linear,1.4,0.0,0,1.34,0.031233894257984007,1.0,1.4,0.004114549045424623
multiphase,80,0.01,0.02,19920.0,0.01999996845549099,0,1.4,1.0,0,4.0,5.0,9,9,log_linear,1.4,0.0,0,1.34,0.031233894257984007,1.0,1.4,0.004114549045424623
multiphase,80,0.02,0.02,19920.0,0.01999996845549099,0,1.4,1.0,0,3.0,4.0,9,8,log_linear,1.4,0.0,0,1.34,0.031233894257984007,1.0,1.4,0.004114549045424623
multiphase,90,0.0,0.02,20594.0,0.019999293769431138,0,1.4,1.0,0,3.0,4.0,9,9,log_linear,1.4,0.0,0,1.34,0.03110137827936197,1.0,1.4,0.003982033066802587
multiphase,90,0.003,0.02,20594.0,0.019999293769431138,0,1.4,1.0,0,4.0,5.0,9,9,log_linear,1.4,0.0,0,1.34,0.03110137827936197,1.0,1.4,0.003982033066802587
multiphase,90,0.005,0.02,20594.0,0.019999293769431138,0,1.4,1.0,0,4.0,5.0,9,9,log_linear,1.4,0.0,0,1.34,0.03110137827936197,1.0,1.4,0.003982033066802587
multiphase,90,0.01,0.02,20594.0,0.019999293769431138,0,1.4,1.0,0,3.0,4.0,9,8,log_linear,1.4,0.0,0,1.36,0.03110137827936197,1.0,1.4,0.003982033066802587
multiphase,90,0.02,0.02,20594.0,0.019999293769431138,0,1.4,1.0,0,3.0,4.0,9,9,log_linear,1.4,0.0,0,1.34,0.03110137827936197,1.0,1.4,0.003982033066802587
multiphase,100,0.0,0.02,21195.0,0.019999620147442842,0,1.4,1.0,0,4.0,5.0,9,9,log_linear,1.4,0.0,0,1.34,0.030990213061131033,1.0,1.4,0.0038708678485716505
multiphase,100,0.003,0.02,21195.0,0.019999620147442842,0,1.4,1.0,0,4.0,5.0,9,9,log_linear,1.4,0.0,0,1.34,0.030990213061131033,1.0,1.4,0.0038708678485716505
multiphase,100,0.005,0.02,21195.0,0.019999620147442842,0,1.4,1.0,0,4.0,5.0,9,9,log_linear,1.4,0.0,0,1.34,0.030990213061131033,1.0,1.4,0.0038708678485716505
multiphase,100,0.01,0.02,21195.0,0.019999620147442842,0,1.4,1.0,0,3.0,4.0,9,9,log_linear,1.4,0.0,0,1.32,0.030990213061131033,1.0,1.4,0.0038708678485716505
multiphase,100,0.02,0.02,21195.0,0.019999620147442842,0,1.4,1.0,0,2.0,3.0,9,9,log_linear,1.4,0.0,0,1.34,0.030990213061131033,1.0,1.4,0.0038708678485716505
multiphase,110,0.0,0.02,21754.0,0.019999466396082258,0,1.4,1.0,0,3.0,4.0,9,9,log_linear,1.4,0.0,0,1.34,0.03089224672473831,1.0,1.4,0.0037729015121789264
multiphase,110,0.003,0.02,21754.0,0.019999466396082258,0,1.4,1.0,0,3.0,4.0,9,9,log_linear,1.4,0.0,0,1.34,0.03089224672473831,1.0,1.4,0.0037729015121789264
multiphase,110,0.005,0.02,21754.0,0.019999466396082258,0,1.4,1.0,0,3.0,4.0,9,8,log_linear,1.4,0.0,0,1.34,0.03089224672473831,1.0,1.4,0.0037729015121789264
multiphase,110,0.01,0.02,21754.0,0.019999466396082258,0,1.4,1.0,0,3.0,4.0,9,9,log_linear,1.4,0.0,0,1.34,0.03089224672473831,1.0,1.4,0.0037729015121789264
multiphase,110,0.02,0.02,21754.0,0.019999466396082258,0,1.4,1.0,0,2.0,3.0,9,9,log_linear,1.4,0.0,0,1.32,0.03089224672473831,1.0,1.4,0.0037729015121789264
multiphase,120,0.0,0.02,22288.0,0.01999946697476643,0,1.4,1.0,0,2.0,3.0,9,9,log_linear,1.4,0.0,0,1.34,0.030803183477324206,1.0,1.4,0.003683838264764823
multiphase,120,0.003,0.02,22288.0,0.01999946697476643,0,1.4,1.0,0,2.0,3.0,9,9,log_linear,1.4,0.0,0,1.34,0.030803183477324206,1.0,1.4,0.003683838264764823
multiphase,120,0.005,0.02,22288.0,0.01999946697476643,0,1.4,1.0,0,2.0,3.0,9,9,log_linear,1.4,0.0,0,1.34,0.030803183477324206,1.0,1.4,0.003683838264764823
multiphase,120,0.01,0.02,22288.0,0.01999946697476643,0,1.4,1.0,0,2.0,3.0,9,9,log_linear,1.4,0.0,0,1.32,0.030803183477324206,1.0,1.4,0.003683838264764823
multiphase,120,0.02,0.02,22288.0,0.01999946697476643,0,1.4,1.0,0,2.0,3.0,9,9,log_linear,1.4,0.0,0,1.34,0.030803183477324206,1.0,1.4,0.003683838264764823
multiphase,130,0.0,0.02,22807.0,0.01999997844339227,0,1.4,1.0,0,2.0,3.0,9,9,log_linear,1.4,0.0,0,1.32,0.030720560983003485,1.0,1.4,0.0036012157704441022
multiphase,130,0.003,0.02,22807.0,0.01999997844339227,0,1.4,1.0,0,2.0,3.0,9,9,log_linear,1.4,0.0,0,1.34,0.030720560983003485,1.0,1.4,0.0036012157704441022
multiphase,130,0.005,0.02,22807.0,0.01999997844339227,0,1.4,1.0,0,2.0,3.0,9,9,log_linear,1.4,0.0,0,1.34,0.030720560983003485,1.0,1.4,0.0036012157704441022
multiphase,130,0.01,0.02,22807.0,0.01999997844339227,0,1.4,1.0,0,2.0,3.0,9,9,log_linear,1.4,0.0,0,1.32,0.030720560983003485,1.0,1.4,0.0036012157704441022
multiphase,130,0.02,0.02,22807.0,0.01999997844339227,0,1.4,1.0,0,2.0,3.0,9,9,log_linear,1.4,0.0,0,1.3,0.030720560983003485,1.0,1.4,0.0036012157704441022
multiphase,140,0.0,0.02,23319.0,0.01999934796873686,0,1.4,1.0,0,1.0,1.0,9,9,richardson_1,1.4,0.0,1,1.32,0.03064260577881782,1.0,1.4,0.0035232605662584363
multiphase,140,0.003,0.02,23319.0,0.01999934796873686,0,1.4,1.0,0,2.0,3.0,9,9,log_linear,1.4,0.0,0,1.32,0.03064260577881782,1.0,1.4,0.0035232605662584363
multiphase,140,0.005,0.02,23319.0,0.01999934796873686,0,1.4,1.0,0,2.0,3.0,9,9,log_linear,1.4,0.0,0,1.34,0.03064260577881782,1.0,1.4,0.0035232605662584363
multiphase,140,0.01,0.02,23319.0,0.01999934796873686,0,1.4,1.0,0,2.0,3.0,9,9,log_linear,1.4,0.0,0,1.3,0.03064260577881782,1.0,1.4,0.0035232605662584363
multiphase,140,0.02,0.02,23319.0,0.01999934796873686,0,1.38,1.0,0,2.0,3.0,9,9,log_linear,1.4,0.02,0,1.32,0.03064260577881782,1.0,1.4,0.0035232605662584363
noisy_plateau,20,0.0,0.02,99.0,0.01925470177538692,0,1.34,1.0,0,2.0,2.0,9,9,log_linear,1.36,0.02,0,-0.3,0.056112599346812946,1.0,1.4,0.00014166817858104336
noisy_plateau,20,0.003,0.02,99.0,0.01925470177538692,0,1.38,1.0,0,2.0,2.0,9,9,log_linear,1.38,0.0,0,-0.28,0.056112599346812946,1.0,1.4,0.00014166817858104336
noisy_plateau,20,0.005,0.02,99.0,0.01925470177538692,0,1.38,1.0,0,1.0,2.0,9,9,richardson_1,1.38,0.0,1,-0.3,0.056112599346812946,1.0,1.4,0.00014166817858104336
noisy_plateau,20,0.01,0.02,99.0,0.01925470177538692,0,1.38,1.0,0,2.0,2.0,9,9,log_linear,1.4,0.02,0,-0.1,0.056112599346812946,1.0,1.4,0.00014166817858104336
noisy_plateau,20,0.02,0.02,99.0,0.01925470177538692,0,1.4,1.0,0,2.0,2.0,9,9,log_linear,1.4,0.0,0,-0.2,0.056112599346812946,1.0,1.4,0.00014166817858104336
noisy_plateau,30,0.0,0.02,109.0,0.01925470177538692,0,1.24,1.0,0,2.0,2.0,9,9,log_linear,1.24,0.0,0,-0.78,0.056056857262046955,1.0,1.38,8.592609381504607e-05
noisy_plateau,30,0.003,0.02,109.0,0.01925470177538692,0,1.36,1.0,0,1.0,2.0,9,9,richardson_1,1.36,0.0,1,-0.4,0.056056857262046955,1.0,1.4,8.592609381504607e-05
noisy_plateau,30,0.005,0.02,109.0,0.01925470177538692,0,1.24,1.0,0,2.0,2.0,9,9,log_linear,1.28,0.04,0,-0.7,0.056056857262046955,1.0,1.4,8.592609381504607e-05
noisy_plateau,30,0.01,0.02,109.0,0.01925470177538692,0,1.14,1.0,0,2.0,2.0,9,9,log_linear,1.24,0.1,0,-0.6,0.056056857262046955,1.0,1.4,8.592609381504607e-05
noisy_plateau,30,0.02,0.02,109.0,0.01925470177538692,0,1.34,1.0,0,2.0,1.0,9,9,log_linear,1.38,0.04,0,-0.7,0.056056857262046955,1.0,1.4,8.592609381504607e-05
noisy_plateau,40,0.0,0.02,119.0,0.01925470177538692,0,1.38,1.0,0,1.0,1.0,9,9,richardson_1,1.38,0.0,1,-0.6,0.056023047978600075,1.0,1.4,5.211681036816976e-05
noisy_plateau,40,0.003,0.02,119.0,0.01925470177538692,0,1.12,1.0,0,1.0,1.0,9,9,richardson_1,1.12,0.0,1,-0.4,0.056023047978600075,1.0,1.38,5.211681036816976e-05
noisy_plateau,40,0.005,0.02,119.0,0.01925470177538692,0,1.32,1.0,0,1.0,1.0,9,9,richardson_1,1.32,0.0,1,-0.7,0.056023047978600075,1.0,1.4,5.211681036816976e-05
noisy_plateau,40,0.01,0.02,119.0,0.01925470177538692,0,1.34,1.0,0,1.0,1.0,9,9,richardson_1,1.34,0.0,1,-0.7,0.056023047978600075,1.0,1.4,5.211681036816976e-05
noisy_plateau,40,0.02,0.02,119.0,0.01925470177538692,0,1.3,1.0,0,1.0,1.0,9,9,richardson_1,1.3,0.0,1,-0.9,0.056023047978600075,1.0,1.4,5.211681036816976e-05
noisy_plateau,50,0.0,0.02,129.0,0.01925470177538692,0,1.04,1.0,0,1.0,1.0,9,9,richardson_1,1.04,0.0,1,-0.8,0.05600254161160663,1.0,1.4,3.161044337472545e-05
noisy_plateau,50,0.003,0.02,129.0,0.01925470177538692,0,1.04,1.0,0,1.0,2.0,9,9,richardson_1,1.04,0.0,1,-0.8,0.05600254161160663,1.0,1.4,3.161044337472545e-05
noisy_plateau,50,0.005,0.02,129.0,0.01925470177538692,0,1.1,1.0,0,1.0,2.0,9,9,richardson_1,1.1,0.0,1,-0.8,0.05600254161160663,1.0,1.4,3.161044337472545e-05
noisy_plateau,50,0.01,0.02,129.0,0.01925470177538692,0,1.18,1.0,0,3.0,2.0,9,9,anderson_1,1.2,0.02,0,-0.9,0.05600254161160663,1.0,1.4,3.161044337472545e-05
noisy_plateau,50,0.02,0.02,129.0,0.01925470177538692,0,1.06,1.0,0,2.0,2.0,9,9,single_exp_fit,1.18,0.12,0,-0.8,0.05600254161160663,1.0,1.4,3.161044337472545e-05
noisy_plateau,60,0.0,0.02,139.0,0.019254701775386917,0,1.22,1.0,0,2.0,3.0,9,9,single_exp_fit,1.3,0.08,0,-0.8,0.055990103871305784,1.0,1.4,1.9172703073881692e-05
noisy_plateau,60,0.003,0.02,139.0,0.019254701775386917,0,1.16,1.0,0,3.0,3.0,9,9,single_exp_fit,1.2,0.04,0,-0.6,0.055990103871305784,1.0,1.4,1.9172703073881692e-05
noisy_plateau,60,0.005,0.02,139.0,0.019254701775386917,0,0.98,1.0,0,3.0,3.0,9,9,single_exp_fit,1.16,0.18,0,-0.7,0.055990103871305784,1.0,1.4,1.9172703073881692e-05
noisy_plateau,60,0.01,0.02,139.0,0.019254701775386917,0,1.02,1.0,0,2.0,3.0,9,9,single_exp_fit,1.16,0.14,0,-0.8,0.055990103871305784,1.0,1.4,1.9172703073881692e-05
noisy_plateau,60,0.02,0.02,139.0,0.019254701775386917,0,0.6,1.0,0,4.0,3.0,9,9,current_value,1.0,0.4,0,-0.9,0.055990103871305784,1.0,1.4,1.9172703073881692e-05
noisy_plateau,70,0.0,0.02,149.0,0.019254701775386917,0,1.26,1.0,0,4.0,5.0,9,9,richardson_a10,1.4,0.14,0,-0.7,0.05598256000047578,1.0,1.4,1.1628832243872414e-05
noisy_plateau,70,0.003,0.02,149.0,0.019254701775386917,0,0.86,1.0,0,5.0,5.0,9,9,richardson_a10,1.22,0.36,0,-0.9,0.05598256000047578,1.0,1.4,1.1628832243872414e-05
noisy_plateau,70,0.005,0.02,149.0,0.019254701775386917,0,0.94,1.0,0,5.0,4.0,9,9,richardson_a10,1.36,0.42,0,-0.8,0.05598256000047578,1.0,1.4,1.1628832243872414e-05
noisy_plateau,70,0.01,0.02,149.0,0.019254701775386917,0,1.22,1.0,0,4.0,4.0,9,9,richardson_a10,1.38,0.16,0,-0.8,0.05598256000047578,1.0,1.4,1.1628832243872414e-05
noisy_plateau,70,0.02,0.02,149.0,0.019254701775386917,0,0.9,1.0,0,6.0,5.0,9,9,richardson_a10,1.22,0.32,0,-0.9,0.05598256000047578,1.0,1.4,1.1628832243872414e-05
noisy_plateau,80,0.0,0.02,159.0,0.019254701775386924,0,1.06,1.0,0,3.0,2.0,9,9,richardson_a10,1.18,0.12,0,-0.8,0.05597798441152447,1.0,1.4,7.0532432925657015e-06
noisy_plateau,80,0.003,0.02,159.0,0.019254701775386924,0,1.3,1.0,0,3.0,2.0,9,9,richardson_a10,1.38,0.08,0,-0.7,0.05597798441152447,1.0,1.4,7.0532432925657015e-06
noisy_plateau,80,0.005,0.02,159.0,0.019254701775386924,0,1.32,1.0,0,2.0,1.0,9,9,richardson_a10,1.36,0.04,0,-0.9,0.05597798441152447,1.0,1.4,7.0532432925657015e-06
noisy_plateau,80,0.01,0.02,159.0,0.019254701775386924,0,1.06,1.0,0,4.0,4.0,9,9,richardson_a10,1.22,0.16,0,-1.0,0.05597798441152447,1.0,1.4,7.0532432925657015e-06
noisy_plateau,80,0.02,0.02,159.0,0.019254701775386924,0,0.96,1.0,0,6.0,4.0,9,9,richardson_a10,1.26,0.3,0,-0.9,0.05597798441152447,1.0,1.4,7.0532432925657015e-06
noisy_plateau,90,0.0,0.02,169.0,0.019254701775386903,0,1.34,1.0,0,1.0,1.0,9,9,richardson_1,1.34,0.0,1,-0.7,0.05597520917653925,1.0,1.4,4.278008307351255e-06
noisy_plateau,90,0.003,0.02,169.0,0.019254701775386903,0,1.14,1.0,0,2.0,2.0,9,9,single_exp_fit,1.2,0.06,0,-0.8,0.05597520917653925,1.0,1.4,4.278008307351255e-06
noisy_plateau,90,0.005,0.02,169.0,0.019254701775386903,0,1.32,1.0,0,2.0,1.0,9,9,richardson_a10,1.36,0.04,0,-0.9,0.05597520917653925,1.0,1.4,4.278008307351255e-06
noisy_plateau,90,0.01,0.02,169.0,0.019254701775386903,0,1.1,1.0,0,2.0,3.0,9,9,richardson_a10,1.18,0.08,0,-0.9,0.05597520917653925,1.0,1.4,4.278008307351255e-06
noisy_plateau,90,0.02,0.02,169.0,0.019254701775386903,0,1.06,1.0,0,1.0,1.0,9,9,richardson_1,1.06,0.0,1,-0.9,0.05597520917653925,1.0,1.38,4.278008307351255e-06
noisy_plateau,100,0.0,0.02,179.0,0.019254701775386903,0,1.1,1.0,0,2.0,2.0,9,9,richardson_a10,1.24,0.14,0,-1.0,0.055973525911432814,1.0,1.4,2.5947432009121307e-06
noisy_plateau,100,0.003,0.02,179.0,0.019254701775386903,0,1.06,1.0,0,1.0,3.0,9,9,richardson_1,1.06,0.0,1,-0.9,0.055973525911432814,1.0,1.4,2.5947432009121307e-06
noisy_plateau,100,0.005,0.02,179.0,0.019254701775386903,0,1.12,1.0,0,2.0,2.0,9,9,richardson_a10,1.18,0.06,0,-0.8,0.055973525911432814,1.0,1.4,2.5947432009121307e-06
noisy_plateau,100,0.01,0.02,179.0,0.019254701775386903,0,1.18,1.0,0,2.0,3.0,9,9,richardson_a10,1.2,0.02,0,-0.6,0.055973525911432814,1.0,1.4,2.5947432009121307e-06
noisy_plateau,100,0.02,0.02,179.0,0.019254701775386903,0,1.0,1.0,0,4.0,1.0,9,9,pade_22,1.18,0.18,0,-1.0,0.055973525911432814,1.0,1.4,2.5947432009121307e-06
noisy_plateau,110,0.0,0.02,189.0,0.019254701775386903,0,1.28,1.0,0,4.0,4.0,9,9,pade_22,1.28,0.0,0,-0.7,0.055972504959537345,1.0,1.4,1.5737913054390817e-06
noisy_plateau,110,0.003,0.02,189.0,0.019254701775386903,0,1.38,1.0,0,3.0,3.0,9,9,single_exp_fit,1.38,0.0,0,-0.9,0.055972504959537345,1.0,1.4,1.5737913054390817e-06
noisy_plateau,110,0.005,0.02,189.0,0.019254701775386903,0,1.14,1.0,0,6.0,5.0,9,9,richardson_a10,1.24,0.1,0,-0.9,0.055972504959537345,1.0,1.4,1.5737913054390817e-06
noisy_plateau,110,0.01,0.02,189.0,0.019254701775386903,0,1.24,1.0,0,3.0,3.0,9,9,richardson_a10,1.28,0.04,0,-0.9,0.055972504959537345,1.0,1.4,1.5737913054390817e-06
noisy_plateau,110,0.02,0.02,189.0,0.019254701775386903,0,1.36,1.0,0,2.0,5.0,9,9,single_exp_fit,1.36,0.0,0,-1.0,0.055972504959537345,1.0,1.4,1.5737913054390817e-06
noisy_plateau,120,0.0,0.02,199.0,0.019254701775386907,0,1.3,1.0,0,3.0,3.0,9,9,single_exp_fit,1.32,0.02,0,-0.9,0.055971885720910636,1.0,1.4,9.545526787335668e-07
noisy_plateau,120,0.003,0.02,199.0,0.019254701775386907,0,1.32,1.0,0,5.0,5.0,9,9,pade_22,1.38,0.06,0,-0.8,0.055971885720910636,1.0,1.4,9.545526787335668e-07
noisy_plateau,120,0.005,0.02,199.0,0.019254701775386907,0,1.16,1.0,0,3.0,4.0,9,9,pade_22,1.2,0.04,0,-0.8,0.055971885720910636,1.0,1.4,9.545526787335668e-07
noisy_plateau,120,0.01,0.02,199.0,0.019254701775386907,0,0.86,1.0,0,5.0,4.0,9,9,current_value,1.0,0.14,0,-0.8,0.055971885720910636,1.0,1.4,9.545526787335668e-07
noisy_plateau,120,0.02,0.02,199.0,0.019254701775386907,0,1.32,1.0,0,4.0,3.0,9,9,richardson_a10,1.38,0.06,0,-0.7,0.055971885720910636,1.0,1.4,9.545526787335668e-07
noisy_plateau,130,0.0,0.02,209.0,0.019254701775386903,0,1.2,1.0,0,5.0,5.0,9,9,pade_22,1.38,0.18,0,-0.9,0.05597151013369787,1.0,1.4,5.789654659608609e-07
noisy_plateau,130,0.003,0.02,209.0,0.019254701775386903,0,1.12,1.0,0,6.0,5.0,9,9,single_exp_fit,1.26,0.14,0,-0.8,0.05597151013369787,1.0,1.4,5.789654659608609e-07
noisy_plateau,130,0.005,0.02,209.0,0.019254701775386903,0,1.22,1.0,0,3.0,3.0,9,9,pade_22,1.24,0.02,0,-0.8,0.05597151013369787,1.0,1.4,5.789654659608609e-07
noisy_plateau,130,0.01,0.02,209.0,0.019254701775386903,0,0.84,1.0,0,5.0,4.0,9,9,pade_22,1.26,0.42,0,-0.8,0.05597151013369787,1.0,1.4,5.789654659608609e-07
noisy_plateau,130,0.02,0.02,209.0,0.019254701775386903,0,1.12,1.0,0,5.0,3.0,9,9,single_exp_fit,1.22,0.1,0,-0.9,0.05597151013369787,1.0,1.4,5.789654659608609e-07
noisy_plateau,140,0.0,0.02,219.0,0.019254701775386903,0,1.3,1.0,0,2.0,5.0,9,9,richardson_a10,1.3,0.0,0,-1.0,0.05597128232853793,1.0,1.4,3.511603060219262e-07
noisy_plateau,140,0.003,0.02,219.0,0.019254701775386903,0,1.18,1.0,0,5.0,5.0,9,9,pade_22,1.38,0.2,0,-0.9,0.05597128232853793,1.0,1.4,3.511603060219262e-07
noisy_plateau,140,0.005,0.02,219.0,0.019254701775386903,0,1.36,1.0,0,4.0,5.0,9,9,single_exp_fit,1.38,0.02,0,-0.9,0.05597128232853793,1.0,1.4,3.511603060219262e-07
noisy_plateau,140,0.01,0.02,219.0,0.019254701775386903,0,1.32,1.0,0,5.0,4.0,9,9,single_exp_fit,1.38,0.06,0,-0.6,0.05597128232853793,1.0,1.4,3.511603060219262e-07
noisy_plateau,140,0.02,0.02,219.0,0.019254701775386903,0,1.18,1.0,0,4.0,6.0,9,9,pade_22,1.36,0.18,0,-1.0,0.05597128232853793,1.0,1.4,3.511603060219262e-07
osc_exp,20,0.0,0.02,159.0,0.019514571592849923,0,1.4,1.0,0,4.0,5.0,9,9,rational_fit,1.4,0.0,0,1.3,0.09440142435949071,1.0,1.4,0.006761833922476058
osc_exp,20,0.003,0.02,159.0,0.019514571592849923,0,1.4,1.0,0,4.0,5.0,9,9,rational_fit,1.4,0.0,0,1.3,0.09440142435949071,1.0,1.4,0.006761833922476058
osc_exp,20,0.005,0.02,159.0,0.019514571592849923,0,1.4,1.0,0,4.0,5.0,9,9,rational_fit,1.4,0.0,0,1.3,0.09440142435949071,1.0,1.4,0.006761833922476058
osc_exp,20,0.01,0.02,159.0,0.019514571592849923,0,1.4,1.0,0,4.0,5.0,9,8,rational_fit,1.4,0.0,0,1.3,0.09440142435949071,1.0,1.4,0.006761833922476058
osc_exp,20,0.02,0.02,159.0,0.019514571592849923,0,1.4,1.0,0,4.0,5.0,9,8,rational_fit,1.4,0.0,0,1.3,0.09440142435949071,1.0,1.4,0.006761833922476058
osc_exp,30,0.0,0.02,160.0,0.019907643578078903,0,1.4,1.0,0,3.0,4.0,9,8,log_linear,1.4,0.0,0,1.3,0.09412128533146064,1.0,1.4,0.006481694894445985
osc_exp,30,0.003,0.02,160.0,0.019907643578078903,0,1.4,1.0,0,3.0,4.0,9,8,log_linear,1.4,0.0,0,1.3,0.09412128533146064,1.0,1.4,0.006481694894445985
osc_exp,30,0.005,0.02,160.0,0.019907643578078903,0,1.4,1.0,0,3.0,4.0,9,9,rational_fit,1.4,0.0,0,1.3,0.09412128533146064,1.0,1.4,0.006481694894445985
osc_exp,30,0.01,0.02,160.0,0.019907643578078903,0,1.4,1.0,0,3.0,5.0,9,9,log_linear,1.4,0.0,0,1.3,0.09412128533146064,1.0,1.4,0.006481694894445985
osc_exp,30,0.02,0.02,160.0,0.019907643578078903,0,1.4,1.0,0,3.0,5.0,9,9,rational_fit,1.4,0.0,0,1.3,0.09412128533146064,1.0,1.4,0.006481694894445985
osc_exp,40,0.0,0.02,169.0,0.01899986669920349,0,1.4,1.0,0,5.0,6.0,9,9,pade_22,1.4,0.0,0,1.3,0.09155801754703784,1.0,1.4,0.003918427110023188
osc_exp,40,0.003,0.02,169.0,0.01899986669920349,0,1.4,1.0,0,4.0,5.0,9,9,pade_22,1.4,0.0,0,1.28,0.09155801754703784,1.0,1.4,0.003918427110023188
osc_exp,40,0.005,0.02,169.0,0.01899986669920349,0,1.4,1.0,0,4.0,5.0,9,9,pade_22,1.4,0.0,0,1.28,0.09155801754703784,1.0,1.4,0.003918427110023188
osc_exp,40,0.01,0.02,169.0,0.01899986669920349,0,1.4,1.0,0,4.0,5.0,9,9,pade_22,1.4,0.0,0,1.28,0.09155801754703784,1.0,1.4,0.003918427110023188
osc_exp,40,0.02,0.02,169.0,0.01899986669920349,0,1.4,1.0,0,4.0,5.0,9,9,pade_22,1.4,0.0,0,1.28,0.09155801754703784,1.0,1.4,0.003918427110023188
osc_exp,50,0.0,0.02,190.0,0.019612273954622075,0,1.24,1.0,0,7.0,5.0,9,9,rational_fit,1.4,0.16,0,1.24,0.0903173088165885,1.0,1.4,0.002677718379573854
osc_exp,50,0.003,0.02,190.0,0.019612273954622075,0,1.24,1.0,0,6.0,5.0,9,9,rational_fit,1.4,0.16,0,1.24,0.0903173088165885,1.0,1.4,0.002677718379573854
osc_exp,50,0.005,0.02,190.0,0.019612273954622075,0,1.26,1.0,0,5.0,5.0,9,9,rational_fit,1.4,0.14,0,1.24,0.0903173088165885,1.0,1.4,0.002677718379573854
osc_exp,50,0.01,0.02,190.0,0.019612273954622075,0,1.26,1.0,0,6.0,5.0,9,9,rational_fit,1.4,0.14,0,1.26,0.0903173088165885,1.0,1.4,0.002677718379573854
osc_exp,50,0.02,0.02,190.0,0.019612273954622075,0,1.2,1.0,0,5.0,5.0,9,9,rational_fit,1.4,0.2,0,1.24,0.0903173088165885,1.0,1.4,0.002677718379573854
osc_exp,60,0.0,0.02,191.0,0.01973077469876576,0,1.36,1.0,0,5.0,6.0,9,9,pade_22,1.4,0.04,0,1.24,0.09021160493475187,1.0,1.4,0.002572014497737224
osc_exp,60,0.003,0.02,191.0,0.01973077469876576,0,1.34,1.0,0,5.0,6.0,9,9,pade_22,1.4,0.06,0,1.24,0.09021160493475187,1.0,1.4,0.002572014497737224
osc_exp,60,0.005,0.02,191.0,0.01973077469876576,0,1.34,1.0,0,5.0,6.0,9,9,pade_22,1.4,0.06,0,1.24,0.09021160493475187,1.0,1.4,0.002572014497737224
osc_exp,60,0.01,0.02,191.0,0.01973077469876576,0,1.32,1.0,0,5.0,6.0,9,9,pade_22,1.4,0.08,0,1.24,0.09021160493475187,1.0,1.4,0.002572014497737224
osc_exp,60,0.02,0.02,191.0,0.01973077469876576,0,1.28,1.0,0,5.0,6.0,9,9,rational_fit,1.4,0.12,0,1.14,0.09021160493475187,1.0,1.4,0.002572014497737224
osc_exp,70,0.0,0.02,199.0,0.018889006820090534,0,1.4,1.0,0,3.0,3.0,9,9,anderson_1,1.4,0.0,0,1.0,0.0892919564904398,1.0,1.4,0.0016523660534251503
osc_exp,70,0.003,0.02,199.0,0.018889006820090534,0,1.4,1.0,0,2.0,2.0,9,9,log_linear,1.4,0.0,0,1.08,0.0892919564904398,1.0,1.4,0.0016523660534251503
osc_exp,70,0.005,0.02,199.0,0.018889006820090534,0,1.4,1.0,0,2.0,2.0,9,9,log_linear,1.4,0.0,0,1.0,0.0892919564904398,1.0,1.4,0.0016523660534251503
osc_exp,70,0.01,0.02,199.0,0.018889006820090534,0,1.4,1.0,0,2.0,2.0,9,9,log_linear,1.4,0.0,0,1.0,0.0892919564904398,1.0,1.4,0.0016523660534251503
osc_exp,70,0.02,0.02,199.0,0.018889006820090534,0,1.4,1.0,0,2.0,2.0,9,8,log_linear,1.4,0.0,0,1.1,0.0892919564904398,1.0,1.4,0.0016523660534251503
osc_exp,80,0.0,0.02,221.0,0.01948234288455035,0,1.28,1.0,0,5.0,5.0,9,9,richardson_a10,1.4,0.12,0,0.66,0.08869904982765392,1.0,1.4,0.0010594593906392662
osc_exp,80,0.003,0.02,221.0,0.01948234288455035,0,1.28,1.0,0,4.0,5.0,9,9,richardson_a10,1.4,0.12,0,0.66,0.08869904982765392,1.0,1.4,0.0010594593906392662
osc_exp,80,0.005,0.02,221.0,0.01948234288455035,0,1.28,1.0,0,3.0,5.0,9,9,richardson_a10,1.4,0.12,0,0.66,0.08869904982765392,1.0,1.4,0.0010594593906392662
osc_exp,80,0.01,0.02,221.0,0.01948234288455035,0,1.28,1.0,0,4.0,5.0,9,8,richardson_a10,1.4,0.12,0,0.56,0.08869904982765392,1.0,1.4,0.0010594593906392662
osc_exp,80,0.02,0.02,221.0,0.01948234288455035,0,1.22,1.0,0,5.0,5.0,9,8,richardson_a10,1.4,0.18,0,0.58,0.08869904982765392,1.0,1.4,0.0010594593906392662
osc_exp,90,0.0,0.02,222.0,0.019723199886557016,0,1.28,1.0,0,4.0,2.0,9,9,pade_22,1.4,0.12,0,0.66,0.08865934763665989,1.0,1.4,0.0010197571996452374
osc_exp,90,0.003,0.02,222.0,0.019723199886557016,0,1.28,1.0,0,4.0,2.0,9,9,pade_22,1.4,0.12,0,0.66,0.08865934763665989,1.0,1.4,0.0010197571996452374
osc_exp,90,0.005,0.02,222.0,0.019723199886557016,0,1.28,1.0,0,4.0,2.0,9,9,pade_22,1.4,0.12,0,0.66,0.08865934763665989,1.0,1.4,0.0010197571996452374
osc_exp,90,0.01,0.02,222.0,0.019723199886557016,0,1.3,1.0,0,4.0,2.0,9,9,pade_22,1.4,0.1,0,0.66,0.08865934763665989,1.0,1.4,0.0010197571996452374
osc_exp,90,0.02,0.02,222.0,0.019723199886557016,0,1.28,1.0,0,1.0,1.0,9,9,richardson_1,1.28,0.0,1,0.74,0.08865934763665989,1.0,1.4,0.0010197571996452374
osc_exp,100,0.0,0.02,229.0,0.018934650782165642,0,1.24,1.0,0,4.0,2.0,9,9,richardson_a10,1.4,0.16,0,0.56,0.08833987438715506,1.0,1.4,0.0007002839501404011
osc_exp,100,0.003,0.02,229.0,0.018934650782165642,0,1.24,1.0,0,3.0,2.0,9,9,richardson_a10,1.4,0.16,0,0.56,0.08833987438715506,1.0,1.4,0.0007002839501404011
osc_exp,100,0.005,0.02,229.0,0.018934650782165642,0,1.24,1.0,0,4.0,2.0,9,9,richardson_a10,1.4,0.16,0,0.56,0.08833987438715506,1.0,1.4,0.0007002839501404011
osc_exp,100,0.01,0.02,229.0,0.018934650782165642,0,1.26,1.0,0,3.0,3.0,9,8,richardson_a10,1.38,0.12,0,0.56,0.08833987438715506,1.0,1.4,0.0007002839501404011
osc_exp,100,0.02,0.02,229.0,0.018934650782165642,0,1.0,1.0,0,3.0,3.0,9,9,single_exp_fit,1.06,0.06,0,0.44,0.08833987438715506,1.0,1.4,0.0007002839501404011
osc_exp,110,0.0,0.02,251.0,0.019682888410140424,0,1.2,1.0,0,3.0,4.0,9,9,single_exp_fit,1.4,0.2,0,0.24,0.08807154394764578,1.0,1.4,0.0004319535106311334
osc_exp,110,0.003,0.02,251.0,0.019682888410140424,0,1.16,1.0,0,3.0,4.0,9,9,single_exp_fit,1.36,0.2,0,0.22,0.08807154394764578,1.0,1.4,0.0004319535106311334
osc_exp,110,0.005,0.02,251.0,0.019682888410140424,0,1.16,1.0,0,3.0,4.0,9,8,single_exp_fit,1.36,0.2,0,0.24,0.08807154394764578,1.0,1.4,0.0004319535106311334
osc_exp,110,0.01,0.02,251.0,0.019682888410140424,0,0.92,1.0,0,6.0,4.0,9,8,single_exp_fit,1.34,0.42,0,0.08,0.08807154394764578,1.0,1.4,0.0004319535106311334
osc_exp,110,0.02,0.02,251.0,0.019682888410140424,0,1.06,1.0,0,2.0,3.0,9,9,single_exp_fit,1.12,0.06,0,0.22,0.08807154394764578,1.0,1.4,0.0004319535106311334
osc_exp,120,0.0,0.02,253.0,0.019857388951475957,0,1.18,1.0,0,3.0,5.0,9,9,pade_22,1.4,0.22,0,0.2,0.08804356064710302,1.0,1.4,0.00040397021008836687
osc_exp,120,0.003,0.02,253.0,0.019857388951475957,0,1.2,1.0,0,3.0,5.0,9,9,single_exp_fit,1.4,0.2,0,0.2,0.08804356064710302,1.0,1.4,0.00040397021008836687
osc_exp,120,0.005,0.02,253.0,0.019857388951475957,0,1.08,1.0,0,5.0,5.0,9,9,single_exp_fit,1.32,0.24,0,0.14,0.08804356064710302,1.0,1.4,0.00040397021008836687
osc_exp,120,0.01,0.02,253.0,0.019857388951475957,0,1.14,1.0,0,3.0,4.0,9,9,single_exp_fit,1.28,0.14,0,0.18,0.08804356064710302,1.0,1.4,0.00040397021008836687
osc_exp,120,0.02,0.02,253.0,0.019857388951475957,0,0.76,1.0,0,5.0,4.0,9,8,single_exp_fit,1.06,0.3,0,0.28,0.08804356064710302,1.0,1.4,0.00040397021008836687
osc_exp,130,0.0,0.02,259.0,0.019116798063378165,0,1.16,1.0,0,4.0,7.0,9,9,pade_22,1.4,0.24,0,-0.02,0.08793674769632526,1.0,1.4,0.00029715725931061393
osc_exp,130,0.003,0.02,259.0,0.019116798063378165,0,1.16,1.0,0,4.0,7.0,9,9,single_exp_fit,1.28,0.12,0,-0.02,0.08793674769632526,1.0,1.4,0.00029715725931061393
osc_exp,130,0.005,0.02,259.0,0.019116798063378165,0,1.06,1.0,0,5.0,6.0,9,9,single_exp_fit,1.3,0.24,0,0.02,0.08793674769632526,1.0,1.4,0.00029715725931061393
osc_exp,130,0.01,0.02,259.0,0.019116798063378165,0,0.74,1.0,0,5.0,6.0,9,9,anderson_1,1.12,0.38,0,-0.34,0.08793674769632526,1.0,1.4,0.00029715725931061393
osc_exp,130,0.02,0.02,259.0,0.019116798063378165,0,1.04,1.0,0,2.0,4.0,9,8,rational_fit,1.06,0.02,0,0.12,0.08793674769632526,1.0,1.4,0.00029715725931061393
osc_exp,140,0.0,0.02,280.0,0.01976925628136148,0,1.16,1.0,0,4.0,6.0,9,9,single_exp_fit,1.4,0.24,0,-0.16,0.08781714300280856,1.0,1.4,0.00017755256579390574
osc_exp,140,0.003,0.02,280.0,0.01976925628136148,0,0.86,1.0,0,5.0,6.0,9,8,anderson_1,1.18,0.32,0,-0.26,0.08781714300280856,1.0,1.4,0.00017755256579390574
osc_exp,140,0.005,0.02,280.0,0.01976925628136148,0,0.82,1.0,0,4.0,5.0,9,9,single_exp_fit,1.02,0.2,0,-0.28,0.08781714300280856,1.0,1.4,0.00017755256579390574
osc_exp,140,0.01,0.02,280.0,0.01976925628136148,0,0.52,1.0,0,5.0,5.0,9,9,current_value,1.0,0.48,0,-0.18,0.08781714300280856,1.0,1.4,0.00017755256579390574
osc_exp,140,0.02,0.02,280.0,0.01976925628136148,0,0.78,1.0,0,4.0,4.0,9,8,current_value,1.0,0.22,0,0.24,0.08781714300280856,1.0,1.4,0.00017755256579390574
power_law,20,0.0,0.02,5614.0,0.019999018120378215,0,1.34,1.0,0,4.0,1.0,9,9,pade_22,1.4,0.06,0,1.32,0.02060455643329067,1.0,1.4,0.0018990882843155804
power_law,20,0.003,0.02,5614.0,0.019999018120378215,0,1.34,1.0,0,3.0,1.0,9,9,pade_22,1.4,0.06,0,1.32,0.02060455643329067,1.0,1.4,0.0018990882843155804
power_law,20,0.005,0.02,5614.0,0.019999018120378215,0,1.36,1.0,0,3.0,1.0,9,9,pade_22,1.4,0.04,0,1.32,0.02060455643329067,1.0,1.4,0.0018990882843155804
power_law,20,0.01,0.02,5614.0,0.019999018120378215,0,1.36,1.0,0,3.0,1.0,9,9,pade_22,1.4,0.04,0,1.22,0.02060455643329067,1.0,1.4,0.0018990882843155804
power_law,20,0.02,0.02,5614.0,0.019999018120378215,0,1.36,1.0,0,3.0,2.0,9,9,pade_22,1.4,0.04,0,1.22,0.02060455643329067,1.0,1.4,0.0018990882843155804
power_law,30,0.0,0.02,8288.0,0.01999869642355824,0,1.32,1.0,0,4.0,2.0,9,9,pade_22,1.4,0.08,0,1.2,0.020151368919787353,1.0,1.4,0.0014459007708122647
power_law,30,0.003,0.02,8288.0,0.01999869642355824,0,1.34,1.0,0,3.0,1.0,9,9,pade_22,1.4,0.06,0,1.2,0.020151368919787353,1.0,1.4,0.0014459007708122647
power_law,30,0.005,0.02,8288.0,0.01999869642355824,0,1.3,1.0,0,3.0,1.0,9,9,pade_22,1.4,0.1,0,1.2,0.020151368919787353,1.0,1.4,0.0014459007708122647
power_law,30,0.01,0.02,8288.0,0.01999869642355824,0,1.36,1.0,0,3.0,1.0,9,9,pade_22,1.4,0.04,0,1.2,0.020151368919787353,1.0,1.4,0.0014459007708122647
power_law,30,0.02,0.02,8288.0,0.01999869642355824,0,1.34,1.0,0,2.0,1.0,9,9,rational_fit,1.38,0.04,0,1.1,0.020151368919787353,1.0,1.4,0.0014459007708122647
power_law,40,0.0,0.02,10961.0,0.019999808684853414,0,1.3,1.0,0,4.0,2.0,9,9,pade_22,1.4,0.1,0,1.1,0.01989442783308827,1.0,1.4,0.0011889596841131809
power_law,40,0.003,0.02,10961.0,0.019999808684853414,0,1.32,1.0,0,3.0,1.0,9,9,pade_22,1.4,0.08,0,1.1,0.01989442783308827,1.0,1.4,0.0011889596841131809
power_law,40,0.005,0.02,10961.0,0.019999808684853414,0,1.34,1.0,0,3.0,1.0,9,9,pade_22,1.4,0.06,0,1.1,0.01989442783308827,1.0,1.4,0.0011889596841131809
power_law,40,0.01,0.02,10961.0,0.019999808684853414,0,1.34,1.0,0,3.0,1.0,9,9,pade_22,1.4,0.06,0,1.1,0.01989442783308827,1.0,1.4,0.0011889596841131809
power_law,40,0.02,0.02,10961.0,0.019999808684853414,0,1.36,1.0,0,1.0,2.0,9,9,richardson_1,1.36,0.0,1,1.28,0.01989442783308827,1.0,1.4,0.0011889596841131809
power_law,50,0.0,0.02,13635.0,0.019999458108435668,0,1.3,1.0,0,4.0,2.0,9,9,pade_22,1.4,0.1,0,1.08,0.019725958945249256,1.0,1.4,0.001020490796274167
power_law,50,0.003,0.02,13635.0,0.019999458108435668,0,1.32,1.0,0,3.0,1.0,9,9,pade_22,1.4,0.08,0,1.1,0.019725958945249256,1.0,1.4,0.001020490796274167
power_law,50,0.005,0.02,13635.0,0.019999458108435668,0,1.36,1.0,0,3.0,1.0,9,9,pade_22,1.4,0.04,0,1.1,0.019725958945249256,1.0,1.4,0.001020490796274167
power_law,50,0.01,0.02,13635.0,0.019999458108435668,0,1.34,1.0,0,3.0,2.0,9,9,pade_22,1.4,0.06,0,1.08,0.019725958945249256,1.0,1.4,0.001020490796274167
power_law,50,0.02,0.02,13635.0,0.019999458108435668,0,1.32,1.0,0,1.0,1.0,9,9,richardson_1,1.32,0.0,1,1.18,0.019725958945249256,1.0,1.4,0.001020490796274167
power_law,60,0.0,0.02,16309.0,0.019999222483492143,0,1.4,1.0,0,2.0,2.0,9,9,pade_22,1.4,0.0,0,1.08,0.019605736979872813,1.0,1.4,0.0009002688308977266
power_law,60,0.003,0.02,16309.0,0.019999222483492143,0,1.32,1.0,0,3.0,1.0,9,9,pade_22,1.4,0.08,0,1.08,0.019605736979872813,1.0,1.4,0.0009002688308977266
power_law,60,0.005,0.02,16309.0,0.019999222483492143,0,1.4,1.0,0,1.0,1.0,9,9,richardson_1,1.4,0.0,1,1.06,0.019605736979872813,1.0,1.4,0.0009002688308977266
power_law,60,0.01,0.02,16309.0,0.019999222483492143,0,1.36,1.0,0,3.0,2.0,9,9,pade_22,1.4,0.04,0,1.06,0.019605736979872813,1.0,1.4,0.0009002688308977266
power_law,60,0.02,0.02,16309.0,0.019999222483492143,0,1.18,1.0,0,1.0,1.0,9,9,richardson_1,1.18,0.0,1,0.82,0.019605736979872813,1.0,1.4,0.0009002688308977266
power_law,70,0.0,0.02,18982.0,0.01999979069716895,0,1.4,1.0,0,1.0,1.0,9,9,richardson_1,1.4,0.0,1,1.06,0.019515001216898975,1.0,1.4,0.0008095330679238882
power_law,70,0.003,0.02,18982.0,0.01999979069716895,0,1.4,1.0,0,1.0,1.0,9,9,richardson_1,1.4,0.0,1,1.06,0.019515001216898975,1.0,1.4,0.0008095330679238882
power_law,70,0.005,0.02,18982.0,0.01999979069716895,0,1.38,1.0,0,4.0,2.0,9,9,pade_22,1.4,0.02,0,1.08,0.019515001216898975,1.0,1.4,0.0008095330679238882
power_law,70,0.01,0.02,18982.0,0.01999979069716895,0,1.36,1.0,0,3.0,2.0,9,8,rational_fit,1.4,0.04,0,1.08,0.019515001216898975,1.0,1.4,0.0008095330679238882
power_law,70,0.02,0.02,18982.0,0.01999979069716895,0,1.22,1.0,0,3.0,1.0,9,9,rational_fit,1.28,0.06,0,0.98,0.019515001216898975,1.0,1.4,0.0008095330679238882
power_law,80,0.0,0.02,21656.0,0.019999572183251026,0,1.4,1.0,0,1.0,1.0,9,9,richardson_1,1.4,0.0,1,1.04,0.019443663285204707,1.0,1.4,0.0007381951362296201
power_law,80,0.003,0.02,21656.0,0.019999572183251026,0,1.4,1.0,0,1.0,1.0,9,9,richardson_1,1.4,0.0,1,1.06,0.019443663285204707,1.0,1.4,0.0007381951362296201
power_law,80,0.005,0.02,21656.0,0.019999572183251026,0,1.38,1.0,0,3.0,1.0,9,9,rational_fit,1.4,0.02,0,1.04,0.019443663285204707,1.0,1.4,0.0007381951362296201
power_law,80,0.01,0.02,21656.0,0.019999572183251026,0,1.4,1.0,0,1.0,1.0,9,9,richardson_1,1.4,0.0,1,1.06,0.019443663285204707,1.0,1.4,0.0007381951362296201
power_law,80,0.02,0.02,21656.0,0.019999572183251026,0,1.16,1.0,0,2.0,5.0,9,9,richardson_a10,1.2,0.04,0,1.0,0.019443663285204707,1.0,1.38,0.0007381951362296201
power_law,90,0.0,0.02,24329.0,0.01999997709892598,0,1.4,1.0,0,1.0,1.0,9,9,richardson_1,1.4,0.0,1,1.04,0.019385909206287397,1.0,1.4,0.0006804410573123029
power_law,90,0.003,0.02,24329.0,0.01999997709892598,0,1.32,1.0,0,4.0,2.0,9,9,rational_fit,1.4,0.08,0,0.94,0.019385909206287397,1.0,1.4,0.0006804410573123029
power_law,90,0.005,0.02,24329.0,0.01999997709892598,0,1.32,1.0,0,4.0,5.0,9,9,richardson_a10,1.4,0.08,0,1.04,0.019385909206287397,1.0,1.4,0.0006804410573123029
power_law,90,0.01,0.02,24329.0,0.01999997709892598,0,1.28,1.0,0,3.0,3.0,9,9,single_exp_fit,1.32,0.04,0,0.9,0.019385909206287397,1.0,1.4,0.0006804410573123029
power_law,90,0.02,0.02,24329.0,0.01999997709892598,0,1.24,1.0,0,3.0,3.0,9,8,richardson_a10,1.26,0.02,0,0.96,0.019385909206287397,1.0,1.38,0.0006804410573123029
power_law,100,0.0,0.02,27003.0,0.01999978339524885,0,1.4,1.0,0,1.0,1.0,9,9,richardson_1,1.4,0.0,1,1.04,0.01933801153271137,1.0,1.4,0.0006325433837362834
power_law,100,0.003,0.02,27003.0,0.01999978339524885,0,1.4,1.0,0,1.0,1.0,9,9,richardson_1,1.4,0.0,1,1.04,0.01933801153271137,1.0,1.4,0.0006325433837362834
power_law,100,0.005,0.02,27003.0,0.01999978339524885,0,1.38,1.0,0,3.0,2.0,9,9,richardson_a10,1.4,0.02,0,1.04,0.01933801153271137,1.0,1.4,0.0006325433837362834
power_law,100,0.01,0.02,27003.0,0.01999978339524885,0,1.28,1.0,0,2.0,4.0,9,9,richardson_a10,1.38,0.1,0,0.74,0.01933801153271137,1.0,1.4,0.0006325433837362834
power_law,100,0.02,0.02,27003.0,0.01999978339524885,0,1.34,1.0,0,3.0,3.0,9,8,richardson_a10,1.38,0.04,0,1.12,0.01933801153271137,1.0,1.4,0.0006325433837362834
power_law,110,0.0,0.02,29677.0,0.019999624596533837,0,1.4,1.0,0,1.0,1.0,9,9,richardson_1,1.4,0.0,1,0.94,0.01929755544881266,1.0,1.4,0.0005920872998375708
power_law,110,0.003,0.02,29677.0,0.019999624596533837,0,1.34,1.0,0,4.0,3.0,9,9,richardson_a10,1.4,0.06,0,1.04,0.01929755544881266,1.0,1.4,0.0005920872998375708
power_law,110,0.005,0.02,29677.0,0.019999624596533837,0,1.38,1.0,0,3.0,4.0,9,9,richardson_a10,1.4,0.02,0,1.04,0.01929755544881266,1.0,1.4,0.0005920872998375708
power_law,110,0.01,0.02,29677.0,0.019999624596533837,0,1.26,1.0,0,3.0,3.0,9,9,richardson_a10,1.4,0.14,0,1.04,0.01929755544881266,1.0,1.4,0.0005920872998375708
power_law,110,0.02,0.02,29677.0,0.019999624596533837,0,1.32,1.0,0,1.0,2.0,9,8,richardson_1,1.32,0.0,1,0.9,0.01929755544881266,1.0,1.4,0.0005920872998375708
power_law,120,0.0,0.02,32350.0,0.019999924788125605,0,1.4,1.0,0,1.0,1.0,9,9,richardson_1,1.4,0.0,1,0.94,0.019262870235692606,1.0,1.4,0.0005574020867175154
power_law,120,0.003,0.02,32350.0,0.019999924788125605,0,1.36,1.0,0,4.0,3.0,9,9,rational_fit,1.4,0.04,0,0.94,0.019262870235692606,1.0,1.4,0.0005574020867175154
power_law,120,0.005,0.02,32350.0,0.019999924788125605,0,1.36,1.0,0,2.0,3.0,9,9,richardson_a10,1.4,0.04,0,0.94,0.019262870235692606,1.0,1.4,0.0005574020867175154
power_law,120,0.01,0.02,32350.0,0.019999924788125605,0,1.18,1.0,0,3.0,3.0,9,9,richardson_a10,1.36,0.18,0,0.9,0.019262870235692606,1.0,1.4,0.0005574020867175154
power_law,120,0.02,0.02,32350.0,0.019999924788125605,0,0.94,1.0,0,5.0,4.0,9,8,richardson_a10,1.16,0.22,0,0.7,0.019262870235692606,1.0,1.4,0.0005574020867175154
power_law,130,0.0,0.02,35024.0,0.019999779437722343,0,1.4,1.0,0,1.0,1.0,9,9,richardson_1,1.4,0.0,1,0.94,0.01923272870855254,1.0,1.4,0.0005272605595774537
power_law,130,0.003,0.02,35024.0,0.019999779437722343,0,1.36,1.0,0,3.0,3.0,9,9,richardson_a10,1.4,0.04,0,0.94,0.01923272870855254,1.0,1.4,0.0005272605595774537
power_law,130,0.005,0.02,35024.0,0.019999779437722343,0,1.36,1.0,0,2.0,3.0,9,9,richardson_a10,1.4,0.04,0,0.92,0.01923272870855254,1.0,1.4,0.0005272605595774537
power_law,130,0.01,0.02,35024.0,0.019999779437722343,0,1.32,1.0,0,2.0,3.0,9,9,richardson_a10,1.34,0.02,0,0.9,0.01923272870855254,1.0,1.4,0.0005272605595774537
power_law,130,0.02,0.02,35024.0,0.019999779437722343,0,0.92,1.0,0,5.0,3.0,9,8,richardson_a10,1.2,0.28,0,0.7,0.01923272870855254,1.0,1.4,0.0005272605595774537
power_law,140,0.0,0.02,37698.0,0.019999654706442913,0,1.4,1.0,0,1.0,1.0,9,9,richardson_1,1.4,0.0,1,0.92,0.019206262136078074,1.0,1.4,0.0005007939871029838
power_law,140,0.003,0.02,37698.0,0.019999654706442913,0,1.32,1.0,0,2.0,3.0,9,9,richardson_a10,1.4,0.08,0,0.82,0.019206262136078074,1.0,1.4,0.0005007939871029838
power_law,140,0.005,0.02,37698.0,0.019999654706442913,0,1.34,1.0,0,3.0,3.0,9,9,richardson_a10,1.4,0.06,0,1.04,0.019206262136078074,1.0,1.4,0.0005007939871029838
power_law,140,0.01,0.02,37698.0,0.019999654706442913,0,1.2,1.0,0,3.0,3.0,9,9,richardson_a10,1.34,0.14,0,0.9,0.019206262136078074,1.0,1.4,0.0005007939871029838
power_law,140,0.02,0.02,37698.0,0.019999654706442913,0,1.34,1.0,0,2.0,3.0,9,8,richardson_a10,1.38,0.04,0,0.96,0.019206262136078074,1.0,1.4,0.0005007939871029838
rational_decay,20,0.0,0.02,2225.0,0.019999999999999997,0,1.4,1.0,0,4.0,5.0,9,9,pade_22,1.4,0.0,0,1.38,0.1457625613868944,1.0,1.4,0.00888888888888889
rational_decay,20,0.003,0.02,2225.0,0.019999999999999997,0,1.4,1.0,0,4.0,5.0,9,9,rational_fit,1.4,0.0,0,1.38,0.1457625613868944,1.0,1.4,0.00888888888888889
rational_decay,20,0.005,0.02,2225.0,0.019999999999999997,0,1.4,1.0,0,4.0,5.0,9,9,rational_fit,1.4,0.0,0,1.38,0.1457625613868944,1.0,1.4,0.00888888888888889
rational_decay,20,0.01,0.02,2225.0,0.019999999999999997,0,1.4,1.0,0,3.0,5.0,9,9,rational_fit,1.4,0.0,0,1.38,0.1457625613868944,1.0,1.4,0.00888888888888889
rational_decay,20,0.02,0.02,2225.0,0.019999999999999997,0,1.4,1.0,0,2.0,4.0,9,8,log_linear,1.4,0.0,0,1.38,0.1457625613868944,1.0,1.4,0.00888888888888889
rational_decay,30,0.0,0.02,2725.0,0.02,0,1.4,1.0,0,4.0,4.0,9,9,pade_22,1.4,0.0,0,1.38,0.14414639977073276,1.0,1.4,0.007272727272727264
rational_decay,30,0.003,0.02,2725.0,0.02,0,1.4,1.0,0,4.0,4.0,9,9,rational_fit,1.4,0.0,0,1.38,0.14414639977073276,1.0,1.4,0.007272727272727264
rational_decay,30,0.005,0.02,2725.0,0.02,0,1.4,1.0,0,4.0,4.0,9,9,rational_fit,1.4,0.0,0,1.38,0.14414639977073276,1.0,1.4,0.007272727272727264
rational_decay,30,0.01,0.02,2725.0,0.02,0,1.4,1.0,0,4.0,4.0,9,9,rational_fit,1.4,0.0,0,1.38,0.14414639977073276,1.0,1.4,0.007272727272727264
rational_decay,30,0.02,0.02,2725.0,0.02,0,1.4,1.0,0,3.0,3.0,9,9,rational_fit,1.4,0.0,0,1.38,0.14414639977073276,1.0,1.4,0.007272727272727264
rational_decay,40,0.0,0.02,3225.0,0.02,0,1.4,1.0,0,4.0,4.0,9,9,pade_22,1.4,0.0,0,1.34,0.14302751865185165,1.0,1.4,0.006153846153846154
rational_decay,40,0.003,0.02,3225.0,0.02,0,1.4,1.0,0,4.0,4.0,9,9,pade_22,1.4,0.0,0,1.34,0.14302751865185165,1.0,1.4,0.006153846153846154
rational_decay,40,0.005,0.02,3225.0,0.02,0,1.4,1.0,0,4.0,4.0,9,9,rational_fit,1.4,0.0,0,1.34,0.14302751865185165,1.0,1.4,0.006153846153846154
rational_decay,40,0.01,0.02,3225.0,0.02,0,1.4,1.0,0,4.0,4.0,9,9,rational_fit,1.4,0.0,0,1.34,0.14302751865185165,1.0,1.4,0.006153846153846154
rational_decay,40,0.02,0.02,3225.0,0.02,0,1.4,1.0,0,3.0,3.0,9,9,rational_fit,1.4,0.0,0,1.34,0.14302751865185165,1.0,1.4,0.006153846153846154
rational_decay,50,0.0,0.02,3726.0,0.01999466808850973,0,1.4,1.0,0,3.0,3.0,9,9,pade_22,1.4,0.0,0,1.3,0.14220558398827476,1.0,1.4,0.005331911490269261
rational_decay,50,0.003,0.02,3726.0,0.01999466808850973,0,1.4,1.0,0,4.0,4.0,9,9,rational_fit,1.4,0.0,0,1.28,0.14220558398827476,1.0,1.4,0.005331911490269261
rational_decay,50,0.005,0.02,3726.0,0.01999466808850973,0,1.4,1.0,0,4.0,4.0,9,9,rational_fit,1.4,0.0,0,1.34,0.14220558398827476,1.0,1.4,0.005331911490269261
rational_decay,50,0.01,0.02,3726.0,0.01999466808850973,0,1.4,1.0,0,4.0,4.0,9,9,rational_fit,1.4,0.0,0,1.3,0.14220558398827476,1.0,1.4,0.005331911490269261
rational_decay,50,0.02,0.02,3726.0,0.01999466808850973,0,1.4,1.0,0,2.0,2.0,9,9,rational_fit,1.4,0.0,0,1.28,0.14220558398827476,1.0,1.4,0.005331911490269261
rational_decay,60,0.0,0.02,4225.0,0.02,0,1.4,1.0,0,3.0,3.0,9,9,pade_22,1.4,0.0,0,1.26,0.14157955485094667,1.0,1.4,0.004705882352941171
rational_decay,60,0.003,0.02,4225.0,0.02,0,1.4,1.0,0,3.0,3.0,9,9,rational_fit,1.4,0.0,0,1.26,0.14157955485094667,1.0,1.4,0.004705882352941171
rational_decay,60,0.005,0.02,4225.0,0.02,0,1.4,1.0,0,3.0,3.0,9,9,rational_fit,1.4,0.0,0,1.26,0.14157955485094667,1.0,1.4,0.004705882352941171
rational_decay,60,0.01,0.02,4225.0,0.02,0,1.4,1.0,0,3.0,3.0,9,9,rational_fit,1.4,0.0,0,1.26,0.14157955485094667,1.0,1.4,0.004705882352941171
rational_decay,60,0.02,0.02,4225.0,0.02,0,1.4,1.0,0,2.0,2.0,9,9,rational_fit,1.4,0.0,0,1.26,0.14157955485094667,1.0,1.4,0.004705882352941171
rational_decay,70,0.0,0.02,4725.0,0.02,0,1.38,1.0,0,6.0,3.0,9,9,pade_22,1.4,0.02,0,1.26,0.14108419881379497,1.0,1.4,0.004210526315789474
rational_decay,70,0.003,0.02,4725.0,0.02,0,1.38,1.0,0,5.0,3.0,9,9,pade_22,1.4,0.02,0,1.24,0.14108419881379497,1.0,1.4,0.004210526315789474
rational_decay,70,0.005,0.02,4725.0,0.02,0,1.38,1.0,0,5.0,3.0,9,9,rational_fit,1.4,0.02,0,1.26,0.14108419881379497,1.0,1.4,0.004210526315789474
rational_decay,70,0.01,0.02,4725.0,0.02,0,1.38,1.0,0,5.0,3.0,9,9,rational_fit,1.4,0.02,0,1.26,0.14108419881379497,1.0,1.4,0.004210526315789474
rational_decay,70,0.02,0.02,4725.0,0.02,0,1.4,1.0,0,2.0,2.0,9,9,rational_fit,1.4,0.0,0,1.26,0.14108419881379497,1.0,1.4,0.004210526315789474
rational_decay,80,0.0,0.02,5225.0,0.02,0,1.38,1.0,0,6.0,3.0,9,9,pade_22,1.4,0.02,0,1.24,0.14068319630752932,1.0,1.4,0.003809523809523818
rational_decay,80,0.003,0.02,5225.0,0.02,0,1.36,1.0,0,5.0,3.0,9,9,rational_fit,1.4,0.04,0,1.24,0.14068319630752932,1.0,1.4,0.003809523809523818
rational_decay,80,0.005,0.02,5225.0,0.02,0,1.38,1.0,0,5.0,3.0,9,9,rational_fit,1.4,0.02,0,1.24,0.14068319630752932,1.0,1.4,0.003809523809523818
rational_decay,80,0.01,0.02,5225.0,0.02,0,1.36,1.0,0,5.0,3.0,9,9,rational_fit,1.4,0.04,0,1.24,0.14068319630752932,1.0,1.4,0.003809523809523818
rational_decay,80,0.02,0.02,5225.0,0.02,0,1.36,1.0,0,4.0,2.0,9,8,rational_fit,1.4,0.04,0,1.26,0.14068319630752932,1.0,1.4,0.003809523809523818
rational_decay,90,0.0,0.02,5725.0,0.019999999999999997,0,1.4,1.0,0,4.0,4.0,9,9,pade_22,1.4,0.0,0,1.24,0.1403519333675707,1.0,1.4,0.0034782608695652084
rational_decay,90,0.003,0.02,5725.0,0.019999999999999997,0,1.36,1.0,0,5.0,4.0,9,9,rational_fit,1.4,0.04,0,1.24,0.1403519333675707,1.0,1.4,0.0034782608695652084
rational_decay,90,0.005,0.02,5725.0,0.019999999999999997,0,1.4,1.0,0,3.0,3.0,9,9,rational_fit,1.4,0.0,0,1.24,0.1403519333675707,1.0,1.4,0.0034782608695652084
rational_decay,90,0.01,0.02,5725.0,0.019999999999999997,0,1.36,1.0,0,4.0,2.0,9,9,rational_fit,1.4,0.04,0,1.24,0.1403519333675707,1.0,1.4,0.0034782608695652084
rational_decay,90,0.02,0.02,5725.0,0.019999999999999997,0,1.4,1.0,0,1.0,1.0,9,8,richardson_1,1.4,0.0,1,1.24,0.1403519333675707,1.0,1.4,0.0034782608695652084
rational_decay,100,0.0,0.02,6225.0,0.02,0,1.4,1.0,0,4.0,4.0,9,9,rational_fit,1.4,0.0,0,1.24,0.1400736724980055,1.0,1.4,0.0031999999999999997
rational_decay,100,0.003,0.02,6225.0,0.02,0,1.4,1.0,0,4.0,4.0,9,9,rational_fit,1.4,0.0,0,1.24,0.1400736724980055,1.0,1.4,0.0031999999999999997
rational_decay,100,0.005,0.02,6225.0,0.02,0,1.4,1.0,0,3.0,3.0,9,9,rational_fit,1.4,0.0,0,1.24,0.1400736724980055,1.0,1.4,0.0031999999999999997
rational_decay,100,0.01,0.02,6225.0,0.02,0,1.38,1.0,0,4.0,2.0,9,8,rational_fit,1.4,0.02,0,1.24,0.1400736724980055,1.0,1.4,0.0031999999999999997
rational_decay,100,0.02,0.02,6225.0,0.02,0,1.38,1.0,0,2.0,1.0,9,9,richardson_a10,1.4,0.02,0,1.22,0.1400736724980055,1.0,1.4,0.0031999999999999997
rational_decay,110,0.0,0.02,6726.0,0.019997037475929492,0,1.4,1.0,0,4.0,4.0,9,9,pade_22,1.4,0.0,0,1.22,0.13983619656851357,1.0,1.4,0.0029625240705080658
rational_decay,110,0.003,0.02,6726.0,0.019997037475929492,0,1.4,1.0,0,4.0,4.0,9,9,rational_fit,1.4,0.0,0,1.22,0.13983619656851357,1.0,1.4,0.0029625240705080658
rational_decay,110,0.005,0.02,6726.0,0.019997037475929492,0,1.4,1.0,0,2.0,2.0,9,9,rational_fit,1.4,0.0,0,1.22,0.13983619656851357,1.0,1.4,0.0029625240705080658
rational_decay,110,0.01,0.02,6726.0,0.019997037475929492,0,1.34,1.0,0,4.0,2.0,9,9,rational_fit,1.4,0.06,0,1.22,0.13983619656851357,1.0,1.4,0.0029625240705080658
rational_decay,110,0.02,0.02,6726.0,0.019997037475929492,0,1.38,1.0,0,2.0,1.0,9,9,richardson_a10,1.4,0.02,0,1.16,0.13983619656851357,1.0,1.4,0.0029625240705080658
rational_decay,120,0.0,0.02,7225.0,0.02,0,1.4,1.0,0,4.0,4.0,9,9,pade_22,1.4,0.0,0,1.16,0.13963229318766068,1.0,1.4,0.002758620689655173
rational_decay,120,0.003,0.02,7225.0,0.02,0,1.4,1.0,0,4.0,4.0,9,9,rational_fit,1.4,0.0,0,1.18,0.13963229318766068,1.0,1.4,0.002758620689655173
rational_decay,120,0.005,0.02,7225.0,0.02,0,1.38,1.0,0,3.0,1.0,9,9,richardson_a10,1.4,0.02,0,1.18,0.13963229318766068,1.0,1.4,0.002758620689655173
rational_decay,120,0.01,0.02,7225.0,0.02,0,1.4,1.0,0,1.0,1.0,9,9,richardson_1,1.4,0.0,1,1.2,0.13963229318766068,1.0,1.4,0.002758620689655173
rational_decay,120,0.02,0.02,7225.0,0.02,0,1.34,1.0,0,2.0,1.0,9,9,richardson_a10,1.4,0.06,0,1.16,0.13963229318766068,1.0,1.4,0.002758620689655173
rational_decay,130,0.0,0.02,7725.0,0.02,0,1.4,1.0,0,4.0,4.0,9,9,pade_22,1.4,0.0,0,1.16,0.13945431765929583,1.0,1.4,0.0025806451612903226
rational_decay,130,0.003,0.02,7725.0,0.02,0,1.36,1.0,0,4.0,2.0,9,9,rational_fit,1.4,0.04,0,1.16,0.13945431765929583,1.0,1.4,0.0025806451612903226
rational_decay,130,0.005,0.02,7725.0,0.02,0,1.38,1.0,0,4.0,1.0,9,8,rational_fit,1.4,0.02,0,1.16,0.13945431765929583,1.0,1.4,0.0025806451612903226
rational_decay,130,0.01,0.02,7725.0,0.02,0,1.38,1.0,0,2.0,1.0,9,9,richardson_a10,1.4,0.02,0,1.16,0.13945431765929583,1.0,1.4,0.0025806451612903226
rational_decay,130,0.02,0.02,7725.0,0.02,0,1.36,1.0,0,2.0,3.0,9,9,richardson_a10,1.4,0.04,0,1.16,0.13945431765929583,1.0,1.4,0.0025806451612903226
rational_decay,140,0.0,0.02,8225.0,0.02,0,1.4,1.0,0,4.0,4.0,9,9,rational_fit,1.4,0.0,0,1.16,0.1392979149222479,1.0,1.4,0.0024242424242424242
rational_decay,140,0.003,0.02,8225.0,0.02,0,1.34,1.0,0,4.0,1.0,9,9,rational_fit,1.4,0.06,0,1.16,0.1392979149222479,1.0,1.4,0.0024242424242424242
rational_decay,140,0.005,0.02,8225.0,0.02,0,1.34,1.0,0,4.0,3.0,9,9,richardson_a10,1.4,0.06,0,1.16,0.1392979149222479,1.0,1.4,0.0024242424242424242
rational_decay,140,0.01,0.02,8225.0,0.02,0,1.32,1.0,0,3.0,4.0,9,9,richardson_a10,1.4,0.08,0,1.16,0.1392979149222479,1.0,1.4,0.0024242424242424242
rational_decay,140,0.02,0.02,8225.0,0.02,0,1.3,1.0,0,4.0,3.0,9,9,richardson_a10,1.4,0.1,0,1.16,0.1392979149222479,1.0,1.4,0.0024242424242424242
single_exp,20,0.0,0.02,118.0,0.019841094744370295,0,1.4,1.0,0,6.0,7.0,9,9,single_exp_fit,1.4,0.0,0,1.36,0.029965540457145314,1.0,1.4,0.006686383911329665
single_exp,20,0.003,0.02,118.0,0.019841094744370295,0,1.4,1.0,0,5.0,6.0,9,9,single_exp_fit,1.4,0.0,0,1.36,0.029965540457145314,1.0,1.4,0.006686383911329665
single_exp,20,0.005,0.02,118.0,0.019841094744370295,0,1.4,1.0,0,4.0,6.0,9,9,single_exp_fit,1.4,0.0,0,1.36,0.029965540457145314,1.0,1.4,0.006686383911329665
single_exp,20,0.01,0.02,118.0,0.019841094744370295,0,1.4,1.0,0,4.0,6.0,9,9,single_exp_fit,1.4,0.0,0,1.36,0.029965540457145314,1.0,1.4,0.006686383911329665
single_exp,20,0.02,0.02,118.0,0.019841094744370295,0,1.4,1.0,0,3.0,5.0,9,8,rational_fit,1.4,0.0,0,1.36,0.029965540457145314,1.0,1.4,0.006686383911329665
single_exp,30,0.0,0.02,128.0,0.019841094744370284,0,1.4,1.0,0,6.0,7.0,9,9,single_exp_fit,1.4,0.0,0,1.34,0.027761173717070105,1.0,1.4,0.004482017171254458
single_exp,30,0.003,0.02,128.0,0.019841094744370284,0,1.4,1.0,0,5.0,6.0,9,9,single_exp_fit,1.4,0.0,0,1.34,0.027761173717070105,1.0,1.4,0.004482017171254458
single_exp,30,0.005,0.02,128.0,0.019841094744370284,0,1.4,1.0,0,4.0,6.0,9,9,single_exp_fit,1.4,0.0,0,1.34,0.027761173717070105,1.0,1.4,0.004482017171254458
single_exp,30,0.01,0.02,128.0,0.019841094744370284,0,1.4,1.0,0,4.0,6.0,9,9,single_exp_fit,1.4,0.0,0,1.34,0.027761173717070105,1.0,1.4,0.004482017171254458
single_exp,30,0.02,0.02,128.0,0.019841094744370284,0,1.4,1.0,0,4.0,5.0,9,9,single_exp_fit,1.4,0.0,0,1.34,0.027761173717070105,1.0,1.4,0.004482017171254458
single_exp,40,0.0,0.02,138.0,0.01984109474437028,0,1.18,1.0,0,7.0,8.0,9,9,single_exp_fit,1.4,0.22,0,1.3,0.02628354250238346,1.0,1.4,0.003004385956567813
single_exp,40,0.003,0.02,138.0,0.01984109474437028,0,1.18,1.0,0,5.0,6.0,9,9,single_exp_fit,1.4,0.22,0,1.3,0.02628354250238346,1.0,1.4,0.003004385956567813
single_exp,40,0.005,0.02,138.0,0.01984109474437028,0,1.18,1.0,0,6.0,7.0,9,9,single_exp_fit,1.4,0.22,0,1.3,0.02628354250238346,1.0,1.4,0.003004385956567813
single_exp,40,0.01,0.02,138.0,0.01984109474437028,0,1.22,1.0,0,6.0,7.0,9,9,single_exp_fit,1.4,0.18,0,1.3,0.02628354250238346,1.0,1.4,0.003004385956567813
single_exp,40,0.02,0.02,138.0,0.01984109474437028,0,1.24,1.0,0,6.0,7.0,9,9,single_exp_fit,1.4,0.16,0,1.3,0.02628354250238346,1.0,1.4,0.003004385956567813
single_exp,50,0.0,0.02,148.0,0.019841094744370288,0,1.12,1.0,0,7.0,8.0,9,9,single_exp_fit,1.4,0.28,0,1.26,0.025293056678531014,1.0,1.4,0.0020139001327153655
single_exp,50,0.003,0.02,148.0,0.019841094744370288,0,1.12,1.0,0,6.0,7.0,9,9,single_exp_fit,1.4,0.28,0,1.26,0.025293056678531014,1.0,1.4,0.0020139001327153655
single_exp,50,0.005,0.02,148.0,0.019841094744370288,0,1.12,1.0,0,6.0,7.0,9,9,single_exp_fit,1.4,0.28,0,1.26,0.025293056678531014,1.0,1.4,0.0020139001327153655
single_exp,50,0.01,0.02,148.0,0.019841094744370288,0,1.1,1.0,0,6.0,7.0,9,9,single_exp_fit,1.4,0.3,0,1.26,0.025293056678531014,1.0,1.4,0.0020139001327153655
single_exp,50,0.02,0.02,148.0,0.019841094744370288,0,1.12,1.0,0,6.0,7.0,9,9,single_exp_fit,1.4,0.28,0,1.16,0.025293056678531014,1.0,1.4,0.0020139001327153655
single_exp,60,0.0,0.02,158.0,0.019841094744370277,0,1.1,1.0,0,6.0,8.0,9,9,single_exp_fit,1.4,0.3,0,1.02,0.024629114175488593,1.0,1.4,0.0013499576296729428
single_exp,60,0.003,0.02,158.0,0.019841094744370277,0,1.08,1.0,0,5.0,7.0,9,9,single_exp_fit,1.4,0.32,0,1.04,0.024629114175488593,1.0,1.4,0.0013499576296729428
single_exp,60,0.005,0.02,158.0,0.019841094744370277,0,1.08,1.0,0,5.0,7.0,9,9,single_exp_fit,1.4,0.32,0,1.02,0.024629114175488593,1.0,1.4,0.0013499576296729428
single_exp,60,0.01,0.02,158.0,0.019841094744370277,0,1.1,1.0,0,5.0,7.0,9,9,single_exp_fit,1.4,0.3,0,1.04,0.024629114175488593,1.0,1.4,0.0013499576296729428
single_exp,60,0.02,0.02,158.0,0.019841094744370277,0,1.04,1.0,0,5.0,7.0,9,9,single_exp_fit,1.4,0.36,0,0.84,0.024629114175488593,1.0,1.4,0.0013499576296729428
single_exp,70,0.0,0.02,168.0,0.019841094744370295,0,1.32,1.0,0,5.0,7.0,9,9,single_exp_fit,1.4,0.08,0,0.92,0.024184060206284178,1.0,1.4,0.0009049036604685291
single_exp,70,0.003,0.02,168.0,0.019841094744370295,0,1.32,1.0,0,3.0,5.0,9,9,single_exp_fit,1.4,0.08,0,0.92,0.024184060206284178,1.0,1.4,0.0009049036604685291
single_exp,70,0.005,0.02,168.0,0.019841094744370295,0,1.3,1.0,0,4.0,5.0,9,9,single_exp_fit,1.4,0.1,0,0.92,0.024184060206284178,1.0,1.4,0.0009049036604685291
single_exp,70,0.01,0.02,168.0,0.019841094744370295,0,1.3,1.0,0,4.0,5.0,9,9,single_exp_fit,1.4,0.1,0,0.92,0.024184060206284178,1.0,1.4,0.0009049036604685291
single_exp,70,0.02,0.02,168.0,0.019841094744370295,0,1.04,1.0,0,4.0,5.0,9,9,single_exp_fit,1.26,0.22,0,0.78,0.024184060206284178,1.0,1.38,0.0009049036604685291
single_exp,80,0.0,0.02,178.0,0.019841094744370288,0,1.16,1.0,0,6.0,8.0,9,9,single_exp_fit,1.4,0.24,0,0.72,0.02388573160915873,1.0,1.4,0.0006065750633430823
single_exp,80,0.003,0.02,178.0,0.019841094744370288,0,1.18,1.0,0,5.0,5.0,9,9,single_exp_fit,1.4,0.22,0,0.72,0.02388573160915873,1.0,1.4,0.0006065750633430823
single_exp,80,0.005,0.02,178.0,0.019841094744370288,0,1.18,1.0,0,5.0,7.0,9,9,single_exp_fit,1.4,0.22,0,0.72,0.02388573160915873,1.0,1.4,0.0006065750633430823
single_exp,80,0.01,0.02,178.0,0.019841094744370288,0,1.08,1.0,0,5.0,5.0,9,9,single_exp_fit,1.38,0.3,0,0.72,0.02388573160915873,1.0,1.4,0.0006065750633430823
single_exp,80,0.02,0.02,178.0,0.019841094744370288,0,0.86,1.0,0,5.0,6.0,9,9,single_exp_fit,1.04,0.18,0,0.46,0.02388573160915873,1.0,1.4,0.0006065750633430823
single_exp,90,0.0,0.02,188.0,0.01984109474437028,0,1.12,1.0,0,5.0,6.0,9,9,single_exp_fit,1.4,0.28,0,0.46,0.023685755970199854,1.0,1.4,0.0004065994243842054
single_exp,90,0.003,0.02,188.0,0.01984109474437028,0,1.1,1.0,0,4.0,5.0,9,9,single_exp_fit,1.4,0.3,0,0.44,0.023685755970199854,1.0,1.4,0.0004065994243842054
single_exp,90,0.005,0.02,188.0,0.01984109474437028,0,1.12,1.0,0,3.0,5.0,9,9,single_exp_fit,1.4,0.28,0,0.46,0.023685755970199854,1.0,1.4,0.0004065994243842054
single_exp,90,0.01,0.02,188.0,0.01984109474437028,0,0.88,1.0,0,5.0,5.0,9,9,single_exp_fit,1.24,0.36,0,0.38,0.023685755970199854,1.0,1.4,0.0004065994243842054
single_exp,90,0.02,0.02,188.0,0.01984109474437028,0,1.08,1.0,0,2.0,4.0,9,8,single_exp_fit,1.3,0.22,0,0.56,0.023685755970199854,1.0,1.4,0.0004065994243842054
single_exp,100,0.0,0.02,198.0,0.01984109474437029,0,1.08,1.0,0,4.0,6.0,9,9,single_exp_fit,1.4,0.32,0,0.24,0.023551708290686934,1.0,1.4,0.00027255174487128553
single_exp,100,0.003,0.02,198.0,0.01984109474437029,0,1.12,1.0,0,3.0,5.0,9,9,single_exp_fit,1.4,0.28,0,0.34,0.023551708290686934,1.0,1.4,0.00027255174487128553
single_exp,100,0.005,0.02,198.0,0.01984109474437029,0,0.7,1.0,0,6.0,5.0,9,9,single_exp_fit,1.38,0.68,0,0.32,0.023551708290686934,1.0,1.4,0.00027255174487128553
single_exp,100,0.01,0.02,198.0,0.01984109474437029,0,0.7,1.0,0,4.0,4.0,9,9,single_exp_fit,1.1,0.4,0,0.04,0.023551708290686934,1.0,1.4,0.00027255174487128553
single_exp,100,0.02,0.02,198.0,0.01984109474437029,0,0.9,1.0,0,3.0,2.0,9,7,single_exp_fit,1.16,0.26,0,0.44,0.023551708290686934,1.0,1.4,0.00027255174487128553
single_exp,110,0.0,0.02,208.0,0.01984109474437029,0,1.12,1.0,0,4.0,5.0,9,9,single_exp_fit,1.4,0.28,0,0.24,0.023461853443984864,1.0,1.4,0.00018269689816921564
single_exp,110,0.003,0.02,208.0,0.01984109474437029,0,0.84,1.0,0,5.0,3.0,9,9,single_exp_fit,1.4,0.56,0,0.1,0.023461853443984864,1.0,1.4,0.00018269689816921564
single_exp,110,0.005,0.02,208.0,0.01984109474437029,0,0.84,1.0,0,4.0,4.0,9,9,single_exp_fit,1.26,0.42,0,0.18,0.023461853443984864,1.0,1.28,0.00018269689816921564
single_exp,110,0.01,0.02,208.0,0.01984109474437029,0,0.42,1.0,0,4.0,3.0,9,7,single_exp_fit,1.0,0.58,0,0.08,0.023461853443984864,1.0,1.4,0.00018269689816921564
single_exp,110,0.02,0.02,208.0,0.01984109474437029,0,1.08,1.0,0,2.0,2.0,9,8,single_exp_fit,1.26,0.18,0,0.24,0.023461853443984864,1.0,1.4,0.00018269689816921564
single_exp,120,0.0,0.02,218.0,0.019841094744370267,0,1.2,1.0,0,4.0,3.0,9,9,single_exp_fit,1.4,0.2,0,0.18,0.023401621939007005,1.0,1.4,0.00012246539319135663
single_exp,120,0.003,0.02,218.0,0.019841094744370267,0,0.96,1.0,0,5.0,2.0,9,9,single_exp_fit,1.38,0.42,0,0.1,0.023401621939007005,1.0,1.4,0.00012246539319135663
single_exp,120,0.005,0.02,218.0,0.019841094744370267,0,0.86,1.0,0,4.0,2.0,9,9,single_exp_fit,1.34,0.48,0,0.02,0.023401621939007005,1.0,1.4,0.00012246539319135663
single_exp,120,0.01,0.02,218.0,0.019841094744370267,0,0.68,1.0,0,4.0,2.0,9,8,single_exp_fit,1.06,0.38,0,0.02,0.023401621939007005,1.0,1.4,0.00012246539319135663
single_exp,120,0.02,0.02,218.0,0.019841094744370267,0,0.82,1.0,0,4.0,2.0,9,8,single_exp_fit,1.24,0.42,0,0.28,0.023401621939007005,1.0,1.4,0.00012246539319135663
single_exp,130,0.0,0.02,228.0,0.01984109474437027,0,1.16,1.0,0,4.0,6.0,9,9,single_exp_fit,1.4,0.24,0,-0.2,0.023361247553817452,1.0,1.4,8.209100800180263e-05
single_exp,130,0.003,0.02,228.0,0.01984109474437027,0,0.62,1.0,0,4.0,5.0,9,9,single_exp_fit,1.08,0.46,0,-0.04,0.023361247553817452,1.0,1.4,8.209100800180263e-05
single_exp,130,0.005,0.02,228.0,0.01984109474437027,0,0.92,1.0,0,5.0,5.0,9,9,single_exp_fit,1.28,0.36,0,-0.14,0.023361247553817452,1.0,1.4,8.209100800180263e-05
single_exp,130,0.01,0.02,228.0,0.01984109474437027,0,0.4,1.0,0,4.0,5.0,9,8,current_value,1.0,0.6,0,-0.26,0.023361247553817452,1.0,1.4,8.209100800180263e-05
single_exp,130,0.02,0.02,228.0,0.01984109474437027,0,0.88,1.0,0,3.0,3.0,9,8,single_exp_fit,1.1,0.22,0,0.3,0.023361247553817452,1.0,1.4,8.209100800180263e-05
single_exp,140,0.0,0.02,238.0,0.019841094744370305,0,0.24,1.0,0,6.0,6.0,9,9,single_exp_fit,1.4,1.16,0,-0.3,0.02333418379407853,1.0,1.4,5.50272482628799e-05
single_exp,140,0.003,0.02,238.0,0.019841094744370305,0,0.6,1.0,0,4.0,5.0,9,9,single_exp_fit,1.04,0.44,0,-0.48,0.02333418379407853,1.0,1.4,5.50272482628799e-05
single_exp,140,0.005,0.02,238.0,0.019841094744370305,0,0.44,1.0,0,4.0,5.0,9,8,current_value,1.0,0.56,0,-0.28,0.02333418379407853,1.0,1.4,5.50272482628799e-05
single_exp,140,0.01,0.02,238.0,0.019841094744370305,0,1.26,1.0,0,3.0,4.0,9,8,single_exp_fit,1.28,0.02,0,0.16,0.02333418379407853,1.0,1.4,5.50272482628799e-05
single_exp,140,0.02,0.02,238.0,0.019841094744370305,0,1.14,1.0,0,3.0,3.0,9,8,single_exp_fit,1.3,0.16,0,0.44,0.02333418379407853,1.0,1.4,5.50272482628799e-05
slow_osc_power,20,0.0,0.02,6101.0,0.019993889560250683,0,1.4,1.0,0,1.0,1.0,9,9,richardson_1,1.4,0.0,1,1.1,0.08465802927764657,1.0,1.4,0.0018718264943850607
slow_osc_power,20,0.003,0.02,6101.0,0.019993889560250683,0,1.4,1.0,0,1.0,1.0,9,9,richardson_1,1.4,0.0,1,1.1,0.08465802927764657,1.0,1.4,0.0018718264943850607
slow_osc_power,20,0.005,0.02,6101.0,0.019993889560250683,0,1.4,1.0,0,1.0,1.0,9,9,richardson_1,1.4,0.0,1,1.0,0.08465802927764657,1.0,1.4,0.0018718264943850607
slow_osc_power,20,0.01,0.02,6101.0,0.019993889560250683,0,1.4,1.0,0,1.0,1.0,9,9,richardson_1,1.4,0.0,1,0.9,0.08465802927764657,1.0,1.4,0.0018718264943850607
slow_osc_power,20,0.02,0.02,6101.0,0.019993889560250683,0,1.4,1.0,0,1.0,1.0,9,9,richardson_1,1.4,0.0,1,0.9,0.08465802927764657,1.0,1.4,0.0018718264943850607
slow_osc_power,30,0.0,0.02,7074.0,0.01998444471412329,0,1.4,1.0,0,2.0,2.0,9,9,pade_22,1.4,0.0,0,1.0,0.08457054790496504,1.0,1.4,0.001784345121703554
slow_osc_power,30,0.003,0.02,7074.0,0.01998444471412329,0,1.4,1.0,0,1.0,1.0,9,9,richardson_1,1.4,0.0,1,1.0,0.08457054790496504,1.0,1.4,0.001784345121703554
slow_osc_power,30,0.005,0.02,7074.0,0.01998444471412329,0,1.4,1.0,0,1.0,1.0,9,9,richardson_1,1.4,0.0,1,0.9,0.08457054790496504,1.0,1.4,0.001784345121703554
slow_osc_power,30,0.01,0.02,7074.0,0.01998444471412329,0,1.4,1.0,0,2.0,2.0,9,9,pade_22,1.4,0.0,0,0.9,0.08457054790496504,1.0,1.4,0.001784345121703554
slow_osc_power,30,0.02,0.02,7074.0,0.01998444471412329,0,1.4,1.0,0,1.0,2.0,9,9,richardson_1,1.4,0.0,1,1.0,0.08457054790496504,1.0,1.4,0.001784345121703554
slow_osc_power,40,0.0,0.02,8207.0,0.019987082757404396,0,1.4,1.0,0,1.0,2.0,9,9,richardson_1,1.4,0.0,1,0.9,0.08434871531442305,1.0,1.4,0.0015625125311615543
slow_osc_power,40,0.003,0.02,8207.0,0.019987082757404396,0,1.4,1.0,0,1.0,2.0,9,9,richardson_1,1.4,0.0,1,0.9,0.08434871531442305,1.0,1.4,0.0015625125311615543
slow_osc_power,40,0.005,0.02,8207.0,0.019987082757404396,0,1.4,1.0,0,1.0,2.0,9,9,richardson_1,1.4,0.0,1,0.8,0.08434871531442305,1.0,1.4,0.0015625125311615543
slow_osc_power,40,0.01,0.02,8207.0,0.019987082757404396,0,1.4,1.0,0,2.0,3.0,9,9,pade_22,1.4,0.0,0,0.78,0.08434871531442305,1.0,1.4,0.0015625125311615543
slow_osc_power,40,0.02,0.02,8207.0,0.019987082757404396,0,1.38,1.0,0,1.0,2.0,9,9,richardson_1,1.38,0.0,1,0.66,0.08434871531442305,1.0,1.4,0.0015625125311615543
slow_osc_power,50,0.0,0.02,10719.0,0.01999530978171582,0,1.4,1.0,0,1.0,1.0,9,9,richardson_1,1.4,0.0,1,0.68,0.08405050322778335,1.0,1.4,0.0012643004445218459
slow_osc_power,50,0.003,0.02,10719.0,0.01999530978171582,0,1.4,1.0,0,1.0,1.0,9,9,richardson_1,1.4,0.0,1,0.58,0.08405050322778335,1.0,1.4,0.0012643004445218459
slow_osc_power,50,0.005,0.02,10719.0,0.01999530978171582,0,1.4,1.0,0,1.0,1.0,9,9,richardson_1,1.4,0.0,1,0.48,0.08405050322778335,1.0,1.4,0.0012643004445218459
slow_osc_power,50,0.01,0.02,10719.0,0.01999530978171582,0,1.36,1.0,0,2.0,3.0,9,9,pade_22,1.4,0.04,0,0.46,0.08405050322778335,1.0,1.4,0.0012643004445218459
slow_osc_power,50,0.02,0.02,10719.0,0.01999530978171582,0,1.24,1.0,0,1.0,1.0,9,9,richardson_1,1.24,0.0,1,0.7,0.08405050322778335,1.0,1.4,0.0012643004445218459
slow_osc_power,60,0.0,0.02,16487.0,0.01999440505452484,0,1.4,1.0,0,2.0,2.0,9,9,pade_22,1.4,0.0,0,0.24,0.08376403199051895,1.0,1.4,0.0009778292072574538
slow_osc_power,60,0.003,0.02,16487.0,0.01999440505452484,0,1.4,1.0,0,2.0,2.0,9,9,pade_22,1.4,0.0,0,0.24,0.08376403199051895,1.0,1.4,0.0009778292072574538
slow_osc_power,60,0.005,0.02,16487.0,0.01999440505452484,0,1.38,1.0,0,2.0,2.0,9,9,pade_22,1.4,0.02,0,0.24,0.08376403199051895,1.0,1.4,0.0009778292072574538
slow_osc_power,60,0.01,0.02,16487.0,0.01999440505452484,0,1.34,1.0,0,2.0,2.0,9,9,pade_22,1.4,0.06,0,0.44,0.08376403199051895,1.0,1.4,0.0009778292072574538
slow_osc_power,60,0.02,0.02,16487.0,0.01999440505452484,0,1.28,1.0,0,1.0,1.0,9,9,richardson_1,1.28,0.0,1,0.34,0.08376403199051895,1.0,1.4,0.0009778292072574538
slow_osc_power,70,0.0,0.02,23641.0,0.019996082256482587,0,1.2,1.0,0,2.0,4.0,9,9,anderson_1,1.4,0.2,0,0.24,0.0835440092806397,1.0,1.4,0.0007578064973782009
slow_osc_power,70,0.003,0.02,23641.0,0.019996082256482587,0,1.18,1.0,0,2.0,3.0,9,9,anderson_1,1.26,0.08,0,0.24,0.0835440092806397,1.0,1.4,0.0007578064973782009
slow_osc_power,70,0.005,0.02,23641.0,0.019996082256482587,0,1.16,1.0,0,2.0,3.0,9,9,anderson_1,1.22,0.06,0,0.24,0.0835440092806397,1.0,1.4,0.0007578064973782009
slow_osc_power,70,0.01,0.02,23641.0,0.019996082256482587,0,0.98,1.0,0,4.0,4.0,9,9,anderson_1,1.16,0.18,0,0.24,0.0835440092806397,1.0,1.4,0.0007578064973782009
slow_osc_power,70,0.02,0.02,23641.0,0.019996082256482587,0,0.86,1.0,0,4.0,4.0,9,9,anderson_1,1.24,0.38,0,0.24,0.0835440092806397,1.0,1.4,0.0007578064973782009
slow_osc_power,80,0.0,0.02,32012.0,0.019997515579181474,0,0.24,1.0,0,5.0,5.0,9,9,richardson_a10,1.4,1.16,0,0.24,0.08340749859233637,1.0,1.4,0.0006212958090748757
slow_osc_power,80,0.003,0.02,32012.0,0.019997515579181474,0,0.44,1.0,0,4.0,4.0,9,9,richardson_a10,1.4,0.96,0,0.24,0.08340749859233637,1.0,1.4,0.0006212958090748757
slow_osc_power,80,0.005,0.02,32012.0,0.019997515579181474,0,0.44,1.0,0,4.0,4.0,9,9,richardson_a10,1.4,0.96,0,0.24,0.08340749859233637,1.0,1.4,0.0006212958090748757
slow_osc_power,80,0.01,0.02,32012.0,0.019997515579181474,0,0.74,1.0,0,4.0,5.0,9,9,richardson_a10,1.4,0.66,0,0.24,0.08340749859233637,1.0,1.4,0.0006212958090748757
slow_osc_power,80,0.02,0.02,32012.0,0.019997515579181474,0,0.56,1.0,0,5.0,6.0,9,9,richardson_a10,1.34,0.78,0,0.26,0.08340749859233637,1.0,1.4,0.0006212958090748757
slow_osc_power,90,0.0,0.02,39003.0,0.01999670206152793,0,0.24,1.0,0,7.0,7.0,9,9,single_exp_fit,1.4,1.16,0,0.24,0.08334684983126137,1.0,1.4,0.0005606470479998585
slow_osc_power,90,0.003,0.02,39003.0,0.01999670206152793,0,0.24,1.0,0,6.0,6.0,9,8,single_exp_fit,1.4,1.16,0,0.24,0.08334684983126137,1.0,1.4,0.0005606470479998585
slow_osc_power,90,0.005,0.02,39003.0,0.01999670206152793,0,0.34,1.0,0,6.0,6.0,9,8,single_exp_fit,1.4,1.06,0,0.24,0.08334684983126137,1.0,1.4,0.0005606470479998585
slow_osc_power,90,0.01,0.02,39003.0,0.01999670206152793,0,0.44,1.0,0,6.0,6.0,9,9,richardson_a10,1.38,0.94,0,0.14,0.08334684983126137,1.0,1.4,0.0005606470479998585
slow_osc_power,90,0.02,0.02,39003.0,0.01999670206152793,0,0.52,1.0,0,6.0,4.0,9,9,richardson_a10,1.24,0.72,0,0.04,0.08334684983126137,1.0,1.4,0.0005606470479998585
slow_osc_power,100,0.0,0.02,39030.0,0.019994640879653986,0,1.4,1.0,0,1.0,1.0,9,9,richardson_1,1.4,0.0,1,0.24,0.08334186400294019,1.0,1.4,0.0005556612196786978
slow_osc_power,100,0.003,0.02,39030.0,0.019994640879653986,0,1.4,1.0,0,1.0,1.0,9,9,richardson_1,1.4,0.0,1,0.24,0.08334186400294019,1.0,1.4,0.0005556612196786978
slow_osc_power,100,0.005,0.02,39030.0,0.019994640879653986,0,1.4,1.0,0,1.0,1.0,9,9,richardson_1,1.4,0.0,1,0.14,0.08334186400294019,1.0,1.4,0.0005556612196786978
slow_osc_power,100,0.01,0.02,39030.0,0.019994640879653986,0,1.24,1.0,0,4.0,1.0,9,9,richardson_a10,1.4,0.16,0,0.24,0.08334186400294019,1.0,1.4,0.0005556612196786978
slow_osc_power,100,0.02,0.02,39030.0,0.019994640879653986,0,0.92,1.0,0,4.0,1.0,9,8,richardson_a10,1.14,0.22,0,0.1,0.08334186400294019,1.0,1.4,0.0005556612196786978
slow_osc_power,110,0.0,0.02,36570.0,0.01999579003713766,0,1.4,1.0,0,1.0,1.0,9,9,richardson_1,1.4,0.0,1,0.24,0.08336896779093922,1.0,1.4,0.000582765007677729
slow_osc_power,110,0.003,0.02,36570.0,0.01999579003713766,0,1.4,1.0,0,1.0,1.0,9,9,richardson_1,1.4,0.0,1,0.24,0.08336896779093922,1.0,1.4,0.000582765007677729
slow_osc_power,110,0.005,0.02,36570.0,0.01999579003713766,0,1.4,1.0,0,1.0,1.0,9,9,richardson_1,1.4,0.0,1,0.24,0.08336896779093922,1.0,1.4,0.000582765007677729
slow_osc_power,110,0.01,0.02,36570.0,0.01999579003713766,0,1.36,1.0,0,1.0,1.0,9,9,richardson_1,1.36,0.0,1,0.24,0.08336896779093922,1.0,1.4,0.000582765007677729
slow_osc_power,110,0.02,0.02,36570.0,0.01999579003713766,0,1.0,1.0,0,2.0,2.0,9,8,richardson_a10,1.22,0.22,0,0.1,0.08336896779093922,1.0,1.4,0.000582765007677729
slow_osc_power,120,0.0,0.02,32020.0,0.019999395467564567,0,1.4,1.0,0,3.0,3.0,9,9,rational_fit,1.4,0.0,0,0.24,0.08340676405141366,1.0,1.4,0.0006205612681521658
slow_osc_power,120,0.003,0.02,32020.0,0.019999395467564567,0,1.4,1.0,0,3.0,3.0,9,9,rational_fit,1.4,0.0,0,0.24,0.08340676405141366,1.0,1.4,0.0006205612681521658
slow_osc_power,120,0.005,0.02,32020.0,0.019999395467564567,0,1.4,1.0,0,3.0,3.0,9,9,rational_fit,1.4,0.0,0,0.24,0.08340676405141366,1.0,1.4,0.0006205612681521658
slow_osc_power,120,0.01,0.02,32020.0,0.019999395467564567,0,1.4,1.0,0,3.0,3.0,9,9,rational_fit,1.4,0.0,0,0.24,0.08340676405141366,1.0,1.4,0.0006205612681521658
slow_osc_power,120,0.02,0.02,32020.0,0.019999395467564567,0,1.1,1.0,0,3.0,3.0,9,9,richardson_a10,1.32,0.22,0,0.22,0.08340676405141366,1.0,1.4,0.0006205612681521658
slow_osc_power,130,0.0,0.02,29788.0,0.01999846277021649,0,1.4,1.0,0,4.0,4.0,9,9,log_linear,1.4,0.0,0,0.24,0.08343887339761077,1.0,1.4,0.0006526706143492695
slow_osc_power,130,0.003,0.02,29788.0,0.01999846277021649,0,1.36,1.0,0,4.0,4.0,9,9,rational_fit,1.38,0.02,0,0.24,0.08343887339761077,1.0,1.4,0.0006526706143492695
slow_osc_power,130,0.005,0.02,29788.0,0.01999846277021649,0,1.36,1.0,0,4.0,4.0,9,9,richardson_a10,1.4,0.04,0,0.24,0.08343887339761077,1.0,1.4,0.0006526706143492695
slow_osc_power,130,0.01,0.02,29788.0,0.01999846277021649,0,1.22,1.0,0,5.0,4.0,9,9,rational_fit,1.28,0.06,0,0.22,0.08343887339761077,1.0,1.4,0.0006526706143492695
slow_osc_power,130,0.02,0.02,29788.0,0.01999846277021649,0,1.08,1.0,0,5.0,3.0,9,8,richardson_a10,1.26,0.18,0,0.14,0.08343887339761077,1.0,1.4,0.0006526706143492695
slow_osc_power,140,0.0,0.02,29708.0,0.019993589276371432,0,1.0,1.0,0,7.0,7.0,9,9,rational_fit,1.4,0.4,0,0.24,0.0834552403578547,1.0,1.4,0.0006690375745932106
slow_osc_power,140,0.003,0.02,29708.0,0.019993589276371432,0,1.0,1.0,0,7.0,7.0,9,9,single_exp_fit,1.36,0.36,0,0.24,0.0834552403578547,1.0,1.4,0.0006690375745932106
slow_osc_power,140,0.005,0.02,29708.0,0.019993589276371432,0,1.0,1.0,0,7.0,7.0,9,9,single_exp_fit,1.28,0.28,0,0.24,0.0834552403578547,1.0,1.4,0.0006690375745932106
slow_osc_power,140,0.01,0.02,29708.0,0.019993589276371432,0,1.06,1.0,0,6.0,7.0,9,9,pade_22,1.32,0.26,0,0.24,0.0834552403578547,1.0,1.4,0.0006690375745932106
slow_osc_power,140,0.02,0.02,29708.0,0.019993589276371432,0,0.72,1.0,0,7.0,7.0,9,8,rational_fit,1.18,0.46,0,0.26,0.0834552403578547,1.0,1.4,0.0006690375745932106
staircase,20,0.0,0.02,320.0,0.0,0,1.0,1.0,0,5.0,5.0,9,8,single_exp_fit,1.4,0.4,0,1.4,0.04143899221731205,1.0,1.4,0.0
staircase,20,0.003,0.02,320.0,0.0,0,1.0,1.0,0,6.0,6.0,9,9,weniger_d2,1.4,0.4,0,1.4,0.04143899221731205,1.0,1.4,0.0
staircase,20,0.005,0.02,320.0,0.0,0,1.0,1.0,0,6.0,6.0,9,9,weniger_d2,1.4,0.4,0,1.4,0.04143899221731205,1.0,1.4,0.0
staircase,20,0.01,0.02,320.0,0.0,0,1.0,1.0,0,6.0,6.0,9,9,weniger_d2,1.4,0.4,0,1.4,0.04143899221731205,1.0,1.4,0.0
staircase,20,0.02,0.02,320.0,0.0,0,1.0,1.0,0,6.0,6.0,9,9,weniger_d2,1.4,0.4,0,1.4,0.04143899221731205,1.0,1.4,0.0
staircase,30,0.0,0.02,320.0,0.0,0,1.4,1.0,0,4.0,4.0,9,8,single_exp_fit,1.4,0.0,0,1.4,0.04143899221731205,1.0,1.4,0.0
staircase,30,0.003,0.02,320.0,0.0,0,1.4,1.0,0,5.0,5.0,9,9,single_exp_fit,1.4,0.0,0,1.4,0.04143899221731205,1.0,1.4,0.0
staircase,30,0.005,0.02,320.0,0.0,0,1.4,1.0,0,5.0,5.0,9,9,single_exp_fit,1.4,0.0,0,1.4,0.04143899221731205,1.0,1.4,0.0
staircase,30,0.01,0.02,320.0,0.0,0,1.4,1.0,0,5.0,5.0,9,9,single_exp_fit,1.4,0.0,0,1.4,0.04143899221731205,1.0,1.4,0.0
staircase,30,0.02,0.02,320.0,0.0,0,1.4,1.0,0,5.0,5.0,9,9,single_exp_fit,1.4,0.0,0,1.4,0.04143899221731205,1.0,1.4,0.0
staircase,40,0.0,0.02,320.0,0.0,0,1.0,1.0,0,5.0,5.0,9,8,single_exp_fit,1.4,0.4,0,1.4,0.04143899221731205,1.0,1.4,0.0
staircase,40,0.003,0.02,320.0,0.0,0,1.0,1.0,0,6.0,6.0,9,9,single_exp_fit,1.4,0.4,0,1.4,0.04143899221731205,1.0,1.4,0.0
staircase,40,0.005,0.02,320.0,0.0,0,1.0,1.0,0,6.0,6.0,9,9,single_exp_fit,1.4,0.4,0,1.4,0.04143899221731205,1.0,1.4,0.0
staircase,40,0.01,0.02,320.0,0.0,0,1.0,1.0,0,6.0,6.0,9,9,single_exp_fit,1.4,0.4,0,1.4,0.04143899221731205,1.0,1.4,0.0
staircase,40,0.02,0.02,320.0,0.0,0,1.0,1.0,0,6.0,6.0,9,9,single_exp_fit,1.4,0.4,0,1.4,0.04143899221731205,1.0,1.4,0.0
staircase,50,0.0,0.02,320.0,0.0,0,1.4,1.0,0,4.0,4.0,9,8,single_exp_fit,1.4,0.0,0,1.4,0.04143899221731205,1.0,1.4,0.0
staircase,50,0.003,0.02,320.0,0.0,0,1.4,1.0,0,5.0,5.0,9,9,single_exp_fit,1.4,0.0,0,1.4,0.04143899221731205,1.0,1.4,0.0
staircase,50,0.005,0.02,320.0,0.0,0,1.4,1.0,0,5.0,5.0,9,9,single_exp_fit,1.4,0.0,0,1.4,0.04143899221731205,1.0,1.4,0.0
staircase,50,0.01,0.02,320.0,0.0,0,1.4,1.0,0,5.0,5.0,9,9,single_exp_fit,1.4,0.0,0,1.4,0.04143899221731205,1.0,1.4,0.0
staircase,50,0.02,0.02,320.0,0.0,0,1.38,1.0,0,5.0,5.0,9,9,single_exp_fit,1.4,0.02,0,1.4,0.04143899221731205,1.0,1.4,0.0
staircase,60,0.0,0.02,320.0,0.0,0,1.4,1.0,0,4.0,4.0,9,8,single_exp_fit,1.4,0.0,0,1.4,0.04143899221731205,1.0,1.4,0.0
staircase,60,0.003,0.02,320.0,0.0,0,1.4,1.0,0,5.0,5.0,9,9,single_exp_fit,1.4,0.0,0,1.4,0.04143899221731205,1.0,1.4,0.0
staircase,60,0.005,0.02,320.0,0.0,0,1.4,1.0,0,5.0,5.0,9,9,single_exp_fit,1.4,0.0,0,1.4,0.04143899221731205,1.0,1.4,0.0
staircase,60,0.01,0.02,320.0,0.0,0,1.4,1.0,0,5.0,5.0,9,9,single_exp_fit,1.4,0.0,0,1.4,0.04143899221731205,1.0,1.4,0.0
staircase,60,0.02,0.02,320.0,0.0,0,1.4,1.0,0,5.0,5.0,9,9,single_exp_fit,1.4,0.0,0,1.4,0.04143899221731205,1.0,1.4,0.0
staircase,70,0.0,0.02,320.0,0.0,0,1.4,1.0,0,4.0,4.0,9,8,single_exp_fit,1.4,0.0,0,1.36,0.04143899221731205,1.0,1.4,0.0
staircase,70,0.003,0.02,320.0,0.0,0,1.4,1.0,0,4.0,5.0,9,9,single_exp_fit,1.4,0.0,0,1.36,0.04143899221731205,1.0,1.4,0.0
staircase,70,0.005,0.02,320.0,0.0,0,1.4,1.0,0,4.0,5.0,9,9,single_exp_fit,1.4,0.0,0,1.36,0.04143899221731205,1.0,1.4,0.0
staircase,70,0.01,0.02,320.0,0.0,0,1.4,1.0,0,4.0,5.0,9,9,single_exp_fit,1.4,0.0,0,1.36,0.04143899221731205,1.0,1.4,0.0
staircase,70,0.02,0.02,320.0,0.0,0,1.4,1.0,0,4.0,5.0,9,9,single_exp_fit,1.4,0.0,0,1.36,0.04143899221731205,1.0,1.4,0.0
staircase,80,0.0,0.02,320.0,0.0,0,1.4,1.0,0,4.0,4.0,9,8,single_exp_fit,1.4,0.0,0,1.36,0.04143899221731205,1.0,1.4,0.0
staircase,80,0.003,0.02,320.0,0.0,0,1.4,1.0,0,4.0,5.0,9,9,single_exp_fit,1.4,0.0,0,1.36,0.04143899221731205,1.0,1.4,0.0
staircase,80,0.005,0.02,320.0,0.0,0,1.4,1.0,0,4.0,5.0,9,9,single_exp_fit,1.4,0.0,0,1.36,0.04143899221731205,1.0,1.4,0.0
staircase,80,0.01,0.02,320.0,0.0,0,1.4,1.0,0,4.0,5.0,9,9,single_exp_fit,1.4,0.0,0,1.36,0.04143899221731205,1.0,1.4,0.0
staircase,80,0.02,0.02,320.0,0.0,0,1.4,1.0,0,4.0,5.0,9,9,single_exp_fit,1.4,0.0,0,1.36,0.04143899221731205,1.0,1.4,0.0
staircase,90,0.0,0.02,320.0,0.0,0,1.4,1.0,0,4.0,4.0,9,7,rational_fit,1.4,0.0,0,1.32,0.04143899221731205,1.0,1.4,0.0
staircase,90,0.003,0.02,320.0,0.0,0,1.4,1.0,0,4.0,5.0,9,8,rational_fit,1.4,0.0,0,1.32,0.04143899221731205,1.0,1.4,0.0
staircase,90,0.005,0.02,320.0,0.0,0,1.4,1.0,0,4.0,5.0,9,8,rational_fit,1.4,0.0,0,1.32,0.04143899221731205,1.0,1.4,0.0
staircase,90,0.01,0.02,320.0,0.0,0,1.4,1.0,0,4.0,5.0,9,8,rational_fit,1.4,0.0,0,1.32,0.04143899221731205,1.0,1.4,0.0
staircase,90,0.02,0.02,320.0,0.0,0,1.4,1.0,0,4.0,5.0,9,9,rational_fit,1.4,0.0,0,1.32,0.04143899221731205,1.0,1.4,0.0
staircase,100,0.0,0.02,320.0,0.0,0,1.4,1.0,0,4.0,5.0,9,8,log_linear,1.4,0.0,0,1.32,0.04143899221731205,1.0,1.4,0.0
staircase,100,0.003,0.02,320.0,0.0,0,1.4,1.0,0,4.0,6.0,9,9,log_linear,1.4,0.0,0,1.32,0.04143899221731205,1.0,1.4,0.0
staircase,100,0.005,0.02,320.0,0.0,0,1.4,1.0,0,4.0,6.0,9,9,log_linear,1.4,0.0,0,1.32,0.04143899221731205,1.0,1.4,0.0
staircase,100,0.01,0.02,320.0,0.0,0,1.4,1.0,0,4.0,6.0,9,9,log_linear,1.4,0.0,0,1.32,0.04143899221731205,1.0,1.4,0.0
staircase,100,0.02,0.02,320.0,0.0,0,1.4,1.0,0,4.0,6.0,9,9,log_linear,1.4,0.0,0,1.34,0.04143899221731205,1.0,1.4,0.0
staircase,110,0.0,0.02,320.0,0.0,0,1.4,1.0,0,5.0,5.0,9,8,richardson_a10,1.4,0.0,0,1.32,0.04143899221731205,1.0,1.4,0.0
staircase,110,0.003,0.02,320.0,0.0,0,1.4,1.0,0,5.0,6.0,9,9,richardson_a10,1.4,0.0,0,1.32,0.04143899221731205,1.0,1.4,0.0
staircase,110,0.005,0.02,320.0,0.0,0,1.4,1.0,0,5.0,6.0,9,9,richardson_a10,1.4,0.0,0,1.32,0.04143899221731205,1.0,1.4,0.0
staircase,110,0.01,0.02,320.0,0.0,0,1.4,1.0,0,5.0,6.0,9,9,richardson_a10,1.4,0.0,0,1.32,0.04143899221731205,1.0,1.4,0.0
staircase,110,0.02,0.02,320.0,0.0,0,1.4,1.0,0,5.0,6.0,9,9,richardson_a10,1.4,0.0,0,1.32,0.04143899221731205,1.0,1.4,0.0
staircase,120,0.0,0.02,320.0,0.0,0,1.4,1.0,0,4.0,4.0,9,8,richardson_a10,1.4,0.0,0,1.32,0.04143899221731205,1.0,1.4,0.0
staircase,120,0.003,0.02,320.0,0.0,0,1.4,1.0,0,4.0,5.0,9,9,richardson_a10,1.4,0.0,0,1.32,0.04143899221731205,1.0,1.4,0.0
staircase,120,0.005,0.02,320.0,0.0,0,1.4,1.0,0,4.0,5.0,9,9,richardson_a10,1.4,0.0,0,1.32,0.04143899221731205,1.0,1.4,0.0
staircase,120,0.01,0.02,320.0,0.0,0,1.4,1.0,0,4.0,6.0,9,9,richardson_a10,1.4,0.0,0,1.32,0.04143899221731205,1.0,1.4,0.0
staircase,120,0.02,0.02,320.0,0.0,0,1.4,1.0,0,4.0,5.0,9,8,richardson_a10,1.4,0.0,0,1.34,0.04143899221731205,1.0,1.4,0.0
staircase,130,0.0,0.02,320.0,0.0,0,1.4,1.0,0,4.0,4.0,9,8,rational_fit,1.4,0.0,0,1.3,0.04143899221731205,1.0,1.4,0.0
staircase,130,0.003,0.02,320.0,0.0,0,1.4,1.0,0,4.0,5.0,9,9,rational_fit,1.4,0.0,0,1.3,0.04143899221731205,1.0,1.4,0.0
staircase,130,0.005,0.02,320.0,0.0,0,1.4,1.0,0,4.0,5.0,9,9,rational_fit,1.4,0.0,0,1.3,0.04143899221731205,1.0,1.4,0.0
staircase,130,0.01,0.02,320.0,0.0,0,1.38,1.0,0,4.0,5.0,9,9,rational_fit,1.4,0.02,0,1.3,0.04143899221731205,1.0,1.4,0.0
staircase,130,0.02,0.02,320.0,0.0,0,1.3,1.0,0,5.0,5.0,9,9,log_linear,1.38,0.08,0,1.3,0.04143899221731205,1.0,1.4,0.0
staircase,140,0.0,0.02,320.0,0.0,0,1.4,1.0,0,4.0,4.0,9,8,richardson_a10,1.4,0.0,0,1.3,0.04143899221731205,1.0,1.4,0.0
staircase,140,0.003,0.02,320.0,0.0,0,1.4,1.0,0,4.0,5.0,9,9,richardson_a10,1.4,0.0,0,1.3,0.04143899221731205,1.0,1.4,0.0
staircase,140,0.005,0.02,320.0,0.0,0,1.4,1.0,0,4.0,5.0,9,9,richardson_a10,1.4,0.0,0,1.3,0.04143899221731205,1.0,1.4,0.0
staircase,140,0.01,0.02,320.0,0.0,0,1.4,1.0,0,4.0,5.0,9,9,richardson_a10,1.4,0.0,0,1.3,0.04143899221731205,1.0,1.4,0.0
staircase,140,0.02,0.02,320.0,0.0,0,1.4,1.0,0,4.0,5.0,9,9,richardson_a10,1.4,0.0,0,1.3,0.04143899221731205,1.0,1.4,0.0
three_exp,20,0.0,0.02,477.0,0.019876375021595786,0,1.4,1.0,0,2.0,3.0,9,9,log_linear,1.4,0.0,0,1.36,0.0654434614454435,1.0,1.4,0.006604706326405918
three_exp,20,0.003,0.02,477.0,0.019876375021595786,0,1.4,1.0,0,2.0,3.0,9,9,log_linear,1.4,0.0,0,1.36,0.0654434614454435,1.0,1.4,0.006604706326405918
three_exp,20,0.005,0.02,477.0,0.019876375021595786,0,1.4,1.0,0,2.0,3.0,9,9,log_linear,1.4,0.0,0,1.36,0.0654434614454435,1.0,1.4,0.006604706326405918
three_exp,20,0.01,0.02,477.0,0.019876375021595786,0,1.4,1.0,0,3.0,4.0,9,9,log_linear,1.4,0.0,0,1.36,0.0654434614454435,1.0,1.4,0.006604706326405918
three_exp,20,0.02,0.02,477.0,0.019876375021595786,0,1.4,1.0,0,2.0,4.0,9,9,log_linear,1.4,0.0,0,1.36,0.0654434614454435,1.0,1.4,0.006604706326405918
three_exp,30,0.0,0.02,499.0,0.01996522126569395,0,1.4,1.0,0,2.0,3.0,9,9,log_linear,1.4,0.0,0,1.36,0.06437758061896859,1.0,1.4,0.0055388254999310105
three_exp,30,0.003,0.02,499.0,0.01996522126569395,0,1.4,1.0,0,2.0,3.0,9,9,log_linear,1.4,0.0,0,1.36,0.06437758061896859,1.0,1.4,0.0055388254999310105
three_exp,30,0.005,0.02,499.0,0.01996522126569395,0,1.4,1.0,0,2.0,3.0,9,9,log_linear,1.4,0.0,0,1.36,0.06437758061896859,1.0,1.4,0.0055388254999310105
three_exp,30,0.01,0.02,499.0,0.01996522126569395,0,1.4,1.0,0,2.0,3.0,9,9,log_linear,1.4,0.0,0,1.36,0.06437758061896859,1.0,1.4,0.0055388254999310105
three_exp,30,0.02,0.02,499.0,0.01996522126569395,0,1.4,1.0,0,3.0,4.0,9,9,pade_22,1.4,0.0,0,1.36,0.06437758061896859,1.0,1.4,0.0055388254999310105
three_exp,40,0.0,0.02,517.0,0.01993903359390477,0,1.4,1.0,0,3.0,4.0,9,9,pade_22,1.4,0.0,0,1.34,0.06363475625805265,1.0,1.4,0.004796001139015085
three_exp,40,0.003,0.02,517.0,0.01993903359390477,0,1.4,1.0,0,2.0,3.0,9,9,log_linear,1.4,0.0,0,1.34,0.06363475625805265,1.0,1.4,0.004796001139015085
three_exp,40,0.005,0.02,517.0,0.01993903359390477,0,1.4,1.0,0,2.0,3.0,9,9,log_linear,1.4,0.0,0,1.36,0.06363475625805265,1.0,1.4,0.004796001139015085
three_exp,40,0.01,0.02,517.0,0.01993903359390477,0,1.4,1.0,0,2.0,3.0,9,9,log_linear,1.4,0.0,0,1.34,0.06363475625805265,1.0,1.4,0.004796001139015085
three_exp,40,0.02,0.02,517.0,0.01993903359390477,0,1.4,1.0,0,3.0,4.0,9,9,pade_22,1.4,0.0,0,1.34,0.06363475625805265,1.0,1.4,0.004796001139015085
three_exp,50,0.0,0.02,532.0,0.01991945857473637,0,1.4,1.0,0,3.0,4.0,9,9,pade_22,1.4,0.0,0,1.32,0.06309242654374476,1.0,1.4,0.0042536714247071936
three_exp,50,0.003,0.02,532.0,0.01991945857473637,0,1.4,1.0,0,2.0,3.0,9,9,log_linear,1.4,0.0,0,1.32,0.06309242654374476,1.0,1.4,0.0042536714247071936
three_exp,50,0.005,0.02,532.0,0.01991945857473637,0,1.4,1.0,0,2.0,3.0,9,9,log_linear,1.4,0.0,0,1.32,0.06309242654374476,1.0,1.4,0.0042536714247071936
three_exp,50,0.01,0.02,532.0,0.01991945857473637,0,1.4,1.0,0,2.0,3.0,9,9,log_linear,1.4,0.0,0,1.32,0.06309242654374476,1.0,1.4,0.0042536714247071936
three_exp,50,0.02,0.02,532.0,0.01991945857473637,0,1.4,1.0,0,3.0,4.0,9,9,pade_22,1.4,0.0,0,1.3,0.06309242654374476,1.0,1.4,0.0042536714247071936
three_exp,60,0.0,0.02,545.0,0.01991788736164393,0,1.4,1.0,0,3.0,4.0,9,9,pade_22,1.4,0.0,0,1.3,0.06267227141389987,1.0,1.4,0.0038335162948623
three_exp,60,0.003,0.02,545.0,0.01991788736164393,0,1.4,1.0,0,2.0,3.0,9,9,log_linear,1.4,0.0,0,1.3,0.06267227141389987,1.0,1.4,0.0038335162948623
three_exp,60,0.005,0.02,545.0,0.01991788736164393,0,1.4,1.0,0,2.0,3.0,9,9,log_linear,1.4,0.0,0,1.3,0.06267227141389987,1.0,1.4,0.0038335162948623
three_exp,60,0.01,0.02,545.0,0.01991788736164393,0,1.4,1.0,0,2.0,3.0,9,9,log_linear,1.4,0.0,0,1.3,0.06267227141389987,1.0,1.4,0.0038335162948623
three_exp,60,0.02,0.02,545.0,0.01991788736164393,0,1.4,1.0,0,3.0,4.0,9,9,log_linear,1.4,0.0,0,1.3,0.06267227141389987,1.0,1.4,0.0038335162948623
three_exp,70,0.0,0.02,557.0,0.019887952844466893,0,1.4,1.0,0,3.0,3.0,9,9,pade_22,1.4,0.0,0,1.28,0.06232136672793234,1.0,1.4,0.003482611608894768
three_exp,70,0.003,0.02,557.0,0.019887952844466893,0,1.4,1.0,0,2.0,2.0,9,9,log_linear,1.4,0.0,0,1.28,0.06232136672793234,1.0,1.4,0.003482611608894768
three_exp,70,0.005,0.02,557.0,0.019887952844466893,0,1.4,1.0,0,2.0,2.0,9,9,log_linear,1.4,0.0,0,1.3,0.06232136672793234,1.0,1.4,0.003482611608894768
three_exp,70,0.01,0.02,557.0,0.019887952844466893,0,1.4,1.0,0,3.0,3.0,9,9,pade_22,1.4,0.0,0,1.28,0.06232136672793234,1.0,1.4,0.003482611608894768
three_exp,70,0.02,0.02,557.0,0.019887952844466893,0,1.4,1.0,0,2.0,2.0,9,9,log_linear,1.4,0.0,0,1.32,0.06232136672793234,1.0,1.4,0.003482611608894768
three_exp,80,0.0,0.02,568.0,0.019902250856929836,0,1.4,1.0,0,2.0,2.0,9,9,log_linear,1.4,0.0,0,1.28,0.062027994579285574,1.0,1.4,0.0031892394602479994
three_exp,80,0.003,0.02,568.0,0.019902250856929836,0,1.4,1.0,0,2.0,2.0,9,9,log_linear,1.4,0.0,0,1.28,0.062027994579285574,1.0,1.4,0.0031892394602479994
three_exp,80,0.005,0.02,568.0,0.019902250856929836,0,1.4,1.0,0,3.0,3.0,9,9,pade_22,1.4,0.0,0,1.28,0.062027994579285574,1.0,1.4,0.0031892394602479994
three_exp,80,0.01,0.02,568.0,0.019902250856929836,0,1.4,1.0,0,2.0,2.0,9,9,log_linear,1.4,0.0,0,1.28,0.062027994579285574,1.0,1.4,0.0031892394602479994
three_exp,80,0.02,0.02,568.0,0.019902250856929836,0,1.4,1.0,0,3.0,3.0,9,8,rational_fit,1.4,0.0,0,1.28,0.062027994579285574,1.0,1.4,0.0031892394602479994
three_exp,90,0.0,0.02,579.0,0.01984699300615729,0,1.4,1.0,0,2.0,2.0,9,9,log_linear,1.4,0.0,0,1.28,0.06175933584323475,1.0,1.4,0.0029205807241971804
three_exp,90,0.003,0.02,579.0,0.01984699300615729,0,1.4,1.0,0,4.0,4.0,9,9,pade_22,1.4,0.0,0,1.28,0.06175933584323475,1.0,1.4,0.0029205807241971804
three_exp,90,0.005,0.02,579.0,0.01984699300615729,0,1.4,1.0,0,4.0,4.0,9,9,pade_22,1.4,0.0,0,1.28,0.06175933584323475,1.0,1.4,0.0029205807241971804
three_exp,90,0.01,0.02,579.0,0.01984699300615729,0,1.4,1.0,0,3.0,3.0,9,8,log_linear,1.4,0.0,0,1.28,0.06175933584323475,1.0,1.4,0.0029205807241971804
three_exp,90,0.02,0.02,579.0,0.01984699300615729,0,1.4,1.0,0,3.0,3.0,9,9,log_linear,1.4,0.0,0,1.28,0.06175933584323475,1.0,1.4,0.0029205807241971804
three_exp,100,0.0,0.02,589.0,0.019908936006754342,0,1.4,1.0,0,3.0,3.0,9,9,rational_fit,1.4,0.0,0,1.28,0.06153479092648563,1.0,1.4,0.0026960358074480575
three_exp,100,0.003,0.02,589.0,0.019908936006754342,0,1.4,1.0,0,4.0,4.0,9,9,pade_22,1.4,0.0,0,1.28,0.06153479092648563,1.0,1.4,0.0026960358074480575
three_exp,100,0.005,0.02,589.0,0.019908936006754342,0,1.4,1.0,0,3.0,3.0,9,9,rational_fit,1.4,0.0,0,1.28,0.06153479092648563,1.0,1.4,0.0026960358074480575
three_exp,100,0.01,0.02,589.0,0.019908936006754342,0,1.4,1.0,0,3.0,3.0,9,8,log_linear,1.4,0.0,0,1.28,0.06153479092648563,1.0,1.4,0.0026960358074480575
three_exp,100,0.02,0.02,589.0,0.019908936006754342,0,1.4,1.0,0,2.0,2.0,9,9,log_linear,1.4,0.0,0,1.26,0.06153479092648563,1.0,1.4,0.0026960358074480575
three_exp,110,0.0,0.02,599.0,0.019945946000024545,0,1.4,1.0,0,3.0,3.0,9,9,rational_fit,1.4,0.0,0,1.26,0.06132750984333652,1.0,1.4,0.00248875472429895
three_exp,110,0.003,0.02,599.0,0.019945946000024545,0,1.4,1.0,0,3.0,3.0,9,9,rational_fit,1.4,0.0,0,1.26,0.06132750984333652,1.0,1.4,0.00248875472429895
three_exp,110,0.005,0.02,599.0,0.019945946000024545,0,1.4,1.0,0,3.0,3.0,9,8,rational_fit,1.4,0.0,0,1.26,0.06132750984333652,1.0,1.4,0.00248875472429895
three_exp,110,0.01,0.02,599.0,0.019945946000024545,0,1.4,1.0,0,3.0,3.0,9,9,log_linear,1.4,0.0,0,1.26,0.06132750984333652,1.0,1.4,0.00248875472429895
three_exp,110,0.02,0.02,599.0,0.019945946000024545,0,1.4,1.0,0,3.0,3.0,9,9,log_linear,1.4,0.0,0,1.26,0.06132750984333652,1.0,1.4,0.00248875472429895
three_exp,120,0.0,0.02,609.0,0.019968014494400704,0,1.4,1.0,0,1.0,1.0,9,9,richardson_1,1.4,0.0,1,1.26,0.06113616528718487,1.0,1.4,0.0022974101681473014
three_exp,120,0.003,0.02,609.0,0.019968014494400704,0,1.4,1.0,0,2.0,2.0,9,9,log_linear,1.4,0.0,0,1.26,0.06113616528718487,1.0,1.4,0.0022974101681473014
three_exp,120,0.005,0.02,609.0,0.019968014494400704,0,1.4,1.0,0,3.0,3.0,9,8,rational_fit,1.4,0.0,0,1.26,0.06113616528718487,1.0,1.4,0.0022974101681473014
three_exp,120,0.01,0.02,609.0,0.019968014494400704,0,1.4,1.0,0,2.0,2.0,9,9,log_linear,1.4,0.0,0,1.26,0.06113616528718487,1.0,1.4,0.0022974101681473014
three_exp,120,0.02,0.02,609.0,0.019968014494400704,0,1.4,1.0,0,2.0,2.0,9,9,log_linear,1.4,0.0,0,1.26,0.06113616528718487,1.0,1.4,0.0022974101681473014
three_exp,130,0.0,0.02,619.0,0.019981157829618276,0,1.4,1.0,0,3.0,3.0,9,9,rational_fit,1.4,0.0,0,1.26,0.060959531999609205,1.0,1.4,0.0021207768805716343
three_exp,130,0.003,0.02,619.0,0.019981157829618276,0,1.4,1.0,0,2.0,2.0,9,9,log_linear,1.4,0.0,0,1.26,0.060959531999609205,1.0,1.4,0.0021207768805716343
three_exp,130,0.005,0.02,619.0,0.019981157829618276,0,1.4,1.0,0,2.0,3.0,9,8,log_linear,1.4,0.0,0,1.26,0.060959531999609205,1.0,1.4,0.0021207768805716343
three_exp,130,0.01,0.02,619.0,0.019981157829618276,0,1.4,1.0,0,2.0,2.0,9,9,log_linear,1.4,0.0,0,1.26,0.060959531999609205,1.0,1.4,0.0021207768805716343
three_exp,130,0.02,0.02,619.0,0.019981157829618276,0,1.4,1.0,0,2.0,2.0,9,9,log_linear,1.4,0.0,0,1.26,0.060959531999609205,1.0,1.4,0.0021207768805716343
three_exp,140,0.0,0.02,629.0,0.019988980016805095,0,1.4,1.0,0,4.0,4.0,9,9,single_exp_fit,1.4,0.0,0,1.26,0.0607964789245321,1.0,1.4,0.0019577238054945267
three_exp,140,0.003,0.02,629.0,0.019988980016805095,0,1.4,1.0,0,4.0,4.0,9,8,rational_fit,1.4,0.0,0,1.26,0.0607964789245321,1.0,1.4,0.0019577238054945267
three_exp,140,0.005,0.02,629.0,0.019988980016805095,0,1.4,1.0,0,2.0,3.0,9,8,log_linear,1.4,0.0,0,1.26,0.0607964789245321,1.0,1.4,0.0019577238054945267
three_exp,140,0.01,0.02,629.0,0.019988980016805095,0,1.4,1.0,0,2.0,3.0,9,9,log_linear,1.4,0.0,0,1.26,0.0607964789245321,1.0,1.4,0.0019577238054945267
three_exp,140,0.02,0.02,629.0,0.019988980016805095,0,1.4,1.0,0,2.0,2.0,9,9,log_linear,1.4,0.0,0,1.24,0.0607964789245321,1.0,1.4,0.0019577238054945267
two_exp,20,0.0,0.02,236.0,0.019780496960211558,0,1.4,1.0,0,5.0,6.0,9,9,pade_22,1.4,0.0,0,1.34,0.058358137056623106,1.0,1.4,0.007146395462156896
two_exp,20,0.003,0.02,236.0,0.019780496960211558,0,1.4,1.0,0,4.0,5.0,9,9,pade_22,1.4,0.0,0,1.34,0.058358137056623106,1.0,1.4,0.007146395462156896
two_exp,20,0.005,0.02,236.0,0.019780496960211558,0,1.4,1.0,0,4.0,5.0,9,9,pade_22,1.4,0.0,0,1.34,0.058358137056623106,1.0,1.4,0.007146395462156896
two_exp,20,0.01,0.02,236.0,0.019780496960211558,0,1.4,1.0,0,4.0,5.0,9,9,pade_22,1.4,0.0,0,1.34,0.058358137056623106,1.0,1.4,0.007146395462156896
two_exp,20,0.02,0.02,236.0,0.019780496960211558,0,1.4,1.0,0,3.0,5.0,9,9,rational_fit,1.4,0.0,0,1.34,0.058358137056623106,1.0,1.4,0.007146395462156896
two_exp,30,0.0,0.02,247.0,0.01993085155337305,0,1.4,1.0,0,5.0,6.0,9,9,rational_fit,1.4,0.0,0,1.34,0.05707442899022065,1.0,1.4,0.0058626873957544415
two_exp,30,0.003,0.02,247.0,0.01993085155337305,0,1.4,1.0,0,4.0,5.0,9,9,rational_fit,1.4,0.0,0,1.34,0.05707442899022065,1.0,1.4,0.0058626873957544415
two_exp,30,0.005,0.02,247.0,0.01993085155337305,0,1.4,1.0,0,4.0,5.0,9,9,pade_22,1.4,0.0,0,1.34,0.05707442899022065,1.0,1.4,0.0058626873957544415
two_exp,30,0.01,0.02,247.0,0.01993085155337305,0,1.4,1.0,0,4.0,5.0,9,9,pade_22,1.4,0.0,0,1.34,0.05707442899022065,1.0,1.4,0.0058626873957544415
two_exp,30,0.02,0.02,247.0,0.01993085155337305,0,1.4,1.0,0,4.0,5.0,9,9,pade_22,1.4,0.0,0,1.32,0.05707442899022065,1.0,1.4,0.0058626873957544415
two_exp,40,0.0,0.02,258.0,0.01971169865212766,0,1.4,1.0,0,4.0,5.0,9,9,rational_fit,1.4,0.0,0,1.32,0.056021313592314284,1.0,1.4,0.004809571997848074
two_exp,40,0.003,0.02,258.0,0.01971169865212766,0,1.4,1.0,0,4.0,5.0,9,9,rational_fit,1.4,0.0,0,1.32,0.056021313592314284,1.0,1.4,0.004809571997848074
two_exp,40,0.005,0.02,258.0,0.01971169865212766,0,1.4,1.0,0,4.0,5.0,9,9,rational_fit,1.4,0.0,0,1.32,0.056021313592314284,1.0,1.4,0.004809571997848074
two_exp,40,0.01,0.02,258.0,0.01971169865212766,0,1.4,1.0,0,4.0,5.0,9,9,pade_22,1.4,0.0,0,1.32,0.056021313592314284,1.0,1.4,0.004809571997848074
two_exp,40,0.02,0.02,258.0,0.01971169865212766,0,1.4,1.0,0,4.0,5.0,9,9,pade_22,1.4,0.0,0,1.32,0.056021313592314284,1.0,1.4,0.004809571997848074
two_exp,50,0.0,0.02,268.0,0.019748456298354297,0,1.4,1.0,0,4.0,5.0,9,8,rational_fit,1.4,0.0,0,1.32,0.0552290338139065,1.0,1.4,0.004017292219440291
two_exp,50,0.003,0.02,268.0,0.019748456298354297,0,1.4,1.0,0,4.0,5.0,9,9,rational_fit,1.4,0.0,0,1.32,0.0552290338139065,1.0,1.4,0.004017292219440291
two_exp,50,0.005,0.02,268.0,0.019748456298354297,0,1.4,1.0,0,4.0,5.0,9,9,rational_fit,1.4,0.0,0,1.32,0.0552290338139065,1.0,1.4,0.004017292219440291
two_exp,50,0.01,0.02,268.0,0.019748456298354297,0,1.4,1.0,0,4.0,5.0,9,9,rational_fit,1.4,0.0,0,1.32,0.0552290338139065,1.0,1.4,0.004017292219440291
two_exp,50,0.02,0.02,268.0,0.019748456298354297,0,1.4,1.0,0,4.0,5.0,9,9,pade_22,1.4,0.0,0,1.3,0.0552290338139065,1.0,1.4,0.004017292219440291
two_exp,60,0.0,0.02,278.0,0.019758298776852347,0,1.4,1.0,0,3.0,4.0,9,9,rational_fit,1.4,0.0,0,1.32,0.05456726611589896,1.0,1.4,0.0033555245214327498
two_exp,60,0.003,0.02,278.0,0.019758298776852347,0,1.4,1.0,0,4.0,5.0,9,9,rational_fit,1.4,0.0,0,1.32,0.05456726611589896,1.0,1.4,0.0033555245214327498
two_exp,60,0.005,0.02,278.0,0.019758298776852347,0,1.4,1.0,0,4.0,5.0,9,9,rational_fit,1.4,0.0,0,1.32,0.05456726611589896,1.0,1.4,0.0033555245214327498
two_exp,60,0.01,0.02,278.0,0.019758298776852347,0,1.4,1.0,0,4.0,5.0,9,9,pade_22,1.4,0.0,0,1.32,0.05456726611589896,1.0,1.4,0.0033555245214327498
two_exp,60,0.02,0.02,278.0,0.019758298776852347,0,1.4,1.0,0,4.0,5.0,9,9,pade_22,1.4,0.0,0,1.3,0.05456726611589896,1.0,1.4,0.0033555245214327498
two_exp,70,0.0,0.02,288.0,0.01976092971100544,0,1.4,1.0,0,3.0,3.0,9,9,rational_fit,1.4,0.0,0,1.26,0.05401451127087905,1.0,1.4,0.0028027696764128416
two_exp,70,0.003,0.02,288.0,0.01976092971100544,0,1.4,1.0,0,4.0,4.0,9,9,pade_22,1.4,0.0,0,1.26,0.05401451127087905,1.0,1.4,0.0028027696764128416
two_exp,70,0.005,0.02,288.0,0.01976092971100544,0,1.4,1.0,0,4.0,4.0,9,9,pade_22,1.4,0.0,0,1.24,0.05401451127087905,1.0,1.4,0.0028027696764128416
two_exp,70,0.01,0.02,288.0,0.01976092971100544,0,1.4,1.0,0,4.0,4.0,9,9,rational_fit,1.4,0.0,0,1.26,0.05401451127087905,1.0,1.4,0.0028027696764128416
two_exp,70,0.02,0.02,288.0,0.01976092971100544,0,1.4,1.0,0,3.0,3.0,9,9,rational_fit,1.4,0.0,0,1.26,0.05401451127087905,1.0,1.4,0.0028027696764128416
two_exp,80,0.0,0.02,298.0,0.0197616326449827,0,1.4,1.0,0,4.0,4.0,9,9,single_exp_fit,1.4,0.0,0,1.24,0.053552811614620666,1.0,1.4,0.002341070020154455
two_exp,80,0.003,0.02,298.0,0.0197616326449827,0,1.4,1.0,0,4.0,4.0,9,9,single_exp_fit,1.4,0.0,0,1.24,0.053552811614620666,1.0,1.4,0.002341070020154455
two_exp,80,0.005,0.02,298.0,0.0197616326449827,0,1.4,1.0,0,4.0,4.0,9,9,single_exp_fit,1.4,0.0,0,1.24,0.053552811614620666,1.0,1.4,0.002341070020154455
two_exp,80,0.01,0.02,298.0,0.0197616326449827,0,1.4,1.0,0,4.0,4.0,9,9,single_exp_fit,1.4,0.0,0,1.14,0.053552811614620666,1.0,1.4,0.002341070020154455
two_exp,80,0.02,0.02,298.0,0.0197616326449827,0,1.4,1.0,0,3.0,4.0,9,8,rational_fit,1.4,0.0,0,1.24,0.053552811614620666,1.0,1.4,0.002341070020154455
two_exp,90,0.0,0.02,308.0,0.01976182043192707,0,1.4,1.0,0,4.0,4.0,9,9,single_exp_fit,1.4,0.0,0,1.14,0.053167167645129215,1.0,1.4,0.0019554260506630047
two_exp,90,0.003,0.02,308.0,0.01976182043192707,0,1.4,1.0,0,4.0,4.0,9,9,single_exp_fit,1.4,0.0,0,1.14,0.053167167645129215,1.0,1.4,0.0019554260506630047
two_exp,90,0.005,0.02,308.0,0.01976182043192707,0,1.4,1.0,0,4.0,4.0,9,9,single_exp_fit,1.4,0.0,0,1.24,0.053167167645129215,1.0,1.4,0.0019554260506630047
two_exp,90,0.01,0.02,308.0,0.01976182043192707,0,1.4,1.0,0,3.0,4.0,9,9,single_exp_fit,1.4,0.0,0,0.94,0.053167167645129215,1.0,1.4,0.0019554260506630047
two_exp,90,0.02,0.02,308.0,0.01976182043192707,0,1.4,1.0,0,2.0,3.0,9,8,log_linear,1.4,0.0,0,1.04,0.053167167645129215,1.0,1.4,0.0019554260506630047
two_exp,100,0.0,0.02,318.0,0.019761870597053203,0,1.4,1.0,0,5.0,5.0,9,9,single_exp_fit,1.4,0.0,0,0.94,0.052845050725202604,1.0,1.4,0.0016333091307363934
two_exp,100,0.003,0.02,318.0,0.019761870597053203,0,1.4,1.0,0,5.0,5.0,9,9,single_exp_fit,1.4,0.0,0,0.94,0.052845050725202604,1.0,1.4,0.0016333091307363934
two_exp,100,0.005,0.02,318.0,0.019761870597053203,0,1.4,1.0,0,5.0,5.0,9,9,single_exp_fit,1.4,0.0,0,0.92,0.052845050725202604,1.0,1.4,0.0016333091307363934
two_exp,100,0.01,0.02,318.0,0.019761870597053203,0,1.4,1.0,0,4.0,5.0,9,9,richardson_a10,1.4,0.0,0,1.04,0.052845050725202604,1.0,1.4,0.0016333091307363934
two_exp,100,0.02,0.02,318.0,0.019761870597053203,0,1.4,1.0,0,3.0,4.0,9,8,richardson_a10,1.4,0.0,0,1.0,0.052845050725202604,1.0,1.4,0.0016333091307363934
two_exp,110,0.0,0.02,328.0,0.019761883997972404,0,1.4,1.0,0,5.0,6.0,9,9,single_exp_fit,1.4,0.0,0,0.92,0.05257599605739636,1.0,1.4,0.0013642544629301478
two_exp,110,0.003,0.02,328.0,0.019761883997972404,0,1.36,1.0,0,4.0,5.0,9,9,richardson_a10,1.4,0.04,0,0.92,0.05257599605739636,1.0,1.4,0.0013642544629301478
two_exp,110,0.005,0.02,328.0,0.019761883997972404,0,1.38,1.0,0,4.0,5.0,9,9,richardson_a10,1.4,0.02,0,0.92,0.05257599605739636,1.0,1.4,0.0013642544629301478
two_exp,110,0.01,0.02,328.0,0.019761883997972404,0,1.38,1.0,0,2.0,5.0,9,8,richardson_a10,1.4,0.02,0,0.92,0.05257599605739636,1.0,1.4,0.0013642544629301478
two_exp,110,0.02,0.02,328.0,0.019761883997972404,0,1.38,1.0,0,3.0,4.0,9,9,richardson_a10,1.4,0.02,0,1.02,0.05257599605739636,1.0,1.4,0.0013642544629301478
two_exp,120,0.0,0.02,338.0,0.01976188757783409,0,1.4,1.0,0,5.0,6.0,9,9,single_exp_fit,1.4,0.0,0,0.9,0.05235126270813665,1.0,1.4,0.0011395211136704386
two_exp,120,0.003,0.02,338.0,0.01976188757783409,0,1.4,1.0,0,3.0,5.0,9,9,single_exp_fit,1.4,0.0,0,0.9,0.05235126270813665,1.0,1.4,0.0011395211136704386
two_exp,120,0.005,0.02,338.0,0.01976188757783409,0,1.34,1.0,0,4.0,5.0,9,9,richardson_a10,1.4,0.06,0,0.9,0.05235126270813665,1.0,1.4,0.0011395211136704386
two_exp,120,0.01,0.02,338.0,0.01976188757783409,0,1.36,1.0,0,4.0,5.0,9,8,richardson_a10,1.4,0.04,0,0.9,0.05235126270813665,1.0,1.4,0.0011395211136704386
two_exp,120,0.02,0.02,338.0,0.01976188757783409,0,1.32,1.0,0,5.0,5.0,9,9,richardson_a10,1.38,0.06,0,0.56,0.05235126270813665,1.0,1.4,0.0011395211136704386
two_exp,130,0.0,0.02,348.0,0.01976188853414175,0,1.4,1.0,0,4.0,5.0,9,9,single_exp_fit,1.4,0.0,0,0.8,0.05216354963598933,1.0,1.4,0.0009518080415231167
two_exp,130,0.003,0.02,348.0,0.01976188853414175,0,1.34,1.0,0,4.0,4.0,9,9,single_exp_fit,1.4,0.06,0,0.8,0.05216354963598933,1.0,1.4,0.0009518080415231167
two_exp,130,0.005,0.02,348.0,0.01976188853414175,0,1.36,1.0,0,4.0,5.0,9,9,single_exp_fit,1.4,0.04,0,0.8,0.05216354963598933,1.0,1.4,0.0009518080415231167
two_exp,130,0.01,0.02,348.0,0.01976188853414175,0,1.3,1.0,0,4.0,4.0,9,9,richardson_a10,1.4,0.1,0,0.8,0.05216354963598933,1.0,1.4,0.0009518080415231167
two_exp,130,0.02,0.02,348.0,0.01976188853414175,0,1.3,1.0,0,2.0,3.0,9,9,richardson_a10,1.34,0.04,0,0.6,0.05216354963598933,1.0,1.4,0.0009518080415231167
two_exp,140,0.0,0.02,358.0,0.019761888789605286,0,1.24,1.0,0,6.0,3.0,9,9,single_exp_fit,1.4,0.16,0,0.78,0.052006758498532174,1.0,1.4,0.0007950169040659635
two_exp,140,0.003,0.02,358.0,0.019761888789605286,0,1.28,1.0,0,4.0,2.0,9,9,single_exp_fit,1.4,0.12,0,0.78,0.052006758498532174,1.0,1.4,0.0007950169040659635
two_exp,140,0.005,0.02,358.0,0.019761888789605286,0,1.3,1.0,0,4.0,2.0,9,9,richardson_a10,1.4,0.1,0,0.78,0.052006758498532174,1.0,1.4,0.0007950169040659635
two_exp,140,0.01,0.02,358.0,0.019761888789605286,0,1.3,1.0,0,4.0,2.0,9,9,single_exp_fit,1.4,0.1,0,0.66,0.052006758498532174,1.0,1.4,0.0007950169040659635
two_exp,140,0.02,0.02,358.0,0.019761888789605286,0,1.3,1.0,0,1.0,2.0,9,9,richardson_1,1.3,0.0,1,0.66,0.052006758498532174,1.0,1.4,0.0007950169040659635
