regime,obs_idx,noise,target_g,n_f,achieved_g,capped,richardson_stability,richardson_valid_rate,richardson_below_floor,richardson_rank,richardson_err_rank,n_rank_pool,n_rank_eligible,best_method,best_stability,stability_margin,richardson_wins,constant_assumed_stability,constant_assumed_med_error,constant_assumed_valid_rate,constant_oracle_stability,constant_oracle_med_error
broken_power_law,20,0.0,0.1,50000.0,0.20436470335589355,1,1.2,1.0,0,6.0,7.0,9,9,rational_fit,1.4,0.2,0,0.6,0.049361440175231835,1.0,1.4,0.010555978838859122
broken_power_law,20,0.003,0.1,50000.0,0.20436470335589355,1,1.2,1.0,0,3.0,7.0,9,9,rational_fit,1.4,0.2,0,0.6,0.049361440175231835,1.0,1.4,0.010555978838859122
broken_power_law,20,0.005,0.1,50000.0,0.20436470335589355,1,1.2,1.0,0,4.0,5.0,9,9,pade_22,1.4,0.2,0,0.8,0.049361440175231835,1.0,1.4,0.010555978838859122
broken_power_law,20,0.01,0.1,50000.0,0.20436470335589355,1,1.1,1.0,0,5.0,6.0,9,9,rational_fit,1.4,0.3,0,0.58,0.049361440175231835,1.0,1.4,0.010555978838859122
broken_power_law,20,0.02,0.1,50000.0,0.20436470335589355,1,1.22,1.0,0,2.0,2.0,9,9,rational_fit,1.38,0.16,0,0.76,0.049361440175231835,1.0,1.38,0.010555978838859122
broken_power_law,30,0.0,0.1,50000.0,0.2901576654864911,1,1.14,1.0,0,5.0,8.0,9,9,levin_t2,1.4,0.26,0,0.54,0.049361440175231835,1.0,1.4,0.010555978838859122
broken_power_law,30,0.003,0.1,50000.0,0.2901576654864911,1,1.12,1.0,0,5.0,8.0,9,9,rational_fit,1.4,0.28,0,0.52,0.049361440175231835,1.0,1.4,0.010555978838859122
broken_power_law,30,0.005,0.1,50000.0,0.2901576654864911,1,1.14,1.0,0,4.0,8.0,9,9,rational_fit,1.4,0.26,0,0.54,0.049361440175231835,1.0,1.4,0.010555978838859122
broken_power_law,30,0.01,0.1,50000.0,0.2901576654864911,1,0.88,1.0,0,8.0,8.0,9,9,rational_fit,1.38,0.5,0,0.38,0.049361440175231835,1.0,1.36,0.010555978838859122
broken_power_law,30,0.02,0.1,50000.0,0.2901576654864911,1,0.6,1.0,0,6.0,6.0,9,9,rational_fit,1.24,0.64,0,0.34,0.049361440175231835,1.0,1.12,0.010555978838859122
broken_power_law,40,0.0,0.1,50000.0,0.37317624894888063,1,1.02,1.0,0,5.0,8.0,9,9,levin_t2,1.4,0.38,0,0.32,0.049361440175231835,1.0,1.4,0.010555978838859122
broken_power_law,40,0.003,0.1,50000.0,0.37317624894888063,1,1.02,1.0,0,5.0,8.0,9,9,rational_fit,1.4,0.38,0,0.32,0.049361440175231835,1.0,1.4,0.010555978838859122
broken_power_law,40,0.005,0.1,50000.0,0.37317624894888063,1,1.04,1.0,0,6.0,8.0,9,9,rational_fit,1.4,0.36,0,0.24,0.049361440175231835,1.0,1.4,0.010555978838859122
broken_power_law,40,0.01,0.1,50000.0,0.37317624894888063,1,1.0,1.0,0,7.0,8.0,9,9,rational_fit,1.38,0.38,0,0.44,0.049361440175231835,1.0,1.38,0.010555978838859122
broken_power_law,40,0.02,0.1,50000.0,0.37317624894888063,1,0.66,1.0,0,6.0,7.0,9,8,rational_fit,1.18,0.52,0,0.14,0.049361440175231835,1.0,1.08,0.010555978838859122
broken_power_law,50,0.0,0.1,50000.0,0.4541733869663374,1,1.0,1.0,0,8.0,8.0,9,9,levin_t2,1.4,0.4,0,0.2,0.049361440175231835,1.0,1.4,0.010555978838859122
broken_power_law,50,0.003,0.1,50000.0,0.4541733869663374,1,0.9,1.0,0,8.0,8.0,9,9,rational_fit,1.4,0.5,0,0.2,0.049361440175231835,1.0,1.3,0.010555978838859122
broken_power_law,50,0.005,0.1,50000.0,0.4541733869663374,1,1.02,1.0,0,6.0,8.0,9,9,rational_fit,1.4,0.38,0,0.22,0.049361440175231835,1.0,1.36,0.010555978838859122
broken_power_law,50,0.01,0.1,50000.0,0.4541733869663374,1,0.52,1.0,0,8.0,8.0,9,9,rational_fit,1.08,0.56,0,0.0,0.049361440175231835,1.0,0.92,0.010555978838859122
broken_power_law,50,0.02,0.1,50000.0,0.4541733869663374,1,0.88,1.0,0,7.0,7.0,9,8,rational_fit,1.24,0.36,0,0.3,0.049361440175231835,1.0,1.2,0.010555978838859122
broken_power_law,60,0.0,0.1,19289.0,0.09999977963058883,0,1.4,1.0,0,7.0,7.0,9,9,levin_t2,1.4,0.0,0,1.28,0.054256479246251155,1.0,1.4,0.015451017909878443
broken_power_law,60,0.003,0.1,19289.0,0.09999977963058883,0,1.4,1.0,0,7.0,7.0,9,9,anderson_1,1.4,0.0,0,1.28,0.054256479246251155,1.0,1.4,0.015451017909878443
broken_power_law,60,0.005,0.1,19289.0,0.09999977963058883,0,1.4,1.0,0,7.0,7.0,9,9,levin_t2,1.4,0.0,0,1.28,0.054256479246251155,1.0,1.4,0.015451017909878443
broken_power_law,60,0.01,0.1,19289.0,0.09999977963058883,0,1.4,1.0,0,6.0,6.0,9,9,rational_fit,1.4,0.0,0,1.28,0.054256479246251155,1.0,1.4,0.015451017909878443
broken_power_law,60,0.02,0.1,19289.0,0.09999977963058883,0,1.4,1.0,0,6.0,6.0,9,7,rational_fit,1.4,0.0,0,1.28,0.054256479246251155,1.0,1.4,0.015451017909878443
broken_power_law,70,0.0,0.1,22452.0,0.09999852381066492,0,1.0,1.0,0,9.0,9.0,9,9,single_exp_fit,1.4,0.4,0,1.28,0.05334599132539189,1.0,1.4,0.014540529989019177
broken_power_law,70,0.003,0.1,22452.0,0.09999852381066492,0,1.0,1.0,0,9.0,9.0,9,9,single_exp_fit,1.4,0.4,0,1.28,0.05334599132539189,1.0,1.4,0.014540529989019177
broken_power_law,70,0.005,0.1,22452.0,0.09999852381066492,0,1.0,1.0,0,9.0,9.0,9,9,single_exp_fit,1.4,0.4,0,1.28,0.05334599132539189,1.0,1.4,0.014540529989019177
broken_power_law,70,0.01,0.1,22452.0,0.09999852381066492,0,1.02,1.0,0,8.0,9.0,9,9,single_exp_fit,1.4,0.38,0,1.28,0.05334599132539189,1.0,1.4,0.014540529989019177
broken_power_law,70,0.02,0.1,22452.0,0.09999852381066492,0,1.04,1.0,0,7.0,8.0,9,8,single_exp_fit,1.4,0.36,0,1.28,0.05334599132539189,1.0,1.4,0.014540529989019177
broken_power_law,80,0.0,0.1,25614.0,0.09999913963507116,0,1.0,1.0,0,8.0,8.0,9,9,single_exp_fit,1.4,0.4,0,1.28,0.05259952553530864,1.0,1.4,0.013794064198935928
broken_power_law,80,0.003,0.1,25614.0,0.09999913963507116,0,1.0,1.0,0,8.0,8.0,9,9,rational_fit,1.4,0.4,0,1.28,0.05259952553530864,1.0,1.4,0.013794064198935928
broken_power_law,80,0.005,0.1,25614.0,0.09999913963507116,0,1.0,1.0,0,8.0,8.0,9,9,single_exp_fit,1.4,0.4,0,1.28,0.05259952553530864,1.0,1.4,0.013794064198935928
broken_power_law,80,0.01,0.1,25614.0,0.09999913963507116,0,0.9,1.0,0,8.0,8.0,9,9,pade_22,1.4,0.5,0,1.28,0.05259952553530864,1.0,1.4,0.013794064198935928
broken_power_law,80,0.02,0.1,25614.0,0.09999913963507116,0,0.4,1.0,0,8.0,8.0,9,8,rational_fit,1.4,1.0,0,1.18,0.05259952553530864,1.0,1.4,0.013794064198935928
broken_power_law,90,0.0,0.1,28776.0,0.09999962012267244,0,-1.0,1.0,0,8.0,8.0,9,8,pade_22,1.4,2.4,0,1.28,0.051972004895909404,1.0,1.4,0.013166543559536696
broken_power_law,90,0.003,0.1,28776.0,0.09999962012267244,0,-1.0,1.0,0,8.0,8.0,9,8,pade_22,1.4,2.4,0,1.28,0.051972004895909404,1.0,1.4,0.013166543559536696
broken_power_law,90,0.005,0.1,28776.0,0.09999962012267244,0,-1.0,1.0,0,8.0,8.0,9,8,pade_22,1.4,2.4,0,1.28,0.051972004895909404,1.0,1.4,0.013166543559536696
broken_power_law,90,0.01,0.1,28776.0,0.09999962012267244,0,-1.0,1.0,0,8.0,8.0,9,8,pade_22,1.4,2.4,0,1.28,0.051972004895909404,1.0,1.4,0.013166543559536696
broken_power_law,90,0.02,0.1,28776.0,0.09999962012267244,0,-1.0,1.0,0,8.0,8.0,9,8,pade_22,1.4,2.4,0,1.28,0.051972004895909404,1.0,1.4,0.013166543559536696
broken_power_law,100,0.0,0.1,31939.0,0.09999875311006853,0,1.0,1.0,0,8.0,8.0,9,8,levin_t2,1.4,0.4,0,1.28,0.05143408502677921,1.0,1.4,0.012628623690406493
broken_power_law,100,0.003,0.1,31939.0,0.09999875311006853,0,1.0,1.0,0,8.0,8.0,9,8,pade_22,1.4,0.4,0,1.28,0.05143408502677921,1.0,1.4,0.012628623690406493
broken_power_law,100,0.005,0.1,31939.0,0.09999875311006853,0,1.0,1.0,0,8.0,8.0,9,8,pade_22,1.4,0.4,0,1.28,0.05143408502677921,1.0,1.4,0.012628623690406493
broken_power_law,100,0.01,0.1,31939.0,0.09999875311006853,0,1.0,1.0,0,8.0,8.0,9,8,pade_22,1.4,0.4,0,1.28,0.05143408502677921,1.0,1.4,0.012628623690406493
broken_power_law,100,0.02,0.1,31939.0,0.09999875311006853,0,1.0,1.0,0,8.0,8.0,9,8,pade_22,1.4,0.4,0,1.16,0.05143408502677921,1.0,1.4,0.012628623690406493
broken_power_law,110,0.0,0.1,35101.0,0.09999918183973946,0,1.0,1.0,0,8.0,8.0,9,8,levin_t2,1.4,0.4,0,1.28,0.05096612402548369,1.0,1.4,0.01216066268911098
broken_power_law,110,0.003,0.1,35101.0,0.09999918183973946,0,1.0,1.0,0,8.0,8.0,9,8,pade_22,1.4,0.4,0,1.28,0.05096612402548369,1.0,1.4,0.01216066268911098
broken_power_law,110,0.005,0.1,35101.0,0.09999918183973946,0,1.0,1.0,0,8.0,8.0,9,8,pade_22,1.4,0.4,0,1.18,0.05096612402548369,1.0,1.4,0.01216066268911098
broken_power_law,110,0.01,0.1,35101.0,0.09999918183973946,0,1.0,1.0,0,8.0,8.0,9,8,pade_22,1.4,0.4,0,1.28,0.05096612402548369,1.0,1.4,0.01216066268911098
broken_power_law,110,0.02,0.1,35101.0,0.09999918183973946,0,1.0,1.0,0,8.0,8.0,9,8,pade_22,1.36,0.36,0,1.18,0.05096612402548369,1.0,1.4,0.01216066268911098
broken_power_law,120,0.0,0.1,38263.0,0.09999953970992824,0,1.4,1.0,0,1.0,1.0,9,9,richardson_1,1.4,0.0,1,1.28,0.05055372919602908,1.0,1.4,0.011748267859656368
broken_power_law,120,0.003,0.1,38263.0,0.09999953970992824,0,1.38,1.0,0,4.0,2.0,9,9,rational_fit,1.4,0.02,0,1.28,0.05055372919602908,1.0,1.4,0.011748267859656368
broken_power_law,120,0.005,0.1,38263.0,0.09999953970992824,0,1.4,1.0,0,1.0,2.0,9,9,richardson_1,1.4,0.0,1,1.28,0.05055372919602908,1.0,1.4,0.011748267859656368
broken_power_law,120,0.01,0.1,38263.0,0.09999953970992824,0,1.38,1.0,0,4.0,3.0,9,9,richardson_a10,1.4,0.02,0,1.26,0.05055372919602908,1.0,1.4,0.011748267859656368
broken_power_law,120,0.02,0.1,38263.0,0.09999953970992824,0,1.36,1.0,0,4.0,3.0,9,9,richardson_a10,1.38,0.02,0,1.08,0.05055372919602908,1.0,1.4,0.011748267859656368
broken_power_law,130,0.0,0.1,41425.0,0.0999998429469552,0,1.4,1.0,0,1.0,1.0,9,9,richardson_1,1.4,0.0,1,1.28,0.05018647085728867,1.0,1.4,0.011381009520915955
broken_power_law,130,0.003,0.1,41425.0,0.0999998429469552,0,1.38,1.0,0,4.0,2.0,9,9,rational_fit,1.4,0.02,0,1.26,0.05018647085728867,1.0,1.4,0.011381009520915955
broken_power_law,130,0.005,0.1,41425.0,0.0999998429469552,0,1.36,1.0,0,4.0,2.0,9,9,richardson_a10,1.4,0.04,0,1.16,0.05018647085728867,1.0,1.4,0.011381009520915955
broken_power_law,130,0.01,0.1,41425.0,0.0999998429469552,0,1.4,1.0,0,2.0,3.0,9,9,rational_fit,1.4,0.0,0,1.28,0.05018647085728867,1.0,1.4,0.011381009520915955
broken_power_law,130,0.02,0.1,41425.0,0.0999998429469552,0,1.34,1.0,0,2.0,2.0,9,9,log_linear,1.34,0.0,0,1.26,0.05018647085728867,1.0,1.4,0.011381009520915955
broken_power_law,140,0.0,0.1,44588.0,0.09999920608500261,0,1.4,1.0,0,1.0,1.0,9,9,richardson_1,1.4,0.0,1,1.26,0.04985639301636764,1.0,1.4,0.011050931679994927
broken_power_law,140,0.003,0.1,44588.0,0.09999920608500261,0,1.4,1.0,0,1.0,2.0,9,9,richardson_1,1.4,0.0,1,1.28,0.04985639301636764,1.0,1.4,0.011050931679994927
broken_power_law,140,0.005,0.1,44588.0,0.09999920608500261,0,1.38,1.0,0,2.0,2.0,9,9,richardson_a10,1.4,0.02,0,1.18,0.04985639301636764,1.0,1.4,0.011050931679994927
broken_power_law,140,0.01,0.1,44588.0,0.09999920608500261,0,1.36,1.0,0,2.0,2.0,9,9,richardson_a10,1.4,0.04,0,1.16,0.04985639301636764,1.0,1.4,0.011050931679994927
broken_power_law,140,0.02,0.1,44588.0,0.09999920608500261,0,1.3,1.0,0,3.0,4.0,9,9,richardson_a10,1.38,0.08,0,1.08,0.04985639301636764,1.0,1.4,0.011050931679994927
damped_osc_pow,20,0.0,0.1,703.0,0.09995922843809545,0,1.4,1.0,0,1.0,2.0,9,9,richardson_1,1.4,0.0,1,1.32,0.037125294633328074,1.0,1.4,0.014443042917942218
damped_osc_pow,20,0.003,0.1,703.0,0.09995922843809545,0,1.4,1.0,0,1.0,2.0,9,9,richardson_1,1.4,0.0,1,1.32,0.037125294633328074,1.0,1.4,0.014443042917942218
damped_osc_pow,20,0.005,0.1,703.0,0.09995922843809545,0,1.4,1.0,0,1.0,2.0,9,9,richardson_1,1.4,0.0,1,1.32,0.037125294633328074,1.0,1.4,0.014443042917942218
damped_osc_pow,20,0.01,0.1,703.0,0.09995922843809545,0,1.4,1.0,0,1.0,2.0,9,9,richardson_1,1.4,0.0,1,1.32,0.037125294633328074,1.0,1.4,0.014443042917942218
damped_osc_pow,20,0.02,0.1,703.0,0.09995922843809545,0,1.38,1.0,0,3.0,2.0,9,9,pade_22,1.4,0.02,0,1.32,0.037125294633328074,1.0,1.4,0.014443042917942218
damped_osc_pow,30,0.0,0.1,1029.0,0.09998049460378683,0,1.4,1.0,0,1.0,1.0,9,9,richardson_1,1.4,0.0,1,1.2,0.03392147382527995,1.0,1.4,0.011239222109894094
damped_osc_pow,30,0.003,0.1,1029.0,0.09998049460378683,0,1.4,1.0,0,1.0,1.0,9,9,richardson_1,1.4,0.0,1,1.2,0.03392147382527995,1.0,1.4,0.011239222109894094
damped_osc_pow,30,0.005,0.1,1029.0,0.09998049460378683,0,1.4,1.0,0,1.0,1.0,9,9,richardson_1,1.4,0.0,1,1.3,0.03392147382527995,1.0,1.4,0.011239222109894094
damped_osc_pow,30,0.01,0.1,1029.0,0.09998049460378683,0,1.36,1.0,0,3.0,1.0,9,9,pade_22,1.4,0.04,0,1.2,0.03392147382527995,1.0,1.4,0.011239222109894094
damped_osc_pow,30,0.02,0.1,1029.0,0.09998049460378683,0,1.36,1.0,0,3.0,1.0,9,9,pade_22,1.4,0.04,0,1.2,0.03392147382527995,1.0,1.4,0.011239222109894094
damped_osc_pow,40,0.0,0.1,1356.0,0.0999836399944975,0,1.4,1.0,0,1.0,1.0,9,9,richardson_1,1.4,0.0,1,1.2,0.032059128469341364,1.0,1.4,0.009376876753955512
damped_osc_pow,40,0.003,0.1,1356.0,0.0999836399944975,0,1.4,1.0,0,1.0,1.0,9,9,richardson_1,1.4,0.0,1,1.2,0.032059128469341364,1.0,1.4,0.009376876753955512
damped_osc_pow,40,0.005,0.1,1356.0,0.0999836399944975,0,1.36,1.0,0,3.0,1.0,9,9,pade_22,1.4,0.04,0,1.2,0.032059128469341364,1.0,1.4,0.009376876753955512
damped_osc_pow,40,0.01,0.1,1356.0,0.0999836399944975,0,1.36,1.0,0,3.0,1.0,9,9,pade_22,1.4,0.04,0,1.2,0.032059128469341364,1.0,1.4,0.009376876753955512
damped_osc_pow,40,0.02,0.1,1356.0,0.0999836399944975,0,1.4,1.0,0,1.0,1.0,9,9,richardson_1,1.4,0.0,1,1.2,0.032059128469341364,1.0,1.4,0.009376876753955512
damped_osc_pow,50,0.0,0.1,1684.0,0.09999985538834824,0,1.4,1.0,0,1.0,1.0,9,9,richardson_1,1.4,0.0,1,1.2,0.03081931929305689,1.0,1.4,0.00813706757767104
damped_osc_pow,50,0.003,0.1,1684.0,0.09999985538834824,0,1.4,1.0,0,1.0,1.0,9,9,richardson_1,1.4,0.0,1,1.2,0.03081931929305689,1.0,1.4,0.00813706757767104
damped_osc_pow,50,0.005,0.1,1684.0,0.09999985538834824,0,1.38,1.0,0,3.0,1.0,9,9,pade_22,1.4,0.02,0,1.2,0.03081931929305689,1.0,1.4,0.00813706757767104
damped_osc_pow,50,0.01,0.1,1684.0,0.09999985538834824,0,1.38,1.0,0,3.0,1.0,9,9,pade_22,1.4,0.02,0,1.1,0.03081931929305689,1.0,1.4,0.00813706757767104
damped_osc_pow,50,0.02,0.1,1684.0,0.09999985538834824,0,1.32,1.0,0,3.0,1.0,9,9,pade_22,1.4,0.08,0,1.18,0.03081931929305689,1.0,1.4,0.00813706757767104
damped_osc_pow,60,0.0,0.1,2014.0,0.09999706993663447,0,1.4,1.0,0,2.0,2.0,9,9,pade_22,1.4,0.0,0,1.2,0.029922128712098803,1.0,1.4,0.007239876996712952
damped_osc_pow,60,0.003,0.1,2014.0,0.09999706993663447,0,1.4,1.0,0,1.0,1.0,9,9,richardson_1,1.4,0.0,1,1.1,0.029922128712098803,1.0,1.4,0.007239876996712952
damped_osc_pow,60,0.005,0.1,2014.0,0.09999706993663447,0,1.4,1.0,0,1.0,1.0,9,9,richardson_1,1.4,0.0,1,1.2,0.029922128712098803,1.0,1.4,0.007239876996712952
damped_osc_pow,60,0.01,0.1,2014.0,0.09999706993663447,0,1.38,1.0,0,3.0,1.0,9,9,pade_22,1.4,0.02,0,1.2,0.029922128712098803,1.0,1.4,0.007239876996712952
damped_osc_pow,60,0.02,0.1,2014.0,0.09999706993663447,0,1.36,1.0,0,3.0,2.0,9,9,pade_22,1.4,0.04,0,1.2,0.029922128712098803,1.0,1.4,0.007239876996712952
damped_osc_pow,70,0.0,0.1,2346.0,0.09998569687495819,0,1.4,1.0,0,2.0,2.0,9,9,pade_22,1.4,0.0,0,1.1,0.029237405240521395,1.0,1.4,0.0065551535251355455
damped_osc_pow,70,0.003,0.1,2346.0,0.09998569687495819,0,1.4,1.0,0,1.0,1.0,9,9,richardson_1,1.4,0.0,1,1.1,0.029237405240521395,1.0,1.4,0.0065551535251355455
damped_osc_pow,70,0.005,0.1,2346.0,0.09998569687495819,0,1.4,1.0,0,1.0,1.0,9,9,richardson_1,1.4,0.0,1,1.18,0.029237405240521395,1.0,1.4,0.0065551535251355455
damped_osc_pow,70,0.01,0.1,2346.0,0.09998569687495819,0,1.4,1.0,0,1.0,1.0,9,9,richardson_1,1.4,0.0,1,1.2,0.029237405240521395,1.0,1.4,0.0065551535251355455
damped_osc_pow,70,0.02,0.1,2346.0,0.09998569687495819,0,1.34,1.0,0,3.0,3.0,9,9,rational_fit,1.36,0.02,0,1.16,0.029237405240521395,1.0,1.4,0.0065551535251355455
damped_osc_pow,80,0.0,0.1,2679.0,0.09999379349608606,0,1.4,1.0,0,1.0,1.0,9,9,richardson_1,1.4,0.0,1,1.1,0.028695980026194584,1.0,1.4,0.006013728310808734
damped_osc_pow,80,0.003,0.1,2679.0,0.09999379349608606,0,1.4,1.0,0,2.0,2.0,9,9,pade_22,1.4,0.0,0,1.1,0.028695980026194584,1.0,1.4,0.006013728310808734
damped_osc_pow,80,0.005,0.1,2679.0,0.09999379349608606,0,1.4,1.0,0,2.0,2.0,9,9,rational_fit,1.4,0.0,0,1.18,0.028695980026194584,1.0,1.4,0.006013728310808734
damped_osc_pow,80,0.01,0.1,2679.0,0.09999379349608606,0,1.4,1.0,0,1.0,1.0,9,8,richardson_1,1.4,0.0,1,1.0,0.028695980026194584,1.0,1.4,0.006013728310808734
damped_osc_pow,80,0.02,0.1,2679.0,0.09999379349608606,0,1.2,1.0,0,5.0,3.0,9,9,log_linear,1.28,0.08,0,0.96,0.028695980026194584,1.0,1.38,0.006013728310808734
damped_osc_pow,90,0.0,0.1,3014.0,0.09999319502597674,0,1.4,1.0,0,1.0,1.0,9,9,richardson_1,1.4,0.0,1,1.08,0.028253964891918497,1.0,1.4,0.005571713176532649
damped_osc_pow,90,0.003,0.1,3014.0,0.09999319502597674,0,1.38,1.0,0,4.0,1.0,9,9,rational_fit,1.4,0.02,0,1.0,0.028253964891918497,1.0,1.4,0.005571713176532649
damped_osc_pow,90,0.005,0.1,3014.0,0.09999319502597674,0,1.4,1.0,0,1.0,1.0,9,9,richardson_1,1.4,0.0,1,1.08,0.028253964891918497,1.0,1.4,0.005571713176532649
damped_osc_pow,90,0.01,0.1,3014.0,0.09999319502597674,0,1.4,1.0,0,1.0,3.0,9,9,richardson_1,1.4,0.0,1,1.06,0.028253964891918497,1.0,1.4,0.005571713176532649
damped_osc_pow,90,0.02,0.1,3014.0,0.09999319502597674,0,1.34,1.0,0,2.0,3.0,9,9,rational_fit,1.36,0.02,0,1.06,0.028253964891918497,1.0,1.4,0.005571713176532649
damped_osc_pow,100,0.0,0.1,3351.0,0.09998615598987086,0,1.4,1.0,0,1.0,1.0,9,9,richardson_1,1.4,0.0,1,1.08,0.02788498174788482,1.0,1.4,0.005202730032498971
damped_osc_pow,100,0.003,0.1,3351.0,0.09998615598987086,0,1.4,1.0,0,1.0,1.0,9,9,richardson_1,1.4,0.0,1,1.08,0.02788498174788482,1.0,1.4,0.005202730032498971
damped_osc_pow,100,0.005,0.1,3351.0,0.09998615598987086,0,1.38,1.0,0,4.0,3.0,9,9,rational_fit,1.4,0.02,0,1.08,0.02788498174788482,1.0,1.4,0.005202730032498971
damped_osc_pow,100,0.01,0.1,3351.0,0.09998615598987086,0,1.38,1.0,0,2.0,3.0,9,9,richardson_a10,1.4,0.02,0,1.02,0.02788498174788482,1.0,1.4,0.005202730032498971
damped_osc_pow,100,0.02,0.1,3351.0,0.09998615598987086,0,1.36,1.0,0,2.0,4.0,9,9,richardson_a10,1.38,0.02,0,1.1,0.02788498174788482,1.0,1.4,0.005202730032498971
damped_osc_pow,110,0.0,0.1,3689.0,0.09999145441751751,0,1.4,1.0,0,1.0,1.0,9,9,richardson_1,1.4,0.0,1,1.08,0.027572263620705424,1.0,1.4,0.004890011905319576
damped_osc_pow,110,0.003,0.1,3689.0,0.09999145441751751,0,1.38,1.0,0,3.0,1.0,9,8,richardson_a10,1.4,0.02,0,0.98,0.027572263620705424,1.0,1.4,0.004890011905319576
damped_osc_pow,110,0.005,0.1,3689.0,0.09999145441751751,0,1.34,1.0,0,2.0,3.0,9,9,richardson_a10,1.4,0.06,0,1.08,0.027572263620705424,1.0,1.4,0.004890011905319576
damped_osc_pow,110,0.01,0.1,3689.0,0.09999145441751751,0,1.3,1.0,0,2.0,1.0,9,9,richardson_a10,1.4,0.1,0,0.98,0.027572263620705424,1.0,1.4,0.004890011905319576
damped_osc_pow,110,0.02,0.1,3689.0,0.09999145441751751,0,1.34,1.0,0,1.0,1.0,9,9,richardson_1,1.34,0.0,1,1.04,0.027572263620705424,1.0,1.38,0.004890011905319576
damped_osc_pow,120,0.0,0.1,4029.0,0.09998943761096972,0,1.4,1.0,0,1.0,1.0,9,9,richardson_1,1.4,0.0,1,0.98,0.027302465646565098,1.0,1.4,0.00462021393117925
damped_osc_pow,120,0.003,0.1,4029.0,0.09998943761096972,0,1.38,1.0,0,4.0,3.0,9,9,rational_fit,1.4,0.02,0,0.98,0.027302465646565098,1.0,1.4,0.00462021393117925
damped_osc_pow,120,0.005,0.1,4029.0,0.09998943761096972,0,1.36,1.0,0,4.0,1.0,9,9,rational_fit,1.4,0.04,0,0.94,0.027302465646565098,1.0,1.4,0.00462021393117925
damped_osc_pow,120,0.01,0.1,4029.0,0.09998943761096972,0,1.38,1.0,0,2.0,2.0,9,9,richardson_a10,1.4,0.02,0,0.98,0.027302465646565098,1.0,1.4,0.00462021393117925
damped_osc_pow,120,0.02,0.1,4029.0,0.09998943761096972,0,1.22,1.0,0,2.0,2.0,9,9,richardson_a10,1.26,0.04,0,1.14,0.027302465646565098,1.0,1.38,0.00462021393117925
damped_osc_pow,130,0.0,0.1,4370.0,0.09999603532083293,0,1.4,1.0,0,1.0,1.0,9,9,richardson_1,1.4,0.0,1,0.98,0.02706748880387666,1.0,1.4,0.004385237088490812
damped_osc_pow,130,0.003,0.1,4370.0,0.09999603532083293,0,1.4,1.0,0,2.0,2.0,9,9,rational_fit,1.4,0.0,0,0.96,0.02706748880387666,1.0,1.4,0.004385237088490812
damped_osc_pow,130,0.005,0.1,4370.0,0.09999603532083293,0,1.36,1.0,0,3.0,4.0,9,9,rational_fit,1.4,0.04,0,0.94,0.02706748880387666,1.0,1.4,0.004385237088490812
damped_osc_pow,130,0.01,0.1,4370.0,0.09999603532083293,0,1.4,1.0,0,1.0,2.0,9,9,richardson_1,1.4,0.0,1,1.0,0.02706748880387666,1.0,1.4,0.004385237088490812
damped_osc_pow,130,0.02,0.1,4370.0,0.09999603532083293,0,1.34,1.0,0,2.0,4.0,9,9,richardson_a10,1.4,0.06,0,0.98,0.02706748880387666,1.0,1.4,0.004385237088490812
damped_osc_pow,140,0.0,0.1,4713.0,0.09999526683401652,0,1.4,1.0,0,1.0,1.0,9,9,richardson_1,1.4,0.0,1,0.94,0.026860070408178907,1.0,1.4,0.004177818692793054
damped_osc_pow,140,0.003,0.1,4713.0,0.09999526683401652,0,1.38,1.0,0,3.0,3.0,9,9,rational_fit,1.4,0.02,0,0.94,0.026860070408178907,1.0,1.4,0.004177818692793054
damped_osc_pow,140,0.005,0.1,4713.0,0.09999526683401652,0,1.4,1.0,0,2.0,3.0,9,9,rational_fit,1.4,0.0,0,0.94,0.026860070408178907,1.0,1.4,0.004177818692793054
damped_osc_pow,140,0.01,0.1,4713.0,0.09999526683401652,0,1.32,1.0,0,2.0,2.0,9,9,richardson_a10,1.4,0.08,0,0.96,0.026860070408178907,1.0,1.4,0.004177818692793054
damped_osc_pow,140,0.02,0.1,4713.0,0.09999526683401652,0,1.4,1.0,0,1.0,1.0,9,9,richardson_1,1.4,0.0,1,0.86,0.026860070408178907,1.0,1.4,0.004177818692793054
delayed_plateau,20,0.0,0.1,249.0,0.09925570496400136,0,1.4,1.0,0,4.0,4.0,9,9,log_linear,1.4,0.0,0,1.4,0.06481331894591388,1.0,1.4,0.049745979945103595
delayed_plateau,20,0.003,0.1,249.0,0.09925570496400136,0,1.4,1.0,0,2.0,2.0,9,9,log_linear,1.4,0.0,0,1.4,0.06481331894591388,1.0,1.4,0.049745979945103595
delayed_plateau,20,0.005,0.1,249.0,0.09925570496400136,0,1.4,1.0,0,4.0,4.0,9,9,pade_22,1.4,0.0,0,1.4,0.06481331894591388,1.0,1.4,0.049745979945103595
delayed_plateau,20,0.01,0.1,249.0,0.09925570496400136,0,1.4,1.0,0,4.0,4.0,9,9,pade_22,1.4,0.0,0,1.4,0.06481331894591388,1.0,1.4,0.049745979945103595
delayed_plateau,20,0.02,0.1,249.0,0.09925570496400136,0,1.4,1.0,0,2.0,3.0,9,9,log_linear,1.4,0.0,0,1.4,0.06481331894591388,1.0,1.4,0.049745979945103595
delayed_plateau,30,0.0,0.1,253.0,0.09933977901584715,0,1.4,1.0,0,2.0,2.0,9,9,log_linear,1.4,0.0,0,1.4,0.0628627511723491,1.0,1.4,0.047795412171538806
delayed_plateau,30,0.003,0.1,253.0,0.09933977901584715,0,1.4,1.0,0,2.0,2.0,9,9,log_linear,1.4,0.0,0,1.4,0.0628627511723491,1.0,1.4,0.047795412171538806
delayed_plateau,30,0.005,0.1,253.0,0.09933977901584715,0,1.4,1.0,0,2.0,2.0,9,9,log_linear,1.4,0.0,0,1.4,0.0628627511723491,1.0,1.4,0.047795412171538806
delayed_plateau,30,0.01,0.1,253.0,0.09933977901584715,0,1.4,1.0,0,3.0,3.0,9,9,pade_22,1.4,0.0,0,1.4,0.0628627511723491,1.0,1.4,0.047795412171538806
delayed_plateau,30,0.02,0.1,253.0,0.09933977901584715,0,1.4,1.0,0,2.0,2.0,9,8,log_linear,1.4,0.0,0,1.4,0.0628627511723491,1.0,1.4,0.047795412171538806
delayed_plateau,40,0.0,0.1,257.0,0.09934830491627893,0,1.4,1.0,0,2.0,2.0,9,9,log_linear,1.4,0.0,0,1.4,0.0609886662551572,1.0,1.4,0.04592132725434691
delayed_plateau,40,0.003,0.1,257.0,0.09934830491627893,0,1.4,1.0,0,2.0,2.0,9,9,log_linear,1.4,0.0,0,1.4,0.0609886662551572,1.0,1.4,0.04592132725434691
delayed_plateau,40,0.005,0.1,257.0,0.09934830491627893,0,1.4,1.0,0,2.0,2.0,9,9,log_linear,1.4,0.0,0,1.4,0.0609886662551572,1.0,1.4,0.04592132725434691
delayed_plateau,40,0.01,0.1,257.0,0.09934830491627893,0,1.4,1.0,0,2.0,2.0,9,9,log_linear,1.4,0.0,0,1.4,0.0609886662551572,1.0,1.4,0.04592132725434691
delayed_plateau,40,0.02,0.1,257.0,0.09934830491627893,0,1.4,1.0,0,2.0,3.0,9,9,log_linear,1.4,0.0,0,1.4,0.0609886662551572,1.0,1.4,0.04592132725434691
delayed_plateau,50,0.0,0.1,271.0,0.09972673126738552,0,1.4,1.0,0,2.0,2.0,9,9,log_linear,1.4,0.0,0,1.4,0.054989423029820406,1.0,1.4,0.03992208402901011
delayed_plateau,50,0.003,0.1,271.0,0.09972673126738552,0,1.4,1.0,0,2.0,2.0,9,9,log_linear,1.4,0.0,0,1.4,0.054989423029820406,1.0,1.4,0.03992208402901011
delayed_plateau,50,0.005,0.1,271.0,0.09972673126738552,0,1.4,1.0,0,2.0,2.0,9,9,log_linear,1.4,0.0,0,1.4,0.054989423029820406,1.0,1.4,0.03992208402901011
delayed_plateau,50,0.01,0.1,271.0,0.09972673126738552,0,1.4,1.0,0,3.0,3.0,9,9,pade_22,1.4,0.0,0,1.4,0.054989423029820406,1.0,1.4,0.03992208402901011
delayed_plateau,50,0.02,0.1,271.0,0.09972673126738552,0,1.4,1.0,0,3.0,3.0,9,9,pade_22,1.4,0.0,0,1.4,0.054989423029820406,1.0,1.4,0.03992208402901011
delayed_plateau,60,0.0,0.1,288.0,0.0998224296470312,0,1.4,1.0,0,7.0,7.0,9,9,single_exp_fit,1.4,0.0,0,1.38,0.04874819670129052,1.0,1.4,0.03368085770048023
delayed_plateau,60,0.003,0.1,288.0,0.0998224296470312,0,1.4,1.0,0,5.0,5.0,9,9,single_exp_fit,1.4,0.0,0,1.38,0.04874819670129052,1.0,1.4,0.03368085770048023
delayed_plateau,60,0.005,0.1,288.0,0.0998224296470312,0,1.4,1.0,0,5.0,5.0,9,9,single_exp_fit,1.4,0.0,0,1.38,0.04874819670129052,1.0,1.4,0.03368085770048023
delayed_plateau,60,0.01,0.1,288.0,0.0998224296470312,0,1.32,1.0,0,5.0,5.0,9,9,single_exp_fit,1.4,0.08,0,1.4,0.04874819670129052,1.0,1.4,0.03368085770048023
delayed_plateau,60,0.02,0.1,288.0,0.0998224296470312,0,1.32,1.0,0,4.0,4.0,9,8,single_exp_fit,1.4,0.08,0,1.4,0.04874819670129052,1.0,1.4,0.03368085770048023
delayed_plateau,70,0.0,0.1,301.0,0.09903966454541235,0,1.4,1.0,0,4.0,4.0,9,8,single_exp_fit,1.4,0.0,0,1.38,0.04464234625708757,1.0,1.4,0.029575007256277288
delayed_plateau,70,0.003,0.1,301.0,0.09903966454541235,0,1.4,1.0,0,4.0,4.0,9,8,single_exp_fit,1.4,0.0,0,1.38,0.04464234625708757,1.0,1.4,0.029575007256277288
delayed_plateau,70,0.005,0.1,301.0,0.09903966454541235,0,1.4,1.0,0,4.0,4.0,9,8,single_exp_fit,1.4,0.0,0,1.38,0.04464234625708757,1.0,1.4,0.029575007256277288
delayed_plateau,70,0.01,0.1,301.0,0.09903966454541235,0,1.4,1.0,0,4.0,4.0,9,9,single_exp_fit,1.4,0.0,0,1.38,0.04464234625708757,1.0,1.4,0.029575007256277288
delayed_plateau,70,0.02,0.1,301.0,0.09903966454541235,0,1.4,1.0,0,4.0,4.0,9,9,single_exp_fit,1.4,0.0,0,1.38,0.04464234625708757,1.0,1.4,0.029575007256277288
delayed_plateau,80,0.0,0.1,311.0,0.09925383726596504,0,1.4,1.0,0,4.0,4.0,9,9,single_exp_fit,1.4,0.0,0,1.38,0.041827912204975004,1.0,1.4,0.02676057320416472
delayed_plateau,80,0.003,0.1,311.0,0.09925383726596504,0,1.4,1.0,0,4.0,4.0,9,9,single_exp_fit,1.4,0.0,0,1.38,0.041827912204975004,1.0,1.4,0.02676057320416472
delayed_plateau,80,0.005,0.1,311.0,0.09925383726596504,0,1.4,1.0,0,4.0,4.0,9,9,single_exp_fit,1.4,0.0,0,1.38,0.041827912204975004,1.0,1.4,0.02676057320416472
delayed_plateau,80,0.01,0.1,311.0,0.09925383726596504,0,1.4,1.0,0,4.0,4.0,9,9,single_exp_fit,1.4,0.0,0,1.38,0.041827912204975004,1.0,1.4,0.02676057320416472
delayed_plateau,80,0.02,0.1,311.0,0.09925383726596504,0,1.4,1.0,0,4.0,4.0,9,9,single_exp_fit,1.4,0.0,0,1.38,0.041827912204975004,1.0,1.4,0.02676057320416472
delayed_plateau,90,0.0,0.1,321.0,0.09926115995627992,0,1.4,1.0,0,5.0,5.0,9,9,single_exp_fit,1.4,0.0,0,1.38,0.039281306964028984,1.0,1.4,0.02421396796321869
delayed_plateau,90,0.003,0.1,321.0,0.09926115995627992,0,1.4,1.0,0,4.0,4.0,9,8,single_exp_fit,1.4,0.0,0,1.38,0.039281306964028984,1.0,1.4,0.02421396796321869
delayed_plateau,90,0.005,0.1,321.0,0.09926115995627992,0,1.4,1.0,0,4.0,4.0,9,8,single_exp_fit,1.4,0.0,0,1.38,0.039281306964028984,1.0,1.4,0.02421396796321869
delayed_plateau,90,0.01,0.1,321.0,0.09926115995627992,0,1.4,1.0,0,4.0,4.0,9,8,single_exp_fit,1.4,0.0,0,1.38,0.039281306964028984,1.0,1.4,0.02421396796321869
delayed_plateau,90,0.02,0.1,321.0,0.09926115995627992,0,1.4,1.0,0,4.0,4.0,9,8,single_exp_fit,1.4,0.0,0,1.38,0.039281306964028984,1.0,1.4,0.02421396796321869
delayed_plateau,100,0.0,0.1,331.0,0.09926125105602016,0,1.4,1.0,0,5.0,5.0,9,9,levin_t2,1.4,0.0,0,1.38,0.03697704325305454,1.0,1.4,0.02190970425224424
delayed_plateau,100,0.003,0.1,331.0,0.09926125105602016,0,1.4,1.0,0,4.0,4.0,9,9,pade_22,1.4,0.0,0,1.38,0.03697704325305454,1.0,1.4,0.02190970425224424
delayed_plateau,100,0.005,0.1,331.0,0.09926125105602016,0,1.4,1.0,0,4.0,4.0,9,9,pade_22,1.4,0.0,0,1.38,0.03697704325305454,1.0,1.4,0.02190970425224424
delayed_plateau,100,0.01,0.1,331.0,0.09926125105602016,0,1.4,1.0,0,4.0,4.0,9,9,pade_22,1.4,0.0,0,1.38,0.03697704325305454,1.0,1.4,0.02190970425224424
delayed_plateau,100,0.02,0.1,331.0,0.09926125105602016,0,1.4,1.0,0,3.0,3.0,9,8,rational_fit,1.4,0.0,0,1.38,0.03697704325305454,1.0,1.4,0.02190970425224424
delayed_plateau,110,0.0,0.1,341.0,0.09926125154509932,0,1.4,1.0,0,4.0,4.0,9,9,levin_t2,1.4,0.0,0,1.38,0.03489205922634245,1.0,1.4,0.01982472022553216
delayed_plateau,110,0.003,0.1,341.0,0.09926125154509932,0,1.4,1.0,0,4.0,4.0,9,9,rational_fit,1.4,0.0,0,1.38,0.03489205922634245,1.0,1.4,0.01982472022553216
delayed_plateau,110,0.005,0.1,341.0,0.09926125154509932,0,1.4,1.0,0,4.0,4.0,9,9,rational_fit,1.4,0.0,0,1.38,0.03489205922634245,1.0,1.4,0.01982472022553216
delayed_plateau,110,0.01,0.1,341.0,0.09926125154509932,0,1.4,1.0,0,4.0,4.0,9,9,pade_22,1.4,0.0,0,1.38,0.03489205922634245,1.0,1.4,0.01982472022553216
delayed_plateau,110,0.02,0.1,341.0,0.09926125154509932,0,1.4,1.0,0,3.0,3.0,9,8,rational_fit,1.4,0.0,0,1.38,0.03489205922634245,1.0,1.4,0.01982472022553216
delayed_plateau,120,0.0,0.1,351.0,0.09926125155757164,0,1.4,1.0,0,6.0,6.0,9,9,levin_t2,1.4,0.0,0,1.38,0.03300548766296607,1.0,1.4,0.017938148662155783
delayed_plateau,120,0.003,0.1,351.0,0.09926125155757164,0,1.4,1.0,0,6.0,6.0,9,9,pade_22,1.4,0.0,0,1.38,0.03300548766296607,1.0,1.4,0.017938148662155783
delayed_plateau,120,0.005,0.1,351.0,0.09926125155757164,0,1.4,1.0,0,6.0,6.0,9,9,single_exp_fit,1.4,0.0,0,1.38,0.03300548766296607,1.0,1.4,0.017938148662155783
delayed_plateau,120,0.01,0.1,351.0,0.09926125155757164,0,1.4,1.0,0,5.0,5.0,9,8,single_exp_fit,1.4,0.0,0,1.38,0.03300548766296607,1.0,1.4,0.017938148662155783
delayed_plateau,120,0.02,0.1,351.0,0.09926125155757164,0,1.4,1.0,0,5.0,5.0,9,9,single_exp_fit,1.4,0.0,0,1.38,0.03300548766296607,1.0,1.4,0.017938148662155783
delayed_plateau,130,0.0,0.1,361.0,0.09926125155933554,0,1.4,1.0,0,7.0,7.0,9,9,single_exp_fit,1.4,0.0,0,1.36,0.03129844712062054,1.0,1.4,0.01623110811981025
delayed_plateau,130,0.003,0.1,361.0,0.09926125155933554,0,1.4,1.0,0,5.0,5.0,9,9,single_exp_fit,1.4,0.0,0,1.36,0.03129844712062054,1.0,1.4,0.01623110811981025
delayed_plateau,130,0.005,0.1,361.0,0.09926125155933554,0,1.4,1.0,0,5.0,5.0,9,9,single_exp_fit,1.4,0.0,0,1.38,0.03129844712062054,1.0,1.4,0.01623110811981025
delayed_plateau,130,0.01,0.1,361.0,0.09926125155933554,0,1.4,1.0,0,5.0,5.0,9,8,single_exp_fit,1.4,0.0,0,1.38,0.03129844712062054,1.0,1.4,0.01623110811981025
delayed_plateau,130,0.02,0.1,361.0,0.09926125155933554,0,1.4,1.0,0,5.0,5.0,9,9,log_linear,1.4,0.0,0,1.38,0.03129844712062054,1.0,1.4,0.01623110811981025
delayed_plateau,140,0.0,0.1,371.0,0.09926125155959929,0,1.4,1.0,0,7.0,7.0,9,9,single_exp_fit,1.4,0.0,0,1.36,0.02975385296380189,1.0,1.4,0.014686513962991601
delayed_plateau,140,0.003,0.1,371.0,0.09926125155959929,0,1.4,1.0,0,5.0,5.0,9,9,single_exp_fit,1.4,0.0,0,1.36,0.02975385296380189,1.0,1.4,0.014686513962991601
delayed_plateau,140,0.005,0.1,371.0,0.09926125155959929,0,1.4,1.0,0,5.0,5.0,9,9,single_exp_fit,1.4,0.0,0,1.36,0.02975385296380189,1.0,1.4,0.014686513962991601
delayed_plateau,140,0.01,0.1,371.0,0.09926125155959929,0,1.4,1.0,0,5.0,5.0,9,8,log_linear,1.4,0.0,0,1.36,0.02975385296380189,1.0,1.4,0.014686513962991601
delayed_plateau,140,0.02,0.1,371.0,0.09926125155959929,0,1.4,1.0,0,5.0,5.0,9,9,single_exp_fit,1.4,0.0,0,1.36,0.02975385296380189,1.0,1.4,0.014686513962991601
four_exp,20,0.0,0.1,454.0,0.09972739888143181,0,1.4,1.0,0,3.0,3.0,9,9,pade_22,1.4,0.0,0,1.34,0.11343950317612868,1.0,1.4,0.032537384272650606
four_exp,20,0.003,0.1,454.0,0.09972739888143181,0,1.4,1.0,0,2.0,2.0,9,9,log_linear,1.4,0.0,0,1.34,0.11343950317612868,1.0,1.4,0.032537384272650606
four_exp,20,0.005,0.1,454.0,0.09972739888143181,0,1.4,1.0,0,2.0,2.0,9,9,log_linear,1.4,0.0,0,1.34,0.11343950317612868,1.0,1.4,0.032537384272650606
four_exp,20,0.01,0.1,454.0,0.09972739888143181,0,1.4,1.0,0,2.0,2.0,9,9,log_linear,1.4,0.0,0,1.34,0.11343950317612868,1.0,1.4,0.032537384272650606
four_exp,20,0.02,0.1,454.0,0.09972739888143181,0,1.4,1.0,0,2.0,3.0,9,9,log_linear,1.4,0.0,0,1.32,0.11343950317612868,1.0,1.4,0.032537384272650606
four_exp,30,0.0,0.1,493.0,0.09965604664997246,0,1.4,1.0,0,4.0,4.0,9,9,pade_22,1.4,0.0,0,1.3,0.10873865102187319,1.0,1.4,0.027836532118395124
four_exp,30,0.003,0.1,493.0,0.09965604664997246,0,1.4,1.0,0,2.0,2.0,9,9,log_linear,1.4,0.0,0,1.3,0.10873865102187319,1.0,1.4,0.027836532118395124
four_exp,30,0.005,0.1,493.0,0.09965604664997246,0,1.4,1.0,0,2.0,2.0,9,9,log_linear,1.4,0.0,0,1.3,0.10873865102187319,1.0,1.4,0.027836532118395124
four_exp,30,0.01,0.1,493.0,0.09965604664997246,0,1.4,1.0,0,2.0,2.0,9,9,log_linear,1.4,0.0,0,1.32,0.10873865102187319,1.0,1.4,0.027836532118395124
four_exp,30,0.02,0.1,493.0,0.09965604664997246,0,1.4,1.0,0,3.0,3.0,9,9,pade_22,1.4,0.0,0,1.3,0.10873865102187319,1.0,1.4,0.027836532118395124
four_exp,40,0.0,0.1,524.0,0.09965412933128014,0,1.4,1.0,0,4.0,4.0,9,9,pade_22,1.4,0.0,0,1.3,0.10549197493458878,1.0,1.4,0.024589856031110705
four_exp,40,0.003,0.1,524.0,0.09965412933128014,0,1.4,1.0,0,2.0,2.0,9,9,log_linear,1.4,0.0,0,1.3,0.10549197493458878,1.0,1.4,0.024589856031110705
four_exp,40,0.005,0.1,524.0,0.09965412933128014,0,1.4,1.0,0,2.0,2.0,9,9,log_linear,1.4,0.0,0,1.3,0.10549197493458878,1.0,1.4,0.024589856031110705
four_exp,40,0.01,0.1,524.0,0.09965412933128014,0,1.4,1.0,0,2.0,2.0,9,9,log_linear,1.4,0.0,0,1.3,0.10549197493458878,1.0,1.4,0.024589856031110705
four_exp,40,0.02,0.1,524.0,0.09965412933128014,0,1.4,1.0,0,3.0,3.0,9,9,pade_22,1.4,0.0,0,1.3,0.10549197493458878,1.0,1.4,0.024589856031110705
four_exp,50,0.0,0.1,550.0,0.09979764272798133,0,1.4,1.0,0,4.0,4.0,9,9,pade_22,1.4,0.0,0,1.28,0.10306296411674686,1.0,1.4,0.022160845213268783
four_exp,50,0.003,0.1,550.0,0.09979764272798133,0,1.4,1.0,0,2.0,2.0,9,9,log_linear,1.4,0.0,0,1.28,0.10306296411674686,1.0,1.4,0.022160845213268783
four_exp,50,0.005,0.1,550.0,0.09979764272798133,0,1.4,1.0,0,2.0,2.0,9,9,log_linear,1.4,0.0,0,1.3,0.10306296411674686,1.0,1.4,0.022160845213268783
four_exp,50,0.01,0.1,550.0,0.09979764272798133,0,1.4,1.0,0,2.0,2.0,9,9,log_linear,1.4,0.0,0,1.28,0.10306296411674686,1.0,1.4,0.022160845213268783
four_exp,50,0.02,0.1,550.0,0.09979764272798133,0,1.4,1.0,0,3.0,3.0,9,9,pade_22,1.4,0.0,0,1.3,0.10306296411674686,1.0,1.4,0.022160845213268783
four_exp,60,0.0,0.1,573.0,0.09990413723962463,0,1.4,1.0,0,4.0,4.0,9,9,pade_22,1.4,0.0,0,1.26,0.10111506532955603,1.0,1.4,0.020212946426077953
four_exp,60,0.003,0.1,573.0,0.09990413723962463,0,1.4,1.0,0,2.0,2.0,9,9,log_linear,1.4,0.0,0,1.26,0.10111506532955603,1.0,1.4,0.020212946426077953
four_exp,60,0.005,0.1,573.0,0.09990413723962463,0,1.4,1.0,0,2.0,2.0,9,9,log_linear,1.4,0.0,0,1.26,0.10111506532955603,1.0,1.4,0.020212946426077953
four_exp,60,0.01,0.1,573.0,0.09990413723962463,0,1.4,1.0,0,2.0,2.0,9,9,log_linear,1.4,0.0,0,1.28,0.10111506532955603,1.0,1.4,0.020212946426077953
four_exp,60,0.02,0.1,573.0,0.09990413723962463,0,1.4,1.0,0,3.0,3.0,9,9,pade_22,1.4,0.0,0,1.26,0.10111506532955603,1.0,1.4,0.020212946426077953
four_exp,70,0.0,0.1,594.0,0.09989004682495772,0,1.4,1.0,0,3.0,3.0,9,9,pade_22,1.4,0.0,0,1.26,0.09948649422767603,1.0,1.4,0.018584375324197957
four_exp,70,0.003,0.1,594.0,0.09989004682495772,0,1.4,1.0,0,2.0,2.0,9,9,log_linear,1.4,0.0,0,1.26,0.09948649422767603,1.0,1.4,0.018584375324197957
four_exp,70,0.005,0.1,594.0,0.09989004682495772,0,1.4,1.0,0,2.0,2.0,9,9,log_linear,1.4,0.0,0,1.26,0.09948649422767603,1.0,1.4,0.018584375324197957
four_exp,70,0.01,0.1,594.0,0.09989004682495772,0,1.4,1.0,0,3.0,3.0,9,9,pade_22,1.4,0.0,0,1.24,0.09948649422767603,1.0,1.4,0.018584375324197957
four_exp,70,0.02,0.1,594.0,0.09989004682495772,0,1.4,1.0,0,2.0,2.0,9,8,log_linear,1.4,0.0,0,1.24,0.09948649422767603,1.0,1.4,0.018584375324197957
four_exp,80,0.0,0.1,613.0,0.09993942586616315,0,1.4,1.0,0,3.0,3.0,9,9,pade_22,1.4,0.0,0,1.24,0.09812639746774574,1.0,1.4,0.017224278564267656
four_exp,80,0.003,0.1,613.0,0.09993942586616315,0,1.4,1.0,0,2.0,2.0,9,9,log_linear,1.4,0.0,0,1.24,0.09812639746774574,1.0,1.4,0.017224278564267656
four_exp,80,0.005,0.1,613.0,0.09993942586616315,0,1.4,1.0,0,3.0,3.0,9,9,pade_22,1.4,0.0,0,1.24,0.09812639746774574,1.0,1.4,0.017224278564267656
four_exp,80,0.01,0.1,613.0,0.09993942586616315,0,1.4,1.0,0,2.0,2.0,9,9,log_linear,1.4,0.0,0,1.24,0.09812639746774574,1.0,1.4,0.017224278564267656
four_exp,80,0.02,0.1,613.0,0.09993942586616315,0,1.4,1.0,0,2.0,2.0,9,9,log_linear,1.4,0.0,0,1.26,0.09812639746774574,1.0,1.4,0.017224278564267656
four_exp,90,0.0,0.1,631.0,0.09977805552230239,0,1.4,1.0,0,2.0,2.0,9,9,log_linear,1.4,0.0,0,1.24,0.09692982931795122,1.0,1.4,0.016027710414473144
four_exp,90,0.003,0.1,631.0,0.09977805552230239,0,1.4,1.0,0,2.0,2.0,9,9,log_linear,1.4,0.0,0,1.24,0.09692982931795122,1.0,1.4,0.016027710414473144
four_exp,90,0.005,0.1,631.0,0.09977805552230239,0,1.4,1.0,0,2.0,3.0,9,9,log_linear,1.4,0.0,0,1.24,0.09692982931795122,1.0,1.4,0.016027710414473144
four_exp,90,0.01,0.1,631.0,0.09977805552230239,0,1.4,1.0,0,2.0,2.0,9,8,log_linear,1.4,0.0,0,1.24,0.09692982931795122,1.0,1.4,0.016027710414473144
four_exp,90,0.02,0.1,631.0,0.09977805552230239,0,1.4,1.0,0,2.0,2.0,9,9,log_linear,1.4,0.0,0,1.24,0.09692982931795122,1.0,1.4,0.016027710414473144
four_exp,100,0.0,0.1,647.0,0.09990220512581499,0,1.4,1.0,0,1.0,1.0,9,9,richardson_1,1.4,0.0,1,1.24,0.09593618385829747,1.0,1.4,0.015034064954819404
four_exp,100,0.003,0.1,647.0,0.09990220512581499,0,1.4,1.0,0,3.0,3.0,9,9,log_linear,1.4,0.0,0,1.24,0.09593618385829747,1.0,1.4,0.015034064954819404
four_exp,100,0.005,0.1,647.0,0.09990220512581499,0,1.4,1.0,0,2.0,2.0,9,9,log_linear,1.4,0.0,0,1.24,0.09593618385829747,1.0,1.4,0.015034064954819404
four_exp,100,0.01,0.1,647.0,0.09990220512581499,0,1.4,1.0,0,3.0,3.0,9,9,log_linear,1.4,0.0,0,1.24,0.09593618385829747,1.0,1.4,0.015034064954819404
four_exp,100,0.02,0.1,647.0,0.09990220512581499,0,1.4,1.0,0,2.0,2.0,9,9,log_linear,1.4,0.0,0,1.24,0.09593618385829747,1.0,1.4,0.015034064954819404
four_exp,110,0.0,0.1,662.0,0.09999299546805607,0,1.4,1.0,0,1.0,1.0,9,9,richardson_1,1.4,0.0,1,1.24,0.09506066326555268,1.0,1.4,0.014158544362074602
four_exp,110,0.003,0.1,662.0,0.09999299546805607,0,1.4,1.0,0,3.0,3.0,9,9,rational_fit,1.4,0.0,0,1.24,0.09506066326555268,1.0,1.4,0.014158544362074602
four_exp,110,0.005,0.1,662.0,0.09999299546805607,0,1.4,1.0,0,2.0,2.0,9,8,log_linear,1.4,0.0,0,1.24,0.09506066326555268,1.0,1.4,0.014158544362074602
four_exp,110,0.01,0.1,662.0,0.09999299546805607,0,1.4,1.0,0,2.0,2.0,9,9,log_linear,1.4,0.0,0,1.24,0.09506066326555268,1.0,1.4,0.014158544362074602
four_exp,110,0.02,0.1,662.0,0.09999299546805607,0,1.4,1.0,0,2.0,2.0,9,9,log_linear,1.4,0.0,0,1.22,0.09506066326555268,1.0,1.4,0.014158544362074602
four_exp,120,0.0,0.1,677.0,0.0997196295111014,0,1.4,1.0,0,1.0,1.0,9,9,richardson_1,1.4,0.0,1,1.24,0.09423613052638866,1.0,1.4,0.013334011622910591
four_exp,120,0.003,0.1,677.0,0.0997196295111014,0,1.4,1.0,0,2.0,2.0,9,9,log_linear,1.4,0.0,0,1.24,0.09423613052638866,1.0,1.4,0.013334011622910591
four_exp,120,0.005,0.1,677.0,0.0997196295111014,0,1.4,1.0,0,2.0,2.0,9,8,log_linear,1.4,0.0,0,1.24,0.09423613052638866,1.0,1.4,0.013334011622910591
four_exp,120,0.01,0.1,677.0,0.0997196295111014,0,1.4,1.0,0,2.0,2.0,9,9,log_linear,1.4,0.0,0,1.24,0.09423613052638866,1.0,1.4,0.013334011622910591
four_exp,120,0.02,0.1,677.0,0.0997196295111014,0,1.4,1.0,0,2.0,2.0,9,9,log_linear,1.4,0.0,0,1.22,0.09423613052638866,1.0,1.4,0.013334011622910591
four_exp,130,0.0,0.1,690.0,0.09994024204094876,0,1.4,1.0,0,1.0,1.0,9,9,richardson_1,1.4,0.0,1,1.24,0.09356047902377969,1.0,1.4,0.012658360120301616
four_exp,130,0.003,0.1,690.0,0.09994024204094876,0,1.4,1.0,0,2.0,2.0,9,9,log_linear,1.4,0.0,0,1.24,0.09356047902377969,1.0,1.4,0.012658360120301616
four_exp,130,0.005,0.1,690.0,0.09994024204094876,0,1.4,1.0,0,3.0,3.0,9,9,log_linear,1.4,0.0,0,1.24,0.09356047902377969,1.0,1.4,0.012658360120301616
four_exp,130,0.01,0.1,690.0,0.09994024204094876,0,1.4,1.0,0,2.0,2.0,9,9,log_linear,1.4,0.0,0,1.24,0.09356047902377969,1.0,1.4,0.012658360120301616
four_exp,130,0.02,0.1,690.0,0.09994024204094876,0,1.4,1.0,0,2.0,2.0,9,9,log_linear,1.4,0.0,0,1.22,0.09356047902377969,1.0,1.4,0.012658360120301616
four_exp,140,0.0,0.1,703.0,0.09990691652708643,0,1.4,1.0,0,2.0,2.0,9,9,levin_t2,1.4,0.0,0,1.24,0.09291906411007236,1.0,1.4,0.012016945206594298
four_exp,140,0.003,0.1,703.0,0.09990691652708643,0,1.4,1.0,0,2.0,2.0,9,8,log_linear,1.4,0.0,0,1.24,0.09291906411007236,1.0,1.4,0.012016945206594298
four_exp,140,0.005,0.1,703.0,0.09990691652708643,0,1.4,1.0,0,2.0,2.0,9,9,log_linear,1.4,0.0,0,1.24,0.09291906411007236,1.0,1.4,0.012016945206594298
four_exp,140,0.01,0.1,703.0,0.09990691652708643,0,1.4,1.0,0,2.0,3.0,9,9,log_linear,1.4,0.0,0,1.22,0.09291906411007236,1.0,1.4,0.012016945206594298
four_exp,140,0.02,0.1,703.0,0.09990691652708643,0,1.4,1.0,0,2.0,2.0,9,9,log_linear,1.4,0.0,0,1.22,0.09291906411007236,1.0,1.4,0.012016945206594298
heavy_noise_plat,20,0.0,0.1,44.0,0.09071795328941246,0,1.3,1.0,0,1.0,2.0,9,9,richardson_1,1.3,0.0,1,-0.08,0.03695113246661358,1.0,1.38,0.0006138669951534226
heavy_noise_plat,20,0.003,0.1,44.0,0.09071795328941246,0,1.24,1.0,0,3.0,3.0,9,9,log_linear,1.36,0.12,0,-0.14,0.03695113246661358,1.0,1.4,0.0006138669951534226
heavy_noise_plat,20,0.005,0.1,44.0,0.09071795328941246,0,0.88,1.0,0,3.0,3.0,9,9,current_value,1.0,0.12,0,-0.26,0.03695113246661358,1.0,1.36,0.0006138669951534226
heavy_noise_plat,20,0.01,0.1,44.0,0.09071795328941246,0,1.3,1.0,0,1.0,2.0,9,9,richardson_1,1.3,0.0,1,-0.18,0.03695113246661358,1.0,1.4,0.0006138669951534226
heavy_noise_plat,20,0.02,0.1,44.0,0.09071795328941246,0,1.3,1.0,0,1.0,2.0,9,8,richardson_1,1.3,0.0,1,0.4,0.03695113246661358,1.0,1.4,0.0006138669951534226
heavy_noise_plat,30,0.0,0.1,54.0,0.09071795328941246,0,1.12,1.0,0,4.0,6.0,9,9,single_exp_fit,1.28,0.16,0,-0.48,0.03656309451859079,1.0,1.4,0.00022582904713063304
heavy_noise_plat,30,0.003,0.1,54.0,0.09071795328941246,0,0.74,1.0,0,4.0,2.0,9,8,single_exp_fit,1.14,0.4,0,-0.18,0.03656309451859079,1.0,1.38,0.00022582904713063304
heavy_noise_plat,30,0.005,0.1,54.0,0.09071795328941246,0,0.98,1.0,0,5.0,2.0,9,8,rational_fit,1.04,0.06,0,-0.2,0.03656309451859079,1.0,1.4,0.00022582904713063304
heavy_noise_plat,30,0.01,0.1,54.0,0.09071795328941246,0,1.34,1.0,0,1.0,1.0,9,8,richardson_1,1.34,0.0,1,0.36,0.03656309451859079,1.0,1.4,0.00022582904713063304
heavy_noise_plat,30,0.02,0.1,54.0,0.09071795328941246,0,1.36,1.0,0,1.0,2.0,9,7,richardson_1,1.36,0.0,1,0.28,0.03656309451859079,1.0,1.4,0.00022582904713063304
heavy_noise_plat,40,0.0,0.1,64.0,0.09071795328941247,0,0.88,1.0,0,4.0,3.0,9,8,single_exp_fit,1.14,0.26,0,-0.28,0.03642034333511886,1.0,1.4,8.307786365869662e-05
heavy_noise_plat,40,0.003,0.1,64.0,0.09071795328941247,0,1.08,1.0,0,3.0,3.0,9,8,single_exp_fit,1.38,0.3,0,-0.28,0.03642034333511886,1.0,1.4,8.307786365869662e-05
heavy_noise_plat,40,0.005,0.1,64.0,0.09071795328941247,0,1.04,1.0,0,3.0,4.0,9,8,single_exp_fit,1.24,0.2,0,-0.4,0.03642034333511886,1.0,1.4,8.307786365869662e-05
heavy_noise_plat,40,0.01,0.1,64.0,0.09071795328941247,0,1.28,1.0,0,2.0,2.0,9,8,rational_fit,1.28,0.0,0,0.02,0.03642034333511886,1.0,1.4,8.307786365869662e-05
heavy_noise_plat,40,0.02,0.1,64.0,0.09071795328941247,0,1.1,1.0,0,4.0,1.0,9,7,richardson_a10,1.24,0.14,0,0.16,0.03642034333511886,1.0,1.4,8.307786365869662e-05
heavy_noise_plat,50,0.0,0.1,74.0,0.09071795328941246,0,0.92,1.0,0,5.0,6.0,9,8,single_exp_fit,1.12,0.2,0,-0.2,0.03636782810951664,1.0,1.4,3.056263805647878e-05
heavy_noise_plat,50,0.003,0.1,74.0,0.09071795328941246,0,0.9,1.0,0,3.0,4.0,9,8,single_exp_fit,1.3,0.4,0,-0.2,0.03636782810951664,1.0,1.4,3.056263805647878e-05
heavy_noise_plat,50,0.005,0.1,74.0,0.09071795328941246,0,1.16,1.0,0,3.0,2.0,9,8,single_exp_fit,1.2,0.04,0,-0.38,0.03636782810951664,1.0,1.4,3.056263805647878e-05
heavy_noise_plat,50,0.01,0.1,74.0,0.09071795328941246,0,1.2,1.0,0,2.0,2.0,9,8,single_exp_fit,1.22,0.02,0,-0.08,0.03636782810951664,1.0,1.4,3.056263805647878e-05
heavy_noise_plat,50,0.02,0.1,74.0,0.09071795328941246,0,1.12,1.0,0,2.0,1.0,9,8,rational_fit,1.22,0.1,0,0.02,0.03636782810951664,1.0,1.4,3.056263805647878e-05
heavy_noise_plat,60,0.0,0.1,84.0,0.09071795328941247,0,0.68,1.0,0,5.0,4.0,9,8,single_exp_fit,1.08,0.4,0,-0.2,0.0363485088376691,1.0,1.4,1.1243366208942701e-05
heavy_noise_plat,60,0.003,0.1,84.0,0.09071795328941247,0,1.14,1.0,0,3.0,3.0,9,8,single_exp_fit,1.26,0.12,0,-0.18,0.0363485088376691,1.0,1.4,1.1243366208942701e-05
heavy_noise_plat,60,0.005,0.1,84.0,0.09071795328941247,0,1.12,1.0,0,4.0,2.0,9,8,single_exp_fit,1.32,0.2,0,-0.3,0.0363485088376691,1.0,1.4,1.1243366208942701e-05
heavy_noise_plat,60,0.01,0.1,84.0,0.09071795328941247,0,1.28,1.0,0,2.0,2.0,9,8,rational_fit,1.3,0.02,0,-0.06,0.0363485088376691,1.0,1.4,1.1243366208942701e-05
heavy_noise_plat,60,0.02,0.1,84.0,0.09071795328941247,0,1.24,1.0,0,2.0,2.0,9,8,richardson_a10,1.36,0.12,0,0.38,0.0363485088376691,1.0,1.4,1.1243366208942701e-05
heavy_noise_plat,70,0.0,0.1,94.0,0.09071795328941246,0,1.1,1.0,0,2.0,2.0,9,8,single_exp_fit,1.22,0.12,0,-0.3,0.03634140167473799,1.0,1.4,4.1362032778304025e-06
heavy_noise_plat,70,0.003,0.1,94.0,0.09071795328941246,0,1.18,1.0,0,4.0,1.0,9,8,richardson_a10,1.3,0.12,0,-0.3,0.03634140167473799,1.0,1.4,4.1362032778304025e-06
heavy_noise_plat,70,0.005,0.1,94.0,0.09071795328941246,0,1.36,1.0,0,2.0,2.0,9,8,single_exp_fit,1.36,0.0,0,0.02,0.03634140167473799,1.0,1.4,4.1362032778304025e-06
heavy_noise_plat,70,0.01,0.1,94.0,0.09071795328941246,0,1.24,1.0,0,1.0,2.0,9,7,richardson_1,1.24,0.0,1,-0.28,0.03634140167473799,1.0,1.4,4.1362032778304025e-06
heavy_noise_plat,70,0.02,0.1,94.0,0.09071795328941246,0,1.3,1.0,0,2.0,2.0,9,8,richardson_a10,1.3,0.0,0,0.16,0.03634140167473799,1.0,1.4,4.1362032778304025e-06
heavy_noise_plat,80,0.0,0.1,104.0,0.09071795328941246,0,0.52,1.0,0,4.0,2.0,9,8,current_value,1.0,0.48,0,-0.48,0.03633878709561058,1.0,1.4,1.5216241504197037e-06
heavy_noise_plat,80,0.003,0.1,104.0,0.09071795328941246,0,1.36,1.0,0,4.0,2.0,9,8,richardson_a10,1.38,0.02,0,0.02,0.03633878709561058,1.0,1.4,1.5216241504197037e-06
heavy_noise_plat,80,0.005,0.1,104.0,0.09071795328941246,0,1.2,1.0,0,4.0,4.0,9,8,richardson_a10,1.3,0.1,0,0.02,0.03633878709561058,1.0,1.4,1.5216241504197037e-06
heavy_noise_plat,80,0.01,0.1,104.0,0.09071795328941246,0,1.12,1.0,0,1.0,1.0,9,8,richardson_1,1.12,0.0,1,-0.38,0.03633878709561058,1.0,1.4,1.5216241504197037e-06
heavy_noise_plat,80,0.02,0.1,104.0,0.09071795328941246,0,1.3,1.0,0,2.0,2.0,9,8,single_exp_fit,1.32,0.02,0,0.14,0.03633878709561058,1.0,1.4,1.5216241504197037e-06
heavy_noise_plat,90,0.0,0.1,114.0,0.09071795328941246,0,1.14,1.0,0,4.0,3.0,9,8,single_exp_fit,1.32,0.18,0,-0.5,0.03633782524570229,1.0,1.4,5.597742421294127e-07
heavy_noise_plat,90,0.003,0.1,114.0,0.09071795328941246,0,1.34,1.0,0,3.0,5.0,9,8,single_exp_fit,1.36,0.02,0,-0.4,0.03633782524570229,1.0,1.4,5.597742421294127e-07
heavy_noise_plat,90,0.005,0.1,114.0,0.09071795328941246,0,1.38,1.0,0,2.0,2.0,9,8,single_exp_fit,1.38,0.0,0,-0.2,0.03633782524570229,1.0,1.4,5.597742421294127e-07
heavy_noise_plat,90,0.01,0.1,114.0,0.09071795328941246,0,1.36,1.0,0,5.0,5.0,9,7,single_exp_fit,1.4,0.04,0,-0.08,0.03633782524570229,1.0,1.4,5.597742421294127e-07
heavy_noise_plat,90,0.02,0.1,114.0,0.09071795328941246,0,1.12,1.0,0,4.0,5.0,9,8,single_exp_fit,1.12,0.0,0,0.14,0.03633782524570229,1.0,1.4,5.597742421294127e-07
heavy_noise_plat,100,0.0,0.1,124.0,0.09071795328941248,0,1.28,1.0,0,2.0,2.0,9,8,single_exp_fit,1.3,0.02,0,-0.38,0.036337471400895535,1.0,1.4,2.059294353772695e-07
heavy_noise_plat,100,0.003,0.1,124.0,0.09071795328941248,0,1.28,1.0,0,4.0,5.0,9,8,single_exp_fit,1.36,0.08,0,-0.48,0.036337471400895535,1.0,1.4,2.059294353772695e-07
heavy_noise_plat,100,0.005,0.1,124.0,0.09071795328941248,0,1.34,1.0,0,5.0,4.0,9,8,single_exp_fit,1.36,0.02,0,-0.2,0.036337471400895535,1.0,1.4,2.059294353772695e-07
heavy_noise_plat,100,0.01,0.1,124.0,0.09071795328941248,0,1.34,1.0,0,2.0,4.0,9,8,single_exp_fit,1.36,0.02,0,-0.28,0.036337471400895535,1.0,1.4,2.059294353772695e-07
heavy_noise_plat,100,0.02,0.1,124.0,0.09071795328941248,0,1.24,1.0,0,5.0,5.0,9,8,pade_22,1.34,0.1,0,0.36,0.036337471400895535,1.0,1.4,2.059294353772695e-07
heavy_noise_plat,110,0.0,0.1,134.0,0.09071795328941247,0,1.16,1.0,0,5.0,5.0,9,8,single_exp_fit,1.26,0.1,0,-0.6,0.03633734122866576,1.0,1.4,7.575720560723184e-08
heavy_noise_plat,110,0.003,0.1,134.0,0.09071795328941247,0,1.26,1.0,0,5.0,5.0,9,8,pade_22,1.36,0.1,0,-0.28,0.03633734122866576,1.0,1.4,7.575720560723184e-08
heavy_noise_plat,110,0.005,0.1,134.0,0.09071795328941247,0,0.82,1.0,0,6.0,5.0,9,8,pade_22,1.06,0.24,0,-0.46,0.03633734122866576,1.0,1.4,7.575720560723184e-08
heavy_noise_plat,110,0.01,0.1,134.0,0.09071795328941247,0,1.2,1.0,0,4.0,4.0,9,8,rational_fit,1.34,0.14,0,-0.2,0.03633734122866576,1.0,1.4,7.575720560723184e-08
heavy_noise_plat,110,0.02,0.1,134.0,0.09071795328941247,0,1.28,1.0,0,3.0,4.0,9,8,single_exp_fit,1.32,0.04,0,0.14,0.03633734122866576,1.0,1.4,7.575720560723184e-08
heavy_noise_plat,120,0.0,0.1,144.0,0.09071795328941247,0,1.2,1.0,0,4.0,5.0,9,8,pade_22,1.32,0.12,0,-0.5,0.03633729334097862,1.0,1.4,2.7869518463841114e-08
heavy_noise_plat,120,0.003,0.1,144.0,0.09071795328941247,0,1.18,1.0,0,5.0,5.0,9,8,pade_22,1.24,0.06,0,-0.46,0.03633729334097862,1.0,1.4,2.7869518463841114e-08
heavy_noise_plat,120,0.005,0.1,144.0,0.09071795328941247,0,1.28,1.0,0,4.0,4.0,9,8,rational_fit,1.34,0.06,0,-0.08,0.03633729334097862,1.0,1.4,2.7869518463841114e-08
heavy_noise_plat,120,0.01,0.1,144.0,0.09071795328941247,0,1.3,1.0,0,2.0,4.0,9,8,single_exp_fit,1.3,0.0,0,-0.14,0.03633729334097862,1.0,1.4,2.7869518463841114e-08
heavy_noise_plat,120,0.02,0.1,144.0,0.09071795328941247,0,1.32,1.0,0,4.0,4.0,9,8,single_exp_fit,1.34,0.02,0,0.24,0.03633729334097862,1.0,1.4,2.7869518463841114e-08
heavy_noise_plat,130,0.0,0.1,154.0,0.09071795328941247,0,1.28,1.0,0,5.0,4.0,9,8,single_exp_fit,1.32,0.04,0,-0.48,0.03633727572408303,1.0,1.4,1.0252622877418571e-08
heavy_noise_plat,130,0.003,0.1,154.0,0.09071795328941247,0,1.18,1.0,0,2.0,4.0,9,8,pade_22,1.28,0.1,0,-0.5,0.03633727572408303,1.0,1.4,1.0252622877418571e-08
heavy_noise_plat,130,0.005,0.1,154.0,0.09071795328941247,0,1.3,1.0,0,2.0,3.0,9,8,richardson_a10,1.32,0.02,0,-0.4,0.03633727572408303,1.0,1.4,1.0252622877418571e-08
heavy_noise_plat,130,0.01,0.1,154.0,0.09071795328941247,0,1.16,1.0,0,5.0,5.0,9,8,rational_fit,1.34,0.18,0,-0.04,0.03633727572408303,1.0,1.4,1.0252622877418571e-08
heavy_noise_plat,130,0.02,0.1,154.0,0.09071795328941247,0,1.14,1.0,0,5.0,5.0,9,8,rational_fit,1.26,0.12,0,0.34,0.03633727572408303,1.0,1.4,1.0252622877418571e-08
heavy_noise_plat,140,0.0,0.1,164.0,0.09071795328941229,0,1.34,1.0,0,1.0,1.0,9,8,richardson_1,1.34,0.0,1,-0.4,0.036337269243189335,1.0,1.4,3.771729175511274e-09
heavy_noise_plat,140,0.003,0.1,164.0,0.09071795328941229,0,1.34,1.0,0,2.0,4.0,9,8,single_exp_fit,1.34,0.0,0,-0.28,0.036337269243189335,1.0,1.4,3.771729175511274e-09
heavy_noise_plat,140,0.005,0.1,164.0,0.09071795328941229,0,1.36,1.0,0,4.0,3.0,9,8,single_exp_fit,1.4,0.04,0,-0.18,0.036337269243189335,1.0,1.4,3.771729175511274e-09
heavy_noise_plat,140,0.01,0.1,164.0,0.09071795328941229,0,1.24,1.0,0,3.0,4.0,9,8,rational_fit,1.34,0.1,0,0.04,0.036337269243189335,1.0,1.4,3.771729175511274e-09
heavy_noise_plat,140,0.02,0.1,164.0,0.09071795328941229,0,1.14,1.0,0,4.0,5.0,9,7,rational_fit,1.14,0.0,0,0.16,0.036337269243189335,1.0,1.4,3.771729175511274e-09
log_oscillatory,20,0.0,0.1,50000.0,0.232935711783342,1,1.36,1.0,0,4.0,1.0,9,9,rational_fit,1.4,0.04,0,1.3,0.11757721977593429,1.0,1.4,0.06135051046213941
log_oscillatory,20,0.003,0.1,50000.0,0.232935711783342,1,1.36,1.0,0,3.0,1.0,9,9,rational_fit,1.4,0.04,0,1.3,0.11757721977593429,1.0,1.4,0.06135051046213941
log_oscillatory,20,0.005,0.1,50000.0,0.232935711783342,1,1.36,1.0,0,3.0,1.0,9,9,rational_fit,1.4,0.04,0,1.3,0.11757721977593429,1.0,1.4,0.06135051046213941
log_oscillatory,20,0.01,0.1,50000.0,0.232935711783342,1,1.36,1.0,0,3.0,1.0,9,9,rational_fit,1.4,0.04,0,1.3,0.11757721977593429,1.0,1.4,0.06135051046213941
log_oscillatory,20,0.02,0.1,50000.0,0.232935711783342,1,1.36,1.0,0,3.0,2.0,9,9,pade_22,1.4,0.04,0,1.28,0.11757721977593429,1.0,1.4,0.06135051046213941
log_oscillatory,30,0.0,0.1,50000.0,0.3324862235710625,1,1.3,1.0,0,5.0,2.0,9,9,single_exp_fit,1.4,0.1,0,1.22,0.11757721977593429,1.0,1.4,0.06135051046213941
log_oscillatory,30,0.003,0.1,50000.0,0.3324862235710625,1,1.28,1.0,0,4.0,2.0,9,9,single_exp_fit,1.4,0.12,0,1.24,0.11757721977593429,1.0,1.4,0.06135051046213941
log_oscillatory,30,0.005,0.1,50000.0,0.3324862235710625,1,1.28,1.0,0,4.0,2.0,9,9,single_exp_fit,1.4,0.12,0,1.24,0.11757721977593429,1.0,1.4,0.06135051046213941
log_oscillatory,30,0.01,0.1,50000.0,0.3324862235710625,1,1.28,1.0,0,3.0,3.0,9,9,single_exp_fit,1.4,0.12,0,1.18,0.11757721977593429,1.0,1.4,0.06135051046213941
log_oscillatory,30,0.02,0.1,50000.0,0.3324862235710625,1,1.3,1.0,0,2.0,2.0,9,9,single_exp_fit,1.4,0.1,0,1.18,0.11757721977593429,1.0,1.4,0.06135051046213941
log_oscillatory,40,0.0,0.1,50000.0,0.30497849550050343,1,1.3,1.0,0,6.0,4.0,9,9,rational_fit,1.4,0.1,0,1.26,0.11757721977593429,1.0,1.4,0.06135051046213941
log_oscillatory,40,0.003,0.1,50000.0,0.30497849550050343,1,1.3,1.0,0,4.0,3.0,9,9,rational_fit,1.4,0.1,0,1.26,0.11757721977593429,1.0,1.4,0.06135051046213941
log_oscillatory,40,0.005,0.1,50000.0,0.30497849550050343,1,1.3,1.0,0,5.0,3.0,9,9,rational_fit,1.4,0.1,0,1.28,0.11757721977593429,1.0,1.4,0.06135051046213941
log_oscillatory,40,0.01,0.1,50000.0,0.30497849550050343,1,1.3,1.0,0,4.0,3.0,9,9,rational_fit,1.4,0.1,0,1.28,0.11757721977593429,1.0,1.4,0.06135051046213941
log_oscillatory,40,0.02,0.1,50000.0,0.30497849550050343,1,1.3,1.0,0,3.0,2.0,9,9,rational_fit,1.4,0.1,0,1.26,0.11757721977593429,1.0,1.4,0.06135051046213941
log_oscillatory,50,0.0,0.1,50000.0,0.2560336623945213,1,1.36,1.0,0,4.0,2.0,9,8,rational_fit,1.4,0.04,0,1.3,0.11757721977593429,1.0,1.4,0.06135051046213941
log_oscillatory,50,0.003,0.1,50000.0,0.2560336623945213,1,1.36,1.0,0,4.0,2.0,9,8,rational_fit,1.4,0.04,0,1.3,0.11757721977593429,1.0,1.4,0.06135051046213941
log_oscillatory,50,0.005,0.1,50000.0,0.2560336623945213,1,1.34,1.0,0,4.0,2.0,9,8,rational_fit,1.4,0.06,0,1.3,0.11757721977593429,1.0,1.4,0.06135051046213941
log_oscillatory,50,0.01,0.1,50000.0,0.2560336623945213,1,1.36,1.0,0,3.0,2.0,9,8,rational_fit,1.4,0.04,0,1.28,0.11757721977593429,1.0,1.4,0.06135051046213941
log_oscillatory,50,0.02,0.1,50000.0,0.2560336623945213,1,1.36,1.0,0,3.0,2.0,9,8,rational_fit,1.4,0.04,0,1.28,0.11757721977593429,1.0,1.4,0.06135051046213941
log_oscillatory,60,0.0,0.1,50000.0,0.29321751930860546,1,1.4,1.0,0,2.0,3.0,9,9,pade_22,1.4,0.0,0,1.28,0.11757721977593429,1.0,1.4,0.06135051046213941
log_oscillatory,60,0.003,0.1,50000.0,0.29321751930860546,1,1.4,1.0,0,2.0,3.0,9,9,pade_22,1.4,0.0,0,1.28,0.11757721977593429,1.0,1.4,0.06135051046213941
log_oscillatory,60,0.005,0.1,50000.0,0.29321751930860546,1,1.4,1.0,0,2.0,3.0,9,9,pade_22,1.4,0.0,0,1.28,0.11757721977593429,1.0,1.4,0.06135051046213941
log_oscillatory,60,0.01,0.1,50000.0,0.29321751930860546,1,1.4,1.0,0,2.0,3.0,9,9,pade_22,1.4,0.0,0,1.26,0.11757721977593429,1.0,1.4,0.06135051046213941
log_oscillatory,60,0.02,0.1,50000.0,0.29321751930860546,1,1.38,1.0,0,2.0,1.0,9,9,rational_fit,1.4,0.02,0,1.26,0.11757721977593429,1.0,1.4,0.06135051046213941
log_oscillatory,70,0.0,0.1,50000.0,0.3989157148287635,1,1.0,1.0,0,7.0,7.0,9,9,anderson_1,1.4,0.4,0,0.96,0.11757721977593429,1.0,1.4,0.06135051046213941
log_oscillatory,70,0.003,0.1,50000.0,0.3989157148287635,1,1.0,1.0,0,7.0,7.0,9,8,log_linear,1.28,0.28,0,0.96,0.11757721977593429,1.0,1.4,0.06135051046213941
log_oscillatory,70,0.005,0.1,50000.0,0.3989157148287635,1,1.0,1.0,0,7.0,7.0,9,8,log_linear,1.3,0.3,0,1.06,0.11757721977593429,1.0,1.4,0.06135051046213941
log_oscillatory,70,0.01,0.1,50000.0,0.3989157148287635,1,1.02,1.0,0,6.0,7.0,9,9,anderson_1,1.3,0.28,0,1.14,0.11757721977593429,1.0,1.4,0.06135051046213941
log_oscillatory,70,0.02,0.1,50000.0,0.3989157148287635,1,1.02,1.0,0,6.0,7.0,9,9,log_linear,1.28,0.26,0,1.14,0.11757721977593429,1.0,1.38,0.06135051046213941
log_oscillatory,80,0.0,0.1,50000.0,0.37931830768548513,1,1.4,1.0,0,1.0,1.0,9,9,richardson_1,1.4,0.0,1,1.16,0.11757721977593429,1.0,1.4,0.06135051046213941
log_oscillatory,80,0.003,0.1,50000.0,0.37931830768548513,1,1.4,1.0,0,1.0,1.0,9,9,richardson_1,1.4,0.0,1,1.16,0.11757721977593429,1.0,1.4,0.06135051046213941
log_oscillatory,80,0.005,0.1,50000.0,0.37931830768548513,1,1.4,1.0,0,1.0,1.0,9,9,richardson_1,1.4,0.0,1,1.18,0.11757721977593429,1.0,1.4,0.06135051046213941
log_oscillatory,80,0.01,0.1,50000.0,0.37931830768548513,1,1.38,1.0,0,1.0,1.0,9,9,richardson_1,1.38,0.0,1,0.96,0.11757721977593429,1.0,1.4,0.06135051046213941
log_oscillatory,80,0.02,0.1,50000.0,0.37931830768548513,1,1.38,1.0,0,1.0,1.0,9,9,richardson_1,1.38,0.0,1,1.18,0.11757721977593429,1.0,1.4,0.06135051046213941
log_oscillatory,90,0.0,0.1,50000.0,0.2992564263745022,1,1.4,1.0,0,1.0,1.0,9,9,richardson_1,1.4,0.0,1,1.28,0.11757721977593429,1.0,1.4,0.06135051046213941
log_oscillatory,90,0.003,0.1,50000.0,0.2992564263745022,1,1.4,1.0,0,1.0,1.0,9,9,richardson_1,1.4,0.0,1,1.28,0.11757721977593429,1.0,1.4,0.06135051046213941
log_oscillatory,90,0.005,0.1,50000.0,0.2992564263745022,1,1.4,1.0,0,1.0,1.0,9,9,richardson_1,1.4,0.0,1,1.26,0.11757721977593429,1.0,1.4,0.06135051046213941
log_oscillatory,90,0.01,0.1,50000.0,0.2992564263745022,1,1.4,1.0,0,1.0,1.0,9,9,richardson_1,1.4,0.0,1,1.28,0.11757721977593429,1.0,1.4,0.06135051046213941
log_oscillatory,90,0.02,0.1,50000.0,0.2992564263745022,1,1.38,1.0,0,2.0,1.0,9,9,richardson_a10,1.4,0.02,0,1.26,0.11757721977593429,1.0,1.4,0.06135051046213941
log_oscillatory,100,0.0,0.1,50000.0,0.31433681558639076,1,1.4,1.0,0,3.0,4.0,9,9,rational_fit,1.4,0.0,0,1.26,0.11757721977593429,1.0,1.4,0.06135051046213941
log_oscillatory,100,0.003,0.1,50000.0,0.31433681558639076,1,1.4,1.0,0,3.0,4.0,9,9,rational_fit,1.4,0.0,0,1.26,0.11757721977593429,1.0,1.4,0.06135051046213941
log_oscillatory,100,0.005,0.1,50000.0,0.31433681558639076,1,1.4,1.0,0,3.0,4.0,9,9,rational_fit,1.4,0.0,0,1.26,0.11757721977593429,1.0,1.4,0.06135051046213941
log_oscillatory,100,0.01,0.1,50000.0,0.31433681558639076,1,1.4,1.0,0,3.0,4.0,9,9,rational_fit,1.4,0.0,0,1.24,0.11757721977593429,1.0,1.4,0.06135051046213941
log_oscillatory,100,0.02,0.1,50000.0,0.31433681558639076,1,1.4,1.0,0,4.0,4.0,9,9,log_linear,1.4,0.0,0,1.26,0.11757721977593429,1.0,1.4,0.06135051046213941
log_oscillatory,110,0.0,0.1,50000.0,0.4224871773479788,1,1.4,1.0,0,4.0,5.0,9,9,anderson_1,1.4,0.0,0,0.92,0.11757721977593429,1.0,1.4,0.06135051046213941
log_oscillatory,110,0.003,0.1,50000.0,0.4224871773479788,1,1.4,1.0,0,3.0,4.0,9,9,rational_fit,1.4,0.0,0,0.88,0.11757721977593429,1.0,1.4,0.06135051046213941
log_oscillatory,110,0.005,0.1,50000.0,0.4224871773479788,1,1.36,1.0,0,3.0,4.0,9,9,rational_fit,1.4,0.04,0,0.9,0.11757721977593429,1.0,1.4,0.06135051046213941
log_oscillatory,110,0.01,0.1,50000.0,0.4224871773479788,1,1.32,1.0,0,4.0,4.0,9,9,rational_fit,1.38,0.06,0,0.92,0.11757721977593429,1.0,1.4,0.06135051046213941
log_oscillatory,110,0.02,0.1,50000.0,0.4224871773479788,1,1.24,1.0,0,4.0,4.0,9,9,log_linear,1.32,0.08,0,0.86,0.11757721977593429,1.0,1.34,0.06135051046213941
log_oscillatory,120,0.0,0.1,50000.0,0.4340556646869982,1,1.4,1.0,0,1.0,1.0,9,9,richardson_1,1.4,0.0,1,0.86,0.11757721977593429,1.0,1.4,0.06135051046213941
log_oscillatory,120,0.003,0.1,50000.0,0.4340556646869982,1,1.4,1.0,0,1.0,1.0,9,9,richardson_1,1.4,0.0,1,0.86,0.11757721977593429,1.0,1.4,0.06135051046213941
log_oscillatory,120,0.005,0.1,50000.0,0.4340556646869982,1,1.4,1.0,0,1.0,1.0,9,9,richardson_1,1.4,0.0,1,0.94,0.11757721977593429,1.0,1.4,0.06135051046213941
log_oscillatory,120,0.01,0.1,50000.0,0.4340556646869982,1,1.4,1.0,0,1.0,1.0,9,9,richardson_1,1.4,0.0,1,0.88,0.11757721977593429,1.0,1.38,0.06135051046213941
log_oscillatory,120,0.02,0.1,50000.0,0.4340556646869982,1,1.24,1.0,0,1.0,1.0,9,9,richardson_1,1.24,0.0,1,0.8,0.11757721977593429,1.0,1.22,0.06135051046213941
log_oscillatory,130,0.0,0.1,50000.0,0.3343738214430089,1,1.4,1.0,0,1.0,1.0,9,9,richardson_1,1.4,0.0,1,1.22,0.11757721977593429,1.0,1.4,0.06135051046213941
log_oscillatory,130,0.003,0.1,50000.0,0.3343738214430089,1,1.4,1.0,0,1.0,1.0,9,9,richardson_1,1.4,0.0,1,1.2,0.11757721977593429,1.0,1.4,0.06135051046213941
log_oscillatory,130,0.005,0.1,50000.0,0.3343738214430089,1,1.4,1.0,0,1.0,1.0,9,9,richardson_1,1.4,0.0,1,1.24,0.11757721977593429,1.0,1.4,0.06135051046213941
log_oscillatory,130,0.01,0.1,50000.0,0.3343738214430089,1,1.4,1.0,0,1.0,1.0,9,9,richardson_1,1.4,0.0,1,1.18,0.11757721977593429,1.0,1.4,0.06135051046213941
log_oscillatory,130,0.02,0.1,50000.0,0.3343738214430089,1,1.4,1.0,0,1.0,1.0,9,9,richardson_1,1.4,0.0,1,1.22,0.11757721977593429,1.0,1.4,0.06135051046213941
log_oscillatory,140,0.0,0.1,50000.0,0.3259058858325173,1,1.4,1.0,0,4.0,4.0,9,9,log_linear,1.4,0.0,0,1.26,0.11757721977593429,1.0,1.4,0.06135051046213941
log_oscillatory,140,0.003,0.1,50000.0,0.3259058858325173,1,1.4,1.0,0,4.0,4.0,9,9,log_linear,1.4,0.0,0,1.26,0.11757721977593429,1.0,1.4,0.06135051046213941
log_oscillatory,140,0.005,0.1,50000.0,0.3259058858325173,1,1.4,1.0,0,4.0,4.0,9,9,log_linear,1.4,0.0,0,1.24,0.11757721977593429,1.0,1.4,0.06135051046213941
log_oscillatory,140,0.01,0.1,50000.0,0.3259058858325173,1,1.4,1.0,0,4.0,4.0,9,9,log_linear,1.4,0.0,0,1.22,0.11757721977593429,1.0,1.4,0.06135051046213941
log_oscillatory,140,0.02,0.1,50000.0,0.3259058858325173,1,1.4,1.0,0,3.0,4.0,9,9,rational_fit,1.4,0.0,0,1.16,0.11757721977593429,1.0,1.4,0.06135051046213941
log_slow,20,0.0,0.1,50000.0,0.2886523358250798,1,1.4,1.0,0,1.0,1.0,9,9,richardson_1,1.4,0.0,1,1.26,0.10275805732146302,1.0,1.4,0.07393829701292087
log_slow,20,0.003,0.1,50000.0,0.2886523358250798,1,1.4,1.0,0,1.0,1.0,9,9,richardson_1,1.4,0.0,1,1.26,0.10275805732146302,1.0,1.4,0.07393829701292087
log_slow,20,0.005,0.1,50000.0,0.2886523358250798,1,1.4,1.0,0,1.0,1.0,9,9,richardson_1,1.4,0.0,1,1.26,0.10275805732146302,1.0,1.4,0.07393829701292087
log_slow,20,0.01,0.1,50000.0,0.2886523358250798,1,1.36,1.0,0,3.0,1.0,9,9,pade_22,1.4,0.04,0,1.26,0.10275805732146302,1.0,1.4,0.07393829701292087
log_slow,20,0.02,0.1,50000.0,0.2886523358250798,1,1.36,1.0,0,3.0,2.0,9,9,pade_22,1.4,0.04,0,1.26,0.10275805732146302,1.0,1.4,0.07393829701292087
log_slow,30,0.0,0.1,50000.0,0.32236487497446525,1,1.4,1.0,0,2.0,2.0,9,9,pade_22,1.4,0.0,0,1.26,0.10275805732146302,1.0,1.4,0.07393829701292087
log_slow,30,0.003,0.1,50000.0,0.32236487497446525,1,1.4,1.0,0,1.0,1.0,9,9,richardson_1,1.4,0.0,1,1.26,0.10275805732146302,1.0,1.4,0.07393829701292087
log_slow,30,0.005,0.1,50000.0,0.32236487497446525,1,1.4,1.0,0,1.0,1.0,9,9,richardson_1,1.4,0.0,1,1.26,0.10275805732146302,1.0,1.4,0.07393829701292087
log_slow,30,0.01,0.1,50000.0,0.32236487497446525,1,1.38,1.0,0,3.0,1.0,9,9,pade_22,1.4,0.02,0,1.26,0.10275805732146302,1.0,1.4,0.07393829701292087
log_slow,30,0.02,0.1,50000.0,0.32236487497446525,1,1.34,1.0,0,3.0,2.0,9,9,pade_22,1.4,0.06,0,1.26,0.10275805732146302,1.0,1.4,0.07393829701292087
log_slow,40,0.0,0.1,50000.0,0.3470134055140294,1,1.4,1.0,0,1.0,1.0,9,9,richardson_1,1.4,0.0,1,1.24,0.10275805732146302,1.0,1.4,0.07393829701292087
log_slow,40,0.003,0.1,50000.0,0.3470134055140294,1,1.4,1.0,0,1.0,1.0,9,9,richardson_1,1.4,0.0,1,1.24,0.10275805732146302,1.0,1.4,0.07393829701292087
log_slow,40,0.005,0.1,50000.0,0.3470134055140294,1,1.4,1.0,0,1.0,1.0,9,9,richardson_1,1.4,0.0,1,1.24,0.10275805732146302,1.0,1.4,0.07393829701292087
log_slow,40,0.01,0.1,50000.0,0.3470134055140294,1,1.4,1.0,0,1.0,1.0,9,9,richardson_1,1.4,0.0,1,1.24,0.10275805732146302,1.0,1.4,0.07393829701292087
log_slow,40,0.02,0.1,50000.0,0.3470134055140294,1,1.36,1.0,0,3.0,1.0,9,9,pade_22,1.4,0.04,0,1.14,0.10275805732146302,1.0,1.4,0.07393829701292087
log_slow,50,0.0,0.1,50000.0,0.3664532001500322,1,1.4,1.0,0,1.0,1.0,9,9,richardson_1,1.4,0.0,1,1.22,0.10275805732146302,1.0,1.4,0.07393829701292087
log_slow,50,0.003,0.1,50000.0,0.3664532001500322,1,1.4,1.0,0,1.0,1.0,9,9,richardson_1,1.4,0.0,1,1.24,0.10275805732146302,1.0,1.4,0.07393829701292087
log_slow,50,0.005,0.1,50000.0,0.3664532001500322,1,1.4,1.0,0,1.0,1.0,9,9,richardson_1,1.4,0.0,1,1.24,0.10275805732146302,1.0,1.4,0.07393829701292087
log_slow,50,0.01,0.1,50000.0,0.3664532001500322,1,1.4,1.0,0,1.0,1.0,9,9,richardson_1,1.4,0.0,1,1.24,0.10275805732146302,1.0,1.4,0.07393829701292087
log_slow,50,0.02,0.1,50000.0,0.3664532001500322,1,1.4,1.0,0,2.0,2.0,9,9,pade_22,1.4,0.0,0,1.18,0.10275805732146302,1.0,1.4,0.07393829701292087
log_slow,60,0.0,0.1,50000.0,0.38250619171060757,1,1.4,1.0,0,1.0,1.0,9,9,richardson_1,1.4,0.0,1,1.22,0.10275805732146302,1.0,1.4,0.07393829701292087
log_slow,60,0.003,0.1,50000.0,0.38250619171060757,1,1.4,1.0,0,1.0,1.0,9,9,richardson_1,1.4,0.0,1,1.22,0.10275805732146302,1.0,1.4,0.07393829701292087
log_slow,60,0.005,0.1,50000.0,0.38250619171060757,1,1.4,1.0,0,1.0,1.0,9,9,richardson_1,1.4,0.0,1,1.22,0.10275805732146302,1.0,1.4,0.07393829701292087
log_slow,60,0.01,0.1,50000.0,0.38250619171060757,1,1.4,1.0,0,1.0,1.0,9,9,richardson_1,1.4,0.0,1,1.1,0.10275805732146302,1.0,1.4,0.07393829701292087
log_slow,60,0.02,0.1,50000.0,0.38250619171060757,1,1.4,1.0,0,1.0,1.0,9,9,richardson_1,1.4,0.0,1,1.12,0.10275805732146302,1.0,1.4,0.07393829701292087
log_slow,70,0.0,0.1,50000.0,0.3961792165921883,1,1.4,1.0,0,1.0,1.0,9,9,richardson_1,1.4,0.0,1,1.22,0.10275805732146302,1.0,1.4,0.07393829701292087
log_slow,70,0.003,0.1,50000.0,0.3961792165921883,1,1.4,1.0,0,1.0,1.0,9,9,richardson_1,1.4,0.0,1,1.22,0.10275805732146302,1.0,1.4,0.07393829701292087
log_slow,70,0.005,0.1,50000.0,0.3961792165921883,1,1.4,1.0,0,1.0,1.0,9,9,richardson_1,1.4,0.0,1,1.22,0.10275805732146302,1.0,1.4,0.07393829701292087
log_slow,70,0.01,0.1,50000.0,0.3961792165921883,1,1.4,1.0,0,1.0,2.0,9,9,richardson_1,1.4,0.0,1,1.18,0.10275805732146302,1.0,1.4,0.07393829701292087
log_slow,70,0.02,0.1,50000.0,0.3961792165921883,1,1.4,1.0,0,1.0,1.0,9,9,richardson_1,1.4,0.0,1,1.06,0.10275805732146302,1.0,1.38,0.07393829701292087
log_slow,80,0.0,0.1,50000.0,0.40808770181817744,1,1.4,1.0,0,1.0,1.0,9,9,richardson_1,1.4,0.0,1,1.12,0.10275805732146302,1.0,1.4,0.07393829701292087
log_slow,80,0.003,0.1,50000.0,0.40808770181817744,1,1.4,1.0,0,1.0,1.0,9,9,richardson_1,1.4,0.0,1,1.12,0.10275805732146302,1.0,1.4,0.07393829701292087
log_slow,80,0.005,0.1,50000.0,0.40808770181817744,1,1.4,1.0,0,1.0,1.0,9,9,richardson_1,1.4,0.0,1,1.12,0.10275805732146302,1.0,1.4,0.07393829701292087
log_slow,80,0.01,0.1,50000.0,0.40808770181817744,1,1.4,1.0,0,1.0,1.0,9,9,richardson_1,1.4,0.0,1,1.08,0.10275805732146302,1.0,1.4,0.07393829701292087
log_slow,80,0.02,0.1,50000.0,0.40808770181817744,1,1.34,1.0,0,2.0,1.0,9,9,richardson_a10,1.36,0.02,0,1.08,0.10275805732146302,1.0,1.38,0.07393829701292087
log_slow,90,0.0,0.1,50000.0,0.41863546463489004,1,1.4,1.0,0,1.0,1.0,9,9,richardson_1,1.4,0.0,1,1.1,0.10275805732146302,1.0,1.4,0.07393829701292087
log_slow,90,0.003,0.1,50000.0,0.41863546463489004,1,1.4,1.0,0,2.0,2.0,9,9,pade_22,1.4,0.0,0,1.1,0.10275805732146302,1.0,1.4,0.07393829701292087
log_slow,90,0.005,0.1,50000.0,0.41863546463489004,1,1.38,1.0,0,4.0,2.0,9,9,rational_fit,1.4,0.02,0,1.08,0.10275805732146302,1.0,1.4,0.07393829701292087
log_slow,90,0.01,0.1,50000.0,0.41863546463489004,1,1.38,1.0,0,2.0,2.0,9,9,richardson_a10,1.4,0.02,0,1.08,0.10275805732146302,1.0,1.4,0.07393829701292087
log_slow,90,0.02,0.1,50000.0,0.41863546463489004,1,1.32,1.0,0,4.0,2.0,9,9,log_linear,1.36,0.04,0,1.08,0.10275805732146302,1.0,1.36,0.07393829701292087
log_slow,100,0.0,0.1,50000.0,0.4281018259248643,1,1.4,1.0,0,1.0,1.0,9,9,richardson_1,1.4,0.0,1,1.06,0.10275805732146302,1.0,1.4,0.07393829701292087
log_slow,100,0.003,0.1,50000.0,0.4281018259248643,1,1.4,1.0,0,1.0,1.0,9,9,richardson_1,1.4,0.0,1,1.06,0.10275805732146302,1.0,1.4,0.07393829701292087
log_slow,100,0.005,0.1,50000.0,0.4281018259248643,1,1.38,1.0,0,3.0,1.0,9,9,rational_fit,1.4,0.02,0,1.06,0.10275805732146302,1.0,1.4,0.07393829701292087
log_slow,100,0.01,0.1,50000.0,0.4281018259248643,1,1.4,1.0,0,1.0,2.0,9,9,richardson_1,1.4,0.0,1,1.06,0.10275805732146302,1.0,1.4,0.07393829701292087
log_slow,100,0.02,0.1,50000.0,0.4281018259248643,1,1.38,1.0,0,2.0,2.0,9,9,log_linear,1.38,0.0,0,1.08,0.10275805732146302,1.0,1.36,0.07393829701292087
log_slow,110,0.0,0.1,50000.0,0.43668805037122155,1,1.4,1.0,0,1.0,1.0,9,9,richardson_1,1.4,0.0,1,1.04,0.10275805732146302,1.0,1.4,0.07393829701292087
log_slow,110,0.003,0.1,50000.0,0.43668805037122155,1,1.4,1.0,0,1.0,1.0,9,9,richardson_1,1.4,0.0,1,1.06,0.10275805732146302,1.0,1.4,0.07393829701292087
log_slow,110,0.005,0.1,50000.0,0.43668805037122155,1,1.36,1.0,0,4.0,2.0,9,9,richardson_a10,1.4,0.04,0,1.02,0.10275805732146302,1.0,1.4,0.07393829701292087
log_slow,110,0.01,0.1,50000.0,0.43668805037122155,1,1.36,1.0,0,3.0,4.0,9,9,richardson_a10,1.4,0.04,0,1.04,0.10275805732146302,1.0,1.4,0.07393829701292087
log_slow,110,0.02,0.1,50000.0,0.43668805037122155,1,1.36,1.0,0,2.0,2.0,9,9,richardson_a10,1.38,0.02,0,1.08,0.10275805732146302,1.0,1.36,0.07393829701292087
log_slow,120,0.0,0.1,50000.0,0.44454396782293126,1,1.4,1.0,0,1.0,1.0,9,9,richardson_1,1.4,0.0,1,1.02,0.10275805732146302,1.0,1.4,0.07393829701292087
log_slow,120,0.003,0.1,50000.0,0.44454396782293126,1,1.38,1.0,0,2.0,1.0,9,9,richardson_a10,1.4,0.02,0,1.02,0.10275805732146302,1.0,1.4,0.07393829701292087
log_slow,120,0.005,0.1,50000.0,0.44454396782293126,1,1.4,1.0,0,2.0,4.0,9,9,richardson_a10,1.4,0.0,0,1.0,0.10275805732146302,1.0,1.4,0.07393829701292087
log_slow,120,0.01,0.1,50000.0,0.44454396782293126,1,1.36,1.0,0,2.0,4.0,9,9,richardson_a10,1.38,0.02,0,1.02,0.10275805732146302,1.0,1.36,0.07393829701292087
log_slow,120,0.02,0.1,50000.0,0.44454396782293126,1,1.38,1.0,0,2.0,2.0,9,9,richardson_a10,1.4,0.02,0,1.02,0.10275805732146302,1.0,1.4,0.07393829701292087
log_slow,130,0.0,0.1,50000.0,0.45178413185599886,1,1.4,1.0,0,1.0,1.0,9,9,richardson_1,1.4,0.0,1,1.0,0.10275805732146302,1.0,1.4,0.07393829701292087
log_slow,130,0.003,0.1,50000.0,0.45178413185599886,1,1.4,1.0,0,2.0,2.0,9,9,log_linear,1.4,0.0,0,1.0,0.10275805732146302,1.0,1.4,0.07393829701292087
log_slow,130,0.005,0.1,50000.0,0.45178413185599886,1,1.4,1.0,0,1.0,2.0,9,9,richardson_1,1.4,0.0,1,1.0,0.10275805732146302,1.0,1.4,0.07393829701292087
log_slow,130,0.01,0.1,50000.0,0.45178413185599886,1,1.4,1.0,0,2.0,2.0,9,9,log_linear,1.4,0.0,0,0.98,0.10275805732146302,1.0,1.4,0.07393829701292087
log_slow,130,0.02,0.1,50000.0,0.45178413185599886,1,1.36,1.0,0,2.0,2.0,9,9,log_linear,1.38,0.02,0,1.12,0.10275805732146302,1.0,1.32,0.07393829701292087
log_slow,140,0.0,0.1,50000.0,0.45849809245037687,1,1.4,1.0,0,1.0,1.0,9,9,richardson_1,1.4,0.0,1,0.98,0.10275805732146302,1.0,1.4,0.07393829701292087
log_slow,140,0.003,0.1,50000.0,0.45849809245037687,1,1.4,1.0,0,2.0,3.0,9,9,rational_fit,1.4,0.0,0,0.98,0.10275805732146302,1.0,1.4,0.07393829701292087
log_slow,140,0.005,0.1,50000.0,0.45849809245037687,1,1.4,1.0,0,1.0,2.0,9,9,richardson_1,1.4,0.0,1,0.98,0.10275805732146302,1.0,1.4,0.07393829701292087
log_slow,140,0.01,0.1,50000.0,0.45849809245037687,1,1.4,1.0,0,2.0,2.0,9,9,log_linear,1.4,0.0,0,1.0,0.10275805732146302,1.0,1.36,0.07393829701292087
log_slow,140,0.02,0.1,50000.0,0.45849809245037687,1,1.34,1.0,0,2.0,2.0,9,9,richardson_a10,1.38,0.04,0,0.98,0.10275805732146302,1.0,1.26,0.07393829701292087
mixed_pow_rat,20,0.0,0.1,859.0,0.09994777353955844,0,1.4,1.0,0,3.0,3.0,9,9,pade_22,1.4,0.0,0,1.36,0.08204530884149863,1.0,1.4,0.030141536954425972
mixed_pow_rat,20,0.003,0.1,859.0,0.09994777353955844,0,1.4,1.0,0,2.0,2.0,9,9,log_linear,1.4,0.0,0,1.36,0.08204530884149863,1.0,1.4,0.030141536954425972
mixed_pow_rat,20,0.005,0.1,859.0,0.09994777353955844,0,1.4,1.0,0,2.0,2.0,9,9,log_linear,1.4,0.0,0,1.36,0.08204530884149863,1.0,1.4,0.030141536954425972
mixed_pow_rat,20,0.01,0.1,859.0,0.09994777353955844,0,1.4,1.0,0,2.0,2.0,9,9,log_linear,1.4,0.0,0,1.36,0.08204530884149863,1.0,1.4,0.030141536954425972
mixed_pow_rat,20,0.02,0.1,859.0,0.09994777353955844,0,1.4,1.0,0,2.0,2.0,9,9,log_linear,1.4,0.0,0,1.36,0.08204530884149863,1.0,1.4,0.030141536954425972
mixed_pow_rat,30,0.0,0.1,1053.0,0.09994557265513264,0,1.4,1.0,0,3.0,3.0,9,9,pade_22,1.4,0.0,0,1.34,0.07782386866509565,1.0,1.4,0.025920096778022997
mixed_pow_rat,30,0.003,0.1,1053.0,0.09994557265513264,0,1.4,1.0,0,2.0,2.0,9,9,log_linear,1.4,0.0,0,1.34,0.07782386866509565,1.0,1.4,0.025920096778022997
mixed_pow_rat,30,0.005,0.1,1053.0,0.09994557265513264,0,1.4,1.0,0,2.0,2.0,9,9,log_linear,1.4,0.0,0,1.34,0.07782386866509565,1.0,1.4,0.025920096778022997
mixed_pow_rat,30,0.01,0.1,1053.0,0.09994557265513264,0,1.4,1.0,0,2.0,2.0,9,9,log_linear,1.4,0.0,0,1.32,0.07782386866509565,1.0,1.4,0.025920096778022997
mixed_pow_rat,30,0.02,0.1,1053.0,0.09994557265513264,0,1.4,1.0,0,2.0,2.0,9,9,log_linear,1.4,0.0,0,1.34,0.07782386866509565,1.0,1.4,0.025920096778022997
mixed_pow_rat,40,0.0,0.1,1246.0,0.09994660977230731,0,1.4,1.0,0,3.0,3.0,9,9,pade_22,1.4,0.0,0,1.32,0.0748051553969187,1.0,1.4,0.02290138350984605
mixed_pow_rat,40,0.003,0.1,1246.0,0.09994660977230731,0,1.4,1.0,0,2.0,2.0,9,9,log_linear,1.4,0.0,0,1.32,0.0748051553969187,1.0,1.4,0.02290138350984605
mixed_pow_rat,40,0.005,0.1,1246.0,0.09994660977230731,0,1.4,1.0,0,2.0,2.0,9,9,log_linear,1.4,0.0,0,1.32,0.0748051553969187,1.0,1.4,0.02290138350984605
mixed_pow_rat,40,0.01,0.1,1246.0,0.09994660977230731,0,1.4,1.0,0,2.0,2.0,9,9,log_linear,1.4,0.0,0,1.32,0.0748051553969187,1.0,1.4,0.02290138350984605
mixed_pow_rat,40,0.02,0.1,1246.0,0.09994660977230731,0,1.4,1.0,0,2.0,2.0,9,9,log_linear,1.4,0.0,0,1.34,0.0748051553969187,1.0,1.4,0.02290138350984605
mixed_pow_rat,50,0.0,0.1,1441.0,0.09996531693440565,0,1.4,1.0,0,3.0,3.0,9,9,pade_22,1.4,0.0,0,1.3,0.07249774712310535,1.0,1.4,0.020593975236032694
mixed_pow_rat,50,0.003,0.1,1441.0,0.09996531693440565,0,1.4,1.0,0,2.0,2.0,9,9,log_linear,1.4,0.0,0,1.3,0.07249774712310535,1.0,1.4,0.020593975236032694
mixed_pow_rat,50,0.005,0.1,1441.0,0.09996531693440565,0,1.4,1.0,0,2.0,2.0,9,9,log_linear,1.4,0.0,0,1.3,0.07249774712310535,1.0,1.4,0.020593975236032694
mixed_pow_rat,50,0.01,0.1,1441.0,0.09996531693440565,0,1.4,1.0,0,2.0,2.0,9,9,log_linear,1.4,0.0,0,1.3,0.07249774712310535,1.0,1.4,0.020593975236032694
mixed_pow_rat,50,0.02,0.1,1441.0,0.09996531693440565,0,1.4,1.0,0,3.0,3.0,9,9,log_linear,1.4,0.0,0,1.32,0.07249774712310535,1.0,1.4,0.020593975236032694
mixed_pow_rat,60,0.0,0.1,1640.0,0.09995834692603936,0,1.4,1.0,0,3.0,3.0,9,9,pade_22,1.4,0.0,0,1.3,0.07065379750426933,1.0,1.4,0.018750025617196665
mixed_pow_rat,60,0.003,0.1,1640.0,0.09995834692603936,0,1.4,1.0,0,2.0,2.0,9,9,log_linear,1.4,0.0,0,1.3,0.07065379750426933,1.0,1.4,0.018750025617196665
mixed_pow_rat,60,0.005,0.1,1640.0,0.09995834692603936,0,1.4,1.0,0,2.0,2.0,9,9,log_linear,1.4,0.0,0,1.3,0.07065379750426933,1.0,1.4,0.018750025617196665
mixed_pow_rat,60,0.01,0.1,1640.0,0.09995834692603936,0,1.4,1.0,0,2.0,2.0,9,9,log_linear,1.4,0.0,0,1.3,0.07065379750426933,1.0,1.4,0.018750025617196665
mixed_pow_rat,60,0.02,0.1,1640.0,0.09995834692603936,0,1.4,1.0,0,3.0,3.0,9,9,pade_22,1.4,0.0,0,1.3,0.07065379750426933,1.0,1.4,0.018750025617196665
mixed_pow_rat,70,0.0,0.1,1842.0,0.0999909966726504,0,1.4,1.0,0,3.0,3.0,9,9,pade_22,1.4,0.0,0,1.28,0.06914934570457892,1.0,1.4,0.017245573817506264
mixed_pow_rat,70,0.003,0.1,1842.0,0.0999909966726504,0,1.4,1.0,0,2.0,2.0,9,9,log_linear,1.4,0.0,0,1.28,0.06914934570457892,1.0,1.4,0.017245573817506264
mixed_pow_rat,70,0.005,0.1,1842.0,0.0999909966726504,0,1.4,1.0,0,2.0,2.0,9,9,log_linear,1.4,0.0,0,1.28,0.06914934570457892,1.0,1.4,0.017245573817506264
mixed_pow_rat,70,0.01,0.1,1842.0,0.0999909966726504,0,1.4,1.0,0,2.0,2.0,9,9,log_linear,1.4,0.0,0,1.28,0.06914934570457892,1.0,1.4,0.017245573817506264
mixed_pow_rat,70,0.02,0.1,1842.0,0.0999909966726504,0,1.4,1.0,0,2.0,2.0,9,8,log_linear,1.4,0.0,0,1.3,0.06914934570457892,1.0,1.4,0.017245573817506264
mixed_pow_rat,80,0.0,0.1,2049.0,0.09998671222209515,0,1.4,1.0,0,3.0,3.0,9,9,pade_22,1.4,0.0,0,1.28,0.06788455409692888,1.0,1.4,0.015980782209856232
mixed_pow_rat,80,0.003,0.1,2049.0,0.09998671222209515,0,1.4,1.0,0,3.0,3.0,9,9,log_linear,1.4,0.0,0,1.28,0.06788455409692888,1.0,1.4,0.015980782209856232
mixed_pow_rat,80,0.005,0.1,2049.0,0.09998671222209515,0,1.4,1.0,0,3.0,3.0,9,9,log_linear,1.4,0.0,0,1.28,0.06788455409692888,1.0,1.4,0.015980782209856232
mixed_pow_rat,80,0.01,0.1,2049.0,0.09998671222209515,0,1.4,1.0,0,2.0,2.0,9,9,log_linear,1.4,0.0,0,1.28,0.06788455409692888,1.0,1.4,0.015980782209856232
mixed_pow_rat,80,0.02,0.1,2049.0,0.09998671222209515,0,1.4,1.0,0,1.0,1.0,9,9,richardson_1,1.4,0.0,1,1.28,0.06788455409692888,1.0,1.4,0.015980782209856232
mixed_pow_rat,90,0.0,0.1,2260.0,0.09998848741275486,0,1.4,1.0,0,4.0,4.0,9,9,pade_22,1.4,0.0,0,1.28,0.06680948071792987,1.0,1.4,0.014905708830857217
mixed_pow_rat,90,0.003,0.1,2260.0,0.09998848741275486,0,1.4,1.0,0,3.0,3.0,9,9,pade_22,1.4,0.0,0,1.28,0.06680948071792987,1.0,1.4,0.014905708830857217
mixed_pow_rat,90,0.005,0.1,2260.0,0.09998848741275486,0,1.4,1.0,0,2.0,2.0,9,9,log_linear,1.4,0.0,0,1.28,0.06680948071792987,1.0,1.4,0.014905708830857217
mixed_pow_rat,90,0.01,0.1,2260.0,0.09998848741275486,0,1.4,1.0,0,2.0,2.0,9,8,log_linear,1.4,0.0,0,1.26,0.06680948071792987,1.0,1.4,0.014905708830857217
mixed_pow_rat,90,0.02,0.1,2260.0,0.09998848741275486,0,1.4,1.0,0,2.0,2.0,9,9,log_linear,1.4,0.0,0,1.26,0.06680948071792987,1.0,1.4,0.014905708830857217
mixed_pow_rat,100,0.0,0.1,2475.0,0.09999373403768735,0,1.4,1.0,0,4.0,4.0,9,9,pade_22,1.4,0.0,0,1.26,0.06588304465706,1.0,1.4,0.013979272769987349
mixed_pow_rat,100,0.003,0.1,2475.0,0.09999373403768735,0,1.4,1.0,0,4.0,4.0,9,9,pade_22,1.4,0.0,0,1.26,0.06588304465706,1.0,1.4,0.013979272769987349
mixed_pow_rat,100,0.005,0.1,2475.0,0.09999373403768735,0,1.4,1.0,0,1.0,1.0,9,9,richardson_1,1.4,0.0,1,1.28,0.06588304465706,1.0,1.4,0.013979272769987349
mixed_pow_rat,100,0.01,0.1,2475.0,0.09999373403768735,0,1.4,1.0,0,1.0,1.0,9,9,richardson_1,1.4,0.0,1,1.28,0.06588304465706,1.0,1.4,0.013979272769987349
mixed_pow_rat,100,0.02,0.1,2475.0,0.09999373403768735,0,1.4,1.0,0,2.0,2.0,9,9,log_linear,1.4,0.0,0,1.28,0.06588304465706,1.0,1.4,0.013979272769987349
mixed_pow_rat,110,0.0,0.1,2694.0,0.09999986034753455,0,1.4,1.0,0,4.0,4.0,9,9,pade_22,1.4,0.0,0,1.26,0.06507538547557384,1.0,1.4,0.013171613588501191
mixed_pow_rat,110,0.003,0.1,2694.0,0.09999986034753455,0,1.4,1.0,0,1.0,1.0,9,9,richardson_1,1.4,0.0,1,1.26,0.06507538547557384,1.0,1.4,0.013171613588501191
mixed_pow_rat,110,0.005,0.1,2694.0,0.09999986034753455,0,1.4,1.0,0,2.0,2.0,9,8,rational_fit,1.4,0.0,0,1.26,0.06507538547557384,1.0,1.4,0.013171613588501191
mixed_pow_rat,110,0.01,0.1,2694.0,0.09999986034753455,0,1.4,1.0,0,3.0,3.0,9,9,log_linear,1.4,0.0,0,1.26,0.06507538547557384,1.0,1.4,0.013171613588501191
mixed_pow_rat,110,0.02,0.1,2694.0,0.09999986034753455,0,1.4,1.0,0,2.0,2.0,9,9,log_linear,1.4,0.0,0,1.26,0.06507538547557384,1.0,1.4,0.013171613588501191
mixed_pow_rat,120,0.0,0.1,2918.0,0.0999808606536792,0,1.4,1.0,0,3.0,3.0,9,9,pade_22,1.4,0.0,0,1.26,0.06436128019311932,1.0,1.4,0.01245750830604666
mixed_pow_rat,120,0.003,0.1,2918.0,0.0999808606536792,0,1.4,1.0,0,3.0,3.0,9,9,rational_fit,1.4,0.0,0,1.26,0.06436128019311932,1.0,1.4,0.01245750830604666
mixed_pow_rat,120,0.005,0.1,2918.0,0.0999808606536792,0,1.4,1.0,0,1.0,1.0,9,8,richardson_1,1.4,0.0,1,1.26,0.06436128019311932,1.0,1.4,0.01245750830604666
mixed_pow_rat,120,0.01,0.1,2918.0,0.0999808606536792,0,1.4,1.0,0,2.0,3.0,9,9,log_linear,1.4,0.0,0,1.26,0.06436128019311932,1.0,1.4,0.01245750830604666
mixed_pow_rat,120,0.02,0.1,2918.0,0.0999808606536792,0,1.38,1.0,0,3.0,2.0,9,9,richardson_a10,1.4,0.02,0,1.16,0.06436128019311932,1.0,1.4,0.01245750830604666
mixed_pow_rat,130,0.0,0.1,3145.0,0.09998462941299144,0,1.4,1.0,0,3.0,3.0,9,9,pade_22,1.4,0.0,0,1.26,0.06373010339103052,1.0,1.4,0.011826331503957866
mixed_pow_rat,130,0.003,0.1,3145.0,0.09998462941299144,0,1.4,1.0,0,2.0,2.0,9,9,rational_fit,1.4,0.0,0,1.26,0.06373010339103052,1.0,1.4,0.011826331503957866
mixed_pow_rat,130,0.005,0.1,3145.0,0.09998462941299144,0,1.4,1.0,0,1.0,2.0,9,9,richardson_1,1.4,0.0,1,1.24,0.06373010339103052,1.0,1.4,0.011826331503957866
mixed_pow_rat,130,0.01,0.1,3145.0,0.09998462941299144,0,1.4,1.0,0,1.0,2.0,9,9,richardson_1,1.4,0.0,1,1.24,0.06373010339103052,1.0,1.4,0.011826331503957866
mixed_pow_rat,130,0.02,0.1,3145.0,0.09998462941299144,0,1.4,1.0,0,1.0,2.0,9,9,richardson_1,1.4,0.0,1,1.24,0.06373010339103052,1.0,1.4,0.011826331503957866
mixed_pow_rat,140,0.0,0.1,3376.0,0.0999840520661913,0,1.4,1.0,0,3.0,3.0,9,9,pade_22,1.4,0.0,0,1.24,0.06316532014271428,1.0,1.4,0.011261548255641629
mixed_pow_rat,140,0.003,0.1,3376.0,0.0999840520661913,0,1.4,1.0,0,1.0,1.0,9,9,richardson_1,1.4,0.0,1,1.26,0.06316532014271428,1.0,1.4,0.011261548255641629
mixed_pow_rat,140,0.005,0.1,3376.0,0.0999840520661913,0,1.4,1.0,0,1.0,1.0,9,9,richardson_1,1.4,0.0,1,1.24,0.06316532014271428,1.0,1.4,0.011261548255641629
mixed_pow_rat,140,0.01,0.1,3376.0,0.0999840520661913,0,1.4,1.0,0,1.0,1.0,9,9,richardson_1,1.4,0.0,1,1.24,0.06316532014271428,1.0,1.4,0.011261548255641629
mixed_pow_rat,140,0.02,0.1,3376.0,0.0999840520661913,0,1.38,1.0,0,2.0,1.0,9,9,richardson_a10,1.4,0.02,0,1.04,0.06316532014271428,1.0,1.4,0.011261548255641629
multiphase,20,0.0,0.1,1824.0,0.09995683607578863,0,1.4,1.0,0,3.0,3.0,9,9,rational_fit,1.4,0.0,0,1.38,0.06574728093567433,1.0,1.4,0.03862793572311495
multiphase,20,0.003,0.1,1824.0,0.09995683607578863,0,1.4,1.0,0,3.0,3.0,9,9,rational_fit,1.4,0.0,0,1.38,0.06574728093567433,1.0,1.4,0.03862793572311495
multiphase,20,0.005,0.1,1824.0,0.09995683607578863,0,1.4,1.0,0,3.0,3.0,9,9,rational_fit,1.4,0.0,0,1.38,0.06574728093567433,1.0,1.4,0.03862793572311495
multiphase,20,0.01,0.1,1824.0,0.09995683607578863,0,1.4,1.0,0,3.0,3.0,9,9,rational_fit,1.4,0.0,0,1.38,0.06574728093567433,1.0,1.4,0.03862793572311495
multiphase,20,0.02,0.1,1824.0,0.09995683607578863,0,1.4,1.0,0,3.0,3.0,9,8,rational_fit,1.4,0.0,0,1.38,0.06574728093567433,1.0,1.4,0.03862793572311495
multiphase,30,0.0,0.1,2338.0,0.0999829613196886,0,1.4,1.0,0,3.0,3.0,9,9,rational_fit,1.4,0.0,0,1.38,0.0583147532484965,1.0,1.4,0.031195408035937115
multiphase,30,0.003,0.1,2338.0,0.0999829613196886,0,1.4,1.0,0,4.0,4.0,9,9,rational_fit,1.4,0.0,0,1.38,0.0583147532484965,1.0,1.4,0.031195408035937115
multiphase,30,0.005,0.1,2338.0,0.0999829613196886,0,1.4,1.0,0,3.0,3.0,9,9,rational_fit,1.4,0.0,0,1.38,0.0583147532484965,1.0,1.4,0.031195408035937115
multiphase,30,0.01,0.1,2338.0,0.0999829613196886,0,1.4,1.0,0,3.0,3.0,9,9,rational_fit,1.4,0.0,0,1.36,0.0583147532484965,1.0,1.4,0.031195408035937115
multiphase,30,0.02,0.1,2338.0,0.0999829613196886,0,1.4,1.0,0,3.0,3.0,9,8,rational_fit,1.4,0.0,0,1.36,0.0583147532484965,1.0,1.4,0.031195408035937115
multiphase,40,0.0,0.1,2770.0,0.09998331988023952,0,1.4,1.0,0,3.0,3.0,9,9,rational_fit,1.4,0.0,0,1.36,0.053972191614277965,1.0,1.4,0.02685284640171858
multiphase,40,0.003,0.1,2770.0,0.09998331988023952,0,1.4,1.0,0,4.0,4.0,9,9,rational_fit,1.4,0.0,0,1.36,0.053972191614277965,1.0,1.4,0.02685284640171858
multiphase,40,0.005,0.1,2770.0,0.09998331988023952,0,1.4,1.0,0,4.0,4.0,9,9,rational_fit,1.4,0.0,0,1.36,0.053972191614277965,1.0,1.4,0.02685284640171858
multiphase,40,0.01,0.1,2770.0,0.09998331988023952,0,1.4,1.0,0,4.0,4.0,9,9,rational_fit,1.4,0.0,0,1.36,0.053972191614277965,1.0,1.4,0.02685284640171858
multiphase,40,0.02,0.1,2770.0,0.09998331988023952,0,1.4,1.0,0,3.0,3.0,9,9,rational_fit,1.4,0.0,0,1.36,0.053972191614277965,1.0,1.4,0.02685284640171858
multiphase,50,0.0,0.1,3107.0,0.09997513344554229,0,1.4,1.0,0,3.0,3.0,9,9,rational_fit,1.4,0.0,0,1.34,0.051341804276603564,1.0,1.4,0.02422245906404418
multiphase,50,0.003,0.1,3107.0,0.09997513344554229,0,1.4,1.0,0,4.0,4.0,9,9,rational_fit,1.4,0.0,0,1.34,0.051341804276603564,1.0,1.4,0.02422245906404418
multiphase,50,0.005,0.1,3107.0,0.09997513344554229,0,1.4,1.0,0,4.0,4.0,9,9,pade_22,1.4,0.0,0,1.34,0.051341804276603564,1.0,1.4,0.02422245906404418
multiphase,50,0.01,0.1,3107.0,0.09997513344554229,0,1.4,1.0,0,4.0,4.0,9,9,rational_fit,1.4,0.0,0,1.34,0.051341804276603564,1.0,1.4,0.02422245906404418
multiphase,50,0.02,0.1,3107.0,0.09997513344554229,0,1.4,1.0,0,3.0,3.0,9,9,rational_fit,1.4,0.0,0,1.34,0.051341804276603564,1.0,1.4,0.02422245906404418
multiphase,60,0.0,0.1,3362.0,0.09999263225948939,0,1.4,1.0,0,3.0,3.0,9,9,log_linear,1.4,0.0,0,1.34,0.04967031039386914,1.0,1.4,0.022550965181309758
multiphase,60,0.003,0.1,3362.0,0.09999263225948939,0,1.4,1.0,0,4.0,4.0,9,9,pade_22,1.4,0.0,0,1.34,0.04967031039386914,1.0,1.4,0.022550965181309758
multiphase,60,0.005,0.1,3362.0,0.09999263225948939,0,1.4,1.0,0,4.0,4.0,9,9,pade_22,1.4,0.0,0,1.34,0.04967031039386914,1.0,1.4,0.022550965181309758
multiphase,60,0.01,0.1,3362.0,0.09999263225948939,0,1.4,1.0,0,4.0,4.0,9,9,pade_22,1.4,0.0,0,1.34,0.04967031039386914,1.0,1.4,0.022550965181309758
multiphase,60,0.02,0.1,3362.0,0.09999263225948939,0,1.4,1.0,0,4.0,4.0,9,9,log_linear,1.4,0.0,0,1.34,0.04967031039386914,1.0,1.4,0.022550965181309758
multiphase,70,0.0,0.1,3559.0,0.09999380114222288,0,1.4,1.0,0,2.0,2.0,9,9,log_linear,1.4,0.0,0,1.32,0.04852895384491358,1.0,1.4,0.0214096086323542
multiphase,70,0.003,0.1,3559.0,0.09999380114222288,0,1.4,1.0,0,2.0,2.0,9,9,log_linear,1.4,0.0,0,1.32,0.04852895384491358,1.0,1.4,0.0214096086323542
multiphase,70,0.005,0.1,3559.0,0.09999380114222288,0,1.4,1.0,0,2.0,2.0,9,9,log_linear,1.4,0.0,0,1.34,0.04852895384491358,1.0,1.4,0.0214096086323542
multiphase,70,0.01,0.1,3559.0,0.09999380114222288,0,1.4,1.0,0,2.0,2.0,9,9,log_linear,1.4,0.0,0,1.32,0.04852895384491358,1.0,1.4,0.0214096086323542
multiphase,70,0.02,0.1,3559.0,0.09999380114222288,0,1.4,1.0,0,2.0,2.0,9,9,log_linear,1.4,0.0,0,1.3,0.04852895384491358,1.0,1.4,0.0214096086323542
multiphase,80,0.0,0.1,3718.0,0.09998338681550373,0,1.4,1.0,0,4.0,4.0,9,9,log_linear,1.4,0.0,0,1.32,0.04768870509407987,1.0,1.4,0.020569359881520484
multiphase,80,0.003,0.1,3718.0,0.09998338681550373,0,1.4,1.0,0,4.0,4.0,9,9,log_linear,1.4,0.0,0,1.3,0.04768870509407987,1.0,1.4,0.020569359881520484
multiphase,80,0.005,0.1,3718.0,0.09998338681550373,0,1.4,1.0,0,4.0,4.0,9,9,log_linear,1.4,0.0,0,1.32,0.04768870509407987,1.0,1.4,0.020569359881520484
multiphase,80,0.01,0.1,3718.0,0.09998338681550373,0,1.4,1.0,0,4.0,4.0,9,9,log_linear,1.4,0.0,0,1.32,0.04768870509407987,1.0,1.4,0.020569359881520484
multiphase,80,0.02,0.1,3718.0,0.09998338681550373,0,1.4,1.0,0,3.0,3.0,9,8,log_linear,1.4,0.0,0,1.3,0.04768870509407987,1.0,1.4,0.020569359881520484
multiphase,90,0.0,0.1,3852.0,0.0999996544626016,0,1.4,1.0,0,4.0,4.0,9,9,log_linear,1.4,0.0,0,1.32,0.04703014483027203,1.0,1.4,0.019910799617712645
multiphase,90,0.003,0.1,3852.0,0.0999996544626016,0,1.4,1.0,0,4.0,4.0,9,9,log_linear,1.4,0.0,0,1.32,0.04703014483027203,1.0,1.4,0.019910799617712645
multiphase,90,0.005,0.1,3852.0,0.0999996544626016,0,1.4,1.0,0,4.0,4.0,9,9,log_linear,1.4,0.0,0,1.3,0.04703014483027203,1.0,1.4,0.019910799617712645
multiphase,90,0.01,0.1,3852.0,0.0999996544626016,0,1.4,1.0,0,3.0,4.0,9,9,log_linear,1.4,0.0,0,1.32,0.04703014483027203,1.0,1.4,0.019910799617712645
multiphase,90,0.02,0.1,3852.0,0.0999996544626016,0,1.4,1.0,0,3.0,3.0,9,9,log_linear,1.4,0.0,0,1.28,0.04703014483027203,1.0,1.4,0.019910799617712645
multiphase,100,0.0,0.1,3973.0,0.09998261995685395,0,1.4,1.0,0,4.0,4.0,9,9,log_linear,1.4,0.0,0,1.3,0.046470688195762416,1.0,1.4,0.019351342983203033
multiphase,100,0.003,0.1,3973.0,0.09998261995685395,0,1.4,1.0,0,4.0,4.0,9,9,log_linear,1.4,0.0,0,1.3,0.046470688195762416,1.0,1.4,0.019351342983203033
multiphase,100,0.005,0.1,3973.0,0.09998261995685395,0,1.4,1.0,0,4.0,4.0,9,9,log_linear,1.4,0.0,0,1.3,0.046470688195762416,1.0,1.4,0.019351342983203033
multiphase,100,0.01,0.1,3973.0,0.09998261995685395,0,1.4,1.0,0,3.0,3.0,9,9,log_linear,1.4,0.0,0,1.3,0.046470688195762416,1.0,1.4,0.019351342983203033
multiphase,100,0.02,0.1,3973.0,0.09998261995685395,0,1.4,1.0,0,2.0,2.0,9,9,log_linear,1.4,0.0,0,1.32,0.046470688195762416,1.0,1.4,0.019351342983203033
multiphase,110,0.0,0.1,4085.0,0.09997771726421747,0,1.4,1.0,0,3.0,3.0,9,8,log_linear,1.4,0.0,0,1.3,0.04598015245510936,1.0,1.4,0.01886080724254998
multiphase,110,0.003,0.1,4085.0,0.09997771726421747,0,1.4,1.0,0,3.0,3.0,9,9,log_linear,1.4,0.0,0,1.3,0.04598015245510936,1.0,1.4,0.01886080724254998
multiphase,110,0.005,0.1,4085.0,0.09997771726421747,0,1.4,1.0,0,3.0,3.0,9,9,log_linear,1.4,0.0,0,1.32,0.04598015245510936,1.0,1.4,0.01886080724254998
multiphase,110,0.01,0.1,4085.0,0.09997771726421747,0,1.4,1.0,0,3.0,3.0,9,9,log_linear,1.4,0.0,0,1.32,0.04598015245510936,1.0,1.4,0.01886080724254998
multiphase,110,0.02,0.1,4085.0,0.09997771726421747,0,1.4,1.0,0,2.0,2.0,9,9,log_linear,1.4,0.0,0,1.3,0.04598015245510936,1.0,1.4,0.01886080724254998
multiphase,120,0.0,0.1,4191.0,0.09999586139950999,0,1.4,1.0,0,2.0,2.0,9,8,log_linear,1.4,0.0,0,1.3,0.04553826512709559,1.0,1.4,0.01841891991453621
multiphase,120,0.003,0.1,4191.0,0.09999586139950999,0,1.4,1.0,0,2.0,2.0,9,9,log_linear,1.4,0.0,0,1.3,0.04553826512709559,1.0,1.4,0.01841891991453621
multiphase,120,0.005,0.1,4191.0,0.09999586139950999,0,1.4,1.0,0,2.0,2.0,9,9,log_linear,1.4,0.0,0,1.3,0.04553826512709559,1.0,1.4,0.01841891991453621
multiphase,120,0.01,0.1,4191.0,0.09999586139950999,0,1.4,1.0,0,2.0,2.0,9,9,log_linear,1.4,0.0,0,1.3,0.04553826512709559,1.0,1.4,0.01841891991453621
multiphase,120,0.02,0.1,4191.0,0.09999586139950999,0,1.4,1.0,0,2.0,3.0,9,9,log_linear,1.4,0.0,0,1.32,0.04553826512709559,1.0,1.4,0.01841891991453621
multiphase,130,0.0,0.1,4295.0,0.09999413060991968,0,1.4,1.0,0,2.0,2.0,9,9,log_linear,1.4,0.0,0,1.3,0.04512438662415463,1.0,1.4,0.01800504141159525
multiphase,130,0.003,0.1,4295.0,0.09999413060991968,0,1.4,1.0,0,2.0,2.0,9,9,log_linear,1.4,0.0,0,1.3,0.04512438662415463,1.0,1.4,0.01800504141159525
multiphase,130,0.005,0.1,4295.0,0.09999413060991968,0,1.4,1.0,0,2.0,2.0,9,9,log_linear,1.4,0.0,0,1.28,0.04512438662415463,1.0,1.4,0.01800504141159525
multiphase,130,0.01,0.1,4295.0,0.09999413060991968,0,1.4,1.0,0,2.0,2.0,9,9,log_linear,1.4,0.0,0,1.3,0.04512438662415463,1.0,1.4,0.01800504141159525
multiphase,130,0.02,0.1,4295.0,0.09999413060991968,0,1.4,1.0,0,2.0,2.0,9,9,log_linear,1.4,0.0,0,1.28,0.04512438662415463,1.0,1.4,0.01800504141159525
multiphase,140,0.0,0.1,4397.0,0.09999955843969145,0,1.4,1.0,0,3.0,3.0,9,9,levin_t2,1.4,0.0,0,1.28,0.04473614459244804,1.0,1.4,0.01761679937988866
multiphase,140,0.003,0.1,4397.0,0.09999955843969145,0,1.4,1.0,0,2.0,2.0,9,9,log_linear,1.4,0.0,0,1.28,0.04473614459244804,1.0,1.4,0.01761679937988866
multiphase,140,0.005,0.1,4397.0,0.09999955843969145,0,1.4,1.0,0,2.0,2.0,9,9,log_linear,1.4,0.0,0,1.28,0.04473614459244804,1.0,1.4,0.01761679937988866
multiphase,140,0.01,0.1,4397.0,0.09999955843969145,0,1.4,1.0,0,2.0,2.0,9,9,log_linear,1.4,0.0,0,1.28,0.04473614459244804,1.0,1.4,0.01761679937988866
multiphase,140,0.02,0.1,4397.0,0.09999955843969145,0,1.38,1.0,0,2.0,2.0,9,9,log_linear,1.4,0.02,0,1.3,0.04473614459244804,1.0,1.4,0.01761679937988866
noisy_plateau,20,0.0,0.1,67.0,0.09536916221554961,0,1.32,1.0,0,2.0,2.0,9,9,log_linear,1.32,0.0,0,-0.3,0.0566726182502488,1.0,1.4,0.0007016870820168997
noisy_plateau,20,0.003,0.1,67.0,0.09536916221554961,0,1.32,1.0,0,2.0,2.0,9,9,log_linear,1.36,0.04,0,-0.28,0.0566726182502488,1.0,1.4,0.0007016870820168997
noisy_plateau,20,0.005,0.1,67.0,0.09536916221554961,0,1.32,1.0,0,2.0,2.0,9,9,log_linear,1.36,0.04,0,-0.3,0.0566726182502488,1.0,1.38,0.0007016870820168997
noisy_plateau,20,0.01,0.1,67.0,0.09536916221554961,0,1.3,1.0,0,2.0,2.0,9,9,log_linear,1.4,0.1,0,-0.4,0.0566726182502488,1.0,1.4,0.0007016870820168997
noisy_plateau,20,0.02,0.1,67.0,0.09536916221554961,0,1.4,1.0,0,2.0,2.0,9,9,log_linear,1.4,0.0,0,-0.3,0.0566726182502488,1.0,1.4,0.0007016870820168997
noisy_plateau,30,0.0,0.1,77.0,0.09536916221554961,0,1.06,1.0,0,2.0,2.0,9,9,log_linear,1.22,0.16,0,-0.9,0.05639652589699945,1.0,1.36,0.0004255947287675442
noisy_plateau,30,0.003,0.1,77.0,0.09536916221554961,0,1.36,1.0,0,2.0,2.0,9,9,log_linear,1.38,0.02,0,-0.5,0.05639652589699945,1.0,1.4,0.0004255947287675442
noisy_plateau,30,0.005,0.1,77.0,0.09536916221554961,0,1.24,1.0,0,2.0,2.0,9,9,log_linear,1.24,0.0,0,-0.7,0.05639652589699945,1.0,1.28,0.0004255947287675442
noisy_plateau,30,0.01,0.1,77.0,0.09536916221554961,0,1.28,1.0,0,2.0,2.0,9,9,log_linear,1.36,0.08,0,-0.6,0.05639652589699945,1.0,1.4,0.0004255947287675442
noisy_plateau,30,0.02,0.1,77.0,0.09536916221554961,0,1.32,1.0,0,2.0,2.0,9,9,log_linear,1.32,0.0,0,-0.7,0.05639652589699945,1.0,1.38,0.0004255947287675442
noisy_plateau,40,0.0,0.1,87.0,0.09536916221554956,0,1.36,1.0,0,2.0,2.0,9,9,log_linear,1.38,0.02,0,-0.7,0.0562290674198415,1.0,1.4,0.00025813625160959683
noisy_plateau,40,0.003,0.1,87.0,0.09536916221554956,0,1.24,1.0,0,2.0,2.0,9,9,log_linear,1.24,0.0,0,-0.4,0.0562290674198415,1.0,1.36,0.00025813625160959683
noisy_plateau,40,0.005,0.1,87.0,0.09536916221554956,0,1.24,1.0,0,2.0,1.0,9,9,log_linear,1.34,0.1,0,-0.7,0.0562290674198415,1.0,1.38,0.00025813625160959683
noisy_plateau,40,0.01,0.1,87.0,0.09536916221554956,0,1.34,1.0,0,2.0,2.0,9,9,log_linear,1.34,0.0,0,-0.7,0.0562290674198415,1.0,1.4,0.00025813625160959683
noisy_plateau,40,0.02,0.1,87.0,0.09536916221554956,0,1.24,1.0,0,2.0,1.0,9,9,log_linear,1.26,0.02,0,-1.0,0.0562290674198415,1.0,1.38,0.00025813625160959683
noisy_plateau,50,0.0,0.1,97.0,0.09536916221554956,0,1.28,1.0,0,1.0,1.0,9,9,richardson_1,1.28,0.0,1,-0.8,0.05612749871921642,1.0,1.4,0.0001565675509845165
noisy_plateau,50,0.003,0.1,97.0,0.09536916221554956,0,1.18,1.0,0,1.0,2.0,9,9,richardson_1,1.18,0.0,1,-0.8,0.05612749871921642,1.0,1.4,0.0001565675509845165
noisy_plateau,50,0.005,0.1,97.0,0.09536916221554956,0,1.28,1.0,0,1.0,1.0,9,9,richardson_1,1.28,0.0,1,-0.8,0.05612749871921642,1.0,1.4,0.0001565675509845165
noisy_plateau,50,0.01,0.1,97.0,0.09536916221554956,0,1.3,1.0,0,1.0,1.0,9,9,richardson_1,1.3,0.0,1,-0.9,0.05612749871921642,1.0,1.4,0.0001565675509845165
noisy_plateau,50,0.02,0.1,97.0,0.09536916221554956,0,1.24,1.0,0,1.0,1.0,9,9,richardson_1,1.24,0.0,1,-0.8,0.05612749871921642,1.0,1.4,0.0001565675509845165
noisy_plateau,60,0.0,0.1,107.0,0.09536916221554957,0,1.34,1.0,0,1.0,2.0,9,9,richardson_1,1.34,0.0,1,-0.8,0.05606589418822013,1.0,1.4,9.496301998822981e-05
noisy_plateau,60,0.003,0.1,107.0,0.09536916221554957,0,1.34,1.0,0,1.0,1.0,9,9,richardson_1,1.34,0.0,1,-0.6,0.05606589418822013,1.0,1.4,9.496301998822981e-05
noisy_plateau,60,0.005,0.1,107.0,0.09536916221554957,0,1.12,1.0,0,2.0,2.0,9,9,single_exp_fit,1.18,0.06,0,-0.7,0.05606589418822013,1.0,1.4,9.496301998822981e-05
noisy_plateau,60,0.01,0.1,107.0,0.09536916221554957,0,1.28,1.0,0,1.0,2.0,9,9,richardson_1,1.28,0.0,1,-0.8,0.05606589418822013,1.0,1.4,9.496301998822981e-05
noisy_plateau,60,0.02,0.1,107.0,0.09536916221554957,0,1.02,1.0,0,2.0,3.0,9,9,single_exp_fit,1.02,0.0,0,-0.9,0.05606589418822013,1.0,1.28,9.496301998822981e-05
noisy_plateau,70,0.0,0.1,117.0,0.09536916221554956,0,1.28,1.0,0,3.0,4.0,9,9,richardson_a10,1.38,0.1,0,-0.7,0.05602852915139367,1.0,1.4,5.7597983161766786e-05
noisy_plateau,70,0.003,0.1,117.0,0.09536916221554956,0,0.94,1.0,0,5.0,4.0,9,9,richardson_a10,1.22,0.28,0,-0.9,0.05602852915139367,1.0,1.4,5.7597983161766786e-05
noisy_plateau,70,0.005,0.1,117.0,0.09536916221554956,0,0.96,1.0,0,5.0,4.0,9,9,richardson_a10,1.26,0.3,0,-0.8,0.05602852915139367,1.0,1.38,5.7597983161766786e-05
noisy_plateau,70,0.01,0.1,117.0,0.09536916221554956,0,1.32,1.0,0,3.0,4.0,9,9,richardson_a10,1.38,0.06,0,-0.8,0.05602852915139367,1.0,1.4,5.7597983161766786e-05
noisy_plateau,70,0.02,0.1,117.0,0.09536916221554956,0,1.02,1.0,0,5.0,4.0,9,9,richardson_a10,1.22,0.2,0,-0.9,0.05602852915139367,1.0,1.38,5.7597983161766786e-05
noisy_plateau,80,0.0,0.1,127.0,0.09536916221554959,0,1.1,1.0,0,3.0,4.0,9,9,richardson_a10,1.2,0.1,0,-0.8,0.05600586611095713,1.0,1.4,3.493494272521942e-05
noisy_plateau,80,0.003,0.1,127.0,0.09536916221554959,0,1.34,1.0,0,2.0,2.0,9,9,richardson_a10,1.4,0.06,0,-0.7,0.05600586611095713,1.0,1.4,3.493494272521942e-05
noisy_plateau,80,0.005,0.1,127.0,0.09536916221554959,0,1.4,1.0,0,1.0,1.0,9,9,richardson_1,1.4,0.0,1,-0.9,0.05600586611095713,1.0,1.4,3.493494272521942e-05
noisy_plateau,80,0.01,0.1,127.0,0.09536916221554959,0,1.08,1.0,0,4.0,4.0,9,9,richardson_a10,1.22,0.14,0,-1.0,0.05600586611095713,1.0,1.4,3.493494272521942e-05
noisy_plateau,80,0.02,0.1,127.0,0.09536916221554959,0,1.06,1.0,0,4.0,4.0,9,9,richardson_a10,1.24,0.18,0,-0.9,0.05600586611095713,1.0,1.4,3.493494272521942e-05
noisy_plateau,90,0.0,0.1,137.0,0.09536916221554956,0,1.34,1.0,0,1.0,1.0,9,9,richardson_1,1.34,0.0,1,-0.7,0.05599212028209005,1.0,1.4,2.118911385814992e-05
noisy_plateau,90,0.003,0.1,137.0,0.09536916221554956,0,1.2,1.0,0,2.0,2.0,9,9,single_exp_fit,1.2,0.0,0,-0.8,0.05599212028209005,1.0,1.4,2.118911385814992e-05
noisy_plateau,90,0.005,0.1,137.0,0.09536916221554956,0,1.34,1.0,0,2.0,1.0,9,9,richardson_a10,1.38,0.04,0,-1.0,0.05599212028209005,1.0,1.4,2.118911385814992e-05
noisy_plateau,90,0.01,0.1,137.0,0.09536916221554956,0,1.12,1.0,0,4.0,3.0,9,9,single_exp_fit,1.24,0.12,0,-0.9,0.05599212028209005,1.0,1.4,2.118911385814992e-05
noisy_plateau,90,0.02,0.1,137.0,0.09536916221554956,0,1.06,1.0,0,1.0,1.0,9,9,richardson_1,1.06,0.0,1,-0.9,0.05599212028209005,1.0,1.38,2.118911385814992e-05
noisy_plateau,100,0.0,0.1,147.0,0.09536916221554957,0,1.22,1.0,0,2.0,2.0,9,9,richardson_a10,1.24,0.02,0,-1.0,0.05598378301543901,1.0,1.4,1.2851847207111244e-05
noisy_plateau,100,0.003,0.1,147.0,0.09536916221554957,0,1.08,1.0,0,1.0,3.0,9,9,richardson_1,1.08,0.0,1,-0.9,0.05598378301543901,1.0,1.4,1.2851847207111244e-05
noisy_plateau,100,0.005,0.1,147.0,0.09536916221554957,0,1.12,1.0,0,3.0,3.0,9,9,richardson_a10,1.2,0.08,0,-0.8,0.05598378301543901,1.0,1.4,1.2851847207111244e-05
noisy_plateau,100,0.01,0.1,147.0,0.09536916221554957,0,1.28,1.0,0,3.0,3.0,9,9,richardson_a10,1.32,0.04,0,-0.6,0.05598378301543901,1.0,1.4,1.2851847207111244e-05
noisy_plateau,100,0.02,0.1,147.0,0.09536916221554957,0,1.1,1.0,0,3.0,1.0,9,9,levin_t2,1.18,0.08,0,-1.0,0.05598378301543901,1.0,1.4,1.2851847207111244e-05
noisy_plateau,110,0.0,0.1,157.0,0.09536916221554959,0,1.28,1.0,0,4.0,4.0,9,9,richardson_a10,1.3,0.02,0,-0.7,0.05597872620759696,1.0,1.4,7.795039365054296e-06
noisy_plateau,110,0.003,0.1,157.0,0.09536916221554959,0,1.4,1.0,0,2.0,2.0,9,9,single_exp_fit,1.4,0.0,0,-0.9,0.05597872620759696,1.0,1.4,7.795039365054296e-06
noisy_plateau,110,0.005,0.1,157.0,0.09536916221554959,0,1.16,1.0,0,6.0,3.0,9,9,richardson_a10,1.24,0.08,0,-0.9,0.05597872620759696,1.0,1.4,7.795039365054296e-06
noisy_plateau,110,0.01,0.1,157.0,0.09536916221554959,0,1.28,1.0,0,3.0,3.0,9,9,richardson_a10,1.3,0.02,0,-0.9,0.05597872620759696,1.0,1.4,7.795039365054296e-06
noisy_plateau,110,0.02,0.1,157.0,0.09536916221554959,0,1.36,1.0,0,2.0,5.0,9,9,single_exp_fit,1.36,0.0,0,-1.0,0.05597872620759696,1.0,1.4,7.795039365054296e-06
noisy_plateau,120,0.0,0.1,167.0,0.09536916221554965,0,1.32,1.0,0,2.0,2.0,9,9,single_exp_fit,1.34,0.02,0,-0.9,0.05597565909860047,1.0,1.4,4.727930368569888e-06
noisy_plateau,120,0.003,0.1,167.0,0.09536916221554965,0,1.32,1.0,0,5.0,5.0,9,9,single_exp_fit,1.38,0.06,0,-0.8,0.05597565909860047,1.0,1.4,4.727930368569888e-06
noisy_plateau,120,0.005,0.1,167.0,0.09536916221554965,0,1.16,1.0,0,4.0,4.0,9,9,pade_22,1.2,0.04,0,-0.8,0.05597565909860047,1.0,1.28,4.727930368569888e-06
noisy_plateau,120,0.01,0.1,167.0,0.09536916221554965,0,0.86,1.0,0,5.0,3.0,9,9,current_value,1.0,0.14,0,-0.8,0.05597565909860047,1.0,1.38,4.727930368569888e-06
noisy_plateau,120,0.02,0.1,167.0,0.09536916221554965,0,1.36,1.0,0,3.0,3.0,9,9,richardson_a10,1.38,0.02,0,-0.7,0.05597565909860047,1.0,1.4,4.727930368569888e-06
noisy_plateau,130,0.0,0.1,177.0,0.09536916221554967,0,1.26,1.0,0,3.0,4.0,9,9,pade_22,1.38,0.12,0,-0.9,0.05597379880295743,1.0,1.4,2.8676347255257584e-06
noisy_plateau,130,0.003,0.1,177.0,0.09536916221554967,0,1.22,1.0,0,4.0,4.0,9,9,single_exp_fit,1.26,0.04,0,-0.8,0.05597379880295743,1.0,1.4,2.8676347255257584e-06
noisy_plateau,130,0.005,0.1,177.0,0.09536916221554967,0,1.22,1.0,0,4.0,4.0,9,9,single_exp_fit,1.26,0.04,0,-0.8,0.05597379880295743,1.0,1.4,2.8676347255257584e-06
noisy_plateau,130,0.01,0.1,177.0,0.09536916221554967,0,0.84,1.0,0,6.0,4.0,9,9,pade_22,1.16,0.32,0,-0.8,0.05597379880295743,1.0,1.4,2.8676347255257584e-06
noisy_plateau,130,0.02,0.1,177.0,0.09536916221554967,0,1.22,1.0,0,4.0,3.0,9,9,richardson_a10,1.32,0.1,0,-0.9,0.05597379880295743,1.0,1.4,2.8676347255257584e-06
noisy_plateau,140,0.0,0.1,187.0,0.09536916221554964,0,1.3,1.0,0,2.0,5.0,9,9,richardson_a10,1.3,0.0,0,-1.0,0.05597267047661379,1.0,1.4,1.739308381887468e-06
noisy_plateau,140,0.003,0.1,187.0,0.09536916221554964,0,1.22,1.0,0,5.0,5.0,9,9,pade_22,1.38,0.16,0,-0.9,0.05597267047661379,1.0,1.4,1.739308381887468e-06
noisy_plateau,140,0.005,0.1,187.0,0.09536916221554964,0,1.36,1.0,0,4.0,5.0,9,9,single_exp_fit,1.38,0.02,0,-0.9,0.05597267047661379,1.0,1.4,1.739308381887468e-06
noisy_plateau,140,0.01,0.1,187.0,0.09536916221554964,0,1.38,1.0,0,3.0,4.0,9,9,single_exp_fit,1.38,0.0,0,-0.6,0.05597267047661379,1.0,1.4,1.739308381887468e-06
noisy_plateau,140,0.02,0.1,187.0,0.09536916221554964,0,1.2,1.0,0,4.0,6.0,9,9,pade_22,1.36,0.16,0,-1.0,0.05597267047661379,1.0,1.4,1.739308381887468e-06
osc_exp,20,0.0,0.1,102.0,0.09501127947332318,0,1.4,1.0,0,4.0,4.0,9,9,rational_fit,1.4,0.0,0,1.3,0.12056116852566516,1.0,1.4,0.03292157808865052
osc_exp,20,0.003,0.1,102.0,0.09501127947332318,0,1.4,1.0,0,4.0,4.0,9,9,rational_fit,1.4,0.0,0,1.3,0.12056116852566516,1.0,1.4,0.03292157808865052
osc_exp,20,0.005,0.1,102.0,0.09501127947332318,0,1.4,1.0,0,4.0,4.0,9,8,rational_fit,1.4,0.0,0,1.3,0.12056116852566516,1.0,1.4,0.03292157808865052
osc_exp,20,0.01,0.1,102.0,0.09501127947332318,0,1.4,1.0,0,4.0,4.0,9,8,rational_fit,1.4,0.0,0,1.3,0.12056116852566516,1.0,1.4,0.03292157808865052
osc_exp,20,0.02,0.1,102.0,0.09501127947332318,0,1.4,1.0,0,4.0,4.0,9,8,rational_fit,1.4,0.0,0,1.3,0.12056116852566516,1.0,1.4,0.03292157808865052
osc_exp,30,0.0,0.1,103.0,0.0952051343089901,0,1.4,1.0,0,3.0,3.0,9,8,rational_fit,1.4,0.0,0,1.3,0.11863726379576055,1.0,1.4,0.030997673358745894
osc_exp,30,0.003,0.1,103.0,0.0952051343089901,0,1.4,1.0,0,3.0,3.0,9,8,rational_fit,1.4,0.0,0,1.3,0.11863726379576055,1.0,1.4,0.030997673358745894
osc_exp,30,0.005,0.1,103.0,0.0952051343089901,0,1.4,1.0,0,3.0,3.0,9,9,rational_fit,1.4,0.0,0,1.3,0.11863726379576055,1.0,1.4,0.030997673358745894
osc_exp,30,0.01,0.1,103.0,0.0952051343089901,0,1.4,1.0,0,3.0,4.0,9,9,rational_fit,1.4,0.0,0,1.3,0.11863726379576055,1.0,1.4,0.030997673358745894
osc_exp,30,0.02,0.1,103.0,0.0952051343089901,0,1.4,1.0,0,3.0,4.0,9,9,rational_fit,1.4,0.0,0,1.3,0.11863726379576055,1.0,1.4,0.030997673358745894
osc_exp,40,0.0,0.1,114.0,0.09953504478473157,0,1.32,1.0,0,6.0,6.0,9,9,pade_22,1.4,0.08,0,1.28,0.10816714592234944,1.0,1.4,0.02052755548533479
osc_exp,40,0.003,0.1,114.0,0.09953504478473157,0,1.32,1.0,0,4.0,4.0,9,9,pade_22,1.4,0.08,0,1.28,0.10816714592234944,1.0,1.4,0.02052755548533479
osc_exp,40,0.005,0.1,114.0,0.09953504478473157,0,1.3,1.0,0,4.0,4.0,9,9,pade_22,1.4,0.1,0,1.28,0.10816714592234944,1.0,1.4,0.02052755548533479
osc_exp,40,0.01,0.1,114.0,0.09953504478473157,0,1.34,1.0,0,4.0,4.0,9,9,pade_22,1.4,0.06,0,1.28,0.10816714592234944,1.0,1.4,0.02052755548533479
osc_exp,40,0.02,0.1,114.0,0.09953504478473157,0,1.32,1.0,0,4.0,4.0,9,9,pade_22,1.4,0.08,0,1.28,0.10816714592234944,1.0,1.4,0.02052755548533479
osc_exp,50,0.0,0.1,133.0,0.09631796022609462,0,1.12,1.0,0,7.0,8.0,9,9,rational_fit,1.4,0.28,0,1.22,0.10079014977435728,1.0,1.4,0.013150559337342629
osc_exp,50,0.003,0.1,133.0,0.09631796022609462,0,1.12,1.0,0,7.0,8.0,9,9,rational_fit,1.4,0.28,0,1.22,0.10079014977435728,1.0,1.4,0.013150559337342629
osc_exp,50,0.005,0.1,133.0,0.09631796022609462,0,1.14,1.0,0,7.0,8.0,9,9,rational_fit,1.4,0.26,0,1.24,0.10079014977435728,1.0,1.4,0.013150559337342629
osc_exp,50,0.01,0.1,133.0,0.09631796022609462,0,1.16,1.0,0,7.0,8.0,9,9,rational_fit,1.4,0.24,0,1.22,0.10079014977435728,1.0,1.4,0.013150559337342629
osc_exp,50,0.02,0.1,133.0,0.09631796022609462,0,1.12,1.0,0,6.0,8.0,9,9,rational_fit,1.4,0.28,0,1.2,0.10079014977435728,1.0,1.4,0.013150559337342629
osc_exp,60,0.0,0.1,134.0,0.09501342197497052,0,1.18,1.0,0,5.0,6.0,9,9,rational_fit,1.4,0.22,0,1.22,0.10002511014063457,1.0,1.4,0.012385519703619922
osc_exp,60,0.003,0.1,134.0,0.09501342197497052,0,1.2,1.0,0,6.0,7.0,9,9,rational_fit,1.4,0.2,0,1.22,0.10002511014063457,1.0,1.4,0.012385519703619922
osc_exp,60,0.005,0.1,134.0,0.09501342197497052,0,1.18,1.0,0,6.0,7.0,9,9,rational_fit,1.4,0.22,0,1.22,0.10002511014063457,1.0,1.4,0.012385519703619922
osc_exp,60,0.01,0.1,134.0,0.09501342197497052,0,1.18,1.0,0,6.0,5.0,9,9,rational_fit,1.4,0.22,0,1.22,0.10002511014063457,1.0,1.4,0.012385519703619922
osc_exp,60,0.02,0.1,134.0,0.09501342197497052,0,1.16,1.0,0,7.0,8.0,9,9,pade_22,1.4,0.24,0,1.12,0.10002511014063457,1.0,1.4,0.012385519703619922
osc_exp,70,0.0,0.1,141.0,0.09902976677012475,0,1.4,1.0,0,3.0,3.0,9,9,log_linear,1.4,0.0,0,0.98,0.09630248237453685,1.0,1.4,0.008662891937522198
osc_exp,70,0.003,0.1,141.0,0.09902976677012475,0,1.4,1.0,0,2.0,2.0,9,9,log_linear,1.4,0.0,0,0.98,0.09630248237453685,1.0,1.4,0.008662891937522198
osc_exp,70,0.005,0.1,141.0,0.09902976677012475,0,1.4,1.0,0,2.0,2.0,9,9,log_linear,1.4,0.0,0,0.98,0.09630248237453685,1.0,1.4,0.008662891937522198
osc_exp,70,0.01,0.1,141.0,0.09902976677012475,0,1.4,1.0,0,2.0,2.0,9,9,log_linear,1.4,0.0,0,0.98,0.09630248237453685,1.0,1.4,0.008662891937522198
osc_exp,70,0.02,0.1,141.0,0.09902976677012475,0,1.36,1.0,0,2.0,3.0,9,8,log_linear,1.4,0.04,0,0.98,0.09630248237453685,1.0,1.4,0.008662891937522198
osc_exp,80,0.0,0.1,164.0,0.0965726368027743,0,1.26,1.0,0,7.0,5.0,9,9,richardson_a10,1.4,0.14,0,0.66,0.09289125793644208,1.0,1.4,0.0052516674994274315
osc_exp,80,0.003,0.1,164.0,0.0965726368027743,0,1.26,1.0,0,5.0,5.0,9,9,richardson_a10,1.4,0.14,0,0.66,0.09289125793644208,1.0,1.4,0.0052516674994274315
osc_exp,80,0.005,0.1,164.0,0.0965726368027743,0,1.26,1.0,0,5.0,5.0,9,9,richardson_a10,1.4,0.14,0,0.66,0.09289125793644208,1.0,1.4,0.0052516674994274315
osc_exp,80,0.01,0.1,164.0,0.0965726368027743,0,1.22,1.0,0,5.0,5.0,9,9,richardson_a10,1.4,0.18,0,0.56,0.09289125793644208,1.0,1.4,0.0052516674994274315
osc_exp,80,0.02,0.1,164.0,0.0965726368027743,0,1.26,1.0,0,4.0,5.0,9,8,single_exp_fit,1.4,0.14,0,0.58,0.09289125793644208,1.0,1.4,0.0052516674994274315
osc_exp,90,0.0,0.1,165.0,0.09570953042125925,0,1.4,1.0,0,5.0,6.0,9,9,pade_22,1.4,0.0,0,0.66,0.09258810200121913,1.0,1.4,0.004948511564204481
osc_exp,90,0.003,0.1,165.0,0.09570953042125925,0,1.34,1.0,0,5.0,6.0,9,9,pade_22,1.4,0.06,0,0.66,0.09258810200121913,1.0,1.4,0.004948511564204481
osc_exp,90,0.005,0.1,165.0,0.09570953042125925,0,1.34,1.0,0,5.0,6.0,9,9,pade_22,1.4,0.06,0,0.66,0.09258810200121913,1.0,1.4,0.004948511564204481
osc_exp,90,0.01,0.1,165.0,0.09570953042125925,0,1.28,1.0,0,6.0,6.0,9,9,pade_22,1.4,0.12,0,0.56,0.09258810200121913,1.0,1.4,0.004948511564204481
osc_exp,90,0.02,0.1,165.0,0.09570953042125925,0,1.26,1.0,0,5.0,5.0,9,9,rational_fit,1.32,0.06,0,0.64,0.09258810200121913,1.0,1.4,0.004948511564204481
osc_exp,100,0.0,0.1,171.0,0.0962473288255166,0,1.3,1.0,0,5.0,5.0,9,9,richardson_a10,1.4,0.1,0,0.56,0.09119922617552421,1.0,1.4,0.003559635738509561
osc_exp,100,0.003,0.1,171.0,0.0962473288255166,0,1.26,1.0,0,4.0,4.0,9,9,richardson_a10,1.4,0.14,0,0.54,0.09119922617552421,1.0,1.4,0.003559635738509561
osc_exp,100,0.005,0.1,171.0,0.0962473288255166,0,1.28,1.0,0,4.0,4.0,9,9,richardson_a10,1.4,0.12,0,0.54,0.09119922617552421,1.0,1.4,0.003559635738509561
osc_exp,100,0.01,0.1,171.0,0.0962473288255166,0,1.26,1.0,0,5.0,5.0,9,9,richardson_a10,1.4,0.14,0,0.44,0.09119922617552421,1.0,1.4,0.003559635738509561
osc_exp,100,0.02,0.1,171.0,0.0962473288255166,0,1.14,1.0,0,3.0,6.0,9,8,richardson_a10,1.22,0.08,0,0.4,0.09119922617552421,1.0,1.38,0.003559635738509561
osc_exp,110,0.0,0.1,195.0,0.09553422740711669,0,1.14,1.0,0,5.0,5.0,9,9,single_exp_fit,1.4,0.26,0,0.18,0.08973614984709985,1.0,1.4,0.002096559410085193
osc_exp,110,0.003,0.1,195.0,0.09553422740711669,0,1.12,1.0,0,5.0,5.0,9,9,single_exp_fit,1.36,0.24,0,0.04,0.08973614984709985,1.0,1.4,0.002096559410085193
osc_exp,110,0.005,0.1,195.0,0.09553422740711669,0,1.18,1.0,0,4.0,5.0,9,9,single_exp_fit,1.36,0.18,0,0.14,0.08973614984709985,1.0,1.4,0.002096559410085193
osc_exp,110,0.01,0.1,195.0,0.09553422740711669,0,1.04,1.0,0,3.0,4.0,9,9,single_exp_fit,1.34,0.3,0,-0.02,0.08973614984709985,1.0,1.4,0.002096559410085193
osc_exp,110,0.02,0.1,195.0,0.09553422740711669,0,1.1,1.0,0,2.0,5.0,9,9,single_exp_fit,1.22,0.12,0,0.1,0.08973614984709985,1.0,1.38,0.002096559410085193
osc_exp,120,0.0,0.1,196.0,0.09717309076678934,0,1.18,1.0,0,3.0,6.0,9,9,pade_22,1.4,0.22,0,0.08,0.08961643814785523,1.0,1.4,0.0019768477108405794
osc_exp,120,0.003,0.1,196.0,0.09717309076678934,0,1.2,1.0,0,3.0,4.0,9,9,pade_22,1.4,0.2,0,0.16,0.08961643814785523,1.0,1.4,0.0019768477108405794
osc_exp,120,0.005,0.1,196.0,0.09717309076678934,0,1.18,1.0,0,5.0,5.0,9,9,single_exp_fit,1.32,0.14,0,0.14,0.08961643814785523,1.0,1.4,0.0019768477108405794
osc_exp,120,0.01,0.1,196.0,0.09717309076678934,0,1.14,1.0,0,3.0,3.0,9,9,single_exp_fit,1.28,0.14,0,0.18,0.08961643814785523,1.0,1.4,0.0019768477108405794
osc_exp,120,0.02,0.1,196.0,0.09717309076678934,0,1.06,1.0,0,3.0,2.0,9,8,single_exp_fit,1.16,0.1,0,0.16,0.08961643814785523,1.0,1.4,0.0019768477108405794
osc_exp,130,0.0,0.1,201.0,0.0952993180898516,0,1.16,1.0,0,4.0,8.0,9,9,pade_22,1.4,0.24,0,-0.06,0.089120951702843,1.0,1.4,0.0014813612658283403
osc_exp,130,0.003,0.1,201.0,0.0952993180898516,0,1.22,1.0,0,3.0,8.0,9,9,single_exp_fit,1.38,0.16,0,-0.16,0.089120951702843,1.0,1.4,0.0014813612658283403
osc_exp,130,0.005,0.1,201.0,0.0952993180898516,0,1.26,1.0,0,3.0,6.0,9,9,single_exp_fit,1.32,0.06,0,0.02,0.089120951702843,1.0,1.4,0.0014813612658283403
osc_exp,130,0.01,0.1,201.0,0.0952993180898516,0,0.96,1.0,0,6.0,7.0,9,9,anderson_1,1.12,0.16,0,-0.44,0.089120951702843,1.0,1.36,0.0014813612658283403
osc_exp,130,0.02,0.1,201.0,0.0952993180898516,0,1.06,1.0,0,3.0,2.0,9,8,single_exp_fit,1.08,0.02,0,0.12,0.089120951702843,1.0,1.28,0.0014813612658283403
osc_exp,140,0.0,0.1,225.0,0.0984495915693698,0,1.12,1.0,0,5.0,7.0,9,9,single_exp_fit,1.4,0.28,0,-0.18,0.08852379049672979,1.0,1.4,0.000884200059715139
osc_exp,140,0.003,0.1,225.0,0.0984495915693698,0,1.02,1.0,0,5.0,7.0,9,9,single_exp_fit,1.16,0.14,0,-0.28,0.08852379049672979,1.0,1.4,0.000884200059715139
osc_exp,140,0.005,0.1,225.0,0.0984495915693698,0,0.92,1.0,0,3.0,6.0,9,9,current_value,1.0,0.08,0,-0.38,0.08852379049672979,1.0,1.26,0.000884200059715139
osc_exp,140,0.01,0.1,225.0,0.0984495915693698,0,0.48,1.0,0,6.0,6.0,9,9,current_value,1.0,0.52,0,-0.18,0.08852379049672979,1.0,1.32,0.000884200059715139
osc_exp,140,0.02,0.1,225.0,0.0984495915693698,0,0.8,1.0,0,6.0,4.0,9,8,current_value,1.0,0.2,0,0.24,0.08852379049672979,1.0,1.4,0.000884200059715139
power_law,20,0.0,0.1,563.0,0.0999213133094059,0,1.4,1.0,0,1.0,1.0,9,9,richardson_1,1.4,0.0,1,1.3,0.02819390374701887,1.0,1.4,0.00948843559804378
power_law,20,0.003,0.1,563.0,0.0999213133094059,0,1.4,1.0,0,1.0,1.0,9,9,richardson_1,1.4,0.0,1,1.2,0.02819390374701887,1.0,1.4,0.00948843559804378
power_law,20,0.005,0.1,563.0,0.0999213133094059,0,1.4,1.0,0,1.0,1.0,9,9,richardson_1,1.4,0.0,1,1.3,0.02819390374701887,1.0,1.4,0.00948843559804378
power_law,20,0.01,0.1,563.0,0.0999213133094059,0,1.38,1.0,0,3.0,1.0,9,9,pade_22,1.4,0.02,0,1.2,0.02819390374701887,1.0,1.4,0.00948843559804378
power_law,20,0.02,0.1,563.0,0.0999213133094059,0,1.4,1.0,0,1.0,1.0,9,9,richardson_1,1.4,0.0,1,1.22,0.02819390374701887,1.0,1.4,0.00948843559804378
power_law,30,0.0,0.1,831.0,0.0999693474547331,0,1.4,1.0,0,2.0,2.0,9,9,pade_22,1.4,0.0,0,1.2,0.025933227072907978,1.0,1.4,0.007227758923932888
power_law,30,0.003,0.1,831.0,0.0999693474547331,0,1.4,1.0,0,1.0,1.0,9,9,richardson_1,1.4,0.0,1,1.2,0.025933227072907978,1.0,1.4,0.007227758923932888
power_law,30,0.005,0.1,831.0,0.0999693474547331,0,1.4,1.0,0,1.0,1.0,9,9,richardson_1,1.4,0.0,1,1.2,0.025933227072907978,1.0,1.4,0.007227758923932888
power_law,30,0.01,0.1,831.0,0.0999693474547331,0,1.4,1.0,0,1.0,1.0,9,9,richardson_1,1.4,0.0,1,1.2,0.025933227072907978,1.0,1.4,0.007227758923932888
power_law,30,0.02,0.1,831.0,0.0999693474547331,0,1.36,1.0,0,2.0,1.0,9,9,rational_fit,1.38,0.02,0,1.06,0.025933227072907978,1.0,1.4,0.007227758923932888
power_law,40,0.0,0.1,1099.0,0.09999397203534287,0,1.4,1.0,0,2.0,2.0,9,9,pade_22,1.4,0.0,0,1.08,0.02464996508280838,1.0,1.4,0.005944496933833289
power_law,40,0.003,0.1,1099.0,0.09999397203534287,0,1.4,1.0,0,1.0,1.0,9,9,richardson_1,1.4,0.0,1,1.08,0.02464996508280838,1.0,1.4,0.005944496933833289
power_law,40,0.005,0.1,1099.0,0.09999397203534287,0,1.36,1.0,0,3.0,1.0,9,9,pade_22,1.4,0.04,0,1.08,0.02464996508280838,1.0,1.4,0.005944496933833289
power_law,40,0.01,0.1,1099.0,0.09999397203534287,0,1.36,1.0,0,3.0,1.0,9,9,pade_22,1.4,0.04,0,0.98,0.02464996508280838,1.0,1.4,0.005944496933833289
power_law,40,0.02,0.1,1099.0,0.09999397203534287,0,1.38,1.0,0,1.0,1.0,9,9,richardson_1,1.38,0.0,1,1.16,0.02464996508280838,1.0,1.4,0.005944496933833289
power_law,50,0.0,0.1,1368.0,0.0999578047246273,0,1.4,1.0,0,2.0,2.0,9,9,pade_22,1.4,0.0,0,1.06,0.023805907330086057,1.0,1.4,0.005100439181110965
power_law,50,0.003,0.1,1368.0,0.0999578047246273,0,1.4,1.0,0,1.0,1.0,9,9,richardson_1,1.4,0.0,1,1.06,0.023805907330086057,1.0,1.4,0.005100439181110965
power_law,50,0.005,0.1,1368.0,0.0999578047246273,0,1.38,1.0,0,3.0,1.0,9,9,pade_22,1.4,0.02,0,1.06,0.023805907330086057,1.0,1.4,0.005100439181110965
power_law,50,0.01,0.1,1368.0,0.0999578047246273,0,1.34,1.0,0,3.0,2.0,9,9,pade_22,1.4,0.06,0,1.06,0.023805907330086057,1.0,1.4,0.005100439181110965
power_law,50,0.02,0.1,1368.0,0.0999578047246273,0,1.34,1.0,0,1.0,1.0,9,9,richardson_1,1.34,0.0,1,1.04,0.023805907330086057,1.0,1.4,0.005100439181110965
power_law,60,0.0,0.1,1636.0,0.09997624219816975,0,1.4,1.0,0,2.0,2.0,9,9,pade_22,1.4,0.0,0,1.04,0.02320591784173625,1.0,1.4,0.004500449692761158
power_law,60,0.003,0.1,1636.0,0.09997624219816975,0,1.38,1.0,0,3.0,1.0,9,9,pade_22,1.4,0.02,0,1.04,0.02320591784173625,1.0,1.4,0.004500449692761158
power_law,60,0.005,0.1,1636.0,0.09997624219816975,0,1.4,1.0,0,1.0,1.0,9,9,richardson_1,1.4,0.0,1,1.04,0.02320591784173625,1.0,1.4,0.004500449692761158
power_law,60,0.01,0.1,1636.0,0.09997624219816975,0,1.38,1.0,0,2.0,2.0,9,9,pade_22,1.4,0.02,0,1.06,0.02320591784173625,1.0,1.4,0.004500449692761158
power_law,60,0.02,0.1,1636.0,0.09997624219816975,0,1.22,1.0,0,1.0,1.0,9,9,richardson_1,1.22,0.0,1,0.72,0.02320591784173625,1.0,1.28,0.004500449692761158
power_law,70,0.0,0.1,1904.0,0.09998949111526254,0,1.4,1.0,0,1.0,1.0,9,9,richardson_1,1.4,0.0,1,1.04,0.02275275047949192,1.0,1.4,0.004047282330516832
power_law,70,0.003,0.1,1904.0,0.09998949111526254,0,1.4,1.0,0,1.0,1.0,9,9,richardson_1,1.4,0.0,1,1.04,0.02275275047949192,1.0,1.4,0.004047282330516832
power_law,70,0.005,0.1,1904.0,0.09998949111526254,0,1.4,1.0,0,1.0,1.0,9,9,richardson_1,1.4,0.0,1,1.04,0.02275275047949192,1.0,1.4,0.004047282330516832
power_law,70,0.01,0.1,1904.0,0.09998949111526254,0,1.38,1.0,0,3.0,2.0,9,8,rational_fit,1.4,0.02,0,1.08,0.02275275047949192,1.0,1.4,0.004047282330516832
power_law,70,0.02,0.1,1904.0,0.09998949111526254,0,1.34,1.0,0,2.0,1.0,9,9,rational_fit,1.38,0.04,0,0.84,0.02275275047949192,1.0,1.38,0.004047282330516832
power_law,80,0.0,0.1,2172.0,0.09999947150992174,0,1.4,1.0,0,1.0,1.0,9,9,richardson_1,1.4,0.0,1,1.04,0.022396503278015387,1.0,1.4,0.0036910351290402954
power_law,80,0.003,0.1,2172.0,0.09999947150992174,0,1.4,1.0,0,1.0,1.0,9,9,richardson_1,1.4,0.0,1,0.94,0.022396503278015387,1.0,1.4,0.0036910351290402954
power_law,80,0.005,0.1,2172.0,0.09999947150992174,0,1.4,1.0,0,1.0,1.0,9,9,richardson_1,1.4,0.0,1,1.04,0.022396503278015387,1.0,1.4,0.0036910351290402954
power_law,80,0.01,0.1,2172.0,0.09999947150992174,0,1.38,1.0,0,2.0,1.0,9,9,rational_fit,1.4,0.02,0,1.02,0.022396503278015387,1.0,1.4,0.0036910351290402954
power_law,80,0.02,0.1,2172.0,0.09999947150992174,0,1.18,1.0,0,3.0,4.0,9,9,richardson_a10,1.3,0.12,0,0.98,0.022396503278015387,1.0,1.36,0.0036910351290402954
power_law,90,0.0,0.1,2441.0,0.09997859122064488,0,1.4,1.0,0,1.0,1.0,9,9,richardson_1,1.4,0.0,1,1.04,0.02210694895979179,1.0,1.4,0.0034014808108167012
power_law,90,0.003,0.1,2441.0,0.09997859122064488,0,1.36,1.0,0,4.0,2.0,9,9,rational_fit,1.4,0.04,0,0.94,0.02210694895979179,1.0,1.4,0.0034014808108167012
power_law,90,0.005,0.1,2441.0,0.09997859122064488,0,1.32,1.0,0,4.0,3.0,9,9,richardson_a10,1.4,0.08,0,1.04,0.02210694895979179,1.0,1.4,0.0034014808108167012
power_law,90,0.01,0.1,2441.0,0.09997859122064488,0,1.2,1.0,0,3.0,3.0,9,9,richardson_a10,1.28,0.08,0,0.78,0.02210694895979179,1.0,1.28,0.0034014808108167012
power_law,90,0.02,0.1,2441.0,0.09997859122064488,0,1.24,1.0,0,3.0,3.0,9,8,richardson_a10,1.26,0.02,0,0.9,0.02210694895979179,1.0,1.38,0.0034014808108167012
power_law,100,0.0,0.1,2709.0,0.09998767226705793,0,1.4,1.0,0,1.0,1.0,9,9,richardson_1,1.4,0.0,1,0.94,0.021867829425484923,1.0,1.4,0.003162361276509833
power_law,100,0.003,0.1,2709.0,0.09998767226705793,0,1.4,1.0,0,1.0,1.0,9,9,richardson_1,1.4,0.0,1,1.04,0.021867829425484923,1.0,1.4,0.003162361276509833
power_law,100,0.005,0.1,2709.0,0.09998767226705793,0,1.38,1.0,0,2.0,1.0,9,9,richardson_a10,1.4,0.02,0,0.9,0.021867829425484923,1.0,1.4,0.003162361276509833
power_law,100,0.01,0.1,2709.0,0.09998767226705793,0,1.3,1.0,0,2.0,4.0,9,9,richardson_a10,1.38,0.08,0,0.64,0.021867829425484923,1.0,1.4,0.003162361276509833
power_law,100,0.02,0.1,2709.0,0.09998767226705793,0,1.34,1.0,0,3.0,3.0,9,8,richardson_a10,1.4,0.06,0,1.1,0.021867829425484923,1.0,1.4,0.003162361276509833
power_law,110,0.0,0.1,2977.0,0.09999511858333618,0,1.4,1.0,0,1.0,1.0,9,9,richardson_1,1.4,0.0,1,0.92,0.021665815703158994,1.0,1.4,0.002960347554183904
power_law,110,0.003,0.1,2977.0,0.09999511858333618,0,1.36,1.0,0,4.0,4.0,9,9,richardson_a10,1.4,0.04,0,1.02,0.021665815703158994,1.0,1.4,0.002960347554183904
power_law,110,0.005,0.1,2977.0,0.09999511858333618,0,1.4,1.0,0,2.0,4.0,9,9,richardson_a10,1.4,0.0,0,0.94,0.021665815703158994,1.0,1.4,0.002960347554183904
power_law,110,0.01,0.1,2977.0,0.09999511858333618,0,1.38,1.0,0,2.0,3.0,9,9,richardson_a10,1.4,0.02,0,1.02,0.021665815703158994,1.0,1.4,0.002960347554183904
power_law,110,0.02,0.1,2977.0,0.09999511858333618,0,1.26,1.0,0,2.0,1.0,9,8,rational_fit,1.3,0.04,0,0.78,0.021665815703158994,1.0,1.38,0.002960347554183904
power_law,120,0.0,0.1,3246.0,0.09997977548940717,0,1.4,1.0,0,1.0,1.0,9,9,richardson_1,1.4,0.0,1,0.92,0.02149192540207595,1.0,1.4,0.0027864572531008606
power_law,120,0.003,0.1,3246.0,0.09997977548940717,0,1.36,1.0,0,4.0,2.0,9,9,rational_fit,1.4,0.04,0,0.9,0.02149192540207595,1.0,1.4,0.0027864572531008606
power_law,120,0.005,0.1,3246.0,0.09997977548940717,0,1.36,1.0,0,3.0,4.0,9,9,richardson_a10,1.4,0.04,0,0.92,0.02149192540207595,1.0,1.4,0.0027864572531008606
power_law,120,0.01,0.1,3246.0,0.09997977548940717,0,1.3,1.0,0,2.0,3.0,9,9,richardson_a10,1.36,0.06,0,0.86,0.02149192540207595,1.0,1.4,0.0027864572531008606
power_law,120,0.02,0.1,3246.0,0.09997977548940717,0,0.94,1.0,0,4.0,1.0,9,8,anderson_1,1.1,0.16,0,0.58,0.02149192540207595,1.0,1.38,0.0027864572531008606
power_law,130,0.0,0.1,3514.0,0.09998668651267502,0,1.4,1.0,0,1.0,1.0,9,9,richardson_1,1.4,0.0,1,0.92,0.021341449032920894,1.0,1.4,0.0026359808839458033
power_law,130,0.003,0.1,3514.0,0.09998668651267502,0,1.38,1.0,0,3.0,3.0,9,9,richardson_a10,1.4,0.02,0,0.9,0.021341449032920894,1.0,1.4,0.0026359808839458033
power_law,130,0.005,0.1,3514.0,0.09998668651267502,0,1.36,1.0,0,2.0,4.0,9,9,richardson_a10,1.4,0.04,0,0.9,0.021341449032920894,1.0,1.4,0.0026359808839458033
power_law,130,0.01,0.1,3514.0,0.09998668651267502,0,1.3,1.0,0,2.0,2.0,9,9,richardson_a10,1.34,0.04,0,0.88,0.021341449032920894,1.0,1.4,0.0026359808839458033
power_law,130,0.02,0.1,3514.0,0.09998668651267502,0,1.02,1.0,0,2.0,2.0,9,8,richardson_a10,1.2,0.18,0,0.6,0.021341449032920894,1.0,1.36,0.0026359808839458033
power_law,140,0.0,0.1,3782.0,0.09999261817403449,0,1.4,1.0,0,1.0,1.0,9,9,richardson_1,1.4,0.0,1,0.9,0.02120929647357657,1.0,1.4,0.0025038283246014773
power_law,140,0.003,0.1,3782.0,0.09999261817403449,0,1.34,1.0,0,2.0,2.0,9,9,richardson_a10,1.4,0.06,0,0.82,0.02120929647357657,1.0,1.4,0.0025038283246014773
power_law,140,0.005,0.1,3782.0,0.09999261817403449,0,1.34,1.0,0,2.0,2.0,9,9,richardson_a10,1.4,0.06,0,0.82,0.02120929647357657,1.0,1.4,0.0025038283246014773
power_law,140,0.01,0.1,3782.0,0.09999261817403449,0,1.3,1.0,0,3.0,3.0,9,9,richardson_a10,1.34,0.04,0,0.76,0.02120929647357657,1.0,1.4,0.0025038283246014773
power_law,140,0.02,0.1,3782.0,0.09999261817403449,0,1.36,1.0,0,1.0,3.0,9,8,richardson_1,1.36,0.0,1,0.94,0.02120929647357657,1.0,1.4,0.0025038283246014773
rational_decay,20,0.0,0.1,425.0,0.09999999999999999,0,1.4,1.0,0,6.0,6.0,9,9,pade_22,1.4,0.0,0,1.38,0.18131811694244995,1.0,1.4,0.04444444444444445
rational_decay,20,0.003,0.1,425.0,0.09999999999999999,0,1.4,1.0,0,4.0,4.0,9,9,rational_fit,1.4,0.0,0,1.38,0.18131811694244995,1.0,1.4,0.04444444444444445
rational_decay,20,0.005,0.1,425.0,0.09999999999999999,0,1.4,1.0,0,4.0,4.0,9,9,rational_fit,1.4,0.0,0,1.38,0.18131811694244995,1.0,1.4,0.04444444444444445
rational_decay,20,0.01,0.1,425.0,0.09999999999999999,0,1.4,1.0,0,4.0,4.0,9,9,rational_fit,1.4,0.0,0,1.38,0.18131811694244995,1.0,1.4,0.04444444444444445
rational_decay,20,0.02,0.1,425.0,0.09999999999999999,0,1.4,1.0,0,3.0,4.0,9,9,rational_fit,1.4,0.0,0,1.38,0.18131811694244995,1.0,1.4,0.04444444444444445
rational_decay,30,0.0,0.1,525.0,0.1,0,1.4,1.0,0,5.0,5.0,9,9,pade_22,1.4,0.0,0,1.34,0.17323730886164188,1.0,1.4,0.036363636363636376
rational_decay,30,0.003,0.1,525.0,0.1,0,1.4,1.0,0,4.0,4.0,9,9,rational_fit,1.4,0.0,0,1.34,0.17323730886164188,1.0,1.4,0.036363636363636376
rational_decay,30,0.005,0.1,525.0,0.1,0,1.4,1.0,0,4.0,4.0,9,9,rational_fit,1.4,0.0,0,1.34,0.17323730886164188,1.0,1.4,0.036363636363636376
rational_decay,30,0.01,0.1,525.0,0.1,0,1.4,1.0,0,4.0,4.0,9,9,rational_fit,1.4,0.0,0,1.34,0.17323730886164188,1.0,1.4,0.036363636363636376
rational_decay,30,0.02,0.1,525.0,0.1,0,1.4,1.0,0,3.0,4.0,9,9,rational_fit,1.4,0.0,0,1.34,0.17323730886164188,1.0,1.4,0.036363636363636376
rational_decay,40,0.0,0.1,625.0,0.1,0,1.4,1.0,0,5.0,5.0,9,9,pade_22,1.4,0.0,0,1.28,0.16764290326723627,1.0,1.4,0.03076923076923077
rational_decay,40,0.003,0.1,625.0,0.1,0,1.4,1.0,0,4.0,4.0,9,9,pade_22,1.4,0.0,0,1.28,0.16764290326723627,1.0,1.4,0.03076923076923077
rational_decay,40,0.005,0.1,625.0,0.1,0,1.4,1.0,0,4.0,4.0,9,9,rational_fit,1.4,0.0,0,1.26,0.16764290326723627,1.0,1.4,0.03076923076923077
rational_decay,40,0.01,0.1,625.0,0.1,0,1.4,1.0,0,4.0,4.0,9,9,rational_fit,1.4,0.0,0,1.28,0.16764290326723627,1.0,1.4,0.03076923076923077
rational_decay,40,0.02,0.1,625.0,0.1,0,1.4,1.0,0,4.0,4.0,9,9,rational_fit,1.4,0.0,0,1.28,0.16764290326723627,1.0,1.4,0.03076923076923077
rational_decay,50,0.0,0.1,725.0,0.1,0,1.4,1.0,0,5.0,5.0,9,9,pade_22,1.4,0.0,0,1.26,0.16354033916467217,1.0,1.4,0.026666666666666672
rational_decay,50,0.003,0.1,725.0,0.1,0,1.4,1.0,0,4.0,4.0,9,9,rational_fit,1.4,0.0,0,1.26,0.16354033916467217,1.0,1.4,0.026666666666666672
rational_decay,50,0.005,0.1,725.0,0.1,0,1.4,1.0,0,4.0,4.0,9,9,rational_fit,1.4,0.0,0,1.26,0.16354033916467217,1.0,1.4,0.026666666666666672
rational_decay,50,0.01,0.1,725.0,0.1,0,1.4,1.0,0,4.0,4.0,9,9,rational_fit,1.4,0.0,0,1.26,0.16354033916467217,1.0,1.4,0.026666666666666672
rational_decay,50,0.02,0.1,725.0,0.1,0,1.4,1.0,0,3.0,4.0,9,9,rational_fit,1.4,0.0,0,1.26,0.16354033916467217,1.0,1.4,0.026666666666666672
rational_decay,60,0.0,0.1,825.0,0.09999999999999999,0,1.4,1.0,0,5.0,5.0,9,9,pade_22,1.4,0.0,0,1.24,0.16040308426271138,1.0,1.4,0.023529411764705882
rational_decay,60,0.003,0.1,825.0,0.09999999999999999,0,1.4,1.0,0,4.0,4.0,9,9,rational_fit,1.4,0.0,0,1.24,0.16040308426271138,1.0,1.4,0.023529411764705882
rational_decay,60,0.005,0.1,825.0,0.09999999999999999,0,1.4,1.0,0,4.0,4.0,9,9,rational_fit,1.4,0.0,0,1.24,0.16040308426271138,1.0,1.4,0.023529411764705882
rational_decay,60,0.01,0.1,825.0,0.09999999999999999,0,1.4,1.0,0,4.0,4.0,9,9,rational_fit,1.4,0.0,0,1.24,0.16040308426271138,1.0,1.4,0.023529411764705882
rational_decay,60,0.02,0.1,825.0,0.09999999999999999,0,1.4,1.0,0,3.0,3.0,9,9,rational_fit,1.4,0.0,0,1.24,0.16040308426271138,1.0,1.4,0.023529411764705882
rational_decay,70,0.0,0.1,925.0,0.1,0,1.4,1.0,0,4.0,4.0,9,9,pade_22,1.4,0.0,0,1.24,0.15792630407695288,1.0,1.4,0.02105263157894738
rational_decay,70,0.003,0.1,925.0,0.1,0,1.4,1.0,0,4.0,4.0,9,9,pade_22,1.4,0.0,0,1.24,0.15792630407695288,1.0,1.4,0.02105263157894738
rational_decay,70,0.005,0.1,925.0,0.1,0,1.4,1.0,0,4.0,4.0,9,9,rational_fit,1.4,0.0,0,1.24,0.15792630407695288,1.0,1.4,0.02105263157894738
rational_decay,70,0.01,0.1,925.0,0.1,0,1.4,1.0,0,4.0,4.0,9,9,rational_fit,1.4,0.0,0,1.22,0.15792630407695288,1.0,1.4,0.02105263157894738
rational_decay,70,0.02,0.1,925.0,0.1,0,1.4,1.0,0,3.0,3.0,9,9,rational_fit,1.4,0.0,0,1.24,0.15792630407695288,1.0,1.4,0.02105263157894738
rational_decay,80,0.0,0.1,1025.0,0.10000000000000002,0,1.4,1.0,0,3.0,3.0,9,9,pade_22,1.4,0.0,0,1.24,0.15592129154562454,1.0,1.4,0.019047619047619035
rational_decay,80,0.003,0.1,1025.0,0.10000000000000002,0,1.4,1.0,0,3.0,3.0,9,9,rational_fit,1.4,0.0,0,1.22,0.15592129154562454,1.0,1.4,0.019047619047619035
rational_decay,80,0.005,0.1,1025.0,0.10000000000000002,0,1.4,1.0,0,3.0,3.0,9,9,rational_fit,1.4,0.0,0,1.24,0.15592129154562454,1.0,1.4,0.019047619047619035
rational_decay,80,0.01,0.1,1025.0,0.10000000000000002,0,1.4,1.0,0,2.0,2.0,9,9,rational_fit,1.4,0.0,0,1.24,0.15592129154562454,1.0,1.4,0.019047619047619035
rational_decay,80,0.02,0.1,1025.0,0.10000000000000002,0,1.4,1.0,0,1.0,1.0,9,8,richardson_1,1.4,0.0,1,1.24,0.15592129154562454,1.0,1.4,0.019047619047619035
rational_decay,90,0.0,0.1,1125.0,0.09999999999999999,0,1.4,1.0,0,4.0,4.0,9,9,pade_22,1.4,0.0,0,1.2,0.1542649768458316,1.0,1.4,0.017391304347826098
rational_decay,90,0.003,0.1,1125.0,0.09999999999999999,0,1.4,1.0,0,3.0,3.0,9,9,rational_fit,1.4,0.0,0,1.2,0.1542649768458316,1.0,1.4,0.017391304347826098
rational_decay,90,0.005,0.1,1125.0,0.09999999999999999,0,1.4,1.0,0,3.0,3.0,9,9,rational_fit,1.4,0.0,0,1.22,0.1542649768458316,1.0,1.4,0.017391304347826098
rational_decay,90,0.01,0.1,1125.0,0.09999999999999999,0,1.4,1.0,0,2.0,2.0,9,9,rational_fit,1.4,0.0,0,1.18,0.1542649768458316,1.0,1.4,0.017391304347826098
rational_decay,90,0.02,0.1,1125.0,0.09999999999999999,0,1.4,1.0,0,1.0,1.0,9,8,richardson_1,1.4,0.0,1,1.2,0.1542649768458316,1.0,1.4,0.017391304347826098
rational_decay,100,0.0,0.1,1225.0,0.1,0,1.4,1.0,0,4.0,4.0,9,9,rational_fit,1.4,0.0,0,1.16,0.15287367249800551,1.0,1.4,0.016000000000000014
rational_decay,100,0.003,0.1,1225.0,0.1,0,1.4,1.0,0,3.0,3.0,9,9,rational_fit,1.4,0.0,0,1.16,0.15287367249800551,1.0,1.4,0.016000000000000014
rational_decay,100,0.005,0.1,1225.0,0.1,0,1.4,1.0,0,2.0,2.0,9,9,rational_fit,1.4,0.0,0,1.18,0.15287367249800551,1.0,1.4,0.016000000000000014
rational_decay,100,0.01,0.1,1225.0,0.1,0,1.4,1.0,0,2.0,2.0,9,9,rational_fit,1.4,0.0,0,1.16,0.15287367249800551,1.0,1.4,0.016000000000000014
rational_decay,100,0.02,0.1,1225.0,0.1,0,1.4,1.0,0,1.0,1.0,9,9,richardson_1,1.4,0.0,1,1.2,0.15287367249800551,1.0,1.4,0.016000000000000014
rational_decay,110,0.0,0.1,1325.0,0.1,0,1.4,1.0,0,4.0,4.0,9,9,pade_22,1.4,0.0,0,1.16,0.1516884873128203,1.0,1.4,0.014814814814814815
rational_decay,110,0.003,0.1,1325.0,0.1,0,1.4,1.0,0,3.0,3.0,9,9,rational_fit,1.4,0.0,0,1.16,0.1516884873128203,1.0,1.4,0.014814814814814815
rational_decay,110,0.005,0.1,1325.0,0.1,0,1.4,1.0,0,2.0,2.0,9,9,rational_fit,1.4,0.0,0,1.16,0.1516884873128203,1.0,1.4,0.014814814814814815
rational_decay,110,0.01,0.1,1325.0,0.1,0,1.4,1.0,0,2.0,2.0,9,8,rational_fit,1.4,0.0,0,1.16,0.1516884873128203,1.0,1.4,0.014814814814814815
rational_decay,110,0.02,0.1,1325.0,0.1,0,1.4,1.0,0,1.0,1.0,9,9,richardson_1,1.4,0.0,1,1.16,0.1516884873128203,1.0,1.4,0.014814814814814815
rational_decay,120,0.0,0.1,1426.0,0.09993108201240525,0,1.4,1.0,0,3.0,3.0,9,9,pade_22,1.4,0.0,0,1.16,0.15065727001695794,1.0,1.4,0.013783597518952449
rational_decay,120,0.003,0.1,1426.0,0.09993108201240525,0,1.4,1.0,0,3.0,3.0,9,9,rational_fit,1.4,0.0,0,1.16,0.15065727001695794,1.0,1.4,0.013783597518952449
rational_decay,120,0.005,0.1,1426.0,0.09993108201240525,0,1.4,1.0,0,1.0,1.0,9,9,richardson_1,1.4,0.0,1,1.16,0.15065727001695794,1.0,1.4,0.013783597518952449
rational_decay,120,0.01,0.1,1426.0,0.09993108201240525,0,1.4,1.0,0,1.0,1.0,9,9,richardson_1,1.4,0.0,1,1.16,0.15065727001695794,1.0,1.4,0.013783597518952449
rational_decay,120,0.02,0.1,1426.0,0.09993108201240525,0,1.38,1.0,0,2.0,1.0,9,9,richardson_a10,1.4,0.02,0,1.16,0.15065727001695794,1.0,1.4,0.013783597518952449
rational_decay,130,0.0,0.1,1525.0,0.1,0,1.4,1.0,0,3.0,3.0,9,9,pade_22,1.4,0.0,0,1.16,0.14977689830445712,1.0,1.4,0.012903225806451615
rational_decay,130,0.003,0.1,1525.0,0.1,0,1.4,1.0,0,1.0,1.0,9,9,richardson_1,1.4,0.0,1,1.16,0.14977689830445712,1.0,1.4,0.012903225806451615
rational_decay,130,0.005,0.1,1525.0,0.1,0,1.4,1.0,0,1.0,1.0,9,8,richardson_1,1.4,0.0,1,1.16,0.14977689830445712,1.0,1.4,0.012903225806451615
rational_decay,130,0.01,0.1,1525.0,0.1,0,1.38,1.0,0,2.0,1.0,9,9,richardson_a10,1.4,0.02,0,1.16,0.14977689830445712,1.0,1.4,0.012903225806451615
rational_decay,130,0.02,0.1,1525.0,0.1,0,1.36,1.0,0,2.0,1.0,9,9,richardson_a10,1.4,0.04,0,1.16,0.14977689830445712,1.0,1.4,0.012903225806451615
rational_decay,140,0.0,0.1,1625.0,0.09999999999999999,0,1.4,1.0,0,3.0,3.0,9,9,rational_fit,1.4,0.0,0,1.16,0.14899488461921762,1.0,1.4,0.01212121212121212
rational_decay,140,0.003,0.1,1625.0,0.09999999999999999,0,1.4,1.0,0,1.0,1.0,9,9,richardson_1,1.4,0.0,1,1.16,0.14899488461921762,1.0,1.4,0.01212121212121212
rational_decay,140,0.005,0.1,1625.0,0.09999999999999999,0,1.38,1.0,0,2.0,2.0,9,9,richardson_a10,1.4,0.02,0,1.16,0.14899488461921762,1.0,1.4,0.01212121212121212
rational_decay,140,0.01,0.1,1625.0,0.09999999999999999,0,1.36,1.0,0,2.0,3.0,9,9,richardson_a10,1.4,0.04,0,1.06,0.14899488461921762,1.0,1.4,0.01212121212121212
rational_decay,140,0.02,0.1,1625.0,0.09999999999999999,0,1.4,1.0,0,1.0,1.0,9,9,richardson_1,1.4,0.0,1,1.16,0.14899488461921762,1.0,1.4,0.01212121212121212
single_exp,20,0.0,0.1,78.0,0.09827358560436153,0,1.4,1.0,0,7.0,7.0,9,9,single_exp_fit,1.4,0.0,0,1.36,0.0563970328605853,1.0,1.4,0.033117876314769645
single_exp,20,0.003,0.1,78.0,0.09827358560436153,0,1.4,1.0,0,5.0,5.0,9,9,single_exp_fit,1.4,0.0,0,1.36,0.0563970328605853,1.0,1.4,0.033117876314769645
single_exp,20,0.005,0.1,78.0,0.09827358560436153,0,1.4,1.0,0,5.0,5.0,9,9,single_exp_fit,1.4,0.0,0,1.36,0.0563970328605853,1.0,1.4,0.033117876314769645
single_exp,20,0.01,0.1,78.0,0.09827358560436153,0,1.4,1.0,0,4.0,5.0,9,9,single_exp_fit,1.4,0.0,0,1.36,0.0563970328605853,1.0,1.4,0.033117876314769645
single_exp,20,0.02,0.1,78.0,0.09827358560436153,0,1.4,1.0,0,4.0,4.0,9,9,single_exp_fit,1.4,0.0,0,1.36,0.0563970328605853,1.0,1.4,0.033117876314769645
single_exp,30,0.0,0.1,88.0,0.09827358560436152,0,1.2,1.0,0,7.0,8.0,9,9,single_exp_fit,1.4,0.2,0,1.32,0.04547873292173465,1.0,1.4,0.022199576375919
single_exp,30,0.003,0.1,88.0,0.09827358560436152,0,1.2,1.0,0,5.0,6.0,9,9,single_exp_fit,1.4,0.2,0,1.32,0.04547873292173465,1.0,1.4,0.022199576375919
single_exp,30,0.005,0.1,88.0,0.09827358560436152,0,1.24,1.0,0,5.0,5.0,9,9,single_exp_fit,1.4,0.16,0,1.32,0.04547873292173465,1.0,1.4,0.022199576375919
single_exp,30,0.01,0.1,88.0,0.09827358560436152,0,1.32,1.0,0,5.0,5.0,9,9,single_exp_fit,1.4,0.08,0,1.32,0.04547873292173465,1.0,1.4,0.022199576375919
single_exp,30,0.02,0.1,88.0,0.09827358560436152,0,1.24,1.0,0,4.0,6.0,9,9,single_exp_fit,1.4,0.16,0,1.32,0.04547873292173465,1.0,1.4,0.022199576375919
single_exp,40,0.0,0.1,98.0,0.09827358560436154,0,1.08,1.0,0,7.0,8.0,9,9,single_exp_fit,1.4,0.32,0,1.26,0.03815997760409336,1.0,1.4,0.014880821058277715
single_exp,40,0.003,0.1,98.0,0.09827358560436154,0,1.08,1.0,0,6.0,8.0,9,9,single_exp_fit,1.4,0.32,0,1.26,0.03815997760409336,1.0,1.4,0.014880821058277715
single_exp,40,0.005,0.1,98.0,0.09827358560436154,0,1.06,1.0,0,7.0,8.0,9,9,single_exp_fit,1.4,0.34,0,1.26,0.03815997760409336,1.0,1.4,0.014880821058277715
single_exp,40,0.01,0.1,98.0,0.09827358560436154,0,1.1,1.0,0,7.0,8.0,9,9,single_exp_fit,1.4,0.3,0,1.26,0.03815997760409336,1.0,1.4,0.014880821058277715
single_exp,40,0.02,0.1,98.0,0.09827358560436154,0,1.16,1.0,0,6.0,7.0,9,9,single_exp_fit,1.4,0.24,0,1.26,0.03815997760409336,1.0,1.4,0.014880821058277715
single_exp,50,0.0,0.1,108.0,0.09827358560436149,0,1.04,1.0,0,7.0,8.0,9,9,single_exp_fit,1.4,0.36,0,1.26,0.03325406920264847,1.0,1.4,0.009974912656832823
single_exp,50,0.003,0.1,108.0,0.09827358560436149,0,1.04,1.0,0,6.0,8.0,9,9,single_exp_fit,1.4,0.36,0,1.16,0.03325406920264847,1.0,1.4,0.009974912656832823
single_exp,50,0.005,0.1,108.0,0.09827358560436149,0,1.06,1.0,0,6.0,8.0,9,9,single_exp_fit,1.4,0.34,0,1.26,0.03325406920264847,1.0,1.4,0.009974912656832823
single_exp,50,0.01,0.1,108.0,0.09827358560436149,0,1.04,1.0,0,7.0,8.0,9,9,single_exp_fit,1.4,0.36,0,1.26,0.03325406920264847,1.0,1.4,0.009974912656832823
single_exp,50,0.02,0.1,108.0,0.09827358560436149,0,1.04,1.0,0,7.0,8.0,9,9,single_exp_fit,1.4,0.36,0,1.16,0.03325406920264847,1.0,1.4,0.009974912656832823
single_exp,60,0.0,0.1,118.0,0.09827358560436156,0,1.04,1.0,0,7.0,8.0,9,9,single_exp_fit,1.4,0.36,0,1.02,0.029965540457145314,1.0,1.4,0.006686383911329665
single_exp,60,0.003,0.1,118.0,0.09827358560436156,0,1.04,1.0,0,6.0,7.0,9,9,single_exp_fit,1.4,0.36,0,1.02,0.029965540457145314,1.0,1.4,0.006686383911329665
single_exp,60,0.005,0.1,118.0,0.09827358560436156,0,1.04,1.0,0,6.0,8.0,9,9,single_exp_fit,1.4,0.36,0,1.02,0.029965540457145314,1.0,1.4,0.006686383911329665
single_exp,60,0.01,0.1,118.0,0.09827358560436156,0,1.04,1.0,0,6.0,8.0,9,9,single_exp_fit,1.4,0.36,0,1.02,0.029965540457145314,1.0,1.4,0.006686383911329665
single_exp,60,0.02,0.1,118.0,0.09827358560436156,0,1.04,1.0,0,6.0,7.0,9,9,single_exp_fit,1.38,0.34,0,0.82,0.029965540457145314,1.0,1.4,0.006686383911329665
single_exp,70,0.0,0.1,128.0,0.09827358560436154,0,1.22,1.0,0,7.0,7.0,9,9,single_exp_fit,1.4,0.18,0,0.92,0.027761173717070105,1.0,1.4,0.004482017171254458
single_exp,70,0.003,0.1,128.0,0.09827358560436154,0,1.26,1.0,0,4.0,4.0,9,9,single_exp_fit,1.4,0.14,0,0.82,0.027761173717070105,1.0,1.4,0.004482017171254458
single_exp,70,0.005,0.1,128.0,0.09827358560436154,0,1.18,1.0,0,4.0,4.0,9,9,single_exp_fit,1.4,0.22,0,0.82,0.027761173717070105,1.0,1.4,0.004482017171254458
single_exp,70,0.01,0.1,128.0,0.09827358560436154,0,1.24,1.0,0,4.0,4.0,9,9,single_exp_fit,1.4,0.16,0,0.92,0.027761173717070105,1.0,1.4,0.004482017171254458
single_exp,70,0.02,0.1,128.0,0.09827358560436154,0,1.04,1.0,0,4.0,4.0,9,9,single_exp_fit,1.26,0.22,0,0.86,0.027761173717070105,1.0,1.36,0.004482017171254458
single_exp,80,0.0,0.1,138.0,0.09827358560436152,0,1.1,1.0,0,7.0,9.0,9,9,single_exp_fit,1.4,0.3,0,0.7,0.02628354250238346,1.0,1.4,0.003004385956567813
single_exp,80,0.003,0.1,138.0,0.09827358560436152,0,1.1,1.0,0,6.0,8.0,9,9,single_exp_fit,1.4,0.3,0,0.7,0.02628354250238346,1.0,1.4,0.003004385956567813
single_exp,80,0.005,0.1,138.0,0.09827358560436152,0,1.1,1.0,0,6.0,7.0,9,9,single_exp_fit,1.4,0.3,0,0.68,0.02628354250238346,1.0,1.4,0.003004385956567813
single_exp,80,0.01,0.1,138.0,0.09827358560436152,0,1.06,1.0,0,7.0,8.0,9,9,single_exp_fit,1.28,0.22,0,0.68,0.02628354250238346,1.0,1.28,0.003004385956567813
single_exp,80,0.02,0.1,138.0,0.09827358560436152,0,0.76,1.0,0,5.0,8.0,9,9,log_linear,1.26,0.5,0,0.44,0.02628354250238346,1.0,1.36,0.003004385956567813
single_exp,90,0.0,0.1,148.0,0.09827358560436156,0,1.06,1.0,0,6.0,8.0,9,9,single_exp_fit,1.4,0.34,0,0.44,0.025293056678531014,1.0,1.4,0.0020139001327153655
single_exp,90,0.003,0.1,148.0,0.09827358560436156,0,1.06,1.0,0,5.0,7.0,9,9,single_exp_fit,1.4,0.34,0,0.44,0.025293056678531014,1.0,1.4,0.0020139001327153655
single_exp,90,0.005,0.1,148.0,0.09827358560436156,0,1.08,1.0,0,5.0,7.0,9,9,single_exp_fit,1.4,0.32,0,0.44,0.025293056678531014,1.0,1.4,0.0020139001327153655
single_exp,90,0.01,0.1,148.0,0.09827358560436156,0,0.88,1.0,0,6.0,7.0,9,9,single_exp_fit,1.24,0.36,0,0.38,0.025293056678531014,1.0,1.28,0.0020139001327153655
single_exp,90,0.02,0.1,148.0,0.09827358560436156,0,0.98,1.0,0,4.0,6.0,9,8,single_exp_fit,1.32,0.34,0,0.56,0.025293056678531014,1.0,1.4,0.0020139001327153655
single_exp,100,0.0,0.1,158.0,0.09827358560436152,0,1.08,1.0,0,6.0,7.0,9,9,single_exp_fit,1.4,0.32,0,0.24,0.024629114175488593,1.0,1.4,0.0013499576296729428
single_exp,100,0.003,0.1,158.0,0.09827358560436152,0,1.08,1.0,0,4.0,6.0,9,9,single_exp_fit,1.4,0.32,0,0.34,0.024629114175488593,1.0,1.4,0.0013499576296729428
single_exp,100,0.005,0.1,158.0,0.09827358560436152,0,0.84,1.0,0,6.0,6.0,9,9,single_exp_fit,1.28,0.44,0,0.12,0.024629114175488593,1.0,1.38,0.0013499576296729428
single_exp,100,0.01,0.1,158.0,0.09827358560436152,0,0.72,1.0,0,4.0,6.0,9,9,single_exp_fit,1.1,0.38,0,0.04,0.024629114175488593,1.0,1.26,0.0013499576296729428
single_exp,100,0.02,0.1,158.0,0.09827358560436152,0,0.96,1.0,0,4.0,4.0,9,7,single_exp_fit,1.18,0.22,0,0.44,0.024629114175488593,1.0,1.4,0.0013499576296729428
single_exp,110,0.0,0.1,168.0,0.09827358560436159,0,1.08,1.0,0,6.0,7.0,9,9,single_exp_fit,1.4,0.32,0,0.2,0.024184060206284178,1.0,1.4,0.0009049036604685291
single_exp,110,0.003,0.1,168.0,0.09827358560436159,0,0.86,1.0,0,6.0,6.0,9,9,single_exp_fit,1.4,0.54,0,0.06,0.024184060206284178,1.0,1.4,0.0009049036604685291
single_exp,110,0.005,0.1,168.0,0.09827358560436159,0,0.76,1.0,0,6.0,6.0,9,9,single_exp_fit,1.36,0.6,0,0.08,0.024184060206284178,1.0,1.38,0.0009049036604685291
single_exp,110,0.01,0.1,168.0,0.09827358560436159,0,0.5,1.0,0,5.0,5.0,9,8,single_exp_fit,1.12,0.62,0,0.06,0.024184060206284178,1.0,1.38,0.0009049036604685291
single_exp,110,0.02,0.1,168.0,0.09827358560436159,0,1.08,1.0,0,2.0,2.0,9,8,single_exp_fit,1.26,0.18,0,0.34,0.024184060206284178,1.0,1.38,0.0009049036604685291
single_exp,120,0.0,0.1,178.0,0.0982735856043615,0,1.08,1.0,0,5.0,6.0,9,9,single_exp_fit,1.4,0.32,0,0.1,0.02388573160915873,1.0,1.4,0.0006065750633430823
single_exp,120,0.003,0.1,178.0,0.0982735856043615,0,0.96,1.0,0,5.0,5.0,9,9,single_exp_fit,1.38,0.42,0,-0.02,0.02388573160915873,1.0,1.38,0.0006065750633430823
single_exp,120,0.005,0.1,178.0,0.0982735856043615,0,0.94,1.0,0,3.0,5.0,9,9,single_exp_fit,1.24,0.3,0,-0.0,0.02388573160915873,1.0,1.28,0.0006065750633430823
single_exp,120,0.01,0.1,178.0,0.0982735856043615,0,0.54,1.0,0,5.0,5.0,9,8,current_value,1.0,0.46,0,-0.1,0.02388573160915873,1.0,1.34,0.0006065750633430823
single_exp,120,0.02,0.1,178.0,0.0982735856043615,0,0.92,1.0,0,4.0,3.0,9,8,single_exp_fit,1.34,0.42,0,0.28,0.02388573160915873,1.0,1.4,0.0006065750633430823
single_exp,130,0.0,0.1,188.0,0.09827358560436152,0,1.06,1.0,0,6.0,6.0,9,9,single_exp_fit,1.4,0.34,0,-0.2,0.023685755970199854,1.0,1.4,0.0004065994243842054
single_exp,130,0.003,0.1,188.0,0.09827358560436152,0,0.74,1.0,0,5.0,5.0,9,9,single_exp_fit,1.22,0.48,0,-0.04,0.023685755970199854,1.0,1.38,0.0004065994243842054
single_exp,130,0.005,0.1,188.0,0.09827358560436152,0,0.96,1.0,0,5.0,4.0,9,9,single_exp_fit,1.34,0.38,0,-0.28,0.023685755970199854,1.0,1.4,0.0004065994243842054
single_exp,130,0.01,0.1,188.0,0.09827358560436152,0,0.52,1.0,0,3.0,4.0,9,8,current_value,1.0,0.48,0,-0.26,0.023685755970199854,1.0,1.22,0.0004065994243842054
single_exp,130,0.02,0.1,188.0,0.09827358560436152,0,1.04,1.0,0,2.0,2.0,9,8,single_exp_fit,1.1,0.06,0,0.3,0.023685755970199854,1.0,1.28,0.0004065994243842054
single_exp,140,0.0,0.1,198.0,0.09827358560436159,0,1.1,1.0,0,5.0,7.0,9,9,single_exp_fit,1.4,0.3,0,-0.3,0.023551708290686934,1.0,1.4,0.00027255174487128553
single_exp,140,0.003,0.1,198.0,0.09827358560436159,0,0.5,1.0,0,5.0,6.0,9,9,single_exp_fit,1.14,0.64,0,-0.48,0.023551708290686934,1.0,1.38,0.00027255174487128553
single_exp,140,0.005,0.1,198.0,0.09827358560436159,0,0.28,1.0,0,6.0,6.0,9,8,current_value,1.0,0.72,0,-0.28,0.023551708290686934,1.0,1.24,0.00027255174487128553
single_exp,140,0.01,0.1,198.0,0.09827358560436159,0,1.28,1.0,0,1.0,1.0,9,8,richardson_1,1.28,0.0,1,0.06,0.023551708290686934,1.0,1.4,0.00027255174487128553
single_exp,140,0.02,0.1,198.0,0.09827358560436159,0,1.18,1.0,0,2.0,1.0,9,8,single_exp_fit,1.34,0.16,0,0.44,0.023551708290686934,1.0,1.4,0.00027255174487128553
slow_osc_power,20,0.0,0.1,720.0,0.09994693334309313,0,1.4,1.0,0,1.0,1.0,9,9,richardson_1,1.4,0.0,1,0.9,0.09214322745324241,1.0,1.4,0.009357024669980918
slow_osc_power,20,0.003,0.1,720.0,0.09994693334309313,0,1.4,1.0,0,1.0,1.0,9,9,richardson_1,1.4,0.0,1,0.9,0.09214322745324241,1.0,1.4,0.009357024669980918
slow_osc_power,20,0.005,0.1,720.0,0.09994693334309313,0,1.4,1.0,0,1.0,1.0,9,9,richardson_1,1.4,0.0,1,0.9,0.09214322745324241,1.0,1.4,0.009357024669980918
slow_osc_power,20,0.01,0.1,720.0,0.09994693334309313,0,1.4,1.0,0,1.0,1.0,9,9,richardson_1,1.4,0.0,1,0.9,0.09214322745324241,1.0,1.4,0.009357024669980918
slow_osc_power,20,0.02,0.1,720.0,0.09994693334309313,0,1.4,1.0,0,1.0,1.0,9,9,richardson_1,1.4,0.0,1,0.9,0.09214322745324241,1.0,1.4,0.009357024669980918
slow_osc_power,30,0.0,0.1,729.0,0.09957314481107013,0,1.4,1.0,0,2.0,3.0,9,9,pade_22,1.4,0.0,0,0.9,0.09167676030126701,1.0,1.4,0.0088905575180055
slow_osc_power,30,0.003,0.1,729.0,0.09957314481107013,0,1.4,1.0,0,1.0,2.0,9,9,richardson_1,1.4,0.0,1,0.9,0.09167676030126701,1.0,1.4,0.0088905575180055
slow_osc_power,30,0.005,0.1,729.0,0.09957314481107013,0,1.4,1.0,0,1.0,2.0,9,9,richardson_1,1.4,0.0,1,0.9,0.09167676030126701,1.0,1.4,0.0088905575180055
slow_osc_power,30,0.01,0.1,729.0,0.09957314481107013,0,1.4,1.0,0,2.0,3.0,9,9,pade_22,1.4,0.0,0,0.8,0.09167676030126701,1.0,1.4,0.0088905575180055
slow_osc_power,30,0.02,0.1,729.0,0.09957314481107013,0,1.4,1.0,0,1.0,2.0,9,9,richardson_1,1.4,0.0,1,0.9,0.09167676030126701,1.0,1.4,0.0088905575180055
slow_osc_power,40,0.0,0.1,754.0,0.09953357147051463,0,1.4,1.0,0,1.0,2.0,9,9,richardson_1,1.4,0.0,1,0.7,0.09056735096689666,1.0,1.4,0.007781148183635178
slow_osc_power,40,0.003,0.1,754.0,0.09953357147051463,0,1.4,1.0,0,1.0,2.0,9,9,richardson_1,1.4,0.0,1,0.7,0.09056735096689666,1.0,1.4,0.007781148183635178
slow_osc_power,40,0.005,0.1,754.0,0.09953357147051463,0,1.4,1.0,0,1.0,2.0,9,9,richardson_1,1.4,0.0,1,0.68,0.09056735096689666,1.0,1.4,0.007781148183635178
slow_osc_power,40,0.01,0.1,754.0,0.09953357147051463,0,1.4,1.0,0,2.0,3.0,9,9,pade_22,1.4,0.0,0,0.78,0.09056735096689666,1.0,1.4,0.007781148183635178
slow_osc_power,40,0.02,0.1,754.0,0.09953357147051463,0,1.38,1.0,0,1.0,3.0,9,9,richardson_1,1.38,0.0,1,0.56,0.09056735096689666,1.0,1.4,0.007781148183635178
slow_osc_power,50,0.0,0.1,1124.0,0.0999202180144496,0,1.4,1.0,0,2.0,3.0,9,9,levin_t2,1.4,0.0,0,0.34,0.08910414321186673,1.0,1.4,0.006317940428605229
slow_osc_power,50,0.003,0.1,1124.0,0.0999202180144496,0,1.4,1.0,0,1.0,2.0,9,9,richardson_1,1.4,0.0,1,0.44,0.08910414321186673,1.0,1.4,0.006317940428605229
slow_osc_power,50,0.005,0.1,1124.0,0.0999202180144496,0,1.4,1.0,0,2.0,3.0,9,9,pade_22,1.4,0.0,0,0.36,0.08910414321186673,1.0,1.4,0.006317940428605229
slow_osc_power,50,0.01,0.1,1124.0,0.0999202180144496,0,1.34,1.0,0,2.0,3.0,9,9,pade_22,1.4,0.06,0,0.34,0.08910414321186673,1.0,1.4,0.006317940428605229
slow_osc_power,50,0.02,0.1,1124.0,0.0999202180144496,0,1.24,1.0,0,1.0,2.0,9,9,richardson_1,1.24,0.0,1,0.58,0.08910414321186673,1.0,1.4,0.006317940428605229
slow_osc_power,60,0.0,0.1,1595.0,0.09988298332023025,0,1.4,1.0,0,3.0,4.0,9,9,levin_t2,1.4,0.0,0,0.24,0.08767099421027258,1.0,1.4,0.004884791427011083
slow_osc_power,60,0.003,0.1,1595.0,0.09988298332023025,0,1.4,1.0,0,2.0,3.0,9,9,pade_22,1.4,0.0,0,0.24,0.08767099421027258,1.0,1.4,0.004884791427011083
slow_osc_power,60,0.005,0.1,1595.0,0.09988298332023025,0,1.34,1.0,0,2.0,3.0,9,9,pade_22,1.4,0.06,0,0.24,0.08767099421027258,1.0,1.4,0.004884791427011083
slow_osc_power,60,0.01,0.1,1595.0,0.09988298332023025,0,1.32,1.0,0,2.0,3.0,9,9,pade_22,1.4,0.08,0,0.34,0.08767099421027258,1.0,1.4,0.004884791427011083
slow_osc_power,60,0.02,0.1,1595.0,0.09988298332023025,0,1.28,1.0,0,1.0,2.0,9,9,richardson_1,1.28,0.0,1,0.34,0.08767099421027258,1.0,1.4,0.004884791427011083
slow_osc_power,70,0.0,0.1,2162.0,0.09990115313651865,0,1.22,1.0,0,3.0,1.0,9,9,levin_t2,1.4,0.18,0,0.24,0.0865722315648687,1.0,1.4,0.0037860287816072064
slow_osc_power,70,0.003,0.1,2162.0,0.09990115313651865,0,1.22,1.0,0,2.0,1.0,9,9,anderson_1,1.26,0.04,0,0.24,0.0865722315648687,1.0,1.4,0.0037860287816072064
slow_osc_power,70,0.005,0.1,2162.0,0.09990115313651865,0,1.22,1.0,0,1.0,1.0,9,9,richardson_1,1.22,0.0,1,0.24,0.0865722315648687,1.0,1.4,0.0037860287816072064
slow_osc_power,70,0.01,0.1,2162.0,0.09990115313651865,0,1.2,1.0,0,1.0,1.0,9,9,richardson_1,1.2,0.0,1,0.24,0.0865722315648687,1.0,1.4,0.0037860287816072064
slow_osc_power,70,0.02,0.1,2162.0,0.09990115313651865,0,1.06,1.0,0,2.0,1.0,9,9,anderson_1,1.22,0.16,0,0.22,0.0865722315648687,1.0,1.38,0.0037860287816072064
slow_osc_power,80,0.0,0.1,2805.0,0.09997228414414944,0,1.14,1.0,0,4.0,6.0,9,9,richardson_a10,1.4,0.26,0,0.24,0.08589220667241786,1.0,1.4,0.0031060038891563605
slow_osc_power,80,0.003,0.1,2805.0,0.09997228414414944,0,1.14,1.0,0,3.0,5.0,9,9,richardson_a10,1.4,0.26,0,0.24,0.08589220667241786,1.0,1.4,0.0031060038891563605
slow_osc_power,80,0.005,0.1,2805.0,0.09997228414414944,0,1.16,1.0,0,4.0,5.0,9,9,richardson_a10,1.4,0.24,0,0.24,0.08589220667241786,1.0,1.4,0.0031060038891563605
slow_osc_power,80,0.01,0.1,2805.0,0.09997228414414944,0,0.94,1.0,0,5.0,5.0,9,9,richardson_a10,1.4,0.46,0,0.24,0.08589220667241786,1.0,1.4,0.0031060038891563605
slow_osc_power,80,0.02,0.1,2805.0,0.09997228414414944,0,0.74,1.0,0,5.0,6.0,9,9,richardson_a10,1.34,0.6,0,0.22,0.08589220667241786,1.0,1.4,0.0031060038891563605
slow_osc_power,90,0.0,0.1,3483.0,0.09996889692898078,0,0.24,1.0,0,8.0,7.0,9,9,single_exp_fit,1.4,1.16,0,0.24,0.08558902830831974,1.0,1.4,0.0028028255250582487
slow_osc_power,90,0.003,0.1,3483.0,0.09996889692898078,0,0.34,1.0,0,7.0,7.0,9,8,single_exp_fit,1.4,1.06,0,0.24,0.08558902830831974,1.0,1.4,0.0028028255250582487
slow_osc_power,90,0.005,0.1,3483.0,0.09996889692898078,0,0.54,1.0,0,7.0,7.0,9,8,richardson_a10,1.4,0.86,0,0.24,0.08558902830831974,1.0,1.4,0.0028028255250582487
slow_osc_power,90,0.01,0.1,3483.0,0.09996889692898078,0,0.42,1.0,0,7.0,7.0,9,9,richardson_a10,1.34,0.92,0,0.12,0.08558902830831974,1.0,1.4,0.0028028255250582487
slow_osc_power,90,0.02,0.1,3483.0,0.09996889692898078,0,0.72,1.0,0,6.0,4.0,9,9,richardson_a10,1.14,0.42,0,0.04,0.08558902830831974,1.0,1.26,0.0028028255250582487
slow_osc_power,100,0.0,0.1,3488.0,0.09996472938310053,0,1.4,1.0,0,1.0,1.0,9,9,richardson_1,1.4,0.0,1,0.24,0.08556427335668135,1.0,1.4,0.0027780705734198495
slow_osc_power,100,0.003,0.1,3488.0,0.09996472938310053,0,1.4,1.0,0,1.0,1.0,9,9,richardson_1,1.4,0.0,1,0.14,0.08556427335668135,1.0,1.4,0.0027780705734198495
slow_osc_power,100,0.005,0.1,3488.0,0.09996472938310053,0,1.4,1.0,0,1.0,1.0,9,9,richardson_1,1.4,0.0,1,0.14,0.08556427335668135,1.0,1.4,0.0027780705734198495
slow_osc_power,100,0.01,0.1,3488.0,0.09996472938310053,0,1.24,1.0,0,4.0,1.0,9,9,richardson_a10,1.36,0.12,0,0.12,0.08556427335668135,1.0,1.4,0.0027780705734198495
slow_osc_power,100,0.02,0.1,3488.0,0.09996472938310053,0,0.88,1.0,0,5.0,1.0,9,8,richardson_a10,1.14,0.26,0,0.1,0.08556427335668135,1.0,1.38,0.0027780705734198495
slow_osc_power,110,0.0,0.1,3464.0,0.09979295318771048,0,1.4,1.0,0,1.0,1.0,9,9,richardson_1,1.4,0.0,1,0.24,0.08569460705349077,1.0,1.4,0.002908404270229266
slow_osc_power,110,0.003,0.1,3464.0,0.09979295318771048,0,1.4,1.0,0,1.0,1.0,9,9,richardson_1,1.4,0.0,1,0.24,0.08569460705349077,1.0,1.4,0.002908404270229266
slow_osc_power,110,0.005,0.1,3464.0,0.09979295318771048,0,1.4,1.0,0,1.0,1.0,9,9,richardson_1,1.4,0.0,1,0.24,0.08569460705349077,1.0,1.4,0.002908404270229266
slow_osc_power,110,0.01,0.1,3464.0,0.09979295318771048,0,1.36,1.0,0,1.0,1.0,9,9,richardson_1,1.36,0.0,1,0.2,0.08569460705349077,1.0,1.4,0.002908404270229266
slow_osc_power,110,0.02,0.1,3464.0,0.09979295318771048,0,1.1,1.0,0,2.0,2.0,9,8,richardson_a10,1.22,0.12,0,0.1,0.08569460705349077,1.0,1.38,0.002908404270229266
slow_osc_power,120,0.0,0.1,2806.0,0.09994937029022176,0,1.4,1.0,0,3.0,3.0,9,9,rational_fit,1.4,0.0,0,0.24,0.08588753192487997,1.0,1.4,0.003101329141618473
slow_osc_power,120,0.003,0.1,2806.0,0.09994937029022176,0,1.4,1.0,0,3.0,3.0,9,9,rational_fit,1.4,0.0,0,0.24,0.08588753192487997,1.0,1.4,0.003101329141618473
slow_osc_power,120,0.005,0.1,2806.0,0.09994937029022176,0,1.4,1.0,0,3.0,3.0,9,9,rational_fit,1.4,0.0,0,0.24,0.08588753192487997,1.0,1.4,0.003101329141618473
slow_osc_power,120,0.01,0.1,2806.0,0.09994937029022176,0,1.4,1.0,0,1.0,3.0,9,9,richardson_1,1.4,0.0,1,0.24,0.08588753192487997,1.0,1.4,0.003101329141618473
slow_osc_power,120,0.02,0.1,2806.0,0.09994937029022176,0,1.08,1.0,0,4.0,3.0,9,9,richardson_a10,1.34,0.26,0,0.18,0.08588753192487997,1.0,1.4,0.003101329141618473
slow_osc_power,130,0.0,0.1,2778.0,0.09998184063393199,0,1.4,1.0,0,4.0,4.0,9,9,log_linear,1.4,0.0,0,0.24,0.08604921405068268,1.0,1.4,0.0032630112674211786
slow_osc_power,130,0.003,0.1,2778.0,0.09998184063393199,0,1.38,1.0,0,3.0,4.0,9,9,rational_fit,1.38,0.0,0,0.24,0.08604921405068268,1.0,1.4,0.0032630112674211786
slow_osc_power,130,0.005,0.1,2778.0,0.09998184063393199,0,1.36,1.0,0,4.0,4.0,9,9,richardson_a10,1.4,0.04,0,0.24,0.08604921405068268,1.0,1.4,0.0032630112674211786
slow_osc_power,130,0.01,0.1,2778.0,0.09998184063393199,0,1.22,1.0,0,5.0,4.0,9,9,log_linear,1.28,0.06,0,0.22,0.08604921405068268,1.0,1.4,0.0032630112674211786
slow_osc_power,130,0.02,0.1,2778.0,0.09998184063393199,0,1.1,1.0,0,4.0,3.0,9,8,richardson_a10,1.26,0.16,0,0.14,0.08604921405068268,1.0,1.38,0.0032630112674211786
slow_osc_power,140,0.0,0.1,2767.0,0.09990195832647523,0,1.0,1.0,0,8.0,8.0,9,9,rational_fit,1.4,0.4,0,0.24,0.08612918252401505,1.0,1.4,0.0033429797407535447
slow_osc_power,140,0.003,0.1,2767.0,0.09990195832647523,0,1.0,1.0,0,8.0,8.0,9,9,single_exp_fit,1.36,0.36,0,0.24,0.08612918252401505,1.0,1.4,0.0033429797407535447
slow_osc_power,140,0.005,0.1,2767.0,0.09990195832647523,0,1.0,1.0,0,8.0,8.0,9,9,single_exp_fit,1.28,0.28,0,0.24,0.08612918252401505,1.0,1.4,0.0033429797407535447
slow_osc_power,140,0.01,0.1,2767.0,0.09990195832647523,0,1.06,1.0,0,7.0,8.0,9,9,pade_22,1.32,0.26,0,0.24,0.08612918252401505,1.0,1.4,0.0033429797407535447
slow_osc_power,140,0.02,0.1,2767.0,0.09990195832647523,0,0.82,1.0,0,8.0,8.0,9,8,levin_t2,1.22,0.4,0,0.24,0.08612918252401505,1.0,1.4,0.0033429797407535447
staircase,20,0.0,0.1,170.0,0.09090909090909091,0,1.0,1.0,0,5.0,5.0,9,8,single_exp_fit,1.4,0.4,0,1.4,0.09143899221731205,1.0,1.4,0.05
staircase,20,0.003,0.1,170.0,0.09090909090909091,0,1.0,1.0,0,5.0,5.0,9,9,single_exp_fit,1.4,0.4,0,1.4,0.09143899221731205,1.0,1.4,0.05
staircase,20,0.005,0.1,170.0,0.09090909090909091,0,1.0,1.0,0,5.0,5.0,9,9,single_exp_fit,1.4,0.4,0,1.4,0.09143899221731205,1.0,1.4,0.05
staircase,20,0.01,0.1,170.0,0.09090909090909091,0,1.0,1.0,0,5.0,5.0,9,9,single_exp_fit,1.4,0.4,0,1.4,0.09143899221731205,1.0,1.4,0.05
staircase,20,0.02,0.1,170.0,0.09090909090909091,0,1.0,1.0,0,5.0,5.0,9,9,single_exp_fit,1.38,0.38,0,1.4,0.09143899221731205,1.0,1.4,0.05
staircase,30,0.0,0.1,170.0,0.09090909090909091,0,1.4,1.0,0,4.0,4.0,9,8,single_exp_fit,1.4,0.0,0,1.4,0.09143899221731205,1.0,1.4,0.05
staircase,30,0.003,0.1,170.0,0.09090909090909091,0,1.4,1.0,0,4.0,4.0,9,9,single_exp_fit,1.4,0.0,0,1.4,0.09143899221731205,1.0,1.4,0.05
staircase,30,0.005,0.1,170.0,0.09090909090909091,0,1.4,1.0,0,4.0,4.0,9,9,single_exp_fit,1.4,0.0,0,1.4,0.09143899221731205,1.0,1.4,0.05
staircase,30,0.01,0.1,170.0,0.09090909090909091,0,1.4,1.0,0,4.0,4.0,9,9,single_exp_fit,1.4,0.0,0,1.4,0.09143899221731205,1.0,1.4,0.05
staircase,30,0.02,0.1,170.0,0.09090909090909091,0,1.38,1.0,0,4.0,4.0,9,9,single_exp_fit,1.4,0.02,0,1.4,0.09143899221731205,1.0,1.4,0.05
staircase,40,0.0,0.1,240.0,0.04761904761904762,0,1.0,1.0,0,5.0,5.0,9,8,single_exp_fit,1.4,0.4,0,1.4,0.061438992217312055,1.0,1.4,0.020000000000000004
staircase,40,0.003,0.1,240.0,0.04761904761904762,0,1.0,1.0,0,5.0,5.0,9,9,single_exp_fit,1.4,0.4,0,1.4,0.061438992217312055,1.0,1.4,0.020000000000000004
staircase,40,0.005,0.1,240.0,0.04761904761904762,0,1.0,1.0,0,5.0,5.0,9,9,single_exp_fit,1.4,0.4,0,1.4,0.061438992217312055,1.0,1.4,0.020000000000000004
staircase,40,0.01,0.1,240.0,0.04761904761904762,0,1.0,1.0,0,5.0,5.0,9,9,single_exp_fit,1.4,0.4,0,1.4,0.061438992217312055,1.0,1.4,0.020000000000000004
staircase,40,0.02,0.1,240.0,0.04761904761904762,0,1.0,1.0,0,5.0,5.0,9,9,single_exp_fit,1.4,0.4,0,1.4,0.061438992217312055,1.0,1.4,0.020000000000000004
staircase,50,0.0,0.1,240.0,0.04761904761904762,0,1.4,1.0,0,4.0,4.0,9,8,single_exp_fit,1.4,0.0,0,1.4,0.061438992217312055,1.0,1.4,0.020000000000000004
staircase,50,0.003,0.1,240.0,0.04761904761904762,0,1.4,1.0,0,4.0,4.0,9,9,single_exp_fit,1.4,0.0,0,1.4,0.061438992217312055,1.0,1.4,0.020000000000000004
staircase,50,0.005,0.1,240.0,0.04761904761904762,0,1.4,1.0,0,4.0,4.0,9,9,single_exp_fit,1.4,0.0,0,1.4,0.061438992217312055,1.0,1.4,0.020000000000000004
staircase,50,0.01,0.1,240.0,0.04761904761904762,0,1.4,1.0,0,4.0,4.0,9,9,single_exp_fit,1.4,0.0,0,1.38,0.061438992217312055,1.0,1.4,0.020000000000000004
staircase,50,0.02,0.1,240.0,0.04761904761904762,0,1.34,1.0,0,4.0,4.0,9,9,single_exp_fit,1.4,0.06,0,1.4,0.061438992217312055,1.0,1.4,0.020000000000000004
staircase,60,0.0,0.1,240.0,0.04761904761904762,0,1.4,1.0,0,4.0,4.0,9,8,single_exp_fit,1.4,0.0,0,1.4,0.061438992217312055,1.0,1.4,0.020000000000000004
staircase,60,0.003,0.1,240.0,0.04761904761904762,0,1.4,1.0,0,4.0,4.0,9,9,single_exp_fit,1.4,0.0,0,1.4,0.061438992217312055,1.0,1.4,0.020000000000000004
staircase,60,0.005,0.1,240.0,0.04761904761904762,0,1.4,1.0,0,4.0,4.0,9,9,single_exp_fit,1.4,0.0,0,1.4,0.061438992217312055,1.0,1.4,0.020000000000000004
staircase,60,0.01,0.1,240.0,0.04761904761904762,0,1.4,1.0,0,4.0,4.0,9,9,single_exp_fit,1.4,0.0,0,1.38,0.061438992217312055,1.0,1.4,0.020000000000000004
staircase,60,0.02,0.1,240.0,0.04761904761904762,0,1.4,1.0,0,4.0,4.0,9,9,single_exp_fit,1.4,0.0,0,1.4,0.061438992217312055,1.0,1.4,0.020000000000000004
staircase,70,0.0,0.1,240.0,0.07142857142857142,0,1.4,1.0,0,4.0,4.0,9,8,single_exp_fit,1.4,0.0,0,1.34,0.061438992217312055,1.0,1.4,0.020000000000000004
staircase,70,0.003,0.1,240.0,0.07142857142857142,0,1.4,1.0,0,4.0,4.0,9,9,single_exp_fit,1.4,0.0,0,1.34,0.061438992217312055,1.0,1.4,0.020000000000000004
staircase,70,0.005,0.1,240.0,0.07142857142857142,0,1.4,1.0,0,4.0,4.0,9,9,single_exp_fit,1.4,0.0,0,1.34,0.061438992217312055,1.0,1.4,0.020000000000000004
staircase,70,0.01,0.1,240.0,0.07142857142857142,0,1.4,1.0,0,4.0,4.0,9,9,single_exp_fit,1.4,0.0,0,1.34,0.061438992217312055,1.0,1.4,0.020000000000000004
staircase,70,0.02,0.1,240.0,0.07142857142857142,0,1.4,1.0,0,4.0,4.0,9,9,single_exp_fit,1.4,0.0,0,1.34,0.061438992217312055,1.0,1.4,0.020000000000000004
staircase,80,0.0,0.1,240.0,0.07142857142857142,0,1.4,1.0,0,4.0,4.0,9,8,single_exp_fit,1.4,0.0,0,1.34,0.061438992217312055,1.0,1.4,0.020000000000000004
staircase,80,0.003,0.1,240.0,0.07142857142857142,0,1.4,1.0,0,4.0,4.0,9,9,single_exp_fit,1.4,0.0,0,1.34,0.061438992217312055,1.0,1.4,0.020000000000000004
staircase,80,0.005,0.1,240.0,0.07142857142857142,0,1.4,1.0,0,4.0,4.0,9,9,single_exp_fit,1.4,0.0,0,1.34,0.061438992217312055,1.0,1.4,0.020000000000000004
staircase,80,0.01,0.1,240.0,0.07142857142857142,0,1.4,1.0,0,4.0,4.0,9,9,single_exp_fit,1.4,0.0,0,1.34,0.061438992217312055,1.0,1.4,0.020000000000000004
staircase,80,0.02,0.1,240.0,0.07142857142857142,0,1.4,1.0,0,4.0,4.0,9,9,single_exp_fit,1.4,0.0,0,1.34,0.061438992217312055,1.0,1.4,0.020000000000000004
staircase,90,0.0,0.1,320.0,0.0,0,1.4,1.0,0,4.0,4.0,9,7,rational_fit,1.4,0.0,0,1.32,0.04143899221731205,1.0,1.4,0.0
staircase,90,0.003,0.1,320.0,0.0,0,1.4,1.0,0,4.0,4.0,9,8,rational_fit,1.4,0.0,0,1.32,0.04143899221731205,1.0,1.4,0.0
staircase,90,0.005,0.1,320.0,0.0,0,1.4,1.0,0,4.0,4.0,9,8,rational_fit,1.4,0.0,0,1.32,0.04143899221731205,1.0,1.4,0.0
staircase,90,0.01,0.1,320.0,0.0,0,1.4,1.0,0,4.0,4.0,9,8,rational_fit,1.4,0.0,0,1.32,0.04143899221731205,1.0,1.4,0.0
staircase,90,0.02,0.1,320.0,0.0,0,1.4,1.0,0,4.0,4.0,9,9,rational_fit,1.4,0.0,0,1.32,0.04143899221731205,1.0,1.4,0.0
staircase,100,0.0,0.1,320.0,0.0,0,1.4,1.0,0,4.0,5.0,9,8,log_linear,1.4,0.0,0,1.32,0.04143899221731205,1.0,1.4,0.0
staircase,100,0.003,0.1,320.0,0.0,0,1.4,1.0,0,4.0,5.0,9,9,log_linear,1.4,0.0,0,1.32,0.04143899221731205,1.0,1.4,0.0
staircase,100,0.005,0.1,320.0,0.0,0,1.4,1.0,0,4.0,5.0,9,9,log_linear,1.4,0.0,0,1.32,0.04143899221731205,1.0,1.4,0.0
staircase,100,0.01,0.1,320.0,0.0,0,1.4,1.0,0,4.0,5.0,9,9,log_linear,1.4,0.0,0,1.32,0.04143899221731205,1.0,1.4,0.0
staircase,100,0.02,0.1,320.0,0.0,0,1.4,1.0,0,4.0,5.0,9,9,log_linear,1.4,0.0,0,1.34,0.04143899221731205,1.0,1.4,0.0
staircase,110,0.0,0.1,320.0,0.0,0,1.4,1.0,0,5.0,5.0,9,8,richardson_a10,1.4,0.0,0,1.32,0.04143899221731205,1.0,1.4,0.0
staircase,110,0.003,0.1,320.0,0.0,0,1.4,1.0,0,5.0,5.0,9,9,richardson_a10,1.4,0.0,0,1.32,0.04143899221731205,1.0,1.4,0.0
staircase,110,0.005,0.1,320.0,0.0,0,1.4,1.0,0,5.0,5.0,9,9,richardson_a10,1.4,0.0,0,1.32,0.04143899221731205,1.0,1.4,0.0
staircase,110,0.01,0.1,320.0,0.0,0,1.4,1.0,0,5.0,5.0,9,9,richardson_a10,1.4,0.0,0,1.32,0.04143899221731205,1.0,1.4,0.0
staircase,110,0.02,0.1,320.0,0.0,0,1.4,1.0,0,5.0,5.0,9,9,richardson_a10,1.4,0.0,0,1.32,0.04143899221731205,1.0,1.4,0.0
staircase,120,0.0,0.1,320.0,0.0,0,1.4,1.0,0,4.0,4.0,9,8,richardson_a10,1.4,0.0,0,1.32,0.04143899221731205,1.0,1.4,0.0
staircase,120,0.003,0.1,320.0,0.0,0,1.4,1.0,0,4.0,4.0,9,9,richardson_a10,1.4,0.0,0,1.32,0.04143899221731205,1.0,1.4,0.0
staircase,120,0.005,0.1,320.0,0.0,0,1.4,1.0,0,4.0,4.0,9,9,richardson_a10,1.4,0.0,0,1.32,0.04143899221731205,1.0,1.4,0.0
staircase,120,0.01,0.1,320.0,0.0,0,1.4,1.0,0,4.0,5.0,9,9,richardson_a10,1.4,0.0,0,1.32,0.04143899221731205,1.0,1.4,0.0
staircase,120,0.02,0.1,320.0,0.0,0,1.4,1.0,0,4.0,4.0,9,8,richardson_a10,1.4,0.0,0,1.34,0.04143899221731205,1.0,1.4,0.0
staircase,130,0.0,0.1,320.0,0.0,0,1.4,1.0,0,4.0,4.0,9,8,rational_fit,1.4,0.0,0,1.3,0.04143899221731205,1.0,1.4,0.0
staircase,130,0.003,0.1,320.0,0.0,0,1.4,1.0,0,4.0,4.0,9,9,rational_fit,1.4,0.0,0,1.3,0.04143899221731205,1.0,1.4,0.0
staircase,130,0.005,0.1,320.0,0.0,0,1.4,1.0,0,4.0,4.0,9,9,rational_fit,1.4,0.0,0,1.3,0.04143899221731205,1.0,1.4,0.0
staircase,130,0.01,0.1,320.0,0.0,0,1.38,1.0,0,4.0,4.0,9,9,rational_fit,1.4,0.02,0,1.3,0.04143899221731205,1.0,1.4,0.0
staircase,130,0.02,0.1,320.0,0.0,0,1.3,1.0,0,4.0,4.0,9,9,log_linear,1.38,0.08,0,1.3,0.04143899221731205,1.0,1.4,0.0
staircase,140,0.0,0.1,320.0,0.0,0,1.4,1.0,0,4.0,4.0,9,8,richardson_a10,1.4,0.0,0,1.3,0.04143899221731205,1.0,1.4,0.0
staircase,140,0.003,0.1,320.0,0.0,0,1.4,1.0,0,4.0,4.0,9,9,richardson_a10,1.4,0.0,0,1.3,0.04143899221731205,1.0,1.4,0.0
staircase,140,0.005,0.1,320.0,0.0,0,1.4,1.0,0,4.0,4.0,9,9,richardson_a10,1.4,0.0,0,1.3,0.04143899221731205,1.0,1.4,0.0
staircase,140,0.01,0.1,320.0,0.0,0,1.4,1.0,0,4.0,4.0,9,9,richardson_a10,1.4,0.0,0,1.3,0.04143899221731205,1.0,1.4,0.0
staircase,140,0.02,0.1,320.0,0.0,0,1.4,1.0,0,4.0,4.0,9,9,richardson_a10,1.4,0.0,0,1.3,0.04143899221731205,1.0,1.4,0.0
three_exp,20,0.0,0.1,276.0,0.09923912372631925,0,1.4,1.0,0,4.0,4.0,9,9,levin_t2,1.4,0.0,0,1.36,0.09181485199736955,1.0,1.4,0.03297609687833199
three_exp,20,0.003,0.1,276.0,0.09923912372631925,0,1.4,1.0,0,4.0,4.0,9,9,log_linear,1.4,0.0,0,1.36,0.09181485199736955,1.0,1.4,0.03297609687833199
three_exp,20,0.005,0.1,276.0,0.09923912372631925,0,1.4,1.0,0,3.0,3.0,9,9,log_linear,1.4,0.0,0,1.36,0.09181485199736955,1.0,1.4,0.03297609687833199
three_exp,20,0.01,0.1,276.0,0.09923912372631925,0,1.4,1.0,0,3.0,3.0,9,9,pade_22,1.4,0.0,0,1.36,0.09181485199736955,1.0,1.4,0.03297609687833199
three_exp,20,0.02,0.1,276.0,0.09923912372631925,0,1.4,1.0,0,3.0,4.0,9,9,log_linear,1.4,0.0,0,1.36,0.09181485199736955,1.0,1.4,0.03297609687833199
three_exp,30,0.0,0.1,298.0,0.09968268375318039,0,1.4,1.0,0,3.0,3.0,9,9,levin_t2,1.4,0.0,0,1.32,0.0864930937975868,1.0,1.4,0.027654338678549228
three_exp,30,0.003,0.1,298.0,0.09968268375318039,0,1.4,1.0,0,2.0,2.0,9,9,log_linear,1.4,0.0,0,1.32,0.0864930937975868,1.0,1.4,0.027654338678549228
three_exp,30,0.005,0.1,298.0,0.09968268375318039,0,1.4,1.0,0,2.0,2.0,9,9,log_linear,1.4,0.0,0,1.32,0.0864930937975868,1.0,1.4,0.027654338678549228
three_exp,30,0.01,0.1,298.0,0.09968268375318039,0,1.4,1.0,0,3.0,3.0,9,9,log_linear,1.4,0.0,0,1.32,0.0864930937975868,1.0,1.4,0.027654338678549228
three_exp,30,0.02,0.1,298.0,0.09968268375318039,0,1.4,1.0,0,3.0,3.0,9,9,pade_22,1.4,0.0,0,1.32,0.0864930937975868,1.0,1.4,0.027654338678549228
three_exp,40,0.0,0.1,316.0,0.09955192412375898,0,1.4,1.0,0,4.0,4.0,9,9,pade_22,1.4,0.0,0,1.32,0.08278430590213295,1.0,1.4,0.023945550783095383
three_exp,40,0.003,0.1,316.0,0.09955192412375898,0,1.4,1.0,0,2.0,2.0,9,9,log_linear,1.4,0.0,0,1.32,0.08278430590213295,1.0,1.4,0.023945550783095383
three_exp,40,0.005,0.1,316.0,0.09955192412375898,0,1.4,1.0,0,2.0,2.0,9,9,log_linear,1.4,0.0,0,1.32,0.08278430590213295,1.0,1.4,0.023945550783095383
three_exp,40,0.01,0.1,316.0,0.09955192412375898,0,1.4,1.0,0,2.0,2.0,9,9,log_linear,1.4,0.0,0,1.32,0.08278430590213295,1.0,1.4,0.023945550783095383
three_exp,40,0.02,0.1,316.0,0.09955192412375898,0,1.4,1.0,0,3.0,3.0,9,9,pade_22,1.4,0.0,0,1.32,0.08278430590213295,1.0,1.4,0.023945550783095383
three_exp,50,0.0,0.1,331.0,0.09945418637738732,0,1.4,1.0,0,4.0,4.0,9,9,pade_22,1.4,0.0,0,1.3,0.0800765527767279,1.0,1.4,0.02123779765769034
three_exp,50,0.003,0.1,331.0,0.09945418637738732,0,1.4,1.0,0,2.0,2.0,9,9,log_linear,1.4,0.0,0,1.28,0.0800765527767279,1.0,1.4,0.02123779765769034
three_exp,50,0.005,0.1,331.0,0.09945418637738732,0,1.4,1.0,0,2.0,2.0,9,9,log_linear,1.4,0.0,0,1.3,0.0800765527767279,1.0,1.4,0.02123779765769034
three_exp,50,0.01,0.1,331.0,0.09945418637738732,0,1.4,1.0,0,3.0,3.0,9,9,log_linear,1.4,0.0,0,1.28,0.0800765527767279,1.0,1.4,0.02123779765769034
three_exp,50,0.02,0.1,331.0,0.09945418637738732,0,1.4,1.0,0,3.0,3.0,9,9,pade_22,1.4,0.0,0,1.28,0.0800765527767279,1.0,1.4,0.02123779765769034
three_exp,60,0.0,0.1,344.0,0.09944634023624567,0,1.4,1.0,0,4.0,4.0,9,9,levin_t2,1.4,0.0,0,1.28,0.07797879536719185,1.0,1.4,0.019140040248154272
three_exp,60,0.003,0.1,344.0,0.09944634023624567,0,1.4,1.0,0,2.0,2.0,9,9,log_linear,1.4,0.0,0,1.28,0.07797879536719185,1.0,1.4,0.019140040248154272
three_exp,60,0.005,0.1,344.0,0.09944634023624567,0,1.4,1.0,0,2.0,2.0,9,9,log_linear,1.4,0.0,0,1.28,0.07797879536719185,1.0,1.4,0.019140040248154272
three_exp,60,0.01,0.1,344.0,0.09944634023624567,0,1.4,1.0,0,3.0,3.0,9,9,log_linear,1.4,0.0,0,1.3,0.07797879536719185,1.0,1.4,0.019140040248154272
three_exp,60,0.02,0.1,344.0,0.09944634023624567,0,1.4,1.0,0,3.0,3.0,9,9,pade_22,1.4,0.0,0,1.3,0.07797879536719185,1.0,1.4,0.019140040248154272
three_exp,70,0.0,0.1,356.0,0.09929688205533453,0,1.4,1.0,0,4.0,4.0,9,9,pade_22,1.4,0.0,0,1.28,0.07622679283601017,1.0,1.4,0.017388037716972587
three_exp,70,0.003,0.1,356.0,0.09929688205533453,0,1.4,1.0,0,2.0,2.0,9,9,log_linear,1.4,0.0,0,1.28,0.07622679283601017,1.0,1.4,0.017388037716972587
three_exp,70,0.005,0.1,356.0,0.09929688205533453,0,1.4,1.0,0,2.0,2.0,9,9,log_linear,1.4,0.0,0,1.28,0.07622679283601017,1.0,1.4,0.017388037716972587
three_exp,70,0.01,0.1,356.0,0.09929688205533453,0,1.4,1.0,0,3.0,3.0,9,9,pade_22,1.4,0.0,0,1.28,0.07622679283601017,1.0,1.4,0.017388037716972587
three_exp,70,0.02,0.1,356.0,0.09929688205533453,0,1.4,1.0,0,2.0,2.0,9,9,log_linear,1.4,0.0,0,1.28,0.07622679283601017,1.0,1.4,0.017388037716972587
three_exp,80,0.0,0.1,367.0,0.09936826906639298,0,1.4,1.0,0,2.0,2.0,9,9,log_linear,1.4,0.0,0,1.28,0.07476203973047313,1.0,1.4,0.015923284611435565
three_exp,80,0.003,0.1,367.0,0.09936826906639298,0,1.4,1.0,0,2.0,2.0,9,9,log_linear,1.4,0.0,0,1.26,0.07476203973047313,1.0,1.4,0.015923284611435565
three_exp,80,0.005,0.1,367.0,0.09936826906639298,0,1.4,1.0,0,3.0,3.0,9,9,pade_22,1.4,0.0,0,1.28,0.07476203973047313,1.0,1.4,0.015923284611435565
three_exp,80,0.01,0.1,367.0,0.09936826906639298,0,1.4,1.0,0,3.0,4.0,9,9,rational_fit,1.4,0.0,0,1.28,0.07476203973047313,1.0,1.4,0.015923284611435565
three_exp,80,0.02,0.1,367.0,0.09936826906639298,0,1.4,1.0,0,3.0,3.0,9,8,rational_fit,1.4,0.0,0,1.28,0.07476203973047313,1.0,1.4,0.015923284611435565
three_exp,90,0.0,0.1,377.0,0.09988829507506856,0,1.4,1.0,0,3.0,3.0,9,9,rational_fit,1.4,0.0,0,1.26,0.0735377994064346,1.0,1.4,0.014699044287397031
three_exp,90,0.003,0.1,377.0,0.09988829507506856,0,1.4,1.0,0,4.0,4.0,9,9,pade_22,1.4,0.0,0,1.26,0.0735377994064346,1.0,1.4,0.014699044287397031
three_exp,90,0.005,0.1,377.0,0.09988829507506856,0,1.4,1.0,0,4.0,4.0,9,9,pade_22,1.4,0.0,0,1.26,0.0735377994064346,1.0,1.4,0.014699044287397031
three_exp,90,0.01,0.1,377.0,0.09988829507506856,0,1.4,1.0,0,3.0,3.0,9,8,rational_fit,1.4,0.0,0,1.26,0.0735377994064346,1.0,1.4,0.014699044287397031
three_exp,90,0.02,0.1,377.0,0.09988829507506856,0,1.4,1.0,0,3.0,3.0,9,9,log_linear,1.4,0.0,0,1.28,0.0735377994064346,1.0,1.4,0.014699044287397031
three_exp,100,0.0,0.1,388.0,0.09940164650337341,0,1.4,1.0,0,3.0,3.0,9,9,rational_fit,1.4,0.0,0,1.26,0.07229956478769439,1.0,1.4,0.013460809668656815
three_exp,100,0.003,0.1,388.0,0.09940164650337341,0,1.4,1.0,0,4.0,4.0,9,9,pade_22,1.4,0.0,0,1.26,0.07229956478769439,1.0,1.4,0.013460809668656815
three_exp,100,0.005,0.1,388.0,0.09940164650337341,0,1.4,1.0,0,3.0,3.0,9,9,rational_fit,1.4,0.0,0,1.26,0.07229956478769439,1.0,1.4,0.013460809668656815
three_exp,100,0.01,0.1,388.0,0.09940164650337341,0,1.4,1.0,0,3.0,3.0,9,9,rational_fit,1.4,0.0,0,1.26,0.07229956478769439,1.0,1.4,0.013460809668656815
three_exp,100,0.02,0.1,388.0,0.09940164650337341,0,1.4,1.0,0,2.0,2.0,9,9,log_linear,1.4,0.0,0,1.26,0.07229956478769439,1.0,1.4,0.013460809668656815
three_exp,110,0.0,0.1,398.0,0.09958643051739191,0,1.4,1.0,0,3.0,3.0,9,9,rational_fit,1.4,0.0,0,1.26,0.07126464855251641,1.0,1.4,0.01242589343347883
three_exp,110,0.003,0.1,398.0,0.09958643051739191,0,1.4,1.0,0,3.0,4.0,9,9,rational_fit,1.4,0.0,0,1.26,0.07126464855251641,1.0,1.4,0.01242589343347883
three_exp,110,0.005,0.1,398.0,0.09958643051739191,0,1.4,1.0,0,3.0,3.0,9,9,rational_fit,1.4,0.0,0,1.26,0.07126464855251641,1.0,1.4,0.01242589343347883
three_exp,110,0.01,0.1,398.0,0.09958643051739191,0,1.4,1.0,0,3.0,3.0,9,9,log_linear,1.4,0.0,0,1.26,0.07126464855251641,1.0,1.4,0.01242589343347883
three_exp,110,0.02,0.1,398.0,0.09958643051739191,0,1.4,1.0,0,3.0,3.0,9,9,log_linear,1.4,0.0,0,1.26,0.07126464855251641,1.0,1.4,0.01242589343347883
three_exp,120,0.0,0.1,408.0,0.09969661440595406,0,1.4,1.0,0,3.0,3.0,9,9,rational_fit,1.4,0.0,0,1.26,0.07030930046195721,1.0,1.4,0.011470545342919643
three_exp,120,0.003,0.1,408.0,0.09969661440595406,0,1.4,1.0,0,3.0,3.0,9,9,rational_fit,1.4,0.0,0,1.24,0.07030930046195721,1.0,1.4,0.011470545342919643
three_exp,120,0.005,0.1,408.0,0.09969661440595406,0,1.4,1.0,0,4.0,4.0,9,8,log_linear,1.4,0.0,0,1.26,0.07030930046195721,1.0,1.4,0.011470545342919643
three_exp,120,0.01,0.1,408.0,0.09969661440595406,0,1.4,1.0,0,3.0,3.0,9,9,log_linear,1.4,0.0,0,1.24,0.07030930046195721,1.0,1.4,0.011470545342919643
three_exp,120,0.02,0.1,408.0,0.09969661440595406,0,1.4,1.0,0,2.0,3.0,9,9,log_linear,1.4,0.0,0,1.22,0.07030930046195721,1.0,1.4,0.011470545342919643
three_exp,130,0.0,0.1,418.0,0.09976223663456038,0,1.4,1.0,0,3.0,3.0,9,9,rational_fit,1.4,0.0,0,1.24,0.06942740302486985,1.0,1.4,0.010588647905832294
three_exp,130,0.003,0.1,418.0,0.09976223663456038,0,1.4,1.0,0,2.0,2.0,9,9,log_linear,1.4,0.0,0,1.24,0.06942740302486985,1.0,1.4,0.010588647905832294
three_exp,130,0.005,0.1,418.0,0.09976223663456038,0,1.4,1.0,0,2.0,2.0,9,8,log_linear,1.4,0.0,0,1.24,0.06942740302486985,1.0,1.4,0.010588647905832294
three_exp,130,0.01,0.1,418.0,0.09976223663456038,0,1.4,1.0,0,3.0,3.0,9,9,log_linear,1.4,0.0,0,1.24,0.06942740302486985,1.0,1.4,0.010588647905832294
three_exp,130,0.02,0.1,418.0,0.09976223663456038,0,1.4,1.0,0,2.0,2.0,9,9,log_linear,1.4,0.0,0,1.24,0.06942740302486985,1.0,1.4,0.010588647905832294
three_exp,140,0.0,0.1,428.0,0.09980129136056999,0,1.4,1.0,0,4.0,4.0,9,9,single_exp_fit,1.4,0.0,0,1.24,0.06861330908584432,1.0,1.4,0.009774553966806744
three_exp,140,0.003,0.1,428.0,0.09980129136056999,0,1.4,1.0,0,1.0,1.0,9,9,richardson_1,1.4,0.0,1,1.24,0.06861330908584432,1.0,1.4,0.009774553966806744
three_exp,140,0.005,0.1,428.0,0.09980129136056999,0,1.4,1.0,0,2.0,2.0,9,8,log_linear,1.4,0.0,0,1.24,0.06861330908584432,1.0,1.4,0.009774553966806744
three_exp,140,0.01,0.1,428.0,0.09980129136056999,0,1.4,1.0,0,3.0,3.0,9,9,log_linear,1.4,0.0,0,1.24,0.06861330908584432,1.0,1.4,0.009774553966806744
three_exp,140,0.02,0.1,428.0,0.09980129136056999,0,1.38,1.0,0,2.0,2.0,9,9,log_linear,1.4,0.02,0,1.2,0.06861330908584432,1.0,1.4,0.009774553966806744
two_exp,20,0.0,0.1,146.0,0.09995263785978915,0,1.4,1.0,0,6.0,6.0,9,9,levin_t2,1.4,0.0,0,1.34,0.0873231233796976,1.0,1.4,0.036111381785231385
two_exp,20,0.003,0.1,146.0,0.09995263785978915,0,1.4,1.0,0,4.0,4.0,9,9,pade_22,1.4,0.0,0,1.34,0.0873231233796976,1.0,1.4,0.036111381785231385
two_exp,20,0.005,0.1,146.0,0.09995263785978915,0,1.4,1.0,0,4.0,4.0,9,9,pade_22,1.4,0.0,0,1.34,0.0873231233796976,1.0,1.4,0.036111381785231385
two_exp,20,0.01,0.1,146.0,0.09995263785978915,0,1.4,1.0,0,4.0,4.0,9,9,pade_22,1.4,0.0,0,1.34,0.0873231233796976,1.0,1.4,0.036111381785231385
two_exp,20,0.02,0.1,146.0,0.09995263785978915,0,1.4,1.0,0,3.0,4.0,9,9,rational_fit,1.4,0.0,0,1.34,0.0873231233796976,1.0,1.4,0.036111381785231385
two_exp,30,0.0,0.1,158.0,0.09891578790894964,0,1.4,1.0,0,6.0,6.0,9,9,rational_fit,1.4,0.0,0,1.32,0.08030795664889903,1.0,1.4,0.029096215054432824
two_exp,30,0.003,0.1,158.0,0.09891578790894964,0,1.4,1.0,0,4.0,4.0,9,9,rational_fit,1.4,0.0,0,1.32,0.08030795664889903,1.0,1.4,0.029096215054432824
two_exp,30,0.005,0.1,158.0,0.09891578790894964,0,1.4,1.0,0,4.0,4.0,9,9,pade_22,1.4,0.0,0,1.32,0.08030795664889903,1.0,1.4,0.029096215054432824
two_exp,30,0.01,0.1,158.0,0.09891578790894964,0,1.4,1.0,0,4.0,4.0,9,9,pade_22,1.4,0.0,0,1.32,0.08030795664889903,1.0,1.4,0.029096215054432824
two_exp,30,0.02,0.1,158.0,0.09891578790894964,0,1.4,1.0,0,4.0,4.0,9,9,pade_22,1.4,0.0,0,1.32,0.08030795664889903,1.0,1.4,0.029096215054432824
two_exp,40,0.0,0.1,168.0,0.0996049935937415,0,1.4,1.0,0,5.0,5.0,9,9,levin_t2,1.4,0.0,0,1.32,0.07551494328645164,1.0,1.4,0.024303201691985434
two_exp,40,0.003,0.1,168.0,0.0996049935937415,0,1.4,1.0,0,4.0,4.0,9,9,rational_fit,1.4,0.0,0,1.32,0.07551494328645164,1.0,1.4,0.024303201691985434
two_exp,40,0.005,0.1,168.0,0.0996049935937415,0,1.4,1.0,0,4.0,4.0,9,9,rational_fit,1.4,0.0,0,1.32,0.07551494328645164,1.0,1.4,0.024303201691985434
two_exp,40,0.01,0.1,168.0,0.0996049935937415,0,1.4,1.0,0,4.0,4.0,9,9,pade_22,1.4,0.0,0,1.32,0.07551494328645164,1.0,1.4,0.024303201691985434
two_exp,40,0.02,0.1,168.0,0.0996049935937415,0,1.4,1.0,0,4.0,4.0,9,9,pade_22,1.4,0.0,0,1.32,0.07551494328645164,1.0,1.4,0.024303201691985434
two_exp,50,0.0,0.1,178.0,0.09979073329141679,0,1.4,1.0,0,5.0,5.0,9,9,levin_t2,1.4,0.0,0,1.32,0.07151148200796159,1.0,1.4,0.020299740413495367
two_exp,50,0.003,0.1,178.0,0.09979073329141679,0,1.4,1.0,0,4.0,4.0,9,9,rational_fit,1.4,0.0,0,1.32,0.07151148200796159,1.0,1.4,0.020299740413495367
two_exp,50,0.005,0.1,178.0,0.09979073329141679,0,1.4,1.0,0,4.0,4.0,9,9,rational_fit,1.4,0.0,0,1.32,0.07151148200796159,1.0,1.4,0.020299740413495367
two_exp,50,0.01,0.1,178.0,0.09979073329141679,0,1.4,1.0,0,4.0,4.0,9,9,rational_fit,1.4,0.0,0,1.32,0.07151148200796159,1.0,1.4,0.020299740413495367
two_exp,50,0.02,0.1,178.0,0.09979073329141679,0,1.4,1.0,0,4.0,4.0,9,9,pade_22,1.4,0.0,0,1.3,0.07151148200796159,1.0,1.4,0.020299740413495367
two_exp,60,0.0,0.1,188.0,0.0998404682219216,0,1.4,1.0,0,6.0,6.0,9,9,levin_t2,1.4,0.0,0,1.24,0.06816751006085217,1.0,1.4,0.016955768466385954
two_exp,60,0.003,0.1,188.0,0.0998404682219216,0,1.4,1.0,0,4.0,4.0,9,9,rational_fit,1.4,0.0,0,1.24,0.06816751006085217,1.0,1.4,0.016955768466385954
two_exp,60,0.005,0.1,188.0,0.0998404682219216,0,1.4,1.0,0,4.0,4.0,9,9,rational_fit,1.4,0.0,0,1.26,0.06816751006085217,1.0,1.4,0.016955768466385954
two_exp,60,0.01,0.1,188.0,0.0998404682219216,0,1.38,1.0,0,4.0,4.0,9,9,pade_22,1.4,0.02,0,1.26,0.06816751006085217,1.0,1.4,0.016955768466385954
two_exp,60,0.02,0.1,188.0,0.0998404682219216,0,1.36,1.0,0,4.0,4.0,9,9,pade_22,1.4,0.04,0,1.28,0.06816751006085217,1.0,1.4,0.016955768466385954
two_exp,70,0.0,0.1,198.0,0.09985376256920343,0,1.4,1.0,0,6.0,6.0,9,9,levin_t2,1.4,0.0,0,1.24,0.06537438990593836,1.0,1.4,0.014162648311472147
two_exp,70,0.003,0.1,198.0,0.09985376256920343,0,1.4,1.0,0,5.0,5.0,9,9,pade_22,1.4,0.0,0,1.24,0.06537438990593836,1.0,1.4,0.014162648311472147
two_exp,70,0.005,0.1,198.0,0.09985376256920343,0,1.4,1.0,0,5.0,5.0,9,9,pade_22,1.4,0.0,0,1.24,0.06537438990593836,1.0,1.4,0.014162648311472147
two_exp,70,0.01,0.1,198.0,0.09985376256920343,0,1.4,1.0,0,5.0,5.0,9,9,rational_fit,1.4,0.0,0,1.24,0.06537438990593836,1.0,1.4,0.014162648311472147
two_exp,70,0.02,0.1,198.0,0.09985376256920343,0,1.4,1.0,0,4.0,4.0,9,9,rational_fit,1.4,0.0,0,1.24,0.06537438990593836,1.0,1.4,0.014162648311472147
two_exp,80,0.0,0.1,208.0,0.09985731455791395,0,1.4,1.0,0,6.0,6.0,9,9,levin_t2,1.4,0.0,0,1.24,0.06304137984371372,1.0,1.4,0.011829638249247501
two_exp,80,0.003,0.1,208.0,0.09985731455791395,0,1.4,1.0,0,5.0,5.0,9,9,single_exp_fit,1.4,0.0,0,1.24,0.06304137984371372,1.0,1.4,0.011829638249247501
two_exp,80,0.005,0.1,208.0,0.09985731455791395,0,1.4,1.0,0,4.0,4.0,9,9,single_exp_fit,1.4,0.0,0,1.24,0.06304137984371372,1.0,1.4,0.011829638249247501
two_exp,80,0.01,0.1,208.0,0.09985731455791395,0,1.4,1.0,0,4.0,4.0,9,9,single_exp_fit,1.4,0.0,0,1.04,0.06304137984371372,1.0,1.4,0.011829638249247501
two_exp,80,0.02,0.1,208.0,0.09985731455791395,0,1.4,1.0,0,3.0,4.0,9,8,log_linear,1.4,0.0,0,1.14,0.06304137984371372,1.0,1.4,0.011829638249247501
two_exp,90,0.0,0.1,218.0,0.09985826346226055,0,1.4,1.0,0,4.0,4.0,9,9,single_exp_fit,1.4,0.0,0,1.04,0.06109268603582973,1.0,1.4,0.00988094444136352
two_exp,90,0.003,0.1,218.0,0.09985826346226055,0,1.4,1.0,0,3.0,3.0,9,9,single_exp_fit,1.4,0.0,0,1.04,0.06109268603582973,1.0,1.4,0.00988094444136352
two_exp,90,0.005,0.1,218.0,0.09985826346226055,0,1.4,1.0,0,3.0,3.0,9,9,single_exp_fit,1.4,0.0,0,1.04,0.06109268603582973,1.0,1.4,0.00988094444136352
two_exp,90,0.01,0.1,218.0,0.09985826346226055,0,1.4,1.0,0,3.0,3.0,9,9,single_exp_fit,1.4,0.0,0,0.92,0.06109268603582973,1.0,1.4,0.00988094444136352
two_exp,90,0.02,0.1,218.0,0.09985826346226055,0,1.4,1.0,0,2.0,3.0,9,8,log_linear,1.4,0.0,0,1.04,0.06109268603582973,1.0,1.4,0.00988094444136352
two_exp,100,0.0,0.1,228.0,0.09985851695116191,0,1.4,1.0,0,6.0,6.0,9,9,single_exp_fit,1.4,0.0,0,0.92,0.05946500014694598,1.0,1.4,0.00825325855247977
two_exp,100,0.003,0.1,228.0,0.09985851695116191,0,1.4,1.0,0,5.0,5.0,9,9,single_exp_fit,1.4,0.0,0,0.92,0.05946500014694598,1.0,1.4,0.00825325855247977
two_exp,100,0.005,0.1,228.0,0.09985851695116191,0,1.4,1.0,0,5.0,5.0,9,9,single_exp_fit,1.4,0.0,0,0.9,0.05946500014694598,1.0,1.4,0.00825325855247977
two_exp,100,0.01,0.1,228.0,0.09985851695116191,0,1.4,1.0,0,5.0,5.0,9,9,single_exp_fit,1.4,0.0,0,0.94,0.05946500014694598,1.0,1.4,0.00825325855247977
two_exp,100,0.02,0.1,228.0,0.09985851695116191,0,1.4,1.0,0,4.0,4.0,9,8,richardson_a10,1.4,0.0,0,0.9,0.05946500014694598,1.0,1.4,0.00825325855247977
two_exp,110,0.0,0.1,238.0,0.09985858466721395,0,1.4,1.0,0,7.0,7.0,9,9,single_exp_fit,1.4,0.0,0,0.9,0.05810544261042767,1.0,1.4,0.0068937010159614565
two_exp,110,0.003,0.1,238.0,0.09985858466721395,0,1.4,1.0,0,5.0,5.0,9,9,richardson_a10,1.4,0.0,0,0.9,0.05810544261042767,1.0,1.4,0.0068937010159614565
two_exp,110,0.005,0.1,238.0,0.09985858466721395,0,1.4,1.0,0,5.0,5.0,9,9,richardson_a10,1.4,0.0,0,0.9,0.05810544261042767,1.0,1.4,0.0068937010159614565
two_exp,110,0.01,0.1,238.0,0.09985858466721395,0,1.4,1.0,0,4.0,5.0,9,8,richardson_a10,1.4,0.0,0,0.92,0.05810544261042767,1.0,1.4,0.0068937010159614565
two_exp,110,0.02,0.1,238.0,0.09985858466721395,0,1.4,1.0,0,3.0,4.0,9,9,richardson_a10,1.4,0.0,0,0.9,0.05810544261042767,1.0,1.4,0.0068937010159614565
two_exp,120,0.0,0.1,248.0,0.09985860275657753,0,1.4,1.0,0,7.0,7.0,9,9,single_exp_fit,1.4,0.0,0,0.8,0.056969844699474394,1.0,1.4,0.0057581031050081815
two_exp,120,0.003,0.1,248.0,0.09985860275657753,0,1.4,1.0,0,5.0,5.0,9,9,single_exp_fit,1.4,0.0,0,0.9,0.056969844699474394,1.0,1.4,0.0057581031050081815
two_exp,120,0.005,0.1,248.0,0.09985860275657753,0,1.4,1.0,0,5.0,5.0,9,9,richardson_a10,1.4,0.0,0,0.8,0.056969844699474394,1.0,1.4,0.0057581031050081815
two_exp,120,0.01,0.1,248.0,0.09985860275657753,0,1.38,1.0,0,5.0,5.0,9,9,richardson_a10,1.4,0.02,0,0.9,0.056969844699474394,1.0,1.4,0.0057581031050081815
two_exp,120,0.02,0.1,248.0,0.09985860275657753,0,1.36,1.0,0,2.0,5.0,9,9,richardson_a10,1.4,0.04,0,0.56,0.056969844699474394,1.0,1.4,0.0057581031050081815
two_exp,130,0.0,0.1,258.0,0.09985860758888628,0,1.4,1.0,0,6.0,7.0,9,9,single_exp_fit,1.4,0.0,0,0.78,0.056021313592314284,1.0,1.4,0.004809571997848074
two_exp,130,0.003,0.1,258.0,0.09985860758888628,0,1.4,1.0,0,4.0,5.0,9,9,single_exp_fit,1.4,0.0,0,0.78,0.056021313592314284,1.0,1.4,0.004809571997848074
two_exp,130,0.005,0.1,258.0,0.09985860758888628,0,1.4,1.0,0,4.0,5.0,9,9,single_exp_fit,1.4,0.0,0,0.76,0.056021313592314284,1.0,1.4,0.004809571997848074
two_exp,130,0.01,0.1,258.0,0.09985860758888628,0,1.4,1.0,0,2.0,5.0,9,8,richardson_a10,1.4,0.0,0,0.76,0.056021313592314284,1.0,1.4,0.004809571997848074
two_exp,130,0.02,0.1,258.0,0.09985860758888628,0,1.3,1.0,0,3.0,4.0,9,9,richardson_a10,1.36,0.06,0,0.6,0.056021313592314284,1.0,1.4,0.004809571997848074
two_exp,140,0.0,0.1,268.0,0.09985860887976655,0,1.4,1.0,0,6.0,7.0,9,9,single_exp_fit,1.4,0.0,0,0.76,0.0552290338139065,1.0,1.4,0.004017292219440291
two_exp,140,0.003,0.1,268.0,0.09985860887976655,0,1.4,1.0,0,4.0,5.0,9,9,single_exp_fit,1.4,0.0,0,0.76,0.0552290338139065,1.0,1.4,0.004017292219440291
two_exp,140,0.005,0.1,268.0,0.09985860887976655,0,1.4,1.0,0,3.0,5.0,9,9,single_exp_fit,1.4,0.0,0,0.66,0.0552290338139065,1.0,1.4,0.004017292219440291
two_exp,140,0.01,0.1,268.0,0.09985860887976655,0,1.38,1.0,0,4.0,5.0,9,9,single_exp_fit,1.4,0.02,0,0.66,0.0552290338139065,1.0,1.4,0.004017292219440291
two_exp,140,0.02,0.1,268.0,0.09985860887976655,0,1.3,1.0,0,2.0,5.0,9,9,richardson_a10,1.36,0.06,0,0.64,0.0552290338139065,1.0,1.4,0.004017292219440291
