regime,obs_idx,noise,target_g,n_f,achieved_g,capped,R_R_med,log_med_error_R,med_error_R,n_valid_R,n_total,n_zero_denominator,zero_denominator_cell
single_exp,20,0.0,0.1,78.0,0.09827358560436153,0,0.8549931602715084,-1.3477879971215538,0.259814335542234,20,20,0,0
two_exp,20,0.0,0.1,146.0,0.09995263785978915,0,0.6473878875321085,-1.5582058913463261,0.21051341654260924,20,20,0,0
three_exp,20,0.0,0.1,276.0,0.09923912372631925,0,0.4744534124519759,-1.9518566698448305,0.14201016068162037,20,20,0,0
four_exp,20,0.0,0.1,454.0,0.09972739888143181,0,0.45893062602338874,-2.0039646321847737,0.13479979083358462,20,20,0,0
power_law,20,0.0,0.1,563.0,0.0999213133094059,0,0.062491072358139534,-5.232313922256443,0.0053411519822831564,20,20,0,0
rational_decay,20,0.0,0.1,425.0,0.09999999999999999,0,0.5332143569092918,-1.5451224969778288,0.21328574276371673,20,20,0,0
mixed_pow_rat,20,0.0,0.1,859.0,0.09994777353955844,0,0.3550289758186296,-2.3396019579691596,0.09636598831120602,20,20,0,0
multiphase,20,0.0,0.1,1824.0,0.09995683607578863,0,0.3634221243843754,-2.0682655155921505,0.12640483889662177,20,20,0,0
osc_exp,20,0.0,0.1,102.0,0.09501127947332318,0,0.6292684012037656,-1.622897505298924,0.19732611648552056,20,20,0,0
damped_osc_pow,20,0.0,0.1,703.0,0.09995922843809545,0,0.07277671793542559,-4.660223946033466,0.009464342662366971,20,20,0,0
log_slow,20,0.0,0.1,50000.0,0.2886523358250798,1,0.38078916939708446,-2.668095460204488,0.06938424460647216,20,20,0,0
delayed_plateau,20,0.0,0.1,249.0,0.09925570496400136,0,0.7592100765788957,-1.0707803655365817,0.342740949806809,20,20,0,0
staircase,20,0.0,0.1,170.0,0.09090909090909091,0,1.2286558080427938,-0.4872264477491613,0.6143279040213969,20,20,0,0
noisy_plateau,20,0.0,0.1,67.0,0.09536916221554961,0,0.5944199359978868,-5.4766324181520565,0.004183393924839129,20,20,0,0
slow_osc_power,20,0.0,0.1,720.0,0.09994693334309313,0,0.11686472894595926,-4.62055174610388,0.009847361318785018,20,20,0,0
log_oscillatory,20,0.0,0.1,50000.0,0.232935711783342,1,0.288616214716925,-2.842001122332155,0.05830886596408988,20,20,0,0
heavy_noise_plat,20,0.0,0.1,44.0,0.09071795328941246,0,0.6091960489225579,-5.61545581841277,0.003641149616774232,20,20,0,0
broken_power_law,20,0.0,0.1,50000.0,0.20436470335589355,1,1.1706810947909077,-3.0342424017037954,0.048111097958115884,20,20,0,0
single_exp,20,0.003,0.1,78.0,0.09827358560436153,0,0.8472653595041434,-1.3494371967788346,0.25938620296418996,20,20,0,0
two_exp,20,0.003,0.1,146.0,0.09995263785978915,0,0.6446087825441581,-1.5576068977924078,0.2106395504950725,20,20,0,0
three_exp,20,0.003,0.1,276.0,0.09923912372631925,0,0.47344000543296255,-1.9551180981281233,0.1415477591816006,20,20,0,0
four_exp,20,0.003,0.1,454.0,0.09972739888143181,0,0.47378895351180333,-1.9875984356747254,0.13702410281465333,20,20,0,0
power_law,20,0.003,0.1,563.0,0.0999213133094059,0,0.06503090744885304,-5.207993892976005,0.005472641387099521,20,20,0,0
rational_decay,20,0.003,0.1,425.0,0.09999999999999999,0,0.5333478134106413,-1.5416261575414119,0.2140327672820156,20,20,0,0
mixed_pow_rat,20,0.003,0.1,859.0,0.09994777353955844,0,0.3565203272862158,-2.3396240671918456,0.0963638577576636,20,20,0,0
multiphase,20,0.003,0.1,1824.0,0.09995683607578863,0,0.3619215251574517,-2.070679855513415,0.1261000227607807,20,20,0,0
osc_exp,20,0.003,0.1,102.0,0.09501127947332318,0,0.6266234437246097,-1.6241162359592975,0.1970857755824293,20,20,0,0
damped_osc_pow,20,0.003,0.1,703.0,0.09995922843809545,0,0.07193986065399713,-4.664110677381081,0.009427628699929762,20,20,0,0
log_slow,20,0.003,0.1,50000.0,0.2886523358250798,1,0.38299801235455344,-2.6744353821920854,0.06894574540264511,20,20,0,0
delayed_plateau,20,0.003,0.1,249.0,0.09925570496400136,0,0.7552517395103475,-1.0750454280962716,0.3412822511458734,20,20,0,0
staircase,20,0.003,0.1,170.0,0.09090909090909091,0,1.2282981311587755,-0.48727382953443205,0.6142987967581452,20,20,0,0
noisy_plateau,20,0.003,0.1,67.0,0.09536916221554961,0,0.5370883421847914,-5.549058953516494,0.003891117243289763,20,20,0,0
slow_osc_power,20,0.003,0.1,720.0,0.09994693334309313,0,0.11870061780020644,-4.619971960498642,0.009853072332549036,20,20,0,0
log_oscillatory,20,0.003,0.1,50000.0,0.232935711783342,1,0.292953601399199,-2.8244761355291947,0.05933973466713961,20,20,0,0
heavy_noise_plat,20,0.003,0.1,44.0,0.09071795328941246,0,0.4107905937790849,-5.601730693129176,0.0036914693840658505,20,20,0,0
broken_power_law,20,0.003,0.1,50000.0,0.20436470335589355,1,1.2023580559791778,-3.035294593548536,0.0480605024759476,20,20,0,0
single_exp,20,0.005,0.1,78.0,0.09827358560436153,0,0.8440190883981691,-1.3511521493859746,0.25894174913671597,20,20,0,0
two_exp,20,0.005,0.1,146.0,0.09995263785978915,0,0.6475878231814449,-1.5549671079746419,0.21119632920174297,20,20,0,0
three_exp,20,0.005,0.1,276.0,0.09923912372631925,0,0.47193256438231823,-1.9536726416540364,0.14175250824878521,20,20,0,0
four_exp,20,0.005,0.1,454.0,0.09972739888143181,0,0.46427930168553977,-2.0024217262381536,0.13500793476442766,20,20,0,0
power_law,20,0.005,0.1,563.0,0.0999213133094059,0,0.06312560929858424,-5.227133481715084,0.005368893296623448,20,20,0,0
rational_decay,20,0.005,0.1,425.0,0.09999999999999999,0,0.5253823469112294,-1.551640614828737,0.2119000421424954,20,20,0,0
mixed_pow_rat,20,0.005,0.1,859.0,0.09994777353955844,0,0.35007677555537325,-2.3515517104883754,0.09522129164210233,20,20,0,0
multiphase,20,0.005,0.1,1824.0,0.09995683607578863,0,0.3614981330923558,-2.0721147303831793,0.12591921475649698,20,20,0,0
osc_exp,20,0.005,0.1,102.0,0.09501127947332318,0,0.6267559541714105,-1.6258254960963536,0.19674919245864952,20,20,0,0
damped_osc_pow,20,0.005,0.1,703.0,0.09995922843809545,0,0.07134902804267837,-4.700286872959094,0.009092668286856984,20,20,0,0
log_slow,20,0.005,0.1,50000.0,0.2886523358250798,1,0.39589089158248725,-2.656055425771248,0.07022468259920764,20,20,0,0
delayed_plateau,20,0.005,0.1,249.0,0.09925570496400136,0,0.7527400026136287,-1.0757531064254529,0.34104081853099394,20,20,0,0
staircase,20,0.005,0.1,170.0,0.09090909090909091,0,1.2312220069567799,-0.4840449431320789,0.6162855034890857,20,20,0,0
noisy_plateau,20,0.005,0.1,67.0,0.09536916221554961,0,0.6527294588258488,-5.440016524563625,0.004339411563263958,20,20,0,0
slow_osc_power,20,0.005,0.1,720.0,0.09994693334309313,0,0.11899776983939281,-4.61876917527675,0.009864930592381096,20,20,0,0
log_oscillatory,20,0.005,0.1,50000.0,0.232935711783342,1,0.28577021778808515,-2.8289411167745597,0.059075374485563784,20,20,0,0
heavy_noise_plat,20,0.005,0.1,44.0,0.09071795328941246,0,1.3617002408071661,-5.420536013229075,0.004424774274529756,20,20,0,0
broken_power_law,20,0.005,0.1,50000.0,0.20436470335589355,1,0.9956633899378861,-3.1200003614405905,0.04415715245950273,20,20,0,0
single_exp,20,0.01,0.1,78.0,0.09827358560436153,0,0.826381900076542,-1.3659277411213993,0.25514385870290546,20,20,0,0
two_exp,20,0.01,0.1,146.0,0.09995263785978915,0,0.6386781852497829,-1.5551630659615394,0.21115494764888773,20,20,0,0
three_exp,20,0.01,0.1,276.0,0.09923912372631925,0,0.46567295535820963,-1.980688360134729,0.1379742286559324,20,20,0,0
four_exp,20,0.01,0.1,454.0,0.09972739888143181,0,0.46542423900283053,-1.9886162953447377,0.13688470246361167,20,20,0,0
power_law,20,0.01,0.1,563.0,0.0999213133094059,0,0.06447534224127854,-5.146372527694178,0.005820480108951358,20,20,0,0
rational_decay,20,0.01,0.1,425.0,0.09999999999999999,0,0.5363419368291009,-1.556107883469598,0.21095553897467323,20,20,0,0
mixed_pow_rat,20,0.01,0.1,859.0,0.09994777353955844,0,0.34629106696657475,-2.370070180280228,0.09347416600469596,20,20,0,0
multiphase,20,0.01,0.1,1824.0,0.09995683607578863,0,0.3653927214842456,-2.0754755042501514,0.12549673907046438,20,20,0,0
osc_exp,20,0.01,0.1,102.0,0.09501127947332318,0,0.6347087250589323,-1.5961099297262296,0.20268343923479637,20,20,0,0
damped_osc_pow,20,0.01,0.1,703.0,0.09995922843809545,0,0.0714390132720675,-4.733694926178202,0.00879391805828828,20,20,0,0
log_slow,20,0.01,0.1,50000.0,0.2886523358250798,1,0.3643909040437956,-2.7171908605545534,0.06606006595862687,20,20,0,0
delayed_plateau,20,0.01,0.1,249.0,0.09925570496400136,0,0.7639502800531296,-1.0751848582842602,0.34123466941468084,20,20,0,0
staircase,20,0.01,0.1,170.0,0.09090909090909091,0,1.2285465359306427,-0.48075802448491284,0.6183145165761981,20,20,0,0
noisy_plateau,20,0.01,0.1,67.0,0.09536916221554961,0,0.58552438996389,-5.4123132313092865,0.004461308227948558,20,20,0,0
slow_osc_power,20,0.01,0.1,720.0,0.09994693334309313,0,0.15346915776714498,-4.3447726032217835,0.012974458262351246,20,20,0,0
log_oscillatory,20,0.01,0.1,50000.0,0.232935711783342,1,0.2932684869120222,-2.825175724465229,0.059298235763078896,20,20,0,0
heavy_noise_plat,20,0.01,0.1,44.0,0.09071795328941246,0,0.5284181704980376,-5.36055516584281,0.004698297049379098,20,20,0,0
broken_power_law,20,0.01,0.1,50000.0,0.20436470335589355,1,1.1752245366128822,-3.1275689329187673,0.04382420744326394,20,20,0,0
single_exp,20,0.02,0.1,78.0,0.09827358560436153,0,0.847617264913499,-1.366699797838497,0.2549469491954026,20,20,0,0
two_exp,20,0.02,0.1,146.0,0.09995263785978915,0,0.6170326672088327,-1.5790882659826742,0.20616297834398115,20,20,0,0
three_exp,20,0.02,0.1,276.0,0.09923912372631925,0,0.469748639006795,-1.9385258201878468,0.14391595146530228,20,20,0,0
four_exp,20,0.02,0.1,454.0,0.09972739888143181,0,0.4408700983922349,-2.0415136416150377,0.1298320428904651,20,20,0,0
power_law,20,0.02,0.1,563.0,0.0999213133094059,0,0.08165243414688697,-5.031780321047144,0.006527179744840966,20,20,0,0
rational_decay,20,0.02,0.1,425.0,0.09999999999999999,0,0.5323862355966789,-1.5351796664342854,0.21541698449121266,20,20,0,0
mixed_pow_rat,20,0.02,0.1,859.0,0.09994777353955844,0,0.3420456238376411,-2.3659132745846176,0.09386353802845379,20,20,0,0
multiphase,20,0.02,0.1,1824.0,0.09995683607578863,0,0.33753848703510914,-2.102570003586138,0.12214211885436585,20,20,0,0
osc_exp,20,0.02,0.1,102.0,0.09501127947332318,0,0.624412713485933,-1.612626145051862,0.19936336887976952,20,20,0,0
damped_osc_pow,20,0.02,0.1,703.0,0.09995922843809545,0,0.06495522965327416,-4.648875829575307,0.009572356844692076,20,20,0,0
log_slow,20,0.02,0.1,50000.0,0.2886523358250798,1,0.3916440924209561,-2.6673202327873526,0.06943805402978359,20,20,0,0
delayed_plateau,20,0.02,0.1,249.0,0.09925570496400136,0,0.7572834891106904,-1.06192647888961,0.3457890130169724,20,20,0,0
staircase,20,0.02,0.1,170.0,0.09090909090909091,0,1.2071524518695234,-0.4910627685983642,0.6119756599413566,20,20,0,0
noisy_plateau,20,0.02,0.1,67.0,0.09536916221554961,0,0.4946308245533774,-5.6806533814153575,0.0034113288162260762,20,20,0,0
slow_osc_power,20,0.02,0.1,720.0,0.09994693334309313,0,0.10812621913705872,-4.686860328376041,0.009215574660565488,20,20,0,0
log_oscillatory,20,0.02,0.1,50000.0,0.232935711783342,1,0.28390737817785255,-2.8608043667812706,0.05722271369875229,20,20,0,0
heavy_noise_plat,20,0.02,0.1,44.0,0.09071795328941246,0,0.29823311236325856,-4.98506026206902,0.006839365860703503,20,20,0,0
broken_power_law,20,0.02,0.1,50000.0,0.20436470335589355,1,0.8233186442326208,-3.440830410248922,0.03203806953707825,20,20,0,0
single_exp,30,0.0,0.1,88.0,0.09827358560436152,0,1.0009695847859215,-1.5901570723195269,0.20389358318083284,20,20,0,0
two_exp,30,0.0,0.1,158.0,0.09891578790894964,0,0.6828955713221974,-1.7092306508456536,0.1810049951025133,20,20,0,0
three_exp,30,0.0,0.1,298.0,0.09968268375318039,0,0.4893576587284167,-2.1018790010756883,0.12222654853232612,20,20,0,0
four_exp,30,0.0,0.1,493.0,0.09965604664997246,0,0.4561327480706884,-2.1653252766197015,0.11471261519633533,20,20,0,0
power_law,30,0.0,0.1,831.0,0.0999693474547331,0,0.12159275992898794,-4.839338903588297,0.007912283104917841,20,20,0,0
rational_decay,30,0.0,0.1,525.0,0.1,0,0.4758250092982093,-1.8596665472033584,0.15572454849759576,20,20,0,0
mixed_pow_rat,30,0.0,0.1,1053.0,0.09994557265513264,0,0.3407396731502025,-2.531543716930844,0.07953614417495646,20,20,0,0
multiphase,30,0.0,0.1,2338.0,0.0999829613196886,0,0.296516151861847,-2.4857240499351785,0.0832652444861098,20,20,0,0
osc_exp,30,0.0,0.1,103.0,0.0952051343089901,0,0.6400582562204382,-1.668364833581829,0.18855513272063018,20,20,0,0
damped_osc_pow,30,0.0,0.1,1029.0,0.09998049460378683,0,0.07178663927429449,-4.924961224239042,0.007263007903013057,20,20,0,0
log_slow,30,0.0,0.1,50000.0,0.32236487497446525,1,0.44383035515221414,-2.673912307012711,0.06898181864447492,20,20,0,0
delayed_plateau,30,0.0,0.1,253.0,0.09933977901584715,0,0.7659428213888291,-1.1028913933953748,0.33191001253213315,20,20,0,0
staircase,30,0.0,0.1,170.0,0.09090909090909091,0,0.9416489601343454,-0.7532699082035921,0.47082448006717276,20,20,0,0
noisy_plateau,30,0.0,0.1,77.0,0.09536916221554961,0,0.6773051940863734,-6.225933694533398,0.0019774765940313993,20,20,0,0
slow_osc_power,30,0.0,0.1,729.0,0.09957314481107013,0,0.5016737983436087,-3.210594256479305,0.04033263821748274,20,20,0,0
log_oscillatory,30,0.0,0.1,50000.0,0.3324862235710625,1,0.6494347709074009,-2.5258430624494976,0.07999084707234108,20,20,0,0
heavy_noise_plat,30,0.0,0.1,54.0,0.09071795328941246,0,0.9385899948504977,-5.472331638387651,0.004201424525807289,20,20,0,0
broken_power_law,30,0.0,0.1,50000.0,0.2901576654864911,1,1.8385707511055251,-3.0474559289443928,0.04747956225048519,20,20,0,0
single_exp,30,0.003,0.1,88.0,0.09827358560436152,0,1.0008108063342531,-1.5912910853215791,0.20366249625902225,20,20,0,0
two_exp,30,0.003,0.1,158.0,0.09891578790894964,0,0.681041845377379,-1.7036939560449074,0.18200994399824602,20,20,0,0
three_exp,30,0.003,0.1,298.0,0.09968268375318039,0,0.4858929530026687,-2.1012395147140204,0.12230473574030837,20,20,0,0
four_exp,30,0.003,0.1,493.0,0.09965604664997246,0,0.4541731670800989,-2.1651366531557894,0.11473425472796563,20,20,0,0
power_law,30,0.003,0.1,831.0,0.0999693474547331,0,0.12140773341378017,-4.8499035877868115,0.007829132336815753,20,20,0,0
rational_decay,30,0.003,0.1,525.0,0.1,0,0.47139767312365266,-1.8626248093521511,0.15526455518600082,20,20,0,0
mixed_pow_rat,30,0.003,0.1,1053.0,0.09994557265513264,0,0.33958286802186666,-2.541241591758106,0.07876854068180608,20,20,0,0
multiphase,30,0.003,0.1,2338.0,0.0999829613196886,0,0.2926353935891214,-2.4861119294114196,0.08323295386952798,20,20,0,0
osc_exp,30,0.003,0.1,103.0,0.0952051343089901,0,0.636989412944988,-1.6704204951865507,0.1881679252939965,20,20,0,0
damped_osc_pow,30,0.003,0.1,1029.0,0.09998049460378683,0,0.07414630675401303,-4.904980901021478,0.0074095845970603685,20,20,0,0
log_slow,30,0.003,0.1,50000.0,0.32236487497446525,1,0.42941767827424704,-2.6962059747031426,0.06746097646665176,20,20,0,0
delayed_plateau,30,0.003,0.1,253.0,0.09933977901584715,0,0.7628050931674581,-1.1034841269530575,0.3317133366235382,20,20,0,0
staircase,30,0.003,0.1,170.0,0.09090909090909091,0,0.9415045117339025,-0.7537256629536577,0.4706099484645468,20,20,0,0
noisy_plateau,30,0.003,0.1,77.0,0.09536916221554961,0,0.39245827872045,-6.321494318615367,0.0017972558257682257,20,20,0,0
slow_osc_power,30,0.003,0.1,729.0,0.09957314481107013,0,0.5168854802623275,-3.202418933640651,0.04066372207051591,20,20,0,0
log_oscillatory,30,0.003,0.1,50000.0,0.3324862235710625,1,0.6365813716041846,-2.525452531316283,0.08002209208917387,20,20,0,0
heavy_noise_plat,30,0.003,0.1,54.0,0.09071795328941246,0,0.8163317257812504,-5.939034566920787,0.002634571926504721,20,20,0,0
broken_power_law,30,0.003,0.1,50000.0,0.2901576654864911,1,1.9038323894610605,-3.110849138080553,0.04456309904555142,20,20,0,0
single_exp,30,0.005,0.1,88.0,0.09827358560436152,0,0.9749663689432446,-1.596095040413144,0.2026864570744471,20,20,0,0
two_exp,30,0.005,0.1,158.0,0.09891578790894964,0,0.6817280226737243,-1.7101498221441427,0.18083869694608656,20,20,0,0
three_exp,30,0.005,0.1,298.0,0.09968268375318039,0,0.4901014761076581,-2.1001078292317743,0.12244322458228121,20,20,0,0
four_exp,30,0.005,0.1,493.0,0.09965604664997246,0,0.461843649984761,-2.1469236560900913,0.11684305486525866,20,20,0,0
power_law,30,0.005,0.1,831.0,0.0999693474547331,0,0.12292373139485502,-4.827313177357112,0.008008008485378236,20,20,0,0
rational_decay,30,0.005,0.1,525.0,0.1,0,0.4824304157636323,-1.8583446691766548,0.1559305334699833,20,20,0,0
mixed_pow_rat,30,0.005,0.1,1053.0,0.09994557265513264,0,0.3488612934429435,-2.530480939433594,0.07962071833299912,20,20,0,0
multiphase,30,0.005,0.1,2338.0,0.0999829613196886,0,0.2881686071751991,-2.4929071692442504,0.08266928329333466,20,20,0,0
osc_exp,30,0.005,0.1,103.0,0.0952051343089901,0,0.6385934102345892,-1.6712946611964885,0.18800350716438435,20,20,0,0
damped_osc_pow,30,0.005,0.1,1029.0,0.09998049460378683,0,0.06243437940156758,-5.049861918861405,0.0064102185154205505,20,20,0,0
log_slow,30,0.005,0.1,50000.0,0.32236487497446525,1,0.41625180312676324,-2.721084138157048,0.06580337579068571,20,20,0,0
delayed_plateau,30,0.005,0.1,253.0,0.09933977901584715,0,0.7584725942913295,-1.1089251314384825,0.329913384086568,20,20,0,0
staircase,30,0.005,0.1,170.0,0.09090909090909091,0,0.937854809128736,-0.7533472851286819,0.47078805052606926,20,20,0,0
noisy_plateau,30,0.005,0.1,77.0,0.09536916221554961,0,0.5159510220943826,-6.477873017439163,0.0015370765398739859,20,20,0,0
slow_osc_power,30,0.005,0.1,729.0,0.09957314481107013,0,0.49175471338346716,-3.250288415361951,0.03876302636706647,20,20,0,0
log_oscillatory,30,0.005,0.1,50000.0,0.3324862235710625,1,0.6377780671404809,-2.5221041888826914,0.08029048253655005,20,20,0,0
heavy_noise_plat,30,0.005,0.1,54.0,0.09071795328941246,0,1.153526103008886,-5.50792723021858,0.004054502730143426,20,20,0,0
broken_power_law,30,0.005,0.1,50000.0,0.2901576654864911,1,1.7511587023906623,-3.1238377223278677,0.0439880302288095,20,20,0,0
single_exp,30,0.01,0.1,88.0,0.09827358560436152,0,0.957755849723381,-1.6057433546911517,0.20074027820682894,20,20,0,0
two_exp,30,0.01,0.1,158.0,0.09891578790894964,0,0.6808935939148781,-1.6929919113650072,0.1839682829754259,20,20,0,0
three_exp,30,0.01,0.1,298.0,0.09968268375318039,0,0.4881129829491138,-2.116468380062129,0.12045628402344881,20,20,0,0
four_exp,30,0.01,0.1,493.0,0.09965604664997246,0,0.45951527431536643,-2.1382757490233497,0.1178578844966936,20,20,0,0
power_law,30,0.01,0.1,831.0,0.0999693474547331,0,0.11170768934932969,-4.879995989959934,0.007597044491969284,20,20,0,0
rational_decay,30,0.01,0.1,525.0,0.1,0,0.4709100223361294,-1.8581779188659107,0.1559565371028906,20,20,0,0
mixed_pow_rat,30,0.01,0.1,1053.0,0.09994557265513264,0,0.34881607706421236,-2.513374259405811,0.08099448124522746,20,20,0,0
multiphase,30,0.01,0.1,2338.0,0.0999829613196886,0,0.28588375392545273,-2.5146979545534007,0.08088734017012629,20,20,0,0
osc_exp,30,0.01,0.1,103.0,0.0952051343089901,0,0.6345764128508102,-1.662695844762006,0.18962708523253097,20,20,0,0
damped_osc_pow,30,0.01,0.1,1029.0,0.09998049460378683,0,0.08694347509932512,-4.783781219516297,0.008364311798162582,20,20,0,0
log_slow,30,0.01,0.1,50000.0,0.32236487497446525,1,0.4063256738009063,-2.726089195301592,0.06547484896812542,20,20,0,0
delayed_plateau,30,0.01,0.1,253.0,0.09933977901584715,0,0.7600120272839868,-1.107439537524757,0.33040386564002167,20,20,0,0
staircase,30,0.01,0.1,170.0,0.09090909090909091,0,0.9463881772378775,-0.7543528203291803,0.47031489449668007,20,20,0,0
noisy_plateau,30,0.01,0.1,77.0,0.09536916221554961,0,0.4864122968977834,-6.816525414814138,0.0010955207972949688,20,20,0,0
slow_osc_power,30,0.01,0.1,729.0,0.09957314481107013,0,0.4865000769591511,-3.2165710664836658,0.04009229665527049,20,20,0,0
log_oscillatory,30,0.01,0.1,50000.0,0.3324862235710625,1,0.7020859011329859,-2.5094145488236843,0.08131583175734038,20,20,0,0
heavy_noise_plat,30,0.01,0.1,54.0,0.09071795328941246,0,0.33573520792308226,-5.937826745249586,0.002637755942046299,20,20,0,0
broken_power_law,30,0.01,0.1,50000.0,0.2901576654864911,1,2.3619330080943204,-3.0901531620955867,0.04549498576361112,20,20,0,0
single_exp,30,0.02,0.1,88.0,0.09827358560436152,0,0.9685075508867027,-1.608096332207644,0.20026849610955622,20,20,0,0
two_exp,30,0.02,0.1,158.0,0.09891578790894964,0,0.6853884930915632,-1.692594229393173,0.18404145839426253,20,20,0,0
three_exp,30,0.02,0.1,298.0,0.09968268375318039,0,0.4631264351545935,-2.098807747892894,0.12260251425596297,20,20,0,0
four_exp,30,0.02,0.1,493.0,0.09965604664997246,0,0.43527225032677286,-2.206352598605979,0.11010150140512942,20,20,0,0
power_law,30,0.02,0.1,831.0,0.0999693474547331,0,0.10649197836926275,-4.968217945469046,0.006955532134453645,20,20,0,0
rational_decay,30,0.02,0.1,525.0,0.1,0,0.4599329177108725,-1.8921655650906226,0.1507450069840352,20,20,0,0
mixed_pow_rat,30,0.02,0.1,1053.0,0.09994557265513264,0,0.34150944699842417,-2.5576202086275495,0.07748892867551146,20,20,0,0
multiphase,30,0.02,0.1,2338.0,0.0999829613196886,0,0.26332521430569644,-2.5370181731362593,0.07910191670103828,20,20,0,0
osc_exp,30,0.02,0.1,103.0,0.0952051343089901,0,0.6160296484983815,-1.6544895847169652,0.19118961690740943,20,20,0,0
damped_osc_pow,30,0.02,0.1,1029.0,0.09998049460378683,0,0.06830067214683815,-4.698185242893613,0.009111797806449823,20,20,0,0
log_slow,30,0.02,0.1,50000.0,0.32236487497446525,1,0.4307377739808338,-2.747889181200119,0.06406294385532028,20,20,0,0
delayed_plateau,30,0.02,0.1,253.0,0.09933977901584715,0,0.7603360580130016,-1.095302765860657,0.33443833510818755,20,20,0,0
staircase,30,0.02,0.1,170.0,0.09090909090909091,0,0.95085754175511,-0.7560984154706667,0.4694946312339466,20,20,0,0
noisy_plateau,30,0.02,0.1,77.0,0.09536916221554961,0,0.4181500947350321,-6.381398123425362,0.00169275462150692,20,20,0,0
slow_osc_power,30,0.02,0.1,729.0,0.09957314481107013,0,0.4476843122704274,-3.2035120875233307,0.04061929465227687,20,20,0,0
log_oscillatory,30,0.02,0.1,50000.0,0.3324862235710625,1,0.7048839124025255,-2.511511847726328,0.08114546686812388,20,20,0,0
heavy_noise_plat,30,0.02,0.1,54.0,0.09071795328941246,0,0.25839506473517115,-5.173795924244107,0.0056630315294426,20,20,0,0
broken_power_law,30,0.02,0.1,50000.0,0.2901576654864911,1,1.779984139063314,-3.4142377038788707,0.032901477813410296,20,20,0,0
single_exp,40,0.0,0.1,98.0,0.09827358560436154,0,1.2174844124983433,-1.7943394143451867,0.16623723001350793,20,20,0,0
two_exp,40,0.0,0.1,168.0,0.0996049935937415,0,0.7312917034101849,-1.8284687689732158,0.1606593861616072,20,20,0,0
three_exp,40,0.0,0.1,316.0,0.09955192412375898,0,0.5066121589959723,-2.2097691409908577,0.10972597682205135,20,20,0,0
four_exp,40,0.0,0.1,524.0,0.09965412933128014,0,0.456859304171758,-2.287727575271848,0.10149684392975628,20,20,0,0
power_law,40,0.0,0.1,1099.0,0.09999397203534287,0,0.17697578147889778,-4.659740199521896,0.009468922112671448,20,20,0,0
rational_decay,40,0.0,0.1,625.0,0.1,0,0.4261993484539228,-2.1368636000514316,0.11802443495647094,20,20,0,0
mixed_pow_rat,40,0.0,0.1,1246.0,0.09994660977230731,0,0.32418114984260593,-2.70519282704231,0.0668574306829434,20,20,0,0
multiphase,40,0.0,0.1,2770.0,0.09998331988023952,0,0.25178344446006945,-2.7991594349695412,0.06086119892604301,20,20,0,0
osc_exp,40,0.0,0.1,114.0,0.09953504478473157,0,0.9261124244633503,-1.7603453126226425,0.1719854648161153,20,20,0,0
damped_osc_pow,40,0.0,0.1,1356.0,0.0999836399944975,0,0.09659586804008788,-4.809321484268594,0.008153390024656908,20,20,0,0
log_slow,40,0.0,0.1,50000.0,0.3470134055140294,1,0.43850003097935175,-2.7967265661320098,0.061009446500655956,20,20,0,0
delayed_plateau,40,0.0,0.1,257.0,0.09934830491627893,0,0.7972077949916025,-1.1029788366737996,0.33188099050140457,20,20,0,0
staircase,40,0.0,0.1,240.0,0.04761904761904762,0,1.1194978653700476,-0.803410481590138,0.44779914614801897,20,20,0,0
noisy_plateau,40,0.0,0.1,87.0,0.09536916221554956,0,0.3430220336171729,-6.965476457829736,0.0009439130936862716,20,20,0,0
slow_osc_power,40,0.0,0.1,754.0,0.09953357147051463,0,0.6819712020906052,-3.036401323912926,0.04800734188117799,20,20,0,0
log_oscillatory,40,0.0,0.1,50000.0,0.30497849550050343,1,0.6146999272753295,-2.4540713215009307,0.08594297178218721,20,20,0,0
heavy_noise_plat,40,0.0,0.1,64.0,0.09071795328941247,0,1.089429182788251,-5.8503983968043265,0.0028787520439853462,20,20,0,0
broken_power_law,40,0.0,0.1,50000.0,0.37317624894888063,1,2.3836446642312508,-3.163817600159576,0.04226408532943467,20,20,0,0
single_exp,40,0.003,0.1,98.0,0.09827358560436154,0,1.2018400737135613,-1.7921698955429255,0.16659827631641466,20,20,0,0
two_exp,40,0.003,0.1,168.0,0.0996049935937415,0,0.7230376401790246,-1.8265330766404986,0.16097067448559294,20,20,0,0
three_exp,40,0.003,0.1,316.0,0.09955192412375898,0,0.5081392633642077,-2.2144534327140186,0.10921319029550408,20,20,0,0
four_exp,40,0.003,0.1,524.0,0.09965412933128014,0,0.4528954539060154,-2.291746035636604,0.1010898012754077,20,20,0,0
power_law,40,0.003,0.1,1099.0,0.09999397203534287,0,0.19585378802381376,-4.640572882682142,0.009652166484316948,20,20,0,0
rational_decay,40,0.003,0.1,625.0,0.1,0,0.4237802928158241,-2.143776738559614,0.11721132948393412,20,20,0,0
mixed_pow_rat,40,0.003,0.1,1246.0,0.09994660977230731,0,0.3236424306708936,-2.699113652622925,0.06726510657621046,20,20,0,0
multiphase,40,0.003,0.1,2770.0,0.09998331988023952,0,0.2524024494923086,-2.7904781691586407,0.06139185120555022,20,20,0,0
osc_exp,40,0.003,0.1,114.0,0.09953504478473157,0,0.9171021422788184,-1.759554166258178,0.17212158432947447,20,20,0,0
damped_osc_pow,40,0.003,0.1,1356.0,0.0999836399944975,0,0.09354277360679,-4.790581516163619,0.008307624958798394,20,20,0,0
log_slow,40,0.003,0.1,50000.0,0.3470134055140294,1,0.41548959690636816,-2.8390852606825474,0.05847913466954196,20,20,0,0
delayed_plateau,40,0.003,0.1,257.0,0.09934830491627893,0,0.7935978762944049,-1.1062919465052954,0.3307832517974626,20,20,0,0
staircase,40,0.003,0.1,240.0,0.04761904761904762,0,1.115847737499425,-0.8043457952790721,0.44738050928564677,20,20,0,0
noisy_plateau,40,0.003,0.1,87.0,0.09536916221554956,0,0.24805546904892872,-6.927040785863946,0.0009808992687688062,20,20,0,0
slow_osc_power,40,0.003,0.1,754.0,0.09953357147051463,0,0.6758467826580263,-3.026973354072081,0.048462093978660026,20,20,0,0
log_oscillatory,40,0.003,0.1,50000.0,0.30497849550050343,1,0.6004287647832715,-2.453726664293215,0.08597259775197316,20,20,0,0
heavy_noise_plat,40,0.003,0.1,64.0,0.09071795328941247,0,1.0888738012188193,-5.779734374796208,0.0030895359578710464,20,20,0,0
broken_power_law,40,0.003,0.1,50000.0,0.37317624894888063,1,2.1517397574091195,-3.266252241603158,0.03814913322843748,20,20,0,0
single_exp,40,0.005,0.1,98.0,0.09827358560436154,0,1.1998781520616757,-1.7893282495149836,0.16707236292071032,20,20,0,0
two_exp,40,0.005,0.1,168.0,0.0996049935937415,0,0.7286018249646322,-1.8222056721535507,0.16166876908407654,20,20,0,0
three_exp,40,0.005,0.1,316.0,0.09955192412375898,0,0.5009474435122122,-2.210149793347305,0.10968421731884144,20,20,0,0
four_exp,40,0.005,0.1,524.0,0.09965412933128014,0,0.4603118107605617,-2.279785492245545,0.10230614982443556,20,20,0,0
power_law,40,0.005,0.1,1099.0,0.09999397203534287,0,0.16065178609583075,-4.674696028189195,0.009328360265368756,20,20,0,0
rational_decay,40,0.005,0.1,625.0,0.1,0,0.43067556973666776,-2.144551069624361,0.1171206042405947,20,20,0,0
mixed_pow_rat,40,0.005,0.1,1246.0,0.09994660977230731,0,0.31837956704056813,-2.70762734162836,0.06669486325943473,20,20,0,0
multiphase,40,0.005,0.1,2770.0,0.09998331988023952,0,0.2553930563979715,-2.8025631753421445,0.06065439535861851,20,20,0,0
osc_exp,40,0.005,0.1,114.0,0.09953504478473157,0,0.9215885251974943,-1.7575711689459743,0.17246323960736396,20,20,0,0
damped_osc_pow,40,0.005,0.1,1356.0,0.0999836399944975,0,0.09602962232456208,-4.839401106840722,0.007911790950481569,20,20,0,0
log_slow,40,0.005,0.1,50000.0,0.3470134055140294,1,0.4251884023321352,-2.8135471619189274,0.05999181384895959,20,20,0,0
delayed_plateau,40,0.005,0.1,257.0,0.09934830491627893,0,0.7953068306980555,-1.1050543623811833,0.33119287731914815,20,20,0,0
staircase,40,0.005,0.1,240.0,0.04761904761904762,0,1.1230283219015975,-0.8061594719094695,0.4465698410782707,20,20,0,0
noisy_plateau,40,0.005,0.1,87.0,0.09536916221554956,0,0.41949479283635227,-7.027387530421822,0.0008872466604113449,20,20,0,0
slow_osc_power,40,0.005,0.1,754.0,0.09953357147051463,0,0.702052268437109,-3.0287919120333724,0.04837404293906033,20,20,0,0
log_oscillatory,40,0.005,0.1,50000.0,0.30497849550050343,1,0.6231012420034343,-2.4569732449734376,0.08569393337504108,20,20,0,0
heavy_noise_plat,40,0.005,0.1,64.0,0.09071795328941247,0,0.7971149751538406,-5.828540204507903,0.002942369103803831,20,20,0,0
broken_power_law,40,0.005,0.1,50000.0,0.37317624894888063,1,1.7608889939557337,-3.248152699963564,0.03884590162684948,20,20,0,0
single_exp,40,0.01,0.1,98.0,0.09827358560436154,0,1.1535030361340508,-1.7978314760515448,0.16565773175912885,20,20,0,0
two_exp,40,0.01,0.1,168.0,0.0996049935937415,0,0.6995100143230373,-1.8339358261213103,0.1597834486978893,20,20,0,0
three_exp,40,0.01,0.1,316.0,0.09955192412375898,0,0.49345551477096095,-2.2215993430023886,0.10843554443825346,20,20,0,0
four_exp,40,0.01,0.1,524.0,0.09965412933128014,0,0.4755859117507677,-2.263785852143271,0.10395617611646461,20,20,0,0
power_law,40,0.01,0.1,1099.0,0.09999397203534287,0,0.13580291045523663,-4.702450299506269,0.009073018230291748,20,20,0,0
rational_decay,40,0.01,0.1,625.0,0.1,0,0.4241066048053256,-2.130840212499537,0.11873748720797037,20,20,0,0
mixed_pow_rat,40,0.01,0.1,1246.0,0.09994660977230731,0,0.3229509249294263,-2.6868551393760445,0.06809475149355074,20,20,0,0
multiphase,40,0.01,0.1,2770.0,0.09998331988023952,0,0.24854136372298993,-2.823196280710449,0.05941572953332081,20,20,0,0
osc_exp,40,0.01,0.1,114.0,0.09953504478473157,0,0.9159131340904484,-1.7473397831738628,0.17423683524204164,20,20,0,0
damped_osc_pow,40,0.01,0.1,1356.0,0.0999836399944975,0,0.10467062938723531,-4.678451158191555,0.009293396747226474,20,20,0,0
log_slow,40,0.01,0.1,50000.0,0.3470134055140294,1,0.3996866286001923,-2.8841415162844304,0.055902760551959876,20,20,0,0
delayed_plateau,40,0.01,0.1,257.0,0.09934830491627893,0,0.7985408512568781,-1.0998991086037417,0.3329046692207045,20,20,0,0
staircase,40,0.01,0.1,240.0,0.04761904761904762,0,1.1203131692626913,-0.8045205662280952,0.4473023270016595,20,20,0,0
noisy_plateau,40,0.01,0.1,87.0,0.09536916221554956,0,0.25314383979423705,-7.271989994089937,0.0006947281124209184,20,20,0,0
slow_osc_power,40,0.01,0.1,754.0,0.09953357147051463,0,0.677170547100898,-3.0265918987949063,0.048480583626413776,20,20,0,0
log_oscillatory,40,0.01,0.1,50000.0,0.30497849550050343,1,0.5505074081122672,-2.4515166475882784,0.08616280873647983,20,20,0,0
heavy_noise_plat,40,0.01,0.1,64.0,0.09071795328941247,0,0.5354820681601367,-5.947845790292405,0.002611460096050861,20,20,0,0
broken_power_law,40,0.01,0.1,50000.0,0.37317624894888063,1,1.8204767110092543,-3.439144351796036,0.0320921331594415,20,20,0,0
single_exp,40,0.02,0.1,98.0,0.09827358560436154,0,1.0786213738532286,-1.797274450838447,0.16575003299713506,20,20,0,0
two_exp,40,0.02,0.1,168.0,0.0996049935937415,0,0.7375640157053547,-1.8388892194817237,0.1589939354232094,20,20,0,0
three_exp,40,0.02,0.1,316.0,0.09955192412375898,0,0.497345469740399,-2.2424465507776485,0.10619836659248567,20,20,0,0
four_exp,40,0.02,0.1,524.0,0.09965412933128014,0,0.43444070467549956,-2.2752731241055817,0.10276883595542344,20,20,0,0
power_law,40,0.02,0.1,1099.0,0.09999397203534287,0,0.2715809517565947,-4.619971444911993,0.009853077412662885,20,20,0,0
rational_decay,40,0.02,0.1,625.0,0.1,0,0.41681902479686295,-2.1557186603416003,0.11581992550956782,20,20,0,0
mixed_pow_rat,40,0.02,0.1,1246.0,0.09994660977230731,0,0.3351093855113936,-2.6374202944127396,0.07154559827686593,20,20,0,0
multiphase,40,0.02,0.1,2770.0,0.09998331988023952,0,0.24368502145088838,-2.8018738379459136,0.06069622111595807,20,20,0,0
osc_exp,40,0.02,0.1,114.0,0.09953504478473157,0,0.9271301081034747,-1.7509395687083653,0.1736107475697269,20,20,0,0
damped_osc_pow,40,0.02,0.1,1356.0,0.0999836399944975,0,0.07135466056705905,-5.004636942528436,0.0067067758513528475,20,20,0,0
log_slow,40,0.02,0.1,50000.0,0.3470134055140294,1,0.3123506242954225,-3.117475331317163,0.04426879148626507,20,20,0,0
delayed_plateau,40,0.02,0.1,257.0,0.09934830491627893,0,0.7838449458540933,-1.1050783777942232,0.3311849236809088,20,20,0,0
staircase,40,0.02,0.1,240.0,0.04761904761904762,0,1.1209384233757032,-0.8003110884201211,0.4491892048195364,20,20,0,0
noisy_plateau,40,0.02,0.1,87.0,0.09536916221554956,0,0.24918733097208648,-7.400493352095004,0.0006109512726753877,20,20,0,0
slow_osc_power,40,0.02,0.1,754.0,0.09953357147051463,0,0.7270239818517554,-3.1121318672843072,0.04450597330325773,20,20,0,0
log_oscillatory,40,0.02,0.1,50000.0,0.30497849550050343,1,0.6099579199838294,-2.4689009049395545,0.08467787691068013,20,20,0,0
heavy_noise_plat,40,0.02,0.1,64.0,0.09071795328941247,0,0.19598756098970832,-5.58915840479195,0.003738172569339495,20,20,0,0
broken_power_law,40,0.02,0.1,50000.0,0.37317624894888063,1,1.9960636269702126,-3.4458538511317522,0.03187753175239104,20,20,0,0
single_exp,50,0.0,0.1,108.0,0.09827358560436149,0,1.5206530019170104,-1.9719863382336607,0.13918012266381014,20,20,0,0
two_exp,50,0.0,0.1,178.0,0.09979073329141679,0,0.7897534161442809,-1.9336297655896342,0.144622299569663,20,20,0,0
three_exp,50,0.0,0.1,331.0,0.09945418637738732,0,0.524276015012672,-2.29440582418218,0.10082128104172505,20,20,0,0
four_exp,50,0.0,0.1,550.0,0.09979764272798133,0,0.4596097086792592,-2.387330869088465,0.09187458218658671,20,20,0,0
power_law,50,0.0,0.1,1368.0,0.0999578047246273,0,0.22793025593506258,-4.559450719183541,0.010467807130244935,20,20,0,0
rational_decay,50,0.0,0.1,725.0,0.1,0,0.3799821870713066,-2.394747259128712,0.09119572489711358,20,20,0,0
mixed_pow_rat,50,0.0,0.1,1441.0,0.09996531693440565,0,0.30652796294314666,-2.8675930007579136,0.056835565231747855,20,20,0,0
multiphase,50,0.0,0.1,3107.0,0.09997513344554229,0,0.2312698080527714,-2.987144362590712,0.05043124464302879,20,20,0,0
osc_exp,50,0.0,0.1,133.0,0.09631796022609462,0,1.1141581346065412,-1.984369134275789,0.13746731018148411,20,20,0,0
damped_osc_pow,50,0.0,0.1,1684.0,0.09999985538834824,0,0.13371080364752522,-4.626175221179227,0.009792140340272225,20,20,0,0
log_slow,50,0.0,0.1,50000.0,0.3664532001500322,1,0.346723919100965,-3.1162877427346563,0.04432139582757046,20,20,0,0
delayed_plateau,50,0.0,0.1,271.0,0.09972673126738552,0,0.8878987098521454,-1.1394586406369205,0.3199922057113871,20,20,0,0
staircase,50,0.0,0.1,240.0,0.04761904761904762,0,0.956980838161925,-0.9602626424231023,0.38279233526476997,20,20,0,0
noisy_plateau,50,0.0,0.1,97.0,0.09536916221554956,0,0.18514314967839482,-7.626494749071849,0.000487366208609054,20,20,0,0
slow_osc_power,50,0.0,0.1,1124.0,0.0999202180144496,0,0.7940130246628558,-3.096906061155059,0.04518879770910568,20,20,0,0
log_oscillatory,50,0.0,0.1,50000.0,0.2560336623945213,1,0.45656834129076884,-2.5084818113295464,0.08139171346584334,20,20,0,0
heavy_noise_plat,50,0.0,0.1,74.0,0.09071795328941246,0,0.644859492544689,-5.627980159159557,0.003595831003525867,20,20,0,0
broken_power_law,50,0.0,0.1,50000.0,0.4541733869663374,1,3.079946854411949,-3.2423281912065747,0.03907282012391958,20,20,0,0
single_exp,50,0.003,0.1,108.0,0.09827358560436149,0,1.4878388151312145,-1.9738688516641965,0.13891836067616448,20,20,0,0
two_exp,50,0.003,0.1,178.0,0.09979073329141679,0,0.7738298984396378,-1.9324561181614213,0.1447921348034629,20,20,0,0
three_exp,50,0.003,0.1,331.0,0.09945418637738732,0,0.5113280075898399,-2.289866827021611,0.10127994870824175,20,20,0,0
four_exp,50,0.003,0.1,550.0,0.09979764272798133,0,0.4529188510505582,-2.3943248961354167,0.09123425073182757,20,20,0,0
power_law,50,0.003,0.1,1368.0,0.0999578047246273,0,0.2414981254446656,-4.549862987255632,0.010568652324716495,20,20,0,0
rational_decay,50,0.003,0.1,725.0,0.1,0,0.37652632564894395,-2.3970586608895466,0.09098517836056191,20,20,0,0
mixed_pow_rat,50,0.003,0.1,1441.0,0.09996531693440565,0,0.3105842184621471,-2.8545571739861324,0.05758131397976583,20,20,0,0
multiphase,50,0.003,0.1,3107.0,0.09997513344554229,0,0.23132623513366335,-2.9851130786749507,0.050533788932147446,20,20,0,0
osc_exp,50,0.003,0.1,133.0,0.09631796022609462,0,1.123896056059221,-1.9830230308875691,0.1376524799943846,20,20,0,0
damped_osc_pow,50,0.003,0.1,1684.0,0.09999985538834824,0,0.13583084301674664,-4.618890703967719,0.00986373179312543,20,20,0,0
log_slow,50,0.003,0.1,50000.0,0.3664532001500322,1,0.3586441258386397,-3.080092801315533,0.045954991767462636,20,20,0,0
delayed_plateau,50,0.003,0.1,271.0,0.09972673126738552,0,0.8873313073943964,-1.1408801913842697,0.31953764372022975,20,20,0,0
staircase,50,0.003,0.1,240.0,0.04761904761904762,0,0.9567534931988797,-0.9606713462962737,0.3826359185209688,20,20,0,0
noisy_plateau,50,0.003,0.1,97.0,0.09536916221554956,0,0.5672239884002295,-6.781716816450781,0.0011343257964855098,20,20,0,0
slow_osc_power,50,0.003,0.1,1124.0,0.0999202180144496,0,0.7997096103068561,-3.0956108330117775,0.0452473654327537,20,20,0,0
log_oscillatory,50,0.003,0.1,50000.0,0.2560336623945213,1,0.45176542550137083,-2.506546736210601,0.08154936503007508,20,20,0,0
heavy_noise_plat,50,0.003,0.1,74.0,0.09071795328941246,0,1.139244492879706,-5.6933697974907735,0.0033682235924763267,20,20,0,0
broken_power_law,50,0.003,0.1,50000.0,0.4541733869663374,1,2.522968405950916,-3.3260991149314543,0.035933002541353246,20,20,0,0
single_exp,50,0.005,0.1,108.0,0.09827358560436149,0,1.4817694192396478,-1.9796808688488414,0.13811330653709286,20,20,0,0
two_exp,50,0.005,0.1,178.0,0.09979073329141679,0,0.7812069089074678,-1.9353833152918642,0.14436891940160324,20,20,0,0
three_exp,50,0.005,0.1,331.0,0.09945418637738732,0,0.5210890518898653,-2.284022474847563,0.10187359745308491,20,20,0,0
four_exp,50,0.005,0.1,550.0,0.09979764272798133,0,0.4625964595584432,-2.3739466053963505,0.09311252179609239,20,20,0,0
power_law,50,0.005,0.1,1368.0,0.0999578047246273,0,0.2241891773151542,-4.568504491772812,0.01037346172038537,20,20,0,0
rational_decay,50,0.005,0.1,725.0,0.1,0,0.3836988158718382,-2.39722966752763,0.09096962062137132,20,20,0,0
mixed_pow_rat,50,0.005,0.1,1441.0,0.09996531693440565,0,0.310486504652154,-2.86904686233863,0.0567529942249906,20,20,0,0
multiphase,50,0.005,0.1,3107.0,0.09997513344554229,0,0.22936217080257498,-2.984708571274351,0.05055423435863521,20,20,0,0
osc_exp,50,0.005,0.1,133.0,0.09631796022609462,0,1.1196398409400126,-1.9808774524841577,0.13794814125141727,20,20,0,0
damped_osc_pow,50,0.005,0.1,1684.0,0.09999985538834824,0,0.12838474224551996,-4.644677321186047,0.00961263095163657,20,20,0,0
log_slow,50,0.005,0.1,50000.0,0.3664532001500322,1,0.3593889503670312,-3.0655265461798025,0.04662928292853915,20,20,0,0
delayed_plateau,50,0.005,0.1,271.0,0.09972673126738552,0,0.8777292459045332,-1.1408298667868677,0.3195537247281365,20,20,0,0
staircase,50,0.005,0.1,240.0,0.04761904761904762,0,0.9524786337639175,-0.9606448610855296,0.38264605284811337,20,20,0,0
noisy_plateau,50,0.005,0.1,97.0,0.09536916221554956,0,0.6719691474586353,-6.909155518849041,0.00099860074001153,20,20,0,0
slow_osc_power,50,0.005,0.1,1124.0,0.0999202180144496,0,0.7942324784199215,-3.102167873089841,0.04495164722179229,20,20,0,0
log_oscillatory,50,0.005,0.1,50000.0,0.2560336623945213,1,0.461604380947751,-2.5042737594020954,0.08173493566451631,20,20,0,0
heavy_noise_plat,50,0.005,0.1,74.0,0.09071795328941246,0,0.6300107025217038,-5.905611009283955,0.002724116811467836,20,20,0,0
broken_power_law,50,0.005,0.1,50000.0,0.4541733869663374,1,2.6240988060362396,-3.3128232673517384,0.03641322422797137,20,20,0,0
single_exp,50,0.01,0.1,108.0,0.09827358560436149,0,1.3468774061483093,-1.9731281221616732,0.13902129972464786,20,20,0,0
two_exp,50,0.01,0.1,178.0,0.09979073329141679,0,0.7562953432339703,-1.9382376082783854,0.14395743573431907,20,20,0,0
three_exp,50,0.01,0.1,331.0,0.09945418637738732,0,0.532114505754197,-2.289359836215508,0.10133130972976212,20,20,0,0
four_exp,50,0.01,0.1,550.0,0.09979764272798133,0,0.4366487631058838,-2.3947910664355896,0.09119172994551174,20,20,0,0
power_law,50,0.01,0.1,1368.0,0.0999578047246273,0,0.213774958605435,-4.524502744553737,0.010840103396932314,20,20,0,0
rational_decay,50,0.01,0.1,725.0,0.1,0,0.3770951654121045,-2.385307704198696,0.09206064777274245,20,20,0,0
mixed_pow_rat,50,0.01,0.1,1441.0,0.09996531693440565,0,0.28794027306623715,-2.9136518822124935,0.0542771537292928,20,20,0,0
multiphase,50,0.01,0.1,3107.0,0.09997513344554229,0,0.21629629075543744,-2.9977333810750757,0.04990004466798446,20,20,0,0
osc_exp,50,0.01,0.1,133.0,0.09631796022609462,0,1.0871247938028392,-1.9779726902121346,0.13834943035017605,20,20,0,0
damped_osc_pow,50,0.01,0.1,1684.0,0.09999985538834824,0,0.13016158147524967,-4.578161741652415,0.010273764782387083,20,20,0,0
log_slow,50,0.01,0.1,50000.0,0.3664532001500322,1,0.3202476726263369,-3.1687129878505296,0.04205769184658299,20,20,0,0
delayed_plateau,50,0.01,0.1,271.0,0.09972673126738552,0,0.8861380054705621,-1.1472108040823872,0.31752116416538106,20,20,0,0
staircase,50,0.01,0.1,240.0,0.04761904761904762,0,0.9391666969476653,-0.9646012041699636,0.3811351645501596,20,20,0,0
noisy_plateau,50,0.01,0.1,97.0,0.09536916221554956,0,0.31345097455575965,-6.981477584639011,0.0009289296165274664,20,20,0,0
slow_osc_power,50,0.01,0.1,1124.0,0.0999202180144496,0,0.8348363756992574,-3.0551929108116775,0.04711363116478544,20,20,0,0
log_oscillatory,50,0.01,0.1,50000.0,0.2560336623945213,1,0.42941187444093165,-2.5107073015771197,0.08121077841057035,20,20,0,0
heavy_noise_plat,50,0.01,0.1,74.0,0.09071795328941246,0,0.494433092323724,-5.732519071433114,0.0032389079079877103,20,20,0,0
broken_power_law,50,0.01,0.1,50000.0,0.4541733869663374,1,3.0882836378958647,-3.4380388140807514,0.032127631841963794,20,20,0,0
single_exp,50,0.02,0.1,108.0,0.09827358560436149,0,1.307021450180366,-1.9714344985466747,0.13925694897508975,20,20,0,0
two_exp,50,0.02,0.1,178.0,0.09979073329141679,0,0.7444886684732097,-1.9475668539880004,0.1426206666636274,20,20,0,0
three_exp,50,0.02,0.1,331.0,0.09945418637738732,0,0.5396241392194039,-2.3399911426033406,0.09632849144637272,20,20,0,0
four_exp,50,0.02,0.1,550.0,0.09979764272798133,0,0.48146313617071246,-2.377608024561904,0.09277222119597694,20,20,0,0
power_law,50,0.02,0.1,1368.0,0.0999578047246273,0,0.17639494604624545,-4.6788710661049,0.009289495195593989,20,20,0,0
rational_decay,50,0.02,0.1,725.0,0.1,0,0.3880705509379979,-2.373027146754912,0.09319817427980781,20,20,0,0
mixed_pow_rat,50,0.02,0.1,1441.0,0.09996531693440565,0,0.27540333475796214,-2.8829576581906116,0.05596898067738781,20,20,0,0
multiphase,50,0.02,0.1,3107.0,0.09997513344554229,0,0.23336053170802362,-2.9975673736302015,0.049908329134521416,20,20,0,0
osc_exp,50,0.02,0.1,133.0,0.09631796022609462,0,1.1805637530688204,-1.97927240343209,0.13816973256966336,20,20,0,0
damped_osc_pow,50,0.02,0.1,1684.0,0.09999985538834824,0,0.12969382623992332,-4.6373331419571935,0.009683487710090106,20,20,0,0
log_slow,50,0.02,0.1,50000.0,0.3664532001500322,1,0.3415518463911535,-3.1861034017114056,0.041332614153387334,20,20,0,0
delayed_plateau,50,0.02,0.1,271.0,0.09972673126738552,0,0.8902189628261479,-1.144897979347257,0.3182563848583581,20,20,0,0
staircase,50,0.02,0.1,240.0,0.04761904761904762,0,0.9573033648749384,-0.9588026065621877,0.3833516340002902,20,20,0,0
noisy_plateau,50,0.02,0.1,97.0,0.09536916221554956,0,0.215563011618308,-7.201274149453026,0.0007456351522449074,20,20,0,0
slow_osc_power,50,0.02,0.1,1124.0,0.0999202180144496,0,0.8691334212070556,-3.158230643505708,0.042500873789689794,20,20,0,0
log_oscillatory,50,0.02,0.1,50000.0,0.2560336623945213,1,0.4275232944519912,-2.498436084663252,0.08221347304753886,20,20,0,0
heavy_noise_plat,50,0.02,0.1,74.0,0.09071795328941246,0,0.4301402817625557,-5.592477108202488,0.0037257872462588665,20,20,0,0
broken_power_law,50,0.02,0.1,50000.0,0.4541733869663374,1,1.262066656553469,-3.4395569617661144,0.03207889435675765,20,20,0,0
single_exp,60,0.0,0.1,118.0,0.09827358560436156,0,1.9375872787762982,-2.129682659020611,0.11887501178003423,20,20,0,0
two_exp,60,0.0,0.1,188.0,0.0998404682219216,0,0.8580111550766666,-2.031286948061077,0.13116660786882275,20,20,0,0
three_exp,60,0.0,0.1,344.0,0.09944634023624567,0,0.5424262479599951,-2.3642843942899727,0.09401655508533563,20,20,0,0
four_exp,60,0.0,0.1,573.0,0.09990413723962463,0,0.46343123023567323,-2.4722390700314656,0.08439567945082649,20,20,0,0
power_law,60,0.0,0.1,1636.0,0.09997624219816975,0,0.2756197911958138,-4.49482230579955,0.01116666469038655,20,20,0,0
rational_decay,60,0.0,0.1,825.0,0.09999999999999999,0,0.33540413220140564,-2.6446986080442136,0.07102675740735649,20,20,0,0
mixed_pow_rat,60,0.0,0.1,1640.0,0.09995834692603936,0,0.2882390026067784,-3.022837958180584,0.04866291888203236,20,20,0,0
multiphase,60,0.0,0.1,3362.0,0.09999263225948939,0,0.21633991736777874,-3.1255753850524486,0.043911660240210815,20,20,0,0
osc_exp,60,0.0,0.1,134.0,0.09501342197497052,0,1.0168837951067207,-2.1205824593616054,0.11996173532268856,20,20,0,0
damped_osc_pow,60,0.0,0.1,2014.0,0.09999706993663447,0,0.16815749180062234,-4.513748215630959,0.010957312738367293,20,20,0,0
log_slow,60,0.0,0.1,50000.0,0.38250619171060757,1,0.28016739349562303,-3.3979681775079946,0.033441147455021886,20,20,0,0
delayed_plateau,60,0.0,0.1,288.0,0.0998224296470312,0,0.9683399754198903,-1.2237985226288304,0.29411085566467077,20,20,0,0
staircase,60,0.0,0.1,240.0,0.04761904761904762,0,0.8899279688651499,-1.0329054852648103,0.35597118754605994,20,20,0,0
noisy_plateau,60,0.0,0.1,107.0,0.09536916221554957,0,0.4484011749776007,-6.807579204569838,0.0011053655275279073,20,20,0,0
slow_osc_power,60,0.0,0.1,1595.0,0.09988298332023025,0,0.844459645155625,-3.292161580987669,0.037173409154013515,20,20,0,0
log_oscillatory,60,0.0,0.1,50000.0,0.29321751930860546,1,0.5135961629570552,-2.577661551843353,0.07595140494346164,20,20,0,0
heavy_noise_plat,60,0.0,0.1,84.0,0.09071795328941247,0,1.240599712067438,-5.807123193132074,0.0030060655150388905,20,20,0,0
broken_power_law,60,0.0,0.1,19289.0,0.09999977963058883,0,0.2009978214371175,-3.5773145773895947,0.027950656888379645,20,20,0,0
single_exp,60,0.003,0.1,118.0,0.09827358560436156,0,1.931984995106708,-2.129615332768176,0.11888301545851138,20,20,0,0
two_exp,60,0.003,0.1,188.0,0.0998404682219216,0,0.843375962632039,-2.0321433219757976,0.13105432829087424,20,20,0,0
three_exp,60,0.003,0.1,344.0,0.09944634023624567,0,0.5427847057517454,-2.3585000879971565,0.09456195148579596,20,20,0,0
four_exp,60,0.003,0.1,573.0,0.09990413723962463,0,0.4710635863845378,-2.4716340529761633,0.08444675572573876,20,20,0,0
power_law,60,0.003,0.1,1636.0,0.09997624219816975,0,0.28278822946520055,-4.503141228266689,0.011074155394942957,20,20,0,0
rational_decay,60,0.003,0.1,825.0,0.09999999999999999,0,0.3339411646033052,-2.6438076385833544,0.07109006827894872,20,20,0,0
mixed_pow_rat,60,0.003,0.1,1640.0,0.09995834692603936,0,0.28155776127511123,-3.0338720844083635,0.04812891762905453,20,20,0,0
multiphase,60,0.003,0.1,3362.0,0.09999263225948939,0,0.215077630217412,-3.12210153187563,0.044064468163110423,20,20,0,0
osc_exp,60,0.003,0.1,134.0,0.09501342197497052,0,1.0126289571151357,-2.1234663538586647,0.1196162767068615,20,20,0,0
damped_osc_pow,60,0.003,0.1,2014.0,0.09999706993663447,0,0.17403569229474292,-4.514932716635147,0.010944341474179832,20,20,0,0
log_slow,60,0.003,0.1,50000.0,0.38250619171060757,1,0.26583324481943027,-3.4497646068232717,0.031753109963843285,20,20,0,0
delayed_plateau,60,0.003,0.1,288.0,0.0998224296470312,0,0.9593324365767484,-1.2257216945359188,0.29354577347874655,20,20,0,0
staircase,60,0.003,0.1,240.0,0.04761904761904762,0,0.8866665327583205,-1.033897417165634,0.35561826343663794,20,20,0,0
noisy_plateau,60,0.003,0.1,107.0,0.09536916221554957,0,0.3969624065273937,-6.965961998809254,0.0009434548964439536,20,20,0,0
slow_osc_power,60,0.003,0.1,1595.0,0.09988298332023025,0,0.8493102484679715,-3.2975022379993577,0.03697540792471942,20,20,0,0
log_oscillatory,60,0.003,0.1,50000.0,0.29321751930860546,1,0.5195346642490699,-2.579163794718348,0.07583739314468689,20,20,0,0
heavy_noise_plat,60,0.003,0.1,84.0,0.09071795328941247,0,0.5378254296682596,-5.810347998746617,0.002996387151895614,20,20,0,0
broken_power_law,60,0.003,0.1,19289.0,0.09999977963058883,0,0.19808743913300464,-3.575250149342047,0.02800841861035247,20,20,0,0
single_exp,60,0.005,0.1,118.0,0.09827358560436156,0,1.894336197645119,-2.1255845704034213,0.11936317169077201,20,20,0,0
two_exp,60,0.005,0.1,188.0,0.0998404682219216,0,0.8752967643878944,-2.037336524476938,0.13037550079536,20,20,0,0
three_exp,60,0.005,0.1,344.0,0.09944634023624567,0,0.5406270016208752,-2.366135989423229,0.09384263555346237,20,20,0,0
four_exp,60,0.005,0.1,573.0,0.09990413723962463,0,0.4612289148155355,-2.4508830348707162,0.08621741988720891,20,20,0,0
power_law,60,0.005,0.1,1636.0,0.09997624219816975,0,0.2800573839652698,-4.502491404851848,0.011081353979069127,20,20,0,0
rational_decay,60,0.005,0.1,825.0,0.09999999999999999,0,0.32971359937408784,-2.6372838287601357,0.07155536245984838,20,20,0,0
mixed_pow_rat,60,0.005,0.1,1640.0,0.09995834692603936,0,0.2820553177939246,-3.0358649593725557,0.04803309822381744,20,20,0,0
multiphase,60,0.005,0.1,3362.0,0.09999263225948939,0,0.2089780823863555,-3.132362694068595,0.04361462739988348,20,20,0,0
osc_exp,60,0.005,0.1,134.0,0.09501342197497052,0,1.0261063562639874,-2.1168082388025904,0.12041535285828102,20,20,0,0
damped_osc_pow,60,0.005,0.1,2014.0,0.09999706993663447,0,0.18456338860745441,-4.5419387497727755,0.010652733535372558,20,20,0,0
log_slow,60,0.005,0.1,50000.0,0.38250619171060757,1,0.2981132318945327,-3.3512928845448355,0.035039023391663544,20,20,0,0
delayed_plateau,60,0.005,0.1,288.0,0.0998224296470312,0,0.9659157326691927,-1.225882085352872,0.29349869520788724,20,20,0,0
staircase,60,0.005,0.1,240.0,0.04761904761904762,0,0.8785652644561821,-1.035355672467094,0.3551000591475918,20,20,0,0
noisy_plateau,60,0.005,0.1,107.0,0.09536916221554957,0,0.4562331044071254,-6.52900589528629,0.001460456975545435,20,20,0,0
slow_osc_power,60,0.005,0.1,1595.0,0.09988298332023025,0,0.7991554221543813,-3.302913663927579,0.03677585865357764,20,20,0,0
log_oscillatory,60,0.005,0.1,50000.0,0.29321751930860546,1,0.5064048396508254,-2.577758327570162,0.07594405504669763,20,20,0,0
heavy_noise_plat,60,0.005,0.1,84.0,0.09071795328941247,0,0.9465786430428719,-5.9330472164284425,0.002650393348962452,20,20,0,0
broken_power_law,60,0.005,0.1,19289.0,0.09999977963058883,0,0.1958324512863139,-3.6213108929917124,0.026747590271889582,20,20,0,0
single_exp,60,0.01,0.1,118.0,0.09827358560436156,0,1.741409345505383,-2.1394197517702955,0.11772313184647755,20,20,0,0
two_exp,60,0.01,0.1,188.0,0.0998404682219216,0,0.8453674865516148,-2.0469240436319245,0.12913149617233477,20,20,0,0
three_exp,60,0.01,0.1,344.0,0.09944634023624567,0,0.523891510068729,-2.346144998674906,0.09573752001598665,20,20,0,0
four_exp,60,0.01,0.1,573.0,0.09990413723962463,0,0.4772037154851527,-2.4418253437171074,0.08700189806581342,20,20,0,0
power_law,60,0.01,0.1,1636.0,0.09997624219816975,0,0.26669028078754736,-4.533995845617024,0.010737684107341114,20,20,0,0
rational_decay,60,0.01,0.1,825.0,0.09999999999999999,0,0.33607628001986223,-2.649450316806306,0.07069005952050801,20,20,0,0
mixed_pow_rat,60,0.01,0.1,1640.0,0.09995834692603936,0,0.28892572508376224,-3.0331635188793777,0.048163032205813125,20,20,0,0
multiphase,60,0.01,0.1,3362.0,0.09999263225948939,0,0.2137321977631018,-3.131272430678075,0.04366220476264433,20,20,0,0
osc_exp,60,0.01,0.1,134.0,0.09501342197497052,0,1.0303752259795607,-2.1287230406019138,0.11898914118244135,20,20,0,0
damped_osc_pow,60,0.01,0.1,2014.0,0.09999706993663447,0,0.1649191122630908,-4.5272857120048435,0.010809977680899014,20,20,0,0
log_slow,60,0.01,0.1,50000.0,0.38250619171060757,1,0.2161286114781177,-3.630359832961482,0.026506644728179835,20,20,0,0
delayed_plateau,60,0.01,0.1,288.0,0.0998224296470312,0,0.9687660719820903,-1.2229145561176564,0.2943709547541567,20,20,0,0
staircase,60,0.01,0.1,240.0,0.04761904761904762,0,0.8778637602552366,-1.0332681350577344,0.3558421180735327,20,20,0,0
noisy_plateau,60,0.01,0.1,107.0,0.09536916221554957,0,0.31561706946865464,-6.803482785011635,0.0011099028555485169,20,20,0,0
slow_osc_power,60,0.01,0.1,1595.0,0.09988298332023025,0,0.8399607914921706,-3.2906983850967197,0.037227840946016166,20,20,0,0
log_oscillatory,60,0.01,0.1,50000.0,0.29321751930860546,1,0.5278795829801294,-2.5847762665703313,0.07541295011177873,20,20,0,0
heavy_noise_plat,60,0.01,0.1,84.0,0.09071795328941247,0,0.5653254009463147,-5.8681635353758,0.0028280622041617527,20,20,0,0
broken_power_law,60,0.01,0.1,19289.0,0.09999977963058883,0,0.1987054199530295,-3.6250047931573226,0.026648969603345566,20,20,0,0
single_exp,60,0.02,0.1,118.0,0.09827358560436156,0,1.8603912176589097,-2.1464594411927846,0.11689730774349683,20,20,0,0
two_exp,60,0.02,0.1,188.0,0.0998404682219216,0,0.792361005655619,-2.0063222259962976,0.13448236201206226,20,20,0,0
three_exp,60,0.02,0.1,344.0,0.09944634023624567,0,0.5157361724858862,-2.3719013991086184,0.09330315098269382,20,20,0,0
four_exp,60,0.02,0.1,573.0,0.09990413723962463,0,0.4706351674652734,-2.48808675343277,0.08306874562741573,20,20,0,0
power_law,60,0.02,0.1,1636.0,0.09997624219816975,0,0.3911772997773686,-4.504604084432931,0.01105796734172108,20,20,0,0
rational_decay,60,0.02,0.1,825.0,0.09999999999999999,0,0.3398475799064984,-2.614339635027003,0.07321612209787508,20,20,0,0
mixed_pow_rat,60,0.02,0.1,1640.0,0.09995834692603936,0,0.3102285375336378,-2.9671616549500346,0.05144913367943634,20,20,0,0
multiphase,60,0.02,0.1,3362.0,0.09999263225948939,0,0.20895092441371568,-3.123485468940966,0.044003527890832436,20,20,0,0
osc_exp,60,0.02,0.1,134.0,0.09501342197497052,0,1.0277609875560638,-2.102448478131063,0.12215696313290407,20,20,0,0
damped_osc_pow,60,0.02,0.1,2014.0,0.09999706993663447,0,0.1294492804860289,-4.617084910058009,0.00988155975188956,20,20,0,0
log_slow,60,0.02,0.1,50000.0,0.38250619171060757,1,0.2004030203130215,-3.706273271503735,0.024568914544603748,20,20,0,0
delayed_plateau,60,0.02,0.1,288.0,0.0998224296470312,0,0.955205339552504,-1.2303450741704645,0.292191732462624,20,20,0,0
staircase,60,0.02,0.1,240.0,0.04761904761904762,0,0.8761617934673903,-1.0403254039582168,0.3533396851174489,20,20,0,0
noisy_plateau,60,0.02,0.1,107.0,0.09536916221554957,0,0.8923469106828322,-6.908997566657527,0.0009987584836445105,20,20,0,0
slow_osc_power,60,0.02,0.1,1595.0,0.09988298332023025,0,0.8475710107260142,-3.2949328059001695,0.03707053588480279,20,20,0,0
log_oscillatory,60,0.02,0.1,50000.0,0.29321751930860546,1,0.44713587058957593,-2.7437686809051143,0.06432745982919176,20,20,0,0
heavy_noise_plat,60,0.02,0.1,84.0,0.09071795328941247,0,0.2209637131532089,-5.514717007496623,0.004027066806938576,20,20,0,0
broken_power_law,60,0.02,0.1,19289.0,0.09999977963058883,0,0.16293769116166762,-3.8094038379448194,0.02216138679753834,20,20,0,0
single_exp,70,0.0,0.1,128.0,0.09827358560436154,0,0.8517396381385105,-3.3516005752557065,0.03502824386811261,20,20,0,0
two_exp,70,0.0,0.1,198.0,0.09985376256920343,0,0.4966754258983469,-2.7581152185951514,0.0634111719972554,20,20,0,0
three_exp,70,0.0,0.1,356.0,0.09929688205533453,0,0.33108433161861983,-2.9522934253140263,0.052219806284897335,20,20,0,0
four_exp,70,0.0,0.1,594.0,0.09989004682495772,0,0.23810522338657106,-3.2220297988223066,0.03987403978387253,20,20,0,0
power_law,70,0.0,0.1,1904.0,0.09998949111526254,0,0.08189549873845897,-5.8146795545224,0.002983436202949402,20,20,0,0
rational_decay,70,0.0,0.1,925.0,0.1,0,0.17386785024993942,-3.4129648833462203,0.0329433821526201,20,20,0,0
mixed_pow_rat,70,0.0,0.1,1842.0,0.0999909966726504,0,0.1664593206083579,-3.6558794604925278,0.025838763316217726,20,20,0,0
multiphase,70,0.0,0.1,3559.0,0.09999380114222288,0,0.10521598646817953,-3.898362028380471,0.0202750942911381,20,20,0,0
osc_exp,70,0.0,0.1,141.0,0.09902976677012475,0,0.6174054373862485,-3.0228842900246007,0.04866066429149542,20,20,0,0
damped_osc_pow,70,0.0,0.1,2346.0,0.09998569687495819,0,0.11901471609579284,-4.9586283587619,0.007022553653677829,20,20,0,0
log_slow,70,0.0,0.1,50000.0,0.3961792165921883,1,0.2071235049757209,-3.75755361732992,0.023340771044823037,20,20,0,0
delayed_plateau,70,0.0,0.1,301.0,0.09903966454541235,0,0.7607312147333392,-1.5863599953963556,0.20466925451020834,20,20,0,0
staircase,70,0.0,0.1,240.0,0.07142857142857142,0,0.7491416617269244,-1.635900826833323,0.19477683204900034,20,20,0,0
noisy_plateau,70,0.0,0.1,117.0,0.09536916221554956,0,0.4290903675733271,-6.458981582259388,0.001566390137864868,20,20,0,0
slow_osc_power,70,0.0,0.1,2162.0,0.09990115313651865,0,0.6579645327047723,-3.796718516237214,0.022444301758381035,20,20,0,0
log_oscillatory,70,0.0,0.1,50000.0,0.3989157148287635,1,1.2379842903572111,-2.1676822900133326,0.11444255441936049,20,20,0,0
heavy_noise_plat,70,0.0,0.1,94.0,0.09071795328941246,0,0.2960056786841336,-6.721214256427565,0.0012050740562879682,20,20,0,0
broken_power_law,70,0.0,0.1,22452.0,0.09999852381066492,0,1.2384165785127135,-1.8197407667738954,0.16206775883669422,20,20,0,0
single_exp,70,0.003,0.1,128.0,0.09827358560436154,0,0.8956849451287329,-3.355167847943031,0.034903511180504915,20,20,0,0
two_exp,70,0.003,0.1,198.0,0.09985376256920343,0,0.4944565394872359,-2.751758601666016,0.06381553635976485,20,20,0,0
three_exp,70,0.003,0.1,356.0,0.09929688205533453,0,0.32852094259848474,-2.9549681246972463,0.05208032062549571,20,20,0,0
four_exp,70,0.003,0.1,594.0,0.09989004682495772,0,0.2367272314963386,-3.228919220636635,0.03960027482832232,20,20,0,0
power_law,70,0.003,0.1,1904.0,0.09998949111526254,0,0.13132910839055206,-5.306979767015268,0.0049568750501210535,20,20,0,0
rational_decay,70,0.003,0.1,925.0,0.1,0,0.17203889787113696,-3.4194133049642135,0.032731632793299256,20,20,0,0
mixed_pow_rat,70,0.003,0.1,1842.0,0.0999909966726504,0,0.17018492961708812,-3.6401559481636805,0.02624825028006388,20,20,0,0
multiphase,70,0.003,0.1,3559.0,0.09999380114222288,0,0.11485843340979035,-3.8052733736669597,0.022253112919378648,20,20,0,0
osc_exp,70,0.003,0.1,141.0,0.09902976677012475,0,0.6338878010459861,-3.0227858237389635,0.04866545596226997,20,20,0,0
damped_osc_pow,70,0.003,0.1,2346.0,0.09998569687495819,0,0.0941386618972459,-5.2069627708273005,0.005478287259137303,20,20,0,0
log_slow,70,0.003,0.1,50000.0,0.3961792165921883,1,0.23716008010206333,-3.6400920293323717,0.02624992809116697,20,20,0,0
delayed_plateau,70,0.003,0.1,301.0,0.09903966454541235,0,0.753133774018234,-1.5883284878498394,0.20426676091002277,20,20,0,0
staircase,70,0.003,0.1,240.0,0.07142857142857142,0,0.7500362629406874,-1.6377859416011837,0.1944100012341934,20,20,0,0
noisy_plateau,70,0.003,0.1,117.0,0.09536916221554956,0,0.9180770159454514,-6.362744167997258,0.0017246275445805502,20,20,0,0
slow_osc_power,70,0.003,0.1,2162.0,0.09990115313651865,0,0.6193532989012459,-3.8228623447764147,0.021865125709698806,20,20,0,0
log_oscillatory,70,0.003,0.1,50000.0,0.3989157148287635,1,1.22301133435669,-2.1696739231907736,0.11421485365453321,20,20,0,0
heavy_noise_plat,70,0.003,0.1,94.0,0.09071795328941246,0,0.3765190527252843,-7.007129485028338,0.0009054038370336446,20,20,0,0
broken_power_law,70,0.003,0.1,22452.0,0.09999852381066492,0,1.2351062412144425,-1.8167102516879106,0.16255965259406324,20,20,0,0
single_exp,70,0.005,0.1,128.0,0.09827358560436154,0,1.03729407649268,-3.352988489919317,0.03497966137678233,20,20,0,0
two_exp,70,0.005,0.1,198.0,0.09985376256920343,0,0.4960047137125927,-2.7489702099126943,0.06399372739283293,20,20,0,0
three_exp,70,0.005,0.1,356.0,0.09929688205533453,0,0.31831218782530046,-2.9578531318610706,0.051930285058305464,20,20,0,0
four_exp,70,0.005,0.1,594.0,0.09989004682495772,0,0.23616106384966845,-3.214294908795436,0.04018365698035033,20,20,0,0
power_law,70,0.005,0.1,1904.0,0.09998949111526254,0,0.14775641298925235,-5.163405312455022,0.005722180657259034,20,20,0,0
rational_decay,70,0.005,0.1,925.0,0.1,0,0.17208911955826406,-3.4104844669872065,0.033025196881982403,20,20,0,0
mixed_pow_rat,70,0.005,0.1,1842.0,0.0999909966726504,0,0.16676207065605497,-3.640074332606025,0.026250392633071443,20,20,0,0
multiphase,70,0.005,0.1,3559.0,0.09999380114222288,0,0.11089487340634852,-3.864366384931526,0.020976209069447804,20,20,0,0
osc_exp,70,0.005,0.1,141.0,0.09902976677012475,0,0.6126967953520464,-3.0323618782305912,0.04820165712978422,20,20,0,0
damped_osc_pow,70,0.005,0.1,2346.0,0.09998569687495819,0,0.07053800142306282,-5.511625300702891,0.0040395365832576295,20,20,0,0
log_slow,70,0.005,0.1,50000.0,0.3961792165921883,1,0.2677860788696392,-3.5113826756668507,0.0298556052659944,20,20,0,0
delayed_plateau,70,0.005,0.1,301.0,0.09903966454541235,0,0.7512469899033907,-1.5924338148330082,0.20342989803791273,20,20,0,0
staircase,70,0.005,0.1,240.0,0.07142857142857142,0,0.7389920801233488,-1.6374549195940158,0.19447436587548408,20,20,0,0
noisy_plateau,70,0.005,0.1,117.0,0.09536916221554956,0,0.5198373419806399,-6.431043390661691,0.0016107692957470056,20,20,0,0
slow_osc_power,70,0.005,0.1,2162.0,0.09990115313651865,0,0.5936203314326808,-3.869321138402036,0.020872534178623225,20,20,0,0
log_oscillatory,70,0.005,0.1,50000.0,0.3989157148287635,1,1.2313629896969231,-2.1600675236848015,0.11531733412384339,20,20,0,0
heavy_noise_plat,70,0.005,0.1,94.0,0.09071795328941246,0,0.29770266522304834,-6.786248792172325,0.0011291966907855736,20,20,0,0
broken_power_law,70,0.005,0.1,22452.0,0.09999852381066492,0,1.2285565714303068,-1.8247965741797012,0.16125044329726618,20,20,0,0
single_exp,70,0.01,0.1,128.0,0.09827358560436154,0,0.8298294933461736,-3.324576475499724,0.03598775722316323,20,20,0,0
two_exp,70,0.01,0.1,198.0,0.09985376256920343,0,0.5118232665926089,-2.7642024875871183,0.06302634360150486,20,20,0,0
three_exp,70,0.01,0.1,356.0,0.09929688205533453,0,0.3329221969499466,-2.9376346876022037,0.05299092070263869,20,20,0,0
four_exp,70,0.01,0.1,594.0,0.09989004682495772,0,0.24782176752385598,-3.222294847209848,0.03986347263438788,20,20,0,0
power_law,70,0.01,0.1,1904.0,0.09998949111526254,0,0.3357678529082425,-4.497980028133102,0.011131459077930339,20,20,0,0
rational_decay,70,0.01,0.1,925.0,0.1,0,0.1824636602541916,-3.4350703546788997,0.03222314310328002,20,20,0,0
mixed_pow_rat,70,0.01,0.1,1842.0,0.0999909966726504,0,0.1749140249353993,-3.70801029119901,0.0245262748998208,20,20,0,0
multiphase,70,0.01,0.1,3559.0,0.09999380114222288,0,0.11406751253830497,-3.765020607517153,0.023167134813257752,20,20,0,0
osc_exp,70,0.01,0.1,141.0,0.09902976677012475,0,0.6580149764741925,-3.0092458457776825,0.04932886630893529,20,20,0,0
damped_osc_pow,70,0.01,0.1,2346.0,0.09998569687495819,0,0.17106882157406902,-4.680705693435642,0.009272468057821424,20,20,0,0
log_slow,70,0.01,0.1,50000.0,0.3961792165921883,1,0.27318031708774465,-3.4618496932991802,0.031371680331381,20,20,0,0
delayed_plateau,70,0.01,0.1,301.0,0.09903966454541235,0,0.7532775031791255,-1.6022947694652259,0.20143374321382373,20,20,0,0
staircase,70,0.01,0.1,240.0,0.07142857142857142,0,0.7483498451427646,-1.6334531852049783,0.19525415985676306,20,20,0,0
noisy_plateau,70,0.01,0.1,117.0,0.09536916221554956,0,0.6127915869254923,-6.427629079854347,0.0016162783622424137,20,20,0,0
slow_osc_power,70,0.01,0.1,2162.0,0.09990115313651865,0,0.857902080839541,-3.729510371463089,0.024004586290260192,20,20,0,0
log_oscillatory,70,0.01,0.1,50000.0,0.3989157148287635,1,1.2165662160470738,-2.174862133001189,0.1136238175656931,20,20,0,0
heavy_noise_plat,70,0.01,0.1,94.0,0.09071795328941246,0,0.17170342457917392,-6.608417227668536,0.0013489655659841698,20,20,0,0
broken_power_law,70,0.01,0.1,22452.0,0.09999852381066492,0,1.2219165001311678,-1.8020297480436134,0.16496371340189783,20,20,0,0
single_exp,70,0.02,0.1,128.0,0.09827358560436154,0,0.791225210641186,-3.3115170755346885,0.03646081795999523,20,20,0,0
two_exp,70,0.02,0.1,198.0,0.09985376256920343,0,0.48903478032504816,-2.766385556965241,0.06288890279676396,20,20,0,0
three_exp,70,0.02,0.1,356.0,0.09929688205533453,0,0.3314703136563665,-2.933635443549473,0.05320326865973618,20,20,0,0
four_exp,70,0.02,0.1,594.0,0.09989004682495772,0,0.20344243734201456,-3.2550593167743624,0.03857853224141161,20,20,0,0
power_law,70,0.02,0.1,1904.0,0.09998949111526254,0,0.325518639898763,-4.6479788405568145,0.009580946995722473,20,20,0,0
rational_decay,70,0.02,0.1,925.0,0.1,0,0.15641427681587725,-3.475660814780755,0.030941380544406004,20,20,0,0
mixed_pow_rat,70,0.02,0.1,1842.0,0.0999909966726504,0,0.15534963958877324,-3.6941218541584555,0.024869282933835744,20,20,0,0
multiphase,70,0.02,0.1,3559.0,0.09999380114222288,0,0.2638619930756372,-3.188851030982742,0.041219203329677365,20,20,0,0
osc_exp,70,0.02,0.1,141.0,0.09902976677012475,0,0.6587601473147165,-3.0681656872895497,0.04650638391629548,20,20,0,0
damped_osc_pow,70,0.02,0.1,2346.0,0.09998569687495819,0,0.2753987576566851,-3.920152439069903,0.019838070416860296,20,20,0,0
log_slow,70,0.02,0.1,50000.0,0.3961792165921883,1,0.38134067381829384,-3.1079472441585994,0.04469260424611217,20,20,0,0
delayed_plateau,70,0.02,0.1,301.0,0.09903966454541235,0,0.758371759765949,-1.6138666088613884,0.19911621915756367,20,20,0,0
staircase,70,0.02,0.1,240.0,0.07142857142857142,0,0.751365217401122,-1.6480833163300648,0.19241836053450545,20,20,0,0
noisy_plateau,70,0.02,0.1,117.0,0.09536916221554956,0,0.7122206703172331,-6.676786393452746,0.0012598200402057893,20,20,0,0
slow_osc_power,70,0.02,0.1,2162.0,0.09990115313651865,0,0.5953868137018135,-3.6559230744085465,0.02583763641113897,20,20,0,0
log_oscillatory,70,0.02,0.1,50000.0,0.3989157148287635,1,1.178018115763352,-2.1712027407967813,0.1140403733836377,20,20,0,0
heavy_noise_plat,70,0.02,0.1,94.0,0.09071795328941246,0,0.3026393357682394,-5.639367931565308,0.003555114772047227,20,20,0,0
broken_power_law,70,0.02,0.1,22452.0,0.09999852381066492,0,1.2398471190509126,-1.8135090970107006,0.16308086498193813,20,20,0,0
single_exp,80,0.0,0.1,138.0,0.09827358560436152,0,1.368031919991104,-3.2777530351067616,0.03771290124013723,20,20,0,0
two_exp,80,0.0,0.1,208.0,0.09985731455791395,0,0.36038774136045804,-3.2589109708717228,0.03843022687346829,20,20,0,0
three_exp,80,0.0,0.1,367.0,0.09936826906639298,0,0.29679759670677286,-3.1504140627683044,0.04283438706971013,20,20,0,0
four_exp,80,0.0,0.1,613.0,0.09993942586616315,0,0.18526235052942946,-3.549519888986296,0.028738433981241297,20,20,0,0
power_law,80,0.0,0.1,2172.0,0.09999947150992174,0,0.042805200278713505,-6.555713569967753,0.0014219678313584687,20,20,0,0
rational_decay,80,0.0,0.1,1025.0,0.10000000000000002,0,0.2517238341098928,-3.1430112810549153,0.043152657275981623,20,20,0,0
mixed_pow_rat,80,0.0,0.1,2049.0,0.09998671222209515,0,0.12379667030049146,-4.028110977395406,0.017807937797718113,20,20,0,0
multiphase,80,0.0,0.1,3718.0,0.09998338681550373,0,0.6221012453332551,-2.161195938568437,0.11518728171801196,20,20,0,0
osc_exp,80,0.0,0.1,164.0,0.0965726368027743,0,0.8788319217491773,-3.1424709750456516,0.04317597921594833,20,20,0,0
damped_osc_pow,80,0.0,0.1,2679.0,0.09999379349608606,0,0.07084078100609911,-5.563737272361506,0.0038344193168254256,20,20,0,0
log_slow,80,0.0,0.1,50000.0,0.40808770181817744,1,0.20377296862650862,-3.8233967893067424,0.021853443134980485,20,20,0,0
delayed_plateau,80,0.0,0.1,311.0,0.09925383726596504,0,0.5437576070943366,-2.02453442229349,0.13205531088649983,20,20,0,0
staircase,80,0.0,0.1,240.0,0.07142857142857142,0,0.5652454515774665,-1.9175688625679048,0.14696381741014128,20,20,0,0
noisy_plateau,80,0.0,0.1,127.0,0.09536916221554959,0,0.4962229780612345,-6.865810042442566,0.001042837367804056,20,20,0,0
slow_osc_power,80,0.0,0.1,2805.0,0.09997228414414944,0,1.8300211810690723,-2.972558191740852,0.051172234357371255,20,20,0,0
log_oscillatory,80,0.0,0.1,50000.0,0.37931830768548513,1,0.260692883928048,-3.643121378604006,0.02617052821632082,20,20,0,0
heavy_noise_plat,80,0.0,0.1,104.0,0.09071795328941246,0,0.7465995637265677,-7.154339757634232,0.0007814653416096887,20,20,0,0
broken_power_law,80,0.0,0.1,25614.0,0.09999913963507116,0,4.6359590887640785,-0.5524396721260624,0.5755439576171674,20,20,0,0
single_exp,80,0.003,0.1,138.0,0.09827358560436152,0,1.2405094092823719,-3.2813363086166696,0.0375780074251932,20,20,0,0
two_exp,80,0.003,0.1,208.0,0.09985731455791395,0,0.34980358949874035,-3.282586099568245,0.03753107210731208,20,20,0,0
three_exp,80,0.003,0.1,367.0,0.09936826906639298,0,0.29179947272024337,-3.163214897276379,0.042289565693291474,20,20,0,0
four_exp,80,0.003,0.1,613.0,0.09993942586616315,0,0.18963506247707307,-3.5434889845747497,0.02891227641616021,20,20,0,0
power_law,80,0.003,0.1,2172.0,0.09999947150992174,0,0.13971511146064775,-5.31789486468576,0.004903064482852582,20,20,0,0
rational_decay,80,0.003,0.1,1025.0,0.10000000000000002,0,0.2570910649447473,-3.1355041385858606,0.04347782945184863,20,20,0,0
mixed_pow_rat,80,0.003,0.1,2049.0,0.09998671222209515,0,0.12137771983843246,-4.0293852091488604,0.01778526080885068,20,20,0,0
multiphase,80,0.003,0.1,3718.0,0.09998338681550373,0,0.6287507983960361,-2.1461350106626074,0.11693523895171261,20,20,0,0
osc_exp,80,0.003,0.1,164.0,0.0965726368027743,0,0.8868898496118216,-3.14550394948282,0.04304522596055976,20,20,0,0
damped_osc_pow,80,0.003,0.1,2679.0,0.09999379349608606,0,0.09208291813200703,-5.333854628303711,0.004825433863662402,20,20,0,0
log_slow,80,0.003,0.1,50000.0,0.40808770181817744,1,0.26680754525183603,-3.5571973693851717,0.02851864002915682,20,20,0,0
delayed_plateau,80,0.003,0.1,311.0,0.09925383726596504,0,0.5373333997484431,-2.0332629615187776,0.13090767679636733,20,20,0,0
staircase,80,0.003,0.1,240.0,0.07142857142857142,0,0.564306679085722,-1.9190020717814105,0.1467533383792488,20,20,0,0
noisy_plateau,80,0.003,0.1,127.0,0.09536916221554959,0,0.29436923274848914,-7.092080097160736,0.0008316656198368733,20,20,0,0
slow_osc_power,80,0.003,0.1,2805.0,0.09997228414414944,0,1.7312547242639507,-2.9835438723778585,0.05061314912192569,20,20,0,0
log_oscillatory,80,0.003,0.1,50000.0,0.37931830768548513,1,0.257037208116754,-3.6702157010704157,0.02547097523747173,20,20,0,0
heavy_noise_plat,80,0.003,0.1,104.0,0.09071795328941246,0,0.12440489237713098,-7.173521269752892,0.0007666185023173719,20,20,0,0
broken_power_law,80,0.003,0.1,25614.0,0.09999913963507116,0,4.610384180480676,-0.5554673417012839,0.5738040359705272,20,20,0,0
single_exp,80,0.005,0.1,138.0,0.09827358560436152,0,1.2483378089172774,-3.27672013907733,0.03775187487047553,20,20,0,0
two_exp,80,0.005,0.1,208.0,0.09985731455791395,0,0.3656129063800496,-3.2462130475422146,0.03892132229529462,20,20,0,0
three_exp,80,0.005,0.1,367.0,0.09936826906639298,0,0.2924267568765122,-3.1510714761003684,0.04280623642689754,20,20,0,0
four_exp,80,0.005,0.1,613.0,0.09993942586616315,0,0.19357326194429936,-3.527373225084106,0.02938199447470942,20,20,0,0
power_law,80,0.005,0.1,2172.0,0.09999947150992174,0,0.2996458632555825,-4.727000999334231,0.008852981364622769,20,20,0,0
rational_decay,80,0.005,0.1,1025.0,0.10000000000000002,0,0.24688935345064195,-3.1498473643958698,0.04285866812651464,20,20,0,0
mixed_pow_rat,80,0.005,0.1,2049.0,0.09998671222209515,0,0.12975217437804615,-3.9887792482969715,0.01852231146740555,20,20,0,0
multiphase,80,0.005,0.1,3718.0,0.09998338681550373,0,0.614884030077768,-2.1665199460385605,0.11457565337134457,20,20,0,0
osc_exp,80,0.005,0.1,164.0,0.0965726368027743,0,0.8519036167899547,-3.1439276202328954,0.04311313291711061,20,20,0,0
damped_osc_pow,80,0.005,0.1,2679.0,0.09999379349608606,0,0.2549356328029806,-4.30688865513667,0.01347541108877474,20,20,0,0
log_slow,80,0.005,0.1,50000.0,0.40808770181817744,1,0.26055362654503456,-3.5699771553822015,0.028156496897363215,20,20,0,0
delayed_plateau,80,0.005,0.1,311.0,0.09925383726596504,0,0.5375795159541473,-2.0248096393984563,0.1320189720069122,20,20,0,0
staircase,80,0.005,0.1,240.0,0.07142857142857142,0,0.5641092085982723,-1.9198720656251866,0.1466257194002178,20,20,0,0
noisy_plateau,80,0.005,0.1,127.0,0.09536916221554959,0,0.26737802615602335,-7.544114263015457,0.0005292158035810502,20,20,0,0
slow_osc_power,80,0.005,0.1,2805.0,0.09997228414414944,0,1.9803851288414962,-2.950551668770505,0.05231083973023086,20,20,0,0
log_oscillatory,80,0.005,0.1,50000.0,0.37931830768548513,1,0.22904878136241166,-3.7774243164547183,0.022881551225424852,20,20,0,0
heavy_noise_plat,80,0.005,0.1,104.0,0.09071795328941246,0,0.2549110337158521,-6.651610778204793,0.0012919394006998828,20,20,0,0
broken_power_law,80,0.005,0.1,25614.0,0.09999913963507116,0,4.599135788171758,-0.5542625990104363,0.574495738767124,20,20,0,0
single_exp,80,0.01,0.1,138.0,0.09827358560436152,0,1.189630552320926,-3.3447154523740372,0.03527024979572668,20,20,0,0
two_exp,80,0.01,0.1,208.0,0.09985731455791395,0,0.3406470509173364,-3.2621324675599928,0.038306623226133193,20,20,0,0
three_exp,80,0.01,0.1,367.0,0.09936826906639298,0,0.29333635231143945,-3.1427091982906212,0.043165694919102694,20,20,0,0
four_exp,80,0.01,0.1,613.0,0.09993942586616315,0,0.18235872449186397,-3.5096067256434336,0.029908674439016875,20,20,0,0
power_law,80,0.01,0.1,2172.0,0.09999947150992174,0,0.18664203732413542,-4.860051955077452,0.007750081224606216,20,20,0,0
rational_decay,80,0.01,0.1,1025.0,0.10000000000000002,0,0.26371104984960403,-3.091457979642467,0.04543566181976996,20,20,0,0
mixed_pow_rat,80,0.01,0.1,2049.0,0.09998671222209515,0,0.11828902407359035,-4.108080788010028,0.0164392947612236,20,20,0,0
multiphase,80,0.01,0.1,3718.0,0.09998338681550373,0,0.6300523102029691,-2.129731396485788,0.11886921825446922,20,20,0,0
osc_exp,80,0.01,0.1,164.0,0.0965726368027743,0,0.9228519406897127,-3.139067986624788,0.04332315685314682,20,20,0,0
damped_osc_pow,80,0.01,0.1,2679.0,0.09999379349608606,0,0.24833481713996583,-4.380431438230627,0.012519955868073852,20,20,0,0
log_slow,80,0.01,0.1,50000.0,0.40808770181817744,1,0.4584199792838829,-3.0845854418040433,0.04574899559066349,20,20,0,0
delayed_plateau,80,0.01,0.1,311.0,0.09925383726596504,0,0.5396140713113415,-2.032976661207161,0.1309451610706508,20,20,0,0
staircase,80,0.01,0.1,240.0,0.07142857142857142,0,0.562718120504083,-1.9270866491553291,0.14557168268978252,20,20,0,0
noisy_plateau,80,0.01,0.1,127.0,0.09536916221554959,0,0.44488694644922644,-6.849635269936692,0.0010598421787267704,20,20,0,0
slow_osc_power,80,0.01,0.1,2805.0,0.09997228414414944,0,1.8377389282102905,-2.9780422365465284,0.05089237162263696,20,20,0,0
log_oscillatory,80,0.01,0.1,50000.0,0.37931830768548513,1,0.2476012464456625,-3.6825894239637016,0.02515774634830366,20,20,0,0
heavy_noise_plat,80,0.01,0.1,104.0,0.09071795328941246,0,0.2633963633682602,-6.661444677212818,0.0012792968637083818,20,20,0,0
broken_power_law,80,0.01,0.1,25614.0,0.09999913963507116,0,4.6016355597055885,-0.5587424237020711,0.5719278547011123,20,20,0,0
single_exp,80,0.02,0.1,138.0,0.09827358560436152,0,1.3803753207669347,-3.2940817651052807,0.0371020978514848,20,20,0,0
two_exp,80,0.02,0.1,208.0,0.09985731455791395,0,0.2948471469961029,-3.427885676424154,0.03245548968708886,20,20,0,0
three_exp,80,0.02,0.1,367.0,0.09936826906639298,0,0.3285203363771585,-3.0097706750954845,0.049302983866208926,20,20,0,0
four_exp,80,0.02,0.1,613.0,0.09993942586616315,0,0.2675479612845846,-3.1716649658327962,0.0419337215351068,20,20,0,0
power_law,80,0.02,0.1,2172.0,0.09999947150992174,0,0.7016295730594904,-3.9357091309777616,0.01953184377987925,20,20,0,0
rational_decay,80,0.02,0.1,1025.0,0.10000000000000002,0,0.19838359841492859,-3.4710333065358654,0.031084893836357,20,20,0,0
mixed_pow_rat,80,0.02,0.1,2049.0,0.09998671222209515,0,0.13047262908295848,-3.987750162156708,0.01854138233252075,20,20,0,0
multiphase,80,0.02,0.1,3718.0,0.09998338681550373,0,0.5687551605190384,-2.162948233151684,0.11498561640831514,20,20,0,0
osc_exp,80,0.02,0.1,164.0,0.0965726368027743,0,0.7500051452960165,-3.1255379930977614,0.04391330221371886,20,20,0,0
damped_osc_pow,80,0.02,0.1,2679.0,0.09999379349608606,0,0.5349803177815062,-3.6944587123964228,0.024860906921850674,20,20,0,0
log_slow,80,0.02,0.1,50000.0,0.40808770181817744,1,0.55212045981894,-2.9675654970976084,0.05142836054561624,20,20,0,0
delayed_plateau,80,0.02,0.1,311.0,0.09925383726596504,0,0.5171116286750899,-2.050134824126504,0.1287175481868671,20,20,0,0
staircase,80,0.02,0.1,240.0,0.07142857142857142,0,0.5684644391200202,-1.9343417991288896,0.14451936029430254,20,20,0,0
noisy_plateau,80,0.02,0.1,127.0,0.09536916221554959,0,0.35770603218549607,-6.820778722041809,0.001090871106062082,20,20,0,0
slow_osc_power,80,0.02,0.1,2805.0,0.09997228414414944,0,1.5854965617497077,-2.927807062305306,0.05351426300936479,20,20,0,0
log_oscillatory,80,0.02,0.1,50000.0,0.37931830768548513,1,0.2255717499876445,-3.8218104182751063,0.02188813831655074,20,20,0,0
heavy_noise_plat,80,0.02,0.1,104.0,0.09071795328941246,0,0.29891617784353597,-5.5729960236591385,0.003799081227733786,20,20,0,0
broken_power_law,80,0.02,0.1,25614.0,0.09999913963507116,0,4.468566288334465,-0.5612947728898896,0.5704699564298642,20,20,0,0
single_exp,90,0.0,0.1,148.0,0.09827358560436156,0,1.531800905068721,-3.564682082015489,0.02830598303494554,20,20,0,0
two_exp,90,0.0,0.1,218.0,0.09985826346226055,0,0.3248658815616664,-3.5426896137341837,0.028935397286705355,20,20,0,0
three_exp,90,0.0,0.1,377.0,0.09988829507506856,0,0.2797655662487639,-3.295309731853204,0.037056565670768433,20,20,0,0
four_exp,90,0.0,0.1,631.0,0.09977805552230239,0,0.15445771846669065,-3.801577977524691,0.022335499118079673,20,20,0,0
power_law,90,0.0,0.1,2441.0,0.09997859122064488,0,0.028950827267777018,-7.028238433911951,0.0008864920202399052,20,20,0,0
rational_decay,90,0.0,0.1,1125.0,0.09999999999999999,0,0.3272838185225603,-2.971487908447597,0.05122703246440074,20,20,0,0
mixed_pow_rat,90,0.0,0.1,2260.0,0.09998848741275486,0,0.13086213787639683,-4.042269387430076,0.017557582213204193,20,20,0,0
multiphase,90,0.0,0.1,3852.0,0.0999996544626016,0,0.6854792359744,-2.096901654227982,0.12283642899256587,20,20,0,0
osc_exp,90,0.0,0.1,165.0,0.09570953042125925,0,0.8109999361269913,-3.272323000586827,0.03791824059105961,20,20,0,0
damped_osc_pow,90,0.0,0.1,3014.0,0.09999319502597674,0,0.05239507715365151,-5.941695149317369,0.0026275717472207666,20,20,0,0
log_slow,90,0.0,0.1,50000.0,0.41863546463489004,1,0.19454021739101646,-3.9132632626886092,0.019975210230814056,20,20,0,0
delayed_plateau,90,0.0,0.1,321.0,0.09926115995627992,0,0.36417521480527854,-2.5254847877782636,0.08001951090123299,20,20,0,0
staircase,90,0.0,0.1,320.0,0.0,0,0.5702595897718237,-2.2764620292656557,0.10264672615892825,20,20,0,0
noisy_plateau,90,0.0,0.1,137.0,0.09536916221554956,0,0.29153473180667355,-7.684359931658814,0.0004599651042619347,20,20,0,0
slow_osc_power,90,0.0,0.1,3483.0,0.09996889692898078,0,2.5636837553888645,-2.7381118486075473,0.0646923806564206,20,20,0,0
log_oscillatory,90,0.0,0.1,50000.0,0.2992564263745022,1,0.17041799337025448,-3.7098116624839483,0.02448213374173336,20,20,0,0
heavy_noise_plat,90,0.0,0.1,114.0,0.09071795328941246,0,0.1666882872582862,-6.943606920850144,0.0009647834163315663,20,20,0,0
broken_power_law,90,0.0,0.1,28776.0,0.09999962012267244,0,6.870261834934447,-0.20564522918518824,0.8141218517280355,20,20,0,0
single_exp,90,0.003,0.1,148.0,0.09827358560436156,0,1.6899285394113224,-3.560612153235408,0.02842142112300032,20,20,0,0
two_exp,90,0.003,0.1,218.0,0.09985826346226055,0,0.32110765619229276,-3.5384457518800354,0.02905845605299269,20,20,0,0
three_exp,90,0.003,0.1,377.0,0.09988829507506856,0,0.2729450743404025,-3.3063908223429834,0.03664820523137976,20,20,0,0
four_exp,90,0.003,0.1,631.0,0.09977805552230239,0,0.1591639740216444,-3.7658827816665656,0.02314716931661011,20,20,0,0
power_law,90,0.003,0.1,2441.0,0.09997859122064488,0,0.26108481768779507,-4.821355854344034,0.008055857162117475,20,20,0,0
rational_decay,90,0.003,0.1,1125.0,0.09999999999999999,0,0.32761055134124173,-2.978195670559812,0.05088456360083675,20,20,0,0
mixed_pow_rat,90,0.003,0.1,2260.0,0.09998848741275486,0,0.12537787928713995,-4.079893308426131,0.016909269633058943,20,20,0,0
multiphase,90,0.003,0.1,3852.0,0.0999996544626016,0,0.6875847628400192,-2.096584327788218,0.12287541442447843,20,20,0,0
osc_exp,90,0.003,0.1,165.0,0.09570953042125925,0,0.8078626879541853,-3.2722055574800875,0.0379226940885479,20,20,0,0
damped_osc_pow,90,0.003,0.1,3014.0,0.09999319502597674,0,0.1282153306973,-5.048122733233209,0.006421376775666503,20,20,0,0
log_slow,90,0.003,0.1,50000.0,0.41863546463489004,1,0.3599400490456109,-3.3147548902913604,0.03634295549694213,20,20,0,0
delayed_plateau,90,0.003,0.1,321.0,0.09926115995627992,0,0.37082009763486407,-2.5250037760108777,0.08005801048623135,20,20,0,0
staircase,90,0.003,0.1,320.0,0.0,0,0.5860434508667544,-2.278460963174619,0.10244174707543896,20,20,0,0
noisy_plateau,90,0.003,0.1,137.0,0.09536916221554956,0,0.45057418205513655,-7.3437248065990905,0.0006466374302186856,20,20,0,0
slow_osc_power,90,0.003,0.1,3483.0,0.09996889692898078,0,2.433681900234626,-2.7350597195869604,0.06489013177628646,20,20,0,0
log_oscillatory,90,0.003,0.1,50000.0,0.2992564263745022,1,0.16675991830604028,-3.7204324212636513,0.024223490828097848,20,20,0,0
heavy_noise_plat,90,0.003,0.1,114.0,0.09071795328941246,0,0.42360153329991534,-6.522156686039904,0.0014704942855456402,20,20,0,0
broken_power_law,90,0.003,0.1,28776.0,0.09999962012267244,0,6.859479366700898,-0.20557668297693665,0.8141776586066793,20,20,0,0
single_exp,90,0.005,0.1,148.0,0.09827358560436156,0,1.7724843519074054,-3.5627374667035197,0.02836108083762819,20,20,0,0
two_exp,90,0.005,0.1,218.0,0.09985826346226055,0,0.3256349518312902,-3.5091888905919078,0.02992117394272571,20,20,0,0
three_exp,90,0.005,0.1,377.0,0.09988829507506856,0,0.2797219717947459,-3.2931052020935057,0.03713834808534368,20,20,0,0
four_exp,90,0.005,0.1,631.0,0.09977805552230239,0,0.16898295000691615,-3.7638374432395407,0.023194561561558337,20,20,0,0
power_law,90,0.005,0.1,2441.0,0.09997859122064488,0,0.4075750954987597,-4.355168873881956,0.012840271014664737,20,20,0,0
rational_decay,90,0.005,0.1,1125.0,0.09999999999999999,0,0.2671589563700491,-3.185933833174033,0.04133962345857714,20,20,0,0
mixed_pow_rat,90,0.005,0.1,2260.0,0.09998848741275486,0,0.13267022060792688,-3.996383667209303,0.018381994243437096,20,20,0,0
multiphase,90,0.005,0.1,3852.0,0.0999996544626016,0,0.6962746764817428,-2.092314472477699,0.12340119637289021,20,20,0,0
osc_exp,90,0.005,0.1,165.0,0.09570953042125925,0,0.8011761800661978,-3.269459834064045,0.038026962398169356,20,20,0,0
damped_osc_pow,90,0.005,0.1,3014.0,0.09999319502597674,0,0.1681220394068597,-4.802475546455123,0.008209399124394171,20,20,0,0
log_slow,90,0.005,0.1,50000.0,0.41863546463489004,1,0.4658259110175416,-3.0643132264459565,0.04668589349410468,20,20,0,0
delayed_plateau,90,0.005,0.1,321.0,0.09926115995627992,0,0.3606662046842527,-2.5232580305830163,0.08019789345650336,20,20,0,0
staircase,90,0.005,0.1,320.0,0.0,0,0.55827809100495,-2.278874913984164,0.10239935000706166,20,20,0,0
noisy_plateau,90,0.005,0.1,137.0,0.09536916221554956,0,0.2573289103733766,-7.828233282890476,0.0003983285929464314,20,20,0,0
slow_osc_power,90,0.005,0.1,3483.0,0.09996889692898078,0,2.7181197036792666,-2.7181969024019796,0.06599364018698434,20,20,0,0
log_oscillatory,90,0.005,0.1,50000.0,0.2992564263745022,1,0.16076595563842638,-3.7501627455203073,0.02351391875965316,20,20,0,0
heavy_noise_plat,90,0.005,0.1,114.0,0.09071795328941246,0,0.2666717024667212,-6.630979211077834,0.0013188710004176348,20,20,0,0
broken_power_law,90,0.005,0.1,28776.0,0.09999962012267244,0,6.823511492115671,-0.20862786704549766,0.8116972387388874,20,20,0,0
single_exp,90,0.01,0.1,148.0,0.09827358560436156,0,1.8872789485145793,-3.566797485992999,0.028246167734913678,20,20,0,0
two_exp,90,0.01,0.1,218.0,0.09985826346226055,0,0.3238196396475488,-3.5307383918974464,0.029283285341494363,20,20,0,0
three_exp,90,0.01,0.1,377.0,0.09988829507506856,0,0.33298453095866576,-3.1526490740626527,0.04273875863594513,20,20,0,0
four_exp,90,0.01,0.1,631.0,0.09977805552230239,0,0.21312835476602404,-3.486435355958403,0.03060979093644685,20,20,0,0
power_law,90,0.01,0.1,2441.0,0.09997859122064488,0,0.4777262227626309,-4.36833936273515,0.012672267143464387,20,20,0,0
rational_decay,90,0.01,0.1,1125.0,0.09999999999999999,0,0.27600963827751884,-3.1514379262187835,0.042790552950271434,20,20,0,0
mixed_pow_rat,90,0.01,0.1,2260.0,0.09998848741275486,0,0.12245499527206286,-4.040695694961639,0.01758523420025225,20,20,0,0
multiphase,90,0.01,0.1,3852.0,0.0999996544626016,0,0.6604400822923651,-2.1317734136694853,0.11862673293203879,20,20,0,0
osc_exp,90,0.01,0.1,165.0,0.09570953042125925,0,0.6511686491230783,-3.306356406253328,0.03664946654100127,20,20,0,0
damped_osc_pow,90,0.01,0.1,3014.0,0.09999319502597674,0,0.40286739273379957,-3.772342398515213,0.022998129360444507,20,20,0,0
log_slow,90,0.01,0.1,50000.0,0.41863546463489004,1,0.5965233620607617,-2.9083386656384493,0.05456630749011603,20,20,0,0
delayed_plateau,90,0.01,0.1,321.0,0.09926115995627992,0,0.35385192734656357,-2.530583323496526,0.07961256685766031,20,20,0,0
staircase,90,0.01,0.1,320.0,0.0,0,0.5623535778402622,-2.2735052312287967,0.10295068094233081,20,20,0,0
noisy_plateau,90,0.01,0.1,137.0,0.09536916221554956,0,0.7240796373350963,-6.610937081551028,0.001345570649009118,20,20,0,0
slow_osc_power,90,0.01,0.1,3483.0,0.09996889692898078,0,2.666409724230371,-2.9492982929326614,0.052376445978860785,20,20,0,0
log_oscillatory,90,0.01,0.1,50000.0,0.2992564263745022,1,0.16054213277133744,-3.7746387871878313,0.022945377309477814,20,20,0,0
heavy_noise_plat,90,0.01,0.1,114.0,0.09071795328941246,0,0.3410040513397983,-6.249991994697364,0.0019304695901591513,20,20,0,0
broken_power_law,90,0.01,0.1,28776.0,0.09999962012267244,0,6.890770417750549,-0.20640470068487857,0.8135037841164492,20,20,0,0
single_exp,90,0.02,0.1,148.0,0.09827358560436156,0,1.4302188295881333,-3.591192038535218,0.02756545175009305,20,20,0,0
two_exp,90,0.02,0.1,218.0,0.09985826346226055,0,0.34178772948421915,-3.5342644579281353,0.029180212371627,20,20,0,0
three_exp,90,0.02,0.1,377.0,0.09988829507506856,0,0.3443348737854829,-3.0389648220598833,0.04788443275519193,20,20,0,0
four_exp,90,0.02,0.1,631.0,0.09977805552230239,0,0.21196096779723372,-3.416296852204342,0.03283379849525647,20,20,0,0
power_law,90,0.02,0.1,2441.0,0.09997859122064488,0,0.4080505687388388,-4.17788205163528,0.015330943352343885,20,20,0,0
rational_decay,90,0.02,0.1,1125.0,0.09999999999999999,0,0.18819093295238765,-3.5368369111909055,0.029105244106624212,20,20,0,0
mixed_pow_rat,90,0.02,0.1,2260.0,0.09998848741275486,0,0.29472604692636173,-3.1591658959468334,0.04246114332563078,20,20,0,0
multiphase,90,0.02,0.1,3852.0,0.0999996544626016,0,0.6628910689203504,-2.1820069592912974,0.11281488839718057,20,20,0,0
osc_exp,90,0.02,0.1,165.0,0.09570953042125925,0,0.5942124012527009,-3.3157817754178978,0.03630565461162787,20,20,0,0
damped_osc_pow,90,0.02,0.1,3014.0,0.09999319502597674,0,0.38003239459938143,-3.954860377389934,0.01916134371970454,20,20,0,0
log_slow,90,0.02,0.1,50000.0,0.41863546463489004,1,0.7112425617166942,-2.6468602162251846,0.07087339120601224,20,20,0,0
delayed_plateau,90,0.02,0.1,321.0,0.09926115995627992,0,0.36094309985325357,-2.519839347932536,0.08047253379005417,20,20,0,0
staircase,90,0.02,0.1,320.0,0.0,0,0.568597135710218,-2.2809975377995073,0.10218222522669772,20,20,0,0
noisy_plateau,90,0.02,0.1,137.0,0.09536916221554956,0,0.3653814016435861,-7.308523489815553,0.0006698052966577581,20,20,0,0
slow_osc_power,90,0.02,0.1,3483.0,0.09996889692898078,0,0.9854463125959252,-3.615271199054843,0.026909626362315937,20,20,0,0
log_oscillatory,90,0.02,0.1,50000.0,0.2992564263745022,1,0.12600451909497665,-3.9261870848626557,0.01971871518417182,20,20,0,0
heavy_noise_plat,90,0.02,0.1,114.0,0.09071795328941246,0,0.4454478254508182,-5.348868657526432,0.00475352582411848,20,20,0,0
broken_power_law,90,0.02,0.1,28776.0,0.09999962012267244,0,7.555015874023143,-0.21847578239653428,0.8037429439368681,20,20,0,0
single_exp,100,0.0,0.1,158.0,0.09827358560436152,0,1.5831755912726093,-3.9316934895110163,0.019610434351855065,20,20,0,0
two_exp,100,0.0,0.1,228.0,0.09985851695116191,0,0.3975796748758149,-3.520709504919155,0.029578441671411358,20,20,0,0
three_exp,100,0.0,0.1,388.0,0.09940164650337341,0,0.2619033220262097,-3.4438619444128897,0.03194109210419964,20,20,0,0
four_exp,100,0.0,0.1,647.0,0.09990220512581499,0,0.13837280004281508,-3.976928782653982,0.018743115212662448,20,20,0,0
power_law,100,0.0,0.1,2709.0,0.09998767226705793,0,0.02185869179474058,-7.382231374103562,0.0006222109504412827,20,20,0,0
rational_decay,100,0.0,0.1,1225.0,0.1,0,0.3830349683759098,-2.897570972132748,0.05515703544613101,20,20,0,0
mixed_pow_rat,100,0.0,0.1,2475.0,0.09999373403768735,0,0.14302492505270145,-4.0176217246081345,0.017995712847228805,20,20,0,0
multiphase,100,0.0,0.1,3973.0,0.09998261995685395,0,0.7261089425384544,-2.06763097007483,0.12648507397422343,20,20,0,0
osc_exp,100,0.0,0.1,171.0,0.0962473288255166,0,0.8295334769660747,-3.5853543633521783,0.02772684051294872,20,20,0,0
damped_osc_pow,100,0.0,0.1,3351.0,0.09998615598987086,0,0.04242763131474127,-6.221148822821373,0.0019869612391565468,20,20,0,0
log_slow,100,0.0,0.1,50000.0,0.4281018259248643,1,0.18590364332849257,-3.997451264018049,0.018362380156875475,20,20,0,0
delayed_plateau,100,0.0,0.1,331.0,0.09926125105602016,0,0.4020177099336364,-2.526624775660789,0.07992834160426032,20,20,0,0
staircase,100,0.0,0.1,320.0,0.0,0,0.5242948802645288,-2.3604994324402044,0.09437307844761517,20,20,0,0
noisy_plateau,100,0.0,0.1,147.0,0.09536916221554957,0,0.4846147086165425,-7.744985751416137,0.0004329078148247144,20,20,0,0
slow_osc_power,100,0.0,0.1,3488.0,0.09996472938310053,0,0.48822477762621586,-4.4053614653341455,0.012211691513821085,20,20,0,0
log_oscillatory,100,0.0,0.1,50000.0,0.31433681558639076,1,0.620665816786836,-2.4881928162722864,0.0830599355875966,20,20,0,0
heavy_noise_plat,100,0.0,0.1,124.0,0.09071795328941248,0,0.3396130426075795,-7.396696167314083,0.0006132755776648707,20,20,0,0
broken_power_law,100,0.0,0.1,31939.0,0.09999875311006853,0,2.64672854357997,-1.20122652277221,0.3008250168118164,20,20,0,0
single_exp,100,0.003,0.1,158.0,0.09827358560436152,0,1.7755630308085024,-3.9349758274521154,0.019546171802538117,20,20,0,0
two_exp,100,0.003,0.1,228.0,0.09985851695116191,0,0.4083319101677192,-3.510616572152691,0.02987848651368907,20,20,0,0
three_exp,100,0.003,0.1,388.0,0.09940164650337341,0,0.2547848316003554,-3.4613692464363846,0.03138675637810652,20,20,0,0
four_exp,100,0.003,0.1,647.0,0.09990220512581499,0,0.16491558662976274,-3.7981162789144935,0.02241295186602444,20,20,0,0
power_law,100,0.003,0.1,2709.0,0.09998767226705793,0,0.256363370953562,-4.928569389417102,0.007236848992025218,20,20,0,0
rational_decay,100,0.003,0.1,1225.0,0.1,0,0.2641621500571538,-3.283001270361146,0.03751549353645445,20,20,0,0
mixed_pow_rat,100,0.003,0.1,2475.0,0.09999373403768735,0,0.14463836351060377,-4.008014562161344,0.01816943373010311,20,20,0,0
multiphase,100,0.003,0.1,3973.0,0.09998261995685395,0,0.72357640204064,-2.0719457654238433,0.12594049248904293,20,20,0,0
osc_exp,100,0.003,0.1,171.0,0.0962473288255166,0,0.8298315076838205,-3.5901682605038965,0.027593687104920068,20,20,0,0
damped_osc_pow,100,0.003,0.1,3351.0,0.09998615598987086,0,0.1643462840946883,-4.861291937859402,0.007740477212964083,20,20,0,0
log_slow,100,0.003,0.1,50000.0,0.4281018259248643,1,0.3597354682676005,-3.326841095606415,0.03590635083662191,20,20,0,0
delayed_plateau,100,0.003,0.1,331.0,0.09926125105602016,0,0.396783312689951,-2.5270862120333564,0.07989146826824858,20,20,0,0
staircase,100,0.003,0.1,320.0,0.0,0,0.5236904872076894,-2.3600540753881907,0.09441511752412679,20,20,0,0
noisy_plateau,100,0.003,0.1,147.0,0.09536916221554957,0,0.6458315919665493,-6.963690140229257,0.0009456007291365389,20,20,0,0
slow_osc_power,100,0.003,0.1,3488.0,0.09996472938310053,0,0.4557141149955523,-4.403136214572677,0.012238895846666487,20,20,0,0
log_oscillatory,100,0.003,0.1,50000.0,0.31433681558639076,1,0.6205973696545612,-2.4857952510162282,0.08325931612174399,20,20,0,0
heavy_noise_plat,100,0.003,0.1,124.0,0.09071795328941248,0,0.5165918478499238,-6.683428948214091,0.0012514793490166426,20,20,0,0
broken_power_law,100,0.003,0.1,31939.0,0.09999875311006853,0,2.660880585622709,-1.2012813335454364,0.30080852881190323,20,20,0,0
single_exp,100,0.005,0.1,158.0,0.09827358560436152,0,1.9014195215096037,-3.941268504813111,0.019423560231864964,20,20,0,0
two_exp,100,0.005,0.1,228.0,0.09985851695116191,0,0.40338079079771083,-3.5272598642319712,0.029385325431436963,20,20,0,0
three_exp,100,0.005,0.1,388.0,0.09940164650337341,0,0.2618816113184233,-3.3687332077046244,0.034433229476359635,20,20,0,0
four_exp,100,0.005,0.1,647.0,0.09990220512581499,0,0.16916481426044203,-3.7620614097211007,0.023235792483248772,20,20,0,0
power_law,100,0.005,0.1,2709.0,0.09998767226705793,0,0.36719935924277125,-4.607898848560468,0.00997275056843561,20,20,0,0
rational_decay,100,0.005,0.1,1225.0,0.1,0,0.20919217761956438,-3.50428421975963,0.03006828792975883,20,20,0,0
mixed_pow_rat,100,0.005,0.1,2475.0,0.09999373403768735,0,0.07334848072440275,-4.6988536439615665,0.009105709506004943,20,20,0,0
multiphase,100,0.005,0.1,3973.0,0.09998261995685395,0,0.7109924789132973,-2.0949719179694064,0.12307369976484225,20,20,0,0
osc_exp,100,0.005,0.1,171.0,0.0962473288255166,0,0.7547538108709506,-3.6126151316441977,0.026981195147614,20,20,0,0
damped_osc_pow,100,0.005,0.1,3351.0,0.09998615598987086,0,0.3558853497186286,-3.9854803765011764,0.018583515094253197,20,20,0,0
log_slow,100,0.005,0.1,50000.0,0.4281018259248643,1,0.3594852959080904,-3.354272791505467,0.03493476577810844,20,20,0,0
delayed_plateau,100,0.005,0.1,331.0,0.09926125105602016,0,0.3938733584083448,-2.5269548281226757,0.07990196541134244,20,20,0,0
staircase,100,0.005,0.1,320.0,0.0,0,0.5315136697554705,-2.3618487650270685,0.09424582365137255,20,20,0,0
noisy_plateau,100,0.005,0.1,147.0,0.09536916221554957,0,0.36496992455417754,-6.915738117239585,0.000992048939979476,20,20,0,0
slow_osc_power,100,0.005,0.1,3488.0,0.09996472938310053,0,0.4991453668526565,-4.4225372713989906,0.012003736875264182,20,20,0,0
log_oscillatory,100,0.005,0.1,50000.0,0.31433681558639076,1,0.6242265649323722,-2.496305502618172,0.08238882232876127,20,20,0,0
heavy_noise_plat,100,0.005,0.1,124.0,0.09071795328941248,0,0.24832298661670602,-6.683564130623688,0.0012513101824571105,20,20,0,0
broken_power_law,100,0.005,0.1,31939.0,0.09999875311006853,0,2.6243228763053783,-1.1942715667007455,0.3029245341513289,20,20,0,0
single_exp,100,0.01,0.1,158.0,0.09827358560436152,0,2.236713774904678,-3.9060760165047994,0.020119294147367177,20,20,0,0
two_exp,100,0.01,0.1,228.0,0.09985851695116191,0,0.3717375032505577,-3.5881829763431092,0.027648522829103933,20,20,0,0
three_exp,100,0.01,0.1,388.0,0.09940164650337341,0,0.30888817833641746,-3.257167254885793,0.038497296732809355,20,20,0,0
four_exp,100,0.01,0.1,647.0,0.09990220512581499,0,0.19313931738305998,-3.6752536936306117,0.025342975355684725,20,20,0,0
power_law,100,0.01,0.1,2709.0,0.09998767226705793,0,0.4559315555925133,-4.164025742441744,0.0155448522148488,20,20,0,0
rational_decay,100,0.01,0.1,1225.0,0.1,0,0.14850705771493752,-3.854506785014532,0.021184049024345078,20,20,0,0
mixed_pow_rat,100,0.01,0.1,2475.0,0.09999373403768735,0,0.14214222020445139,-4.013463443989051,0.018070699871681375,20,20,0,0
multiphase,100,0.01,0.1,3973.0,0.09998261995685395,0,0.6951375329095335,-2.1153926746500304,0.12058592921761112,20,20,0,0
osc_exp,100,0.01,0.1,171.0,0.0962473288255166,0,0.8343282085457469,-3.5651875615400836,0.02829167855571311,20,20,0,0
damped_osc_pow,100,0.01,0.1,3351.0,0.09998615598987086,0,0.37854161451010193,-4.074592959442024,0.016999132605355637,20,20,0,0
log_slow,100,0.01,0.1,50000.0,0.4281018259248643,1,0.6231722274097076,-2.8375896552338773,0.05856666181871253,20,20,0,0
delayed_plateau,100,0.01,0.1,331.0,0.09926125105602016,0,0.3707252787187968,-2.5235007826492413,0.08017842761494211,20,20,0,0
staircase,100,0.01,0.1,320.0,0.0,0,0.5258741797893245,-2.3519330158665084,0.095184990172899,20,20,0,0
noisy_plateau,100,0.01,0.1,147.0,0.09536916221554957,0,0.3305142606406508,-7.223227672874102,0.0007294442078779866,20,20,0,0
slow_osc_power,100,0.01,0.1,3488.0,0.09996472938310053,0,0.44422934036197836,-4.4010723797788245,0.012264180988956402,20,20,0,0
log_oscillatory,100,0.01,0.1,50000.0,0.31433681558639076,1,0.6389012945011752,-2.4640506738717654,0.08508958180485707,20,20,0,0
heavy_noise_plat,100,0.01,0.1,124.0,0.09071795328941248,0,0.43141430119176694,-6.263741861978551,0.0019041075421649175,20,20,0,0
broken_power_law,100,0.01,0.1,31939.0,0.09999875311006853,0,2.647222995155367,-1.20439980905441,0.2998719259275211,20,20,0,0
single_exp,100,0.02,0.1,158.0,0.09827358560436152,0,1.2548943748974293,-3.9139889725623234,0.01996071928226824,20,20,0,0
two_exp,100,0.02,0.1,228.0,0.09985851695116191,0,0.29829404002468585,-3.607068223640876,0.027131273204703182,20,20,0,0
three_exp,100,0.02,0.1,388.0,0.09940164650337341,0,0.33910240170663164,-3.1910253251480065,0.04112967801883095,20,20,0,0
four_exp,100,0.02,0.1,647.0,0.09990220512581499,0,0.17844332240528643,-3.622371515694458,0.02671923620954261,20,20,0,0
power_law,100,0.02,0.1,2709.0,0.09998767226705793,0,0.3416273194145497,-4.26825639037603,0.014006183190893176,20,20,0,0
rational_decay,100,0.02,0.1,1225.0,0.1,0,0.22186168268472256,-3.4286136665836877,0.03243187100809984,20,20,0,0
mixed_pow_rat,100,0.02,0.1,2475.0,0.09999373403768735,0,0.2032194526449806,-3.808383697693841,0.022184006055674214,20,20,0,0
multiphase,100,0.02,0.1,3973.0,0.09998261995685395,0,0.6641037536156886,-2.121301998459873,0.11987544921066626,20,20,0,0
osc_exp,100,0.02,0.1,171.0,0.0962473288255166,0,0.9010498976515897,-3.643238374273743,0.026167466556948724,20,20,0,0
damped_osc_pow,100,0.02,0.1,3351.0,0.09998615598987086,0,0.5492327449694796,-3.5995233628401824,0.027336749052991036,20,20,0,0
log_slow,100,0.02,0.1,50000.0,0.4281018259248643,1,0.653437037991494,-2.744869456551209,0.06425668868675784,20,20,0,0
delayed_plateau,100,0.02,0.1,331.0,0.09926125105602016,0,0.3577486556643499,-2.531461948012024,0.07954264802537553,20,20,0,0
staircase,100,0.02,0.1,320.0,0.0,0,0.497792631976938,-2.3785691406821563,0.09268309915385003,20,20,0,0
noisy_plateau,100,0.02,0.1,147.0,0.09536916221554957,0,0.16135674999685157,-7.848805155879891,0.000390217939426344,20,20,0,0
slow_osc_power,100,0.02,0.1,3488.0,0.09996472938310053,0,1.0855566867550248,-4.325615948962389,0.01322540141493387,20,20,0,0
log_oscillatory,100,0.02,0.1,50000.0,0.31433681558639076,1,0.6079892440030094,-2.4334275740777334,0.08773559636676624,20,20,0,0
heavy_noise_plat,100,0.02,0.1,124.0,0.09071795328941248,0,0.30153601357100474,-5.107113028420957,0.006053534101855846,20,20,0,0
broken_power_law,100,0.02,0.1,31939.0,0.09999875311006853,0,2.7224472461114972,-1.2031276603731698,0.30025365035626433,20,20,0,0
single_exp,110,0.0,0.1,168.0,0.09827358560436159,0,1.590996177150434,-4.326765840805681,0.013210202374023903,20,20,0,0
two_exp,110,0.0,0.1,238.0,0.09985858466721395,0,0.4859839890262581,-3.499929933247878,0.03019949932902398,20,20,0,0
three_exp,110,0.0,0.1,398.0,0.09958643051739191,0,0.2387950996696629,-3.6182939578900473,0.026828407865283538,20,20,0,0
four_exp,110,0.0,0.1,662.0,0.09999299546805607,0,0.11845408999523163,-4.193364407073806,0.015095412231202879,20,20,0,0
power_law,110,0.0,0.1,2977.0,0.09999511858333618,0,0.017551095836961933,-7.667808674276165,0.0004676414564901924,20,20,0,0
rational_decay,110,0.0,0.1,1325.0,0.1,0,0.32249707415996304,-3.1465642357019368,0.04299960988799507,20,20,0,0
mixed_pow_rat,110,0.0,0.1,2694.0,0.09999986034753455,0,0.15419436899831127,-4.002006457733352,0.018278926177013495,20,20,0,0
multiphase,110,0.0,0.1,4085.0,0.09997771726421747,0,0.7443826221984953,-2.068397112244007,0.12638820553751567,20,20,0,0
osc_exp,110,0.0,0.1,195.0,0.09553422740711669,0,1.1832211742245076,-3.751357248598529,0.02348584807990807,20,20,0,0
damped_osc_pow,110,0.0,0.1,3689.0,0.09999145441751751,0,0.03609618002766195,-6.444809244663979,0.0015887476022549574,20,20,0,0
log_slow,110,0.0,0.1,50000.0,0.43668805037122155,1,0.1783258973285481,-4.074052413953265,0.01700832389372922,20,20,0,0
delayed_plateau,110,0.0,0.1,341.0,0.09926125154509932,0,0.42145449193956375,-2.5794091186565002,0.07581879069864737,20,20,0,0
staircase,110,0.0,0.1,320.0,0.0,0,0.5017870374370522,-2.4043779056056236,0.0903216667386694,20,20,0,0
noisy_plateau,110,0.0,0.1,157.0,0.09536916221554959,0,0.356677507870205,-7.097879496421078,0.0008268564175773485,20,20,0,0
slow_osc_power,110,0.0,0.1,3464.0,0.09979295318771048,0,0.153056501331008,-5.5175716275674835,0.004015587453596314,20,20,0,0
log_oscillatory,110,0.0,0.1,50000.0,0.4224871773479788,1,0.9021575205552544,-2.5815463777615686,0.07565691934002632,20,20,0,0
heavy_noise_plat,110,0.0,0.1,134.0,0.09071795328941247,0,0.4545153035558802,-6.604224926747571,0.0013546327064477086,20,20,0,0
broken_power_law,110,0.0,0.1,35101.0,0.09999918183973946,0,2.0104889366149727,-1.5139372938931746,0.22004190051166583,20,20,0,0
single_exp,110,0.003,0.1,168.0,0.09827358560436159,0,2.1157416276845864,-4.326142044456824,0.01321844542075641,20,20,0,0
two_exp,110,0.003,0.1,238.0,0.09985858466721395,0,0.41546607117253154,-3.64092818837984,0.02622798815021652,20,20,0,0
three_exp,110,0.003,0.1,398.0,0.09958643051739191,0,0.24228111525572413,-3.589529995545453,0.02761130481025728,20,20,0,0
four_exp,110,0.003,0.1,662.0,0.09999299546805607,0,0.14408297845614,-4.015344238688172,0.018036744536669785,20,20,0,0
power_law,110,0.003,0.1,2977.0,0.09999511858333618,0,0.4135756120021673,-4.424065846437978,0.011985402279175009,20,20,0,0
rational_decay,110,0.003,0.1,1325.0,0.1,0,0.2224595377958678,-3.5297321511170416,0.02931276620732643,20,20,0,0
mixed_pow_rat,110,0.003,0.1,2694.0,0.09999986034753455,0,0.09935084436468952,-4.452928582630672,0.01164441535433832,20,20,0,0
multiphase,110,0.003,0.1,4085.0,0.09997771726421747,0,0.699731007397648,-2.128632907442057,0.11899986653307236,20,20,0,0
osc_exp,110,0.003,0.1,195.0,0.09553422740711669,0,1.53088622922912,-3.748561896141556,0.02355159114775579,20,20,0,0
damped_osc_pow,110,0.003,0.1,3689.0,0.09999145441751751,0,0.1932583620445094,-4.759543574496677,0.008569519852426377,20,20,0,0
log_slow,110,0.003,0.1,50000.0,0.43668805037122155,1,0.39197420668025457,-3.2717810962883442,0.037938794217173014,20,20,0,0
delayed_plateau,110,0.003,0.1,341.0,0.09926125154509932,0,0.42299860765445463,-2.581913994194992,0.07562911172475609,20,20,0,0
staircase,110,0.003,0.1,320.0,0.0,0,0.5018133477507711,-2.402000213939812,0.09053667932844124,20,20,0,0
noisy_plateau,110,0.003,0.1,157.0,0.09536916221554959,0,0.2132445305328391,-7.557019193678735,0.0005224301884475327,20,20,0,0
slow_osc_power,110,0.003,0.1,3464.0,0.09979295318771048,0,0.14556755348040784,-5.510827163720477,0.0040427619737770475,20,20,0,0
log_oscillatory,110,0.003,0.1,50000.0,0.4224871773479788,1,0.9001249070591264,-2.5861159491636116,0.07531198833867116,20,20,0,0
heavy_noise_plat,110,0.003,0.1,134.0,0.09071795328941247,0,0.3241358170596622,-6.771776219877876,0.0011456579022409794,20,20,0,0
broken_power_law,110,0.003,0.1,35101.0,0.09999918183973946,0,2.005966433857381,-1.515625832112613,0.21967066486376835,20,20,0,0
single_exp,110,0.005,0.1,168.0,0.09827358560436159,0,2.052745814280062,-4.318059499061856,0.013325717035787695,20,20,0,0
two_exp,110,0.005,0.1,238.0,0.09985858466721395,0,0.4141416423098188,-3.6394714021072883,0.026266224567692252,20,20,0,0
three_exp,110,0.005,0.1,398.0,0.09958643051739191,0,0.22179576892205496,-3.6692964428171995,0.025494400406916827,20,20,0,0
four_exp,110,0.005,0.1,662.0,0.09999299546805607,0,0.1611961543636944,-3.8914210374239064,0.020416313069426057,20,20,0,0
power_law,110,0.005,0.1,2977.0,0.09999511858333618,0,0.4690096395012165,-4.348247064817044,0.012929457227853056,20,20,0,0
rational_decay,110,0.005,0.1,1325.0,0.1,0,0.08168333025938096,-4.461964143695316,0.011539675432911622,20,20,0,0
mixed_pow_rat,110,0.005,0.1,2694.0,0.09999986034753455,0,0.17097266920377532,-3.909065241509322,0.020059242848366313,20,20,0,0
multiphase,110,0.005,0.1,4085.0,0.09997771726421747,0,0.7220353736471298,-2.0866447901272274,0.12410282909581041,20,20,0,0
osc_exp,110,0.005,0.1,195.0,0.09553422740711669,0,1.0486750653934047,-3.7642960488428496,0.02318392684441673,20,20,0,0
damped_osc_pow,110,0.005,0.1,3689.0,0.09999145441751751,0,0.37818057064443505,-3.999791109676188,0.018319465248103284,20,20,0,0
log_slow,110,0.005,0.1,50000.0,0.43668805037122155,1,0.560070493078981,-2.9305083900235926,0.05336989852305579,20,20,0,0
delayed_plateau,110,0.005,0.1,341.0,0.09926125154509932,0,0.42021810776929547,-2.5818136913033167,0.07563669792380939,20,20,0,0
staircase,110,0.005,0.1,320.0,0.0,0,0.48912978208954383,-2.4103687019203757,0.08978218560470479,20,20,0,0
noisy_plateau,110,0.005,0.1,157.0,0.09536916221554959,0,0.4784297017160547,-7.179385475965608,0.0007621360491935781,20,20,0,0
slow_osc_power,110,0.005,0.1,3464.0,0.09979295318771048,0,0.11927205159212811,-5.7323530151489495,0.0032394457936580716,20,20,0,0
log_oscillatory,110,0.005,0.1,50000.0,0.4224871773479788,1,0.906528294374309,-2.5711959456351594,0.07644406778447231,20,20,0,0
heavy_noise_plat,110,0.005,0.1,134.0,0.09071795328941247,0,0.8365058273235798,-6.221754135491045,0.001985758870285608,20,20,0,0
broken_power_law,110,0.005,0.1,35101.0,0.09999918183973946,0,1.9960798262689332,-1.5113585852244225,0.22061005670781725,20,20,0,0
single_exp,110,0.01,0.1,168.0,0.09827358560436159,0,2.1946320419148795,-4.244928566022342,0.014336757774067984,20,20,0,0
two_exp,110,0.01,0.1,238.0,0.09985858466721395,0,0.42858513933354636,-3.6891551437627057,0.02499310870875324,20,20,0,0
three_exp,110,0.01,0.1,398.0,0.09958643051739191,0,0.30478699521044317,-3.396800283151404,0.033480225997775434,20,20,0,0
four_exp,110,0.01,0.1,662.0,0.09999299546805607,0,0.40245492512585884,-2.9435656544032733,0.05267756348538295,20,20,0,0
power_law,110,0.01,0.1,2977.0,0.09999511858333618,0,0.36757671306849526,-4.468711753959211,0.01146207231276403,20,20,0,0
rational_decay,110,0.01,0.1,1325.0,0.1,0,0.14985409585852422,-3.9109359508154666,0.020021752913413928,20,20,0,0
mixed_pow_rat,110,0.01,0.1,2694.0,0.09999986034753455,0,0.23341465891388896,-3.536552390671818,0.029113526323960116,20,20,0,0
multiphase,110,0.01,0.1,4085.0,0.09997771726421747,0,0.6802776521364158,-2.1495476242536853,0.1165368643019823,20,20,0,0
osc_exp,110,0.01,0.1,195.0,0.09553422740711669,0,1.4563938069459166,-3.738166332699403,0.02379770021252734,20,20,0,0
damped_osc_pow,110,0.01,0.1,3689.0,0.09999145441751751,0,0.3113404793273574,-4.246483751163155,0.014314478789873235,20,20,0,0
log_slow,110,0.01,0.1,50000.0,0.43668805037122155,1,0.7160112943414219,-2.662832679404552,0.06975036122754406,20,20,0,0
delayed_plateau,110,0.01,0.1,341.0,0.09926125154509932,0,0.40170112632699906,-2.581490016692937,0.0756611835650167,20,20,0,0
staircase,110,0.01,0.1,320.0,0.0,0,0.4933613210417487,-2.398715093349006,0.09083459231003786,20,20,0,0
noisy_plateau,110,0.01,0.1,157.0,0.09536916221554959,0,0.28854262551108556,-7.258777326905379,0.0007039682326469583,20,20,0,0
slow_osc_power,110,0.01,0.1,3464.0,0.09979295318771048,0,0.29206083605054467,-4.8917549985587065,0.007508233965682718,20,20,0,0
log_oscillatory,110,0.01,0.1,50000.0,0.4224871773479788,1,0.8818187675850104,-2.6071160787483003,0.07374691768418881,20,20,0,0
heavy_noise_plat,110,0.01,0.1,134.0,0.09071795328941247,0,0.513263679832941,-5.918179290410788,0.002690093600064344,20,20,0,0
broken_power_law,110,0.01,0.1,35101.0,0.09999918183973946,0,1.9673211193283124,-1.5184683809584911,0.21904712690728903,20,20,0,0
single_exp,110,0.02,0.1,168.0,0.09827358560436159,0,1.1635679737440685,-4.29544960328056,0.013630442027973883,20,20,0,0
two_exp,110,0.02,0.1,238.0,0.09985858466721395,0,0.4035094362883293,-3.510322710125516,0.029887267956508003,20,20,0,0
three_exp,110,0.02,0.1,398.0,0.09958643051739191,0,0.3167926404743091,-3.2233159815329246,0.03982278745029809,20,20,0,0
four_exp,110,0.02,0.1,662.0,0.09999299546805607,0,0.28213102758568187,-3.4744403391654584,0.03097916679877468,20,20,0,0
power_law,110,0.02,0.1,2977.0,0.09999511858333618,0,0.4704243444241295,-4.361521482135652,0.012758960343901494,20,20,0,0
rational_decay,110,0.02,0.1,1325.0,0.1,0,0.17337442592479563,-3.815698616071095,0.02202232392881734,20,20,0,0
mixed_pow_rat,110,0.02,0.1,2694.0,0.09999986034753455,0,0.29038277893349274,-3.3330303582265466,0.03568480331668942,20,20,0,0
multiphase,110,0.02,0.1,4085.0,0.09997771726421747,0,0.6376678621632355,-2.184892054246207,0.11248987580336872,20,20,0,0
osc_exp,110,0.02,0.1,195.0,0.09553422740711669,0,1.0107737366909126,-3.7019508858395413,0.024675340710385997,20,20,0,0
damped_osc_pow,110,0.02,0.1,3689.0,0.09999145441751751,0,0.2939466985477615,-4.536710064646372,0.010708579197224236,20,20,0,0
log_slow,110,0.02,0.1,50000.0,0.43668805037122155,1,0.5809125654922699,-2.801835141878636,0.06069856986645726,20,20,0,0
delayed_plateau,110,0.02,0.1,341.0,0.09926125154509932,0,0.37688625312847873,-2.5871253142826287,0.07523600939629613,20,20,0,0
staircase,110,0.02,0.1,320.0,0.0,0,0.5237255521211707,-2.4137557425283074,0.08947860410784658,20,20,0,0
noisy_plateau,110,0.02,0.1,157.0,0.09536916221554959,0,0.3706164710192539,-7.172892370785306,0.0007671007795379391,20,20,0,0
slow_osc_power,110,0.02,0.1,3464.0,0.09979295318771048,0,0.2440810594361913,-4.663750716679214,0.009431022886623796,20,20,0,0
log_oscillatory,110,0.02,0.1,50000.0,0.4224871773479788,1,0.9378172332362258,-2.5088990013921455,0.08135776473383668,20,20,0,0
heavy_noise_plat,110,0.02,0.1,134.0,0.09071795328941247,0,0.44432639689961023,-5.458775434530487,0.004258767692837359,20,20,0,0
broken_power_law,110,0.02,0.1,35101.0,0.09999918183973946,0,1.8453746587324311,-1.4973695695114864,0.22371786113902647,20,20,0,0
single_exp,120,0.0,0.1,178.0,0.0982735856043615,0,1.5093753334270128,-4.779430308598932,0.008400783458618959,20,20,0,0
two_exp,120,0.0,0.1,248.0,0.09985860275657753,0,0.5275315712898957,-3.5978970991154484,0.027381241985142857,20,20,0,0
three_exp,120,0.0,0.1,408.0,0.09969661440595406,0,0.2102005355878932,-3.827065993319756,0.02177340532106159,20,20,0,0
four_exp,120,0.0,0.1,677.0,0.0997196295111014,0,0.10891943156598535,-4.334240378903463,0.013111830313948247,20,20,0,0
power_law,120,0.0,0.1,3246.0,0.09997977548940717,0,0.014659321526832515,-7.908213841629182,0.0003677107840739831,20,20,0,0
rational_decay,120,0.0,0.1,1426.0,0.09993108201240525,0,0.26947356201599015,-3.3975704054858085,0.03345445205379245,20,20,0,0
mixed_pow_rat,120,0.0,0.1,2918.0,0.0999808606536792,0,0.1792035162249155,-3.907227663069507,0.020096137168265145,20,20,0,0
multiphase,120,0.0,0.1,4191.0,0.09999586139950999,0,0.6356976130696705,-2.2501386036568265,0.10538461685627748,20,20,0,0
osc_exp,120,0.0,0.1,196.0,0.09717309076678934,0,1.057850786091169,-3.940975456899554,0.019429253099765544,20,20,0,0
damped_osc_pow,120,0.0,0.1,4029.0,0.09998943761096972,0,0.031673990290796164,-6.632231757234536,0.0013172200877528718,20,20,0,0
log_slow,120,0.0,0.1,50000.0,0.44454396782293126,1,0.1716841833134833,-4.143882500573669,0.015861150878274638,20,20,0,0
delayed_plateau,120,0.0,0.1,351.0,0.09926125155757164,0,0.4445958917614572,-2.6259551622955972,0.07237059834377489,20,20,0,0
staircase,120,0.0,0.1,320.0,0.0,0,0.44883311538232595,-2.5159025690851586,0.08078996076881867,20,20,0,0
noisy_plateau,120,0.0,0.1,167.0,0.09536916221554965,0,0.3049404006348575,-7.358433891745898,0.0006371955958050981,20,20,0,0
slow_osc_power,120,0.0,0.1,2806.0,0.09994937029022176,0,0.40602195559672966,-4.47948529074118,0.011339248068865493,20,20,0,0
log_oscillatory,120,0.0,0.1,50000.0,0.4340556646869982,1,0.16867450126018363,-4.305613296311008,0.013492608037045155,20,20,0,0
heavy_noise_plat,120,0.0,0.1,144.0,0.09071795328941247,0,0.43799544119548006,-6.859444957968769,0.0010494962855477638,20,20,0,0
broken_power_law,120,0.0,0.1,38263.0,0.09999953970992824,0,0.023670109642582374,-5.990361997111665,0.0025027578950700125,20,20,0,0
single_exp,120,0.003,0.1,178.0,0.0982735856043615,0,2.029489485659266,-4.774263696057265,0.008444299369921953,20,20,0,0
two_exp,120,0.003,0.1,248.0,0.09985860275657753,0,0.4891307286942391,-3.7254621232188194,0.02410195977760651,20,20,0,0
three_exp,120,0.003,0.1,408.0,0.09969661440595406,0,0.20424302470629524,-3.8756446301896013,0.020740963312227363,20,20,0,0
four_exp,120,0.003,0.1,677.0,0.0997196295111014,0,0.12972039875773067,-4.159690910525176,0.015612382797484628,20,20,0,0
power_law,120,0.003,0.1,3246.0,0.09997977548940717,0,0.33199693110648965,-4.754514702487744,0.008612723412479293,20,20,0,0
rational_decay,120,0.003,0.1,1426.0,0.09993108201240525,0,0.21834298242738517,-3.5981792806902506,0.027373516593192343,20,20,0,0
mixed_pow_rat,120,0.003,0.1,2918.0,0.0999808606536792,0,0.19675106815419638,-3.783755521382681,0.022737141063092353,20,20,0,0
multiphase,120,0.003,0.1,4191.0,0.09999586139950999,0,0.5071263181272759,-2.465613586782178,0.08495669806881553,20,20,0,0
osc_exp,120,0.003,0.1,196.0,0.09717309076678934,0,1.0850399463883034,-3.9500296586828627,0.019254130714761848,20,20,0,0
damped_osc_pow,120,0.003,0.1,4029.0,0.09998943761096972,0,0.3552591050508582,-4.200239650911946,0.014991983547400294,20,20,0,0
log_slow,120,0.003,0.1,50000.0,0.44454396782293126,1,0.4302433648667707,-3.196568055571162,0.040902337925632457,20,20,0,0
delayed_plateau,120,0.003,0.1,351.0,0.09926125155757164,0,0.4438565251528252,-2.6255712211897597,0.07239838972611876,20,20,0,0
staircase,120,0.003,0.1,320.0,0.0,0,0.4409883625575715,-2.5142101324278556,0.08092680843030037,20,20,0,0
noisy_plateau,120,0.003,0.1,167.0,0.09536916221554965,0,0.31302554712002306,-6.971222449707415,0.0009385049292310772,20,20,0,0
slow_osc_power,120,0.003,0.1,2806.0,0.09994937029022176,0,0.3996116133317006,-4.500848524083285,0.011099574285208118,20,20,0,0
log_oscillatory,120,0.003,0.1,50000.0,0.4340556646869982,1,0.1651165508177754,-4.336278707618455,0.013085131313626777,20,20,0,0
heavy_noise_plat,120,0.003,0.1,144.0,0.09071795328941247,0,0.20762229804650095,-6.779969117891056,0.0011363099894268064,20,20,0,0
broken_power_law,120,0.003,0.1,38263.0,0.09999953970992824,0,0.2909188672819255,-3.497118364399954,0.030284526774807995,20,20,0,0
single_exp,120,0.005,0.1,178.0,0.0982735856043615,0,1.4510490670287923,-4.739509637825272,0.00874293233781859,20,20,0,0
two_exp,120,0.005,0.1,248.0,0.09985860275657753,0,0.5434642713732267,-3.720873193356976,0.024212816142062603,20,20,0,0
three_exp,120,0.005,0.1,408.0,0.09969661440595406,0,0.22783293118368025,-3.7592040942035063,0.02330227941551173,20,20,0,0
four_exp,120,0.005,0.1,677.0,0.0997196295111014,0,0.17640615852436092,-3.902372592528281,0.02019394256575533,20,20,0,0
power_law,120,0.005,0.1,3246.0,0.09997977548940717,0,0.4024308302297265,-4.3765890636936335,0.01256815476751751,20,20,0,0
rational_decay,120,0.005,0.1,1426.0,0.09993108201240525,0,0.038414257840070236,-5.357847538094134,0.004711035526586291,20,20,0,0
mixed_pow_rat,120,0.005,0.1,2918.0,0.0999808606536792,0,0.10116885734342701,-4.443525501451903,0.01175442514210822,20,20,0,0
multiphase,120,0.005,0.1,4191.0,0.09999586139950999,0,0.5949643468726742,-2.298722319786089,0.10038702433317527,20,20,0,0
osc_exp,120,0.005,0.1,196.0,0.09717309076678934,0,1.2419958073464872,-3.941688202172876,0.01941540992536911,20,20,0,0
damped_osc_pow,120,0.005,0.1,4029.0,0.09998943761096972,0,0.3076667335233198,-4.33346160015206,0.013122045505959686,20,20,0,0
log_slow,120,0.005,0.1,50000.0,0.44454396782293126,1,0.6838117909416735,-2.722369454612363,0.06571885196053791,20,20,0,0
delayed_plateau,120,0.005,0.1,351.0,0.09926125155757164,0,0.43652481132707255,-2.6261324214041277,0.07235777113293221,20,20,0,0
staircase,120,0.005,0.1,320.0,0.0,0,0.43174419294539157,-2.5147123051843034,0.08088617939409176,20,20,0,0
noisy_plateau,120,0.005,0.1,167.0,0.09536916221554965,0,0.36646101748360427,-7.305202137664567,0.0006720336544525432,20,20,0,0
slow_osc_power,120,0.005,0.1,2806.0,0.09994937029022176,0,0.48163542584222097,-4.395661347596077,0.01233072273438797,20,20,0,0
log_oscillatory,120,0.005,0.1,50000.0,0.4340556646869982,1,0.08716308337013334,-4.884938008589902,0.007559592377307564,20,20,0,0
heavy_noise_plat,120,0.005,0.1,144.0,0.09071795328941247,0,0.2513593084597842,-6.7893920217607375,0.001125652938666873,20,20,0,0
broken_power_law,120,0.005,0.1,38263.0,0.09999953970992824,0,0.25687281401729495,-3.6166707394147966,0.026871991595980794,20,20,0,0
single_exp,120,0.01,0.1,178.0,0.0982735856043615,0,2.4946483559049724,-4.691832329584351,0.009169868531839136,20,20,0,0
two_exp,120,0.01,0.1,248.0,0.09985860275657753,0,0.5026421796442168,-3.7340319268640947,0.02389629323449554,20,20,0,0
three_exp,120,0.01,0.1,408.0,0.09969661440595406,0,0.29524087008833955,-3.5135186067457296,0.029791903806010343,20,20,0,0
four_exp,120,0.01,0.1,677.0,0.0997196295111014,0,0.15728447758784192,-4.066268270581179,0.01714123575681046,20,20,0,0
power_law,120,0.01,0.1,3246.0,0.09997977548940717,0,0.4878375000895891,-4.3026533224619286,0.013532604969725505,20,20,0,0
rational_decay,120,0.01,0.1,1426.0,0.09993108201240525,0,0.04049408925526226,-5.284548844762496,0.005069318722023148,20,20,0,0
mixed_pow_rat,120,0.01,0.1,2918.0,0.0999808606536792,0,0.30358142200133387,-3.4334839030505315,0.03227430413264623,20,20,0,0
multiphase,120,0.01,0.1,4191.0,0.09999586139950999,0,0.6389003164963478,-2.263230649966153,0.10401390883695236,20,20,0,0
osc_exp,120,0.01,0.1,196.0,0.09717309076678934,0,1.295277909555462,-3.9238991110954924,0.019763882738621542,20,20,0,0
damped_osc_pow,120,0.01,0.1,4029.0,0.09998943761096972,0,0.3513394102479741,-4.193451000147589,0.015094105129651538,20,20,0,0
log_slow,120,0.01,0.1,50000.0,0.44454396782293126,1,0.6819825644040567,-2.677710368123254,0.0687203183930653,20,20,0,0
delayed_plateau,120,0.01,0.1,351.0,0.09926125155757164,0,0.41619451408134966,-2.6256579087720686,0.07239211395676992,20,20,0,0
staircase,120,0.01,0.1,320.0,0.0,0,0.43854489415120546,-2.5151621681963654,0.08084979987730839,20,20,0,0
noisy_plateau,120,0.01,0.1,167.0,0.09536916221554965,0,0.5586888390449853,-7.544654603746314,0.0005289299239701166,20,20,0,0
slow_osc_power,120,0.01,0.1,2806.0,0.09994937029022176,0,0.41211906837149453,-4.401879750541549,0.012254283243909793,20,20,0,0
log_oscillatory,120,0.01,0.1,50000.0,0.4340556646869982,1,0.18656125397123213,-4.308959496212943,0.013447534527898219,20,20,0,0
heavy_noise_plat,120,0.01,0.1,144.0,0.09071795328941247,0,0.492699923113483,-6.10745036441434,0.0022262196318108014,20,20,0,0
broken_power_law,120,0.01,0.1,38263.0,0.09999953970992824,0,0.5858343428199662,-2.6998455402498505,0.06721589408818582,20,20,0,0
single_exp,120,0.02,0.1,178.0,0.0982735856043615,0,0.6909969310970085,-4.725906142862592,0.008862679416581833,20,20,0,0
two_exp,120,0.02,0.1,248.0,0.09985860275657753,0,0.5310859262164541,-3.6024137610622184,0.027257849043286098,20,20,0,0
three_exp,120,0.02,0.1,408.0,0.09969661440595406,0,0.30584648149909266,-3.502165485937637,0.030132062164822372,20,20,0,0
four_exp,120,0.02,0.1,677.0,0.0997196295111014,0,0.17457711513021895,-3.8486809988341064,0.021307822954551095,20,20,0,0
power_law,120,0.02,0.1,3246.0,0.09997977548940717,0,0.634404723705833,-3.9687511744326245,0.01889701748429881,20,20,0,0
rational_decay,120,0.02,0.1,1426.0,0.09993108201240525,0,0.19843490782086187,-3.44569799776451,0.031882500360231096,20,20,0,0
mixed_pow_rat,120,0.02,0.1,2918.0,0.0999808606536792,0,0.30623500037678797,-3.171034921536604,0.041960149961843614,20,20,0,0
multiphase,120,0.02,0.1,4191.0,0.09999586139950999,0,0.6541752534636154,-2.0704571790679296,0.12612810539217895,20,20,0,0
osc_exp,120,0.02,0.1,196.0,0.09717309076678934,0,1.0957552405946671,-3.9119763767207107,0.020000932595891405,20,20,0,0
damped_osc_pow,120,0.02,0.1,4029.0,0.09998943761096972,0,0.5233989451148536,-4.122368744036552,0.016206080882841513,20,20,0,0
log_slow,120,0.02,0.1,50000.0,0.44454396782293126,1,0.6159122580686225,-2.8379054769451204,0.05854816811586529,20,20,0,0
delayed_plateau,120,0.02,0.1,351.0,0.09926125155757164,0,0.42076956110863717,-2.6373752371603656,0.07154882199756918,20,20,0,0
staircase,120,0.02,0.1,320.0,0.0,0,0.41794711434331044,-2.516337284582567,0.08075484775347638,20,20,0,0
noisy_plateau,120,0.02,0.1,167.0,0.09536916221554965,0,0.35380170974341296,-6.945149909170729,0.0009632959146822304,20,20,0,0
slow_osc_power,120,0.02,0.1,2806.0,0.09994937029022176,0,0.4757866353194655,-4.290464369963801,0.013698562619133381,20,20,0,0
log_oscillatory,120,0.02,0.1,50000.0,0.4340556646869982,1,0.3295211391753025,-3.689994413351805,0.02497214155245599,20,20,0,0
heavy_noise_plat,120,0.02,0.1,144.0,0.09071795328941247,0,0.2952609981696682,-5.551105092283364,0.0038831636173379735,20,20,0,0
broken_power_law,120,0.02,0.1,38263.0,0.09999953970992824,0,0.55868997739389,-2.7388347957450536,0.06464562838675261,20,20,0,0
single_exp,130,0.0,0.1,188.0,0.09827358560436152,0,1.341789816974395,-5.297121780322435,0.005005981506118662,20,20,0,0
two_exp,130,0.0,0.1,258.0,0.09985860758888628,0,0.5636538278190732,-3.711665584626033,0.02443678781879731,20,20,0,0
three_exp,130,0.0,0.1,418.0,0.09976223663456038,0,0.17767736834913364,-4.075889526033927,0.016977106380247672,20,20,0,0
four_exp,130,0.0,0.1,690.0,0.09994024204094876,0,0.10305756708068822,-4.444016215126162,0.011748658499958743,20,20,0,0
power_law,130,0.0,0.1,3514.0,0.09998668651267502,0,0.01258287795647385,-8.116545682058101,0.0002985581961797313,20,20,0,0
rational_decay,130,0.0,0.1,1525.0,0.1,0,0.23081722120432552,-3.619182490884814,0.026804580526953933,20,20,0,0
mixed_pow_rat,130,0.0,0.1,3145.0,0.09998462941299144,0,0.20368174186431176,-3.831227969125369,0.021682973253487142,20,20,0,0
multiphase,130,0.0,0.1,4295.0,0.09999413060991968,0,0.4287753745977041,-2.6666357869138544,0.06948559688772846,20,20,0,0
osc_exp,130,0.0,0.1,201.0,0.0952993180898516,0,1.1789465230933533,-4.099591081511478,0.016579453660920597,20,20,0,0
damped_osc_pow,130,0.0,0.1,4370.0,0.09999603532083293,0,0.028382053235648227,-6.7942412183336,0.0011202076396275573,20,20,0,0
log_slow,130,0.0,0.1,50000.0,0.45178413185599886,1,0.16580936694437604,-4.207976252196979,0.01487644406597325,20,20,0,0
delayed_plateau,130,0.0,0.1,361.0,0.09926125155933554,0,0.4700909684030709,-2.6701946977305866,0.06923874337073418,20,20,0,0
staircase,130,0.0,0.1,320.0,0.0,0,0.7547977396932258,-2.5838905530633434,0.0754797739693226,20,20,0,0
noisy_plateau,130,0.0,0.1,177.0,0.09536916221554967,0,0.4501699355123805,-7.089017997410767,0.0008342161659438078,20,20,0,0
slow_osc_power,130,0.0,0.1,2778.0,0.09998184063393199,0,0.8369385020723316,-3.7056831293521872,0.02458341797581642,20,20,0,0
log_oscillatory,130,0.0,0.1,50000.0,0.3343738214430089,1,0.07470991063807225,-4.696825683970424,0.009124194257407167,20,20,0,0
heavy_noise_plat,130,0.0,0.1,154.0,0.09071795328941247,0,0.49738110139466357,-7.295609721769551,0.0006785110982608505,20,20,0,0
broken_power_law,130,0.0,0.1,41425.0,0.0999998429469552,0,0.020626689359802396,-6.1597522635107715,0.002112776618766016,20,20,0,0
single_exp,130,0.003,0.1,188.0,0.09827358560436152,0,2.289769640655596,-5.281736400404902,0.00508359596642659,20,20,0,0
two_exp,130,0.003,0.1,258.0,0.09985860758888628,0,0.5932634803680478,-3.6615489231961136,0.025692685892819533,20,20,0,0
three_exp,130,0.003,0.1,418.0,0.09976223663456038,0,0.1707321380468534,-4.111575650996504,0.016381941956911214,20,20,0,0
four_exp,130,0.003,0.1,690.0,0.09994024204094876,0,0.16696870970358527,-3.945560168541606,0.0193403794625561,20,20,0,0
power_law,130,0.003,0.1,3514.0,0.09998668651267502,0,0.37073453395340894,-4.622087564430831,0.009832249168528654,20,20,0,0
rational_decay,130,0.003,0.1,1525.0,0.1,0,0.09508601062133176,-4.511775173497765,0.01097895331993592,20,20,0,0
mixed_pow_rat,130,0.003,0.1,3145.0,0.09998462941299144,0,0.16580667858939777,-4.050208131019678,0.01741874888022415,20,20,0,0
multiphase,130,0.003,0.1,4295.0,0.09999413060991968,0,0.4448496250510213,-2.608786393578588,0.0736238399318055,20,20,0,0
osc_exp,130,0.003,0.1,201.0,0.0952993180898516,0,0.972917530642476,-4.120154260109673,0.016242008754639242,20,20,0,0
damped_osc_pow,130,0.003,0.1,4370.0,0.09999603532083293,0,0.31322281786720085,-4.360018670520521,0.012778149072614112,20,20,0,0
log_slow,130,0.003,0.1,50000.0,0.45178413185599886,1,0.5076246140682599,-3.076237116866706,0.0461325217444176,20,20,0,0
delayed_plateau,130,0.003,0.1,361.0,0.09926125155933554,0,0.46649002415111296,-2.6699998384334123,0.06925223649819262,20,20,0,0
staircase,130,0.003,0.1,320.0,0.0,0,0.733928784997984,-2.5820781828318506,0.0756166953033407,20,20,0,0
noisy_plateau,130,0.003,0.1,177.0,0.09536916221554967,0,0.2841869504668593,-7.580299262850918,0.0005104084538674596,20,20,0,0
slow_osc_power,130,0.003,0.1,2778.0,0.09998184063393199,0,0.8295979690201423,-3.714731028463256,0.024361992916533043,20,20,0,0
log_oscillatory,130,0.003,0.1,50000.0,0.3343738214430089,1,0.07320764669206384,-4.736824060271093,0.008766443717348325,20,20,0,0
heavy_noise_plat,130,0.003,0.1,154.0,0.09071795328941247,0,0.3256001787104147,-6.496115102952522,0.0015092912594371344,20,20,0,0
broken_power_law,130,0.003,0.1,41425.0,0.0999998429469552,0,0.3157194932117019,-3.4199270755832867,0.03271482056124101,20,20,0,0
single_exp,130,0.005,0.1,188.0,0.09827358560436152,0,1.1790614562822566,-5.239212667746417,0.005304431542254395,20,20,0,0
two_exp,130,0.005,0.1,258.0,0.09985860758888628,0,0.5318867085814791,-3.697468447253582,0.024786194672136927,20,20,0,0
three_exp,130,0.005,0.1,418.0,0.09976223663456038,0,0.19214149675536246,-4.044446631585985,0.017519396654665224,20,20,0,0
four_exp,130,0.005,0.1,690.0,0.09994024204094876,0,0.19276894996711924,-3.8244397167558115,0.02183066346011722,20,20,0,0
power_law,130,0.005,0.1,3514.0,0.09998668651267502,0,0.4251549472777705,-4.597931641902266,0.010072648056730436,20,20,0,0
rational_decay,130,0.005,0.1,1525.0,0.1,0,0.038808819290974086,-5.43655114372065,0.004354475362791306,20,20,0,0
mixed_pow_rat,130,0.005,0.1,3145.0,0.09998462941299144,0,0.2020652444888623,-3.757404591890213,0.023344249672686678,20,20,0,0
multiphase,130,0.005,0.1,4295.0,0.09999413060991968,0,0.4651126619949614,-2.5855672552631916,0.07535332290627661,20,20,0,0
osc_exp,130,0.005,0.1,201.0,0.0952993180898516,0,0.8156225836228784,-4.199085035721263,0.015009303516368087,20,20,0,0
damped_osc_pow,130,0.005,0.1,4370.0,0.09999603532083293,0,0.3921560865880074,-4.08925459822008,0.01675171566458376,20,20,0,0
log_slow,130,0.005,0.1,50000.0,0.45178413185599886,1,0.5388551646181559,-3.036453358634875,0.048004843897483204,20,20,0,0
delayed_plateau,130,0.005,0.1,361.0,0.09926125155933554,0,0.45846517605034653,-2.675518641784258,0.0688710997002342,20,20,0,0
staircase,130,0.005,0.1,320.0,0.0,0,0.7443246335918712,-2.5829018612542445,0.07555443710693299,20,20,0,0
noisy_plateau,130,0.005,0.1,177.0,0.09536916221554967,0,0.4029048820511956,-6.945633446334931,0.0009628302379024456,20,20,0,0
slow_osc_power,130,0.005,0.1,2778.0,0.09998184063393199,0,0.7631091168796836,-3.720883284126357,0.024212571817351557,20,20,0,0
log_oscillatory,130,0.005,0.1,50000.0,0.3343738214430089,1,0.08052939146646912,-4.611040806923345,0.009941465774882294,20,20,0,0
heavy_noise_plat,130,0.005,0.1,154.0,0.09071795328941247,0,0.19300052292049868,-6.9709905025566306,0.0009387226380229,20,20,0,0
broken_power_law,130,0.005,0.1,41425.0,0.0999998429469552,0,0.2883403031397776,-3.4505476731356843,0.03172825490596559,20,20,0,0
single_exp,130,0.01,0.1,188.0,0.09827358560436152,0,2.384302651619218,-5.070406617472173,0.006279866118294616,20,20,0,0
two_exp,130,0.01,0.1,258.0,0.09985860758888628,0,0.6195030090360938,-3.6683704296543205,0.025518019491377116,20,20,0,0
three_exp,130,0.01,0.1,418.0,0.09976223663456038,0,0.22009075291929975,-3.8686059638396264,0.020887467023279642,20,20,0,0
four_exp,130,0.01,0.1,690.0,0.09994024204094876,0,0.22336168565592618,-3.672163959931805,0.025421399493129986,20,20,0,0
power_law,130,0.01,0.1,3514.0,0.09998668651267502,0,0.39327738955885216,-4.764136031637684,0.008530254930031959,20,20,0,0
rational_decay,130,0.01,0.1,1525.0,0.1,0,0.08742309853884653,-4.64471039379824,0.009612313042078033,20,20,0,0
mixed_pow_rat,130,0.01,0.1,3145.0,0.09998462941299144,0,0.2132297273308298,-3.754011773013998,0.023423586996105722,20,20,0,0
multiphase,130,0.01,0.1,4295.0,0.09999413060991968,0,0.32305985589318603,-2.9512027933111518,0.05227678994526897,20,20,0,0
osc_exp,130,0.01,0.1,201.0,0.0952993180898516,0,1.3647503260374108,-4.255362633683006,0.014187944785912905,20,20,0,0
damped_osc_pow,130,0.01,0.1,4370.0,0.09999603532083293,0,0.27861760064556085,-4.305103981367755,0.013499481774241828,20,20,0,0
log_slow,130,0.01,0.1,50000.0,0.45178413185599886,1,0.7463862253278314,-2.72876979001021,0.06529957246202668,20,20,0,0
delayed_plateau,130,0.01,0.1,361.0,0.09926125155933554,0,0.46365232328973427,-2.6735992076461508,0.06900342018973529,20,20,0,0
staircase,130,0.01,0.1,320.0,0.0,0,0.768601555630045,-2.5830448465191242,0.07554363470804075,20,20,0,0
noisy_plateau,130,0.01,0.1,177.0,0.09536916221554967,0,0.4133841433080454,-7.0401753149913135,0.0008759729776008293,20,20,0,0
slow_osc_power,130,0.01,0.1,2778.0,0.09998184063393199,0,0.9743676573849163,-3.7166459968102656,0.024315385111706268,20,20,0,0
log_oscillatory,130,0.01,0.1,50000.0,0.3343738214430089,1,0.1629308865844823,-3.9288584385678056,0.019666109816359124,20,20,0,0
heavy_noise_plat,130,0.01,0.1,154.0,0.09071795328941247,0,0.2797167923556565,-5.8611059637692895,0.002848092053584215,20,20,0,0
broken_power_law,130,0.01,0.1,41425.0,0.0999998429469552,0,0.4975111816749991,-2.9454878185942492,0.05257640581115874,20,20,0,0
single_exp,130,0.02,0.1,188.0,0.09827358560436152,0,0.42479122402260683,-5.237720596883245,0.005312352037504941,20,20,0,0
two_exp,130,0.02,0.1,258.0,0.09985860758888628,0,0.48649156616706124,-3.675864465052635,0.0253275013166199,20,20,0,0
three_exp,130,0.02,0.1,418.0,0.09976223663456038,0,0.23566648615770563,-3.6649495834528016,0.02560546219016391,20,20,0,0
four_exp,130,0.02,0.1,690.0,0.09994024204094876,0,0.26751223480738134,-3.7797323541197163,0.022828800641946784,20,20,0,0
power_law,130,0.02,0.1,3514.0,0.09998668651267502,0,0.7177108820269491,-4.095635499772535,0.01664516492251665,20,20,0,0
rational_decay,130,0.02,0.1,1525.0,0.1,0,0.15801464113824693,-4.024165956928297,0.017878329233341345,20,20,0,0
mixed_pow_rat,130,0.02,0.1,3145.0,0.09998462941299144,0,0.2984516393366914,-3.402404718313036,0.03329311306289291,20,20,0,0
multiphase,130,0.02,0.1,4295.0,0.09999413060991968,0,0.6934118932375944,-2.181899339166404,0.11282703020289933,20,20,0,0
osc_exp,130,0.02,0.1,201.0,0.0952993180898516,0,0.6028806943239227,-4.513061408689426,0.010964840881711187,20,20,0,0
damped_osc_pow,130,0.02,0.1,4370.0,0.09999603532083293,0,0.3741512940002153,-3.991194035825022,0.018477637980880764,20,20,0,0
log_slow,130,0.02,0.1,50000.0,0.45178413185599886,1,0.4830498131107613,-3.201080741447238,0.04071817437164203,20,20,0,0
delayed_plateau,130,0.02,0.1,361.0,0.09926125155933554,0,0.4417409685159529,-2.6709960174768757,0.06918328322208675,20,20,0,0
staircase,130,0.02,0.1,320.0,0.0,0,0.7562633016810877,-2.597122000102087,0.07448764545984991,20,20,0,0
noisy_plateau,130,0.02,0.1,177.0,0.09536916221554967,0,0.32927867774848685,-7.72386486640817,0.00044214845271397466,20,20,0,0
slow_osc_power,130,0.02,0.1,2778.0,0.09998184063393199,0,1.0047130735679166,-3.663827879839498,0.02563420004428711,20,20,0,0
log_oscillatory,130,0.02,0.1,50000.0,0.3343738214430089,1,0.26272593849305603,-3.4525532694881456,0.031664684603148814,20,20,0,0
heavy_noise_plat,130,0.02,0.1,154.0,0.09071795328941247,0,0.3661681466852462,-5.419553429364465,0.004429124123031952,20,20,0,0
broken_power_law,130,0.02,0.1,41425.0,0.0999998429469552,0,0.6284093549199069,-2.8197730729332906,0.05961947044552349,20,20,0,0
single_exp,140,0.0,0.1,198.0,0.09827358560436159,0,2.1235717636053737,-5.238026722197902,0.005310726040957944,20,20,0,0
two_exp,140,0.0,0.1,268.0,0.09985860887976655,0,0.639610157687478,-3.7652470194360865,0.023161890091564642,20,20,0,0
three_exp,140,0.0,0.1,428.0,0.09980129136056999,0,0.1631143719388251,-4.241842056426005,0.014381076674690213,20,20,0,0
four_exp,140,0.0,0.1,703.0,0.09990691652708643,0,0.09906121219027365,-4.535195573394097,0.010724809533991977,20,20,0,0
power_law,140,0.0,0.1,3782.0,0.09999261817403449,0,0.011020348054267243,-8.300639680125867,0.0002483579066672502,20,20,0,0
rational_decay,140,0.0,0.1,1625.0,0.09999999999999999,0,0.20159530278428678,-3.8170667587418983,0.02199221484919492,20,20,0,0
mixed_pow_rat,140,0.0,0.1,3376.0,0.0999840520661913,0,0.22314300051109093,-3.788901831202681,0.02262042926588241,20,20,0,0
multiphase,140,0.0,0.1,4397.0,0.09999955843969145,0,0.2807030365924773,-3.1121308161452936,0.044506020085247185,20,20,0,0
osc_exp,140,0.0,0.1,225.0,0.0984495915693698,0,2.637659549881168,-3.8463639184307543,0.02135725213713747,20,20,0,0
damped_osc_pow,140,0.0,0.1,4713.0,0.09999526683401652,0,0.02581922452643146,-6.93732477115473,0.0009708634078894069,20,20,0,0
log_slow,140,0.0,0.1,50000.0,0.45849809245037687,1,0.1605595965645686,-4.267223987052159,0.014020650687835153,20,20,0,0
delayed_plateau,140,0.0,0.1,371.0,0.09926125155959929,0,0.49258581402368606,-2.7234522363967786,0.06564773129577106,20,20,0,0
staircase,140,0.0,0.1,320.0,0.0,0,0.6720714851406834,-2.6999756604131875,0.06720714851406834,20,20,0,0
noisy_plateau,140,0.0,0.1,187.0,0.09536916221554964,0,0.25468781482264,-7.312637254252969,0.0006670555352615588,20,20,0,0
slow_osc_power,140,0.0,0.1,2767.0,0.09990195832647523,0,1.893068124997397,-2.8643794680795445,0.05701850195705698,20,20,0,0
log_oscillatory,140,0.0,0.1,50000.0,0.3259058858325173,1,0.5431509274708073,-2.6747587433885522,0.06892345462810041,20,20,0,0
heavy_noise_plat,140,0.0,0.1,164.0,0.09071795328941229,0,0.23524604512539593,-7.463208503615181,0.0005738121364584365,20,20,0,0
broken_power_law,140,0.0,0.1,44588.0,0.09999920608500261,0,0.018285874685867398,-6.30963353326885,0.0018186996100024722,20,20,0,0
single_exp,140,0.003,0.1,198.0,0.09827358560436159,0,3.1774930923656606,-5.231480893355599,0.005345603169974792,20,20,0,0
two_exp,140,0.003,0.1,268.0,0.09985860887976655,0,0.6524431913188349,-3.7877375775708977,0.02264678051960257,20,20,0,0
three_exp,140,0.003,0.1,428.0,0.09980129136056999,0,0.16406159121169386,-4.2580498064594945,0.014149870505925092,20,20,0,0
four_exp,140,0.003,0.1,703.0,0.09990691652708643,0,0.19700197957543997,-3.8554199199115886,0.021164713959024917,20,20,0,0
power_law,140,0.003,0.1,3782.0,0.09999261817403449,0,0.35104604241114507,-4.973393939732041,0.006919623352024624,20,20,0,0
rational_decay,140,0.003,0.1,1625.0,0.09999999999999999,0,0.057449614916358034,-5.070921988163894,0.006276630493194102,20,20,0,0
mixed_pow_rat,140,0.003,0.1,3376.0,0.0999840520661913,0,0.14359587335153084,-4.255347614214689,0.014188157882900404,20,20,0,0
multiphase,140,0.003,0.1,4397.0,0.09999955843969145,0,0.3289216434175879,-2.971100001412689,0.05124690764528317,20,20,0,0
osc_exp,140,0.003,0.1,225.0,0.0984495915693698,0,1.7835739530387396,-3.952589486724172,0.01920490648071386,20,20,0,0
damped_osc_pow,140,0.003,0.1,4713.0,0.09999526683401652,0,0.34790125502843083,-4.318144226189742,0.013324588033885457,20,20,0,0
log_slow,140,0.003,0.1,50000.0,0.45849809245037687,1,0.6922287194944032,-2.8042935890342027,0.06054952891973435,20,20,0,0
delayed_plateau,140,0.003,0.1,371.0,0.09926125155959929,0,0.48044760322218644,-2.7246165391879043,0.06557134193779314,20,20,0,0
staircase,140,0.003,0.1,320.0,0.0,0,0.6598606986659519,-2.698300870560819,0.06731980067242042,20,20,0,0
noisy_plateau,140,0.003,0.1,187.0,0.09536916221554964,0,0.3250852009816284,-7.110154085871016,0.0008167691298256903,20,20,0,0
slow_osc_power,140,0.003,0.1,2767.0,0.09990195832647523,0,1.7685754843823571,-2.9167486908400564,0.05410932776791095,20,20,0,0
log_oscillatory,140,0.003,0.1,50000.0,0.3259058858325173,1,0.5376428889287638,-2.687240036860267,0.06806854703835007,20,20,0,0
heavy_noise_plat,140,0.003,0.1,164.0,0.09071795328941229,0,0.3207276501276217,-6.931946359606897,0.0009760991782963857,20,20,0,0
broken_power_law,140,0.003,0.1,44588.0,0.09999920608500261,0,0.480916139956236,-3.0156702070790113,0.04901297563356051,20,20,0,0
single_exp,140,0.005,0.1,198.0,0.09827358560436159,0,1.9956224125351847,-5.278056863813492,0.005102335699424551,20,20,0,0
two_exp,140,0.005,0.1,268.0,0.09985860887976655,0,0.557526660436436,-3.8107291848286544,0.022132034727738392,20,20,0,0
three_exp,140,0.005,0.1,428.0,0.09980129136056999,0,0.19141764554246998,-4.105938025286227,0.016474558036166643,20,20,0,0
four_exp,140,0.005,0.1,703.0,0.09990691652708643,0,0.1932709330523719,-3.8369853268061234,0.02155849529678542,20,20,0,0
power_law,140,0.005,0.1,3782.0,0.09999261817403449,0,0.33929263423190226,-4.929972491888717,0.007226702071567073,20,20,0,0
rational_decay,140,0.005,0.1,1625.0,0.09999999999999999,0,0.2034990748395682,-3.7769614525877557,0.022892144720191007,20,20,0,0
mixed_pow_rat,140,0.005,0.1,3376.0,0.0999840520661913,0,0.22978128644005485,-3.7610482822957856,0.023259345230815125,20,20,0,0
multiphase,140,0.005,0.1,4397.0,0.09999955843969145,0,0.2706719868355262,-3.130295439240006,0.04370488320770761,20,20,0,0
osc_exp,140,0.005,0.1,225.0,0.0984495915693698,0,2.206963026487534,-3.9788646300086565,0.018706866499967133,20,20,0,0
damped_osc_pow,140,0.005,0.1,4713.0,0.09999526683401652,0,0.3714927765242725,-4.370093417877219,0.012650058771168596,20,20,0,0
log_slow,140,0.005,0.1,50000.0,0.45849809245037687,1,0.6030613666576725,-2.9191702236153567,0.05397845877300106,20,20,0,0
delayed_plateau,140,0.005,0.1,371.0,0.09926125155959929,0,0.47178843222116285,-2.724271535131525,0.06559396821959898,20,20,0,0
staircase,140,0.005,0.1,320.0,0.0,0,0.6587847188910537,-2.696746389027943,0.06742452943773947,20,20,0,0
noisy_plateau,140,0.005,0.1,187.0,0.09536916221554964,0,0.2886297739972354,-7.165156874989885,0.0007730576945340975,20,20,0,0
slow_osc_power,140,0.005,0.1,2767.0,0.09990195832647523,0,1.840175844316788,-2.8434400808072,0.05822502226550817,20,20,0,0
log_oscillatory,140,0.005,0.1,50000.0,0.3259058858325173,1,0.5277156563900773,-2.6831722578075503,0.06834599877173743,20,20,0,0
heavy_noise_plat,140,0.005,0.1,164.0,0.09071795328941229,0,0.26040385486859396,-6.863408265092848,0.001045345041204607,20,20,0,0
broken_power_law,140,0.005,0.1,44588.0,0.09999920608500261,0,0.47202941519014885,-3.0896153579982184,0.04551945973387536,20,20,0,0
single_exp,140,0.01,0.1,198.0,0.09827358560436159,0,0.6881496724352838,-5.6180875575067715,0.0036315796593197384,20,20,0,0
two_exp,140,0.01,0.1,268.0,0.09985860887976655,0,0.534958164784257,-3.793116525653281,0.022525291696909804,20,20,0,0
three_exp,140,0.01,0.1,428.0,0.09980129136056999,0,0.2372731099439885,-3.8079787218412124,0.02219299186183578,20,20,0,0
four_exp,140,0.01,0.1,703.0,0.09990691652708643,0,0.183813592505309,-3.982508858102739,0.01863881847808098,20,20,0,0
power_law,140,0.01,0.1,3782.0,0.09999261817403449,0,0.4893484242616708,-4.60556667302383,0.00999603591554859,20,20,0,0
rational_decay,140,0.01,0.1,1625.0,0.09999999999999999,0,0.29604668926711664,-3.398722044114489,0.033415946790835774,20,20,0,0
mixed_pow_rat,140,0.01,0.1,3376.0,0.0999840520661913,0,0.18585321981011838,-4.105212315465247,0.0164865181239815,20,20,0,0
multiphase,140,0.01,0.1,4397.0,0.09999955843969145,0,0.6688594181592773,-2.2775332624555147,0.1025368264536519,20,20,0,0
osc_exp,140,0.01,0.1,225.0,0.0984495915693698,0,2.563717590405388,-4.103218307743299,0.01651942516597328,20,20,0,0
damped_osc_pow,140,0.01,0.1,4713.0,0.09999526683401652,0,0.3558408747285232,-4.328291632813134,0.013190061721955113,20,20,0,0
log_slow,140,0.01,0.1,50000.0,0.45849809245037687,1,0.6399688257550549,-2.8942247417407883,0.05534191274297613,20,20,0,0
delayed_plateau,140,0.01,0.1,371.0,0.09926125155959929,0,0.48148807639179403,-2.7285605012579657,0.06531324035828794,20,20,0,0
staircase,140,0.01,0.1,320.0,0.0,0,0.648876972086161,-2.6942314696201883,0.0675943100982342,20,20,0,0
noisy_plateau,140,0.01,0.1,187.0,0.09536916221554964,0,0.447588932296188,-6.949403481416115,0.0009592071679699748,20,20,0,0
slow_osc_power,140,0.01,0.1,2767.0,0.09990195832647523,0,1.66319475716486,-3.0198678596847497,0.04880766739647126,20,20,0,0
log_oscillatory,140,0.01,0.1,50000.0,0.3259058858325173,1,0.5546266902995005,-2.6468210271516384,0.07087616872297652,20,20,0,0
heavy_noise_plat,140,0.01,0.1,164.0,0.09071795328941229,0,0.31069264903922644,-6.11147851619725,0.0022172701183323434,20,20,0,0
broken_power_law,140,0.01,0.1,44588.0,0.09999920608500261,0,0.4387647483865458,-3.105990957120637,0.044780121384902616,20,20,0,0
single_exp,140,0.02,0.1,198.0,0.09827358560436159,0,0.3718665327151741,-5.737725752613102,0.003222087773676665,20,20,0,0
two_exp,140,0.02,0.1,268.0,0.09985860887976655,0,0.5881861949321731,-3.7978722354326715,0.0224184222683166,20,20,0,0
three_exp,140,0.02,0.1,428.0,0.09980129136056999,0,0.31297958191837694,-3.6476903994737735,0.026051227278508244,20,20,0,0
four_exp,140,0.02,0.1,703.0,0.09990691652708643,0,0.22688758729479563,-3.7977026429082623,0.022422224587555696,20,20,0,0
power_law,140,0.02,0.1,3782.0,0.09999261817403449,0,0.40708018647764105,-4.355179274662841,0.012840137466513923,20,20,0,0
rational_decay,140,0.02,0.1,1625.0,0.09999999999999999,0,0.23316681447765802,-3.7636686734173566,0.023198476433935585,20,20,0,0
mixed_pow_rat,140,0.02,0.1,3376.0,0.0999840520661913,0,0.12852098650892038,-4.279025803294861,0.013856154133161158,20,20,0,0
multiphase,140,0.02,0.1,4397.0,0.09999955843969145,0,0.6076128351732226,-2.331710071757311,0.09712950656245567,20,20,0,0
osc_exp,140,0.02,0.1,225.0,0.0984495915693698,0,0.9163968976456599,-4.165584247450426,0.015520644353749068,20,20,0,0
damped_osc_pow,140,0.02,0.1,4713.0,0.09999526683401652,0,0.43275116929899193,-4.29210871080309,0.013676056022508386,20,20,0,0
log_slow,140,0.02,0.1,50000.0,0.45849809245037687,1,0.7282507531437972,-2.853784567308794,0.057625818877613345,20,20,0,0
delayed_plateau,140,0.02,0.1,371.0,0.09926125155959929,0,0.44526105369875224,-2.7249938483779115,0.06554660593473302,20,20,0,0
staircase,140,0.02,0.1,320.0,0.0,0,0.5922864163980028,-2.671788486604745,0.06912847932403533,20,20,0,0
noisy_plateau,140,0.02,0.1,187.0,0.09536916221554964,0,0.38873520610403317,-7.326677869664183,0.0006577551096715872,20,20,0,0
slow_osc_power,140,0.02,0.1,2767.0,0.09990195832647523,0,1.4758430110236382,-3.1583030533004197,0.042497796421560756,20,20,0,0
log_oscillatory,140,0.02,0.1,50000.0,0.3259058858325173,1,0.5603274207194162,-2.658990737343352,0.0700188535097671,20,20,0,0
heavy_noise_plat,140,0.02,0.1,164.0,0.09071795328941229,0,0.5474487707336135,-5.099040409591973,0.00610259975292218,20,20,0,0
broken_power_law,140,0.02,0.1,44588.0,0.09999920608500261,0,0.5972085198846299,-2.7048041967632392,0.06688341855439746,20,20,0,0
