regime,obs_idx,noise,target_g,n_f,achieved_g,capped,R_R_med,log_med_error_R,med_error_R,n_valid_R,n_total,n_zero_denominator,zero_denominator_cell
single_exp,20,0.0,0.02,118.0,0.019841094744370295,0,0.7821130328457493,-1.353478650295062,0.2583400211537082,20,20,0,0
two_exp,20,0.0,0.02,236.0,0.019780496960211558,0,0.5979471102338627,-1.5523200749076502,0.21175611342558545,20,20,0,0
three_exp,20,0.0,0.02,477.0,0.019876375021595786,0,0.4359858741747873,-1.9519713691295528,0.14199387315186873,20,20,0,0
four_exp,20,0.0,0.02,856.0,0.019972735550358382,0,0.4224674760171947,-2.00186844071736,0.1350826533683798,20,20,0,0
power_law,20,0.0,0.02,5614.0,0.019999018120378215,0,0.14164679394205915,-4.328929649742415,0.013181648923317593,20,20,0,0
rational_decay,20,0.0,0.02,2225.0,0.019999999999999997,0,0.37261260542092134,-1.8183489139467277,0.1622934903611124,20,20,0,0
mixed_pow_rat,20,0.0,0.02,8635.0,0.019999899268050046,0,0.21409346054932746,-2.7602888315055285,0.0632734903426585,20,20,0,0
multiphase,20,0.0,0.02,10449.0,0.019999401585386715,0,0.26988667163834495,-2.280717954917252,0.10221079762173205,20,20,0,0
osc_exp,20,0.0,0.02,159.0,0.019514571592849923,0,0.5617135595358779,-1.656338038518442,0.19083653815864443,20,20,0,0
damped_osc_pow,20,0.0,0.02,8417.0,0.019998562156026058,0,0.09698522970009069,-4.2879473709136455,0.01373308531680694,20,20,0,0
log_slow,20,0.0,0.02,50000.0,0.2886523358250798,1,0.38078916939708446,-2.668095460204488,0.06938424460647216,20,20,0,0
delayed_plateau,20,0.0,0.02,410.0,0.019839986048600725,0,0.7372199546508685,-1.0156781699370399,0.3621567427176916,20,20,0,0
staircase,20,0.0,0.02,320.0,0.0,0,1.198137739554042,-0.41706853308542213,0.6589757567547232,20,20,0,0
noisy_plateau,20,0.0,0.02,99.0,0.01925470177538692,0,0.4840003058740055,-5.682330145547982,0.003405613615283458,20,20,0,0
slow_osc_power,20,0.0,0.02,6101.0,0.019993889560250683,0,0.1300995132159658,-4.428164123028062,0.011936383300866847,20,20,0,0
log_oscillatory,20,0.0,0.02,50000.0,0.232935711783342,1,0.288616214716925,-2.842001122332155,0.05830886596408988,20,20,0,0
heavy_noise_plat,20,0.0,0.02,60.0,0.01831563888873418,0,0.6266567100296343,-5.636904222934537,0.0035638843373855715,20,20,0,0
broken_power_law,20,0.0,0.02,50000.0,0.20436470335589355,1,1.1706810947909077,-3.0342424017037954,0.048111097958115884,20,20,0,0
single_exp,20,0.003,0.02,118.0,0.019841094744370295,0,0.7775935888635661,-1.3552183518140872,0.25789097734083866,20,20,0,0
two_exp,20,0.003,0.02,236.0,0.019780496960211558,0,0.5957714749776939,-1.5511242983556839,0.21200947787419855,20,20,0,0
three_exp,20,0.003,0.02,477.0,0.019876375021595786,0,0.43428863555643193,-1.955327652274003,0.14151810036949616,20,20,0,0
four_exp,20,0.003,0.02,856.0,0.019972735550358382,0,0.43699167499348845,-1.9848254091012152,0.1374046016157871,20,20,0,0
power_law,20,0.003,0.02,5614.0,0.019999018120378215,0,0.1443091997482611,-4.315264490392824,0.013363014629691972,20,20,0,0
rational_decay,20,0.003,0.02,2225.0,0.019999999999999997,0,0.37357173503126867,-1.8127958689856989,0.16319722031419423,20,20,0,0
mixed_pow_rat,20,0.003,0.02,8635.0,0.019999899268050046,0,0.220604699619295,-2.737669262917699,0.06472101891531568,20,20,0,0
multiphase,20,0.003,0.02,10449.0,0.019999401585386715,0,0.27018179224196665,-2.281279223386853,0.1021534460201026,20,20,0,0
osc_exp,20,0.003,0.02,159.0,0.019514571592849923,0,0.5603421602428749,-1.6577491355910154,0.19056743918534785,20,20,0,0
damped_osc_pow,20,0.003,0.02,8417.0,0.019998562156026058,0,0.0955686527765098,-4.289358072524458,0.013713725689768206,20,20,0,0
log_slow,20,0.003,0.02,50000.0,0.2886523358250798,1,0.38299801235455344,-2.6744353821920854,0.06894574540264511,20,20,0,0
delayed_plateau,20,0.003,0.02,410.0,0.019839986048600725,0,0.733675022473109,-1.020472526860796,0.36042458962875307,20,20,0,0
staircase,20,0.003,0.02,320.0,0.0,0,1.1970269898207686,-0.41703952217948553,0.6589948745157274,20,20,0,0
noisy_plateau,20,0.003,0.02,99.0,0.01925470177538692,0,0.39943699964321033,-5.727330730286464,0.003255756136541048,20,20,0,0
slow_osc_power,20,0.003,0.02,6101.0,0.019993889560250683,0,0.13215821497121633,-4.429201764585317,0.011924004037240475,20,20,0,0
log_oscillatory,20,0.003,0.02,50000.0,0.232935711783342,1,0.292953601399199,-2.8244761355291947,0.05933973466713961,20,20,0,0
heavy_noise_plat,20,0.003,0.02,60.0,0.01831563888873418,0,0.5491862723168068,-5.446105505335113,0.004313069250003363,20,20,0,0
broken_power_law,20,0.003,0.02,50000.0,0.20436470335589355,1,1.2023580559791778,-3.035294593548536,0.0480605024759476,20,20,0,0
single_exp,20,0.005,0.02,118.0,0.019841094744370295,0,0.7723082448304328,-1.3569718126557913,0.25743917183803233,20,20,0,0
two_exp,20,0.005,0.02,236.0,0.019780496960211558,0,0.6002420586125982,-1.54750074356581,0.21277909937398065,20,20,0,0
three_exp,20,0.005,0.02,477.0,0.019876375021595786,0,0.43464844524380275,-1.953410369574321,0.1417896908496944,20,20,0,0
four_exp,20,0.005,0.02,856.0,0.019972735550358382,0,0.4282536199625133,-1.9990572694015867,0.13546292810707372,20,20,0,0
power_law,20,0.005,0.02,5614.0,0.019999018120378215,0,0.14431847472492182,-4.328447295405521,0.013188008682548592,20,20,0,0
rational_decay,20,0.005,0.02,2225.0,0.019999999999999997,0,0.36798045853302974,-1.8242377796205478,0.16134057434766674,20,20,0,0
mixed_pow_rat,20,0.005,0.02,8635.0,0.019999899268050046,0,0.20476434399723206,-2.78515507648564,0.06171951704298443,20,20,0,0
multiphase,20,0.005,0.02,10449.0,0.019999401585386715,0,0.2697028067870331,-2.282215641925027,0.10205783241367462,20,20,0,0
osc_exp,20,0.005,0.02,159.0,0.019514571592849923,0,0.5588432323484187,-1.6595107377812237,0.1902320306820114,20,20,0,0
damped_osc_pow,20,0.005,0.02,8417.0,0.019998562156026058,0,0.09746777944610346,-4.2580220382538245,0.014150263427894848,20,20,0,0
log_slow,20,0.005,0.02,50000.0,0.2886523358250798,1,0.39589089158248725,-2.656055425771248,0.07022468259920764,20,20,0,0
delayed_plateau,20,0.005,0.02,410.0,0.019839986048600725,0,0.7303932626721785,-1.020764371597549,0.3603194169570654,20,20,0,0
staircase,20,0.005,0.02,320.0,0.0,0,1.2012904875079422,-0.41370524108716683,0.6611958159053231,20,20,0,0
noisy_plateau,20,0.005,0.02,99.0,0.01925470177538692,0,0.4941183856069352,-5.623039072372862,0.003613642283888066,20,20,0,0
slow_osc_power,20,0.005,0.02,6101.0,0.019993889560250683,0,0.13364113786474902,-4.415512570601641,0.012088356400714706,20,20,0,0
log_oscillatory,20,0.005,0.02,50000.0,0.232935711783342,1,0.28577021778808515,-2.8289411167745597,0.059075374485563784,20,20,0,0
heavy_noise_plat,20,0.005,0.02,60.0,0.01831563888873418,0,1.182361172306444,-5.4732928596100425,0.004197387967712256,20,20,0,0
broken_power_law,20,0.005,0.02,50000.0,0.20436470335589355,1,0.9956633899378861,-3.1200003614405905,0.04415715245950273,20,20,0,0
single_exp,20,0.01,0.02,118.0,0.019841094744370295,0,0.7565728392147058,-1.373561327126709,0.25320361105917466,20,20,0,0
two_exp,20,0.01,0.02,236.0,0.019780496960211558,0,0.591046958623068,-1.545512336791008,0.213202611694557,20,20,0,0
three_exp,20,0.01,0.02,477.0,0.019876375021595786,0,0.4263775467252834,-1.9816048660765266,0.13784783238586812,20,20,0,0
four_exp,20,0.01,0.02,856.0,0.019972735550358382,0,0.4298819377956558,-1.980326457415278,0.13802417094107644,20,20,0,0
power_law,20,0.01,0.02,5614.0,0.019999018120378215,0,0.1514446386083828,-4.334329387436459,0.013110663301104924,20,20,0,0
rational_decay,20,0.01,0.02,2225.0,0.019999999999999997,0,0.37068539231881464,-1.824160279307224,0.16135307877727287,20,20,0,0
mixed_pow_rat,20,0.01,0.02,8635.0,0.019999899268050046,0,0.20024864854880345,-2.843346918190827,0.05823044691360407,20,20,0,0
multiphase,20,0.01,0.02,10449.0,0.019999401585386715,0,0.2746837306478662,-2.2821365100229993,0.10206590876361457,20,20,0,0
osc_exp,20,0.01,0.02,159.0,0.019514571592849923,0,0.5717559895254021,-1.6271227819317593,0.19649411800615565,20,20,0,0
damped_osc_pow,20,0.01,0.02,8417.0,0.019998562156026058,0,0.0958957082644176,-4.264078359272079,0.014064823875912997,20,20,0,0
log_slow,20,0.01,0.02,50000.0,0.2886523358250798,1,0.3643909040437956,-2.7171908605545534,0.06606006595862687,20,20,0,0
delayed_plateau,20,0.01,0.02,410.0,0.019839986048600725,0,0.7398107795400338,-1.0211217484133,0.3601906701581108,20,20,0,0
staircase,20,0.01,0.02,320.0,0.0,0,1.1986927861506373,-0.4103125364190048,0.6634428676726445,20,20,0,0
noisy_plateau,20,0.01,0.02,99.0,0.01925470177538692,0,0.4611214088583731,-5.57347613005201,0.003797257702327442,20,20,0,0
slow_osc_power,20,0.01,0.02,6101.0,0.019993889560250683,0,0.16854595150957466,-4.16933131066102,0.015462596340991452,20,20,0,0
log_oscillatory,20,0.01,0.02,50000.0,0.232935711783342,1,0.2932684869120222,-2.825175724465229,0.059298235763078896,20,20,0,0
heavy_noise_plat,20,0.01,0.02,60.0,0.01831563888873418,0,0.577867048726013,-5.293526849045801,0.005024010051880742,20,20,0,0
broken_power_law,20,0.01,0.02,50000.0,0.20436470335589355,1,1.1752245366128822,-3.1275689329187673,0.04382420744326394,20,20,0,0
single_exp,20,0.02,0.02,118.0,0.019841094744370295,0,0.773133142527303,-1.3709997924325714,0.25385303229600237,20,20,0,0
two_exp,20,0.02,0.02,236.0,0.019780496960211558,0,0.5686774687890115,-1.574731855349744,0.2070630680917142,20,20,0,0
three_exp,20,0.02,0.02,477.0,0.019876375021595786,0,0.4302515916358295,-1.9411731365363158,0.14353546427138061,20,20,0,0
four_exp,20,0.02,0.02,856.0,0.019972735550358382,0,0.4048063458004278,-2.047290472392448,0.12908418734643434,20,20,0,0
power_law,20,0.02,0.02,5614.0,0.019999018120378215,0,0.17873269518907076,-4.128061531900059,0.016114085206659343,20,20,0,0
rational_decay,20,0.02,0.02,2225.0,0.019999999999999997,0,0.3733962599239149,-1.8179877068747188,0.16235212250610706,20,20,0,0
mixed_pow_rat,20,0.02,0.02,8635.0,0.019999899268050046,0,0.21642400766534992,-2.75427805493007,0.0636549584675741,20,20,0,0
multiphase,20,0.02,0.02,10449.0,0.019999401585386715,0,0.2490123916644535,-2.324538886396607,0.09782854372482612,20,20,0,0
osc_exp,20,0.02,0.02,159.0,0.019514571592849923,0,0.5585128280667633,-1.643710553736272,0.19326160264895814,20,20,0,0
damped_osc_pow,20,0.02,0.02,8417.0,0.019998562156026058,0,0.08449175816648592,-4.319295144344416,0.013309261345187666,20,20,0,0
log_slow,20,0.02,0.02,50000.0,0.2886523358250798,1,0.3916440924209561,-2.6673202327873526,0.06943805402978359,20,20,0,0
delayed_plateau,20,0.02,0.02,410.0,0.019839986048600725,0,0.7370698129125639,-1.0062881859298074,0.3655734048368502,20,20,0,0
staircase,20,0.02,0.02,320.0,0.0,0,1.1760113206039855,-0.4201942536234944,0.6569191984853564,20,20,0,0
noisy_plateau,20,0.02,0.02,99.0,0.01925470177538692,0,0.3232902898929511,-5.9132161412971715,0.002703478122947591,20,20,0,0
slow_osc_power,20,0.02,0.02,6101.0,0.019993889560250683,0,0.11602430516181997,-4.5594524419157265,0.010467789097032217,20,20,0,0
log_oscillatory,20,0.02,0.02,50000.0,0.232935711783342,1,0.28390737817785255,-2.8608043667812706,0.05722271369875229,20,20,0,0
heavy_noise_plat,20,0.02,0.02,60.0,0.01831563888873418,0,0.25721530727125125,-5.164805684137504,0.005714173085601454,20,20,0,0
broken_power_law,20,0.02,0.02,50000.0,0.20436470335589355,1,0.8233186442326208,-3.440830410248922,0.03203806953707825,20,20,0,0
single_exp,30,0.0,0.02,128.0,0.019841094744370284,0,0.8868322324444364,-1.6278220996791437,0.19635675421824278,20,20,0,0
two_exp,30,0.0,0.02,247.0,0.01993085155337305,0,0.6188937118133986,-1.7236146428221097,0.17842005614421347,20,20,0,0
three_exp,30,0.0,0.02,499.0,0.01996522126569395,0,0.44150716778662336,-2.1199375919079206,0.12003911969013395,20,20,0,0
four_exp,30,0.0,0.02,895.0,0.019959252776285748,0,0.412514714482664,-2.181019992451807,0.11292628791580192,20,20,0,0
power_law,30,0.0,0.02,8288.0,0.01999869642355824,0,0.2045527965687565,-4.234065134482258,0.014493353202474723,20,20,0,0
rational_decay,30,0.0,0.02,2725.0,0.02,0,0.2822598470377653,-2.296730807912052,0.10058714548982181,20,20,0,0
mixed_pow_rat,30,0.0,0.02,10948.0,0.01999909133331196,0,0.2164565102698437,-2.900174567348485,0.05501361563711027,20,20,0,0
multiphase,30,0.0,0.02,13022.0,0.019998588629161495,0,0.2095503074557952,-2.747721583556311,0.06407368155354717,20,20,0,0
osc_exp,30,0.0,0.02,160.0,0.019907643578078903,0,0.5662004706737502,-1.7110372689657702,0.18067828340902428,20,20,0,0
damped_osc_pow,30,0.0,0.02,12563.0,0.01999988377645785,0,0.14496566607264483,-4.137026417262346,0.015970269887181608,20,20,0,0
log_slow,30,0.0,0.02,50000.0,0.32236487497446525,1,0.44383035515221414,-2.673912307012711,0.06898181864447492,20,20,0,0
delayed_plateau,30,0.0,0.02,414.0,0.019856791410229804,0,0.7407304435688191,-1.05179151044585,0.3493113932073224,20,20,0,0
staircase,30,0.0,0.02,320.0,0.0,0,0.8997884617491709,-0.7034325865411856,0.49488365396204403,20,20,0,0
noisy_plateau,30,0.0,0.02,109.0,0.01925470177538692,0,0.47149514252276326,-6.648710059366192,0.001295692394215793,20,20,0,0
slow_osc_power,30,0.0,0.02,7074.0,0.01998444471412329,0,0.5126347080996623,-3.10428132946443,0.044856744198448206,20,20,0,0
log_oscillatory,30,0.0,0.02,50000.0,0.3324862235710625,1,0.6494347709074009,-2.5258430624494976,0.07999084707234108,20,20,0,0
heavy_noise_plat,30,0.0,0.02,70.0,0.01831563888873418,0,1.1232709214913756,-5.600288773908731,0.0036967960240918392,20,20,0,0
broken_power_law,30,0.0,0.02,50000.0,0.2901576654864911,1,1.8385707511055251,-3.0474559289443928,0.04747956225048519,20,20,0,0
single_exp,30,0.003,0.02,128.0,0.019841094744370284,0,0.886389759598583,-1.6290018307167384,0.1961252426483932,20,20,0,0
two_exp,30,0.003,0.02,247.0,0.01993085155337305,0,0.6188607709808158,-1.7178664058471982,0.1794486102622717,20,20,0,0
three_exp,30,0.003,0.02,499.0,0.01996522126569395,0,0.4393080542190364,-2.1190578733518723,0.12014476679422262,20,20,0,0
four_exp,30,0.003,0.02,895.0,0.019959252776285748,0,0.41077466655477113,-2.1811180479521712,0.11291521541500474,20,20,0,0
power_law,30,0.003,0.02,8288.0,0.01999869642355824,0,0.2058479564756107,-4.236476799836191,0.014458442198444034,20,20,0,0
rational_decay,30,0.003,0.02,2725.0,0.02,0,0.27926652119701634,-2.3015147252573036,0.10010709407847272,20,20,0,0
mixed_pow_rat,30,0.003,0.02,10948.0,0.01999909133331196,0,0.2152058011753997,-2.9031662031089533,0.05484928087469833,20,20,0,0
multiphase,30,0.003,0.02,13022.0,0.019998588629161495,0,0.20594972701135247,-2.7598475355688006,0.06330141883876199,20,20,0,0
osc_exp,30,0.003,0.02,160.0,0.019907643578078903,0,0.5617305370080872,-1.7131157114652835,0.18030314397396816,20,20,0,0
damped_osc_pow,30,0.003,0.02,12563.0,0.01999988377645785,0,0.15077802349218805,-4.127677571085812,0.016120273571904997,20,20,0,0
log_slow,30,0.003,0.02,50000.0,0.32236487497446525,1,0.42941767827424704,-2.6962059747031426,0.06746097646665176,20,20,0,0
delayed_plateau,30,0.003,0.02,414.0,0.019856791410229804,0,0.7377626156784498,-1.052342430136036,0.34911900368325266,20,20,0,0
staircase,30,0.003,0.02,320.0,0.0,0,0.8994157749100253,-0.7036876832760859,0.49475742685850826,20,20,0,0
noisy_plateau,30,0.003,0.02,109.0,0.01925470177538692,0,0.23795273390308982,-7.008080667293515,0.0009045430424122237,20,20,0,0
slow_osc_power,30,0.003,0.02,7074.0,0.01998444471412329,0,0.5283770872073008,-3.095501093308087,0.045252331137691566,20,20,0,0
log_oscillatory,30,0.003,0.02,50000.0,0.3324862235710625,1,0.6365813716041846,-2.525452531316283,0.08002209208917387,20,20,0,0
heavy_noise_plat,30,0.003,0.02,70.0,0.01831563888873418,0,0.7785185269485448,-6.292083419521781,0.0018508997263996527,20,20,0,0
broken_power_law,30,0.003,0.02,50000.0,0.2901576654864911,1,1.9038323894610605,-3.110849138080553,0.04456309904555142,20,20,0,0
single_exp,30,0.005,0.02,128.0,0.019841094744370284,0,0.868614419811292,-1.6340127831764366,0.19514492659119587,20,20,0,0
two_exp,30,0.005,0.02,247.0,0.01993085155337305,0,0.6191458762310968,-1.724439626313417,0.1782729232428286,20,20,0,0
three_exp,30,0.005,0.02,499.0,0.01996522126569395,0,0.4430066026499224,-2.117673485758193,0.12031120890243027,20,20,0,0
four_exp,30,0.005,0.02,895.0,0.019959252776285748,0,0.4176243326472652,-2.1625579221718376,0.11503050531667074,20,20,0,0
power_law,30,0.005,0.02,8288.0,0.01999869642355824,0,0.20883299145588524,-4.231532951185473,0.014530099533957199,20,20,0,0
rational_decay,30,0.005,0.02,2725.0,0.02,0,0.28623085163077,-2.293535495149328,0.10090906692550539,20,20,0,0
mixed_pow_rat,30,0.005,0.02,10948.0,0.01999909133331196,0,0.21895793052795182,-2.901207995982514,0.05495679235790847,20,20,0,0
multiphase,30,0.005,0.02,13022.0,0.019998588629161495,0,0.2041294958548993,-2.7538311166454252,0.06368341466412891,20,20,0,0
osc_exp,30,0.005,0.02,160.0,0.019907643578078903,0,0.5647244879521356,-1.714222730411775,0.1801036554166559,20,20,0,0
damped_osc_pow,30,0.005,0.02,12563.0,0.01999988377645785,0,0.13422531918667285,-4.153791026436758,0.015704766304346404,20,20,0,0
log_slow,30,0.005,0.02,50000.0,0.32236487497446525,1,0.41625180312676324,-2.721084138157048,0.06580337579068571,20,20,0,0
delayed_plateau,30,0.005,0.02,414.0,0.019856791410229804,0,0.7339903010487016,-1.0582931575661423,0.34704766076261473,20,20,0,0
staircase,30,0.005,0.02,320.0,0.0,0,0.8963539249148424,-0.7029026908451966,0.4951459601716218,20,20,0,0
noisy_plateau,30,0.005,0.02,109.0,0.01925470177538692,0,0.3146518906486597,-6.684828000300422,0.0012497296884409308,20,20,0,0
slow_osc_power,30,0.005,0.02,7074.0,0.01998444471412329,0,0.5026308962791315,-3.1438613243218563,0.04311599123628149,20,20,0,0
log_oscillatory,30,0.005,0.02,50000.0,0.3324862235710625,1,0.6377780671404809,-2.5221041888826914,0.08029048253655005,20,20,0,0
heavy_noise_plat,30,0.005,0.02,70.0,0.01831563888873418,0,0.9907151921798338,-5.429848063386322,0.004383761805996323,20,20,0,0
broken_power_law,30,0.005,0.02,50000.0,0.2901576654864911,1,1.7511587023906623,-3.1238377223278677,0.0439880302288095,20,20,0,0
single_exp,30,0.01,0.02,128.0,0.019841094744370284,0,0.8445956029882857,-1.6443059879675916,0.1931465623280127,20,20,0,0
two_exp,30,0.01,0.02,247.0,0.01993085155337305,0,0.6188573491539591,-1.7060582119619747,0.18158013420156977,20,20,0,0
three_exp,30,0.01,0.02,499.0,0.01996522126569395,0,0.4444063100615567,-2.1351405892528104,0.1182279676265429,20,20,0,0
four_exp,30,0.01,0.02,895.0,0.019959252776285748,0,0.4206311677991982,-2.1485031020396215,0.11665865324005581,20,20,0,0
power_law,30,0.01,0.02,8288.0,0.01999869642355824,0,0.19536686526806735,-4.244377556113408,0.014344659646468558,20,20,0,0
rational_decay,30,0.01,0.02,2725.0,0.02,0,0.2777708286457192,-2.304685919950946,0.09979013782355381,20,20,0,0
mixed_pow_rat,30,0.01,0.02,10948.0,0.01999909133331196,0,0.2153366603987974,-2.8978370235750472,0.055142362789224936,20,20,0,0
multiphase,30,0.01,0.02,13022.0,0.019998588629161495,0,0.20030223573543016,-2.796504719430537,0.06102298274655105,20,20,0,0
osc_exp,30,0.01,0.02,160.0,0.019907643578078903,0,0.5630561349593941,-1.7036524105813717,0.1820175058428166,20,20,0,0
damped_osc_pow,30,0.01,0.02,12563.0,0.01999988377645785,0,0.16259419466653457,-4.121182066473971,0.016225323690648535,20,20,0,0
log_slow,30,0.01,0.02,50000.0,0.32236487497446525,1,0.4063256738009063,-2.726089195301592,0.06547484896812542,20,20,0,0
delayed_plateau,30,0.01,0.02,414.0,0.019856791410229804,0,0.7338490364242525,-1.0562440876373933,0.3477595147583632,20,20,0,0
staircase,30,0.01,0.02,320.0,0.0,0,0.9038021531113744,-0.7045571059066235,0.49432746049329923,20,20,0,0
noisy_plateau,30,0.01,0.02,109.0,0.01925470177538692,0,0.3041509572143245,-6.55643654874856,0.0014209401503299593,20,20,0,0
slow_osc_power,30,0.01,0.02,7074.0,0.01998444471412329,0,0.4958385320175157,-3.1024255563021996,0.04494006542921621,20,20,0,0
log_oscillatory,30,0.01,0.02,50000.0,0.3324862235710625,1,0.7020859011329859,-2.5094145488236843,0.08131583175734038,20,20,0,0
heavy_noise_plat,30,0.01,0.02,70.0,0.01831563888873418,0,0.38917050664375713,-5.611061768770499,0.003657184211548772,20,20,0,0
broken_power_law,30,0.01,0.02,50000.0,0.2901576654864911,1,2.3619330080943204,-3.0901531620955867,0.04549498576361112,20,20,0,0
single_exp,30,0.02,0.02,128.0,0.019841094744370284,0,0.8461128368779007,-1.650725945658825,0.1919105414159423,20,20,0,0
two_exp,30,0.02,0.02,247.0,0.01993085155337305,0,0.6285140803328464,-1.700336427954495,0.1826220745456632,20,20,0,0
three_exp,30,0.02,0.02,499.0,0.01996522126569395,0,0.419538904192036,-2.1184376876266944,0.12021930197398144,20,20,0,0
four_exp,30,0.02,0.02,895.0,0.019959252776285748,0,0.3945667760427569,-2.2240126798840154,0.1081741684605835,20,20,0,0
power_law,30,0.02,0.02,8288.0,0.01999869642355824,0,0.24995153917016508,-4.269229013958192,0.013992567069579381,20,20,0,0
rational_decay,30,0.02,0.02,2725.0,0.02,0,0.2743239063302154,-2.3274433283021683,0.09754481863384722,20,20,0,0
mixed_pow_rat,30,0.02,0.02,10948.0,0.01999909133331196,0,0.20669106803259846,-2.9305426812133497,0.053368068437116306,20,20,0,0
multiphase,30,0.02,0.02,13022.0,0.019998588629161495,0,0.19102786223731988,-2.824574859065845,0.0593338767278324,20,20,0,0
osc_exp,30,0.02,0.02,160.0,0.019907643578078903,0,0.5568874875265333,-1.6977303848105187,0.1830986162253591,20,20,0,0
damped_osc_pow,30,0.02,0.02,12563.0,0.01999988377645785,0,0.14593602253600713,-4.0664154935491394,0.017138712358963436,20,20,0,0
log_slow,30,0.02,0.02,50000.0,0.32236487497446525,1,0.4307377739808338,-2.747889181200119,0.06406294385532028,20,20,0,0
delayed_plateau,30,0.02,0.02,414.0,0.019856791410229804,0,0.7356697961568276,-1.0445513126054198,0.35184965447085914,20,20,0,0
staircase,30,0.02,0.02,320.0,0.0,0,0.9084165714046208,-0.7061026625801555,0.49356403949500116,20,20,0,0
noisy_plateau,30,0.02,0.02,109.0,0.01925470177538692,0,0.36529702632667205,-6.895734611218651,0.0010120932063529334,20,20,0,0
slow_osc_power,30,0.02,0.02,7074.0,0.01998444471412329,0,0.46525945593386964,-3.0932619397422623,0.04535377158430572,20,20,0,0
log_oscillatory,30,0.02,0.02,50000.0,0.3324862235710625,1,0.7048839124025255,-2.511511847726328,0.08114546686812388,20,20,0,0
heavy_noise_plat,30,0.02,0.02,70.0,0.01831563888873418,0,0.3135038949924418,-5.3037349595398675,0.004972985278497971,20,20,0,0
broken_power_law,30,0.02,0.02,50000.0,0.2901576654864911,1,1.779984139063314,-3.4142377038788707,0.032901477813410296,20,20,0,0
single_exp,40,0.0,0.02,138.0,0.01984109474437028,0,1.0515537117182245,-1.8574538487934105,0.1560695014561359,20,20,0,0
two_exp,40,0.0,0.02,258.0,0.01971169865212766,0,0.6506749498964246,-1.8602578371951954,0.15563249734772955,20,20,0,0
three_exp,40,0.0,0.02,517.0,0.01993903359390477,0,0.4503035165207492,-2.2428707640541594,0.10615332538964692,20,20,0,0
four_exp,40,0.0,0.02,926.0,0.01995917331307581,0,0.40701724572477316,-2.318432252659931,0.0984277745898969,20,20,0,0
power_law,40,0.0,0.02,10961.0,0.019999808684853414,0,0.26059310241239647,-4.187641592849758,0.015182048135181226,20,20,0,0
rational_decay,40,0.0,0.02,3225.0,0.02,0,0.20637280199907587,-2.776928730977045,0.062229337218182884,20,20,0,0
mixed_pow_rat,40,0.0,0.02,13343.0,0.01999991895797558,0,0.19574767272722182,-3.1245702749309405,0.043955818482601106,20,20,0,0
multiphase,40,0.0,0.02,15181.0,0.019999671445438197,0,0.1742081268361339,-3.0823384796826656,0.045851907427047124,20,20,0,0
osc_exp,40,0.0,0.02,169.0,0.01899986669920349,0,0.7914265809057319,-1.8318424844069847,0.16011828039261272,20,20,0,0
damped_osc_pow,40,0.0,0.02,16832.0,0.019999375074126472,0,0.18678343798895522,-4.064767322124516,0.01716698318611331,20,20,0,0
log_slow,40,0.0,0.02,50000.0,0.3470134055140294,1,0.43850003097935175,-2.7967265661320098,0.061009446500655956,20,20,0,0
delayed_plateau,40,0.0,0.02,418.0,0.019858495632124943,0,0.7681062735031561,-1.055587755877008,0.347987835291688,20,20,0,0
staircase,40,0.0,0.02,320.0,0.0,0,1.0815322277634878,-0.7891218026036704,0.45424353566066483,20,20,0,0
noisy_plateau,40,0.0,0.02,119.0,0.01925470177538692,0,0.37660927012365086,-6.646241632114564,0.0012988946672944802,20,20,0,0
slow_osc_power,40,0.0,0.02,8207.0,0.019987082757404396,0,0.6809413162762532,-2.9532597561850165,0.05216936904746172,20,20,0,0
log_oscillatory,40,0.0,0.02,50000.0,0.30497849550050343,1,0.6146999272753295,-2.4540713215009307,0.08594297178218721,20,20,0,0
heavy_noise_plat,40,0.0,0.02,80.0,0.018315638888734182,0,1.2504900857970829,-5.917530179796712,0.0026918403352238374,20,20,0,0
broken_power_law,40,0.0,0.02,50000.0,0.37317624894888063,1,2.3836446642312508,-3.163817600159576,0.04226408532943467,20,20,0,0
single_exp,40,0.003,0.02,138.0,0.01984109474437028,0,1.0412959775412376,-1.8551984177858525,0.15642190270802164,20,20,0,0
two_exp,40,0.003,0.02,258.0,0.01971169865212766,0,0.6414520311138026,-1.858238078998352,0.15594715501917994,20,20,0,0
three_exp,40,0.003,0.02,517.0,0.01993903359390477,0,0.45129006923475534,-2.2477765898579696,0.10563383098321655,20,20,0,0
four_exp,40,0.003,0.02,926.0,0.01995917331307581,0,0.40292091617535813,-2.3230292277013604,0.09797634297164226,20,20,0,0
power_law,40,0.003,0.02,10961.0,0.019999808684853414,0,0.28232271481237636,-4.182302021598433,0.015263330576513192,20,20,0,0
rational_decay,40,0.003,0.02,3225.0,0.02,0,0.20410522041769624,-2.789131066602838,0.06147460805368067,20,20,0,0
mixed_pow_rat,40,0.003,0.02,13343.0,0.01999991895797558,0,0.19432891154167187,-3.132709504818198,0.04359950400089152,20,20,0,0
multiphase,40,0.003,0.02,15181.0,0.019999671445438197,0,0.17384286703773372,-3.0861393277703524,0.045677962071729424,20,20,0,0
osc_exp,40,0.003,0.02,169.0,0.01899986669920349,0,0.7865259545365522,-1.8307971043497475,0.16028575237041576,20,20,0,0
damped_osc_pow,40,0.003,0.02,16832.0,0.019999375074126472,0,0.17956247064678943,-4.060638585894375,0.01723800765130442,20,20,0,0
log_slow,40,0.003,0.02,50000.0,0.3470134055140294,1,0.41548959690636816,-2.8390852606825474,0.05847913466954196,20,20,0,0
delayed_plateau,40,0.003,0.02,418.0,0.019858495632124943,0,0.7639502299072819,-1.0591996368623997,0.3467332117855946,20,20,0,0
staircase,40,0.003,0.02,320.0,0.0,0,1.0777529671199573,-0.7901765608263864,0.4537646711438498,20,20,0,0
noisy_plateau,40,0.003,0.02,119.0,0.01925470177538692,0,0.30696690048988706,-7.129109126224225,0.0008014330452386382,20,20,0,0
slow_osc_power,40,0.003,0.02,8207.0,0.019987082757404396,0,0.6752503233050884,-2.945309468980028,0.052585783629092525,20,20,0,0
log_oscillatory,40,0.003,0.02,50000.0,0.30497849550050343,1,0.6004287647832715,-2.453726664293215,0.08597259775197316,20,20,0,0
heavy_noise_plat,40,0.003,0.02,80.0,0.018315638888734182,0,1.3830342673633838,-5.400109791277249,0.004516085088642898,20,20,0,0
broken_power_law,40,0.003,0.02,50000.0,0.37317624894888063,1,2.1517397574091195,-3.266252241603158,0.03814913322843748,20,20,0,0
single_exp,40,0.005,0.02,138.0,0.01984109474437028,0,1.0427536057930116,-1.8520338830287864,0.1569176893091278,20,20,0,0
two_exp,40,0.005,0.02,258.0,0.01971169865212766,0,0.6498936516689611,-1.852752914190961,0.15680490115457638,20,20,0,0
three_exp,40,0.005,0.02,517.0,0.01993903359390477,0,0.44569000231937594,-2.241622487675713,0.1062859168163804,20,20,0,0
four_exp,40,0.005,0.02,926.0,0.01995917331307581,0,0.4128126668004309,-2.3109092779927143,0.09917103650956875,20,20,0,0
power_law,40,0.005,0.02,10961.0,0.019999808684853414,0,0.24060517778061552,-4.192181841992474,0.01511327409792416,20,20,0,0
rational_decay,40,0.005,0.02,3225.0,0.02,0,0.2075694651879941,-2.7901843230688854,0.06140989361168521,20,20,0,0
mixed_pow_rat,40,0.005,0.02,13343.0,0.01999991895797558,0,0.19388775882378462,-3.113064428138533,0.04446448812151069,20,20,0,0
multiphase,40,0.005,0.02,15181.0,0.019999671445438197,0,0.17222875982995484,-3.088307436556369,0.04557903456238781,20,20,0,0
osc_exp,40,0.005,0.02,169.0,0.01899986669920349,0,0.7850213612076143,-1.828652081427581,0.16062993799440345,20,20,0,0
damped_osc_pow,40,0.005,0.02,16832.0,0.019999375074126472,0,0.19075711585013658,-4.072060938044708,0.01704222931071337,20,20,0,0
log_slow,40,0.005,0.02,50000.0,0.3470134055140294,1,0.4251884023321352,-2.8135471619189274,0.05999181384895959,20,20,0,0
delayed_plateau,40,0.005,0.02,418.0,0.019858495632124943,0,0.7656100268172933,-1.0581598364465907,0.3470939326297253,20,20,0,0
staircase,40,0.005,0.02,320.0,0.0,0,1.0841508346076036,-0.7922538173635276,0.45282306383294935,20,20,0,0
noisy_plateau,40,0.005,0.02,119.0,0.01925470177538692,0,0.42507689051653463,-6.829723579216749,0.0010811569305479215,20,20,0,0
slow_osc_power,40,0.005,0.02,8207.0,0.019987082757404396,0,0.7011279039856757,-2.9453261893202893,0.05258490438424802,20,20,0,0
log_oscillatory,40,0.005,0.02,50000.0,0.30497849550050343,1,0.6231012420034343,-2.4569732449734376,0.08569393337504108,20,20,0,0
heavy_noise_plat,40,0.005,0.02,80.0,0.018315638888734182,0,0.9232932715463074,-5.528946875479288,0.003970167969504159,20,20,0,0
broken_power_law,40,0.005,0.02,50000.0,0.37317624894888063,1,1.7608889939557337,-3.248152699963564,0.03884590162684948,20,20,0,0
single_exp,40,0.01,0.02,138.0,0.01984109474437028,0,0.981650193158577,-1.8607609654027877,0.15555421394324176,20,20,0,0
two_exp,40,0.01,0.02,258.0,0.01971169865212766,0,0.6247896407033483,-1.8664358019858975,0.15467396918414567,20,20,0,0
three_exp,40,0.01,0.02,517.0,0.01993903359390477,0,0.4407013824685887,-2.2537414069306627,0.1050056199492587,20,20,0,0
four_exp,40,0.01,0.02,926.0,0.01995917331307581,0,0.42768236658943126,-2.293602254190647,0.10090233055779625,20,20,0,0
power_law,40,0.01,0.02,10961.0,0.019999808684853414,0,0.22169448829242377,-4.198959233820618,0.015011191834052287,20,20,0,0
rational_decay,40,0.01,0.02,3225.0,0.02,0,0.20774246665880725,-2.763125490244987,0.06309425937203536,20,20,0,0
mixed_pow_rat,40,0.01,0.02,13343.0,0.01999991895797558,0,0.19533613215276502,-3.11886635485223,0.04420725536445796,20,20,0,0
multiphase,40,0.01,0.02,15181.0,0.019999671445438197,0,0.1777647541812095,-3.0915492434158294,0.04543151537903985,20,20,0,0
osc_exp,40,0.01,0.02,169.0,0.01899986669920349,0,0.7990006075846388,-1.8182742288130418,0.1623056117247736,20,20,0,0
damped_osc_pow,40,0.01,0.02,16832.0,0.019999375074126472,0,0.18450239921942768,-4.0360197519538925,0.017667654298819887,20,20,0,0
log_slow,40,0.01,0.02,50000.0,0.3470134055140294,1,0.3996866286001923,-2.8841415162844304,0.055902760551959876,20,20,0,0
delayed_plateau,40,0.01,0.02,418.0,0.019858495632124943,0,0.7685328241459652,-1.052867389174357,0.34893577860385805,20,20,0,0
staircase,40,0.01,0.02,320.0,0.0,0,1.082827551571401,-0.7902072042565962,0.45375076645086276,20,20,0,0
noisy_plateau,40,0.01,0.02,119.0,0.01925470177538692,0,0.3346889979222736,-6.815711966643427,0.0010964123092337234,20,20,0,0
slow_osc_power,40,0.01,0.02,8207.0,0.019987082757404396,0,0.6778049707935975,-2.9463004423595325,0.052533698329210975,20,20,0,0
log_oscillatory,40,0.01,0.02,50000.0,0.30497849550050343,1,0.5505074081122672,-2.4515166475882784,0.08616280873647983,20,20,0,0
heavy_noise_plat,40,0.01,0.02,80.0,0.018315638888734182,0,0.5766444843804609,-5.952847747119885,0.0025984302997995356,20,20,0,0
broken_power_law,40,0.01,0.02,50000.0,0.37317624894888063,1,1.8204767110092543,-3.439144351796036,0.0320921331594415,20,20,0,0
single_exp,40,0.02,0.02,138.0,0.01984109474437028,0,0.9445679203319663,-1.8598828247050634,0.15569087242311247,20,20,0,0
two_exp,40,0.02,0.02,258.0,0.01971169865212766,0,0.6615831584876077,-1.8689712582842202,0.15428229683867212,20,20,0,0
three_exp,40,0.02,0.02,517.0,0.01993903359390477,0,0.44089551460835297,-2.271681439992031,0.10313861281421122,20,20,0,0
four_exp,40,0.02,0.02,926.0,0.01995917331307581,0,0.39758904784396565,-2.2938210557245267,0.10088025538822673,20,20,0,0
power_law,40,0.02,0.02,10961.0,0.019999808684853414,0,0.3926273465110108,-4.177743524505754,0.01533306725102481,20,20,0,0
rational_decay,40,0.02,0.02,3225.0,0.02,0,0.1988940312419763,-2.8029250310555796,0.060632451189663955,20,20,0,0
mixed_pow_rat,40,0.02,0.02,13343.0,0.01999991895797558,0,0.18983669551700327,-3.112236307301444,0.044501325341364084,20,20,0,0
multiphase,40,0.02,0.02,15181.0,0.019999671445438197,0,0.1692601527906773,-3.0903661504679474,0.04548529689248782,20,20,0,0
osc_exp,40,0.02,0.02,169.0,0.01899986669920349,0,0.7820443847247016,-1.820783437605755,0.1618988635781516,20,20,0,0
damped_osc_pow,40,0.02,0.02,16832.0,0.019999375074126472,0,0.16913392992981297,-4.107367206999796,0.016451029716209382,20,20,0,0
log_slow,40,0.02,0.02,50000.0,0.3470134055140294,1,0.3123506242954225,-3.117475331317163,0.04426879148626507,20,20,0,0
delayed_plateau,40,0.02,0.02,418.0,0.019858495632124943,0,0.7552378806537613,-1.0583423332959194,0.3470305948602468,20,20,0,0
staircase,40,0.02,0.02,320.0,0.0,0,1.0842760124266653,-0.7855180441050786,0.45588347285670405,20,20,0,0
noisy_plateau,40,0.02,0.02,119.0,0.01925470177538692,0,0.5355865793777743,-6.928121108758069,0.000979840153028426,20,20,0,0
slow_osc_power,40,0.02,0.02,8207.0,0.019987082757404396,0,0.7206426824102943,-3.034456631689205,0.04810079222224052,20,20,0,0
log_oscillatory,40,0.02,0.02,50000.0,0.30497849550050343,1,0.6099579199838294,-2.4689009049395545,0.08467787691068013,20,20,0,0
heavy_noise_plat,40,0.02,0.02,80.0,0.018315638888734182,0,0.2988822681936262,-5.419079356364564,0.004431224348982771,20,20,0,0
broken_power_law,40,0.02,0.02,50000.0,0.37317624894888063,1,1.9960636269702126,-3.4458538511317522,0.03187753175239104,20,20,0,0
single_exp,50,0.0,0.02,148.0,0.019841094744370288,0,1.2873046188571964,-2.0551720549975947,0.12807079846086722,20,20,0,0
two_exp,50,0.0,0.02,268.0,0.019748456298354297,0,0.6915771012893044,-1.981193926250514,0.1379044911910074,20,20,0,0
three_exp,50,0.0,0.02,532.0,0.01991945857473637,0,0.4601681563317429,-2.3401984217695078,0.0963085266262047,20,20,0,0
four_exp,50,0.0,0.02,952.0,0.0199880566796008,0,0.40401438447555904,-2.4313128773811035,0.08792132685519041,20,20,0,0
power_law,50,0.0,0.02,13635.0,0.019999458108435668,0,0.312190471822461,-4.1597654394216805,0.015611219267181769,20,20,0,0
rational_decay,50,0.0,0.02,3726.0,0.01999466808850973,0,0.14388414743028177,-3.2806999415382636,0.037601928442457355,20,20,0,0
mixed_pow_rat,50,0.0,0.02,15852.0,0.01999979977698418,0,0.1940636296529531,-3.2395964152248258,0.03917970424073543,20,20,0,0
multiphase,50,0.0,0.02,16865.0,0.019998902069802153,0,0.15303946026863394,-3.3149022938141957,0.03633759881207843,20,20,0,0
osc_exp,50,0.0,0.02,190.0,0.019612273954622075,0,0.9212404067312989,-2.0930319069936605,0.12331269584576379,20,20,0,0
damped_osc_pow,50,0.0,0.02,21211.0,0.019999871735711394,0,0.22473797729593795,-4.021761550379041,0.01792136772552157,20,20,0,0
log_slow,50,0.0,0.02,50000.0,0.3664532001500322,1,0.346723919100965,-3.1162877427346563,0.04432139582757046,20,20,0,0
delayed_plateau,50,0.0,0.02,432.0,0.019934138372550796,0,0.8443136672950935,-1.1048708163870928,0.331253672024193,20,20,0,0
staircase,50,0.0,0.02,320.0,0.0,0,0.9201384028942095,-0.9507317500299359,0.386458129215568,20,20,0,0
noisy_plateau,50,0.0,0.02,129.0,0.01925470177538692,0,0.6472050528221998,-6.823921786731844,0.0010874478102455287,20,20,0,0
slow_osc_power,50,0.0,0.02,10719.0,0.01999530978171582,0,0.7833525565228081,-3.025349116170134,0.048540871908238435,20,20,0,0
log_oscillatory,50,0.0,0.02,50000.0,0.2560336623945213,1,0.45656834129076884,-2.5084818113295464,0.08139171346584334,20,20,0,0
heavy_noise_plat,50,0.0,0.02,90.0,0.018315638888734182,0,0.9408809425735417,-5.32812680249609,0.004853152416016964,20,20,0,0
broken_power_law,50,0.0,0.02,50000.0,0.4541733869663374,1,3.079946854411949,-3.2423281912065747,0.03907282012391958,20,20,0,0
single_exp,50,0.003,0.02,148.0,0.019841094744370288,0,1.2603484430063727,-2.0570339232150547,0.12783256935604703,20,20,0,0
two_exp,50,0.003,0.02,268.0,0.019748456298354297,0,0.6794568755749176,-1.9801612816077268,0.1380469710779369,20,20,0,0
three_exp,50,0.003,0.02,532.0,0.01991945857473637,0,0.4499268330560312,-2.3355061408229365,0.09676149518745719,20,20,0,0
four_exp,50,0.003,0.02,952.0,0.0199880566796008,0,0.3977877672108825,-2.4383967100826602,0.0873007076613754,20,20,0,0
power_law,50,0.003,0.02,13635.0,0.019999458108435668,0,0.3270899208957,-4.1565972475578645,0.015660757036190638,20,20,0,0
rational_decay,50,0.003,0.02,3726.0,0.01999466808850973,0,0.14375674708330033,-3.2644198624449765,0.03821910098922421,20,20,0,0
mixed_pow_rat,50,0.003,0.02,15852.0,0.01999979977698418,0,0.19569207850559178,-3.2435396470148707,0.03902551378958635,20,20,0,0
multiphase,50,0.003,0.02,16865.0,0.019998902069802153,0,0.15332874383201522,-3.3041693846484055,0.036729707428429424,20,20,0,0
osc_exp,50,0.003,0.02,190.0,0.019612273954622075,0,0.9288986705614315,-2.091447780145002,0.12350819360377444,20,20,0,0
damped_osc_pow,50,0.003,0.02,21211.0,0.019999871735711394,0,0.2266296573078713,-4.019913391905902,0.017954519878913867,20,20,0,0
log_slow,50,0.003,0.02,50000.0,0.3664532001500322,1,0.3586441258386397,-3.080092801315533,0.045954991767462636,20,20,0,0
delayed_plateau,50,0.003,0.02,432.0,0.019934138372550796,0,0.8434138704420362,-1.1060068540315928,0.3308775690569085,20,20,0,0
staircase,50,0.003,0.02,320.0,0.0,0,0.9194311450314403,-0.9508099780054657,0.3864278985609493,20,20,0,0
noisy_plateau,50,0.003,0.02,129.0,0.01925470177538692,0,0.7401076015221015,-6.291808860203656,0.001851407977935855,20,20,0,0
slow_osc_power,50,0.003,0.02,10719.0,0.01999530978171582,0,0.7882902943750003,-3.024388361999866,0.04858753016332027,20,20,0,0
log_oscillatory,50,0.003,0.02,50000.0,0.2560336623945213,1,0.45176542550137083,-2.506546736210601,0.08154936503007508,20,20,0,0
heavy_noise_plat,50,0.003,0.02,90.0,0.018315638888734182,0,1.494858023287982,-5.325339336688937,0.0048666992843781325,20,20,0,0
broken_power_law,50,0.003,0.02,50000.0,0.4541733869663374,1,2.522968405950916,-3.3260991149314543,0.035933002541353246,20,20,0,0
single_exp,50,0.005,0.02,148.0,0.019841094744370288,0,1.271296923648074,-2.0635730662538134,0.12699938103776434,20,20,0,0
two_exp,50,0.005,0.02,268.0,0.019748456298354297,0,0.6819607132358299,-1.9822705216252745,0.1377561037445842,20,20,0,0
three_exp,50,0.005,0.02,532.0,0.01991945857473637,0,0.45881543455205465,-2.3291856384809946,0.09737501327320958,20,20,0,0
four_exp,50,0.005,0.02,952.0,0.0199880566796008,0,0.40722680380351994,-2.417186072517334,0.08917218882204103,20,20,0,0
power_law,50,0.005,0.02,13635.0,0.019999458108435668,0,0.3092237318115024,-4.162029805234593,0.015575909747896473,20,20,0,0
rational_decay,50,0.005,0.02,3726.0,0.01999466808850973,0,0.1488742030639105,-3.273878662980622,0.03785929846904164,20,20,0,0
mixed_pow_rat,50,0.005,0.02,15852.0,0.01999979977698418,0,0.190582860335735,-3.2407530900615815,0.039134412261824444,20,20,0,0
multiphase,50,0.005,0.02,16865.0,0.019998902069802153,0,0.15359742976868318,-3.3103102769864243,0.03650484538294961,20,20,0,0
osc_exp,50,0.005,0.02,190.0,0.019612273954622075,0,0.9091849492469058,-2.089324310002924,0.12377073821936621,20,20,0,0
damped_osc_pow,50,0.005,0.02,21211.0,0.019999871735711394,0,0.21929315761275775,-4.026247597413865,0.017841151687961607,20,20,0,0
log_slow,50,0.005,0.02,50000.0,0.3664532001500322,1,0.3593889503670312,-3.0655265461798025,0.04662928292853915,20,20,0,0
delayed_plateau,50,0.005,0.02,432.0,0.019934138372550796,0,0.8340415704674106,-1.1066957077663986,0.33064972129360143,20,20,0,0
staircase,50,0.005,0.02,320.0,0.0,0,0.9169899782148302,-0.9509895817394531,0.38635850089967694,20,20,0,0
noisy_plateau,50,0.005,0.02,129.0,0.01925470177538692,0,0.9631475107285259,-6.363963035505072,0.0017225267326691565,20,20,0,0
slow_osc_power,50,0.005,0.02,10719.0,0.01999530978171582,0,0.7769781928498009,-3.031184646492361,0.048258435064228666,20,20,0,0
log_oscillatory,50,0.005,0.02,50000.0,0.2560336623945213,1,0.461604380947751,-2.5042737594020954,0.08173493566451631,20,20,0,0
heavy_noise_plat,50,0.005,0.02,90.0,0.018315638888734182,0,0.7820001512579634,-5.508271682841418,0.004053106386544639,20,20,0,0
broken_power_law,50,0.005,0.02,50000.0,0.4541733869663374,1,2.6240988060362396,-3.3128232673517384,0.03641322422797137,20,20,0,0
single_exp,50,0.01,0.02,148.0,0.019841094744370288,0,1.1511100429668946,-2.0552169968032135,0.1280650428572719,20,20,0,0
two_exp,50,0.01,0.02,268.0,0.019748456298354297,0,0.6619776106209343,-1.9860031451138203,0.1372428705251257,20,20,0,0
three_exp,50,0.01,0.02,532.0,0.01991945857473637,0,0.46626084784558497,-2.33477081950732,0.09683267214315874,20,20,0,0
four_exp,50,0.01,0.02,952.0,0.0199880566796008,0,0.3887778771250564,-2.4394671283060276,0.08720730938950588,20,20,0,0
power_law,50,0.01,0.02,13635.0,0.019999458108435668,0,0.2901469914990284,-4.150161390728228,0.01576187245949448,20,20,0,0
rational_decay,50,0.01,0.02,3726.0,0.01999466808850973,0,0.14845500292953806,-3.2740110103565416,0.03785428822178895,20,20,0,0
mixed_pow_rat,50,0.01,0.02,15852.0,0.01999979977698418,0,0.19561599968509732,-3.241896011022989,0.039089710272024694,20,20,0,0
multiphase,50,0.01,0.02,16865.0,0.019998902069802153,0,0.15869095551012144,-3.294677238484724,0.03708001111657672,20,20,0,0
osc_exp,50,0.01,0.02,190.0,0.019612273954622075,0,0.9092590546486472,-2.085361242197724,0.12426222329830774,20,20,0,0
damped_osc_pow,50,0.01,0.02,21211.0,0.019999871735711394,0,0.21303421463696218,-4.00993062313218,0.018134653318605917,20,20,0,0
log_slow,50,0.01,0.02,50000.0,0.3664532001500322,1,0.3202476726263369,-3.1687129878505296,0.04205769184658299,20,20,0,0
delayed_plateau,50,0.01,0.02,432.0,0.019934138372550796,0,0.8411471127802495,-1.1129637067229872,0.32858369088789696,20,20,0,0
staircase,50,0.01,0.02,320.0,0.0,0,0.9023902233176047,-0.9549285481269292,0.38483964108381485,20,20,0,0
noisy_plateau,50,0.01,0.02,129.0,0.01925470177538692,0,0.5646552118790589,-6.330224403508119,0.001781633919337642,20,20,0,0
slow_osc_power,50,0.01,0.02,10719.0,0.01999530978171582,0,0.8260966128690459,-2.9845379735007698,0.050562859534158844,20,20,0,0
log_oscillatory,50,0.01,0.02,50000.0,0.2560336623945213,1,0.42941187444093165,-2.5107073015771197,0.08121077841057035,20,20,0,0
heavy_noise_plat,50,0.01,0.02,90.0,0.018315638888734182,0,0.5591709148176964,-5.393152813369818,0.004547612934936725,20,20,0,0
broken_power_law,50,0.01,0.02,50000.0,0.4541733869663374,1,3.0882836378958647,-3.4380388140807514,0.032127631841963794,20,20,0,0
single_exp,50,0.02,0.02,148.0,0.019841094744370288,0,1.1037486193020583,-2.050150178637081,0.12871557180708523,20,20,0,0
two_exp,50,0.02,0.02,268.0,0.019748456298354297,0,0.6656204584684802,-1.997044373658144,0.13573587547359134,20,20,0,0
three_exp,50,0.02,0.02,532.0,0.01991945857473637,0,0.47402226192896574,-2.3910819062782256,0.09153060275515482,20,20,0,0
four_exp,50,0.02,0.02,952.0,0.0199880566796008,0,0.42833963155019694,-2.413096763249685,0.089537588086309,20,20,0,0
power_law,50,0.02,0.02,13635.0,0.019999458108435668,0,0.25768897431174986,-4.235030484449039,0.014479368795451602,20,20,0,0
rational_decay,50,0.02,0.02,3726.0,0.01999466808850973,0,0.1632389480311003,-3.201664647039814,0.04069440574190018,20,20,0,0
mixed_pow_rat,50,0.02,0.02,15852.0,0.01999979977698418,0,0.18642666107172667,-3.281167546370384,0.03758434970929121,20,20,0,0
multiphase,50,0.02,0.02,16865.0,0.019998902069802153,0,0.16266658416309449,-3.273385315704516,0.037877980858890756,20,20,0,0
osc_exp,50,0.02,0.02,190.0,0.019612273954622075,0,0.9670713861175255,-2.084944877918617,0.1243139724218272,20,20,0,0
damped_osc_pow,50,0.02,0.02,21211.0,0.019999871735711394,0,0.22091723208349134,-4.0271356917422,0.017825314096015288,20,20,0,0
log_slow,50,0.02,0.02,50000.0,0.3664532001500322,1,0.3415518463911535,-3.1861034017114056,0.041332614153387334,20,20,0,0
delayed_plateau,50,0.02,0.02,432.0,0.019934138372550796,0,0.8450946999697391,-1.1114739772678712,0.32907355648369063,20,20,0,0
staircase,50,0.02,0.02,320.0,0.0,0,0.9193440110553981,-0.9496346567450819,0.3868823424922272,20,20,0,0
noisy_plateau,50,0.02,0.02,129.0,0.01925470177538692,0,0.5474568989265363,-6.310631775554169,0.0018168850130018885,20,20,0,0
slow_osc_power,50,0.02,0.02,10719.0,0.01999530978171582,0,0.8620508077864366,-3.087032550425998,0.04563717969772496,20,20,0,0
log_oscillatory,50,0.02,0.02,50000.0,0.2560336623945213,1,0.4275232944519912,-2.498436084663252,0.08221347304753886,20,20,0,0
heavy_noise_plat,50,0.02,0.02,90.0,0.018315638888734182,0,0.37079285650883076,-5.831997730724966,0.0029322133524925893,20,20,0,0
broken_power_law,50,0.02,0.02,50000.0,0.4541733869663374,1,1.262066656553469,-3.4395569617661144,0.03207889435675765,20,20,0,0
single_exp,60,0.0,0.02,158.0,0.019841094744370277,0,1.6148226137141573,-2.228497530761245,0.10769010972325413,20,20,0,0
two_exp,60,0.0,0.02,278.0,0.019758298776852347,0,0.7402377392112023,-2.0937054749033384,0.1232296643378051,20,20,0,0
three_exp,60,0.0,0.02,545.0,0.01991788736164393,0,0.4708616470194662,-2.4211456093293244,0.08881980635385733,20,20,0,0
four_exp,60,0.0,0.02,976.0,0.01992958189077922,0,0.40222561505608556,-2.528760758311594,0.07975779825694243,20,20,0,0
power_law,60,0.0,0.02,16309.0,0.019999222483492143,0,0.360566263194246,-4.141036700179141,0.015906352835068967,20,20,0,0
rational_decay,60,0.0,0.02,4225.0,0.02,0,0.18500333876925484,-3.154503096919132,0.0426595934103223,20,20,0,0
mixed_pow_rat,60,0.0,0.02,18483.0,0.019999628660165972,0,0.18151537374624532,-3.400175703237214,0.03336740668387103,20,20,0,0
multiphase,60,0.0,0.02,18142.0,0.01999996971148377,0,0.14163823747895612,-3.4640004108981195,0.03130428121060165,20,20,0,0
osc_exp,60,0.0,0.02,191.0,0.01973077469876576,0,0.826838992430855,-2.2475634581447905,0.10565634730196924,20,20,0,0
damped_osc_pow,60,0.0,0.02,25694.0,0.019999542893180604,0,0.25995991809020536,-3.9929667300004326,0.018444911794986297,20,20,0,0
log_slow,60,0.0,0.02,50000.0,0.38250619171060757,1,0.28016739349562303,-3.3979681775079946,0.033441147455021886,20,20,0,0
delayed_plateau,60,0.0,0.02,449.0,0.01995326729332903,0,0.9069529480940728,-1.2042829774559172,0.2999069624906193,20,20,0,0
staircase,60,0.0,0.02,320.0,0.0,0,0.8539783301965596,-1.0253500276973242,0.35867089868255503,20,20,0,0
noisy_plateau,60,0.0,0.02,139.0,0.019254701775386917,0,0.9574321816384608,-6.130510898860247,0.0021754692319977103,20,20,0,0
slow_osc_power,60,0.0,0.02,16487.0,0.01999440505452484,0,0.8177364794369433,-3.239284890812422,0.03919191157641998,20,20,0,0
log_oscillatory,60,0.0,0.02,50000.0,0.29321751930860546,1,0.5135961629570552,-2.577661551843353,0.07595140494346164,20,20,0,0
heavy_noise_plat,60,0.0,0.02,100.0,0.01831563888873418,0,1.5321256415096873,-5.5042833597478555,0.004069303763061577,20,20,0,0
broken_power_law,60,0.0,0.02,50000.0,0.06831883593871105,1,0.1630771783602508,-3.7517894218180654,0.02347570031828318,20,20,0,0
single_exp,60,0.003,0.02,158.0,0.019841094744370277,0,1.6115334734130833,-2.2284290209319715,0.10769748780701849,20,20,0,0
two_exp,60,0.003,0.02,278.0,0.019758298776852347,0,0.7286217176802694,-2.09456715990657,0.12312352492003162,20,20,0,0
three_exp,60,0.003,0.02,545.0,0.01991788736164393,0,0.4722630914471209,-2.4149146835176256,0.08937496375400647,20,20,0,0
four_exp,60,0.003,0.02,976.0,0.01992958189077922,0,0.4079084694986893,-2.528266901593521,0.07979719690927412,20,20,0,0
power_law,60,0.003,0.02,16309.0,0.019999222483492143,0,0.37104837773894694,-4.143253586652371,0.01587112931432957,20,20,0,0
rational_decay,60,0.003,0.02,4225.0,0.02,0,0.18642065740452546,-3.1632968105592103,0.04228610175800911,20,20,0,0
mixed_pow_rat,60,0.003,0.02,18483.0,0.019999628660165972,0,0.18128410898254105,-3.406704003134922,0.033150283739202924,20,20,0,0
multiphase,60,0.003,0.02,18142.0,0.01999996971148377,0,0.14068467338482213,-3.473202371341005,0.031017541759081977,20,20,0,0
osc_exp,60,0.003,0.02,191.0,0.01973077469876576,0,0.8230062750369338,-2.250780933933085,0.10531694686178857,20,20,0,0
damped_osc_pow,60,0.003,0.02,25694.0,0.019999542893180604,0,0.2685675192809204,-3.9930609360210783,0.01844317425508957,20,20,0,0
log_slow,60,0.003,0.02,50000.0,0.38250619171060757,1,0.26583324481943027,-3.4497646068232717,0.031753109963843285,20,20,0,0
delayed_plateau,60,0.003,0.02,449.0,0.01995326729332903,0,0.8977028469458266,-1.2061965162840282,0.29933362759730764,20,20,0,0
staircase,60,0.003,0.02,320.0,0.0,0,0.8508619072122676,-1.026341055718099,0.35831562184545207,20,20,0,0
noisy_plateau,60,0.003,0.02,139.0,0.019254701775386917,0,0.7419345681132612,-6.241389027261302,0.0019471490005200983,20,20,0,0
slow_osc_power,60,0.003,0.02,16487.0,0.01999440505452484,0,0.8243037956068769,-3.2448307278026487,0.03897516121011779,20,20,0,0
log_oscillatory,60,0.003,0.02,50000.0,0.29321751930860546,1,0.5195346642490699,-2.579163794718348,0.07583739314468689,20,20,0,0
heavy_noise_plat,60,0.003,0.02,100.0,0.01831563888873418,0,0.7560240831988373,-5.436960840256846,0.004352691714720386,20,20,0,0
broken_power_law,60,0.003,0.02,50000.0,0.06831883593871105,1,0.160966692247275,-3.7486329116405517,0.023549918679144594,20,20,0,0
single_exp,60,0.005,0.02,158.0,0.019841094744370277,0,1.585077176330071,-2.224038684055104,0.10817135551757379,20,20,0,0
two_exp,60,0.005,0.02,278.0,0.019758298776852347,0,0.7515708721033489,-2.1002320642472956,0.1224280137912507,20,20,0,0
three_exp,60,0.005,0.02,545.0,0.01991788736164393,0,0.4694240654011235,-2.4228549026079484,0.08866811693363358,20,20,0,0
four_exp,60,0.005,0.02,976.0,0.01992958189077922,0,0.40080857768825195,-2.5064494090753895,0.08155730238240538,20,20,0,0
power_law,60,0.005,0.02,16309.0,0.019999222483492143,0,0.36765945529413363,-4.143826201010602,0.015862043879276377,20,20,0,0
rational_decay,60,0.005,0.02,4225.0,0.02,0,0.19060864725973714,-3.140349437904798,0.04326767589400852,20,20,0,0
mixed_pow_rat,60,0.005,0.02,18483.0,0.019999628660165972,0,0.18800188000495816,-3.3930304001178446,0.03360668074376016,20,20,0,0
multiphase,60,0.005,0.02,18142.0,0.01999996971148377,0,0.1435669354083608,-3.454287867889153,0.03160980670118814,20,20,0,0
osc_exp,60,0.005,0.02,191.0,0.01973077469876576,0,0.8276580677778214,-2.2433725674925267,0.1061000706487958,20,20,0,0
damped_osc_pow,60,0.005,0.02,25694.0,0.019999542893180604,0,0.28654428432839935,-4.000361167659571,0.018309025066724376,20,20,0,0
log_slow,60,0.005,0.02,50000.0,0.38250619171060757,1,0.2981132318945327,-3.3512928845448355,0.035039023391663544,20,20,0,0
delayed_plateau,60,0.005,0.02,449.0,0.01995326729332903,0,0.9024487938855075,-1.2061833883346211,0.2993375572598207,20,20,0,0
staircase,60,0.005,0.02,320.0,0.0,0,0.84325841058704,-1.0279408724619568,0.3577428408085499,20,20,0,0
noisy_plateau,60,0.005,0.02,139.0,0.019254701775386917,0,0.7429627213040159,-5.977386933525036,0.002535442924519569,20,20,0,0
slow_osc_power,60,0.005,0.02,16487.0,0.01999440505452484,0,0.7777306779423294,-3.2498924792217636,0.03877837708886045,20,20,0,0
log_oscillatory,60,0.005,0.02,50000.0,0.29321751930860546,1,0.5064048396508254,-2.577758327570162,0.07594405504669763,20,20,0,0
heavy_noise_plat,60,0.005,0.02,100.0,0.01831563888873418,0,1.0491512670481413,-5.5778654542625405,0.003780626833000768,20,20,0,0
broken_power_law,60,0.005,0.02,50000.0,0.06831883593871105,1,0.15596415423572774,-3.8057922373195057,0.022241569582896626,20,20,0,0
single_exp,60,0.01,0.02,158.0,0.019841094744370277,0,1.4730324493658178,-2.238947160882876,0.10657064708076633,20,20,0,0
two_exp,60,0.01,0.02,278.0,0.019758298776852347,0,0.7324134084013441,-2.112276174277775,0.12096232151963646,20,20,0,0
three_exp,60,0.01,0.02,545.0,0.01991788736164393,0,0.45748376377913497,-2.4016958235030197,0.09056424202250515,20,20,0,0
four_exp,60,0.01,0.02,976.0,0.01992958189077922,0,0.41628588464265526,-2.499580999446814,0.08211939949021821,20,20,0,0
power_law,60,0.01,0.02,16309.0,0.019999222483492143,0,0.34736960882493906,-4.153465972465423,0.0157098720307759,20,20,0,0
rational_decay,60,0.01,0.02,4225.0,0.02,0,0.18041964999841242,-3.1619469866315595,0.04234321909046774,20,20,0,0
mixed_pow_rat,60,0.01,0.02,18483.0,0.019999628660165972,0,0.1749176128179757,-3.4173619207396575,0.03279884686582868,20,20,0,0
multiphase,60,0.01,0.02,18142.0,0.01999996971148377,0,0.14652688376385778,-3.4442161711043897,0.03192977972051308,20,20,0,0
osc_exp,60,0.01,0.02,191.0,0.01973077469876576,0,0.8485791131187588,-2.2565160522556225,0.10471467042430159,20,20,0,0
damped_osc_pow,60,0.01,0.02,25694.0,0.019999542893180604,0,0.256545468655501,-3.995424576836086,0.018399632694238624,20,20,0,0
log_slow,60,0.01,0.02,50000.0,0.38250619171060757,1,0.2161286114781177,-3.630359832961482,0.026506644728179835,20,20,0,0
delayed_plateau,60,0.01,0.02,449.0,0.01995326729332903,0,0.9088755762418622,-1.2045448554554314,0.2998284337381669,20,20,0,0
staircase,60,0.01,0.02,320.0,0.0,0,0.8415304748974619,-1.0255112801248414,0.3586130667923544,20,20,0,0
noisy_plateau,60,0.01,0.02,139.0,0.019254701775386917,0,0.6232699270209868,-6.097870596064877,0.0022476487794309795,20,20,0,0
slow_osc_power,60,0.01,0.02,16487.0,0.01999440505452484,0,0.8148150637079103,-3.2380834164667402,0.03923902795162745,20,20,0,0
log_oscillatory,60,0.01,0.02,50000.0,0.29321751930860546,1,0.5278795829801294,-2.5847762665703313,0.07541295011177873,20,20,0,0
heavy_noise_plat,60,0.01,0.02,100.0,0.01831563888873418,0,0.5846373964283608,-5.735994323081736,0.0032276714240543278,20,20,0,0
broken_power_law,60,0.01,0.02,50000.0,0.06831883593871105,1,0.15790984090472743,-3.808767004290109,0.022175504409294076,20,20,0,0
single_exp,60,0.02,0.02,158.0,0.019841094744370277,0,1.523341135239438,-2.2463047055210428,0.10578942624551438,20,20,0,0
two_exp,60,0.02,0.02,278.0,0.019758298776852347,0,0.6891560996046286,-2.0647850703953985,0.12684555050242163,20,20,0,0
three_exp,60,0.02,0.02,545.0,0.01991788736164393,0,0.4481122288998445,-2.4312984773673616,0.08792259293262106,20,20,0,0
four_exp,60,0.02,0.02,976.0,0.01992958189077922,0,0.41101442261351656,-2.547260918846161,0.07829583119498135,20,20,0,0
power_law,60,0.02,0.02,16309.0,0.019999222483492143,0,0.4683210424840829,-4.175188272678765,0.015372297198984062,20,20,0,0
rational_decay,60,0.02,0.02,4225.0,0.02,0,0.18398178540795734,-3.194961705769002,0.040968094187706895,20,20,0,0
mixed_pow_rat,60,0.02,0.02,18483.0,0.019999628660165972,0,0.19694457280102967,-3.3733332927555058,0.03427519745124337,20,20,0,0
multiphase,60,0.02,0.02,18142.0,0.01999996971148377,0,0.14387602131040603,-3.453337941205049,0.03163984796629364,20,20,0,0
osc_exp,60,0.02,0.02,191.0,0.01973077469876576,0,0.8677231668051125,-2.227065042643331,0.10784448506987591,20,20,0,0
damped_osc_pow,60,0.02,0.02,25694.0,0.019999542893180604,0,0.21821712982750074,-4.019426999766783,0.017963254940405047,20,20,0,0
log_slow,60,0.02,0.02,50000.0,0.38250619171060757,1,0.2004030203130215,-3.706273271503735,0.024568914544603748,20,20,0,0
delayed_plateau,60,0.02,0.02,449.0,0.01995326729332903,0,0.8947597384680296,-1.2131660195521148,0.2972546739538729,20,20,0,0
staircase,60,0.02,0.02,320.0,0.0,0,0.8390556762508965,-1.0320207338292922,0.35628627293081394,20,20,0,0
noisy_plateau,60,0.02,0.02,139.0,0.019254701775386917,0,1.6421890017117335,-6.269121789131973,0.0018938910888249023,20,20,0,0
slow_osc_power,60,0.02,0.02,16487.0,0.01999440505452484,0,0.8275216320804071,-3.244205719791873,0.0389995286122129,20,20,0,0
log_oscillatory,60,0.02,0.02,50000.0,0.29321751930860546,1,0.44713587058957593,-2.7437686809051143,0.06432745982919176,20,20,0,0
heavy_noise_plat,60,0.02,0.02,100.0,0.01831563888873418,0,0.2191699750137428,-5.580506774244269,0.003770654164106031,20,20,0,0
broken_power_law,60,0.02,0.02,50000.0,0.06831883593871105,1,0.1260342812066323,-4.042036762862559,0.017561667013267168,20,20,0,0
single_exp,70,0.0,0.02,168.0,0.019841094744370295,0,0.774293967790083,-3.3635263188469553,0.03461298705800063,20,20,0,0
two_exp,70,0.0,0.02,288.0,0.01976092971100544,0,0.38014173356078096,-2.9402685434845313,0.05285153389739401,20,20,0,0
three_exp,70,0.0,0.02,557.0,0.019887952844466893,0,0.267172529269034,-3.082280721302317,0.045854555835439154,20,20,0,0
four_exp,70,0.0,0.02,997.0,0.019926813270076085,0,0.18555746557199765,-3.3862675451797437,0.033834728107031906,20,20,0,0
power_law,70,0.0,0.02,18982.0,0.01999979069716895,0,0.10007609953800911,-5.529046346010476,0.003969773074427862,20,20,0,0
rational_decay,70,0.0,0.02,4725.0,0.02,0,0.3335900535740346,-2.676189749731659,0.06882489526369556,20,20,0,0
mixed_pow_rat,70,0.0,0.02,21237.0,0.01999989886775791,0,0.14795992529505883,-3.688541049437347,0.025008461548547786,20,20,0,0
multiphase,70,0.0,0.02,19128.0,0.01999910276681516,0,0.10692276823669954,-3.797118661812153,0.0224353225669615,20,20,0,0
osc_exp,70,0.0,0.02,199.0,0.018889006820090534,0,0.41507555122818796,-3.3347362776720155,0.035623979811554345,20,20,0,0
damped_osc_pow,70,0.0,0.02,30271.0,0.019999822758896727,0,0.15169354081487801,-4.63087110516226,0.00974626538133146,20,20,0,0
log_slow,70,0.0,0.02,50000.0,0.3961792165921883,1,0.2071235049757209,-3.75755361732992,0.023340771044823037,20,20,0,0
delayed_plateau,70,0.0,0.02,461.0,0.01999576341507748,0,0.6868643668118521,-1.6044075854065314,0.2010086000728005,20,20,0,0
staircase,70,0.0,0.02,320.0,0.0,0,0.6729073945693949,-1.6691132355551803,0.18841407047943057,20,20,0,0
noisy_plateau,70,0.0,0.02,149.0,0.019254701775386917,0,0.597718567544298,-6.142579717318723,0.002149371688802283,20,20,0,0
slow_osc_power,70,0.0,0.02,23641.0,0.019996082256482587,0,1.2147785911215923,-3.098500452593701,0.045116806483263466,20,20,0,0
log_oscillatory,70,0.0,0.02,50000.0,0.3989157148287635,1,1.2379842903572111,-2.1676822900133326,0.11444255441936049,20,20,0,0
heavy_noise_plat,70,0.0,0.02,110.0,0.01831563888873418,0,0.33759291589563634,-6.540616178449429,0.0014435987104994066,20,20,0,0
broken_power_law,70,0.0,0.02,50000.0,0.07259586150296388,1,1.3221270795901372,-1.7243394831131647,0.17829077695782963,20,20,0,0
single_exp,70,0.003,0.02,168.0,0.019841094744370295,0,0.74723180040635,-3.362418202852119,0.034651363521448215,20,20,0,0
two_exp,70,0.003,0.02,288.0,0.01976092971100544,0,0.3795493445962189,-2.9317731741509223,0.053302439791885536,20,20,0,0
three_exp,70,0.003,0.02,557.0,0.019887952844466893,0,0.2653592932147551,-3.085243131802876,0.0457189168261424,20,20,0,0
four_exp,70,0.003,0.02,997.0,0.019926813270076085,0,0.1839560018069964,-3.396027647293293,0.03350610401677433,20,20,0,0
power_law,70,0.003,0.02,18982.0,0.01999979069716895,0,0.13950201614246838,-5.160424676072821,0.0057392618408641976,20,20,0,0
rational_decay,70,0.003,0.02,4725.0,0.02,0,0.33224913303498504,-2.678630405101604,0.06865712223483875,20,20,0,0
mixed_pow_rat,70,0.003,0.02,21237.0,0.01999989886775791,0,0.1539678134303244,-3.6813319099645834,0.025189402466357126,20,20,0,0
multiphase,70,0.003,0.02,19128.0,0.01999910276681516,0,0.1171082400545115,-3.7011565160166695,0.02469494984383619,20,20,0,0
osc_exp,70,0.003,0.02,199.0,0.018889006820090534,0,0.4141857598643229,-3.3480271921679994,0.03515363710795476,20,20,0,0
damped_osc_pow,70,0.003,0.02,30271.0,0.019999822758896727,0,0.12079534310912132,-4.90457735980353,0.00741257527324313,20,20,0,0
log_slow,70,0.003,0.02,50000.0,0.3961792165921883,1,0.23716008010206333,-3.6400920293323717,0.02624992809116697,20,20,0,0
delayed_plateau,70,0.003,0.02,461.0,0.01999576341507748,0,0.681202739107073,-1.6068679761060238,0.20051464828902976,20,20,0,0
staircase,70,0.003,0.02,320.0,0.0,0,0.6738514654368928,-1.671002563059527,0.1880584306597041,20,20,0,0
noisy_plateau,70,0.003,0.02,149.0,0.019254701775386917,0,1.3374632555885562,-5.973872240499075,0.0025443699066954664,20,20,0,0
slow_osc_power,70,0.003,0.02,23641.0,0.019996082256482587,0,1.1678775467112887,-3.1096999002767705,0.04461434208320638,20,20,0,0
log_oscillatory,70,0.003,0.02,50000.0,0.3989157148287635,1,1.22301133435669,-2.1696739231907736,0.11421485365453321,20,20,0,0
heavy_noise_plat,70,0.003,0.02,110.0,0.01831563888873418,0,0.3487726378039548,-6.964868939620111,0.0009444867123032247,20,20,0,0
broken_power_law,70,0.003,0.02,50000.0,0.07259586150296388,1,1.3190685906470518,-1.721338976839177,0.1788265429353141,20,20,0,0
single_exp,70,0.005,0.02,168.0,0.019841094744370295,0,0.8006560790138249,-3.3697713551373973,0.034397501256365454,20,20,0,0
two_exp,70,0.005,0.02,288.0,0.01976092971100544,0,0.38345540518366006,-2.926181486840377,0.053601325226266615,20,20,0,0
three_exp,70,0.005,0.02,557.0,0.019887952844466893,0,0.2561778186916692,-3.0878842804772697,0.045598325689233304,20,20,0,0
four_exp,70,0.005,0.02,997.0,0.019926813270076085,0,0.18438753737727467,-3.377920955332331,0.03411831454864843,20,20,0,0
power_law,70,0.005,0.02,18982.0,0.01999979069716895,0,0.16982060933545615,-4.969644565000768,0.006945616311192445,20,20,0,0
rational_decay,70,0.005,0.02,4725.0,0.02,0,0.34584659870032175,-2.674022767503749,0.06897419929974079,20,20,0,0
mixed_pow_rat,70,0.005,0.02,21237.0,0.01999989886775791,0,0.15627494054506527,-3.6451644671187413,0.0261171140941674,20,20,0,0
multiphase,70,0.005,0.02,19128.0,0.01999910276681516,0,0.11260145930427115,-3.7623990231346536,0.023227949092123418,20,20,0,0
osc_exp,70,0.005,0.02,199.0,0.018889006820090534,0,0.41754472041746904,-3.342746937467328,0.03533974819008307,20,20,0,0
damped_osc_pow,70,0.005,0.02,30271.0,0.019999822758896727,0,0.09083155777338081,-5.17112194336402,0.00567819463136307,20,20,0,0
log_slow,70,0.005,0.02,50000.0,0.3961792165921883,1,0.2677860788696392,-3.5113826756668507,0.0298556052659944,20,20,0,0
delayed_plateau,70,0.005,0.02,461.0,0.01999576341507748,0,0.6742525137449704,-1.609995276501449,0.19988855824622986,20,20,0,0
staircase,70,0.005,0.02,320.0,0.0,0,0.6633756134239475,-1.6708552151695322,0.18808614271426383,20,20,0,0
noisy_plateau,70,0.005,0.02,149.0,0.019254701775386917,0,0.7933600152537917,-6.079841745500478,0.002288538795827812,20,20,0,0
slow_osc_power,70,0.005,0.02,23641.0,0.019996082256482587,0,1.1143889139766667,-3.133565823360994,0.043562184917950664,20,20,0,0
log_oscillatory,70,0.005,0.02,50000.0,0.3989157148287635,1,1.2313629896969231,-2.1600675236848015,0.11531733412384339,20,20,0,0
heavy_noise_plat,70,0.005,0.02,110.0,0.01831563888873418,0,0.3345368372156754,-6.66979334644842,0.001268660897199743,20,20,0,0
broken_power_law,70,0.005,0.02,50000.0,0.07259586150296388,1,1.3121190615545064,-1.7293896614975293,0.17739264649827058,20,20,0,0
single_exp,70,0.01,0.02,168.0,0.019841094744370295,0,0.8126346002490342,-3.3665260661682375,0.03450931241939441,20,20,0,0
two_exp,70,0.01,0.02,288.0,0.01976092971100544,0,0.39423147469238173,-2.9466414594787746,0.05251578649303859,20,20,0,0
three_exp,70,0.01,0.02,557.0,0.019887952844466893,0,0.2691517189552614,-3.0803816090688616,0.045941721525902604,20,20,0,0
four_exp,70,0.01,0.02,997.0,0.019926813270076085,0,0.19137870770807192,-3.391820956909791,0.03364735070457736,20,20,0,0
power_law,70,0.01,0.02,18982.0,0.01999979069716895,0,0.37651198796719765,-4.360521280888084,0.012771728256131588,20,20,0,0
rational_decay,70,0.01,0.02,4725.0,0.02,0,0.33860656983496784,-2.681937918404553,0.06843041301825617,20,20,0,0
mixed_pow_rat,70,0.01,0.02,21237.0,0.01999989886775791,0,0.15300708634730165,-3.6560999764062183,0.02583306608590447,20,20,0,0
multiphase,70,0.01,0.02,19128.0,0.01999910276681516,0,0.11890609031122368,-3.635840236529093,0.02636177495285754,20,20,0,0
osc_exp,70,0.01,0.02,199.0,0.018889006820090534,0,0.44927742685982275,-3.323389625494029,0.036030494649469114,20,20,0,0
damped_osc_pow,70,0.01,0.02,30271.0,0.019999822758896727,0,0.20984832357653022,-4.334858899723128,0.013103722881481506,20,20,0,0
log_slow,70,0.01,0.02,50000.0,0.3961792165921883,1,0.27318031708774465,-3.4618496932991802,0.031371680331381,20,20,0,0
delayed_plateau,70,0.01,0.02,461.0,0.01999576341507748,0,0.6774090621403419,-1.6197226754319312,0.19795358886565018,20,20,0,0
staircase,70,0.01,0.02,320.0,0.0,0,0.6717029717355294,-1.6671117594158449,0.18879155438230874,20,20,0,0
noisy_plateau,70,0.01,0.02,149.0,0.019254701775386917,0,0.8701263280571583,-6.205184263117499,0.00201893675891249,20,20,0,0
slow_osc_power,70,0.01,0.02,23641.0,0.019996082256482587,0,1.522148381452301,-3.0690899776452305,0.0464634183735413,20,20,0,0
log_oscillatory,70,0.01,0.02,50000.0,0.3989157148287635,1,1.2165662160470738,-2.174862133001189,0.1136238175656931,20,20,0,0
heavy_noise_plat,70,0.01,0.02,110.0,0.01831563888873418,0,0.3190197332613307,-6.34254214339384,0.0017598228236259251,20,20,0,0
broken_power_law,70,0.01,0.02,50000.0,0.07259586150296388,1,1.301388335624635,-1.707071046907765,0.18139631660034808,20,20,0,0
single_exp,70,0.02,0.02,168.0,0.019841094744370295,0,0.7514548211885008,-3.365698092953435,0.03453789703775511,20,20,0,0
two_exp,70,0.02,0.02,288.0,0.01976092971100544,0,0.36298347928390307,-2.9539063772522858,0.052135646138516206,20,20,0,0
three_exp,70,0.02,0.02,557.0,0.019887952844466893,0,0.28232721332297084,-3.0583114586843956,0.04696693391063545,20,20,0,0
four_exp,70,0.02,0.02,997.0,0.019926813270076085,0,0.1680532062248586,-3.3911904931940486,0.03366857082688314,20,20,0,0
power_law,70,0.02,0.02,18982.0,0.01999979069716895,0,0.3075907920244789,-4.454332087299541,0.011628083826390976,20,20,0,0
rational_decay,70,0.02,0.02,4725.0,0.02,0,0.3245540267253362,-2.666558603226339,0.06949096024930483,20,20,0,0
mixed_pow_rat,70,0.02,0.02,21237.0,0.01999989886775791,0,0.15356873148683886,-3.5639000923003654,0.028328126679478045,20,20,0,0
multiphase,70,0.02,0.02,19128.0,0.01999910276681516,0,0.2848545048980536,-3.007625525907587,0.049408859641076275,20,20,0,0
osc_exp,70,0.02,0.02,199.0,0.018889006820090534,0,0.4271667837876734,-3.265323955257448,0.0381845629898518,20,20,0,0
damped_osc_pow,70,0.02,0.02,30271.0,0.019999822758896727,0,0.3257589277240318,-3.735341703066892,0.023865014926545164,20,20,0,0
log_slow,70,0.02,0.02,50000.0,0.3961792165921883,1,0.38134067381829384,-3.1079472441585994,0.04469260424611217,20,20,0,0
delayed_plateau,70,0.02,0.02,461.0,0.01999576341507748,0,0.6760555105260508,-1.64098204038759,0.19378963956186282,20,20,0,0
staircase,70,0.02,0.02,320.0,0.0,0,0.6662509943608829,-1.6814102729393712,0.18611132311408696,20,20,0,0
noisy_plateau,70,0.02,0.02,149.0,0.019254701775386917,0,0.9692261844057033,-6.337903380482782,0.001768005187821553,20,20,0,0
slow_osc_power,70,0.02,0.02,23641.0,0.019996082256482587,0,1.169596937410761,-2.9765933142933307,0.050966164159313404,20,20,0,0
log_oscillatory,70,0.02,0.02,50000.0,0.3989157148287635,1,1.178018115763352,-2.1712027407967813,0.1140403733836377,20,20,0,0
heavy_noise_plat,70,0.02,0.02,110.0,0.01831563888873418,0,0.31480002165325177,-5.525967651070684,0.003982013627500261,20,20,0,0
broken_power_law,70,0.02,0.02,50000.0,0.07259586150296388,1,1.324975303358594,-1.7176692638670308,0.17948399060399783,20,20,0,0
single_exp,80,0.0,0.02,178.0,0.019841094744370288,0,1.0221414476500224,-3.48582275970047,0.03062854812453565,20,20,0,0
two_exp,80,0.0,0.02,298.0,0.0197616326449827,0,0.30754056519726025,-3.3322420002125006,0.03571294680948021,20,20,0,0
three_exp,80,0.0,0.02,568.0,0.019902250856929836,0,0.2287374706827143,-3.3263336766327085,0.03592457502357107,20,20,0,0
four_exp,80,0.0,0.02,1016.0,0.019936688853291175,0,0.1805469986183313,-3.4901465892916606,0.030496401397662645,20,20,0,0
power_law,80,0.0,0.02,21656.0,0.019999572183251026,0,0.05380532551724396,-6.2418430597587795,0.0019462651322640703,20,20,0,0
rational_decay,80,0.0,0.02,5225.0,0.02,0,0.44934036698088997,-2.4784054067032604,0.08387686850309944,20,20,0,0
mixed_pow_rat,80,0.0,0.02,24115.0,0.019999517529995403,0,0.18446508967976316,-3.544147675171495,0.0288932384423099,20,20,0,0
multiphase,80,0.0,0.02,19920.0,0.01999996845549099,0,0.6452956212174494,-2.039450871039271,0.13010013301748327,20,20,0,0
osc_exp,80,0.0,0.02,221.0,0.01948234288455035,0,0.6872465073886669,-3.306486652259516,0.03664469340520306,20,20,0,0
damped_osc_pow,80,0.0,0.02,34938.0,0.01999970009673041,0,0.09257294039152467,-5.211024013320327,0.005456083723620634,20,20,0,0
log_slow,80,0.0,0.02,50000.0,0.40808770181817744,1,0.20377296862650862,-3.8233967893067424,0.021853443134980485,20,20,0,0
delayed_plateau,80,0.0,0.02,472.0,0.01983961271889642,0,0.4693653705650341,-2.087163758565514,0.12403844035371525,20,20,0,0
staircase,80,0.0,0.02,320.0,0.0,0,0.4994875111170877,-1.9671383597875838,0.13985650311278458,20,20,0,0
noisy_plateau,80,0.0,0.02,159.0,0.019254701775386924,0,0.7192854755326197,-6.838581578890302,0.0010716223338807437,20,20,0,0
slow_osc_power,80,0.0,0.02,32012.0,0.019997515579181474,0,2.243913143191941,-2.6835349036738334,0.06832121787142298,20,20,0,0
log_oscillatory,80,0.0,0.02,50000.0,0.37931830768548513,1,0.260692883928048,-3.643121378604006,0.02617052821632082,20,20,0,0
heavy_noise_plat,80,0.0,0.02,120.0,0.01831563888873418,0,0.9673149895217041,-7.016924988416908,0.0008965782467987068,20,20,0,0
broken_power_law,80,0.0,0.02,50000.0,0.07652485784235787,1,4.904055788385005,-0.47047203521327546,0.6247073148233806,20,20,0,0
single_exp,80,0.003,0.02,178.0,0.019841094744370288,0,1.080035491781778,-3.487780553456589,0.03056864240491503,20,20,0,0
two_exp,80,0.003,0.02,298.0,0.0197616326449827,0,0.31344063607406364,-3.3250122092525554,0.03597207955854427,20,20,0,0
three_exp,80,0.003,0.02,568.0,0.019902250856929836,0,0.2253487306852926,-3.339749487540426,0.03544583623307974,20,20,0,0
four_exp,80,0.003,0.02,1016.0,0.019936688853291175,0,0.1838036370361445,-3.4752757881790934,0.030953296092762067,20,20,0,0
power_law,80,0.003,0.02,21656.0,0.019999572183251026,0,0.15271537535845964,-5.137968328669083,0.005869602711141904,20,20,0,0
rational_decay,80,0.003,0.02,5225.0,0.02,0,0.457874598090781,-2.4758271530771885,0.08409340336440746,20,20,0,0
mixed_pow_rat,80,0.003,0.02,24115.0,0.019999517529995403,0,0.18808295673397624,-3.5305426607834867,0.029289017552522383,20,20,0,0
multiphase,80,0.003,0.02,19920.0,0.01999996845549099,0,0.6515824854902806,-2.025193423989352,0.131968314881084,20,20,0,0
osc_exp,80,0.003,0.02,221.0,0.01948234288455035,0,0.6839988240996329,-3.304572749674244,0.0367148949366649,20,20,0,0
damped_osc_pow,80,0.003,0.02,34938.0,0.01999970009673041,0,0.10226700977032599,-5.152174566809476,0.005786807235815555,20,20,0,0
log_slow,80,0.003,0.02,50000.0,0.40808770181817744,1,0.26680754525183603,-3.5571973693851717,0.02851864002915682,20,20,0,0
delayed_plateau,80,0.003,0.02,472.0,0.01983961271889642,0,0.46379161995541174,-2.096202450562298,0.12292234670748728,20,20,0,0
staircase,80,0.003,0.02,320.0,0.0,0,0.5005940908510542,-1.9686870980809181,0.1396400696335119,20,20,0,0
noisy_plateau,80,0.003,0.02,159.0,0.019254701775386924,0,0.3444336433243603,-6.8650631996422815,0.0010436164942903559,20,20,0,0
slow_osc_power,80,0.003,0.02,32012.0,0.019997515579181474,0,2.1349844867818075,-2.689657375522332,0.06790420102793615,20,20,0,0
log_oscillatory,80,0.003,0.02,50000.0,0.37931830768548513,1,0.257037208116754,-3.6702157010704157,0.02547097523747173,20,20,0,0
heavy_noise_plat,80,0.003,0.02,120.0,0.01831563888873418,0,0.17891641244631237,-7.069253957026026,0.0008508676562743274,20,20,0,0
broken_power_law,80,0.003,0.02,50000.0,0.07652485784235787,1,4.870496859317516,-0.4734018688660714,0.6228797049131116,20,20,0,0
single_exp,80,0.005,0.02,178.0,0.019841094744370288,0,1.0659486592548602,-3.4950115984804966,0.030348396439296686,20,20,0,0
two_exp,80,0.005,0.02,298.0,0.0197616326449827,0,0.3133067967044261,-3.35468465278914,0.034920380463210735,20,20,0,0
three_exp,80,0.005,0.02,568.0,0.019902250856929836,0,0.22392242253237973,-3.334820307751003,0.03562098645148483,20,20,0,0
four_exp,80,0.005,0.02,1016.0,0.019936688853291175,0,0.16912854853930556,-3.565618996046877,0.02827947518199662,20,20,0,0
power_law,80,0.005,0.02,21656.0,0.019999572183251026,0,0.3157779167079485,-4.543140738980697,0.010639936756963656,20,20,0,0
rational_decay,80,0.005,0.02,5225.0,0.02,0,0.4427470353300591,-2.4814628012095667,0.08362081545318402,20,20,0,0
mixed_pow_rat,80,0.005,0.02,24115.0,0.019999517529995403,0,0.1899832089536845,-3.5513515393563746,0.02868584339648928,20,20,0,0
multiphase,80,0.005,0.02,19920.0,0.01999996845549099,0,0.6390927984881596,-2.0442651308784927,0.1294753024272411,20,20,0,0
osc_exp,80,0.005,0.02,221.0,0.01948234288455035,0,0.6754833831856046,-3.3017487622912185,0.036818723873536865,20,20,0,0
damped_osc_pow,80,0.005,0.02,34938.0,0.01999970009673041,0,0.27284297357380294,-4.105560920325442,0.016480771845284316,20,20,0,0
log_slow,80,0.005,0.02,50000.0,0.40808770181817744,1,0.26055362654503456,-3.5699771553822015,0.028156496897363215,20,20,0,0
delayed_plateau,80,0.005,0.02,472.0,0.01983961271889642,0,0.4621377316562311,-2.0866474389670215,0.12410250036773351,20,20,0,0
staircase,80,0.005,0.02,320.0,0.0,0,0.5014506083058095,-1.9666104397592117,0.13993035565427858,20,20,0,0
noisy_plateau,80,0.005,0.02,159.0,0.019254701775386924,0,0.2355752998441501,-7.507325142375613,0.0005490477508459553,20,20,0,0
slow_osc_power,80,0.005,0.02,32012.0,0.019997515579181474,0,2.375578898379647,-2.6758148496115455,0.06885070256247416,20,20,0,0
log_oscillatory,80,0.005,0.02,50000.0,0.37931830768548513,1,0.22904878136241166,-3.7774243164547183,0.022881551225424852,20,20,0,0
heavy_noise_plat,80,0.005,0.02,120.0,0.01831563888873418,0,0.28577335163363116,-6.6788082456320135,0.0012572754435779682,20,20,0,0
broken_power_law,80,0.005,0.02,50000.0,0.07652485784235787,1,4.867187302739188,-0.47222498370988564,0.6236131943236525,20,20,0,0
single_exp,80,0.01,0.02,178.0,0.019841094744370288,0,1.0588289500566515,-3.4688541993281854,0.031152705009640527,20,20,0,0
two_exp,80,0.01,0.02,298.0,0.0197616326449827,0,0.32713690336549905,-3.2900394741159054,0.03725237886247102,20,20,0,0
three_exp,80,0.01,0.02,568.0,0.019902250856929836,0,0.22734581936578402,-3.3051385190688407,0.036694128647803186,20,20,0,0
four_exp,80,0.01,0.02,1016.0,0.019936688853291175,0,0.16395862498005886,-3.5720949550092937,0.028096930176187137,20,20,0,0
power_law,80,0.01,0.02,21656.0,0.019999572183251026,0,0.20965193821856984,-4.667961182240202,0.009391397369033504,20,20,0,0
rational_decay,80,0.01,0.02,5225.0,0.02,0,0.45594677314584175,-2.459090505263923,0.08551268895128801,20,20,0,0
mixed_pow_rat,80,0.01,0.02,24115.0,0.019999517529995403,0,0.17552845351083615,-3.591445451669577,0.027558467187592348,20,20,0,0
multiphase,80,0.01,0.02,19920.0,0.01999996845549099,0,0.6534852703385607,-2.0089075252926882,0.13413513389387977,20,20,0,0
osc_exp,80,0.01,0.02,221.0,0.01948234288455035,0,0.7570467895661775,-3.316458081908626,0.036281109162822636,20,20,0,0
damped_osc_pow,80,0.01,0.02,34938.0,0.01999970009673041,0,0.27067119799286643,-4.146593356305178,0.015818211813608384,20,20,0,0
log_slow,80,0.01,0.02,50000.0,0.40808770181817744,1,0.4584199792838829,-3.0845854418040433,0.04574899559066349,20,20,0,0
delayed_plateau,80,0.01,0.02,472.0,0.01983961271889642,0,0.45985932449991596,-2.0985435697792645,0.12263490743550147,20,20,0,0
staircase,80,0.01,0.02,320.0,0.0,0,0.5009773775826926,-1.9809812416884622,0.1379338244665782,20,20,0,0
noisy_plateau,80,0.01,0.02,159.0,0.019254701775386924,0,0.5807089734391324,-6.572587173186587,0.001398175406856752,20,20,0,0
slow_osc_power,80,0.01,0.02,32012.0,0.019997515579181474,0,2.2417963963894385,-2.6851817836751595,0.06820879362407649,20,20,0,0
log_oscillatory,80,0.01,0.02,50000.0,0.37931830768548513,1,0.2476012464456625,-3.6825894239637016,0.02515774634830366,20,20,0,0
heavy_noise_plat,80,0.01,0.02,120.0,0.01831563888873418,0,0.38022919929282695,-6.6014619213973,0.0013583807393963837,20,20,0,0
broken_power_law,80,0.01,0.02,50000.0,0.07652485784235787,1,4.869134358670536,-0.4766991638830329,0.6208292690696008,20,20,0,0
single_exp,80,0.02,0.02,178.0,0.019841094744370288,0,1.1644173944163867,-3.490834275177406,0.030475436662257972,20,20,0,0
two_exp,80,0.02,0.02,298.0,0.0197616326449827,0,0.2755707319282513,-3.2647257208829257,0.03820741314220026,20,20,0,0
three_exp,80,0.02,0.02,568.0,0.019902250856929836,0,0.26125135725239623,-3.1217167069229217,0.0440814285331649,20,20,0,0
four_exp,80,0.02,0.02,1016.0,0.019936688853291175,0,0.2294812290989008,-3.248337929533147,0.03883870688357123,20,20,0,0
power_law,80,0.02,0.02,21656.0,0.019999572183251026,0,0.767040170300195,-3.767591371450971,0.02310765406686688,20,20,0,0
rational_decay,80,0.02,0.02,5225.0,0.02,0,0.3894115981302807,-2.6797320150277217,0.06858153051142707,20,20,0,0
mixed_pow_rat,80,0.02,0.02,24115.0,0.019999517529995403,0,0.07628070523399721,-4.271763776728821,0.013957144144827415,20,20,0,0
multiphase,80,0.02,0.02,19920.0,0.01999996845549099,0,0.5955427909074917,-2.0391751736404777,0.1301360062305874,20,20,0,0
osc_exp,80,0.02,0.02,221.0,0.01948234288455035,0,0.9135818671097211,-3.3156843069089854,0.03630919344210742,20,20,0,0
damped_osc_pow,80,0.02,0.02,34938.0,0.01999970009673041,0,0.5927396731757653,-3.44634270017467,0.031861952259823585,20,20,0,0
log_slow,80,0.02,0.02,50000.0,0.40808770181817744,1,0.55212045981894,-2.9675654970976084,0.05142836054561624,20,20,0,0
delayed_plateau,80,0.02,0.02,472.0,0.01983961271889642,0,0.45099639549118614,-2.1202958100092566,0.11999612720539539,20,20,0,0
staircase,80,0.02,0.02,320.0,0.0,0,0.5055476889398107,-1.98066914206893,0.13797688027921673,20,20,0,0
noisy_plateau,80,0.02,0.02,159.0,0.019254701775386924,0,0.4707468919421321,-6.679959471395964,0.0012558288685219398,20,20,0,0
slow_osc_power,80,0.02,0.02,32012.0,0.019997515579181474,0,1.88276967433167,-2.6582299334010226,0.0700721443989435,20,20,0,0
log_oscillatory,80,0.02,0.02,50000.0,0.37931830768548513,1,0.2255717499876445,-3.8218104182751063,0.02188813831655074,20,20,0,0
heavy_noise_plat,80,0.02,0.02,120.0,0.01831563888873418,0,0.3037613845826079,-5.522783260779838,0.003994714123970233,20,20,0,0
broken_power_law,80,0.02,0.02,50000.0,0.07652485784235787,1,4.718112649476607,-0.4801968698835765,0.6186615839823764,20,20,0,0
single_exp,90,0.0,0.02,188.0,0.01984109474437028,0,1.1111984067736074,-3.802283566025953,0.02231974500534601,20,20,0,0
two_exp,90,0.0,0.02,308.0,0.01976182043192707,0,0.2869314617417053,-3.581615314251704,0.02783070659020084,20,20,0,0
three_exp,90,0.0,0.02,579.0,0.01984699300615729,0,0.20570823531917992,-3.5176130726276162,0.029670171257270866,20,20,0,0
four_exp,90,0.0,0.02,1033.0,0.019984291029188302,0,0.16122604544199537,-3.673763717083981,0.025380763939647468,20,20,0,0
power_law,90,0.0,0.02,24329.0,0.01999997709892598,0,0.03706426352359349,-6.696049910757174,0.0012357837302813361,20,20,0,0
rational_decay,90,0.0,0.02,5725.0,0.019999999999999997,0,0.5269418619744974,-2.4100676174870936,0.08980922169304481,20,20,0,0
mixed_pow_rat,90,0.0,0.02,27113.0,0.019999572893685206,0,0.2293187567186512,-3.3961553349583804,0.03350182597371873,20,20,0,0
multiphase,90,0.0,0.02,20594.0,0.019999293769431138,0,0.7055501980358329,-1.9828837961954284,0.13767164732940704,20,20,0,0
osc_exp,90,0.0,0.02,222.0,0.019723199886557016,0,0.6279600095760062,-3.4474301343306295,0.03182732331642105,20,20,0,0
damped_osc_pow,90,0.0,0.02,39688.0,0.019999828742130073,0,0.06942338088816413,-5.5751336555616895,0.0037909688642136356,20,20,0,0
log_slow,90,0.0,0.02,50000.0,0.41863546463489004,1,0.19454021739101646,-3.9132632626886092,0.019975210230814056,20,20,0,0
delayed_plateau,90,0.0,0.02,482.0,0.019841076433992064,0,0.30026665759660054,-2.633949594946944,0.07179434295590473,20,20,0,0
staircase,90,0.0,0.02,320.0,0.0,0,0.5702595897718237,-2.2764620292656557,0.10264672615892825,20,20,0,0
noisy_plateau,90,0.0,0.02,169.0,0.019254701775386903,0,0.308690620686616,-7.5077272645724715,0.0005488270109433868,20,20,0,0
slow_osc_power,90,0.0,0.02,39003.0,0.01999670206152793,0,2.770740362344265,-2.5753158612083693,0.07612977255858813,20,20,0,0
log_oscillatory,90,0.0,0.02,50000.0,0.2992564263745022,1,0.17041799337025448,-3.7098116624839483,0.02448213374173336,20,20,0,0
heavy_noise_plat,90,0.0,0.02,130.0,0.01831563888873418,0,0.2017548530715486,-6.739734113383717,0.0011829616484740372,20,20,0,0
broken_power_law,90,0.0,0.02,50000.0,0.0801724362309424,1,7.153277736509528,-0.1434857347650651,0.8663331585451356,20,20,0,0
single_exp,90,0.003,0.02,188.0,0.01984109474437028,0,1.1804458943424572,-3.7993188130003004,0.022386015726500966,20,20,0,0
two_exp,90,0.003,0.02,308.0,0.01976182043192707,0,0.28532757348269544,-3.580794457748216,0.027853560985508296,20,20,0,0
three_exp,90,0.003,0.02,579.0,0.01984699300615729,0,0.20035042849339507,-3.5311508770154805,0.02927120891292862,20,20,0,0
four_exp,90,0.003,0.02,1033.0,0.019984291029188302,0,0.15609014533841487,-3.7069812586837476,0.024551526224159643,20,20,0,0
power_law,90,0.003,0.02,24329.0,0.01999997709892598,0,0.31638403840091067,-4.57543196708993,0.010301848157353306,20,20,0,0
rational_decay,90,0.003,0.02,5725.0,0.019999999999999997,0,0.5289325009955479,-2.413208828226024,0.0895275546208292,20,20,0,0
mixed_pow_rat,90,0.003,0.02,27113.0,0.019999572893685206,0,0.2222363026562428,-3.4134851034113116,0.032926248801155335,20,20,0,0
multiphase,90,0.003,0.02,20594.0,0.019999293769431138,0,0.7075496938127357,-1.9826158702242243,0.1377085380809996,20,20,0,0
osc_exp,90,0.003,0.02,222.0,0.019723199886557016,0,0.6157189632665523,-3.448381275049041,0.03179706544528452,20,20,0,0
damped_osc_pow,90,0.003,0.02,39688.0,0.019999828742130073,0,0.15058848730518568,-4.8018972822425,0.00821414769894799,20,20,0,0
log_slow,90,0.003,0.02,50000.0,0.41863546463489004,1,0.3599400490456109,-3.3147548902913604,0.03634295549694213,20,20,0,0
delayed_plateau,90,0.003,0.02,482.0,0.019841076433992064,0,0.3055136270440569,-2.633509280405415,0.07182596200976149,20,20,0,0
staircase,90,0.003,0.02,320.0,0.0,0,0.5860434508667544,-2.278460963174619,0.10244174707543896,20,20,0,0
noisy_plateau,90,0.003,0.02,169.0,0.019254701775386903,0,0.5401626066831229,-7.242855204500617,0.000715266609394638,20,20,0,0
slow_osc_power,90,0.003,0.02,39003.0,0.01999670206152793,0,2.6255432046559886,-2.5737141677204973,0.0762518068241835,20,20,0,0
log_oscillatory,90,0.003,0.02,50000.0,0.2992564263745022,1,0.16675991830604028,-3.7204324212636513,0.024223490828097848,20,20,0,0
heavy_noise_plat,90,0.003,0.02,130.0,0.01831563888873418,0,0.456109082801911,-6.465895581435629,0.001555597470980771,20,20,0,0
broken_power_law,90,0.003,0.02,50000.0,0.0801724362309424,1,7.1291906354332895,-0.14310029649029501,0.8666671408637909,20,20,0,0
single_exp,90,0.005,0.02,188.0,0.01984109474437028,0,1.4535678398229719,-3.799189008450515,0.02238892172179545,20,20,0,0
two_exp,90,0.005,0.02,308.0,0.01976182043192707,0,0.28153543672813625,-3.578396929371288,0.027920420805500754,20,20,0,0
three_exp,90,0.005,0.02,579.0,0.01984699300615729,0,0.20554824648412773,-3.5134130268121724,0.02979504939928757,20,20,0,0
four_exp,90,0.005,0.02,1033.0,0.019984291029188302,0,0.14840061458984138,-3.731710048960805,0.02395184197346622,20,20,0,0
power_law,90,0.005,0.02,24329.0,0.01999997709892598,0,0.4779166730928679,-4.032959044508355,0.017721812659046356,20,20,0,0
rational_decay,90,0.005,0.02,5725.0,0.019999999999999997,0,0.4387295184042443,-2.6038422550391944,0.07398874773025305,20,20,0,0
mixed_pow_rat,90,0.005,0.02,27113.0,0.019999572893685206,0,0.22856264641269353,-3.378791968882972,0.034088609972773555,20,20,0,0
multiphase,90,0.005,0.02,20594.0,0.019999293769431138,0,0.7157237431181167,-1.9786601150220078,0.1382543582005426,20,20,0,0
osc_exp,90,0.005,0.02,222.0,0.019723199886557016,0,0.618135578752372,-3.443182300981245,0.03196280803635723,20,20,0,0
damped_osc_pow,90,0.005,0.02,39688.0,0.019999828742130073,0,0.18799137591288936,-4.576022006323144,0.010295771455688347,20,20,0,0
log_slow,90,0.005,0.02,50000.0,0.41863546463489004,1,0.4658259110175416,-3.0643132264459565,0.04668589349410468,20,20,0,0
delayed_plateau,90,0.005,0.02,482.0,0.019841076433992064,0,0.29934541692586053,-2.6314863645600326,0.07197140694825722,20,20,0,0
staircase,90,0.005,0.02,320.0,0.0,0,0.55827809100495,-2.278874913984164,0.10239935000706166,20,20,0,0
noisy_plateau,90,0.005,0.02,169.0,0.019254701775386903,0,0.3306879495861652,-7.547801631209466,0.0005272679834311834,20,20,0,0
slow_osc_power,90,0.005,0.02,39003.0,0.01999670206152793,0,2.8904017167251848,-2.566810340598736,0.07678005749371086,20,20,0,0
log_oscillatory,90,0.005,0.02,50000.0,0.2992564263745022,1,0.16076595563842638,-3.7501627455203073,0.02351391875965316,20,20,0,0
heavy_noise_plat,90,0.005,0.02,130.0,0.01831563888873418,0,0.3086009023513044,-6.581978184722011,0.0013851065862509411,20,20,0,0
broken_power_law,90,0.005,0.02,50000.0,0.0801724362309424,1,7.1062011048630165,-0.14613635474681708,0.8640398792129265,20,20,0,0
single_exp,90,0.01,0.02,188.0,0.01984109474437028,0,1.6098887275414726,-3.8093044990684604,0.02216358839415162,20,20,0,0
two_exp,90,0.01,0.02,308.0,0.01976182043192707,0,0.29680089091668094,-3.55867899782517,0.028476417287950674,20,20,0,0
three_exp,90,0.01,0.02,579.0,0.01984699300615729,0,0.26491881061227335,-3.285196428350203,0.03743323142330508,20,20,0,0
four_exp,90,0.01,0.02,1033.0,0.019984291029188302,0,0.17078264699587128,-3.6643895807025677,0.025619805335136893,20,20,0,0
power_law,90,0.01,0.02,24329.0,0.01999997709892598,0,0.5924668948322711,-4.16491985395342,0.015530959595237289,20,20,0,0
rational_decay,90,0.01,0.02,5725.0,0.019999999999999997,0,0.430019896971716,-2.643710524143625,0.07109697248634364,20,20,0,0
mixed_pow_rat,90,0.01,0.02,27113.0,0.019999572893685206,0,0.16564791930016373,-3.6634840654779772,0.025643014965669897,20,20,0,0
multiphase,90,0.01,0.02,20594.0,0.019999293769431138,0,0.6816420253829196,-2.0159441002316734,0.1331945949394718,20,20,0,0
osc_exp,90,0.01,0.02,222.0,0.019723199886557016,0,0.6558210627163116,-3.463795636388238,0.031310692185823503,20,20,0,0
damped_osc_pow,90,0.01,0.02,39688.0,0.019999828742130073,0,0.5133195226144818,-3.497525693825614,0.030272193507932223,20,20,0,0
log_slow,90,0.01,0.02,50000.0,0.41863546463489004,1,0.5965233620607617,-2.9083386656384493,0.05456630749011603,20,20,0,0
delayed_plateau,90,0.01,0.02,482.0,0.019841076433992064,0,0.2946661172981807,-2.637849066943152,0.07151492806539485,20,20,0,0
staircase,90,0.01,0.02,320.0,0.0,0,0.5623535778402622,-2.2735052312287967,0.10295068094233081,20,20,0,0
noisy_plateau,90,0.01,0.02,169.0,0.019254701775386903,0,0.9110643839211638,-6.399262335936755,0.0016627833964413148,20,20,0,0
slow_osc_power,90,0.01,0.02,39003.0,0.01999670206152793,0,2.9049162028704276,-2.84445208344516,0.05816612819488394,20,20,0,0
log_oscillatory,90,0.01,0.02,50000.0,0.2992564263745022,1,0.16054213277133744,-3.7746387871878313,0.022945377309477814,20,20,0,0
heavy_noise_plat,90,0.01,0.02,130.0,0.01831563888873418,0,0.3833845922065688,-6.235151368057142,0.0019593326115079713,20,20,0,0
broken_power_law,90,0.01,0.02,50000.0,0.0801724362309424,1,7.1673858716823755,-0.1442783638221853,0.865646749780229,20,20,0,0
single_exp,90,0.02,0.02,188.0,0.01984109474437028,0,1.1748928173942006,-3.790780440611453,0.02257797420535708,20,20,0,0
two_exp,90,0.02,0.02,308.0,0.01976182043192707,0,0.2687051873032103,-3.5789901582171586,0.027903862518402454,20,20,0,0
three_exp,90,0.02,0.02,579.0,0.01984699300615729,0,0.29190148393526216,-3.1259515290866116,0.043895146237197834,20,20,0,0
four_exp,90,0.02,0.02,1033.0,0.019984291029188302,0,0.17850957471268636,-3.53161108012862,0.02925774131061547,20,20,0,0
power_law,90,0.02,0.02,24329.0,0.01999997709892598,0,0.44896048326409144,-4.052431454299559,0.017380064390331153,20,20,0,0
rational_decay,90,0.02,0.02,5725.0,0.019999999999999997,0,0.19245910137993838,-3.539593638456863,0.029025119378367277,20,20,0,0
mixed_pow_rat,90,0.02,0.02,27113.0,0.019999572893685206,0,0.33884291688859797,-2.861154420896135,0.0572026861579244,20,20,0,0
multiphase,90,0.02,0.02,20594.0,0.019999293769431138,0,0.6843620426137915,-2.060720692725147,0.1273621478376451,20,20,0,0
osc_exp,90,0.02,0.02,222.0,0.019723199886557016,0,0.8298743338255317,-3.4716811773778686,0.03106476136233931,20,20,0,0
damped_osc_pow,90,0.02,0.02,39688.0,0.019999828742130073,0,0.4074035256082424,-3.6639105198962993,0.025632081720069824,20,20,0,0
log_slow,90,0.02,0.02,50000.0,0.41863546463489004,1,0.7112425617166942,-2.6468602162251846,0.07087339120601224,20,20,0,0
delayed_plateau,90,0.02,0.02,482.0,0.019841076433992064,0,0.2978099658022584,-2.6251069779164724,0.07243200799446964,20,20,0,0
staircase,90,0.02,0.02,320.0,0.0,0,0.568597135710218,-2.2809975377995073,0.10218222522669772,20,20,0,0
noisy_plateau,90,0.02,0.02,169.0,0.019254701775386903,0,0.4454359270281455,-7.287013570349355,0.0006843688232766286,20,20,0,0
slow_osc_power,90,0.02,0.02,39003.0,0.01999670206152793,0,0.8150421317109223,-3.5982824599457968,0.027370692359832232,20,20,0,0
log_oscillatory,90,0.02,0.02,50000.0,0.2992564263745022,1,0.12600451909497665,-3.9261870848626557,0.01971871518417182,20,20,0,0
heavy_noise_plat,90,0.02,0.02,130.0,0.01831563888873418,0,0.47171284083745546,-5.353012567737574,0.0047338683973524925,20,20,0,0
broken_power_law,90,0.02,0.02,50000.0,0.0801724362309424,1,7.840303038214805,-0.1557912900309081,0.855737772738509,20,20,0,0
single_exp,100,0.0,0.02,198.0,0.01984109474437029,0,1.143348671141187,-4.1737612572818215,0.015394249363086258,20,20,0,0
two_exp,100,0.0,0.02,318.0,0.019761870597053203,0,0.374202613770765,-3.4960638831176327,0.030316478084504363,20,20,0,0
three_exp,100,0.0,0.02,589.0,0.019908936006754342,0,0.18601320307771801,-3.7014336145408104,0.024688107857676642,20,20,0,0
four_exp,100,0.0,0.02,1050.0,0.019929289868028013,0,0.14673528868859903,-3.8331287649290684,0.021641797494667398,20,20,0,0
power_law,100,0.0,0.02,27003.0,0.01999978339524885,0,0.028356154396640937,-7.036841585462309,0.0008788981076700147,20,20,0,0
rational_decay,100,0.0,0.02,6225.0,0.02,0,0.590120888957143,-2.3802120375990996,0.09253095538848002,20,20,0,0
mixed_pow_rat,100,0.0,0.02,30229.0,0.01999972852214301,0,0.26467048015022937,-3.317003936441546,0.03626131035905174,20,20,0,0
multiphase,100,0.0,0.02,21195.0,0.019999620147442842,0,0.7433049493420776,-1.9590857569471858,0.1409872586393229,20,20,0,0
osc_exp,100,0.0,0.02,229.0,0.018934650782165642,0,0.6989249111244453,-3.6745911738723502,0.025359771140746383,20,20,0,0
damped_osc_pow,100,0.0,0.02,44517.0,0.019999964153384328,0,0.056652523173136696,-5.846869665788117,0.002888928329738976,20,20,0,0
log_slow,100,0.0,0.02,50000.0,0.4281018259248643,1,0.18590364332849257,-3.997451264018049,0.018362380156875475,20,20,0,0
delayed_plateau,100,0.0,0.02,492.0,0.019841094643701786,0,0.32818804641435195,-2.645034713471429,0.07100288894009976,20,20,0,0
staircase,100,0.0,0.02,320.0,0.0,0,0.5242948802645288,-2.3604994324402044,0.09437307844761517,20,20,0,0
noisy_plateau,100,0.0,0.02,179.0,0.019254701775386903,0,0.6255292187672044,-7.1562588357569386,0.0007799670866629194,20,20,0,0
slow_osc_power,100,0.0,0.02,39030.0,0.019994640879653986,0,0.3911834353127541,-4.541836693025741,0.01065382077418329,20,20,0,0
log_oscillatory,100,0.0,0.02,50000.0,0.31433681558639076,1,0.620665816786836,-2.4881928162722864,0.0830599355875966,20,20,0,0
heavy_noise_plat,100,0.0,0.02,140.0,0.018315638888734182,0,0.2762864873223874,-7.2449705704101355,0.0007137551579929091,20,20,0,0
broken_power_law,100,0.0,0.02,50000.0,0.08358667956382855,1,2.6223324162164623,-1.1924153939999,0.3034873365696905,20,20,0,0
single_exp,100,0.003,0.02,198.0,0.01984109474437029,0,1.3880255003425903,-4.175235611226867,0.015371569513977574,20,20,0,0
two_exp,100,0.003,0.02,318.0,0.019761870597053203,0,0.38148989069574835,-3.506866054634644,0.029990756704827787,20,20,0,0
three_exp,100,0.003,0.02,589.0,0.019908936006754342,0,0.17816107032787953,-3.7362687677683843,0.023842900765818915,20,20,0,0
four_exp,100,0.003,0.02,1050.0,0.019929289868028013,0,0.1386048361403929,-3.8857046012665997,0.020533355834679346,20,20,0,0
power_law,100,0.003,0.02,27003.0,0.01999978339524885,0,0.30156947393297806,-4.691037972734272,0.009177155573594314,20,20,0,0
rational_decay,100,0.003,0.02,6225.0,0.02,0,0.4150364374262563,-2.744803942996544,0.0642608985087434,20,20,0,0
mixed_pow_rat,100,0.003,0.02,30229.0,0.01999972852214301,0,0.26316499068011995,-3.3233462754571645,0.03603205660659562,20,20,0,0
multiphase,100,0.003,0.02,21195.0,0.019999620147442842,0,0.7408843225192434,-1.9633531684422212,0.1403868899124544,20,20,0,0
osc_exp,100,0.003,0.02,229.0,0.018934650782165642,0,0.795100456750317,-3.6769497234628026,0.025300029342599274,20,20,0,0
damped_osc_pow,100,0.003,0.02,44517.0,0.019999964153384328,0,0.19740817960659782,-4.566922690441867,0.010389883460482287,20,20,0,0
log_slow,100,0.003,0.02,50000.0,0.4281018259248643,1,0.3597354682676005,-3.326841095606415,0.03590635083662191,20,20,0,0
delayed_plateau,100,0.003,0.02,492.0,0.019841094643701786,0,0.3242466971826146,-2.6454637369593574,0.0709724335665361,20,20,0,0
staircase,100,0.003,0.02,320.0,0.0,0,0.5236904872076894,-2.3600540753881907,0.09441511752412679,20,20,0,0
noisy_plateau,100,0.003,0.02,179.0,0.019254701775386903,0,0.7909121938623569,-6.840016529773475,0.0010700857112190066,20,20,0,0
slow_osc_power,100,0.003,0.02,39030.0,0.019994640879653986,0,0.36943893036922226,-4.539920142834535,0.010674258935550102,20,20,0,0
log_oscillatory,100,0.003,0.02,50000.0,0.31433681558639076,1,0.6205973696545612,-2.4857952510162282,0.08325931612174399,20,20,0,0
heavy_noise_plat,100,0.003,0.02,140.0,0.018315638888734182,0,0.5495536847522635,-6.640104306531712,0.0013068909194676142,20,20,0,0
broken_power_law,100,0.003,0.02,50000.0,0.08358667956382855,1,2.63604709047422,-1.1924690189369793,0.3034710625167141,20,20,0,0
single_exp,100,0.005,0.02,198.0,0.01984109474437029,0,1.2795676328239152,-4.181552821096103,0.01527477015618268,20,20,0,0
two_exp,100,0.005,0.02,318.0,0.019761870597053203,0,0.37027563382804013,-3.490214449102291,0.03049433198785458,20,20,0,0
three_exp,100,0.005,0.02,589.0,0.019908936006754342,0,0.19040481799322467,-3.63213268063674,0.026459694115134286,20,20,0,0
four_exp,100,0.005,0.02,1050.0,0.019929289868028013,0,0.14983188939364417,-3.806918348699019,0.02221653719556456,20,20,0,0
power_law,100,0.005,0.02,27003.0,0.01999978339524885,0,0.3984265572783987,-4.410912284779356,0.012144094402352125,20,20,0,0
rational_decay,100,0.005,0.02,6225.0,0.02,0,0.3478035706090836,-2.910318420307447,0.054458386451931205,20,20,0,0
mixed_pow_rat,100,0.005,0.02,30229.0,0.01999972852214301,0,0.1301127198028319,-4.018499231427596,0.017979928412971496,20,20,0,0
multiphase,100,0.005,0.02,21195.0,0.019999620147442842,0,0.7290611542574938,-1.984788889503586,0.13740961966817858,20,20,0,0
osc_exp,100,0.005,0.02,229.0,0.018934650782165642,0,0.7138646008000583,-3.683117865112539,0.025144455471953472,20,20,0,0
damped_osc_pow,100,0.005,0.02,44517.0,0.019999964153384328,0,0.3814402353571426,-3.839414369462822,0.021506192340867487,20,20,0,0
log_slow,100,0.005,0.02,50000.0,0.4281018259248643,1,0.3594852959080904,-3.354272791505467,0.03493476577810844,20,20,0,0
delayed_plateau,100,0.005,0.02,492.0,0.019841094643701786,0,0.3223717719970892,-2.6453420837578556,0.07098106811549745,20,20,0,0
staircase,100,0.005,0.02,320.0,0.0,0,0.5315136697554705,-2.3618487650270685,0.09424582365137255,20,20,0,0
noisy_plateau,100,0.005,0.02,179.0,0.019254701775386903,0,0.5338016457011587,-6.7752669165009145,0.0011416657298555068,20,20,0,0
slow_osc_power,100,0.005,0.02,39030.0,0.019994640879653986,0,0.3952767794056701,-4.562351201584858,0.010437489429117291,20,20,0,0
log_oscillatory,100,0.005,0.02,50000.0,0.31433681558639076,1,0.6242265649323722,-2.496305502618172,0.08238882232876127,20,20,0,0
heavy_noise_plat,100,0.005,0.02,140.0,0.018315638888734182,0,0.3088406736964958,-6.702624165246226,0.0012276860209119072,20,20,0,0
broken_power_law,100,0.005,0.02,50000.0,0.08358667956382855,1,2.6001679764255083,-1.1854744232198233,0.30560116081462085,20,20,0,0
single_exp,100,0.01,0.02,198.0,0.01984109474437029,0,1.6059017055352502,-4.141695532853948,0.015895876661485897,20,20,0,0
two_exp,100,0.01,0.02,318.0,0.019761870597053203,0,0.3368423208009907,-3.532311784232673,0.029237247472100696,20,20,0,0
three_exp,100,0.01,0.02,589.0,0.019908936006754342,0,0.2492501666080832,-3.3792865499729374,0.03407175455942575,20,20,0,0
four_exp,100,0.01,0.02,1050.0,0.019929289868028013,0,0.14753883062696735,-3.8818726051291526,0.020612190525573535,20,20,0,0
power_law,100,0.01,0.02,27003.0,0.01999978339524885,0,0.5303812036866905,-3.9977189599288026,0.018357465280671264,20,20,0,0
rational_decay,100,0.01,0.02,6225.0,0.02,0,0.19569253609465975,-3.431309134818973,0.032344569641874106,20,20,0,0
mixed_pow_rat,100,0.01,0.02,30229.0,0.01999972852214301,0,0.14711409954018434,-3.9538082716553786,0.019181514088133386,20,20,0,0
multiphase,100,0.01,0.02,21195.0,0.019999620147442842,0,0.7132692123156321,-2.002783409652444,0.13495911346308542,20,20,0,0
osc_exp,100,0.01,0.02,229.0,0.018934650782165642,0,0.785794803252333,-3.676222874967557,0.025318425315589355,20,20,0,0
damped_osc_pow,100,0.01,0.02,44517.0,0.019999964153384328,0,0.41287148107909977,-3.8249076581255776,0.02182045037930267,20,20,0,0
log_slow,100,0.01,0.02,50000.0,0.4281018259248643,1,0.6231722274097076,-2.8375896552338773,0.05856666181871253,20,20,0,0
delayed_plateau,100,0.01,0.02,492.0,0.019841094643701786,0,0.30702270986253,-2.640971194165151,0.07129199755150348,20,20,0,0
staircase,100,0.01,0.02,320.0,0.0,0,0.5258741797893245,-2.3519330158665084,0.095184990172899,20,20,0,0
noisy_plateau,100,0.01,0.02,179.0,0.019254701775386903,0,0.29992438503288016,-6.928725679230313,0.0009792479496367659,20,20,0,0
slow_osc_power,100,0.01,0.02,39030.0,0.019994640879653986,0,0.38109712330595497,-4.536244843972912,0.010713562208660266,20,20,0,0
log_oscillatory,100,0.01,0.02,50000.0,0.31433681558639076,1,0.6389012945011752,-2.4640506738717654,0.08508958180485707,20,20,0,0
heavy_noise_plat,100,0.01,0.02,140.0,0.018315638888734182,0,0.44462972113915045,-6.043549689192341,0.0023731201061131303,20,20,0,0
broken_power_law,100,0.01,0.02,50000.0,0.08358667956382855,1,2.6240216469332847,-1.1955701373529308,0.3025314205395945,20,20,0,0
single_exp,100,0.02,0.02,198.0,0.01984109474437029,0,1.1006871314237985,-4.100955414344753,0.01655684919144952,20,20,0,0
two_exp,100,0.02,0.02,318.0,0.019761870597053203,0,0.34401782289481286,-3.523238854695608,0.029503721982531737,20,20,0,0
three_exp,100,0.02,0.02,589.0,0.019908936006754342,0,0.2826644137659493,-3.3719134227544973,0.034323898342168174,20,20,0,0
four_exp,100,0.02,0.02,1050.0,0.019929289868028013,0,0.21142321109506382,-3.615462008047252,0.02690449225345628,20,20,0,0
power_law,100,0.02,0.02,27003.0,0.01999978339524885,0,0.35715156102602746,-4.09951611864381,0.016580696550896112,20,20,0,0
rational_decay,100,0.02,0.02,6225.0,0.02,0,0.20176830503591958,-3.343954547547083,0.03529709731195113,20,20,0,0
mixed_pow_rat,100,0.02,0.02,30229.0,0.01999972852214301,0,0.35117246264332014,-2.9806736935094142,0.05075862658630353,20,20,0,0
multiphase,100,0.02,0.02,21195.0,0.019999620147442842,0,0.6843949763225613,-2.014149526761373,0.13343383703048584,20,20,0,0
osc_exp,100,0.02,0.02,229.0,0.018934650782165642,0,1.011568318641785,-3.6667068906264837,0.025560505041101415,20,20,0,0
damped_osc_pow,100,0.02,0.02,44517.0,0.019999964153384328,0,0.5815719223929869,-3.4434941768849536,0.031952841161010735,20,20,0,0
log_slow,100,0.02,0.02,50000.0,0.4281018259248643,1,0.653437037991494,-2.744869456551209,0.06425668868675784,20,20,0,0
delayed_plateau,100,0.02,0.02,492.0,0.019841094643701786,0,0.2934104760452412,-2.6455557208625593,0.07096590554531795,20,20,0,0
staircase,100,0.02,0.02,320.0,0.0,0,0.497792631976938,-2.3785691406821563,0.09268309915385003,20,20,0,0
noisy_plateau,100,0.02,0.02,179.0,0.019254701775386903,0,0.17905767381373372,-7.61899689313528,0.0004910341438710449,20,20,0,0
slow_osc_power,100,0.02,0.02,39030.0,0.019994640879653986,0,0.9460837375003025,-4.420188946267283,0.012031958676255648,20,20,0,0
log_oscillatory,100,0.02,0.02,50000.0,0.31433681558639076,1,0.6079892440030094,-2.4334275740777334,0.08773559636676624,20,20,0,0
heavy_noise_plat,100,0.02,0.02,140.0,0.018315638888734182,0,0.3671162660981191,-4.998858609024362,0.006745642021663812,20,20,0,0
broken_power_law,100,0.02,0.02,50000.0,0.08358667956382855,1,2.696658863806877,-1.194275916264669,0.3029232165645691,20,20,0,0
single_exp,110,0.0,0.02,208.0,0.01984109474437029,0,1.0982503844374518,-4.614004290774698,0.009912048012660764,20,20,0,0
two_exp,110,0.0,0.02,328.0,0.019761883997972404,0,0.4252505711938802,-3.5481833992101186,0.028776868282244784,20,20,0,0
three_exp,110,0.0,0.02,599.0,0.019945946000024545,0,0.17731346436365064,-3.831227119355082,0.021682991679041377,20,20,0,0
four_exp,110,0.0,0.02,1065.0,0.01994740822303824,0,0.1322308318311083,-3.9981370558450187,0.01834979170366272,20,20,0,0
power_law,110,0.0,0.02,29677.0,0.019999624596533837,0,0.02299696951824895,-7.312409848295916,0.0006672072449131483,20,20,0,0
rational_decay,110,0.0,0.02,6726.0,0.019997037475929492,0,0.4897470381417173,-2.6436084590928544,0.07110422937278102,20,20,0,0
mixed_pow_rat,110,0.0,0.02,33461.0,0.01999971023734307,0,0.294780344634247,-3.2688319672965696,0.03805084576112755,20,20,0,0
multiphase,110,0.0,0.02,21754.0,0.019999466396082258,0,0.7595594511930948,-1.9630801017610178,0.1404252301290469,20,20,0,0
osc_exp,110,0.0,0.02,251.0,0.019682888410140424,0,1.1524785214730868,-3.697151277626414,0.024794057347094927,20,20,0,0
damped_osc_pow,110,0.0,0.02,49422.0,0.019999857157560995,0,0.048387976365599425,-6.0665964682819675,0.0023190527634779374,20,20,0,0
log_slow,110,0.0,0.02,50000.0,0.43668805037122155,1,0.1783258973285481,-4.074052413953265,0.01700832389372922,20,20,0,0
delayed_plateau,110,0.0,0.02,502.0,0.01984109474146265,0,0.3420642397720689,-2.7036229198261523,0.06696247307765904,20,20,0,0
staircase,110,0.0,0.02,320.0,0.0,0,0.5017870374370522,-2.4043779056056236,0.0903216667386694,20,20,0,0
noisy_plateau,110,0.0,0.02,189.0,0.019254701775386903,0,0.4595469454778797,-6.893809452733696,0.0010140435229085802,20,20,0,0
slow_osc_power,110,0.0,0.02,36570.0,0.01999579003713766,0,0.0758612792625673,-6.1345402922935435,0.002166721047335174,20,20,0,0
log_oscillatory,110,0.0,0.02,50000.0,0.4224871773479788,1,0.9021575205552544,-2.5815463777615686,0.07565691934002632,20,20,0,0
heavy_noise_plat,110,0.0,0.02,150.0,0.01831563888873418,0,0.5412219236776152,-6.555514375489921,0.001422251107710735,20,20,0,0
broken_power_law,110,0.0,0.02,50000.0,0.08680359569127111,1,1.9972052876646558,-1.5060110864567624,0.22179292859842736,20,20,0,0
single_exp,110,0.003,0.02,208.0,0.01984109474437029,0,1.632955941518499,-4.6156945101881455,0.009895308627284959,20,20,0,0
two_exp,110,0.003,0.02,328.0,0.019761883997972404,0,0.4363373909417806,-3.5435811847440313,0.02890961082226632,20,20,0,0
three_exp,110,0.003,0.02,599.0,0.019945946000024545,0,0.17954510407956625,-3.809357311277304,0.022162417917000642,20,20,0,0
four_exp,110,0.003,0.02,1065.0,0.01994740822303824,0,0.1361374591197692,-3.9673853748332526,0.018922844656564103,20,20,0,0
power_law,110,0.003,0.02,29677.0,0.019999624596533837,0,0.45840496765354166,-4.265024370085266,0.014051524692018535,20,20,0,0
rational_decay,110,0.003,0.02,6726.0,0.019997037475929492,0,0.34381736821111564,-3.0082140595982545,0.049379789417802036,20,20,0,0
mixed_pow_rat,110,0.003,0.02,33461.0,0.01999971023734307,0,0.1160266504072718,-4.16325552464439,0.015556829748744692,20,20,0,0
multiphase,110,0.003,0.02,21754.0,0.019999466396082258,0,0.7144526266269016,-2.021943936153578,0.13239784180830627,20,20,0,0
osc_exp,110,0.003,0.02,251.0,0.019682888410140424,0,1.3451493687298226,-3.686062192862005,0.025070530836544678,20,20,0,0
damped_osc_pow,110,0.003,0.02,49422.0,0.019999857157560995,0,0.2551576160708276,-4.4311286764001085,0.01190104965561851,20,20,0,0
log_slow,110,0.003,0.02,50000.0,0.43668805037122155,1,0.39197420668025457,-3.2717810962883442,0.037938794217173014,20,20,0,0
delayed_plateau,110,0.003,0.02,502.0,0.01984109474146265,0,0.34319581163291846,-2.7059702090414435,0.0668054771163223,20,20,0,0
staircase,110,0.003,0.02,320.0,0.0,0,0.5018133477507711,-2.402000213939812,0.09053667932844124,20,20,0,0
noisy_plateau,110,0.003,0.02,189.0,0.019254701775386903,0,0.26392477140765846,-7.387017882887279,0.0006192398485368438,20,20,0,0
slow_osc_power,110,0.003,0.02,36570.0,0.01999579003713766,0,0.06896437829841344,-6.126938022486687,0.0021832558165869077,20,20,0,0
log_oscillatory,110,0.003,0.02,50000.0,0.4224871773479788,1,0.9001249070591264,-2.5861159491636116,0.07531198833867116,20,20,0,0
heavy_noise_plat,110,0.003,0.02,150.0,0.01831563888873418,0,0.3254046791506734,-6.7286051767891495,0.0011962002829786897,20,20,0,0
broken_power_law,110,0.003,0.02,50000.0,0.08680359569127111,1,1.992790170755398,-1.5076976215982822,0.22141918228694002,20,20,0,0
single_exp,110,0.005,0.02,208.0,0.01984109474437029,0,1.7740368563590023,-4.6044157253668025,0.010007547452982914,20,20,0,0
two_exp,110,0.005,0.02,328.0,0.019761883997972404,0,0.401275812903489,-3.539086623788925,0.029039839270916145,20,20,0,0
three_exp,110,0.005,0.02,599.0,0.019945946000024545,0,0.16955339773248967,-3.8690465414782165,0.020878266499303785,20,20,0,0
four_exp,110,0.005,0.02,1065.0,0.01994740822303824,0,0.1342613584181968,-3.990483337977829,0.018490774665968965,20,20,0,0
power_law,110,0.005,0.02,29677.0,0.019999624596533837,0,0.5131923743508398,-4.1060554749902805,0.016472623217825035,20,20,0,0
rational_decay,110,0.005,0.02,6726.0,0.019997037475929492,0,0.12601967740621328,-3.986275622189788,0.018568742508691265,20,20,0,0
mixed_pow_rat,110,0.005,0.02,33461.0,0.01999971023734307,0,0.2338795109623702,-3.4998771999827207,0.030201091889219794,20,20,0,0
multiphase,110,0.005,0.02,21754.0,0.019999466396082258,0,0.7379267118159523,-1.9801645891853596,0.13804651447761818,20,20,0,0
osc_exp,110,0.005,0.02,251.0,0.019682888410140424,0,1.327189305965252,-3.712535451422966,0.024415540311040568,20,20,0,0
damped_osc_pow,110,0.005,0.02,49422.0,0.019999857157560995,0,0.40906364446520355,-3.8550421569376505,0.02117271071465662,20,20,0,0
log_slow,110,0.005,0.02,50000.0,0.43668805037122155,1,0.560070493078981,-2.9305083900235926,0.05336989852305579,20,20,0,0
delayed_plateau,110,0.005,0.02,502.0,0.01984109474146265,0,0.34190286647968104,-2.7058773286108906,0.06681168232596699,20,20,0,0
staircase,110,0.005,0.02,320.0,0.0,0,0.48912978208954383,-2.4103687019203757,0.08978218560470479,20,20,0,0
noisy_plateau,110,0.005,0.02,189.0,0.019254701775386903,0,0.5838025087333656,-6.976291662753096,0.000933759485794208,20,20,0,0
slow_osc_power,110,0.005,0.02,36570.0,0.01999579003713766,0,0.05742323491830144,-6.378344351618189,0.0016979318087975044,20,20,0,0
log_oscillatory,110,0.005,0.02,50000.0,0.4224871773479788,1,0.906528294374309,-2.5711959456351594,0.07644406778447231,20,20,0,0
heavy_noise_plat,110,0.005,0.02,150.0,0.01831563888873418,0,0.9353494838468948,-6.058501462835855,0.0023379016964060915,20,20,0,0
broken_power_law,110,0.005,0.02,50000.0,0.08680359569127111,1,1.9835106767657404,-1.5034569070180568,0.22236015162262424,20,20,0,0
single_exp,110,0.01,0.02,208.0,0.01984109474437029,0,1.8307363437897135,-4.523906128303548,0.010846572708428936,20,20,0,0
two_exp,110,0.01,0.02,328.0,0.019761883997972404,0,0.43526339889341653,-3.549689755819299,0.028733552689071996,20,20,0,0
three_exp,110,0.01,0.02,599.0,0.019945946000024545,0,0.23226725692258676,-3.5908740293162418,0.02757421921186777,20,20,0,0
four_exp,110,0.01,0.02,1065.0,0.01994740822303824,0,0.3920539908782774,-2.911050924025498,0.05441851008795154,20,20,0,0
power_law,110,0.01,0.02,29677.0,0.019999624596533837,0,0.40570191822772894,-4.320777027424865,0.013289553182190165,20,20,0,0
rational_decay,110,0.01,0.02,6726.0,0.019997037475929492,0,0.26067935450677615,-3.2489213516901767,0.038816054130126676,20,20,0,0
mixed_pow_rat,110,0.01,0.02,33461.0,0.01999971023734307,0,0.3835459527154761,-3.001165704562193,0.04972906516899431,20,20,0,0
multiphase,110,0.01,0.02,21754.0,0.019999466396082258,0,0.6994304689961883,-2.0374795804090677,0.13035685114057058,20,20,0,0
osc_exp,110,0.01,0.02,251.0,0.019682888410140424,0,1.5878102169206958,-3.7067453490988083,0.024557318847761658,20,20,0,0
damped_osc_pow,110,0.01,0.02,49422.0,0.019999857157560995,0,0.3435078441172731,-4.067203842469381,0.0171252063979853,20,20,0,0
log_slow,110,0.01,0.02,50000.0,0.43668805037122155,1,0.7160112943414219,-2.662832679404552,0.06975036122754406,20,20,0,0
delayed_plateau,110,0.01,0.02,502.0,0.01984109474146265,0,0.3288910840883834,-2.7047695739795463,0.066885734284619,20,20,0,0
staircase,110,0.01,0.02,320.0,0.0,0,0.4933613210417487,-2.398715093349006,0.09083459231003786,20,20,0,0
noisy_plateau,110,0.01,0.02,189.0,0.019254701775386903,0,0.3160441272571777,-7.093833348218611,0.0008302087786864198,20,20,0,0
slow_osc_power,110,0.01,0.02,36570.0,0.01999579003713766,0,0.27313221621087064,-4.958948885040349,0.007020303101389853,20,20,0,0
log_oscillatory,110,0.01,0.02,50000.0,0.4224871773479788,1,0.8818187675850104,-2.6071160787483003,0.07374691768418881,20,20,0,0
heavy_noise_plat,110,0.01,0.02,150.0,0.01831563888873418,0,0.5538888455420115,-5.749123449983495,0.0031855718861555087,20,20,0,0
broken_power_law,110,0.01,0.02,50000.0,0.08680359569127111,1,1.9542762389324566,-1.510517480298812,0.22079569097115603,20,20,0,0
single_exp,110,0.02,0.02,208.0,0.01984109474437029,0,1.3184140126295967,-4.593572181299199,0.010116655223160523,20,20,0,0
two_exp,110,0.02,0.02,328.0,0.019761883997972404,0,0.37719051143614707,-3.588435427690844,0.027641543803222157,20,20,0,0
three_exp,110,0.02,0.02,599.0,0.019945946000024545,0,0.25225201834179867,-3.3433539240093446,0.035318303947375215,20,20,0,0
four_exp,110,0.02,0.02,1065.0,0.01994740822303824,0,0.28366045123381733,-3.1937266683684733,0.04101872257379692,20,20,0,0
power_law,110,0.02,0.02,29677.0,0.019999624596533837,0,0.5302476018756426,-4.246814800403156,0.014309740776849916,20,20,0,0
rational_decay,110,0.02,0.02,6726.0,0.019997037475929492,0,0.1797761551341041,-3.5710908512881336,0.02812515657707576,20,20,0,0
mixed_pow_rat,110,0.02,0.02,33461.0,0.01999971023734307,0,0.33542414561869394,-3.031798190147949,0.04822883548881077,20,20,0,0
multiphase,110,0.02,0.02,21754.0,0.019999466396082258,0,0.658668526198827,-2.0698457456317825,0.126205247914409,20,20,0,0
osc_exp,110,0.02,0.02,251.0,0.019682888410140424,0,1.1435647528900375,-3.694833982724773,0.024851579111481715,20,20,0,0
damped_osc_pow,110,0.02,0.02,49422.0,0.019999857157560995,0,0.3061183521355292,-4.3314815123985175,0.013148054048668182,20,20,0,0
log_slow,110,0.02,0.02,50000.0,0.43668805037122155,1,0.5809125654922699,-2.801835141878636,0.06069856986645726,20,20,0,0
delayed_plateau,110,0.02,0.02,502.0,0.01984109474146265,0,0.3059378243240486,-2.7108564364093013,0.0664798465660418,20,20,0,0
staircase,110,0.02,0.02,320.0,0.0,0,0.5237255521211707,-2.4137557425283074,0.08947860410784658,20,20,0,0
noisy_plateau,110,0.02,0.02,189.0,0.019254701775386903,0,0.42331468257427635,-7.102332337724814,0.0008231827423852891,20,20,0,0
slow_osc_power,110,0.02,0.02,36570.0,0.01999579003713766,0,0.279444820654581,-4.643883309264356,0.009620266526178436,20,20,0,0
log_oscillatory,110,0.02,0.02,50000.0,0.4224871773479788,1,0.9378172332362258,-2.5088990013921455,0.08135776473383668,20,20,0,0
heavy_noise_plat,110,0.02,0.02,150.0,0.01831563888873418,0,0.5008722211253932,-5.392777381116201,0.0045493205760411826,20,20,0,0
broken_power_law,110,0.02,0.02,50000.0,0.08680359569127111,1,1.8350375397180745,-1.489583319508489,0.22546658349593657,20,20,0,0
single_exp,120,0.0,0.02,218.0,0.019841094744370267,0,0.9827461761789515,-5.125127050321368,0.005945461935635277,20,20,0,0
two_exp,120,0.0,0.02,338.0,0.01976188757783409,0,0.44389019602269597,-3.6852849328907062,0.02509002473155387,20,20,0,0
three_exp,120,0.0,0.02,609.0,0.019968014494400704,0,0.151411346855563,-4.070274307572383,0.017072704692932945,20,20,0,0
four_exp,120,0.0,0.02,1079.0,0.01997261078386509,0,0.12108074293452173,-4.143516925964297,0.015866950372320446,20,20,0,0
power_law,120,0.0,0.02,32350.0,0.019999924788125605,0,0.019358568536170368,-7.5450197029173856,0.0005287368473415235,20,20,0,0
rational_decay,120,0.0,0.02,7225.0,0.02,0,0.4055724854116011,-2.903659841946691,0.05482221182115436,20,20,0,0
mixed_pow_rat,120,0.0,0.02,36805.0,0.019999967689547243,0,0.32160831585447763,-3.2372788148857734,0.039270612440313754,20,20,0,0
multiphase,120,0.0,0.02,22288.0,0.01999946697476643,0,0.6434547969763087,-2.15285606997707,0.11615194550424496,20,20,0,0
osc_exp,120,0.0,0.02,253.0,0.019857388951475957,0,1.3638710057886891,-3.604720530396738,0.027195043939281866,20,20,0,0
damped_osc_pow,120,0.0,0.02,50000.0,0.021022044544695872,1,0.04234426349510044,-6.257792022883047,0.00191547044586457,20,20,0,0
log_slow,120,0.0,0.02,50000.0,0.44454396782293126,1,0.1716841833134833,-4.143882500573669,0.015861150878274638,20,20,0,0
delayed_plateau,120,0.0,0.02,512.0,0.01984109474395572,0,0.3586422533553717,-2.756296092084988,0.06352662992572576,20,20,0,0
staircase,120,0.0,0.02,320.0,0.0,0,0.44883311538232595,-2.5159025690851586,0.08078996076881867,20,20,0,0
noisy_plateau,120,0.0,0.02,199.0,0.019254701775386907,0,0.4079076139790735,-7.047293626831,0.0008697596691525349,20,20,0,0
slow_osc_power,120,0.0,0.02,32020.0,0.019999395467564567,0,0.4476278683777455,-4.296828118855294,0.01361166519639867,20,20,0,0
log_oscillatory,120,0.0,0.02,50000.0,0.4340556646869982,1,0.16867450126018363,-4.305613296311008,0.013492608037045155,20,20,0,0
heavy_noise_plat,120,0.0,0.02,160.0,0.018315638888734182,0,0.43085419341038755,-6.627054914044605,0.0013240568106464663,20,20,0,0
broken_power_law,120,0.0,0.02,50000.0,0.08985094974711708,1,0.024397758538430493,-5.948870685031563,0.00260878499541934,20,20,0,0
single_exp,120,0.003,0.02,218.0,0.019841094744370267,0,1.5549362664205542,-5.119093180024455,0.005981444529793281,20,20,0,0
two_exp,120,0.003,0.02,338.0,0.01976188757783409,0,0.42864339775428273,-3.6823500369006847,0.025163769508218622,20,20,0,0
three_exp,120,0.003,0.02,609.0,0.019968014494400704,0,0.15466737459949292,-4.070328883312735,0.01707177296285967,20,20,0,0
four_exp,120,0.003,0.02,1079.0,0.01997261078386509,0,0.11149643278295426,-4.241320086358204,0.014388585125680028,20,20,0,0
power_law,120,0.003,0.02,32350.0,0.019999924788125605,0,0.43660548428495616,-4.432435673210722,0.011885505182177077,20,20,0,0
rational_decay,120,0.003,0.02,7225.0,0.02,0,0.326083125647566,-3.114129944301754,0.04441713572258113,20,20,0,0
mixed_pow_rat,120,0.003,0.02,36805.0,0.019999967689547243,0,0.2669980798427846,-3.39592004553724,0.033509709526381125,20,20,0,0
multiphase,120,0.003,0.02,22288.0,0.01999946697476643,0,0.49674064647047106,-2.401925719580229,0.09054342405160534,20,20,0,0
osc_exp,120,0.003,0.02,253.0,0.019857388951475957,0,1.170340578743148,-3.6046382268729396,0.027197282279338295,20,20,0,0
damped_osc_pow,120,0.003,0.02,50000.0,0.021022044544695872,1,0.3791965156254771,-4.051990127169551,0.017387736377071306,20,20,0,0
log_slow,120,0.003,0.02,50000.0,0.44454396782293126,1,0.4302433648667707,-3.196568055571162,0.040902337925632457,20,20,0,0
delayed_plateau,120,0.003,0.02,512.0,0.01984109474395572,0,0.3580922124354765,-2.755931239025362,0.06354981203979734,20,20,0,0
staircase,120,0.003,0.02,320.0,0.0,0,0.4409883625575715,-2.5142101324278556,0.08092680843030037,20,20,0,0
noisy_plateau,120,0.003,0.02,199.0,0.019254701775386907,0,0.36475568909955003,-6.815129666415706,0.0010970509362893607,20,20,0,0
slow_osc_power,120,0.003,0.02,32020.0,0.019999395467564567,0,0.43891630355319977,-4.315284519388409,0.0133627469846113,20,20,0,0
log_oscillatory,120,0.003,0.02,50000.0,0.4340556646869982,1,0.1651165508177754,-4.336278707618455,0.013085131313626777,20,20,0,0
heavy_noise_plat,120,0.003,0.02,160.0,0.018315638888734182,0,0.24457435845152597,-6.750461691071007,0.001170339160897385,20,20,0,0
broken_power_law,120,0.003,0.02,50000.0,0.08985094974711708,1,0.2970351425510502,-3.4648735579866177,0.0312769598981031,20,20,0,0
single_exp,120,0.005,0.02,218.0,0.019841094744370267,0,1.9968071189731973,-5.08039371164463,0.006217460647341697,20,20,0,0
two_exp,120,0.005,0.02,338.0,0.01976188757783409,0,0.4667243409468831,-3.6996436132475496,0.024732339177920122,20,20,0,0
three_exp,120,0.005,0.02,609.0,0.019968014494400704,0,0.17427785691990846,-3.887546325148755,0.02049557386551482,20,20,0,0
four_exp,120,0.005,0.02,1079.0,0.01997261078386509,0,0.1468725206082867,-3.9806762092951233,0.01867300820585298,20,20,0,0
power_law,120,0.005,0.02,32350.0,0.019999924788125605,0,0.47109551911307257,-4.227172663287735,0.014593593276009755,20,20,0,0
rational_decay,120,0.005,0.02,7225.0,0.02,0,0.046425930792981344,-5.042447838119728,0.0064579210096260935,20,20,0,0
mixed_pow_rat,120,0.005,0.02,36805.0,0.019999967689547243,0,0.1535237268894807,-3.9713483647243204,0.018848002012752402,20,20,0,0
multiphase,120,0.005,0.02,22288.0,0.01999946697476643,0,0.602024110076361,-2.200942919835077,0.11069872910846958,20,20,0,0
osc_exp,120,0.005,0.02,253.0,0.019857388951475957,0,1.4733708885784367,-3.5994788541735083,0.027337965802320334,20,20,0,0
damped_osc_pow,120,0.005,0.02,50000.0,0.021022044544695872,1,0.3727165768536061,-4.071550004786484,0.017050938977302185,20,20,0,0
log_slow,120,0.005,0.02,50000.0,0.44454396782293126,1,0.6838117909416735,-2.722369454612363,0.06571885196053791,20,20,0,0
delayed_plateau,120,0.005,0.02,512.0,0.01984109474395572,0,0.3528570586804046,-2.7564633698443237,0.06351600422216033,20,20,0,0
staircase,120,0.005,0.02,320.0,0.0,0,0.43174419294539157,-2.5147123051843034,0.08088617939409176,20,20,0,0
noisy_plateau,120,0.005,0.02,199.0,0.019254701775386907,0,0.424082012609553,-7.119176213630828,0.000809433276649155,20,20,0,0
slow_osc_power,120,0.005,0.02,32020.0,0.019999395467564567,0,0.5166632558951068,-4.224341586820782,0.014634967393512527,20,20,0,0
log_oscillatory,120,0.005,0.02,50000.0,0.4340556646869982,1,0.08716308337013334,-4.884938008589902,0.007559592377307564,20,20,0,0
heavy_noise_plat,120,0.005,0.02,160.0,0.018315638888734182,0,0.28114443200866557,-6.657240231286345,0.0012846869213585504,20,20,0,0
broken_power_law,120,0.005,0.02,50000.0,0.08985094974711708,1,0.2648133337767363,-3.5751317202403903,0.028011735818630448,20,20,0,0
single_exp,120,0.01,0.02,218.0,0.019841094744370267,0,1.7752106303161304,-5.030125038983643,0.006537993015435285,20,20,0,0
two_exp,120,0.01,0.02,338.0,0.01976188757783409,0,0.48079887341994454,-3.6693312337870765,0.025493513447429422,20,20,0,0
three_exp,120,0.01,0.02,609.0,0.019968014494400704,0,0.2338179965483675,-3.6563891559426813,0.025825596771866764,20,20,0,0
four_exp,120,0.01,0.02,1079.0,0.01997261078386509,0,0.1590062498809866,-3.834382737292482,0.021614676286890885,20,20,0,0
power_law,120,0.01,0.02,32350.0,0.019999924788125605,0,0.5304281429039073,-4.162078385825573,0.015575153079375723,20,20,0,0
rational_decay,120,0.01,0.02,7225.0,0.02,0,0.044047114950215495,-5.123491035994,0.005955196757527537,20,20,0,0
mixed_pow_rat,120,0.01,0.02,36805.0,0.019999967689547243,0,0.31550781135764167,-3.3091298870593513,0.036547960776210815,20,20,0,0
multiphase,120,0.01,0.02,22288.0,0.01999946697476643,0,0.6497429151164652,-2.168088854288564,0.11439603562224862,20,20,0,0
osc_exp,120,0.01,0.02,253.0,0.019857388951475957,0,1.3135301896289335,-3.6171624330612464,0.026858782056235115,20,20,0,0
damped_osc_pow,120,0.01,0.02,50000.0,0.021022044544695872,1,0.441047766937282,-3.9109822448432388,0.02002082604728285,20,20,0,0
log_slow,120,0.01,0.02,50000.0,0.44454396782293126,1,0.6819825644040567,-2.677710368123254,0.0687203183930653,20,20,0,0
delayed_plateau,120,0.01,0.02,512.0,0.01984109474395572,0,0.3392768766915812,-2.7560166381381483,0.06354438517395947,20,20,0,0
staircase,120,0.01,0.02,320.0,0.0,0,0.43854489415120546,-2.5151621681963654,0.08084979987730839,20,20,0,0
noisy_plateau,120,0.01,0.02,199.0,0.019254701775386907,0,0.5899145958317973,-7.182199080560654,0.0007599947135520507,20,20,0,0
slow_osc_power,120,0.01,0.02,32020.0,0.019999395467564567,0,0.4321669095589111,-4.231373679333612,0.014532413954123802,20,20,0,0
log_oscillatory,120,0.01,0.02,50000.0,0.4340556646869982,1,0.18656125397123213,-4.308959496212943,0.013447534527898219,20,20,0,0
heavy_noise_plat,120,0.01,0.02,160.0,0.018315638888734182,0,0.5149438890587043,-6.017446146223904,0.0024358825460018482,20,20,0,0
broken_power_law,120,0.01,0.02,50000.0,0.08985094974711708,1,0.5896878666409406,-2.6828021179436545,0.06837130103281948,20,20,0,0
single_exp,120,0.02,0.02,218.0,0.019841094744370267,0,0.5322932375900217,-5.0731644815460895,0.006262570960946496,20,20,0,0
two_exp,120,0.02,0.02,338.0,0.01976188757783409,0,0.451814838617728,-3.6851023588642406,0.02509460593658502,20,20,0,0
three_exp,120,0.02,0.02,609.0,0.019968014494400704,0,0.21141924597828554,-3.7551585104586085,0.02339674168701259,20,20,0,0
four_exp,120,0.02,0.02,1079.0,0.01997261078386509,0,0.2194130624290227,-3.4531130237321674,0.03164696512129683,20,20,0,0
power_law,120,0.02,0.02,32350.0,0.019999924788125605,0,0.7221079714516068,-3.8459405062530827,0.021366296972485533,20,20,0,0
rational_decay,120,0.02,0.02,7225.0,0.02,0,0.25610816782978624,-3.2271723029006325,0.03966951371047798,20,20,0,0
mixed_pow_rat,120,0.02,0.02,36805.0,0.019999967689547243,0,0.4278973200043378,-2.917422984461857,0.05407285449154789,20,20,0,0
multiphase,120,0.02,0.02,22288.0,0.01999946697476643,0,0.6739556210528339,-1.972766426760731,0.13907159218411863,20,20,0,0
osc_exp,120,0.02,0.02,253.0,0.019857388951475957,0,1.513976090447414,-3.57673593489967,0.02796683500629838,20,20,0,0
damped_osc_pow,120,0.02,0.02,50000.0,0.021022044544695872,1,0.4803460365203543,-3.9408888008044616,0.019430936835921682,20,20,0,0
log_slow,120,0.02,0.02,50000.0,0.44454396782293126,1,0.6159122580686225,-2.8379054769451204,0.05854816811586529,20,20,0,0
delayed_plateau,120,0.02,0.02,512.0,0.01984109474395572,0,0.3438571877162829,-2.7653827786164653,0.06295199805685998,20,20,0,0
staircase,120,0.02,0.02,320.0,0.0,0,0.41794711434331044,-2.516337284582567,0.08075484775347638,20,20,0,0
noisy_plateau,120,0.02,0.02,199.0,0.019254701775386907,0,0.4706080526771568,-6.7972197495336895,0.0011168760303365294,20,20,0,0
slow_osc_power,120,0.02,0.02,32020.0,0.019999395467564567,0,0.6874499276770181,-4.134983504147808,0.016002929109595138,20,20,0,0
log_oscillatory,120,0.02,0.02,50000.0,0.4340556646869982,1,0.3295211391753025,-3.689994413351805,0.02497214155245599,20,20,0,0
heavy_noise_plat,120,0.02,0.02,160.0,0.018315638888734182,0,0.2903038425461514,-5.48573573842099,0.0041454839651831644,20,20,0,0
broken_power_law,120,0.02,0.02,50000.0,0.08985094974711708,1,0.5626972072673309,-2.7209659778901307,0.06581115159451965,20,20,0,0
single_exp,130,0.0,0.02,228.0,0.01984109474437027,0,1.652464457752536,-5.005454860349378,0.0067012925026329745,20,20,0,0
two_exp,130,0.0,0.02,348.0,0.01976188853414175,0,0.4537817092409694,-3.843245942087497,0.021423947467255726,20,20,0,0
three_exp,130,0.0,0.02,619.0,0.019981157829618276,0,0.20386768523196663,-3.8534748244885697,0.021205921410496733,20,20,0,0
four_exp,130,0.0,0.02,1093.0,0.01993689267156846,0,0.10701747381833755,-4.321156017108979,0.013284517532917456,20,20,0,0
power_law,130,0.0,0.02,35024.0,0.019999779437722343,0,0.016723036856218655,-7.746952217470736,0.00043205735277852386,20,20,0,0
rational_decay,130,0.0,0.02,7725.0,0.02,0,0.3453534974974045,-3.131082306781749,0.04367050678031696,20,20,0,0
mixed_pow_rat,130,0.0,0.02,40260.0,0.019999940373626176,0,0.3461968985083951,-3.2156381809320917,0.040129715630646615,20,20,0,0
multiphase,130,0.0,0.02,22807.0,0.01999997844339227,0,0.38652062035889023,-2.685232439449321,0.06820533854234148,20,20,0,0
osc_exp,130,0.0,0.02,259.0,0.019116798063378165,0,1.8272823095078332,-3.580533316427904,0.02786083565101598,20,20,0,0
damped_osc_pow,130,0.0,0.02,50000.0,0.022149943069997336,1,0.037765117945485774,-6.425655190779836,0.001619471867218415,20,20,0,0
log_slow,130,0.0,0.02,50000.0,0.45178413185599886,1,0.16580936694437604,-4.207976252196979,0.01487644406597325,20,20,0,0
delayed_plateau,130,0.0,0.02,522.0,0.019841094744308303,0,0.37689382457968656,-2.8066579596195007,0.060406536504746436,20,20,0,0
staircase,130,0.0,0.02,320.0,0.0,0,0.7547977396932258,-2.5838905530633434,0.0754797739693226,20,20,0,0
noisy_plateau,130,0.0,0.02,209.0,0.019254701775386903,0,0.5353877195046811,-6.850420422889342,0.001059010367103208,20,20,0,0
slow_osc_power,130,0.0,0.02,29788.0,0.01999846277021649,0,0.8499867107877803,-3.6050738078498252,0.027185438240260748,20,20,0,0
log_oscillatory,130,0.0,0.02,50000.0,0.3343738214430089,1,0.07470991063807225,-4.696825683970424,0.009124194257407167,20,20,0,0
heavy_noise_plat,130,0.0,0.02,170.0,0.018315638888734182,0,0.5433078461457299,-7.075907446373311,0.0008452252091835678,20,20,0,0
broken_power_law,130,0.0,0.02,50000.0,0.09275066716158405,1,0.021082331439742395,-6.1298804106671465,0.002176841272145043,20,20,0,0
single_exp,130,0.003,0.02,228.0,0.01984109474437027,0,2.1054512382456836,-4.98734864083203,0.006823732695239483,20,20,0,0
two_exp,130,0.003,0.02,348.0,0.01976188853414175,0,0.4513940472004282,-3.8452039800889897,0.021382039605954604,20,20,0,0
three_exp,130,0.003,0.02,619.0,0.019981157829618276,0,0.189424646315831,-3.9109494071421054,0.020021483495979535,20,20,0,0
four_exp,130,0.003,0.02,1093.0,0.01993689267156846,0,0.13278509022432722,-4.082023106763082,0.01687329462207335,20,20,0,0
power_law,130,0.003,0.02,35024.0,0.019999779437722343,0,0.40409665909794307,-4.41919010961999,0.012043982641509104,20,20,0,0
rational_decay,130,0.003,0.02,7725.0,0.02,0,0.1607931217244596,-3.9005977320830243,0.020229815821243054,20,20,0,0
mixed_pow_rat,130,0.003,0.02,40260.0,0.019999940373626176,0,0.2933044054386214,-3.3947336925023723,0.03354948746264759,20,20,0,0
multiphase,130,0.003,0.02,22807.0,0.01999997844339227,0,0.404556900646447,-2.6202823771584405,0.07278230786416669,20,20,0,0
osc_exp,130,0.003,0.02,259.0,0.019116798063378165,0,1.512542555715461,-3.595442981415953,0.027448521297641672,20,20,0,0
damped_osc_pow,130,0.003,0.02,50000.0,0.022149943069997336,1,0.36711835857583464,-4.124616637781913,0.016169692249201867,20,20,0,0
log_slow,130,0.003,0.02,50000.0,0.45178413185599886,1,0.5076246140682599,-3.076237116866706,0.0461325217444176,20,20,0,0
delayed_plateau,130,0.003,0.02,522.0,0.019841094744308303,0,0.37423915270105423,-2.806471652339748,0.0604177917306746,20,20,0,0
staircase,130,0.003,0.02,320.0,0.0,0,0.733928784997984,-2.5820781828318506,0.0756166953033407,20,20,0,0
noisy_plateau,130,0.003,0.02,209.0,0.019254701775386903,0,0.33185300134293516,-7.417662883466324,0.0006005510644742874,20,20,0,0
slow_osc_power,130,0.003,0.02,29788.0,0.01999846277021649,0,0.8439910422020286,-3.6134045282435294,0.02695990468833223,20,20,0,0
log_oscillatory,130,0.003,0.02,50000.0,0.3343738214430089,1,0.07320764669206384,-4.736824060271093,0.008766443717348325,20,20,0,0
heavy_noise_plat,130,0.003,0.02,170.0,0.018315638888734182,0,0.36275478602318456,-6.353385449629837,0.0017408436104982897,20,20,0,0
broken_power_law,130,0.003,0.02,50000.0,0.09275066716158405,1,0.3189537788895801,-3.4018108501373967,0.03331289065526902,20,20,0,0
single_exp,130,0.005,0.02,228.0,0.01984109474437027,0,1.6727968431883111,-4.99867301842863,0.006746894065565393,20,20,0,0
two_exp,130,0.005,0.02,348.0,0.01976188853414175,0,0.49655843737048244,-3.829224607283958,0.021726455635641205,20,20,0,0
three_exp,130,0.005,0.02,619.0,0.019981157829618276,0,0.18823966128485392,-3.9716592823191044,0.018842142748221533,20,20,0,0
four_exp,130,0.005,0.02,1093.0,0.01993689267156846,0,0.18148072620700828,-3.7712714470985964,0.02302277243307404,20,20,0,0
power_law,130,0.005,0.02,35024.0,0.019999779437722343,0,0.4752419215041579,-4.3960059149869215,0.012326474701337013,20,20,0,0
rational_decay,130,0.005,0.02,7725.0,0.02,0,0.08817714106347779,-4.526603313950492,0.010817356906134152,20,20,0,0
mixed_pow_rat,130,0.005,0.02,40260.0,0.019999940373626176,0,0.20042024823186153,-3.6848257441427035,0.025101548434172505,20,20,0,0
multiphase,130,0.005,0.02,22807.0,0.01999997844339227,0,0.43634460768025374,-2.564241212838696,0.07697756887818771,20,20,0,0
osc_exp,130,0.005,0.02,259.0,0.019116798063378165,0,1.2893385596739688,-3.680011375759141,0.025222687906372693,20,20,0,0
damped_osc_pow,130,0.005,0.02,50000.0,0.022149943069997336,1,0.43647213906154175,-3.9010858269922863,0.020219944160475064,20,20,0,0
log_slow,130,0.005,0.02,50000.0,0.45178413185599886,1,0.5388551646181559,-3.036453358634875,0.048004843897483204,20,20,0,0
delayed_plateau,130,0.005,0.02,522.0,0.019841094744308303,0,0.3683325678612395,-2.8108571518551315,0.06015340968172249,20,20,0,0
staircase,130,0.005,0.02,320.0,0.0,0,0.7443246335918712,-2.5829018612542445,0.07555443710693299,20,20,0,0
noisy_plateau,130,0.005,0.02,209.0,0.019254701775386903,0,0.5039268839128174,-6.798882541899512,0.0011150204405575154,20,20,0,0
slow_osc_power,130,0.005,0.02,29788.0,0.01999846277021649,0,0.779941810436199,-3.61878816502292,0.026815152350507656,20,20,0,0
log_oscillatory,130,0.005,0.02,50000.0,0.3343738214430089,1,0.08052939146646912,-4.611040806923345,0.009941465774882294,20,20,0,0
heavy_noise_plat,130,0.005,0.02,170.0,0.018315638888734182,0,0.21620959265882786,-6.6830180798230865,0.0012519936479705052,20,20,0,0
broken_power_law,130,0.005,0.02,50000.0,0.09275066716158405,1,0.2915707297083116,-3.4319547151954772,0.032323695361164834,20,20,0,0
single_exp,130,0.01,0.02,228.0,0.01984109474437027,0,1.5720341962914315,-5.068880259494076,0.0062894587610866975,20,20,0,0
two_exp,130,0.01,0.02,348.0,0.01976188853414175,0,0.5325005828052822,-3.8421804381141174,0.021446786934018056,20,20,0,0
three_exp,130,0.01,0.02,619.0,0.019981157829618276,0,0.19491152396437905,-3.8494788691863597,0.021290828854790313,20,20,0,0
four_exp,130,0.01,0.02,1093.0,0.01993689267156846,0,0.2125295141617436,-3.637516890123559,0.02631761242110582,20,20,0,0
power_law,130,0.01,0.02,35024.0,0.019999779437722343,0,0.4597630050500918,-4.5245466047460585,0.01083962795833903,20,20,0,0
rational_decay,130,0.01,0.02,7725.0,0.02,0,0.12192805724646513,-4.172897027618767,0.015407559280610642,20,20,0,0
mixed_pow_rat,130,0.01,0.02,40260.0,0.019999940373626176,0,0.2720810919493235,-3.4357326105499624,0.03220181020227493,20,20,0,0
multiphase,130,0.01,0.02,22807.0,0.01999997844339227,0,0.23293959579472215,-3.204795878602614,0.04056718142256262,20,20,0,0
osc_exp,130,0.01,0.02,259.0,0.019116798063378165,0,1.8180474734883179,-3.788206620335223,0.02263616070183363,20,20,0,0
damped_osc_pow,130,0.01,0.02,50000.0,0.022149943069997336,1,0.3534058487519138,-4.036124802429862,0.01766579840080972,20,20,0,0
log_slow,130,0.01,0.02,50000.0,0.45178413185599886,1,0.7463862253278314,-2.72876979001021,0.06529957246202668,20,20,0,0
delayed_plateau,130,0.01,0.02,522.0,0.019841094744308303,0,0.373524158985553,-2.809902738922311,0.06021084827958621,20,20,0,0
staircase,130,0.01,0.02,320.0,0.0,0,0.768601555630045,-2.5830448465191242,0.07554363470804075,20,20,0,0
noisy_plateau,130,0.01,0.02,209.0,0.019254701775386903,0,0.4796386577942934,-6.9619303383609195,0.000947266264142349,20,20,0,0
slow_osc_power,130,0.01,0.02,29788.0,0.01999846277021649,0,0.9806449493381216,-3.6152108933358624,0.026911249215614393,20,20,0,0
log_oscillatory,130,0.01,0.02,50000.0,0.3343738214430089,1,0.1629308865844823,-3.9288584385678056,0.019666109816359124,20,20,0,0
heavy_noise_plat,130,0.01,0.02,170.0,0.018315638888734182,0,0.3032644861332465,-5.776482636724194,0.0030995986713576295,20,20,0,0
broken_power_law,130,0.01,0.02,50000.0,0.09275066716158405,1,0.5076252597215672,-2.9206016620837225,0.05390124720563813,20,20,0,0
single_exp,130,0.02,0.02,228.0,0.01984109474437027,0,0.5874748817316127,-5.097282127300967,0.006113339284794371,20,20,0,0
two_exp,130,0.02,0.02,348.0,0.01976188853414175,0,0.49973146878309327,-3.8701849054426454,0.02085451295573538,20,20,0,0
three_exp,130,0.02,0.02,619.0,0.019981157829618276,0,0.16709389771312919,-3.8974615110725153,0.02029336058779145,20,20,0,0
four_exp,130,0.02,0.02,1093.0,0.01993689267156846,0,0.276594461992853,-3.3941758725892046,0.03356820725548203,20,20,0,0
power_law,130,0.02,0.02,35024.0,0.019999779437722343,0,0.8801600386053412,-4.0113169964815105,0.018109529338178196,20,20,0,0
rational_decay,130,0.02,0.02,7725.0,0.02,0,0.2451944664954963,-3.453762125361318,0.03162642969019084,20,20,0,0
mixed_pow_rat,130,0.02,0.02,40260.0,0.019999940373626176,0,0.3137663411492345,-3.279173954224116,0.03765935231115235,20,20,0,0
multiphase,130,0.02,0.02,22807.0,0.01999997844339227,0,0.7107099568255442,-2.07320804580727,0.12578162056744485,20,20,0,0
osc_exp,130,0.02,0.02,259.0,0.019116798063378165,0,0.8254448194353454,-4.119070762798601,0.01625961646468197,20,20,0,0
damped_osc_pow,130,0.02,0.02,50000.0,0.022149943069997336,1,0.41492025965379326,-3.7433335907951313,0.0236750485128441,20,20,0,0
log_slow,130,0.02,0.02,50000.0,0.45178413185599886,1,0.4830498131107613,-3.201080741447238,0.04071817437164203,20,20,0,0
delayed_plateau,130,0.02,0.02,522.0,0.019841094744308303,0,0.34483360957006304,-2.8037717202645673,0.06058113607456987,20,20,0,0
staircase,130,0.02,0.02,320.0,0.0,0,0.7562633016810877,-2.597122000102087,0.07448764545984991,20,20,0,0
noisy_plateau,130,0.02,0.02,209.0,0.019254701775386903,0,0.43259760043804424,-7.637218430968657,0.00048216777143111986,20,20,0,0
slow_osc_power,130,0.02,0.02,29788.0,0.01999846277021649,0,1.1182384784157515,-3.5670410025514108,0.02823929016279389,20,20,0,0
log_oscillatory,130,0.02,0.02,50000.0,0.3343738214430089,1,0.26272593849305603,-3.4525532694881456,0.031664684603148814,20,20,0,0
heavy_noise_plat,130,0.02,0.02,170.0,0.018315638888734182,0,0.38869590849919355,-5.393903750822604,0.004544199243957731,20,20,0,0
broken_power_law,130,0.02,0.02,50000.0,0.09275066716158405,1,0.6310481962488674,-2.8019634584774873,0.06069078173210101,20,20,0,0
single_exp,140,0.0,0.02,238.0,0.019841094744370305,0,3.063983134570326,-4.78800689721373,0.008329041485313146,20,20,0,0
two_exp,140,0.0,0.02,358.0,0.019761888789605286,0,0.4557730436375267,-4.018867246743522,0.017973312741345185,20,20,0,0
three_exp,140,0.0,0.02,629.0,0.019988980016805095,0,0.20076291282649,-3.949220715684552,0.0192697125105347,20,20,0,0
four_exp,140,0.0,0.02,1106.0,0.01993024705196437,0,0.0941045585473872,-4.501401486789982,0.011093438331201397,20,20,0,0
power_law,140,0.0,0.02,37698.0,0.019999654706442913,0,0.014724161096514612,-7.925743351997782,0.0003613211611704758,20,20,0,0
rational_decay,140,0.0,0.02,8225.0,0.02,0,0.3002680557809877,-3.3334955916708,0.035668205413983994,20,20,0,0
mixed_pow_rat,140,0.0,0.02,43823.0,0.019999800505767634,0,0.36522396782020966,-3.2110635870388133,0.04031371331918561,20,20,0,0
multiphase,140,0.0,0.02,23319.0,0.01999934796873686,0,0.17022138485132265,-3.5271702806557896,0.02938795799189171,20,20,0,0
osc_exp,140,0.0,0.02,280.0,0.01976925628136148,0,3.4718248185689315,-3.487903528735157,0.03056488344873391,20,20,0,0
damped_osc_pow,140,0.0,0.02,50000.0,0.023249454444751728,1,0.0341589457473873,-6.575588345948422,0.0013939855313244518,20,20,0,0
log_slow,140,0.0,0.02,50000.0,0.45849809245037687,1,0.1605595965645686,-4.267223987052159,0.014020650687835153,20,20,0,0
delayed_plateau,140,0.0,0.02,532.0,0.01984109474436101,0,0.39271310868709675,-2.8655421330433852,0.056952247066124555,20,20,0,0
staircase,140,0.0,0.02,320.0,0.0,0,0.6720714851406834,-2.6999756604131875,0.06720714851406834,20,20,0,0
noisy_plateau,140,0.0,0.02,219.0,0.019254701775386903,0,0.2744450872932982,-7.100309797155577,0.0008248493476979597,20,20,0,0
slow_osc_power,140,0.0,0.02,29708.0,0.019993589276371432,0,2.4087139829044037,-2.5384299188677444,0.07899032369679099,20,20,0,0
log_oscillatory,140,0.0,0.02,50000.0,0.3259058858325173,1,0.5431509274708073,-2.6747587433885522,0.06892345462810041,20,20,0,0
heavy_noise_plat,140,0.0,0.02,180.0,0.018315638888734182,0,0.2868961576894451,-7.295049738590063,0.0006788911594669822,20,20,0,0
broken_power_law,140,0.0,0.02,50000.0,0.09552040804368495,1,0.018536444740515915,-6.291059543458701,0.0018527957888255005,20,20,0,0
single_exp,140,0.003,0.02,238.0,0.019841094744370305,0,2.307621882206134,-4.78495320945535,0.008354514651088345,20,20,0,0
two_exp,140,0.003,0.02,358.0,0.019761888789605286,0,0.4824790446427439,-4.021503991331648,0.01792598413039384,20,20,0,0
three_exp,140,0.003,0.02,629.0,0.019988980016805095,0,0.2068778719343788,-3.9105648402511344,0.02002918457633556,20,20,0,0
four_exp,140,0.003,0.02,1106.0,0.01993024705196437,0,0.20996836612767378,-3.695945116729836,0.024823981012284113,20,20,0,0
power_law,140,0.003,0.02,37698.0,0.019999654706442913,0,0.44823651092751854,-4.606903584987429,0.00998268102469034,20,20,0,0
rational_decay,140,0.003,0.02,8225.0,0.02,0,0.10818379935539613,-4.356527832479334,0.012822833469111514,20,20,0,0
mixed_pow_rat,140,0.003,0.02,43823.0,0.019999800505767634,0,0.23718255207887706,-3.646632592272522,0.026078799034554977,20,20,0,0
multiphase,140,0.003,0.02,23319.0,0.01999934796873686,0,0.23278506004810484,-3.219791046568357,0.03996340787949934,20,20,0,0
osc_exp,140,0.003,0.02,280.0,0.01976925628136148,0,2.331420657420739,-3.5773623015842677,0.02794932299761875,20,20,0,0
damped_osc_pow,140,0.003,0.02,50000.0,0.023249454444751728,1,0.40711636147835817,-4.094005888254481,0.016672312188735383,20,20,0,0
log_slow,140,0.003,0.02,50000.0,0.45849809245037687,1,0.6922287194944032,-2.8042935890342027,0.06054952891973435,20,20,0,0
delayed_plateau,140,0.003,0.02,532.0,0.01984109474436101,0,0.384140489216508,-2.8666618127655314,0.05688851447665636,20,20,0,0
staircase,140,0.003,0.02,320.0,0.0,0,0.6598606986659519,-2.698300870560819,0.06731980067242042,20,20,0,0
noisy_plateau,140,0.003,0.02,219.0,0.019254701775386903,0,0.3199547553780389,-6.916748786390479,0.0009910468132142674,20,20,0,0
slow_osc_power,140,0.003,0.02,29708.0,0.019993589276371432,0,2.253619242386346,-2.602197232610295,0.07411056104510312,20,20,0,0
log_oscillatory,140,0.003,0.02,50000.0,0.3259058858325173,1,0.5376428889287638,-2.687240036860267,0.06806854703835007,20,20,0,0
heavy_noise_plat,140,0.003,0.02,180.0,0.018315638888734182,0,0.3543091087698529,-6.887622521575504,0.001020336788301583,20,20,0,0
broken_power_law,140,0.003,0.02,50000.0,0.09552040804368495,1,0.4828531754658409,-3.0068041073965346,0.04944946166634007,20,20,0,0
single_exp,140,0.005,0.02,238.0,0.019841094744370305,0,2.037661705514467,-4.809615266098469,0.008150995058631753,20,20,0,0
two_exp,140,0.005,0.02,358.0,0.019761888789605286,0,0.47409458523758186,-4.02466743891377,0.01786936582098322,20,20,0,0
three_exp,140,0.005,0.02,629.0,0.019988980016805095,0,0.19518423622905906,-3.930654250668298,0.01963082487043038,20,20,0,0
four_exp,140,0.005,0.02,1106.0,0.01993024705196437,0,0.18429180249201566,-3.827563439092757,0.021762576926113733,20,20,0,0
power_law,140,0.005,0.02,37698.0,0.019999654706442913,0,0.4168726619761849,-4.570543629707185,0.01035233035328886,20,20,0,0
rational_decay,140,0.005,0.02,8225.0,0.02,0,0.28496857838790923,-3.3900752368825624,0.033706140859210254,20,20,0,0
mixed_pow_rat,140,0.005,0.02,43823.0,0.019999800505767634,0,0.2445148463776671,-3.612946757868345,0.026972248959221536,20,20,0,0
multiphase,140,0.005,0.02,23319.0,0.01999934796873686,0,0.17930935647827784,-3.4591613929125535,0.0314561302943193,20,20,0,0
osc_exp,140,0.005,0.02,280.0,0.01976925628136148,0,2.77515416767029,-3.599985176554577,0.02732412748200301,20,20,0,0
damped_osc_pow,140,0.005,0.02,50000.0,0.023249454444751728,1,0.4116791231778757,-4.1053414675993,0.016484388992476583,20,20,0,0
log_slow,140,0.005,0.02,50000.0,0.45849809245037687,1,0.6030613666576725,-2.9191702236153567,0.05397845877300106,20,20,0,0
delayed_plateau,140,0.005,0.02,532.0,0.01984109474436101,0,0.3789178840542191,-2.8663277106790734,0.056907524223459724,20,20,0,0
staircase,140,0.005,0.02,320.0,0.0,0,0.6587847188910537,-2.696746389027943,0.06742452943773947,20,20,0,0
noisy_plateau,140,0.005,0.02,219.0,0.019254701775386903,0,0.35339423318365093,-6.909963550105647,0.0009977941653133999,20,20,0,0
slow_osc_power,140,0.005,0.02,29708.0,0.019993589276371432,0,2.412467273776454,-2.5151031834255306,0.08085456892487541,20,20,0,0
log_oscillatory,140,0.005,0.02,50000.0,0.3259058858325173,1,0.5277156563900773,-2.6831722578075503,0.06834599877173743,20,20,0,0
heavy_noise_plat,140,0.005,0.02,180.0,0.018315638888734182,0,0.2652981454472614,-6.749209918395431,0.0011718050767854631,20,20,0,0
broken_power_law,140,0.005,0.02,50000.0,0.09552040804368495,1,0.47417383396515567,-3.0798184939167554,0.04596759929080463,20,20,0,0
single_exp,140,0.01,0.02,238.0,0.019841094744370305,0,0.6405206214555694,-5.120060171255875,0.005975663321021334,20,20,0,0
two_exp,140,0.01,0.02,358.0,0.019761888789605286,0,0.47396069002995245,-3.998895261866219,0.018335884054203277,20,20,0,0
three_exp,140,0.01,0.02,629.0,0.019988980016805095,0,0.20011019299627653,-3.9385793038179706,0.019475864386040286,20,20,0,0
four_exp,140,0.01,0.02,1106.0,0.01993024705196437,0,0.2141721266396068,-3.7555096696764734,0.023388527147891164,20,20,0,0
power_law,140,0.01,0.02,37698.0,0.019999654706442913,0,0.5727101914535302,-4.5100869159235675,0.010997504276024939,20,20,0,0
rational_decay,140,0.01,0.02,8225.0,0.02,0,0.4698817264453393,-2.8538529682061293,0.0576218773546958,20,20,0,0
mixed_pow_rat,140,0.01,0.02,43823.0,0.019999800505767634,0,0.18544122772048888,-4.015725155137849,0.018029875352352856,20,20,0,0
multiphase,140,0.01,0.02,23319.0,0.01999934796873686,0,0.6804078140774704,-2.172680695128652,0.11387195141043734,20,20,0,0
osc_exp,140,0.01,0.02,280.0,0.01976925628136148,0,2.213368904489795,-3.711260657745365,0.024446684934731226,20,20,0,0
damped_osc_pow,140,0.01,0.02,50000.0,0.023249454444751728,1,0.465212850449342,-4.094594087737002,0.016662508426900008,20,20,0,0
log_slow,140,0.01,0.02,50000.0,0.45849809245037687,1,0.6399688257550549,-2.8942247417407883,0.05534191274297613,20,20,0,0
delayed_plateau,140,0.01,0.02,532.0,0.01984109474436101,0,0.3867975772912732,-2.870443044366875,0.05667381200366442,20,20,0,0
staircase,140,0.01,0.02,320.0,0.0,0,0.648876972086161,-2.6942314696201883,0.0675943100982342,20,20,0,0
noisy_plateau,140,0.01,0.02,219.0,0.019254701775386903,0,0.5150104424805118,-6.806669023850702,0.0011063720679160005,20,20,0,0
slow_osc_power,140,0.01,0.02,29708.0,0.019993589276371432,0,1.7820302231349836,-2.7208911700326595,0.06581607496991945,20,20,0,0
log_oscillatory,140,0.01,0.02,50000.0,0.3259058858325173,1,0.5546266902995005,-2.6468210271516384,0.07087616872297652,20,20,0,0
heavy_noise_plat,140,0.01,0.02,180.0,0.018315638888734182,0,0.3522336685161444,-5.963402073880162,0.0025711498340655337,20,20,0,0
broken_power_law,140,0.01,0.02,50000.0,0.09552040804368495,1,0.44166633092904983,-3.089885735365635,0.04550715396586183,20,20,0,0
single_exp,140,0.02,0.02,238.0,0.019841094744370305,0,0.4006262589065072,-5.251521530001235,0.005239540213568539,20,20,0,0
two_exp,140,0.02,0.02,358.0,0.019761888789605286,0,0.602811937264188,-4.0107795853587564,0.018119264216253962,20,20,0,0
three_exp,140,0.02,0.02,629.0,0.019988980016805095,0,0.23616441138776834,-3.7967101010240176,0.022444490632760092,20,20,0,0
four_exp,140,0.02,0.02,1106.0,0.01993024705196437,0,0.20373801420723367,-3.751047667645702,0.02349311997669689,20,20,0,0
power_law,140,0.02,0.02,37698.0,0.019999654706442913,0,0.4255518683643454,-4.355917494744495,0.01283066211706188,20,20,0,0
rational_decay,140,0.02,0.02,8225.0,0.02,0,0.26221069591944046,-3.286699616294262,0.03737700451151777,20,20,0,0
mixed_pow_rat,140,0.02,0.02,43823.0,0.019999800505767634,0,0.1452595461119088,-3.970769368281143,0.018858918098761314,20,20,0,0
multiphase,140,0.02,0.02,23319.0,0.01999934796873686,0,0.5923936981124869,-2.273380090541832,0.10296356506741469,20,20,0,0
osc_exp,140,0.02,0.02,280.0,0.01976925628136148,0,1.1719538186095917,-3.768260609606994,0.02309219471663966,20,20,0,0
damped_osc_pow,140,0.02,0.02,50000.0,0.023249454444751728,1,0.447367901651593,-4.146408682629323,0.0158211332906811,20,20,0,0
log_slow,140,0.02,0.02,50000.0,0.45849809245037687,1,0.7282507531437972,-2.853784567308794,0.057625818877613345,20,20,0,0
delayed_plateau,140,0.02,0.02,532.0,0.01984109474436101,0,0.35790741500625506,-2.867017245680465,0.05686829801913973,20,20,0,0
staircase,140,0.02,0.02,320.0,0.0,0,0.5922864163980028,-2.671788486604745,0.06912847932403533,20,20,0,0
noisy_plateau,140,0.02,0.02,219.0,0.019254701775386903,0,0.4947520630659151,-7.211689719773292,0.0007379092416109345,20,20,0,0
slow_osc_power,140,0.02,0.02,29708.0,0.019993589276371432,0,1.8788716014668672,-2.972296970044318,0.051185603401311675,20,20,0,0
log_oscillatory,140,0.02,0.02,50000.0,0.3259058858325173,1,0.5603274207194162,-2.658990737343352,0.0700188535097671,20,20,0,0
heavy_noise_plat,140,0.02,0.02,180.0,0.018315638888734182,0,0.6473068678128744,-4.944167841143974,0.007124841197514298,20,20,0,0
broken_power_law,140,0.02,0.02,50000.0,0.09552040804368495,1,0.6044205539819014,-2.6975968467077847,0.06736721210530688,20,20,0,0
