regime,obs_idx,noise,target_g,n_f,achieved_g,capped,R_R_med,log_med_error_R,med_error_R,n_valid_R,n_total,n_zero_denominator,zero_denominator_cell
single_exp,20,0.0,0.5,38.0,0.4867522559599716,0,1.0635060913560541,-1.6931076076932838,0.18394699975178544,20,20,0,0
two_exp,20,0.0,0.5,57.0,0.4961937115703413,0,0.7151548951113604,-2.0389079082119177,0.13017079173433793,20,20,0,0
three_exp,20,0.0,0.5,76.0,0.4994055594985231,0,0.5127831219752625,-2.4616106600520538,0.08529745506405295,20,20,0,0
four_exp,20,0.0,0.5,88.0,0.4991039322876301,0,0.5248013780526726,-2.456142803477845,0.08576512673010296,20,20,0,0
power_law,20,0.0,0.5,56.0,0.4970969601452245,0,0.19496989947766818,-4.676577242878874,0.009310828113048644,20,20,0,0
rational_decay,20,0.0,0.5,65.0,0.5,0,0.7355668299010827,-1.811191276620962,0.1634592955335739,20,20,0,0
mixed_pow_rat,20,0.0,0.5,89.0,0.49764878057885203,0,0.4828914742685347,-2.615162704390049,0.0731558849439738,20,20,0,0
multiphase,20,0.0,0.5,101.0,0.49950587232234334,0,0.6012584895537179,-2.1516524664863437,0.11629183055749051,20,20,0,0
osc_exp,20,0.0,0.5,43.0,0.4994843199886917,0,0.7599601436678556,-2.0264729457543402,0.13179956653152042,20,20,0,0
damped_osc_pow,20,0.0,0.5,61.0,0.4957874670189676,0,0.23930942434732116,-4.049304856814292,0.017434489894933777,20,20,0,0
log_slow,20,0.0,0.5,514.0,0.4999073323344191,0,0.3104147927335897,-3.224799749691824,0.039763743480894044,20,20,0,0
delayed_plateau,20,0.0,0.5,88.0,0.4965587484648145,0,0.7516480295215162,-1.662545107693428,0.18965567121791163,20,20,0,0
staircase,20,0.0,0.5,90.0,0.3272727272727272,0,1.3240075134813314,-0.7135891410103097,0.4898827799880927,20,20,0,0
noisy_plateau,20,0.0,0.5,34.0,0.49658530379140936,0,0.8067925007665075,-5.649223801759807,0.003520248125140152,20,20,0,0
slow_osc_power,20,0.0,0.5,62.0,0.4954871970126751,0,0.005751193103248793,-8.211022027162699,0.0002716429528938774,20,20,0,0
log_oscillatory,20,0.0,0.5,154.0,0.4933524938550953,0,0.27740711609500907,-3.2963678987324183,0.037017374379438334,20,20,0,0
heavy_noise_plat,20,0.0,0.5,27.0,0.4965853037914094,0,0.9219352566900063,-5.473874653756712,0.00419494666219883,20,20,0,0
broken_power_law,20,0.0,0.5,45.0,0.4937593319028003,0,0.3170164604583001,-4.792758420101812,0.008289559727579176,20,20,0,0
single_exp,20,0.003,0.5,38.0,0.4867522559599716,0,1.0487303968790824,-1.6951227910576208,0.18357668606827243,20,20,0,0
two_exp,20,0.003,0.5,57.0,0.4961937115703413,0,0.708969956741915,-2.0394356939577665,0.1301021075727898,20,20,0,0
three_exp,20,0.003,0.5,76.0,0.4994055594985231,0,0.5141048052276644,-2.4660956552455353,0.08491575299388318,20,20,0,0
four_exp,20,0.003,0.5,88.0,0.4991039322876301,0,0.5362894587168543,-2.43724032002104,0.08740171972550453,20,20,0,0
power_law,20,0.003,0.5,56.0,0.4970969601452245,0,0.19092427389724698,-4.716696195504206,0.008944681264175653,20,20,0,0
rational_decay,20,0.003,0.5,65.0,0.5,0,0.7322829596060298,-1.8091809001139942,0.1637882408022911,20,20,0,0
mixed_pow_rat,20,0.003,0.5,89.0,0.49764878057885203,0,0.47895654665126275,-2.6168969454904687,0.07302912494953274,20,20,0,0
multiphase,20,0.003,0.5,101.0,0.49950587232234334,0,0.5906126936785336,-2.1595193903197334,0.11538056072897024,20,20,0,0
osc_exp,20,0.003,0.5,43.0,0.4994843199886917,0,0.7566537576425564,-2.0276384182000475,0.13164604724699716,20,20,0,0
damped_osc_pow,20,0.003,0.5,61.0,0.4957874670189676,0,0.23528573135535052,-4.071937572615079,0.017044331862342547,20,20,0,0
log_slow,20,0.003,0.5,514.0,0.4999073323344191,0,0.3124459372121269,-3.237217704900638,0.03927301234018441,20,20,0,0
delayed_plateau,20,0.003,0.5,88.0,0.4965587484648145,0,0.7446798160547643,-1.6665930146641614,0.18888951441623675,20,20,0,0
staircase,20,0.003,0.5,90.0,0.3272727272727272,0,1.3239424833584552,-0.714123487750953,0.4896210826460964,20,20,0,0
noisy_plateau,20,0.003,0.5,34.0,0.49658530379140936,0,0.8663816353010909,-5.706795298834977,0.003323305699404885,20,20,0,0
slow_osc_power,20,0.003,0.5,62.0,0.4954871970126751,0,0.03714944336069266,-6.392845398979558,0.0016734876802961818,20,20,0,0
log_oscillatory,20,0.003,0.5,154.0,0.4933524938550953,0,0.2669812446708548,-3.3190426568430498,0.036187458992560775,20,20,0,0
heavy_noise_plat,20,0.003,0.5,27.0,0.4965853037914094,0,0.607139494721312,-5.526823280469862,0.003978607956776417,20,20,0,0
broken_power_law,20,0.003,0.5,45.0,0.4937593319028003,0,0.338814080584695,-4.787400858960105,0.008334090732933338,20,20,0,0
single_exp,20,0.005,0.5,38.0,0.4867522559599716,0,1.049783277587198,-1.699103835323742,0.1828473119534289,20,20,0,0
two_exp,20,0.005,0.5,57.0,0.4961937115703413,0,0.7066124403010595,-2.0373071841373185,0.13037932611294922,20,20,0,0
three_exp,20,0.005,0.5,76.0,0.4994055594985231,0,0.5049349621160863,-2.46427699392173,0.08507032650546383,20,20,0,0
four_exp,20,0.005,0.5,88.0,0.4991039322876301,0,0.5246983315175489,-2.4656032346012826,0.08495757756047449,20,20,0,0
power_law,20,0.005,0.5,56.0,0.4970969601452245,0,0.19788765452050427,-4.667513586527031,0.009395601859122239,20,20,0,0
rational_decay,20,0.005,0.5,65.0,0.5,0,0.7249635616355736,-1.821586134630285,0.16176895998567115,20,20,0,0
mixed_pow_rat,20,0.005,0.5,89.0,0.49764878057885203,0,0.4787914584165548,-2.6223820175993,0.07262965150501063,20,20,0,0
multiphase,20,0.005,0.5,101.0,0.49950587232234334,0,0.5892795707808878,-2.1582144110793435,0.1155312282530798,20,20,0,0
osc_exp,20,0.005,0.5,43.0,0.4994843199886917,0,0.7572329040448456,-2.031597917872198,0.13112582535494235,20,20,0,0
damped_osc_pow,20,0.005,0.5,61.0,0.4957874670189676,0,0.2438909687629504,-4.0732614479872,0.017021782220906674,20,20,0,0
log_slow,20,0.005,0.5,514.0,0.4999073323344191,0,0.341750982401279,-3.1675172649060563,0.04210801127176581,20,20,0,0
delayed_plateau,20,0.005,0.5,88.0,0.4965587484648145,0,0.7406944827868897,-1.6691009091830786,0.18841639295568632,20,20,0,0
staircase,20,0.005,0.5,90.0,0.3272727272727272,0,1.325653695189175,-0.710155041081108,0.4915679783217718,20,20,0,0
noisy_plateau,20,0.005,0.5,34.0,0.49658530379140936,0,0.8767924379792322,-5.594799301612835,0.0037171452857027165,20,20,0,0
slow_osc_power,20,0.005,0.5,62.0,0.4954871970126751,0,0.04601492039432144,-6.15470358615333,0.0021234703180467995,20,20,0,0
log_oscillatory,20,0.005,0.5,154.0,0.4933524938550953,0,0.27223620952697203,-3.2808416195946952,0.03759660145168531,20,20,0,0
heavy_noise_plat,20,0.005,0.5,27.0,0.4965853037914094,0,0.8494537446062833,-5.3627840313434545,0.004687836838705698,20,20,0,0
broken_power_law,20,0.005,0.5,45.0,0.4937593319028003,0,0.22542844699738135,-4.997727933286294,0.006753273468968535,20,20,0,0
single_exp,20,0.01,0.5,38.0,0.4867522559599716,0,1.0140013217438693,-1.7109368912964376,0.1806964203842703,20,20,0,0
two_exp,20,0.01,0.5,57.0,0.4961937115703413,0,0.6914829856998002,-2.0468004717055814,0.12914745418602924,20,20,0,0
three_exp,20,0.01,0.5,76.0,0.4994055594985231,0,0.49489591602353256,-2.4905925891394483,0.08286084958396334,20,20,0,0
four_exp,20,0.01,0.5,88.0,0.4991039322876301,0,0.5181767777503861,-2.470686841718294,0.08452678253861837,20,20,0,0
power_law,20,0.01,0.5,56.0,0.4970969601452245,0,0.160958381408899,-4.807971044717074,0.008164408122988596,20,20,0,0
rational_decay,20,0.01,0.5,65.0,0.5,0,0.7567801270579974,-1.8267580817385973,0.16093445933763853,20,20,0,0
mixed_pow_rat,20,0.01,0.5,89.0,0.49764878057885203,0,0.4836123654381115,-2.6565972318930293,0.07018664474177777,20,20,0,0
multiphase,20,0.01,0.5,101.0,0.49950587232234334,0,0.6115598805902768,-2.16664755882633,0.1145610329857013,20,20,0,0
osc_exp,20,0.01,0.5,43.0,0.4994843199886917,0,0.7441432882916227,-1.994622420155076,0.13606501987801542,20,20,0,0
damped_osc_pow,20,0.01,0.5,61.0,0.4957874670189676,0,0.24218166521878576,-4.101555190311994,0.016546921768623664,20,20,0,0
log_slow,20,0.01,0.5,514.0,0.4999073323344191,0,0.29524147286339114,-3.3145321478138805,0.03635105151851894,20,20,0,0
delayed_plateau,20,0.01,0.5,88.0,0.4965587484648145,0,0.7601747310925955,-1.6734172786872674,0.18760487085761954,20,20,0,0
staircase,20,0.01,0.5,90.0,0.3272727272727272,0,1.3225463300182694,-0.7066002057831007,0.4933185311425029,20,20,0,0
noisy_plateau,20,0.01,0.5,34.0,0.49658530379140936,0,0.9792183673939587,-5.608332195778881,0.00366718039925354,20,20,0,0
slow_osc_power,20,0.01,0.5,62.0,0.4954871970126751,0,0.05962791690842584,-5.79183520824172,0.0030523752888069466,20,20,0,0
log_oscillatory,20,0.01,0.5,154.0,0.4933524938550953,0,0.2803623904863212,-3.2673270130686802,0.038108153654392324,20,20,0,0
heavy_noise_plat,20,0.01,0.5,27.0,0.4965853037914094,0,0.3951272571832148,-5.441675274476885,0.00433221953125008,20,20,0,0
broken_power_law,20,0.01,0.5,45.0,0.4937593319028003,0,0.27753985852930696,-4.824416454427954,0.00803123909725375,20,20,0,0
single_exp,20,0.02,0.5,38.0,0.4867522559599716,0,1.0877608755789228,-1.7211114575451023,0.17886723405295618,20,20,0,0
two_exp,20,0.02,0.5,57.0,0.4961937115703413,0,0.6652027984668327,-2.069152103988008,0.12629281949816284,20,20,0,0
three_exp,20,0.02,0.5,76.0,0.4994055594985231,0,0.5101220964839427,-2.4505708450661006,0.08624434028859675,20,20,0,0
four_exp,20,0.02,0.5,88.0,0.4991039322876301,0,0.5178688202834963,-2.492426183082193,0.08270905563883309,20,20,0,0
power_law,20,0.02,0.5,56.0,0.4970969601452245,0,0.19672532047298813,-4.932733595973379,0.007206775916711657,20,20,0,0
rational_decay,20,0.02,0.5,65.0,0.5,0,0.7250090387301481,-1.8184627693182773,0.1622750134273363,20,20,0,0
mixed_pow_rat,20,0.02,0.5,89.0,0.49764878057885203,0,0.4510221280053932,-2.668677875066653,0.06934384595674221,20,20,0,0
multiphase,20,0.02,0.5,101.0,0.49950587232234334,0,0.5685136155038097,-2.178182381646069,0.11324718384419857,20,20,0,0
osc_exp,20,0.02,0.5,43.0,0.4994843199886917,0,0.7671158851752318,-2.0051301344019734,0.13464277289864005,20,20,0,0
damped_osc_pow,20,0.02,0.5,61.0,0.4957874670189676,0,0.18475859419737767,-4.225327571030851,0.014620544658210714,20,20,0,0
log_slow,20,0.02,0.5,514.0,0.4999073323344191,0,0.3845405201771777,-3.1630532848236577,0.042296400766029245,20,20,0,0
delayed_plateau,20,0.02,0.5,88.0,0.4965587484648145,0,0.7517278403754029,-1.6508217694693128,0.19189215269764365,20,20,0,0
staircase,20,0.02,0.5,90.0,0.3272727272727272,0,1.2945324958840594,-0.7190320208528698,0.4872236501066041,20,20,0,0
noisy_plateau,20,0.02,0.5,34.0,0.49658530379140936,0,0.8629542071392257,-5.8274364412081034,0.0029456185758291557,20,20,0,0
slow_osc_power,20,0.02,0.5,62.0,0.4954871970126751,0,0.14469672449280707,-5.11683197984472,0.005994985076412922,20,20,0,0
log_oscillatory,20,0.02,0.5,154.0,0.4933524938550953,0,0.23374891683849194,-3.355310387250943,0.03489853641273595,20,20,0,0
heavy_noise_plat,20,0.02,0.5,27.0,0.4965853037914094,0,0.44326762785305085,-4.788783821380214,0.008322572964799883,20,20,0,0
broken_power_law,20,0.02,0.5,45.0,0.4937593319028003,0,0.23141982644677153,-4.954883721486833,0.00704889986757664,20,20,0,0
single_exp,30,0.0,0.5,48.0,0.4867522559599716,0,1.4072333039229274,-1.8130531100227427,0.1631552446911558,20,20,0,0
two_exp,30,0.0,0.5,68.0,0.4998620009672804,0,0.8139696570668719,-2.1223641726835942,0.11974818819710664,20,20,0,0
three_exp,30,0.0,0.5,98.0,0.4962500052278238,0,0.5445726305065717,-2.575638480716128,0.07610521557033421,20,20,0,0
four_exp,30,0.0,0.5,113.0,0.4981075342175534,0,0.5421046434722173,-2.577041081565878,0.07599854515579951,20,20,0,0
power_law,30,0.0,0.5,83.0,0.4976885913869617,0,0.1808103458232806,-5.025776220377749,0.00656648747481579,20,20,0,0
rational_decay,30,0.0,0.5,85.0,0.5,0,0.7563474871088225,-1.984002461609858,0.1375177249288768,20,20,0,0
mixed_pow_rat,30,0.0,0.5,113.0,0.49929402881331314,0,0.5226127378079193,-2.690257945489433,0.06786343204769674,20,20,0,0
multiphase,30,0.0,0.5,201.0,0.49986170705960364,0,0.4321829983626167,-2.696505685054585,0.06744076074326838,20,20,0,0
osc_exp,30,0.0,0.5,45.0,0.48118139431011064,0,0.7961230564348527,-2.0063241992597276,0.1344820966431971,20,20,0,0
damped_osc_pow,30,0.0,0.5,89.0,0.49928209670367024,0,0.23477330923619763,-4.326412753938782,0.013214867546548353,20,20,0,0
log_slow,30,0.0,0.5,1068.0,0.4999844471743047,0,0.4096167206928606,-3.0581025943553493,0.04697674465229538,20,20,0,0
delayed_plateau,30,0.0,0.5,92.0,0.49697833153464954,0,0.7731493530412277,-1.6760214981315504,0.18711694221747527,20,20,0,0
staircase,30,0.0,0.5,90.0,0.3272727272727272,0,0.9950611095581154,-0.9992034004120137,0.36817261053650274,20,20,0,0
noisy_plateau,30,0.0,0.5,44.0,0.4965853037914094,0,1.1417317488959073,-6.082046544454449,0.0022834985862508136,20,20,0,0
slow_osc_power,30,0.0,0.5,64.0,0.4930220708946413,0,0.47375509155625384,-3.842255321296898,0.02144518099048185,20,20,0,0
log_oscillatory,30,0.0,0.5,1037.0,0.4994000148738912,0,0.4196047972102006,-3.250384834159478,0.03875928906285173,20,20,0,0
heavy_noise_plat,30,0.0,0.5,37.0,0.49658530379140947,0,0.5202184235072436,-5.864666003778429,0.002837970758720748,20,20,0,0
broken_power_law,30,0.0,0.5,12827.0,0.4999907202217947,0,2.9542136972092647,-2.923628133392353,0.05373836323363318,20,20,0,0
single_exp,30,0.003,0.5,48.0,0.4867522559599716,0,1.4069789850136412,-1.8144198753115912,0.1629324020874762,20,20,0,0
two_exp,30,0.003,0.5,68.0,0.4998620009672804,0,0.8013298824654608,-2.1147881255413217,0.12065885137393378,20,20,0,0
three_exp,30,0.003,0.5,98.0,0.4962500052278238,0,0.5353477793657044,-2.575820892710544,0.07609133433226724,20,20,0,0
four_exp,30,0.003,0.5,113.0,0.4981075342175534,0,0.5383315696379001,-2.575988758611976,0.07607856226386575,20,20,0,0
power_law,30,0.003,0.5,83.0,0.4976885913869617,0,0.17637175542100364,-5.0465395570851985,0.006431550997882996,20,20,0,0
rational_decay,30,0.003,0.5,85.0,0.5,0,0.7508299929113613,-1.9865639163479634,0.13716593024620782,20,20,0,0
mixed_pow_rat,30,0.003,0.5,113.0,0.49929402881331314,0,0.516253431202618,-2.700785769953009,0.06715272540922747,20,20,0,0
multiphase,30,0.003,0.5,201.0,0.49986170705960364,0,0.42493133154602813,-2.7010648823323407,0.06713398486774014,20,20,0,0
osc_exp,30,0.003,0.5,45.0,0.48118139431011064,0,0.7921060001707634,-2.009326060909114,0.13407900530965633,20,20,0,0
damped_osc_pow,30,0.003,0.5,89.0,0.49928209670367024,0,0.22875328500323974,-4.333265599547127,0.013124617686883083,20,20,0,0
log_slow,30,0.003,0.5,1068.0,0.4999844471743047,0,0.3957158392077448,-3.0810052442543463,0.045913079583867006,20,20,0,0
delayed_plateau,30,0.003,0.5,92.0,0.49697833153464954,0,0.7695193143695194,-1.6771823294388897,0.18689985703683004,20,20,0,0
staircase,30,0.003,0.5,90.0,0.3272727272727272,0,0.9964429364719153,-0.9997502022635893,0.3679713481017126,20,20,0,0
noisy_plateau,30,0.003,0.5,44.0,0.4965853037914094,0,0.7841939713520982,-6.188068588789231,0.002053789637395144,20,20,0,0
slow_osc_power,30,0.003,0.5,64.0,0.4930220708946413,0,0.486260083260098,-3.826246859044076,0.021791247970423498,20,20,0,0
log_oscillatory,30,0.003,0.5,1037.0,0.4994000148738912,0,0.4041335202532309,-3.2489776761230202,0.03881386789946225,20,20,0,0
heavy_noise_plat,30,0.003,0.5,37.0,0.49658530379140947,0,1.0411850569818468,-5.824801575857384,0.0029533901181386505,20,20,0,0
broken_power_law,30,0.003,0.5,12827.0,0.4999907202217947,0,2.967115791709844,-2.976865442821715,0.05095229669901469,20,20,0,0
single_exp,30,0.005,0.5,48.0,0.4867522559599716,0,1.3681546083358769,-1.8204544615490785,0.16195213318960486,20,20,0,0
two_exp,30,0.005,0.5,68.0,0.4998620009672804,0,0.8018516151588149,-2.1241115935422767,0.11953912043314607,20,20,0,0
three_exp,30,0.005,0.5,98.0,0.4962500052278238,0,0.5415122604845666,-2.5752919190797057,0.07613159528921777,20,20,0,0
four_exp,30,0.005,0.5,113.0,0.4981075342175534,0,0.5515995670573512,-2.554169796463301,0.07775675921476549,20,20,0,0
power_law,30,0.005,0.5,83.0,0.4976885913869617,0,0.1773476611054477,-5.017984757435291,0.0066178498528331395,20,20,0,0
rational_decay,30,0.005,0.5,85.0,0.5,0,0.7741696267495105,-1.9826151438039088,0.1377086381153156,20,20,0,0
mixed_pow_rat,30,0.005,0.5,113.0,0.49929402881331314,0,0.5423988567778504,-2.693032967287314,0.0676753706024747,20,20,0,0
multiphase,30,0.005,0.5,201.0,0.49986170705960364,0,0.42034425506577866,-2.7103865429334557,0.06651109235273914,20,20,0,0
osc_exp,30,0.005,0.5,45.0,0.48118139431011064,0,0.7883055360184809,-2.0078852775104594,0.13427232334588146,20,20,0,0
damped_osc_pow,30,0.005,0.5,89.0,0.49928209670367024,0,0.22928182261665114,-4.355300593120854,0.012838579815323634,20,20,0,0
log_slow,30,0.005,0.5,1068.0,0.4999844471743047,0,0.39483421187666656,-3.1218714087355686,0.04407460958373228,20,20,0,0
delayed_plateau,30,0.005,0.5,92.0,0.49697833153464954,0,0.7649528186243526,-1.6824195371507897,0.18592358237227033,20,20,0,0
staircase,30,0.005,0.5,90.0,0.3272727272727272,0,0.9889786288383005,-1.0000429302800777,0.3678636483429957,20,20,0,0
noisy_plateau,30,0.005,0.5,44.0,0.4965853037914094,0,1.0225308747602793,-6.16849061994496,0.0020943948537800114,20,20,0,0
slow_osc_power,30,0.005,0.5,64.0,0.4930220708946413,0,0.4654316994073864,-3.882600900044673,0.02059718423718108,20,20,0,0
log_oscillatory,30,0.005,0.5,1037.0,0.4994000148738912,0,0.4048762219906866,-3.2418837822691207,0.03909018829339319,20,20,0,0
heavy_noise_plat,30,0.005,0.5,37.0,0.49658530379140947,0,0.5774497128158509,-6.073108693452844,0.0023039996375708027,20,20,0,0
broken_power_law,30,0.005,0.5,12827.0,0.4999907202217947,0,2.8545670853687897,-2.9887829677295983,0.050348675414052774,20,20,0,0
single_exp,30,0.01,0.5,48.0,0.4867522559599716,0,1.3438630244804473,-1.830575253520131,0.16032131584230186,20,20,0,0
two_exp,30,0.01,0.5,68.0,0.4998620009672804,0,0.8093476159141297,-2.1089803606248787,0.12136164848254478,20,20,0,0
three_exp,30,0.01,0.5,98.0,0.4962500052278238,0,0.5273023029549588,-2.5918443227404984,0.07488180643232314,20,20,0,0
four_exp,30,0.01,0.5,113.0,0.4981075342175534,0,0.5294188382174758,-2.5580991136286397,0.07745182772466419,20,20,0,0
power_law,30,0.01,0.5,83.0,0.4976885913869617,0,0.1786265230117277,-4.936359190627157,0.007180694377591456,20,20,0,0
rational_decay,30,0.01,0.5,85.0,0.5,0,0.7706842806322923,-1.9724389887742348,0.1391171369623805,20,20,0,0
mixed_pow_rat,30,0.01,0.5,113.0,0.49929402881331314,0,0.5305063463404535,-2.6832868672886176,0.06833816612114174,20,20,0,0
multiphase,30,0.01,0.5,201.0,0.49986170705960364,0,0.40368288155975307,-2.7372101898933137,0.06475073741016815,20,20,0,0
osc_exp,30,0.01,0.5,45.0,0.48118139431011064,0,0.7914159352165107,-2.004562371895286,0.1347192397223319,20,20,0,0
damped_osc_pow,30,0.01,0.5,89.0,0.49928209670367024,0,0.2609673138538884,-4.3796599197169295,0.01252961897296958,20,20,0,0
log_slow,30,0.01,0.5,1068.0,0.4999844471743047,0,0.3903231828906162,-3.1146568489087736,0.0443937382937861,20,20,0,0
delayed_plateau,30,0.01,0.5,92.0,0.49697833153464954,0,0.7651197105598562,-1.684230284680452,0.1855872263246288,20,20,0,0
staircase,30,0.01,0.5,90.0,0.3272727272727272,0,1.0002119927963904,-1.0001011883062383,0.36784221795719907,20,20,0,0
noisy_plateau,30,0.01,0.5,44.0,0.4965853037914094,0,0.8023245000491603,-6.415098384971924,0.0016366588775788664,20,20,0,0
slow_osc_power,30,0.01,0.5,64.0,0.4930220708946413,0,0.4581758904309699,-3.890899857608274,0.02042695641301448,20,20,0,0
log_oscillatory,30,0.01,0.5,1037.0,0.4994000148738912,0,0.45896548154849537,-3.21803801212168,0.040033526552386185,20,20,0,0
heavy_noise_plat,30,0.01,0.5,37.0,0.49658530379140947,0,0.33216379360228737,-5.920326703102008,0.0026843230570132008,20,20,0,0
broken_power_law,30,0.01,0.5,12827.0,0.4999907202217947,0,4.026405221746347,-2.9607599740838886,0.05177955109911195,20,20,0,0
single_exp,30,0.02,0.5,48.0,0.4867522559599716,0,1.441273070420896,-1.8309626478173369,0.16025922030732864,20,20,0,0
two_exp,30,0.02,0.5,68.0,0.4998620009672804,0,0.8285858880678814,-2.1131694234853775,0.120854320264988,20,20,0,0
three_exp,30,0.02,0.5,98.0,0.4962500052278238,0,0.5176379062628335,-2.571303149243515,0.07643587314382379,20,20,0,0
four_exp,30,0.02,0.5,113.0,0.4981075342175534,0,0.5000302427121562,-2.6420125069783618,0.0712177989196714,20,20,0,0
power_law,30,0.02,0.5,83.0,0.4976885913869617,0,0.24226542418332767,-4.979885035488536,0.006874852876168378,20,20,0,0
rational_decay,30,0.02,0.5,85.0,0.5,0,0.7269447254529233,-2.0062255898665233,0.13449535849500477,20,20,0,0
mixed_pow_rat,30,0.02,0.5,113.0,0.49929402881331314,0,0.49641983586271543,-2.7017195080849854,0.06709005161385666,20,20,0,0
multiphase,30,0.02,0.5,201.0,0.49986170705960364,0,0.3872065757129828,-2.7622388642044897,0.06315022519211096,20,20,0,0
osc_exp,30,0.02,0.5,45.0,0.48118139431011064,0,0.7788742854752772,-1.9972648039164105,0.13570595847693145,20,20,0,0
damped_osc_pow,30,0.02,0.5,89.0,0.49928209670367024,0,0.21469477844693985,-4.6187842642795465,0.009864781741538806,20,20,0,0
log_slow,30,0.02,0.5,1068.0,0.4999844471743047,0,0.39185228509612,-3.1189660035307063,0.04420285038936045,20,20,0,0
delayed_plateau,30,0.02,0.5,92.0,0.49697833153464954,0,0.7596211807223314,-1.662354575422624,0.18969181018633013,20,20,0,0
staircase,30,0.02,0.5,90.0,0.3272727272727272,0,1.0067582062804554,-1.003685574745257,0.3665260894651297,20,20,0,0
noisy_plateau,30,0.02,0.5,44.0,0.4965853037914094,0,0.8104847275682927,-6.123646975811919,0.0021904528497724077,20,20,0,0
slow_osc_power,30,0.02,0.5,64.0,0.4930220708946413,0,0.3972188079901776,-3.860308893955079,0.02106149275034627,20,20,0,0
log_oscillatory,30,0.02,0.5,1037.0,0.4994000148738912,0,0.5051991099095308,-3.2082707566699136,0.04042646004998901,20,20,0,0
heavy_noise_plat,30,0.02,0.5,37.0,0.49658530379140947,0,0.2822622351893219,-5.1398905620404545,0.005858330802024579,20,20,0,0
broken_power_law,30,0.02,0.5,12827.0,0.4999907202217947,0,5.453599730482365,-3.227903956209007,0.03964049999481492,20,20,0,0
single_exp,40,0.0,0.5,58.0,0.48675225595997174,0,1.8847038268828826,-1.9209080034471628,0.14647390292160975,20,20,0,0
two_exp,40,0.0,0.5,79.0,0.4943417579410996,0,0.9285921661244663,-2.1665840897698136,0.1145683042971276,20,20,0,0
three_exp,40,0.0,0.5,115.0,0.4980918190047895,0,0.5839678866925673,-2.6521441916091884,0.07049988561770096,20,20,0,0
four_exp,40,0.0,0.5,136.0,0.4975004115268818,0,0.556593954616595,-2.6734512319386567,0.06901363177517202,20,20,0,0
power_law,40,0.0,0.5,110.0,0.4979922849102314,0,0.16550501946357615,-5.310537544250896,0.004939270927250768,20,20,0,0
rational_decay,40,0.0,0.5,105.0,0.5,0,0.7700431794935751,-2.1331108653438866,0.11846818146055002,20,20,0,0
mixed_pow_rat,40,0.0,0.5,137.0,0.4986736239175908,0,0.5500653980071234,-2.7616548602109763,0.06318711594694,20,20,0,0
multiphase,40,0.0,0.5,288.0,0.4993802664504792,0,0.33281534798178325,-3.1067074786352147,0.044748046956886084,20,20,0,0
osc_exp,40,0.0,0.5,68.0,0.4752183664502317,0,1.2642296042108416,-1.9890517483545422,0.1368251085840365,20,20,0,0
damped_osc_pow,40,0.0,0.5,118.0,0.4981279071337953,0,0.2217477405699369,-4.562384667413701,0.010437140135727236,20,20,0,0
log_slow,40,0.0,0.5,1823.0,0.49996838642647734,0,0.4330557199828058,-3.0761053216834355,0.0461386021892535,20,20,0,0
delayed_plateau,40,0.0,0.5,96.0,0.4970208364106488,0,0.831913925992994,-1.6429350837617067,0.19341152934336045,20,20,0,0
staircase,40,0.0,0.5,90.0,0.42857142857142855,0,1.4036011450543215,-1.088075175115378,0.3368642748130372,20,20,0,0
noisy_plateau,40,0.0,0.5,54.0,0.49658530379140936,0,0.448709849476281,-6.555451207625997,0.0014223409511127522,20,20,0,0
slow_osc_power,40,0.0,0.5,69.0,0.4964783345321535,0,0.7681920388010492,-3.4986351448171233,0.030238626616683136,20,20,0,0
log_oscillatory,40,0.0,0.5,616.0,0.4996863725295119,0,0.41230230283700364,-3.182156352155205,0.04149607841829506,20,20,0,0
heavy_noise_plat,40,0.0,0.5,47.0,0.49658530379140947,0,1.0591294796295179,-6.141093416491624,0.0021525686769756393,20,20,0,0
broken_power_law,40,0.0,0.5,24062.0,0.4999948863160542,0,3.2042293739029972,-3.0940237480913937,0.04531923385968202,20,20,0,0
single_exp,40,0.003,0.5,58.0,0.48675225595997174,0,1.833938347465496,-1.918398232077826,0.14684198063175813,20,20,0,0
two_exp,40,0.003,0.5,79.0,0.4943417579410996,0,0.9252203045952906,-2.1640182177635685,0.11486264936632327,20,20,0,0
three_exp,40,0.003,0.5,115.0,0.4980918190047895,0,0.5860131644968161,-2.658055247599051,0.07008438607687624,20,20,0,0
four_exp,40,0.003,0.5,136.0,0.4975004115268818,0,0.5513293579897265,-2.677580816955298,0.06872922176728426,20,20,0,0
power_law,40,0.003,0.5,110.0,0.4979922849102314,0,0.16746478818102903,-5.269180476488907,0.00514782761057157,20,20,0,0
rational_decay,40,0.003,0.5,105.0,0.5,0,0.76750216287489,-2.13982497009916,0.11767543793959725,20,20,0,0
mixed_pow_rat,40,0.003,0.5,137.0,0.4986736239175908,0,0.5419171032690082,-2.759034894413527,0.0633528810842348,20,20,0,0
multiphase,40,0.003,0.5,288.0,0.4993802664504792,0,0.3333054460510982,-3.102681244070543,0.04492857627305835,20,20,0,0
osc_exp,40,0.003,0.5,68.0,0.4752183664502317,0,1.2439430367832043,-1.9884627885695685,0.13690571680573754,20,20,0,0
damped_osc_pow,40,0.003,0.5,118.0,0.4981279071337953,0,0.22197011830742625,-4.554244168528917,0.010522450426416193,20,20,0,0
log_slow,40,0.003,0.5,1823.0,0.49996838642647734,0,0.41154006127130033,-3.117201770584367,0.044280903345893095,20,20,0,0
delayed_plateau,40,0.003,0.5,96.0,0.4970208364106488,0,0.8267506347929818,-1.64739607806699,0.19255064324404622,20,20,0,0
staircase,40,0.003,0.5,90.0,0.42857142857142855,0,1.3955499219505867,-1.0887207250326838,0.33664688228470235,20,20,0,0
noisy_plateau,40,0.003,0.5,54.0,0.49658530379140936,0,0.5679400211180283,-6.585050331194696,0.0013808578656253866,20,20,0,0
slow_osc_power,40,0.003,0.5,69.0,0.4964783345321535,0,0.764452504134614,-3.481604977794582,0.030758005480147912,20,20,0,0
log_oscillatory,40,0.003,0.5,616.0,0.4996863725295119,0,0.398330391024868,-3.1836991832607326,0.041432106339499966,20,20,0,0
heavy_noise_plat,40,0.003,0.5,47.0,0.49658530379140947,0,0.6210062078396394,-5.89600366807911,0.002750414454095676,20,20,0,0
broken_power_law,40,0.003,0.5,24062.0,0.4999948863160542,0,2.760329110542707,-3.1875429436194347,0.04127315692899594,20,20,0,0
single_exp,40,0.005,0.5,58.0,0.48675225595997174,0,1.8653967393318691,-1.9155692580668444,0.14725798092825934,20,20,0,0
two_exp,40,0.005,0.5,79.0,0.4943417579410996,0,0.9174766327448939,-2.1592558578103067,0.11541097126458459,20,20,0,0
three_exp,40,0.005,0.5,115.0,0.4980918190047895,0,0.5724730169778138,-2.658109547396054,0.0700805806122581,20,20,0,0
four_exp,40,0.005,0.5,136.0,0.4975004115268818,0,0.5469913196791499,-2.660133062786732,0.06993891485855692,20,20,0,0
power_law,40,0.005,0.5,110.0,0.4979922849102314,0,0.18845948538651763,-5.252733775464754,0.005233192453013041,20,20,0,0
rational_decay,40,0.005,0.5,105.0,0.5,0,0.7742542614468478,-2.1403021374545474,0.11761930045663388,20,20,0,0
mixed_pow_rat,40,0.005,0.5,137.0,0.4986736239175908,0,0.5386246664373935,-2.7588474722908365,0.06336475592845568,20,20,0,0
multiphase,40,0.005,0.5,288.0,0.4993802664504792,0,0.33252762575798633,-3.1214565272665338,0.044092899116235235,20,20,0,0
osc_exp,40,0.005,0.5,68.0,0.4752183664502317,0,1.2592090360264456,-1.986049962963265,0.1372364452594858,20,20,0,0
damped_osc_pow,40,0.005,0.5,118.0,0.4981279071337953,0,0.22660099299081699,-4.520208171750392,0.010886757117361454,20,20,0,0
log_slow,40,0.005,0.5,1823.0,0.49996838642647734,0,0.4206967381567624,-3.0874294343173414,0.045619070630092906,20,20,0,0
delayed_plateau,40,0.005,0.5,96.0,0.4970208364106488,0,0.8298752892613925,-1.645126675092032,0.19298811445813677,20,20,0,0
staircase,40,0.005,0.5,90.0,0.42857142857142855,0,1.416142152035266,-1.0895678497712509,0.33636182114077817,20,20,0,0
noisy_plateau,40,0.005,0.5,54.0,0.49658530379140936,0,0.5528241558207082,-6.7119081543059105,0.0012163409426047024,20,20,0,0
slow_osc_power,40,0.005,0.5,69.0,0.4964783345321535,0,0.7689647927136561,-3.4878493637451142,0.030566539040178715,20,20,0,0
log_oscillatory,40,0.005,0.5,616.0,0.4996863725295119,0,0.41749684247310825,-3.192776648511948,0.04105770969106683,20,20,0,0
heavy_noise_plat,40,0.005,0.5,47.0,0.49658530379140947,0,0.6026305394175548,-5.9932163120157504,0.002495624421342088,20,20,0,0
broken_power_law,40,0.005,0.5,24062.0,0.4999948863160542,0,2.540892178868432,-3.170687570361708,0.04197472740083038,20,20,0,0
single_exp,40,0.01,0.5,58.0,0.48675225595997174,0,1.7851842828694457,-1.9253369445200907,0.14582661309916536,20,20,0,0
two_exp,40,0.01,0.5,79.0,0.4943417579410996,0,0.8867887092324364,-2.1722662723548325,0.11391915232029155,20,20,0,0
three_exp,40,0.01,0.5,115.0,0.4980918190047895,0,0.5437482151077855,-2.66862804271423,0.06934730160981326,20,20,0,0
four_exp,40,0.01,0.5,136.0,0.4975004115268818,0,0.5726111097908261,-2.642296129037543,0.07119760284505298,20,20,0,0
power_law,40,0.01,0.5,110.0,0.4979922849102314,0,0.19214283707953012,-5.366094680697874,0.0046723427166564,20,20,0,0
rational_decay,40,0.01,0.5,105.0,0.5,0,0.761530679011398,-2.1287182324167553,0.11898971330563946,20,20,0,0
mixed_pow_rat,40,0.01,0.5,137.0,0.4986736239175908,0,0.5332823906346169,-2.75415345851955,0.06366289014102973,20,20,0,0
multiphase,40,0.01,0.5,288.0,0.4993802664504792,0,0.3020712837968053,-3.170799670662202,0.04197002228500299,20,20,0,0
osc_exp,40,0.01,0.5,68.0,0.4752183664502317,0,1.208292922107164,-1.9731382285441281,0.13901989472932316,20,20,0,0
damped_osc_pow,40,0.01,0.5,118.0,0.4981279071337953,0,0.19806162252590506,-4.589093941401382,0.010162061626713306,20,20,0,0
log_slow,40,0.01,0.5,1823.0,0.49996838642647734,0,0.41128267487170733,-3.1270263221729078,0.04384799338182077,20,20,0,0
delayed_plateau,40,0.01,0.5,96.0,0.4970208364106488,0,0.8333828776385244,-1.6365717464680856,0.19464619627593469,20,20,0,0
staircase,40,0.01,0.5,90.0,0.42857142857142855,0,1.408618226571539,-1.0872338454405592,0.3371478079795326,20,20,0,0
noisy_plateau,40,0.01,0.5,54.0,0.49658530379140936,0,0.549493929552529,-6.623050628396938,0.0013293693416773535,20,20,0,0
slow_osc_power,40,0.01,0.5,69.0,0.4964783345321535,0,0.7558418078295617,-3.4940336964385144,0.03037808871384731,20,20,0,0
log_oscillatory,40,0.01,0.5,616.0,0.4996863725295119,0,0.36000982372854423,-3.1793853081796404,0.041611225341317906,20,20,0,0
heavy_noise_plat,40,0.01,0.5,47.0,0.49658530379140947,0,0.3743851374387195,-5.799186348975849,0.003030019120829913,20,20,0,0
broken_power_law,40,0.01,0.5,24062.0,0.4999948863160542,0,2.5380473639805645,-3.3437417446591637,0.03530460943546672,20,20,0,0
single_exp,40,0.02,0.5,58.0,0.48675225595997174,0,1.6152199678363315,-1.9273842487864261,0.14552836705639383,20,20,0,0
two_exp,40,0.02,0.5,79.0,0.4943417579410996,0,0.9779890766887178,-2.185312827963307,0.11244255297698984,20,20,0,0
three_exp,40,0.02,0.5,115.0,0.4980918190047895,0,0.5610352613619586,-2.6999994838508248,0.0672055474278287,20,20,0,0
four_exp,40,0.02,0.5,136.0,0.4975004115268818,0,0.5171373525584312,-2.6875312456575386,0.06804872776454848,20,20,0,0
power_law,40,0.02,0.5,110.0,0.4979922849102314,0,0.2739762226800666,-5.396465699032077,0.004532572141218324,20,20,0,0
rational_decay,40,0.02,0.5,105.0,0.5,0,0.7627055893387393,-2.1591845177536397,0.11541920498350808,20,20,0,0
mixed_pow_rat,40,0.02,0.5,137.0,0.4986736239175908,0,0.4835506335010413,-2.7542743506729583,0.06365519426234342,20,20,0,0
multiphase,40,0.02,0.5,288.0,0.4993802664504792,0,0.30328620887420055,-3.1158154686832433,0.04434233261630409,20,20,0,0
osc_exp,40,0.02,0.5,68.0,0.4752183664502317,0,1.3500441035716084,-1.9793194588419458,0.13816323108923373,20,20,0,0
damped_osc_pow,40,0.02,0.5,118.0,0.4981279071337953,0,0.19855343701639305,-4.67538269415867,0.009321956996528533,20,20,0,0
log_slow,40,0.02,0.5,1823.0,0.49996838642647734,0,0.3223485554071694,-3.361453901537929,0.03468479399276361,20,20,0,0
delayed_plateau,40,0.02,0.5,96.0,0.4970208364106488,0,0.8137708588746441,-1.641752134859271,0.19364046068005575,20,20,0,0
staircase,40,0.02,0.5,90.0,0.42857142857142855,0,1.395738314809448,-1.086717688660285,0.3373218740253962,20,20,0,0
noisy_plateau,40,0.02,0.5,54.0,0.49658530379140936,0,0.6685897892789434,-6.670140454509808,0.0012682206111929873,20,20,0,0
slow_osc_power,40,0.02,0.5,69.0,0.4964783345321535,0,0.7981939013828583,-3.55499972210628,0.02858138285886691,20,20,0,0
log_oscillatory,40,0.02,0.5,616.0,0.4996863725295119,0,0.4082295840289976,-3.295932241297487,0.037033504787219285,20,20,0,0
heavy_noise_plat,40,0.02,0.5,47.0,0.49658530379140947,0,0.15336533506302957,-5.8279349436516314,0.0029441505437106047,20,20,0,0
broken_power_law,40,0.02,0.5,24062.0,0.4999948863160542,0,2.6663187943801248,-3.352402302432121,0.03500017202754385,20,20,0,0
single_exp,50,0.0,0.5,68.0,0.4867522559599715,0,2.5362781529854193,-2.0239809786483396,0.13212841628711197,20,20,0,0
two_exp,50,0.0,0.5,89.0,0.49525821782910073,0,1.0670349906961158,-2.2112917653604627,0.10955903250475976,20,20,0,0
three_exp,50,0.0,0.5,130.0,0.49703608535725824,0,0.6248060942980527,-2.7014653753817495,0.06710710355666992,20,20,0,0
four_exp,50,0.0,0.5,157.0,0.49842905379862584,0,0.5711423433167204,-2.754944586743762,0.06361254454933941,20,20,0,0
power_law,50,0.0,0.5,137.0,0.49817710298069284,0,0.1418628848606064,-5.617823797986281,0.003632537649363249,20,20,0,0
rational_decay,50,0.0,0.5,125.0,0.5,0,0.7770025743568401,-2.2672146359616767,0.10360034324757866,20,20,0,0
mixed_pow_rat,50,0.0,0.5,160.0,0.4997446061108992,0,0.5708579887217717,-2.833076056137897,0.05883160572604332,20,20,0,0
multiphase,50,0.0,0.5,355.0,0.49968201195412165,0,0.272104400654014,-3.4117220932525374,0.03298434931312949,20,20,0,0
osc_exp,50,0.0,0.5,75.0,0.47880113926452944,0,1.8392162804188938,-2.033474584656132,0.13087997663420092,20,20,0,0
damped_osc_pow,50,0.0,0.5,146.0,0.49954802990013,0,0.20984418582183534,-4.762372517811914,0.008545311424804643,20,20,0,0
log_slow,50,0.0,0.5,2777.0,0.4999886340868678,0,0.36841699298807773,-3.29230419614246,0.03716810804053145,20,20,0,0
delayed_plateau,50,0.0,0.5,110.0,0.4989140109727329,0,1.015319206152316,-1.5912786088069797,0.20366503727298166,20,20,0,0
staircase,50,0.0,0.5,90.0,0.42857142857142855,0,1.18047955222266,-1.2611955995320672,0.2833150925334384,20,20,0,0
noisy_plateau,50,0.0,0.5,64.0,0.4965853037914094,0,0.29580603382592474,-6.986326769160467,0.0009244359694768594,20,20,0,0
slow_osc_power,50,0.0,0.5,79.0,0.49925204009444785,0,1.0557221188247052,-3.398406147126235,0.03342650445526606,20,20,0,0
log_oscillatory,50,0.0,0.5,238.0,0.49806914918578726,0,0.11623339186714346,-4.270153464490463,0.013979637610747428,20,20,0,0
heavy_noise_plat,50,0.0,0.5,57.0,0.4965853037914094,0,0.7850751747699923,-5.998612228922885,0.002482194505274044,20,20,0,0
broken_power_law,50,0.0,0.5,39319.0,0.4999974101604059,0,3.4419142092865185,-3.21890084885136,0.03999899905319753,20,20,0,0
single_exp,50,0.003,0.5,68.0,0.4867522559599715,0,2.411644882843322,-2.026250149953852,0.1318289341928241,20,20,0,0
two_exp,50,0.003,0.5,89.0,0.49525821782910073,0,1.0263493079756711,-2.209227042317817,0.10978547525403809,20,20,0,0
three_exp,50,0.003,0.5,130.0,0.49703608535725824,0,0.5984050532978203,-2.697924627730973,0.06734513403017836,20,20,0,0
four_exp,50,0.003,0.5,157.0,0.49842905379862584,0,0.5603354478723134,-2.765450298389452,0.06294774769573543,20,20,0,0
power_law,50,0.003,0.5,137.0,0.49817710298069284,0,0.1772689623413735,-5.580560828651649,0.0037704503491383587,20,20,0,0
rational_decay,50,0.003,0.5,125.0,0.5,0,0.7720142805379427,-2.269672885721407,0.10334598050035615,20,20,0,0
mixed_pow_rat,50,0.003,0.5,160.0,0.4997446061108992,0,0.5705241787898733,-2.8212101267604894,0.05953385558865681,20,20,0,0
multiphase,50,0.003,0.5,355.0,0.49968201195412165,0,0.27212304535331455,-3.41583495719661,0.03284896776590182,20,20,0,0
osc_exp,50,0.003,0.5,75.0,0.47880113926452944,0,1.8499200245521186,-2.0322682305497684,0.13103795950393693,20,20,0,0
damped_osc_pow,50,0.003,0.5,146.0,0.49954802990013,0,0.20141954984010194,-4.740300695994611,0.008736018904593214,20,20,0,0
log_slow,50,0.003,0.5,2777.0,0.4999886340868678,0,0.37844603582083003,-3.2634273757337597,0.03825705176877764,20,20,0,0
delayed_plateau,50,0.003,0.5,110.0,0.4989140109727329,0,1.0176170569966483,-1.5940263452707033,0.20310618756115867,20,20,0,0
staircase,50,0.003,0.5,90.0,0.42857142857142855,0,1.1765840362949593,-1.26288737293868,0.2828361928033336,20,20,0,0
noisy_plateau,50,0.003,0.5,64.0,0.4965853037914094,0,0.22514535080611603,-7.452082457787814,0.000580232044454284,20,20,0,0
slow_osc_power,50,0.003,0.5,79.0,0.49925204009444785,0,1.0692968961813138,-3.3957539086370088,0.03351527718813371,20,20,0,0
log_oscillatory,50,0.003,0.5,238.0,0.49806914918578726,0,0.1176210410690054,-4.240425713668839,0.014401459639703712,20,20,0,0
heavy_noise_plat,50,0.003,0.5,57.0,0.4965853037914094,0,0.4561462269688038,-6.348446328123461,0.0017494631174876365,20,20,0,0
broken_power_law,50,0.003,0.5,39319.0,0.4999974101604059,0,2.7926939163761673,-3.300199167700807,0.03687582219707822,20,20,0,0
single_exp,50,0.005,0.5,68.0,0.4867522559599715,0,2.3955872856716542,-2.0317729634816053,0.13110287436372775,20,20,0,0
two_exp,50,0.005,0.5,89.0,0.49525821782910073,0,1.0426571320405316,-2.2151070383847196,0.10914183125788778,20,20,0,0
three_exp,50,0.005,0.5,130.0,0.49703608535725824,0,0.6145781800569233,-2.687378856640172,0.06805909843347353,20,20,0,0
four_exp,50,0.005,0.5,157.0,0.49842905379862584,0,0.5641626943679843,-2.737576182089282,0.06472704348175377,20,20,0,0
power_law,50,0.005,0.5,137.0,0.49817710298069284,0,0.1625592032110347,-5.549118500606452,0.003890885545479769,20,20,0,0
rational_decay,50,0.005,0.5,125.0,0.5,0,0.7853408543814526,-2.2709433902381315,0.10321476233962884,20,20,0,0
mixed_pow_rat,50,0.005,0.5,160.0,0.4997446061108992,0,0.5817786299399432,-2.8361024144930007,0.058653829347709616,20,20,0,0
multiphase,50,0.005,0.5,355.0,0.49968201195412165,0,0.27179920272652514,-3.3929367062534377,0.033609829631062335,20,20,0,0
osc_exp,50,0.005,0.5,75.0,0.47880113926452944,0,1.785981966928769,-2.0295490802051623,0.13139475628888925,20,20,0,0
damped_osc_pow,50,0.005,0.5,146.0,0.49954802990013,0,0.2088467577800745,-4.73583771718298,0.008775094704235466,20,20,0,0
log_slow,50,0.005,0.5,2777.0,0.4999886340868678,0,0.3797578327834461,-3.2440596905908516,0.03900522409805986,20,20,0,0
delayed_plateau,50,0.005,0.5,110.0,0.4989140109727329,0,0.9980971113552863,-1.5938513928012419,0.203141724598791,20,20,0,0
staircase,50,0.005,0.5,90.0,0.42857142857142855,0,1.1700415655041043,-1.2620322135559279,0.2830781662755877,20,20,0,0
noisy_plateau,50,0.005,0.5,64.0,0.4965853037914094,0,0.37688064947700295,-7.387879924148569,0.0006187062682539227,20,20,0,0
slow_osc_power,50,0.005,0.5,79.0,0.49925204009444785,0,1.0759751567789502,-3.399666204423552,0.03338441166963363,20,20,0,0
log_oscillatory,50,0.005,0.5,238.0,0.49806914918578726,0,0.11679564623134236,-4.2541907790347,0.014204580740516795,20,20,0,0
heavy_noise_plat,50,0.005,0.5,57.0,0.4965853037914094,0,0.40786228355535925,-6.27425103583318,0.0018842017250170302,20,20,0,0
broken_power_law,50,0.005,0.5,39319.0,0.4999974101604059,0,2.901496745759702,-3.287345504813392,0.03735287092806553,20,20,0,0
single_exp,50,0.01,0.5,68.0,0.4867522559599715,0,2.3223244606769304,-2.027044792316578,0.13172421894817643,20,20,0,0
two_exp,50,0.01,0.5,89.0,0.49525821782910073,0,1.0160508033823,-2.2172414513645977,0.10890912594956359,20,20,0,0
three_exp,50,0.01,0.5,130.0,0.49703608535725824,0,0.6064429719688983,-2.694914306715673,0.06754816995075037,20,20,0,0
four_exp,50,0.01,0.5,157.0,0.49842905379862584,0,0.536934414291218,-2.7633395720471565,0.06308075348501634,20,20,0,0
power_law,50,0.01,0.5,137.0,0.49817710298069284,0,0.15945314189873924,-5.484612462871809,0.004150143102218246,20,20,0,0
rational_decay,50,0.01,0.5,125.0,0.5,0,0.8017793807748482,-2.2654628461014337,0.1037819883339555,20,20,0,0
mixed_pow_rat,50,0.01,0.5,160.0,0.4997446061108992,0,0.5614133956734825,-2.8882295437110943,0.05567469502029008,20,20,0,0
multiphase,50,0.01,0.5,355.0,0.49968201195412165,0,0.24757655662595782,-3.41434330714998,0.03289800349318189,20,20,0,0
osc_exp,50,0.01,0.5,75.0,0.47880113926452944,0,1.7540453901862816,-2.0280362629487594,0.1315936829755272,20,20,0,0
damped_osc_pow,50,0.01,0.5,146.0,0.49954802990013,0,0.1936730579632963,-4.733047835750105,0.008799610360007624,20,20,0,0
log_slow,50,0.01,0.5,2777.0,0.4999886340868678,0,0.3417262468579648,-3.3469514539520926,0.03519147356623324,20,20,0,0
delayed_plateau,50,0.01,0.5,110.0,0.4989140109727329,0,1.0100470424921077,-1.5989883709340242,0.20210086572520264,20,20,0,0
staircase,50,0.01,0.5,90.0,0.42857142857142855,0,1.1662198538749973,-1.2665831599033788,0.28179281971875403,20,20,0,0
noisy_plateau,50,0.01,0.5,64.0,0.4965853037914094,0,0.2182939863695888,-7.477617781283605,0.0005656032024918684,20,20,0,0
slow_osc_power,50,0.01,0.5,79.0,0.49925204009444785,0,1.077625339245846,-3.346098473478657,0.035221504011887735,20,20,0,0
log_oscillatory,50,0.01,0.5,238.0,0.49806914918578726,0,0.1021772978396478,-4.314976283241676,0.013366866501110936,20,20,0,0
heavy_noise_plat,50,0.01,0.5,57.0,0.4965853037914094,0,0.32371800461984024,-6.1069190353890255,0.002227402801216194,20,20,0,0
broken_power_law,50,0.01,0.5,39319.0,0.4999974101604059,0,3.392974125866735,-3.4084671546618983,0.03309188626273673,20,20,0,0
single_exp,50,0.02,0.5,68.0,0.4867522559599715,0,2.399936894693573,-2.030929038629509,0.13121356203705437,20,20,0,0
two_exp,50,0.02,0.5,89.0,0.49525821782910073,0,0.9784707208128101,-2.2314884476376835,0.10736849875224753,20,20,0,0
three_exp,50,0.02,0.5,130.0,0.49703608535725824,0,0.6413136260543332,-2.756954259434013,0.06348483252846497,20,20,0,0
four_exp,50,0.02,0.5,157.0,0.49842905379862584,0,0.5897682609178807,-2.753780809669987,0.06368661846469231,20,20,0,0
power_law,50,0.02,0.5,137.0,0.49817710298069284,0,0.17056691121205603,-5.586219848453318,0.0037491735556307963,20,20,0,0
rational_decay,50,0.02,0.5,125.0,0.5,0,0.7708608359380485,-2.245107859869004,0.10591611565906196,20,20,0,0
mixed_pow_rat,50,0.02,0.5,160.0,0.4997446061108992,0,0.5143138078408728,-2.8033741567277493,0.06060522571355586,20,20,0,0
multiphase,50,0.02,0.5,355.0,0.49968201195412165,0,0.27759174932951636,-3.463371373343925,0.03132397897375705,20,20,0,0
osc_exp,50,0.02,0.5,75.0,0.47880113926452944,0,2.0358004838028902,-2.0234296778212655,0.13220127887504812,20,20,0,0
damped_osc_pow,50,0.02,0.5,146.0,0.49954802990013,0,0.22743126927721224,-4.948771394562803,0.007092116992067646,20,20,0,0
log_slow,50,0.02,0.5,2777.0,0.4999886340868678,0,0.3720751202470364,-3.3225629364090503,0.036060292981403036,20,20,0,0
delayed_plateau,50,0.02,0.5,110.0,0.4989140109727329,0,1.0279205513752032,-1.5924914173445694,0.20341818030234782,20,20,0,0
staircase,50,0.02,0.5,90.0,0.42857142857142855,0,1.177342218190602,-1.2599332666913268,0.28367295630309436,20,20,0,0
noisy_plateau,50,0.02,0.5,64.0,0.4965853037914094,0,0.24497251954518046,-7.391009367147061,0.0006167730887198936,20,20,0,0
slow_osc_power,50,0.02,0.5,79.0,0.49925204009444785,0,1.1699367798118927,-3.449609536641143,0.03175803430618799,20,20,0,0
log_oscillatory,50,0.02,0.5,238.0,0.49806914918578726,0,0.11666020662879908,-4.1592311151764,0.015619562949051868,20,20,0,0
heavy_noise_plat,50,0.02,0.5,57.0,0.4965853037914094,0,0.4775767970745626,-5.4771242492296155,0.004181336907591191,20,20,0,0
broken_power_law,50,0.02,0.5,39319.0,0.4999974101604059,0,1.27021435561095,-3.4102201891138635,0.03303392586416873,20,20,0,0
single_exp,60,0.0,0.5,78.0,0.4867522559599715,0,3.42122052218412,-2.1246813257449166,0.11947103454396356,20,20,0,0
two_exp,60,0.0,0.5,99.0,0.49550361539036875,0,1.2263789154198863,-2.2530942452268503,0.10507359755905527,20,20,0,0
three_exp,60,0.0,0.5,143.0,0.49676120389826733,0,0.6677111181470227,-2.738425850375753,0.06467207032341218,20,20,0,0
four_exp,60,0.0,0.5,177.0,0.498808001386155,0,0.5856767090761865,-2.8236411404984336,0.05938930374279927,20,20,0,0
power_law,60,0.0,0.5,164.0,0.4983014186051584,0,0.15177021159188056,-5.675898699177666,0.0034275872219023795,20,20,0,0
rational_decay,60,0.0,0.5,145.0,0.5,0,0.7781638070481592,-2.390884391557237,0.09154868318213638,20,20,0,0
mixed_pow_rat,60,0.0,0.5,184.0,0.4985177120640267,0,0.5851560866063552,-2.8996220928141425,0.05504401765618924,20,20,0,0
multiphase,60,0.0,0.5,406.0,0.49978283199198137,0,0.2381643545442363,-3.616825856173785,0.026867823623006437,20,20,0,0
osc_exp,60,0.0,0.5,76.0,0.47727299569946524,0,1.6884625430935967,-2.1623676956071947,0.11505238925591356,20,20,0,0
damped_osc_pow,60,0.0,0.5,175.0,0.49858808268983806,0,0.20159470072902297,-4.917360022743583,0.007318425844186519,20,20,0,0
log_slow,60,0.0,0.5,3931.0,0.4999979206752285,0,0.3144936941600339,-3.4934481947118097,0.030395880345250446,20,20,0,0
delayed_plateau,60,0.0,0.5,127.0,0.4993927718305552,0,1.195956868199116,-1.5994501183890726,0.20200756770651,20,20,0,0
staircase,60,0.0,0.5,90.0,0.42857142857142855,0,1.086567930716126,-1.3440923143619559,0.2607763033718703,20,20,0,0
noisy_plateau,60,0.0,0.5,74.0,0.49658530379140936,0,0.17407023793499143,-7.66364478325957,0.0004695927241635733,20,20,0,0
slow_osc_power,60,0.0,0.5,192.0,0.4962167043449347,0,1.052119930732246,-3.6526747079448554,0.025921702988361325,20,20,0,0
log_oscillatory,60,0.0,0.5,490.0,0.49991322709289815,0,0.18321550092983868,-3.954377096751714,0.019170606264150472,20,20,0,0
heavy_noise_plat,60,0.0,0.5,67.0,0.49658530379140947,0,0.8402139905135774,-6.446744211079955,0.0015856764012947278,20,20,0,0
broken_power_law,60,0.0,0.5,345.0,0.49946089894211493,0,1.0207347542303244,-2.5390399410149027,0.07894215254415354,20,20,0,0
single_exp,60,0.003,0.5,78.0,0.4867522559599715,0,3.3152000393893726,-2.1245992472531876,0.11948084094872614,20,20,0,0
two_exp,60,0.003,0.5,99.0,0.49550361539036875,0,1.1839093366989766,-2.2542601179606354,0.10495116650000519,20,20,0,0
three_exp,60,0.003,0.5,143.0,0.49676120389826733,0,0.6621214752515471,-2.7308897588691705,0.0651612860351544,20,20,0,0
four_exp,60,0.003,0.5,177.0,0.498808001386155,0,0.5974125475663064,-2.8222022489909016,0.05947482001715901,20,20,0,0
power_law,60,0.003,0.5,164.0,0.4983014186051584,0,0.14859464352230647,-5.725592117967094,0.0032614215578274167,20,20,0,0
rational_decay,60,0.003,0.5,145.0,0.5,0,0.7903887121267941,-2.388830298273659,0.09173692598533237,20,20,0,0
mixed_pow_rat,60,0.003,0.5,184.0,0.4985177120640267,0,0.5639134571943389,-2.9127774186313937,0.05432463788207008,20,20,0,0
multiphase,60,0.003,0.5,406.0,0.49978283199198137,0,0.23472634199625525,-3.6163118948348223,0.026881636194870648,20,20,0,0
osc_exp,60,0.003,0.5,76.0,0.47727299569946524,0,1.7300432542899142,-2.165391473013155,0.11470502188625335,20,20,0,0
damped_osc_pow,60,0.003,0.5,175.0,0.49858808268983806,0,0.20531341099562211,-4.8994713143793245,0.007450521013192105,20,20,0,0
log_slow,60,0.003,0.5,3931.0,0.4999979206752285,0,0.3047468505810894,-3.5347479129780948,0.029166108460175366,20,20,0,0
delayed_plateau,60,0.003,0.5,127.0,0.4993927718305552,0,1.1818910914305043,-1.6019952017584853,0.20149409529765477,20,20,0,0
staircase,60,0.003,0.5,90.0,0.42857142857142855,0,1.0819966023894545,-1.3450556734292658,0.26052520312474703,20,20,0,0
noisy_plateau,60,0.003,0.5,74.0,0.49658530379140936,0,0.16364819965771665,-7.602253628866565,0.0004993248715468995,20,20,0,0
slow_osc_power,60,0.003,0.5,192.0,0.4962167043449347,0,1.0475691668689393,-3.6579470817307653,0.025785393733469865,20,20,0,0
log_oscillatory,60,0.003,0.5,490.0,0.49991322709289815,0,0.1847699513170697,-3.964725110447632,0.018973251444242195,20,20,0,0
heavy_noise_plat,60,0.003,0.5,67.0,0.49658530379140947,0,0.33943759179467214,-6.324155650480007,0.0017924790906282597,20,20,0,0
broken_power_law,60,0.003,0.5,345.0,0.49946089894211493,0,1.011810384188787,-2.54105565417365,0.07878318807569992,20,20,0,0
single_exp,60,0.005,0.5,78.0,0.4867522559599715,0,3.2995185367991926,-2.120607181701436,0.11995876962456088,20,20,0,0
two_exp,60,0.005,0.5,99.0,0.49550361539036875,0,1.2491058394040873,-2.260169970739979,0.10433274973291418,20,20,0,0
three_exp,60,0.005,0.5,143.0,0.49676120389826733,0,0.6654585089714772,-2.7419257962706403,0.06444611721884357,20,20,0,0
four_exp,60,0.005,0.5,177.0,0.498808001386155,0,0.5788147630531411,-2.794093909339093,0.06117027504470722,20,20,0,0
power_law,60,0.005,0.5,164.0,0.4983014186051584,0,0.1589784556366248,-5.663736750130968,0.0034695278861964687,20,20,0,0
rational_decay,60,0.005,0.5,145.0,0.5,0,0.7634122593496324,-2.387530783465861,0.09185621697248669,20,20,0,0
mixed_pow_rat,60,0.005,0.5,184.0,0.4985177120640267,0,0.556801002903952,-2.9132114229731942,0.054301065868910564,20,20,0,0
multiphase,60,0.005,0.5,406.0,0.49978283199198137,0,0.22909821510511344,-3.6148204342664365,0.026921759008628685,20,20,0,0
osc_exp,60,0.005,0.5,76.0,0.47727299569946524,0,1.7180533887410365,-2.158372103383487,0.11551301130387014,20,20,0,0
damped_osc_pow,60,0.005,0.5,175.0,0.49858808268983806,0,0.21325199753880125,-4.895728101224092,0.0074784621636779375,20,20,0,0
log_slow,60,0.005,0.5,3931.0,0.4999979206752285,0,0.3331318054315534,-3.454771884430484,0.0315945107339257,20,20,0,0
delayed_plateau,60,0.005,0.5,127.0,0.4993927718305552,0,1.194725814467287,-1.602108187922442,0.2014713305388428,20,20,0,0
staircase,60,0.005,0.5,90.0,0.42857142857142855,0,1.0676829653205138,-1.3460159855549316,0.26027513770279076,20,20,0,0
noisy_plateau,60,0.005,0.5,74.0,0.49658530379140936,0,0.14606860611040817,-7.982092436299854,0.00034152405701350606,20,20,0,0
slow_osc_power,60,0.005,0.5,192.0,0.4962167043449347,0,0.9522327653341938,-3.665108528258352,0.025601392658379102,20,20,0,0
log_oscillatory,60,0.005,0.5,490.0,0.49991322709289815,0,0.179488158076552,-3.95502618787294,0.0191581668314353,20,20,0,0
heavy_noise_plat,60,0.005,0.5,67.0,0.49658530379140947,0,0.6847167950449113,-6.189385876368053,0.002051085986949822,20,20,0,0
broken_power_law,60,0.005,0.5,345.0,0.49946089894211493,0,1.0109837310835907,-2.548003621864141,0.07823770223380708,20,20,0,0
single_exp,60,0.01,0.5,78.0,0.4867522559599715,0,3.019174403914716,-2.1346156903736206,0.11829004164410487,20,20,0,0
two_exp,60,0.01,0.5,99.0,0.49550361539036875,0,1.1411975251224642,-2.268228417319096,0.10349536837074928,20,20,0,0
three_exp,60,0.01,0.5,143.0,0.49676120389826733,0,0.6234874597481179,-2.7182619610148784,0.06598934687195371,20,20,0,0
four_exp,60,0.01,0.5,177.0,0.498808001386155,0,0.5951818815983684,-2.7819697377355292,0.06191642805991132,20,20,0,0
power_law,60,0.01,0.5,164.0,0.4983014186051584,0,0.12855342389412655,-5.658207731115063,0.0034887641015513924,20,20,0,0
rational_decay,60,0.01,0.5,145.0,0.5,0,0.7982053526868591,-2.3930353263029307,0.09135197956272001,20,20,0,0
mixed_pow_rat,60,0.01,0.5,184.0,0.4985177120640267,0,0.5969341859526145,-2.901705717518073,0.05492944598483061,20,20,0,0
multiphase,60,0.01,0.5,406.0,0.49978283199198137,0,0.22393726780539658,-3.6000140087963404,0.02732333967751062,20,20,0,0
osc_exp,60,0.01,0.5,76.0,0.47727299569946524,0,1.6450904817465026,-2.1711607006324116,0.11404516776045705,20,20,0,0
damped_osc_pow,60,0.01,0.5,175.0,0.49858808268983806,0,0.20304944036984884,-4.95064476750666,0.007078843249197466,20,20,0,0
log_slow,60,0.01,0.5,3931.0,0.4999979206752285,0,0.2723084078713137,-3.6803956192530105,0.025212998114385744,20,20,0,0
delayed_plateau,60,0.01,0.5,127.0,0.4993927718305552,0,1.190800529472107,-1.5998884208438018,0.2019190466946159,20,20,0,0
staircase,60,0.01,0.5,90.0,0.42857142857142855,0,1.0770197519857125,-1.3459360274034977,0.2602959496536972,20,20,0,0
noisy_plateau,60,0.01,0.5,74.0,0.49658530379140936,0,0.2974177494191426,-7.547241194577877,0.0005275635665438275,20,20,0,0
slow_osc_power,60,0.01,0.5,192.0,0.4962167043449347,0,1.0284858788437758,-3.650885407658386,0.025968126219108507,20,20,0,0
log_oscillatory,60,0.01,0.5,490.0,0.49991322709289815,0,0.1875767976530031,-3.9801202024663533,0.01868339341278455,20,20,0,0
heavy_noise_plat,60,0.01,0.5,67.0,0.49658530379140947,0,0.3052348544154425,-6.297780533842271,0.0018403849195309904,20,20,0,0
broken_power_law,60,0.01,0.5,345.0,0.49946089894211493,0,1.0354113019105982,-2.552984275766213,0.07784899612573366,20,20,0,0
single_exp,60,0.02,0.5,78.0,0.4867522559599715,0,3.5905777839712947,-2.1421340083592733,0.11740403431238465,20,20,0,0
two_exp,60,0.02,0.5,99.0,0.49550361539036875,0,1.0748371727452297,-2.229262795218998,0.10760772983505199,20,20,0,0
three_exp,60,0.02,0.5,143.0,0.49676120389826733,0,0.6184025632330643,-2.741800577584977,0.06445418758220739,20,20,0,0
four_exp,60,0.02,0.5,177.0,0.498808001386155,0,0.5799988107659639,-2.8404748313378545,0.05839793021278902,20,20,0,0
power_law,60,0.02,0.5,164.0,0.4983014186051584,0,0.20220718146854114,-5.726057693222638,0.003259903474070732,20,20,0,0
rational_decay,60,0.02,0.5,145.0,0.5,0,0.8161763529655217,-2.3561527549820664,0.09478418059731544,20,20,0,0
mixed_pow_rat,60,0.02,0.5,184.0,0.4985177120640267,0,0.5838712487605829,-2.868913598137985,0.05676055787137065,20,20,0,0
multiphase,60,0.02,0.5,406.0,0.49978283199198137,0,0.20833726754126428,-3.6284353249745864,0.02655770609591024,20,20,0,0
osc_exp,60,0.02,0.5,76.0,0.47727299569946524,0,1.8578099638925654,-2.1439549822478523,0.11719043916610254,20,20,0,0
damped_osc_pow,60,0.02,0.5,175.0,0.49858808268983806,0,0.18042269355612242,-4.971330619908029,0.006933915487614416,20,20,0,0
log_slow,60,0.02,0.5,3931.0,0.4999979206752285,0,0.23772928014080022,-3.778915342609951,0.02284745965610213,20,20,0,0
delayed_plateau,60,0.02,0.5,127.0,0.4993927718305552,0,1.1725985100547738,-1.6059371220786547,0.20070138505578802,20,20,0,0
staircase,60,0.02,0.5,90.0,0.42857142857142855,0,1.0769141795328054,-1.3487142255499822,0.2595737995313835,20,20,0,0
noisy_plateau,60,0.02,0.5,74.0,0.49658530379140936,0,0.6067313507467362,-7.478313043399191,0.0005652100966843446,20,20,0,0
slow_osc_power,60,0.02,0.5,192.0,0.4962167043449347,0,1.0747545131588598,-3.6632458224907674,0.02564912496195936,20,20,0,0
log_oscillatory,60,0.02,0.5,490.0,0.49991322709289815,0,0.15362274282600147,-4.221252939933428,0.014680239518813115,20,20,0,0
heavy_noise_plat,60,0.02,0.5,67.0,0.49658530379140947,0,0.21039792280155625,-5.450036486331024,0.00429614793721691,20,20,0,0
broken_power_law,60,0.02,0.5,345.0,0.49946089894211493,0,0.9221232900622275,-2.5872409869874646,0.07522730714690426,20,20,0,0
single_exp,70,0.0,0.5,88.0,0.48675225595997174,0,1.6907588664997033,-3.229501229403881,0.03957723382686971,20,20,0,0
two_exp,70,0.0,0.5,109.0,0.4955692111470833,0,0.7250745194545339,-2.9589041231030673,0.051875735454114134,20,20,0,0
three_exp,70,0.0,0.5,154.0,0.4998916875010167,0,0.351550804204699,-3.480663310819007,0.030786982919550704,20,20,0,0
four_exp,70,0.0,0.5,196.0,0.49881948604081483,0,0.25412344468477466,-3.7424729207689893,0.0236954336886631,20,20,0,0
power_law,70,0.0,0.5,191.0,0.49839076225076534,0,0.04513687696567094,-6.995009034015885,0.000916444513716478,20,20,0,0
rational_decay,70,0.0,0.5,165.0,0.5,0,0.14824336939857327,-4.1601917665216614,0.015604565199849818,20,20,0,0
mixed_pow_rat,70,0.0,0.5,207.0,0.49921804599326425,0,0.27165613581711207,-3.7523273415996123,0.023463075670524615,20,20,0,0
multiphase,70,0.0,0.5,446.0,0.49941300938870054,0,0.15158766041560434,-4.119833465396824,0.016247219940989606,20,20,0,0
osc_exp,70,0.0,0.5,97.0,0.49164647772479303,0,1.072278182287131,-3.0431645066407684,0.047683754928025776,20,20,0,0
damped_osc_pow,70,0.0,0.5,203.0,0.499484078330153,0,0.05857017891401199,-6.2544210798788304,0.0019219382827940258,20,20,0,0
log_slow,70,0.0,0.5,5286.0,0.4999915108850528,0,0.1376616366217669,-4.354722470486444,0.012846004234814239,20,20,0,0
delayed_plateau,70,0.0,0.5,140.0,0.4954767457888926,0,0.9552589663121445,-1.9385049196713013,0.14391895941446076,20,20,0,0
staircase,70,0.0,0.5,130.0,0.35714285714285715,0,1.008263307212984,-1.7065690750808953,0.18148739529833713,20,20,0,0
noisy_plateau,70,0.0,0.5,84.0,0.4965853037914094,0,0.23689458381965275,-7.137649083674861,0.0007946179827237054,20,20,0,0
slow_osc_power,70,0.0,0.5,213.0,0.49794658177895434,0,0.30579435598203475,-5.1467547699993075,0.005818255700376168,20,20,0,0
log_oscillatory,70,0.0,0.5,4136.0,0.4999434699666213,0,1.2867962980348906,-2.313025149313324,0.09896142519107255,20,20,0,0
heavy_noise_plat,70,0.0,0.5,77.0,0.4965853037914094,0,0.21874686803453192,-7.0535257674487974,0.0008643560601058779,20,20,0,0
broken_power_law,70,0.0,0.5,401.0,0.4998191806679471,0,0.4729946634646902,-3.3696722822715914,0.03440090928421023,20,20,0,0
single_exp,70,0.003,0.5,88.0,0.48675225595997174,0,1.7048276922113197,-3.2298085025609353,0.039565074673470646,20,20,0,0
two_exp,70,0.003,0.5,109.0,0.4955692111470833,0,0.6969248258845017,-2.9551766941249644,0.05206945939552711,20,20,0,0
three_exp,70,0.003,0.5,154.0,0.4998916875010167,0,0.34884391370960166,-3.485152861639129,0.03064907300356673,20,20,0,0
four_exp,70,0.003,0.5,196.0,0.49881948604081483,0,0.2530997949152674,-3.7489046942884063,0.023543519089577303,20,20,0,0
power_law,70,0.003,0.5,191.0,0.49839076225076534,0,0.10903001279525862,-6.101189483262403,0.002240201451928374,20,20,0,0
rational_decay,70,0.003,0.5,165.0,0.5,0,0.1472217176418585,-4.165982115983283,0.015514470406042258,20,20,0,0
mixed_pow_rat,70,0.003,0.5,207.0,0.49921804599326425,0,0.27743268889008355,-3.754614697584566,0.023409468596567624,20,20,0,0
multiphase,70,0.003,0.5,446.0,0.49941300938870054,0,0.1392141479836384,-4.195907598321947,0.015057070486789448,20,20,0,0
osc_exp,70,0.003,0.5,97.0,0.49164647772479303,0,1.0829167699192843,-3.041957338209612,0.047741352009348564,20,20,0,0
damped_osc_pow,70,0.003,0.5,203.0,0.499484078330153,0,0.06344606297311245,-6.143094380648565,0.0021482657706240332,20,20,0,0
log_slow,70,0.003,0.5,5286.0,0.4999915108850528,0,0.16601921110261925,-4.188808946068708,0.015164335662787617,20,20,0,0
delayed_plateau,70,0.003,0.5,140.0,0.4954767457888926,0,0.9405839531141573,-1.9404698109403924,0.143636451946771,20,20,0,0
staircase,70,0.003,0.5,130.0,0.35714285714285715,0,1.0057446389333515,-1.7086805787447497,0.1811045882896491,20,20,0,0
noisy_plateau,70,0.003,0.5,84.0,0.4965853037914094,0,0.4417217682852323,-7.042962288740057,0.0008735350626880647,20,20,0,0
slow_osc_power,70,0.003,0.5,213.0,0.49794658177895434,0,0.30259524473938193,-5.043539909403012,0.006450872349062192,20,20,0,0
log_oscillatory,70,0.003,0.5,4136.0,0.4999434699666213,0,1.2682135258604703,-2.315326371460362,0.09873395479805666,20,20,0,0
heavy_noise_plat,70,0.003,0.5,77.0,0.4965853037914094,0,0.26738419258592927,-7.222220395706276,0.0007301793305477706,20,20,0,0
broken_power_law,70,0.003,0.5,401.0,0.4998191806679471,0,0.4709202313612848,-3.362643620095685,0.03464355338689998,20,20,0,0
single_exp,70,0.005,0.5,88.0,0.48675225595997174,0,1.4184278961710253,-3.233494618694759,0.03941950167769549,20,20,0,0
two_exp,70,0.005,0.5,109.0,0.4955692111470833,0,0.7112514936833709,-2.9544371609173274,0.05210798073200193,20,20,0,0
three_exp,70,0.005,0.5,154.0,0.4998916875010167,0,0.33268932110059124,-3.487715016723623,0.030570645839518004,20,20,0,0
four_exp,70,0.005,0.5,196.0,0.49881948604081483,0,0.249747331507047,-3.731532725781927,0.02395608956681218,20,20,0,0
power_law,70,0.005,0.5,191.0,0.49839076225076534,0,0.1419218327794804,-5.875653315098889,0.002806959766163677,20,20,0,0
rational_decay,70,0.005,0.5,165.0,0.5,0,0.15230352795743826,-4.174935145521641,0.015376188837391419,20,20,0,0
mixed_pow_rat,70,0.005,0.5,207.0,0.49921804599326425,0,0.2572266507712422,-3.797053371377723,0.022436787426738623,20,20,0,0
multiphase,70,0.005,0.5,446.0,0.49941300938870054,0,0.14616303011107043,-4.153883707158235,0.01570331084272235,20,20,0,0
osc_exp,70,0.005,0.5,97.0,0.49164647772479303,0,1.0755083441754616,-3.0542048510381905,0.04716020525372512,20,20,0,0
damped_osc_pow,70,0.005,0.5,203.0,0.499484078330153,0,0.04885251081630823,-6.460453083135772,0.0015640868884366221,20,20,0,0
log_slow,70,0.005,0.5,5286.0,0.4999915108850528,0,0.1995573574273976,-4.014636764090138,0.018049509590203835,20,20,0,0
delayed_plateau,70,0.005,0.5,140.0,0.4954767457888926,0,0.9372484594741135,-1.9438692901274692,0.14314899184255442,20,20,0,0
staircase,70,0.005,0.5,130.0,0.35714285714285715,0,1.002512350323207,-1.707736151540396,0.1812757091825572,20,20,0,0
noisy_plateau,70,0.005,0.5,84.0,0.4965853037914094,0,0.3707058740417901,-7.056084437146822,0.0008621472854140498,20,20,0,0
slow_osc_power,70,0.005,0.5,213.0,0.49794658177895434,0,0.3657356083967917,-5.073610244084089,0.006259779963527799,20,20,0,0
log_oscillatory,70,0.005,0.5,4136.0,0.4999434699666213,0,1.277907573671964,-2.3042329456113366,0.09983535043463723,20,20,0,0
heavy_noise_plat,70,0.005,0.5,77.0,0.4965853037914094,0,0.29210403708680704,-6.722168237762547,0.0012039249863137974,20,20,0,0
broken_power_law,70,0.005,0.5,401.0,0.4998191806679471,0,0.4675384837230252,-3.370414043973364,0.03437540146872693,20,20,0,0
single_exp,70,0.01,0.5,88.0,0.48675225595997174,0,1.6775347535240515,-3.2323551735307707,0.03946444363783606,20,20,0,0
two_exp,70,0.01,0.5,109.0,0.4955692111470833,0,0.7417756977816995,-2.9679882857216984,0.05140662181558964,20,20,0,0
three_exp,70,0.01,0.5,154.0,0.4998916875010167,0,0.35195965424440956,-3.4252477108281427,0.032541219178294306,20,20,0,0
four_exp,70,0.01,0.5,196.0,0.49881948604081483,0,0.25360650525324946,-3.7315580879005337,0.0239554819973319,20,20,0,0
power_law,70,0.01,0.5,191.0,0.49839076225076534,0,0.2837630870091462,-5.232943582385378,0.005337789930423418,20,20,0,0
rational_decay,70,0.01,0.5,165.0,0.5,0,0.1579156482334879,-4.165918861594314,0.015515451795426238,20,20,0,0
mixed_pow_rat,70,0.01,0.5,207.0,0.49921804599326425,0,0.306996722899074,-3.8060339757558515,0.022236193590461965,20,20,0,0
multiphase,70,0.01,0.5,446.0,0.49941300938870054,0,0.14465334958826442,-4.084678059186977,0.016828556243030535,20,20,0,0
osc_exp,70,0.01,0.5,97.0,0.49164647772479303,0,1.1462571188194346,-3.0350879109957662,0.048070436769873964,20,20,0,0
damped_osc_pow,70,0.01,0.5,203.0,0.499484078330153,0,0.12327544127298046,-5.711352598824093,0.0033081948568515207,20,20,0,0
log_slow,70,0.01,0.5,5286.0,0.4999915108850528,0,0.2567723894740489,-3.81321348439811,0.022077120363501936,20,20,0,0
delayed_plateau,70,0.01,0.5,140.0,0.4954767457888926,0,0.9498807573667358,-1.950524862345705,0.1421994168770045,20,20,0,0
staircase,70,0.01,0.5,130.0,0.35714285714285715,0,1.0032440689041957,-1.7025729483293401,0.1822140929546769,20,20,0,0
noisy_plateau,70,0.01,0.5,84.0,0.4965853037914094,0,0.38242231988281944,-7.342031947461162,0.0006477330233821636,20,20,0,0
slow_osc_power,70,0.01,0.5,213.0,0.49794658177895434,0,0.46315766958430327,-4.819565708939814,0.008070291233481908,20,20,0,0
log_oscillatory,70,0.01,0.5,4136.0,0.4999434699666213,0,1.2600478301314064,-2.3213408558093875,0.09814190319948263,20,20,0,0
heavy_noise_plat,70,0.01,0.5,77.0,0.4965853037914094,0,0.16668338798764237,-6.755658204262874,0.0011642732524456516,20,20,0,0
broken_power_law,70,0.01,0.5,401.0,0.4998191806679471,0,0.4535014341987298,-3.327600369273896,0.035879098437260185,20,20,0,0
single_exp,70,0.02,0.5,88.0,0.48675225595997174,0,1.0657938802074423,-3.2616203006451414,0.038326247636227086,20,20,0,0
two_exp,70,0.02,0.5,109.0,0.4955692111470833,0,0.7113264512913071,-2.981991342434199,0.050691788580741956,20,20,0,0
three_exp,70,0.02,0.5,154.0,0.4998916875010167,0,0.35784104448433074,-3.4591285171158868,0.03145716445666214,20,20,0,0
four_exp,70,0.02,0.5,196.0,0.49881948604081483,0,0.1906619814522389,-3.9026354844963413,0.020188634438213934,20,20,0,0
power_law,70,0.02,0.5,191.0,0.49839076225076534,0,0.1793403158161631,-5.0077503788538404,0.00668592720410008,20,20,0,0
rational_decay,70,0.02,0.5,165.0,0.5,0,0.13253573574531502,-4.110005513213153,0.016407684066983674,20,20,0,0
mixed_pow_rat,70,0.02,0.5,207.0,0.49921804599326425,0,0.25477922146730236,-3.812285535358053,0.022097616314278652,20,20,0,0
multiphase,70,0.02,0.5,446.0,0.49941300938870054,0,0.24931843069041934,-3.6560086802365706,0.025835424653550827,20,20,0,0
osc_exp,70,0.02,0.5,97.0,0.49164647772479303,0,0.9697534071494194,-3.0904256922926714,0.045482588695539033,20,20,0,0
damped_osc_pow,70,0.02,0.5,203.0,0.499484078330153,0,0.3479036137199186,-4.775811509448391,0.00843123928017677,20,20,0,0
log_slow,70,0.02,0.5,5286.0,0.4999915108850528,0,0.4040215492265086,-3.376451791886408,0.034168476768446976,20,20,0,0
delayed_plateau,70,0.02,0.5,140.0,0.4954767457888926,0,0.9807403346434739,-1.9617276160550425,0.14061528173762622,20,20,0,0
staircase,70,0.02,0.5,130.0,0.35714285714285715,0,1.0393232455051997,-1.7113341664470016,0.18062464844420387,20,20,0,0
noisy_plateau,70,0.02,0.5,84.0,0.4965853037914094,0,0.25840811225552235,-7.382397583988091,0.0006221075414250959,20,20,0,0
slow_osc_power,70,0.02,0.5,213.0,0.49794658177895434,0,0.4286537725112394,-4.742847668217999,0.008713796818631075,20,20,0,0
log_oscillatory,70,0.02,0.5,4136.0,0.4999434699666213,0,1.2122229350622524,-2.3170330510671744,0.09856559128305846,20,20,0,0
heavy_noise_plat,70,0.02,0.5,77.0,0.4965853037914094,0,0.30952343430307283,-5.854974412970674,0.002865608922595797,20,20,0,0
broken_power_law,70,0.02,0.5,401.0,0.4998191806679471,0,0.4660967880026895,-3.371555381139785,0.03433618992647187,20,20,0,0
single_exp,80,0.0,0.5,98.0,0.48675225595997174,0,2.3202063522364265,-3.3130225643329516,0.03640596790541211,20,20,0,0
two_exp,80,0.0,0.5,119.0,0.49558673704605144,0,0.5687892651419422,-3.381738868426989,0.033988302134740946,20,20,0,0
three_exp,80,0.0,0.5,166.0,0.49620116168192324,0,0.3165591217525935,-3.666873836228233,0.02555623818338279,20,20,0,0
four_exp,80,0.0,0.5,214.0,0.49853587767113466,0,0.18073623134411126,-4.159184138993565,0.015620296713731358,20,20,0,0
power_law,80,0.0,0.5,218.0,0.4984580714226256,0,0.0200463410674296,-7.899034660609609,0.0003711016066022966,20,20,0,0
rational_decay,80,0.0,0.5,185.0,0.5,0,0.1325974944598063,-4.371812354048949,0.012628332805695835,20,20,0,0
mixed_pow_rat,80,0.0,0.5,230.0,0.49984337300903,0,0.17494698425478644,-4.269756684640882,0.013985185549838249,20,20,0,0
multiphase,80,0.0,0.5,477.0,0.4998758055770588,0,0.4301566420360622,-3.117706131575056,0.0442585754167545,20,20,0,0
osc_exp,80,0.0,0.5,106.0,0.47885162619586824,0,0.8608910032727044,-3.7132576600165854,0.024397913563870374,20,20,0,0
damped_osc_pow,80,0.0,0.5,232.0,0.49873451689226217,0,0.02950013630542651,-7.025043018567426,0.0008893292611115086,20,20,0,0
log_slow,80,0.0,0.5,6840.0,0.499996655958008,0,0.14192150072375093,-4.353872864052085,0.012856922920303882,20,20,0,0
delayed_plateau,80,0.0,0.5,150.0,0.49654821147977224,0,0.6740195278503591,-2.391514445749747,0.091491020717625,20,20,0,0
staircase,80,0.0,0.5,130.0,0.35714285714285715,0,0.7723563687709136,-1.9731076459830008,0.13902414637876448,20,20,0,0
noisy_plateau,80,0.0,0.5,94.0,0.49658530379140947,0,0.2649339895726582,-7.471629401127657,0.0005690004112223011,20,20,0,0
slow_osc_power,80,0.0,0.5,234.0,0.49745911093996537,0,1.02427108499078,-4.135653060222454,0.015992217837496485,20,20,0,0
log_oscillatory,80,0.0,0.5,2754.0,0.4995309861770634,0,0.09963025001962061,-4.820271260983424,0.008064599231247624,20,20,0,0
heavy_noise_plat,80,0.0,0.5,87.0,0.49658530379140897,0,0.500092993090191,-7.372420554525873,0.0006283453925633856,20,20,0,0
broken_power_law,80,0.0,0.5,458.0,0.49965349932057007,0,3.0215350590868235,-1.5676126324407074,0.2085424560275761,20,20,0,0
single_exp,80,0.003,0.5,98.0,0.48675225595997174,0,2.0186817771809578,-3.3173334367550913,0.03624936421415619,20,20,0,0
two_exp,80,0.003,0.5,119.0,0.49558673704605144,0,0.5487830551961936,-3.407620613459719,0.033119911768615014,20,20,0,0
three_exp,80,0.003,0.5,166.0,0.49620116168192324,0,0.30618499881175876,-3.693489978010293,0.0248850022063372,20,20,0,0
four_exp,80,0.003,0.5,214.0,0.49853587767113466,0,0.18819333746590716,-4.150048155445411,0.015763657360635147,20,20,0,0
power_law,80,0.003,0.5,218.0,0.4984580714226256,0,0.09523580781386234,-6.318990421188495,0.0018017616086608082,20,20,0,0
rational_decay,80,0.003,0.5,185.0,0.5,0,0.143826131711684,-4.3299891631740195,0.013167690185273667,20,20,0,0
mixed_pow_rat,80,0.003,0.5,230.0,0.49984337300903,0,0.1635229042218666,-4.279080043829917,0.013855402588329437,20,20,0,0
multiphase,80,0.003,0.5,477.0,0.4998758055770588,0,0.4408995242050842,-3.0912609134390054,0.045444616535453466,20,20,0,0
osc_exp,80,0.003,0.5,106.0,0.47885162619586824,0,0.8471272406399017,-3.715302106941439,0.024348084278532675,20,20,0,0
damped_osc_pow,80,0.003,0.5,232.0,0.49873451689226217,0,0.06248959414148082,-6.194051235073841,0.0020415392219418,20,20,0,0
log_slow,80,0.003,0.5,6840.0,0.499996655958008,0,0.20103026562583598,-3.9993693444216096,0.018327193391644042,20,20,0,0
delayed_plateau,80,0.003,0.5,150.0,0.49654821147977224,0,0.662091376383898,-2.403367537995434,0.09041297094287858,20,20,0,0
staircase,80,0.003,0.5,130.0,0.35714285714285715,0,0.7593512923250169,-1.9743534907766043,0.13885105171674383,20,20,0,0
noisy_plateau,80,0.003,0.5,94.0,0.49658530379140947,0,0.27102435377918344,-7.303245155017973,0.0006733501003629936,20,20,0,0
slow_osc_power,80,0.003,0.5,234.0,0.49745911093996537,0,0.925670656488033,-4.1695677683961465,0.015458940522721773,20,20,0,0
log_oscillatory,80,0.003,0.5,2754.0,0.4995309861770634,0,0.06445471137900845,-5.252971574584082,0.005231948152409099,20,20,0,0
heavy_noise_plat,80,0.003,0.5,87.0,0.49658530379140897,0,0.09427447678017856,-7.244441437159621,0.000714132929516653,20,20,0,0
broken_power_law,80,0.003,0.5,458.0,0.49965349932057007,0,3.013601893620478,-1.5703291874116854,0.20797670777303062,20,20,0,0
single_exp,80,0.005,0.5,98.0,0.48675225595997174,0,1.9344565574024908,-3.3209794806182065,0.03611743809258243,20,20,0,0
two_exp,80,0.005,0.5,119.0,0.49558673704605144,0,0.5593701601515841,-3.368379823408958,0.03444539978917773,20,20,0,0
three_exp,80,0.005,0.5,166.0,0.49620116168192324,0,0.3134241873037625,-3.65764108641507,0.02579328515047241,20,20,0,0
four_exp,80,0.005,0.5,214.0,0.49853587767113466,0,0.18512666688101798,-4.1474636506432025,0.01580445130214546,20,20,0,0
power_law,80,0.005,0.5,218.0,0.4984580714226256,0,0.28578739725978464,-5.4599828129038235,0.0042536288517150515,20,20,0,0
rational_decay,80,0.005,0.5,185.0,0.5,0,0.14971961475350165,-4.181392470228574,0.015277219675214532,20,20,0,0
mixed_pow_rat,80,0.005,0.5,230.0,0.49984337300903,0,0.17643512338583736,-4.299065076761473,0.013581250505196173,20,20,0,0
multiphase,80,0.005,0.5,477.0,0.4998758055770588,0,0.4158877648354231,-3.1304639070380453,0.04369752096243808,20,20,0,0
osc_exp,80,0.005,0.5,106.0,0.47885162619586824,0,0.9212398480876436,-3.696525816321186,0.024809569921316887,20,20,0,0
damped_osc_pow,80,0.005,0.5,232.0,0.49873451689226217,0,0.18960087883408577,-5.169668125778801,0.0056864556941545776,20,20,0,0
log_slow,80,0.005,0.5,6840.0,0.499996655958008,0,0.23959917117698099,-3.8576406977678355,0.021117763982960377,20,20,0,0
delayed_plateau,80,0.005,0.5,150.0,0.49654821147977224,0,0.6614871372499747,-2.398112265498878,0.09088936644006416,20,20,0,0
staircase,80,0.005,0.5,130.0,0.35714285714285715,0,0.7801321519628066,-1.9810191038680578,0.13792860209020985,20,20,0,0
noisy_plateau,80,0.005,0.5,94.0,0.49658530379140947,0,0.14200610379415632,-7.7843753735597065,0.000416187210555731,20,20,0,0
slow_osc_power,80,0.005,0.5,234.0,0.49745911093996537,0,1.091471452595395,-4.021186922191602,0.017931668807936823,20,20,0,0
log_oscillatory,80,0.005,0.5,2754.0,0.4995309861770634,0,0.10058332127970224,-4.780251028140194,0.008393891600000931,20,20,0,0
heavy_noise_plat,80,0.005,0.5,87.0,0.49658530379140897,0,0.2399117476084759,-6.8235067562328675,0.0010878992279223978,20,20,0,0
broken_power_law,80,0.005,0.5,458.0,0.49965349932057007,0,2.9866997835860216,-1.5692096796792854,0.20820966968254026,20,20,0,0
single_exp,80,0.01,0.5,98.0,0.48675225595997174,0,1.7548279017092903,-3.3018934726687603,0.0368133962075981,20,20,0,0
two_exp,80,0.01,0.5,119.0,0.49558673704605144,0,0.5107568174527825,-3.3884516330759356,0.033760910728068236,20,20,0,0
three_exp,80,0.01,0.5,166.0,0.49620116168192324,0,0.3042019697063967,-3.646430584819124,0.02608406767847038,20,20,0,0
four_exp,80,0.01,0.5,214.0,0.49853587767113466,0,0.1585313625327379,-4.155903027451367,0.015671632823266377,20,20,0,0
power_law,80,0.01,0.5,218.0,0.4984580714226256,0,0.15109685796291294,-5.576785051180863,0.003784713641184356,20,20,0,0
rational_decay,80,0.01,0.5,185.0,0.5,0,0.15787276108638215,-4.179269352585775,0.015309689466236176,20,20,0,0
mixed_pow_rat,80,0.01,0.5,230.0,0.49984337300903,0,0.1578143169252497,-4.364730546628167,0.01271808164357438,20,20,0,0
multiphase,80,0.01,0.5,477.0,0.4998758055770588,0,0.4432127762700655,-3.071362612783942,0.04635794387420449,20,20,0,0
osc_exp,80,0.01,0.5,106.0,0.47885162619586824,0,1.317640125415065,-3.672587104905886,0.025410644831251397,20,20,0,0
damped_osc_pow,80,0.01,0.5,232.0,0.49873451689226217,0,0.16338633744116274,-5.5552980146395825,0.0038669159003056792,20,20,0,0
log_slow,80,0.01,0.5,6840.0,0.499996655958008,0,0.45660879929467724,-3.2684768721204573,0.03806435983215303,20,20,0,0
delayed_plateau,80,0.01,0.5,150.0,0.49654821147977224,0,0.6657248889936678,-2.4073488047030573,0.09005372838645519,20,20,0,0
staircase,80,0.01,0.5,130.0,0.35714285714285715,0,0.7493907315444193,-1.9712355120669702,0.1392846619823061,20,20,0,0
noisy_plateau,80,0.01,0.5,94.0,0.49658530379140947,0,0.2554033724205567,-7.540537892607345,0.0005311118638063727,20,20,0,0
slow_osc_power,80,0.01,0.5,234.0,0.49745911093996537,0,0.9115407005680708,-4.116193024524114,0.01630647477595116,20,20,0,0
log_oscillatory,80,0.01,0.5,2754.0,0.4995309861770634,0,0.13182692995868492,-4.643905977440956,0.009620048454749536,20,20,0,0
heavy_noise_plat,80,0.01,0.5,87.0,0.49658530379140897,0,0.3029060664314873,-6.785405858674684,0.0011301489297823528,20,20,0,0
broken_power_law,80,0.01,0.5,458.0,0.49965349932057007,0,2.9864802016897762,-1.575074956256506,0.20699203675145045,20,20,0,0
single_exp,80,0.02,0.5,98.0,0.48675225595997174,0,2.4197405247387156,-3.355092810051954,0.034906130364642886,20,20,0,0
two_exp,80,0.02,0.5,119.0,0.49558673704605144,0,0.42752577989116247,-3.561453874292573,0.028397508279750218,20,20,0,0
three_exp,80,0.02,0.5,166.0,0.49620116168192324,0,0.3482246950814466,-3.5307302627663035,0.02928352339012877,20,20,0,0
four_exp,80,0.02,0.5,214.0,0.49853587767113466,0,0.23646751347975897,-3.7676764590676193,0.0231056879753022,20,20,0,0
power_law,80,0.02,0.5,218.0,0.4984580714226256,0,0.34979288716698076,-4.842018899760513,0.007891106605626495,20,20,0,0
rational_decay,80,0.02,0.5,185.0,0.5,0,0.1460929105734211,-4.234744331111468,0.01448351270802728,20,20,0,0
mixed_pow_rat,80,0.02,0.5,230.0,0.49984337300903,0,0.22165697182264943,-3.9188862394746344,0.019863205283113618,20,20,0,0
multiphase,80,0.02,0.5,477.0,0.4998758055770588,0,0.36248062959201455,-3.1467158144986236,0.04299309255282762,20,20,0,0
osc_exp,80,0.02,0.5,106.0,0.47885162619586824,0,0.8547736622372676,-3.705313306910627,0.024592511156801694,20,20,0,0
damped_osc_pow,80,0.02,0.5,232.0,0.49873451689226217,0,0.39529706925318153,-4.487225399073308,0.011251819848834447,20,20,0,0
log_slow,80,0.02,0.5,6840.0,0.499996655958008,0,0.5312644524768895,-3.2025250916437114,0.04065940552010615,20,20,0,0
delayed_plateau,80,0.02,0.5,150.0,0.49654821147977224,0,0.6300772112458115,-2.4046376789796335,0.09029820662184328,20,20,0,0
staircase,80,0.02,0.5,130.0,0.35714285714285715,0,0.758291936559134,-1.9851325494268726,0.1373624056020804,20,20,0,0
noisy_plateau,80,0.02,0.5,94.0,0.49658530379140947,0,0.24315873209217886,-7.519435752801282,0.0005424385489441559,20,20,0,0
slow_osc_power,80,0.02,0.5,234.0,0.49745911093996537,0,0.5285495810647172,-4.062018298014017,0.017214240562869673,20,20,0,0
log_oscillatory,80,0.02,0.5,2754.0,0.4995309861770634,0,0.13771309505879673,-4.571618849128668,0.010341205308639238,20,20,0,0
heavy_noise_plat,80,0.02,0.5,87.0,0.49658530379140897,0,0.2913731683940256,-5.685787822474296,0.003393858438179881,20,20,0,0
broken_power_law,80,0.02,0.5,458.0,0.49965349932057007,0,2.9455233613465417,-1.5705648129964669,0.20792770891255996,20,20,0,0
single_exp,90,0.0,0.5,108.0,0.4867522559599715,0,2.4848237402202984,-3.6444769634411345,0.02613507587984498,20,20,0,0
two_exp,90,0.0,0.5,129.0,0.4955914190433955,0,0.44376434602105447,-3.8099739892597357,0.02214875505505983,20,20,0,0
three_exp,90,0.0,0.5,176.0,0.49876789415554024,0,0.3094038721703642,-3.7800638610544692,0.022821233990489895,20,20,0,0
four_exp,90,0.0,0.5,231.0,0.4980680166164721,0,0.14124269943845486,-4.475195404880707,0.011387996636960551,20,20,0,0
power_law,90,0.0,0.5,244.0,0.4999340482202355,0,0.01213119269277975,-8.485735726566705,0.00020639149603908155,20,20,0,0
rational_decay,90,0.0,0.5,205.0,0.5,0,0.15007093417690986,-4.3389942375217245,0.013049646450166076,20,20,0,0
mixed_pow_rat,90,0.0,0.5,254.0,0.4990202976120709,0,0.1576253240024535,-4.44203489299257,0.011771959452808935,20,20,0,0
multiphase,90,0.0,0.5,504.0,0.49983903719462197,0,0.5229811449150228,-2.9549396258365332,0.05208180487644874,20,20,0,0
osc_exp,90,0.0,0.5,107.0,0.47832942079368884,0,0.7775773807406421,-3.8645221221074038,0.0209729425482527,20,20,0,0
damped_osc_pow,90,0.0,0.5,260.0,0.49940767513390516,0,0.019509007287282006,-7.5162417950596065,0.0005441738445020813,20,20,0,0
log_slow,90,0.0,0.5,8594.0,0.49999975284240333,0,0.14001370316380204,-4.392931274873226,0.01236443249829422,20,20,0,0
delayed_plateau,90,0.0,0.5,160.0,0.49658484551706805,0,0.4154446407310864,-2.975570702258978,0.051018309429773895,20,20,0,0
staircase,90,0.0,0.5,170.0,0.2777777777777778,0,0.9318712338123969,-2.1107814635137276,0.12114326039561157,20,20,0,0
noisy_plateau,90,0.0,0.5,104.0,0.4965853037914094,0,0.1612434703650405,-7.948208585388939,0.0003532944949965651,20,20,0,0
slow_osc_power,90,0.0,0.5,415.0,0.49840630355024784,0,3.0189414590689174,-3.15928967936702,0.0424558876653734,20,20,0,0
log_oscillatory,90,0.0,0.5,533.0,0.49841524754235217,0,0.2112869511497126,-3.829218126822723,0.021726596433550946,20,20,0,0
heavy_noise_plat,90,0.0,0.5,97.0,0.49658530379140886,0,0.14446342850954275,-7.255445636845312,0.000706317548032482,20,20,0,0
broken_power_law,90,0.0,0.5,514.0,0.49991211917454004,0,4.930458797259659,-1.125026742225201,0.3246437855450416,20,20,0,0
single_exp,90,0.003,0.5,108.0,0.4867522559599715,0,2.4229828451627187,-3.644768019722155,0.026127470208748067,20,20,0,0
two_exp,90,0.003,0.5,129.0,0.4955914190433955,0,0.4405889733594822,-3.817228257169531,0.021988663427858816,20,20,0,0
three_exp,90,0.003,0.5,176.0,0.49876789415554024,0,0.29706744690336384,-3.7971615646372534,0.02243436004888885,20,20,0,0
four_exp,90,0.003,0.5,231.0,0.4980680166164721,0,0.1474634926063318,-4.42245553953792,0.012004718003112952,20,20,0,0
power_law,90,0.003,0.5,244.0,0.4999340482202355,0,0.16184871625937863,-5.890713790161054,0.0027650023608873694,20,20,0,0
rational_decay,90,0.003,0.5,205.0,0.5,0,0.13947410955930015,-4.450472459912069,0.011673050618901601,20,20,0,0
mixed_pow_rat,90,0.003,0.5,254.0,0.4990202976120709,0,0.1508527029802711,-4.43225242321023,0.011887683400580724,20,20,0,0
multiphase,90,0.003,0.5,504.0,0.49983903719462197,0,0.5257311744567967,-2.9539468017920982,0.0521335386216112,20,20,0,0
osc_exp,90,0.003,0.5,107.0,0.47832942079368884,0,0.770827749606227,-3.8630367640235117,0.021004118025651594,20,20,0,0
damped_osc_pow,90,0.003,0.5,260.0,0.49940767513390516,0,0.09774681895576603,-6.019432018503813,0.0024310499943799545,20,20,0,0
log_slow,90,0.003,0.5,8594.0,0.49999975284240333,0,0.30176509641644467,-3.6395000596133573,0.02626547185398779,20,20,0,0
delayed_plateau,90,0.003,0.5,160.0,0.49658484551706805,0,0.4238640405239005,-2.9777088035547297,0.05090934364772613,20,20,0,0
staircase,90,0.003,0.5,170.0,0.2777777777777778,0,0.9548848412006729,-2.1130068973090057,0.12087396385181398,20,20,0,0
noisy_plateau,90,0.003,0.5,104.0,0.4965853037914094,0,0.3359981651366061,-7.494334558992459,0.000556226730041319,20,20,0,0
slow_osc_power,90,0.003,0.5,415.0,0.49840630355024784,0,2.8376159704284785,-3.155386503738243,0.04262192427563811,20,20,0,0
log_oscillatory,90,0.003,0.5,533.0,0.49841524754235217,0,0.2106844831148177,-3.829484501814501,0.021720809782348402,20,20,0,0
heavy_noise_plat,90,0.003,0.5,97.0,0.49658530379140886,0,0.3968057704635697,-6.683923492984529,0.0012508605894640374,20,20,0,0
broken_power_law,90,0.003,0.5,514.0,0.49991211917454004,0,5.014667422758574,-1.1250144403145084,0.32464777930846367,20,20,0,0
single_exp,90,0.005,0.5,108.0,0.4867522559599715,0,2.289971549196295,-3.642794568026409,0.02617908241948912,20,20,0,0
two_exp,90,0.005,0.5,129.0,0.4955914190433955,0,0.45850651462374087,-3.775828536088359,0.022918094305232076,20,20,0,0
three_exp,90,0.005,0.5,176.0,0.49876789415554024,0,0.3052000013905052,-3.7774740028406395,0.02288041435208399,20,20,0,0
four_exp,90,0.005,0.5,231.0,0.4980680166164721,0,0.1589187402475552,-4.381311599496505,0.012508941135949622,20,20,0,0
power_law,90,0.005,0.5,244.0,0.4999340482202355,0,0.3193220454213092,-5.648000744950233,0.0035245562225679154,20,20,0,0
rational_decay,90,0.005,0.5,205.0,0.5,0,0.13939206526111492,-4.4977482283723305,0.01113403964655768,20,20,0,0
mixed_pow_rat,90,0.005,0.5,254.0,0.4990202976120709,0,0.15755581978996372,-4.474525946632108,0.011395622977717727,20,20,0,0
multiphase,90,0.005,0.5,504.0,0.49983903719462197,0,0.5377235895063709,-2.9462390888870584,0.052536921552902356,20,20,0,0
osc_exp,90,0.005,0.5,107.0,0.47832942079368884,0,0.8068295225333123,-3.8422752178034614,0.021444754310542255,20,20,0,0
damped_osc_pow,90,0.005,0.5,260.0,0.49940767513390516,0,0.12296250991631111,-5.684110400430295,0.0033995561485347867,20,20,0,0
log_slow,90,0.005,0.5,8594.0,0.49999975284240333,0,0.419981583817731,-3.306451931298895,0.03664596576624842,20,20,0,0
delayed_plateau,90,0.005,0.5,160.0,0.49658484551706805,0,0.406121733654076,-2.97308113902048,0.051145480972536184,20,20,0,0
staircase,90,0.005,0.5,170.0,0.2777777777777778,0,0.9066216886549077,-2.1134701073898725,0.12081798677881658,20,20,0,0
noisy_plateau,90,0.005,0.5,104.0,0.4965853037914094,0,0.23057936059773831,-7.982246816002785,0.0003414713367006182,20,20,0,0
slow_osc_power,90,0.005,0.5,415.0,0.49840630355024784,0,3.3354482989781404,-3.1179213231708753,0.04424905236795866,20,20,0,0
log_oscillatory,90,0.005,0.5,533.0,0.49841524754235217,0,0.20697667924239582,-3.8406270351941134,0.021480128325068598,20,20,0,0
heavy_noise_plat,90,0.005,0.5,97.0,0.49658530379140886,0,0.23579646724675102,-6.713780897973534,0.001214065179432427,20,20,0,0
broken_power_law,90,0.005,0.5,514.0,0.49991211917454004,0,4.9469886364085065,-1.1294815254213206,0.3232007843795166,20,20,0,0
single_exp,90,0.01,0.5,108.0,0.4867522559599715,0,2.598772578446246,-3.6591860274041976,0.025753466813409728,20,20,0,0
two_exp,90,0.01,0.5,129.0,0.4955914190433955,0,0.44456134802218583,-3.7907915129222634,0.02257772421639319,20,20,0,0
three_exp,90,0.01,0.5,176.0,0.49876789415554024,0,0.34168929541653825,-3.741017481859262,0.02372994605406388,20,20,0,0
four_exp,90,0.01,0.5,231.0,0.4980680166164721,0,0.18476943819213404,-4.154680870439018,0.015690797728092204,20,20,0,0
power_law,90,0.01,0.5,244.0,0.4999340482202355,0,0.323206016771977,-5.391940051084591,0.004553131454041567,20,20,0,0
rational_decay,90,0.01,0.5,205.0,0.5,0,0.15359375935812153,-4.450489563824428,0.011672850965774278,20,20,0,0
mixed_pow_rat,90,0.01,0.5,254.0,0.4990202976120709,0,0.15540141827252313,-4.399028032358243,0.012289278881391467,20,20,0,0
multiphase,90,0.01,0.5,504.0,0.49983903719462197,0,0.48587040747990407,-3.021555659882244,0.048725359285162556,20,20,0,0
osc_exp,90,0.01,0.5,107.0,0.47832942079368884,0,0.9708348282469339,-3.855456052247081,0.02116394924229513,20,20,0,0
damped_osc_pow,90,0.01,0.5,260.0,0.49940767513390516,0,0.3349276901406959,-4.784350833648429,0.008359548724642563,20,20,0,0
log_slow,90,0.01,0.5,8594.0,0.49999975284240333,0,0.5594824780580447,-3.1473081536545724,0.042967633601584496,20,20,0,0
delayed_plateau,90,0.01,0.5,160.0,0.49658484551706805,0,0.3979129185348299,-2.989000835943464,0.050337707232922205,20,20,0,0
staircase,90,0.01,0.5,170.0,0.2777777777777778,0,0.9260172860955729,-2.1074911906825062,0.12154251123588589,20,20,0,0
noisy_plateau,90,0.01,0.5,104.0,0.4965853037914094,0,0.46328030533891085,-7.100965476469992,0.0008243086883121236,20,20,0,0
slow_osc_power,90,0.01,0.5,415.0,0.49840630355024784,0,3.3514596632270495,-3.264941286996344,0.038199177806306994,20,20,0,0
log_oscillatory,90,0.01,0.5,533.0,0.49841524754235217,0,0.18682514670496603,-3.8871286329899486,0.02050413649415561,20,20,0,0
heavy_noise_plat,90,0.01,0.5,97.0,0.49658530379140886,0,0.2897926477233975,-6.326385578928372,0.0017884864438237951,20,20,0,0
broken_power_law,90,0.01,0.5,514.0,0.49991211917454004,0,4.948148087117028,-1.1234160511111302,0.3251671077477291,20,20,0,0
single_exp,90,0.02,0.5,108.0,0.4867522559599715,0,1.2075078594907946,-3.6173057674133626,0.02685493254600057,20,20,0,0
two_exp,90,0.02,0.5,129.0,0.4955914190433955,0,0.35046201376697683,-3.863118647029201,0.02100239821574837,20,20,0,0
three_exp,90,0.02,0.5,176.0,0.49876789415554024,0,0.3540510022626719,-3.593834998162161,0.027492693564844926,20,20,0,0
four_exp,90,0.02,0.5,231.0,0.4980680166164721,0,0.2216772233612619,-4.037308521387144,0.01764489943204023,20,20,0,0
power_law,90,0.02,0.5,244.0,0.4999340482202355,0,0.18925333637426167,-5.346243129467797,0.004766022737867144,20,20,0,0
rational_decay,90,0.02,0.5,205.0,0.5,0,0.17110927524289404,-4.100149801547729,0.01657019297527637,20,20,0,0
mixed_pow_rat,90,0.02,0.5,254.0,0.4990202976120709,0,0.19014639522605606,-3.999314083015944,0.01832820620609729,20,20,0,0
multiphase,90,0.02,0.5,504.0,0.49983903719462197,0,0.4805018888458935,-3.116473160154817,0.04431317863052746,20,20,0,0
osc_exp,90,0.02,0.5,107.0,0.47832942079368884,0,1.037063825313691,-3.787539795238922,0.022651260095641376,20,20,0,0
damped_osc_pow,90,0.02,0.5,260.0,0.49940767513390516,0,0.3038896398852905,-5.053037909984603,0.006389892013798151,20,20,0,0
log_slow,90,0.02,0.5,8594.0,0.49999975284240333,0,0.6521819063650434,-2.9445231423469287,0.05262714949269121,20,20,0,0
delayed_plateau,90,0.02,0.5,160.0,0.49658484551706805,0,0.41041182099942886,-2.978817719858909,0.05085292073644514,20,20,0,0
staircase,90,0.02,0.5,170.0,0.2777777777777778,0,0.9115724026553287,-2.115845825141105,0.12053129802358056,20,20,0,0
noisy_plateau,90,0.02,0.5,104.0,0.4965853037914094,0,0.2841468422271368,-7.456387332278825,0.0005777395870346005,20,20,0,0
slow_osc_power,90,0.02,0.5,415.0,0.49840630355024784,0,1.5284584936394408,-3.7321646881866135,0.023940955001584472,20,20,0,0
log_oscillatory,90,0.02,0.5,533.0,0.49841524754235217,0,0.21909215680685373,-3.626701767671806,0.02660378533021461,20,20,0,0
heavy_noise_plat,90,0.02,0.5,97.0,0.49658530379140886,0,0.4276255065361376,-5.342483626746801,0.004783974336717067,20,20,0,0
broken_power_law,90,0.02,0.5,514.0,0.49991211917454004,0,5.819008117086486,-1.1416374062400039,0.31929577665366315,20,20,0,0
single_exp,100,0.0,0.5,118.0,0.48675225595997185,0,2.3844251432745525,-4.085720625770974,0.01681102049531532,20,20,0,0
two_exp,100,0.0,0.5,139.0,0.49559266978522987,0,0.5090861046129977,-3.852655510182708,0.021223302844733886,20,20,0,0
three_exp,100,0.0,0.5,187.0,0.49631883552271655,0,0.3037054547021811,-3.8768949693740393,0.020715046278992642,20,20,0,0
four_exp,100,0.0,0.5,246.0,0.4996368974255254,0,0.11620046471781631,-4.738732809718284,0.008749726732092636,20,20,0,0
power_law,100,0.0,0.5,271.0,0.49983507517699444,0,0.008457949427813305,-8.919193817568548,0.00013379606536132772,20,20,0,0
rational_decay,100,0.0,0.5,225.0,0.5,0,0.12235012553860546,-4.626597107340894,0.009788010043088435,20,20,0,0
mixed_pow_rat,100,0.0,0.5,277.0,0.49972261800877116,0,0.12366812105728187,-4.750278123206457,0.008649289300493634,20,20,0,0
multiphase,100,0.0,0.5,528.0,0.49987440681993517,0,0.5891516119261208,-2.864202297115967,0.05702860487493587,20,20,0,0
osc_exp,100,0.0,0.5,126.0,0.49661263699837777,0,0.9065777085615686,-4.0817368299564905,0.016878125746460887,20,20,0,0
damped_osc_pow,100,0.0,0.5,288.0,0.4999518931295514,0,0.014560025219376802,-7.878374717795801,0.00037884829206890486,20,20,0,0
log_slow,100,0.0,0.5,10549.0,0.4999965582066523,0,0.13802385817406404,-4.429599177540638,0.011919266225053099,20,20,0,0
delayed_plateau,100,0.0,0.5,170.0,0.496585301271867,0,0.4974349865360456,-2.895457027748199,0.05527375768016937,20,20,0,0
staircase,100,0.0,0.5,170.0,0.2777777777777778,0,0.8479997891597406,-2.205095720349201,0.11023997259076626,20,20,0,0
noisy_plateau,100,0.0,0.5,114.0,0.49658530379140947,0,0.35235004436356976,-8.171665978549791,0.000282546907037759,20,20,0,0
slow_osc_power,100,0.0,0.5,416.0,0.4989863079500811,0,1.2078859272161546,-4.085310954083873,0.016817908905340462,20,20,0,0
log_oscillatory,100,0.0,0.5,742.0,0.4990262699787195,0,0.5177433657078521,-2.983338787353843,0.050623530185292795,20,20,0,0
heavy_noise_plat,100,0.0,0.5,107.0,0.49658530379140897,0,0.34687250988675256,-7.322288720153927,0.0006606484401742389,20,20,0,0
broken_power_law,100,0.0,0.5,571.0,0.49976994831228316,0,3.3238836950889046,-1.5607450541130414,0.20997956676599439,20,20,0,0
single_exp,100,0.003,0.5,118.0,0.48675225595997185,0,2.5221811619506775,-4.1019000933803555,0.01654121566861599,20,20,0,0
two_exp,100,0.003,0.5,139.0,0.49559266978522987,0,0.5310366919489157,-3.853910903315955,0.021196675973170674,20,20,0,0
three_exp,100,0.003,0.5,187.0,0.49631883552271655,0,0.2894418673750161,-3.914161740703305,0.019957271003790092,20,20,0,0
four_exp,100,0.003,0.5,246.0,0.4996368974255254,0,0.14323803262031687,-4.5066081055886675,0.011035829131358893,20,20,0,0
power_law,100,0.003,0.5,271.0,0.49983507517699444,0,0.17028943631854637,-5.882614261003358,0.0027874885188478547,20,20,0,0
rational_decay,100,0.003,0.5,225.0,0.5,0,0.09685399851960597,-4.862021193476662,0.007734834484222151,20,20,0,0
mixed_pow_rat,100,0.003,0.5,277.0,0.49972261800877116,0,0.1138448734874338,-4.781397172073501,0.008384276503261713,20,20,0,0
multiphase,100,0.003,0.5,528.0,0.49987440681993517,0,0.5859470588609783,-2.8690857874610196,0.05675078515073893,20,20,0,0
osc_exp,100,0.003,0.5,126.0,0.49661263699837777,0,0.8732138485598417,-4.093628796546694,0.016678600364946422,20,20,0,0
damped_osc_pow,100,0.003,0.5,288.0,0.4999518931295514,0,0.13300494020683842,-5.741536595874967,0.0032098322689307884,20,20,0,0
log_slow,100,0.003,0.5,10549.0,0.4999965582066523,0,0.3377549934512568,-3.5227449881961803,0.0295182964810594,20,20,0,0
delayed_plateau,100,0.003,0.5,170.0,0.496585301271867,0,0.4859798943227834,-2.8963675062291827,0.055223455016459824,20,20,0,0
staircase,100,0.003,0.5,170.0,0.2777777777777778,0,0.8466796377472936,-2.204592703509933,0.11029543910246506,20,20,0,0
noisy_plateau,100,0.003,0.5,114.0,0.49658530379140947,0,0.44722771847836057,-7.6789625727697794,0.00046245441280877344,20,20,0,0
slow_osc_power,100,0.003,0.5,416.0,0.4989863079500811,0,1.0727954869948613,-4.080843979959559,0.016893202110446037,20,20,0,0
log_oscillatory,100,0.003,0.5,742.0,0.4990262699787195,0,0.5184539266194017,-2.9807751579760056,0.0507534766506042,20,20,0,0
heavy_noise_plat,100,0.003,0.5,107.0,0.49658530379140897,0,0.46567752033884224,-6.89935124068847,0.0010084394513582228,20,20,0,0
broken_power_law,100,0.003,0.5,571.0,0.49976994831228316,0,3.3593861411686206,-1.560725033238973,0.20998377078254143,20,20,0,0
single_exp,100,0.005,0.5,118.0,0.48675225595997185,0,2.958739157246629,-4.055098929861355,0.01733376527164447,20,20,0,0
two_exp,100,0.005,0.5,139.0,0.49559266978522987,0,0.5270958162234978,-3.8990509501277644,0.02026113114806123,20,20,0,0
three_exp,100,0.005,0.5,187.0,0.49631883552271655,0,0.2936771210926168,-3.782250303890593,0.022771391176008474,20,20,0,0
four_exp,100,0.005,0.5,246.0,0.4996368974255254,0,0.1422063376784515,-4.529801155462343,0.010782819964435905,20,20,0,0
power_law,100,0.005,0.5,271.0,0.49983507517699444,0,0.2933532752394458,-5.583007734789186,0.003761235689339195,20,20,0,0
rational_decay,100,0.005,0.5,225.0,0.5,0,0.12120147744694498,-4.6565338369249565,0.00949933163629367,20,20,0,0
mixed_pow_rat,100,0.005,0.5,277.0,0.49972261800877116,0,0.11919282181698974,-4.7639292586189494,0.008532018938962861,20,20,0,0
multiphase,100,0.005,0.5,528.0,0.49987440681993517,0,0.5660709722361734,-2.910340745562781,0.05445717066811997,20,20,0,0
osc_exp,100,0.005,0.5,126.0,0.49661263699837777,0,0.982997518449545,-4.052631394415289,0.01737658976561557,20,20,0,0
damped_osc_pow,100,0.005,0.5,288.0,0.4999518931295514,0,0.282002886195645,-4.881843054906827,0.00758302520863733,20,20,0,0
log_slow,100,0.005,0.5,10549.0,0.4999965582066523,0,0.3266290444919745,-3.5868739134220733,0.027684740185388065,20,20,0,0
delayed_plateau,100,0.005,0.5,170.0,0.496585301271867,0,0.47642362078150813,-2.8965918157307207,0.055211069259965245,20,20,0,0
staircase,100,0.005,0.5,170.0,0.2777777777777778,0,0.8504208858790153,-2.2066229907468613,0.11007173484895291,20,20,0,0
noisy_plateau,100,0.005,0.5,114.0,0.49658530379140947,0,0.3223934510708771,-7.272938862638205,0.0006940692194163049,20,20,0,0
slow_osc_power,100,0.005,0.5,416.0,0.4989863079500811,0,1.2840601777269793,-4.09415139805876,0.01666988638034564,20,20,0,0
log_oscillatory,100,0.005,0.5,742.0,0.4990262699787195,0,0.5224825367100098,-2.993977530099255,0.050087814195896974,20,20,0,0
heavy_noise_plat,100,0.005,0.5,107.0,0.49658530379140897,0,0.2184582862523697,-6.76024916495584,0.0011589403705999923,20,20,0,0
broken_power_law,100,0.005,0.5,571.0,0.49976994831228316,0,3.2962381512437915,-1.5538533091506264,0.21143169047306642,20,20,0,0
single_exp,100,0.01,0.5,118.0,0.48675225595997185,0,2.791479118653019,-4.085465578068016,0.016815308654296323,20,20,0,0
two_exp,100,0.01,0.5,139.0,0.49559266978522987,0,0.40666875064542407,-3.861620749731524,0.021033881224550854,20,20,0,0
three_exp,100,0.01,0.5,187.0,0.49631883552271655,0,0.34655064719330775,-3.749406695844718,0.023531703172405827,20,20,0,0
four_exp,100,0.01,0.5,246.0,0.4996368974255254,0,0.15588254500286214,-4.483097425958875,0.011298363057123152,20,20,0,0
power_law,100,0.01,0.5,271.0,0.49983507517699444,0,0.3636817268026465,-4.966855248093015,0.00696501688079392,20,20,0,0
rational_decay,100,0.01,0.5,225.0,0.5,0,0.0958632559665021,-4.822295023003913,0.008048294905215546,20,20,0,0
mixed_pow_rat,100,0.01,0.5,277.0,0.49972261800877116,0,0.12227987145345798,-4.857478208424544,0.0077700536611886445,20,20,0,0
multiphase,100,0.01,0.5,528.0,0.49987440681993517,0,0.5496364874715345,-2.9510952263263786,0.05228241350438622,20,20,0,0
osc_exp,100,0.01,0.5,126.0,0.49661263699837777,0,1.1550917435116932,-4.189890345678048,0.015147945819708158,20,20,0,0
damped_osc_pow,100,0.01,0.5,288.0,0.4999518931295514,0,0.27197228694459696,-4.938456794139016,0.007165647914121703,20,20,0,0
log_slow,100,0.01,0.5,10549.0,0.4999965582066523,0,0.5663462763527638,-3.0746846453056937,0.04620419679480653,20,20,0,0
delayed_plateau,100,0.01,0.5,170.0,0.496585301271867,0,0.45753310209701226,-2.8934322905441316,0.055385785889322275,20,20,0,0
staircase,100,0.01,0.5,170.0,0.2777777777777778,0,0.8419459486804963,-2.1954144735117533,0.11131241589458907,20,20,0,0
noisy_plateau,100,0.01,0.5,114.0,0.49658530379140947,0,0.28712436001066,-7.575275844374404,0.0005129788999329414,20,20,0,0
slow_osc_power,100,0.01,0.5,416.0,0.4989863079500811,0,1.393949860802672,-4.085228097112319,0.01681930244407162,20,20,0,0
log_oscillatory,100,0.01,0.5,742.0,0.4990262699787195,0,0.5411307978555902,-2.948641628042146,0.052410851047088945,20,20,0,0
heavy_noise_plat,100,0.01,0.5,107.0,0.49658530379140897,0,0.40638790438798644,-6.683080693208965,0.0012519152588632365,20,20,0,0
broken_power_law,100,0.01,0.5,571.0,0.49976994831228316,0,3.272749227240241,-1.564679754424494,0.20915498340728125,20,20,0,0
single_exp,100,0.02,0.5,118.0,0.48675225595997185,0,0.8788966576033583,-3.9643747388272548,0.018979900297811318,20,20,0,0
two_exp,100,0.02,0.5,139.0,0.49559266978522987,0,0.46723274187446834,-3.9836876429999,0.018616860264905756,20,20,0,0
three_exp,100,0.02,0.5,187.0,0.49631883552271655,0,0.3726319997693585,-3.6691596848557997,0.025497887207562027,20,20,0,0
four_exp,100,0.02,0.5,246.0,0.4996368974255254,0,0.14009773276353188,-4.406398011259725,0.012199040092760231,20,20,0,0
power_law,100,0.02,0.5,271.0,0.49983507517699444,0,0.31851390595885065,-5.005860725862392,0.006698573230980156,20,20,0,0
rational_decay,100,0.02,0.5,225.0,0.5,0,0.16457023751077476,-4.179120931103807,0.015311961921671662,20,20,0,0
mixed_pow_rat,100,0.02,0.5,277.0,0.49972261800877116,0,0.15574907599760668,-4.569338911452877,0.010364809510064778,20,20,0,0
multiphase,100,0.02,0.5,528.0,0.49987440681993517,0,0.5031885024197988,-2.917136927271535,0.05408832463294354,20,20,0,0
osc_exp,100,0.02,0.5,126.0,0.49661263699837777,0,1.396977679909456,-4.119272263296413,0.016256340473938077,20,20,0,0
damped_osc_pow,100,0.02,0.5,288.0,0.4999518931295514,0,0.3191000377386707,-4.445742212800972,0.011728397832667822,20,20,0,0
log_slow,100,0.02,0.5,10549.0,0.4999965582066523,0,0.6455969679506377,-2.965410162299919,0.051539325420959896,20,20,0,0
delayed_plateau,100,0.02,0.5,170.0,0.496585301271867,0,0.4382718739640653,-2.915838370718778,0.05415860700426407,20,20,0,0
staircase,100,0.02,0.5,170.0,0.2777777777777778,0,0.7629371361950138,-2.225586613768392,0.10800404338935668,20,20,0,0
noisy_plateau,100,0.02,0.5,114.0,0.49658530379140947,0,0.1479132117699852,-7.901531246610809,0.0003701762750917062,20,20,0,0
slow_osc_power,100,0.02,0.5,416.0,0.4989863079500811,0,1.398675856435664,-4.061227526796303,0.01722785847245743,20,20,0,0
log_oscillatory,100,0.02,0.5,742.0,0.4990262699787195,0,0.507302137376834,-2.899479443301844,0.05505187021853164,20,20,0,0
heavy_noise_plat,100,0.02,0.5,107.0,0.49658530379140897,0,0.22125548508876663,-5.2489287779736005,0.005253142668357205,20,20,0,0
broken_power_law,100,0.02,0.5,571.0,0.49976994831228316,0,3.460743462048144,-1.565021482173323,0.20908352155658919,20,20,0,0
single_exp,110,0.0,0.5,128.0,0.48675225595997185,0,2.4985622376140535,-4.438963229501806,0.01180817454268511,20,20,0,0
two_exp,110,0.0,0.5,149.0,0.49559300390360195,0,0.5763921469098634,-3.908485777556733,0.020070869824894713,20,20,0,0
three_exp,110,0.0,0.5,197.0,0.4972314222899856,0,0.29134589579773573,-4.002112811177532,0.01827698225363196,20,20,0,0
four_exp,110,0.0,0.5,261.0,0.49932427443323246,0,0.10208759583747816,-4.928502547857459,0.007237332730465479,20,20,0,0
power_law,110,0.0,0.5,298.0,0.49975397060287724,0,0.006383971206419937,-9.26643486413714,9.454497940752926e-05,20,20,0,0
rational_decay,110,0.0,0.5,245.0,0.5,0,0.10217871893699176,-4.883721537919042,0.007568793995332723,20,20,0,0
mixed_pow_rat,110,0.0,0.5,301.0,0.4991974899222347,0,0.10587980781363027,-4.96409892503596,0.006984241199460527,20,20,0,0
multiphase,110,0.0,0.5,551.0,0.49951173853646197,0,0.6249822435014216,-2.830064429847555,0.059009051602766725,20,20,0,0
osc_exp,110,0.0,0.5,137.0,0.47299798384465097,0,1.319418652860521,-4.182546640109862,0.01525959733993612,20,20,0,0
damped_osc_pow,110,0.0,0.5,317.0,0.4993630137642952,0,0.01166966741916841,-8.160526339180796,0.00028571197380841337,20,20,0,0
log_slow,110,0.0,0.5,12703.0,0.4999987205967109,0,0.13644658626793052,-4.460954847501836,0.011551328262989373,20,20,0,0
delayed_plateau,110,0.0,0.5,180.0,0.4965853037186371,0,0.5352960257230426,-2.922101992285485,0.05382043817181822,20,20,0,0
staircase,110,0.0,0.5,170.0,0.2777777777777778,0,0.8067270812486669,-2.2549906857205757,0.10487452056232668,20,20,0,0
noisy_plateau,110,0.0,0.5,124.0,0.49658530379140947,0,0.17968287607787195,-7.751752103327918,0.00042998849591185245,20,20,0,0
slow_osc_power,110,0.0,0.5,248.0,0.49939863639679866,0,0.4224783426638449,-5.089055270966652,0.006163840296266071,20,20,0,0
log_oscillatory,110,0.0,0.5,6775.0,0.4998083403083754,0,0.8920507681875439,-2.7365517728889293,0.06479338443494793,20,20,0,0
heavy_noise_plat,110,0.0,0.5,117.0,0.496585303791409,0,0.3563564746914931,-6.8271908080809665,0.0010838987243172223,20,20,0,0
broken_power_law,110,0.0,0.5,627.0,0.49997159805550073,0,2.52598544143435,-1.8734147496976854,0.15359826564627882,20,20,0,0
single_exp,110,0.003,0.5,128.0,0.48675225595997185,0,2.372113230494233,-4.468521626174517,0.011464251778362784,20,20,0,0
two_exp,110,0.003,0.5,149.0,0.49559300390360195,0,0.5828661890112213,-3.9050517083744607,0.020139913062197257,20,20,0,0
three_exp,110,0.003,0.5,197.0,0.4972314222899856,0,0.2899017879812755,-3.9820306527158333,0.01864773379298866,20,20,0,0
four_exp,110,0.003,0.5,261.0,0.49932427443323246,0,0.10202734704242811,-4.932687574433056,0.007207107591272133,20,20,0,0
power_law,110,0.003,0.5,298.0,0.49975397060287724,0,0.2560920257867293,-5.467794327767748,0.0042205310071683,20,20,0,0
rational_decay,110,0.003,0.5,245.0,0.5,0,0.08552330934532208,-5.089210405557941,0.006162884145588882,20,20,0,0
mixed_pow_rat,110,0.003,0.5,301.0,0.4991974899222347,0,0.12004871150270072,-4.884171863797837,0.007565386338860898,20,20,0,0
multiphase,110,0.003,0.5,551.0,0.49951173853646197,0,0.5697461550879448,-2.915016438423791,0.05420314001146367,20,20,0,0
osc_exp,110,0.003,0.5,137.0,0.47299798384465097,0,1.6581268120940225,-4.137836305114269,0.01595734099579077,20,20,0,0
damped_osc_pow,110,0.003,0.5,317.0,0.4993630137642952,0,0.11328651471394144,-5.895003105222718,0.0027531677938531715,20,20,0,0
log_slow,110,0.003,0.5,12703.0,0.4999987205967109,0,0.3474059046359077,-3.4887636019021695,0.03053860671420374,20,20,0,0
delayed_plateau,110,0.003,0.5,180.0,0.4965853037186371,0,0.5386878084458064,-2.926882553818744,0.053563760276465276,20,20,0,0
staircase,110,0.003,0.5,170.0,0.2777777777777778,0,0.8063447027082806,-2.2522745266594035,0.10515976364906993,20,20,0,0
noisy_plateau,110,0.003,0.5,124.0,0.49658530379140947,0,0.1352075990185077,-7.857646511170747,0.00038678309071693735,20,20,0,0
slow_osc_power,110,0.003,0.5,248.0,0.49939863639679866,0,0.4294742903530906,-5.070520085185832,0.006279153596668953,20,20,0,0
log_oscillatory,110,0.003,0.5,6775.0,0.4998083403083754,0,0.8898296022919185,-2.7418530163816617,0.06445080777078671,20,20,0,0
heavy_noise_plat,110,0.003,0.5,117.0,0.496585303791409,0,0.32211874942595986,-6.843283664275903,0.0010665953021939708,20,20,0,0
broken_power_law,110,0.003,0.5,627.0,0.49997159805550073,0,2.515010147781937,-1.8745043153481113,0.1534310013913064,20,20,0,0
single_exp,110,0.005,0.5,128.0,0.48675225595997185,0,2.3859025870084825,-4.515565311391144,0.010937420330525824,20,20,0,0
two_exp,110,0.005,0.5,149.0,0.49559300390360195,0,0.578385278720894,-3.891853474701712,0.02040748620325003,20,20,0,0
three_exp,110,0.005,0.5,197.0,0.4972314222899856,0,0.2693881637813157,-4.074348402196102,0.01700329037479427,20,20,0,0
four_exp,110,0.005,0.5,261.0,0.49932427443323246,0,0.11839698354983394,-4.764592127271792,0.008526365205111255,20,20,0,0
power_law,110,0.005,0.5,298.0,0.49975397060287724,0,0.34515058562759054,-5.16010908462852,0.005741073388637233,20,20,0,0
rational_decay,110,0.005,0.5,245.0,0.5,0,0.08271551259987894,-5.082107897797311,0.006206811891977235,20,20,0,0
mixed_pow_rat,110,0.005,0.5,301.0,0.4991974899222347,0,0.11861750957007514,-4.858021486659609,0.007765833506612092,20,20,0,0
multiphase,110,0.005,0.5,551.0,0.49951173853646197,0,0.5925838790495646,-2.86117275175394,0.057201637593228945,20,20,0,0
osc_exp,110,0.005,0.5,137.0,0.47299798384465097,0,1.6525377772444598,-4.048249544127877,0.017452898444980824,20,20,0,0
damped_osc_pow,110,0.005,0.5,317.0,0.4993630137642952,0,0.19057123463942383,-5.255407009957128,0.005219221584466123,20,20,0,0
log_slow,110,0.005,0.5,12703.0,0.4999987205967109,0,0.5281429539001725,-3.1340365316971743,0.043541684659567335,20,20,0,0
delayed_plateau,110,0.005,0.5,180.0,0.4965853037186371,0,0.5225779528621959,-2.926900705734779,0.0535627880004106,20,20,0,0
staircase,110,0.005,0.5,170.0,0.2777777777777778,0,0.7799507060520339,-2.2618388905309628,0.10415877195989304,20,20,0,0
noisy_plateau,110,0.005,0.5,124.0,0.49658530379140947,0,0.3324115913438027,-7.409282011143975,0.0006056053563722272,20,20,0,0
slow_osc_power,110,0.005,0.5,248.0,0.49939863639679866,0,0.37586117189275814,-5.168225875628752,0.005694662902733981,20,20,0,0
log_oscillatory,110,0.005,0.5,6775.0,0.4998083403083754,0,0.8968305984340059,-2.7245746576644136,0.06557408822299972,20,20,0,0
heavy_noise_plat,110,0.005,0.5,117.0,0.496585303791409,0,0.7284532192433228,-6.463661076529333,0.0015590773476146834,20,20,0,0
broken_power_law,110,0.005,0.5,627.0,0.49997159805550073,0,2.471034665075141,-1.8692316820363795,0.15424212329533715,20,20,0,0
single_exp,110,0.01,0.5,128.0,0.48675225595997185,0,2.314097999958789,-4.51859997548065,0.01090427924528111,20,20,0,0
two_exp,110,0.01,0.5,149.0,0.49559300390360195,0,0.5935552503830133,-3.849644355856972,0.021287305797926072,20,20,0,0
three_exp,110,0.01,0.5,197.0,0.4972314222899856,0,0.3345169178007813,-3.9061134885240505,0.020118540250914668,20,20,0,0
four_exp,110,0.01,0.5,261.0,0.49932427443323246,0,0.31720959566424395,-3.7297261388824747,0.023999407441356438,20,20,0,0
power_law,110,0.01,0.5,298.0,0.49975397060287724,0,0.28399648947700357,-5.473348844767451,0.0041971529828640705,20,20,0,0
rational_decay,110,0.01,0.5,245.0,0.5,0,0.08633225068691323,-5.149234436018919,0.005803846242127861,20,20,0,0
mixed_pow_rat,110,0.01,0.5,301.0,0.4991974899222347,0,0.1258311660271429,-4.671961734875744,0.009353901641361573,20,20,0,0
multiphase,110,0.01,0.5,551.0,0.49951173853646197,0,0.5289961275082916,-2.9837823801770154,0.05060107893059483,20,20,0,0
osc_exp,110,0.01,0.5,137.0,0.47299798384465097,0,1.6201048360647934,-4.046730405366098,0.017479431968463188,20,20,0,0
damped_osc_pow,110,0.01,0.5,317.0,0.4993630137642952,0,0.27516810451878393,-5.14544469516277,0.005825883045867565,20,20,0,0
log_slow,110,0.01,0.5,12703.0,0.4999987205967109,0,0.6843610783963685,-2.8585513455807074,0.057351783029240856,20,20,0,0
delayed_plateau,110,0.01,0.5,180.0,0.4965853037186371,0,0.5026536828719084,-2.9281292398497762,0.05349702469256268,20,20,0,0
staircase,110,0.01,0.5,170.0,0.2777777777777778,0,0.7871519147796571,-2.248523871252588,0.10555492227385782,20,20,0,0
noisy_plateau,110,0.01,0.5,124.0,0.49658530379140947,0,0.25899902040555345,-7.772744431138343,0.00042105612015356716,20,20,0,0
slow_osc_power,110,0.01,0.5,248.0,0.49939863639679866,0,0.6140235863463852,-4.840980884401807,0.007899301948190189,20,20,0,0
log_oscillatory,110,0.01,0.5,6775.0,0.4998083403083754,0,0.8689055068999024,-2.766265957481703,0.06289642472685925,20,20,0,0
heavy_noise_plat,110,0.01,0.5,117.0,0.496585303791409,0,0.4359771593486974,-6.231660491042665,0.0019661843530206094,20,20,0,0
broken_power_law,110,0.01,0.5,627.0,0.49997159805550073,0,2.4858304425636386,-1.8786011408965204,0.15280370717973885,20,20,0,0
single_exp,110,0.02,0.5,128.0,0.48675225595997185,0,0.7581226084818992,-4.327797421055912,0.013196582016607006,20,20,0,0
two_exp,110,0.02,0.5,149.0,0.49559300390360195,0,0.4223936278626077,-3.8962856543303532,0.020317236707356807,20,20,0,0
three_exp,110,0.02,0.5,197.0,0.4972314222899856,0,0.4067710509342099,-3.7859052023691024,0.022688315961262223,20,20,0,0
four_exp,110,0.02,0.5,261.0,0.49932427443323246,0,0.24228979497616815,-4.24069927377164,0.014397520513742594,20,20,0,0
power_law,110,0.02,0.5,298.0,0.49975397060287724,0,0.2742716850859764,-4.9015858525153755,0.007434783247293334,20,20,0,0
rational_decay,110,0.02,0.5,245.0,0.5,0,0.09127255179348995,-4.8949993061727755,0.0074839144164403765,20,20,0,0
mixed_pow_rat,110,0.02,0.5,301.0,0.4991974899222347,0,0.15001961781206802,-4.5623472601650565,0.010437530567725874,20,20,0,0
multiphase,110,0.02,0.5,551.0,0.49951173853646197,0,0.4778808731886215,-2.979001825835677,0.05084355927157872,20,20,0,0
osc_exp,110,0.02,0.5,137.0,0.47299798384465097,0,0.9648528357359397,-3.948300150414151,0.01928745970611515,20,20,0,0
damped_osc_pow,110,0.02,0.5,317.0,0.4993630137642952,0,0.22990014679800658,-5.323110366869461,0.004877559108817691,20,20,0,0
log_slow,110,0.02,0.5,12703.0,0.4999987205967109,0,0.5505480689905546,-2.985522537619383,0.05051310165585732,20,20,0,0
delayed_plateau,110,0.02,0.5,180.0,0.4965853037186371,0,0.44811389966011417,-2.936850093851615,0.053032513362396706,20,20,0,0
staircase,110,0.02,0.5,170.0,0.2777777777777778,0,0.8233593273749219,-2.2657153107948766,0.1037557903532576,20,20,0,0
noisy_plateau,110,0.02,0.5,124.0,0.49658530379140947,0,0.32027416080200655,-7.321470003196424,0.0006611895457310796,20,20,0,0
slow_osc_power,110,0.02,0.5,248.0,0.49939863639679866,0,0.2928472883926987,-5.023160282836407,0.006583687483181222,20,20,0,0
log_oscillatory,110,0.02,0.5,6775.0,0.4998083403083754,0,0.9317726343079085,-2.6534145205536324,0.07041038443242983,20,20,0,0
heavy_noise_plat,110,0.02,0.5,117.0,0.496585303791409,0,0.33910973828248575,-5.6392093883273855,0.003555678456137343,20,20,0,0
broken_power_law,110,0.02,0.5,627.0,0.49997159805550073,0,2.2116262940836675,-1.8489660355260047,0.1573998280363173,20,20,0,0
single_exp,120,0.0,0.5,138.0,0.4867522559599714,0,2.7949221244969427,-4.726874447200411,0.008854101799200327,20,20,0,0
two_exp,120,0.0,0.5,159.0,0.49559309315849115,0,0.6072368952963739,-4.0363553880735825,0.017661725390920487,20,20,0,0
three_exp,120,0.0,0.5,207.0,0.4977755838571684,0,0.27239972349576513,-4.151542178261849,0.015740123681172356,20,20,0,0
four_exp,120,0.0,0.5,275.0,0.4994269112816189,0,0.09613140350175975,-5.046085403941387,0.006434472570358715,20,20,0,0
power_law,120,0.0,0.5,325.0,0.49968629621173266,0,0.005073171808285968,-9.556505956728122,7.073953435256936e-05,20,20,0,0
rational_decay,120,0.0,0.5,265.0,0.5,0,0.08297570064044621,-5.1633561268437465,0.005722462113134222,20,20,0,0
mixed_pow_rat,120,0.0,0.5,324.0,0.499963839818228,0,0.09323170637795339,-5.148397537050517,0.005808705508134393,20,20,0,0
multiphase,120,0.0,0.5,572.0,0.4997215857052866,0,0.5288828397983139,-3.0213292600368074,0.048736391947823005,20,20,0,0
osc_exp,120,0.0,0.5,138.0,0.48369269681502614,0,1.2253598257762977,-4.352808924151917,0.012870609192986937,20,20,0,0
damped_osc_pow,120,0.0,0.5,345.0,0.49983071797526735,0,0.009744394835339228,-8.398495268825307,0.0002252059437535328,20,20,0,0
log_slow,120,0.0,0.5,15058.0,0.4999967503976527,0,0.13524968480879296,-4.487591417138323,0.01124770223311232,20,20,0,0
delayed_plateau,120,0.0,0.5,190.0,0.4965853037810337,0,0.5831796660290871,-2.9364265916336687,0.0530549775059005,20,20,0,0
staircase,120,0.0,0.5,170.0,0.2777777777777778,0,0.7090667623714324,-2.3840264212751268,0.0921786791082862,20,20,0,0
noisy_plateau,120,0.0,0.5,134.0,0.4965853037914094,0,0.25789293890073817,-7.7575336758020494,0.0004275096589523783,20,20,0,0
slow_osc_power,120,0.0,0.5,234.0,0.4980947588435965,0,0.24514076631768283,-5.568099602494074,0.0038177287452587257,20,20,0,0
log_oscillatory,120,0.0,0.5,8618.0,0.4999409445774135,0,0.10445412397562423,-4.90860567958517,0.007382775112224238,20,20,0,0
heavy_noise_plat,120,0.0,0.5,127.0,0.496585303791409,0,0.3121259158355765,-7.218524680548355,0.0007328828580242799,20,20,0,0
broken_power_law,120,0.0,0.5,684.0,0.49984795486928524,0,0.0077447728433840115,-7.69504004107424,0.0004550787663792355,20,20,0,0
single_exp,120,0.003,0.5,138.0,0.4867522559599714,0,1.7632819544218854,-4.677242013385459,0.009304640605991184,20,20,0,0
two_exp,120,0.003,0.5,159.0,0.49559309315849115,0,0.5698865516984192,-4.015173462262095,0.018039825050471907,20,20,0,0
three_exp,120,0.003,0.5,207.0,0.4977755838571684,0,0.26250368340441477,-4.202874546114913,0.014952533238407471,20,20,0,0
four_exp,120,0.003,0.5,275.0,0.4994269112816189,0,0.10582283813466456,-4.964953195844445,0.006978277313833797,20,20,0,0
power_law,120,0.003,0.5,325.0,0.49968629621173266,0,0.14173043546434658,-6.27536278921258,0.0018821081213828677,20,20,0,0
rational_decay,120,0.003,0.5,265.0,0.5,0,0.06601317891306135,-5.3845777885370705,0.004586776503090362,20,20,0,0
mixed_pow_rat,120,0.003,0.5,324.0,0.499963839818228,0,0.08779644818708365,-5.217011862621029,0.005423511133713761,20,20,0,0
multiphase,120,0.003,0.5,572.0,0.4997215857052866,0,0.4208339481746803,-3.238668104713699,0.03921609205898887,20,20,0,0
osc_exp,120,0.003,0.5,138.0,0.48369269681502614,0,1.4153038014373545,-4.297632602181698,0.013600719242212733,20,20,0,0
damped_osc_pow,120,0.003,0.5,345.0,0.49983071797526735,0,0.19084227853792207,-5.470638660144703,0.0042085434705277855,20,20,0,0
log_slow,120,0.003,0.5,15058.0,0.4999967503976527,0,0.39972150002161616,-3.4000410851463925,0.03337189884281064,20,20,0,0
delayed_plateau,120,0.003,0.5,190.0,0.4965853037810337,0,0.5752440592964632,-2.9357298381458645,0.05309195662769315,20,20,0,0
staircase,120,0.003,0.5,170.0,0.2777777777777778,0,0.6918043240598876,-2.382044387691447,0.09236156152565414,20,20,0,0
noisy_plateau,120,0.003,0.5,134.0,0.4965853037914094,0,0.23272605150295209,-7.199658393877232,0.0007468408902262733,20,20,0,0
slow_osc_power,120,0.003,0.5,234.0,0.4980947588435965,0,0.24685406181222577,-5.593116345641665,0.0037234063446224576,20,20,0,0
log_oscillatory,120,0.003,0.5,8618.0,0.4999409445774135,0,0.07697578515504606,-5.217453257398473,0.005421117752475779,20,20,0,0
heavy_noise_plat,120,0.003,0.5,127.0,0.496585303791409,0,0.1810851845762939,-6.99590553548332,0.0009156232880351248,20,20,0,0
broken_power_law,120,0.003,0.5,684.0,0.49984795486928524,0,0.17209895372029024,-4.640565180008794,0.009652240832088814,20,20,0,0
single_exp,120,0.005,0.5,138.0,0.4867522559599714,0,1.3368497718595274,-4.759239529926697,0.008572125764541479,20,20,0,0
two_exp,120,0.005,0.5,159.0,0.49559309315849115,0,0.5521672530871262,-4.050651326009366,0.017411030688452095,20,20,0,0
three_exp,120,0.005,0.5,207.0,0.4977755838571684,0,0.28788665391685225,-4.097206288504027,0.01661903940922526,20,20,0,0
four_exp,120,0.005,0.5,275.0,0.4994269112816189,0,0.14071690415737337,-4.72192911644448,0.00889799670910918,20,20,0,0
power_law,120,0.005,0.5,325.0,0.49968629621173266,0,0.2894341199118785,-5.325052738006552,0.004868094273872126,20,20,0,0
rational_decay,120,0.005,0.5,265.0,0.5,0,0.07815634368228103,-5.271990429506121,0.005133382761023944,20,20,0,0
mixed_pow_rat,120,0.005,0.5,324.0,0.499963839818228,0,0.12290653589448218,-4.8015041219425845,0.00821737781065509,20,20,0,0
multiphase,120,0.005,0.5,572.0,0.4997215857052866,0,0.4817834211340026,-3.096907249624389,0.045188744003637454,20,20,0,0
osc_exp,120,0.005,0.5,138.0,0.48369269681502614,0,1.2341978004726237,-4.321748452802842,0.01327664964139523,20,20,0,0
damped_osc_pow,120,0.005,0.5,345.0,0.49983071797526735,0,0.17345918815968653,-5.434998967089116,0.004361239525921948,20,20,0,0
log_slow,120,0.005,0.5,15058.0,0.4999967503976527,0,0.6185919466617998,-2.9177587933677986,0.05405469939393229,20,20,0,0
delayed_plateau,120,0.005,0.5,190.0,0.4965853037810337,0,0.565820509108212,-2.9383029876784077,0.05295551869719407,20,20,0,0
staircase,120,0.005,0.5,170.0,0.2777777777777778,0,0.7027548018541616,-2.382632918728812,0.09230721987248003,20,20,0,0
noisy_plateau,120,0.005,0.5,134.0,0.4965853037914094,0,0.27502650121885114,-7.603759882553932,0.0004985733277678237,20,20,0,0
slow_osc_power,120,0.005,0.5,234.0,0.4980947588435965,0,0.33511228723948927,-5.4511607682789185,0.004291320569815115,20,20,0,0
log_oscillatory,120,0.005,0.5,8618.0,0.4999409445774135,0,0.1679834887930832,-4.385306036567695,0.0124590746183919,20,20,0,0
heavy_noise_plat,120,0.005,0.5,127.0,0.496585303791409,0,0.189403832819028,-6.865730043293807,0.0010429207972428717,20,20,0,0
broken_power_law,120,0.005,0.5,684.0,0.49984795486928524,0,0.12701637078138905,-4.858387099548335,0.00776299473676742,20,20,0,0
single_exp,120,0.01,0.5,138.0,0.4867522559599714,0,2.0552278148424055,-4.697076259338454,0.009121908245494244,20,20,0,0
two_exp,120,0.01,0.5,159.0,0.49559309315849115,0,0.6215882986384513,-3.9965604098351055,0.018378745648598073,20,20,0,0
three_exp,120,0.01,0.5,207.0,0.4977755838571684,0,0.31468289498835766,-4.047377463804685,0.017468125412901873,20,20,0,0
four_exp,120,0.01,0.5,275.0,0.4994269112816189,0,0.07258457903727607,-5.3288778607467435,0.004849508784314338,20,20,0,0
power_law,120,0.01,0.5,325.0,0.49968629621173266,0,0.5441937770700984,-5.008591678991831,0.006680304698059861,20,20,0,0
rational_decay,120,0.01,0.5,265.0,0.5,0,0.08881182808070781,-5.154425638435015,0.005773795369061183,20,20,0,0
mixed_pow_rat,120,0.01,0.5,324.0,0.499963839818228,0,0.10845805701349903,-5.047556585228236,0.006425013254612741,20,20,0,0
multiphase,120,0.01,0.5,572.0,0.4997215857052866,0,0.5165159773557537,-3.076155515906552,0.04613628635608214,20,20,0,0
osc_exp,120,0.01,0.5,138.0,0.48369269681502614,0,1.6289700358653074,-4.365773089401074,0.01270482940868281,20,20,0,0
damped_osc_pow,120,0.01,0.5,345.0,0.49983071797526735,0,0.19754812009013045,-5.445205727462467,0.004316951800732381,20,20,0,0
log_slow,120,0.01,0.5,15058.0,0.4999967503976527,0,0.6333925653073722,-2.9000524764851803,0.055020332706975,20,20,0,0
delayed_plateau,120,0.01,0.5,190.0,0.4965853037810337,0,0.5514370779981226,-2.9407444607000826,0.05282638692695666,20,20,0,0
staircase,120,0.01,0.5,170.0,0.2777777777777778,0,0.6638120937382184,-2.3831577751117994,0.09225878455083994,20,20,0,0
noisy_plateau,120,0.01,0.5,134.0,0.4965853037914094,0,0.5617711157450241,-7.902358210078315,0.00036987027937674527,20,20,0,0
slow_osc_power,120,0.01,0.5,234.0,0.4980947588435965,0,0.27180180672185394,-5.253398011619506,0.005229717531592959,20,20,0,0
log_oscillatory,120,0.01,0.5,8618.0,0.4999409445774135,0,0.1321286681233071,-4.597698264217504,0.010074999062338795,20,20,0,0
heavy_noise_plat,120,0.01,0.5,127.0,0.496585303791409,0,0.280830427920984,-6.247919672404387,0.001934474293411476,20,20,0,0
broken_power_law,120,0.01,0.5,684.0,0.49984795486928524,0,0.3227305568530564,-3.929077163656476,0.019661808815131326,20,20,0,0
single_exp,120,0.02,0.5,138.0,0.4867522559599714,0,0.8727820790503384,-4.663827986115439,0.009430294184955872,20,20,0,0
two_exp,120,0.02,0.5,159.0,0.49559309315849115,0,0.6140394756747276,-4.002822463713672,0.018264016547939785,20,20,0,0
three_exp,120,0.02,0.5,207.0,0.4977755838571684,0,0.3587874378633554,-3.914446989492678,0.01995157902825024,20,20,0,0
four_exp,120,0.02,0.5,275.0,0.4994269112816189,0,0.1462822142536038,-4.72652972124243,0.008857154564078533,20,20,0,0
power_law,120,0.02,0.5,325.0,0.49968629621173266,0,0.9724804898664677,-4.424172224567082,0.011984127362316835,20,20,0,0
rational_decay,120,0.02,0.5,265.0,0.5,0,0.1863579291868126,-4.392747694241369,0.012366702576989679,20,20,0,0
mixed_pow_rat,120,0.02,0.5,324.0,0.499963839818228,0,0.22248882148909047,-4.534625111844079,0.010730929370862244,20,20,0,0
multiphase,120,0.02,0.5,572.0,0.4997215857052866,0,0.5298608762433052,-2.806548619505241,0.060413141723451,20,20,0,0
osc_exp,120,0.02,0.5,138.0,0.48369269681502614,0,0.9021010778592404,-4.088083731633637,0.016771341175906642,20,20,0,0
damped_osc_pow,120,0.02,0.5,345.0,0.49983071797526735,0,0.35025855738585093,-4.723470401229233,0.008884292925596008,20,20,0,0
log_slow,120,0.02,0.5,15058.0,0.4999967503976527,0,0.5753883619615283,-3.028705444355078,0.04837822591108631,20,20,0,0
delayed_plateau,120,0.02,0.5,190.0,0.4965853037810337,0,0.5379893643192379,-2.961595694042131,0.051736295971933674,20,20,0,0
staircase,120,0.02,0.5,170.0,0.2777777777777778,0,0.6302198483948545,-2.3845344543053466,0.09213186118814903,20,20,0,0
noisy_plateau,120,0.02,0.5,134.0,0.4965853037914094,0,0.29136745350402793,-7.1999051137385095,0.0007466566524739308,20,20,0,0
slow_osc_power,120,0.02,0.5,234.0,0.4980947588435965,0,0.4339440277976948,-4.846456913309395,0.007856163364237799,20,20,0,0
log_oscillatory,120,0.02,0.5,8618.0,0.4999409445774135,0,0.4345927201927895,-3.5036940535352614,0.03008603845508461,20,20,0,0
heavy_noise_plat,120,0.02,0.5,127.0,0.496585303791409,0,0.23220006758705825,-5.610677738363226,0.003658588951205114,20,20,0,0
broken_power_law,120,0.02,0.5,684.0,0.49984795486928524,0,0.33846464863055675,-4.0516948165276325,0.017392871918915087,20,20,0,0
single_exp,130,0.0,0.5,148.0,0.4867522559599718,0,3.0312741899066973,-5.045695635138076,0.006436981015857546,20,20,0,0
two_exp,130,0.0,0.5,169.0,0.4955931170016284,0,0.608255215286405,-4.214679915099767,0.014777050921051561,20,20,0,0
three_exp,130,0.0,0.5,217.0,0.49809967021158824,0,0.24881627744413387,-4.323401468003413,0.013254721266686899,20,20,0,0
four_exp,130,0.0,0.5,289.0,0.498140782029564,0,0.09601452653952848,-5.098945973564697,0.006103176085411749,20,20,0,0
power_law,130,0.0,0.5,352.0,0.49962897120422933,0,0.004179573229864236,-9.80573321148847,5.513459328522485e-05,20,20,0,0
rational_decay,130,0.0,0.5,285.0,0.5,0,0.06929138607870625,-5.410274703445811,0.00447041200507782,20,20,0,0
mixed_pow_rat,130,0.0,0.5,348.0,0.49965508987067064,0,0.08536111479965258,-5.288010149722159,0.00505180259580363,20,20,0,0
multiphase,130,0.0,0.5,593.0,0.49961083250044536,0,0.3884903163265563,-3.3523158768531482,0.03500319706839405,20,20,0,0
osc_exp,130,0.0,0.5,154.0,0.49802121530821347,0,0.9025411004989798,-4.955799686824312,0.007042446275715014,20,20,0,0
damped_osc_pow,130,0.0,0.5,374.0,0.4993522853114963,0,0.008410969392298615,-8.596957980521768,0.0001846666997890982,20,20,0,0
log_slow,130,0.0,0.5,17612.0,0.4999983277412786,0,0.1343392525373661,-4.510504339302203,0.01099291461861527,20,20,0,0
delayed_plateau,130,0.0,0.5,200.0,0.496585303789858,0,0.6376092515361785,-2.947196268242025,0.052486658355503424,20,20,0,0
staircase,130,0.0,0.5,170.0,0.5,0,1.7011799619688626,-2.464410167988739,0.08505899809844311,20,20,0,0
noisy_plateau,130,0.0,0.5,144.0,0.49658530379140947,0,0.334358700584727,-7.360841461796964,0.000635663348009045,20,20,0,0
slow_osc_power,130,0.0,0.5,228.0,0.49574900903309854,0,0.7424426132655261,-4.404828941889452,0.012218196257662139,20,20,0,0
log_oscillatory,130,0.0,0.5,1078.0,0.499876920190617,0,0.24090325214986355,-3.8119170220605514,0.022105761080368685,20,20,0,0
heavy_noise_plat,130,0.0,0.5,137.0,0.496585303791409,0,0.24841294869930658,-7.494772028701409,0.0005559834509131223,20,20,0,0
broken_power_law,130,0.0,0.5,741.0,0.49974327221845033,0,0.0065796706292500385,-7.889626928607471,0.00037460930493488087,20,20,0,0
single_exp,130,0.003,0.5,148.0,0.4867522559599718,0,2.36446230866384,-5.0280258643845075,0.0065517318193316545,20,20,0,0
two_exp,130,0.003,0.5,169.0,0.4955931170016284,0,0.6380537945412333,-4.2005240252420615,0.014987720818256015,20,20,0,0
three_exp,130,0.003,0.5,217.0,0.49809967021158824,0,0.23618561975218688,-4.365867059561693,0.012703635589915191,20,20,0,0
four_exp,130,0.003,0.5,289.0,0.498140782029564,0,0.1294072125978386,-4.811417402101766,0.008136319084996055,20,20,0,0
power_law,130,0.003,0.5,352.0,0.49962897120422933,0,0.24833817610152026,-5.591176194982244,0.0037306373262259024,20,20,0,0
rational_decay,130,0.003,0.5,285.0,0.5,0,0.07145447303458384,-5.368146587823129,0.00466276533265602,20,20,0,0
mixed_pow_rat,130,0.003,0.5,348.0,0.49965508987067064,0,0.08960395423705783,-5.242938501942311,0.005284704881777763,20,20,0,0
multiphase,130,0.003,0.5,593.0,0.49961083250044536,0,0.40398921896464157,-3.275648525768806,0.0377923519660321,20,20,0,0
osc_exp,130,0.003,0.5,154.0,0.49802121530821347,0,1.3532973730223157,-4.815198260094258,0.008105614898614388,20,20,0,0
damped_osc_pow,130,0.003,0.5,374.0,0.4993522853114963,0,0.2070133761166119,-5.433634049334989,0.0043671963235254845,20,20,0,0
log_slow,130,0.003,0.5,17612.0,0.4999983277412786,0,0.4646549609489391,-3.2555523181094377,0.038559517661003226,20,20,0,0
delayed_plateau,130,0.003,0.5,200.0,0.496585303789858,0,0.6289291992664121,-2.946855505235381,0.052504546914719855,20,20,0,0
staircase,130,0.003,0.5,170.0,0.5,0,1.6743495625575648,-2.4622508398585348,0.08524286683078339,20,20,0,0
noisy_plateau,130,0.003,0.5,144.0,0.49658530379140947,0,0.266815489713713,-7.69972257305713,0.00045295282677548787,20,20,0,0
slow_osc_power,130,0.003,0.5,228.0,0.49574900903309854,0,0.735031674219258,-4.408745863918944,0.012170432140808124,20,20,0,0
log_oscillatory,130,0.003,0.5,1078.0,0.499876920190617,0,0.25046630754002996,-3.7852305513461184,0.02270362782133554,20,20,0,0
heavy_noise_plat,130,0.003,0.5,137.0,0.496585303791409,0,0.3202849819144624,-6.5751325970481584,0.0013946209834896492,20,20,0,0
broken_power_law,130,0.003,0.5,741.0,0.49974327221845033,0,0.20284739948845787,-4.471706762462554,0.011427794665266992,20,20,0,0
single_exp,130,0.005,0.5,148.0,0.4867522559599718,0,1.08054632661127,-5.133176584685536,0.005897795837796611,20,20,0,0
two_exp,130,0.005,0.5,169.0,0.4955931170016284,0,0.6329095069019184,-4.195134443650536,0.01506871643265266,20,20,0,0
three_exp,130,0.005,0.5,217.0,0.49809967021158824,0,0.27531131653315755,-4.292772591213258,0.013666979769933175,20,20,0,0
four_exp,130,0.005,0.5,289.0,0.498140782029564,0,0.1734210443271756,-4.543968269844656,0.0106311355230553,20,20,0,0
power_law,130,0.005,0.5,352.0,0.49962897120422933,0,0.358604332362198,-5.4671938838852325,0.004223065960164869,20,20,0,0
rational_decay,130,0.005,0.5,285.0,0.5,0,0.07968933931886539,-5.360129349283056,0.004700298088072839,20,20,0,0
mixed_pow_rat,130,0.005,0.5,348.0,0.49965508987067064,0,0.15589536810462618,-4.690627831111266,0.009180920279054275,20,20,0,0
multiphase,130,0.005,0.5,593.0,0.49961083250044536,0,0.3910477813991678,-3.320506093064641,0.036134539685763446,20,20,0,0
osc_exp,130,0.005,0.5,154.0,0.49802121530821347,0,0.8566489536699873,-4.7168044887188865,0.008943712668334394,20,20,0,0
damped_osc_pow,130,0.005,0.5,374.0,0.4993522853114963,0,0.26201469459807486,-5.229381089973043,0.00535683967869377,20,20,0,0
log_slow,130,0.005,0.5,17612.0,0.4999983277412786,0,0.4816614356346808,-3.2691234829246834,0.03803975496157447,20,20,0,0
delayed_plateau,130,0.005,0.5,200.0,0.496585303789858,0,0.6099665515822046,-2.958572031383056,0.05189296581720006,20,20,0,0
staircase,130,0.005,0.5,170.0,0.5,0,1.7256933037922928,-2.463231356268473,0.08515932576441196,20,20,0,0
noisy_plateau,130,0.005,0.5,144.0,0.49658530379140947,0,0.3093076428288195,-7.269802002683971,0.0006962498357120407,20,20,0,0
slow_osc_power,130,0.005,0.5,228.0,0.49574900903309854,0,0.6352170381187177,-4.439093666900744,0.011806634415558837,20,20,0,0
log_oscillatory,130,0.005,0.5,1078.0,0.499876920190617,0,0.21244034630404893,-3.9365891426009068,0.019514663091043195,20,20,0,0
heavy_noise_plat,130,0.005,0.5,137.0,0.496585303791409,0,0.1956867871785374,-7.01819669100344,0.0008954387906014846,20,20,0,0
broken_power_law,130,0.005,0.5,741.0,0.49974327221845033,0,0.20441067632017001,-4.465163950742867,0.011502809711187986,20,20,0,0
single_exp,130,0.01,0.5,148.0,0.4867522559599718,0,1.6749513465777133,-4.977582491447922,0.006890700765918804,20,20,0,0
two_exp,130,0.01,0.5,169.0,0.4955931170016284,0,0.7257522016681464,-4.1640662576723075,0.015544222424335383,20,20,0,0
three_exp,130,0.01,0.5,217.0,0.49809967021158824,0,0.24663001846739174,-4.366714276368198,0.012692877414236824,20,20,0,0
four_exp,130,0.01,0.5,289.0,0.498140782029564,0,0.2074013476286998,-4.4095492572590524,0.01216065842327544,20,20,0,0
power_law,130,0.01,0.5,352.0,0.49962897120422933,0,0.3116113011573649,-5.455550103514745,0.004272525803669845,20,20,0,0
rational_decay,130,0.01,0.5,285.0,0.5,0,0.09769352675470296,-5.079021635440854,0.006225997332295716,20,20,0,0
mixed_pow_rat,130,0.01,0.5,348.0,0.49965508987067064,0,0.15006390873969222,-4.691758262200929,0.009170547745161087,20,20,0,0
multiphase,130,0.01,0.5,593.0,0.49961083250044536,0,0.34759696458582817,-3.446205606108235,0.03186632064385636,20,20,0,0
osc_exp,130,0.01,0.5,154.0,0.49802121530821347,0,0.9878827940856412,-4.805477066136282,0.00818479539411364,20,20,0,0
damped_osc_pow,130,0.01,0.5,374.0,0.4993522853114963,0,0.215430304690871,-5.210197567795787,0.005460594743394831,20,20,0,0
log_slow,130,0.01,0.5,17612.0,0.4999983277412786,0,0.6824622128444986,-2.875802041406464,0.056370909564469135,20,20,0,0
delayed_plateau,130,0.01,0.5,200.0,0.496585303789858,0,0.646397386771859,-2.956167766484514,0.05201788035704506,20,20,0,0
staircase,130,0.01,0.5,170.0,0.5,0,1.6340297281931844,-2.463401885678755,0.08514480483296746,20,20,0,0
noisy_plateau,130,0.01,0.5,144.0,0.49658530379140947,0,0.29629221079650925,-7.250907243741538,0.000709530379753652,20,20,0,0
slow_osc_power,130,0.01,0.5,228.0,0.49574900903309854,0,0.9331574264554192,-4.409444625128355,0.012161930885446006,20,20,0,0
log_oscillatory,130,0.01,0.5,1078.0,0.499876920190617,0,0.21054623673831097,-3.96774730469521,0.018915997153242423,20,20,0,0
heavy_noise_plat,130,0.01,0.5,137.0,0.496585303791409,0,0.24885602082521824,-6.006204435116581,0.002463420530899473,20,20,0,0
broken_power_law,130,0.01,0.5,741.0,0.49974327221845033,0,0.23193000644035577,-4.193647017943145,0.015091146706399411,20,20,0,0
single_exp,130,0.02,0.5,148.0,0.4867522559599718,0,0.2454568571300366,-5.041986776321202,0.006460899196812945,20,20,0,0
two_exp,130,0.02,0.5,169.0,0.4955931170016284,0,0.8227232425098048,-4.000420832503106,0.018307932694196956,20,20,0,0
three_exp,130,0.02,0.5,217.0,0.49809967021158824,0,0.26420119321456303,-4.036236309625819,0.017663828646988615,20,20,0,0
four_exp,130,0.02,0.5,289.0,0.498140782029564,0,0.17679185468363443,-4.553369379729352,0.010531659375548716,20,20,0,0
power_law,130,0.02,0.5,352.0,0.49962897120422933,0,0.6942454979726003,-4.814265880663889,0.00811317593154438,20,20,0,0
rational_decay,130,0.02,0.5,285.0,0.5,0,0.147265862130186,-4.61511748936508,0.009901020074066957,20,20,0,0
mixed_pow_rat,130,0.02,0.5,348.0,0.49965508987067064,0,0.2140718031005608,-4.575914383660773,0.010296879573651795,20,20,0,0
multiphase,130,0.02,0.5,593.0,0.49961083250044536,0,0.6083366282102032,-2.977832480433378,0.05090304772834762,20,20,0,0
osc_exp,130,0.02,0.5,154.0,0.49802121530821347,0,0.37317204685635874,-4.4571916080023115,0.011594880575272698,20,20,0,0
damped_osc_pow,130,0.02,0.5,374.0,0.4993522853114963,0,0.29953370690214964,-4.888361078890384,0.007533759600087725,20,20,0,0
log_slow,130,0.02,0.5,17612.0,0.4999983277412786,0,0.45451184613924367,-3.292444698991255,0.03716288618231901,20,20,0,0
delayed_plateau,130,0.02,0.5,200.0,0.496585303789858,0,0.6250692539763991,-2.967549273983346,0.05142919488055345,20,20,0,0
staircase,130,0.02,0.5,170.0,0.5,0,1.8115015640207641,-2.472210073687571,0.0843981266524508,20,20,0,0
noisy_plateau,130,0.02,0.5,144.0,0.49658530379140947,0,0.20211766416821947,-7.91599254741464,0.0003648615660516441,20,20,0,0
slow_osc_power,130,0.02,0.5,228.0,0.49574900903309854,0,0.8682663422476832,-4.41739359935025,0.012065639227327934,20,20,0,0
log_oscillatory,130,0.02,0.5,1078.0,0.499876920190617,0,0.24586260342554894,-3.890514242365307,0.02043483487770517,20,20,0,0
heavy_noise_plat,130,0.02,0.5,137.0,0.496585303791409,0,0.37799743745187775,-5.4504465246429294,0.004294386713078403,20,20,0,0
broken_power_law,130,0.02,0.5,741.0,0.49974327221845033,0,0.4367908834610297,-4.006229530589066,0.018201895707169166,20,20,0,0
single_exp,140,0.0,0.5,158.0,0.4867522559599718,0,2.932660265683894,-5.478768739378537,0.0041744663910340905,20,20,0,0
two_exp,140,0.0,0.5,179.0,0.4955931233709723,0,0.5827516276248991,-4.437513425610126,0.01182530649607624,20,20,0,0
three_exp,140,0.0,0.5,227.0,0.498292548509752,0,0.22256011163320805,-4.515694792222495,0.010936004235929123,20,20,0,0
four_exp,140,0.0,0.5,301.0,0.4997135627597521,0,0.0987605454221527,-5.125552725428895,0.005942931639066867,20,20,0,0
power_law,140,0.0,0.5,379.0,0.49957979013550535,0,0.0035364024850818147,-10.024227904082538,4.431320234049574e-05,20,20,0,0
rational_decay,140,0.0,0.5,305.0,0.5,0,0.059129857442574485,-5.631379660974204,0.003583627723792393,20,20,0,0
mixed_pow_rat,140,0.0,0.5,372.0,0.4994630013146387,0,0.08045381003978844,-5.39576238724611,0.004535761073901506,20,20,0,0
multiphase,140,0.0,0.5,613.0,0.49985689813936673,0,0.31439169825991303,-3.5862894549539885,0.027700925495586212,20,20,0,0
osc_exp,140,0.0,0.5,167.0,0.48860976138834705,0,1.8205316440893458,-4.784110319838818,0.008361559553359307,20,20,0,0
damped_osc_pow,140,0.0,0.5,402.0,0.4997676330708581,0,0.007402361194175524,-8.773972390739015,0.00015470779856883304,20,20,0,0
log_slow,140,0.0,0.5,20366.0,0.4999994796594036,0,0.1336433445804061,-4.530451984939175,0.01077580447055243,20,20,0,0
delayed_plateau,140,0.0,0.5,210.0,0.4965853037911775,0,0.6857732948905516,-2.974374806368718,0.0510793585132471,20,20,0,0
staircase,140,0.0,0.5,170.0,0.5,0,1.4779173641906138,-2.605098363152189,0.07389586820953067,20,20,0,0
noisy_plateau,140,0.0,0.5,154.0,0.49658530379140936,0,0.2321802288109145,-7.645738439787581,0.0004780771485827142,20,20,0,0
slow_osc_power,140,0.0,0.5,225.0,0.4966383534565553,0,1.2283722909165582,-3.878083176844772,0.020690447123591648,20,20,0,0
log_oscillatory,140,0.0,0.5,911.0,0.4986916604528779,0,0.44074367569798145,-3.179830880080114,0.04159268867857624,20,20,0,0
heavy_noise_plat,140,0.0,0.5,147.0,0.49658530379140897,0,0.27626882688515353,-7.590010827887374,0.0005054755807019102,20,20,0,0
broken_power_law,140,0.0,0.5,797.0,0.4999038581100926,0,0.005706136634478599,-8.061815503452188,0.0003153537594366637,20,20,0,0
single_exp,140,0.003,0.5,158.0,0.4867522559599718,0,2.427965705616708,-5.475988663043702,0.004186087873076937,20,20,0,0
two_exp,140,0.003,0.5,179.0,0.4955931233709723,0,0.56892780442789,-4.427154732284262,0.011948437858541158,20,20,0,0
three_exp,140,0.003,0.5,227.0,0.498292548509752,0,0.24067877906452842,-4.433144686445696,0.011877081188412991,20,20,0,0
four_exp,140,0.003,0.5,301.0,0.4997135627597521,0,0.17713218137969106,-4.55371792470412,0.010527989258235025,20,20,0,0
power_law,140,0.003,0.5,379.0,0.49957979013550535,0,0.24314195236522468,-6.052773453175849,0.002351331646629748,20,20,0,0
rational_decay,140,0.003,0.5,305.0,0.5,0,0.06325564828200748,-5.557603855713981,0.0038580096789032,20,20,0,0
mixed_pow_rat,140,0.003,0.5,372.0,0.4994630013146387,0,0.07138502920639399,-5.445731813622333,0.004314681309426596,20,20,0,0
multiphase,140,0.003,0.5,613.0,0.49985689813936673,0,0.36758881251894937,-3.4593837719250926,0.03144913588885946,20,20,0,0
osc_exp,140,0.003,0.5,167.0,0.48860976138834705,0,1.8527846748474197,-4.773727944090826,0.008448824632015378,20,20,0,0
damped_osc_pow,140,0.003,0.5,402.0,0.4997676330708581,0,0.163567355806014,-5.638818915762089,0.0035570671221258204,20,20,0,0
log_slow,140,0.003,0.5,20366.0,0.4999994796594036,0,0.6448323625160155,-2.9443235702433475,0.05263765345173469,20,20,0,0
delayed_plateau,140,0.003,0.5,210.0,0.4965853037911775,0,0.6548504620869514,-2.977937491563885,0.05089770262241211,20,20,0,0
staircase,140,0.003,0.5,170.0,0.5,0,1.473475145172762,-2.603035947736587,0.07404842945553075,20,20,0,0
noisy_plateau,140,0.003,0.5,154.0,0.49658530379140936,0,0.2356860978946183,-7.642687977487627,0.00047953773149489107,20,20,0,0
slow_osc_power,140,0.003,0.5,225.0,0.4966383534565553,0,1.14574933289293,-3.906169056132876,0.020117422342799895,20,20,0,0
log_oscillatory,140,0.003,0.5,911.0,0.4986916604528779,0,0.43509821713632235,-3.1950269493116523,0.04096542137129942,20,20,0,0
heavy_noise_plat,140,0.003,0.5,147.0,0.49658530379140897,0,0.22924630943936747,-6.964887635779831,0.000944469054193868,20,20,0,0
broken_power_law,140,0.003,0.5,797.0,0.4999038581100926,0,0.24922904213244806,-4.249401153877106,0.01427277854837844,20,20,0,0
single_exp,140,0.005,0.5,158.0,0.4867522559599718,0,1.2350174550958721,-5.53200917134018,0.003958028737011268,20,20,0,0
two_exp,140,0.005,0.5,179.0,0.4955931233709723,0,0.571764438117691,-4.386320897676563,0.012446436802008059,20,20,0,0
three_exp,140,0.005,0.5,227.0,0.498292548509752,0,0.26041149904535676,-4.368489650137281,0.012670362804458948,20,20,0,0
four_exp,140,0.005,0.5,301.0,0.4997135627597521,0,0.1601399164485789,-4.632511531596219,0.009730290456394501,20,20,0,0
power_law,140,0.005,0.5,379.0,0.49957979013550535,0,0.20647574594353807,-5.741121295667945,0.00321116558978163,20,20,0,0
rational_decay,140,0.005,0.5,305.0,0.5,0,0.09073006985161777,-5.124209472617529,0.005950919862599546,20,20,0,0
mixed_pow_rat,140,0.005,0.5,372.0,0.4994630013146387,0,0.1415617894991418,-4.9066124260716455,0.007397505530508178,20,20,0,0
multiphase,140,0.005,0.5,613.0,0.49985689813936673,0,0.2985752528302648,-3.6099095120264413,0.027054294843908963,20,20,0,0
osc_exp,140,0.005,0.5,167.0,0.48860976138834705,0,1.5583563231213802,-4.7382204807021795,0.008754210619495205,20,20,0,0
damped_osc_pow,140,0.005,0.5,402.0,0.4997676330708581,0,0.24535076448105345,-5.415372568901597,0.004447680436612242,20,20,0,0
log_slow,140,0.005,0.5,20366.0,0.4999994796594036,0,0.5746597539203804,-3.0452648579760586,0.047583707393956697,20,20,0,0
delayed_plateau,140,0.005,0.5,210.0,0.4965853037911775,0,0.6175448377637378,-2.9757724824148686,0.051008015985885155,20,20,0,0
staircase,140,0.005,0.5,170.0,0.5,0,1.4050818604125408,-2.601119467790975,0.07419047785856683,20,20,0,0
noisy_plateau,140,0.005,0.5,154.0,0.49658530379140936,0,0.17378999302637543,-7.551668141341418,0.0005252332326581757,20,20,0,0
slow_osc_power,140,0.005,0.5,225.0,0.4966383534565553,0,1.267650219307785,-3.8540745173141646,0.021193208183963107,20,20,0,0
log_oscillatory,140,0.005,0.5,911.0,0.4986916604528779,0,0.4235441950561323,-3.1905570547695326,0.041148942338826516,20,20,0,0
heavy_noise_plat,140,0.005,0.5,147.0,0.49658530379140897,0,0.2153145175158085,-6.9532549694184205,0.0009555198983661993,20,20,0,0
broken_power_law,140,0.005,0.5,797.0,0.4999038581100926,0,0.29071574933726524,-4.255726685055653,0.014182780585212773,20,20,0,0
single_exp,140,0.01,0.5,158.0,0.4867522559599718,0,0.5463716902989224,-5.41535219789866,0.004447771041246326,20,20,0,0
two_exp,140,0.01,0.5,179.0,0.4955931233709723,0,0.5792422544129674,-4.333630442087117,0.013119830141433041,20,20,0,0
three_exp,140,0.01,0.5,227.0,0.498292548509752,0,0.25083492799598295,-4.249246919665319,0.014274980068898387,20,20,0,0
four_exp,140,0.01,0.5,301.0,0.4997135627597521,0,0.18659325235580868,-4.69179710850188,0.00917019151022274,20,20,0,0
power_law,140,0.01,0.5,379.0,0.49957979013550535,0,0.4113510733771505,-5.472236690204708,0.004201823462370635,20,20,0,0
rational_decay,140,0.01,0.5,305.0,0.5,0,0.11027805644677241,-4.880470882859005,0.0075934375660056674,20,20,0,0
mixed_pow_rat,140,0.01,0.5,372.0,0.4994630013146387,0,0.14525587303880566,-4.722847117853715,0.008889832083733035,20,20,0,0
multiphase,140,0.01,0.5,613.0,0.49985689813936673,0,0.5579180936065729,-3.015179178013279,0.04903704833890994,20,20,0,0
osc_exp,140,0.01,0.5,167.0,0.48860976138834705,0,1.671586555201121,-4.727322934404018,0.008850131738171278,20,20,0,0
damped_osc_pow,140,0.01,0.5,402.0,0.4997676330708581,0,0.2571309282057076,-5.412113597238307,0.004462198945977871,20,20,0,0
log_slow,140,0.01,0.5,20366.0,0.4999994796594036,0,0.5845933646468127,-3.0721709171712748,0.04632048768482369,20,20,0,0
delayed_plateau,140,0.01,0.5,210.0,0.4965853037911775,0,0.6533602503515018,-2.9830931272396617,0.050635967895160436,20,20,0,0
staircase,140,0.01,0.5,170.0,0.5,0,1.3426879813472437,-2.60379083423545,0.07399255238894784,20,20,0,0
noisy_plateau,140,0.01,0.5,154.0,0.49658530379140936,0,0.2977823696867852,-7.371470686424938,0.0006289425213600527,20,20,0,0
slow_osc_power,140,0.01,0.5,225.0,0.4966383534565553,0,1.1303695105148652,-3.937544546166318,0.01949602761596541,20,20,0,0
log_oscillatory,140,0.01,0.5,911.0,0.4986916604528779,0,0.4551776832430331,-3.144221617940552,0.04310045961791481,20,20,0,0
heavy_noise_plat,140,0.01,0.5,147.0,0.49658530379140897,0,0.258718164662256,-6.367068927482327,0.001717185050347758,20,20,0,0
broken_power_law,140,0.01,0.5,797.0,0.4999038581100926,0,0.2622154815961559,-4.22310138065335,0.014653129030093075,20,20,0,0
single_exp,140,0.02,0.5,158.0,0.4867522559599718,0,0.2855752025070729,-5.681989693601221,0.003406773260459227,20,20,0,0
two_exp,140,0.02,0.5,179.0,0.4955931233709723,0,0.616326905386,-4.211801432650722,0.014819647680376653,20,20,0,0
three_exp,140,0.02,0.5,227.0,0.498292548509752,0,0.3281246203072733,-4.110592752452428,0.016398051659614516,20,20,0,0
four_exp,140,0.02,0.5,301.0,0.4997135627597521,0,0.20769709376804632,-4.411285106686373,0.012139567661804504,20,20,0,0
power_law,140,0.02,0.5,379.0,0.49957979013550535,0,0.3426780912857542,-4.725844163300035,0.008863228738598346,20,20,0,0
rational_decay,140,0.02,0.5,305.0,0.5,0,0.19895745341910692,-4.5186683920075925,0.010903533237886245,20,20,0,0
mixed_pow_rat,140,0.02,0.5,372.0,0.4994630013146387,0,0.13688120921301175,-4.925063104557696,0.007262267983145797,20,20,0,0
multiphase,140,0.02,0.5,613.0,0.49985689813936673,0,0.5642372894299319,-2.947515812665331,0.05246988921591314,20,20,0,0
osc_exp,140,0.02,0.5,167.0,0.48860976138834705,0,0.5659354637877785,-4.578814981013618,0.010267055746385256,20,20,0,0
damped_osc_pow,140,0.02,0.5,402.0,0.4997676330708581,0,0.3336928236582718,-4.852006768024353,0.00781268356383824,20,20,0,0
log_slow,140,0.02,0.5,20366.0,0.4999994796594036,0,0.7108197579412985,-2.9646648319572373,0.05157775356308872,20,20,0,0
delayed_plateau,140,0.02,0.5,210.0,0.4965853037911775,0,0.6064575826052417,-2.977013845851325,0.05094473578486414,20,20,0,0
staircase,140,0.02,0.5,170.0,0.5,0,1.270464106238395,-2.5735985288158987,0.07626062500945116,20,20,0,0
noisy_plateau,140,0.02,0.5,154.0,0.49658530379140936,0,0.2979792921963611,-7.523579719644023,0.0005401953526587202,20,20,0,0
slow_osc_power,140,0.02,0.5,225.0,0.4966383534565553,0,0.7797970346181089,-3.991754701676308,0.018467281103897393,20,20,0,0
log_oscillatory,140,0.02,0.5,911.0,0.4986916604528779,0,0.4660254757290846,-3.1487045985897044,0.04290767354247117,20,20,0,0
heavy_noise_plat,140,0.02,0.5,147.0,0.49658530379140897,0,0.42561612467112925,-5.3590148120173735,0.0047055396658761215,20,20,0,0
broken_power_law,140,0.02,0.5,797.0,0.4999038581100926,0,0.4130433324826508,-3.8220436382542964,0.021883034160606746,20,20,0,0
