dataset,obs_depth,target_round,argmin_round,post_min_target,method,selected_method,is_cascade,is_trivial,prediction,true_val,error,current_err,ref_error,skill,skill_vs_assumed,win_vs_assumed,skill_vs_last,win_vs_last,skill_vs_wmean,win_vs_wmean,skill_vs_wmin,win_vs_wmin,perturb_iqr,L_hat,assumed_mode,nearest_regime
covertype,30,300,500,0,richardson_1,richardson_1,0,0,0.49951159941626466,0.4083646501671605,0.09114694924910416,0.2710953633742178,0.2710953633742178,0.3362172931127769,0.22319990041203114,1,0.3362172931127769,1,0.21086969338203515,1,0.3362172931127769,1,0.005396591991827349,0.0,zero,rational_decay
covertype,30,300,500,0,rational_fit,richardson_1,0,0,0.4329731226062219,0.4083646501671605,0.02460847243906139,0.2710953633742178,0.2710953633742178,0.09077422842194485,0.060261025113187754,1,0.09077422842194485,1,0.056932032071014604,1,0.09077422842194485,1,0.005396591991827349,0.0,zero,rational_decay
covertype,30,300,500,0,constant_assumed,richardson_1,0,1,0.0,0.4083646501671605,0.4083646501671605,0.2710953633742178,0.2710953633742178,1.5063505516450213,1.0,0,1.5063505516450213,0,0.9447571123139652,1,1.5063505516450213,0,0.005396591991827349,0.0,zero,rational_decay
covertype,30,300,500,0,last_value,richardson_1,0,1,0.6794600135413783,0.4083646501671605,0.2710953633742178,0.2710953633742178,0.2710953633742178,1.0,0.6638560983749384,1,1.0,0,0.6271827704927224,1,1.0,0,0.005396591991827349,0.0,zero,rational_decay
covertype,30,300,500,0,window_mean,richardson_1,0,1,0.8406076519340011,0.4083646501671605,0.4322430017668406,0.2710953633742178,0.2710953633742178,1.5944315549586732,1.0584731112007508,0,1.5944315549586732,0,1.0,0,1.5944315549586732,0,0.005396591991827349,0.0,zero,rational_decay
covertype,30,300,500,0,window_min,richardson_1,0,1,0.6794600135413783,0.4083646501671605,0.2710953633742178,0.2710953633742178,0.2710953633742178,1.0,0.6638560983749384,1,1.0,0,0.6271827704927224,1,1.0,0,0.005396591991827349,0.0,zero,rational_decay
covertype,30,300,500,0,cascade,richardson_1,1,0,0.49951159941626466,0.4083646501671605,0.09114694924910416,0.2710953633742178,0.2710953633742178,0.3362172931127769,0.22319990041203114,1,0.3362172931127769,1,0.21086969338203515,1,0.3362172931127769,1,0.005396591991827349,0.0,zero,rational_decay
covertype,30,400,500,0,richardson_1,richardson_1,0,0,0.47716241215674166,0.3748681323241892,0.10229427983255246,0.3045918812171891,0.3045918812171891,0.3358404676571519,0.27288070393801167,1,0.3358404676571519,1,0.21963839340550861,1,0.3358404676571519,1,0.005574015351366257,0.0,zero,rational_decay
covertype,30,400,500,0,rational_fit,richardson_1,0,0,0.42246785251917673,0.3748681323241892,0.04759972019498754,0.3045918812171891,0.3045918812171891,0.15627376542267907,0.12697723836877894,1,0.15627376542267907,1,0.10220245049178071,1,0.15627376542267907,1,0.005574015351366257,0.0,zero,rational_decay
covertype,30,400,500,0,constant_assumed,richardson_1,0,1,0.0,0.3748681323241892,0.3748681323241892,0.3045918812171891,0.3045918812171891,1.2307226667571276,1.0,0,1.2307226667571276,0,0.804887961060824,1,1.2307226667571276,0,0.005574015351366257,0.0,zero,rational_decay
covertype,30,400,500,0,last_value,richardson_1,0,1,0.6794600135413783,0.3748681323241892,0.3045918812171891,0.3045918812171891,0.3045918812171891,1.0,0.8125307406866354,1,1.0,0,0.6539962111705071,1,1.0,0,0.005574015351366257,0.0,zero,rational_decay
covertype,30,400,500,0,window_mean,richardson_1,0,1,0.8406076519340011,0.3748681323241892,0.4657395196098119,0.3045918812171891,0.3045918812171891,1.5290608461021866,1.2424089418383433,0,1.5290608461021866,0,1.0,0,1.5290608461021866,0,0.005574015351366257,0.0,zero,rational_decay
covertype,30,400,500,0,window_min,richardson_1,0,1,0.6794600135413783,0.3748681323241892,0.3045918812171891,0.3045918812171891,0.3045918812171891,1.0,0.8125307406866354,1,1.0,0,0.6539962111705071,1,1.0,0,0.005574015351366257,0.0,zero,rational_decay
covertype,30,400,500,0,cascade,richardson_1,1,0,0.47716241215674166,0.3748681323241892,0.10229427983255246,0.3045918812171891,0.3045918812171891,0.3358404676571519,0.27288070393801167,1,0.3358404676571519,1,0.21963839340550861,1,0.3358404676571519,1,0.005574015351366257,0.0,zero,rational_decay
covertype,30,500,500,0,richardson_1,richardson_1,0,0,0.4605179914198535,0.3491575180685675,0.11136047335128602,0.3303024954728108,0.3303024954728108,0.337146933122256,0.31894049988468837,1,0.337146933122256,1,0.22659567202758799,1,0.337146933122256,1,0.0056932523913278965,0.0,zero,rational_decay
covertype,30,500,500,0,rational_fit,richardson_1,0,0,0.4160204279776643,0.3491575180685675,0.06686290990909682,0.3303024954728108,0.3303024954728108,0.20242932107850425,0.19149783822202074,1,0.20242932107850425,1,0.1360522773352319,1,0.20242932107850425,1,0.0056932523913278965,0.0,zero,rational_decay
covertype,30,500,500,0,constant_assumed,richardson_1,0,1,0.0,0.3491575180685675,0.3491575180685675,0.3303024954728108,0.3303024954728108,1.0570841057944982,1.0,0,1.0570841057944982,0,0.7104637765022402,1,1.0570841057944982,0,0.0056932523913278965,0.0,zero,rational_decay
covertype,30,500,500,0,last_value,richardson_1,0,1,0.6794600135413783,0.3491575180685675,0.3303024954728108,0.3303024954728108,0.3303024954728108,1.0,0.9459985203811252,1,1.0,0,0.6720976813555056,1,1.0,0,0.0056932523913278965,0.0,zero,rational_decay
covertype,30,500,500,0,window_mean,richardson_1,0,1,0.8406076519340011,0.3491575180685675,0.4914501338654336,0.3303024954728108,0.3303024954728108,1.4878789612592795,1.407531295857484,0,1.4878789612592795,0,1.0,0,1.4878789612592795,0,0.0056932523913278965,0.0,zero,rational_decay
covertype,30,500,500,0,window_min,richardson_1,0,1,0.6794600135413783,0.3491575180685675,0.3303024954728108,0.3303024954728108,0.3303024954728108,1.0,0.9459985203811252,1,1.0,0,0.6720976813555056,1,1.0,0,0.0056932523913278965,0.0,zero,rational_decay
covertype,30,500,500,0,cascade,richardson_1,1,0,0.4605179914198535,0.3491575180685675,0.11136047335128602,0.3303024954728108,0.3303024954728108,0.337146933122256,0.31894049988468837,1,0.337146933122256,1,0.22659567202758799,1,0.337146933122256,1,0.0056932523913278965,0.0,zero,rational_decay
covertype,60,300,500,0,richardson_1,richardson_1,0,0,0.43901062314624606,0.4083646501671605,0.030645972979085556,0.1529866545800166,0.1529866545800166,0.20031794971408304,0.07504560682845808,1,0.20031794971408304,1,0.09666105571135344,1,0.20031794971408304,1,0.00027832392258464456,0.0,zero,rational_decay
covertype,60,300,500,0,rational_fit,richardson_1,0,0,0.4210046280719916,0.4083646501671605,0.012639977904831123,0.1529866545800166,0.1529866545800166,0.08262144132460938,0.030952674036935024,1,0.08262144132460938,1,0.039867998620339934,1,0.08262144132460938,1,0.00027832392258464456,0.0,zero,rational_decay
covertype,60,300,500,0,constant_assumed,richardson_1,0,1,0.0,0.4083646501671605,0.4083646501671605,0.1529866545800166,0.1529866545800166,2.6692828291998083,1.0,0,2.6692828291998083,0,1.2880308361328163,0,2.6692828291998083,0,0.00027832392258464456,0.0,zero,rational_decay
covertype,60,300,500,0,last_value,richardson_1,0,1,0.5613513047471771,0.4083646501671605,0.1529866545800166,0.1529866545800166,0.1529866545800166,1.0,0.37463246272024975,1,1.0,0,0.4825381642000594,1,1.0,0,0.00027832392258464456,0.0,zero,rational_decay
covertype,60,300,500,0,window_mean,richardson_1,0,1,0.7254103595643319,0.4083646501671605,0.31704570939717136,0.1529866545800166,0.1529866545800166,2.0723749419028374,0.7763789281647946,1,2.0723749419028374,0,1.0,0,2.0723749419028374,0,0.00027832392258464456,0.0,zero,rational_decay
covertype,60,300,500,0,window_min,richardson_1,0,1,0.5613513047471771,0.4083646501671605,0.1529866545800166,0.1529866545800166,0.1529866545800166,1.0,0.37463246272024975,1,1.0,0,0.4825381642000594,1,1.0,0,0.00027832392258464456,0.0,zero,rational_decay
covertype,60,300,500,0,cascade,richardson_1,1,0,0.43901062314624606,0.4083646501671605,0.030645972979085556,0.1529866545800166,0.1529866545800166,0.20031794971408304,0.07504560682845808,1,0.20031794971408304,1,0.09666105571135344,1,0.20031794971408304,1,0.00027832392258464456,0.0,zero,rational_decay
covertype,60,400,500,0,richardson_1,richardson_1,0,0,0.4156055464676922,0.3748681323241892,0.040737414143503015,0.1864831724229879,0.1864831724229879,0.2184508854831198,0.10867131834047965,1,0.2184508854831198,1,0.11621257291663015,1,0.2184508854831198,1,0.0002296221498207518,0.0,zero,rational_decay
covertype,60,400,500,0,rational_fit,richardson_1,0,0,0.4098787682052422,0.3748681323241892,0.03501063588105302,0.1864831724229879,0.1864831724229879,0.18774152877258343,0.09339453760442758,1,0.18774152877258343,1,0.09987565879493489,1,0.18774152877258343,1,0.0002296221498207518,0.0,zero,rational_decay
covertype,60,400,500,0,constant_assumed,richardson_1,0,1,0.0,0.3748681323241892,0.3748681323241892,0.1864831724229879,0.1864831724229879,2.0101981720575823,1.0,0,2.0101981720575823,0,1.0693950776645857,0,2.0101981720575823,0,0.0002296221498207518,0.0,zero,rational_decay
covertype,60,400,500,0,last_value,richardson_1,0,1,0.5613513047471771,0.3748681323241892,0.1864831724229879,0.1864831724229879,0.1864831724229879,1.0,0.497463391371224,1,1.0,0,0.5319849020507182,1,1.0,0,0.0002296221498207518,0.0,zero,rational_decay
covertype,60,400,500,0,window_mean,richardson_1,0,1,0.7254103595643319,0.3748681323241892,0.35054222724014267,0.1864831724229879,0.1864831724229879,1.8797525947543947,0.9351081007253791,1,1.8797525947543947,0,1.0,0,1.8797525947543947,0,0.0002296221498207518,0.0,zero,rational_decay
covertype,60,400,500,0,window_min,richardson_1,0,1,0.5613513047471771,0.3748681323241892,0.1864831724229879,0.1864831724229879,0.1864831724229879,1.0,0.497463391371224,1,1.0,0,0.5319849020507182,1,1.0,0,0.0002296221498207518,0.0,zero,rational_decay
covertype,60,400,500,0,cascade,richardson_1,1,0,0.4156055464676922,0.3748681323241892,0.040737414143503015,0.1864831724229879,0.1864831724229879,0.2184508854831198,0.10867131834047965,1,0.2184508854831198,1,0.11621257291663015,1,0.2184508854831198,1,0.0002296221498207518,0.0,zero,rational_decay
covertype,60,500,500,0,richardson_1,richardson_1,0,0,0.3983139450915588,0.3491575180685675,0.049156427022991334,0.2121937866786096,0.2121937866786096,0.23165818279799139,0.1407858186611866,1,0.23165818279799139,1,0.13064732435660478,1,0.23165818279799139,1,0.0001948963530415404,0.0,zero,rational_decay
covertype,60,500,500,0,rational_fit,richardson_1,0,0,0.40304320471058547,0.3491575180685675,0.05388568664201798,0.2121937866786096,0.2121937866786096,0.2539456384914497,0.15433059250763698,1,0.2539456384914497,1,0.14321669021235708,1,0.2539456384914497,1,0.0001948963530415404,0.0,zero,rational_decay
covertype,60,500,500,0,constant_assumed,richardson_1,0,1,0.0,0.3491575180685675,0.3491575180685675,0.2121937866786096,0.2121937866786096,1.6454653245686417,1.0,0,1.6454653245686417,0,0.9279863952137039,1,1.6454653245686417,0,0.0001948963530415404,0.0,zero,rational_decay
covertype,60,500,500,0,last_value,richardson_1,0,1,0.5613513047471771,0.3491575180685675,0.2121937866786096,0.2121937866786096,0.2121937866786096,1.0,0.6077308254807191,1,1.0,0,0.5639659379981011,1,1.0,0,0.0001948963530415404,0.0,zero,rational_decay
covertype,60,500,500,0,window_mean,richardson_1,0,1,0.7254103595643319,0.3491575180685675,0.3762528414957644,0.2121937866786096,0.2121937866786096,1.7731567327446769,1.0776020048976174,0,1.7731567327446769,0,1.0,0,1.7731567327446769,0,0.0001948963530415404,0.0,zero,rational_decay
covertype,60,500,500,0,window_min,richardson_1,0,1,0.5613513047471771,0.3491575180685675,0.2121937866786096,0.2121937866786096,0.2121937866786096,1.0,0.6077308254807191,1,1.0,0,0.5639659379981011,1,1.0,0,0.0001948963530415404,0.0,zero,rational_decay
covertype,60,500,500,0,cascade,richardson_1,1,0,0.3983139450915588,0.3491575180685675,0.049156427022991334,0.2121937866786096,0.2121937866786096,0.23165818279799139,0.1407858186611866,1,0.23165818279799139,1,0.13064732435660478,1,0.23165818279799139,1,0.0001948963530415404,0.0,zero,rational_decay
covertype,90,300,500,0,richardson_1,richardson_1,0,0,0.4148075368754407,0.4083646501671605,0.006442886708280193,0.10410136352201038,0.10410136352201038,0.061890512192167006,0.01577728803323905,1,0.061890512192167006,1,0.03941324750068747,1,0.061890512192167006,1,0.009969852296520143,0.0,zero,rational_decay
covertype,90,300,500,0,rational_fit,richardson_1,0,0,0.42845072451803784,0.4083646501671605,0.020086074350877337,0.10410136352201038,0.10410136352201038,0.1929472743806136,0.04918661383313976,1,0.1929472743806136,1,0.1228730933124939,1,0.1929472743806136,1,0.009969852296520143,0.0,zero,rational_decay
covertype,90,300,500,0,constant_assumed,richardson_1,0,1,0.0,0.4083646501671605,0.4083646501671605,0.10410136352201038,0.10410136352201038,3.9227598597286293,1.0,0,3.9227598597286293,0,2.4981002703159745,0,3.9227598597286293,0,0.009969852296520143,0.0,zero,rational_decay
covertype,90,300,500,0,last_value,richardson_1,0,1,0.5124660136891709,0.4083646501671605,0.10410136352201038,0.10410136352201038,0.10410136352201038,1.0,0.25492256364354116,1,1.0,0,0.6368221251475713,1,1.0,0,0.009969852296520143,0.0,zero,rational_decay
covertype,90,300,500,0,window_mean,richardson_1,0,1,0.5718347298191306,0.4083646501671605,0.16347007965197013,0.10410136352201038,0.10410136352201038,1.5702971999728639,0.40030418789935684,1,1.5702971999728639,0,1.0,0,1.5702971999728639,0,0.009969852296520143,0.0,zero,rational_decay
covertype,90,300,500,0,window_min,richardson_1,0,1,0.5124660136891709,0.4083646501671605,0.10410136352201038,0.10410136352201038,0.10410136352201038,1.0,0.25492256364354116,1,1.0,0,0.6368221251475713,1,1.0,0,0.009969852296520143,0.0,zero,rational_decay
covertype,90,300,500,0,cascade,richardson_1,1,0,0.4148075368754407,0.4083646501671605,0.006442886708280193,0.10410136352201038,0.10410136352201038,0.061890512192167006,0.01577728803323905,1,0.061890512192167006,1,0.03941324750068747,1,0.061890512192167006,1,0.009969852296520143,0.0,zero,rational_decay
covertype,90,400,500,0,richardson_1,richardson_1,0,0,0.4001330462408061,0.3748681323241892,0.025264913916616893,0.1375978813649817,0.1375978813649817,0.1836141201157095,0.06739680367059736,1,0.1836141201157095,1,0.1282700429308363,1,0.1836141201157095,1,0.012554569414863326,0.0,zero,rational_decay
covertype,90,400,500,0,rational_fit,richardson_1,0,0,0.4184923051300859,0.3748681323241892,0.0436241728058967,0.1375978813649817,0.1375978813649817,0.3170410210763531,0.11637204938020748,1,0.3170410210763531,1,0.2214800547946566,1,0.3170410210763531,1,0.012554569414863326,0.0,zero,rational_decay
covertype,90,400,500,0,constant_assumed,richardson_1,0,1,0.0,0.3748681323241892,0.3748681323241892,0.1375978813649817,0.1375978813649817,2.7243743043531494,1.0,0,2.7243743043531494,0,1.9032066202687827,0,2.7243743043531494,0,0.012554569414863326,0.0,zero,rational_decay
covertype,90,400,500,0,last_value,richardson_1,0,1,0.5124660136891709,0.3748681323241892,0.1375978813649817,0.1375978813649817,0.1375978813649817,1.0,0.36705675809750044,1,1.0,0,0.69858485202556,1,1.0,0,0.012554569414863326,0.0,zero,rational_decay
covertype,90,400,500,0,window_mean,richardson_1,0,1,0.5718347298191306,0.3748681323241892,0.19696659749494144,0.1375978813649817,0.1375978813649817,1.4314653361012355,0.5254290255982683,1,1.4314653361012355,0,1.0,0,1.4314653361012355,0,0.012554569414863326,0.0,zero,rational_decay
covertype,90,400,500,0,window_min,richardson_1,0,1,0.5124660136891709,0.3748681323241892,0.1375978813649817,0.1375978813649817,0.1375978813649817,1.0,0.36705675809750044,1,1.0,0,0.69858485202556,1,1.0,0,0.012554569414863326,0.0,zero,rational_decay
covertype,90,400,500,0,cascade,richardson_1,1,0,0.4001330462408061,0.3748681323241892,0.025264913916616893,0.1375978813649817,0.1375978813649817,0.1836141201157095,0.06739680367059736,1,0.1836141201157095,1,0.1282700429308363,1,0.1836141201157095,1,0.012554569414863326,0.0,zero,rational_decay
covertype,90,500,500,0,richardson_1,richardson_1,0,0,0.3903298187101933,0.3491575180685675,0.0411723006416258,0.1633084956206034,0.1633084956206034,0.2521136483755068,0.11791898644880502,1,0.2521136483755068,1,0.18489678543193666,1,0.2521136483755068,1,0.014564812730169352,0.0,zero,rational_decay
covertype,90,500,500,0,rational_fit,richardson_1,0,0,0.41241047139379616,0.3491575180685675,0.06325295332522868,0.1633084956206034,0.1633084956206034,0.3873218786619484,0.18115878952034214,1,0.3873218786619484,1,0.2840566972613385,1,0.3873218786619484,1,0.014564812730169352,0.0,zero,rational_decay
covertype,90,500,500,0,constant_assumed,richardson_1,0,1,0.0,0.3491575180685675,0.3491575180685675,0.1633084956206034,0.1633084956206034,2.138024214488673,1.0,0,2.138024214488673,0,1.5679984284143276,0,2.138024214488673,0,0.014564812730169352,0.0,zero,rational_decay
covertype,90,500,500,0,last_value,richardson_1,0,1,0.5124660136891709,0.3491575180685675,0.1633084956206034,0.1633084956206034,0.1633084956206034,1.0,0.4677215502160057,1,1.0,0,0.7333866556742099,1,1.0,0,0.014564812730169352,0.0,zero,rational_decay
covertype,90,500,500,0,window_mean,richardson_1,0,1,0.5718347298191306,0.3491575180685675,0.22267721175056315,0.1633084956206034,0.1633084956206034,1.3635372177322884,0.6377557412549651,1,1.3635372177322884,0,1.0,0,1.3635372177322884,0,0.014564812730169352,0.0,zero,rational_decay
covertype,90,500,500,0,window_min,richardson_1,0,1,0.5124660136891709,0.3491575180685675,0.1633084956206034,0.1633084956206034,0.1633084956206034,1.0,0.4677215502160057,1,1.0,0,0.7333866556742099,1,1.0,0,0.014564812730169352,0.0,zero,rational_decay
covertype,90,500,500,0,cascade,richardson_1,1,0,0.3903298187101933,0.3491575180685675,0.0411723006416258,0.1633084956206034,0.1633084956206034,0.2521136483755068,0.11791898644880502,1,0.2521136483755068,1,0.18489678543193666,1,0.2521136483755068,1,0.014564812730169352,0.0,zero,rational_decay
covertype,120,300,500,0,richardson_1,richardson_1,0,0,0.4257714785139964,0.4083646501671605,0.01740682834683588,0.07640988966499762,0.07640988966499762,0.22780857848574698,0.04262569823247567,1,0.22780857848574698,1,0.16286595224381395,1,0.22780857848574698,1,0.02065579385589489,0.0,zero,rational_decay
covertype,120,300,500,0,rational_fit,richardson_1,0,0,0.429546081684236,0.4083646501671605,0.021181431517075522,0.07640988966499762,0.07640988966499762,0.27720798459389034,0.05186891546172052,1,0.27720798459389034,1,0.1981828018969758,1,0.27720798459389034,1,0.02065579385589489,0.0,zero,rational_decay
covertype,120,300,500,0,constant_assumed,richardson_1,0,1,0.0,0.4083646501671605,0.4083646501671605,0.07640988966499762,0.07640988966499762,5.344395234145026,1.0,0,5.344395234145026,0,3.8208395169402674,0,5.344395234145026,0,0.02065579385589489,0.0,zero,rational_decay
covertype,120,300,500,0,last_value,richardson_1,0,1,0.4847745398321581,0.4083646501671605,0.07640988966499762,0.07640988966499762,0.07640988966499762,1.0,0.18711190998956423,1,1.0,0,0.7149245797782974,1,1.0,0,0.02065579385589489,0.0,zero,rational_decay
covertype,120,300,500,0,window_mean,richardson_1,0,1,0.5152429025398693,0.4083646501671605,0.10687825237270876,0.07640988966499762,0.07640988966499762,1.3987489425949047,0.2617225862448159,1,1.3987489425949047,0,1.0,0,1.3987489425949047,0,0.02065579385589489,0.0,zero,rational_decay
covertype,120,300,500,0,window_min,richardson_1,0,1,0.4847745398321581,0.4083646501671605,0.07640988966499762,0.07640988966499762,0.07640988966499762,1.0,0.18711190998956423,1,1.0,0,0.7149245797782974,1,1.0,0,0.02065579385589489,0.0,zero,rational_decay
covertype,120,300,500,0,cascade,richardson_1,1,0,0.4257714785139964,0.4083646501671605,0.01740682834683588,0.07640988966499762,0.07640988966499762,0.22780857848574698,0.04262569823247567,1,0.22780857848574698,1,0.16286595224381395,1,0.22780857848574698,1,0.02065579385589489,0.0,zero,rational_decay
covertype,120,400,500,0,richardson_1,richardson_1,0,0,0.41369625927283143,0.3748681323241892,0.03882812694864224,0.10990640750796893,0.10990640750796893,0.35328356034043734,0.10357809480338366,1,0.35328356034043734,1,0.27660331617273115,1,0.35328356034043734,1,0.030195836925194564,0.0,zero,rational_decay
covertype,120,400,500,0,rational_fit,richardson_1,0,0,0.4195166819790597,0.3748681323241892,0.04464854965487053,0.10990640750796893,0.10990640750796893,0.40624155285608093,0.11910468189986893,1,0.40624155285608093,1,0.31806676930811617,1,0.40624155285608093,1,0.030195836925194564,0.0,zero,rational_decay
covertype,120,400,500,0,constant_assumed,richardson_1,0,1,0.0,0.3748681323241892,0.3748681323241892,0.10990640750796893,0.10990640750796893,3.4107941549905436,1.0,0,3.4107941549905436,0,2.6704808260645394,0,3.4107941549905436,0,0.030195836925194564,0.0,zero,rational_decay
covertype,120,400,500,0,last_value,richardson_1,0,1,0.4847745398321581,0.3748681323241892,0.10990640750796893,0.10990640750796893,0.10990640750796893,1.0,0.2931868516711389,1,1.0,0,0.7829498658420045,1,1.0,0,0.030195836925194564,0.0,zero,rational_decay
covertype,120,400,500,0,window_mean,richardson_1,0,1,0.5152429025398693,0.3748681323241892,0.14037477021568007,0.10990640750796893,0.10990640750796893,1.2772209864607027,0.37446439990871977,1,1.2772209864607027,0,1.0,0,1.2772209864607027,0,0.030195836925194564,0.0,zero,rational_decay
covertype,120,400,500,0,window_min,richardson_1,0,1,0.4847745398321581,0.3748681323241892,0.10990640750796893,0.10990640750796893,0.10990640750796893,1.0,0.2931868516711389,1,1.0,0,0.7829498658420045,1,1.0,0,0.030195836925194564,0.0,zero,rational_decay
covertype,120,400,500,0,cascade,richardson_1,1,0,0.41369625927283143,0.3748681323241892,0.03882812694864224,0.10990640750796893,0.10990640750796893,0.35328356034043734,0.10357809480338366,1,0.35328356034043734,1,0.27660331617273115,1,0.35328356034043734,1,0.030195836925194564,0.0,zero,rational_decay
covertype,120,500,500,0,richardson_1,richardson_1,0,0,0.4058416463824222,0.3491575180685675,0.05668412831385472,0.13561702176359064,0.13561702176359064,0.41797207737438175,0.16234543259275633,1,0.41797207737438175,1,0.3412951024817556,1,0.41797207737438175,1,0.0382569472656919,0.0,zero,rational_decay
covertype,120,500,500,0,rational_fit,richardson_1,0,0,0.4133767686191694,0.3491575180685675,0.0642192505506019,0.13561702176359064,0.13561702176359064,0.47353385080635185,0.18392630038683727,1,0.47353385080635185,1,0.38666406893677313,1,0.47353385080635185,1,0.0382569472656919,0.0,zero,rational_decay
covertype,120,500,500,0,constant_assumed,richardson_1,0,1,0.0,0.3491575180685675,0.3491575180685675,0.13561702176359064,0.13561702176359064,2.574584764715033,1.0,0,2.574584764715033,0,2.1022772062697612,0,2.574584764715033,0,0.0382569472656919,0.0,zero,rational_decay
covertype,120,500,500,0,last_value,richardson_1,0,1,0.4847745398321581,0.3491575180685675,0.13561702176359064,0.13561702176359064,0.13561702176359064,1.0,0.388412148516184,1,1.0,0,0.8165500064638389,1,1.0,0,0.0382569472656919,0.0,zero,rational_decay
covertype,120,500,500,0,window_mean,richardson_1,0,1,0.5152429025398693,0.3491575180685675,0.16608538447130178,0.13561702176359064,0.13561702176359064,1.2246647383307383,0.4756746622270524,1,1.2246647383307383,0,1.0,0,1.2246647383307383,0,0.0382569472656919,0.0,zero,rational_decay
covertype,120,500,500,0,window_min,richardson_1,0,1,0.4847745398321581,0.3491575180685675,0.13561702176359064,0.13561702176359064,0.13561702176359064,1.0,0.388412148516184,1,1.0,0,0.8165500064638389,1,1.0,0,0.0382569472656919,0.0,zero,rational_decay
covertype,120,500,500,0,cascade,richardson_1,1,0,0.4058416463824222,0.3491575180685675,0.05668412831385472,0.13561702176359064,0.13561702176359064,0.41797207737438175,0.16234543259275633,1,0.41797207737438175,1,0.3412951024817556,1,0.41797207737438175,1,0.0382569472656919,0.0,zero,rational_decay
covertype,150,300,500,0,richardson_1,richardson_1,0,0,0.42161651707219017,0.4083646501671605,0.013251866905029663,0.05778662788822081,0.05778662788822081,0.22932410817712578,0.03245106279303345,1,0.22932410817712578,1,0.17101722920074622,1,0.22932410817712578,1,0.009367881208151185,0.0,zero,rational_decay
covertype,150,300,500,0,rational_fit,richardson_1,0,0,0.42397716132645813,0.4083646501671605,0.015612511159297626,0.05778662788822081,0.05778662788822081,0.27017515521925917,0.03823178904664442,1,0.27017515521925917,1,0.20148167940891598,1,0.27017515521925917,1,0.009367881208151185,0.0,zero,rational_decay
covertype,150,300,500,0,constant_assumed,richardson_1,0,1,0.0,0.4083646501671605,0.4083646501671605,0.05778662788822081,0.05778662788822081,7.066767262437913,1.0,0,7.066767262437913,0,5.270003953074227,0,7.066767262437913,0,0.009367881208151185,0.0,zero,rational_decay
covertype,150,300,500,0,last_value,richardson_1,0,1,0.4661512780553813,0.4083646501671605,0.05778662788822081,0.05778662788822081,0.05778662788822081,1.0,0.14150741956867804,1,1.0,0,0.7457446605162664,1,1.0,0,0.009367881208151185,0.0,zero,rational_decay
covertype,150,300,500,0,window_mean,richardson_1,0,1,0.48585314046116557,0.4083646501671605,0.07748849029400506,0.05778662788822081,0.05778662788822081,1.340941548690026,0.18975317834755243,1,1.340941548690026,0,1.0,0,1.340941548690026,0,0.009367881208151185,0.0,zero,rational_decay
covertype,150,300,500,0,window_min,richardson_1,0,1,0.4661512780553813,0.4083646501671605,0.05778662788822081,0.05778662788822081,0.05778662788822081,1.0,0.14150741956867804,1,1.0,0,0.7457446605162664,1,1.0,0,0.009367881208151185,0.0,zero,rational_decay
covertype,150,300,500,0,cascade,richardson_1,1,0,0.42161651707219017,0.4083646501671605,0.013251866905029663,0.05778662788822081,0.05778662788822081,0.22932410817712578,0.03245106279303345,1,0.22932410817712578,1,0.17101722920074622,1,0.22932410817712578,1,0.009367881208151185,0.0,zero,rational_decay
covertype,150,400,500,0,richardson_1,richardson_1,0,0,0.407637496806104,0.3748681323241892,0.03276936448191481,0.09128314573119212,0.09128314573119212,0.35898592472276375,0.0874157114362967,1,0.35898592472276375,1,0.29525937810871944,1,0.35898592472276375,1,0.0110888651845924,0.0,zero,rational_decay
covertype,150,400,500,0,rational_fit,richardson_1,0,0,0.4120832184165119,0.3748681323241892,0.03721508609232271,0.09128314573119212,0.09128314573119212,0.4076884707929828,0.09927513939792243,1,0.4076884707929828,1,0.3353163343142012,1,0.4076884707929828,1,0.0110888651845924,0.0,zero,rational_decay
covertype,150,400,500,0,constant_assumed,richardson_1,0,1,0.0,0.3748681323241892,0.3748681323241892,0.09128314573119212,0.09128314573119212,4.10665221187808,1.0,0,4.10665221187808,0,3.37764657242293,0,4.10665221187808,0,0.0110888651845924,0.0,zero,rational_decay
covertype,150,400,500,0,last_value,richardson_1,0,1,0.4661512780553813,0.3748681323241892,0.09128314573119212,0.09128314573119212,0.09128314573119212,1.0,0.2435073506121605,1,1.0,0,0.8224817681549526,1,1.0,0,0.0110888651845924,0.0,zero,rational_decay
covertype,150,400,500,0,window_mean,richardson_1,0,1,0.48585314046116557,0.3748681323241892,0.11098500813697637,0.09128314573119212,0.09128314573119212,1.215832421724397,0.29606413180247493,1,1.215832421724397,0,1.0,0,1.215832421724397,0,0.0110888651845924,0.0,zero,rational_decay
covertype,150,400,500,0,window_min,richardson_1,0,1,0.4661512780553813,0.3748681323241892,0.09128314573119212,0.09128314573119212,0.09128314573119212,1.0,0.2435073506121605,1,1.0,0,0.8224817681549526,1,1.0,0,0.0110888651845924,0.0,zero,rational_decay
covertype,150,400,500,0,cascade,richardson_1,1,0,0.407637496806104,0.3748681323241892,0.03276936448191481,0.09128314573119212,0.09128314573119212,0.35898592472276375,0.0874157114362967,1,0.35898592472276375,1,0.29525937810871944,1,0.35898592472276375,1,0.0110888651845924,0.0,zero,rational_decay
covertype,150,500,500,0,richardson_1,richardson_1,0,0,0.3982524995894188,0.3491575180685675,0.04909498152085129,0.11699375998681383,0.11699375998681383,0.4196376073936311,0.14060983647847453,1,0.4196376073936311,1,0.3591554774142477,1,0.4196376073936311,1,0.013169661794823706,0.0,zero,rational_decay
covertype,150,500,500,0,rational_fit,richardson_1,0,0,0.4046582634216719,0.3491575180685675,0.0555007453531044,0.11699375998681383,0.11699375998681383,0.474390645786235,0.15895618017941454,1,0.474390645786235,1,0.40601699148567394,1,0.474390645786235,1,0.013169661794823706,0.0,zero,rational_decay
covertype,150,500,500,0,constant_assumed,richardson_1,0,1,0.0,0.3491575180685675,0.3491575180685675,0.11699375998681383,0.11699375998681383,2.9844114601318945,1.0,0,2.9844114601318945,0,2.55426993167174,0,2.9844114601318945,0,0.013169661794823706,0.0,zero,rational_decay
covertype,150,500,500,0,last_value,richardson_1,0,1,0.4661512780553813,0.3491575180685675,0.11699375998681383,0.11699375998681383,0.11699375998681383,1.0,0.3350744404244465,1,1.0,0,0.8558705680478976,1,1.0,0,0.013169661794823706,0.0,zero,rational_decay
covertype,150,500,500,0,window_mean,richardson_1,0,1,0.48585314046116557,0.3491575180685675,0.13669562239259808,0.11699375998681383,0.11699375998681383,1.1684009677781517,0.391501300469646,1,1.1684009677781517,0,1.0,0,1.1684009677781517,0,0.013169661794823706,0.0,zero,rational_decay
covertype,150,500,500,0,window_min,richardson_1,0,1,0.4661512780553813,0.3491575180685675,0.11699375998681383,0.11699375998681383,0.11699375998681383,1.0,0.3350744404244465,1,1.0,0,0.8558705680478976,1,1.0,0,0.013169661794823706,0.0,zero,rational_decay
covertype,150,500,500,0,cascade,richardson_1,1,0,0.3982524995894188,0.3491575180685675,0.04909498152085129,0.11699375998681383,0.11699375998681383,0.4196376073936311,0.14060983647847453,1,0.4196376073936311,1,0.3591554774142477,1,0.4196376073936311,1,0.013169661794823706,0.0,zero,rational_decay
higgs,30,300,500,0,richardson_1,rational_fit,0,0,0.5315562981832617,0.5329168250571038,0.0013605268738421383,0.055298862993966025,0.055298862993966025,0.024603161804440592,0.0025529816471760924,1,0.024603161804440592,1,0.014864543709535166,1,0.024603161804440592,1,0.04827518273795528,0.0,zero,multiphase
higgs,30,300,500,0,rational_fit,rational_fit,0,0,0.5233581284985717,0.5329168250571038,0.009558696558532143,0.055298862993966025,0.055298862993966025,0.1728552096916558,0.017936563660769945,1,0.1728552096916558,1,0.104434293458117,1,0.1728552096916558,1,0.04827518273795528,0.0,zero,multiphase
higgs,30,300,500,0,constant_assumed,rational_fit,0,1,0.0,0.5329168250571038,0.5329168250571038,0.055298862993966025,0.055298862993966025,9.63703042348725,1.0,0,9.63703042348725,0,5.822424820788334,0,9.63703042348725,0,0.04827518273795528,0.0,zero,multiphase
higgs,30,300,500,0,last_value,rational_fit,0,1,0.5882156880510698,0.5329168250571038,0.055298862993966025,0.055298862993966025,0.055298862993966025,1.0,0.10376640480067517,1,1.0,0,0.6041720908754208,1,1.0,0,0.04827518273795528,0.0,zero,multiphase
higgs,30,300,500,0,window_mean,rational_fit,0,1,0.624445155857423,0.5329168250571038,0.09152833080031919,0.055298862993966025,0.055298862993966025,1.6551575537874326,0.17174974873520202,1,1.6551575537874326,0,1.0,0,1.6551575537874326,0,0.04827518273795528,0.0,zero,multiphase
higgs,30,300,500,0,window_min,rational_fit,0,1,0.5882156880510698,0.5329168250571038,0.055298862993966025,0.055298862993966025,0.055298862993966025,1.0,0.10376640480067517,1,1.0,0,0.6041720908754208,1,1.0,0,0.04827518273795528,0.0,zero,multiphase
higgs,30,300,500,0,cascade,rational_fit,1,0,0.5233581284985717,0.5329168250571038,0.009558696558532143,0.055298862993966025,0.055298862993966025,0.1728552096916558,0.017936563660769945,1,0.1728552096916558,1,0.104434293458117,1,0.1728552096916558,1,0.04827518273795528,0.0,zero,multiphase
higgs,30,400,500,0,richardson_1,rational_fit,0,0,0.5239952395723576,0.530932187092263,0.006936947519905368,0.057283500958806854,0.057283500958806854,0.1210985258197434,0.013065599879895577,1,0.1210985258197434,1,0.07418166283786998,1,0.1210985258197434,1,0.051566821819058695,0.0,zero,multiphase
higgs,30,400,500,0,rational_fit,rational_fit,0,0,0.5203326123040797,0.530932187092263,0.010599574788183297,0.057283500958806854,0.057283500958806854,0.18503713304474106,0.019964084012750485,1,0.18503713304474106,1,0.11334871438850484,1,0.18503713304474106,1,0.051566821819058695,0.0,zero,multiphase
higgs,30,400,500,0,constant_assumed,rational_fit,0,1,0.0,0.530932187092263,0.530932187092263,0.057283500958806854,0.057283500958806854,9.268501020460702,1.0,0,9.268501020460702,0,5.677631606644827,0,9.268501020460702,0,0.051566821819058695,0.0,zero,multiphase
higgs,30,400,500,0,last_value,rational_fit,0,1,0.5882156880510698,0.530932187092263,0.057283500958806854,0.057283500958806854,0.057283500958806854,1.0,0.10789231158225558,1,1.0,0,0.6125727983533861,1,1.0,0,0.051566821819058695,0.0,zero,multiphase
higgs,30,400,500,0,window_mean,rational_fit,0,1,0.624445155857423,0.530932187092263,0.09351296876516002,0.057283500958806854,0.057283500958806854,1.6324590361962363,0.17612977897855298,1,1.6324590361962363,0,1.0,0,1.6324590361962363,0,0.051566821819058695,0.0,zero,multiphase
higgs,30,400,500,0,window_min,rational_fit,0,1,0.5882156880510698,0.530932187092263,0.057283500958806854,0.057283500958806854,0.057283500958806854,1.0,0.10789231158225558,1,1.0,0,0.6125727983533861,1,1.0,0,0.051566821819058695,0.0,zero,multiphase
higgs,30,400,500,0,cascade,rational_fit,1,0,0.5203326123040797,0.530932187092263,0.010599574788183297,0.057283500958806854,0.057283500958806854,0.18503713304474106,0.019964084012750485,1,0.18503713304474106,1,0.11334871438850484,1,0.18503713304474106,1,0.051566821819058695,0.0,zero,multiphase
higgs,30,500,500,0,richardson_1,rational_fit,0,0,0.5182048679645757,0.5300865883045046,0.011881720339928958,0.058129099746565216,0.058129099746565216,0.20440227685843415,0.022414678284792947,1,0.20440227685843415,1,0.12592094865434902,1,0.20440227685843415,1,0.053666793426083825,0.0,zero,multiphase
higgs,30,500,500,0,rational_fit,rational_fit,0,0,0.5184645175222964,0.5300865883045046,0.011622070782208227,0.058129099746565216,0.058129099746565216,0.1999355027495495,0.02192485348361994,1,0.1999355027495495,1,0.12316921593463478,1,0.1999355027495495,1,0.053666793426083825,0.0,zero,multiphase
higgs,30,500,500,0,constant_assumed,rational_fit,0,1,0.0,0.5300865883045046,0.5300865883045046,0.058129099746565216,0.058129099746565216,9.119126059333594,1.0,0,9.119126059333594,0,5.617789693630313,0,9.119126059333594,0,0.053666793426083825,0.0,zero,multiphase
higgs,30,500,500,0,last_value,rational_fit,0,1,0.5882156880510698,0.5300865883045046,0.058129099746565216,0.058129099746565216,0.058129099746565216,1.0,0.10965963114156993,1,1.0,0,0.6160447456344134,1,1.0,0,0.053666793426083825,0.0,zero,multiphase
higgs,30,500,500,0,window_mean,rational_fit,0,1,0.624445155857423,0.5300865883045046,0.09435856755291838,0.058129099746565216,0.058129099746565216,1.6232587114596408,0.17800595154600432,1,1.6232587114596408,0,1.0,0,1.6232587114596408,0,0.053666793426083825,0.0,zero,multiphase
higgs,30,500,500,0,window_min,rational_fit,0,1,0.5882156880510698,0.5300865883045046,0.058129099746565216,0.058129099746565216,0.058129099746565216,1.0,0.10965963114156993,1,1.0,0,0.6160447456344134,1,1.0,0,0.053666793426083825,0.0,zero,multiphase
higgs,30,500,500,0,cascade,rational_fit,1,0,0.5184645175222964,0.5300865883045046,0.011622070782208227,0.058129099746565216,0.058129099746565216,0.1999355027495495,0.02192485348361994,1,0.1999355027495495,1,0.12316921593463478,1,0.1999355027495495,1,0.053666793426083825,0.0,zero,multiphase
higgs,60,300,500,0,richardson_1,rational_fit,0,0,0.5148210913448943,0.5329168250571038,0.018095733712209516,0.02828323253782339,0.02828323253782339,0.639804297051617,0.033956018765724835,1,0.639804297051617,1,0.2771585066142862,1,0.639804297051617,1,0.004811991509536373,0.0,zero,multiphase
higgs,60,300,500,0,rational_fit,rational_fit,0,0,0.5238249015835428,0.5329168250571038,0.009091923473561025,0.02828323253782339,0.02828323253782339,0.32145984237842423,0.017060680102540946,1,0.32145984237842423,1,0.13925403480508353,1,0.32145984237842423,1,0.004811991509536373,0.0,zero,multiphase
higgs,60,300,500,0,constant_assumed,rational_fit,0,1,0.0,0.5329168250571038,0.5329168250571038,0.02828323253782339,0.02828323253782339,18.842146998028955,1.0,0,18.842146998028955,0,8.16227922732949,0,18.842146998028955,0,0.004811991509536373,0.0,zero,multiphase
higgs,60,300,500,0,last_value,rational_fit,0,1,0.5612000575949272,0.5329168250571038,0.02828323253782339,0.02828323253782339,0.02828323253782339,1.0,0.0530725081438229,1,1.0,0,0.4331926307646009,1,1.0,0,0.004811991509536373,0.0,zero,multiphase
higgs,60,300,500,0,window_mean,rational_fit,0,1,0.5982070228333274,0.5329168250571038,0.06529019777622358,0.02828323253782339,0.02828323253782339,2.3084418546893635,0.1225147991325429,1,2.3084418546893635,0,1.0,0,2.3084418546893635,0,0.004811991509536373,0.0,zero,multiphase
higgs,60,300,500,0,window_min,rational_fit,0,1,0.5612000575949272,0.5329168250571038,0.02828323253782339,0.02828323253782339,0.02828323253782339,1.0,0.0530725081438229,1,1.0,0,0.4331926307646009,1,1.0,0,0.004811991509536373,0.0,zero,multiphase
higgs,60,300,500,0,cascade,rational_fit,1,0,0.5238249015835428,0.5329168250571038,0.009091923473561025,0.02828323253782339,0.02828323253782339,0.32145984237842423,0.017060680102540946,1,0.32145984237842423,1,0.13925403480508353,1,0.32145984237842423,1,0.004811991509536373,0.0,zero,multiphase
higgs,60,400,500,0,richardson_1,rational_fit,0,0,0.506286510174659,0.530932187092263,0.024645676917603998,0.030267870502664218,0.030267870502664218,0.8142520933355604,0.0464196323311647,1,0.8142520933355604,1,0.36634317492001445,1,0.8142520933355604,1,0.005281945130810373,0.0,zero,multiphase
higgs,60,400,500,0,rational_fit,rational_fit,0,0,0.5208382610238662,0.530932187092263,0.010093926068396764,0.030267870502664218,0.030267870502664218,0.33348649577142475,0.019011704910334788,1,0.33348649577142475,1,0.15004014438990973,1,0.33348649577142475,1,0.005281945130810373,0.0,zero,multiphase
higgs,60,400,500,0,constant_assumed,rational_fit,0,1,0.0,0.530932187092263,0.530932187092263,0.030267870502664218,0.030267870502664218,17.541114663006425,1.0,0,17.541114663006425,0,7.891987862085305,0,17.541114663006425,0,0.005281945130810373,0.0,zero,multiphase
higgs,60,400,500,0,last_value,rational_fit,0,1,0.5612000575949272,0.530932187092263,0.030267870502664218,0.030267870502664218,0.030267870502664218,1.0,0.05700891985553026,1,1.0,0,0.44991370353043875,1,1.0,0,0.005281945130810373,0.0,zero,multiphase
higgs,60,400,500,0,window_mean,rational_fit,0,1,0.5982070228333274,0.530932187092263,0.06727483574106441,0.030267870502664218,0.030267870502664218,2.222648459366931,0.1267107878870672,1,2.222648459366931,0,1.0,0,2.222648459366931,0,0.005281945130810373,0.0,zero,multiphase
higgs,60,400,500,0,window_min,rational_fit,0,1,0.5612000575949272,0.530932187092263,0.030267870502664218,0.030267870502664218,0.030267870502664218,1.0,0.05700891985553026,1,1.0,0,0.44991370353043875,1,1.0,0,0.005281945130810373,0.0,zero,multiphase
higgs,60,400,500,0,cascade,rational_fit,1,0,0.5208382610238662,0.530932187092263,0.010093926068396764,0.030267870502664218,0.030267870502664218,0.33348649577142475,0.019011704910334788,1,0.33348649577142475,1,0.15004014438990973,1,0.33348649577142475,1,0.005281945130810373,0.0,zero,multiphase
higgs,60,500,500,0,richardson_1,rational_fit,0,0,0.49976412989600777,0.5300865883045046,0.030322458408496844,0.03111346929042258,0.03111346929042258,0.9745765772841917,0.05720284021047202,1,0.9745765772841917,1,0.4451301377953918,1,0.9745765772841917,1,0.005555554710241939,0.0,zero,multiphase
higgs,60,500,500,0,rational_fit,rational_fit,0,0,0.5189947840600334,0.5300865883045046,0.011091804244471204,0.03111346929042258,0.03111346929042258,0.35649525743776533,0.02092451401184969,1,0.35649525743776533,1,0.16282638713612574,1,0.35649525743776533,1,0.005555554710241939,0.0,zero,multiphase
higgs,60,500,500,0,constant_assumed,rational_fit,0,1,0.0,0.5300865883045046,0.5300865883045046,0.03111346929042258,0.03111346929042258,17.037206084493995,1.0,0,17.037206084493995,0,7.781609027761223,0,17.037206084493995,0,0.005555554710241939,0.0,zero,multiphase
higgs,60,500,500,0,last_value,rational_fit,0,1,0.5612000575949272,0.5300865883045046,0.03111346929042258,0.03111346929042258,0.03111346929042258,1.0,0.058695069780844294,1,1.0,0,0.45674208489169293,1,1.0,0,0.005555554710241939,0.0,zero,multiphase
higgs,60,500,500,0,window_mean,rational_fit,0,1,0.5982070228333274,0.5300865883045046,0.06812043452882277,0.03111346929042258,0.03111346929042258,2.189419440595516,0.1285081268452909,1,2.189419440595516,0,1.0,0,2.189419440595516,0,0.005555554710241939,0.0,zero,multiphase
higgs,60,500,500,0,window_min,rational_fit,0,1,0.5612000575949272,0.5300865883045046,0.03111346929042258,0.03111346929042258,0.03111346929042258,1.0,0.058695069780844294,1,1.0,0,0.45674208489169293,1,1.0,0,0.005555554710241939,0.0,zero,multiphase
higgs,60,500,500,0,cascade,rational_fit,1,0,0.5189947840600334,0.5300865883045046,0.011091804244471204,0.03111346929042258,0.03111346929042258,0.35649525743776533,0.02092451401184969,1,0.35649525743776533,1,0.16282638713612574,1,0.35649525743776533,1,0.005555554710241939,0.0,zero,multiphase
higgs,90,300,500,0,richardson_1,rational_fit,0,0,0.5257946379195727,0.5329168250571038,0.0071221871375311,0.01642470122336359,0.01642470122336359,0.43362658721609043,0.013364537959123235,1,0.43362658721609043,1,0.236246972468299,1,0.43362658721609043,1,0.00044443652190828686,0.0,zero,multiphase
higgs,90,300,500,0,rational_fit,rational_fit,0,0,0.5293123952325698,0.5329168250571038,0.0036044298245340167,0.01642470122336359,0.01642470122336359,0.2194517742220379,0.006763587965434925,1,0.2194517742220379,1,0.11956097432954954,1,0.2194517742220379,1,0.00044443652190828686,0.0,zero,multiphase
higgs,90,300,500,0,constant_assumed,rational_fit,0,1,0.0,0.5329168250571038,0.5329168250571038,0.01642470122336359,0.01642470122336359,32.446059006482706,1.0,0,32.446059006482706,0,17.67715226601053,0,32.446059006482706,0,0.00044443652190828686,0.0,zero,multiphase
higgs,90,300,500,0,last_value,rational_fit,0,1,0.5493415262804674,0.5329168250571038,0.01642470122336359,0.01642470122336359,0.01642470122336359,1.0,0.03082038406575666,1,1.0,0,0.5448166220273052,1,1.0,0,0.00044443652190828686,0.0,zero,multiphase
higgs,90,300,500,0,window_mean,rational_fit,0,1,0.5630640352546304,0.5329168250571038,0.03014721019752664,0.01642470122336359,0.01642470122336359,1.8354799754069948,0.056570197787049165,1,1.8354799754069948,0,1.0,0,1.8354799754069948,0,0.00044443652190828686,0.0,zero,multiphase
higgs,90,300,500,0,window_min,rational_fit,0,1,0.5493415262804674,0.5329168250571038,0.01642470122336359,0.01642470122336359,0.01642470122336359,1.0,0.03082038406575666,1,1.0,0,0.5448166220273052,1,1.0,0,0.00044443652190828686,0.0,zero,multiphase
higgs,90,300,500,0,cascade,rational_fit,1,0,0.5293123952325698,0.5329168250571038,0.0036044298245340167,0.01642470122336359,0.01642470122336359,0.2194517742220379,0.006763587965434925,1,0.2194517742220379,1,0.11956097432954954,1,0.2194517742220379,1,0.00044443652190828686,0.0,zero,multiphase
higgs,90,400,500,0,richardson_1,rational_fit,0,0,0.522167669859224,0.530932187092263,0.008764517233038949,0.01840933918820442,0.01840933918820442,0.47609081148630883,0.01650779034708606,1,0.47609081148630883,1,0.2727672927106593,1,0.47609081148630883,1,0.0006935718743388275,0.0,zero,multiphase
higgs,90,400,500,0,rational_fit,rational_fit,0,0,0.5269230940335269,0.530932187092263,0.004009093058736091,0.01840933918820442,0.01840933918820442,0.2177749574685914,0.007551045418234191,1,0.2177749574685914,1,0.12477007355684894,1,0.2177749574685914,1,0.0006935718743388275,0.0,zero,multiphase
higgs,90,400,500,0,constant_assumed,rational_fit,0,1,0.0,0.530932187092263,0.530932187092263,0.01840933918820442,0.01840933918820442,28.84037181695538,1.0,0,28.84037181695538,0,16.523549607522604,0,28.84037181695538,0,0.0006935718743388275,0.0,zero,multiphase
higgs,90,400,500,0,last_value,rational_fit,0,1,0.5493415262804674,0.530932187092263,0.01840933918820442,0.01840933918820442,0.01840933918820442,1.0,0.034673616773972925,1,1.0,0,0.5729312268369695,1,1.0,0,0.0006935718743388275,0.0,zero,multiphase
higgs,90,400,500,0,window_mean,rational_fit,0,1,0.5630640352546304,0.530932187092263,0.03213184816236747,0.01840933918820442,0.01840933918820442,1.7454101873985566,0.06051968395124582,1,1.7454101873985566,0,1.0,0,1.7454101873985566,0,0.0006935718743388275,0.0,zero,multiphase
higgs,90,400,500,0,window_min,rational_fit,0,1,0.5493415262804674,0.530932187092263,0.01840933918820442,0.01840933918820442,0.01840933918820442,1.0,0.034673616773972925,1,1.0,0,0.5729312268369695,1,1.0,0,0.0006935718743388275,0.0,zero,multiphase
higgs,90,400,500,0,cascade,rational_fit,1,0,0.5269230940335269,0.530932187092263,0.004009093058736091,0.01840933918820442,0.01840933918820442,0.2177749574685914,0.007551045418234191,1,0.2177749574685914,1,0.12477007355684894,1,0.2177749574685914,1,0.0006935718743388275,0.0,zero,multiphase
higgs,90,500,500,0,richardson_1,rational_fit,0,0,0.5197226535310548,0.5300865883045046,0.010363934773449768,0.019254937975962783,0.019254937975962783,0.5382481515332719,0.01955139971867441,1,0.5382481515332719,1,0.31427341204199016,1,0.5382481515332719,1,0.0008501363188622157,0.0,zero,multiphase
higgs,90,500,500,0,rational_fit,rational_fit,0,0,0.5254612071473459,0.5300865883045046,0.0046253811571587145,0.019254937975962783,0.019254937975962783,0.24021792035543738,0.008725708703465057,1,0.24021792035543738,1,0.1402589219278864,1,0.24021792035543738,1,0.0008501363188622157,0.0,zero,multiphase
higgs,90,500,500,0,constant_assumed,rational_fit,0,1,0.0,0.5300865883045046,0.5300865883045046,0.019254937975962783,0.019254937975962783,27.529903703987355,1.0,0,27.529903703987355,0,16.074215481452907,0,27.529903703987355,0,0.0008501363188622157,0.0,zero,multiphase
higgs,90,500,500,0,last_value,rational_fit,0,1,0.5493415262804674,0.5300865883045046,0.019254937975962783,0.019254937975962783,0.019254937975962783,1.0,0.03632413722737297,1,1.0,0,0.5838820089706583,1,1.0,0,0.0008501363188622157,0.0,zero,multiphase
higgs,90,500,500,0,window_mean,rational_fit,0,1,0.5630640352546304,0.5300865883045046,0.03297744695012583,0.019254937975962783,0.019254937975962783,1.7126747949691539,0.0622114342783224,1,1.7126747949691539,0,1.0,0,1.7126747949691539,0,0.0008501363188622157,0.0,zero,multiphase
higgs,90,500,500,0,window_min,rational_fit,0,1,0.5493415262804674,0.5300865883045046,0.019254937975962783,0.019254937975962783,0.019254937975962783,1.0,0.03632413722737297,1,1.0,0,0.5838820089706583,1,1.0,0,0.0008501363188622157,0.0,zero,multiphase
higgs,90,500,500,0,cascade,rational_fit,1,0,0.5254612071473459,0.5300865883045046,0.0046253811571587145,0.019254937975962783,0.019254937975962783,0.24021792035543738,0.008725708703465057,1,0.24021792035543738,1,0.1402589219278864,1,0.24021792035543738,1,0.0008501363188622157,0.0,zero,multiphase
higgs,120,300,500,0,richardson_1,rational_fit,0,0,0.530450417644216,0.5329168250571038,0.002466407412887839,0.009993825838908177,0.009993825838908177,0.24679311533382628,0.0046281282498888176,1,0.24679311533382628,1,0.14556122949292052,1,0.24679311533382628,1,0.008089121410601807,0.0,zero,multiphase
higgs,120,300,500,0,rational_fit,rational_fit,0,0,0.5309233298009619,0.5329168250571038,0.0019934952561418973,0.009993825838908177,0.009993825838908177,0.19947268326217762,0.003740724935693835,1,0.19947268326217762,1,0.11765113052938873,1,0.19947268326217762,1,0.008089121410601807,0.0,zero,multiphase
higgs,120,300,500,0,constant_assumed,rational_fit,0,1,0.0,0.5329168250571038,0.5329168250571038,0.009993825838908177,0.009993825838908177,53.32460597645604,1.0,0,53.32460597645604,0,31.451425205517452,0,53.32460597645604,0,0.008089121410601807,0.0,zero,multiphase
higgs,120,300,500,0,last_value,rational_fit,0,1,0.542910650896012,0.5329168250571038,0.009993825838908177,0.009993825838908177,0.009993825838908177,1.0,0.018753068713560143,1,1.0,0,0.5898107380184662,1,1.0,0,0.008089121410601807,0.0,zero,multiphase
higgs,120,300,500,0,window_mean,rational_fit,0,1,0.5498609483066796,0.5329168250571038,0.016944123249575838,0.009993825838908177,0.009993825838908177,1.6954591287361256,0.03179506154222138,1,1.6954591287361256,0,1.0,0,1.6954591287361256,0,0.008089121410601807,0.0,zero,multiphase
higgs,120,300,500,0,window_min,rational_fit,0,1,0.542910650896012,0.5329168250571038,0.009993825838908177,0.009993825838908177,0.009993825838908177,1.0,0.018753068713560143,1,1.0,0,0.5898107380184662,1,1.0,0,0.008089121410601807,0.0,zero,multiphase
higgs,120,300,500,0,cascade,rational_fit,1,0,0.5309233298009619,0.5329168250571038,0.0019934952561418973,0.009993825838908177,0.009993825838908177,0.19947268326217762,0.003740724935693835,1,0.19947268326217762,1,0.11765113052938873,1,0.19947268326217762,1,0.008089121410601807,0.0,zero,multiphase
higgs,120,400,500,0,richardson_1,rational_fit,0,0,0.5281724458476742,0.530932187092263,0.002759741244588776,0.011978463803749007,0.011978463803749007,0.230391917511579,0.005197916629810956,1,0.230391917511579,1,0.14579618884340306,1,0.230391917511579,1,0.009921891778330028,0.0,zero,multiphase
higgs,120,400,500,0,rational_fit,rational_fit,0,0,0.5288663997481085,0.530932187092263,0.002065787344154524,0.011978463803749007,0.011978463803749007,0.17245845360470813,0.003890868540986649,1,0.17245845360470813,1,0.10913484093090906,1,0.17245845360470813,1,0.009921891778330028,0.0,zero,multiphase
higgs,120,400,500,0,constant_assumed,rational_fit,0,1,0.0,0.530932187092263,0.530932187092263,0.011978463803749007,0.011978463803749007,44.32389626840901,1.0,0,44.32389626840901,0,28.048966389194575,0,44.32389626840901,0,0.009921891778330028,0.0,zero,multiphase
higgs,120,400,500,0,last_value,rational_fit,0,1,0.542910650896012,0.530932187092263,0.011978463803749007,0.011978463803749007,0.011978463803749007,1.0,0.02256119349130258,1,1.0,0,0.6328181579376614,1,1.0,0,0.009921891778330028,0.0,zero,multiphase
higgs,120,400,500,0,window_mean,rational_fit,0,1,0.5498609483066796,0.530932187092263,0.018928761214416667,0.011978463803749007,0.011978463803749007,1.58023278481606,0.03565193761953504,1,1.58023278481606,0,1.0,0,1.58023278481606,0,0.009921891778330028,0.0,zero,multiphase
higgs,120,400,500,0,window_min,rational_fit,0,1,0.542910650896012,0.530932187092263,0.011978463803749007,0.011978463803749007,0.011978463803749007,1.0,0.02256119349130258,1,1.0,0,0.6328181579376614,1,1.0,0,0.009921891778330028,0.0,zero,multiphase
higgs,120,400,500,0,cascade,rational_fit,1,0,0.5288663997481085,0.530932187092263,0.002065787344154524,0.011978463803749007,0.011978463803749007,0.17245845360470813,0.003890868540986649,1,0.17245845360470813,1,0.10913484093090906,1,0.17245845360470813,1,0.009921891778330028,0.0,zero,multiphase
higgs,120,500,500,0,richardson_1,rational_fit,0,0,0.526750402451152,0.5300865883045046,0.0033361858533526023,0.012824062591507368,0.012824062591507368,0.260150465544512,0.006293662067594423,1,0.260150465544512,1,0.16871270943715233,1,0.260150465544512,1,0.011125079277849004,0.0,zero,multiphase
higgs,120,500,500,0,rational_fit,rational_fit,0,0,0.5276215339871309,0.5300865883045046,0.0024650543173737605,0.012824062591507368,0.012824062591507368,0.19222101418985765,0.004650286145247136,1,0.19222101418985765,1,0.12465912004750714,1,0.19222101418985765,1,0.011125079277849004,0.0,zero,multiphase
higgs,120,500,500,0,constant_assumed,rational_fit,0,1,0.0,0.5300865883045046,0.5300865883045046,0.012824062591507368,0.012824062591507368,41.33530887907161,1.0,0,41.33530887907161,0,26.806763316041536,0,41.33530887907161,0,0.011125079277849004,0.0,zero,multiphase
higgs,120,500,500,0,last_value,rational_fit,0,1,0.542910650896012,0.5300865883045046,0.012824062591507368,0.012824062591507368,0.012824062591507368,1.0,0.024192392100553718,1,1.0,0,0.6485197290884165,1,1.0,0,0.011125079277849004,0.0,zero,multiphase
higgs,120,500,500,0,window_mean,rational_fit,0,1,0.5498609483066796,0.5300865883045046,0.01977436000217503,0.012824062591507368,0.012824062591507368,1.5419731353518533,0.037304018698952224,1,1.5419731353518533,0,1.0,0,1.5419731353518533,0,0.011125079277849004,0.0,zero,multiphase
higgs,120,500,500,0,window_min,rational_fit,0,1,0.542910650896012,0.5300865883045046,0.012824062591507368,0.012824062591507368,0.012824062591507368,1.0,0.024192392100553718,1,1.0,0,0.6485197290884165,1,1.0,0,0.011125079277849004,0.0,zero,multiphase
higgs,120,500,500,0,cascade,rational_fit,1,0,0.5276215339871309,0.5300865883045046,0.0024650543173737605,0.012824062591507368,0.012824062591507368,0.19222101418985765,0.004650286145247136,1,0.19222101418985765,1,0.12465912004750714,1,0.19222101418985765,1,0.011125079277849004,0.0,zero,multiphase
higgs,150,300,500,0,richardson_1,rational_fit,0,0,0.5331274255406552,0.5329168250571038,0.00021060048355137084,0.006599277763236544,0.006599277763236544,0.031912656370457745,0.0003951845272079828,1,0.031912656370457745,1,0.020286973093224726,1,0.031912656370457745,1,0.0015853376751839843,0.0,zero,multiphase
higgs,150,300,500,0,rational_fit,rational_fit,0,0,0.5321591195951102,0.5329168250571038,0.0007577054619936074,0.006599277763236544,0.006599277763236544,0.1148164222173911,0.0014218081065697575,1,0.1148164222173911,1,0.07298915017117807,1,0.1148164222173911,1,0.0015853376751839843,0.0,zero,multiphase
higgs,150,300,500,0,constant_assumed,rational_fit,0,1,0.0,0.5329168250571038,0.5329168250571038,0.006599277763236544,0.006599277763236544,80.75381036783949,1.0,0,80.75381036783949,0,51.335443815460515,0,80.75381036783949,0,0.0015853376751839843,0.0,zero,multiphase
higgs,150,300,500,0,last_value,rational_fit,0,1,0.5395161028203403,0.5329168250571038,0.006599277763236544,0.006599277763236544,0.006599277763236544,1.0,0.01238331659453501,1,1.0,0,0.6357030532878118,1,1.0,0,0.0015853376751839843,0.0,zero,multiphase
higgs,150,300,500,0,window_mean,rational_fit,0,1,0.5432978948492112,0.5329168250571038,0.0103810697921074,0.006599277763236544,0.006599277763236544,1.573061502265987,0.019479718605234567,1,1.573061502265987,0,1.0,0,1.573061502265987,0,0.0015853376751839843,0.0,zero,multiphase
higgs,150,300,500,0,window_min,rational_fit,0,1,0.5395161028203403,0.5329168250571038,0.006599277763236544,0.006599277763236544,0.006599277763236544,1.0,0.01238331659453501,1,1.0,0,0.6357030532878118,1,1.0,0,0.0015853376751839843,0.0,zero,multiphase
higgs,150,300,500,0,cascade,rational_fit,1,0,0.5321591195951102,0.5329168250571038,0.0007577054619936074,0.006599277763236544,0.006599277763236544,0.1148164222173911,0.0014218081065697575,1,0.1148164222173911,1,0.07298915017117807,1,0.1148164222173911,1,0.0015853376751839843,0.0,zero,multiphase
higgs,150,400,500,0,richardson_1,rational_fit,0,0,0.53171431616001,0.530932187092263,0.000782129067746995,0.008583915728077374,0.008583915728077374,0.09111565077330697,0.0014731242270890617,1,0.09111565077330697,1,0.06324984247727515,1,0.09111565077330697,1,0.001743873713571653,0.0,zero,multiphase
higgs,150,400,500,0,rational_fit,rational_fit,0,0,0.5303420521211729,0.530932187092263,0.0005901349710900616,0.008583915728077374,0.008583915728077374,0.06874892412559136,0.0011115072422375302,1,0.06874892412559136,1,0.047723509457715245,1,0.06874892412559136,1,0.001743873713571653,0.0,zero,multiphase
higgs,150,400,500,0,constant_assumed,rational_fit,0,1,0.0,0.530932187092263,0.530932187092263,0.008583915728077374,0.008583915728077374,61.85198036784329,1.0,0,61.85198036784329,0,42.93585110758701,0,61.85198036784329,0,0.001743873713571653,0.0,zero,multiphase
higgs,150,400,500,0,last_value,rational_fit,0,1,0.5395161028203403,0.530932187092263,0.008583915728077374,0.008583915728077374,0.008583915728077374,1.0,0.01616763107749898,1,1.0,0,0.6941710007058928,1,1.0,0,0.001743873713571653,0.0,zero,multiphase
higgs,150,400,500,0,window_mean,rational_fit,0,1,0.5432978948492112,0.530932187092263,0.01236570775694823,0.008583915728077374,0.008583915728077374,1.4405672362906459,0.023290559618679464,1,1.4405672362906459,0,1.0,0,1.4405672362906459,0,0.001743873713571653,0.0,zero,multiphase
higgs,150,400,500,0,window_min,rational_fit,0,1,0.5395161028203403,0.530932187092263,0.008583915728077374,0.008583915728077374,0.008583915728077374,1.0,0.01616763107749898,1,1.0,0,0.6941710007058928,1,1.0,0,0.001743873713571653,0.0,zero,multiphase
higgs,150,400,500,0,cascade,rational_fit,1,0,0.5303420521211729,0.530932187092263,0.0005901349710900616,0.008583915728077374,0.008583915728077374,0.06874892412559136,0.0011115072422375302,1,0.06874892412559136,1,0.047723509457715245,1,0.06874892412559136,1,0.001743873713571653,0.0,zero,multiphase
higgs,150,500,500,0,richardson_1,rational_fit,0,0,0.5309131242398523,0.5300865883045046,0.0008265359353476498,0.009429514515835735,0.009429514515835735,0.08765413468101482,0.0015592470241349548,1,0.08765413468101482,1,0.06256277019617111,1,0.08765413468101482,1,0.0018393340631582822,0.0,zero,multiphase
higgs,150,500,500,0,rational_fit,rational_fit,0,0,0.5292502201372397,0.5300865883045046,0.0008363681672649559,0.009429514515835735,0.009429514515835735,0.08869684286082556,0.0015777953747898067,1,0.08869684286082556,1,0.06330699877674595,1,0.08869684286082556,1,0.0018393340631582822,0.0,zero,multiphase
higgs,150,500,500,0,constant_assumed,rational_fit,0,1,0.0,0.5300865883045046,0.5300865883045046,0.009429514515835735,0.009429514515835735,56.21568187994069,1.0,0,56.21568187994069,0,40.123706653139145,0,56.21568187994069,0,0.0018393340631582822,0.0,zero,multiphase
higgs,150,500,500,0,last_value,rational_fit,0,1,0.5395161028203403,0.5300865883045046,0.009429514515835735,0.009429514515835735,0.009429514515835735,1.0,0.017788630619756437,1,1.0,0,0.7137457967481561,1,1.0,0,0.0018393340631582822,0.0,zero,multiphase
higgs,150,500,500,0,window_mean,rational_fit,0,1,0.5432978948492112,0.5300865883045046,0.013211306544706591,0.009429514515835735,0.009429514515835735,1.4010590388847477,0.024922921719191745,1,1.4010590388847477,0,1.0,0,1.4010590388847477,0,0.0018393340631582822,0.0,zero,multiphase
higgs,150,500,500,0,window_min,rational_fit,0,1,0.5395161028203403,0.5300865883045046,0.009429514515835735,0.009429514515835735,0.009429514515835735,1.0,0.017788630619756437,1,1.0,0,0.7137457967481561,1,1.0,0,0.0018393340631582822,0.0,zero,multiphase
higgs,150,500,500,0,cascade,rational_fit,1,0,0.5292502201372397,0.5300865883045046,0.0008363681672649559,0.009429514515835735,0.009429514515835735,0.08869684286082556,0.0015777953747898067,1,0.08869684286082556,1,0.06330699877674595,1,0.08869684286082556,1,0.0018393340631582822,0.0,zero,multiphase
adult,30,300,337,0,richardson_1,richardson_1,0,0,0.24933851416399955,0.2718139946260366,0.022475480462037067,0.062277916326603566,0.062277916326603566,0.36089005200766655,0.08268698781664635,1,0.36089005200766655,1,0.17334926179440718,1,0.36089005200766655,1,0.0014781141225838068,0.0,zero,rational_decay
adult,30,300,337,0,rational_fit,richardson_1,0,0,0.23458781231996031,0.2718139946260366,0.0372261823060763,0.062277916326603566,0.062277916326603566,0.5977428999205968,0.13695461985793747,1,0.5977428999205968,1,0.2871187218036214,1,0.5977428999205968,1,0.0014781141225838068,0.0,zero,rational_decay
adult,30,300,337,0,constant_assumed,richardson_1,0,1,0.0,0.2718139946260366,0.2718139946260366,0.062277916326603566,0.062277916326603566,4.3645325768538035,1.0,0,4.3645325768538035,0,2.0964515260708154,0,4.3645325768538035,0,0.0014781141225838068,0.0,zero,rational_decay
adult,30,300,337,0,last_value,richardson_1,0,1,0.3340919109526402,0.2718139946260366,0.062277916326603566,0.062277916326603566,0.062277916326603566,1.0,0.22911960957818198,1,1.0,0,0.48033815515292905,1,1.0,0,0.0014781141225838068,0.0,zero,rational_decay
adult,30,300,337,0,window_mean,richardson_1,0,1,0.4014683134814181,0.2718139946260366,0.12965431885538148,0.062277916326603566,0.062277916326603566,2.081866679280604,0.4769964807505982,1,2.081866679280604,0,1.0,0,2.081866679280604,0,0.0014781141225838068,0.0,zero,rational_decay
adult,30,300,337,0,window_min,richardson_1,0,1,0.3340919109526402,0.2718139946260366,0.062277916326603566,0.062277916326603566,0.062277916326603566,1.0,0.22911960957818198,1,1.0,0,0.48033815515292905,1,1.0,0,0.0014781141225838068,0.0,zero,rational_decay
adult,30,300,337,0,cascade,richardson_1,1,0,0.24933851416399955,0.2718139946260366,0.022475480462037067,0.062277916326603566,0.062277916326603566,0.36089005200766655,0.08268698781664635,1,0.36089005200766655,1,0.17334926179440718,1,0.36089005200766655,1,0.0014781141225838068,0.0,zero,rational_decay
adult,30,400,337,1,richardson_1,richardson_1,0,0,0.239095713463631,0.272113009811212,0.03301729634758099,0.06197890114142818,0.06197890114142818,0.5327183241316203,0.12133670628423061,1,0.5327183241316203,1,0.2552450143966207,1,0.5327183241316203,1,0.0015347028673343421,0.0,zero,rational_decay
adult,30,400,337,1,rational_fit,richardson_1,0,0,0.23051260875238952,0.272113009811212,0.041600401058822484,0.06197890114142818,0.06197890114142818,0.6712026236782662,0.15287913315017254,1,0.6712026236782662,1,0.3215979544594749,1,0.6712026236782662,1,0.0015347028673343421,0.0,zero,rational_decay
adult,30,400,337,1,constant_assumed,richardson_1,0,1,0.0,0.272113009811212,0.272113009811212,0.06197890114142818,0.06197890114142818,4.390413589138727,1.0,0,4.390413589138727,0,2.103609222741802,0,4.390413589138727,0,0.0015347028673343421,0.0,zero,rational_decay
adult,30,400,337,1,last_value,richardson_1,0,1,0.3340919109526402,0.272113009811212,0.06197890114142818,0.06197890114142818,0.06197890114142818,1.0,0.22776897431118132,1,1.0,0,0.4791369150154416,1,1.0,0,0.0015347028673343421,0.0,zero,rational_decay
adult,30,400,337,1,window_mean,richardson_1,0,1,0.4014683134814181,0.272113009811212,0.1293553036702061,0.06197890114142818,0.06197890114142818,2.0870861097558557,0.47537346251820484,1,2.0870861097558557,0,1.0,0,2.0870861097558557,0,0.0015347028673343421,0.0,zero,rational_decay
adult,30,400,337,1,window_min,richardson_1,0,1,0.3340919109526402,0.272113009811212,0.06197890114142818,0.06197890114142818,0.06197890114142818,1.0,0.22776897431118132,1,1.0,0,0.4791369150154416,1,1.0,0,0.0015347028673343421,0.0,zero,rational_decay
adult,30,400,337,1,cascade,richardson_1,1,0,0.239095713463631,0.272113009811212,0.03301729634758099,0.06197890114142818,0.06197890114142818,0.5327183241316203,0.12133670628423061,1,0.5327183241316203,1,0.2552450143966207,1,0.5327183241316203,1,0.0015347028673343421,0.0,zero,rational_decay
adult,30,500,337,1,richardson_1,richardson_1,0,0,0.23144144893885832,0.2729784847967337,0.04153703585787538,0.06111342615590648,0.06111342615590648,0.679671202722463,0.15216230644991985,1,0.679671202722463,1,0.3232710034955979,1,0.679671202722463,1,0.0016225639200703745,0.0,zero,rational_decay
adult,30,500,337,1,rational_fit,richardson_1,0,0,0.228016345228157,0.2729784847967337,0.0449621395685767,0.06111342615590648,0.06111342615590648,0.7357162312234593,0.16470946273314024,1,0.7357162312234593,1,0.34992761706387154,1,0.7357162312234593,1,0.0016225639200703745,0.0,zero,rational_decay
adult,30,500,337,1,constant_assumed,richardson_1,0,1,0.0,0.2729784847967337,0.2729784847967337,0.06111342615590648,0.06111342615590648,4.466751448369761,1.0,0,4.466751448369761,0,2.1245143494324847,0,4.466751448369761,0,0.0016225639200703745,0.0,zero,rational_decay
adult,30,500,337,1,last_value,richardson_1,0,1,0.3340919109526402,0.2729784847967337,0.06111342615590648,0.06111342615590648,0.06111342615590648,1.0,0.2238763476228282,1,1.0,0,0.4756285130232337,1,1.0,0,0.0016225639200703745,0.0,zero,rational_decay
adult,30,500,337,1,window_mean,richardson_1,0,1,0.4014683134814181,0.2729784847967337,0.1284898286846844,0.06111342615590648,0.06111342615590648,2.1024811856709515,0.47069580879372597,1,2.1024811856709515,0,1.0,0,2.1024811856709515,0,0.0016225639200703745,0.0,zero,rational_decay
adult,30,500,337,1,window_min,richardson_1,0,1,0.3340919109526402,0.2729784847967337,0.06111342615590648,0.06111342615590648,0.06111342615590648,1.0,0.2238763476228282,1,1.0,0,0.4756285130232337,1,1.0,0,0.0016225639200703745,0.0,zero,rational_decay
adult,30,500,337,1,cascade,richardson_1,1,0,0.23144144893885832,0.2729784847967337,0.04153703585787538,0.06111342615590648,0.06111342615590648,0.679671202722463,0.15216230644991985,1,0.679671202722463,1,0.3232710034955979,1,0.679671202722463,1,0.0016225639200703745,0.0,zero,rational_decay
adult,60,300,337,0,richardson_1,richardson_1,0,0,0.23201430631787,0.2718139946260366,0.0397996883081666,0.026008669717169197,0.026008669717169197,1.5302469807555552,0.14642251353880165,1,1.5302469807555552,0,0.47074150633472367,1,1.5302469807555552,0,0.0004557514084869707,0.0,zero,rational_decay
adult,60,300,337,0,rational_fit,richardson_1,0,0,0.24889592187894535,0.2718139946260366,0.02291807274709126,0.026008669717169197,0.026008669717169197,0.8811705095382972,0.08431527883110687,1,0.8811705095382972,1,0.27106966275011757,1,0.8811705095382972,1,0.0004557514084869707,0.0,zero,rational_decay
adult,60,300,337,0,constant_assumed,richardson_1,0,1,0.0,0.2718139946260366,0.2718139946260366,0.026008669717169197,0.026008669717169197,10.450899549337699,1.0,0,10.450899549337699,0,3.2149530489379163,0,10.450899549337699,0,0.0004557514084869707,0.0,zero,rational_decay
adult,60,300,337,0,last_value,richardson_1,0,1,0.2978226643432058,0.2718139946260366,0.026008669717169197,0.026008669717169197,0.026008669717169197,1.0,0.0956855431706233,1,1.0,0,0.307624528755676,1,1.0,0,0.0004557514084869707,0.0,zero,rational_decay
adult,60,300,337,0,window_mean,richardson_1,0,1,0.35636079530663517,0.2718139946260366,0.08454680068059856,0.026008669717169197,0.026008669717169197,3.2507160727557847,0.31104653311511266,1,3.2507160727557847,0,1.0,0,3.2507160727557847,0,0.0004557514084869707,0.0,zero,rational_decay
adult,60,300,337,0,window_min,richardson_1,0,1,0.2978226643432058,0.2718139946260366,0.026008669717169197,0.026008669717169197,0.026008669717169197,1.0,0.0956855431706233,1,1.0,0,0.307624528755676,1,1.0,0,0.0004557514084869707,0.0,zero,rational_decay
adult,60,300,337,0,cascade,richardson_1,1,0,0.23201430631787,0.2718139946260366,0.0397996883081666,0.026008669717169197,0.026008669717169197,1.5302469807555552,0.14642251353880165,1,1.5302469807555552,0,0.47074150633472367,1,1.5302469807555552,0,0.0004557514084869707,0.0,zero,rational_decay
adult,60,400,337,1,richardson_1,richardson_1,0,0,0.22136329172556013,0.272113009811212,0.050749718085651874,0.02570965453199381,0.02570965453199381,1.973955660216963,0.18650235841667873,1,1.973955660216963,0,0.602386374754134,1,1.973955660216963,0,0.00041948406567282603,0.0,zero,rational_decay
adult,60,400,337,1,rational_fit,richardson_1,0,0,0.2454694412620743,0.272113009811212,0.026643568549137714,0.02570965453199381,0.02570965453199381,1.0363254207084625,0.09791361525721475,1,1.0363254207084625,0,0.3162524497523457,1,1.0363254207084625,0,0.00041948406567282603,0.0,zero,rational_decay
adult,60,400,337,1,constant_assumed,richardson_1,0,1,0.0,0.272113009811212,0.272113009811212,0.02570965453199381,0.02570965453199381,10.584078812594973,1.0,0,10.584078812594973,0,3.2299129076335755,0,10.584078812594973,0,0.00041948406567282603,0.0,zero,rational_decay
adult,60,400,337,1,last_value,richardson_1,0,1,0.2978226643432058,0.272113009811212,0.02570965453199381,0.02570965453199381,0.02570965453199381,1.0,0.09448153379300309,1,1.0,0,0.30516712553103853,1,1.0,0,0.00041948406567282603,0.0,zero,rational_decay
adult,60,400,337,1,window_mean,richardson_1,0,1,0.35636079530663517,0.272113009811212,0.08424778549542317,0.02570965453199381,0.02570965453199381,3.2768929427107967,0.3096058713027835,1,3.2768929427107967,0,1.0,0,3.2768929427107967,0,0.00041948406567282603,0.0,zero,rational_decay
adult,60,400,337,1,window_min,richardson_1,0,1,0.2978226643432058,0.272113009811212,0.02570965453199381,0.02570965453199381,0.02570965453199381,1.0,0.09448153379300309,1,1.0,0,0.30516712553103853,1,1.0,0,0.00041948406567282603,0.0,zero,rational_decay
adult,60,400,337,1,cascade,richardson_1,1,0,0.22136329172556013,0.272113009811212,0.050749718085651874,0.02570965453199381,0.02570965453199381,1.973955660216963,0.18650235841667873,1,1.973955660216963,0,0.602386374754134,1,1.973955660216963,0,0.00041948406567282603,0.0,zero,rational_decay
adult,60,500,337,1,richardson_1,richardson_1,0,0,0.21343961524793226,0.2729784847967337,0.05953886954880144,0.02484417954647211,0.02484417954647211,2.396491678762481,0.2181082864209445,1,2.396491678762481,0,0.7140467706484498,1,2.396491678762481,0,0.0003929994856791963,0.0,zero,rational_decay
adult,60,500,337,1,rational_fit,richardson_1,0,0,0.24337634284916898,0.2729784847967337,0.02960214194756472,0.02484417954647211,0.02484417954647211,1.1915121564869,0.10844130067469303,1,1.1915121564869,0,0.35501705057752664,1,1.1915121564869,0,0.0003929994856791963,0.0,zero,rational_decay
adult,60,500,337,1,constant_assumed,richardson_1,0,1,0.0,0.2729784847967337,0.2729784847967337,0.02484417954647211,0.02484417954647211,10.987623249385862,1.0,0,10.987623249385862,0,3.273817709384751,0,10.987623249385862,0,0.0003929994856791963,0.0,zero,rational_decay
adult,60,500,337,1,last_value,richardson_1,0,1,0.2978226643432058,0.2729784847967337,0.02484417954647211,0.02484417954647211,0.02484417954647211,1.0,0.09101149332326201,1,1.0,0,0.29795503859924727,1,1.0,0,0.0003929994856791963,0.0,zero,rational_decay
adult,60,500,337,1,window_mean,richardson_1,0,1,0.35636079530663517,0.2729784847967337,0.08338231050990147,0.02484417954647211,0.02484417954647211,3.356211073661388,0.3054537817219915,1,3.356211073661388,0,1.0,0,3.356211073661388,0,0.0003929994856791963,0.0,zero,rational_decay
adult,60,500,337,1,window_min,richardson_1,0,1,0.2978226643432058,0.2729784847967337,0.02484417954647211,0.02484417954647211,0.02484417954647211,1.0,0.09101149332326201,1,1.0,0,0.29795503859924727,1,1.0,0,0.0003929994856791963,0.0,zero,rational_decay
adult,60,500,337,1,cascade,richardson_1,1,0,0.21343961524793226,0.2729784847967337,0.05953886954880144,0.02484417954647211,0.02484417954647211,2.396491678762481,0.2181082864209445,1,2.396491678762481,0,0.7140467706484498,1,2.396491678762481,0,0.0003929994856791963,0.0,zero,rational_decay
adult,90,300,337,0,richardson_1,richardson_1,0,0,0.2699419313118539,0.2718139946260366,0.0018720633141827148,0.014197687259839775,0.014197687259839775,0.1318569200688142,0.00688729554472834,1,0.1318569200688142,1,0.06384602951038183,1,0.1318569200688142,1,0.006073345594081847,0.0,zero,rational_decay
adult,90,300,337,0,rational_fit,richardson_1,0,0,0.26866629357793775,0.2718139946260366,0.003147701048098861,0.014197687259839775,0.014197687259839775,0.2217051968036084,0.011580349468133485,1,0.2217051968036084,1,0.10735118437728493,1,0.2217051968036084,1,0.006073345594081847,0.0,zero,rational_decay
adult,90,300,337,0,constant_assumed,richardson_1,0,1,0.0,0.2718139946260366,0.2718139946260366,0.014197687259839775,0.014197687259839775,19.14494872660719,1.0,0,19.14494872660719,0,9.270116128420064,0,19.14494872660719,0,0.006073345594081847,0.0,zero,rational_decay
adult,90,300,337,0,last_value,richardson_1,0,1,0.2860116818858764,0.2718139946260366,0.014197687259839775,0.014197687259839775,0.014197687259839775,1.0,0.052233098885776805,1,1.0,0,0.48420689241839965,1,1.0,0,0.006073345594081847,0.0,zero,rational_decay
adult,90,300,337,0,window_mean,richardson_1,0,1,0.3011355253232322,0.2718139946260366,0.029321530697195564,0.014197687259839775,0.014197687259839775,2.065232890439542,0.10787351378848727,1,2.065232890439542,0,1.0,0,2.065232890439542,0,0.006073345594081847,0.0,zero,rational_decay
adult,90,300,337,0,window_min,richardson_1,0,1,0.2860116818858764,0.2718139946260366,0.014197687259839775,0.014197687259839775,0.014197687259839775,1.0,0.052233098885776805,1,1.0,0,0.48420689241839965,1,1.0,0,0.006073345594081847,0.0,zero,rational_decay
adult,90,300,337,0,cascade,richardson_1,1,0,0.2699419313118539,0.2718139946260366,0.0018720633141827148,0.014197687259839775,0.014197687259839775,0.1318569200688142,0.00688729554472834,1,0.1318569200688142,1,0.06384602951038183,1,0.1318569200688142,1,0.006073345594081847,0.0,zero,rational_decay
adult,90,400,337,1,richardson_1,richardson_1,0,0,0.2682575504044312,0.272113009811212,0.0038554594067807813,0.013898672074664387,0.013898672074664387,0.27739768130862097,0.014168596383743806,1,0.27739768130862097,1,0.13284373662179547,1,0.27739768130862097,1,0.007604764301470501,0.0,zero,rational_decay
adult,90,400,337,1,rational_fit,richardson_1,0,0,0.26680050535034694,0.272113009811212,0.005312504460865064,0.013898672074664387,0.013898672074664387,0.3822310816692426,0.01952315497355603,1,0.3822310816692426,1,0.18304769132313148,1,0.3822310816692426,1,0.007604764301470501,0.0,zero,rational_decay
adult,90,400,337,1,constant_assumed,richardson_1,0,1,0.0,0.272113009811212,0.272113009811212,0.013898672074664387,0.013898672074664387,19.578345927539466,1.0,0,19.578345927539466,0,9.375927792975482,0,19.578345927539466,0,0.007604764301470501,0.0,zero,rational_decay
adult,90,400,337,1,last_value,richardson_1,0,1,0.2860116818858764,0.272113009811212,0.013898672074664387,0.013898672074664387,0.013898672074664387,1.0,0.05107683783405682,1,1.0,0,0.4788927434256349,1,1.0,0,0.007604764301470501,0.0,zero,rational_decay
adult,90,400,337,1,window_mean,richardson_1,0,1,0.3011355253232322,0.272113009811212,0.029022515512020175,0.013898672074664387,0.013898672074664387,2.088150246017009,0.10665611148895662,1,2.088150246017009,0,1.0,0,2.088150246017009,0,0.007604764301470501,0.0,zero,rational_decay
adult,90,400,337,1,window_min,richardson_1,0,1,0.2860116818858764,0.272113009811212,0.013898672074664387,0.013898672074664387,0.013898672074664387,1.0,0.05107683783405682,1,1.0,0,0.4788927434256349,1,1.0,0,0.007604764301470501,0.0,zero,rational_decay
adult,90,400,337,1,cascade,richardson_1,1,0,0.2682575504044312,0.272113009811212,0.0038554594067807813,0.013898672074664387,0.013898672074664387,0.27739768130862097,0.014168596383743806,1,0.27739768130862097,1,0.13284373662179547,1,0.27739768130862097,1,0.007604764301470501,0.0,zero,rational_decay
adult,90,500,337,1,richardson_1,richardson_1,0,0,0.2672555406218107,0.2729784847967337,0.005722944174922973,0.01303319708914269,0.01303319708914269,0.4391051662750097,0.02096481771881917,1,0.4391051662750097,1,0.20325091230866868,1,0.4391051662750097,1,0.008713129636152894,0.0,zero,rational_decay
adult,90,500,337,1,rational_fit,richardson_1,0,0,0.26567935423482036,0.2729784847967337,0.007299130561913336,0.01303319708914269,0.01303319708914269,0.5600414473892887,0.026738849280918395,1,0.5600414473892887,1,0.2592293233034968,1,0.5600414473892887,1,0.008713129636152894,0.0,zero,rational_decay
adult,90,500,337,1,constant_assumed,richardson_1,0,1,0.0,0.2729784847967337,0.2729784847967337,0.01303319708914269,0.01303319708914269,20.944859724720846,1.0,0,20.944859724720846,0,9.69485711894454,0,20.944859724720846,0,0.008713129636152894,0.0,zero,rational_decay
adult,90,500,337,1,last_value,richardson_1,0,1,0.2860116818858764,0.2729784847967337,0.01303319708914269,0.01303319708914269,0.01303319708914269,1.0,0.04774441142805639,1,1.0,0,0.46287524702310956,1,1.0,0,0.008713129636152894,0.0,zero,rational_decay
adult,90,500,337,1,window_mean,richardson_1,0,1,0.3011355253232322,0.2729784847967337,0.028157040526498478,0.01303319708914269,0.01303319708914269,2.1604093250423344,0.10314747166783082,1,2.1604093250423344,0,1.0,0,2.1604093250423344,0,0.008713129636152894,0.0,zero,rational_decay
adult,90,500,337,1,window_min,richardson_1,0,1,0.2860116818858764,0.2729784847967337,0.01303319708914269,0.01303319708914269,0.01303319708914269,1.0,0.04774441142805639,1,1.0,0,0.46287524702310956,1,1.0,0,0.008713129636152894,0.0,zero,rational_decay
adult,90,500,337,1,cascade,richardson_1,1,0,0.2672555406218107,0.2729784847967337,0.005722944174922973,0.01303319708914269,0.01303319708914269,0.4391051662750097,0.02096481771881917,1,0.4391051662750097,1,0.20325091230866868,1,0.4391051662750097,1,0.008713129636152894,0.0,zero,rational_decay
adult,120,300,337,0,richardson_1,rational_fit,0,0,0.26538555442466455,0.2718139946260366,0.006428440201372065,0.0076436473457781595,0.0076436473457781595,0.8410173717554756,0.023650144320995516,1,0.8410173717554756,1,0.4320830979590503,1,0.8410173717554756,1,0.001964183294060118,0.0,zero,rational_decay
adult,120,300,337,0,rational_fit,rational_fit,0,0,0.26630002109724754,0.2718139946260366,0.005513973528789073,0.0076436473457781595,0.0076436473457781595,0.7213798961872075,0.020285833834182206,1,0.7213798961872075,1,0.3706178621487165,1,0.7213798961872075,1,0.001964183294060118,0.0,zero,rational_decay
adult,120,300,337,0,constant_assumed,rational_fit,0,1,0.0,0.2718139946260366,0.2718139946260366,0.0076436473457781595,0.0076436473457781595,35.56077123000298,1.0,0,35.56077123000298,0,18.2697869448292,0,35.56077123000298,0,0.001964183294060118,0.0,zero,rational_decay
adult,120,300,337,0,last_value,rational_fit,0,1,0.2794576419718148,0.2718139946260366,0.0076436473457781595,0.0076436473457781595,0.0076436473457781595,1.0,0.028120874925127888,1,1.0,0,0.5137623935842762,1,1.0,0,0.001964183294060118,0.0,zero,rational_decay
adult,120,300,337,0,window_mean,rational_fit,0,1,0.28669178140301743,0.2718139946260366,0.014877786776980817,0.0076436473457781595,0.0076436473457781595,1.946425064363849,0.05473517578610979,1,1.946425064363849,0,1.0,0,1.946425064363849,0,0.001964183294060118,0.0,zero,rational_decay
adult,120,300,337,0,window_min,rational_fit,0,1,0.2794576419718148,0.2718139946260366,0.0076436473457781595,0.0076436473457781595,0.0076436473457781595,1.0,0.028120874925127888,1,1.0,0,0.5137623935842762,1,1.0,0,0.001964183294060118,0.0,zero,rational_decay
adult,120,300,337,0,cascade,rational_fit,1,0,0.26630002109724754,0.2718139946260366,0.005513973528789073,0.0076436473457781595,0.0076436473457781595,0.7213798961872075,0.020285833834182206,1,0.7213798961872075,1,0.3706178621487165,1,0.7213798961872075,1,0.001964183294060118,0.0,zero,rational_decay
adult,120,400,337,1,richardson_1,rational_fit,0,0,0.26247868901369764,0.272113009811212,0.009634320797514362,0.007344632160602771,0.007344632160602771,1.3117499402071726,0.035405586833935326,1,1.3117499402071726,0,0.6608458563772074,1,1.3117499402071726,0,0.00228118560129692,0.0,zero,rational_decay
adult,120,400,337,1,rational_fit,rational_fit,0,0,0.2638971946171631,0.272113009811212,0.008215815194048903,0.007344632160602771,0.007344632160602771,1.118614930522897,0.030192658556637608,1,1.118614930522897,0,0.5635464649618988,1,1.118614930522897,0,0.00228118560129692,0.0,zero,rational_decay
adult,120,400,337,1,constant_assumed,rational_fit,0,1,0.0,0.272113009811212,0.272113009811212,0.007344632160602771,0.007344632160602771,37.04923594007189,1.0,0,37.04923594007189,0,18.66501632854745,0,37.04923594007189,0,0.00228118560129692,0.0,zero,rational_decay
adult,120,400,337,1,last_value,rational_fit,0,1,0.2794576419718148,0.272113009811212,0.007344632160602771,0.007344632160602771,0.007344632160602771,1.0,0.026991109927814068,1,1.0,0,0.5037895075282687,1,1.0,0,0.00228118560129692,0.0,zero,rational_decay
adult,120,400,337,1,window_mean,rational_fit,0,1,0.28669178140301743,0.272113009811212,0.014578771591805428,0.007344632160602771,0.007344632160602771,1.9849559886752661,0.05357616529220696,1,1.9849559886752661,0,1.0,0,1.9849559886752661,0,0.00228118560129692,0.0,zero,rational_decay
adult,120,400,337,1,window_min,rational_fit,0,1,0.2794576419718148,0.272113009811212,0.007344632160602771,0.007344632160602771,0.007344632160602771,1.0,0.026991109927814068,1,1.0,0,0.5037895075282687,1,1.0,0,0.00228118560129692,0.0,zero,rational_decay
adult,120,400,337,1,cascade,rational_fit,1,0,0.2638971946171631,0.272113009811212,0.008215815194048903,0.007344632160602771,0.007344632160602771,1.118614930522897,0.030192658556637608,1,1.118614930522897,0,0.5635464649618988,1,1.118614930522897,0,0.00228118560129692,0.0,zero,rational_decay
adult,120,500,337,1,richardson_1,rational_fit,0,0,0.2605817282495052,0.2729784847967337,0.012396756547228494,0.006479157175081074,0.006479157175081074,1.913328572257297,0.045412943648139206,1,1.913328572257297,0,0.9039953632701293,1,1.913328572257297,0,0.0024819505477423065,0.0,zero,rational_decay
adult,120,500,337,1,rational_fit,rational_fit,0,0,0.2624245959958203,0.2729784847967337,0.010553888800913402,0.006479157175081074,0.006479157175081074,1.628898406956973,0.03866198029772229,1,1.628898406956973,0,0.7696098978911737,1,1.628898406956973,0,0.0024819505477423065,0.0,zero,rational_decay
adult,120,500,337,1,constant_assumed,rational_fit,0,1,0.0,0.2729784847967337,0.2729784847967337,0.006479157175081074,0.006479157175081074,42.13178927756416,1.0,0,42.13178927756416,0,19.906116861181943,0,42.13178927756416,0,0.0024819505477423065,0.0,zero,rational_decay
adult,120,500,337,1,last_value,rational_fit,0,1,0.2794576419718148,0.2729784847967337,0.006479157175081074,0.006479157175081074,0.006479157175081074,1.0,0.023735047030924834,1,1.0,0,0.47247261990323924,1,1.0,0,0.0024819505477423065,0.0,zero,rational_decay
adult,120,500,337,1,window_mean,rational_fit,0,1,0.28669178140301743,0.2729784847967337,0.013713296606283731,0.006479157175081074,0.006479157175081074,2.1165247632863817,0.05023581479871932,1,2.1165247632863817,0,1.0,0,2.1165247632863817,0,0.0024819505477423065,0.0,zero,rational_decay
adult,120,500,337,1,window_min,rational_fit,0,1,0.2794576419718148,0.2729784847967337,0.006479157175081074,0.006479157175081074,0.006479157175081074,1.0,0.023735047030924834,1,1.0,0,0.47247261990323924,1,1.0,0,0.0024819505477423065,0.0,zero,rational_decay
adult,120,500,337,1,cascade,rational_fit,1,0,0.2624245959958203,0.2729784847967337,0.010553888800913402,0.006479157175081074,0.006479157175081074,1.628898406956973,0.03866198029772229,1,1.628898406956973,0,0.7696098978911737,1,1.628898406956973,0,0.0024819505477423065,0.0,zero,rational_decay
adult,150,300,337,0,richardson_1,rational_fit,0,0,0.2694940572159213,0.2718139946260366,0.0023199374101153247,0.004356717870203308,0.004356717870203308,0.5324965901468997,0.008535018269780807,1,0.5324965901468997,1,0.28365669670415994,1,0.5324965901468997,1,0.001597694634400515,0.0,zero,multiphase
adult,150,300,337,0,rational_fit,rational_fit,0,0,0.2685256251715803,0.2718139946260366,0.003288369454456319,0.004356717870203308,0.004356717870203308,0.7547813634998738,0.012097866627435715,1,0.7547813634998738,1,0.40206602683628945,1,0.7547813634998738,1,0.001597694634400515,0.0,zero,multiphase
adult,150,300,337,0,constant_assumed,rational_fit,0,1,0.0,0.2718139946260366,0.2718139946260366,0.004356717870203308,0.004356717870203308,62.38962510862616,1.0,0,62.38962510862616,0,33.234456885520494,0,62.38962510862616,0,0.001597694634400515,0.0,zero,multiphase
adult,150,300,337,0,last_value,rational_fit,0,1,0.2761707124962399,0.2718139946260366,0.004356717870203308,0.004356717870203308,0.004356717870203308,1.0,0.016028305960468694,1,1.0,0,0.532692043391128,1,1.0,0,0.001597694634400515,0.0,zero,multiphase
adult,150,300,337,0,window_mean,rational_fit,0,1,0.2799926748302093,0.2718139946260366,0.008178680204172672,0.004356717870203308,0.004356717870203308,1.8772572491114763,0.03008925355526654,1,1.8772572491114763,0,1.0,0,1.8772572491114763,0,0.001597694634400515,0.0,zero,multiphase
adult,150,300,337,0,window_min,rational_fit,0,1,0.2761707124962399,0.2718139946260366,0.004356717870203308,0.004356717870203308,0.004356717870203308,1.0,0.016028305960468694,1,1.0,0,0.532692043391128,1,1.0,0,0.001597694634400515,0.0,zero,multiphase
adult,150,300,337,0,cascade,rational_fit,1,0,0.2685256251715803,0.2718139946260366,0.003288369454456319,0.004356717870203308,0.004356717870203308,0.7547813634998738,0.012097866627435715,1,0.7547813634998738,1,0.40206602683628945,1,0.7547813634998738,1,0.001597694634400515,0.0,zero,multiphase
adult,150,400,337,1,richardson_1,rational_fit,0,0,0.2680275294279571,0.272113009811212,0.0040854803832549025,0.00405770268502792,0.00405770268502792,1.0068456711551284,0.015013910529633804,1,1.0068456711551284,0,0.5184840184709775,1,1.0068456711551284,0,0.002077649066599241,0.0,zero,multiphase
adult,150,400,337,1,rational_fit,rational_fit,0,0,0.26665462618888075,0.272113009811212,0.005458383622331253,0.00405770268502792,0.00405770268502792,1.3451906278080834,0.020059252683722103,1,1.3451906278080834,0,0.692717724569699,1,1.3451906278080834,0,0.002077649066599241,0.0,zero,multiphase
adult,150,400,337,1,constant_assumed,rational_fit,0,1,0.0,0.272113009811212,0.272113009811212,0.00405770268502792,0.00405770268502792,67.0608546099872,1.0,0,67.0608546099872,0,34.533575876026184,0,67.0608546099872,0,0.002077649066599241,0.0,zero,multiphase
adult,150,400,337,1,last_value,rational_fit,0,1,0.2761707124962399,0.272113009811212,0.00405770268502792,0.00405770268502792,0.00405770268502792,1.0,0.01491182905162489,1,1.0,0,0.5149587800046197,1,1.0,0,0.002077649066599241,0.0,zero,multiphase
adult,150,400,337,1,window_mean,rational_fit,0,1,0.2799926748302093,0.272113009811212,0.007879665018997284,0.00405770268502792,0.00405770268502792,1.9419030004518596,0.02895732557757558,1,1.9419030004518596,0,1.0,0,1.9419030004518596,0,0.002077649066599241,0.0,zero,multiphase
adult,150,400,337,1,window_min,rational_fit,0,1,0.2761707124962399,0.272113009811212,0.00405770268502792,0.00405770268502792,0.00405770268502792,1.0,0.01491182905162489,1,1.0,0,0.5149587800046197,1,1.0,0,0.002077649066599241,0.0,zero,multiphase
adult,150,400,337,1,cascade,rational_fit,1,0,0.26665462618888075,0.272113009811212,0.005458383622331253,0.00405770268502792,0.00405770268502792,1.3451906278080834,0.020059252683722103,1,1.3451906278080834,0,0.692717724569699,1,1.3451906278080834,0,0.002077649066599241,0.0,zero,multiphase
adult,150,500,337,1,richardson_1,rational_fit,0,0,0.2671944267712209,0.2729784847967337,0.005784058025512795,0.0031922276995062226,0.0031922276995062226,1.8119190013943802,0.021188695621267524,1,1.8119190013943802,0,0.824622372349206,1,1.8119190013943802,0,0.0023669327240199434,0.0,zero,multiphase
adult,150,500,337,1,rational_fit,rational_fit,0,0,0.2655303392132892,0.2729784847967337,0.0074481455834444765,0.0031922276995062226,0.0031922276995062226,2.3332125037936873,0.02728473487201947,1,2.3332125037936873,0,1.0618682339511496,0,2.3332125037936873,0,0.0023669327240199434,0.0,zero,multiphase
adult,150,500,337,1,constant_assumed,rational_fit,0,1,0.0,0.2729784847967337,0.2729784847967337,0.0031922276995062226,0.0031922276995062226,85.51347538239779,1.0,0,85.51347538239779,0,38.91803379918846,0,85.51347538239779,0,0.0023669327240199434,0.0,zero,multiphase
adult,150,500,337,1,last_value,rational_fit,0,1,0.2761707124962399,0.2729784847967337,0.0031922276995062226,0.0031922276995062226,0.0031922276995062226,1.0,0.011694063368705529,1,1.0,0,0.4551099534331334,1,1.0,0,0.0023669327240199434,0.0,zero,multiphase
adult,150,500,337,1,window_mean,rational_fit,0,1,0.2799926748302093,0.2729784847967337,0.007014190033475587,0.0031922276995062226,0.0031922276995062226,2.1972712142559723,0.025695028817741883,1,2.1972712142559723,0,1.0,0,2.1972712142559723,0,0.0023669327240199434,0.0,zero,multiphase
adult,150,500,337,1,window_min,rational_fit,0,1,0.2761707124962399,0.2729784847967337,0.0031922276995062226,0.0031922276995062226,0.0031922276995062226,1.0,0.011694063368705529,1,1.0,0,0.4551099534331334,1,1.0,0,0.0023669327240199434,0.0,zero,multiphase
adult,150,500,337,1,cascade,rational_fit,1,0,0.2655303392132892,0.2729784847967337,0.0074481455834444765,0.0031922276995062226,0.0031922276995062226,2.3332125037936873,0.02728473487201947,1,2.3332125037936873,0,1.0618682339511496,0,2.3332125037936873,0,0.0023669327240199434,0.0,zero,multiphase
jannis,30,300,500,0,richardson_1,rational_fit,0,0,0.6914227226905162,0.6937566748192046,0.0023339521286883658,0.13287862332027622,0.13287862332027622,0.017564541762769927,0.0033642229522283184,1,0.017564541762769927,1,0.010138855125984418,1,0.017564541762769927,1,0.007497427331163875,0.0,zero,multiphase
jannis,30,300,500,0,rational_fit,rational_fit,0,0,0.6447769307843744,0.6937566748192046,0.048979744034830186,0.13287862332027622,0.13287862332027622,0.36860514363378616,0.07060075356766042,1,0.36860514363378616,1,0.21277151436521588,1,0.36860514363378616,1,0.007497427331163875,0.0,zero,multiphase
jannis,30,300,500,0,constant_assumed,rational_fit,0,1,0.0,0.6937566748192046,0.6937566748192046,0.13287862332027622,0.13287862332027622,5.220980301301352,1.0,0,5.220980301301352,0,3.013728658877638,0,5.220980301301352,0,0.007497427331163875,0.0,zero,multiphase
jannis,30,300,500,0,last_value,rational_fit,0,1,0.8266352981394808,0.6937566748192046,0.13287862332027622,0.13287862332027622,0.13287862332027622,1.0,0.1915349115090026,1,1.0,0,0.5772342519902735,1,1.0,0,0.007497427331163875,0.0,zero,multiphase
jannis,30,300,500,0,window_mean,rational_fit,0,1,0.9239554595623443,0.6937566748192046,0.2301987847431397,0.13287862332027622,0.13287862332027622,1.732398929121154,0.33181487558751105,1,1.732398929121154,0,1.0,0,1.732398929121154,0,0.007497427331163875,0.0,zero,multiphase
jannis,30,300,500,0,window_min,rational_fit,0,1,0.8266352981394808,0.6937566748192046,0.13287862332027622,0.13287862332027622,0.13287862332027622,1.0,0.1915349115090026,1,1.0,0,0.5772342519902735,1,1.0,0,0.007497427331163875,0.0,zero,multiphase
jannis,30,300,500,0,cascade,rational_fit,1,0,0.6447769307843744,0.6937566748192046,0.048979744034830186,0.13287862332027622,0.13287862332027622,0.36860514363378616,0.07060075356766042,1,0.36860514363378616,1,0.21277151436521588,1,0.36860514363378616,1,0.007497427331163875,0.0,zero,multiphase
jannis,30,400,500,0,richardson_1,rational_fit,0,0,0.6738865547140837,0.6907154220228485,0.016828867308764872,0.13591987611663225,0.13591987611663225,0.12381461629882663,0.02436440069555618,1,0.12381461629882663,1,0.07215256645598488,1,0.12381461629882663,1,0.008517308415019853,0.0,zero,multiphase
jannis,30,400,500,0,rational_fit,rational_fit,0,0,0.6364037217003806,0.6907154220228485,0.054311700322467904,0.13591987611663225,0.13591987611663225,0.39958615232891526,0.07863108103683154,1,0.39958615232891526,1,0.23285753550468805,1,0.39958615232891526,1,0.008517308415019853,0.0,zero,multiphase
jannis,30,400,500,0,constant_assumed,rational_fit,0,1,0.0,0.6907154220228485,0.6907154220228485,0.13591987611663225,0.13591987611663225,5.081783781425379,1.0,0,5.081783781425379,0,2.96139303229998,0,5.081783781425379,0,0.008517308415019853,0.0,zero,multiphase
jannis,30,400,500,0,last_value,rational_fit,0,1,0.8266352981394808,0.6907154220228485,0.13591987611663225,0.13591987611663225,0.13591987611663225,1.0,0.19678129629504074,1,1.0,0,0.5827467597350915,1,1.0,0,0.008517308415019853,0.0,zero,multiphase
jannis,30,400,500,0,window_mean,rational_fit,0,1,0.9239554595623443,0.6907154220228485,0.23324003753949574,0.13591987611663225,0.13591987611663225,1.7160112575393571,0.33767891971547764,1,1.7160112575393571,0,1.0,0,1.7160112575393571,0,0.008517308415019853,0.0,zero,multiphase
jannis,30,400,500,0,window_min,rational_fit,0,1,0.8266352981394808,0.6907154220228485,0.13591987611663225,0.13591987611663225,0.13591987611663225,1.0,0.19678129629504074,1,1.0,0,0.5827467597350915,1,1.0,0,0.008517308415019853,0.0,zero,multiphase
jannis,30,400,500,0,cascade,rational_fit,1,0,0.6364037217003806,0.6907154220228485,0.054311700322467904,0.13591987611663225,0.13591987611663225,0.39958615232891526,0.07863108103683154,1,0.39958615232891526,1,0.23285753550468805,1,0.39958615232891526,1,0.008517308415019853,0.0,zero,multiphase
jannis,30,500,500,0,richardson_1,rational_fit,0,0,0.6605913175684236,0.6895512489191259,0.028959931350702295,0.1370840492203549,0.1370840492203549,0.21125675463635332,0.04199822913249319,1,0.21125675463635332,1,0.12354697584669921,1,0.21125675463635332,1,0.009168405206926744,0.0,zero,multiphase
jannis,30,500,500,0,rational_fit,rational_fit,0,0,0.6312332384664652,0.6895512489191259,0.05831801045266072,0.1370840492203549,0.1370840492203549,0.4254179153908549,0.08457385951236317,1,0.4254179153908549,1,0.24879250373802078,1,0.4254179153908549,1,0.009168405206926744,0.0,zero,multiphase
jannis,30,500,500,0,constant_assumed,rational_fit,0,1,0.0,0.6895512489191259,0.6895512489191259,0.1370840492203549,0.1370840492203549,5.030134817587064,1.0,0,5.030134817587064,0,2.941718696208393,0,5.030134817587064,0,0.009168405206926744,0.0,zero,multiphase
jannis,30,500,500,0,last_value,rational_fit,0,1,0.8266352981394808,0.6895512489191259,0.1370840492203549,0.1370840492203549,0.1370840492203549,1.0,0.19880182863164214,1,1.0,0,0.5848190561261187,1,1.0,0,0.009168405206926744,0.0,zero,multiphase
jannis,30,500,500,0,window_mean,rational_fit,0,1,0.9239554595623443,0.6895512489191259,0.23440421064321837,0.1370840492203549,0.1370840492203549,1.7099306007982504,0.3399373302718947,1,1.7099306007982504,0,1.0,0,1.7099306007982504,0,0.009168405206926744,0.0,zero,multiphase
jannis,30,500,500,0,window_min,rational_fit,0,1,0.8266352981394808,0.6895512489191259,0.1370840492203549,0.1370840492203549,0.1370840492203549,1.0,0.19880182863164214,1,1.0,0,0.5848190561261187,1,1.0,0,0.009168405206926744,0.0,zero,multiphase
jannis,30,500,500,0,cascade,rational_fit,1,0,0.6312332384664652,0.6895512489191259,0.05831801045266072,0.1370840492203549,0.1370840492203549,0.4254179153908549,0.08457385951236317,1,0.4254179153908549,1,0.24879250373802078,1,0.4254179153908549,1,0.009168405206926744,0.0,zero,multiphase
jannis,60,300,500,0,richardson_1,richardson_1,0,0,0.650776752272607,0.6937566748192046,0.04297992254659755,0.06419233028404658,0.06419233028404658,0.6695491868952941,0.06195244544176569,1,0.6695491868952941,1,0.26738445869876754,1,0.6695491868952941,1,0.0014560221031153509,0.0,zero,multiphase
jannis,60,300,500,0,rational_fit,richardson_1,0,0,0.6651455562673635,0.6937566748192046,0.028611118551841064,0.06419233028404658,0.06419233028404658,0.4457092993078591,0.04124085517346154,1,0.4457092993078591,1,0.17799400262892992,1,0.4457092993078591,1,0.0014560221031153509,0.0,zero,multiphase
jannis,60,300,500,0,constant_assumed,richardson_1,0,1,0.0,0.6937566748192046,0.6937566748192046,0.06419233028404658,0.06419233028404658,10.807469860486131,1.0,0,10.807469860486131,0,4.315962942094104,0,10.807469860486131,0,0.0014560221031153509,0.0,zero,multiphase
jannis,60,300,500,0,last_value,richardson_1,0,1,0.7579490051032511,0.6937566748192046,0.06419233028404658,0.06419233028404658,0.06419233028404658,1.0,0.09252859484310595,1,1.0,0,0.39934998642688496,1,1.0,0,0.0014560221031153509,0.0,zero,multiphase
jannis,60,300,500,0,window_mean,richardson_1,0,1,0.8544987117938302,0.6937566748192046,0.16074203697462564,0.06419233028404658,0.06419233028404658,2.5040691974158493,0.2316980042267926,1,2.5040691974158493,0,1.0,0,2.5040691974158493,0,0.0014560221031153509,0.0,zero,multiphase
jannis,60,300,500,0,window_min,richardson_1,0,1,0.7579490051032511,0.6937566748192046,0.06419233028404658,0.06419233028404658,0.06419233028404658,1.0,0.09252859484310595,1,1.0,0,0.39934998642688496,1,1.0,0,0.0014560221031153509,0.0,zero,multiphase
jannis,60,300,500,0,cascade,richardson_1,1,0,0.650776752272607,0.6937566748192046,0.04297992254659755,0.06419233028404658,0.06419233028404658,0.6695491868952941,0.06195244544176569,1,0.6695491868952941,1,0.26738445869876754,1,0.6695491868952941,1,0.0014560221031153509,0.0,zero,multiphase
jannis,60,400,500,0,richardson_1,richardson_1,0,0,0.631475960637535,0.6907154220228485,0.05923946138531355,0.06723358308040261,0.06723358308040261,0.8810992761529736,0.08576536659891451,1,0.8810992761529736,1,0.36169417202541326,1,0.8810992761529736,1,0.0014994187555191774,0.0,zero,multiphase
jannis,60,400,500,0,rational_fit,richardson_1,0,0,0.6579322443241438,0.6907154220228485,0.03278317769870476,0.06723358308040261,0.06723358308040261,0.48760122838463543,0.047462640406515065,1,0.48760122838463543,1,0.20016191972053746,1,0.48760122838463543,1,0.0014994187555191774,0.0,zero,multiphase
jannis,60,400,500,0,constant_assumed,richardson_1,0,1,0.0,0.6907154220228485,0.6907154220228485,0.06723358308040261,0.06723358308040261,10.273369205934522,1.0,0,10.273369205934522,0,4.217252095672743,0,10.273369205934522,0,0.0014994187555191774,0.0,zero,multiphase
jannis,60,400,500,0,last_value,richardson_1,0,1,0.7579490051032511,0.6907154220228485,0.06723358308040261,0.06723358308040261,0.06723358308040261,1.0,0.09733905011632787,1,1.0,0,0.4105033130938779,1,1.0,0,0.0014994187555191774,0.0,zero,multiphase
jannis,60,400,500,0,window_mean,richardson_1,0,1,0.8544987117938302,0.6907154220228485,0.16378328977098167,0.06723358308040261,0.06723358308040261,2.4360339322555244,0.23712122901689575,1,2.4360339322555244,0,1.0,0,2.4360339322555244,0,0.0014994187555191774,0.0,zero,multiphase
jannis,60,400,500,0,window_min,richardson_1,0,1,0.7579490051032511,0.6907154220228485,0.06723358308040261,0.06723358308040261,0.06723358308040261,1.0,0.09733905011632787,1,1.0,0,0.4105033130938779,1,1.0,0,0.0014994187555191774,0.0,zero,multiphase
jannis,60,400,500,0,cascade,richardson_1,1,0,0.631475960637535,0.6907154220228485,0.05923946138531355,0.06723358308040261,0.06723358308040261,0.8810992761529736,0.08576536659891451,1,0.8810992761529736,1,0.36169417202541326,1,0.8810992761529736,1,0.0014994187555191774,0.0,zero,multiphase
jannis,60,500,500,0,richardson_1,richardson_1,0,0,0.6169001886209579,0.6895512489191259,0.07265106029816804,0.06839775618412525,0.06839775618412525,1.0621848486168608,0.10535991401951462,1,1.0621848486168608,0,0.4404496985404043,1,1.0621848486168608,0,0.0015303765916031553,0.0,zero,multiphase
jannis,60,500,500,0,rational_fit,richardson_1,0,0,0.6534917494184824,0.6895512489191259,0.036059499500643466,0.06839775618412525,0.06839775618412525,0.5272029597516633,0.052294154433288116,1,0.5272029597516633,1,0.2186120287769119,1,0.5272029597516633,1,0.0015303765916031553,0.0,zero,multiphase
jannis,60,500,500,0,constant_assumed,richardson_1,0,1,0.0,0.6895512489191259,0.6895512489191259,0.06839775618412525,0.06839775618412525,10.081489326387684,1.0,0,10.081489326387684,0,4.18042955557865,0,10.081489326387684,0,0.0015303765916031553,0.0,zero,multiphase
jannis,60,500,500,0,last_value,richardson_1,0,1,0.7579490051032511,0.6895512489191259,0.06839775618412525,0.06839775618412525,0.06839775618412525,1.0,0.09919169357076646,1,1.0,0,0.41466388747113286,1,1.0,0,0.0015303765916031553,0.0,zero,multiphase
jannis,60,500,500,0,window_mean,richardson_1,0,1,0.8544987117938302,0.6895512489191259,0.1649474628747043,0.06839775618412525,0.06839775618412525,2.411591725767573,0.23920986748013298,1,2.411591725767573,0,1.0,0,2.411591725767573,0,0.0015303765916031553,0.0,zero,multiphase
jannis,60,500,500,0,window_min,richardson_1,0,1,0.7579490051032511,0.6895512489191259,0.06839775618412525,0.06839775618412525,0.06839775618412525,1.0,0.09919169357076646,1,1.0,0,0.41466388747113286,1,1.0,0,0.0015303765916031553,0.0,zero,multiphase
jannis,60,500,500,0,cascade,richardson_1,1,0,0.6169001886209579,0.6895512489191259,0.07265106029816804,0.06839775618412525,0.06839775618412525,1.0621848486168608,0.10535991401951462,1,1.0621848486168608,0,0.4404496985404043,1,1.0621848486168608,0,0.0015303765916031553,0.0,zero,multiphase
jannis,90,300,500,0,richardson_1,richardson_1,0,0,0.6837458250399715,0.6937566748192046,0.010010849779233055,0.03735833530107924,0.03735833530107924,0.26796830475858635,0.01442991490041075,1,0.26796830475858635,1,0.14300083223070845,1,0.26796830475858635,1,0.005860666192774255,0.0,zero,rational_decay
jannis,90,300,500,0,rational_fit,richardson_1,0,0,0.6887423753909927,0.6937566748192046,0.005014299428211855,0.03735833530107924,0.03735833530107924,0.13422170414715984,0.007227749454833857,1,0.13422170414715984,1,0.0716271852141602,1,0.13422170414715984,1,0.005860666192774255,0.0,zero,rational_decay
jannis,90,300,500,0,constant_assumed,richardson_1,0,1,0.0,0.6937566748192046,0.6937566748192046,0.03735833530107924,0.03735833530107924,18.570331606803762,1.0,0,18.570331606803762,0,9.910026027016826,0,18.570331606803762,0,0.005860666192774255,0.0,zero,rational_decay
jannis,90,300,500,0,last_value,richardson_1,0,1,0.7311150101202838,0.6937566748192046,0.03735833530107924,0.03735833530107924,0.03735833530107924,1.0,0.053849334582351874,1,1.0,0,0.5336483072486443,1,1.0,0,0.005860666192774255,0.0,zero,rational_decay
jannis,90,300,500,0,window_mean,richardson_1,0,1,0.7637622099134492,0.6937566748192046,0.07000553509424468,0.03735833530107924,0.03735833530107924,1.873893323405722,0.10090790854371004,1,1.873893323405722,0,1.0,0,1.873893323405722,0,0.005860666192774255,0.0,zero,rational_decay
jannis,90,300,500,0,window_min,richardson_1,0,1,0.7311150101202838,0.6937566748192046,0.03735833530107924,0.03735833530107924,0.03735833530107924,1.0,0.053849334582351874,1,1.0,0,0.5336483072486443,1,1.0,0,0.005860666192774255,0.0,zero,rational_decay
jannis,90,300,500,0,cascade,richardson_1,1,0,0.6837458250399715,0.6937566748192046,0.010010849779233055,0.03735833530107924,0.03735833530107924,0.26796830475858635,0.01442991490041075,1,0.26796830475858635,1,0.14300083223070845,1,0.26796830475858635,1,0.005860666192774255,0.0,zero,rational_decay
jannis,90,400,500,0,richardson_1,richardson_1,0,0,0.6772789026364402,0.6907154220228485,0.01343651938640833,0.04039958809743527,0.04039958809743527,0.33259050448737953,0.019453046736755585,1,0.33259050448737953,1,0.18394401416434183,1,0.33259050448737953,1,0.006580267590601596,0.0,zero,rational_decay
jannis,90,400,500,0,rational_fit,richardson_1,0,0,0.6838709748291768,0.6907154220228485,0.006844447193671721,0.04039958809743527,0.04039958809743527,0.169418737071387,0.009909214381846117,1,0.169418737071387,1,0.09369949577964166,1,0.169418737071387,1,0.006580267590601596,0.0,zero,rational_decay
jannis,90,400,500,0,constant_assumed,richardson_1,0,1,0.0,0.6907154220228485,0.6907154220228485,0.04039958809743527,0.04039958809743527,17.097090701939557,1.0,0,17.097090701939557,0,9.455794593696655,0,17.097090701939557,0,0.006580267590601596,0.0,zero,rational_decay
jannis,90,400,500,0,last_value,richardson_1,0,1,0.7311150101202838,0.6907154220228485,0.04039958809743527,0.04039958809743527,0.04039958809743527,1.0,0.05848948323626524,1,1.0,0,0.553064539373588,1,1.0,0,0.006580267590601596,0.0,zero,rational_decay
jannis,90,400,500,0,window_mean,richardson_1,0,1,0.7637622099134492,0.6907154220228485,0.0730467878906007,0.04039958809743527,0.04039958809743527,1.8081072439260344,0.10575525833298154,1,1.8081072439260344,0,1.0,0,1.8081072439260344,0,0.006580267590601596,0.0,zero,rational_decay
jannis,90,400,500,0,window_min,richardson_1,0,1,0.7311150101202838,0.6907154220228485,0.04039958809743527,0.04039958809743527,0.04039958809743527,1.0,0.05848948323626524,1,1.0,0,0.553064539373588,1,1.0,0,0.006580267590601596,0.0,zero,rational_decay
jannis,90,400,500,0,cascade,richardson_1,1,0,0.6772789026364402,0.6907154220228485,0.01343651938640833,0.04039958809743527,0.04039958809743527,0.33259050448737953,0.019453046736755585,1,0.33259050448737953,1,0.18394401416434183,1,0.33259050448737953,1,0.006580267590601596,0.0,zero,rational_decay
jannis,90,500,500,0,richardson_1,richardson_1,0,0,0.6730941279134489,0.6895512489191259,0.016457121005676978,0.0415637612011579,0.0415637612011579,0.39594879120849413,0.02386642186708178,1,0.39594879120849413,1,0.22176132454255432,1,0.39594879120849413,1,0.007355193813027072,0.0,zero,rational_decay
jannis,90,500,500,0,rational_fit,richardson_1,0,0,0.6809142046701738,0.6895512489191259,0.008637044248952064,0.0415637612011579,0.0415637612011579,0.207802277737835,0.012525601632207414,1,0.207802277737835,1,0.11638502093528666,1,0.207802277737835,1,0.007355193813027072,0.0,zero,rational_decay
jannis,90,500,500,0,constant_assumed,richardson_1,0,1,0.0,0.6895512489191259,0.6895512489191259,0.0415637612011579,0.0415637612011579,16.590203316342702,1.0,0,16.590203316342702,0,9.291770914701834,0,16.590203316342702,0,0.007355193813027072,0.0,zero,rational_decay
jannis,90,500,500,0,last_value,richardson_1,0,1,0.7311150101202838,0.6895512489191259,0.0415637612011579,0.0415637612011579,0.0415637612011579,1.0,0.06027653675678095,1,1.0,0,0.5600757710756132,1,1.0,0,0.007355193813027072,0.0,zero,rational_decay
jannis,90,500,500,0,window_mean,richardson_1,0,1,0.7637622099134492,0.6895512489191259,0.07421096099432334,0.0415637612011579,0.0415637612011579,1.785472701451666,0.10762211091728031,1,1.785472701451666,0,1.0,0,1.785472701451666,0,0.007355193813027072,0.0,zero,rational_decay
jannis,90,500,500,0,window_min,richardson_1,0,1,0.7311150101202838,0.6895512489191259,0.0415637612011579,0.0415637612011579,0.0415637612011579,1.0,0.06027653675678095,1,1.0,0,0.5600757710756132,1,1.0,0,0.007355193813027072,0.0,zero,rational_decay
jannis,90,500,500,0,cascade,richardson_1,1,0,0.6730941279134489,0.6895512489191259,0.016457121005676978,0.0415637612011579,0.0415637612011579,0.39594879120849413,0.02386642186708178,1,0.39594879120849413,1,0.22176132454255432,1,0.39594879120849413,1,0.007355193813027072,0.0,zero,rational_decay
jannis,120,300,500,0,richardson_1,rational_fit,0,0,0.6851346261503485,0.6937566748192046,0.008622048668856075,0.022600011137810183,0.022600011137810183,0.38150639025266886,0.012428058686574815,1,0.38150639025266886,1,0.22137840239135967,1,0.38150639025266886,1,0.013945222184794548,0.0,zero,multiphase
jannis,120,300,500,0,rational_fit,rational_fit,0,0,0.6870765666578168,0.6937566748192046,0.006680108161387754,0.022600011137810183,0.022600011137810183,0.2955798614723612,0.009628892094088485,1,0.2955798614723612,1,0.17151743505128084,1,0.2955798614723612,1,0.013945222184794548,0.0,zero,multiphase
jannis,120,300,500,0,constant_assumed,rational_fit,0,1,0.0,0.6937566748192046,0.6937566748192046,0.022600011137810183,0.022600011137810183,30.6971828725579,1.0,0,30.6971828725579,0,17.812790233320968,0,30.6971828725579,0,0.013945222184794548,0.0,zero,multiphase
jannis,120,300,500,0,last_value,rational_fit,0,1,0.7163566859570147,0.6937566748192046,0.022600011137810183,0.022600011137810183,0.022600011137810183,1.0,0.03257627920293499,1,1.0,0,0.5802744280239772,1,1.0,0,0.013945222184794548,0.0,zero,multiphase
jannis,120,300,500,0,window_mean,rational_fit,0,1,0.7327037833705335,0.6937566748192046,0.03894710855132899,0.022600011137810183,0.022600011137810183,1.7233225379331716,0.056139436152421514,1,1.7233225379331716,0,1.0,0,1.7233225379331716,0,0.013945222184794548,0.0,zero,multiphase
jannis,120,300,500,0,window_min,rational_fit,0,1,0.7163566859570147,0.6937566748192046,0.022600011137810183,0.022600011137810183,0.022600011137810183,1.0,0.03257627920293499,1,1.0,0,0.5802744280239772,1,1.0,0,0.013945222184794548,0.0,zero,multiphase
jannis,120,300,500,0,cascade,rational_fit,1,0,0.6870765666578168,0.6937566748192046,0.006680108161387754,0.022600011137810183,0.022600011137810183,0.2955798614723612,0.009628892094088485,1,0.2955798614723612,1,0.17151743505128084,1,0.2955798614723612,1,0.013945222184794548,0.0,zero,multiphase
jannis,120,400,500,0,richardson_1,rational_fit,0,0,0.6788207958978292,0.6907154220228485,0.011894626125019347,0.025641263934166214,0.025641263934166214,0.4638861077815324,0.01722073338131703,1,0.4638861077815324,1,0.28328388494434886,1,0.4638861077815324,1,0.01804722554493743,0.0,zero,multiphase
jannis,120,400,500,0,rational_fit,rational_fit,0,0,0.6817904198507238,0.6907154220228485,0.008925002172124774,0.025641263934166214,0.025641263934166214,0.34807184993062984,0.012921388299086711,1,0.34807184993062984,1,0.2125589540925689,1,0.34807184993062984,1,0.01804722554493743,0.0,zero,multiphase
jannis,120,400,500,0,constant_assumed,rational_fit,0,1,0.0,0.6907154220228485,0.6907154220228485,0.025641263934166214,0.025641263934166214,26.937651115649217,1.0,0,26.937651115649217,0,16.4501638038068,0,26.937651115649217,0,0.01804722554493743,0.0,zero,multiphase
jannis,120,400,500,0,last_value,rational_fit,0,1,0.7163566859570147,0.6907154220228485,0.025641263934166214,0.025641263934166214,0.025641263934166214,1.0,0.03712276158402905,1,1.0,0,0.6106755089069441,1,1.0,0,0.01804722554493743,0.0,zero,multiphase
jannis,120,400,500,0,window_mean,rational_fit,0,1,0.7327037833705335,0.6907154220228485,0.04198836134768502,0.025641263934166214,0.025641263934166214,1.637530874277098,0.06078966823227536,1,1.637530874277098,0,1.0,0,1.637530874277098,0,0.01804722554493743,0.0,zero,multiphase
jannis,120,400,500,0,window_min,rational_fit,0,1,0.7163566859570147,0.6907154220228485,0.025641263934166214,0.025641263934166214,0.025641263934166214,1.0,0.03712276158402905,1,1.0,0,0.6106755089069441,1,1.0,0,0.01804722554493743,0.0,zero,multiphase
jannis,120,400,500,0,cascade,rational_fit,1,0,0.6817904198507238,0.6907154220228485,0.008925002172124774,0.025641263934166214,0.025641263934166214,0.34807184993062984,0.012921388299086711,1,0.34807184993062984,1,0.2125589540925689,1,0.34807184993062984,1,0.01804722554493743,0.0,zero,multiphase
jannis,120,500,500,0,richardson_1,rational_fit,0,0,0.6747341387668006,0.6895512489191259,0.014817110152325341,0.026805437037888846,0.026805437037888846,0.5527651025193773,0.02148804773474229,1,0.5527651025193773,1,0.34336593066185483,1,0.5527651025193773,1,0.02083644307041921,0.0,zero,multiphase
jannis,120,500,500,0,rational_fit,rational_fit,0,0,0.6785594910025196,0.6895512489191259,0.010991757916606337,0.026805437037888846,0.026805437037888846,0.41005703063411164,0.01594045103077684,1,0.41005703063411164,1,0.25471871018337794,1,0.41005703063411164,1,0.02083644307041921,0.0,zero,multiphase
jannis,120,500,500,0,constant_assumed,rational_fit,0,1,0.0,0.6895512489191259,0.6895512489191259,0.026805437037888846,0.026805437037888846,25.7243054065659,1.0,0,25.7243054065659,0,15.979391655329122,0,25.7243054065659,0,0.02083644307041921,0.0,zero,multiphase
jannis,120,500,500,0,last_value,rational_fit,0,1,0.7163566859570147,0.6895512489191259,0.026805437037888846,0.026805437037888846,0.026805437037888846,1.0,0.03887374155279461,1,1.0,0,0.6211787413801472,1,1.0,0,0.02083644307041921,0.0,zero,multiphase
jannis,120,500,500,0,window_mean,rational_fit,0,1,0.7327037833705335,0.6895512489191259,0.043152534451407654,0.026805437037888846,0.026805437037888846,1.6098425998581025,0.06258060516756284,1,1.6098425998581025,0,1.0,0,1.6098425998581025,0,0.02083644307041921,0.0,zero,multiphase
jannis,120,500,500,0,window_min,rational_fit,0,1,0.7163566859570147,0.6895512489191259,0.026805437037888846,0.026805437037888846,0.026805437037888846,1.0,0.03887374155279461,1,1.0,0,0.6211787413801472,1,1.0,0,0.02083644307041921,0.0,zero,multiphase
jannis,120,500,500,0,cascade,rational_fit,1,0,0.6785594910025196,0.6895512489191259,0.010991757916606337,0.026805437037888846,0.026805437037888846,0.41005703063411164,0.01594045103077684,1,0.41005703063411164,1,0.25471871018337794,1,0.41005703063411164,1,0.02083644307041921,0.0,zero,multiphase
jannis,150,300,500,0,richardson_1,rational_fit,0,0,0.6894836208163876,0.6937566748192046,0.004273054002816967,0.014082147205104145,0.014082147205104145,0.30343767470831273,0.006159297860349294,1,0.30343767470831273,1,0.18239151042339513,1,0.30343767470831273,1,0.010053500977518337,0.0,zero,multiphase
jannis,150,300,500,0,rational_fit,rational_fit,0,0,0.6892705394720567,0.6937566748192046,0.004486135347147813,0.014082147205104145,0.014082147205104145,0.3185689853832653,0.006466439185348257,1,0.3185689853832653,1,0.19148669812987618,1,0.3185689853832653,1,0.010053500977518337,0.0,zero,multiphase
jannis,150,300,500,0,constant_assumed,rational_fit,0,1,0.0,0.6937566748192046,0.6937566748192046,0.014082147205104145,0.014082147205104145,49.26497818228665,1.0,0,49.26497818228665,0,29.612386762060524,0,49.26497818228665,0,0.010053500977518337,0.0,zero,multiphase
jannis,150,300,500,0,last_value,rational_fit,0,1,0.7078388220243087,0.6937566748192046,0.014082147205104145,0.014082147205104145,0.014082147205104145,1.0,0.020298395267726976,1,1.0,0,0.6010839313171104,1,1.0,0,0.010053500977518337,0.0,zero,multiphase
jannis,150,300,500,0,window_mean,rational_fit,0,1,0.7171845963978882,0.6937566748192046,0.023427921578683675,0.014082147205104145,0.014082147205104145,1.663661175917271,0.03376965214034024,1,1.663661175917271,0,1.0,0,1.663661175917271,0,0.010053500977518337,0.0,zero,multiphase
jannis,150,300,500,0,window_min,rational_fit,0,1,0.7078388220243087,0.6937566748192046,0.014082147205104145,0.014082147205104145,0.014082147205104145,1.0,0.020298395267726976,1,1.0,0,0.6010839313171104,1,1.0,0,0.010053500977518337,0.0,zero,multiphase
jannis,150,300,500,0,cascade,rational_fit,1,0,0.6892705394720567,0.6937566748192046,0.004486135347147813,0.014082147205104145,0.014082147205104145,0.3185689853832653,0.006466439185348257,1,0.3185689853832653,1,0.19148669812987618,1,0.3185689853832653,1,0.010053500977518337,0.0,zero,multiphase
jannis,150,400,500,0,richardson_1,rational_fit,0,0,0.684939489274662,0.6907154220228485,0.005775932748186552,0.017123400001460176,0.017123400001460176,0.337312259696907,0.008362246685141319,1,0.337312259696907,1,0.21821355915178173,1,0.337312259696907,1,0.01383235855782139,0.0,zero,multiphase
jannis,150,400,500,0,rational_fit,rational_fit,0,0,0.6846688925293875,0.6907154220228485,0.0060465294934610725,0.017123400001460176,0.017123400001460176,0.3531150059535759,0.008754009684267707,1,0.3531150059535759,1,0.2284366489029185,1,0.3531150059535759,1,0.01383235855782139,0.0,zero,multiphase
jannis,150,400,500,0,constant_assumed,rational_fit,0,1,0.0,0.6907154220228485,0.6907154220228485,0.017123400001460176,0.017123400001460176,40.337516028589455,1.0,0,40.337516028589455,0,26.095087524686438,0,40.337516028589455,0,0.01383235855782139,0.0,zero,multiphase
jannis,150,400,500,0,last_value,rational_fit,0,1,0.7078388220243087,0.6907154220228485,0.017123400001460176,0.017123400001460176,0.017123400001460176,1.0,0.024790817542935564,1,1.0,0,0.6469185535914356,1,1.0,0,0.01383235855782139,0.0,zero,multiphase
jannis,150,400,500,0,window_mean,rational_fit,0,1,0.7171845963978882,0.6907154220228485,0.026469174375039706,0.017123400001460176,0.017123400001460176,1.5457896429904447,0.03832138899913562,1,1.5457896429904447,0,1.0,0,1.5457896429904447,0,0.01383235855782139,0.0,zero,multiphase
jannis,150,400,500,0,window_min,rational_fit,0,1,0.7078388220243087,0.6907154220228485,0.017123400001460176,0.017123400001460176,0.017123400001460176,1.0,0.024790817542935564,1,1.0,0,0.6469185535914356,1,1.0,0,0.01383235855782139,0.0,zero,multiphase
jannis,150,400,500,0,cascade,rational_fit,1,0,0.6846688925293875,0.6907154220228485,0.0060465294934610725,0.017123400001460176,0.017123400001460176,0.3531150059535759,0.008754009684267707,1,0.3531150059535759,1,0.2284366489029185,1,0.3531150059535759,1,0.01383235855782139,0.0,zero,multiphase
jannis,150,500,500,0,richardson_1,rational_fit,0,0,0.6822003494171782,0.6895512489191259,0.007350899501947672,0.01828757310518281,0.01828757310518281,0.40196145544672535,0.01066041068516696,1,0.40196145544672535,1,0.2660155273477895,1,0.40196145544672535,1,0.016499400845028878,0.0,zero,multiphase
jannis,150,500,500,0,rational_fit,rational_fit,0,0,0.6818976308939998,0.6895512489191259,0.007653618025126097,0.01828757310518281,0.01828757310518281,0.41851469197719926,0.011099418697483574,1,0.41851469197719926,1,0.2769703537006618,1,0.41851469197719926,1,0.016499400845028878,0.0,zero,multiphase
jannis,150,500,500,0,constant_assumed,rational_fit,0,1,0.0,0.6895512489191259,0.6895512489191259,0.01828757310518281,0.01828757310518281,37.70600095229164,1.0,0,37.70600095229164,0,24.953590926654176,0,37.70600095229164,0,0.016499400845028878,0.0,zero,multiphase
jannis,150,500,500,0,last_value,rational_fit,0,1,0.7078388220243087,0.6895512489191259,0.01828757310518281,0.01828757310518281,0.01828757310518281,1.0,0.026520977423866096,1,1.0,0,0.6617936216101852,1,1.0,0,0.016499400845028878,0.0,zero,multiphase
jannis,150,500,500,0,window_mean,rational_fit,0,1,0.7171845963978882,0.6895512489191259,0.027633347478762338,0.01828757310518281,0.01828757310518281,1.5110450861810023,0.04007439261705016,1,1.5110450861810023,0,1.0,0,1.5110450861810023,0,0.016499400845028878,0.0,zero,multiphase
jannis,150,500,500,0,window_min,rational_fit,0,1,0.7078388220243087,0.6895512489191259,0.01828757310518281,0.01828757310518281,0.01828757310518281,1.0,0.026520977423866096,1,1.0,0,0.6617936216101852,1,1.0,0,0.016499400845028878,0.0,zero,multiphase
jannis,150,500,500,0,cascade,rational_fit,1,0,0.6818976308939998,0.6895512489191259,0.007653618025126097,0.01828757310518281,0.01828757310518281,0.41851469197719926,0.011099418697483574,1,0.41851469197719926,1,0.2769703537006618,1,0.41851469197719926,1,0.016499400845028878,0.0,zero,multiphase
miniboone,30,300,500,0,richardson_1,richardson_1,0,0,0.16427784511511034,0.1410897556232803,0.023188089491830044,0.11193888399769919,0.11193888399769919,0.20714955039489813,0.16434991604736984,1,0.20714955039489813,1,0.10566983740057659,1,0.20714955039489813,1,0.0006138355026998055,0.0,zero,rational_decay
miniboone,30,300,500,0,rational_fit,richardson_1,0,0,0.0936079480930802,0.1410897556232803,0.04748180753020009,0.11193888399769919,0.11193888399769919,0.4241761739484203,0.3365361809611458,1,0.4241761739484203,1,0.2163781057930416,1,0.4241761739484203,1,0.0006138355026998055,0.0,zero,rational_decay
miniboone,30,300,500,0,constant_assumed,richardson_1,0,1,0.0,0.1410897556232803,0.1410897556232803,0.11193888399769919,0.11193888399769919,1.260417743901934,1.0,0,1.260417743901934,0,0.6429564428260484,1,1.260417743901934,0,0.0006138355026998055,0.0,zero,rational_decay
miniboone,30,300,500,0,last_value,richardson_1,0,1,0.2530286396209795,0.1410897556232803,0.11193888399769919,0.11193888399769919,0.11193888399769919,1.0,0.7933877516705322,1,1.0,0,0.5101137665958416,1,1.0,0,0.0006138355026998055,0.0,zero,rational_decay
miniboone,30,300,500,0,window_mean,richardson_1,0,1,0.36052881280596427,0.1410897556232803,0.21943905718268397,0.11193888399769919,0.11193888399769919,1.960347015673252,1.5553153112590392,0,1.960347015673252,0,1.0,0,1.960347015673252,0,0.0006138355026998055,0.0,zero,rational_decay
miniboone,30,300,500,0,window_min,richardson_1,0,1,0.2530286396209795,0.1410897556232803,0.11193888399769919,0.11193888399769919,0.11193888399769919,1.0,0.7933877516705322,1,1.0,0,0.5101137665958416,1,1.0,0,0.0006138355026998055,0.0,zero,rational_decay
miniboone,30,300,500,0,cascade,richardson_1,1,0,0.16427784511511034,0.1410897556232803,0.023188089491830044,0.11193888399769919,0.11193888399769919,0.20714955039489813,0.16434991604736984,1,0.20714955039489813,1,0.10566983740057659,1,0.20714955039489813,1,0.0006138355026998055,0.0,zero,rational_decay
miniboone,30,400,500,0,richardson_1,richardson_1,0,0,0.1533919892879067,0.1384659255516576,0.014926063736249107,0.11456271406932189,0.11456271406932189,0.1302872741581292,0.10779593374169609,1,0.1302872741581292,1,0.06721548080727133,1,0.1302872741581292,1,0.0005649102888095059,0.0,zero,rational_decay
miniboone,30,400,500,0,rational_fit,richardson_1,0,0,0.08707482975513729,0.1384659255516576,0.051391095796520306,0.11456271406932189,0.11456271406932189,0.44858483158336804,0.3711461544908952,1,0.44858483158336804,1,0.23142586513192168,1,0.44858483158336804,1,0.0005649102888095059,0.0,zero,rational_decay
miniboone,30,400,500,0,constant_assumed,richardson_1,0,1,0.0,0.1384659255516576,0.1384659255516576,0.11456271406932189,0.11456271406932189,1.208647391749744,1.0,0,1.208647391749744,0,0.6235437504380742,1,1.208647391749744,0,0.0005649102888095059,0.0,zero,rational_decay
miniboone,30,400,500,0,last_value,richardson_1,0,1,0.2530286396209795,0.1384659255516576,0.11456271406932189,0.11456271406932189,0.11456271406932189,1.0,0.8273711645149975,1,1.0,0,0.5159021189259984,1,1.0,0,0.0005649102888095059,0.0,zero,rational_decay
miniboone,30,400,500,0,window_mean,richardson_1,0,1,0.36052881280596427,0.1384659255516576,0.22206288725430667,0.11456271406932189,0.11456271406932189,1.9383521860344233,1.6037367053994918,0,1.9383521860344233,0,1.0,0,1.9383521860344233,0,0.0005649102888095059,0.0,zero,rational_decay
miniboone,30,400,500,0,window_min,richardson_1,0,1,0.2530286396209795,0.1384659255516576,0.11456271406932189,0.11456271406932189,0.11456271406932189,1.0,0.8273711645149975,1,1.0,0,0.5159021189259984,1,1.0,0,0.0005649102888095059,0.0,zero,rational_decay
miniboone,30,400,500,0,cascade,richardson_1,1,0,0.1533919892879067,0.1384659255516576,0.014926063736249107,0.11456271406932189,0.11456271406932189,0.1302872741581292,0.10779593374169609,1,0.1302872741581292,1,0.06721548080727133,1,0.1302872741581292,1,0.0005649102888095059,0.0,zero,rational_decay
miniboone,30,500,500,0,richardson_1,richardson_1,0,0,0.14544753766592616,0.1371171131773968,0.008330424488529359,0.11591152644358269,0.11591152644358269,0.07186881878036525,0.06075408310085831,1,0.07186881878036525,1,0.0372873242644816,1,0.07186881878036525,1,0.0005512858592739978,0.0,zero,rational_decay
miniboone,30,500,500,0,rational_fit,richardson_1,0,0,0.08307265368295974,0.1371171131773968,0.054044459494437064,0.11591152644358269,0.11591152644358269,0.4662561278644017,0.39414817189533763,1,0.4662561278644017,1,0.2419052340781102,1,0.4662561278644017,1,0.0005512858592739978,0.0,zero,rational_decay
miniboone,30,500,500,0,constant_assumed,richardson_1,0,1,0.0,0.1371171131773968,0.1371171131773968,0.11591152644358269,0.11591152644358269,1.1829463159053077,1.0,0,1.1829463159053077,0,0.6137418649308004,1,1.1829463159053077,0,0.0005512858592739978,0.0,zero,rational_decay
miniboone,30,500,500,0,last_value,richardson_1,0,1,0.2530286396209795,0.1371171131773968,0.11591152644358269,0.11591152644358269,0.11591152644358269,1.0,0.8453468991403054,1,1.0,0,0.5188247823918403,1,1.0,0,0.0005512858592739978,0.0,zero,rational_decay
miniboone,30,500,500,0,window_mean,richardson_1,0,1,0.36052881280596427,0.1371171131773968,0.22341169962856747,0.11591152644358269,0.11591152644358269,1.9274329868937414,1.629349498771361,0,1.9274329868937414,0,1.0,0,1.9274329868937414,0,0.0005512858592739978,0.0,zero,rational_decay
miniboone,30,500,500,0,window_min,richardson_1,0,1,0.2530286396209795,0.1371171131773968,0.11591152644358269,0.11591152644358269,0.11591152644358269,1.0,0.8453468991403054,1,1.0,0,0.5188247823918403,1,1.0,0,0.0005512858592739978,0.0,zero,rational_decay
miniboone,30,500,500,0,cascade,richardson_1,1,0,0.14544753766592616,0.1371171131773968,0.008330424488529359,0.11591152644358269,0.11591152644358269,0.07186881878036525,0.06075408310085831,1,0.07186881878036525,1,0.0372873242644816,1,0.07186881878036525,1,0.0005512858592739978,0.0,zero,rational_decay
miniboone,60,300,500,0,richardson_1,richardson_1,0,0,0.13430860203303358,0.1410897556232803,0.006781153590246725,0.049395814223043094,0.049395814223043094,0.1372819478109407,0.048062692860230675,1,0.1372819478109407,1,0.046346441386004376,1,0.1372819478109407,1,0.00022055092402889498,0.0,zero,rational_decay
miniboone,60,300,500,0,rational_fit,richardson_1,0,0,0.11029652232377238,0.1410897556232803,0.03079323329950792,0.049395814223043094,0.049395814223043094,0.6233976255652632,0.21825279350350602,1,0.6233976255652632,1,0.2104592918015999,1,0.6233976255652632,1,0.00022055092402889498,0.0,zero,rational_decay
miniboone,60,300,500,0,constant_assumed,richardson_1,0,1,0.0,0.1410897556232803,0.1410897556232803,0.049395814223043094,0.049395814223043094,2.8563099493855915,1.0,0,2.8563099493855915,0,0.964291400000885,1,2.8563099493855915,0,0.00022055092402889498,0.0,zero,rational_decay
miniboone,60,300,500,0,last_value,richardson_1,0,1,0.1904855698463234,0.1410897556232803,0.049395814223043094,0.049395814223043094,0.049395814223043094,1.0,0.3501020609528408,1,1.0,0,0.33760040649941003,1,1.0,0,0.00022055092402889498,0.0,zero,rational_decay
miniboone,60,300,500,0,window_mean,richardson_1,0,1,0.28740419503770503,0.1410897556232803,0.14631443941442474,0.049395814223043094,0.049395814223043094,2.962081741455923,1.0370309223944985,0,2.962081741455923,0,1.0,0,2.962081741455923,0,0.00022055092402889498,0.0,zero,rational_decay
miniboone,60,300,500,0,window_min,richardson_1,0,1,0.1904855698463234,0.1410897556232803,0.049395814223043094,0.049395814223043094,0.049395814223043094,1.0,0.3501020609528408,1,1.0,0,0.33760040649941003,1,1.0,0,0.00022055092402889498,0.0,zero,rational_decay
miniboone,60,300,500,0,cascade,richardson_1,1,0,0.13430860203303358,0.1410897556232803,0.006781153590246725,0.049395814223043094,0.049395814223043094,0.1372819478109407,0.048062692860230675,1,0.1372819478109407,1,0.046346441386004376,1,0.1372819478109407,1,0.00022055092402889498,0.0,zero,rational_decay
miniboone,60,400,500,0,richardson_1,richardson_1,0,0,0.12375094443674789,0.1384659255516576,0.014714981114909709,0.052019644294665796,0.052019644294665796,0.2828735435320655,0.10627149644422793,1,0.2828735435320655,1,0.09879919489925462,1,0.2828735435320655,1,0.00020356908400344376,0.0,zero,rational_decay
miniboone,60,400,500,0,rational_fit,richardson_1,0,0,0.10452700483297281,0.1384659255516576,0.03393892071868479,0.052019644294665796,0.052019644294665796,0.6524250824637984,0.24510666132097003,1,0.6524250824637984,1,0.22787239865079936,1,0.6524250824637984,1,0.00020356908400344376,0.0,zero,rational_decay
miniboone,60,400,500,0,constant_assumed,richardson_1,0,1,0.0,0.1384659255516576,0.1384659255516576,0.052019644294665796,0.052019644294665796,2.6618006991227388,1.0,0,2.6618006991227388,0,0.9296866818009397,1,2.6618006991227388,0,0.00020356908400344376,0.0,zero,rational_decay
miniboone,60,400,500,0,last_value,richardson_1,0,1,0.1904855698463234,0.1384659255516576,0.052019644294665796,0.052019644294665796,0.052019644294665796,1.0,0.3756855275939984,1,1.0,0,0.3492698315494998,1,1.0,0,0.00020356908400344376,0.0,zero,rational_decay
miniboone,60,400,500,0,window_mean,richardson_1,0,1,0.28740419503770503,0.1384659255516576,0.14893826948604744,0.052019644294665796,0.052019644294665796,2.863115876809636,1.0756311987419815,0,2.863115876809636,0,1.0,0,2.863115876809636,0,0.00020356908400344376,0.0,zero,rational_decay
miniboone,60,400,500,0,window_min,richardson_1,0,1,0.1904855698463234,0.1384659255516576,0.052019644294665796,0.052019644294665796,0.052019644294665796,1.0,0.3756855275939984,1,1.0,0,0.3492698315494998,1,1.0,0,0.00020356908400344376,0.0,zero,rational_decay
miniboone,60,400,500,0,cascade,richardson_1,1,0,0.12375094443674789,0.1384659255516576,0.014714981114909709,0.052019644294665796,0.052019644294665796,0.2828735435320655,0.10627149644422793,1,0.2828735435320655,1,0.09879919489925462,1,0.2828735435320655,1,0.00020356908400344376,0.0,zero,rational_decay
miniboone,60,500,500,0,richardson_1,richardson_1,0,0,0.11613675404904733,0.1371171131773968,0.020980359128349474,0.05336845666892659,0.05336845666892659,0.3931228376811043,0.15301050789485263,1,0.3931228376811043,1,0.13960187974007446,1,0.3931228376811043,1,0.00019130249053335435,0.0,zero,rational_decay
miniboone,60,500,500,0,rational_fit,richardson_1,0,0,0.10099970560627763,0.1371171131773968,0.03611740757111917,0.05336845666892659,0.05336845666892659,0.6767557060001752,0.2634055424168088,1,0.6767557060001752,1,0.24032276842456948,1,0.6767557060001752,1,0.00019130249053335435,0.0,zero,rational_decay
miniboone,60,500,500,0,constant_assumed,richardson_1,0,1,0.0,0.1371171131773968,0.1371171131773968,0.05336845666892659,0.05336845666892659,2.5692538577236443,1.0,0,2.5692538577236443,0,0.9123679259728198,1,2.5692538577236443,0,0.00019130249053335435,0.0,zero,rational_decay
miniboone,60,500,500,0,last_value,richardson_1,0,1,0.1904855698463234,0.1371171131773968,0.05336845666892659,0.05336845666892659,0.05336845666892659,1.0,0.3892180591629037,1,1.0,0,0.3551100733896247,1,1.0,0,0.00019130249053335435,0.0,zero,rational_decay
miniboone,60,500,500,0,window_mean,richardson_1,0,1,0.28740419503770503,0.1371171131773968,0.15028708186030823,0.05336845666892659,0.05336845666892659,2.8160282541543276,1.0960490516298476,0,2.8160282541543276,0,1.0,0,2.8160282541543276,0,0.00019130249053335435,0.0,zero,rational_decay
miniboone,60,500,500,0,window_min,richardson_1,0,1,0.1904855698463234,0.1371171131773968,0.05336845666892659,0.05336845666892659,0.05336845666892659,1.0,0.3892180591629037,1,1.0,0,0.3551100733896247,1,1.0,0,0.00019130249053335435,0.0,zero,rational_decay
miniboone,60,500,500,0,cascade,richardson_1,1,0,0.11613675404904733,0.1371171131773968,0.020980359128349474,0.05336845666892659,0.05336845666892659,0.3931228376811043,0.15301050789485263,1,0.3931228376811043,1,0.13960187974007446,1,0.3931228376811043,1,0.00019130249053335435,0.0,zero,rational_decay
miniboone,90,300,500,0,richardson_1,richardson_1,0,0,0.1340309671950384,0.1410897556232803,0.007058788428241897,0.027187529624077,0.027187529624077,0.25963331445865184,0.05003048163956967,1,0.25963331445865184,1,0.12862190461272066,1,0.25963331445865184,1,0.0012662121415736305,0.0,zero,rational_decay
miniboone,90,300,500,0,rational_fit,richardson_1,0,0,0.1356129826257366,0.1410897556232803,0.005476772997543705,0.027187529624077,0.027187529624077,0.20144430454959505,0.038817651737714245,1,0.20144430454959505,1,0.09979516757538529,1,0.20144430454959505,1,0.0012662121415736305,0.0,zero,rational_decay
miniboone,90,300,500,0,constant_assumed,richardson_1,0,1,0.0,0.1410897556232803,0.1410897556232803,0.027187529624077,0.027187529624077,5.189502598218142,1.0,0,5.189502598218142,0,2.5708708051091826,0,5.189502598218142,0,0.0012662121415736305,0.0,zero,rational_decay
miniboone,90,300,500,0,last_value,richardson_1,0,1,0.1682772852473573,0.1410897556232803,0.027187529624077,0.027187529624077,0.027187529624077,1.0,0.19269669512129314,1,1.0,0,0.49539830772835763,1,1.0,0,0.0012662121415736305,0.0,zero,rational_decay
miniboone,90,300,500,0,window_mean,richardson_1,0,1,0.1959698979248256,0.1410897556232803,0.05488014230154531,0.027187529624077,0.027187529624077,2.018577747238352,0.3889732607382155,1,2.018577747238352,0,1.0,0,2.018577747238352,0,0.0012662121415736305,0.0,zero,rational_decay
miniboone,90,300,500,0,window_min,richardson_1,0,1,0.1682772852473573,0.1410897556232803,0.027187529624077,0.027187529624077,0.027187529624077,1.0,0.19269669512129314,1,1.0,0,0.49539830772835763,1,1.0,0,0.0012662121415736305,0.0,zero,rational_decay
miniboone,90,300,500,0,cascade,richardson_1,1,0,0.1340309671950384,0.1410897556232803,0.007058788428241897,0.027187529624077,0.027187529624077,0.25963331445865184,0.05003048163956967,1,0.25963331445865184,1,0.12862190461272066,1,0.25963331445865184,1,0.0012662121415736305,0.0,zero,rational_decay
miniboone,90,400,500,0,richardson_1,richardson_1,0,0,0.12998052846771774,0.1384659255516576,0.00848539708393986,0.029811359695699702,0.029811359695699702,0.2846363658201032,0.06128148170846701,1,0.2846363658201032,1,0.14756192891987477,1,0.2846363658201032,1,0.0013954296351855466,0.0,zero,rational_decay
miniboone,90,400,500,0,rational_fit,richardson_1,0,0,0.13201947291756394,0.1384659255516576,0.006446452634093658,0.029811359695699702,0.029811359695699702,0.21624148310898952,0.046556238355469445,1,0.21624148310898952,1,0.1121044750136539,1,0.21624148310898952,1,0.0013954296351855466,0.0,zero,rational_decay
miniboone,90,400,500,0,constant_assumed,richardson_1,0,1,0.0,0.1384659255516576,0.1384659255516576,0.029811359695699702,0.029811359695699702,4.6447370051232975,1.0,0,4.6447370051232975,0,2.4079367013654753,0,4.6447370051232975,0,0.0013954296351855466,0.0,zero,rational_decay
miniboone,90,400,500,0,last_value,richardson_1,0,1,0.1682772852473573,0.1384659255516576,0.029811359695699702,0.029811359695699702,0.029811359695699702,1.0,0.2152974428685558,1,1.0,0,0.5184226143933321,1,1.0,0,0.0013954296351855466,0.0,zero,rational_decay
miniboone,90,400,500,0,window_mean,richardson_1,0,1,0.1959698979248256,0.1384659255516576,0.05750397237316801,0.029811359695699702,0.029811359695699702,1.9289281991878746,0.41529330876219767,1,1.9289281991878746,0,1.0,0,1.9289281991878746,0,0.0013954296351855466,0.0,zero,rational_decay
miniboone,90,400,500,0,window_min,richardson_1,0,1,0.1682772852473573,0.1384659255516576,0.029811359695699702,0.029811359695699702,0.029811359695699702,1.0,0.2152974428685558,1,1.0,0,0.5184226143933321,1,1.0,0,0.0013954296351855466,0.0,zero,rational_decay
miniboone,90,400,500,0,cascade,richardson_1,1,0,0.12998052846771774,0.1384659255516576,0.00848539708393986,0.029811359695699702,0.029811359695699702,0.2846363658201032,0.06128148170846701,1,0.2846363658201032,1,0.14756192891987477,1,0.2846363658201032,1,0.0013954296351855466,0.0,zero,rational_decay
miniboone,90,500,500,0,richardson_1,richardson_1,0,0,0.12747461015384448,0.1371171131773968,0.009642503023552323,0.031160172069960496,0.031160172069960496,0.30944960772049257,0.07032311868378695,1,0.30944960772049257,1,0.16384106656862302,1,0.30944960772049257,1,0.0014824477275496573,0.0,zero,rational_decay
miniboone,90,500,500,0,rational_fit,richardson_1,0,0,0.12985415661739094,0.1371171131773968,0.007262956560005862,0.031160172069960496,0.031160172069960496,0.2330846101779909,0.052969001401082086,1,0.2330846101779909,1,0.12340888525794305,1,0.2330846101779909,1,0.0014824477275496573,0.0,zero,rational_decay
miniboone,90,500,500,0,constant_assumed,richardson_1,0,1,0.0,0.1371171131773968,0.1371171131773968,0.031160172069960496,0.031160172069960496,4.4003965340609446,1.0,0,4.4003965340609446,0,2.32983220362206,0,4.4003965340609446,0,0.0014824477275496573,0.0,zero,rational_decay
miniboone,90,500,500,0,last_value,richardson_1,0,1,0.1682772852473573,0.1371171131773968,0.031160172069960496,0.031160172069960496,0.031160172069960496,1.0,0.2272522469871917,1,1.0,0,0.5294596033762334,1,1.0,0,0.0014824477275496573,0.0,zero,rational_decay
miniboone,90,500,500,0,window_mean,richardson_1,0,1,0.1959698979248256,0.1371171131773968,0.058852784747428805,0.031160172069960496,0.031160172069960496,1.8887182206597943,0.42921545957058876,1,1.8887182206597943,0,1.0,0,1.8887182206597943,0,0.0014824477275496573,0.0,zero,rational_decay
miniboone,90,500,500,0,window_min,richardson_1,0,1,0.1682772852473573,0.1371171131773968,0.031160172069960496,0.031160172069960496,0.031160172069960496,1.0,0.2272522469871917,1,1.0,0,0.5294596033762334,1,1.0,0,0.0014824477275496573,0.0,zero,rational_decay
miniboone,90,500,500,0,cascade,richardson_1,1,0,0.12747461015384448,0.1371171131773968,0.009642503023552323,0.031160172069960496,0.031160172069960496,0.30944960772049257,0.07032311868378695,1,0.30944960772049257,1,0.16384106656862302,1,0.30944960772049257,1,0.0014824477275496573,0.0,zero,rational_decay
miniboone,120,300,500,0,richardson_1,richardson_1,0,0,0.139137278711586,0.1410897556232803,0.001952476911694312,0.017123060848408506,0.017123060848408506,0.11402616208513817,0.013838544854436948,1,0.11402616208513817,1,0.06736040171562739,1,0.11402616208513817,1,0.0017410973689565568,0.0,zero,rational_decay
miniboone,120,300,500,0,rational_fit,richardson_1,0,0,0.13748170493439343,0.1410897556232803,0.0036080506888868658,0.017123060848408506,0.017123060848408506,0.21071295143018862,0.02557273327852816,1,0.21071295143018862,1,0.12447765315844962,1,0.21071295143018862,1,0.0017410973689565568,0.0,zero,rational_decay
miniboone,120,300,500,0,constant_assumed,richardson_1,0,1,0.0,0.1410897556232803,0.1410897556232803,0.017123060848408506,0.017123060848408506,8.239750875871811,1.0,0,8.239750875871811,0,4.867592830327832,0,8.239750875871811,0,0.0017410973689565568,0.0,zero,rational_decay
miniboone,120,300,500,0,last_value,richardson_1,0,1,0.1582128164716888,0.1410897556232803,0.017123060848408506,0.017123060848408506,0.017123060848408506,1.0,0.12136289252728098,1,1.0,0,0.5907451455336402,1,1.0,0,0.0017410973689565568,0.0,zero,rational_decay
miniboone,120,300,500,0,window_mean,richardson_1,0,1,0.1700752851326945,0.1410897556232803,0.028985529509414187,0.017123060848408506,0.017123060848408506,1.6927773466452543,0.20544035519352388,1,1.6927773466452543,0,1.0,0,1.6927773466452543,0,0.0017410973689565568,0.0,zero,rational_decay
miniboone,120,300,500,0,window_min,richardson_1,0,1,0.1582128164716888,0.1410897556232803,0.017123060848408506,0.017123060848408506,0.017123060848408506,1.0,0.12136289252728098,1,1.0,0,0.5907451455336402,1,1.0,0,0.0017410973689565568,0.0,zero,rational_decay
miniboone,120,300,500,0,cascade,richardson_1,1,0,0.139137278711586,0.1410897556232803,0.001952476911694312,0.017123060848408506,0.017123060848408506,0.11402616208513817,0.013838544854436948,1,0.11402616208513817,1,0.06736040171562739,1,0.11402616208513817,1,0.0017410973689565568,0.0,zero,rational_decay
miniboone,120,400,500,0,richardson_1,richardson_1,0,0,0.13616833082320018,0.1384659255516576,0.0022975947284574194,0.019746890920031207,0.019746890920031207,0.11635222667517467,0.016593213957178613,1,0.11635222667517467,1,0.0726871647800101,1,0.11635222667517467,1,0.0022249375058372156,0.0,zero,rational_decay
miniboone,120,400,500,0,rational_fit,richardson_1,0,0,0.13408317438927558,0.1384659255516576,0.004382751162382015,0.019746890920031207,0.019746890920031207,0.22194639045360606,0.03165219995403806,1,0.22194639045360606,1,0.13865358933153832,1,0.22194639045360606,1,0.0022249375058372156,0.0,zero,rational_decay
miniboone,120,400,500,0,constant_assumed,richardson_1,0,1,0.0,0.1384659255516576,0.1384659255516576,0.019746890920031207,0.019746890920031207,7.012036786570692,1.0,0,7.012036786570692,0,4.380535619415908,0,7.012036786570692,0,0.0022249375058372156,0.0,zero,rational_decay
miniboone,120,400,500,0,last_value,richardson_1,0,1,0.1582128164716888,0.1384659255516576,0.019746890920031207,0.019746890920031207,0.019746890920031207,1.0,0.14261191582953178,1,1.0,0,0.6247165770444073,1,1.0,0,0.0022249375058372156,0.0,zero,rational_decay
miniboone,120,400,500,0,window_mean,richardson_1,0,1,0.1700752851326945,0.1384659255516576,0.03160935958103689,0.019746890920031207,0.019746890920031207,1.6007258919414205,0.22828258616770203,1,1.6007258919414205,0,1.0,0,1.6007258919414205,0,0.0022249375058372156,0.0,zero,rational_decay
miniboone,120,400,500,0,window_min,richardson_1,0,1,0.1582128164716888,0.1384659255516576,0.019746890920031207,0.019746890920031207,0.019746890920031207,1.0,0.14261191582953178,1,1.0,0,0.6247165770444073,1,1.0,0,0.0022249375058372156,0.0,zero,rational_decay
miniboone,120,400,500,0,cascade,richardson_1,1,0,0.13616833082320018,0.1384659255516576,0.0022975947284574194,0.019746890920031207,0.019746890920031207,0.11635222667517467,0.016593213957178613,1,0.11635222667517467,1,0.0726871647800101,1,0.11635222667517467,1,0.0022249375058372156,0.0,zero,rational_decay
miniboone,120,500,500,0,richardson_1,richardson_1,0,0,0.13441866647422854,0.1371171131773968,0.002698446703168267,0.021095703294292,0.021095703294292,0.1279145172608871,0.019679868111554547,1,0.1279145172608871,1,0.08187488999172236,1,0.1279145172608871,1,0.002563434241871554,0.0,zero,rational_decay
miniboone,120,500,500,0,rational_fit,richardson_1,0,0,0.13203846818318285,0.1371171131773968,0.005078644994213954,0.021095703294292,0.021095703294292,0.24074309935844215,0.03703873919547446,1,0.24074309935844215,1,0.15409364940210574,1,0.24074309935844215,1,0.002563434241871554,0.0,zero,rational_decay
miniboone,120,500,500,0,constant_assumed,richardson_1,0,1,0.0,0.1371171131773968,0.1371171131773968,0.021095703294292,0.021095703294292,6.4997649646739895,1.0,0,6.4997649646739895,0,4.16033733191797,0,6.4997649646739895,0,0.002563434241871554,0.0,zero,rational_decay
miniboone,120,500,500,0,last_value,richardson_1,0,1,0.1582128164716888,0.1371171131773968,0.021095703294292,0.021095703294292,0.021095703294292,1.0,0.15385171701361008,1,1.0,0,0.6400750418714011,1,1.0,0,0.002563434241871554,0.0,zero,rational_decay
miniboone,120,500,500,0,window_mean,richardson_1,0,1,0.1700752851326945,0.1371171131773968,0.03295817195529768,0.021095703294292,0.021095703294292,1.562316813785269,0.24036512432009619,1,1.562316813785269,0,1.0,0,1.562316813785269,0,0.002563434241871554,0.0,zero,rational_decay
miniboone,120,500,500,0,window_min,richardson_1,0,1,0.1582128164716888,0.1371171131773968,0.021095703294292,0.021095703294292,0.021095703294292,1.0,0.15385171701361008,1,1.0,0,0.6400750418714011,1,1.0,0,0.002563434241871554,0.0,zero,rational_decay
miniboone,120,500,500,0,cascade,richardson_1,1,0,0.13441866647422854,0.1371171131773968,0.002698446703168267,0.021095703294292,0.021095703294292,0.1279145172608871,0.019679868111554547,1,0.1279145172608871,1,0.08187488999172236,1,0.1279145172608871,1,0.002563434241871554,0.0,zero,rational_decay
miniboone,150,300,500,0,richardson_1,richardson_1,0,0,0.14121958554648437,0.1410897556232803,0.00012982992320406672,0.011437195653346194,0.011437195653346194,0.011351552175823995,0.0009201938342761176,1,0.011351552175823995,1,0.00734670602404184,1,0.011351552175823995,1,0.00345979872438823,0.0,zero,rational_decay
miniboone,150,300,500,0,rational_fit,richardson_1,0,0,0.14042390233771468,0.1410897556232803,0.0006658532855656207,0.011437195653346194,0.011437195653346194,0.05821822986571112,0.00471935954970038,1,0.05821822986571112,1,0.03767874326247594,1,0.05821822986571112,1,0.00345979872438823,0.0,zero,rational_decay
miniboone,150,300,500,0,constant_assumed,richardson_1,0,1,0.0,0.1410897556232803,0.1410897556232803,0.011437195653346194,0.011437195653346194,12.336044595162758,1.0,0,12.336044595162758,0,7.983867909548885,0,12.336044595162758,0,0.00345979872438823,0.0,zero,rational_decay
miniboone,150,300,500,0,last_value,richardson_1,0,1,0.1525269512766265,0.1410897556232803,0.011437195653346194,0.011437195653346194,0.011437195653346194,1.0,0.08106326077907684,1,1.0,0,0.6471983663774643,1,1.0,0,0.00345979872438823,0.0,zero,rational_decay
miniboone,150,300,500,0,window_mean,richardson_1,0,1,0.1587616105714983,0.1410897556232803,0.01767185494821799,0.011437195653346194,0.011437195653346194,1.545121329025067,0.1252525732300728,1,1.545121329025067,0,1.0,0,1.545121329025067,0,0.00345979872438823,0.0,zero,rational_decay
miniboone,150,300,500,0,window_min,richardson_1,0,1,0.1525269512766265,0.1410897556232803,0.011437195653346194,0.011437195653346194,0.011437195653346194,1.0,0.08106326077907684,1,1.0,0,0.6471983663774643,1,1.0,0,0.00345979872438823,0.0,zero,rational_decay
miniboone,150,300,500,0,cascade,richardson_1,1,0,0.14121958554648437,0.1410897556232803,0.00012982992320406672,0.011437195653346194,0.011437195653346194,0.011351552175823995,0.0009201938342761176,1,0.011351552175823995,1,0.00734670602404184,1,0.011351552175823995,1,0.00345979872438823,0.0,zero,rational_decay
miniboone,150,400,500,0,richardson_1,richardson_1,0,0,0.13854686031277907,0.1384659255516576,8.093476112147613e-05,0.014061025724968895,0.014061025724968895,0.005755964230813977,0.0005845103103816089,1,0.005755964230813977,1,0.003987781690657683,1,0.005755964230813977,1,0.005365159727577257,0.0,zero,rational_decay
miniboone,150,400,500,0,rational_fit,richardson_1,0,0,0.13741905545290214,0.1384659255516576,0.0010468700987554536,0.014061025724968895,0.014061025724968895,0.0744519012504523,0.007560488940399253,1,0.0744519012504523,1,0.051580919674898994,1,0.0744519012504523,1,0.005365159727577257,0.0,zero,rational_decay
miniboone,150,400,500,0,constant_assumed,richardson_1,0,1,0.0,0.1384659255516576,0.1384659255516576,0.014061025724968895,0.014061025724968895,9.847498202480097,1.0,0,9.847498202480097,0,6.822431734444826,0,9.847498202480097,0,0.005365159727577257,0.0,zero,rational_decay
miniboone,150,400,500,0,last_value,richardson_1,0,1,0.1525269512766265,0.1384659255516576,0.014061025724968895,0.014061025724968895,0.014061025724968895,1.0,0.10154863493634855,1,1.0,0,0.6928086295792969,1,1.0,0,0.005365159727577257,0.0,zero,rational_decay
miniboone,150,400,500,0,window_mean,richardson_1,0,1,0.1587616105714983,0.1384659255516576,0.020295685019840692,0.014061025724968895,0.014061025724968895,1.4434000347357723,0.14657530319449577,1,1.4434000347357723,0,1.0,0,1.4434000347357723,0,0.005365159727577257,0.0,zero,rational_decay
miniboone,150,400,500,0,window_min,richardson_1,0,1,0.1525269512766265,0.1384659255516576,0.014061025724968895,0.014061025724968895,0.014061025724968895,1.0,0.10154863493634855,1,1.0,0,0.6928086295792969,1,1.0,0,0.005365159727577257,0.0,zero,rational_decay
miniboone,150,400,500,0,cascade,richardson_1,1,0,0.13854686031277907,0.1384659255516576,8.093476112147613e-05,0.014061025724968895,0.014061025724968895,0.005755964230813977,0.0005845103103816089,1,0.005755964230813977,1,0.003987781690657683,1,0.005755964230813977,1,0.005365159727577257,0.0,zero,rational_decay
miniboone,150,500,500,0,richardson_1,richardson_1,0,0,0.136979361264365,0.1371171131773968,0.00013775191303180834,0.015409838099229689,0.015409838099229689,0.008939218708514161,0.001004629617993709,1,0.008939218708514161,1,0.006364292527732624,1,0.008939218708514161,1,0.006918784884447637,0.0,zero,rational_decay
miniboone,150,500,500,0,rational_fit,richardson_1,0,0,0.13561178306739838,0.1371171131773968,0.0015053301099984262,0.015409838099229689,0.015409838099229689,0.09768630275704682,0.01097842621621481,1,0.09768630275704682,1,0.06954793556022491,1,0.09768630275704682,1,0.006918784884447637,0.0,zero,rational_decay
miniboone,150,500,500,0,constant_assumed,richardson_1,0,1,0.0,0.1371171131773968,0.1371171131773968,0.015409838099229689,0.015409838099229689,8.898024255313302,1.0,0,8.898024255313302,0,6.334964064111911,0,8.898024255313302,0,0.006918784884447637,0.0,zero,rational_decay
miniboone,150,500,500,0,last_value,richardson_1,0,1,0.1525269512766265,0.1371171131773968,0.015409838099229689,0.015409838099229689,0.015409838099229689,1.0,0.1123844992221579,1,1.0,0,0.7119517639355833,1,1.0,0,0.006918784884447637,0.0,zero,rational_decay
miniboone,150,500,500,0,window_mean,richardson_1,0,1,0.1587616105714983,0.1371171131773968,0.021644497394101486,0.015409838099229689,0.015409838099229689,1.40458953914535,0.15785409196953173,1,1.40458953914535,0,1.0,0,1.40458953914535,0,0.006918784884447637,0.0,zero,rational_decay
miniboone,150,500,500,0,window_min,richardson_1,0,1,0.1525269512766265,0.1371171131773968,0.015409838099229689,0.015409838099229689,0.015409838099229689,1.0,0.1123844992221579,1,1.0,0,0.7119517639355833,1,1.0,0,0.006918784884447637,0.0,zero,rational_decay
miniboone,150,500,500,0,cascade,richardson_1,1,0,0.136979361264365,0.1371171131773968,0.00013775191303180834,0.015409838099229689,0.015409838099229689,0.008939218708514161,0.001004629617993709,1,0.008939218708514161,1,0.006364292527732624,1,0.008939218708514161,1,0.006918784884447637,0.0,zero,rational_decay
bank_marketing,30,300,257,1,richardson_1,richardson_1,0,0,0.18745499656947998,0.1987385656075606,0.011283569038080615,0.041333241056925596,0.041333241056925596,0.27299018295082367,0.05677594081242255,1,0.27299018295082367,1,0.1482645216312515,1,0.27299018295082367,1,0.00046756176727433263,0.0,zero,rational_decay
bank_marketing,30,300,257,1,rational_fit,richardson_1,0,0,0.1960496038004679,0.1987385656075606,0.002688961807092688,0.041333241056925596,0.041333241056925596,0.06505567282733418,0.013530145992914381,1,0.06505567282733418,1,0.03533258268441629,1,0.06505567282733418,1,0.00046756176727433263,0.0,zero,rational_decay
bank_marketing,30,300,257,1,constant_assumed,richardson_1,0,1,0.0,0.1987385656075606,0.1987385656075606,0.041333241056925596,0.041333241056925596,4.808201837689206,1.0,0,4.808201837689206,0,2.611397002140232,0,4.808201837689206,0,0.00046756176727433263,0.0,zero,rational_decay
bank_marketing,30,300,257,1,last_value,richardson_1,0,1,0.2400718066644862,0.1987385656075606,0.041333241056925596,0.041333241056925596,0.041333241056925596,1.0,0.2079779580302715,1,1.0,0,0.543113016111498,1,1.0,0,0.00046756176727433263,0.0,zero,rational_decay
bank_marketing,30,300,257,1,window_mean,richardson_1,0,1,0.2748428750804901,0.1987385656075606,0.07610430947292951,0.041333241056925596,0.041333241056925596,1.8412374042508781,0.38293679558505517,1,1.8412374042508781,0,1.0,0,1.8412374042508781,0,0.00046756176727433263,0.0,zero,rational_decay
bank_marketing,30,300,257,1,window_min,richardson_1,0,1,0.2400718066644862,0.1987385656075606,0.041333241056925596,0.041333241056925596,0.041333241056925596,1.0,0.2079779580302715,1,1.0,0,0.543113016111498,1,1.0,0,0.00046756176727433263,0.0,zero,rational_decay
bank_marketing,30,300,257,1,cascade,richardson_1,1,0,0.18745499656947998,0.1987385656075606,0.011283569038080615,0.041333241056925596,0.041333241056925596,0.27299018295082367,0.05677594081242255,1,0.27299018295082367,1,0.1482645216312515,1,0.27299018295082367,1,0.00046756176727433263,0.0,zero,rational_decay
bank_marketing,30,400,257,1,richardson_1,richardson_1,0,0,0.1812248397380124,0.1995616584923184,0.01833681875430601,0.040510148172167776,0.040510148172167776,0.4526475360291128,0.09188547987043232,1,0.4526475360291128,1,0.24357760920121904,1,0.4526475360291128,1,0.0004998226066069145,0.0,zero,rational_decay
bank_marketing,30,400,257,1,rational_fit,richardson_1,0,0,0.194345201248462,0.1995616584923184,0.005216457243856415,0.040510148172167776,0.040510148172167776,0.12876914746612422,0.02613957652620535,1,0.12876914746612422,1,0.06929294557489966,1,0.12876914746612422,1,0.0004998226066069145,0.0,zero,rational_decay
bank_marketing,30,400,257,1,constant_assumed,richardson_1,0,1,0.0,0.1995616584923184,0.1995616584923184,0.040510148172167776,0.040510148172167776,4.926213985793957,1.0,0,4.926213985793957,0,2.650882484857104,0,4.926213985793957,0,0.0004998226066069145,0.0,zero,rational_decay
bank_marketing,30,400,257,1,last_value,richardson_1,0,1,0.2400718066644862,0.1995616584923184,0.040510148172167776,0.040510148172167776,0.040510148172167776,1.0,0.20299564795272088,1,1.0,0,0.5381176076600865,1,1.0,0,0.0004998226066069145,0.0,zero,rational_decay
bank_marketing,30,400,257,1,window_mean,richardson_1,0,1,0.2748428750804901,0.1995616584923184,0.07528121658817169,0.040510148172167776,0.040510148172167776,1.8583298256088123,0.3772328670593276,1,1.8583298256088123,0,1.0,0,1.8583298256088123,0,0.0004998226066069145,0.0,zero,rational_decay
bank_marketing,30,400,257,1,window_min,richardson_1,0,1,0.2400718066644862,0.1995616584923184,0.040510148172167776,0.040510148172167776,0.040510148172167776,1.0,0.20299564795272088,1,1.0,0,0.5381176076600865,1,1.0,0,0.0004998226066069145,0.0,zero,rational_decay
bank_marketing,30,400,257,1,cascade,richardson_1,1,0,0.1812248397380124,0.1995616584923184,0.01833681875430601,0.040510148172167776,0.040510148172167776,0.4526475360291128,0.09188547987043232,1,0.4526475360291128,1,0.24357760920121904,1,0.4526475360291128,1,0.0004998226066069145,0.0,zero,rational_decay
bank_marketing,30,500,257,1,richardson_1,richardson_1,0,0,0.1765353070853919,0.201157308677899,0.024622001592507103,0.03891449798658719,0.03891449798658719,0.6327205249054906,0.12240172506947199,1,0.6327205249054906,1,0.33414958715227144,1,0.6327205249054906,1,0.0005229907259476363,0.0,zero,rational_decay
bank_marketing,30,500,257,1,rational_fit,richardson_1,0,0,0.19330524958495157,0.201157308677899,0.007852059092947422,0.03891449798658719,0.03891449798658719,0.20177721669835805,0.03903442109339635,1,0.20177721669835805,1,0.10656169825779217,1,0.20177721669835805,1,0.0005229907259476363,0.0,zero,rational_decay
bank_marketing,30,500,257,1,constant_assumed,richardson_1,0,1,0.0,0.201157308677899,0.201157308677899,0.03891449798658719,0.03891449798658719,5.169212480840242,1.0,0,5.169212480840242,0,2.7299418121976387,0,5.169212480840242,0,0.0005229907259476363,0.0,zero,rational_decay
bank_marketing,30,500,257,1,last_value,richardson_1,0,1,0.2400718066644862,0.201157308677899,0.03891449798658719,0.03891449798658719,0.03891449798658719,1.0,0.19345306537630516,1,1.0,0,0.5281156118685788,1,1.0,0,0.0005229907259476363,0.0,zero,rational_decay
bank_marketing,30,500,257,1,window_mean,richardson_1,0,1,0.2748428750804901,0.201157308677899,0.07368556640259111,0.03891449798658719,0.03891449798658719,1.8935247842073817,0.36630817387092474,1,1.8935247842073817,0,1.0,0,1.8935247842073817,0,0.0005229907259476363,0.0,zero,rational_decay
bank_marketing,30,500,257,1,window_min,richardson_1,0,1,0.2400718066644862,0.201157308677899,0.03891449798658719,0.03891449798658719,0.03891449798658719,1.0,0.19345306537630516,1,1.0,0,0.5281156118685788,1,1.0,0,0.0005229907259476363,0.0,zero,rational_decay
bank_marketing,30,500,257,1,cascade,richardson_1,1,0,0.1765353070853919,0.201157308677899,0.024622001592507103,0.03891449798658719,0.03891449798658719,0.6327205249054906,0.12240172506947199,1,0.6327205249054906,1,0.33414958715227144,1,0.6327205249054906,1,0.0005229907259476363,0.0,zero,rational_decay
bank_marketing,60,300,257,1,richardson_1,richardson_1,0,0,0.17786137500162477,0.1987385656075606,0.02087719060593582,0.018544516284486307,0.018544516284486307,1.1257878224303401,0.10504851205961199,1,1.1257878224303401,0,0.4056069725139166,1,1.1257878224303401,0,0.000844687187948695,0.0,zero,rational_decay
bank_marketing,60,300,257,1,rational_fit,richardson_1,0,0,0.19155818879279093,0.1987385656075606,0.007180376814769657,0.018544516284486307,0.018544516284486307,0.3871967704424034,0.0361297606874571,1,0.3871967704424034,1,0.1395020506504252,1,0.3871967704424034,1,0.000844687187948695,0.0,zero,rational_decay
bank_marketing,60,300,257,1,constant_assumed,richardson_1,0,1,0.0,0.1987385656075606,0.1987385656075606,0.018544516284486307,0.018544516284486307,10.716837395959383,1.0,0,10.716837395959383,0,3.861139625506988,0,10.716837395959383,0,0.000844687187948695,0.0,zero,rational_decay
bank_marketing,60,300,257,1,last_value,richardson_1,0,1,0.2172830818920469,0.1987385656075606,0.018544516284486307,0.018544516284486307,0.018544516284486307,1.0,0.09331111064324206,1,1.0,0,0.3602872268046888,1,1.0,0,0.000844687187948695,0.0,zero,rational_decay
bank_marketing,60,300,257,1,window_mean,richardson_1,0,1,0.250210044207992,0.1987385656075606,0.051471478600431386,0.018544516284486307,0.018544516284486307,2.775563288404056,0.2589908931015917,1,2.775563288404056,0,1.0,0,2.775563288404056,0,0.000844687187948695,0.0,zero,rational_decay
bank_marketing,60,300,257,1,window_min,richardson_1,0,1,0.2172830818920469,0.1987385656075606,0.018544516284486307,0.018544516284486307,0.018544516284486307,1.0,0.09331111064324206,1,1.0,0,0.3602872268046888,1,1.0,0,0.000844687187948695,0.0,zero,rational_decay
bank_marketing,60,300,257,1,cascade,richardson_1,1,0,0.17786137500162477,0.1987385656075606,0.02087719060593582,0.018544516284486307,0.018544516284486307,1.1257878224303401,0.10504851205961199,1,1.1257878224303401,0,0.4056069725139166,1,1.1257878224303401,0,0.000844687187948695,0.0,zero,rational_decay
bank_marketing,60,400,257,1,richardson_1,richardson_1,0,0,0.17130369736406392,0.1995616584923184,0.02825796112825449,0.017721423399728486,0.017721423399728486,1.5945649788316347,0.14160015176132745,1,1.5945649788316347,0,0.5579242206629663,1,1.5945649788316347,0,0.0008926815400669419,0.0,zero,rational_decay
bank_marketing,60,400,257,1,rational_fit,richardson_1,0,0,0.18967533478581164,0.1995616584923184,0.009886323706506772,0.017721423399728486,0.017721423399728486,0.5578741325405183,0.04954019615389857,1,0.5578741325405183,1,0.19519523804778177,1,0.5578741325405183,1,0.0008926815400669419,0.0,zero,rational_decay
bank_marketing,60,400,257,1,constant_assumed,richardson_1,0,1,0.0,0.1995616584923184,0.1995616584923184,0.017721423399728486,0.017721423399728486,11.261040041251762,1.0,0,11.261040041251762,0,3.9401385784061107,0,11.261040041251762,0,0.0008926815400669419,0.0,zero,rational_decay
bank_marketing,60,400,257,1,last_value,richardson_1,0,1,0.2172830818920469,0.1995616584923184,0.017721423399728486,0.017721423399728486,0.017721423399728486,1.0,0.0888017444513803,1,1.0,0,0.3498911791426443,1,1.0,0,0.0008926815400669419,0.0,zero,rational_decay
bank_marketing,60,400,257,1,window_mean,richardson_1,0,1,0.250210044207992,0.1995616584923184,0.050648385715673566,0.017721423399728486,0.017721423399728486,2.8580314669559534,0.25379817996262616,1,2.8580314669559534,0,1.0,0,2.8580314669559534,0,0.0008926815400669419,0.0,zero,rational_decay
bank_marketing,60,400,257,1,window_min,richardson_1,0,1,0.2172830818920469,0.1995616584923184,0.017721423399728486,0.017721423399728486,0.017721423399728486,1.0,0.0888017444513803,1,1.0,0,0.3498911791426443,1,1.0,0,0.0008926815400669419,0.0,zero,rational_decay
bank_marketing,60,400,257,1,cascade,richardson_1,1,0,0.17130369736406392,0.1995616584923184,0.02825796112825449,0.017721423399728486,0.017721423399728486,1.5945649788316347,0.14160015176132745,1,1.5945649788316347,0,0.5579242206629663,1,1.5945649788316347,0,0.0008926815400669419,0.0,zero,rational_decay
bank_marketing,60,500,257,1,richardson_1,richardson_1,0,0,0.16638413392174478,0.201157308677899,0.03477317475615421,0.016125773214147904,0.016125773214147904,2.156372553078327,0.17286557960384322,1,2.156372553078327,0,0.7088936912564537,1,2.156372553078327,0,0.0009266654698809329,0.0,zero,rational_decay
bank_marketing,60,500,257,1,rational_fit,richardson_1,0,0,0.18852487533098067,0.201157308677899,0.012632433346918326,0.016125773214147904,0.016125773214147904,0.7833691556467689,0.0627987788758194,1,0.7833691556467689,1,0.25752760188406926,1,0.7833691556467689,1,0.0009266654698809329,0.0,zero,rational_decay
bank_marketing,60,500,257,1,constant_assumed,richardson_1,0,1,0.0,0.201157308677899,0.201157308677899,0.016125773214147904,0.016125773214147904,12.474273698790094,1.0,0,12.474273698790094,0,4.100837731149419,0,12.474273698790094,0,0.0009266654698809329,0.0,zero,rational_decay
bank_marketing,60,500,257,1,last_value,richardson_1,0,1,0.2172830818920469,0.201157308677899,0.016125773214147904,0.016125773214147904,0.016125773214147904,1.0,0.08016498788999572,1,1.0,0,0.3287436070564307,1,1.0,0,0.0009266654698809329,0.0,zero,rational_decay
bank_marketing,60,500,257,1,window_mean,richardson_1,0,1,0.250210044207992,0.201157308677899,0.049052735530092983,0.016125773214147904,0.016125773214147904,3.0418842481957205,0.24385261391937868,1,3.0418842481957205,0,1.0,0,3.0418842481957205,0,0.0009266654698809329,0.0,zero,rational_decay
bank_marketing,60,500,257,1,window_min,richardson_1,0,1,0.2172830818920469,0.201157308677899,0.016125773214147904,0.016125773214147904,0.016125773214147904,1.0,0.08016498788999572,1,1.0,0,0.3287436070564307,1,1.0,0,0.0009266654698809329,0.0,zero,rational_decay
bank_marketing,60,500,257,1,cascade,richardson_1,1,0,0.16638413392174478,0.201157308677899,0.03477317475615421,0.016125773214147904,0.016125773214147904,2.156372553078327,0.17286557960384322,1,2.156372553078327,0,0.7088936912564537,1,2.156372553078327,0,0.0009266654698809329,0.0,zero,rational_decay
bank_marketing,90,300,257,1,richardson_1,richardson_1,0,0,0.1967424063327433,0.1987385656075606,0.0019961592748172774,0.010072533673649298,0.010072533673649298,0.1981784662621103,0.010044146533486592,1,0.1981784662621103,1,0.09871971576814954,1,0.1981784662621103,1,0.003944414360638415,0.0,zero,rational_decay
bank_marketing,90,300,257,1,rational_fit,richardson_1,0,0,0.1973867147318832,0.1987385656075606,0.0013518508756773795,0.010072533673649298,0.010072533673649298,0.1342116015172974,0.006802156750727556,1,0.1342116015172974,1,0.0668555540088408,1,0.1342116015172974,1,0.003944414360638415,0.0,zero,rational_decay
bank_marketing,90,300,257,1,constant_assumed,richardson_1,0,1,0.0,0.1987385656075606,0.1987385656075606,0.010072533673649298,0.010072533673649298,19.730742238914477,1.0,0,19.730742238914477,0,9.82858179527985,0,19.730742238914477,0,0.003944414360638415,0.0,zero,rational_decay
bank_marketing,90,300,257,1,last_value,richardson_1,0,1,0.2088110992812099,0.1987385656075606,0.010072533673649298,0.010072533673649298,0.010072533673649298,1.0,0.05068233054242246,1,1.0,0,0.49813543131160937,1,1.0,0,0.003944414360638415,0.0,zero,rational_decay
bank_marketing,90,300,257,1,window_mean,richardson_1,0,1,0.21895903787376325,0.1987385656075606,0.02022047226620266,0.010072533673649298,0.010072533673649298,2.007486191791181,0.10174407873170951,1,2.007486191791181,0,1.0,0,2.007486191791181,0,0.003944414360638415,0.0,zero,rational_decay
bank_marketing,90,300,257,1,window_min,richardson_1,0,1,0.2088110992812099,0.1987385656075606,0.010072533673649298,0.010072533673649298,0.010072533673649298,1.0,0.05068233054242246,1,1.0,0,0.49813543131160937,1,1.0,0,0.003944414360638415,0.0,zero,rational_decay
bank_marketing,90,300,257,1,cascade,richardson_1,1,0,0.1967424063327433,0.1987385656075606,0.0019961592748172774,0.010072533673649298,0.010072533673649298,0.1981784662621103,0.010044146533486592,1,0.1981784662621103,1,0.09871971576814954,1,0.1981784662621103,1,0.003944414360638415,0.0,zero,rational_decay
bank_marketing,90,400,257,1,richardson_1,richardson_1,0,0,0.19531400946030258,0.1995616584923184,0.004247649032015827,0.009249440788891478,0.009249440788891478,0.45923306381043355,0.02128489542583817,1,0.45923306381043355,1,0.21898056167726687,1,0.45923306381043355,1,0.004830091727737351,0.0,zero,rational_decay
bank_marketing,90,400,257,1,rational_fit,richardson_1,0,0,0.1961194690490311,0.1995616584923184,0.003442189443287308,0.009249440788891478,0.009249440788891478,0.37215108695234383,0.01724875143498472,1,0.37215108695234383,1,0.17745641695187134,1,0.37215108695234383,1,0.004830091727737351,0.0,zero,rational_decay
bank_marketing,90,400,257,1,constant_assumed,richardson_1,0,1,0.0,0.1995616584923184,0.1995616584923184,0.009249440788891478,0.009249440788891478,21.575537705154105,1.0,0,21.575537705154105,0,10.288073175658731,0,21.575537705154105,0,0.004830091727737351,0.0,zero,rational_decay
bank_marketing,90,400,257,1,last_value,richardson_1,0,1,0.2088110992812099,0.1995616584923184,0.009249440788891478,0.009249440788891478,0.009249440788891478,1.0,0.0463487869301683,1,1.0,0,0.47683971154058646,1,1.0,0,0.004830091727737351,0.0,zero,rational_decay
bank_marketing,90,400,257,1,window_mean,richardson_1,0,1,0.21895903787376325,0.1995616584923184,0.01939737938144484,0.009249440788891478,0.009249440788891478,2.0971407703632177,0.09719993072813378,1,2.0971407703632177,0,1.0,0,2.0971407703632177,0,0.004830091727737351,0.0,zero,rational_decay
bank_marketing,90,400,257,1,window_min,richardson_1,0,1,0.2088110992812099,0.1995616584923184,0.009249440788891478,0.009249440788891478,0.009249440788891478,1.0,0.0463487869301683,1,1.0,0,0.47683971154058646,1,1.0,0,0.004830091727737351,0.0,zero,rational_decay
bank_marketing,90,400,257,1,cascade,richardson_1,1,0,0.19531400946030258,0.1995616584923184,0.004247649032015827,0.009249440788891478,0.009249440788891478,0.45923306381043355,0.02128489542583817,1,0.45923306381043355,1,0.21898056167726687,1,0.45923306381043355,1,0.004830091727737351,0.0,zero,rational_decay
bank_marketing,90,500,257,1,richardson_1,richardson_1,0,0,0.19443340167581152,0.201157308677899,0.00672390700208747,0.007653790603310895,0.007653790603310895,0.87850678841133,0.03342611335516551,1,0.87850678841133,1,0.3777108913469813,1,0.87850678841133,1,0.005479777883099529,0.0,zero,rational_decay
bank_marketing,90,500,257,1,rational_fit,richardson_1,0,0,0.1953566826423509,0.201157308677899,0.005800626035548095,0.007653790603310895,0.007653790603310895,0.7578762388716053,0.02883626786256266,1,0.7578762388716053,1,0.3258462125631993,1,0.7578762388716053,1,0.005479777883099529,0.0,zero,rational_decay
bank_marketing,90,500,257,1,constant_assumed,richardson_1,0,1,0.0,0.201157308677899,0.201157308677899,0.007653790603310895,0.007653790603310895,26.28205017666434,1.0,0,26.28205017666434,0,11.299874661874554,0,26.28205017666434,0,0.005479777883099529,0.0,zero,rational_decay
bank_marketing,90,500,257,1,last_value,richardson_1,0,1,0.2088110992812099,0.201157308677899,0.007653790603310895,0.007653790603310895,0.007653790603310895,1.0,0.038048782088084335,1,1.0,0,0.42994646863233055,1,1.0,0,0.005479777883099529,0.0,zero,rational_decay
bank_marketing,90,500,257,1,window_mean,richardson_1,0,1,0.21895903787376325,0.201157308677899,0.017801729195864258,0.007653790603310895,0.007653790603310895,2.325870946634409,0.08849655681349906,1,2.325870946634409,0,1.0,0,2.325870946634409,0,0.005479777883099529,0.0,zero,rational_decay
bank_marketing,90,500,257,1,window_min,richardson_1,0,1,0.2088110992812099,0.201157308677899,0.007653790603310895,0.007653790603310895,0.007653790603310895,1.0,0.038048782088084335,1,1.0,0,0.42994646863233055,1,1.0,0,0.005479777883099529,0.0,zero,rational_decay
bank_marketing,90,500,257,1,cascade,richardson_1,1,0,0.19443340167581152,0.201157308677899,0.00672390700208747,0.007653790603310895,0.007653790603310895,0.87850678841133,0.03342611335516551,1,0.87850678841133,1,0.3777108913469813,1,0.87850678841133,1,0.005479777883099529,0.0,zero,rational_decay
bank_marketing,120,300,257,1,richardson_1,rational_fit,0,0,0.1888047091716182,0.1987385656075606,0.009933856435942384,0.004706822263304905,0.004706822263304905,2.1105229558779444,0.04998454328969189,1,2.1105229558779444,0,0.9637938275730289,1,2.1105229558779444,0,0.0011531653090523786,0.0,zero,multiphase
bank_marketing,120,300,257,1,rational_fit,rational_fit,0,0,0.19059232722081723,0.1987385656075606,0.00814623838674336,0.004706822263304905,0.004706822263304905,1.7307299768365294,0.04098972115371579,1,1.7307299768365294,0,0.7903571312621752,1,1.7307299768365294,0,0.0011531653090523786,0.0,zero,multiphase
bank_marketing,120,300,257,1,constant_assumed,rational_fit,0,1,0.0,0.1987385656075606,0.1987385656075606,0.004706822263304905,0.004706822263304905,42.223511849375825,1.0,0,42.223511849375825,0,19.28183722690507,0,42.223511849375825,0,0.0011531653090523786,0.0,zero,multiphase
bank_marketing,120,300,257,1,last_value,rational_fit,0,1,0.2034453878708655,0.1987385656075606,0.004706822263304905,0.004706822263304905,0.004706822263304905,1.0,0.02368348714259737,1,1.0,0,0.4566611440490615,1,1.0,0,0.0011531653090523786,0.0,zero,multiphase
bank_marketing,120,300,257,1,window_mean,rational_fit,0,1,0.209045600319494,0.1987385656075606,0.010307034711933422,0.004706822263304905,0.004706822263304905,2.1898075039477516,0.051862277864509816,1,2.1898075039477516,0,1.0,0,2.1898075039477516,0,0.0011531653090523786,0.0,zero,multiphase
bank_marketing,120,300,257,1,window_min,rational_fit,0,1,0.2034453878708655,0.1987385656075606,0.004706822263304905,0.004706822263304905,0.004706822263304905,1.0,0.02368348714259737,1,1.0,0,0.4566611440490615,1,1.0,0,0.0011531653090523786,0.0,zero,multiphase
bank_marketing,120,300,257,1,cascade,rational_fit,1,0,0.19059232722081723,0.1987385656075606,0.00814623838674336,0.004706822263304905,0.004706822263304905,1.7307299768365294,0.04098972115371579,1,1.7307299768365294,0,0.7903571312621752,1,1.7307299768365294,0,0.0011531653090523786,0.0,zero,multiphase
bank_marketing,120,400,257,1,richardson_1,rational_fit,0,0,0.18498396355450886,0.1995616584923184,0.014577694937809554,0.003883729378547085,0.003883729378547085,3.7535300524114055,0.07304857580330584,1,3.7535300524114055,0,1.5370924035023226,0,3.7535300524114055,0,0.0012437979319537273,0.0,zero,multiphase
bank_marketing,120,400,257,1,rational_fit,rational_fit,0,0,0.18794886097796823,0.1995616584923184,0.011612797514350182,0.003883729378547085,0.003883729378547085,2.9901150112304076,0.05819152637878676,1,2.9901150112304076,0,1.2244695007591133,0,2.9901150112304076,0,0.0012437979319537273,0.0,zero,multiphase
bank_marketing,120,400,257,1,constant_assumed,rational_fit,0,1,0.0,0.1995616584923184,0.1995616584923184,0.003883729378547085,0.003883729378547085,51.38402783537277,1.0,0,51.38402783537277,0,21.04205847409226,0,51.38402783537277,0,0.0012437979319537273,0.0,zero,multiphase
bank_marketing,120,400,257,1,last_value,rational_fit,0,1,0.2034453878708655,0.1995616584923184,0.003883729378547085,0.003883729378547085,0.003883729378547085,1.0,0.01946130037146679,1,1.0,0,0.40950582039827765,1,1.0,0,0.0012437979319537273,0.0,zero,multiphase
bank_marketing,120,400,257,1,window_mean,rational_fit,0,1,0.209045600319494,0.1995616584923184,0.009483941827175602,0.003883729378547085,0.003883729378547085,2.441967733272799,0.047523867554651836,1,2.441967733272799,0,1.0,0,2.441967733272799,0,0.0012437979319537273,0.0,zero,multiphase
bank_marketing,120,400,257,1,window_min,rational_fit,0,1,0.2034453878708655,0.1995616584923184,0.003883729378547085,0.003883729378547085,0.003883729378547085,1.0,0.01946130037146679,1,1.0,0,0.40950582039827765,1,1.0,0,0.0012437979319537273,0.0,zero,multiphase
bank_marketing,120,400,257,1,cascade,rational_fit,1,0,0.18794886097796823,0.1995616584923184,0.011612797514350182,0.003883729378547085,0.003883729378547085,2.9901150112304076,0.05819152637878676,1,2.9901150112304076,0,1.2244695007591133,0,2.9901150112304076,0,0.0012437979319537273,0.0,zero,multiphase
bank_marketing,120,500,257,1,richardson_1,rational_fit,0,0,0.18222881718724573,0.201157308677899,0.01892849149065326,0.0022880791929665023,0.0022880791929665023,8.272655749345986,0.09409795555060993,1,8.272655749345986,0,2.399567910349966,0,8.272655749345986,0,0.0012894605003408999,0.0,zero,multiphase
bank_marketing,120,500,257,1,rational_fit,rational_fit,0,0,0.18627125662320612,0.201157308677899,0.014886052054692872,0.0022880791929665023,0.0022880791929665023,6.505916447495445,0.07400204423359534,1,6.505916447495445,0,1.8871072129481892,0,6.505916447495445,0,0.0012894605003408999,0.0,zero,multiphase
bank_marketing,120,500,257,1,constant_assumed,rational_fit,0,1,0.0,0.201157308677899,0.201157308677899,0.0022880791929665023,0.0022880791929665023,87.91536118865618,1.0,0,87.91536118865618,0,25.500744371214047,0,87.91536118865618,0,0.0012894605003408999,0.0,zero,multiphase
bank_marketing,120,500,257,1,last_value,rational_fit,0,1,0.2034453878708655,0.201157308677899,0.0022880791929665023,0.0022880791929665023,0.0022880791929665023,1.0,0.011374576484468008,1,1.0,0,0.29006016726124123,1,1.0,0,0.0012894605003408999,0.0,zero,multiphase
bank_marketing,120,500,257,1,window_mean,rational_fit,0,1,0.209045600319494,0.201157308677899,0.007888291641595019,0.0022880791929665023,0.0022880791929665023,3.447560585246974,0.039214541561728995,1,3.447560585246974,0,1.0,0,3.447560585246974,0,0.0012894605003408999,0.0,zero,multiphase
bank_marketing,120,500,257,1,window_min,rational_fit,0,1,0.2034453878708655,0.201157308677899,0.0022880791929665023,0.0022880791929665023,0.0022880791929665023,1.0,0.011374576484468008,1,1.0,0,0.29006016726124123,1,1.0,0,0.0012894605003408999,0.0,zero,multiphase
bank_marketing,120,500,257,1,cascade,rational_fit,1,0,0.18627125662320612,0.201157308677899,0.014886052054692872,0.0022880791929665023,0.0022880791929665023,6.505916447495445,0.07400204423359534,1,6.505916447495445,0,1.8871072129481892,0,6.505916447495445,0,0.0012894605003408999,0.0,zero,multiphase
bank_marketing,150,300,257,1,richardson_1,rational_fit,0,0,0.1956678687250371,0.1987385656075606,0.0030706968825234826,0.002248074008316614,0.0022099884352483057,1.3894628738989174,0.01545093612372668,1,1.3659233953880634,0,0.5955957677222803,1,1.3894628738989174,0,0.005909727308448992,0.0,zero,multiphase
bank_marketing,150,300,257,1,rational_fit,rational_fit,0,0,0.19472614754402576,0.1987385656075606,0.004012418063534834,0.002248074008316614,0.0022099884352483057,1.81558328520575,0.020189428515137626,1,1.784824720490133,0,0.7782530508220878,1,1.81558328520575,0,0.005909727308448992,0.0,zero,multiphase
bank_marketing,150,300,257,1,constant_assumed,rational_fit,0,1,0.0,0.1987385656075606,0.1987385656075606,0.002248074008316614,0.0022099884352483057,89.92742334655298,1.0,0,88.4039248140138,0,38.54755226174775,0,89.92742334655298,0,0.005909727308448992,0.0,zero,multiphase
bank_marketing,150,300,257,1,last_value,rational_fit,0,1,0.2009866396158772,0.1987385656075606,0.002248074008316614,0.002248074008316614,0.0022099884352483057,1.0172333811620282,0.011311714973105806,1,1.0,0,0.4360389240957906,1,1.0172333811620282,0,0.005909727308448992,0.0,zero,multiphase
bank_marketing,150,300,257,1,window_mean,rational_fit,0,1,0.20389423837915643,0.1987385656075606,0.005155672771595843,0.002248074008316614,0.0022099884352483057,2.3328958149125207,0.02594198441472351,1,2.2933732397255353,0,1.0,0,2.3328958149125207,0,0.005909727308448992,0.0,zero,multiphase
bank_marketing,150,300,257,1,window_min,rational_fit,0,1,0.2009485540428089,0.1987385656075606,0.0022099884352483057,0.002248074008316614,0.0022099884352483057,1.0,0.011120078423089068,1,0.9830585768407032,1,0.4286518041687593,1,1.0,0,0.005909727308448992,0.0,zero,multiphase
bank_marketing,150,300,257,1,cascade,rational_fit,1,0,0.19472614754402576,0.1987385656075606,0.004012418063534834,0.002248074008316614,0.0022099884352483057,1.81558328520575,0.020189428515137626,1,1.784824720490133,0,0.7782530508220878,1,1.81558328520575,0,0.005909727308448992,0.0,zero,multiphase
bank_marketing,150,400,257,1,richardson_1,rational_fit,0,0,0.19456409573854735,0.1995616584923184,0.0049975627537710565,0.001424981123558794,0.0013868955504904856,3.6034168196758816,0.025042700043322322,1,3.5071080389401805,0,1.1534842713352362,0,3.6034168196758816,0,0.007833692418271171,0.0,zero,multiphase
bank_marketing,150,400,257,1,rational_fit,rational_fit,0,0,0.19323237848877992,0.1995616584923184,0.0063292800035384955,0.001424981123558794,0.0013868955504904856,4.563631342893919,0.03171591202115673,1,4.44165883947399,0,1.460857080273641,0,4.563631342893919,0,0.007833692418271171,0.0,zero,multiphase
bank_marketing,150,400,257,1,constant_assumed,rational_fit,0,1,0.0,0.1995616584923184,0.1995616584923184,0.001424981123558794,0.0013868955504904856,143.8909068687559,1.0,0,140.04512424271746,0,46.060699099529195,0,143.8909068687559,0,0.007833692418271171,0.0,zero,multiphase
bank_marketing,150,400,257,1,last_value,rational_fit,0,1,0.2009866396158772,0.1995616584923184,0.001424981123558794,0.001424981123558794,0.0013868955504904856,1.027461024772081,0.007140555627390944,1,1.0,0,0.32889898415670415,1,1.027461024772081,0,0.007833692418271171,0.0,zero,multiphase
bank_marketing,150,400,257,1,window_mean,rational_fit,0,1,0.20389423837915643,0.1995616584923184,0.004332579886838023,0.001424981123558794,0.0013868955504904856,3.1239410100535507,0.021710482462265132,1,3.040447213797259,0,1.0,0,3.1239410100535507,0,0.007833692418271171,0.0,zero,multiphase
bank_marketing,150,400,257,1,window_min,rational_fit,0,1,0.2009485540428089,0.1995616584923184,0.0013868955504904856,0.001424981123558794,0.0013868955504904856,1.0,0.00694970948311632,1,0.9732729280138167,1,0.32010847733096537,1,1.0,0,0.007833692418271171,0.0,zero,multiphase
bank_marketing,150,400,257,1,cascade,rational_fit,1,0,0.19323237848877992,0.1995616584923184,0.0063292800035384955,0.001424981123558794,0.0013868955504904856,4.563631342893919,0.03171591202115673,1,4.44165883947399,0,1.460857080273641,0,4.563631342893919,0,0.007833692418271171,0.0,zero,multiphase
bank_marketing,150,500,257,1,richardson_1,rational_fit,0,0,0.19394618610630665,0.201157308677899,0.007211122571592343,0.00017066906202178878,0.00017066906202178878,42.252078298008826,0.035848175833069415,1,42.252078298008826,0,2.634748918936173,0,34.54353273871055,0,0.009166045859544142,0.0,zero,multiphase
bank_marketing,150,500,257,1,rational_fit,rational_fit,0,0,0.1923350423098542,0.201157308677899,0.008822266368044784,0.00017066906202178878,0.00017066906202178878,51.692241484976776,0.04385754823440865,1,51.692241484976776,0,3.2234172342795397,0,42.26141548539583,0,0.009166045859544142,0.0,zero,multiphase
bank_marketing,150,500,257,1,constant_assumed,rational_fit,0,1,0.0,0.201157308677899,0.201157308677899,0.00017066906202178878,0.00017066906202178878,1178.63956299366,1.0,0,1178.63956299366,0,73.49743348741488,0,963.6064300612098,0,0.009166045859544142,0.0,zero,multiphase
bank_marketing,150,500,257,1,last_value,rational_fit,0,1,0.2009866396158772,0.201157308677899,0.00017066906202178878,0.00017066906202178878,0.00017066906202178878,1.0,0.000848435799541695,1,1.0,0,0.0623578537451574,1,0.817558191932501,1,0.009166045859544142,0.0,zero,multiphase
bank_marketing,150,500,257,1,window_mean,rational_fit,0,1,0.20389423837915643,0.201157308677899,0.00273692970125744,0.00017066906202178878,0.00017066906202178878,16.03647239186224,0.013605917275617958,1,16.03647239186224,0,1.0,0,13.110749373666362,0,0.009166045859544142,0.0,zero,multiphase
bank_marketing,150,500,257,1,window_min,rational_fit,0,1,0.2009485540428089,0.201157308677899,0.00020875463509009706,0.00017066906202178878,0.00017066906202178878,1.2231545226600355,0.0010377680853961076,1,1.2231545226600355,0,0.0762732908317623,1,1.0,0,0.009166045859544142,0.0,zero,multiphase
bank_marketing,150,500,257,1,cascade,rational_fit,1,0,0.1923350423098542,0.201157308677899,0.008822266368044784,0.00017066906202178878,0.00017066906202178878,51.692241484976776,0.04385754823440865,1,51.692241484976776,0,3.2234172342795397,0,42.26141548539583,0,0.009166045859544142,0.0,zero,multiphase
