assumed_mode,regime,is_holdout,target_g,noise,n_f,achieved_g,capped,n_cells_total,n_cells_fired,fire_rate,r1_n_total,r1_n_valid,r1_valid_rate,r1_cat_rate,r1_mean_error,r1_sd_error,r1_med_error,r1_q25_error,r1_q75_error,r1_p90_error,r1_win_rate_vs_last,alt_n_total,alt_n_valid,alt_valid_rate,alt_cat_rate,alt_mean_error,alt_sd_error,alt_med_error,alt_q25_error,alt_q75_error,alt_p90_error,alt_win_rate_vs_last,lower_error_frac_records,lower_error_frac_cells,median_rel_change,nf_r1_n_total,nf_r1_n_valid,nf_r1_valid_rate,nf_r1_cat_rate,nf_r1_mean_error,nf_r1_sd_error,nf_r1_med_error,nf_r1_q25_error,nf_r1_q75_error,nf_r1_p90_error,nf_r1_win_rate_vs_last,nf_alt_n_total,nf_alt_n_valid,nf_alt_valid_rate,nf_alt_cat_rate,nf_alt_mean_error,nf_alt_sd_error,nf_alt_med_error,nf_alt_q25_error,nf_alt_q75_error,nf_alt_p90_error,nf_alt_win_rate_vs_last,note
zero,single_exp,0,0.5,0.0,108.0,0.4867522559599715,0,20,0,0.0,0,0,,,,,,,,,,0,0,,,,,,,,,,,,,20,20,1.0,0.0,0.023131787751863548,0.009553430481034145,0.02613507587984498,0.01656755374799808,0.03293304506384552,0.033551171003670444,0.1,20,20,1.0,0.0,0.023498042243862764,0.010910728155610571,0.026550375654677858,0.01532019983616939,0.03462266449332778,0.035342346994086095,0.1,"cascade features clamp L0 = max(0, min(L_hat, 0.5*min(window))); non-zero modes coincide when L_hat >= 0.5*min(window)"
zero,two_exp,0,0.5,0.0,129.0,0.4955914190433955,0,20,0,0.0,0,0,,,,,,,,,,0,0,,,,,,,,,,,,,20,20,1.0,0.0,0.020599858029206164,0.012787689128365094,0.02214875505505983,0.011622960125584357,0.03404720854685705,0.035183793037196064,1.0,20,20,1.0,0.0,0.015511795731788685,0.009071812055150416,0.015065487619633257,0.00797759010311902,0.0255321434604238,0.026414876993627975,1.0,"cascade features clamp L0 = max(0, min(L_hat, 0.5*min(window))); non-zero modes coincide when L_hat >= 0.5*min(window)"
zero,three_exp,0,0.5,0.0,176.0,0.49876789415554024,0,20,0,0.0,0,0,,,,,,,,,,0,0,,,,,,,,,,,,,20,20,1.0,0.0,0.021010838293571248,0.00700591780687613,0.022821233990489895,0.01489812209536246,0.02752311113421071,0.028519273758553617,1.0,20,20,1.0,0.0,0.016674495828563583,2.188206973081332e-09,0.016674495732601435,0.01667449431509952,0.016674496725792392,0.01667449761273388,1.0,"cascade features clamp L0 = max(0, min(L_hat, 0.5*min(window))); non-zero modes coincide when L_hat >= 0.5*min(window)"
zero,four_exp,0,0.5,0.0,231.0,0.4980680166164721,0,20,0,0.0,0,0,,,,,,,,,,0,0,,,,,,,,,,,,,20,20,1.0,0.0,0.01059808917362317,0.006605039597982905,0.011387996636960551,0.004635623188266436,0.015149407732755957,0.018907357263311515,1.0,20,20,1.0,0.0,0.00872475322864374,9.40452695059742e-10,0.008724752858195725,0.008724752456407914,0.008724754071683077,0.008724754428865916,1.0,"cascade features clamp L0 = max(0, min(L_hat, 0.5*min(window))); non-zero modes coincide when L_hat >= 0.5*min(window)"
zero,power_law,0,0.5,0.0,244.0,0.4999340482202355,0,20,2,0.1,2,2,1.0,0.0,0.00020639149927170752,2.040492159305434e-12,0.00020639149927170752,0.0002063914985502846,0.00020639149999313045,0.0002063915004259842,1.0,2,2,1.0,0.0,0.0016197189274137491,1.9016575186925506e-10,0.0016197189274137491,0.0016197188601800028,0.0016197189946474955,0.0016197190349877433,1.0,0.0,0.0,6.847798640589573,18,18,1.0,0.0,0.0002063886774302252,9.732118974231713e-09,0.00020639149500447165,0.00020639147751617438,0.0002063915003043754,0.00020639159854765748,1.0,18,18,1.0,0.0,0.0016197198831347263,2.3914981485798166e-09,0.0016197190155707777,0.0016197188347928018,0.0016197196558207245,0.0016197220862499875,1.0,"cascade features clamp L0 = max(0, min(L_hat, 0.5*min(window))); non-zero modes coincide when L_hat >= 0.5*min(window)"
zero,rational_decay,0,0.5,0.0,205.0,0.5,0,20,0,0.0,0,0,,,,,,,,,,0,0,,,,,,,,,,,,,20,20,1.0,0.0,0.011284485431005416,0.0045658932581304525,0.013049646450166076,0.00802175183870002,0.015320144004146538,0.01532015799613749,1.0,20,20,1.0,0.0,9.016409147077908e-12,2.09734195246309e-11,1.0122319649141787e-12,7.112366251504909e-16,4.561032107552876e-12,2.594452985782427e-11,1.0,"cascade features clamp L0 = max(0, min(L_hat, 0.5*min(window))); non-zero modes coincide when L_hat >= 0.5*min(window)"
zero,mixed_pow_rat,0,0.5,0.0,254.0,0.4990202976120709,0,20,0,0.0,0,0,,,,,,,,,,0,0,,,,,,,,,,,,,20,20,1.0,0.0,0.009260674693826168,0.005033302032948917,0.011771959452808935,0.003971027194984225,0.013274433745279757,0.014346075345124084,1.0,20,20,1.0,0.0,0.003801163535830815,4.320065203561288e-10,0.003801163333022904,0.0038011631799323223,0.0038011637958077424,0.003801164072557732,1.0,"cascade features clamp L0 = max(0, min(L_hat, 0.5*min(window))); non-zero modes coincide when L_hat >= 0.5*min(window)"
zero,multiphase,0,0.5,0.0,504.0,0.49983903719462197,0,20,0,0.0,0,0,,,,,,,,,,0,0,,,,,,,,,,,,,20,20,1.0,0.0,0.05208178687422432,7.369163115715638e-08,0.05208180487644874,0.05208180424468757,0.052081804922763056,0.0520818049379252,1.0,20,20,1.0,0.0,0.048110510856099006,1.6465707206511683e-09,0.048110510261354114,0.04811051023467218,0.04811051063229918,0.04811051147884205,1.0,"cascade features clamp L0 = max(0, min(L_hat, 0.5*min(window))); non-zero modes coincide when L_hat >= 0.5*min(window)"
zero,osc_exp,0,0.5,0.0,107.0,0.47832942079368884,0,20,0,0.0,0,0,,,,,,,,,,0,0,,,,,,,,,,,,,20,20,1.0,0.0,0.026104836124203355,0.017037878447125728,0.0209729425482527,0.01110415524480822,0.04398468191356093,0.046463389936872636,0.55,20,20,1.0,0.0,0.022138323556045204,0.017130142464011976,0.010293279179572734,0.008365076801054014,0.04036754648431474,0.0435770325950912,0.6,"cascade features clamp L0 = max(0, min(L_hat, 0.5*min(window))); non-zero modes coincide when L_hat >= 0.5*min(window)"
zero,damped_osc_pow,0,0.5,0.0,260.0,0.49940767513390516,0,20,1,0.05,1,1,1.0,0.0,0.0005441739626782516,,0.0005441739626782516,0.0005441739626782516,0.0005441739626782516,0.0005441739626782516,1.0,1,1,1.0,0.0,0.0030542360593560636,,0.0030542360593560636,0.0030542360593560636,0.0030542360593560636,0.0030542360593560636,1.0,0.0,0.0,4.612609696215679,19,19,1.0,0.0,0.000544171373609979,5.4117735046552365e-09,0.0005441738440323737,0.000544172913520137,0.0005441738487913066,0.0005441739117916053,1.0,19,19,1.0,0.0,0.0030542363542347094,1.1807823287142205e-09,0.0030542362801956463,0.00305423579126006,0.0030542365499726873,0.0030542373314244183,1.0,"cascade features clamp L0 = max(0, min(L_hat, 0.5*min(window))); non-zero modes coincide when L_hat >= 0.5*min(window)"
zero,log_slow,0,0.5,0.0,8594.0,0.49999975284240333,0,20,1,0.05,1,1,1.0,0.0,0.012364433888885085,,0.012364433888885085,0.012364433888885085,0.012364433888885085,0.012364433888885085,1.0,1,1,1.0,0.0,0.044586149794629604,,0.044586149794629604,0.044586149794629604,0.044586149794629604,0.044586149794629604,1.0,0.0,0.0,2.60600009634974,19,19,1.0,0.0,0.012364439374402826,1.8392817275919847e-08,0.012364432435795936,0.012364432249568208,0.012364434074240219,0.012364452730974234,1.0,19,19,1.0,0.0,0.04458615348593506,2.410594658718565e-09,0.04458615331980331,0.04458615122022417,0.044586155242340296,0.044586156382827286,1.0,"cascade features clamp L0 = max(0, min(L_hat, 0.5*min(window))); non-zero modes coincide when L_hat >= 0.5*min(window)"
zero,delayed_plateau,0,0.5,0.0,160.0,0.49658484551706805,0,20,0,0.0,0,0,,,,,,,,,,0,0,,,,,,,,,,,,,20,20,1.0,0.0,0.046542802141325335,0.009171236310299749,0.051018309429773895,0.04258422255034108,0.05384600909678295,0.05446633658629173,1.0,20,20,1.0,0.0,0.024800914656933338,0.009148952738920565,0.029580060971922603,0.019548760131304764,0.03180694887967402,0.03220786664820134,1.0,"cascade features clamp L0 = max(0, min(L_hat, 0.5*min(window))); non-zero modes coincide when L_hat >= 0.5*min(window)"
zero,staircase,0,0.5,0.0,170.0,0.2777777777777778,0,20,0,0.0,0,0,,,,,,,,,,0,0,,,,,,,,,,,,,20,20,1.0,0.0,0.11219218336974217,0.02311729262405983,0.12114326039561157,0.10206344740238765,0.13123890989486842,0.13292196296256292,0.7,20,20,1.0,0.0,0.07245083982948654,0.02554052016855225,0.08280005724091202,0.06364845441162897,0.09281222344312587,0.0945038721747252,1.0,"cascade features clamp L0 = max(0, min(L_hat, 0.5*min(window))); non-zero modes coincide when L_hat >= 0.5*min(window)"
zero,noisy_plateau,0,0.5,0.0,104.0,0.4965853037914094,0,20,20,1.0,20,20,1.0,0.05,0.0006604686417005125,0.0005183945419558595,0.0005194255896197909,0.0002815565864455133,0.0008767032237083014,0.0013416926705353959,0.75,20,20,1.0,0.05,0.0007938790468769929,0.0007729748905890018,0.0004894002359975133,0.00031040006403254897,0.001233772585923964,0.0015724874668547315,0.85,0.45,0.45,0.2593641933192192,0,0,,,,,,,,,,0,0,,,,,,,,,,"cascade features clamp L0 = max(0, min(L_hat, 0.5*min(window))); non-zero modes coincide when L_hat >= 0.5*min(window)"
zero,slow_osc_power,0,0.5,0.0,415.0,0.49840630355024784,0,20,0,0.0,0,0,,,,,,,,,,0,0,,,,,,,,,,,,,20,20,1.0,0.2,0.044529977567627874,0.02532659120235601,0.0424558876653734,0.015873969854726215,0.06849573989952082,0.07306315660786468,0.1,20,20,1.0,0.0,0.040403793971143076,0.019054811130172985,0.05318553342080268,0.016451626207903206,0.05540211320221629,0.05540245070630357,0.1,"cascade features clamp L0 = max(0, min(L_hat, 0.5*min(window))); non-zero modes coincide when L_hat >= 0.5*min(window)"
zero,log_oscillatory,0,0.5,0.0,533.0,0.49841524754235217,0,20,20,1.0,20,20,1.0,0.0,0.02086228358930129,0.0037680600942530617,0.021726596433550946,0.018576959084571278,0.023916944314965886,0.02415154073192762,1.0,20,20,1.0,0.0,0.06193830321791601,0.02979450186547657,0.05275246688669953,0.039705274092569576,0.07530574632670875,0.098312227922071,0.9,0.0,0.0,1.4282722822256086,0,0,,,,,,,,,,0,0,,,,,,,,,,"cascade features clamp L0 = max(0, min(L_hat, 0.5*min(window))); non-zero modes coincide when L_hat >= 0.5*min(window)"
zero,heavy_noise_plat,0,0.5,0.0,97.0,0.49658530379140886,0,20,20,1.0,20,20,1.0,0.1,0.0010659051288972252,0.0007659660251152711,0.0010449639654331352,0.0004555734626583304,0.0013085602026353307,0.0020215139168530205,0.65,20,20,1.0,0.05,0.0011384346521211678,0.0008230560201266309,0.0010020766078138589,0.0005127695325411815,0.0015924737612556406,0.0019252672288345234,0.6,0.3,0.3,0.14567659450345039,0,0,,,,,,,,,,0,0,,,,,,,,,,"cascade features clamp L0 = max(0, min(L_hat, 0.5*min(window))); non-zero modes coincide when L_hat >= 0.5*min(window)"
zero,broken_power_law,0,0.5,0.0,514.0,0.49991211917454004,0,20,20,1.0,20,20,1.0,0.0,0.32321381854134434,0.002828755061632986,0.3246437855450416,0.32189951043473597,0.32503593273846554,0.32507124099340295,0.0,20,20,1.0,0.0,0.020273318241761117,5.127817244912539e-08,0.020273304143726696,0.020273304135405287,0.02027330553987519,0.020273321302937585,1.0,1.0,1.0,-0.9375521408310182,0,0,,,,,,,,,,0,0,,,,,,,,,,"cascade features clamp L0 = max(0, min(L_hat, 0.5*min(window))); non-zero modes coincide when L_hat >= 0.5*min(window)"
zero,stretched_exp,1,0.5,0.0,193.0,0.49828241532615414,0,20,0,0.0,0,0,,,,,,,,,,0,0,,,,,,,,,,,,,20,20,1.0,0.0,0.013678498646458445,0.009398814706432801,0.01589658945944572,0.004091872976444477,0.02279181586368029,0.024406377078405313,1.0,20,20,1.0,0.0,0.004246412693921705,0.0009611196075280425,0.0037942523582105148,0.0037942523227647573,0.003795424133381957,0.0061902423576255805,1.0,"cascade features clamp L0 = max(0, min(L_hat, 0.5*min(window))); non-zero modes coincide when L_hat >= 0.5*min(window)"
zero,logistic_tail,1,0.5,0.0,105.0,0.47748855939048196,0,20,0,0.0,0,0,,,,,,,,,,0,0,,,,,,,,,,,,,20,20,1.0,0.0,0.1345324748174363,0.020458047031875013,0.14299104902767845,0.13379007379455765,0.14620170953337355,0.1491630099190636,0.0,20,20,1.0,0.0,0.10558543512652692,0.028556860481051376,0.11773862960633068,0.10352106486937457,0.12263554558649101,0.1271196829621826,0.1,"cascade features clamp L0 = max(0, min(L_hat, 0.5*min(window))); non-zero modes coincide when L_hat >= 0.5*min(window)"
zero,inv_sqrt_log,1,0.5,0.0,245.0,0.4997783934707863,0,20,2,0.1,2,2,1.0,0.0,0.00018812681428673206,4.380051604909807e-11,0.00018812681428673206,0.0001881267988009111,0.00018812682977255302,0.0001881268390640456,1.0,2,2,1.0,0.0,0.0009659883469396863,8.264061347947403e-10,0.0009659883469396863,0.0009659880547609953,0.0009659886391183772,0.0009659888144255918,1.0,0.0,0.0,4.134772257756476,18,18,1.0,0.0,0.000188126769451869,1.5450364890890988e-10,0.0001881268072034467,0.00018812675293881226,0.00018812682058740038,0.00018812686876697217,1.0,18,18,1.0,0.0,0.0009659904880498579,1.140933276308261e-08,0.0009659881046214982,0.0009659877853646108,0.0009659937099410617,0.000965999838495038,1.0,"cascade features clamp L0 = max(0, min(L_hat, 0.5*min(window))); non-zero modes coincide when L_hat >= 0.5*min(window)"
zero,random_knots,1,0.5,0.0,314.5,0.49936083587279756,0,20,0,0.0,0,0,,,,,,,,,,0,0,,,,,,,,,,,,,20,20,1.0,0.0,0.007105998853692943,0.00744377899492615,0.003176156492160997,0.002214465364482719,0.013711680315203631,0.01772267667154857,1.0,20,20,1.0,0.0,0.00886333403311467,0.010660937622917914,0.004602862758258056,0.0025666904386482912,0.009522341055744225,0.022718601798352764,1.0,"cascade features clamp L0 = max(0, min(L_hat, 0.5*min(window))); non-zero modes coincide when L_hat >= 0.5*min(window)"
zero,real_boot_a,1,0.5,0.0,203.0,0.49951204685092926,0,20,0,0.0,0,0,,,,,,,,,,0,0,,,,,,,,,,,,,20,20,1.0,0.0,0.014301821381923211,0.008175121428692865,0.013078597417393562,0.0071839530848282415,0.02342075746213669,0.023788924860257687,1.0,20,20,1.0,0.0,0.016291385900747087,1.7452349812245642e-09,0.016291385900272,0.01629138565168078,0.016291386696594877,0.01629138741755333,1.0,"cascade features clamp L0 = max(0, min(L_hat, 0.5*min(window))); non-zero modes coincide when L_hat >= 0.5*min(window)"
zero,real_boot_b,1,0.5,0.0,172.0,0.496916665259355,0,20,0,0.0,0,0,,,,,,,,,,0,0,,,,,,,,,,,,,20,20,1.0,0.0,0.004401237100188115,0.0010834520614033706,0.004928688916841981,0.004870129643926165,0.004928693308682501,0.004928709884085489,1.0,20,20,1.0,0.0,0.005555527534535434,0.00202528633865724,0.006736013896948223,0.005169751567714579,0.006736013915421106,0.006736013944779993,1.0,"cascade features clamp L0 = max(0, min(L_hat, 0.5*min(window))); non-zero modes coincide when L_hat >= 0.5*min(window)"
zero,single_exp,0,0.5,0.005,108.0,0.4867522559599715,0,20,0,0.0,0,0,,,,,,,,,,0,0,,,,,,,,,,,,,20,20,1.0,0.1,0.023053039987365347,0.00967962336484634,0.02604366077727343,0.01573034096427687,0.033075489956111245,0.03358054930950005,0.05,20,20,1.0,0.1,0.023403337647849826,0.011076810697639508,0.02645109753064907,0.015084800800619289,0.03473426176660002,0.03535684970274467,0.1,"cascade features clamp L0 = max(0, min(L_hat, 0.5*min(window))); non-zero modes coincide when L_hat >= 0.5*min(window)"
zero,two_exp,0,0.5,0.005,129.0,0.4955914190433955,0,20,0,0.0,0,0,,,,,,,,,,0,0,,,,,,,,,,,,,20,20,1.0,0.0,0.02059389642245087,0.012803225377665347,0.022755811146049902,0.010726636003133193,0.033969562117435,0.035269463417933855,1.0,20,20,1.0,0.0,0.01522509331345583,0.009649723512582913,0.015335849640620486,0.006517208549010056,0.025576918258611435,0.02662558155143631,1.0,"cascade features clamp L0 = max(0, min(L_hat, 0.5*min(window))); non-zero modes coincide when L_hat >= 0.5*min(window)"
zero,three_exp,0,0.5,0.005,176.0,0.49876789415554024,0,20,0,0.0,0,0,,,,,,,,,,0,0,,,,,,,,,,,,,20,20,1.0,0.0,0.02200464984273082,0.006038361763739545,0.02199127941147612,0.016603259365056043,0.027815555472150227,0.02905073876219546,1.0,20,20,1.0,0.0,0.016589751477967162,0.007558306459034979,0.018285261908584434,0.012488961081322358,0.022670538220009653,0.023908426575185333,1.0,"cascade features clamp L0 = max(0, min(L_hat, 0.5*min(window))); non-zero modes coincide when L_hat >= 0.5*min(window)"
zero,four_exp,0,0.5,0.005,231.0,0.4980680166164721,0,20,0,0.0,0,0,,,,,,,,,,0,0,,,,,,,,,,,,,20,20,1.0,0.0,0.011804802520445936,0.007011740141850689,0.012377200550075518,0.005293133064538567,0.015614265199884868,0.022019001970252118,1.0,20,20,1.0,0.0,0.011138723487585822,0.008133063374236025,0.010394768399589034,0.004037183541501271,0.014784921221755315,0.020490365127128127,1.0,"cascade features clamp L0 = max(0, min(L_hat, 0.5*min(window))); non-zero modes coincide when L_hat >= 0.5*min(window)"
zero,power_law,0,0.5,0.005,244.0,0.4999340482202355,0,20,2,0.1,2,2,1.0,0.0,0.010073853402907035,0.011635555280105693,0.010073853402907035,0.005960063382190198,0.014187643423623872,0.016655917436053973,0.5,2,2,1.0,0.0,0.006920775726383055,0.00665828800636307,0.006920775726383055,0.0045667154261868625,0.009274836026579247,0.010687272206696963,0.5,0.5,0.5,-0.08307350687461809,18,18,1.0,0.0,0.003606979079649854,0.002564328426869281,0.002769895261040097,0.002285111587700504,0.005662100633958092,0.006593006061014506,1.0,18,18,1.0,0.0,0.0036875683464116884,0.0020628447961407517,0.0031995968354055007,0.0022338823185709955,0.005540681927784385,0.006473446341416817,1.0,"cascade features clamp L0 = max(0, min(L_hat, 0.5*min(window))); non-zero modes coincide when L_hat >= 0.5*min(window)"
zero,rational_decay,0,0.5,0.005,205.0,0.5,0,20,0,0.0,0,0,,,,,,,,,,0,0,,,,,,,,,,,,,20,20,1.0,0.0,0.011479396317237297,0.005017815568970709,0.011551150904784091,0.008282215145858217,0.015023008752856056,0.0171771221253266,1.0,20,20,1.0,0.0,0.006143431613741889,0.004777741315322598,0.00522440009880952,0.0025931593612389357,0.010361894552266694,0.012235461181307897,1.0,"cascade features clamp L0 = max(0, min(L_hat, 0.5*min(window))); non-zero modes coincide when L_hat >= 0.5*min(window)"
zero,mixed_pow_rat,0,0.5,0.005,254.0,0.4990202976120709,0,20,0,0.0,0,0,,,,,,,,,,0,0,,,,,,,,,,,,,20,20,1.0,0.0,0.00906571281638149,0.00447665651655943,0.010731440421525983,0.005379330900885236,0.01286587086603086,0.013701968237411492,1.0,20,20,1.0,0.0,0.006869357856345995,0.004397855160636402,0.006116473193553976,0.003290570304260415,0.010015251299995039,0.011123608483142438,1.0,"cascade features clamp L0 = max(0, min(L_hat, 0.5*min(window))); non-zero modes coincide when L_hat >= 0.5*min(window)"
zero,multiphase,0,0.5,0.005,504.0,0.49983903719462197,0,20,0,0.0,0,0,,,,,,,,,,0,0,,,,,,,,,,,,,20,20,1.0,0.0,0.050272104976311835,0.003421552467296856,0.05134685160338884,0.04796387331050991,0.05283509455078636,0.05325074381533895,1.0,20,20,1.0,0.0,0.04764821593293831,0.0020014779706209866,0.04790239166928168,0.04678851052256075,0.04893383701655736,0.04973780848027246,1.0,"cascade features clamp L0 = max(0, min(L_hat, 0.5*min(window))); non-zero modes coincide when L_hat >= 0.5*min(window)"
zero,osc_exp,0,0.5,0.005,107.0,0.47832942079368884,0,20,0,0.0,0,0,,,,,,,,,,0,0,,,,,,,,,,,,,20,20,1.0,0.0,0.02597051893498057,0.017147792943098594,0.02026487594213361,0.010396240423431645,0.04420003493874446,0.04621285046218399,0.45,20,20,1.0,0.0,0.022089294287562754,0.017179851030558496,0.010684448339661416,0.007578531530787386,0.04046963618657173,0.04334910104629097,0.6,"cascade features clamp L0 = max(0, min(L_hat, 0.5*min(window))); non-zero modes coincide when L_hat >= 0.5*min(window)"
zero,damped_osc_pow,0,0.5,0.005,260.0,0.49940767513390516,0,20,1,0.05,1,1,1.0,0.0,0.007387670128778168,,0.007387670128778168,0.007387670128778168,0.007387670128778168,0.007387670128778168,1.0,1,1,1.0,0.0,0.007256951812525392,,0.007256951812525392,0.007256951812525392,0.007256951812525392,0.007256951812525392,1.0,1.0,1.0,-0.017694119251964367,19,19,1.0,0.0,0.005917262403976138,0.00451085501309008,0.004611435842043252,0.001887845136904407,0.008813691406820423,0.01194157734162583,1.0,19,19,1.0,0.0,0.006706760000044609,0.0031882349656634675,0.005432260301779873,0.00420155353259858,0.00937978572095241,0.011265645342260506,1.0,"cascade features clamp L0 = max(0, min(L_hat, 0.5*min(window))); non-zero modes coincide when L_hat >= 0.5*min(window)"
zero,log_slow,0,0.5,0.005,8594.0,0.49999975284240333,0,20,1,0.05,1,1,1.0,0.0,0.013264966577909765,,0.013264966577909765,0.013264966577909765,0.013264966577909765,0.013264966577909765,1.0,1,1,1.0,0.0,0.04498486493367582,,0.04498486493367582,0.04498486493367582,0.04498486493367582,0.04498486493367582,1.0,0.0,0.0,2.3912535451532464,19,19,1.0,0.0,0.03596299556318034,0.016224970926584818,0.034290251600402055,0.025444250860958473,0.04465671305784469,0.058587453987495555,1.0,19,19,1.0,0.0,0.04239079232715466,0.014754054130829374,0.04635197434242938,0.03083623683891107,0.05298710072130339,0.05870485128371757,1.0,"cascade features clamp L0 = max(0, min(L_hat, 0.5*min(window))); non-zero modes coincide when L_hat >= 0.5*min(window)"
zero,delayed_plateau,0,0.5,0.005,160.0,0.49658484551706805,0,20,0,0.0,0,0,,,,,,,,,,0,0,,,,,,,,,,,,,20,20,1.0,0.0,0.04636776461907708,0.009218901223348078,0.05079993339282027,0.04185083664120351,0.05358364991444989,0.054379621076492114,1.0,20,20,1.0,0.0,0.02488296671779961,0.009577349886671995,0.02927881755814067,0.018647851127066024,0.03228973233590658,0.03310202246589113,1.0,"cascade features clamp L0 = max(0, min(L_hat, 0.5*min(window))); non-zero modes coincide when L_hat >= 0.5*min(window)"
zero,staircase,0,0.5,0.005,170.0,0.2777777777777778,0,20,0,0.0,0,0,,,,,,,,,,0,0,,,,,,,,,,,,,20,20,1.0,0.0,0.1118384089858763,0.02353028031125911,0.1214074409317748,0.10240322050127078,0.13044787154975535,0.13250678548224692,0.65,20,20,1.0,0.0,0.07287271792451508,0.024575989364752675,0.08300483065386421,0.06387517888142535,0.09161312709429481,0.0944485995347638,1.0,"cascade features clamp L0 = max(0, min(L_hat, 0.5*min(window))); non-zero modes coincide when L_hat >= 0.5*min(window)"
zero,noisy_plateau,0,0.5,0.005,104.0,0.4965853037914094,0,20,20,1.0,20,20,1.0,0.05,0.0006945242256884148,0.0005270524671195202,0.0005856082085157043,0.0003674146418786309,0.0008463682201107093,0.0013156548596743457,0.75,20,20,1.0,0.05,0.0008940931529101833,0.0006925080279810854,0.0007118612502106502,0.0004198451030274202,0.0012673133768212191,0.0015842831281131058,0.75,0.3,0.3,0.4811508345685521,0,0,,,,,,,,,,0,0,,,,,,,,,,"cascade features clamp L0 = max(0, min(L_hat, 0.5*min(window))); non-zero modes coincide when L_hat >= 0.5*min(window)"
zero,slow_osc_power,0,0.5,0.005,415.0,0.49840630355024784,0,20,0,0.0,0,0,,,,,,,,,,0,0,,,,,,,,,,,,,20,20,1.0,0.15,0.04354760578376505,0.024514908092139007,0.0426453871005221,0.016029975980361957,0.06876648025628115,0.0703722736480615,0.15,20,20,1.0,0.2,0.041068136814589574,0.025842395790501193,0.04528683419873355,0.016529053364228805,0.051002428412869144,0.05580642310192397,0.15,"cascade features clamp L0 = max(0, min(L_hat, 0.5*min(window))); non-zero modes coincide when L_hat >= 0.5*min(window)"
zero,log_oscillatory,0,0.5,0.005,533.0,0.49841524754235217,0,20,20,1.0,20,20,1.0,0.0,0.02069620110911526,0.005128136840263851,0.022252210316439175,0.017820358851497714,0.024706621914607253,0.026078493920219263,1.0,20,20,1.0,0.0,0.06215625188864462,0.030925166323417002,0.05250470836400173,0.039761342487520154,0.07145288502120702,0.09521002511814244,0.9,0.0,0.0,1.3160024762773261,0,0,,,,,,,,,,0,0,,,,,,,,,,"cascade features clamp L0 = max(0, min(L_hat, 0.5*min(window))); non-zero modes coincide when L_hat >= 0.5*min(window)"
zero,heavy_noise_plat,0,0.5,0.005,97.0,0.49658530379140886,0,20,20,1.0,20,20,1.0,0.0,0.00124741494554443,0.0008220343551553002,0.0011732048854364236,0.0006339662653280813,0.001902383272783444,0.002461046539220377,0.8,20,20,1.0,0.0,0.0010817805331646338,0.0008464757587175992,0.0008995465507849543,0.0004776539075847805,0.001355627501290741,0.002437752232209932,0.85,0.5,0.5,-0.0031632661507260337,0,0,,,,,,,,,,0,0,,,,,,,,,,"cascade features clamp L0 = max(0, min(L_hat, 0.5*min(window))); non-zero modes coincide when L_hat >= 0.5*min(window)"
zero,broken_power_law,0,0.5,0.005,514.0,0.49991211917454004,0,20,20,1.0,20,20,1.0,0.3,0.32421647872344367,0.002662015249850572,0.3244395426841158,0.3226444918794431,0.32574473216902977,0.3275883327248177,0.0,20,20,1.0,0.0,0.020127747055499086,0.0004218919836963525,0.020075718472022247,0.019848449561638937,0.02048873810571824,0.020669779363662065,1.0,1.0,1.0,-0.9379578721639392,0,0,,,,,,,,,,0,0,,,,,,,,,,"cascade features clamp L0 = max(0, min(L_hat, 0.5*min(window))); non-zero modes coincide when L_hat >= 0.5*min(window)"
zero,stretched_exp,1,0.5,0.005,193.0,0.49828241532615414,0,20,0,0.0,0,0,,,,,,,,,,0,0,,,,,,,,,,,,,20,20,1.0,0.0,0.013910181821097056,0.009513683179773202,0.01656397347877142,0.004975549341179317,0.022640756332403856,0.024627658933493758,1.0,20,20,1.0,0.0,0.006346150434604314,0.003950980384219579,0.005708956994707255,0.0037220954191453104,0.007837160272331011,0.010575778980132953,1.0,"cascade features clamp L0 = max(0, min(L_hat, 0.5*min(window))); non-zero modes coincide when L_hat >= 0.5*min(window)"
zero,logistic_tail,1,0.5,0.005,105.0,0.47748855939048196,0,20,0,0.0,0,0,,,,,,,,,,0,0,,,,,,,,,,,,,20,20,1.0,0.0,0.13457074476174352,0.020397521845359985,0.14323040952803498,0.13411437934161824,0.14594923258395648,0.1484698780030313,0.0,20,20,1.0,0.0,0.1056160282670601,0.028513833611920437,0.11791840611571429,0.10378601163065257,0.12236098817502017,0.12652039573056398,0.1,"cascade features clamp L0 = max(0, min(L_hat, 0.5*min(window))); non-zero modes coincide when L_hat >= 0.5*min(window)"
zero,inv_sqrt_log,1,0.5,0.005,245.0,0.4997783934707863,0,20,1,0.05,1,1,1.0,0.0,0.004009583995849719,,0.004009583995849719,0.004009583995849719,0.004009583995849719,0.004009583995849719,1.0,1,1,1.0,0.0,0.00427264866154875,,0.00427264866154875,0.00427264866154875,0.00427264866154875,0.00427264866154875,1.0,0.0,0.0,0.06560896740692466,19,19,1.0,0.0,0.004078198586170041,0.0029248605720127983,0.0034376346752017124,0.0019538346981371364,0.005424309855113248,0.00768009654547707,0.8421052631578947,19,19,1.0,0.0,0.00455903996886279,0.0050785880576102475,0.0024952456142537105,0.0019066204278504906,0.004816324125166662,0.009848509178856754,0.8947368421052632,"cascade features clamp L0 = max(0, min(L_hat, 0.5*min(window))); non-zero modes coincide when L_hat >= 0.5*min(window)"
zero,random_knots,1,0.5,0.005,314.5,0.49936083587279756,0,20,2,0.1,2,2,1.0,0.0,0.011303873568353405,0.0010081293203517664,0.011303873568353405,0.010947446028986545,0.011660301107720265,0.01187415763134038,0.5,2,2,1.0,0.0,0.009808182378780811,0.0007497889289229858,0.009808182378780811,0.00954309196073079,0.010073272796830832,0.010232327047660843,0.5,1.0,1.0,-0.1258825784728788,18,18,1.0,0.0,0.010582955149327937,0.009454911321549691,0.0066147929304331676,0.005219797533534631,0.011644665882223897,0.022341446179788168,0.9444444444444444,18,18,1.0,0.0,0.01227234192738495,0.01300896069244825,0.006807057832102361,0.003157345182235703,0.01478593859652974,0.02981898755605651,1.0,"cascade features clamp L0 = max(0, min(L_hat, 0.5*min(window))); non-zero modes coincide when L_hat >= 0.5*min(window)"
zero,real_boot_a,1,0.5,0.005,203.0,0.49951204685092926,0,20,0,0.0,0,0,,,,,,,,,,0,0,,,,,,,,,,,,,20,20,1.0,0.0,0.014059137071565586,0.008568628748598655,0.01302207315619286,0.008439717126557458,0.02213244671335717,0.024324193916896015,1.0,20,20,1.0,0.0,0.01598100634657801,0.0073046504187801245,0.013292741588222745,0.01115708787887237,0.02101275656076047,0.02609438157458225,1.0,"cascade features clamp L0 = max(0, min(L_hat, 0.5*min(window))); non-zero modes coincide when L_hat >= 0.5*min(window)"
zero,real_boot_b,1,0.5,0.005,172.0,0.496916665259355,0,20,0,0.0,0,0,,,,,,,,,,0,0,,,,,,,,,,,,,20,20,1.0,0.0,0.006547917427421693,0.003617976224247884,0.006008712682898789,0.004164834980545283,0.00851873959887198,0.010926117437270635,1.0,20,20,1.0,0.0,0.006446002083870149,0.0030852426467449273,0.006638823449167493,0.005192228380374142,0.007955662245511424,0.01015622186678134,1.0,"cascade features clamp L0 = max(0, min(L_hat, 0.5*min(window))); non-zero modes coincide when L_hat >= 0.5*min(window)"
zero,single_exp,0,0.5,0.02,108.0,0.4867522559599715,0,20,0,0.0,0,0,,,,,,,,,,0,0,,,,,,,,,,,,,20,20,1.0,0.1,0.023796090292104454,0.009928177186749472,0.02387774902704891,0.016323909425235344,0.032318358719866457,0.0353547365669995,0.25,20,20,1.0,0.1,0.02427392402704099,0.011385522591669927,0.025485954097351084,0.015734814731907715,0.034047669349890904,0.036780591216754324,0.25,"cascade features clamp L0 = max(0, min(L_hat, 0.5*min(window))); non-zero modes coincide when L_hat >= 0.5*min(window)"
zero,two_exp,0,0.5,0.02,129.0,0.4955914190433955,0,20,0,0.0,0,0,,,,,,,,,,0,0,,,,,,,,,,,,,20,20,1.0,0.0,0.021033986731242793,0.012820136773612916,0.02222226145469705,0.010132237915423448,0.03373356644831321,0.035448117355380435,0.95,20,20,1.0,0.0,0.016371762491753844,0.009512673060825398,0.016418345033079686,0.00925860907125469,0.025337177505297986,0.027985163426950507,0.95,"cascade features clamp L0 = max(0, min(L_hat, 0.5*min(window))); non-zero modes coincide when L_hat >= 0.5*min(window)"
zero,three_exp,0,0.5,0.02,176.0,0.49876789415554024,0,20,0,0.0,0,0,,,,,,,,,,0,0,,,,,,,,,,,,,20,20,1.0,0.0,0.023685438712233615,0.011548736171181897,0.025166518780125276,0.016900510948087047,0.02920651358656645,0.03208504558033218,1.0,20,20,1.0,0.0,0.018054870636268774,0.012254958616153631,0.015136041851350257,0.009167325840971977,0.024457361543985333,0.02922872021351425,1.0,"cascade features clamp L0 = max(0, min(L_hat, 0.5*min(window))); non-zero modes coincide when L_hat >= 0.5*min(window)"
zero,four_exp,0,0.5,0.02,231.0,0.4980680166164721,0,20,0,0.0,0,0,,,,,,,,,,0,0,,,,,,,,,,,,,20,20,1.0,0.0,0.01788714774368237,0.012455680943256919,0.017299372337225796,0.009769372374175772,0.02059027570858412,0.03070186347662545,1.0,20,20,1.0,0.0,0.024563544657373898,0.02162755814866536,0.01948395170281199,0.010495265753854274,0.03185274102614211,0.042262117136389936,0.95,"cascade features clamp L0 = max(0, min(L_hat, 0.5*min(window))); non-zero modes coincide when L_hat >= 0.5*min(window)"
zero,power_law,0,0.5,0.02,244.0,0.4999340482202355,0,20,20,1.0,20,20,1.0,0.1,0.008328789849582702,0.005644201968521258,0.007492276554317553,0.003298756290076153,0.01359470157104238,0.016015160338266735,0.75,20,20,1.0,0.05,0.009922149787679366,0.004958378500949259,0.009658726542480862,0.006498488822667678,0.01164059182645522,0.0156896777087053,0.65,0.45,0.45,0.34799407169541124,0,0,,,,,,,,,,0,0,,,,,,,,,,"cascade features clamp L0 = max(0, min(L_hat, 0.5*min(window))); non-zero modes coincide when L_hat >= 0.5*min(window)"
zero,rational_decay,0,0.5,0.02,205.0,0.5,0,20,0,0.0,0,0,,,,,,,,,,0,0,,,,,,,,,,,,,20,20,1.0,0.0,0.012569968936002273,0.00905933442072493,0.00845614626755288,0.004736146331402888,0.019120319508717395,0.02334730363499455,1.0,20,20,1.0,0.0,0.014916855734124167,0.01342670718998856,0.011252683517453566,0.004165976090388976,0.023748812479405454,0.035424069444264426,1.0,"cascade features clamp L0 = max(0, min(L_hat, 0.5*min(window))); non-zero modes coincide when L_hat >= 0.5*min(window)"
zero,mixed_pow_rat,0,0.5,0.02,254.0,0.4990202976120709,0,20,0,0.0,0,0,,,,,,,,,,0,0,,,,,,,,,,,,,20,20,1.0,0.0,0.015270391283453732,0.012535016245110699,0.013451747257788221,0.007039174896256897,0.021712748392721533,0.029598397417674137,0.95,20,20,1.0,0.0,0.024557999918182798,0.02840617305072652,0.015903765215834788,0.004536567372801718,0.029773160613079643,0.057825064205798395,0.8,"cascade features clamp L0 = max(0, min(L_hat, 0.5*min(window))); non-zero modes coincide when L_hat >= 0.5*min(window)"
zero,multiphase,0,0.5,0.02,504.0,0.49983903719462197,0,20,0,0.0,0,0,,,,,,,,,,0,0,,,,,,,,,,,,,20,20,1.0,0.0,0.03735093919135041,0.020907837296511182,0.039594968211476844,0.01993946652188322,0.05278837488951824,0.06244633797526593,1.0,20,20,1.0,0.0,0.03748157949705566,0.016493538469673913,0.04152823476341791,0.022745891539832794,0.04849812905993683,0.05742734133271918,1.0,"cascade features clamp L0 = max(0, min(L_hat, 0.5*min(window))); non-zero modes coincide when L_hat >= 0.5*min(window)"
zero,osc_exp,0,0.5,0.02,107.0,0.47832942079368884,0,20,0,0.0,0,0,,,,,,,,,,0,0,,,,,,,,,,,,,20,20,1.0,0.05,0.026297965539819314,0.01574096693833306,0.02160504866944174,0.01288430344333124,0.04202438871625263,0.04647112583031578,0.65,20,20,1.0,0.05,0.02214351440635377,0.01628036745683632,0.01614364378856989,0.00802187131291826,0.038914443752086886,0.04355191130848191,0.7,"cascade features clamp L0 = max(0, min(L_hat, 0.5*min(window))); non-zero modes coincide when L_hat >= 0.5*min(window)"
zero,damped_osc_pow,0,0.5,0.02,260.0,0.49940767513390516,0,20,16,0.8,16,16,1.0,0.0,0.008871110461561017,0.007726695881165322,0.006632550333994906,0.002797421427347759,0.01117392568375033,0.019705315569852038,0.9375,16,16,1.0,0.0,0.009944494040915656,0.005271380772585494,0.007977971687671045,0.006184101563859597,0.012405386411038277,0.016777296665488897,0.9375,0.5,0.5,0.04545507688457036,4,4,1.0,0.25,0.019001505795748684,0.017334436350758414,0.01727099708948207,0.006931760713177021,0.029340742172053735,0.03575355352042467,0.75,4,4,1.0,0.25,0.035897784718956605,0.052823320122641654,0.012759240573428098,0.005702819309691324,0.04295420598269338,0.08587141824057945,0.75,"cascade features clamp L0 = max(0, min(L_hat, 0.5*min(window))); non-zero modes coincide when L_hat >= 0.5*min(window)"
zero,log_slow,0,0.5,0.02,8594.0,0.49999975284240333,0,20,19,0.95,19,19,1.0,0.0,0.047614898489044044,0.02077921790350789,0.04563532521550967,0.03438888301481492,0.06599114821616867,0.07035296869228241,1.0,19,19,1.0,0.0,0.05186020419278627,0.02672019875059529,0.05778816327294163,0.03577939558706221,0.06788957607400666,0.08541656221098838,0.8947368421052632,0.5789473684210527,0.5789473684210527,-0.06764931378452585,1,1,1.0,0.0,0.07357993703214122,,0.07357993703214122,0.07357993703214122,0.07357993703214122,0.07357993703214122,0.0,1,1,1.0,0.0,0.13546175931069654,,0.13546175931069654,0.13546175931069654,0.13546175931069654,0.13546175931069654,0.0,"cascade features clamp L0 = max(0, min(L_hat, 0.5*min(window))); non-zero modes coincide when L_hat >= 0.5*min(window)"
zero,delayed_plateau,0,0.5,0.02,160.0,0.49658484551706805,0,20,0,0.0,0,0,,,,,,,,,,0,0,,,,,,,,,,,,,20,20,1.0,0.0,0.04745741930799118,0.009006279802635044,0.05171110229209622,0.044175685420361585,0.05325888162687592,0.053844366044586096,1.0,20,20,1.0,0.0,0.023531410468655523,0.008427331907714157,0.026909138178343547,0.019519072324621314,0.028970417024164148,0.03177397631506034,1.0,"cascade features clamp L0 = max(0, min(L_hat, 0.5*min(window))); non-zero modes coincide when L_hat >= 0.5*min(window)"
zero,staircase,0,0.5,0.02,170.0,0.2777777777777778,0,20,0,0.0,0,0,,,,,,,,,,0,0,,,,,,,,,,,,,20,20,1.0,0.0,0.11125509363920563,0.024462663405809708,0.12201758456278314,0.09793612945058902,0.12936773921870884,0.13254131789157012,0.65,20,20,1.0,0.0,0.07259467539071632,0.02594901414398173,0.08218098787782954,0.06397405333859624,0.09209327777302428,0.0940719335549493,0.9,"cascade features clamp L0 = max(0, min(L_hat, 0.5*min(window))); non-zero modes coincide when L_hat >= 0.5*min(window)"
zero,noisy_plateau,0,0.5,0.02,104.0,0.4965853037914094,0,20,20,1.0,20,20,1.0,0.05,0.0007503395559005836,0.0004962196448572573,0.0006883296862684601,0.00038560538953099407,0.0010895246574734643,0.0014522193107853283,0.9,20,20,1.0,0.05,0.0009038435311167874,0.0005912304902281127,0.0007930337604842297,0.0005271269233884796,0.0012842898021404939,0.0018345609183848777,0.75,0.45,0.45,0.29217562449776024,0,0,,,,,,,,,,0,0,,,,,,,,,,"cascade features clamp L0 = max(0, min(L_hat, 0.5*min(window))); non-zero modes coincide when L_hat >= 0.5*min(window)"
zero,slow_osc_power,0,0.5,0.02,415.0,0.49840630355024784,0,20,9,0.45,9,9,1.0,0.3333333333333333,0.030920169936388027,0.025140587037852925,0.01529887852455708,0.01103045589772006,0.05865252625559114,0.06451271373055834,0.2222222222222222,9,9,1.0,0.3333333333333333,0.043552318559108065,0.054929547462170436,0.018160574259627082,0.014645624889713375,0.056209838723033256,0.08478560216358537,0.2222222222222222,0.2222222222222222,0.2222222222222222,0.09311664369173742,11,11,1.0,0.36363636363636365,0.04660426142510799,0.029577371291685993,0.04867192396948136,0.018096939795523924,0.06868225459420318,0.07009246042383221,0.2727272727272727,11,11,1.0,0.45454545454545453,0.04834350434948079,0.032110880509261315,0.05054273228260174,0.0177489440011991,0.06168678982633241,0.07318514066496468,0.2727272727272727,"cascade features clamp L0 = max(0, min(L_hat, 0.5*min(window))); non-zero modes coincide when L_hat >= 0.5*min(window)"
zero,log_oscillatory,0,0.5,0.02,533.0,0.49841524754235217,0,20,20,1.0,20,20,1.0,0.0,0.019383999905791243,0.013007513695618134,0.017521198547698832,0.01051055123057492,0.02753388339919711,0.033751949005800114,1.0,20,20,1.0,0.0,0.06601015164786109,0.04008851212987933,0.04951033134667372,0.039211089235748404,0.0891956267290025,0.11206979525104857,0.75,0.2,0.2,1.9028877129952204,0,0,,,,,,,,,,0,0,,,,,,,,,,"cascade features clamp L0 = max(0, min(L_hat, 0.5*min(window))); non-zero modes coincide when L_hat >= 0.5*min(window)"
zero,heavy_noise_plat,0,0.5,0.02,97.0,0.49658530379140886,0,20,20,1.0,20,20,1.0,0.0,0.004022303336952876,0.003225187250286435,0.003224369146979116,0.0015652731114210307,0.005339171602186308,0.009215624122303482,0.95,20,20,1.0,0.05,0.0030379556142875173,0.0028351895057731396,0.0021830616880854125,0.0010637228084740655,0.004637849578481916,0.005881816977833788,0.95,0.55,0.55,-0.10178962517683296,0,0,,,,,,,,,,0,0,,,,,,,,,,"cascade features clamp L0 = max(0, min(L_hat, 0.5*min(window))); non-zero modes coincide when L_hat >= 0.5*min(window)"
zero,broken_power_law,0,0.5,0.02,514.0,0.49991211917454004,0,20,20,1.0,20,20,1.0,0.55,0.32178794233967406,0.014341103104078576,0.32327584629428796,0.31403834992846225,0.3323216216778004,0.33771220395526913,0.0,20,20,1.0,0.0,0.020152973633033835,0.0021732134085509073,0.01990764725333803,0.018752183374059334,0.02162287073266876,0.022439023878945884,1.0,1.0,1.0,-0.9393393163957704,0,0,,,,,,,,,,0,0,,,,,,,,,,"cascade features clamp L0 = max(0, min(L_hat, 0.5*min(window))); non-zero modes coincide when L_hat >= 0.5*min(window)"
zero,stretched_exp,1,0.5,0.02,193.0,0.49828241532615414,0,20,0,0.0,0,0,,,,,,,,,,0,0,,,,,,,,,,,,,20,20,1.0,0.0,0.01808941048051897,0.006798108248635459,0.01959204837456932,0.015015586190262817,0.023665702556249266,0.025798572026913755,1.0,20,20,1.0,0.0,0.018005688729974333,0.012670950096586801,0.018584639827978526,0.0057244177181697865,0.02688069800087732,0.03245409773799039,1.0,"cascade features clamp L0 = max(0, min(L_hat, 0.5*min(window))); non-zero modes coincide when L_hat >= 0.5*min(window)"
zero,logistic_tail,1,0.5,0.02,105.0,0.47748855939048196,0,20,0,0.0,0,0,,,,,,,,,,0,0,,,,,,,,,,,,,20,20,1.0,0.1,0.1346286238289522,0.020370024556796262,0.14376932697226155,0.13295763537126443,0.14578442930621255,0.14893899560283563,0.0,20,20,1.0,0.1,0.10575925552348524,0.0281335714105912,0.11868942688714959,0.10260800685451917,0.12135544531953019,0.1259974094330442,0.05,"cascade features clamp L0 = max(0, min(L_hat, 0.5*min(window))); non-zero modes coincide when L_hat >= 0.5*min(window)"
zero,inv_sqrt_log,1,0.5,0.02,245.0,0.4997783934707863,0,20,20,1.0,20,20,1.0,0.0,0.00755414887142801,0.008382313822051686,0.004991945030493629,0.002341910761183468,0.008213027639239725,0.015236405250075483,0.75,20,20,1.0,0.0,0.011961068582685076,0.016558421001977054,0.006391402555955486,0.003157777791363711,0.013359287534909392,0.02743812703214492,0.65,0.3,0.3,0.2872689478185694,0,0,,,,,,,,,,0,0,,,,,,,,,,"cascade features clamp L0 = max(0, min(L_hat, 0.5*min(window))); non-zero modes coincide when L_hat >= 0.5*min(window)"
zero,random_knots,1,0.5,0.02,314.5,0.49936083587279756,0,20,12,0.6,12,12,1.0,0.08333333333333333,0.011573038590347216,0.00711535533389846,0.013780383094467996,0.004727344273884089,0.016397202253635203,0.019577650039623567,0.9166666666666666,12,12,1.0,0.08333333333333333,0.011253209736350689,0.007896692302215179,0.010829004264757119,0.003990957366226168,0.016773682122498353,0.020314904156110567,0.75,0.5,0.5,0.013180045879122297,8,8,1.0,0.0,0.02835542410778652,0.021776425868009975,0.028907344555913067,0.01704007815101882,0.033494723947439645,0.05124721432038709,0.625,8,8,1.0,0.25,0.03758520452687797,0.02899959125062461,0.03166820167218425,0.024061586307719464,0.043294216267132084,0.07191955852585859,0.5,"cascade features clamp L0 = max(0, min(L_hat, 0.5*min(window))); non-zero modes coincide when L_hat >= 0.5*min(window)"
zero,real_boot_a,1,0.5,0.02,203.0,0.49951204685092926,0,20,0,0.0,0,0,,,,,,,,,,0,0,,,,,,,,,,,,,20,20,1.0,0.0,0.019739234838112813,0.010396590529769744,0.02174282218936134,0.010842475105413536,0.02554182316867772,0.03229949046623455,1.0,20,20,1.0,0.0,0.02132820054785709,0.011200126302599485,0.019762775050849585,0.01462864279820782,0.030079452853410737,0.03263635558463348,1.0,"cascade features clamp L0 = max(0, min(L_hat, 0.5*min(window))); non-zero modes coincide when L_hat >= 0.5*min(window)"
zero,real_boot_b,1,0.5,0.02,172.0,0.496916665259355,0,20,0,0.0,0,0,,,,,,,,,,0,0,,,,,,,,,,,,,20,20,1.0,0.1,0.005395117601058166,0.004048667498871322,0.0035803594819196205,0.0024206650280857757,0.009000378549850245,0.011111896909593187,0.85,20,20,1.0,0.1,0.006636238591548803,0.005191313170223382,0.005054817785601684,0.0029483876193340027,0.009995121995625165,0.011876014541816022,0.85,"cascade features clamp L0 = max(0, min(L_hat, 0.5*min(window))); non-zero modes coincide when L_hat >= 0.5*min(window)"
zero,single_exp,0,0.1,0.0,148.0,0.09827358560436156,0,20,0,0.0,0,0,,,,,,,,,,0,0,,,,,,,,,,,,,20,20,1.0,0.0,0.026886313266255374,0.009858552671340151,0.02830598303494554,0.02128067484571693,0.0338295353076207,0.03802922307681547,0.15,20,20,1.0,0.0,0.027446012356498174,0.008068079138784821,0.029715833313590557,0.021630629557877607,0.03471762117748477,0.03471762346673972,0.15,"cascade features clamp L0 = max(0, min(L_hat, 0.5*min(window))); non-zero modes coincide when L_hat >= 0.5*min(window)"
zero,two_exp,0,0.1,0.0,218.0,0.09985826346226055,0,20,0,0.0,0,0,,,,,,,,,,0,0,,,,,,,,,,,,,20,20,1.0,0.0,0.0253947069357708,0.015042062131502755,0.028935397286705355,0.015509531787586777,0.0395975744505547,0.04119979657858657,1.0,20,20,1.0,0.0,0.02706881610558263,0.01035648610483689,0.030076397152584138,0.022341849999143605,0.034481058232454,0.037333950940604495,1.0,"cascade features clamp L0 = max(0, min(L_hat, 0.5*min(window))); non-zero modes coincide when L_hat >= 0.5*min(window)"
zero,three_exp,0,0.1,0.0,377.0,0.09988829507506856,0,20,0,0.0,0,0,,,,,,,,,,0,0,,,,,,,,,,,,,20,20,1.0,0.0,0.03246908395313878,0.016287607303385868,0.037056565670768433,0.018593892761612094,0.04740076163995042,0.049533695709751364,1.0,20,20,1.0,0.0,0.03387771052478384,4.2431932685853396e-09,0.033877710341798234,0.03387770758838771,0.03387771226812321,0.03387771399098026,1.0,"cascade features clamp L0 = max(0, min(L_hat, 0.5*min(window))); non-zero modes coincide when L_hat >= 0.5*min(window)"
zero,four_exp,0,0.1,0.0,631.0,0.09977805552230239,0,20,0,0.0,0,0,,,,,,,,,,0,0,,,,,,,,,,,,,20,20,1.0,0.0,0.022538009024367343,0.012871677102596546,0.022335499118079673,0.011697261393697547,0.03091346191228761,0.03921802027667736,1.0,20,20,1.0,0.0,0.03290622109044011,1.683910048738616e-09,0.03290622042663184,0.032906219707696,0.032906222601383095,0.03290622324157806,1.0,"cascade features clamp L0 = max(0, min(L_hat, 0.5*min(window))); non-zero modes coincide when L_hat >= 0.5*min(window)"
zero,power_law,0,0.1,0.0,2441.0,0.09997859122064488,0,20,2,0.1,2,2,1.0,0.0,0.000886492029274849,5.724517852049577e-12,0.000886492029274849,0.0008864920272509264,0.0008864920312987717,0.0008864920325131253,1.0,2,2,1.0,0.0,0.006213574020025231,3.294025324131189e-10,0.006213574020025231,0.006213573903563849,0.006213574136486613,0.006213574206363442,1.0,0.0,0.0,6.00917077067003,18,18,1.0,0.0,0.0008864842392929746,2.6860669174366588e-08,0.0008864920173792066,0.0008864919692276058,0.0008864920321254889,0.0008864923059997643,1.0,18,18,1.0,0.0,0.006213575669074745,4.132791532980651e-09,0.006213574172243124,0.0062135738601189604,0.006213575279295941,0.006213579452622723,1.0,"cascade features clamp L0 = max(0, min(L_hat, 0.5*min(window))); non-zero modes coincide when L_hat >= 0.5*min(window)"
zero,rational_decay,0,0.1,0.0,1125.0,0.09999999999999999,0,20,0,0.0,0,0,,,,,,,,,,0,0,,,,,,,,,,,,,20,20,1.0,0.0,0.047566883396945446,0.03217709057900638,0.05122703246440074,0.010158297552442276,0.08164807131148505,0.0816481229711113,1.0,20,20,1.0,0.0,1.8822342122415403e-11,4.470722866471385e-11,1.1433354263346018e-12,1.1796119636642288e-15,8.389323957747052e-12,5.483661857930149e-11,1.0,"cascade features clamp L0 = max(0, min(L_hat, 0.5*min(window))); non-zero modes coincide when L_hat >= 0.5*min(window)"
zero,mixed_pow_rat,0,0.1,0.0,2260.0,0.09998848741275486,0,20,0,0.0,0,0,,,,,,,,,,0,0,,,,,,,,,,,,,20,20,1.0,0.0,0.030109964396695516,0.029564949754353025,0.017557582213204193,0.007942809895291567,0.04663371901792007,0.06583359024076935,1.0,20,20,1.0,0.0,0.014446986428609029,8.81747982559943e-10,0.014446986015075255,0.01444698570200586,0.014446986958124013,0.014446987524510102,1.0,"cascade features clamp L0 = max(0, min(L_hat, 0.5*min(window))); non-zero modes coincide when L_hat >= 0.5*min(window)"
zero,multiphase,0,0.1,0.0,3852.0,0.0999996544626016,0,20,0,0.0,0,0,,,,,,,,,,0,0,,,,,,,,,,,,,20,20,1.0,0.0,0.12283640320568143,1.0517124888823685e-07,0.12283642899256587,0.12283642788679383,0.12283642904989375,0.12283642906765212,1.0,20,20,1.0,0.0,0.11801355632143147,1.8401121491546436e-09,0.11801355566118059,0.11801355563325117,0.11801355603970946,0.11801355702053434,1.0,"cascade features clamp L0 = max(0, min(L_hat, 0.5*min(window))); non-zero modes coincide when L_hat >= 0.5*min(window)"
zero,osc_exp,0,0.1,0.0,165.0,0.09570953042125925,0,20,0,0.0,0,0,,,,,,,,,,0,0,,,,,,,,,,,,,20,20,1.0,0.0,0.032424484503727896,0.014983641881813333,0.03791824059105961,0.02295952132692389,0.04473425676065979,0.045574854364464755,1.0,20,20,1.0,0.0,0.030755440116698007,0.010335846589005337,0.035913345542213246,0.02979422370945234,0.036626447082582704,0.03683850690679471,1.0,"cascade features clamp L0 = max(0, min(L_hat, 0.5*min(window))); non-zero modes coincide when L_hat >= 0.5*min(window)"
zero,damped_osc_pow,0,0.1,0.0,3014.0,0.09999319502597674,0,20,1,0.05,1,1,1.0,0.0,0.002627572089928032,,0.002627572089928032,0.002627572089928032,0.002627572089928032,0.002627572089928032,1.0,1,1,1.0,0.0,0.011616667726036312,,0.011616667726036312,0.011616667726036312,0.011616667726036312,0.011616667726036312,1.0,0.0,0.0,3.4210652756455815,19,19,1.0,0.0,0.002627564621646431,1.5638855094865237e-08,0.002627571744910677,0.002627569065377266,0.00262757176639358,0.002627571954014689,1.0,19,19,1.0,0.0,0.011616668227123086,2.0135414275203644e-09,0.01161666810371901,0.011616667268397853,0.01161666856420059,0.011616669893214412,1.0,"cascade features clamp L0 = max(0, min(L_hat, 0.5*min(window))); non-zero modes coincide when L_hat >= 0.5*min(window)"
zero,log_slow,0,0.1,0.0,50000.0,0.41863546463489004,1,20,1,0.05,1,1,1.0,0.0,0.019975211951847704,,0.019975211951847704,0.019975211951847704,0.019975211951847704,0.019975211951847704,1.0,1,1,1.0,0.0,0.05848203744784519,,0.05848203744784519,0.05848203744784519,0.05848203744784519,0.05848203744784519,1.0,0.0,0.0,1.9277305086335073,19,19,1.0,0.0,0.019975218756793194,2.2807302162433534e-08,0.019975210153574507,0.019975209922565518,0.019975212181160315,0.019975235320715122,1.0,19,19,1.0,0.0,0.05848204119442126,2.446656041709082e-09,0.058482041025810116,0.05848203889482083,0.05848204297711569,0.05848204413462672,1.0,"cascade features clamp L0 = max(0, min(L_hat, 0.5*min(window))); non-zero modes coincide when L_hat >= 0.5*min(window)"
zero,delayed_plateau,0,0.1,0.0,321.0,0.09926115995627992,0,20,0,0.0,0,0,,,,,,,,,,0,0,,,,,,,,,,,,,20,20,1.0,0.0,0.0711829018386271,0.017806140228862174,0.08001951090123299,0.06543148625024786,0.08419532877220402,0.08511010137270955,1.0,20,20,1.0,0.0,0.04327134867352872,0.018333919808900097,0.05042948653213998,0.031580360381145166,0.05451384288694343,0.055245408808560326,1.0,"cascade features clamp L0 = max(0, min(L_hat, 0.5*min(window))); non-zero modes coincide when L_hat >= 0.5*min(window)"
zero,staircase,0,0.1,0.0,320.0,0.0,0,20,0,0.0,0,0,,,,,,,,,,0,0,,,,,,,,,,,,,20,20,1.0,0.0,0.08779296985746995,0.03677269977324704,0.10264672615892825,0.07484228175355404,0.1169938697090876,0.11937606320381809,1.0,20,20,1.0,0.0,0.05543532500276839,0.01930958340041,0.056783943889720204,0.04470549946864456,0.07353108553340038,0.07631617888375779,1.0,"cascade features clamp L0 = max(0, min(L_hat, 0.5*min(window))); non-zero modes coincide when L_hat >= 0.5*min(window)"
zero,noisy_plateau,0,0.1,0.0,137.0,0.09536916221554956,0,20,20,1.0,20,20,1.0,0.05,0.0008159049607315259,0.0008189567963855569,0.0006047769312726888,0.0002789596209984862,0.0011575348954504113,0.0016060369267301366,0.8,20,20,1.0,0.1,0.001170414993309093,0.0014148197073294213,0.0006652540896247335,0.0003162932302047303,0.0013683818579975039,0.0020847178920664626,0.75,0.35,0.35,0.7773821685442017,0,0,,,,,,,,,,0,0,,,,,,,,,,"cascade features clamp L0 = max(0, min(L_hat, 0.5*min(window))); non-zero modes coincide when L_hat >= 0.5*min(window)"
zero,slow_osc_power,0,0.1,0.0,3483.0,0.09996889692898078,0,20,0,0.0,0,0,,,,,,,,,,0,0,,,,,,,,,,,,,20,20,1.0,0.45,0.07977573174464374,0.06132961274179768,0.0646923806564206,0.013122372566886807,0.1378560632134256,0.15359492612324183,0.35,20,20,1.0,0.0,0.047433564545016085,0.02698286544901632,0.06539358977155235,0.013353805820174097,0.06885789736795442,0.06885843535436156,0.35,"cascade features clamp L0 = max(0, min(L_hat, 0.5*min(window))); non-zero modes coincide when L_hat >= 0.5*min(window)"
zero,log_oscillatory,0,0.1,0.0,50000.0,0.2992564263745022,1,20,20,1.0,20,20,1.0,0.0,0.02997230638152017,0.020771801388500096,0.02448213374173336,0.013618184445541963,0.04137504670542162,0.056539497706324084,1.0,20,20,1.0,0.0,0.15946556670714632,0.11986183429420083,0.11584965565138496,0.08078111586505143,0.18853075760331017,0.2840517251540059,0.7,0.0,0.0,4.275089844782115,0,0,,,,,,,,,,0,0,,,,,,,,,,"cascade features clamp L0 = max(0, min(L_hat, 0.5*min(window))); non-zero modes coincide when L_hat >= 0.5*min(window)"
zero,heavy_noise_plat,0,0.1,0.0,114.0,0.09071795328941246,0,20,20,1.0,20,20,1.0,0.1,0.0012450539871989863,0.0008751368844662055,0.001095695704295643,0.0006761801018975075,0.0016472168302045093,0.002422613518284852,0.6,20,20,1.0,0.1,0.0013981224815013474,0.0010505232084473712,0.0012776114574587147,0.0006208764204024531,0.0019632970541591027,0.0028132241646303627,0.55,0.3,0.3,0.1804074716014067,0,0,,,,,,,,,,0,0,,,,,,,,,,"cascade features clamp L0 = max(0, min(L_hat, 0.5*min(window))); non-zero modes coincide when L_hat >= 0.5*min(window)"
zero,broken_power_law,0,0.1,0.0,28776.0,0.09999962012267244,0,20,20,1.0,20,20,1.0,1.0,0.8054561399419479,0.01711980485961617,0.8141218517280355,0.7972461523822587,0.8165606699278496,0.8167806626552679,0.0,20,20,1.0,0.0,0.07292817165328636,5.1278178341177765e-08,0.0729281575552303,0.07292815754693846,0.0729281589514211,0.07292817471448347,1.0,1.0,1.0,-0.9104209356905586,0,0,,,,,,,,,,0,0,,,,,,,,,,"cascade features clamp L0 = max(0, min(L_hat, 0.5*min(window))); non-zero modes coincide when L_hat >= 0.5*min(window)"
zero,stretched_exp,1,0.1,0.0,579.0,0.09979846505939677,0,20,0,0.0,0,0,,,,,,,,,,0,0,,,,,,,,,,,,,20,20,1.0,0.0,0.025888752631850254,0.01118433789598785,0.031333858204262446,0.017310161981046977,0.035905675277252073,0.03636924184775791,1.0,20,20,1.0,0.0,0.006235165528999416,0.0020483613830182836,0.005271091995566413,0.0052710919152645225,0.00527361366048032,0.010379597544457487,1.0,"cascade features clamp L0 = max(0, min(L_hat, 0.5*min(window))); non-zero modes coincide when L_hat >= 0.5*min(window)"
zero,logistic_tail,1,0.1,0.0,135.0,0.09609894819901184,0,20,0,0.0,0,0,,,,,,,,,,0,0,,,,,,,,,,,,,20,20,1.0,0.0,0.13384739937394313,0.02748135972124336,0.14520817211815756,0.1330536554486317,0.14943011327481326,0.15331515201618362,0.1,20,20,1.0,0.0,0.09926135667166881,0.03449426833061206,0.11418256771212067,0.09576256604575475,0.12048231399874121,0.12623209552334722,0.2,"cascade features clamp L0 = max(0, min(L_hat, 0.5*min(window))); non-zero modes coincide when L_hat >= 0.5*min(window)"
zero,inv_sqrt_log,1,0.1,0.0,2929.0,0.09999046875803731,0,20,2,0.1,2,2,1.0,0.0,0.0010771287120056733,1.1095331162853592e-10,0.0010771287120056733,0.0010771286727777538,0.0010771287512335928,0.0010771287747703446,1.0,2,2,1.0,0.0,0.0038967236349455175,1.3818928747220625e-09,0.0038967236349455175,0.0038967231463726063,0.003896724123518429,0.0038967244166621755,1.0,0.0,0.0,2.617695444855009,18,18,1.0,0.0,0.0010771285992514758,3.8926359170829777e-10,0.0010771286941611904,0.0010771285573547423,0.0010771287280142202,0.0010771288504327508,1.0,18,18,1.0,0.0,0.0038967272533347638,1.9294196860922766e-08,0.0038967232338559567,0.0038967226960730274,0.0038967326869468848,0.003896743066848772,1.0,"cascade features clamp L0 = max(0, min(L_hat, 0.5*min(window))); non-zero modes coincide when L_hat >= 0.5*min(window)"
zero,random_knots,1,0.1,0.0,4730.0,0.09999546250252596,1,20,0,0.0,0,0,,,,,,,,,,0,0,,,,,,,,,,,,,20,20,1.0,0.0,0.014660968840634687,0.01570038998277327,0.00893993536981236,0.0032735847813133894,0.01687616198638569,0.03863127399001957,1.0,20,20,1.0,0.0,0.02037525341719886,0.025846930192416368,0.011608674431784989,0.003983806661211585,0.02256897611906621,0.05510765027781762,1.0,"cascade features clamp L0 = max(0, min(L_hat, 0.5*min(window))); non-zero modes coincide when L_hat >= 0.5*min(window)"
zero,real_boot_a,1,0.1,0.0,413.0,0.09900189826125952,0,20,0,0.0,0,0,,,,,,,,,,0,0,,,,,,,,,,,,,20,20,1.0,0.0,0.03533429276013077,0.01648757067672378,0.033261688201809185,0.02107108566967806,0.053575533764347136,0.054274127884323474,1.0,20,20,1.0,0.0,0.048767998511167886,2.8946264505708937e-09,0.04876799851196778,0.048767998098489515,0.048767999830124475,0.04876800102752793,1.0,"cascade features clamp L0 = max(0, min(L_hat, 0.5*min(window))); non-zero modes coincide when L_hat >= 0.5*min(window)"
zero,real_boot_b,1,0.1,0.0,364.0,0.09935491603410883,0,20,0,0.0,0,0,,,,,,,,,,0,0,,,,,,,,,,,,,20,20,1.0,0.0,0.002046648171976022,0.0006061241614528463,0.002311260918926512,0.0022344681779276907,0.0023112692150058026,0.0023113000187083253,1.0,20,20,1.0,0.0,0.003951038739393656,0.0016124937042798512,0.004939592731599621,0.0029864668630139694,0.004939592755166431,0.004939592792804999,1.0,"cascade features clamp L0 = max(0, min(L_hat, 0.5*min(window))); non-zero modes coincide when L_hat >= 0.5*min(window)"
zero,single_exp,0,0.1,0.005,148.0,0.09827358560436156,0,20,0,0.0,0,0,,,,,,,,,,0,0,,,,,,,,,,,,,20,20,1.0,0.0,0.026804492382982208,0.009644358211579775,0.02835956052003957,0.02134810429314776,0.03330854936658834,0.037915518318626204,0.15,20,20,1.0,0.0,0.027335913955999984,0.007932419590787922,0.029767083174048352,0.02169830782673412,0.033052388759042636,0.034851024465585655,0.15,"cascade features clamp L0 = max(0, min(L_hat, 0.5*min(window))); non-zero modes coincide when L_hat >= 0.5*min(window)"
zero,two_exp,0,0.1,0.005,218.0,0.09985826346226055,0,20,0,0.0,0,0,,,,,,,,,,0,0,,,,,,,,,,,,,20,20,1.0,0.0,0.02541781280925518,0.014795786316569562,0.028827902064094704,0.015228487912271438,0.03954137465926313,0.04126168131819036,1.0,20,20,1.0,0.0,0.02642233443866957,0.01089586707982942,0.028582635529237926,0.022121910175324278,0.031547792638618705,0.03576988470419387,1.0,"cascade features clamp L0 = max(0, min(L_hat, 0.5*min(window))); non-zero modes coincide when L_hat >= 0.5*min(window)"
zero,three_exp,0,0.1,0.005,377.0,0.09988829507506856,0,20,0,0.0,0,0,,,,,,,,,,0,0,,,,,,,,,,,,,20,20,1.0,0.0,0.03461241942263564,0.013633189970722557,0.03700895766743502,0.02166334337949056,0.04830153382803282,0.04922568549168103,1.0,20,20,1.0,0.0,0.03304051743569829,0.014877905841087731,0.0356238273183202,0.024488932229400392,0.04441470748720573,0.047544840383674,1.0,"cascade features clamp L0 = max(0, min(L_hat, 0.5*min(window))); non-zero modes coincide when L_hat >= 0.5*min(window)"
zero,four_exp,0,0.1,0.005,631.0,0.09977805552230239,0,20,0,0.0,0,0,,,,,,,,,,0,0,,,,,,,,,,,,,20,20,1.0,0.0,0.024130030605633304,0.013708835203147038,0.024186942363469063,0.015583630691816348,0.03270054216601201,0.04389245261157416,1.0,20,20,1.0,0.0,0.03300336593324857,0.017403433539341553,0.03288241035340257,0.02054490717014807,0.04161556717733245,0.054187734612050044,1.0,"cascade features clamp L0 = max(0, min(L_hat, 0.5*min(window))); non-zero modes coincide when L_hat >= 0.5*min(window)"
zero,power_law,0,0.1,0.005,2441.0,0.09997859122064488,0,20,2,0.1,2,2,1.0,0.0,0.03653671659498639,0.042609552801301374,0.03653671659498639,0.021471964730423163,0.05160146845954962,0.060640319578287555,0.5,2,2,1.0,0.0,0.012968099385150339,0.006753579065658961,0.012968099385150339,0.01058034860784686,0.015355850162453819,0.016788500628835905,1.0,0.5,0.5,-0.2275959236477222,18,18,1.0,0.0,0.009063408019785358,0.006157595030659131,0.007697892951887957,0.004681538911691656,0.013610262865536543,0.015969770939953973,1.0,18,18,1.0,0.0,0.007219990240399133,0.00425114857266254,0.0078043307402000245,0.0027799148294029943,0.010666957575383636,0.012993646730957186,1.0,"cascade features clamp L0 = max(0, min(L_hat, 0.5*min(window))); non-zero modes coincide when L_hat >= 0.5*min(window)"
zero,rational_decay,0,0.1,0.005,1125.0,0.09999999999999999,0,20,0,0.0,0,0,,,,,,,,,,0,0,,,,,,,,,,,,,20,20,1.0,0.0,0.04755696251638999,0.034957682761281195,0.04919840412142483,0.009649397724164302,0.07779361662138956,0.09041987677874609,1.0,20,20,1.0,0.0,0.013210374917585227,0.010271803307717842,0.011131100741051371,0.005376686457569349,0.023621384355455646,0.026660854844431616,1.0,"cascade features clamp L0 = max(0, min(L_hat, 0.5*min(window))); non-zero modes coincide when L_hat >= 0.5*min(window)"
zero,mixed_pow_rat,0,0.1,0.005,2260.0,0.09998848741275486,0,20,0,0.0,0,0,,,,,,,,,,0,0,,,,,,,,,,,,,20,20,1.0,0.0,0.027429745934264393,0.025880727898709262,0.017613485920675444,0.008011380752411989,0.039863120391035324,0.06441457913245961,1.0,20,20,1.0,0.0,0.016612259853678625,0.01105653718639284,0.015974730229972277,0.00828143540049218,0.02289875558450846,0.028273472095744077,1.0,"cascade features clamp L0 = max(0, min(L_hat, 0.5*min(window))); non-zero modes coincide when L_hat >= 0.5*min(window)"
zero,multiphase,0,0.1,0.005,3852.0,0.0999996544626016,0,20,0,0.0,0,0,,,,,,,,,,0,0,,,,,,,,,,,,,20,20,1.0,0.0,0.12021266362440805,0.004793872660974121,0.12198082768877794,0.11790209200289274,0.12360783317457802,0.12404196462158397,1.0,20,20,1.0,0.0,0.11744226411793571,0.0022170495863785694,0.11775122086439202,0.11654100673850719,0.1187327178281586,0.11987160086014166,1.0,"cascade features clamp L0 = max(0, min(L_hat, 0.5*min(window))); non-zero modes coincide when L_hat >= 0.5*min(window)"
zero,osc_exp,0,0.1,0.005,165.0,0.09570953042125925,0,20,0,0.0,0,0,,,,,,,,,,0,0,,,,,,,,,,,,,20,20,1.0,0.0,0.03237709825834405,0.014914950827472318,0.038045418678967435,0.023071941265114866,0.04333145172739916,0.0447704836427091,0.85,20,20,1.0,0.0,0.03075230700511426,0.01026798729217491,0.03447904884738952,0.029904985756863463,0.037472870436258854,0.038863222517921084,1.0,"cascade features clamp L0 = max(0, min(L_hat, 0.5*min(window))); non-zero modes coincide when L_hat >= 0.5*min(window)"
zero,damped_osc_pow,0,0.1,0.005,3014.0,0.09999319502597674,0,20,1,0.05,1,1,1.0,0.0,0.018038470152678565,,0.018038470152678565,0.018038470152678565,0.018038470152678565,0.018038470152678565,1.0,1,1,1.0,0.0,0.01876863616500024,,0.01876863616500024,0.01876863616500024,0.01876863616500024,0.01876863616500024,1.0,0.0,0.0,0.04047826706708008,19,19,1.0,0.0,0.014391394417307862,0.012008416481334525,0.008858095104106053,0.005443824156986276,0.021200251105948677,0.027426067892924403,1.0,19,19,1.0,0.0,0.01268546904027397,0.007406388678687906,0.013485449356810546,0.006705186710258854,0.01794186785121301,0.022809401343698563,1.0,"cascade features clamp L0 = max(0, min(L_hat, 0.5*min(window))); non-zero modes coincide when L_hat >= 0.5*min(window)"
zero,log_slow,0,0.1,0.005,50000.0,0.41863546463489004,1,20,1,0.05,1,1,1.0,0.0,0.020794403038473575,,0.020794403038473575,0.020794403038473575,0.020794403038473575,0.020794403038473575,1.0,1,1,1.0,0.0,0.05887656648819617,,0.05887656648819617,0.05887656648819617,0.05887656648819617,0.05887656648819617,1.0,0.0,0.0,1.8313660353347676,19,19,1.0,0.0,0.04579527380921598,0.02094557605142493,0.04332048537334946,0.03448589190945825,0.057824569731328275,0.07403587635117963,1.0,19,19,1.0,0.0,0.05622692787398148,0.014997044954588864,0.06029499266225957,0.0444891597644254,0.06700866140302073,0.07276981940922235,1.0,"cascade features clamp L0 = max(0, min(L_hat, 0.5*min(window))); non-zero modes coincide when L_hat >= 0.5*min(window)"
zero,delayed_plateau,0,0.1,0.005,321.0,0.09926115995627992,0,20,0,0.0,0,0,,,,,,,,,,0,0,,,,,,,,,,,,,20,20,1.0,0.0,0.07099617264464204,0.017881681991202113,0.0798613442081286,0.0646415118440518,0.08400592180534462,0.08500602607367436,1.0,20,20,1.0,0.0,0.04332785011470968,0.018636648279094694,0.05030197389079227,0.030931232594565563,0.054914468875051144,0.055773480900877005,1.0,"cascade features clamp L0 = max(0, min(L_hat, 0.5*min(window))); non-zero modes coincide when L_hat >= 0.5*min(window)"
zero,staircase,0,0.1,0.005,320.0,0.0,0,20,0,0.0,0,0,,,,,,,,,,0,0,,,,,,,,,,,,,20,20,1.0,0.0,0.0874088835472852,0.03727543973291592,0.10284803037879506,0.07508206039065873,0.11639817734041563,0.11906392595224576,1.0,20,20,1.0,0.0,0.054139170762612855,0.020269694267164375,0.0569067188800013,0.03744998034993022,0.07276082962399523,0.0763138006496871,1.0,"cascade features clamp L0 = max(0, min(L_hat, 0.5*min(window))); non-zero modes coincide when L_hat >= 0.5*min(window)"
zero,noisy_plateau,0,0.1,0.005,137.0,0.09536916221554956,0,20,20,1.0,20,20,1.0,0.05,0.0010248551082319586,0.0009078055566950964,0.0005601803282873179,0.000436548948164086,0.00142421344179023,0.002170615238529551,0.7,20,20,1.0,0.1,0.0015185544190141585,0.0013792042797304627,0.0011962961879100672,0.0005764371969869623,0.002070650340794962,0.002908899997194106,0.65,0.3,0.3,0.7216236433066209,0,0,,,,,,,,,,0,0,,,,,,,,,,"cascade features clamp L0 = max(0, min(L_hat, 0.5*min(window))); non-zero modes coincide when L_hat >= 0.5*min(window)"
zero,slow_osc_power,0,0.1,0.005,3483.0,0.09996889692898078,0,20,0,0.0,0,0,,,,,,,,,,0,0,,,,,,,,,,,,,20,20,1.0,0.35,0.07631771921198446,0.05834661676260762,0.0644278979387056,0.013162522184957977,0.1348541311768196,0.14229318552745432,0.35,20,20,1.0,0.05,0.04977155193508118,0.04228802680411505,0.0534821533359274,0.01336404822284749,0.06179438151573456,0.06929018419276638,0.35,"cascade features clamp L0 = max(0, min(L_hat, 0.5*min(window))); non-zero modes coincide when L_hat >= 0.5*min(window)"
zero,log_oscillatory,0,0.1,0.005,50000.0,0.2992564263745022,1,20,20,1.0,20,20,1.0,0.0,0.03021486765019259,0.02240428950450519,0.023921471775329425,0.013975466666884866,0.03656330720862147,0.05540121215704128,1.0,20,20,1.0,0.0,0.15948552513119113,0.11994464532150456,0.115903471552419,0.0807839622725224,0.18839537208243012,0.2839113211887585,0.7,0.0,0.0,4.331174590587163,0,0,,,,,,,,,,0,0,,,,,,,,,,"cascade features clamp L0 = max(0, min(L_hat, 0.5*min(window))); non-zero modes coincide when L_hat >= 0.5*min(window)"
zero,heavy_noise_plat,0,0.1,0.005,114.0,0.09071795328941246,0,20,20,1.0,20,20,1.0,0.0,0.0014028739312891446,0.0009392215608582514,0.0012471604809727115,0.0008353977539517568,0.002289575541671823,0.002688404175772809,0.8,20,20,1.0,0.0,0.0012755643206549705,0.0010169898784339337,0.0009381845062485438,0.0006730229897065087,0.0015217739491584,0.002876579402593618,0.75,0.45,0.45,0.08029250574817158,0,0,,,,,,,,,,0,0,,,,,,,,,,"cascade features clamp L0 = max(0, min(L_hat, 0.5*min(window))); non-zero modes coincide when L_hat >= 0.5*min(window)"
zero,broken_power_law,0,0.1,0.005,28776.0,0.09999962012267244,0,20,20,1.0,20,20,1.0,1.0,0.8075643126309021,0.015692679995045634,0.8137463010724433,0.8015838885986926,0.8174265180374864,0.8189582782669689,0.0,20,20,1.0,0.0,0.07278260046701043,0.0004218919837109652,0.07273057188354265,0.0725033029728327,0.07314359151726407,0.07332463277520798,1.0,1.0,1.0,-0.9106261428577016,0,0,,,,,,,,,,0,0,,,,,,,,,,"cascade features clamp L0 = max(0, min(L_hat, 0.5*min(window))); non-zero modes coincide when L_hat >= 0.5*min(window)"
zero,stretched_exp,1,0.1,0.005,579.0,0.09979846505939677,0,20,0,0.0,0,0,,,,,,,,,,0,0,,,,,,,,,,,,,20,20,1.0,0.0,0.026314166094041275,0.011245531863410447,0.029937094778101976,0.017943183384187374,0.035872803218040275,0.03630231535039115,1.0,20,20,1.0,0.0,0.012574583049104877,0.007535329144096957,0.011180771355918107,0.006190955525538243,0.016586124637500643,0.02003856765858997,1.0,"cascade features clamp L0 = max(0, min(L_hat, 0.5*min(window))); non-zero modes coincide when L_hat >= 0.5*min(window)"
zero,logistic_tail,1,0.1,0.005,135.0,0.09609894819901184,0,20,0,0.0,0,0,,,,,,,,,,0,0,,,,,,,,,,,,,20,20,1.0,0.0,0.13388244821778775,0.027422429534292615,0.14542151370315223,0.1333442357893206,0.14914888029446716,0.15270080107322606,0.1,20,20,1.0,0.0,0.09931023829342737,0.03438896878012956,0.11432877521282826,0.09597893317405996,0.12031692856504568,0.12574674702701327,0.2,"cascade features clamp L0 = max(0, min(L_hat, 0.5*min(window))); non-zero modes coincide when L_hat >= 0.5*min(window)"
zero,inv_sqrt_log,1,0.1,0.005,2929.0,0.09999046875803731,0,20,1,0.05,1,1,1.0,0.0,0.0078021538915434285,,0.0078021538915434285,0.0078021538915434285,0.0078021538915434285,0.0078021538915434285,1.0,1,1,1.0,0.0,0.008421070922588092,,0.008421070922588092,0.008421070922588092,0.008421070922588092,0.008421070922588092,1.0,0.0,0.0,0.07932643211709693,19,19,1.0,0.05263157894736842,0.011514405625450619,0.011492151963182144,0.007320208500518302,0.003732520623281519,0.01270439999053289,0.02961764665817027,0.7894736842105263,19,19,1.0,0.0,0.009606618920696478,0.014035910170375948,0.006051133169831219,0.0022764359006134938,0.00824720733663763,0.019303187077509526,0.8947368421052632,"cascade features clamp L0 = max(0, min(L_hat, 0.5*min(window))); non-zero modes coincide when L_hat >= 0.5*min(window)"
zero,random_knots,1,0.1,0.005,4730.0,0.09999546250252596,1,20,2,0.1,2,2,1.0,0.0,0.036488803299035054,0.020878938992006223,0.036488803299035054,0.029106983626421144,0.04387062297164897,0.048299714775217314,0.0,2,2,1.0,0.0,0.01753947296338509,0.0006618466029808162,0.01753947296338509,0.017305474852848585,0.017773471073921597,0.017913869940243504,0.5,1.0,1.0,-0.4190188947239254,18,18,1.0,0.0,0.022179295376437206,0.017720516866545664,0.014986665725061257,0.012551219281176956,0.023733673477270338,0.041835553546115456,1.0,18,18,1.0,0.0,0.029380743594391925,0.030447297498482694,0.016050566048312363,0.006395432564552897,0.04643795988958317,0.07204393655612179,1.0,"cascade features clamp L0 = max(0, min(L_hat, 0.5*min(window))); non-zero modes coincide when L_hat >= 0.5*min(window)"
zero,real_boot_a,1,0.1,0.005,413.0,0.09900189826125952,0,20,0,0.0,0,0,,,,,,,,,,0,0,,,,,,,,,,,,,20,20,1.0,0.0,0.03463006531784087,0.0183308978404435,0.034257397270619584,0.02638779528977387,0.05205994550991548,0.05474209187452613,1.0,20,20,1.0,0.0,0.04829711863260626,0.012161062300694608,0.04442716565064932,0.040491853430136795,0.05695690199688967,0.0650405383924195,1.0,"cascade features clamp L0 = max(0, min(L_hat, 0.5*min(window))); non-zero modes coincide when L_hat >= 0.5*min(window)"
zero,real_boot_b,1,0.1,0.005,364.0,0.09935491603410883,0,20,0,0.0,0,0,,,,,,,,,,0,0,,,,,,,,,,,,,20,20,1.0,0.0,0.006324525122409707,0.006601507160175734,0.003697179056420868,0.0018649915080939782,0.008859660990077612,0.016690092501293635,1.0,20,20,1.0,0.0,0.005536666711651514,0.003915392315902919,0.004852763224462502,0.003022773340197494,0.007499409165643862,0.009619626391582451,1.0,"cascade features clamp L0 = max(0, min(L_hat, 0.5*min(window))); non-zero modes coincide when L_hat >= 0.5*min(window)"
zero,single_exp,0,0.1,0.02,148.0,0.09827358560436156,0,20,0,0.0,0,0,,,,,,,,,,0,0,,,,,,,,,,,,,20,20,1.0,0.3,0.027721958506569267,0.010782911631844378,0.02900667492594921,0.022775459072175066,0.03444130637508987,0.039451979813707704,0.3,20,20,1.0,0.3,0.02840881472269765,0.009675240531953245,0.029802126915495667,0.022871456833308206,0.03274569666486074,0.04033020916922822,0.25,"cascade features clamp L0 = max(0, min(L_hat, 0.5*min(window))); non-zero modes coincide when L_hat >= 0.5*min(window)"
zero,two_exp,0,0.1,0.02,218.0,0.09985826346226055,0,20,0,0.0,0,0,,,,,,,,,,0,0,,,,,,,,,,,,,20,20,1.0,0.0,0.02445015947060523,0.015027271832779819,0.026846468178804216,0.013277313130810927,0.03945524003377568,0.04112432255090286,1.0,20,20,1.0,0.0,0.02182972389712972,0.012572905167604662,0.023507291419616563,0.013225708512505652,0.029748275839387918,0.03338881540286392,1.0,"cascade features clamp L0 = max(0, min(L_hat, 0.5*min(window))); non-zero modes coincide when L_hat >= 0.5*min(window)"
zero,three_exp,0,0.1,0.02,377.0,0.09988829507506856,0,20,0,0.0,0,0,,,,,,,,,,0,0,,,,,,,,,,,,,20,20,1.0,0.0,0.03785424657086494,0.02146491048401089,0.042782137056434154,0.026088062738218565,0.04759431810197288,0.05385537614635528,1.0,20,20,1.0,0.0,0.036461608379695205,0.022330434360877584,0.03168270362083655,0.022669478532892154,0.045084831670981,0.05866065587582727,1.0,"cascade features clamp L0 = max(0, min(L_hat, 0.5*min(window))); non-zero modes coincide when L_hat >= 0.5*min(window)"
zero,four_exp,0,0.1,0.02,631.0,0.09977805552230239,0,20,0,0.0,0,0,,,,,,,,,,0,0,,,,,,,,,,,,,20,20,1.0,0.0,0.03634353002846549,0.022888152047971583,0.03420023284052827,0.023838345727115413,0.04058803719549473,0.06059311978916811,1.0,20,20,1.0,0.0,0.05105050656869421,0.047050367072858625,0.04447599873692684,0.016461045733029433,0.06468360676406035,0.08406089064256993,0.95,"cascade features clamp L0 = max(0, min(L_hat, 0.5*min(window))); non-zero modes coincide when L_hat >= 0.5*min(window)"
zero,power_law,0,0.1,0.02,2441.0,0.09997859122064488,0,20,20,1.0,20,20,1.0,0.15,0.020492989475428137,0.015422699293176731,0.01825639081700374,0.00924675479700531,0.026901193500357502,0.043537104396867324,0.65,20,20,1.0,0.1,0.01709585519663315,0.009990094484523857,0.01555629507907062,0.009855090688399924,0.020463589774230833,0.02633789247696421,0.6,0.55,0.55,-0.06767196956640216,0,0,,,,,,,,,,0,0,,,,,,,,,,"cascade features clamp L0 = max(0, min(L_hat, 0.5*min(window))); non-zero modes coincide when L_hat >= 0.5*min(window)"
zero,rational_decay,0,0.1,0.02,1125.0,0.09999999999999999,0,20,0,0.0,0,0,,,,,,,,,,0,0,,,,,,,,,,,,,20,20,1.0,0.0,0.03611933462537775,0.02870312694983117,0.03612885592954561,0.012669716881390965,0.044832971562161206,0.08377883321607381,1.0,20,20,1.0,0.0,0.030856656527806132,0.025811992101581333,0.02103412838682539,0.011926145169347922,0.04565112325217051,0.06404461827713677,1.0,"cascade features clamp L0 = max(0, min(L_hat, 0.5*min(window))); non-zero modes coincide when L_hat >= 0.5*min(window)"
zero,mixed_pow_rat,0,0.1,0.02,2260.0,0.09998848741275486,0,20,0,0.0,0,0,,,,,,,,,,0,0,,,,,,,,,,,,,20,20,1.0,0.0,0.03498929348001748,0.03159935479634342,0.023236626373231373,0.010866318652182825,0.05100796103592194,0.08282908432441362,0.95,20,20,1.0,0.0,0.055843745840644686,0.07370106365263665,0.02577172079552388,0.014064482584590525,0.06347149851314925,0.1348232310329207,0.85,"cascade features clamp L0 = max(0, min(L_hat, 0.5*min(window))); non-zero modes coincide when L_hat >= 0.5*min(window)"
zero,multiphase,0,0.1,0.02,3852.0,0.0999996544626016,0,20,0,0.0,0,0,,,,,,,,,,0,0,,,,,,,,,,,,,20,20,1.0,0.0,0.08892881700043402,0.04475230764181475,0.10294647203424845,0.05648801564558719,0.12399256238161324,0.13467492389507946,1.0,20,20,1.0,0.0,0.09861100082053897,0.03151891215009689,0.11034008811616527,0.0881380530038576,0.11867535908496468,0.12817382721799472,1.0,"cascade features clamp L0 = max(0, min(L_hat, 0.5*min(window))); non-zero modes coincide when L_hat >= 0.5*min(window)"
zero,osc_exp,0,0.1,0.02,165.0,0.09570953042125925,0,20,0,0.0,0,0,,,,,,,,,,0,0,,,,,,,,,,,,,20,20,1.0,0.0,0.0328224999513426,0.016332252092883245,0.03600566552110865,0.022020977626614147,0.042584612008693054,0.04731538150894546,0.75,20,20,1.0,0.0,0.03102174040550661,0.011453026049959895,0.03271681634976921,0.028477961550963476,0.03741729292937353,0.039666826627624385,0.75,"cascade features clamp L0 = max(0, min(L_hat, 0.5*min(window))); non-zero modes coincide when L_hat >= 0.5*min(window)"
zero,damped_osc_pow,0,0.1,0.02,3014.0,0.09999319502597674,0,20,16,0.8,16,16,1.0,0.0625,0.018074567753346732,0.014145523217500369,0.014303372709908432,0.007929800130853884,0.027214655353897256,0.03723853882407695,0.875,16,16,1.0,0.0625,0.020138926977793726,0.008690044897323088,0.01738486570057352,0.015399256022242177,0.027165822294766474,0.030242373785664675,0.875,0.375,0.375,0.21007230030027518,4,4,1.0,0.0,0.0550535920454645,0.054844408997256615,0.0376493644231741,0.020498345426002658,0.07220461104263592,0.10887744767430196,0.75,4,4,1.0,0.25,0.1138217540251069,0.2037355257120887,0.016668110465678558,0.011317064528256529,0.11917279996252893,0.299219308716867,0.75,"cascade features clamp L0 = max(0, min(L_hat, 0.5*min(window))); non-zero modes coincide when L_hat >= 0.5*min(window)"
zero,log_slow,0,0.1,0.02,50000.0,0.41863546463489004,1,20,19,0.95,19,19,1.0,0.0,0.06155051064302669,0.024921574434343143,0.06921245528724945,0.04268598173564676,0.08021224583722031,0.08703984285012203,0.9473684210526315,19,19,1.0,0.0,0.056822484982999445,0.0291130094085776,0.0710701254379564,0.04314008059833006,0.07580412302196562,0.080170010875263,1.0,0.6842105263157895,0.6842105263157895,-0.11275568690130865,1,1,1.0,0.0,0.08711948178244827,,0.08711948178244827,0.08711948178244827,0.08711948178244827,0.08711948178244827,1.0,1,1,1.0,0.0,0.1264469711545645,,0.1264469711545645,0.1264469711545645,0.1264469711545645,0.1264469711545645,0.0,"cascade features clamp L0 = max(0, min(L_hat, 0.5*min(window))); non-zero modes coincide when L_hat >= 0.5*min(window)"
zero,delayed_plateau,0,0.1,0.02,321.0,0.09926115995627992,0,20,0,0.0,0,0,,,,,,,,,,0,0,,,,,,,,,,,,,20,20,1.0,0.0,0.07225302172710699,0.016907557705909803,0.0804238209966078,0.06933400961464181,0.08405213297905345,0.08472964976641961,1.0,20,20,1.0,0.0,0.04015233088546555,0.01590365865362244,0.04873602003498747,0.03286824003670677,0.05170364602034022,0.05378173461421483,1.0,"cascade features clamp L0 = max(0, min(L_hat, 0.5*min(window))); non-zero modes coincide when L_hat >= 0.5*min(window)"
zero,staircase,0,0.1,0.02,320.0,0.0,0,20,0,0.0,0,0,,,,,,,,,,0,0,,,,,,,,,,,,,20,20,1.0,0.0,0.08677554318408989,0.03825226782262991,0.1033124251320226,0.07131629844195272,0.11590004243229254,0.1186566396771846,1.0,20,20,1.0,0.0,0.05522325579351175,0.023776380847990865,0.060878562349218145,0.042285574293522525,0.07461703580173805,0.07769384775145853,1.0,"cascade features clamp L0 = max(0, min(L_hat, 0.5*min(window))); non-zero modes coincide when L_hat >= 0.5*min(window)"
zero,noisy_plateau,0,0.1,0.02,137.0,0.09536916221554956,0,20,20,1.0,20,20,1.0,0.05,0.0010354500322320985,0.0007837996325116411,0.0008526685146995894,0.0004525153856113663,0.0016696126192964362,0.0020857358804938996,0.85,20,20,1.0,0.05,0.0014195122642940354,0.0009732152808497334,0.0014561818059257298,0.0004638129924595981,0.002172516255623846,0.0025953646923196523,0.5,0.35,0.35,0.5197685825866628,0,0,,,,,,,,,,0,0,,,,,,,,,,"cascade features clamp L0 = max(0, min(L_hat, 0.5*min(window))); non-zero modes coincide when L_hat >= 0.5*min(window)"
zero,slow_osc_power,0,0.1,0.02,3483.0,0.09996889692898078,0,20,9,0.45,9,9,1.0,0.2222222222222222,0.05381151678393091,0.060921642098781384,0.015622188217858851,0.009507320208790675,0.1254360651056052,0.13334591688789138,0.5555555555555556,9,9,1.0,0.1111111111111111,0.07035986934174357,0.1265061946586482,0.01686280558169744,0.012168697330270721,0.07258285425744646,0.1456782486774378,0.6666666666666666,0.3333333333333333,0.3333333333333333,0.05274089038707045,11,11,1.0,0.36363636363636365,0.07646813684621608,0.06382864053090748,0.07730412078241058,0.01480860461758585,0.11844379001286981,0.14529523222960167,0.36363636363636365,11,11,1.0,0.2727272727272727,0.059874618138259145,0.05345664270852584,0.05674707077361347,0.014445390241245738,0.0739390151630729,0.09640728706770532,0.36363636363636365,"cascade features clamp L0 = max(0, min(L_hat, 0.5*min(window))); non-zero modes coincide when L_hat >= 0.5*min(window)"
zero,log_oscillatory,0,0.1,0.02,50000.0,0.2992564263745022,1,20,20,1.0,20,20,1.0,0.0,0.038427866831669474,0.03450070670214329,0.025476609828558743,0.015257342824357246,0.0645291814450136,0.08529918986800425,1.0,20,20,1.0,0.0,0.1596540059099339,0.12032417630816995,0.11529377134491152,0.08095011792447067,0.18901388578151915,0.28412910923956836,0.65,0.0,0.0,3.804581425484832,0,0,,,,,,,,,,0,0,,,,,,,,,,"cascade features clamp L0 = max(0, min(L_hat, 0.5*min(window))); non-zero modes coincide when L_hat >= 0.5*min(window)"
zero,heavy_noise_plat,0,0.1,0.02,114.0,0.09071795328941246,0,20,20,1.0,20,20,1.0,0.0,0.00465759375868474,0.004067561658267476,0.00398814448413343,0.001889811061238866,0.005990042903591298,0.010762287087333244,0.85,20,20,1.0,0.05,0.003505736799580941,0.0036400179306478177,0.0019386676309784256,0.001062470624592124,0.0053242288821152145,0.006346525418381466,0.9,0.5,0.5,-0.02838249821888801,0,0,,,,,,,,,,0,0,,,,,,,,,,"cascade features clamp L0 = max(0, min(L_hat, 0.5*min(window))); non-zero modes coincide when L_hat >= 0.5*min(window)"
zero,broken_power_law,0,0.1,0.02,28776.0,0.09999962012267244,0,20,20,1.0,20,20,1.0,1.0,0.8026533411160817,0.03384297984386814,0.8056405299286047,0.7866030508506957,0.8260984428751557,0.8428974121389625,0.0,20,20,1.0,0.0,0.07280782704455005,0.0021732134085267647,0.07256250066482753,0.07140703678557833,0.07427772414421467,0.07509387729041961,1.0,1.0,1.0,-0.9095682304850903,0,0,,,,,,,,,,0,0,,,,,,,,,,"cascade features clamp L0 = max(0, min(L_hat, 0.5*min(window))); non-zero modes coincide when L_hat >= 0.5*min(window)"
zero,stretched_exp,1,0.1,0.02,579.0,0.09979846505939677,0,20,0,0.0,0,0,,,,,,,,,,0,0,,,,,,,,,,,,,20,20,1.0,0.0,0.02793198536955943,0.011625591244169597,0.02604186397253338,0.02138591813968338,0.035591809694952486,0.03815092733616679,1.0,20,20,1.0,0.0,0.0381793797083457,0.028390907714040865,0.04165747343588802,0.010685646774590505,0.05596128008827008,0.07531875373388791,1.0,"cascade features clamp L0 = max(0, min(L_hat, 0.5*min(window))); non-zero modes coincide when L_hat >= 0.5*min(window)"
zero,logistic_tail,1,0.1,0.02,135.0,0.09609894819901184,0,20,0,0.0,0,0,,,,,,,,,,0,0,,,,,,,,,,,,,20,20,1.0,0.0,0.13393632811814302,0.027361501714259336,0.14632565797113106,0.1320062472439853,0.14841082800233543,0.15279869216960493,0.05,20,20,1.0,0.0,0.098963556688585,0.035331579695318964,0.11477728008605058,0.09501791581625155,0.11926255473846556,0.12514658934502765,0.2,"cascade features clamp L0 = max(0, min(L_hat, 0.5*min(window))); non-zero modes coincide when L_hat >= 0.5*min(window)"
zero,inv_sqrt_log,1,0.1,0.02,2929.0,0.09999046875803731,0,20,20,1.0,20,20,1.0,0.1,0.01916863708436219,0.02165434889859244,0.009442845664653761,0.00783869535459915,0.021368763995217407,0.03586422261017141,0.6,20,20,1.0,0.15,0.028855107984041777,0.04411223798679166,0.011576299490779884,0.002881207411159807,0.02142611173323653,0.10132429271592572,0.6,0.4,0.4,0.08515333722708023,0,0,,,,,,,,,,0,0,,,,,,,,,,"cascade features clamp L0 = max(0, min(L_hat, 0.5*min(window))); non-zero modes coincide when L_hat >= 0.5*min(window)"
zero,random_knots,1,0.1,0.02,4730.0,0.09999546250252596,1,20,12,0.6,12,12,1.0,0.0,0.021416238211386617,0.01932805155790003,0.014309274454702061,0.009826446688040585,0.030525120559911932,0.0381475924850462,1.0,12,12,1.0,0.0,0.024549415573841687,0.017371258367032346,0.024844013990172956,0.010293782616996403,0.029868641373981826,0.04806530620065606,0.8333333333333334,0.5,0.5,0.13399099546205845,8,8,1.0,0.0,0.05801955584077329,0.05317314743792083,0.05012699171598705,0.01377190212321797,0.07842768394268369,0.13674438304728914,0.75,8,8,1.0,0.0,0.066289939291508,0.06625458146634586,0.05406952581900461,0.01604803807616114,0.07668242401499853,0.14806171152373038,0.75,"cascade features clamp L0 = max(0, min(L_hat, 0.5*min(window))); non-zero modes coincide when L_hat >= 0.5*min(window)"
zero,real_boot_a,1,0.1,0.02,413.0,0.09900189826125952,0,20,0,0.0,0,0,,,,,,,,,,0,0,,,,,,,,,,,,,20,20,1.0,0.0,0.04136640259851983,0.021477541981222724,0.04226439909539289,0.02373810330688661,0.05861901366298763,0.066955678518768,1.0,20,20,1.0,0.0,0.04299405165814202,0.02396987696955542,0.033001055760626355,0.02783475179728723,0.06676734831290054,0.07282824386754466,1.0,"cascade features clamp L0 = max(0, min(L_hat, 0.5*min(window))); non-zero modes coincide when L_hat >= 0.5*min(window)"
zero,real_boot_b,1,0.1,0.02,364.0,0.09935491603410883,0,20,0,0.0,0,0,,,,,,,,,,0,0,,,,,,,,,,,,,20,20,1.0,0.0,0.005484698565027042,0.0050994894970746475,0.004194773525681589,0.0010527183573727948,0.009912026700944411,0.010961841338861328,1.0,20,20,1.0,0.0,0.006842689037965799,0.006716467923077091,0.005174145769877448,0.002695865101824875,0.009072899671339063,0.01126594980199222,1.0,"cascade features clamp L0 = max(0, min(L_hat, 0.5*min(window))); non-zero modes coincide when L_hat >= 0.5*min(window)"
half,single_exp,0,0.5,0.0,108.0,0.4867522559599715,0,20,0,0.0,0,0,,,,,,,,,,0,0,,,,,,,,,,,,,20,20,1.0,0.0,0.023131789329397086,0.009553429291851462,0.026135075834057598,0.01656755088380263,0.032933045101921896,0.03355117103894602,0.1,20,20,1.0,0.0,0.02349804214253488,0.010910728202967537,0.026550375625331243,0.015320199451830285,0.034622664486746,0.03534234697912417,0.1,"cascade features clamp L0 = max(0, min(L_hat, 0.5*min(window))); non-zero modes coincide when L_hat >= 0.5*min(window)"
half,two_exp,0,0.5,0.0,129.0,0.4955914190433955,0,20,0,0.0,0,0,,,,,,,,,,0,0,,,,,,,,,,,,,20,20,1.0,0.0,0.02059988006539284,0.012787655531095421,0.02214875466969151,0.011622960181532756,0.03404720855038597,0.0351837930416928,1.0,20,20,1.0,0.0,0.015511794061852791,0.009071810979344293,0.015065489074447096,0.007977589872217888,0.02553213174788323,0.02641487681942907,1.0,"cascade features clamp L0 = max(0, min(L_hat, 0.5*min(window))); non-zero modes coincide when L_hat >= 0.5*min(window)"
half,three_exp,0,0.5,0.0,176.0,0.49876789415554024,0,20,0,0.0,0,0,,,,,,,,,,0,0,,,,,,,,,,,,,20,20,1.0,0.0,0.021011416185339655,0.007004843757526586,0.02282123195779369,0.014898122524992945,0.02752311072321306,0.028519273751770362,1.0,20,20,1.0,0.0,0.016674495375441238,3.5558632216666374e-09,0.016674493315167717,0.01667449272683321,0.01667449733479059,0.016674501742211432,1.0,"cascade features clamp L0 = max(0, min(L_hat, 0.5*min(window))); non-zero modes coincide when L_hat >= 0.5*min(window)"
half,four_exp,0,0.5,0.0,231.0,0.4980680166164721,0,20,0,0.0,0,0,,,,,,,,,,0,0,,,,,,,,,,,,,20,20,1.0,0.0,0.010598093559082294,0.0066050327324919215,0.011387998995419979,0.004635620953051811,0.015149407592626521,0.018907359032364453,1.0,20,20,1.0,0.0,0.008724752839611317,6.017611920580674e-10,0.008724752656034701,0.00872475237367534,0.008724753152160973,0.008724753910788858,1.0,"cascade features clamp L0 = max(0, min(L_hat, 0.5*min(window))); non-zero modes coincide when L_hat >= 0.5*min(window)"
half,power_law,0,0.5,0.0,244.0,0.4999340482202355,0,20,0,0.0,0,0,,,,,,,,,,0,0,,,,,,,,,,,,,20,20,1.0,0.0,0.0002063843697679136,3.1312214923261675e-08,0.00020639150088035997,0.00020639149340384924,0.00020639153110073305,0.0002063915608423443,1.0,20,20,1.0,0.0,0.0016197190946066853,1.702875989943065e-09,0.0016197189193553514,0.0016197187910406766,0.0016197191731129462,0.0016197198413955775,1.0,"cascade features clamp L0 = max(0, min(L_hat, 0.5*min(window))); non-zero modes coincide when L_hat >= 0.5*min(window)"
half,rational_decay,0,0.5,0.0,205.0,0.5,0,20,0,0.0,0,0,,,,,,,,,,0,0,,,,,,,,,,,,,20,20,1.0,0.0,0.011284483651045032,0.004565891600455888,0.013049645919946395,0.008021752447122707,0.01532014667190347,0.015320158928751154,1.0,20,20,1.0,0.0,1.2699088308698592e-11,3.1505592690470965e-11,1.706690344605022e-13,3.9517000782751666e-15,3.2596286780872674e-12,3.697048223116895e-11,1.0,"cascade features clamp L0 = max(0, min(L_hat, 0.5*min(window))); non-zero modes coincide when L_hat >= 0.5*min(window)"
half,mixed_pow_rat,0,0.5,0.0,254.0,0.4990202976120709,0,20,0,0.0,0,0,,,,,,,,,,0,0,,,,,,,,,,,,,20,20,1.0,0.0,0.009257840819900456,0.005029644132120975,0.011776508387430544,0.003971026463736642,0.01327443487423443,0.014346075396883833,1.0,20,20,1.0,0.0,0.0038011635928327666,4.891081264918758e-10,0.0038011632916660626,0.003801163193281734,0.0038011639196979807,0.0038011643853382085,1.0,"cascade features clamp L0 = max(0, min(L_hat, 0.5*min(window))); non-zero modes coincide when L_hat >= 0.5*min(window)"
half,multiphase,0,0.5,0.0,504.0,0.49983903719462197,0,20,0,0.0,0,0,,,,,,,,,,0,0,,,,,,,,,,,,,20,20,1.0,0.0,0.05208180467703847,9.436612965705994e-10,0.052081804904089424,0.05208180478459979,0.052081805000457865,0.05208180512255728,1.0,20,20,1.0,0.0,0.04811051157693254,2.2160500725047857e-09,0.04811051029692487,0.04811051026629623,0.04811051246749957,0.04811051522936699,1.0,"cascade features clamp L0 = max(0, min(L_hat, 0.5*min(window))); non-zero modes coincide when L_hat >= 0.5*min(window)"
half,osc_exp,0,0.5,0.0,107.0,0.47832942079368884,0,20,0,0.0,0,0,,,,,,,,,,0,0,,,,,,,,,,,,,20,20,1.0,0.0,0.026104836194770515,0.01703787838898202,0.02097294253385258,0.011104155725973772,0.04398468183376915,0.04646339007318389,0.55,20,20,1.0,0.0,0.022138323590253955,0.01713014240528314,0.010293280947946813,0.008365076681115594,0.04036754646851279,0.0435770325034424,0.6,"cascade features clamp L0 = max(0, min(L_hat, 0.5*min(window))); non-zero modes coincide when L_hat >= 0.5*min(window)"
half,damped_osc_pow,0,0.5,0.0,260.0,0.49940767513390516,0,20,0,0.0,0,0,,,,,,,,,,0,0,,,,,,,,,,,,,20,20,1.0,0.0,0.000544141258492168,7.96871930712226e-08,0.0005441735949994995,0.0005441653387948005,0.000544173846991276,0.0005441740399623939,1.0,20,20,1.0,0.0,0.0030542364728170703,6.047522197173991e-10,0.0030542364588005237,0.003054236341010359,0.0030542365767976323,0.0030542369742638164,1.0,"cascade features clamp L0 = max(0, min(L_hat, 0.5*min(window))); non-zero modes coincide when L_hat >= 0.5*min(window)"
half,log_slow,0,0.5,0.0,8594.0,0.49999975284240333,0,20,0,0.0,0,0,,,,,,,,,,0,0,,,,,,,,,,,,,20,20,1.0,0.0,0.012364434427823002,6.025062707942294e-09,0.012364432608133025,0.012364432284837933,0.012364432908556506,0.012364436830227884,1.0,20,20,1.0,0.0,0.044586153518998244,2.606966149981761e-09,0.04458615242376826,0.044586151813098523,0.04458615577417062,0.04458615715737327,1.0,"cascade features clamp L0 = max(0, min(L_hat, 0.5*min(window))); non-zero modes coincide when L_hat >= 0.5*min(window)"
half,delayed_plateau,0,0.5,0.0,160.0,0.49658484551706805,0,20,0,0.0,0,0,,,,,,,,,,0,0,,,,,,,,,,,,,20,20,1.0,0.0,0.04654280187252604,0.009171236691074624,0.051018309428392736,0.04258422421010127,0.053846009096498,0.05446633658667884,1.0,20,20,1.0,0.0,0.024800911682450265,0.009148947644336918,0.02958003790648059,0.019548761500224957,0.03180695097181351,0.03220786458861847,1.0,"cascade features clamp L0 = max(0, min(L_hat, 0.5*min(window))); non-zero modes coincide when L_hat >= 0.5*min(window)"
half,staircase,0,0.5,0.0,170.0,0.2777777777777778,0,20,0,0.0,0,0,,,,,,,,,,0,0,,,,,,,,,,,,,20,20,1.0,0.0,0.11219218520032048,0.02311728939779939,0.12114326038481601,0.10206345317252827,0.13123890989700482,0.132921962970421,0.7,20,20,1.0,0.0,0.07245088826772687,0.025540423542664597,0.08280005717680305,0.06364845407764003,0.09281222090426627,0.09450386788101592,1.0,"cascade features clamp L0 = max(0, min(L_hat, 0.5*min(window))); non-zero modes coincide when L_hat >= 0.5*min(window)"
half,noisy_plateau,0,0.5,0.0,104.0,0.4965853037914094,0,20,20,1.0,20,20,1.0,0.05,0.0006607036219754076,0.0005183405527273788,0.0005194370503079603,0.0002815562849422769,0.0008766869088594371,0.0013416988900689824,0.75,20,20,1.0,0.05,0.0007936885777169664,0.0007728687547778574,0.0004894228180698105,0.00031039250838946555,0.001233761367022434,0.0015700519493249355,0.85,0.45,0.45,0.2583382684061989,0,0,,,,,,,,,,0,0,,,,,,,,,,"cascade features clamp L0 = max(0, min(L_hat, 0.5*min(window))); non-zero modes coincide when L_hat >= 0.5*min(window)"
half,slow_osc_power,0,0.5,0.0,415.0,0.49840630355024784,0,20,0,0.0,0,0,,,,,,,,,,0,0,,,,,,,,,,,,,20,20,1.0,0.2,0.04452986535154626,0.02532647848475981,0.042455887435565304,0.01587397239678458,0.06849403181958394,0.07306315054706064,0.1,20,20,1.0,0.0,0.04040371382041498,0.019054738303092223,0.053185740616802646,0.016451619407320695,0.05540174835900148,0.05540208038569983,0.1,"cascade features clamp L0 = max(0, min(L_hat, 0.5*min(window))); non-zero modes coincide when L_hat >= 0.5*min(window)"
half,log_oscillatory,0,0.5,0.0,533.0,0.49841524754235217,0,20,20,1.0,20,20,1.0,0.0,0.0208623224768535,0.003768108566009049,0.02172655539712237,0.018576890725241317,0.0239170264578509,0.024151600181415694,1.0,20,20,1.0,0.0,0.06193826690671237,0.029794411848954795,0.05275241199944882,0.03970515611802916,0.07530572622038759,0.09831188132988779,0.9,0.0,0.0,1.4282745473876903,0,0,,,,,,,,,,0,0,,,,,,,,,,"cascade features clamp L0 = max(0, min(L_hat, 0.5*min(window))); non-zero modes coincide when L_hat >= 0.5*min(window)"
half,heavy_noise_plat,0,0.5,0.0,97.0,0.49658530379140886,0,20,20,1.0,20,20,1.0,0.1,0.0010659026676089138,0.0007659656074821987,0.0010448779317161184,0.0004555799772482513,0.0013085753361684544,0.0020215143611451375,0.65,20,20,1.0,0.05,0.0011384157175182378,0.0008230664060237695,0.0010019538126133194,0.0005127695041137821,0.0015923899228327994,0.0019252602529113505,0.6,0.3,0.3,0.14567784735216385,0,0,,,,,,,,,,0,0,,,,,,,,,,"cascade features clamp L0 = max(0, min(L_hat, 0.5*min(window))); non-zero modes coincide when L_hat >= 0.5*min(window)"
half,broken_power_law,0,0.5,0.0,514.0,0.49991211917454004,0,20,20,1.0,20,20,1.0,0.0,0.32321382176469526,0.0028287552230552102,0.32464380266293724,0.3218995172632385,0.3250359327997416,0.3250712395448378,0.0,20,20,1.0,0.0,0.020273305321362865,5.239877201477477e-09,0.020273304133243186,0.02027330413118443,0.020273304142690542,0.020273304239777162,1.0,1.0,1.0,-0.9375521441364632,0,0,,,,,,,,,,0,0,,,,,,,,,,"cascade features clamp L0 = max(0, min(L_hat, 0.5*min(window))); non-zero modes coincide when L_hat >= 0.5*min(window)"
half,stretched_exp,1,0.5,0.0,193.0,0.49828241532615414,0,20,0,0.0,0,0,,,,,,,,,,0,0,,,,,,,,,,,,,20,20,1.0,0.0,0.013678452998570918,0.009398874738854252,0.015896589452642676,0.0040919555603151775,0.02279181598472375,0.02440637730321784,1.0,20,20,1.0,0.0,0.004246412743203339,0.0009611195832745656,0.0037942524298354152,0.003794252350760155,0.0037954243096093125,0.00619024236816542,1.0,"cascade features clamp L0 = max(0, min(L_hat, 0.5*min(window))); non-zero modes coincide when L_hat >= 0.5*min(window)"
half,logistic_tail,1,0.5,0.0,105.0,0.47748855939048196,0,20,0,0.0,0,0,,,,,,,,,,0,0,,,,,,,,,,,,,20,20,1.0,0.0,0.1345324747881958,0.02045804703226134,0.14299104902849252,0.13379007374715066,0.14620170949200986,0.14916300991004355,0.0,20,20,1.0,0.0,0.10558544291489894,0.02855683914569903,0.11773862956048806,0.10352106487120308,0.12263554556561672,0.1271196829587186,0.1,"cascade features clamp L0 = max(0, min(L_hat, 0.5*min(window))); non-zero modes coincide when L_hat >= 0.5*min(window)"
half,inv_sqrt_log,1,0.5,0.0,245.0,0.4997783934707863,0,20,1,0.05,1,1,1.0,0.0,0.00018812811148993802,,0.00018812811148993802,0.00018812811148993802,0.00018812811148993802,0.00018812811148993802,1.0,1,1,1.0,0.0,0.0009659883760424481,,0.0009659883760424481,0.0009659883760424481,0.0009659883760424481,0.0009659883760424481,1.0,0.0,0.0,4.134737006564348,19,19,1.0,0.0,0.00018812740070078734,2.3605231030195978e-09,0.00018812681446156443,0.00018812675013464564,0.00018812682232956582,0.00018812742442661235,1.0,19,19,1.0,0.0,0.0009659955307842173,2.0819103765187948e-08,0.0009659883499513189,0.0009659881168662173,0.0009659901924230305,0.0009660069856094134,1.0,"cascade features clamp L0 = max(0, min(L_hat, 0.5*min(window))); non-zero modes coincide when L_hat >= 0.5*min(window)"
half,random_knots,1,0.5,0.0,314.5,0.49936083587279756,0,20,0,0.0,0,0,,,,,,,,,,0,0,,,,,,,,,,,,,20,20,1.0,0.0,0.007105073164995352,0.007442973154923735,0.003176169408180647,0.0022144707829137526,0.013697542594795383,0.017722695604788223,1.0,20,20,1.0,0.0,0.008863295137929541,0.010660950036181133,0.0046028628019554214,0.002566689942600387,0.009522323003254519,0.022718595626988403,1.0,"cascade features clamp L0 = max(0, min(L_hat, 0.5*min(window))); non-zero modes coincide when L_hat >= 0.5*min(window)"
half,real_boot_a,1,0.5,0.0,203.0,0.49951204685092926,0,20,0,0.0,0,0,,,,,,,,,,0,0,,,,,,,,,,,,,20,20,1.0,0.0,0.014303056908296313,0.008173590844367418,0.01307859514565414,0.007186656286641509,0.023420757879690453,0.02378892479553688,1.0,20,20,1.0,0.0,0.016291386342729725,6.474102105361115e-10,0.016291386213185932,0.016291385839235242,0.016291386602058488,0.016291387249032292,1.0,"cascade features clamp L0 = max(0, min(L_hat, 0.5*min(window))); non-zero modes coincide when L_hat >= 0.5*min(window)"
half,real_boot_b,1,0.5,0.0,172.0,0.496916665259355,0,20,0,0.0,0,0,,,,,,,,,,0,0,,,,,,,,,,,,,20,20,1.0,0.0,0.004401230901057536,0.0010834488542371054,0.004928688709372103,0.004870130321797728,0.004928688921014111,0.004928689201029647,1.0,20,20,1.0,0.0,0.005555527276568786,0.002025286281071903,0.00673601387688769,0.005169751692817866,0.006736013910085312,0.006736013927324546,1.0,"cascade features clamp L0 = max(0, min(L_hat, 0.5*min(window))); non-zero modes coincide when L_hat >= 0.5*min(window)"
half,single_exp,0,0.5,0.005,108.0,0.4867522559599715,0,20,0,0.0,0,0,,,,,,,,,,0,0,,,,,,,,,,,,,20,20,1.0,0.1,0.023053039772214307,0.009679623406225428,0.02604366077231771,0.01573034257659247,0.03307548991209329,0.03358054882546067,0.05,20,20,1.0,0.1,0.02340333826976409,0.011076810211442994,0.02645109744386474,0.015084804167361035,0.034734261762075676,0.03535684969690451,0.1,"cascade features clamp L0 = max(0, min(L_hat, 0.5*min(window))); non-zero modes coincide when L_hat >= 0.5*min(window)"
half,two_exp,0,0.5,0.005,129.0,0.4955914190433955,0,20,0,0.0,0,0,,,,,,,,,,0,0,,,,,,,,,,,,,20,20,1.0,0.0,0.020593895944002228,0.012803226364524457,0.02275581243314205,0.01072663615049619,0.03396956214442861,0.03526946342009683,1.0,20,20,1.0,0.0,0.015225092079479946,0.00964972245744348,0.015335854548578588,0.00651720857290649,0.02557691954721385,0.026625569657881206,1.0,"cascade features clamp L0 = max(0, min(L_hat, 0.5*min(window))); non-zero modes coincide when L_hat >= 0.5*min(window)"
half,three_exp,0,0.5,0.005,176.0,0.49876789415554024,0,20,0,0.0,0,0,,,,,,,,,,0,0,,,,,,,,,,,,,20,20,1.0,0.0,0.022004300692883127,0.006038817089228303,0.02199128268820623,0.016603240342227023,0.027815556691594707,0.029050738439244432,1.0,20,20,1.0,0.0,0.016589706198397357,0.007558333884057112,0.01828523199485573,0.012488931481084552,0.022670475451793362,0.02390851338187162,1.0,"cascade features clamp L0 = max(0, min(L_hat, 0.5*min(window))); non-zero modes coincide when L_hat >= 0.5*min(window)"
half,four_exp,0,0.5,0.005,231.0,0.4980680166164721,0,20,0,0.0,0,0,,,,,,,,,,0,0,,,,,,,,,,,,,20,20,1.0,0.0,0.011804925416401022,0.00701157634045898,0.012377200589725204,0.005292987081478066,0.015614265213367187,0.02201902451397425,1.0,20,20,1.0,0.0,0.011138741007185898,0.008133082579896821,0.010394749217565849,0.004037175960925041,0.014784920120057485,0.020490591474601774,1.0,"cascade features clamp L0 = max(0, min(L_hat, 0.5*min(window))); non-zero modes coincide when L_hat >= 0.5*min(window)"
half,power_law,0,0.5,0.005,244.0,0.4999340482202355,0,20,0,0.0,0,0,,,,,,,,,,0,0,,,,,,,,,,,,,20,20,1.0,0.0,0.004253924514364125,0.004120551176660315,0.002769994262506263,0.0021667004761729124,0.005945511773973211,0.00704688416650034,0.95,20,20,1.0,0.0,0.004010195520239538,0.0026697975954399185,0.003200274568869718,0.002176321205835271,0.005936033097290136,0.006644137518413479,0.95,"cascade features clamp L0 = max(0, min(L_hat, 0.5*min(window))); non-zero modes coincide when L_hat >= 0.5*min(window)"
half,rational_decay,0,0.5,0.005,205.0,0.5,0,20,0,0.0,0,0,,,,,,,,,,0,0,,,,,,,,,,,,,20,20,1.0,0.0,0.011479387892981184,0.005017823348109289,0.011551150937796774,0.008282199071604768,0.015023004368965403,0.017177142218396464,1.0,20,20,1.0,0.0,0.006143449591706982,0.004777736511436393,0.005224399136990819,0.0025931629616346465,0.010361999425801544,0.012235464270708688,1.0,"cascade features clamp L0 = max(0, min(L_hat, 0.5*min(window))); non-zero modes coincide when L_hat >= 0.5*min(window)"
half,mixed_pow_rat,0,0.5,0.005,254.0,0.4990202976120709,0,20,0,0.0,0,0,,,,,,,,,,0,0,,,,,,,,,,,,,20,20,1.0,0.0,0.009065684877084984,0.004476683427820023,0.010731525159228587,0.005379329961972004,0.0128658708930386,0.013701968237873318,1.0,20,20,1.0,0.0,0.006869341482843333,0.00439785859351815,0.00611637332182044,0.0032905072238147565,0.01001531767233943,0.011123610756451949,1.0,"cascade features clamp L0 = max(0, min(L_hat, 0.5*min(window))); non-zero modes coincide when L_hat >= 0.5*min(window)"
half,multiphase,0,0.5,0.005,504.0,0.49983903719462197,0,20,0,0.0,0,0,,,,,,,,,,0,0,,,,,,,,,,,,,20,20,1.0,0.0,0.0502719562728251,0.0034213800649230365,0.05134685216716317,0.04796386470449871,0.052835094530768976,0.05324876838942231,1.0,20,20,1.0,0.0,0.04764817876652226,0.002001459538523379,0.04790239044323744,0.04678851108505848,0.048933411916272165,0.049737819237965476,1.0,"cascade features clamp L0 = max(0, min(L_hat, 0.5*min(window))); non-zero modes coincide when L_hat >= 0.5*min(window)"
half,osc_exp,0,0.5,0.005,107.0,0.47832942079368884,0,20,0,0.0,0,0,,,,,,,,,,0,0,,,,,,,,,,,,,20,20,1.0,0.0,0.025970519260238877,0.017147792647320727,0.02026487592944977,0.010396240667701083,0.04420003494031529,0.04621285047174591,0.45,20,20,1.0,0.0,0.02208929393185698,0.01717985138050007,0.010684447165585843,0.0075785296980467876,0.04046963617338584,0.043349101041329684,0.6,"cascade features clamp L0 = max(0, min(L_hat, 0.5*min(window))); non-zero modes coincide when L_hat >= 0.5*min(window)"
half,damped_osc_pow,0,0.5,0.005,260.0,0.49940767513390516,0,20,0,0.0,0,0,,,,,,,,,,0,0,,,,,,,,,,,,,20,20,1.0,0.0,0.005990779843654496,0.004402867326202987,0.005575038391618988,0.0021617026237142926,0.008741921441757537,0.011937898020797384,1.0,20,20,1.0,0.0,0.006734216106851887,0.0031056277903878677,0.0061321683297526335,0.004296341171348406,0.009046828900707099,0.01124678427678724,1.0,"cascade features clamp L0 = max(0, min(L_hat, 0.5*min(window))); non-zero modes coincide when L_hat >= 0.5*min(window)"
half,log_slow,0,0.5,0.005,8594.0,0.49999975284240333,0,20,0,0.0,0,0,,,,,,,,,,0,0,,,,,,,,,,,,,20,20,1.0,0.0,0.034826323520180114,0.016587989569523585,0.03383867182623599,0.024610702620305427,0.043597825972275905,0.058265557449325586,1.0,20,20,1.0,0.0,0.04252055542394067,0.014372242752864153,0.045669097084263005,0.031145054649841707,0.0528044584792002,0.05839339294237207,1.0,"cascade features clamp L0 = max(0, min(L_hat, 0.5*min(window))); non-zero modes coincide when L_hat >= 0.5*min(window)"
half,delayed_plateau,0,0.5,0.005,160.0,0.49658484551706805,0,20,0,0.0,0,0,,,,,,,,,,0,0,,,,,,,,,,,,,20,20,1.0,0.0,0.0463677648888068,0.00921890086922301,0.05079993345404259,0.04185084739885701,0.05358364991308064,0.0543796210991913,1.0,20,20,1.0,0.0,0.02488296456089928,0.00957735042977186,0.029278822063265736,0.01864785082681006,0.03228973540993264,0.03310202590160377,1.0,"cascade features clamp L0 = max(0, min(L_hat, 0.5*min(window))); non-zero modes coincide when L_hat >= 0.5*min(window)"
half,staircase,0,0.5,0.005,170.0,0.2777777777777778,0,20,0,0.0,0,0,,,,,,,,,,0,0,,,,,,,,,,,,,20,20,1.0,0.0,0.11183840913488237,0.023530279892121714,0.1214074408861471,0.10240321943285818,0.1304478715416121,0.13250678548684455,0.65,20,20,1.0,0.0,0.07287269089657694,0.024576038335456317,0.08300483410971937,0.06387518312823168,0.09161313289786446,0.09444860555258032,1.0,"cascade features clamp L0 = max(0, min(L_hat, 0.5*min(window))); non-zero modes coincide when L_hat >= 0.5*min(window)"
half,noisy_plateau,0,0.5,0.005,104.0,0.4965853037914094,0,20,20,1.0,20,20,1.0,0.05,0.0006943844608150875,0.000526837220249218,0.0005856300530688915,0.00036741524818422345,0.0008463690243144077,0.0013136866630106948,0.75,20,20,1.0,0.05,0.000894446878823704,0.0006930700276632846,0.0007118111813787537,0.000421056634289884,0.0012673802258295203,0.0015842761617101755,0.75,0.3,0.3,0.4823279410516037,0,0,,,,,,,,,,0,0,,,,,,,,,,"cascade features clamp L0 = max(0, min(L_hat, 0.5*min(window))); non-zero modes coincide when L_hat >= 0.5*min(window)"
half,slow_osc_power,0,0.5,0.005,415.0,0.49840630355024784,0,20,0,0.0,0,0,,,,,,,,,,0,0,,,,,,,,,,,,,20,20,1.0,0.15,0.04354776875760088,0.02451511132296764,0.04264538689832044,0.016029977542665094,0.0687662785528089,0.07037622020306489,0.15,20,20,1.0,0.2,0.04106849955192448,0.025842391628794745,0.04528707005219411,0.016529053717442368,0.05100498967218463,0.05580801426721602,0.15,"cascade features clamp L0 = max(0, min(L_hat, 0.5*min(window))); non-zero modes coincide when L_hat >= 0.5*min(window)"
half,log_oscillatory,0,0.5,0.005,533.0,0.49841524754235217,0,20,20,1.0,20,20,1.0,0.0,0.020696108701876787,0.005128054758289606,0.02225218968365339,0.01782042624075563,0.024706521966650342,0.026078309729298234,1.0,20,20,1.0,0.0,0.06215619868747946,0.030925216967993954,0.05250434844846312,0.03976130011375574,0.07145289059378497,0.09521001248371863,0.9,0.0,0.0,1.315988019065046,0,0,,,,,,,,,,0,0,,,,,,,,,,"cascade features clamp L0 = max(0, min(L_hat, 0.5*min(window))); non-zero modes coincide when L_hat >= 0.5*min(window)"
half,heavy_noise_plat,0,0.5,0.005,97.0,0.49658530379140886,0,20,20,1.0,20,20,1.0,0.0,0.0012477634393675873,0.0008218408360640603,0.001173205532780345,0.0006339648328530225,0.0019026172447745753,0.0024610261364350146,0.8,20,20,1.0,0.0,0.0010816399684234431,0.0008465415455377242,0.0008993885620225388,0.00047785452801929994,0.001355594907935202,0.002437741656783682,0.85,0.5,0.5,-0.0031448956720841192,0,0,,,,,,,,,,0,0,,,,,,,,,,"cascade features clamp L0 = max(0, min(L_hat, 0.5*min(window))); non-zero modes coincide when L_hat >= 0.5*min(window)"
half,broken_power_law,0,0.5,0.005,514.0,0.49991211917454004,0,20,20,1.0,20,20,1.0,0.3,0.3242164783006328,0.002662012529434597,0.32443954023471067,0.3226444978339519,0.325744722281076,0.32758830594413885,0.0,20,20,1.0,0.0,0.020127746183885714,0.0004218943241443425,0.020075718465156503,0.019848448820464756,0.020488737987295003,0.02066978172513227,1.0,1.0,1.0,-0.9379578737470098,0,0,,,,,,,,,,0,0,,,,,,,,,,"cascade features clamp L0 = max(0, min(L_hat, 0.5*min(window))); non-zero modes coincide when L_hat >= 0.5*min(window)"
half,stretched_exp,1,0.5,0.005,193.0,0.49828241532615414,0,20,0,0.0,0,0,,,,,,,,,,0,0,,,,,,,,,,,,,20,20,1.0,0.0,0.013909811361917046,0.009514178048740139,0.016563976106882858,0.004975551553391869,0.022640756628392423,0.024627658786749645,1.0,20,20,1.0,0.0,0.006346124258939793,0.003950997734828581,0.005708950491820436,0.0037220935617484213,0.007837134440323062,0.010575774679783817,1.0,"cascade features clamp L0 = max(0, min(L_hat, 0.5*min(window))); non-zero modes coincide when L_hat >= 0.5*min(window)"
half,logistic_tail,1,0.5,0.005,105.0,0.47748855939048196,0,20,0,0.0,0,0,,,,,,,,,,0,0,,,,,,,,,,,,,20,20,1.0,0.0,0.1345707449039359,0.020397521917197098,0.14323041100727607,0.1341143793439954,0.14594923258802528,0.14846987798300873,0.0,20,20,1.0,0.0,0.10561603603604786,0.028513813612602114,0.11791840607110887,0.1037860116227923,0.12236098855868982,0.12652039572740426,0.1,"cascade features clamp L0 = max(0, min(L_hat, 0.5*min(window))); non-zero modes coincide when L_hat >= 0.5*min(window)"
half,inv_sqrt_log,1,0.5,0.005,245.0,0.4997783934707863,0,20,1,0.05,1,1,1.0,0.0,0.004009546015143695,,0.004009546015143695,0.004009546015143695,0.004009546015143695,0.004009546015143695,1.0,1,1,1.0,0.0,0.0042721647048254985,,0.0042721647048254985,0.0042721647048254985,0.0042721647048254985,0.0042721647048254985,1.0,0.0,0.0,0.06549836033553842,19,19,1.0,0.0,0.0040782191717167625,0.0029248586094523465,0.003437634724407338,0.0019538007566327377,0.005424363404131495,0.007680130698635041,0.8421052631578947,19,19,1.0,0.0,0.004559104703841947,0.005078587030493277,0.002495621473558307,0.0019081652115398532,0.004816365418868578,0.009848556793129636,0.8947368421052632,"cascade features clamp L0 = max(0, min(L_hat, 0.5*min(window))); non-zero modes coincide when L_hat >= 0.5*min(window)"
half,random_knots,1,0.5,0.005,314.5,0.49936083587279756,0,20,1,0.05,1,1,1.0,0.0,0.01201673072631055,,0.01201673072631055,0.01201673072631055,0.01201673072631055,0.01201673072631055,0.0,1,1,1.0,0.0,0.009278001065958767,,0.009278001065958767,0.009278001065958767,0.009278001065958767,0.009278001065958767,0.0,1.0,1.0,-0.2279097137755906,19,19,1.0,0.0,0.010583348539177941,0.009188531454782729,0.006656243061680642,0.005224360185161252,0.011427544549489476,0.021821114043653615,0.9473684210526315,19,19,1.0,0.0,0.012170669166799862,0.012650038029499619,0.008288383936749862,0.0032478585868192106,0.014689459776882477,0.029061377356899197,1.0,"cascade features clamp L0 = max(0, min(L_hat, 0.5*min(window))); non-zero modes coincide when L_hat >= 0.5*min(window)"
half,real_boot_a,1,0.5,0.005,203.0,0.49951204685092926,0,20,0,0.0,0,0,,,,,,,,,,0,0,,,,,,,,,,,,,20,20,1.0,0.0,0.014059019984644688,0.008568508459851474,0.013022069619523027,0.00843967337777856,0.022132446555692672,0.02432419036814916,1.0,20,20,1.0,0.0,0.01598102246059884,0.007304651783142875,0.013292738992122216,0.011157163307377222,0.02101276619604729,0.026094422646834106,1.0,"cascade features clamp L0 = max(0, min(L_hat, 0.5*min(window))); non-zero modes coincide when L_hat >= 0.5*min(window)"
half,real_boot_b,1,0.5,0.005,172.0,0.496916665259355,0,20,0,0.0,0,0,,,,,,,,,,0,0,,,,,,,,,,,,,20,20,1.0,0.0,0.00654791616742594,0.0036179773296296735,0.006008700261894932,0.004164835327901455,0.008518728606036788,0.010926112139938498,1.0,20,20,1.0,0.0,0.006445998632694269,0.0030852374488203288,0.006638823348158639,0.005192228426802526,0.007955653819664657,0.010156224986524609,1.0,"cascade features clamp L0 = max(0, min(L_hat, 0.5*min(window))); non-zero modes coincide when L_hat >= 0.5*min(window)"
half,single_exp,0,0.5,0.02,108.0,0.4867522559599715,0,20,0,0.0,0,0,,,,,,,,,,0,0,,,,,,,,,,,,,20,20,1.0,0.1,0.023796089637542837,0.009928177582859727,0.023877749038862993,0.016323901440259553,0.032318358687811855,0.035354736586126846,0.25,20,20,1.0,0.1,0.024273926653396647,0.01138552041898244,0.02548595548262371,0.01573482674141674,0.034047669332582325,0.036780591206030305,0.25,"cascade features clamp L0 = max(0, min(L_hat, 0.5*min(window))); non-zero modes coincide when L_hat >= 0.5*min(window)"
half,two_exp,0,0.5,0.02,129.0,0.4955914190433955,0,20,0,0.0,0,0,,,,,,,,,,0,0,,,,,,,,,,,,,20,20,1.0,0.0,0.021033986187704485,0.012820198952872109,0.02222226143611434,0.01013325469556986,0.033733571433503355,0.035448117355926005,0.95,20,20,1.0,0.0,0.01637177026759236,0.009512648452750832,0.016418384229408375,0.009258553182622725,0.025337198622087637,0.027985142286663434,0.95,"cascade features clamp L0 = max(0, min(L_hat, 0.5*min(window))); non-zero modes coincide when L_hat >= 0.5*min(window)"
half,three_exp,0,0.5,0.02,176.0,0.49876789415554024,0,20,0,0.0,0,0,,,,,,,,,,0,0,,,,,,,,,,,,,20,20,1.0,0.0,0.023685216155825178,0.011548871178787206,0.025166534446023597,0.016900510743238513,0.02920652422138208,0.032085044259047825,1.0,20,20,1.0,0.0,0.018055059702317265,0.012255022030022267,0.015136036259849342,0.009166876600449389,0.02445989109144582,0.029228435078402042,1.0,"cascade features clamp L0 = max(0, min(L_hat, 0.5*min(window))); non-zero modes coincide when L_hat >= 0.5*min(window)"
half,four_exp,0,0.5,0.02,231.0,0.4980680166164721,0,20,0,0.0,0,0,,,,,,,,,,0,0,,,,,,,,,,,,,20,20,1.0,0.0,0.01788722242156693,0.012455691682409476,0.017299442113814303,0.00976945798439307,0.02059028332788081,0.030702371670732344,1.0,20,20,1.0,0.0,0.02456350632313822,0.021627543578132735,0.019485723687487612,0.010494290383003618,0.03185285186968392,0.04226172984613433,0.95,"cascade features clamp L0 = max(0, min(L_hat, 0.5*min(window))); non-zero modes coincide when L_hat >= 0.5*min(window)"
half,power_law,0,0.5,0.02,244.0,0.4999340482202355,0,20,20,1.0,20,20,1.0,0.1,0.008328793762779022,0.005643325377856113,0.007492273672237041,0.0033006785445563605,0.013594899399459119,0.016015321802226902,0.75,20,20,1.0,0.05,0.009920328950237802,0.0049573840097163115,0.00965873914004036,0.0064984082184821506,0.011629208747613631,0.015695179915440807,0.65,0.45,0.45,0.3459450204111701,0,0,,,,,,,,,,0,0,,,,,,,,,,"cascade features clamp L0 = max(0, min(L_hat, 0.5*min(window))); non-zero modes coincide when L_hat >= 0.5*min(window)"
half,rational_decay,0,0.5,0.02,205.0,0.5,0,20,0,0.0,0,0,,,,,,,,,,0,0,,,,,,,,,,,,,20,20,1.0,0.0,0.012569920298178355,0.009058925258257555,0.008456122256001286,0.004736153721567521,0.019120318212286207,0.023347294966355372,1.0,20,20,1.0,0.0,0.014916370561429587,0.013427118310774236,0.01125247776354693,0.004164144768530054,0.023748922249762064,0.03542394322156729,1.0,"cascade features clamp L0 = max(0, min(L_hat, 0.5*min(window))); non-zero modes coincide when L_hat >= 0.5*min(window)"
half,mixed_pow_rat,0,0.5,0.02,254.0,0.4990202976120709,0,20,0,0.0,0,0,,,,,,,,,,0,0,,,,,,,,,,,,,20,20,1.0,0.0,0.015270218106753641,0.01253501426830408,0.013450103213345242,0.007039182486304821,0.021712447590737646,0.02959839995586775,0.95,20,20,1.0,0.0,0.02455761379083028,0.02840627627042663,0.01590376516754613,0.004536938426491954,0.029773009077022135,0.05782494537795469,0.8,"cascade features clamp L0 = max(0, min(L_hat, 0.5*min(window))); non-zero modes coincide when L_hat >= 0.5*min(window)"
half,multiphase,0,0.5,0.02,504.0,0.49983903719462197,0,20,0,0.0,0,0,,,,,,,,,,0,0,,,,,,,,,,,,,20,20,1.0,0.0,0.03735091605448483,0.020907846712855983,0.03959496727172192,0.01993760277643392,0.0527883855407551,0.06244633848202902,1.0,20,20,1.0,0.0,0.037481975503039125,0.016492993488663163,0.04152918912209769,0.022745449086366477,0.04849813200655993,0.05742734178929137,1.0,"cascade features clamp L0 = max(0, min(L_hat, 0.5*min(window))); non-zero modes coincide when L_hat >= 0.5*min(window)"
half,osc_exp,0,0.5,0.02,107.0,0.47832942079368884,0,20,0,0.0,0,0,,,,,,,,,,0,0,,,,,,,,,,,,,20,20,1.0,0.05,0.026297965700275178,0.015740966853435706,0.02160504861183711,0.012884305538343244,0.04202438899841185,0.046471125765062585,0.65,20,20,1.0,0.05,0.022143514315199304,0.016280367455836855,0.01614364304604693,0.008021870345560567,0.0389144436868355,0.04355191131324287,0.7,"cascade features clamp L0 = max(0, min(L_hat, 0.5*min(window))); non-zero modes coincide when L_hat >= 0.5*min(window)"
half,damped_osc_pow,0,0.5,0.02,260.0,0.49940767513390516,0,20,16,0.8,16,16,1.0,0.0,0.008870485043957637,0.007726964478032492,0.006631036879498769,0.0027961178146591256,0.011173437075924797,0.01970531603944559,0.9375,16,16,1.0,0.0,0.009944282775241876,0.005271528840788447,0.00797799142318191,0.006184146497310377,0.012405424401942025,0.016777296595477286,0.9375,0.5,0.5,0.045418496655425945,4,4,1.0,0.25,0.019001508798679206,0.017334438100310903,0.017271004083029784,0.006931761421282436,0.029340751460426556,0.035753557031017486,0.75,4,4,1.0,0.25,0.03589369864330272,0.05281528102866265,0.012759189219592737,0.005702817898616524,0.04295006996427893,0.08586002249409486,0.75,"cascade features clamp L0 = max(0, min(L_hat, 0.5*min(window))); non-zero modes coincide when L_hat >= 0.5*min(window)"
half,log_slow,0,0.5,0.02,8594.0,0.49999975284240333,0,20,19,0.95,19,19,1.0,0.0,0.047615649808099396,0.020779387998592184,0.04564290037664431,0.03438894901412384,0.06599335994350444,0.07035307965818204,1.0,19,19,1.0,0.0,0.05189813772706317,0.0267687505953958,0.05778816354546272,0.035799243339642614,0.06783392846882698,0.08586658192169173,0.8947368421052632,0.5789473684210527,0.5789473684210527,-0.06769159746191868,1,1,1.0,0.0,0.07357993751349734,,0.07357993751349734,0.07357993751349734,0.07357993751349734,0.07357993751349734,0.0,1,1,1.0,0.0,0.13546645668692225,,0.13546645668692225,0.13546645668692225,0.13546645668692225,0.13546645668692225,0.0,"cascade features clamp L0 = max(0, min(L_hat, 0.5*min(window))); non-zero modes coincide when L_hat >= 0.5*min(window)"
half,delayed_plateau,0,0.5,0.02,160.0,0.49658484551706805,0,20,0,0.0,0,0,,,,,,,,,,0,0,,,,,,,,,,,,,20,20,1.0,0.0,0.047457418223325866,0.009006280059617153,0.05171109255555688,0.04417568578476039,0.05325888161707279,0.0538443660586095,1.0,20,20,1.0,0.0,0.023531063047299672,0.008427838971308941,0.026909136156269275,0.019519071513262272,0.028970417209614213,0.031774005452513895,1.0,"cascade features clamp L0 = max(0, min(L_hat, 0.5*min(window))); non-zero modes coincide when L_hat >= 0.5*min(window)"
half,staircase,0,0.5,0.02,170.0,0.2777777777777778,0,20,0,0.0,0,0,,,,,,,,,,0,0,,,,,,,,,,,,,20,20,1.0,0.0,0.11125508996890106,0.0244626688845931,0.12201758458603709,0.09793612946524116,0.12936773921214484,0.13254131787197507,0.65,20,20,1.0,0.0,0.07259468595068946,0.02594896106286735,0.08218098587916584,0.0639744141459275,0.09209327776978296,0.09407193347148005,0.9,"cascade features clamp L0 = max(0, min(L_hat, 0.5*min(window))); non-zero modes coincide when L_hat >= 0.5*min(window)"
half,noisy_plateau,0,0.5,0.02,104.0,0.4965853037914094,0,20,20,1.0,20,20,1.0,0.05,0.0007504720765765629,0.0004961068986642004,0.0006883420199883319,0.00038628034535632527,0.0010895258314546448,0.0014522204127567638,0.9,20,20,1.0,0.05,0.0009038895517792335,0.0005911385915555673,0.000792889221255498,0.000527614952970757,0.0012842569287991926,0.0018345566310366734,0.75,0.45,0.45,0.29211032021352956,0,0,,,,,,,,,,0,0,,,,,,,,,,"cascade features clamp L0 = max(0, min(L_hat, 0.5*min(window))); non-zero modes coincide when L_hat >= 0.5*min(window)"
half,slow_osc_power,0,0.5,0.02,415.0,0.49840630355024784,0,20,9,0.45,9,9,1.0,0.3333333333333333,0.030920685241766388,0.025140913691293672,0.015298881036971424,0.011030456155369099,0.058652525947142875,0.06451456792659925,0.2222222222222222,9,9,1.0,0.3333333333333333,0.04355171546063367,0.05492955768271784,0.018160580374600468,0.014645476696148234,0.05620560712817743,0.08478617560763102,0.2222222222222222,0.2222222222222222,0.2222222222222222,0.09311515333569666,11,11,1.0,0.36363636363636365,0.046606187926926654,0.029578591529859276,0.04867193001204444,0.018098013002787867,0.068694942700117,0.07009246334751273,0.2727272727272727,11,11,1.0,0.45454545454545453,0.04834906803081674,0.032123718090682936,0.05054272968075527,0.01774874534431689,0.061684669357729385,0.07319372739476554,0.2727272727272727,"cascade features clamp L0 = max(0, min(L_hat, 0.5*min(window))); non-zero modes coincide when L_hat >= 0.5*min(window)"
half,log_oscillatory,0,0.5,0.02,533.0,0.49841524754235217,0,20,20,1.0,20,20,1.0,0.0,0.019383819978838628,0.01300745070484876,0.01752134573911822,0.010510263012458582,0.027533566603235183,0.03375096197352153,1.0,20,20,1.0,0.0,0.06601017044229168,0.04008848210224503,0.04951035075119238,0.039211024234174996,0.08919564559110368,0.11206975797072619,0.75,0.2,0.2,1.9028562020486512,0,0,,,,,,,,,,0,0,,,,,,,,,,"cascade features clamp L0 = max(0, min(L_hat, 0.5*min(window))); non-zero modes coincide when L_hat >= 0.5*min(window)"
half,heavy_noise_plat,0,0.5,0.02,97.0,0.49658530379140886,0,20,20,1.0,20,20,1.0,0.0,0.0040216675252768815,0.003225140083802487,0.003224367800078261,0.0015652651216685651,0.005339188613221111,0.009215608348688478,0.95,20,20,1.0,0.05,0.0030378492775109504,0.0028351294204743195,0.0021830844721574703,0.0010637230717780149,0.004636080762898592,0.005881816148311176,0.95,0.55,0.55,-0.10175038056968033,0,0,,,,,,,,,,0,0,,,,,,,,,,"cascade features clamp L0 = max(0, min(L_hat, 0.5*min(window))); non-zero modes coincide when L_hat >= 0.5*min(window)"
half,broken_power_law,0,0.5,0.02,514.0,0.49991211917454004,0,20,20,1.0,20,20,1.0,0.55,0.32178795486019796,0.01434111115785162,0.3232758525750109,0.3140383481798073,0.33232178833984605,0.33771220540221863,0.0,20,20,1.0,0.0,0.02015297707569907,0.0021732193830909,0.019907647270199412,0.01875218336573251,0.021622853440926,0.022439023868256323,1.0,1.0,1.0,-0.9393393167025537,0,0,,,,,,,,,,0,0,,,,,,,,,,"cascade features clamp L0 = max(0, min(L_hat, 0.5*min(window))); non-zero modes coincide when L_hat >= 0.5*min(window)"
half,stretched_exp,1,0.5,0.02,193.0,0.49828241532615414,0,20,0,0.0,0,0,,,,,,,,,,0,0,,,,,,,,,,,,,20,20,1.0,0.0,0.01808968371297833,0.0067982709995879145,0.0195930607098663,0.015015586174795748,0.023666503226307235,0.025798571736555854,1.0,20,20,1.0,0.0,0.018005663335148653,0.012671136103732291,0.01858420312220283,0.005724417217631204,0.026881038213480837,0.03245396271580036,1.0,"cascade features clamp L0 = max(0, min(L_hat, 0.5*min(window))); non-zero modes coincide when L_hat >= 0.5*min(window)"
half,logistic_tail,1,0.5,0.02,105.0,0.47748855939048196,0,20,0,0.0,0,0,,,,,,,,,,0,0,,,,,,,,,,,,,20,20,1.0,0.1,0.13462862296846684,0.02037002382520877,0.14376932701577178,0.1329576351946555,0.14578442928418606,0.14893899554915563,0.0,20,20,1.0,0.1,0.10575926883117856,0.028133533370114098,0.11868942675696803,0.10260800690936807,0.12135544634825837,0.12599741048881485,0.05,"cascade features clamp L0 = max(0, min(L_hat, 0.5*min(window))); non-zero modes coincide when L_hat >= 0.5*min(window)"
half,inv_sqrt_log,1,0.5,0.02,245.0,0.4997783934707863,0,20,20,1.0,20,20,1.0,0.0,0.007553546902051987,0.008382360881104804,0.004990913614169067,0.0023418966347452065,0.008213029740987879,0.015236403303815921,0.75,20,20,1.0,0.0,0.011960758442404105,0.016558645618206923,0.0063914210556984515,0.0031584559662917525,0.01335923379594175,0.0274381094697085,0.65,0.3,0.3,0.2862298590430338,0,0,,,,,,,,,,0,0,,,,,,,,,,"cascade features clamp L0 = max(0, min(L_hat, 0.5*min(window))); non-zero modes coincide when L_hat >= 0.5*min(window)"
half,random_knots,1,0.5,0.02,314.5,0.49936083587279756,0,20,12,0.6,12,12,1.0,0.08333333333333333,0.011573216906102237,0.007115464778321939,0.01378040993715075,0.004727405811734777,0.016398705908406933,0.019577648662118103,0.9166666666666666,12,12,1.0,0.08333333333333333,0.01125419838103473,0.007895954664340357,0.010829005314039655,0.003993509441642779,0.016774204741605184,0.020315109794868773,0.75,0.5,0.5,0.01317318096743398,8,8,1.0,0.0,0.028355443540269615,0.021776423418658115,0.02890734437248968,0.017040082988797736,0.03349482921333689,0.051247211474944994,0.625,8,8,1.0,0.25,0.03758523744872292,0.028999708469291414,0.03166810691469578,0.02406158796803861,0.04329425171664236,0.07191967791561317,0.5,"cascade features clamp L0 = max(0, min(L_hat, 0.5*min(window))); non-zero modes coincide when L_hat >= 0.5*min(window)"
half,real_boot_a,1,0.5,0.02,203.0,0.49951204685092926,0,20,0,0.0,0,0,,,,,,,,,,0,0,,,,,,,,,,,,,20,20,1.0,0.0,0.01973971439904398,0.010396649052085507,0.021746820473463047,0.010842475066680866,0.02554182396656003,0.032299530754971065,1.0,20,20,1.0,0.0,0.021327974064607104,0.011200293005241491,0.019762733935099724,0.014629180948751042,0.030079249454045727,0.032636534366973634,1.0,"cascade features clamp L0 = max(0, min(L_hat, 0.5*min(window))); non-zero modes coincide when L_hat >= 0.5*min(window)"
half,real_boot_b,1,0.5,0.02,172.0,0.496916665259355,0,20,0,0.0,0,0,,,,,,,,,,0,0,,,,,,,,,,,,,20,20,1.0,0.1,0.005395099805434325,0.004048715874246288,0.0035803579500921154,0.002420664634076735,0.009000487469761034,0.011111896894179426,0.85,20,20,1.0,0.1,0.006636323179530915,0.0051913394927836165,0.005055102582910205,0.002948387653931876,0.009995888586170832,0.011876022160946572,0.85,"cascade features clamp L0 = max(0, min(L_hat, 0.5*min(window))); non-zero modes coincide when L_hat >= 0.5*min(window)"
half,single_exp,0,0.1,0.0,148.0,0.09827358560436156,0,20,0,0.0,0,0,,,,,,,,,,0,0,,,,,,,,,,,,,20,20,1.0,0.0,0.02688631672012261,0.009858556813091965,0.028305983056629836,0.02128067481650138,0.033829534385802176,0.03802922266048508,0.15,20,20,1.0,0.0,0.027446012209267585,0.00806807903970333,0.02971583330828806,0.02163062939788044,0.034717620435711416,0.03471762346549631,0.15,"cascade features clamp L0 = max(0, min(L_hat, 0.5*min(window))); non-zero modes coincide when L_hat >= 0.5*min(window)"
half,two_exp,0,0.1,0.0,218.0,0.09985826346226055,0,20,0,0.0,0,0,,,,,,,,,,0,0,,,,,,,,,,,,,20,20,1.0,0.0,0.025394762345425148,0.015042091888870922,0.028935397261604608,0.015509531870008673,0.039597574453114695,0.04119979658183651,1.0,20,20,1.0,0.0,0.02706881550380131,0.010356484598028846,0.030076392598979998,0.022341851729752345,0.03448105822428453,0.037333950634110644,1.0,"cascade features clamp L0 = max(0, min(L_hat, 0.5*min(window))); non-zero modes coincide when L_hat >= 0.5*min(window)"
half,three_exp,0,0.1,0.0,377.0,0.09988829507506856,0,20,0,0.0,0,0,,,,,,,,,,0,0,,,,,,,,,,,,,20,20,1.0,0.0,0.03247055748764359,0.016284800513874872,0.037056563289362444,0.018593893425083892,0.04740076118384427,0.04953369570290672,1.0,20,20,1.0,0.0,0.033877709645347864,6.901281243856105e-09,0.03387770564772517,0.03387770450462024,0.0338777134504826,0.03387772200310852,1.0,"cascade features clamp L0 = max(0, min(L_hat, 0.5*min(window))); non-zero modes coincide when L_hat >= 0.5*min(window)"
half,four_exp,0,0.1,0.0,631.0,0.09977805552230239,0,20,0,0.0,0,0,,,,,,,,,,0,0,,,,,,,,,,,,,20,20,1.0,0.0,0.02253799680103996,0.012871694450567406,0.02233550518289002,0.011697272345710844,0.030913461789747188,0.039218022135252086,1.0,20,20,1.0,0.0,0.032906220393963584,1.0783548368761977e-09,0.03290622006490431,0.03290621955967187,0.0329062209544352,0.03290622231331481,1.0,"cascade features clamp L0 = max(0, min(L_hat, 0.5*min(window))); non-zero modes coincide when L_hat >= 0.5*min(window)"
half,power_law,0,0.1,0.0,2441.0,0.09997859122064488,0,20,0,0.0,0,0,,,,,,,,,,0,0,,,,,,,,,,,,,20,20,1.0,0.0,0.0008864723325874614,8.652518499530595e-08,0.0008864920337606028,0.0008864920128662419,0.0008864921177796498,0.0008864922066166073,1.0,20,20,1.0,0.0,0.006213574305650512,2.9516288750519334e-09,0.0062135740062767755,0.006213573784518858,0.006213574443960461,0.00621357559864305,1.0,"cascade features clamp L0 = max(0, min(L_hat, 0.5*min(window))); non-zero modes coincide when L_hat >= 0.5*min(window)"
half,rational_decay,0,0.1,0.0,1125.0,0.09999999999999999,0,20,0,0.0,0,0,,,,,,,,,,0,0,,,,,,,,,,,,,20,20,1.0,0.0,0.04756687723630516,0.03217708402125635,0.05122703269656616,0.010158297179880572,0.08164808115066657,0.08164812638423864,1.0,20,20,1.0,0.0,2.6032304957512852e-11,6.511388770153838e-11,2.3342439092743916e-13,6.977057820378718e-15,6.165391114310026e-12,7.540151142348962e-11,1.0,"cascade features clamp L0 = max(0, min(L_hat, 0.5*min(window))); non-zero modes coincide when L_hat >= 0.5*min(window)"
half,mixed_pow_rat,0,0.1,0.0,2260.0,0.09998848741275486,0,20,0,0.0,0,0,,,,,,,,,,0,0,,,,,,,,,,,,,20,20,1.0,0.0,0.030096031370580634,0.02952743726501434,0.017557582010202646,0.007942809904029518,0.04663371584295573,0.06583793388864986,1.0,20,20,1.0,0.0,0.014446986545158016,9.983046608083304e-10,0.014446985930361957,0.014446985730936921,0.014446987213687899,0.014446988162610096,1.0,"cascade features clamp L0 = max(0, min(L_hat, 0.5*min(window))); non-zero modes coincide when L_hat >= 0.5*min(window)"
half,multiphase,0,0.1,0.0,3852.0,0.0999996544626016,0,20,0,0.0,0,0,,,,,,,,,,0,0,,,,,,,,,,,,,20,20,1.0,0.0,0.12283642859961803,1.3481690550572235e-09,0.12283642902433803,0.12283642872852384,0.12283642914086407,0.12283642927879933,1.0,20,20,1.0,0.0,0.11801355713058218,2.4755687834357827e-09,0.11801355570305253,0.11801355566792454,0.11801355811026071,0.11801356121100501,1.0,"cascade features clamp L0 = max(0, min(L_hat, 0.5*min(window))); non-zero modes coincide when L_hat >= 0.5*min(window)"
half,osc_exp,0,0.1,0.0,165.0,0.09570953042125925,0,20,0,0.0,0,0,,,,,,,,,,0,0,,,,,,,,,,,,,20,20,1.0,0.0,0.03242448459982827,0.01498364198906725,0.037918240559445766,0.0229595213088445,0.04473425700404902,0.04557485536673676,1.0,20,20,1.0,0.0,0.030755440362068044,0.010335846730295493,0.03591334463332167,0.029794223725732143,0.03662644784162163,0.036838511605380896,1.0,"cascade features clamp L0 = max(0, min(L_hat, 0.5*min(window))); non-zero modes coincide when L_hat >= 0.5*min(window)"
half,damped_osc_pow,0,0.1,0.0,3014.0,0.09999319502597674,0,20,0,0.0,0,0,,,,,,,,,,0,0,,,,,,,,,,,,,20,20,1.0,0.0,0.002627477552307919,2.3036354997103867e-07,0.0026275710352025384,0.002627547162342497,0.0026275717538209384,0.002627572320297131,1.0,20,20,1.0,0.0,0.01161666843109549,1.032388557198625e-09,0.011616668408527306,0.011616668207499622,0.011616668609521767,0.011616669286534405,1.0,"cascade features clamp L0 = max(0, min(L_hat, 0.5*min(window))); non-zero modes coincide when L_hat >= 0.5*min(window)"
half,log_slow,0,0.1,0.0,50000.0,0.41863546463489004,1,20,0,0.0,0,0,,,,,,,,,,0,0,,,,,,,,,,,,,20,20,1.0,0.0,0.019975212622475556,7.47095946628691e-09,0.019975210366560497,0.019975209966114883,0.019975210738389884,0.01997521559939948,1.0,20,20,1.0,0.0,0.0584820412279705,2.6459543414762943e-09,0.05848204011637857,0.05848203949655799,0.058482043516894136,0.05848204492076823,1.0,"cascade features clamp L0 = max(0, min(L_hat, 0.5*min(window))); non-zero modes coincide when L_hat >= 0.5*min(window)"
half,delayed_plateau,0,0.1,0.0,321.0,0.09926115995627992,0,20,0,0.0,0,0,,,,,,,,,,0,0,,,,,,,,,,,,,20,20,1.0,0.0,0.07118290153966182,0.017806140682354244,0.08001951090025158,0.065431487997629,0.08419532877200084,0.08511010137298888,1.0,20,20,1.0,0.0,0.04327134663083747,0.018333916403628157,0.0504294701635587,0.03158036138863806,0.054513844359377124,0.05524540735876775,1.0,"cascade features clamp L0 = max(0, min(L_hat, 0.5*min(window))); non-zero modes coincide when L_hat >= 0.5*min(window)"
half,staircase,0,0.1,0.0,320.0,0.0,0,20,0,0.0,0,0,,,,,,,,,,0,0,,,,,,,,,,,,,20,20,1.0,0.0,0.08779297218497745,0.03677269562188296,0.1026467261507846,0.07484228737493728,0.11699386971069697,0.11937606320972705,1.0,20,20,1.0,0.0,0.05543522568398849,0.01930961947539868,0.05678394384290013,0.04470549851445192,0.07353108376396754,0.07631617590189096,1.0,"cascade features clamp L0 = max(0, min(L_hat, 0.5*min(window))); non-zero modes coincide when L_hat >= 0.5*min(window)"
half,noisy_plateau,0,0.1,0.0,137.0,0.09536916221554956,0,20,20,1.0,20,20,1.0,0.05,0.0008162933884360946,0.0008189119798465399,0.0006050215068013742,0.0002789310645859829,0.0011585470702390696,0.0016060549699147967,0.8,20,20,1.0,0.1,0.0011701591258560385,0.001414685063213114,0.000665234868725096,0.00031593021739602855,0.0013683743801698785,0.0020804702652878902,0.75,0.35,0.35,0.7747094266042469,0,0,,,,,,,,,,0,0,,,,,,,,,,"cascade features clamp L0 = max(0, min(L_hat, 0.5*min(window))); non-zero modes coincide when L_hat >= 0.5*min(window)"
half,slow_osc_power,0,0.1,0.0,3483.0,0.09996889692898078,0,20,0,0.0,0,0,,,,,,,,,,0,0,,,,,,,,,,,,,20,20,1.0,0.45,0.07977535513539977,0.06132923639328425,0.06469238048529222,0.013122373258738301,0.13785036182024432,0.15359490465036943,0.35,20,20,1.0,0.0,0.047433432370555466,0.026982754213053066,0.06539391971847085,0.013353804902831914,0.06885731602581395,0.06885784504243712,0.35,"cascade features clamp L0 = max(0, min(L_hat, 0.5*min(window))); non-zero modes coincide when L_hat >= 0.5*min(window)"
half,log_oscillatory,0,0.1,0.0,50000.0,0.2992564263745022,1,20,20,1.0,20,20,1.0,0.0,0.029972255360262923,0.02077186207277522,0.024482198640101073,0.013618069457076266,0.04137516506884983,0.05653965615461258,1.0,20,20,1.0,0.0,0.15946556333143086,0.11986182582224014,0.11584965414599452,0.0807811129112476,0.18853075707633343,0.2840517094755401,0.7,0.0,0.0,4.275056747694397,0,0,,,,,,,,,,0,0,,,,,,,,,,"cascade features clamp L0 = max(0, min(L_hat, 0.5*min(window))); non-zero modes coincide when L_hat >= 0.5*min(window)"
half,heavy_noise_plat,0,0.1,0.0,114.0,0.09071795328941246,0,20,20,1.0,20,20,1.0,0.1,0.001245052642892523,0.000875134720152815,0.0010956739102270375,0.0006761795325982366,0.0016472182309438393,0.00242261359369792,0.6,20,20,1.0,0.1,0.001398094294257193,0.0010505481088254032,0.0012775400108853783,0.0006208802942452947,0.0019631667351870403,0.0028136434723547168,0.55,0.3,0.3,0.18041204365410268,0,0,,,,,,,,,,0,0,,,,,,,,,,"cascade features clamp L0 = max(0, min(L_hat, 0.5*min(window))); non-zero modes coincide when L_hat >= 0.5*min(window)"
half,broken_power_law,0,0.1,0.0,28776.0,0.09999962012267244,0,20,20,1.0,20,20,1.0,1.0,0.8054561458858507,0.017119805375048622,0.8141218865143016,0.7972461647559356,0.8165606698532569,0.8167806596638478,0.0,20,20,1.0,0.0,0.07292815873284109,5.239891085826324e-09,0.07292815754478296,0.07292815754272983,0.07292815755421117,0.07292815765090263,1.0,1.0,1.0,-0.9104209395359607,0,0,,,,,,,,,,0,0,,,,,,,,,,"cascade features clamp L0 = max(0, min(L_hat, 0.5*min(window))); non-zero modes coincide when L_hat >= 0.5*min(window)"
half,stretched_exp,1,0.1,0.0,579.0,0.09979846505939677,0,20,0,0.0,0,0,,,,,,,,,,0,0,,,,,,,,,,,,,20,20,1.0,0.0,0.025888511148663813,0.011184123982882885,0.03133385827510258,0.01731016162907036,0.03590547550525157,0.036368801333077204,1.0,20,20,1.0,0.0,0.006235165636983338,0.002048361330985603,0.0052710921504600106,0.005271091977993686,0.00527361404493836,0.010379597556600405,1.0,"cascade features clamp L0 = max(0, min(L_hat, 0.5*min(window))); non-zero modes coincide when L_hat >= 0.5*min(window)"
half,logistic_tail,1,0.1,0.0,135.0,0.09609894819901184,0,20,0,0.0,0,0,,,,,,,,,,0,0,,,,,,,,,,,,,20,20,1.0,0.0,0.1338473993468188,0.027481359721204315,0.14520817211887477,0.13305365540603273,0.1494301132380679,0.15331515200818782,0.1,20,20,1.0,0.0,0.09926135242191388,0.034494279030008956,0.11418256767483866,0.09576256604725017,0.12048231398180884,0.12623209552054152,0.2,"cascade features clamp L0 = max(0, min(L_hat, 0.5*min(window))); non-zero modes coincide when L_hat >= 0.5*min(window)"
half,inv_sqrt_log,1,0.1,0.0,2929.0,0.09999046875803731,0,20,1,0.05,1,1,1.0,0.0,0.0010771319986382921,,0.0010771319986382921,0.0010771319986382921,0.0010771319986382921,0.0010771319986382921,1.0,1,1,1.0,0.0,0.003896723683895209,,0.003896723683895209,0.003896723683895209,0.003896723683895209,0.003896723683895209,1.0,0.0,0.0,2.6176844516934215,19,19,1.0,0.0,0.0010771301990964743,5.9823319252884815e-09,0.0010771287124277523,0.0010771285497720995,0.0010771287324323085,0.001077130261463915,1.0,19,19,1.0,0.0,0.003896735770608262,3.520922826137008e-08,0.003896723641214697,0.0038967232532614478,0.003896726679459753,0.003896755152084353,1.0,"cascade features clamp L0 = max(0, min(L_hat, 0.5*min(window))); non-zero modes coincide when L_hat >= 0.5*min(window)"
half,random_knots,1,0.1,0.0,4730.0,0.09999546250252596,1,20,0,0.0,0,0,,,,,,,,,,0,0,,,,,,,,,,,,,20,20,1.0,0.0,0.014657273232534362,0.01570284670527631,0.008939931804709743,0.0032736341748583787,0.016876210564275657,0.038631290825770104,1.0,20,20,1.0,0.0,0.02037518420799182,0.025846936144363078,0.011608674293373596,0.003983793547262679,0.022568962667532267,0.05510764160873996,1.0,"cascade features clamp L0 = max(0, min(L_hat, 0.5*min(window))); non-zero modes coincide when L_hat >= 0.5*min(window)"
half,real_boot_a,1,0.1,0.0,413.0,0.09900189826125952,0,20,0,0.0,0,0,,,,,,,,,,0,0,,,,,,,,,,,,,20,20,1.0,0.0,0.03533693091505067,0.016484274663774508,0.033261680840417064,0.021076845909314135,0.053575534201102656,0.0542741278167384,1.0,20,20,1.0,0.0,0.04876799924483844,1.0738896751290573e-09,0.04876799903085505,0.048767998410482745,0.04876799967515887,0.048768000747184494,1.0,"cascade features clamp L0 = max(0, min(L_hat, 0.5*min(window))); non-zero modes coincide when L_hat >= 0.5*min(window)"
half,real_boot_b,1,0.1,0.0,364.0,0.09935491603410883,0,20,0,0.0,0,0,,,,,,,,,,0,0,,,,,,,,,,,,,20,20,1.0,0.0,0.00204663656559928,0.0006061187956609212,0.0023112606432553907,0.002234468790760967,0.0023112609462713467,0.002311261486535779,1.0,20,20,1.0,0.0,0.003951038487452152,0.00161249350809998,0.004939592711074976,0.0029864669062631766,0.004939592748456317,0.004939592770392003,1.0,"cascade features clamp L0 = max(0, min(L_hat, 0.5*min(window))); non-zero modes coincide when L_hat >= 0.5*min(window)"
half,single_exp,0,0.1,0.005,148.0,0.09827358560436156,0,20,0,0.0,0,0,,,,,,,,,,0,0,,,,,,,,,,,,,20,20,1.0,0.0,0.026804492146836195,0.00964435795132966,0.02835956033003842,0.02134810423781392,0.03330854935609414,0.037915513889188415,0.15,20,20,1.0,0.0,0.027335914651312375,0.007932420147434638,0.02976708316669169,0.021698307687495696,0.03305239514606888,0.034851027701338924,0.15,"cascade features clamp L0 = max(0, min(L_hat, 0.5*min(window))); non-zero modes coincide when L_hat >= 0.5*min(window)"
half,two_exp,0,0.1,0.005,218.0,0.09985826346226055,0,20,0,0.0,0,0,,,,,,,,,,0,0,,,,,,,,,,,,,20,20,1.0,0.0,0.02541781117955934,0.014795785810224314,0.028827902063671168,0.015228485691886534,0.039541374678608604,0.04126168131975449,1.0,20,20,1.0,0.0,0.026422333720528157,0.010895865121792324,0.028582627124566,0.022121913808443347,0.03154778909619035,0.03576988469979839,1.0,"cascade features clamp L0 = max(0, min(L_hat, 0.5*min(window))); non-zero modes coincide when L_hat >= 0.5*min(window)"
half,three_exp,0,0.1,0.005,377.0,0.09988829507506856,0,20,0,0.0,0,0,,,,,,,,,,0,0,,,,,,,,,,,,,20,20,1.0,0.0,0.03461153695837739,0.013634680689753514,0.03700895761988997,0.021663183076162787,0.048301535908087875,0.04922568513660349,1.0,20,20,1.0,0.0,0.03304042683132572,0.014877960655094391,0.03562376930058521,0.024488896780679024,0.04441469979368608,0.04754499928374183,1.0,"cascade features clamp L0 = max(0, min(L_hat, 0.5*min(window))); non-zero modes coincide when L_hat >= 0.5*min(window)"
half,four_exp,0,0.1,0.005,631.0,0.09977805552230239,0,20,0,0.0,0,0,,,,,,,,,,0,0,,,,,,,,,,,,,20,20,1.0,0.0,0.02412984264839149,0.013709138812342607,0.024187024560786696,0.015583631567576056,0.03270054211152848,0.0438924528088194,1.0,20,20,1.0,0.0,0.03300338443875933,0.01740348665104869,0.03288244464094331,0.020544906006338376,0.0416155535032272,0.05418811143344889,1.0,"cascade features clamp L0 = max(0, min(L_hat, 0.5*min(window))); non-zero modes coincide when L_hat >= 0.5*min(window)"
half,power_law,0,0.1,0.005,2441.0,0.09997859122064488,0,20,0,0.0,0,0,,,,,,,,,,0,0,,,,,,,,,,,,,20,20,1.0,0.0,0.01181222124017951,0.014182912062375293,0.007697836532574969,0.005003965406356752,0.013839611762403795,0.019961369647318664,0.95,20,20,1.0,0.0,0.007793717388419999,0.004656928740155883,0.007959548523867179,0.003002962957537042,0.011072014421867095,0.013325465632533786,1.0,"cascade features clamp L0 = max(0, min(L_hat, 0.5*min(window))); non-zero modes coincide when L_hat >= 0.5*min(window)"
half,rational_decay,0,0.1,0.005,1125.0,0.09999999999999999,0,20,0,0.0,0,0,,,,,,,,,,0,0,,,,,,,,,,,,,20,20,1.0,0.0,0.047556938895942404,0.03495769166761821,0.04919840420393613,0.009649397796173378,0.07779264302523259,0.09041988137117835,1.0,20,20,1.0,0.0,0.013210414610182294,0.010271802255979462,0.011131120972561317,0.005376769689213828,0.02362127179124512,0.02666086180359805,1.0,"cascade features clamp L0 = max(0, min(L_hat, 0.5*min(window))); non-zero modes coincide when L_hat >= 0.5*min(window)"
half,mixed_pow_rat,0,0.1,0.005,2260.0,0.09998848741275486,0,20,0,0.0,0,0,,,,,,,,,,0,0,,,,,,,,,,,,,20,20,1.0,0.0,0.02742989993712393,0.025880793779232414,0.017614719325779654,0.00801138092264491,0.03986311919232314,0.06441429102483048,1.0,20,20,1.0,0.0,0.016612196693936054,0.01105658673001435,0.015974665077595727,0.008281085364692112,0.02289874903274661,0.028273614746028443,1.0,"cascade features clamp L0 = max(0, min(L_hat, 0.5*min(window))); non-zero modes coincide when L_hat >= 0.5*min(window)"
half,multiphase,0,0.1,0.005,3852.0,0.0999996544626016,0,20,0,0.0,0,0,,,,,,,,,,0,0,,,,,,,,,,,,,20,20,1.0,0.0,0.12021245211447291,0.004793644048405354,0.12198082834530496,0.11790209266340036,0.12360661824266685,0.1240391446283643,1.0,20,20,1.0,0.0,0.11744221781452832,0.0022170311208450024,0.11775121961239692,0.11654100736764655,0.11873272383142004,0.11987161290197755,1.0,"cascade features clamp L0 = max(0, min(L_hat, 0.5*min(window))); non-zero modes coincide when L_hat >= 0.5*min(window)"
half,osc_exp,0,0.1,0.005,165.0,0.09570953042125925,0,20,0,0.0,0,0,,,,,,,,,,0,0,,,,,,,,,,,,,20,20,1.0,0.0,0.03237709873706864,0.014914951249307985,0.038045418669351815,0.023071941164045782,0.043331454840391345,0.044770484169635,0.85,20,20,1.0,0.0,0.03075230638680438,0.010267986923138503,0.03447904779870353,0.02990498575078762,0.037472870523214484,0.03886322234122131,1.0,"cascade features clamp L0 = max(0, min(L_hat, 0.5*min(window))); non-zero modes coincide when L_hat >= 0.5*min(window)"
half,damped_osc_pow,0,0.1,0.005,3014.0,0.09999319502597674,0,20,0,0.0,0,0,,,,,,,,,,0,0,,,,,,,,,,,,,20,20,1.0,0.0,0.0145737619156183,0.011716786573173592,0.01236689607213639,0.00557290433678075,0.020250656755115892,0.026794557604055788,1.0,20,20,1.0,0.0,0.012989547149581702,0.007336017917099106,0.013530994330156285,0.007540243048571111,0.019045029861080563,0.0227760888090904,1.0,"cascade features clamp L0 = max(0, min(L_hat, 0.5*min(window))); non-zero modes coincide when L_hat >= 0.5*min(window)"
half,log_slow,0,0.1,0.005,50000.0,0.41863546463489004,1,20,0,0.0,0,0,,,,,,,,,,0,0,,,,,,,,,,,,,20,20,1.0,0.0,0.044542600680552186,0.02113999974079595,0.04220651099807421,0.03317096139456215,0.05662402666072744,0.07293847567128132,1.0,20,20,1.0,0.0,0.0563594701911352,0.0146090620819428,0.05958646719400468,0.04481155168855711,0.06681760528757556,0.07245352807081451,1.0,"cascade features clamp L0 = max(0, min(L_hat, 0.5*min(window))); non-zero modes coincide when L_hat >= 0.5*min(window)"
half,delayed_plateau,0,0.1,0.005,321.0,0.09926115995627992,0,20,0,0.0,0,0,,,,,,,,,,0,0,,,,,,,,,,,,,20,20,1.0,0.0,0.07099617296386414,0.01788168159233392,0.07986134425019101,0.06464152315204784,0.08400592180433523,0.08500602607348737,1.0,20,20,1.0,0.0,0.043327848548945745,0.01863664869889095,0.05030196707486646,0.030931232375095315,0.05491446093276438,0.055773483329896234,1.0,"cascade features clamp L0 = max(0, min(L_hat, 0.5*min(window))); non-zero modes coincide when L_hat >= 0.5*min(window)"
half,staircase,0,0.1,0.005,320.0,0.0,0,20,0,0.0,0,0,,,,,,,,,,0,0,,,,,,,,,,,,,20,20,1.0,0.0,0.08740888374181699,0.03727543916587539,0.10284803034443507,0.07508205922726358,0.11639817733428562,0.1190639259557015,1.0,20,20,1.0,0.0,0.05413921252072627,0.020269713755814687,0.056906721360837006,0.03744979077486413,0.0727608336614197,0.07631380483177999,1.0,"cascade features clamp L0 = max(0, min(L_hat, 0.5*min(window))); non-zero modes coincide when L_hat >= 0.5*min(window)"
half,noisy_plateau,0,0.1,0.005,137.0,0.09536916221554956,0,20,20,1.0,20,20,1.0,0.05,0.0010245357630174474,0.0009072836578193045,0.0005602039341130217,0.0004365544525160893,0.0014242225749944958,0.0021661599349251373,0.7,20,20,1.0,0.1,0.0015194849104699175,0.0013812320065429832,0.0011962115218495072,0.0005764396539452476,0.002070626301977444,0.002906934336513493,0.65,0.3,0.3,0.723821109548459,0,0,,,,,,,,,,0,0,,,,,,,,,,"cascade features clamp L0 = max(0, min(L_hat, 0.5*min(window))); non-zero modes coincide when L_hat >= 0.5*min(window)"
half,slow_osc_power,0,0.1,0.005,3483.0,0.09996889692898078,0,20,0,0.0,0,0,,,,,,,,,,0,0,,,,,,,,,,,,,20,20,1.0,0.35,0.07631829933335402,0.05834741181512815,0.06442789827436111,0.01316252261391556,0.1348570775751976,0.14229160137480037,0.35,20,20,1.0,0.05,0.04977207428048643,0.04228780992349309,0.05348228564542483,0.013364048270620505,0.06179875647883056,0.06929267004975964,0.35,"cascade features clamp L0 = max(0, min(L_hat, 0.5*min(window))); non-zero modes coincide when L_hat >= 0.5*min(window)"
half,log_oscillatory,0,0.1,0.005,50000.0,0.2992564263745022,1,20,20,1.0,20,20,1.0,0.0,0.030215015976805076,0.022404220895028616,0.023921918659819165,0.01397565430585744,0.036563017095792016,0.055401312179053225,1.0,20,20,1.0,0.0,0.15948552405144933,0.11994464829058929,0.11590346010273375,0.08078396123593672,0.18839537231476466,0.28391132021129933,0.7,0.0,0.0,4.3311750501906925,0,0,,,,,,,,,,0,0,,,,,,,,,,"cascade features clamp L0 = max(0, min(L_hat, 0.5*min(window))); non-zero modes coincide when L_hat >= 0.5*min(window)"
half,heavy_noise_plat,0,0.1,0.005,114.0,0.09071795328941246,0,20,20,1.0,20,20,1.0,0.0,0.0014033158727397143,0.0009390350087254405,0.0012469615010515978,0.0008354064395665202,0.0022899402004237,0.0026883774494178493,0.8,20,20,1.0,0.0,0.0012754459104283515,0.0010170178474050346,0.0009384114583044761,0.0006712017176142638,0.0015217858002963894,0.0028764291927624503,0.75,0.45,0.45,0.0812317793499358,0,0,,,,,,,,,,0,0,,,,,,,,,,"cascade features clamp L0 = max(0, min(L_hat, 0.5*min(window))); non-zero modes coincide when L_hat >= 0.5*min(window)"
half,broken_power_law,0,0.1,0.005,28776.0,0.09999962012267244,0,20,20,1.0,20,20,1.0,1.0,0.8075643119420292,0.015692679817055872,0.813746308279064,0.8015838826162961,0.8174265893711803,0.8189582771455901,0.0,20,20,1.0,0.0,0.07278259959523907,0.0004218943242614991,0.07273057187669885,0.07250330223094263,0.07314359139883964,0.07332463513667818,1.0,1.0,1.0,-0.910626139367699,0,0,,,,,,,,,,0,0,,,,,,,,,,"cascade features clamp L0 = max(0, min(L_hat, 0.5*min(window))); non-zero modes coincide when L_hat >= 0.5*min(window)"
half,stretched_exp,1,0.1,0.005,579.0,0.09979846505939677,0,20,0,0.0,0,0,,,,,,,,,,0,0,,,,,,,,,,,,,20,20,1.0,0.0,0.026315344421644016,0.011245721261215237,0.02994796600105768,0.01794378386274567,0.03587280305720991,0.036302318438523724,1.0,20,20,1.0,0.0,0.012574525305008258,0.007535384491366659,0.011180701646434608,0.006190960046157441,0.016586146083790245,0.020038558746947193,1.0,"cascade features clamp L0 = max(0, min(L_hat, 0.5*min(window))); non-zero modes coincide when L_hat >= 0.5*min(window)"
half,logistic_tail,1,0.1,0.005,135.0,0.09609894819901184,0,20,0,0.0,0,0,,,,,,,,,,0,0,,,,,,,,,,,,,20,20,1.0,0.0,0.13388244834438096,0.027422429596692242,0.14542151502096978,0.13334423579144913,0.14914888023588083,0.15270080105548128,0.1,20,20,1.0,0.0,0.09931023722090183,0.03438897172955723,0.114328775176551,0.09597893316764172,0.12031692887628806,0.1257467470244545,0.2,"cascade features clamp L0 = max(0, min(L_hat, 0.5*min(window))); non-zero modes coincide when L_hat >= 0.5*min(window)"
half,inv_sqrt_log,1,0.1,0.005,2929.0,0.09999046875803731,0,20,1,0.05,1,1,1.0,0.0,0.007802074112105484,,0.007802074112105484,0.007802074112105484,0.007802074112105484,0.007802074112105484,1.0,1,1,1.0,0.0,0.008420474658868915,,0.008420474658868915,0.008420474658868915,0.008420474658868915,0.008420474658868915,1.0,0.0,0.0,0.07926104493213387,19,19,1.0,0.05263157894736842,0.011514461982166815,0.011492137509210507,0.007320231326239365,0.0037328829020859336,0.012704397643391426,0.029617641022850954,0.7894736842105263,19,19,1.0,0.0,0.009606775333662587,0.014035985643490801,0.006051739172309667,0.00227630837607911,0.008247156836137894,0.019303577454675033,0.8947368421052632,"cascade features clamp L0 = max(0, min(L_hat, 0.5*min(window))); non-zero modes coincide when L_hat >= 0.5*min(window)"
half,random_knots,1,0.1,0.005,4730.0,0.09999546250252596,1,20,1,0.05,1,1,1.0,0.0,0.021725166146852506,,0.021725166146852506,0.021725166146852506,0.021725166146852506,0.021725166146852506,0.0,1,1,1.0,0.0,0.018007468634975914,,0.018007468634975914,0.018007468634975914,0.018007468634975914,0.018007468634975914,0.0,1.0,1.0,-0.17112400829280672,19,19,1.0,0.0,0.023709071385683133,0.018467168455093625,0.015083025565511006,0.012584913004455127,0.026843593305551694,0.05246126629752387,0.9473684210526315,19,19,1.0,0.0,0.02873298876093475,0.029723630633794806,0.016299065622475937,0.007349631643783147,0.04345388005108456,0.06931898706061411,1.0,"cascade features clamp L0 = max(0, min(L_hat, 0.5*min(window))); non-zero modes coincide when L_hat >= 0.5*min(window)"
half,real_boot_a,1,0.1,0.005,413.0,0.09900189826125952,0,20,0,0.0,0,0,,,,,,,,,,0,0,,,,,,,,,,,,,20,20,1.0,0.0,0.03462962649614303,0.018331025409316467,0.03425739303376527,0.026388881273083482,0.052059948695425684,0.05474208841388163,1.0,20,20,1.0,0.0,0.04829714527972499,0.012161062581930735,0.04442717788598437,0.04049197949921221,0.0569568886825485,0.06504060361807504,1.0,"cascade features clamp L0 = max(0, min(L_hat, 0.5*min(window))); non-zero modes coincide when L_hat >= 0.5*min(window)"
half,real_boot_b,1,0.1,0.005,364.0,0.09935491603410883,0,20,0,0.0,0,0,,,,,,,,,,0,0,,,,,,,,,,,,,20,20,1.0,0.0,0.006324522861561786,0.0066015098628591,0.003697179233682483,0.0018649915171498567,0.008859653907881921,0.01669008156538428,1.0,20,20,1.0,0.0,0.005536661127947688,0.003915381930136251,0.004852763166900587,0.0030227733404065648,0.007499387824849818,0.009619631629537677,1.0,"cascade features clamp L0 = max(0, min(L_hat, 0.5*min(window))); non-zero modes coincide when L_hat >= 0.5*min(window)"
half,single_exp,0,0.1,0.02,148.0,0.09827358560436156,0,20,0,0.0,0,0,,,,,,,,,,0,0,,,,,,,,,,,,,20,20,1.0,0.3,0.027721957272950442,0.010782910401455528,0.029006674656712965,0.02277545900347099,0.03444130544472748,0.039451980660769846,0.3,20,20,1.0,0.3,0.028408819245042564,0.009675243636630198,0.029802126934181744,0.022871456860232894,0.03274571631080525,0.040330208479393455,0.25,"cascade features clamp L0 = max(0, min(L_hat, 0.5*min(window))); non-zero modes coincide when L_hat >= 0.5*min(window)"
half,two_exp,0,0.1,0.02,218.0,0.09985826346226055,0,20,0,0.0,0,0,,,,,,,,,,0,0,,,,,,,,,,,,,20,20,1.0,0.0,0.024450499022820957,0.015027111796110425,0.026846489597578533,0.013277313370989807,0.03945524003516463,0.04112432255895937,1.0,20,20,1.0,0.0,0.02182967497364418,0.012572941461706585,0.023506930388072063,0.013225681179508356,0.029748281190816732,0.03338882364355255,1.0,"cascade features clamp L0 = max(0, min(L_hat, 0.5*min(window))); non-zero modes coincide when L_hat >= 0.5*min(window)"
half,three_exp,0,0.1,0.02,377.0,0.09988829507506856,0,20,0,0.0,0,0,,,,,,,,,,0,0,,,,,,,,,,,,,20,20,1.0,0.0,0.03785368390743843,0.021465347422168848,0.042782155088295054,0.026084869858413483,0.04759432317049929,0.05385537475029746,1.0,20,20,1.0,0.0,0.03646199835722251,0.022330465798683294,0.0316848445162437,0.02267019487501481,0.04508422211085859,0.058660144654402065,1.0,"cascade features clamp L0 = max(0, min(L_hat, 0.5*min(window))); non-zero modes coincide when L_hat >= 0.5*min(window)"
half,four_exp,0,0.1,0.02,631.0,0.09977805552230239,0,20,0,0.0,0,0,,,,,,,,,,0,0,,,,,,,,,,,,,20,20,1.0,0.0,0.03634369571950694,0.02288815466465735,0.034200233444074746,0.023838346261134923,0.040588036919608016,0.06059315212388262,1.0,20,20,1.0,0.0,0.05104997874207423,0.047050495949299796,0.044475497770887606,0.016460611833626425,0.06468347578469204,0.0840602659597748,0.95,"cascade features clamp L0 = max(0, min(L_hat, 0.5*min(window))); non-zero modes coincide when L_hat >= 0.5*min(window)"
half,power_law,0,0.1,0.02,2441.0,0.09997859122064488,0,20,20,1.0,20,20,1.0,0.15,0.02049362364804605,0.015424010677624984,0.018256358264439197,0.009246756472835727,0.02690350616288549,0.04353142990388279,0.65,20,20,1.0,0.1,0.017091443824512727,0.009987002822747951,0.015540711337777204,0.00985508458475059,0.020463600921065812,0.02634297383384163,0.6,0.55,0.55,-0.06798820055921519,0,0,,,,,,,,,,0,0,,,,,,,,,,"cascade features clamp L0 = max(0, min(L_hat, 0.5*min(window))); non-zero modes coincide when L_hat >= 0.5*min(window)"
half,rational_decay,0,0.1,0.02,1125.0,0.09999999999999999,0,20,0,0.0,0,0,,,,,,,,,,0,0,,,,,,,,,,,,,20,20,1.0,0.0,0.036119990269388814,0.028706710674988988,0.03611663859655127,0.012669716935137253,0.04483462023377084,0.08377882544515344,1.0,20,20,1.0,0.0,0.03085570157867291,0.02581281014829857,0.021033710668815264,0.011921066434656534,0.045651367193847894,0.06404439101360974,1.0,"cascade features clamp L0 = max(0, min(L_hat, 0.5*min(window))); non-zero modes coincide when L_hat >= 0.5*min(window)"
half,mixed_pow_rat,0,0.1,0.02,2260.0,0.09998848741275486,0,20,0,0.0,0,0,,,,,,,,,,0,0,,,,,,,,,,,,,20,20,1.0,0.0,0.03498878577037807,0.03159962080602988,0.023237089490201285,0.01086631779561388,0.051007881344050834,0.08282908199029983,0.95,20,20,1.0,0.0,0.05584327323365992,0.07370094937953149,0.025771720784887934,0.014064480444838132,0.0634712489742359,0.13482285137786404,0.85,"cascade features clamp L0 = max(0, min(L_hat, 0.5*min(window))); non-zero modes coincide when L_hat >= 0.5*min(window)"
half,multiphase,0,0.1,0.02,3852.0,0.0999996544626016,0,20,0,0.0,0,0,,,,,,,,,,0,0,,,,,,,,,,,,,20,20,1.0,0.0,0.08892903845636035,0.04475196067202473,0.10294669344836552,0.056487933451008956,0.12399257760420068,0.13467494410941688,1.0,20,20,1.0,0.0,0.09861088896019289,0.03151944599986452,0.1103412999631867,0.08813797888620443,0.11867536236658906,0.12817382772618738,1.0,"cascade features clamp L0 = max(0, min(L_hat, 0.5*min(window))); non-zero modes coincide when L_hat >= 0.5*min(window)"
half,osc_exp,0,0.1,0.02,165.0,0.09570953042125925,0,20,0,0.0,0,0,,,,,,,,,,0,0,,,,,,,,,,,,,20,20,1.0,0.0,0.03282250018390302,0.016332252277239563,0.036005665734261,0.022020977621929314,0.0425846117320842,0.04731538552446294,0.75,20,20,1.0,0.0,0.031021740264076846,0.011453025856481745,0.032716816271961394,0.02847796158409258,0.03741729225413689,0.03966682650663151,0.75,"cascade features clamp L0 = max(0, min(L_hat, 0.5*min(window))); non-zero modes coincide when L_hat >= 0.5*min(window)"
half,damped_osc_pow,0,0.1,0.02,3014.0,0.09999319502597674,0,20,16,0.8,16,16,1.0,0.0625,0.0180752378179177,0.014145049648622919,0.014314265208833332,0.007929795808858461,0.027213795313584525,0.03723853939389301,0.875,16,16,1.0,0.0625,0.02013855660914539,0.008690197309400976,0.017384879650330472,0.015399014464343365,0.02716581897185744,0.030242372286745527,0.875,0.375,0.375,0.20928522936591426,4,4,1.0,0.0,0.05505360520249086,0.05484440715466252,0.03764938927586766,0.020498349008983625,0.0722046454693749,0.10887746193618787,0.75,4,4,1.0,0.25,0.11378488369423324,0.20366195107057747,0.016668015992032548,0.011317058936970076,0.11913584074929572,0.2991161496916077,0.75,"cascade features clamp L0 = max(0, min(L_hat, 0.5*min(window))); non-zero modes coincide when L_hat >= 0.5*min(window)"
half,log_slow,0,0.1,0.02,50000.0,0.41863546463489004,1,20,19,0.95,19,19,1.0,0.0,0.06155131571906374,0.02492170100657233,0.0692140916524338,0.04268608012093632,0.08021451900687795,0.08704032446376236,0.9473684210526315,19,19,1.0,0.0,0.056861132331377635,0.02914416585645547,0.07107013046340879,0.043140775251879634,0.07606539915920983,0.08042085788555915,1.0,0.6842105263157895,0.6842105263157895,-0.11275825144627974,1,1,1.0,0.0,0.08711948327790942,,0.08711948327790942,0.08711948327790942,0.08711948327790942,0.08711948327790942,1.0,1,1,1.0,0.0,0.12645187681793588,,0.12645187681793588,0.12645187681793588,0.12645187681793588,0.12645187681793588,0.0,"cascade features clamp L0 = max(0, min(L_hat, 0.5*min(window))); non-zero modes coincide when L_hat >= 0.5*min(window)"
half,delayed_plateau,0,0.1,0.02,321.0,0.09926115995627992,0,20,0,0.0,0,0,,,,,,,,,,0,0,,,,,,,,,,,,,20,20,1.0,0.0,0.07225302049269415,0.016907558135310738,0.0804238210000302,0.06933400999250278,0.0840521329787457,0.08472964977109539,1.0,20,20,1.0,0.0,0.04015156403853361,0.01590449867888313,0.04873601851323127,0.03286824862479257,0.05170365801422291,0.053781736245599926,1.0,"cascade features clamp L0 = max(0, min(L_hat, 0.5*min(window))); non-zero modes coincide when L_hat >= 0.5*min(window)"
half,staircase,0,0.1,0.02,320.0,0.0,0,20,0,0.0,0,0,,,,,,,,,,0,0,,,,,,,,,,,,,20,20,1.0,0.0,0.08677553933829574,0.038252273331521765,0.10331242514972963,0.07131629845332083,0.115900042424996,0.11865663967434963,1.0,20,20,1.0,0.0,0.0552234798738769,0.02377555972761683,0.060878563092799654,0.04228557508255873,0.07461703496476134,0.07769384772570016,1.0,"cascade features clamp L0 = max(0, min(L_hat, 0.5*min(window))); non-zero modes coincide when L_hat >= 0.5*min(window)"
half,noisy_plateau,0,0.1,0.02,137.0,0.09536916221554956,0,20,20,1.0,20,20,1.0,0.05,0.0010356433207398981,0.000783797741700007,0.0008525976399860174,0.00045254999525294257,0.0016696124832294807,0.0020858243836025946,0.85,20,20,1.0,0.05,0.0014195954090267437,0.0009730620711637894,0.0014561541460715588,0.000464103435769506,0.002172384717383919,0.0025953900767373824,0.5,0.35,0.35,0.5190225702143698,0,0,,,,,,,,,,0,0,,,,,,,,,,"cascade features clamp L0 = max(0, min(L_hat, 0.5*min(window))); non-zero modes coincide when L_hat >= 0.5*min(window)"
half,slow_osc_power,0,0.1,0.02,3483.0,0.09996889692898078,0,20,9,0.45,9,9,1.0,0.2222222222222222,0.05381286902974192,0.060922653701288056,0.015622188979415036,0.009507320294996948,0.12543606430159351,0.133352019342591,0.5555555555555556,9,9,1.0,0.1111111111111111,0.07035897098606594,0.1265063213891979,0.01686281651671484,0.012168677029317069,0.07257594527774125,0.14567926773461032,0.6666666666666666,0.3333333333333333,0.3333333333333333,0.05274056668648943,11,11,1.0,0.36363636363636365,0.07647373034908812,0.06383271148488459,0.07730412588591672,0.014810300052730443,0.11848216716552003,0.145295236625943,0.36363636363636365,11,11,1.0,0.2727272727272727,0.0598873497493069,0.053490009757346406,0.05674707038404742,0.01444516488586444,0.07394666703079601,0.09639889637435829,0.36363636363636365,"cascade features clamp L0 = max(0, min(L_hat, 0.5*min(window))); non-zero modes coincide when L_hat >= 0.5*min(window)"
half,log_oscillatory,0,0.1,0.02,50000.0,0.2992564263745022,1,20,20,1.0,20,20,1.0,0.0,0.03842795938453779,0.03450065847117523,0.025476351603590106,0.01525793322278192,0.06452928300031999,0.08529918784726845,1.0,20,20,1.0,0.0,0.15965400653486983,0.12032417560246504,0.11529377745629532,0.08095011978531091,0.18901388407772385,0.2841291097573882,0.65,0.0,0.0,3.8045540259692054,0,0,,,,,,,,,,0,0,,,,,,,,,,"cascade features clamp L0 = max(0, min(L_hat, 0.5*min(window))); non-zero modes coincide when L_hat >= 0.5*min(window)"
half,heavy_noise_plat,0,0.1,0.02,114.0,0.09071795328941246,0,20,20,1.0,20,20,1.0,0.0,0.00465676334379092,0.004067528279200888,0.00398814290664461,0.0018898171399610469,0.005990062230578337,0.010762065700641997,0.85,20,20,1.0,0.05,0.0035055561171737663,0.0036399067440463172,0.0019386662674812094,0.0010624708607150663,0.005323207192337927,0.006346517503647173,0.9,0.5,0.5,-0.028347873238836325,0,0,,,,,,,,,,0,0,,,,,,,,,,"cascade features clamp L0 = max(0, min(L_hat, 0.5*min(window))); non-zero modes coincide when L_hat >= 0.5*min(window)"
half,broken_power_law,0,0.1,0.02,28776.0,0.09999962012267244,0,20,20,1.0,20,20,1.0,1.0,0.8026534229189697,0.033842992476811544,0.8056411846443814,0.7866030452938357,0.8260984555205306,0.8428974150129465,0.0,20,20,1.0,0.0,0.07280783048711018,0.0021732193831846157,0.07256250068164355,0.07140703677727808,0.07427770685247001,0.07509387727977686,1.0,1.0,1.0,-0.9095682927025917,0,0,,,,,,,,,,0,0,,,,,,,,,,"cascade features clamp L0 = max(0, min(L_hat, 0.5*min(window))); non-zero modes coincide when L_hat >= 0.5*min(window)"
half,stretched_exp,1,0.1,0.02,579.0,0.09979846505939677,0,20,0,0.0,0,0,,,,,,,,,,0,0,,,,,,,,,,,,,20,20,1.0,0.0,0.027932687218840284,0.011625516280343298,0.026046109714139794,0.02138587110032846,0.035591809933226345,0.03815092996970394,1.0,20,20,1.0,0.0,0.03817907949943351,0.02839021317688345,0.0416566520808626,0.01068564650738662,0.055963211288150384,0.0752959310248193,1.0,"cascade features clamp L0 = max(0, min(L_hat, 0.5*min(window))); non-zero modes coincide when L_hat >= 0.5*min(window)"
half,logistic_tail,1,0.1,0.02,135.0,0.09609894819901184,0,20,0,0.0,0,0,,,,,,,,,,0,0,,,,,,,,,,,,,20,20,1.0,0.0,0.13393632735517785,0.027361501092410853,0.14632565798935004,0.132006247183805,0.14841082798274086,0.1527986921722877,0.05,20,20,1.0,0.0,0.09896353641474696,0.035331632233038035,0.11477727998030678,0.09501791586101224,0.11926255543044795,0.125146589343079,0.2,"cascade features clamp L0 = max(0, min(L_hat, 0.5*min(window))); non-zero modes coincide when L_hat >= 0.5*min(window)"
half,inv_sqrt_log,1,0.1,0.02,2929.0,0.09999046875803731,0,20,20,1.0,20,20,1.0,0.1,0.019166774175476846,0.0216552613634514,0.009439439014016204,0.00783866246997827,0.02136875942689425,0.03586422689119673,0.6,20,20,1.0,0.15,0.02885440236110719,0.04411264324728256,0.011583020248109279,0.0028812771557952853,0.021426092891452312,0.10132429355137983,0.6,0.4,0.4,0.0851533835484624,0,0,,,,,,,,,,0,0,,,,,,,,,,"cascade features clamp L0 = max(0, min(L_hat, 0.5*min(window))); non-zero modes coincide when L_hat >= 0.5*min(window)"
half,random_knots,1,0.1,0.02,4730.0,0.09999546250252596,1,20,12,0.6,12,12,1.0,0.0,0.02141656570328082,0.019327998203639358,0.014311018096745818,0.009826445276485836,0.030525123506554834,0.038147592350684115,1.0,12,12,1.0,0.0,0.02455149323113071,0.017370678735324555,0.02484401174454674,0.010293805187765518,0.029868644067058043,0.04806530813599853,0.8333333333333334,0.5,0.5,0.13399101990096396,8,8,1.0,0.0,0.05801960110948749,0.053173132694906367,0.05012716367643662,0.013771912285070308,0.07842768391822519,0.13674437517711974,0.75,8,8,1.0,0.0,0.06629005558849022,0.06625494836747255,0.054069525708735265,0.016048038297434123,0.0766821803509131,0.14806208813588437,0.75,"cascade features clamp L0 = max(0, min(L_hat, 0.5*min(window))); non-zero modes coincide when L_hat >= 0.5*min(window)"
half,real_boot_a,1,0.1,0.02,413.0,0.09900189826125952,0,20,0,0.0,0,0,,,,,,,,,,0,0,,,,,,,,,,,,,20,20,1.0,0.0,0.04136739359443662,0.021477539054769238,0.04227267501883982,0.023738102525115948,0.05861897915154232,0.06695641349300624,1.0,20,20,1.0,0.0,0.04299365728133707,0.02396990479823651,0.03300109159471108,0.027834747041341007,0.0667675588487229,0.07282853781871995,1.0,"cascade features clamp L0 = max(0, min(L_hat, 0.5*min(window))); non-zero modes coincide when L_hat >= 0.5*min(window)"
half,real_boot_b,1,0.1,0.02,364.0,0.09935491603410883,0,20,0,0.0,0,0,,,,,,,,,,0,0,,,,,,,,,,,,,20,20,1.0,0.0,0.00548466587460147,0.005099547231094953,0.004194775626364885,0.0010527186099599769,0.009912026696064006,0.010962592821267393,1.0,20,20,1.0,0.0,0.006842813013757221,0.006716520402769788,0.005174149988630847,0.002695864995291191,0.009073848284925273,0.01126595776827323,1.0,"cascade features clamp L0 = max(0, min(L_hat, 0.5*min(window))); non-zero modes coincide when L_hat >= 0.5*min(window)"
oracle,single_exp,0,0.5,0.0,108.0,0.4867522559599715,0,20,0,0.0,0,0,,,,,,,,,,0,0,,,,,,,,,,,,,20,20,1.0,0.0,0.023131787710124824,0.00955343042604931,0.026135075822277327,0.016567553803589055,0.03293304509741804,0.033551170996315965,0.1,20,20,1.0,0.0,0.02349804222235769,0.010910728011730738,0.026550375625605933,0.015320199824788522,0.034622664090002156,0.0353423468736849,0.1,"cascade features clamp L0 = max(0, min(L_hat, 0.5*min(window))); non-zero modes coincide when L_hat >= 0.5*min(window)"
oracle,two_exp,0,0.5,0.0,129.0,0.4955914190433955,0,20,0,0.0,0,0,,,,,,,,,,0,0,,,,,,,,,,,,,20,20,1.0,0.0,0.02059987957035988,0.0127876556561067,0.02214875437279,0.011622959750028285,0.03404720855011707,0.03518379304167856,1.0,20,20,1.0,0.0,0.015511795007046515,0.009071810683158897,0.015065488342190889,0.007977590019447228,0.025532134292139918,0.02641486980630943,1.0,"cascade features clamp L0 = max(0, min(L_hat, 0.5*min(window))); non-zero modes coincide when L_hat >= 0.5*min(window)"
oracle,three_exp,0,0.5,0.0,176.0,0.49876789415554024,0,20,0,0.0,0,0,,,,,,,,,,0,0,,,,,,,,,,,,,20,20,1.0,0.0,0.021010788947032344,0.007005992436946097,0.022821234756231143,0.014898121233475177,0.027523110980169952,0.02851927348368991,1.0,20,20,1.0,0.0,0.016674494761533293,2.704438707726104e-09,0.016674493160596285,0.01667449274105285,0.0166744968356504,0.016674498270543816,1.0,"cascade features clamp L0 = max(0, min(L_hat, 0.5*min(window))); non-zero modes coincide when L_hat >= 0.5*min(window)"
oracle,four_exp,0,0.5,0.0,231.0,0.4980680166164721,0,20,0,0.0,0,0,,,,,,,,,,0,0,,,,,,,,,,,,,20,20,1.0,0.0,0.010598119795069125,0.006604991470604523,0.011388003275829228,0.004635609716494363,0.015149407727796625,0.018907357431966216,1.0,20,20,1.0,0.0,0.008724753081118686,9.555462053410015e-10,0.008724752698808014,0.00872475237943231,0.008724753329776444,0.008724754485894154,1.0,"cascade features clamp L0 = max(0, min(L_hat, 0.5*min(window))); non-zero modes coincide when L_hat >= 0.5*min(window)"
oracle,power_law,0,0.5,0.0,244.0,0.4999340482202355,0,20,0,0.0,0,0,,,,,,,,,,0,0,,,,,,,,,,,,,20,20,1.0,0.0,0.00020638961757086187,4.340228029797838e-09,0.00020639148224105633,0.0002063905629165804,0.0002063914940450759,0.00020639154640834863,1.0,20,20,1.0,0.0,0.0016197219440169976,6.761931598748241e-09,0.001619719121588977,0.0016197188116578711,0.0016197202446539046,0.0016197292816286276,1.0,"cascade features clamp L0 = max(0, min(L_hat, 0.5*min(window))); non-zero modes coincide when L_hat >= 0.5*min(window)"
oracle,rational_decay,0,0.5,0.0,205.0,0.5,0,20,0,0.0,0,0,,,,,,,,,,0,0,,,,,,,,,,,,,20,20,1.0,0.0,0.011284487982971325,0.004565895836424758,0.013049645577310517,0.008021751536582904,0.015320158011721402,0.015320158401023205,1.0,20,20,1.0,0.0,1.4037861151283692e-12,3.2178253260965494e-12,2.876865412559937e-14,1.9845236565174673e-15,1.5563245137073523e-13,4.550620991139457e-12,1.0,"cascade features clamp L0 = max(0, min(L_hat, 0.5*min(window))); non-zero modes coincide when L_hat >= 0.5*min(window)"
oracle,mixed_pow_rat,0,0.5,0.0,254.0,0.4990202976120709,0,20,0,0.0,0,0,,,,,,,,,,0,0,,,,,,,,,,,,,20,20,1.0,0.0,0.009261344155846703,0.005033623633455671,0.011776556083246105,0.003970848376912674,0.01327443491716665,0.01434607756976227,1.0,20,20,1.0,0.0,0.0038011634545149107,4.658899741288269e-10,0.0038011632294013067,0.0038011631664251755,0.0038011635773886575,0.003801164338677815,1.0,"cascade features clamp L0 = max(0, min(L_hat, 0.5*min(window))); non-zero modes coincide when L_hat >= 0.5*min(window)"
oracle,multiphase,0,0.5,0.0,504.0,0.49983903719462197,0,20,0,0.0,0,0,,,,,,,,,,0,0,,,,,,,,,,,,,20,20,1.0,0.0,0.05208180455007766,7.220063934862701e-10,0.05208180487130664,0.05208180466111053,0.05208180489177515,0.05208180490433558,1.0,20,20,1.0,0.0,0.04811051126976904,4.2360681331138374e-09,0.04811051030211949,0.04811051025332393,0.048110510339100784,0.04811051049137982,1.0,"cascade features clamp L0 = max(0, min(L_hat, 0.5*min(window))); non-zero modes coincide when L_hat >= 0.5*min(window)"
oracle,osc_exp,0,0.5,0.0,107.0,0.47832942079368884,0,20,0,0.0,0,0,,,,,,,,,,0,0,,,,,,,,,,,,,20,20,1.0,0.0,0.026104836268664,0.017037878237095322,0.02097294250156606,0.011104155175871891,0.04398468180697038,0.04646338989536799,0.55,20,20,1.0,0.0,0.022138323807737205,0.017130142156505906,0.010293279228003653,0.008365077386928862,0.04036754614920921,0.04357703259235652,0.6,"cascade features clamp L0 = max(0, min(L_hat, 0.5*min(window))); non-zero modes coincide when L_hat >= 0.5*min(window)"
oracle,damped_osc_pow,0,0.5,0.0,260.0,0.49940767513390516,0,20,0,0.0,0,0,,,,,,,,,,0,0,,,,,,,,,,,,,20,20,1.0,0.0,0.0005441426086565917,1.0336887866201422e-07,0.0005441738169548044,0.0005441726980728728,0.0005441738560496567,0.0005441740056026184,1.0,20,20,1.0,0.0,0.0030542372008197714,1.2693115804105395e-09,0.0030542366463889997,0.0030542363964676696,0.003054237399727027,0.0030542386116246475,1.0,"cascade features clamp L0 = max(0, min(L_hat, 0.5*min(window))); non-zero modes coincide when L_hat >= 0.5*min(window)"
oracle,log_slow,0,0.5,0.0,8594.0,0.49999975284240333,0,20,0,0.0,0,0,,,,,,,,,,0,0,,,,,,,,,,,,,20,20,1.0,0.0,0.012364439878633745,1.711021683665906e-08,0.012364432629086326,0.012364432244864047,0.012364433952486726,0.012364458959997323,1.0,20,20,1.0,0.0,0.044586150064724925,3.35364879687446e-09,0.04458614836837186,0.044586148044441026,0.04458615130008249,0.044586154223173864,1.0,"cascade features clamp L0 = max(0, min(L_hat, 0.5*min(window))); non-zero modes coincide when L_hat >= 0.5*min(window)"
oracle,delayed_plateau,0,0.5,0.0,160.0,0.49658484551706805,0,20,0,0.0,0,0,,,,,,,,,,0,0,,,,,,,,,,,,,20,20,1.0,0.0,0.04654280209085531,0.009171235233127682,0.05101830941827515,0.042584231632587365,0.05384600909913406,0.0544663365834024,1.0,20,20,1.0,0.0,0.024800911480663324,0.009148949494428339,0.029580062413841438,0.01954875989537791,0.03180694686349662,0.03220786218425576,1.0,"cascade features clamp L0 = max(0, min(L_hat, 0.5*min(window))); non-zero modes coincide when L_hat >= 0.5*min(window)"
oracle,staircase,0,0.5,0.0,170.0,0.2777777777777778,0,20,0,0.0,0,0,,,,,,,,,,0,0,,,,,,,,,,,,,20,20,1.0,0.0,0.11219218578108599,0.02311728842697713,0.12114326041837953,0.10206344869852008,0.1312389099017145,0.13292196296698272,0.7,20,20,1.0,0.0,0.07245088551955196,0.025540426248760607,0.08280005681224317,0.0636484546300113,0.09281222292562269,0.09450386151360521,1.0,"cascade features clamp L0 = max(0, min(L_hat, 0.5*min(window))); non-zero modes coincide when L_hat >= 0.5*min(window)"
oracle,noisy_plateau,0,0.5,0.0,104.0,0.4965853037914094,0,20,20,1.0,20,20,1.0,0.05,0.0006604758125103903,0.0005183252711711856,0.0005194249022481036,0.0002815570859175951,0.0008766546843409981,0.0013416992645315991,0.75,20,20,1.0,0.05,0.0007937559207141264,0.0007731189579539699,0.0004894242629803341,0.00031039404010645144,0.0012337676027737252,0.0015729746668603703,0.85,0.45,0.45,0.2595550498841104,0,0,,,,,,,,,,0,0,,,,,,,,,,"cascade features clamp L0 = max(0, min(L_hat, 0.5*min(window))); non-zero modes coincide when L_hat >= 0.5*min(window)"
oracle,slow_osc_power,0,0.5,0.0,415.0,0.49840630355024784,0,20,0,0.0,0,0,,,,,,,,,,0,0,,,,,,,,,,,,,20,20,1.0,0.2,0.044530052131005554,0.02532665334454674,0.042455887641447934,0.015873969024944062,0.06849628065009436,0.07306312740175719,0.1,20,20,1.0,0.0,0.04040378562137085,0.01905480851891596,0.05318571742895227,0.01645162494543278,0.05540209020287686,0.055402256017089466,0.1,"cascade features clamp L0 = max(0, min(L_hat, 0.5*min(window))); non-zero modes coincide when L_hat >= 0.5*min(window)"
oracle,log_oscillatory,0,0.5,0.0,533.0,0.49841524754235217,0,20,20,1.0,20,20,1.0,0.0,0.020862333295782885,0.0037680950912120713,0.021726588633422736,0.018576901293318668,0.023917084066748518,0.024151453278850418,1.0,20,20,1.0,0.0,0.06193831731938628,0.02979451466169751,0.05275240559717211,0.039705220134129124,0.07530577517986273,0.0983121782511087,0.9,0.0,0.0,1.428270273057517,0,0,,,,,,,,,,0,0,,,,,,,,,,"cascade features clamp L0 = max(0, min(L_hat, 0.5*min(window))); non-zero modes coincide when L_hat >= 0.5*min(window)"
oracle,heavy_noise_plat,0,0.5,0.0,97.0,0.49658530379140886,0,20,20,1.0,20,20,1.0,0.1,0.0010659090291307283,0.0007659685340888374,0.00104494481113426,0.0004555772254510766,0.0013085709309796738,0.002021513881903782,0.65,20,20,1.0,0.05,0.0011384586515817067,0.0008230637409756963,0.0010020459908923526,0.0005127693520140817,0.0015925051362074153,0.0019252693024571841,0.6,0.3,0.3,0.14567555381985547,0,0,,,,,,,,,,0,0,,,,,,,,,,"cascade features clamp L0 = max(0, min(L_hat, 0.5*min(window))); non-zero modes coincide when L_hat >= 0.5*min(window)"
oracle,broken_power_law,0,0.5,0.0,514.0,0.49991211917454004,0,20,20,1.0,20,20,1.0,0.0,0.3232138189923538,0.0028287526102331526,0.32464377866707617,0.32189951336297695,0.3250359339693955,0.3250712376111647,0.0,20,20,1.0,0.0,0.02027330433808405,2.7695300441309075e-10,0.020273304244272164,0.020273304135412337,0.020273304446938728,0.020273304540260186,1.0,1.0,1.0,-0.9375521381262504,0,0,,,,,,,,,,0,0,,,,,,,,,,"cascade features clamp L0 = max(0, min(L_hat, 0.5*min(window))); non-zero modes coincide when L_hat >= 0.5*min(window)"
oracle,stretched_exp,1,0.5,0.0,193.0,0.49828241532615414,0,20,0,0.0,0,0,,,,,,,,,,0,0,,,,,,,,,,,,,20,20,1.0,0.0,0.01367841290936827,0.00939890505179301,0.015896589607223455,0.004091360545747477,0.022791815387629772,0.024406377202690517,1.0,20,20,1.0,0.0,0.0042464133406803165,0.0009611192860516058,0.0037942529173651263,0.003794252472816999,0.0037954265877033523,0.00619024235717956,1.0,"cascade features clamp L0 = max(0, min(L_hat, 0.5*min(window))); non-zero modes coincide when L_hat >= 0.5*min(window)"
oracle,logistic_tail,1,0.5,0.0,105.0,0.47748855939048196,0,20,0,0.0,0,0,,,,,,,,,,0,0,,,,,,,,,,,,,20,20,1.0,0.0,0.13453247481504635,0.020458047029421052,0.1429910490368512,0.13379007379559676,0.14620170950577704,0.14916300992181805,0.0,20,20,1.0,0.0,0.1055854425102029,0.028556840167984758,0.11773862940008074,0.10352106484017841,0.12263554558324777,0.12711968296826562,0.1,"cascade features clamp L0 = max(0, min(L_hat, 0.5*min(window))); non-zero modes coincide when L_hat >= 0.5*min(window)"
oracle,inv_sqrt_log,1,0.5,0.0,245.0,0.4997783934707863,0,20,1,0.05,1,1,1.0,0.0,0.00018812598613160425,,0.00018812598613160425,0.00018812598613160425,0.00018812598613160425,0.00018812598613160425,1.0,1,1,1.0,0.0,0.0009660160661555395,,0.0009660160661555395,0.0009660160661555395,0.0009660160661555395,0.0009660160661555395,1.0,0.0,0.0,4.134942205590669,19,19,1.0,0.0,0.00018814075322696767,5.2154042122185964e-08,0.00018812681894900263,0.00018812669220654062,0.0001881268422820534,0.0001881365944470352,1.0,19,19,1.0,0.0,0.0009659897219220061,3.8053396401873805e-09,0.0009659885564331505,0.0009659878362917595,0.0009659899888286895,0.00096599163625316,1.0,"cascade features clamp L0 = max(0, min(L_hat, 0.5*min(window))); non-zero modes coincide when L_hat >= 0.5*min(window)"
oracle,random_knots,1,0.5,0.0,314.5,0.49936083587279756,0,20,0,0.0,0,0,,,,,,,,,,0,0,,,,,,,,,,,,,20,20,1.0,0.0,0.007111081889865975,0.0074482249808172606,0.003176156553810622,0.0022144703107293447,0.013787914528339596,0.017722665254632765,1.0,20,20,1.0,0.0,0.00886332242521094,0.0106609390259527,0.004602856551915498,0.0025666909613219213,0.009522289982112183,0.022718598487596157,1.0,"cascade features clamp L0 = max(0, min(L_hat, 0.5*min(window))); non-zero modes coincide when L_hat >= 0.5*min(window)"
oracle,real_boot_a,1,0.5,0.0,203.0,0.49951204685092926,0,20,0,0.0,0,0,,,,,,,,,,0,0,,,,,,,,,,,,,20,20,1.0,0.0,0.014301943536356766,0.008175052937866427,0.013079115551740753,0.007184996229292952,0.0234207557238509,0.023788923041061057,1.0,20,20,1.0,0.0,0.01629138715406326,2.1617874096871314e-09,0.01629138641666021,0.016291385706059387,0.016291387146637082,0.01629139024984811,1.0,"cascade features clamp L0 = max(0, min(L_hat, 0.5*min(window))); non-zero modes coincide when L_hat >= 0.5*min(window)"
oracle,real_boot_b,1,0.5,0.0,172.0,0.496916665259355,0,20,0,0.0,0,0,,,,,,,,,,0,0,,,,,,,,,,,,,20,20,1.0,0.0,0.004401231460844233,0.0010834491341997466,0.004928688889505286,0.00487012974635319,0.0049286890370563476,0.004928691918124967,1.0,20,20,1.0,0.0,0.005555527665645851,0.002025286444411543,0.006736013799353277,0.005169751709053623,0.006736013914633493,0.006736014129180402,1.0,"cascade features clamp L0 = max(0, min(L_hat, 0.5*min(window))); non-zero modes coincide when L_hat >= 0.5*min(window)"
oracle,single_exp,0,0.5,0.005,108.0,0.4867522559599715,0,20,0,0.0,0,0,,,,,,,,,,0,0,,,,,,,,,,,,,20,20,1.0,0.1,0.023053039841507687,0.009679623352931908,0.02604366077356759,0.01573034079078125,0.03307548989654786,0.033580549333345776,0.05,20,20,1.0,0.1,0.023403338323184232,0.011076810056844973,0.026451097485286804,0.015084803980307482,0.034734261315803,0.03535684966696249,0.1,"cascade features clamp L0 = max(0, min(L_hat, 0.5*min(window))); non-zero modes coincide when L_hat >= 0.5*min(window)"
oracle,two_exp,0,0.5,0.005,129.0,0.4955914190433955,0,20,0,0.0,0,0,,,,,,,,,,0,0,,,,,,,,,,,,,20,20,1.0,0.0,0.020593887156343083,0.012803240062363996,0.022755810738263833,0.010726634802014814,0.03396956214650239,0.03526946342041594,1.0,20,20,1.0,0.0,0.015225095487794651,0.009649725920240928,0.015335851812122415,0.0065172085635369775,0.025576935236167078,0.026625573202277982,1.0,"cascade features clamp L0 = max(0, min(L_hat, 0.5*min(window))); non-zero modes coincide when L_hat >= 0.5*min(window)"
oracle,three_exp,0,0.5,0.005,176.0,0.49876789415554024,0,20,0,0.0,0,0,,,,,,,,,,0,0,,,,,,,,,,,,,20,20,1.0,0.0,0.022004312088279274,0.006038799546109359,0.021991279513597042,0.01660326084638488,0.027815555652286203,0.0290507385661909,1.0,20,20,1.0,0.0,0.016589723008533945,0.007558324712422694,0.018285236707235253,0.012488746674404735,0.022670504624620932,0.023908533895463338,1.0,"cascade features clamp L0 = max(0, min(L_hat, 0.5*min(window))); non-zero modes coincide when L_hat >= 0.5*min(window)"
oracle,four_exp,0,0.5,0.005,231.0,0.4980680166164721,0,20,0,0.0,0,0,,,,,,,,,,0,0,,,,,,,,,,,,,20,20,1.0,0.0,0.011804795380118999,0.007011792556870864,0.012377200902554841,0.005293085871379562,0.015614264402979132,0.02201902521971989,1.0,20,20,1.0,0.0,0.011138750687787028,0.008133099925359615,0.010395059342732688,0.0040371825178064855,0.014784915198310225,0.020490529682613487,1.0,"cascade features clamp L0 = max(0, min(L_hat, 0.5*min(window))); non-zero modes coincide when L_hat >= 0.5*min(window)"
oracle,power_law,0,0.5,0.005,244.0,0.4999340482202355,0,20,0,0.0,0,0,,,,,,,,,,0,0,,,,,,,,,,,,,20,20,1.0,0.0,0.004253855967172597,0.004120190468989103,0.0027700477684094917,0.002167202150359558,0.0059455468959205265,0.007047052136553152,0.95,20,20,1.0,0.0,0.004010593020936477,0.0026702071429675553,0.0031995134188518674,0.0021763460325336034,0.005942489328748823,0.006647402589031385,0.95,"cascade features clamp L0 = max(0, min(L_hat, 0.5*min(window))); non-zero modes coincide when L_hat >= 0.5*min(window)"
oracle,rational_decay,0,0.5,0.005,205.0,0.5,0,20,0,0.0,0,0,,,,,,,,,,0,0,,,,,,,,,,,,,20,20,1.0,0.0,0.011479407432065608,0.005017833581014563,0.011551151765646424,0.008282197837213498,0.015023004570313973,0.017177140331523743,1.0,20,20,1.0,0.0,0.0061434570697265056,0.004777716441798796,0.005224400465160713,0.002593167705936192,0.0103618974796362,0.012235454282877681,1.0,"cascade features clamp L0 = max(0, min(L_hat, 0.5*min(window))); non-zero modes coincide when L_hat >= 0.5*min(window)"
oracle,mixed_pow_rat,0,0.5,0.005,254.0,0.4990202976120709,0,20,0,0.0,0,0,,,,,,,,,,0,0,,,,,,,,,,,,,20,20,1.0,0.0,0.009065659253866255,0.004476671364189891,0.010731253725218735,0.005379329630212114,0.012865871538077927,0.013701968027508931,1.0,20,20,1.0,0.0,0.006869333232029706,0.004397866545345481,0.0061163557372271304,0.003290534758826607,0.010015430229713372,0.011123614250759698,1.0,"cascade features clamp L0 = max(0, min(L_hat, 0.5*min(window))); non-zero modes coincide when L_hat >= 0.5*min(window)"
oracle,multiphase,0,0.5,0.005,504.0,0.49983903719462197,0,20,0,0.0,0,0,,,,,,,,,,0,0,,,,,,,,,,,,,20,20,1.0,0.0,0.0502721196446411,0.0034215371711471807,0.05134685096074211,0.04796389082807323,0.05283509529952112,0.053250727780048766,1.0,20,20,1.0,0.0,0.04764821545843817,0.0020014748474711137,0.047902390154446854,0.0467885104081413,0.04893380962309439,0.049737815602986006,1.0,"cascade features clamp L0 = max(0, min(L_hat, 0.5*min(window))); non-zero modes coincide when L_hat >= 0.5*min(window)"
oracle,osc_exp,0,0.5,0.005,107.0,0.47832942079368884,0,20,0,0.0,0,0,,,,,,,,,,0,0,,,,,,,,,,,,,20,20,1.0,0.0,0.025970519113646274,0.017147792714305093,0.020264875949927347,0.010396240131093512,0.04420003493454017,0.04621285040366187,0.45,20,20,1.0,0.0,0.022089294082832493,0.01717985124815603,0.010684448109961948,0.007578532149690648,0.0404696361687648,0.04334910104178031,0.6,"cascade features clamp L0 = max(0, min(L_hat, 0.5*min(window))); non-zero modes coincide when L_hat >= 0.5*min(window)"
oracle,damped_osc_pow,0,0.5,0.005,260.0,0.49940767513390516,0,20,0,0.0,0,0,,,,,,,,,,0,0,,,,,,,,,,,,,20,20,1.0,0.0,0.005990739067531641,0.004402824618547737,0.005575082690687367,0.002161712859785842,0.008741920670952717,0.01193788618308045,1.0,20,20,1.0,0.0,0.006734247846189473,0.00310563215995802,0.006132354046761315,0.004296319975036215,0.0090468305569907,0.011246782807117295,1.0,"cascade features clamp L0 = max(0, min(L_hat, 0.5*min(window))); non-zero modes coincide when L_hat >= 0.5*min(window)"
oracle,log_slow,0,0.5,0.005,8594.0,0.49999975284240333,0,20,0,0.0,0,0,,,,,,,,,,0,0,,,,,,,,,,,,,20,20,1.0,0.0,0.03482874466784007,0.016588112405393665,0.033828500096641706,0.024616820334202986,0.043597545411564936,0.05826557394476745,1.0,20,20,1.0,0.0,0.04252057472710376,0.014372241910301313,0.04566930228466162,0.03114517844253594,0.05280447366110072,0.05839336904908776,1.0,"cascade features clamp L0 = max(0, min(L_hat, 0.5*min(window))); non-zero modes coincide when L_hat >= 0.5*min(window)"
oracle,delayed_plateau,0,0.5,0.005,160.0,0.49658484551706805,0,20,0,0.0,0,0,,,,,,,,,,0,0,,,,,,,,,,,,,20,20,1.0,0.0,0.046367768318149837,0.009218900018529754,0.0507999334340756,0.041850851259350105,0.0535836499136813,0.05437962109588659,1.0,20,20,1.0,0.0,0.024882967835269047,0.00957735135820487,0.029278823463563794,0.01864785373346401,0.03228973609716232,0.033102034731809324,1.0,"cascade features clamp L0 = max(0, min(L_hat, 0.5*min(window))); non-zero modes coincide when L_hat >= 0.5*min(window)"
oracle,staircase,0,0.5,0.005,170.0,0.2777777777777778,0,20,0,0.0,0,0,,,,,,,,,,0,0,,,,,,,,,,,,,20,20,1.0,0.0,0.11183840908016192,0.023530280108759093,0.12140744092491629,0.1024032200798375,0.13044787156804005,0.13250678547609857,0.65,20,20,1.0,0.0,0.07287310938822908,0.024575112739432723,0.08300483452507901,0.06387518293663941,0.09161312532917494,0.09444852417593776,1.0,"cascade features clamp L0 = max(0, min(L_hat, 0.5*min(window))); non-zero modes coincide when L_hat >= 0.5*min(window)"
oracle,noisy_plateau,0,0.5,0.005,104.0,0.4965853037914094,0,20,20,1.0,20,20,1.0,0.05,0.0006943258672213712,0.0005267700851869943,0.000585615554555172,0.00036742752785424385,0.0008463689159143549,0.0013126716204214794,0.75,20,20,1.0,0.05,0.0008944651202603887,0.0006932740541128545,0.0007118405490245203,0.000419613991445085,0.0012679338860988598,0.0015842852681430077,0.75,0.3,0.3,0.48234187147920493,0,0,,,,,,,,,,0,0,,,,,,,,,,"cascade features clamp L0 = max(0, min(L_hat, 0.5*min(window))); non-zero modes coincide when L_hat >= 0.5*min(window)"
oracle,slow_osc_power,0,0.5,0.005,415.0,0.49840630355024784,0,20,0,0.0,0,0,,,,,,,,,,0,0,,,,,,,,,,,,,20,20,1.0,0.15,0.04354812030940149,0.024515411803661482,0.042645387023882306,0.016029975496401297,0.06876731848760276,0.0703734545214337,0.15,20,20,1.0,0.2,0.041068443772381634,0.025842405915337062,0.04528745795810314,0.01652905329214022,0.05100182325426812,0.05580809758394533,0.15,"cascade features clamp L0 = max(0, min(L_hat, 0.5*min(window))); non-zero modes coincide when L_hat >= 0.5*min(window)"
oracle,log_oscillatory,0,0.5,0.005,533.0,0.49841524754235217,0,20,20,1.0,20,20,1.0,0.0,0.020696182869154495,0.00512818355106013,0.022252189327885058,0.017820347215509763,0.024706545027874272,0.02607871177236386,1.0,20,20,1.0,0.0,0.06215617768622618,0.030925273330959784,0.05250465706591146,0.03976122824390025,0.07145285806560339,0.09520975023072716,0.9,0.0,0.0,1.3159918544651177,0,0,,,,,,,,,,0,0,,,,,,,,,,"cascade features clamp L0 = max(0, min(L_hat, 0.5*min(window))); non-zero modes coincide when L_hat >= 0.5*min(window)"
oracle,heavy_noise_plat,0,0.5,0.005,97.0,0.49658530379140886,0,20,20,1.0,20,20,1.0,0.0,0.001247744530506821,0.0008218473801859044,0.001173202094711035,0.0006339639634790205,0.0019023108552357337,0.0024610644142035423,0.8,20,20,1.0,0.0,0.0010816571467277207,0.0008465111983986483,0.0008993885218374987,0.00047782407558338586,0.0013556244778112436,0.0024376262143594386,0.85,0.5,0.5,-0.003278030557462931,0,0,,,,,,,,,,0,0,,,,,,,,,,"cascade features clamp L0 = max(0, min(L_hat, 0.5*min(window))); non-zero modes coincide when L_hat >= 0.5*min(window)"
oracle,broken_power_law,0,0.5,0.005,514.0,0.49991211917454004,0,20,20,1.0,20,20,1.0,0.3,0.3242164619323334,0.0026620053858204982,0.3244395408189691,0.3226444846937131,0.3257445369463091,0.32758831478594463,0.0,20,20,1.0,0.0,0.020127745100528182,0.00042189243223608177,0.02007571846953314,0.019848448899363765,0.020488738127293543,0.020669779519381926,1.0,1.0,1.0,-0.9379578728934208,0,0,,,,,,,,,,0,0,,,,,,,,,,"cascade features clamp L0 = max(0, min(L_hat, 0.5*min(window))); non-zero modes coincide when L_hat >= 0.5*min(window)"
oracle,stretched_exp,1,0.5,0.005,193.0,0.49828241532615414,0,20,0,0.0,0,0,,,,,,,,,,0,0,,,,,,,,,,,,,20,20,1.0,0.0,0.013909792765683524,0.00951420317536981,0.016563974896271233,0.004975553031578608,0.022640756175317887,0.024627658707997907,1.0,20,20,1.0,0.0,0.006346141795851151,0.0039509825551027325,0.005708949676856978,0.0037221219603241346,0.007837204937083717,0.010575779235924008,1.0,"cascade features clamp L0 = max(0, min(L_hat, 0.5*min(window))); non-zero modes coincide when L_hat >= 0.5*min(window)"
oracle,logistic_tail,1,0.5,0.005,105.0,0.47748855939048196,0,20,0,0.0,0,0,,,,,,,,,,0,0,,,,,,,,,,,,,20,20,1.0,0.0,0.1345707447769541,0.020397521846705555,0.1432304095463417,0.1341143793704046,0.14594923265537987,0.14846987800191805,0.0,20,20,1.0,0.0,0.10561602890684327,0.028513829371403045,0.11791840605636326,0.10378601159109424,0.12236098817177694,0.12652039573721174,0.1,"cascade features clamp L0 = max(0, min(L_hat, 0.5*min(window))); non-zero modes coincide when L_hat >= 0.5*min(window)"
oracle,inv_sqrt_log,1,0.5,0.005,245.0,0.4997783934707863,0,20,1,0.05,1,1,1.0,0.0,0.004009581448411348,,0.004009581448411348,0.004009581448411348,0.004009581448411348,0.004009581448411348,1.0,1,1,1.0,0.0,0.004272144447557635,,0.004272144447557635,0.004272144447557635,0.004272144447557635,0.004272144447557635,1.0,0.0,0.0,0.0654838921529624,19,19,1.0,0.0,0.004078149396476029,0.0029248449448484506,0.003437634642976445,0.001953690632609561,0.005424160315253291,0.0076800903049960186,0.8421052631578947,19,19,1.0,0.0,0.00455893515377644,0.005078683747764281,0.0024947338541491393,0.0019069049264786673,0.00481635433069048,0.00984854796601689,0.8947368421052632,"cascade features clamp L0 = max(0, min(L_hat, 0.5*min(window))); non-zero modes coincide when L_hat >= 0.5*min(window)"
oracle,random_knots,1,0.5,0.005,314.5,0.49936083587279756,0,20,1,0.05,1,1,1.0,0.0,0.01201671655098658,,0.01201671655098658,0.01201671655098658,0.01201671655098658,0.01201671655098658,0.0,1,1,1.0,0.0,0.009277911721526491,,0.009277911721526491,0.009277911721526491,0.009277911721526491,0.009277911721526491,0.0,1.0,1.0,-0.22791623800390223,19,19,1.0,0.0,0.010583357866841406,0.009188556475052245,0.0066565482805960065,0.00522388921127806,0.011427561733044923,0.021821116198283225,0.9473684210526315,19,19,1.0,0.0,0.012170525337637584,0.012650161100145755,0.008288541903107419,0.0032479323532110145,0.01468944273831694,0.029061312059820515,1.0,"cascade features clamp L0 = max(0, min(L_hat, 0.5*min(window))); non-zero modes coincide when L_hat >= 0.5*min(window)"
oracle,real_boot_a,1,0.5,0.005,203.0,0.49951204685092926,0,20,0,0.0,0,0,,,,,,,,,,0,0,,,,,,,,,,,,,20,20,1.0,0.0,0.014059109105502333,0.008568490810488577,0.013022073114272545,0.008439657355546158,0.022132447408360546,0.024324193620158183,1.0,20,20,1.0,0.0,0.015981035883699108,0.007304654981565178,0.013292735960927476,0.011157085065867666,0.021012810174432194,0.026094436387878863,1.0,"cascade features clamp L0 = max(0, min(L_hat, 0.5*min(window))); non-zero modes coincide when L_hat >= 0.5*min(window)"
oracle,real_boot_b,1,0.5,0.005,172.0,0.496916665259355,0,20,0,0.0,0,0,,,,,,,,,,0,0,,,,,,,,,,,,,20,20,1.0,0.0,0.006547916468118209,0.003617978634749701,0.006008697959164852,0.004164835140493706,0.008518732450479485,0.010926117956266556,1.0,20,20,1.0,0.0,0.006445996034397804,0.0030852338197109386,0.006638823346844184,0.005192228416750889,0.007955657205890877,0.01015621642971324,1.0,"cascade features clamp L0 = max(0, min(L_hat, 0.5*min(window))); non-zero modes coincide when L_hat >= 0.5*min(window)"
oracle,single_exp,0,0.5,0.02,108.0,0.4867522559599715,0,20,0,0.0,0,0,,,,,,,,,,0,0,,,,,,,,,,,,,20,20,1.0,0.1,0.02379608980911021,0.009928177586982338,0.023877748982051583,0.01632390139364231,0.03231835869447228,0.035354736661426064,0.25,20,20,1.0,0.1,0.024273924600995672,0.01138552177825503,0.02548595404706551,0.015734818295384048,0.0340476687594803,0.0367805908063399,0.25,"cascade features clamp L0 = max(0, min(L_hat, 0.5*min(window))); non-zero modes coincide when L_hat >= 0.5*min(window)"
oracle,two_exp,0,0.5,0.02,129.0,0.4955914190433955,0,20,0,0.0,0,0,,,,,,,,,,0,0,,,,,,,,,,,,,20,20,1.0,0.0,0.021034184256378385,0.012819832578910327,0.022222260504217224,0.010132468630298971,0.033733567049559626,0.035448117355373954,0.95,20,20,1.0,0.0,0.016371787076052125,0.009512582871122447,0.01641818651898698,0.009258549947444981,0.02533720937066733,0.02798497250923681,0.95,"cascade features clamp L0 = max(0, min(L_hat, 0.5*min(window))); non-zero modes coincide when L_hat >= 0.5*min(window)"
oracle,three_exp,0,0.5,0.02,176.0,0.49876789415554024,0,20,0,0.0,0,0,,,,,,,,,,0,0,,,,,,,,,,,,,20,20,1.0,0.0,0.0236854573151221,0.011548502363725371,0.025166533904455467,0.01690051672623013,0.029206519958143863,0.03208504341467182,1.0,20,20,1.0,0.0,0.018055062232873544,0.01225492212795802,0.015136009068246171,0.009167659547872735,0.02445834857900226,0.029228865710376955,1.0,"cascade features clamp L0 = max(0, min(L_hat, 0.5*min(window))); non-zero modes coincide when L_hat >= 0.5*min(window)"
oracle,four_exp,0,0.5,0.02,231.0,0.4980680166164721,0,20,0,0.0,0,0,,,,,,,,,,0,0,,,,,,,,,,,,,20,20,1.0,0.0,0.01788718147521894,0.012455594627269882,0.01729939771989908,0.009769405991981263,0.020590278155299246,0.030701861287433355,1.0,20,20,1.0,0.0,0.024563756347061177,0.021627360845656977,0.019486279077730387,0.010495503170621426,0.031852841133250535,0.042261950382306616,0.95,"cascade features clamp L0 = max(0, min(L_hat, 0.5*min(window))); non-zero modes coincide when L_hat >= 0.5*min(window)"
oracle,power_law,0,0.5,0.02,244.0,0.4999340482202355,0,20,20,1.0,20,20,1.0,0.1,0.008330062987421113,0.005644021785378682,0.007492282045414949,0.0033085576339572974,0.013594899981548211,0.016015243854610058,0.75,20,20,1.0,0.05,0.009920214379208744,0.004956644662646931,0.009658758961130845,0.006498422988378496,0.011632094276863713,0.01569070968879197,0.65,0.45,0.45,0.3435966203410841,0,0,,,,,,,,,,0,0,,,,,,,,,,"cascade features clamp L0 = max(0, min(L_hat, 0.5*min(window))); non-zero modes coincide when L_hat >= 0.5*min(window)"
oracle,rational_decay,0,0.5,0.02,205.0,0.5,0,20,0,0.0,0,0,,,,,,,,,,0,0,,,,,,,,,,,,,20,20,1.0,0.0,0.012569736546269094,0.009058691139700552,0.008456223103579297,0.004736315613378353,0.019120320242342552,0.02334730081117073,1.0,20,20,1.0,0.0,0.014916393545152517,0.013427096030740085,0.011252740736145073,0.004163682623459217,0.02374855052684635,0.035423867598730424,1.0,"cascade features clamp L0 = max(0, min(L_hat, 0.5*min(window))); non-zero modes coincide when L_hat >= 0.5*min(window)"
oracle,mixed_pow_rat,0,0.5,0.02,254.0,0.4990202976120709,0,20,0,0.0,0,0,,,,,,,,,,0,0,,,,,,,,,,,,,20,20,1.0,0.0,0.015270340388237278,0.01253485441757491,0.013449723554984916,0.007039181845688185,0.0217127419416431,0.029598401349409862,0.95,20,20,1.0,0.0,0.02455797452243471,0.02840606811924306,0.015903766781584616,0.004536558418109203,0.029773010466321255,0.05782488129121038,0.8,"cascade features clamp L0 = max(0, min(L_hat, 0.5*min(window))); non-zero modes coincide when L_hat >= 0.5*min(window)"
oracle,multiphase,0,0.5,0.02,504.0,0.49983903719462197,0,20,0,0.0,0,0,,,,,,,,,,0,0,,,,,,,,,,,,,20,20,1.0,0.0,0.037351137574455844,0.020907526860616612,0.03959452013514407,0.019937871128610018,0.052788386434631185,0.062446324563662205,1.0,20,20,1.0,0.0,0.03748165790992376,0.01649340109288736,0.041529728601810145,0.02274643428796011,0.04849812949841084,0.05742734009597125,1.0,"cascade features clamp L0 = max(0, min(L_hat, 0.5*min(window))); non-zero modes coincide when L_hat >= 0.5*min(window)"
oracle,osc_exp,0,0.5,0.02,107.0,0.47832942079368884,0,20,0,0.0,0,0,,,,,,,,,,0,0,,,,,,,,,,,,,20,20,1.0,0.05,0.02629796541285742,0.01574096703706095,0.021605048429578097,0.012884302367358505,0.0420243887839208,0.04647112584671363,0.65,20,20,1.0,0.05,0.02214351452088807,0.01628036734548613,0.01614364423272302,0.0080218718502586,0.03891444373416569,0.04355191133532456,0.7,"cascade features clamp L0 = max(0, min(L_hat, 0.5*min(window))); non-zero modes coincide when L_hat >= 0.5*min(window)"
oracle,damped_osc_pow,0,0.5,0.02,260.0,0.49940767513390516,0,20,16,0.8,16,16,1.0,0.0,0.008870572133957404,0.0077269827536126205,0.006631645597710203,0.002796034023259463,0.011173609031101855,0.019705317869030996,0.9375,16,16,1.0,0.0,0.00994490778700922,0.005271059634048412,0.00797797556457494,0.0061843575702793755,0.012405413851330394,0.016777292575144518,0.9375,0.5,0.5,0.04633799260199564,4,4,1.0,0.25,0.019001797064929868,0.0173345862513083,0.017271578173505116,0.006931762253601505,0.029341612984833478,0.03575390164309533,0.75,4,4,1.0,0.25,0.03589181158601745,0.05281140112794321,0.012759298122150799,0.005702819751378006,0.042948289956790245,0.08585464598864342,0.75,"cascade features clamp L0 = max(0, min(L_hat, 0.5*min(window))); non-zero modes coincide when L_hat >= 0.5*min(window)"
oracle,log_slow,0,0.5,0.02,8594.0,0.49999975284240333,0,20,19,0.95,19,19,1.0,0.0,0.0476156421271693,0.02077940759228469,0.045645093830421424,0.03438896490091595,0.06599181952201347,0.07035352147651643,1.0,19,19,1.0,0.0,0.05188747449948424,0.026753244587073476,0.05778815973630923,0.0358241444987427,0.0678864915598461,0.08561709028214255,0.8947368421052632,0.5789473684210527,0.5789473684210527,-0.06760782859484803,1,1,1.0,0.0,0.07357993667161934,,0.07357993667161934,0.07357993667161934,0.07357993667161934,0.07357993667161934,0.0,1,1,1.0,0.0,0.13546401319203735,,0.13546401319203735,0.13546401319203735,0.13546401319203735,0.13546401319203735,0.0,"cascade features clamp L0 = max(0, min(L_hat, 0.5*min(window))); non-zero modes coincide when L_hat >= 0.5*min(window)"
oracle,delayed_plateau,0,0.5,0.02,160.0,0.49658484551706805,0,20,0,0.0,0,0,,,,,,,,,,0,0,,,,,,,,,,,,,20,20,1.0,0.0,0.04745742012458472,0.009006279328700411,0.05171109324010546,0.04417568566773091,0.053258881619082876,0.05384436605872185,1.0,20,20,1.0,0.0,0.02353140730045899,0.008427257306613414,0.026909142548469767,0.01951907409578641,0.028970417646247942,0.0317740079917359,1.0,"cascade features clamp L0 = max(0, min(L_hat, 0.5*min(window))); non-zero modes coincide when L_hat >= 0.5*min(window)"
oracle,staircase,0,0.5,0.02,170.0,0.2777777777777778,0,20,0,0.0,0,0,,,,,,,,,,0,0,,,,,,,,,,,,,20,20,1.0,0.0,0.1112550930549322,0.024462664284410324,0.12201758454932832,0.0979361294381246,0.12936773919962657,0.13254131788222245,0.65,20,20,1.0,0.0,0.07259469419037354,0.02594895254222446,0.08218098994808745,0.06397409903098816,0.09209327823486618,0.09407193399203632,0.9,"cascade features clamp L0 = max(0, min(L_hat, 0.5*min(window))); non-zero modes coincide when L_hat >= 0.5*min(window)"
oracle,noisy_plateau,0,0.5,0.02,104.0,0.4965853037914094,0,20,20,1.0,20,20,1.0,0.05,0.0007504896949270334,0.0004961439756595954,0.0006883646941062797,0.00038628101429196045,0.0010895076976430102,0.001452279665901083,0.9,20,20,1.0,0.05,0.0009038081600674271,0.0005912091686162272,0.0007930078050408657,0.0005276066783330008,0.0012843142395895942,0.0018345540829100477,0.75,0.45,0.45,0.2918773528772427,0,0,,,,,,,,,,0,0,,,,,,,,,,"cascade features clamp L0 = max(0, min(L_hat, 0.5*min(window))); non-zero modes coincide when L_hat >= 0.5*min(window)"
oracle,slow_osc_power,0,0.5,0.02,415.0,0.49840630355024784,0,20,9,0.45,9,9,1.0,0.3333333333333333,0.030920547551663118,0.025140938914769366,0.01529887867463892,0.011030459135128859,0.058652526572780306,0.06451456530697217,0.2222222222222222,9,9,1.0,0.3333333333333333,0.04355195456333469,0.0549297555783231,0.01816058025910259,0.014645453990679472,0.056210460996020534,0.0847854343517018,0.2222222222222222,0.2222222222222222,0.2222222222222222,0.09311668930396813,11,11,1.0,0.36363636363636365,0.04660447019532243,0.02957763001054567,0.04867192497369896,0.018096957865293306,0.06868568990590977,0.07009245959917404,0.2727272727272727,11,11,1.0,0.45454545454545453,0.04834505838950532,0.0321173084307771,0.050542731417889265,0.017749117423223056,0.061677083885403765,0.0731895519607052,0.2727272727272727,"cascade features clamp L0 = max(0, min(L_hat, 0.5*min(window))); non-zero modes coincide when L_hat >= 0.5*min(window)"
oracle,log_oscillatory,0,0.5,0.02,533.0,0.49841524754235217,0,20,20,1.0,20,20,1.0,0.0,0.019383863026925248,0.013007450832348142,0.017521102121394544,0.010510137193085196,0.0275335756189453,0.03375162084152209,1.0,20,20,1.0,0.0,0.06601008700086927,0.04008854188586717,0.0495098943812135,0.03921101352820505,0.08919575080382722,0.11206979090498713,0.75,0.2,0.2,1.9029167900785695,0,0,,,,,,,,,,0,0,,,,,,,,,,"cascade features clamp L0 = max(0, min(L_hat, 0.5*min(window))); non-zero modes coincide when L_hat >= 0.5*min(window)"
oracle,heavy_noise_plat,0,0.5,0.02,97.0,0.49658530379140886,0,20,20,1.0,20,20,1.0,0.0,0.004021961388935409,0.0032255459900710133,0.0032243679421735828,0.0015651790647157873,0.00533917765964809,0.00921561946292141,0.95,20,20,1.0,0.05,0.003037884485407991,0.002835168922102007,0.0021829828065619613,0.0010637230469784918,0.004636853764554888,0.005881817914482413,0.95,0.55,0.55,-0.10180300317379293,0,0,,,,,,,,,,0,0,,,,,,,,,,"cascade features clamp L0 = max(0, min(L_hat, 0.5*min(window))); non-zero modes coincide when L_hat >= 0.5*min(window)"
oracle,broken_power_law,0,0.5,0.02,514.0,0.49991211917454004,0,20,20,1.0,20,20,1.0,0.55,0.32178795756383227,0.014341108401925848,0.3232758720641894,0.31403835058607205,0.33232178870782203,0.3377122061961489,0.0,20,20,1.0,0.0,0.020152970487979142,0.002173213427055556,0.01990764754034889,0.01875218359177083,0.021622853514215057,0.022439023866232536,1.0,1.0,1.0,-0.939339315493366,0,0,,,,,,,,,,0,0,,,,,,,,,,"cascade features clamp L0 = max(0, min(L_hat, 0.5*min(window))); non-zero modes coincide when L_hat >= 0.5*min(window)"
oracle,stretched_exp,1,0.5,0.02,193.0,0.49828241532615414,0,20,0,0.0,0,0,,,,,,,,,,0,0,,,,,,,,,,,,,20,20,1.0,0.0,0.018089602093571012,0.006798184956525428,0.019592683484757262,0.015015585943011379,0.02366606210946644,0.02579856995252737,1.0,20,20,1.0,0.0,0.018006038793577393,0.012671416934961502,0.018584484497410715,0.005724417137865305,0.02688081823341517,0.032454147362000293,1.0,"cascade features clamp L0 = max(0, min(L_hat, 0.5*min(window))); non-zero modes coincide when L_hat >= 0.5*min(window)"
oracle,logistic_tail,1,0.5,0.02,105.0,0.47748855939048196,0,20,0,0.0,0,0,,,,,,,,,,0,0,,,,,,,,,,,,,20,20,1.0,0.1,0.1346286229493604,0.02037002382014614,0.1437693270531752,0.13295763534693375,0.14578442932748453,0.14893899550431558,0.0,20,20,1.0,0.1,0.10575925714241048,0.028133564332343354,0.11868942673309707,0.10260800685119267,0.12135544551554664,0.12599740940463874,0.05,"cascade features clamp L0 = max(0, min(L_hat, 0.5*min(window))); non-zero modes coincide when L_hat >= 0.5*min(window)"
oracle,inv_sqrt_log,1,0.5,0.02,245.0,0.4997783934707863,0,20,20,1.0,20,20,1.0,0.0,0.007554023962327135,0.008382293697310052,0.004991546987370554,0.0023418998825642514,0.008213021993393771,0.01523640596089295,0.75,20,20,1.0,0.0,0.011960712574184218,0.016558415582813256,0.006391429639230549,0.003158216196051042,0.01335931728739262,0.027438168699902704,0.65,0.3,0.3,0.28656754184603567,0,0,,,,,,,,,,0,0,,,,,,,,,,"cascade features clamp L0 = max(0, min(L_hat, 0.5*min(window))); non-zero modes coincide when L_hat >= 0.5*min(window)"
oracle,random_knots,1,0.5,0.02,314.5,0.49936083587279756,0,20,12,0.6,12,12,1.0,0.08333333333333333,0.011573162605790483,0.007115423191540501,0.013780288711378666,0.0047274117352924154,0.016398411255114098,0.019577648788152286,0.9166666666666666,12,12,1.0,0.08333333333333333,0.011253942041491098,0.007897153365821412,0.010829008207532093,0.0039915477394312435,0.01677524696326981,0.020316591744732174,0.75,0.5,0.5,0.01334914806288063,8,8,1.0,0.0,0.02835539878298454,0.021776419971428766,0.028907342920624076,0.01704008269742771,0.033494560698154145,0.05124721470249462,0.625,8,8,1.0,0.25,0.037585268050775486,0.028999516266890388,0.031668526803171164,0.02406158664062726,0.0432942528645202,0.07191949988934371,0.5,"cascade features clamp L0 = max(0, min(L_hat, 0.5*min(window))); non-zero modes coincide when L_hat >= 0.5*min(window)"
oracle,real_boot_a,1,0.5,0.02,203.0,0.49951204685092926,0,20,0,0.0,0,0,,,,,,,,,,0,0,,,,,,,,,,,,,20,20,1.0,0.0,0.01973994413316981,0.010395603580367589,0.021743906334745045,0.010842467381467859,0.02554181848574671,0.03229950819449176,1.0,20,20,1.0,0.0,0.02132807225249779,0.01120030289239501,0.01976286790008497,0.014630221340363892,0.030079554966176425,0.03263674227761426,1.0,"cascade features clamp L0 = max(0, min(L_hat, 0.5*min(window))); non-zero modes coincide when L_hat >= 0.5*min(window)"
oracle,real_boot_b,1,0.5,0.02,172.0,0.496916665259355,0,20,0,0.0,0,0,,,,,,,,,,0,0,,,,,,,,,,,,,20,20,1.0,0.1,0.005395126148306466,0.0040486658833106025,0.0035803582597224506,0.0024206664913040844,0.009000393263438858,0.011111897048434193,0.85,20,20,1.0,0.1,0.006636377056089363,0.005191277054650991,0.0050560615711529935,0.0029483876956392634,0.009995287633684836,0.01187602127958288,0.85,"cascade features clamp L0 = max(0, min(L_hat, 0.5*min(window))); non-zero modes coincide when L_hat >= 0.5*min(window)"
oracle,single_exp,0,0.1,0.0,148.0,0.09827358560436156,0,20,0,0.0,0,0,,,,,,,,,,0,0,,,,,,,,,,,,,20,20,1.0,0.0,0.02688631324049892,0.009858552682678505,0.028305982880789192,0.0212806748467609,0.03382953535904082,0.03802922307435268,0.15,20,20,1.0,0.0,0.027446012364437854,0.008068079207381151,0.029715833213825513,0.021630629579350854,0.034717621671191135,0.03471762345284638,0.15,"cascade features clamp L0 = max(0, min(L_hat, 0.5*min(window))); non-zero modes coincide when L_hat >= 0.5*min(window)"
oracle,two_exp,0,0.1,0.0,218.0,0.09985826346226055,0,20,0,0.0,0,0,,,,,,,,,,0,0,,,,,,,,,,,,,20,20,1.0,0.0,0.025394761914739862,0.015042092061249122,0.02893539727879898,0.01550952946634987,0.03959757445291923,0.04119979658182628,1.0,20,20,1.0,0.0,0.027068815481629333,0.010356485506518638,0.030076393318940797,0.02234185950600976,0.03448105822135318,0.037333950935011045,1.0,"cascade features clamp L0 = max(0, min(L_hat, 0.5*min(window))); non-zero modes coincide when L_hat >= 0.5*min(window)"
oracle,three_exp,0,0.1,0.0,377.0,0.09988829507506856,0,20,0,0.0,0,0,,,,,,,,,,0,0,,,,,,,,,,,,,20,20,1.0,0.0,0.03246896105950566,0.016287797685946386,0.037056566571233636,0.018593891691485898,0.047400761462645845,0.04953369541909795,1.0,20,20,1.0,0.0,0.03387770845406006,5.248963837221101e-09,0.03387770534667979,0.03387770453233928,0.033877712483881675,0.033877715265238285,1.0,"cascade features clamp L0 = max(0, min(L_hat, 0.5*min(window))); non-zero modes coincide when L_hat >= 0.5*min(window)"
oracle,four_exp,0,0.1,0.0,631.0,0.09977805552230239,0,20,0,0.0,0,0,,,,,,,,,,0,0,,,,,,,,,,,,,20,20,1.0,0.0,0.022537926316049728,0.012871801029413864,0.0223355141131647,0.011697273911505532,0.030913461911839954,0.039218020461535476,1.0,20,20,1.0,0.0,0.03290622082675193,1.7115027129739732e-09,0.032906220141957376,0.03290621956896626,0.0329062212729924,0.032906223342869564,1.0,"cascade features clamp L0 = max(0, min(L_hat, 0.5*min(window))); non-zero modes coincide when L_hat >= 0.5*min(window)"
oracle,power_law,0,0.1,0.0,2441.0,0.09997859122064488,0,20,0,0.0,0,0,,,,,,,,,,0,0,,,,,,,,,,,,,20,20,1.0,0.0,0.0008864868282603738,1.199857299682486e-08,0.0008864919820401277,0.0008864894406142793,0.0008864920147611793,0.0008864921617199036,1.0,20,20,1.0,0.0,0.006213579228494332,1.1682487824899556e-08,0.006213574354911197,0.006213573820120958,0.006213576281367656,0.006213591898903385,1.0,"cascade features clamp L0 = max(0, min(L_hat, 0.5*min(window))); non-zero modes coincide when L_hat >= 0.5*min(window)"
oracle,rational_decay,0,0.1,0.0,1125.0,0.09999999999999999,0,20,0,0.0,0,0,,,,,,,,,,0,0,,,,,,,,,,,,,20,20,1.0,0.0,0.0475668938663394,0.03217710289637806,0.05122703267659737,0.01015829656360023,0.08164812298753193,0.08164812440120695,1.0,20,20,1.0,0.0,2.7487633696976487e-12,6.295193963216625e-12,5.062616992290714e-14,3.028827189055505e-15,2.8954443009876485e-13,8.96709199948998e-12,1.0,"cascade features clamp L0 = max(0, min(L_hat, 0.5*min(window))); non-zero modes coincide when L_hat >= 0.5*min(window)"
oracle,mixed_pow_rat,0,0.1,0.0,2260.0,0.09998848741275486,0,20,0,0.0,0,0,,,,,,,,,,0,0,,,,,,,,,,,,,20,20,1.0,0.0,0.030113076624550362,0.02957139364538155,0.017557583237682407,0.007942809904905333,0.046632976084594435,0.06583798085149675,1.0,20,20,1.0,0.0,0.014446986262369187,9.508255630655396e-10,0.01444698580271063,0.014446985674696098,0.014446986513301358,0.014446988067726537,1.0,"cascade features clamp L0 = max(0, min(L_hat, 0.5*min(window))); non-zero modes coincide when L_hat >= 0.5*min(window)"
oracle,multiphase,0,0.1,0.0,3852.0,0.0999996544626016,0,20,0,0.0,0,0,,,,,,,,,,0,0,,,,,,,,,,,,,20,20,1.0,0.0,0.1228364284744313,1.2277099237428634e-09,0.12283642898318137,0.12283642868451529,0.12283642900896188,0.12283642902836214,1.0,20,20,1.0,0.0,0.11801355678661188,4.729850901561355e-09,0.11801355570525367,0.11801355565426477,0.11801355574509115,0.11801355591367896,1.0,"cascade features clamp L0 = max(0, min(L_hat, 0.5*min(window))); non-zero modes coincide when L_hat >= 0.5*min(window)"
oracle,osc_exp,0,0.1,0.0,165.0,0.09570953042125925,0,20,0,0.0,0,0,,,,,,,,,,0,0,,,,,,,,,,,,,20,20,1.0,0.0,0.03242448479730209,0.014983642169682792,0.037918240552799055,0.022959521321175402,0.04473425682250202,0.04557485429822495,1.0,20,20,1.0,0.0,0.030755440540217848,0.01033584687737751,0.03591334756553921,0.029794223602194185,0.036626447508600356,0.03683850703332198,1.0,"cascade features clamp L0 = max(0, min(L_hat, 0.5*min(window))); non-zero modes coincide when L_hat >= 0.5*min(window)"
oracle,damped_osc_pow,0,0.1,0.0,3014.0,0.09999319502597674,0,20,0,0.0,0,0,,,,,,,,,,0,0,,,,,,,,,,,,,20,20,1.0,0.0,0.002627481455222771,2.9882804504704944e-07,0.0026275716661569165,0.0026275684492718912,0.0026275717800126317,0.0026275722165379754,1.0,20,20,1.0,0.0,0.011616669671285324,2.162439263047282e-09,0.011616668728259756,0.011616668302012566,0.011616670010199396,0.011616672066633343,1.0,"cascade features clamp L0 = max(0, min(L_hat, 0.5*min(window))); non-zero modes coincide when L_hat >= 0.5*min(window)"
oracle,log_slow,0,0.1,0.0,50000.0,0.41863546463489004,1,20,0,0.0,0,0,,,,,,,,,,0,0,,,,,,,,,,,,,20,20,1.0,0.0,0.019975219376314905,2.1209442550132203e-08,0.019975210393100407,0.019975209916712023,0.019975212021594226,0.019975243010027146,1.0,20,20,1.0,0.0,0.05848203772196668,3.4039069566537308e-09,0.05848203600019618,0.05848203567139892,0.058482038975879364,0.058482041942736894,1.0,"cascade features clamp L0 = max(0, min(L_hat, 0.5*min(window))); non-zero modes coincide when L_hat >= 0.5*min(window)"
oracle,delayed_plateau,0,0.1,0.0,321.0,0.09926115995627992,0,20,0,0.0,0,0,,,,,,,,,,0,0,,,,,,,,,,,,,20,20,1.0,0.0,0.07118290187558597,0.017806138714895135,0.08001951089315859,0.06543149582693636,0.08419532877389965,0.08511010137062795,1.0,20,20,1.0,0.0,0.043271346445583184,0.01833391770944282,0.050429487555998895,0.03158036020958227,0.054513841466412555,0.05524540566769879,1.0,"cascade features clamp L0 = max(0, min(L_hat, 0.5*min(window))); non-zero modes coincide when L_hat >= 0.5*min(window)"
oracle,staircase,0,0.1,0.0,320.0,0.0,0,20,0,0.0,0,0,,,,,,,,,,0,0,,,,,,,,,,,,,20,20,1.0,0.0,0.0877929724982967,0.03677269497451378,0.10264672617612895,0.07484228250729177,0.11699386971424461,0.11937606320714123,1.0,20,20,1.0,0.0,0.05543522857473191,0.019309617711946052,0.056783943583883445,0.04470549682682465,0.0735310851740831,0.07631617147959105,1.0,"cascade features clamp L0 = max(0, min(L_hat, 0.5*min(window))); non-zero modes coincide when L_hat >= 0.5*min(window)"
oracle,noisy_plateau,0,0.1,0.0,137.0,0.09536916221554956,0,20,20,1.0,20,20,1.0,0.05,0.0008159062385817865,0.0008188605589834251,0.0006035682673893976,0.00027896118032103706,0.0011568285628257,0.0016060509147399296,0.8,20,20,1.0,0.1,0.0011703127840472598,0.0014149221482387994,0.0006652350731537367,0.00031640811038559456,0.0013683867404142422,0.0020855827643244595,0.75,0.35,0.35,0.7767920375908366,0,0,,,,,,,,,,0,0,,,,,,,,,,"cascade features clamp L0 = max(0, min(L_hat, 0.5*min(window))); non-zero modes coincide when L_hat >= 0.5*min(window)"
oracle,slow_osc_power,0,0.1,0.0,3483.0,0.09996889692898078,0,20,0,0.0,0,0,,,,,,,,,,0,0,,,,,,,,,,,,,20,20,1.0,0.45,0.07977596971017695,0.061329795200689007,0.06469238067332568,0.013122372342428147,0.13785786829739793,0.1535948219348617,0.35,20,20,1.0,0.0,0.04743355354303985,0.0269828580392897,0.06539388282137007,0.013353805649911177,0.06885786068353886,0.06885812499291175,0.35,"cascade features clamp L0 = max(0, min(L_hat, 0.5*min(window))); non-zero modes coincide when L_hat >= 0.5*min(window)"
oracle,log_oscillatory,0,0.1,0.0,50000.0,0.2992564263745022,1,20,20,1.0,20,20,1.0,0.0,0.02997223467371628,0.020771850866179633,0.024482145817440522,0.013617988332972925,0.04137515010019023,0.056539562334954344,1.0,20,20,1.0,0.0,0.15946556727023561,0.11986183468588511,0.11584965394393962,0.08078111451753077,0.1885307591591634,0.28405172309244503,0.7,0.0,0.0,4.275089996031126,0,0,,,,,,,,,,0,0,,,,,,,,,,"cascade features clamp L0 = max(0, min(L_hat, 0.5*min(window))); non-zero modes coincide when L_hat >= 0.5*min(window)"
oracle,heavy_noise_plat,0,0.1,0.0,114.0,0.09071795328941246,0,20,20,1.0,20,20,1.0,0.1,0.0012450537063816768,0.0008751429659808305,0.0010956610714413918,0.0006762995193787254,0.0016472193409513836,0.0024226143061888195,0.6,20,20,1.0,0.1,0.001398168643963048,0.0010505582251973313,0.001277548297649785,0.0006208795505082149,0.001963281604371133,0.002813451425392527,0.55,0.3,0.3,0.1804085156551572,0,0,,,,,,,,,,0,0,,,,,,,,,,"cascade features clamp L0 = max(0, min(L_hat, 0.5*min(window))); non-zero modes coincide when L_hat >= 0.5*min(window)"
oracle,broken_power_law,0,0.1,0.0,28776.0,0.09999962012267244,0,20,20,1.0,20,20,1.0,1.0,0.8054561406365408,0.017119800296831324,0.8141218376516901,0.7972461577366642,0.816560672676231,0.8167806556624925,0.0,20,20,1.0,0.0,0.0729281577485472,2.7529933088314e-10,0.07292815765537485,0.07292815754694768,0.07292815785726631,0.07292815795124134,1.0,1.0,1.0,-0.9104209335956468,0,0,,,,,,,,,,0,0,,,,,,,,,,"cascade features clamp L0 = max(0, min(L_hat, 0.5*min(window))); non-zero modes coincide when L_hat >= 0.5*min(window)"
oracle,stretched_exp,1,0.1,0.0,579.0,0.09979846505939677,0,20,0,0.0,0,0,,,,,,,,,,0,0,,,,,,,,,,,,,20,20,1.0,0.0,0.02588911596674497,0.011184218044827962,0.031333857864755836,0.017310164170950198,0.035905675478675646,0.03636924158023526,1.0,20,20,1.0,0.0,0.006235166930253324,0.0020483606909434218,0.0052710932121463674,0.005271092244285715,0.005273618960138303,0.010379597544091818,1.0,"cascade features clamp L0 = max(0, min(L_hat, 0.5*min(window))); non-zero modes coincide when L_hat >= 0.5*min(window)"
oracle,logistic_tail,1,0.1,0.0,135.0,0.09609894819901184,0,20,0,0.0,0,0,,,,,,,,,,0,0,,,,,,,,,,,,,20,20,1.0,0.0,0.13384739937089743,0.027481359718669406,0.14520817212632686,0.13305365544950895,0.14943011325029895,0.1533151520186253,0.1,20,20,1.0,0.0,0.09926135250793774,0.034494278776812735,0.11418256754650115,0.09576256602191675,0.1204823139961103,0.1262320955282741,0.2,"cascade features clamp L0 = max(0, min(L_hat, 0.5*min(window))); non-zero modes coincide when L_hat >= 0.5*min(window)"
oracle,inv_sqrt_log,1,0.1,0.0,2929.0,0.09999046875803731,0,20,1,0.05,1,1,1.0,0.0,0.0010771266204087637,,0.0010771266204087637,0.0010771266204087637,0.0010771266204087637,0.0010771266204087637,1.0,1,1,1.0,0.0,0.0038967704769879985,,0.0038967704769879985,0.0038967704769879985,0.0038967704769879985,0.0038967704769879985,1.0,0.0,0.0,2.6177459577678945,19,19,1.0,0.0,0.0010771640106320025,1.3206504676032723e-07,0.0010771287238779126,0.0010771284061570317,0.00107712878305995,0.0010771534781465531,1.0,19,19,1.0,0.0,0.003896725956965693,6.423492553400856e-09,0.0038967239864543535,0.0038967227820364894,0.003896726374647483,0.003896729195238887,1.0,"cascade features clamp L0 = max(0, min(L_hat, 0.5*min(window))); non-zero modes coincide when L_hat >= 0.5*min(window)"
oracle,random_knots,1,0.1,0.0,4730.0,0.09999546250252596,1,20,0,0.0,0,0,,,,,,,,,,0,0,,,,,,,,,,,,,20,20,1.0,0.0,0.014681170119187164,0.01568742229576855,0.008939954408775312,0.0032736678042198384,0.016876205347522294,0.03863124569712732,1.0,20,20,1.0,0.0,0.020375243799880188,0.02584693739590321,0.011608674636593392,0.003983787993131503,0.022568974112822698,0.0551076456998368,1.0,"cascade features clamp L0 = max(0, min(L_hat, 0.5*min(window))); non-zero modes coincide when L_hat >= 0.5*min(window)"
oracle,real_boot_a,1,0.1,0.0,413.0,0.09900189826125952,0,20,0,0.0,0,0,,,,,,,,,,0,0,,,,,,,,,,,,,20,20,1.0,0.0,0.03533454551876577,0.016487432506105418,0.033262736966809016,0.02107327080273433,0.053575531957077496,0.05427412599459571,1.0,20,20,1.0,0.0,0.04876800058909496,3.582586206283092e-09,0.048767999369810015,0.04876799818851421,0.04876800057819174,0.04876800572000618,1.0,"cascade features clamp L0 = max(0, min(L_hat, 0.5*min(window))); non-zero modes coincide when L_hat >= 0.5*min(window)"
oracle,real_boot_b,1,0.1,0.0,364.0,0.09935491603410883,0,20,0,0.0,0,0,,,,,,,,,,0,0,,,,,,,,,,,,,20,20,1.0,0.0,0.0020466377207175074,0.0006061193664136067,0.0023112608855427076,0.002234468297081258,0.002311261175047548,0.002311266621019336,1.0,20,20,1.0,0.0,0.0039510390184189365,0.0016124938728272527,0.004939592613744048,0.002986466896973002,0.004939592754673344,0.00493959304434983,1.0,"cascade features clamp L0 = max(0, min(L_hat, 0.5*min(window))); non-zero modes coincide when L_hat >= 0.5*min(window)"
oracle,single_exp,0,0.1,0.005,148.0,0.09827358560436156,0,20,0,0.0,0,0,,,,,,,,,,0,0,,,,,,,,,,,,,20,20,1.0,0.0,0.026804492224546915,0.009644358061370966,0.028359560494517832,0.021348104268740804,0.03330854940827137,0.03791551840746809,0.15,20,20,1.0,0.0,0.02733591468888307,0.007932420242698197,0.02976708308988939,0.021698307825819628,0.033052394368882715,0.034851027053873426,0.15,"cascade features clamp L0 = max(0, min(L_hat, 0.5*min(window))); non-zero modes coincide when L_hat >= 0.5*min(window)"
oracle,two_exp,0,0.1,0.005,218.0,0.09985826346226055,0,20,0,0.0,0,0,,,,,,,,,,0,0,,,,,,,,,,,,,20,20,1.0,0.0,0.025417789249779048,0.014795776153101977,0.028827902058467962,0.015228487142895628,0.039541374680106545,0.041261681319985144,1.0,20,20,1.0,0.0,0.026422334964562883,0.010895864339466724,0.02858262905709346,0.022121931251760048,0.03154778760779362,0.03576988462079657,1.0,"cascade features clamp L0 = max(0, min(L_hat, 0.5*min(window))); non-zero modes coincide when L_hat >= 0.5*min(window)"
oracle,three_exp,0,0.1,0.005,377.0,0.09988829507506856,0,20,0,0.0,0,0,,,,,,,,,,0,0,,,,,,,,,,,,,20,20,1.0,0.0,0.0346115610069136,0.013634685435906083,0.03700895876862466,0.02166332984196767,0.04830153555836195,0.0492256852758564,1.0,20,20,1.0,0.0,0.03304045938629755,0.014877947153831568,0.03562377851822817,0.024488701364009303,0.0444146769781666,0.047545036702325585,1.0,"cascade features clamp L0 = max(0, min(L_hat, 0.5*min(window))); non-zero modes coincide when L_hat >= 0.5*min(window)"
oracle,four_exp,0,0.1,0.005,631.0,0.09977805552230239,0,20,0,0.0,0,0,,,,,,,,,,0,0,,,,,,,,,,,,,20,20,1.0,0.0,0.024130058086605594,0.013708865683758923,0.02418703458096052,0.01558363226632719,0.032700540581585474,0.043892450411902845,1.0,20,20,1.0,0.0,0.033003430639360974,0.017403533997274664,0.03288252070635213,0.020544900168382556,0.0416155529675096,0.05418800847488771,1.0,"cascade features clamp L0 = max(0, min(L_hat, 0.5*min(window))); non-zero modes coincide when L_hat >= 0.5*min(window)"
oracle,power_law,0,0.1,0.005,2441.0,0.09997859122064488,0,20,0,0.0,0,0,,,,,,,,,,0,0,,,,,,,,,,,,,20,20,1.0,0.0,0.011811689120159185,0.014180632679828414,0.007697747557784289,0.00500403912999899,0.013839883573374949,0.019961245414067522,0.95,20,20,1.0,0.0,0.00779437066012717,0.004657865461341978,0.007958725832960192,0.00300270946150739,0.011072093828885922,0.013322657413252701,1.0,"cascade features clamp L0 = max(0, min(L_hat, 0.5*min(window))); non-zero modes coincide when L_hat >= 0.5*min(window)"
oracle,rational_decay,0,0.1,0.005,1125.0,0.09999999999999999,0,20,0,0.0,0,0,,,,,,,,,,0,0,,,,,,,,,,,,,20,20,1.0,0.0,0.04755700563459922,0.034957752775850316,0.04919840393531593,0.009649398028445961,0.07779373594968679,0.0904198767346915,1.0,20,20,1.0,0.0,0.013210428488730708,0.010271750945840425,0.011131134747845176,0.00537687611281662,0.02362126274128167,0.02666083947044808,1.0,"cascade features clamp L0 = max(0, min(L_hat, 0.5*min(window))); non-zero modes coincide when L_hat >= 0.5*min(window)"
oracle,mixed_pow_rat,0,0.1,0.005,2260.0,0.09998848741275486,0,20,0,0.0,0,0,,,,,,,,,,0,0,,,,,,,,,,,,,20,20,1.0,0.0,0.027429767212827194,0.025880468395157015,0.01761469973710402,0.008011381143410299,0.03986311896446533,0.0644145514905744,1.0,20,20,1.0,0.0,0.016612184930773443,0.011056641319661942,0.015974911324240514,0.008280355228434884,0.022898754266975723,0.028273556976679323,1.0,"cascade features clamp L0 = max(0, min(L_hat, 0.5*min(window))); non-zero modes coincide when L_hat >= 0.5*min(window)"
oracle,multiphase,0,0.1,0.005,3852.0,0.0999996544626016,0,20,0,0.0,0,0,,,,,,,,,,0,0,,,,,,,,,,,,,20,20,1.0,0.0,0.12021268513327313,0.0047938517977109,0.12198082673904116,0.11790205850547761,0.12360791706113547,0.12404194182488548,1.0,20,20,1.0,0.0,0.11744226348289707,0.0022170452162949446,0.11775121929190449,0.11654100661097262,0.11873271845851982,0.11987160884007839,1.0,"cascade features clamp L0 = max(0, min(L_hat, 0.5*min(window))); non-zero modes coincide when L_hat >= 0.5*min(window)"
oracle,osc_exp,0,0.1,0.005,165.0,0.09570953042125925,0,20,0,0.0,0,0,,,,,,,,,,0,0,,,,,,,,,,,,,20,20,1.0,0.0,0.032377098519861265,0.014914951056857265,0.03804541859556844,0.023071941160533377,0.04333145454300634,0.04477048302445514,0.85,20,20,1.0,0.0,0.030752306725979513,0.01026798707374745,0.03447904904477038,0.02990498573358204,0.03747286864371038,0.03886322271578481,1.0,"cascade features clamp L0 = max(0, min(L_hat, 0.5*min(window))); non-zero modes coincide when L_hat >= 0.5*min(window)"
oracle,damped_osc_pow,0,0.1,0.005,3014.0,0.09999319502597674,0,20,0,0.0,0,0,,,,,,,,,,0,0,,,,,,,,,,,,,20,20,1.0,0.0,0.014573638670925213,0.011716479409228901,0.01236705241582877,0.005572902867027078,0.020250648273307068,0.02679444845146015,1.0,20,20,1.0,0.0,0.01298960608095221,0.007336029753085387,0.013530995452049808,0.007540156478544023,0.019045402235270487,0.02277608897148058,1.0,"cascade features clamp L0 = max(0, min(L_hat, 0.5*min(window))); non-zero modes coincide when L_hat >= 0.5*min(window)"
oracle,log_slow,0,0.1,0.005,50000.0,0.41863546463489004,1,20,0,0.0,0,0,,,,,,,,,,0,0,,,,,,,,,,,,,20,20,1.0,0.0,0.044546158421750345,0.021140147780409797,0.042218884602299056,0.0331711316112177,0.05662371816338074,0.07293854859303141,1.0,20,20,1.0,0.0,0.05635948978409725,0.014609062414169234,0.05958667571486892,0.04481167780451258,0.06681762065742033,0.07245350388493806,1.0,"cascade features clamp L0 = max(0, min(L_hat, 0.5*min(window))); non-zero modes coincide when L_hat >= 0.5*min(window)"
oracle,delayed_plateau,0,0.1,0.005,321.0,0.09926115995627992,0,20,0,0.0,0,0,,,,,,,,,,0,0,,,,,,,,,,,,,20,20,1.0,0.0,0.0709961765046015,0.01788168129431526,0.07986134423613245,0.06464152729487077,0.08400592180477837,0.08500602607581714,1.0,20,20,1.0,0.0,0.04332785088493596,0.018636649191666306,0.05030197244394044,0.03093123450384411,0.05491445872675493,0.055773489572942786,1.0,"cascade features clamp L0 = max(0, min(L_hat, 0.5*min(window))); non-zero modes coincide when L_hat >= 0.5*min(window)"
oracle,staircase,0,0.1,0.005,320.0,0.0,0,20,0,0.0,0,0,,,,,,,,,,0,0,,,,,,,,,,,,,20,20,1.0,0.0,0.08740888366052112,0.037275439486514954,0.10284803037358266,0.07508205993154293,0.11639817735418595,0.11906392594762376,1.0,20,20,1.0,0.0,0.054138352260754585,0.020269668027706283,0.05690672165725319,0.037449981296289916,0.07276082839563519,0.07631374826101296,1.0,"cascade features clamp L0 = max(0, min(L_hat, 0.5*min(window))); non-zero modes coincide when L_hat >= 0.5*min(window)"
oracle,noisy_plateau,0,0.1,0.005,137.0,0.09536916221554956,0,20,20,1.0,20,20,1.0,0.05,0.0010243926471920396,0.0009071347371107961,0.0005601864300801025,0.00043650032580748975,0.0014242168960782696,0.002163860281929751,0.7,20,20,1.0,0.1,0.0015194876682417004,0.001381494238367269,0.001196220898512599,0.0005764391830109543,0.0020734734213940526,0.0029088979291527176,0.65,0.3,0.3,0.7238462997602213,0,0,,,,,,,,,,0,0,,,,,,,,,,"cascade features clamp L0 = max(0, min(L_hat, 0.5*min(window))); non-zero modes coincide when L_hat >= 0.5*min(window)"
oracle,slow_osc_power,0,0.1,0.005,3483.0,0.09996889692898078,0,20,0,0.0,0,0,,,,,,,,,,0,0,,,,,,,,,,,,,20,20,1.0,0.35,0.07631939404587587,0.05834827138762448,0.06442789805915786,0.013162522062729175,0.13485501005579997,0.1422958532442929,0.35,20,20,1.0,0.05,0.04977199449270738,0.0422879117821142,0.05348237907102976,0.01336404821309595,0.06179464316053503,0.06929279557850637,0.35,"cascade features clamp L0 = max(0, min(L_hat, 0.5*min(window))); non-zero modes coincide when L_hat >= 0.5*min(window)"
oracle,log_oscillatory,0,0.1,0.005,50000.0,0.2992564263745022,1,20,20,1.0,20,20,1.0,0.0,0.030214902665078758,0.0224043613791908,0.023921508758264702,0.013975454889833813,0.03656343520895987,0.055401367972330376,1.0,20,20,1.0,0.0,0.159485524845484,0.11994465289413911,0.11590347026871656,0.08078396111885551,0.1883953711881289,0.283911310661046,0.7,0.0,0.0,4.33116906325014,0,0,,,,,,,,,,0,0,,,,,,,,,,"cascade features clamp L0 = max(0, min(L_hat, 0.5*min(window))); non-zero modes coincide when L_hat >= 0.5*min(window)"
oracle,heavy_noise_plat,0,0.1,0.005,114.0,0.09071795328941246,0,20,20,1.0,20,20,1.0,0.0,0.001403319340408851,0.0009389864047568466,0.001247152109388824,0.0008354005245463014,0.002289466475088474,0.0026884427849109774,0.8,20,20,1.0,0.0,0.001275460076193299,0.0010169850048237805,0.0009383817609698577,0.0006713806768049318,0.0015218795241622469,0.002876226389176238,0.75,0.45,0.45,0.08100962478983838,0,0,,,,,,,,,,0,0,,,,,,,,,,"cascade features clamp L0 = max(0, min(L_hat, 0.5*min(window))); non-zero modes coincide when L_hat >= 0.5*min(window)"
oracle,broken_power_law,0,0.1,0.005,28776.0,0.09999962012267244,0,20,20,1.0,20,20,1.0,1.0,0.8075642202995523,0.015692620405177164,0.813746298164885,0.8015838868453278,0.8174261034770155,0.818958279711102,0.0,20,20,1.0,0.0,0.07278259851116982,0.00042189243230933123,0.07273057188106342,0.07250330230947277,0.07314359153830138,0.07332463292937338,1.0,1.0,1.0,-0.9106261404433302,0,0,,,,,,,,,,0,0,,,,,,,,,,"cascade features clamp L0 = max(0, min(L_hat, 0.5*min(window))); non-zero modes coincide when L_hat >= 0.5*min(window)"
oracle,stretched_exp,1,0.1,0.005,579.0,0.09979846505939677,0,20,0,0.0,0,0,,,,,,,,,,0,0,,,,,,,,,,,,,20,20,1.0,0.0,0.026315363273709237,0.011245711578831455,0.029948354607560346,0.017943776608538502,0.03587280286884708,0.03630227991126261,1.0,20,20,1.0,0.0,0.012574564405296695,0.00753534933932594,0.01118074256452543,0.006190960260485082,0.016586301026614958,0.02003856823552723,1.0,"cascade features clamp L0 = max(0, min(L_hat, 0.5*min(window))); non-zero modes coincide when L_hat >= 0.5*min(window)"
oracle,logistic_tail,1,0.1,0.005,135.0,0.09609894819901184,0,20,0,0.0,0,0,,,,,,,,,,0,0,,,,,,,,,,,,,20,20,1.0,0.0,0.13388244823138293,0.027422429535405645,0.1454215137194474,0.13334423581511257,0.14914888035251758,0.15270080107223977,0.1,20,20,1.0,0.0,0.09931023041029759,0.03438898866843457,0.11432877516458002,0.09597893314175694,0.1203169285624151,0.12574674703239694,0.2,"cascade features clamp L0 = max(0, min(L_hat, 0.5*min(window))); non-zero modes coincide when L_hat >= 0.5*min(window)"
oracle,inv_sqrt_log,1,0.1,0.005,2929.0,0.09999046875803731,0,20,1,0.05,1,1,1.0,0.0,0.007802149950745296,,0.007802149950745296,0.007802149950745296,0.007802149950745296,0.007802149950745296,1.0,1,1,1.0,0.0,0.008420448943344427,,0.008420448943344427,0.008420448943344427,0.008420448943344427,0.008420448943344427,1.0,0.0,0.0,0.07924725832013373,19,19,1.0,0.05263157894736842,0.011514260951542295,0.011492061980950031,0.007320257341574689,0.0037324113728036635,0.012704396608501171,0.029617643001983638,0.7894736842105263,19,19,1.0,0.0,0.009606616227364561,0.014035988027523623,0.006050298972837015,0.002276661935107312,0.008247176482164296,0.01930346076728873,0.8947368421052632,"cascade features clamp L0 = max(0, min(L_hat, 0.5*min(window))); non-zero modes coincide when L_hat >= 0.5*min(window)"
oracle,random_knots,1,0.1,0.005,4730.0,0.09999546250252596,1,20,1,0.05,1,1,1.0,0.0,0.02172515000169571,,0.02172515000169571,0.02172515000169571,0.02172515000169571,0.02172515000169571,0.0,1,1,1.0,0.0,0.018007365701005786,,0.018007365701005786,0.018007365701005786,0.018007365701005786,0.018007365701005786,0.0,1.0,1.0,-0.1711281303189963,19,19,1.0,0.0,0.0237094545020403,0.018467810008232725,0.015082888300739783,0.012585355074714753,0.02684371559309058,0.052467569055472826,0.9473684210526315,19,19,1.0,0.0,0.02873276774132141,0.02972378394911351,0.016299025174419526,0.007349525938663684,0.04345379289841168,0.06931949676011333,1.0,"cascade features clamp L0 = max(0, min(L_hat, 0.5*min(window))); non-zero modes coincide when L_hat >= 0.5*min(window)"
oracle,real_boot_a,1,0.1,0.005,413.0,0.09900189826125952,0,20,0,0.0,0,0,,,,,,,,,,0,0,,,,,,,,,,,,,20,20,1.0,0.0,0.0346296767880462,0.01833121118912554,0.0342573971543205,0.026387795179525136,0.05205994921366078,0.05474209155080206,1.0,20,20,1.0,0.0,0.04829716729604825,0.01216106841174752,0.04442716400360196,0.04049184903340265,0.05695706862721421,0.06504062539041641,1.0,"cascade features clamp L0 = max(0, min(L_hat, 0.5*min(window))); non-zero modes coincide when L_hat >= 0.5*min(window)"
oracle,real_boot_b,1,0.1,0.005,364.0,0.09935491603410883,0,20,0,0.0,0,0,,,,,,,,,,0,0,,,,,,,,,,,,,20,20,1.0,0.0,0.006324523577112514,0.006601513066876374,0.0036971788037244192,0.0018649915190073864,0.008859656387921641,0.016690093594045732,1.0,20,20,1.0,0.0,0.005536656904663289,0.003915375050759726,0.004852763186344403,0.003022773334691939,0.00749938589557357,0.009619617688712922,1.0,"cascade features clamp L0 = max(0, min(L_hat, 0.5*min(window))); non-zero modes coincide when L_hat >= 0.5*min(window)"
oracle,single_exp,0,0.1,0.02,148.0,0.09827358560436156,0,20,0,0.0,0,0,,,,,,,,,,0,0,,,,,,,,,,,,,20,20,1.0,0.3,0.027721957495894366,0.010782910809718436,0.029006674701198294,0.02277545902677719,0.03444130550245536,0.03945197959679484,0.3,20,20,1.0,0.3,0.028408815738947296,0.009675241147914673,0.029802126862434462,0.022871456858477864,0.03274570052784438,0.04033020908016146,0.25,"cascade features clamp L0 = max(0, min(L_hat, 0.5*min(window))); non-zero modes coincide when L_hat >= 0.5*min(window)"
oracle,two_exp,0,0.1,0.02,218.0,0.09985826346226055,0,20,0,0.0,0,0,,,,,,,,,,0,0,,,,,,,,,,,,,20,20,1.0,0.0,0.024449738361859544,0.015027025292394398,0.026846470203056385,0.0132773125943365,0.039455240034596675,0.0411243225535661,1.0,20,20,1.0,0.0,0.02182954046397842,0.012572791893713608,0.023505850597279783,0.013225805144590902,0.029748283868278456,0.03338882296381726,1.0,"cascade features clamp L0 = max(0, min(L_hat, 0.5*min(window))); non-zero modes coincide when L_hat >= 0.5*min(window)"
oracle,three_exp,0,0.1,0.02,377.0,0.09988829507506856,0,20,0,0.0,0,0,,,,,,,,,,0,0,,,,,,,,,,,,,20,20,1.0,0.0,0.03785432654866054,0.02146415532157646,0.042782154509551244,0.02608493987026106,0.047594325947197716,0.05385537492342398,1.0,20,20,1.0,0.0,0.036462000343427864,0.022330286454521557,0.031685470166972866,0.022670264169791295,0.045084389653645765,0.058660915383886264,1.0,"cascade features clamp L0 = max(0, min(L_hat, 0.5*min(window))); non-zero modes coincide when L_hat >= 0.5*min(window)"
oracle,four_exp,0,0.1,0.02,631.0,0.09977805552230239,0,20,0,0.0,0,0,,,,,,,,,,0,0,,,,,,,,,,,,,20,20,1.0,0.0,0.03634363201033518,0.02288790329459243,0.03420023477626465,0.023838346555014135,0.04058802730338259,0.0605924815827219,1.0,20,20,1.0,0.0,0.05104991246534951,0.04705065058871384,0.04447379864993853,0.016460664852595244,0.06468345560098908,0.08406062246165127,0.95,"cascade features clamp L0 = max(0, min(L_hat, 0.5*min(window))); non-zero modes coincide when L_hat >= 0.5*min(window)"
oracle,power_law,0,0.1,0.02,2441.0,0.09997859122064488,0,20,20,1.0,20,20,1.0,0.15,0.020498130142399765,0.015429314199562743,0.018256396672863568,0.009246754115338887,0.026902387693693713,0.04353811696494802,0.65,20,20,1.0,0.1,0.017091266097888285,0.009985456586981986,0.015544596749240549,0.009855093104307691,0.020463668413600887,0.026334384517015957,0.6,0.55,0.55,-0.06826942694151199,0,0,,,,,,,,,,0,0,,,,,,,,,,"cascade features clamp L0 = max(0, min(L_hat, 0.5*min(window))); non-zero modes coincide when L_hat >= 0.5*min(window)"
oracle,rational_decay,0,0.1,0.02,1125.0,0.09999999999999999,0,20,0,0.0,0,0,,,,,,,,,,0,0,,,,,,,,,,,,,20,20,1.0,0.0,0.03611844407464166,0.02870442194716007,0.036114745618487834,0.012669719413537835,0.04483398965843713,0.08377883478907787,1.0,20,20,1.0,0.0,0.030855711439775335,0.02581271047055281,0.021034244077125314,0.011923143745328837,0.04565050896510698,0.06404425236705606,1.0,"cascade features clamp L0 = max(0, min(L_hat, 0.5*min(window))); non-zero modes coincide when L_hat >= 0.5*min(window)"
oracle,mixed_pow_rat,0,0.1,0.02,2260.0,0.09998848741275486,0,20,0,0.0,0,0,,,,,,,,,,0,0,,,,,,,,,,,,,20,20,1.0,0.0,0.03498903606727667,0.0315994826867249,0.023241214683706837,0.01086631831521222,0.05100734367477572,0.0828290848989964,0.95,20,20,1.0,0.0,0.05584330009455849,0.07370119678199635,0.025771721092482002,0.014064550949395722,0.06347125135409129,0.13482264885043843,0.85,"cascade features clamp L0 = max(0, min(L_hat, 0.5*min(window))); non-zero modes coincide when L_hat >= 0.5*min(window)"
oracle,multiphase,0,0.1,0.02,3852.0,0.0999996544626016,0,20,0,0.0,0,0,,,,,,,,,,0,0,,,,,,,,,,,,,20,20,1.0,0.0,0.08892869024955921,0.0447525888801028,0.10294660391397395,0.056487361749742095,0.12399257864600102,0.13467494468339272,1.0,20,20,1.0,0.0,0.09861067705162105,0.03151941577919638,0.11034198299105993,0.08813735547082349,0.11867535952012978,0.12817382583563494,1.0,"cascade features clamp L0 = max(0, min(L_hat, 0.5*min(window))); non-zero modes coincide when L_hat >= 0.5*min(window)"
oracle,osc_exp,0,0.1,0.02,165.0,0.09570953042125925,0,20,0,0.0,0,0,,,,,,,,,,0,0,,,,,,,,,,,,,20,20,1.0,0.0,0.03282249975494973,0.01633225191302232,0.03600566553953957,0.02202097760823495,0.04258461161148995,0.047315379524767026,0.75,20,20,1.0,0.0,0.03102174057074104,0.011453026116439445,0.0327168163387849,0.028477961523670006,0.03741729161290503,0.03966682690924282,0.75,"cascade features clamp L0 = max(0, min(L_hat, 0.5*min(window))); non-zero modes coincide when L_hat >= 0.5*min(window)"
oracle,damped_osc_pow,0,0.1,0.02,3014.0,0.09999319502597674,0,20,16,0.8,16,16,1.0,0.0625,0.018076045463713997,0.01414484700669131,0.01431858800993966,0.007929800082350882,0.027214098752015442,0.03723854166246203,0.875,16,16,1.0,0.0625,0.02013957069073454,0.008689849824240987,0.017385098834521065,0.01539460270343987,0.027165815369350112,0.030242375140905477,0.875,0.375,0.375,0.20934282155702716,4,4,1.0,0.0,0.05505470712576904,0.054844322574126116,0.03765159630062274,0.020498346723733487,0.0722079567026583,0.1088787864249461,0.75,4,4,1.0,0.25,0.11376735002934477,0.20362664262237098,0.016668215267781297,0.011317066664645738,0.11911849863248031,0.2990668927344087,0.75,"cascade features clamp L0 = max(0, min(L_hat, 0.5*min(window))); non-zero modes coincide when L_hat >= 0.5*min(window)"
oracle,log_slow,0,0.1,0.02,50000.0,0.41863546463489004,1,20,19,0.95,19,19,1.0,0.0,0.06155131568559378,0.024921715120853557,0.06921313594928508,0.042686103131629335,0.08021293577708863,0.08704217106321421,0.9473684210526315,19,19,1.0,0.0,0.05685479005320837,0.029123723068388462,0.07107012167064619,0.04314047981080366,0.07590128049837201,0.08041455794961763,1.0,0.6842105263157895,0.6842105263157895,-0.11275822558486369,1,1,1.0,0.0,0.08711948252118915,,0.08711948252118915,0.08711948252118915,0.08711948252118915,0.08711948252118915,1.0,1,1,1.0,0.0,0.12644932317356156,,0.12644932317356156,0.12644932317356156,0.12644932317356156,0.12644932317356156,0.0,"cascade features clamp L0 = max(0, min(L_hat, 0.5*min(window))); non-zero modes coincide when L_hat >= 0.5*min(window)"
oracle,delayed_plateau,0,0.1,0.02,321.0,0.09926115995627992,0,20,0,0.0,0,0,,,,,,,,,,0,0,,,,,,,,,,,,,20,20,1.0,0.0,0.07225302258413269,0.016907556959555103,0.08042382098670714,0.06933400989345807,0.08405213298114392,0.08472964975816874,1.0,20,20,1.0,0.0,0.04015228145582748,0.015903033665128657,0.04873602247435625,0.03286824989284084,0.051703660908333886,0.053781736979840185,1.0,"cascade features clamp L0 = max(0, min(L_hat, 0.5*min(window))); non-zero modes coincide when L_hat >= 0.5*min(window)"
oracle,staircase,0,0.1,0.02,320.0,0.0,0,20,0,0.0,0,0,,,,,,,,,,0,0,,,,,,,,,,,,,20,20,1.0,0.0,0.086775542529603,0.038252268804837314,0.10331242512188867,0.07131629843257017,0.11590004241694535,0.11865663961820835,1.0,20,20,1.0,0.0,0.055223240295469524,0.02377620018941346,0.06087856215862138,0.04228557498203797,0.07461703668152105,0.07769384801225179,1.0,"cascade features clamp L0 = max(0, min(L_hat, 0.5*min(window))); non-zero modes coincide when L_hat >= 0.5*min(window)"
oracle,noisy_plateau,0,0.1,0.02,137.0,0.09536916221554956,0,20,20,1.0,20,20,1.0,0.05,0.0010356677829239944,0.000783812974138818,0.0008527056059906019,0.00045261384821505997,0.0016702916074333315,0.0020855868103041445,0.85,20,20,1.0,0.05,0.0014194554306790406,0.0009731724483220489,0.001456156854580018,0.00046381006672880157,0.002172511744202784,0.002595394015884491,0.5,0.35,0.35,0.5167354888489913,0,0,,,,,,,,,,0,0,,,,,,,,,,"cascade features clamp L0 = max(0, min(L_hat, 0.5*min(window))); non-zero modes coincide when L_hat >= 0.5*min(window)"
oracle,slow_osc_power,0,0.1,0.02,3483.0,0.09996889692898078,0,20,9,0.45,9,9,1.0,0.2222222222222222,0.05381259839431711,0.060922749977071596,0.015622188274300142,0.009507321296631548,0.12543606545710556,0.13335201077232772,0.5555555555555556,9,9,1.0,0.1111111111111111,0.07035940121159326,0.1265064404072633,0.016862816500446808,0.012168673918890158,0.07258387259696752,0.14567795161156546,0.6666666666666666,0.3333333333333333,0.3333333333333333,0.05274085744019139,11,11,1.0,0.36363636363636365,0.07646884572238977,0.06382967017151052,0.07730412164246481,0.014808630268203324,0.11845396035705089,0.14529523098620137,0.36363636363636365,11,11,1.0,0.2727272727272727,0.05987923625085374,0.05347487534500563,0.05674707064414457,0.014445586996142026,0.07394381839199834,0.09637203215236251,0.36363636363636365,"cascade features clamp L0 = max(0, min(L_hat, 0.5*min(window))); non-zero modes coincide when L_hat >= 0.5*min(window)"
oracle,log_oscillatory,0,0.1,0.02,50000.0,0.2992564263745022,1,20,20,1.0,20,20,1.0,0.0,0.03842787290968476,0.03450074152104262,0.025476859141762398,0.015257699140101302,0.06452923019321832,0.08529950926790238,1.0,20,20,1.0,0.0,0.15965400370082566,0.12032417496521394,0.11529376348561048,0.08095011725318443,0.1890138862328299,0.28412910659109675,0.65,0.0,0.0,3.8046109855747323,0,0,,,,,,,,,,0,0,,,,,,,,,,"cascade features clamp L0 = max(0, min(L_hat, 0.5*min(window))); non-zero modes coincide when L_hat >= 0.5*min(window)"
oracle,heavy_noise_plat,0,0.1,0.02,114.0,0.09071795328941246,0,20,20,1.0,20,20,1.0,0.0,0.004657145818001557,0.004067814664922559,0.003988143078410809,0.0018898068427491534,0.005990049850237286,0.010762308231609837,0.85,20,20,1.0,0.05,0.0035056428783811974,0.0036399638736049965,0.0019386664900761692,0.001062470847017087,0.005323685298674295,0.006346519826946813,0.9,0.5,0.5,-0.028354431857361764,0,0,,,,,,,,,,0,0,,,,,,,,,,"cascade features clamp L0 = max(0, min(L_hat, 0.5*min(window))); non-zero modes coincide when L_hat >= 0.5*min(window)"
oracle,broken_power_law,0,0.1,0.02,28776.0,0.09999962012267244,0,20,20,1.0,20,20,1.0,1.0,0.8026534283362035,0.033842988584430925,0.8056411846464338,0.7866030516911059,0.8260984351339209,0.8428974165784843,0.0,20,20,1.0,0.0,0.07280782389892348,0.0021732134273862547,0.07256250095025565,0.07140703700248378,0.07427770692546454,0.0750938772777626,1.0,1.0,1.0,-0.909568309091046,0,0,,,,,,,,,,0,0,,,,,,,,,,"cascade features clamp L0 = max(0, min(L_hat, 0.5*min(window))); non-zero modes coincide when L_hat >= 0.5*min(window)"
oracle,stretched_exp,1,0.1,0.02,579.0,0.09979846505939677,0,20,0,0.0,0,0,,,,,,,,,,0,0,,,,,,,,,,,,,20,20,1.0,0.0,0.027932482131911972,0.01162566984002236,0.02604374487959566,0.021385870601458225,0.03559182170055357,0.038150834513149975,1.0,20,20,1.0,0.0,0.03818023304764752,0.0283920993851393,0.04165724709278401,0.010685646463555668,0.055962312882543906,0.07531118385240117,1.0,"cascade features clamp L0 = max(0, min(L_hat, 0.5*min(window))); non-zero modes coincide when L_hat >= 0.5*min(window)"
oracle,logistic_tail,1,0.1,0.02,135.0,0.09609894819901184,0,20,0,0.0,0,0,,,,,,,,,,0,0,,,,,,,,,,,,,20,20,1.0,0.0,0.1339363273382744,0.027361501086452505,0.14632565797033364,0.1320062472554474,0.14841082802125255,0.15279869217379285,0.05,20,20,1.0,0.0,0.09896354316720246,0.0353316141408826,0.11477727996089017,0.09501791581353142,0.11926255465793276,0.12514658934494396,0.2,"cascade features clamp L0 = max(0, min(L_hat, 0.5*min(window))); non-zero modes coincide when L_hat >= 0.5*min(window)"
oracle,inv_sqrt_log,1,0.1,0.02,2929.0,0.09999046875803731,0,20,20,1.0,20,20,1.0,0.1,0.01916792469910534,0.02165476612056343,0.009441114836495892,0.007838673576429644,0.021368766197534077,0.03586422188086025,0.6,20,20,1.0,0.15,0.028854196578380113,0.044111983048122014,0.011576286246017736,0.0028806761917996356,0.021426125909544305,0.10132428256830141,0.6,0.4,0.4,0.08515333755752244,0,0,,,,,,,,,,0,0,,,,,,,,,,"cascade features clamp L0 = max(0, min(L_hat, 0.5*min(window))); non-zero modes coincide when L_hat >= 0.5*min(window)"
oracle,random_knots,1,0.1,0.02,4730.0,0.09999546250252596,1,20,12,0.6,12,12,1.0,0.0,0.02141676871564645,0.019327579579310923,0.014312931860197005,0.00982642531597149,0.03052510539047481,0.03814758613202362,1.0,12,12,1.0,0.0,0.02455089173156649,0.01737129848838016,0.024844009698434824,0.010293769018669078,0.029868993135615227,0.04806526319928862,0.8333333333333334,0.5,0.5,0.1340110943104031,8,8,1.0,0.0,0.058019494293028356,0.053173148899323355,0.050126726513158956,0.013771911785716438,0.07842768303660574,0.13674438243490658,0.75,8,8,1.0,0.0,0.06629000173639199,0.0662543898827529,0.05406952573952849,0.01604803868914579,0.0766832554022063,0.14806152745572068,0.75,"cascade features clamp L0 = max(0, min(L_hat, 0.5*min(window))); non-zero modes coincide when L_hat >= 0.5*min(window)"
oracle,real_boot_a,1,0.1,0.02,413.0,0.09900189826125952,0,20,0,0.0,0,0,,,,,,,,,,0,0,,,,,,,,,,,,,20,20,1.0,0.0,0.041367923466502726,0.02147578134343596,0.04226664987613909,0.023738098817623447,0.05861897395883666,0.0669547611430619,1.0,20,20,1.0,0.0,0.04299382144644655,0.023969963494952964,0.033001091815157924,0.027834824750636502,0.06676679898229095,0.07282834103274012,1.0,"cascade features clamp L0 = max(0, min(L_hat, 0.5*min(window))); non-zero modes coincide when L_hat >= 0.5*min(window)"
oracle,real_boot_b,1,0.1,0.02,364.0,0.09935491603410883,0,20,0,0.0,0,0,,,,,,,,,,0,0,,,,,,,,,,,,,20,20,1.0,0.0,0.005484715545849716,0.005099495208560626,0.004194772435873715,0.0010527189253881292,0.009912026703262578,0.010961943081915566,1.0,20,20,1.0,0.0,0.006842865153202313,0.00671652845643299,0.005174147995105821,0.00269585068084244,0.009075314482067588,0.011265956672139674,1.0,"cascade features clamp L0 = max(0, min(L_hat, 0.5*min(window))); non-zero modes coincide when L_hat >= 0.5*min(window)"
double,single_exp,0,0.5,0.0,108.0,0.4867522559599715,0,20,0,0.0,0,0,,,,,,,,,,0,0,,,,,,,,,,,,,20,20,1.0,0.0,0.023131787603965646,0.009553430573504048,0.02613507576305704,0.01656755283198854,0.0329330451010447,0.03355117096999675,0.1,20,20,1.0,0.0,0.023498042146748648,0.010910728204067324,0.02655037563209738,0.015320199612058216,0.03462266452232378,0.03534234699504422,0.1,"cascade features clamp L0 = max(0, min(L_hat, 0.5*min(window))); non-zero modes coincide when L_hat >= 0.5*min(window)"
double,two_exp,0,0.5,0.0,129.0,0.4955914190433955,0,20,0,0.0,0,0,,,,,,,,,,0,0,,,,,,,,,,,,,20,20,1.0,0.0,0.020599879957179306,0.012787655353233682,0.022148752474803038,0.01162296018172021,0.03404720849022927,0.035183793037166546,1.0,20,20,1.0,0.0,0.01551179357795878,0.009071809447223916,0.015065488656772576,0.007977589304928617,0.025532125005568583,0.02641488176882129,1.0,"cascade features clamp L0 = max(0, min(L_hat, 0.5*min(window))); non-zero modes coincide when L_hat >= 0.5*min(window)"
double,three_exp,0,0.5,0.0,176.0,0.49876789415554024,0,20,0,0.0,0,0,,,,,,,,,,0,0,,,,,,,,,,,,,20,20,1.0,0.0,0.021010808102010975,0.007005950452463567,0.022821234039309274,0.014898120990920645,0.027523110802703928,0.02851926814847802,1.0,20,20,1.0,0.0,0.01667449511487935,2.7380765423442783e-09,0.016674493456408854,0.016674493019873227,0.016674497393675443,0.01667449819252885,1.0,"cascade features clamp L0 = max(0, min(L_hat, 0.5*min(window))); non-zero modes coincide when L_hat >= 0.5*min(window)"
double,four_exp,0,0.5,0.0,231.0,0.4980680166164721,0,20,0,0.0,0,0,,,,,,,,,,0,0,,,,,,,,,,,,,20,20,1.0,0.0,0.010598098886561,0.006605033695237263,0.011387994228098594,0.0046352063817832745,0.015149407724737954,0.018907359225186576,1.0,20,20,1.0,0.0,0.008724753015821273,9.316793851642957e-10,0.008724752527353719,0.008724752388435078,0.008724753280075485,0.00872475454577078,1.0,"cascade features clamp L0 = max(0, min(L_hat, 0.5*min(window))); non-zero modes coincide when L_hat >= 0.5*min(window)"
double,power_law,0,0.5,0.0,244.0,0.4999340482202355,0,20,0,0.0,0,0,,,,,,,,,,0,0,,,,,,,,,,,,,20,20,1.0,0.0,0.00020635228544165252,1.1448845101979799e-07,0.00020639149154734818,0.0002063890657787431,0.0002063915069309176,0.00020639154163946995,1.0,20,20,1.0,0.0,0.0016197198604966372,1.8805299064915206e-09,0.0016197189112362315,0.0016197188029495654,0.0016197197143691996,0.0016197218065939867,1.0,"cascade features clamp L0 = max(0, min(L_hat, 0.5*min(window))); non-zero modes coincide when L_hat >= 0.5*min(window)"
double,rational_decay,0,0.5,0.0,205.0,0.5,0,20,0,0.0,0,0,,,,,,,,,,0,0,,,,,,,,,,,,,20,20,1.0,0.0,0.011284487784947296,0.004565895750239447,0.013049643773792058,0.008021751783069207,0.015320157845155072,0.01532015863138031,1.0,20,20,1.0,0.0,7.24369661475599e-12,2.616173582346144e-11,5.115352585960409e-14,5.2388648974499574e-15,1.0298289998544874e-12,6.936545782210158e-12,1.0,"cascade features clamp L0 = max(0, min(L_hat, 0.5*min(window))); non-zero modes coincide when L_hat >= 0.5*min(window)"
double,mixed_pow_rat,0,0.5,0.0,254.0,0.4990202976120709,0,20,0,0.0,0,0,,,,,,,,,,0,0,,,,,,,,,,,,,20,20,1.0,0.0,0.009258910785976852,0.005030827832419519,0.011776558355226278,0.003971026099362694,0.013274434992400427,0.014346079863482039,1.0,20,20,1.0,0.0,0.0038011633432631633,3.192625561557319e-10,0.003801163189127571,0.003801163154309159,0.0038011634107296827,0.003801163737579215,1.0,"cascade features clamp L0 = max(0, min(L_hat, 0.5*min(window))); non-zero modes coincide when L_hat >= 0.5*min(window)"
double,multiphase,0,0.5,0.0,504.0,0.49983903719462197,0,20,0,0.0,0,0,,,,,,,,,,0,0,,,,,,,,,,,,,20,20,1.0,0.0,0.05208179408338033,2.396397629568781e-08,0.05208180467357714,0.052081797786160136,0.05208180492034091,0.05208180495864402,1.0,20,20,1.0,0.0,0.048110510869081836,1.1337160785278143e-09,0.04811051025087297,0.048110510237003114,0.04811051092710466,0.04811051247080909,1.0,"cascade features clamp L0 = max(0, min(L_hat, 0.5*min(window))); non-zero modes coincide when L_hat >= 0.5*min(window)"
double,osc_exp,0,0.5,0.0,107.0,0.47832942079368884,0,20,0,0.0,0,0,,,,,,,,,,0,0,,,,,,,,,,,,,20,20,1.0,0.0,0.026104836149172205,0.017037878411481175,0.020972942534309966,0.01110415465451027,0.043984681888926944,0.04646338995058483,0.55,20,20,1.0,0.0,0.02213832364840233,0.01713014239180975,0.010293278965320389,0.008365077246063009,0.04036754645312275,0.043577032627884885,0.6,"cascade features clamp L0 = max(0, min(L_hat, 0.5*min(window))); non-zero modes coincide when L_hat >= 0.5*min(window)"
double,damped_osc_pow,0,0.5,0.0,260.0,0.49940767513390516,0,20,0,0.0,0,0,,,,,,,,,,0,0,,,,,,,,,,,,,20,20,1.0,0.0,0.0005441721687882393,3.9909445284641125e-09,0.0005441738081275876,0.0005441733220324391,0.0005441738485475779,0.0005441738591455116,1.0,20,20,1.0,0.0,0.0030542371635270604,1.2774206319823253e-09,0.0030542369640875373,0.0030542363857161275,0.0030542371189136025,0.0030542378092053577,1.0,"cascade features clamp L0 = max(0, min(L_hat, 0.5*min(window))); non-zero modes coincide when L_hat >= 0.5*min(window)"
double,log_slow,0,0.5,0.0,8594.0,0.49999975284240333,0,20,0,0.0,0,0,,,,,,,,,,0,0,,,,,,,,,,,,,20,20,1.0,0.0,0.012364433391777532,2.9596962294060223e-09,0.012364432567046946,0.012364432332690918,0.012364433159917036,0.012364433713681688,1.0,20,20,1.0,0.0,0.044586152092698776,2.5337384486923154e-09,0.044586150853971725,0.0445861504918741,0.04458615235317009,0.044586155883789266,1.0,"cascade features clamp L0 = max(0, min(L_hat, 0.5*min(window))); non-zero modes coincide when L_hat >= 0.5*min(window)"
double,delayed_plateau,0,0.5,0.0,160.0,0.49658484551706805,0,20,0,0.0,0,0,,,,,,,,,,0,0,,,,,,,,,,,,,20,20,1.0,0.0,0.046542801979433335,0.009171235984845427,0.051018309412196164,0.04258423042825323,0.05384600908801724,0.054466336582499206,1.0,20,20,1.0,0.0,0.024800913041006692,0.009148949844623628,0.029580054556203952,0.01954876153736164,0.03180694918800769,0.032207864799158215,1.0,"cascade features clamp L0 = max(0, min(L_hat, 0.5*min(window))); non-zero modes coincide when L_hat >= 0.5*min(window)"
double,staircase,0,0.5,0.0,170.0,0.2777777777777778,0,20,0,0.0,0,0,,,,,,,,,,0,0,,,,,,,,,,,,,20,20,1.0,0.0,0.11219218415731455,0.02311729036458741,0.12114326042477,0.1020634404560104,0.13123890989237152,0.13292196296760614,0.7,20,20,1.0,0.0,0.07245084550943084,0.02554050580080355,0.08280005709593827,0.06364845462176233,0.09281222365916669,0.09450386709350488,1.0,"cascade features clamp L0 = max(0, min(L_hat, 0.5*min(window))); non-zero modes coincide when L_hat >= 0.5*min(window)"
double,noisy_plateau,0,0.5,0.0,104.0,0.4965853037914094,0,20,20,1.0,20,20,1.0,0.05,0.000660596259170384,0.0005183362462687816,0.0005194203993993465,0.00028155537719175804,0.0008765565050916219,0.0013417034637183433,0.75,20,20,1.0,0.05,0.0007937891459343673,0.0007730585754533619,0.000489419701042419,0.0003103934507954209,0.0012337653301839873,0.0015724024539438474,0.85,0.45,0.45,0.2592593895112324,0,0,,,,,,,,,,0,0,,,,,,,,,,"cascade features clamp L0 = max(0, min(L_hat, 0.5*min(window))); non-zero modes coincide when L_hat >= 0.5*min(window)"
double,slow_osc_power,0,0.5,0.0,415.0,0.49840630355024784,0,20,0,0.0,0,0,,,,,,,,,,0,0,,,,,,,,,,,,,20,20,1.0,0.2,0.04452894576946316,0.025325323932287522,0.04245588769839434,0.015873967798700005,0.06849597331774887,0.07306311540433139,0.1,20,20,1.0,0.0,0.040403712633953016,0.019054733420858172,0.053185584779487496,0.01645165553135748,0.05540179089132187,0.05540208979566682,0.1,"cascade features clamp L0 = max(0, min(L_hat, 0.5*min(window))); non-zero modes coincide when L_hat >= 0.5*min(window)"
double,log_oscillatory,0,0.5,0.0,533.0,0.49841524754235217,0,20,20,1.0,20,20,1.0,0.0,0.020862328111592766,0.003768100549523304,0.021726668078727585,0.018576968931405605,0.023917138648647657,0.024151246219351167,1.0,20,20,1.0,0.0,0.06193824242161461,0.029794498125755194,0.05275241325249088,0.03970518683974391,0.07530573114531622,0.0983119849658214,0.9,0.0,0.0,1.428261909292118,0,0,,,,,,,,,,0,0,,,,,,,,,,"cascade features clamp L0 = max(0, min(L_hat, 0.5*min(window))); non-zero modes coincide when L_hat >= 0.5*min(window)"
double,heavy_noise_plat,0,0.5,0.0,97.0,0.49658530379140886,0,20,20,1.0,20,20,1.0,0.1,0.0010659104021920342,0.0007659587739872063,0.0010449809264816237,0.00045557819756255214,0.0013085487302099096,0.002021513906713269,0.65,20,20,1.0,0.05,0.0011384243349295126,0.0008230785398351943,0.0010020728238386884,0.0005126583150397903,0.0015925088263165016,0.0019252596137008249,0.6,0.3,0.3,0.14567610234407932,0,0,,,,,,,,,,0,0,,,,,,,,,,"cascade features clamp L0 = max(0, min(L_hat, 0.5*min(window))); non-zero modes coincide when L_hat >= 0.5*min(window)"
double,broken_power_law,0,0.5,0.0,514.0,0.49991211917454004,0,20,20,1.0,20,20,1.0,0.0,0.32321381808018385,0.0028287567472834027,0.3246437803965977,0.3218995105524508,0.32503592769843964,0.3250712410151631,0.0,20,20,1.0,0.0,0.020273304221774275,3.238326765932668e-10,0.020273304131267204,0.020273304131043217,0.020273304138911836,0.020273304277762874,1.0,1.0,1.0,-0.9375521398461151,0,0,,,,,,,,,,0,0,,,,,,,,,,"cascade features clamp L0 = max(0, min(L_hat, 0.5*min(window))); non-zero modes coincide when L_hat >= 0.5*min(window)"
double,stretched_exp,1,0.5,0.0,193.0,0.49828241532615414,0,20,0,0.0,0,0,,,,,,,,,,0,0,,,,,,,,,,,,,20,20,1.0,0.0,0.013678359830856695,0.00939898739434771,0.0158965909095746,0.004091362387133923,0.02279181587329695,0.02440637700612741,1.0,20,20,1.0,0.0,0.004246412946020512,0.0009611194860667298,0.0037942526916244085,0.0037942523173359888,0.0037954251942291725,0.006190242357340764,1.0,"cascade features clamp L0 = max(0, min(L_hat, 0.5*min(window))); non-zero modes coincide when L_hat >= 0.5*min(window)"
double,logistic_tail,1,0.5,0.0,105.0,0.47748855939048196,0,20,0,0.0,0,0,,,,,,,,,,0,0,,,,,,,,,,,,,20,20,1.0,0.0,0.13453247481536285,0.020458047028785915,0.1429910490477929,0.13379007389033196,0.14620170953248102,0.14916300992087106,0.0,20,20,1.0,0.0,0.10558544195180626,0.02855684137114394,0.11773862950967834,0.10352106484957635,0.12263554565569809,0.12711968298032827,0.1,"cascade features clamp L0 = max(0, min(L_hat, 0.5*min(window))); non-zero modes coincide when L_hat >= 0.5*min(window)"
double,inv_sqrt_log,1,0.5,0.0,245.0,0.4997783934707863,0,20,1,0.05,1,1,1.0,0.0,0.00018812682834334904,,0.00018812682834334904,0.00018812682834334904,0.00018812682834334904,0.00018812682834334904,1.0,1,1,1.0,0.0,0.0009659907695336312,,0.0009659907695336312,0.0009659907695336312,0.0009659907695336312,0.0009659907695336312,1.0,0.0,0.0,4.134784751543292,19,19,1.0,0.0,0.00018812784256112478,2.9901059710732434e-09,0.00018812686165392556,0.0001881268201295791,0.00018812710385955958,0.000188128661352277,1.0,19,19,1.0,0.0,0.0009659890913221306,1.468027047602363e-09,0.0009659885372755306,0.0009659879227879968,0.000965989271660684,0.0009659917027151993,1.0,"cascade features clamp L0 = max(0, min(L_hat, 0.5*min(window))); non-zero modes coincide when L_hat >= 0.5*min(window)"
double,random_knots,1,0.5,0.0,314.5,0.49936083587279756,0,20,0,0.0,0,0,,,,,,,,,,0,0,,,,,,,,,,,,,20,20,1.0,0.0,0.007105932190348605,0.007443704736493803,0.0031761587692566914,0.0022144707956821934,0.013710670734232506,0.01772268466888845,1.0,20,20,1.0,0.0,0.008863328818248757,0.010660939844829605,0.004602857631864545,0.0025666893295527675,0.00952232811054272,0.02271859662944384,1.0,"cascade features clamp L0 = max(0, min(L_hat, 0.5*min(window))); non-zero modes coincide when L_hat >= 0.5*min(window)"
double,real_boot_a,1,0.5,0.0,203.0,0.49951204685092926,0,20,0,0.0,0,0,,,,,,,,,,0,0,,,,,,,,,,,,,20,20,1.0,0.0,0.014302420859139343,0.00817439040794986,0.013078595129100645,0.007183981160763096,0.023420758000061125,0.023788924885265284,1.0,20,20,1.0,0.0,0.016291387449183264,2.21021251637816e-09,0.016291386257801674,0.016291385723764238,0.016291388899501023,0.01629139081073323,1.0,"cascade features clamp L0 = max(0, min(L_hat, 0.5*min(window))); non-zero modes coincide when L_hat >= 0.5*min(window)"
double,real_boot_b,1,0.5,0.0,172.0,0.496916665259355,0,20,0,0.0,0,0,,,,,,,,,,0,0,,,,,,,,,,,,,20,20,1.0,0.0,0.004401235620450373,0.0010834512793388303,0.004928688919167479,0.004870130902468938,0.0049286943700318775,0.004928703758769734,1.0,20,20,1.0,0.0,0.005555527155152647,0.0020252861743681634,0.006736013856360832,0.005169751594828794,0.006736013914638591,0.00673601392039056,1.0,"cascade features clamp L0 = max(0, min(L_hat, 0.5*min(window))); non-zero modes coincide when L_hat >= 0.5*min(window)"
double,single_exp,0,0.5,0.005,108.0,0.4867522559599715,0,20,0,0.0,0,0,,,,,,,,,,0,0,,,,,,,,,,,,,20,20,1.0,0.1,0.023053039815828236,0.009679623481356767,0.02604366070047256,0.015730341887188866,0.03307548993087405,0.03358054925718429,0.05,20,20,1.0,0.1,0.02340333845600813,0.011076810078845612,0.026451097480454353,0.015084804344909927,0.03473426180295392,0.03535684970594926,0.1,"cascade features clamp L0 = max(0, min(L_hat, 0.5*min(window))); non-zero modes coincide when L_hat >= 0.5*min(window)"
double,two_exp,0,0.5,0.005,129.0,0.4955914190433955,0,20,0,0.0,0,0,,,,,,,,,,0,0,,,,,,,,,,,,,20,20,1.0,0.0,0.02059384392136796,0.012803309453337401,0.022755805859584685,0.010726636062642868,0.03396956213984036,0.035269463416569946,1.0,20,20,1.0,0.0,0.015225098066347859,0.0096497207443341,0.015335854245031519,0.006517209319282971,0.025576920891903658,0.026625597988578963,1.0,"cascade features clamp L0 = max(0, min(L_hat, 0.5*min(window))); non-zero modes coincide when L_hat >= 0.5*min(window)"
double,three_exp,0,0.5,0.005,176.0,0.49876789415554024,0,20,0,0.0,0,0,,,,,,,,,,0,0,,,,,,,,,,,,,20,20,1.0,0.0,0.022004270672268907,0.006038856552198701,0.021991279225776927,0.016603262824757582,0.027815555521710802,0.029050738418760203,1.0,20,20,1.0,0.0,0.01658975798659364,0.007558287528597272,0.01828527094758753,0.012488939954336427,0.022670496717412225,0.02390846907077744,1.0,"cascade features clamp L0 = max(0, min(L_hat, 0.5*min(window))); non-zero modes coincide when L_hat >= 0.5*min(window)"
double,four_exp,0,0.5,0.005,231.0,0.4980680166164721,0,20,0,0.0,0,0,,,,,,,,,,0,0,,,,,,,,,,,,,20,20,1.0,0.0,0.011804787497848019,0.007011723565914452,0.012377201078857883,0.00529313260878745,0.015614264788307276,0.022018976770105708,1.0,20,20,1.0,0.0,0.011138736200958902,0.008133084392114921,0.010394826352914395,0.004037155825520344,0.014784880968289907,0.02049055743447638,1.0,"cascade features clamp L0 = max(0, min(L_hat, 0.5*min(window))); non-zero modes coincide when L_hat >= 0.5*min(window)"
double,power_law,0,0.5,0.005,244.0,0.4999340482202355,0,20,0,0.0,0,0,,,,,,,,,,0,0,,,,,,,,,,,,,20,20,1.0,0.0,0.004253970121833902,0.004120905024962718,0.0027699018656775418,0.0021667861751946717,0.005945510318392249,0.007047049292044286,0.95,20,20,1.0,0.0,0.004010633480466516,0.0026702998025608356,0.003199711285900665,0.002176275111079446,0.005941488349373336,0.006647467811999963,0.95,"cascade features clamp L0 = max(0, min(L_hat, 0.5*min(window))); non-zero modes coincide when L_hat >= 0.5*min(window)"
double,rational_decay,0,0.5,0.005,205.0,0.5,0,20,0,0.0,0,0,,,,,,,,,,0,0,,,,,,,,,,,,,20,20,1.0,0.0,0.011479406739243237,0.005017821977770411,0.01155115142219814,0.008282232303901134,0.01502302451936519,0.017177128221341265,1.0,20,20,1.0,0.0,0.0061434678399150434,0.004777731711834299,0.005224398698313683,0.0025931639690373494,0.01036200391271469,0.012235472616997948,1.0,"cascade features clamp L0 = max(0, min(L_hat, 0.5*min(window))); non-zero modes coincide when L_hat >= 0.5*min(window)"
double,mixed_pow_rat,0,0.5,0.005,254.0,0.4990202976120709,0,20,0,0.0,0,0,,,,,,,,,,0,0,,,,,,,,,,,,,20,20,1.0,0.0,0.009065652439756563,0.004476682963841502,0.010731557740787559,0.005379286096233497,0.012865870920655238,0.013701967890618382,1.0,20,20,1.0,0.0,0.006869329343485539,0.0043978838285036025,0.006116420399987874,0.0032904149775906076,0.010015274021001656,0.011123608883477116,1.0,"cascade features clamp L0 = max(0, min(L_hat, 0.5*min(window))); non-zero modes coincide when L_hat >= 0.5*min(window)"
double,multiphase,0,0.5,0.005,504.0,0.49983903719462197,0,20,0,0.0,0,0,,,,,,,,,,0,0,,,,,,,,,,,,,20,20,1.0,0.0,0.05027213183145875,0.0034215161451634428,0.051346840293604645,0.04796385817132683,0.052835095009423856,0.05325075015513725,1.0,20,20,1.0,0.0,0.04764821005408417,0.0020014802677586845,0.047902391502167484,0.046788510526661976,0.048933890413676615,0.049737808771364335,1.0,"cascade features clamp L0 = max(0, min(L_hat, 0.5*min(window))); non-zero modes coincide when L_hat >= 0.5*min(window)"
double,osc_exp,0,0.5,0.005,107.0,0.47832942079368884,0,20,0,0.0,0,0,,,,,,,,,,0,0,,,,,,,,,,,,,20,20,1.0,0.0,0.025970519077200743,0.01714779278300709,0.02026487584858301,0.01039624030489534,0.04420003495278239,0.04621285044777173,0.45,20,20,1.0,0.0,0.02208929411356559,0.017179851249403123,0.01068444903793881,0.007578530616874302,0.04046963617088846,0.04334910106437004,0.6,"cascade features clamp L0 = max(0, min(L_hat, 0.5*min(window))); non-zero modes coincide when L_hat >= 0.5*min(window)"
double,damped_osc_pow,0,0.5,0.005,260.0,0.49940767513390516,0,20,0,0.0,0,0,,,,,,,,,,0,0,,,,,,,,,,,,,20,20,1.0,0.0,0.005990781731481163,0.004402853215672991,0.005575090755374476,0.0021617093827725753,0.008741920256369322,0.011937893664741007,1.0,20,20,1.0,0.0,0.00673430887900209,0.003105593071483572,0.006132674986732442,0.004296334093957398,0.009046827534567665,0.011246783826788011,1.0,"cascade features clamp L0 = max(0, min(L_hat, 0.5*min(window))); non-zero modes coincide when L_hat >= 0.5*min(window)"
double,log_slow,0,0.5,0.005,8594.0,0.49999975284240333,0,20,0,0.0,0,0,,,,,,,,,,0,0,,,,,,,,,,,,,20,20,1.0,0.0,0.03482870524818833,0.016587941696515854,0.033838568226776874,0.024618016930108826,0.043598180557160054,0.05826563588988967,1.0,20,20,1.0,0.0,0.04252056484147432,0.01437239189040039,0.04566868587469669,0.031145211293076833,0.05280448831054611,0.05839337399616943,1.0,"cascade features clamp L0 = max(0, min(L_hat, 0.5*min(window))); non-zero modes coincide when L_hat >= 0.5*min(window)"
double,delayed_plateau,0,0.5,0.005,160.0,0.49658484551706805,0,20,0,0.0,0,0,,,,,,,,,,0,0,,,,,,,,,,,,,20,20,1.0,0.0,0.0463677676199653,0.009218900339168003,0.0507999334393935,0.041850847131356214,0.053583649911591404,0.05437962109811932,1.0,20,20,1.0,0.0,0.02488296596778337,0.009577351038101572,0.02927881489008541,0.018647850222890998,0.032289737186324816,0.03310203558880427,1.0,"cascade features clamp L0 = max(0, min(L_hat, 0.5*min(window))); non-zero modes coincide when L_hat >= 0.5*min(window)"
double,staircase,0,0.5,0.005,170.0,0.2777777777777778,0,20,0,0.0,0,0,,,,,,,,,,0,0,,,,,,,,,,,,,20,20,1.0,0.0,0.1118384087128476,0.023530280691698793,0.121407440922158,0.10240322046329281,0.13044787154319756,0.1325067854746417,0.65,20,20,1.0,0.0,0.07287306946849464,0.0245752215063821,0.08300483413407117,0.06387518283277349,0.09161312646765246,0.09444859914929711,1.0,"cascade features clamp L0 = max(0, min(L_hat, 0.5*min(window))); non-zero modes coincide when L_hat >= 0.5*min(window)"
double,noisy_plateau,0,0.5,0.005,104.0,0.4965853037914094,0,20,20,1.0,20,20,1.0,0.05,0.0006945728092573862,0.0005270804130091585,0.0005855895042247757,0.0003674134167658107,0.0008463678290649406,0.001315627820279489,0.75,20,20,1.0,0.05,0.0008943051171941746,0.000693047035701738,0.0007119161585428437,0.0004194788804899527,0.0012673529326736738,0.0015828601518816739,0.75,0.3,0.3,0.4799200266046467,0,0,,,,,,,,,,0,0,,,,,,,,,,"cascade features clamp L0 = max(0, min(L_hat, 0.5*min(window))); non-zero modes coincide when L_hat >= 0.5*min(window)"
double,slow_osc_power,0,0.5,0.005,415.0,0.49840630355024784,0,20,0,0.0,0,0,,,,,,,,,,0,0,,,,,,,,,,,,,20,20,1.0,0.15,0.04354724801197255,0.024514515559009083,0.04264538722028968,0.016029975821423473,0.06876531037148056,0.07037196841635104,0.15,20,20,1.0,0.2,0.04106839874757984,0.025842527629129416,0.04528697718483453,0.01652905091868798,0.051004800538251016,0.05580536280462869,0.15,"cascade features clamp L0 = max(0, min(L_hat, 0.5*min(window))); non-zero modes coincide when L_hat >= 0.5*min(window)"
double,log_oscillatory,0,0.5,0.005,533.0,0.49841524754235217,0,20,20,1.0,20,20,1.0,0.0,0.02069617658468053,0.0051281300157753505,0.022251833470728538,0.01782038568901001,0.024706616684415098,0.026078498529621803,1.0,20,20,1.0,0.0,0.062156243388329015,0.03092525259423324,0.052504726446076934,0.03976122847628795,0.07145288678592704,0.0952100483157434,0.9,0.0,0.0,1.3159888751265902,0,0,,,,,,,,,,0,0,,,,,,,,,,"cascade features clamp L0 = max(0, min(L_hat, 0.5*min(window))); non-zero modes coincide when L_hat >= 0.5*min(window)"
double,heavy_noise_plat,0,0.5,0.005,97.0,0.49658530379140886,0,20,20,1.0,20,20,1.0,0.0,0.0012768559760998723,0.0007853352078831876,0.0011732044474667596,0.0006409174056498717,0.0019023699223709644,0.0024610777844976815,0.8,20,20,1.0,0.0,0.0010816847417179306,0.0008463842985363982,0.0008994447182513899,0.0004778331570275147,0.0013551446577218613,0.0024374307587188148,0.85,0.55,0.55,-0.08306077445209117,0,0,,,,,,,,,,0,0,,,,,,,,,,"cascade features clamp L0 = max(0, min(L_hat, 0.5*min(window))); non-zero modes coincide when L_hat >= 0.5*min(window)"
double,broken_power_law,0,0.5,0.005,514.0,0.49991211917454004,0,20,20,1.0,20,20,1.0,0.3,0.3242164721546609,0.0026620104707499722,0.3244395378890028,0.3226444848027643,0.3257447257605679,0.3275883118376957,0.0,20,20,1.0,0.0,0.0201277449963521,0.00042189239206671215,0.020075718534444967,0.01984844875160619,0.02048873800155717,0.020669779283158586,1.0,1.0,1.0,-0.9379578723158226,0,0,,,,,,,,,,0,0,,,,,,,,,,"cascade features clamp L0 = max(0, min(L_hat, 0.5*min(window))); non-zero modes coincide when L_hat >= 0.5*min(window)"
double,stretched_exp,1,0.5,0.005,193.0,0.49828241532615414,0,20,0,0.0,0,0,,,,,,,,,,0,0,,,,,,,,,,,,,20,20,1.0,0.0,0.013909921427420976,0.009514029397459833,0.01656397849029559,0.004975552570029962,0.022640756848715898,0.02462765842086259,1.0,20,20,1.0,0.0,0.006346146077307169,0.003950988992122118,0.005708969183614507,0.003722098101355875,0.007837180305797428,0.010575791226890105,1.0,"cascade features clamp L0 = max(0, min(L_hat, 0.5*min(window))); non-zero modes coincide when L_hat >= 0.5*min(window)"
double,logistic_tail,1,0.5,0.005,105.0,0.47748855939048196,0,20,0,0.0,0,0,,,,,,,,,,0,0,,,,,,,,,,,,,20,20,1.0,0.0,0.13457074476824463,0.020397521842422026,0.14323040954730049,0.13411437944152327,0.145949232594185,0.14846987800962336,0.0,20,20,1.0,0.0,0.10561604248222119,0.028513799607253823,0.11791840604411552,0.10378601161146121,0.12236098824936428,0.12652039574734492,0.1,"cascade features clamp L0 = max(0, min(L_hat, 0.5*min(window))); non-zero modes coincide when L_hat >= 0.5*min(window)"
double,inv_sqrt_log,1,0.5,0.005,245.0,0.4997783934707863,0,20,1,0.05,1,1,1.0,0.0,0.004009908179347099,,0.004009908179347099,0.004009908179347099,0.004009908179347099,0.004009908179347099,1.0,1,1,1.0,0.0,0.004272134883137713,,0.004272134883137713,0.004272134883137713,0.004272134883137713,0.004272134883137713,1.0,0.0,0.0,0.06539469036752599,19,19,1.0,0.0,0.004078226515273053,0.0029247914614248553,0.0034376345043512363,0.0019537074829050934,0.005423958020112177,0.007680023032946754,0.8421052631578947,19,19,1.0,0.0,0.004559103632337169,0.005078607836422341,0.0024970287275120073,0.0019073807570583814,0.004816440688195391,0.009848563953742694,0.8947368421052632,"cascade features clamp L0 = max(0, min(L_hat, 0.5*min(window))); non-zero modes coincide when L_hat >= 0.5*min(window)"
double,random_knots,1,0.5,0.005,314.5,0.49936083587279756,0,20,1,0.05,1,1,1.0,0.0,0.01201672831475141,,0.01201672831475141,0.01201672831475141,0.01201672831475141,0.01201672831475141,0.0,1,1,1.0,0.0,0.009278001137880895,,0.009278001137880895,0.009278001137880895,0.009278001137880895,0.009278001137880895,0.0,1.0,1.0,-0.2279095528446397,19,19,1.0,0.0,0.010583392806822084,0.00918851376051079,0.0066564297116636535,0.005224353712503078,0.011427539347660779,0.021821130959134877,0.9473684210526315,19,19,1.0,0.0,0.012170414571307913,0.012650126075427693,0.00828837272222352,0.003247930406727346,0.01468944271462954,0.02906130766002401,1.0,"cascade features clamp L0 = max(0, min(L_hat, 0.5*min(window))); non-zero modes coincide when L_hat >= 0.5*min(window)"
double,real_boot_a,1,0.5,0.005,203.0,0.49951204685092926,0,20,0,0.0,0,0,,,,,,,,,,0,0,,,,,,,,,,,,,20,20,1.0,0.0,0.01405895209383427,0.00856869524818901,0.01302208666373067,0.008439659104360918,0.022132447018094324,0.024324193193923933,1.0,20,20,1.0,0.0,0.01598105621115794,0.007304669755030011,0.013292744764699382,0.011157126649106015,0.02101288422753641,0.026094339099910675,1.0,"cascade features clamp L0 = max(0, min(L_hat, 0.5*min(window))); non-zero modes coincide when L_hat >= 0.5*min(window)"
double,real_boot_b,1,0.5,0.005,172.0,0.496916665259355,0,20,0,0.0,0,0,,,,,,,,,,0,0,,,,,,,,,,,,,20,20,1.0,0.0,0.006547923343453031,0.003617984316638491,0.006008724024882419,0.004164833384833942,0.008518728221248937,0.010926111534749438,1.0,20,20,1.0,0.0,0.006445994257658646,0.0030852274283791874,0.0066388235518374805,0.005192228395695381,0.007955660602856202,0.010156219143346029,1.0,"cascade features clamp L0 = max(0, min(L_hat, 0.5*min(window))); non-zero modes coincide when L_hat >= 0.5*min(window)"
double,single_exp,0,0.5,0.02,108.0,0.4867522559599715,0,20,0,0.0,0,0,,,,,,,,,,0,0,,,,,,,,,,,,,20,20,1.0,0.1,0.02379608967209155,0.00992817766014418,0.023877748950146212,0.016323901166920535,0.03231835868700213,0.03535473664250305,0.25,20,20,1.0,0.1,0.024273924934822805,0.011385521745133659,0.025485954437806647,0.015734818934019325,0.03404766937746544,0.03678059123757582,0.25,"cascade features clamp L0 = max(0, min(L_hat, 0.5*min(window))); non-zero modes coincide when L_hat >= 0.5*min(window)"
double,two_exp,0,0.5,0.02,129.0,0.4955914190433955,0,20,0,0.0,0,0,,,,,,,,,,0,0,,,,,,,,,,,,,20,20,1.0,0.0,0.02103402130769788,0.01282012653152226,0.02222226282694413,0.010132967140749974,0.03373356800879838,0.035448117354197006,0.95,20,20,1.0,0.0,0.016371687457386368,0.00951269219584668,0.01641842070061031,0.009258564113834182,0.025337123074874943,0.027985103287136277,0.95,"cascade features clamp L0 = max(0, min(L_hat, 0.5*min(window))); non-zero modes coincide when L_hat >= 0.5*min(window)"
double,three_exp,0,0.5,0.02,176.0,0.49876789415554024,0,20,0,0.0,0,0,,,,,,,,,,0,0,,,,,,,,,,,,,20,20,1.0,0.0,0.02368521345475409,0.01154889631282332,0.02516653428021816,0.016900514881341457,0.02920653841804978,0.032085042416593434,1.0,20,20,1.0,0.0,0.01805489818068474,0.012254936944869534,0.015136002886098628,0.009167733963796852,0.02445722738957317,0.029229402432831297,1.0,"cascade features clamp L0 = max(0, min(L_hat, 0.5*min(window))); non-zero modes coincide when L_hat >= 0.5*min(window)"
double,four_exp,0,0.5,0.02,231.0,0.4980680166164721,0,20,0,0.0,0,0,,,,,,,,,,0,0,,,,,,,,,,,,,20,20,1.0,0.0,0.017887102711111158,0.012455629942894647,0.01729945720638902,0.009769405655968934,0.020590278082866204,0.03070279330153622,1.0,20,20,1.0,0.0,0.024563617128653525,0.02162749649746274,0.019486754998473736,0.010494359265907666,0.03185179283530073,0.04226187706175182,0.95,"cascade features clamp L0 = max(0, min(L_hat, 0.5*min(window))); non-zero modes coincide when L_hat >= 0.5*min(window)"
double,power_law,0,0.5,0.02,244.0,0.4999340482202355,0,20,20,1.0,20,20,1.0,0.1,0.008329711303506812,0.005644281761721334,0.007492277962089618,0.0033036267360598455,0.013595021521210948,0.016015389303009456,0.75,20,20,1.0,0.05,0.009921395129817576,0.004960333556124679,0.009658746983821576,0.0064984410073008906,0.0116367032356331,0.015689830439874358,0.65,0.45,0.45,0.3452657561094946,0,0,,,,,,,,,,0,0,,,,,,,,,,"cascade features clamp L0 = max(0, min(L_hat, 0.5*min(window))); non-zero modes coincide when L_hat >= 0.5*min(window)"
double,rational_decay,0,0.5,0.02,205.0,0.5,0,20,0,0.0,0,0,,,,,,,,,,0,0,,,,,,,,,,,,,20,20,1.0,0.0,0.012570172438094478,0.009059427923264167,0.008456234651764594,0.004736151955453842,0.019120317443889884,0.02334730330425103,1.0,20,20,1.0,0.0,0.014916665242939414,0.013427030051335463,0.011252584796763027,0.00416438342791671,0.023748899138068755,0.03542481482831636,1.0,"cascade features clamp L0 = max(0, min(L_hat, 0.5*min(window))); non-zero modes coincide when L_hat >= 0.5*min(window)"
double,mixed_pow_rat,0,0.5,0.02,254.0,0.4990202976120709,0,20,0,0.0,0,0,,,,,,,,,,0,0,,,,,,,,,,,,,20,20,1.0,0.0,0.015270304976475033,0.012534918051598174,0.013449952160613926,0.00703918237765104,0.021712654971501807,0.029598397306803303,0.95,20,20,1.0,0.0,0.024558316314523727,0.02840594064894374,0.015903770726001215,0.004539458167008591,0.029773378571792467,0.057825062655021624,0.8,"cascade features clamp L0 = max(0, min(L_hat, 0.5*min(window))); non-zero modes coincide when L_hat >= 0.5*min(window)"
double,multiphase,0,0.5,0.02,504.0,0.49983903719462197,0,20,0,0.0,0,0,,,,,,,,,,0,0,,,,,,,,,,,,,20,20,1.0,0.0,0.03735095606991007,0.02090769152232356,0.039594968542654735,0.019937602426756466,0.05278838668745165,0.0624463388515642,1.0,20,20,1.0,0.0,0.037481545348807335,0.016493530040494437,0.04152854891934703,0.022745450511039815,0.04849812899909991,0.057427342012693935,1.0,"cascade features clamp L0 = max(0, min(L_hat, 0.5*min(window))); non-zero modes coincide when L_hat >= 0.5*min(window)"
double,osc_exp,0,0.5,0.02,107.0,0.47832942079368884,0,20,0,0.0,0,0,,,,,,,,,,0,0,,,,,,,,,,,,,20,20,1.0,0.05,0.026297965604490804,0.015740966947671957,0.021605048690269857,0.012884302096295548,0.04202438877994215,0.046471125816834345,0.65,20,20,1.0,0.05,0.02214351418428532,0.01628036764511093,0.01614364438909216,0.008021866061345792,0.03891444371948041,0.04355191133114724,0.7,"cascade features clamp L0 = max(0, min(L_hat, 0.5*min(window))); non-zero modes coincide when L_hat >= 0.5*min(window)"
double,damped_osc_pow,0,0.5,0.02,260.0,0.49940767513390516,0,20,16,0.8,16,16,1.0,0.0,0.008870408236683268,0.007726968068090337,0.006627591253578861,0.0027969863759471428,0.011173952385699173,0.01970531906358115,0.9375,16,16,1.0,0.0,0.009945270073929521,0.00527084393920722,0.007977975019216786,0.006184278416283275,0.01240544945682502,0.016777295930526806,0.9375,0.5,0.5,0.04717319911098407,4,4,1.0,0.25,0.01900121929904504,0.01733428779945213,0.01727042551898028,0.006931759390506552,0.029339885427518766,0.03575321004071636,0.75,4,4,1.0,0.25,0.03589521154112989,0.05281814408364018,0.012759301891799326,0.005702820297965766,0.04295169313496344,0.08586416568802763,0.75,"cascade features clamp L0 = max(0, min(L_hat, 0.5*min(window))); non-zero modes coincide when L_hat >= 0.5*min(window)"
double,log_slow,0,0.5,0.02,8594.0,0.49999975284240333,0,20,19,0.95,19,19,1.0,0.0,0.04761698703209008,0.02077926650454265,0.04566777997578281,0.03438896377061462,0.06599439198642826,0.0703518606738262,1.0,19,19,1.0,0.0,0.05186057315620232,0.026739180091823456,0.057788743522442274,0.03582576639913316,0.06788837797946704,0.08539996033691147,0.8947368421052632,0.5789473684210527,0.5789473684210527,-0.06756354584598624,1,1,1.0,0.0,0.07357993097075281,,0.07357993097075281,0.07357993097075281,0.07357993097075281,0.07357993097075281,0.0,1,1,1.0,0.0,0.13548420828956206,,0.13548420828956206,0.13548420828956206,0.13548420828956206,0.13548420828956206,0.0,"cascade features clamp L0 = max(0, min(L_hat, 0.5*min(window))); non-zero modes coincide when L_hat >= 0.5*min(window)"
double,delayed_plateau,0,0.5,0.02,160.0,0.49658484551706805,0,20,0,0.0,0,0,,,,,,,,,,0,0,,,,,,,,,,,,,20,20,1.0,0.0,0.0474574187144381,0.009006280223675492,0.051711092739732956,0.044175685596123136,0.053258881610531335,0.05384436605048524,1.0,20,20,1.0,0.0,0.02353125534801583,0.008427599802207019,0.026909142853724033,0.019519074235420417,0.028970416561404568,0.03177398592167634,1.0,"cascade features clamp L0 = max(0, min(L_hat, 0.5*min(window))); non-zero modes coincide when L_hat >= 0.5*min(window)"
double,staircase,0,0.5,0.02,170.0,0.2777777777777778,0,20,0,0.0,0,0,,,,,,,,,,0,0,,,,,,,,,,,,,20,20,1.0,0.0,0.11125509290707629,0.024462664735127284,0.12201758459738257,0.09793612946055331,0.12936773921522965,0.1325413177985385,0.65,20,20,1.0,0.0,0.07259481441143698,0.025948535674489674,0.08218098940075919,0.06397426085001214,0.09209327789497912,0.0940719336095815,0.9,"cascade features clamp L0 = max(0, min(L_hat, 0.5*min(window))); non-zero modes coincide when L_hat >= 0.5*min(window)"
double,noisy_plateau,0,0.5,0.02,104.0,0.4965853037914094,0,20,20,1.0,20,20,1.0,0.05,0.0007504695519107081,0.0004961259153881378,0.0006883211982606323,0.00038628067437793817,0.001089558537743551,0.0014522267232136405,0.9,20,20,1.0,0.05,0.0009039390235536886,0.0005911687090410114,0.0007932041472433413,0.0005273894761917974,0.0012842470989877725,0.0018345307114980684,0.75,0.45,0.45,0.29210998217770734,0,0,,,,,,,,,,0,0,,,,,,,,,,"cascade features clamp L0 = max(0, min(L_hat, 0.5*min(window))); non-zero modes coincide when L_hat >= 0.5*min(window)"
double,slow_osc_power,0,0.5,0.02,415.0,0.49840630355024784,0,20,9,0.45,9,9,1.0,0.3333333333333333,0.030920670922317206,0.025140914809927473,0.015298878409508823,0.011030457124000428,0.05865252220231826,0.06451455963731083,0.2222222222222222,9,9,1.0,0.3333333333333333,0.04355214287182888,0.054929973693067465,0.018160580211009577,0.01464546484237369,0.05620946140951949,0.08478882142633042,0.2222222222222222,0.2222222222222222,0.2222222222222222,0.09311935035772147,11,11,1.0,0.36363636363636365,0.04660529038402255,0.029578173529895332,0.04867192681684636,0.01809736019019591,0.06868891192971234,0.07009246033644967,0.2727272727272727,11,11,1.0,0.45454545454545453,0.0483443519110939,0.032118165115941344,0.05054272962481702,0.01774911795458998,0.061677653336586716,0.07317169688897468,0.2727272727272727,"cascade features clamp L0 = max(0, min(L_hat, 0.5*min(window))); non-zero modes coincide when L_hat >= 0.5*min(window)"
double,log_oscillatory,0,0.5,0.02,533.0,0.49841524754235217,0,20,20,1.0,20,20,1.0,0.0,0.019383955042106632,0.013007492093805306,0.017521239852617096,0.010510192529731219,0.027533586379782645,0.03375221113251728,1.0,20,20,1.0,0.0,0.06601011788226235,0.04008854768849478,0.049510350780299944,0.03921096377095329,0.08919558981722031,0.1120694229683313,0.75,0.2,0.2,1.9028815658249267,0,0,,,,,,,,,,0,0,,,,,,,,,,"cascade features clamp L0 = max(0, min(L_hat, 0.5*min(window))); non-zero modes coincide when L_hat >= 0.5*min(window)"
double,heavy_noise_plat,0,0.5,0.02,97.0,0.49658530379140886,0,20,20,1.0,20,20,1.0,0.0,0.003931074067508972,0.0032442229678121873,0.002794514062651828,0.0015652256349569025,0.005339180591572155,0.009215623308704743,0.95,20,20,1.0,0.05,0.003037849730230562,0.002835161889116466,0.0021828393198317147,0.001063723047283127,0.004636684212825376,0.005881816133860721,0.95,0.55,0.55,-0.10187777977199881,0,0,,,,,,,,,,0,0,,,,,,,,,,"cascade features clamp L0 = max(0, min(L_hat, 0.5*min(window))); non-zero modes coincide when L_hat >= 0.5*min(window)"
double,broken_power_law,0,0.5,0.02,514.0,0.49991211917454004,0,20,20,1.0,20,20,1.0,0.55,0.3217879482624536,0.014341107743160868,0.3232758513068932,0.31403837530991136,0.33232178843046056,0.3377122060618463,0.0,20,20,1.0,0.0,0.020152970468812377,0.002173213294055103,0.019907647609494622,0.01875218342880198,0.021622853445542448,0.02243902386226942,1.0,1.0,1.0,-0.9393393162103314,0,0,,,,,,,,,,0,0,,,,,,,,,,"cascade features clamp L0 = max(0, min(L_hat, 0.5*min(window))); non-zero modes coincide when L_hat >= 0.5*min(window)"
double,stretched_exp,1,0.5,0.02,193.0,0.49828241532615414,0,20,0,0.0,0,0,,,,,,,,,,0,0,,,,,,,,,,,,,20,20,1.0,0.0,0.018089759922038078,0.006798275029035125,0.019592695699062412,0.015015584526172125,0.023666791145584766,0.025798571952521627,1.0,20,20,1.0,0.0,0.018006506434725313,0.012671811762693018,0.0185844114658334,0.005724409768624924,0.026881508630166105,0.032454532362588245,1.0,"cascade features clamp L0 = max(0, min(L_hat, 0.5*min(window))); non-zero modes coincide when L_hat >= 0.5*min(window)"
double,logistic_tail,1,0.5,0.02,105.0,0.47748855939048196,0,20,0,0.0,0,0,,,,,,,,,,0,0,,,,,,,,,,,,,20,20,1.0,0.1,0.1346286229375051,0.020370023801851156,0.14376932701122996,0.13295763531901814,0.14578442929478597,0.14893899542717312,0.0,20,20,1.0,0.1,0.1057592522553861,0.028133580362037093,0.11868942675752056,0.10260800684680915,0.12135544533295614,0.1259974094288771,0.05,"cascade features clamp L0 = max(0, min(L_hat, 0.5*min(window))); non-zero modes coincide when L_hat >= 0.5*min(window)"
double,inv_sqrt_log,1,0.5,0.02,245.0,0.4997783934707863,0,20,20,1.0,20,20,1.0,0.0,0.00755493071688801,0.008381675338033228,0.004992232625101939,0.002341899038164845,0.008213029994137493,0.01523640861947115,0.75,20,20,1.0,0.0,0.011960973930873618,0.0165584883937066,0.006391420692309178,0.0031582613294030906,0.013359240430590454,0.027438223980071945,0.65,0.3,0.3,0.2746702063575064,0,0,,,,,,,,,,0,0,,,,,,,,,,"cascade features clamp L0 = max(0, min(L_hat, 0.5*min(window))); non-zero modes coincide when L_hat >= 0.5*min(window)"
double,random_knots,1,0.5,0.02,314.5,0.49936083587279756,0,20,12,0.6,12,12,1.0,0.08333333333333333,0.011572972652130656,0.007115299515139629,0.013780367498907566,0.0047274219414758945,0.0163965667730258,0.019577646744207367,0.9166666666666666,12,12,1.0,0.08333333333333333,0.011254627399900047,0.007897349742809753,0.010829006336448413,0.003992110829851335,0.016776918637711642,0.020316202156984944,0.75,0.5,0.5,0.013613608511704817,8,8,1.0,0.0,0.028355437983746228,0.021776424019745413,0.028907341904616045,0.017040083226241808,0.03349478994324895,0.05124722397981928,0.625,8,8,1.0,0.25,0.03758587111731055,0.02900088429550333,0.0316685238940983,0.024061583650613512,0.04329425706352506,0.07192095186008407,0.5,"cascade features clamp L0 = max(0, min(L_hat, 0.5*min(window))); non-zero modes coincide when L_hat >= 0.5*min(window)"
double,real_boot_a,1,0.5,0.02,203.0,0.49951204685092926,0,20,0,0.0,0,0,,,,,,,,,,0,0,,,,,,,,,,,,,20,20,1.0,0.0,0.01973931009715915,0.010396515827441936,0.0217432285506889,0.01084247431705384,0.025541823853688972,0.03229947965975321,1.0,20,20,1.0,0.0,0.02132794609747014,0.011200360375170873,0.019760310552285137,0.01463036496657048,0.030080388859861636,0.0326363063849527,1.0,"cascade features clamp L0 = max(0, min(L_hat, 0.5*min(window))); non-zero modes coincide when L_hat >= 0.5*min(window)"
double,real_boot_b,1,0.5,0.02,172.0,0.496916665259355,0,20,0,0.0,0,0,,,,,,,,,,0,0,,,,,,,,,,,,,20,20,1.0,0.1,0.005395120255842914,0.004048663164760214,0.0035803584041703904,0.002420665405874659,0.009000374751795645,0.011111896782680384,0.85,20,20,1.0,0.1,0.00663627938876374,0.0051913409932380725,0.005054816895138502,0.002948387600399581,0.009995660894264376,0.011876022457160714,0.85,"cascade features clamp L0 = max(0, min(L_hat, 0.5*min(window))); non-zero modes coincide when L_hat >= 0.5*min(window)"
double,single_exp,0,0.1,0.0,148.0,0.09827358560436156,0,20,0,0.0,0,0,,,,,,,,,,0,0,,,,,,,,,,,,,20,20,1.0,0.0,0.026886313078947077,0.009858552456020547,0.028305983009529946,0.021280674842178198,0.03382953478293886,0.03802922242668583,0.15,20,20,1.0,0.0,0.0274460122175472,0.008068079053751589,0.029715833318882216,0.02163062934829692,0.03471762196797712,0.034717623429879066,0.15,"cascade features clamp L0 = max(0, min(L_hat, 0.5*min(window))); non-zero modes coincide when L_hat >= 0.5*min(window)"
double,two_exp,0,0.1,0.0,218.0,0.09985826346226055,0,20,0,0.0,0,0,,,,,,,,,,0,0,,,,,,,,,,,,,20,20,1.0,0.0,0.025394761787163884,0.015042092252783088,0.028935397262239697,0.015509527415923981,0.03959757441054929,0.041199796578565324,1.0,20,20,1.0,0.0,0.027068814440677113,0.010356484821080331,0.030076389278204083,0.022341858508035203,0.034481058231937076,0.03733394943708776,1.0,"cascade features clamp L0 = max(0, min(L_hat, 0.5*min(window))); non-zero modes coincide when L_hat >= 0.5*min(window)"
double,three_exp,0,0.1,0.0,377.0,0.09988829507506856,0,20,0,0.0,0,0,,,,,,,,,,0,0,,,,,,,,,,,,,20,20,1.0,0.0,0.032469011283804444,0.01628768621859942,0.03705656572470327,0.018593891369564318,0.04740076126944382,0.049533689734504734,1.0,20,20,1.0,0.0,0.03387770913954402,5.311525679692209e-09,0.03387770592122634,0.03387770507443809,0.03387771356540949,0.03387771511139199,1.0,"cascade features clamp L0 = max(0, min(L_hat, 0.5*min(window))); non-zero modes coincide when L_hat >= 0.5*min(window)"
double,four_exp,0,0.1,0.0,631.0,0.09977805552230239,0,20,0,0.0,0,0,,,,,,,,,,0,0,,,,,,,,,,,,,20,20,1.0,0.0,0.022537996659674455,0.012871650554492332,0.022335496333552834,0.011697628508038016,0.030913461903156678,0.039218022338066844,1.0,20,20,1.0,0.0,0.03290622070951542,1.6688052515207479e-09,0.032906219833596,0.03290621958587098,0.03290622118393698,0.03290622345052961,1.0,"cascade features clamp L0 = max(0, min(L_hat, 0.5*min(window))); non-zero modes coincide when L_hat >= 0.5*min(window)"
double,power_law,0,0.1,0.0,2441.0,0.09997859122064488,0,20,0,0.0,0,0,,,,,,,,,,0,0,,,,,,,,,,,,,20,20,1.0,0.0,0.0008863836102493848,3.1654189088419247e-07,0.0008864920077719714,0.00088648530135612,0.0008864920505573387,0.0008864921470350031,1.0,20,20,1.0,0.0,0.006213575630719507,3.248540135370069e-09,0.00621357399222496,0.006213573805064113,0.006213575374259704,0.006213578993628179,1.0,"cascade features clamp L0 = max(0, min(L_hat, 0.5*min(window))); non-zero modes coincide when L_hat >= 0.5*min(window)"
double,rational_decay,0,0.1,0.0,1125.0,0.09999999999999999,0,20,0,0.0,0,0,,,,,,,,,,0,0,,,,,,,,,,,,,20,20,1.0,0.0,0.04756689306764437,0.032177102180141456,0.05122703222326816,0.010158296430630149,0.08164812231331235,0.08164812525774583,1.0,20,20,1.0,0.0,1.48131399507756e-11,5.357706909585692e-11,8.934519790670947e-14,9.547050650038358e-15,2.000767607146514e-12,1.4181372742783108e-11,1.0,"cascade features clamp L0 = max(0, min(L_hat, 0.5*min(window))); non-zero modes coincide when L_hat >= 0.5*min(window)"
double,mixed_pow_rat,0,0.1,0.0,2260.0,0.09998848741275486,0,20,0,0.0,0,0,,,,,,,,,,0,0,,,,,,,,,,,,,20,20,1.0,0.0,0.030101224661450272,0.02954072848434885,0.01755758400827251,0.007942809891124959,0.04663371366605202,0.06583797172130958,1.0,20,20,1.0,0.0,0.014446986035107754,6.517474002917279e-10,0.014446985720542246,0.01444698564948126,0.014446986172210793,0.014446986841031713,1.0,"cascade features clamp L0 = max(0, min(L_hat, 0.5*min(window))); non-zero modes coincide when L_hat >= 0.5*min(window)"
double,multiphase,0,0.1,0.0,3852.0,0.0999996544626016,0,20,0,0.0,0,0,,,,,,,,,,0,0,,,,,,,,,,,,,20,20,1.0,0.0,0.12283641343666747,3.4304575660620426e-08,0.1228364287131227,0.12283641851877479,0.1228364290471227,0.12283642909181854,1.0,20,20,1.0,0.0,0.11801355633473198,1.2626930650475908e-09,0.11801355565124057,0.11801355563587144,0.11801355638658921,0.11801355813353774,1.0,"cascade features clamp L0 = max(0, min(L_hat, 0.5*min(window))); non-zero modes coincide when L_hat >= 0.5*min(window)"
double,osc_exp,0,0.1,0.0,165.0,0.09570953042125925,0,20,0,0.0,0,0,,,,,,,,,,0,0,,,,,,,,,,,,,20,20,1.0,0.0,0.03242448453452999,0.01498364192706772,0.037918240594871755,0.022959521307949707,0.04473425657138276,0.04557485353201793,1.0,20,20,1.0,0.0,0.030755440274982133,0.010335846682103328,0.03591334570886161,0.029794223694985855,0.036626447445449746,0.0368385063481254,1.0,"cascade features clamp L0 = max(0, min(L_hat, 0.5*min(window))); non-zero modes coincide when L_hat >= 0.5*min(window)"
double,damped_osc_pow,0,0.1,0.0,3014.0,0.09999319502597674,0,20,0,0.0,0,0,,,,,,,,,,0,0,,,,,,,,,,,,,20,20,1.0,0.0,0.002627566905013473,1.1533691218226038e-08,0.002627571640369933,0.0026275702406949025,0.0026275717581815666,0.002627571789078214,1.0,20,20,1.0,0.0,0.011616669609014285,2.178228852010908e-09,0.011616669269170649,0.01161666828375666,0.011616669533449128,0.011616670708262016,1.0,"cascade features clamp L0 = max(0, min(L_hat, 0.5*min(window))); non-zero modes coincide when L_hat >= 0.5*min(window)"
double,log_slow,0,0.1,0.0,50000.0,0.41863546463489004,1,20,0,0.0,0,0,,,,,,,,,,0,0,,,,,,,,,,,,,20,20,1.0,0.0,0.01997521133599913,3.6605689115092264e-09,0.01997521031608765,0.019975210025694017,0.01997521104917748,0.019975211734960304,1.0,20,20,1.0,0.0,0.05848203978032799,2.5716314892248883e-09,0.058482038523073376,0.05848203815555407,0.05848204004472804,0.058482043628150696,1.0,"cascade features clamp L0 = max(0, min(L_hat, 0.5*min(window))); non-zero modes coincide when L_hat >= 0.5*min(window)"
double,delayed_plateau,0,0.1,0.0,321.0,0.09926115995627992,0,20,0,0.0,0,0,,,,,,,,,,0,0,,,,,,,,,,,,,20,20,1.0,0.0,0.07118290169842076,0.017806139799422326,0.08001951088953682,0.06543149456463963,0.08419532876603404,0.08511010137000759,1.0,20,20,1.0,0.0,0.0432713475087708,0.018333917610027242,0.050429481977050605,0.03158036141459876,0.054513843103594306,0.05524540750750305,1.0,"cascade features clamp L0 = max(0, min(L_hat, 0.5*min(window))); non-zero modes coincide when L_hat >= 0.5*min(window)"
double,staircase,0,0.1,0.0,320.0,0.0,0,20,0,0.0,0,0,,,,,,,,,,0,0,,,,,,,,,,,,,20,20,1.0,0.0,0.08779297075481024,0.03677269683815242,0.10264672618098845,0.07484227356549558,0.11699386970720668,0.11937606320761036,1.0,20,20,1.0,0.0,0.05543531006500252,0.01930958803921113,0.056783943785700536,0.04470549867146034,0.07353108568467545,0.07631617535641479,1.0,"cascade features clamp L0 = max(0, min(L_hat, 0.5*min(window))); non-zero modes coincide when L_hat >= 0.5*min(window)"
double,noisy_plateau,0,0.1,0.0,137.0,0.09536916221554956,0,20,20,1.0,20,20,1.0,0.05,0.0008160909366734121,0.0008188672419299375,0.0006047911410064638,0.0002789654251948862,0.0011571913841767825,0.0016062414260868242,0.8,20,20,1.0,0.1,0.0011702264926219902,0.001414963137495005,0.0006652301307491955,0.00031632998943131006,0.0013683838694554763,0.0020845649651094742,0.75,0.35,0.35,0.7761440208536952,0,0,,,,,,,,,,0,0,,,,,,,,,,"cascade features clamp L0 = max(0, min(L_hat, 0.5*min(window))); non-zero modes coincide when L_hat >= 0.5*min(window)"
double,slow_osc_power,0,0.1,0.0,3483.0,0.09996889692898078,0,20,0,0.0,0,0,,,,,,,,,,0,0,,,,,,,,,,,,,20,20,1.0,0.45,0.07977202392338305,0.061324698097769165,0.06469238071445704,0.01312237200867489,0.13785681784452863,0.15359477904090926,0.35,20,20,1.0,0.0,0.04743342812057859,0.02698275004707427,0.06539367159539192,0.013353809769241679,0.06885738377657366,0.06885786005222588,0.35,"cascade features clamp L0 = max(0, min(L_hat, 0.5*min(window))); non-zero modes coincide when L_hat >= 0.5*min(window)"
double,log_oscillatory,0,0.1,0.0,50000.0,0.2992564263745022,1,20,20,1.0,20,20,1.0,0.0,0.02997224479729923,0.020771867868978992,0.024482021554218455,0.013617911377494529,0.041375027420505854,0.0565399435578548,1.0,20,20,1.0,0.0,0.1594655647310153,0.11986183426630952,0.11584965417180954,0.0807811136656221,0.18853075737603336,0.2840517146443371,0.7,0.0,0.0,4.275123332391722,0,0,,,,,,,,,,0,0,,,,,,,,,,"cascade features clamp L0 = max(0, min(L_hat, 0.5*min(window))); non-zero modes coincide when L_hat >= 0.5*min(window)"
double,heavy_noise_plat,0,0.1,0.0,114.0,0.09071795328941246,0,20,20,1.0,20,20,1.0,0.1,0.0012450675528368615,0.0008751228747121601,0.0010957190215526848,0.0006761938695281663,0.001647218041467599,0.002422613890994344,0.6,20,20,1.0,0.1,0.0013981050302539232,0.0010505609344543386,0.0012776132321592575,0.0006208368335351806,0.0019633387124565653,0.002813735752020998,0.55,0.3,0.3,0.1804264768425825,0,0,,,,,,,,,,0,0,,,,,,,,,,"cascade features clamp L0 = max(0, min(L_hat, 0.5*min(window))); non-zero modes coincide when L_hat >= 0.5*min(window)"
double,broken_power_law,0,0.1,0.0,28776.0,0.09999962012267244,0,20,20,1.0,20,20,1.0,1.0,0.8054561391171896,0.01711980826729514,0.8141218411864612,0.7972461526214866,0.8165606597693404,0.8167806626200068,0.0,20,20,1.0,0.0,0.07292815763280247,3.2203091873107355e-10,0.07292815754281218,0.07292815754258872,0.07292815755043107,0.07292815768868836,1.0,1.0,1.0,-0.9104209345355203,0,0,,,,,,,,,,0,0,,,,,,,,,,"cascade features clamp L0 = max(0, min(L_hat, 0.5*min(window))); non-zero modes coincide when L_hat >= 0.5*min(window)"
double,stretched_exp,1,0.1,0.0,579.0,0.09979846505939677,0,20,0,0.0,0,0,,,,,,,,,,0,0,,,,,,,,,,,,,20,20,1.0,0.0,0.02588883790723808,0.011184060848464966,0.031333858289028155,0.017310161749764026,0.03590539748582057,0.03636889964537362,1.0,20,20,1.0,0.0,0.006235166076234043,0.002048361118561812,0.005271092720796268,0.005271091904275375,0.00527361595473907,0.010379597545076622,1.0,"cascade features clamp L0 = max(0, min(L_hat, 0.5*min(window))); non-zero modes coincide when L_hat >= 0.5*min(window)"
double,logistic_tail,1,0.1,0.0,135.0,0.09609894819901184,0,20,0,0.0,0,0,,,,,,,,,,0,0,,,,,,,,,,,,,20,20,1.0,0.0,0.1338473993714448,0.027481359717329693,0.1452081721360679,0.13305365553434934,0.14943011327402053,0.15331515201778584,0.1,20,20,1.0,0.0,0.09926135179925641,0.03449428056451294,0.11418256763356435,0.09576256602959195,0.12048231405488058,0.1262320955380442,0.2,"cascade features clamp L0 = max(0, min(L_hat, 0.5*min(window))); non-zero modes coincide when L_hat >= 0.5*min(window)"
double,inv_sqrt_log,1,0.1,0.0,2929.0,0.09999046875803731,0,20,1,0.05,1,1,1.0,0.0,0.001077128747586309,,0.001077128747586309,0.001077128747586309,0.001077128747586309,0.001077128747586309,1.0,1,1,1.0,0.0,0.0038967277349519214,,0.0038967277349519214,0.0038967277349519214,0.0038967277349519214,0.0038967277349519214,1.0,0.0,0.0,2.617699131774107,19,19,1.0,0.0,0.001077131315212063,7.565232077348719e-09,0.0010771288326267558,0.001077128726837578,0.0010771294466272582,0.0010771333973807972,1.0,19,19,1.0,0.0,0.0038967248937235707,2.480786638324428e-09,0.0038967239529966446,0.003896722927666192,0.0038967251768093633,0.0038967293093983093,1.0,"cascade features clamp L0 = max(0, min(L_hat, 0.5*min(window))); non-zero modes coincide when L_hat >= 0.5*min(window)"
double,random_knots,1,0.1,0.0,4730.0,0.09999546250252596,1,20,0,0.0,0,0,,,,,,,,,,0,0,,,,,,,,,,,,,20,20,1.0,0.0,0.014660686439869248,0.01570057246956376,0.008939940330344719,0.0032736342108711384,0.016876206563556657,0.038631234150186974,1.0,20,20,1.0,0.0,0.02037524243702305,0.02584693559492174,0.011608676159123227,0.003983788263082613,0.02256898980987384,0.05510764308856235,1.0,"cascade features clamp L0 = max(0, min(L_hat, 0.5*min(window))); non-zero modes coincide when L_hat >= 0.5*min(window)"
double,real_boot_a,1,0.1,0.0,413.0,0.09900189826125952,0,20,0,0.0,0,0,,,,,,,,,,0,0,,,,,,,,,,,,,20,20,1.0,0.0,0.03533557157307814,0.01648599595264122,0.03326168082135179,0.02107114423515017,0.05357553433373431,0.054274127910011086,1.0,20,20,1.0,0.0,0.048768001078891295,3.6634399650056352e-09,0.04876799910463483,0.04876799821880861,0.04876800348532951,0.04876800665158571,1.0,"cascade features clamp L0 = max(0, min(L_hat, 0.5*min(window))); non-zero modes coincide when L_hat >= 0.5*min(window)"
double,real_boot_b,1,0.1,0.0,364.0,0.09935491603410883,0,20,0,0.0,0,0,,,,,,,,,,0,0,,,,,,,,,,,,,20,20,1.0,0.0,0.0020466452840548566,0.000606122800419598,0.002311260921950248,0.002234469551960886,0.002311271262876214,0.002311288559357452,1.0,20,20,1.0,0.0,0.003951038297858261,0.0016124934066111991,0.004939592680204746,0.002986466875802911,0.004939592754218114,0.004939592761524108,1.0,"cascade features clamp L0 = max(0, min(L_hat, 0.5*min(window))); non-zero modes coincide when L_hat >= 0.5*min(window)"
double,single_exp,0,0.1,0.005,148.0,0.09827358560436156,0,20,0,0.0,0,0,,,,,,,,,,0,0,,,,,,,,,,,,,20,20,1.0,0.0,0.02680449216044813,0.009644357998069706,0.028359560486122787,0.021348104268226076,0.033308548457983256,0.03791551758868256,0.15,20,20,1.0,0.0,0.027335914823484186,0.007932420369214708,0.02976708317617351,0.021698307595038952,0.03305239404373521,0.03485102846561228,0.15,"cascade features clamp L0 = max(0, min(L_hat, 0.5*min(window))); non-zero modes coincide when L_hat >= 0.5*min(window)"
double,two_exp,0,0.1,0.005,218.0,0.09985826346226055,0,20,0,0.0,0,0,,,,,,,,,,0,0,,,,,,,,,,,,,20,20,1.0,0.0,0.025417679483703125,0.01479572847646534,0.02882790205582953,0.015228488506702557,0.03954137467541117,0.04126168131720487,1.0,20,20,1.0,0.0,0.026422345097148255,0.010895884768751283,0.028582632758787783,0.02212192158946723,0.031547773572144125,0.03576988534848466,1.0,"cascade features clamp L0 = max(0, min(L_hat, 0.5*min(window))); non-zero modes coincide when L_hat >= 0.5*min(window)"
double,three_exp,0,0.1,0.005,377.0,0.09988829507506856,0,20,0,0.0,0,0,,,,,,,,,,0,0,,,,,,,,,,,,,20,20,1.0,0.0,0.034611460511906306,0.013634820854644876,0.037008958669194236,0.021663353708016947,0.048301535394094736,0.04922568511391539,1.0,20,20,1.0,0.0,0.03304053174737288,0.014877868179967953,0.035623844968270674,0.024488991743252878,0.0444147050500565,0.047544918109156724,1.0,"cascade features clamp L0 = max(0, min(L_hat, 0.5*min(window))); non-zero modes coincide when L_hat >= 0.5*min(window)"
double,four_exp,0,0.1,0.005,631.0,0.09977805552230239,0,20,0,0.0,0,0,,,,,,,,,,0,0,,,,,,,,,,,,,20,20,1.0,0.0,0.02413004847338234,0.013708713805774533,0.024186927848695666,0.015583632185272738,0.03270054315184934,0.043892452882244096,1.0,20,20,1.0,0.0,0.033003391734763125,0.017403489527612895,0.032882644534237004,0.02054490087903564,0.04161554929970413,0.054188054763388484,1.0,"cascade features clamp L0 = max(0, min(L_hat, 0.5*min(window))); non-zero modes coincide when L_hat >= 0.5*min(window)"
double,power_law,0,0.1,0.005,2441.0,0.09997859122064488,0,20,0,0.0,0,0,,,,,,,,,,0,0,,,,,,,,,,,,,20,20,1.0,0.0,0.011812778795117945,0.01418486376011903,0.007697785028013009,0.005003838643825028,0.013839743857963861,0.01996136620649687,0.95,20,20,1.0,0.0,0.007794470154956897,0.004658004769733175,0.00795888279192035,0.003002530705058636,0.011072001592786079,0.013325983292067217,1.0,"cascade features clamp L0 = max(0, min(L_hat, 0.5*min(window))); non-zero modes coincide when L_hat >= 0.5*min(window)"
double,rational_decay,0,0.1,0.005,1125.0,0.09999999999999999,0,20,0,0.0,0,0,,,,,,,,,,0,0,,,,,,,,,,,,,20,20,1.0,0.0,0.04755697494582216,0.03495774459251317,0.04919840245215492,0.00964939783820053,0.07779366248047204,0.09041981254666301,1.0,20,20,1.0,0.0,0.013210453712750028,0.010271794961374864,0.011131131883792743,0.005376864107708476,0.023621290547625903,0.026660880981281946,1.0,"cascade features clamp L0 = max(0, min(L_hat, 0.5*min(window))); non-zero modes coincide when L_hat >= 0.5*min(window)"
double,mixed_pow_rat,0,0.1,0.005,2260.0,0.09998848741275486,0,20,0,0.0,0,0,,,,,,,,,,0,0,,,,,,,,,,,,,20,20,1.0,0.0,0.027429804397644402,0.02588063617649467,0.01761485166063984,0.008011381026983875,0.039863058982944094,0.06441412229526236,1.0,20,20,1.0,0.0,0.016612164154504123,0.011056646662820732,0.015974516970557188,0.008281506798918242,0.022898751114547252,0.028273358240713968,1.0,"cascade features clamp L0 = max(0, min(L_hat, 0.5*min(window))); non-zero modes coincide when L_hat >= 0.5*min(window)"
double,multiphase,0,0.1,0.005,3852.0,0.0999996544626016,0,20,0,0.0,0,0,,,,,,,,,,0,0,,,,,,,,,,,,,20,20,1.0,0.0,0.12021270440374057,0.004793808324572595,0.12198081100662278,0.1179020935311341,0.12360795039383689,0.12404197388077337,1.0,20,20,1.0,0.0,0.11744225686037402,0.0022170524321842556,0.1177512207171185,0.11654100674189538,0.11873271745951171,0.11987160122488703,1.0,"cascade features clamp L0 = max(0, min(L_hat, 0.5*min(window))); non-zero modes coincide when L_hat >= 0.5*min(window)"
double,osc_exp,0,0.1,0.005,165.0,0.09570953042125925,0,20,0,0.0,0,0,,,,,,,,,,0,0,,,,,,,,,,,,,20,20,1.0,0.0,0.03237709846586788,0.014914951007923428,0.03804541863706038,0.02307194116557044,0.043331454820776036,0.044770483091002705,0.85,20,20,1.0,0.0,0.030752306649910688,0.0102679871317296,0.0344790490068263,0.02990498576900756,0.0374728682658309,0.038863222293133035,1.0,"cascade features clamp L0 = max(0, min(L_hat, 0.5*min(window))); non-zero modes coincide when L_hat >= 0.5*min(window)"
double,damped_osc_pow,0,0.1,0.005,3014.0,0.09999319502597674,0,20,0,0.0,0,0,,,,,,,,,,0,0,,,,,,,,,,,,,20,20,1.0,0.0,0.014573787569617667,0.011716752798871981,0.012367048341716504,0.005572903880737039,0.020250643319547793,0.026794545230197968,1.0,20,20,1.0,0.0,0.012989705811218005,0.00733596190444681,0.013531018334648814,0.00754018975542909,0.019045356770000625,0.022776085725384625,1.0,"cascade features clamp L0 = max(0, min(L_hat, 0.5*min(window))); non-zero modes coincide when L_hat >= 0.5*min(window)"
double,log_slow,0,0.1,0.005,50000.0,0.41863546463489004,1,20,0,0.0,0,0,,,,,,,,,,0,0,,,,,,,,,,,,,20,20,1.0,0.0,0.044546059930171106,0.021139736587336803,0.04221840528958372,0.03317064512988315,0.05662441645884338,0.07293861360751068,1.0,20,20,1.0,0.0,0.056359479273320204,0.014609214676560114,0.05958604972779777,0.04481171125280238,0.06681763550156089,0.0724535089074775,1.0,"cascade features clamp L0 = max(0, min(L_hat, 0.5*min(window))); non-zero modes coincide when L_hat >= 0.5*min(window)"
double,delayed_plateau,0,0.1,0.005,321.0,0.09926115995627992,0,20,0,0.0,0,0,,,,,,,,,,0,0,,,,,,,,,,,,,20,20,1.0,0.0,0.07099617575660504,0.017881681613923436,0.07986134423964873,0.06464152286437905,0.08400592180326003,0.08500602603496367,1.0,20,20,1.0,0.0,0.04332784955269679,0.018636649013795907,0.05030196644375702,0.030931231931438593,0.05491446604566142,0.05577349017875818,1.0,"cascade features clamp L0 = max(0, min(L_hat, 0.5*min(window))); non-zero modes coincide when L_hat >= 0.5*min(window)"
double,staircase,0,0.1,0.005,320.0,0.0,0,20,0,0.0,0,0,,,,,,,,,,0,0,,,,,,,,,,,,,20,20,1.0,0.0,0.0874088832520293,0.03727544009298086,0.1028480303715177,0.07508206034221815,0.11639817733547922,0.11906392594652854,1.0,20,20,1.0,0.0,0.05413845857113373,0.020269637499982795,0.05690672137451837,0.03745005700163592,0.07276082955925205,0.07631380047835615,1.0,"cascade features clamp L0 = max(0, min(L_hat, 0.5*min(window))); non-zero modes coincide when L_hat >= 0.5*min(window)"
double,noisy_plateau,0,0.1,0.005,137.0,0.09536916221554956,0,20,20,1.0,20,20,1.0,0.05,0.0010249235546712638,0.0009077878367337156,0.0005601573806241662,0.0004360617726860607,0.0014242029169163305,0.0021705630629111168,0.7,20,20,1.0,0.1,0.0015190632743937674,0.001380998282255084,0.0011964220574271142,0.0005764372986053617,0.0020706442077503603,0.002906497984347985,0.65,0.3,0.3,0.7201350578557283,0,0,,,,,,,,,,0,0,,,,,,,,,,"cascade features clamp L0 = max(0, min(L_hat, 0.5*min(window))); non-zero modes coincide when L_hat >= 0.5*min(window)"
double,slow_osc_power,0,0.1,0.005,3483.0,0.09996889692898078,0,20,0,0.0,0,0,,,,,,,,,,0,0,,,,,,,,,,,,,20,20,1.0,0.35,0.0763165498456045,0.058345346865940145,0.0644278971681053,0.013162522145968053,0.13485707575581984,0.14228376101092666,0.35,20,20,1.0,0.05,0.049771960417273095,0.042288270915941936,0.05348223216605934,0.013364047892604047,0.0617989761137281,0.06928852365787198,0.35,"cascade features clamp L0 = max(0, min(L_hat, 0.5*min(window))); non-zero modes coincide when L_hat >= 0.5*min(window)"
double,log_oscillatory,0,0.1,0.005,50000.0,0.2992564263745022,1,20,20,1.0,20,20,1.0,0.0,0.03021490602961281,0.022404287361681954,0.023921333002156916,0.013975477863759054,0.03656309617315642,0.05540152475031061,1.0,20,20,1.0,0.0,0.15948552687637388,0.11994465270569014,0.11590347010891042,0.08078396082703013,0.18839537204843387,0.2839113243392902,0.7,0.0,0.0,4.331170682760688,0,0,,,,,,,,,,0,0,,,,,,,,,,"cascade features clamp L0 = max(0, min(L_hat, 0.5*min(window))); non-zero modes coincide when L_hat >= 0.5*min(window)"
double,heavy_noise_plat,0,0.1,0.005,114.0,0.09071795328941246,0,20,20,1.0,20,20,1.0,0.0,0.0014267485070150285,0.0009109710294604704,0.0012471550570792977,0.0008354089821697827,0.0022895583613121388,0.002688463279937741,0.8,20,20,1.0,0.0,0.001275490758049133,0.0010168447745092777,0.0009383906020268796,0.0006731102173731208,0.0015216692632832821,0.002875558006035604,0.75,0.45,0.45,0.08093318615892844,0,0,,,,,,,,,,0,0,,,,,,,,,,"cascade features clamp L0 = max(0, min(L_hat, 0.5*min(window))); non-zero modes coincide when L_hat >= 0.5*min(window)"
double,broken_power_law,0,0.1,0.005,28776.0,0.09999962012267244,0,20,20,1.0,20,20,1.0,1.0,0.8075642799088936,0.015692661995875143,0.8137463022314882,0.8015838779083077,0.8174265483219102,0.8189582746462603,0.0,20,20,1.0,0.0,0.07278259840750671,0.00042189239240925813,0.07273057194569635,0.07250330216237393,0.07314359141310282,0.07332463269470435,1.0,1.0,1.0,-0.9106261403556533,0,0,,,,,,,,,,0,0,,,,,,,,,,"cascade features clamp L0 = max(0, min(L_hat, 0.5*min(window))); non-zero modes coincide when L_hat >= 0.5*min(window)"
double,stretched_exp,1,0.1,0.005,579.0,0.09979846505939677,0,20,0,0.0,0,0,,,,,,,,,,0,0,,,,,,,,,,,,,20,20,1.0,0.0,0.026315003344444733,0.01124564358898556,0.02994455034286328,0.017943779033297472,0.0358728026635353,0.036302315436239574,1.0,20,20,1.0,0.0,0.012574573592865415,0.00753535380769947,0.011180764771977613,0.006190961621989408,0.016586131961912727,0.02003859084203517,1.0,"cascade features clamp L0 = max(0, min(L_hat, 0.5*min(window))); non-zero modes coincide when L_hat >= 0.5*min(window)"
double,logistic_tail,1,0.1,0.005,135.0,0.09609894819901184,0,20,0,0.0,0,0,,,,,,,,,,0,0,,,,,,,,,,,,,20,20,1.0,0.0,0.13388244822363832,0.027422429531730807,0.14542151372030426,0.13334423587879773,0.1491488803198549,0.15270080107906864,0.1,20,20,1.0,0.0,0.09931024409697622,0.03438895460813898,0.1143287751546262,0.09597893315840633,0.12031692862534438,0.12574674704060312,0.2,"cascade features clamp L0 = max(0, min(L_hat, 0.5*min(window))); non-zero modes coincide when L_hat >= 0.5*min(window)"
double,inv_sqrt_log,1,0.1,0.005,2929.0,0.09999046875803731,0,20,1,0.05,1,1,1.0,0.0,0.0078028461805437765,,0.0078028461805437765,0.0078028461805437765,0.0078028461805437765,0.0078028461805437765,1.0,1,1,1.0,0.0,0.008420436430044254,,0.008420436430044254,0.008420436430044254,0.008420436430044254,0.008420436430044254,1.0,0.0,0.0,0.07914935591584832,19,19,1.0,0.05263157894736842,0.011514368039805422,0.011491891123329484,0.00732022787973808,0.003733000626077734,0.012704397443009524,0.029617326718719913,0.7894736842105263,19,19,1.0,0.0,0.009606822963299289,0.01403597326295535,0.006054026470843632,0.0022764837317601535,0.00824732157058887,0.019303621949910144,0.8947368421052632,"cascade features clamp L0 = max(0, min(L_hat, 0.5*min(window))); non-zero modes coincide when L_hat >= 0.5*min(window)"
double,random_knots,1,0.1,0.005,4730.0,0.09999546250252596,1,20,1,0.05,1,1,1.0,0.0,0.021725163597647743,,0.021725163597647743,0.021725163597647743,0.021725163597647743,0.021725163597647743,0.0,1,1,1.0,0.0,0.01800746871699919,,0.01800746871699919,0.01800746871699919,0.01800746871699919,0.01800746871699919,0.0,1.0,1.0,-0.17112390725799084,19,19,1.0,0.0,0.02370945774472404,0.01846775588298654,0.015082960416798297,0.0125851843755353,0.02684340859687806,0.05246759244849846,0.9473684210526315,19,19,1.0,0.0,0.02873255249573567,0.029723674286971022,0.016299187214711994,0.007349517032742961,0.043453806591467366,0.0693176301084414,1.0,"cascade features clamp L0 = max(0, min(L_hat, 0.5*min(window))); non-zero modes coincide when L_hat >= 0.5*min(window)"
double,real_boot_a,1,0.1,0.005,413.0,0.09900189826125952,0,20,0,0.0,0,0,,,,,,,,,,0,0,,,,,,,,,,,,,20,20,1.0,0.0,0.03462990022805331,0.018330675237281508,0.03425742546503419,0.026387795719967362,0.05205994832727397,0.05474209110428407,1.0,20,20,1.0,0.0,0.04829719990158978,0.012161092577181546,0.04442719391920233,0.04049191853046305,0.05695713690261202,0.06504047041322036,1.0,"cascade features clamp L0 = max(0, min(L_hat, 0.5*min(window))); non-zero modes coincide when L_hat >= 0.5*min(window)"
double,real_boot_b,1,0.1,0.005,364.0,0.09935491603410883,0,20,0,0.0,0,0,,,,,,,,,,0,0,,,,,,,,,,,,,20,20,1.0,0.0,0.0063245369103682725,0.006601523695590709,0.003697186874195098,0.001864990711262655,0.00885965365626503,0.016690080375805744,1.0,20,20,1.0,0.0,0.005536653623570915,0.003915360615318238,0.0048527632735515715,0.0030227733538768357,0.007499405197009313,0.009619621811975529,1.0,"cascade features clamp L0 = max(0, min(L_hat, 0.5*min(window))); non-zero modes coincide when L_hat >= 0.5*min(window)"
double,single_exp,0,0.1,0.02,148.0,0.09827358560436156,0,20,0,0.0,0,0,,,,,,,,,,0,0,,,,,,,,,,,,,20,20,1.0,0.3,0.027721957291903566,0.010782910440172384,0.029006674906471235,0.022775459023350524,0.034441305423521015,0.039451979861830654,0.3,20,20,1.0,0.3,0.028408816264069985,0.009675241382354814,0.029802126917293968,0.022871456618402043,0.03274570217575549,0.040330209198515536,0.25,"cascade features clamp L0 = max(0, min(L_hat, 0.5*min(window))); non-zero modes coincide when L_hat >= 0.5*min(window)"
double,two_exp,0,0.1,0.02,218.0,0.09985826346226055,0,20,0,0.0,0,0,,,,,,,,,,0,0,,,,,,,,,,,,,20,20,1.0,0.0,0.02445031882566335,0.015027120370902921,0.02684648948963465,0.013277315496753293,0.039455240036488745,0.041124322549486426,1.0,20,20,1.0,0.0,0.021829651937715903,0.012572990701106327,0.02350721762175255,0.01322409462491575,0.02974826193727395,0.03338882542212661,1.0,"cascade features clamp L0 = max(0, min(L_hat, 0.5*min(window))); non-zero modes coincide when L_hat >= 0.5*min(window)"
double,three_exp,0,0.1,0.02,377.0,0.09988829507506856,0,20,0,0.0,0,0,,,,,,,,,,0,0,,,,,,,,,,,,,20,20,1.0,0.0,0.03785369690528693,0.021465404017048766,0.04278215486478249,0.026085768354244414,0.0475943273521376,0.053855376760515536,1.0,20,20,1.0,0.0,0.03646165951837697,0.022330384375359127,0.03168315224126802,0.02267154405156998,0.04508412958879804,0.05866186807306715,1.0,"cascade features clamp L0 = max(0, min(L_hat, 0.5*min(window))); non-zero modes coincide when L_hat >= 0.5*min(window)"
double,four_exp,0,0.1,0.02,631.0,0.09977805552230239,0,20,0,0.0,0,0,,,,,,,,,,0,0,,,,,,,,,,,,,20,20,1.0,0.0,0.03634343271487249,0.022888021775365475,0.0342002354352406,0.02383816505642917,0.04058802542277079,0.060592061910022206,1.0,20,20,1.0,0.0,0.05105013828363044,0.047050377260836586,0.044473877693750635,0.01646058165812314,0.06468291685145336,0.08406050436657034,0.95,"cascade features clamp L0 = max(0, min(L_hat, 0.5*min(window))); non-zero modes coincide when L_hat >= 0.5*min(window)"
double,power_law,0,0.1,0.02,2441.0,0.09997859122064488,0,20,20,1.0,20,20,1.0,0.15,0.020496870358276725,0.015429026884519834,0.018256391893474878,0.009246750457669883,0.026904472973138624,0.043536855671888385,0.65,20,20,1.0,0.1,0.01709474840113576,0.009995127946562012,0.015550917425896937,0.009855087749749362,0.02046359072854966,0.0263406154409693,0.6,0.55,0.55,-0.06743948765780143,0,0,,,,,,,,,,0,0,,,,,,,,,,"cascade features clamp L0 = max(0, min(L_hat, 0.5*min(window))); non-zero modes coincide when L_hat >= 0.5*min(window)"
double,rational_decay,0,0.1,0.02,1125.0,0.09999999999999999,0,20,0,0.0,0,0,,,,,,,,,,0,0,,,,,,,,,,,,,20,20,1.0,0.0,0.03612000940462917,0.02870445550612489,0.0361298412394801,0.012669716539566351,0.044834632465809,0.08377882555533882,1.0,20,20,1.0,0.0,0.03085627073273773,0.025812594458505173,0.02103393096433248,0.011922696058733855,0.045651296817481854,0.0640459471429603,1.0,"cascade features clamp L0 = max(0, min(L_hat, 0.5*min(window))); non-zero modes coincide when L_hat >= 0.5*min(window)"
double,mixed_pow_rat,0,0.1,0.02,2260.0,0.09998848741275486,0,20,0,0.0,0,0,,,,,,,,,,0,0,,,,,,,,,,,,,20,20,1.0,0.0,0.034988922327994866,0.03159951146794393,0.023239409753636482,0.010866319114329294,0.05100744530611856,0.08282908277716088,0.95,20,20,1.0,0.0,0.055844375583253614,0.07370064405991399,0.025771719255582293,0.014064992852654576,0.06347187829832802,0.13482322588009685,0.85,"cascade features clamp L0 = max(0, min(L_hat, 0.5*min(window))); non-zero modes coincide when L_hat >= 0.5*min(window)"
double,multiphase,0,0.1,0.02,3852.0,0.0999996544626016,0,20,0,0.0,0,0,,,,,,,,,,0,0,,,,,,,,,,,,,20,20,1.0,0.0,0.08892928675754608,0.04475148055641834,0.10294599836075644,0.05649006951118309,0.12399257888999876,0.13467494902778848,1.0,20,20,1.0,0.0,0.09861101710828181,0.031518793567853,0.11034048788941841,0.08813789334273643,0.11867535902752899,0.12817382797909535,1.0,"cascade features clamp L0 = max(0, min(L_hat, 0.5*min(window))); non-zero modes coincide when L_hat >= 0.5*min(window)"
double,osc_exp,0,0.1,0.02,165.0,0.09570953042125925,0,20,0,0.0,0,0,,,,,,,,,,0,0,,,,,,,,,,,,,20,20,1.0,0.0,0.032822500034902405,0.016332252316874536,0.03600566552783355,0.022020977588555604,0.04258461169599777,0.04731537944245878,0.75,20,20,1.0,0.0,0.03102174016179124,0.011453025978699157,0.03271681636188195,0.02847796154934817,0.03741729271371531,0.03966682690346045,0.75,"cascade features clamp L0 = max(0, min(L_hat, 0.5*min(window))); non-zero modes coincide when L_hat >= 0.5*min(window)"
double,damped_osc_pow,0,0.1,0.02,3014.0,0.09999319502597674,0,20,16,0.8,16,16,1.0,0.0625,0.018073456975265377,0.01414593590199907,0.014306840657379648,0.007929796081607416,0.02721470358400658,0.037238543129148836,0.875,16,16,1.0,0.0625,0.020140210608008337,0.008689548901039,0.017385016430816663,0.01539775941289331,0.02716581948986218,0.030242373645208532,0.875,0.375,0.375,0.21173224329418697,4,4,1.0,0.0,0.05505260637900915,0.054844485082820506,0.03764739265179502,0.020498346494480454,0.07220165253632371,0.10887626359761891,0.75,4,4,1.0,0.25,0.11379819218695447,0.20368829158445895,0.01666821702534739,0.011317061134595217,0.11914934807770666,0.29915325351186606,0.75,"cascade features clamp L0 = max(0, min(L_hat, 0.5*min(window))); non-zero modes coincide when L_hat >= 0.5*min(window)"
double,log_slow,0,0.1,0.02,50000.0,0.41863546463489004,1,20,19,0.95,19,19,1.0,0.0,0.06155275608044249,0.024921544907705716,0.06921351982728996,0.042686102051132914,0.08021557977728545,0.0870352057583985,0.9473684210526315,19,19,1.0,0.0,0.056841913923915285,0.029092647208179084,0.07107011729387624,0.04314083702905258,0.07577919258582125,0.08029507514554797,1.0,0.6842105263157895,0.6842105263157895,-0.11275820599399111,1,1,1.0,0.0,0.08711947249601494,,0.08711947249601494,0.08711947249601494,0.08711947249601494,0.08711947249601494,1.0,1,1,1.0,0.0,0.12647041079776186,,0.12647041079776186,0.12647041079776186,0.12647041079776186,0.12647041079776186,0.0,"cascade features clamp L0 = max(0, min(L_hat, 0.5*min(window))); non-zero modes coincide when L_hat >= 0.5*min(window)"
double,delayed_plateau,0,0.1,0.02,321.0,0.09926115995627992,0,20,0,0.0,0,0,,,,,,,,,,0,0,,,,,,,,,,,,,20,20,1.0,0.0,0.0722530210217248,0.016907558189192932,0.08042382099558493,0.06933400980247208,0.08405213298006983,0.08472964973879814,1.0,20,20,1.0,0.0,0.04015198419693109,0.01590421365253929,0.04873601983255951,0.03286825037766894,0.05170364798268901,0.05378173786000977,1.0,"cascade features clamp L0 = max(0, min(L_hat, 0.5*min(window))); non-zero modes coincide when L_hat >= 0.5*min(window)"
double,staircase,0,0.1,0.02,320.0,0.0,0,20,0,0.0,0,0,,,,,,,,,,0,0,,,,,,,,,,,,,20,20,1.0,0.0,0.0867755423150165,0.03825226953510379,0.10331242515831791,0.07131629844984065,0.1159000424095942,0.11865663968952267,1.0,20,20,1.0,0.0,0.055223095042698025,0.023775102684878858,0.060878572296911966,0.04228557139572581,0.07461705032585499,0.07769384750188829,1.0,"cascade features clamp L0 = max(0, min(L_hat, 0.5*min(window))); non-zero modes coincide when L_hat >= 0.5*min(window)"
double,noisy_plateau,0,0.1,0.02,137.0,0.09536916221554956,0,20,20,1.0,20,20,1.0,0.05,0.0010356401545348825,0.0007838134544702312,0.0008526218581607382,0.0004524878352529498,0.0016696116073107196,0.002085704483376855,0.85,20,20,1.0,0.05,0.0014196806070100577,0.0009730506182184295,0.0014563931825992832,0.0004639472601660737,0.002172593678332198,0.00259534501927592,0.5,0.35,0.35,0.51892675192046,0,0,,,,,,,,,,0,0,,,,,,,,,,"cascade features clamp L0 = max(0, min(L_hat, 0.5*min(window))); non-zero modes coincide when L_hat >= 0.5*min(window)"
double,slow_osc_power,0,0.1,0.02,3483.0,0.09996889692898078,0,20,9,0.45,9,9,1.0,0.2222222222222222,0.053812843786588224,0.060922652919074886,0.0156221881753601,0.009507320480826652,0.12543605370591973,0.13335199137198955,0.5555555555555556,9,9,1.0,0.1111111111111111,0.07035982682952155,0.126506630954417,0.01686281648206046,0.012168675405475568,0.07258223741070804,0.14568398057055196,0.6666666666666666,0.3333333333333333,0.3333333333333333,0.052741840939923325,11,11,1.0,0.36363636363636365,0.07647128254935387,0.06383143052666124,0.07730412311278752,0.014809263923630828,0.11846431450087347,0.1452952320961512,0.36363636363636365,11,11,1.0,0.2727272727272727,0.059878882532807355,0.05347920897369531,0.056747070375679526,0.014445587602642262,0.07392954586300979,0.09637527991653547,0.36363636363636365,"cascade features clamp L0 = max(0, min(L_hat, 0.5*min(window))); non-zero modes coincide when L_hat >= 0.5*min(window)"
double,log_oscillatory,0,0.1,0.02,50000.0,0.2992564263745022,1,20,20,1.0,20,20,1.0,0.0,0.03842784508670113,0.03450067237713297,0.02547656279491521,0.01525830061980395,0.06452918318766479,0.08529918558484825,1.0,20,20,1.0,0.0,0.15965400546863834,0.12032417727711014,0.11529377685441558,0.08095011769766831,0.18901388039003225,0.2841291092566279,0.65,0.0,0.0,3.804634137875358,0,0,,,,,,,,,,0,0,,,,,,,,,,"cascade features clamp L0 = max(0, min(L_hat, 0.5*min(window))); non-zero modes coincide when L_hat >= 0.5*min(window)"
double,heavy_noise_plat,0,0.1,0.02,114.0,0.09071795328941246,0,20,20,1.0,20,20,1.0,0.0,0.004538550697327106,0.00409786514919154,0.003424003026403036,0.0018897943025811877,0.005990053172617095,0.010762308673333783,0.9,20,20,1.0,0.05,0.003505576742698917,0.0036399518287187926,0.001938658964155778,0.0010624708478556054,0.005323514591287819,0.006346513934924829,0.9,0.5,0.5,-0.02838490869622988,0,0,,,,,,,,,,0,0,,,,,,,,,,"cascade features clamp L0 = max(0, min(L_hat, 0.5*min(window))); non-zero modes coincide when L_hat >= 0.5*min(window)"
double,broken_power_law,0,0.1,0.02,28776.0,0.09999962012267244,0,20,20,1.0,20,20,1.0,1.0,0.8026533845863701,0.03384297114719043,0.8056411828189877,0.786603047982239,0.8260984366724327,0.8428974164064253,0.0,20,20,1.0,0.0,0.07280782388003709,0.0021732132940838816,0.07256250101891165,0.07140703684009925,0.07427770685693334,0.07509387727380876,1.0,1.0,1.0,-0.9095683132069331,0,0,,,,,,,,,,0,0,,,,,,,,,,"cascade features clamp L0 = max(0, min(L_hat, 0.5*min(window))); non-zero modes coincide when L_hat >= 0.5*min(window)"
double,stretched_exp,1,0.1,0.02,579.0,0.09979846505939677,0,20,0,0.0,0,0,,,,,,,,,,0,0,,,,,,,,,,,,,20,20,1.0,0.0,0.02793268712729439,0.011625857690562924,0.026047634497197193,0.02138587873376163,0.03559180977595478,0.03815092799655036,1.0,20,20,1.0,0.0,0.038181179196839464,0.02839279211509046,0.04165695015142584,0.01068564815304045,0.05596902183930411,0.0753198101914347,1.0,"cascade features clamp L0 = max(0, min(L_hat, 0.5*min(window))); non-zero modes coincide when L_hat >= 0.5*min(window)"
double,logistic_tail,1,0.1,0.02,135.0,0.09609894819901184,0,20,0,0.0,0,0,,,,,,,,,,0,0,,,,,,,,,,,,,20,20,1.0,0.0,0.1339363273278261,0.027361501069287215,0.14632565797208646,0.13200624723211818,0.14841082799218158,0.15279869215694625,0.05,20,20,1.0,0.0,0.09896355920701541,0.035331573167248144,0.1147772799807604,0.09501791580995873,0.11926255472639534,0.12514658935115194,0.2,"cascade features clamp L0 = max(0, min(L_hat, 0.5*min(window))); non-zero modes coincide when L_hat >= 0.5*min(window)"
double,inv_sqrt_log,1,0.1,0.02,2929.0,0.09999046875803731,0,20,20,1.0,20,20,1.0,0.1,0.019166014622052436,0.02165661404246563,0.00944292041990021,0.007838668251486703,0.021368763221129072,0.0358642351419325,0.6,20,20,1.0,0.15,0.028854959654087874,0.04411237734321391,0.011577122601953024,0.0028779145470105016,0.021426099650368735,0.10132428650664167,0.6,0.4,0.4,0.0851533608681876,0,0,,,,,,,,,,0,0,,,,,,,,,,"cascade features clamp L0 = max(0, min(L_hat, 0.5*min(window))); non-zero modes coincide when L_hat >= 0.5*min(window)"
double,random_knots,1,0.1,0.02,4730.0,0.09999546250252596,1,20,12,0.6,12,12,1.0,0.0,0.02141548704180043,0.019328334232003204,0.014304747793137701,0.0098264433680249,0.03052512129264792,0.038147593926897774,1.0,12,12,1.0,0.0,0.024552215174976286,0.01737158260265112,0.02484401229173447,0.010293813192737276,0.029868645273571522,0.04806530668805902,0.8333333333333334,0.5,0.5,0.13399104571577583,8,8,1.0,0.0,0.05801958848574043,0.05317314340569669,0.05012709414009345,0.013771911689271827,0.0784276835313839,0.13674438671522998,0.75,8,8,1.0,0.0,0.0662919063591506,0.06625879324186003,0.05406952586297771,0.016048038630207487,0.07668324806350885,0.14806610265789347,0.75,"cascade features clamp L0 = max(0, min(L_hat, 0.5*min(window))); non-zero modes coincide when L_hat >= 0.5*min(window)"
double,real_boot_a,1,0.1,0.02,413.0,0.09900189826125952,0,20,0,0.0,0,0,,,,,,,,,,0,0,,,,,,,,,,,,,20,20,1.0,0.0,0.04136656733483825,0.021477356300490334,0.04226524106307757,0.023738102278918864,0.05861902542983191,0.06695562273967866,1.0,20,20,1.0,0.0,0.04299354519852675,0.023970833038731366,0.03300108132968724,0.027834838286775635,0.06676691902497792,0.07282834289198861,1.0,"cascade features clamp L0 = max(0, min(L_hat, 0.5*min(window))); non-zero modes coincide when L_hat >= 0.5*min(window)"
double,real_boot_b,1,0.1,0.02,364.0,0.09935491603410883,0,20,0,0.0,0,0,,,,,,,,,,0,0,,,,,,,,,,,,,20,20,1.0,0.0,0.005484704205633956,0.005099487681121817,0.004194773407375476,0.001052718578208144,0.009912026694997696,0.010961813332811852,1.0,20,20,1.0,0.0,0.00684275242977222,0.0067164980826194265,0.005174149507581195,0.0026958640574570535,0.009073188560216008,0.011265958161448443,1.0,"cascade features clamp L0 = max(0, min(L_hat, 0.5*min(window))); non-zero modes coincide when L_hat >= 0.5*min(window)"
winmin,single_exp,0,0.5,0.0,108.0,0.4867522559599715,0,20,0,0.0,0,0,,,,,,,,,,0,0,,,,,,,,,,,,,20,20,1.0,0.0,0.02313178779399976,0.009553430468114833,0.026135075828999956,0.016567553728166567,0.032933045104419745,0.03355117102837365,0.1,20,20,1.0,0.0,0.023498042275477818,0.010910727976052626,0.026550375430278456,0.01532019940969194,0.03462266428855237,0.03534234693115571,0.1,"cascade features clamp L0 = max(0, min(L_hat, 0.5*min(window))); non-zero modes coincide when L_hat >= 0.5*min(window)"
winmin,two_exp,0,0.5,0.0,129.0,0.4955914190433955,0,20,0,0.0,0,0,,,,,,,,,,0,0,,,,,,,,,,,,,20,20,1.0,0.0,0.020599879894178,0.012787655603802822,0.022148754080863045,0.011622960082152273,0.03404720854736214,0.03518379303828064,1.0,20,20,1.0,0.0,0.0155117934495048,0.009071809171793543,0.015065489279714593,0.007977590129018941,0.02553212367585989,0.02641486746996605,1.0,"cascade features clamp L0 = max(0, min(L_hat, 0.5*min(window))); non-zero modes coincide when L_hat >= 0.5*min(window)"
winmin,three_exp,0,0.5,0.0,176.0,0.49876789415554024,0,20,0,0.0,0,0,,,,,,,,,,0,0,,,,,,,,,,,,,20,20,1.0,0.0,0.021010794006154427,0.007005986090261409,0.02282123305809404,0.014898121660911402,0.027523110565940374,0.028519273767000534,1.0,20,20,1.0,0.0,0.01667449571719949,3.8499107997358716e-09,0.01667449342180423,0.016674492873781623,0.016674499491591027,0.016674500579710323,1.0,"cascade features clamp L0 = max(0, min(L_hat, 0.5*min(window))); non-zero modes coincide when L_hat >= 0.5*min(window)"
winmin,four_exp,0,0.5,0.0,231.0,0.4980680166164721,0,20,0,0.0,0,0,,,,,,,,,,0,0,,,,,,,,,,,,,20,20,1.0,0.0,0.010597872691451765,0.006605280392258511,0.011387997412687062,0.004633716709111557,0.015149407735536705,0.01890735907088704,1.0,20,20,1.0,0.0,0.008724753068880233,6.921176756079488e-10,0.008724752858272067,0.008724752475340415,0.008724753536410682,0.00872475409410493,1.0,"cascade features clamp L0 = max(0, min(L_hat, 0.5*min(window))); non-zero modes coincide when L_hat >= 0.5*min(window)"
winmin,power_law,0,0.5,0.0,244.0,0.4999340482202355,0,20,0,0.0,0,0,,,,,,,,,,0,0,,,,,,,,,,,,,20,20,1.0,0.0,0.00020638502198084657,1.4022955346192392e-08,0.0002063914922885296,0.0002063890583349822,0.00020639149719215572,0.00020639150804725102,1.0,20,20,1.0,0.0,0.001619720030519046,2.4011766781169422e-09,0.0016197190976686218,0.0016197188021804948,0.0016197204999199681,0.0016197212526553762,1.0,"cascade features clamp L0 = max(0, min(L_hat, 0.5*min(window))); non-zero modes coincide when L_hat >= 0.5*min(window)"
winmin,rational_decay,0,0.5,0.0,205.0,0.5,0,20,0,0.0,0,0,,,,,,,,,,0,0,,,,,,,,,,,,,20,20,1.0,0.0,0.01128447965518779,0.004565888590706836,0.013049641538445969,0.008021751720980387,0.01532015743468676,0.015320159816152807,1.0,20,20,1.0,0.0,1.6188223678215152e-11,3.532207003169321e-11,4.06064071256651e-14,2.6194324487249787e-15,7.815054159365786e-12,6.575067018621542e-11,1.0,"cascade features clamp L0 = max(0, min(L_hat, 0.5*min(window))); non-zero modes coincide when L_hat >= 0.5*min(window)"
winmin,mixed_pow_rat,0,0.5,0.0,254.0,0.4990202976120709,0,20,0,0.0,0,0,,,,,,,,,,0,0,,,,,,,,,,,,,20,20,1.0,0.0,0.009261008071073362,0.0050331880026557325,0.011776510784935246,0.003971027256371662,0.013274434666628036,0.014346077552015635,1.0,20,20,1.0,0.0,0.0038011633312462073,3.0211479057942403e-10,0.003801163157127335,0.0038011631326200952,0.003801163381819756,0.0038011638477173037,1.0,"cascade features clamp L0 = max(0, min(L_hat, 0.5*min(window))); non-zero modes coincide when L_hat >= 0.5*min(window)"
winmin,multiphase,0,0.5,0.0,504.0,0.49983903719462197,0,20,0,0.0,0,0,,,,,,,,,,0,0,,,,,,,,,,,,,20,20,1.0,0.0,0.05208180056629338,9.879279529193217e-09,0.052081804938990776,0.05208180431540539,0.052081804960886484,0.05208180498596328,1.0,20,20,1.0,0.0,0.04811051184919996,4.270638499490604e-09,0.048110510394897346,0.048110510273486944,0.04811051073415127,0.04811051412300525,1.0,"cascade features clamp L0 = max(0, min(L_hat, 0.5*min(window))); non-zero modes coincide when L_hat >= 0.5*min(window)"
winmin,osc_exp,0,0.5,0.0,107.0,0.47832942079368884,0,20,0,0.0,0,0,,,,,,,,,,0,0,,,,,,,,,,,,,20,20,1.0,0.0,0.02610483595324181,0.01703787860339879,0.020972942499846894,0.01110415476935983,0.04398468189485971,0.04646338999161217,0.55,20,20,1.0,0.0,0.022138323829370386,0.01713014227035669,0.010293278878708727,0.008365077211395296,0.0403675464560394,0.04357703260395666,0.6,"cascade features clamp L0 = max(0, min(L_hat, 0.5*min(window))); non-zero modes coincide when L_hat >= 0.5*min(window)"
winmin,damped_osc_pow,0,0.5,0.0,260.0,0.49940767513390516,0,20,0,0.0,0,0,,,,,,,,,,0,0,,,,,,,,,,,,,20,20,1.0,0.0,0.000544170071886951,1.1288114459638986e-08,0.000544173768021794,0.00054417341126675,0.0005441738960374164,0.0005441741153778656,1.0,20,20,1.0,0.0,0.003054236988577403,8.564943269499667e-10,0.003054236700037939,0.0030542363948019204,0.003054237048402346,0.00305423864357428,1.0,"cascade features clamp L0 = max(0, min(L_hat, 0.5*min(window))); non-zero modes coincide when L_hat >= 0.5*min(window)"
winmin,log_slow,0,0.5,0.0,8594.0,0.49999975284240333,0,20,0,0.0,0,0,,,,,,,,,,0,0,,,,,,,,,,,,,20,20,1.0,0.0,0.012364435853520733,1.4093102380039873e-08,0.012364432426856281,0.01236443227129197,0.012364433224471387,0.012364433595417161,1.0,20,20,1.0,0.0,0.044586151334649826,1.2885321116110562e-09,0.044586150785592644,0.044586150406360256,0.044586152096650636,0.044586152656259086,1.0,"cascade features clamp L0 = max(0, min(L_hat, 0.5*min(window))); non-zero modes coincide when L_hat >= 0.5*min(window)"
winmin,delayed_plateau,0,0.5,0.0,160.0,0.49658484551706805,0,20,0,0.0,0,0,,,,,,,,,,0,0,,,,,,,,,,,,,20,20,1.0,0.0,0.04654280227175821,0.009171236748088184,0.05101830938478315,0.042584228333218836,0.053846009097466126,0.05446633650609472,1.0,20,20,1.0,0.0,0.024800914128452888,0.009148949816729415,0.02958006044671091,0.019548761009126975,0.03180690645764923,0.032207874371987036,1.0,"cascade features clamp L0 = max(0, min(L_hat, 0.5*min(window))); non-zero modes coincide when L_hat >= 0.5*min(window)"
winmin,staircase,0,0.5,0.0,170.0,0.2777777777777778,0,20,0,0.0,0,0,,,,,,,,,,0,0,,,,,,,,,,,,,20,20,1.0,0.0,0.1121921857988766,0.023117288417295073,0.12114326042289453,0.10206344887738697,0.1312389098981157,0.1329219629764244,0.7,20,20,1.0,0.0,0.07245085105694461,0.025540500459618014,0.0828000517661508,0.06364851017767978,0.09281222451644436,0.09450386521308134,1.0,"cascade features clamp L0 = max(0, min(L_hat, 0.5*min(window))); non-zero modes coincide when L_hat >= 0.5*min(window)"
winmin,noisy_plateau,0,0.5,0.0,104.0,0.4965853037914094,0,20,20,1.0,20,20,1.0,0.05,0.0006612452562145101,0.0005185710759552848,0.0005194223461866335,0.0002815626694447036,0.0008803165189398676,0.0013416942001118475,0.75,20,20,1.0,0.05,0.0007937099809630505,0.0007731094475278263,0.000489421924940431,0.00031039407044205006,0.0012337636707438716,0.001572567053652489,0.85,0.45,0.45,0.2593874788014729,0,0,,,,,,,,,,0,0,,,,,,,,,,"cascade features clamp L0 = max(0, min(L_hat, 0.5*min(window))); non-zero modes coincide when L_hat >= 0.5*min(window)"
winmin,slow_osc_power,0,0.5,0.0,415.0,0.49840630355024784,0,20,0,0.0,0,0,,,,,,,,,,0,0,,,,,,,,,,,,,20,20,1.0,0.2,0.04452975808354342,0.025326357934797164,0.04245588753033518,0.01587397109978603,0.06849617741034095,0.07306287547102923,0.1,20,20,1.0,0.0,0.040403691903690364,0.01905472341704243,0.0531855437365612,0.01645162373638418,0.05540177799521656,0.05540223290035541,0.1,"cascade features clamp L0 = max(0, min(L_hat, 0.5*min(window))); non-zero modes coincide when L_hat >= 0.5*min(window)"
winmin,log_oscillatory,0,0.5,0.0,533.0,0.49841524754235217,0,20,20,1.0,20,20,1.0,0.0,0.020862346147224542,0.003768128512603556,0.021726582407909104,0.01857687332431831,0.023917066695472496,0.024151411160639666,1.0,20,20,1.0,0.0,0.06193822780309923,0.029794477335999763,0.052751958272441085,0.03970536875888259,0.07530566905038366,0.09831219880851741,0.9,0.0,0.0,1.4282506037524394,0,0,,,,,,,,,,0,0,,,,,,,,,,"cascade features clamp L0 = max(0, min(L_hat, 0.5*min(window))); non-zero modes coincide when L_hat >= 0.5*min(window)"
winmin,heavy_noise_plat,0,0.5,0.0,97.0,0.49658530379140886,0,20,20,1.0,20,20,1.0,0.1,0.0010659229938159518,0.0007659485037640934,0.0010449639654331352,0.0004555732214839444,0.0013085734443331314,0.0020215139858039965,0.65,20,20,1.0,0.05,0.001138451966892888,0.00082307707423322,0.0010020766078138589,0.0005127695250431758,0.0015923918525035442,0.0019252670639925834,0.6,0.3,0.3,0.14567697523582815,0,0,,,,,,,,,,0,0,,,,,,,,,,"cascade features clamp L0 = max(0, min(L_hat, 0.5*min(window))); non-zero modes coincide when L_hat >= 0.5*min(window)"
winmin,broken_power_law,0,0.5,0.0,514.0,0.49991211917454004,0,20,20,1.0,20,20,1.0,0.0,0.3232138236085153,0.0028287532692564607,0.3246437883127359,0.32189951253846116,0.32503593213986753,0.32507124621580236,0.0,20,20,1.0,0.0,0.020273304278691135,2.3154880254584779e-10,0.0202733041716504,0.020273304141215698,0.020273304298579962,0.02027330457834313,1.0,1.0,1.0,-0.9375521413272048,0,0,,,,,,,,,,0,0,,,,,,,,,,"cascade features clamp L0 = max(0, min(L_hat, 0.5*min(window))); non-zero modes coincide when L_hat >= 0.5*min(window)"
winmin,stretched_exp,1,0.5,0.0,193.0,0.49828241532615414,0,20,0,0.0,0,0,,,,,,,,,,0,0,,,,,,,,,,,,,20,20,1.0,0.0,0.013678411884131889,0.00939890719321539,0.015896589610635684,0.004091370270861067,0.022791815552946633,0.02440637716307966,1.0,20,20,1.0,0.0,0.004246412848190846,0.0009611195313506937,0.0037942526443828853,0.003794252368368424,0.00379542463540029,0.006190242380190983,1.0,"cascade features clamp L0 = max(0, min(L_hat, 0.5*min(window))); non-zero modes coincide when L_hat >= 0.5*min(window)"
winmin,logistic_tail,1,0.5,0.0,105.0,0.47748855939048196,0,20,0,0.0,0,0,,,,,,,,,,0,0,,,,,,,,,,,,,20,20,1.0,0.0,0.13453247480736535,0.020458047038747366,0.14299104915725502,0.13379007380187272,0.14620170947981248,0.14916300990111706,0.0,20,20,1.0,0.0,0.10558544136201482,0.028556842770373025,0.11773862941844415,0.1035210649444341,0.12263554557983908,0.12711968297564122,0.1,"cascade features clamp L0 = max(0, min(L_hat, 0.5*min(window))); non-zero modes coincide when L_hat >= 0.5*min(window)"
winmin,inv_sqrt_log,1,0.5,0.0,245.0,0.4997783934707863,0,20,1,0.05,1,1,1.0,0.0,0.0001881260391498607,,0.0001881260391498607,0.0001881260391498607,0.0001881260391498607,0.0001881260391498607,1.0,1,1,1.0,0.0,0.000965987984460015,,0.000965987984460015,0.000965987984460015,0.000965987984460015,0.000965987984460015,1.0,0.0,0.0,4.134791487798834,19,19,1.0,0.0,0.00018812688243961177,9.594809199937505e-10,0.00018812680613483623,0.00018812662467512786,0.00018812683459540347,0.00018812738496608514,1.0,19,19,1.0,0.0,0.0009659891421183814,2.2177661670829335e-09,0.0009659881685740168,0.0009659878481702994,0.0009659891488029218,0.0009659924117613322,1.0,"cascade features clamp L0 = max(0, min(L_hat, 0.5*min(window))); non-zero modes coincide when L_hat >= 0.5*min(window)"
winmin,random_knots,1,0.5,0.0,314.5,0.49936083587279756,0,20,0,0.0,0,0,,,,,,,,,,0,0,,,,,,,,,,,,,20,20,1.0,0.0,0.0071050522319670946,0.0074429522143021065,0.003176156971286752,0.002214470607393602,0.013697602498440195,0.017722658013096613,1.0,20,20,1.0,0.0,0.00886333220395987,0.010660941249965528,0.0046028681267704825,0.0025666898185897243,0.009522336251878327,0.022718602659315502,1.0,"cascade features clamp L0 = max(0, min(L_hat, 0.5*min(window))); non-zero modes coincide when L_hat >= 0.5*min(window)"
winmin,real_boot_a,1,0.5,0.0,203.0,0.49951204685092926,0,20,0,0.0,0,0,,,,,,,,,,0,0,,,,,,,,,,,,,20,20,1.0,0.0,0.014301821802222092,0.008175120638806292,0.01307859509494215,0.007183957501295156,0.023420757349452592,0.02378892469777663,1.0,20,20,1.0,0.0,0.016291387026956587,1.7958807394325535e-09,0.016291386569155845,0.01629138591647697,0.01629138720588814,0.016291388565205022,1.0,"cascade features clamp L0 = max(0, min(L_hat, 0.5*min(window))); non-zero modes coincide when L_hat >= 0.5*min(window)"
winmin,real_boot_b,1,0.5,0.0,172.0,0.496916665259355,0,20,0,0.0,0,0,,,,,,,,,,0,0,,,,,,,,,,,,,20,20,1.0,0.0,0.0044012310502972276,0.0010834489481859164,0.004928688608511898,0.004870130198851059,0.0049286889125956315,0.0049286892786801345,1.0,20,20,1.0,0.0,0.005555527476544999,0.002025286383781039,0.006736013794244031,0.005169751576824803,0.006736013918862867,0.006736013941696413,1.0,"cascade features clamp L0 = max(0, min(L_hat, 0.5*min(window))); non-zero modes coincide when L_hat >= 0.5*min(window)"
winmin,single_exp,0,0.5,0.005,108.0,0.4867522559599715,0,20,0,0.0,0,0,,,,,,,,,,0,0,,,,,,,,,,,,,20,20,1.0,0.1,0.023053040044188188,0.009679623312031593,0.02604366076066988,0.015730342582546165,0.03307548996242726,0.03358054929395949,0.05,20,20,1.0,0.1,0.023403338373702454,0.011076810081713266,0.02645109723161366,0.01508480342300543,0.0347342617415874,0.03535684974785407,0.1,"cascade features clamp L0 = max(0, min(L_hat, 0.5*min(window))); non-zero modes coincide when L_hat >= 0.5*min(window)"
winmin,two_exp,0,0.5,0.005,129.0,0.4955914190433955,0,20,0,0.0,0,0,,,,,,,,,,0,0,,,,,,,,,,,,,20,20,1.0,0.0,0.02059389693463744,0.012803224829580644,0.022755811312788053,0.010726635371667258,0.03396956214540518,0.03526946330155104,1.0,20,20,1.0,0.0,0.015225092884851707,0.009649722133166541,0.015335854089418462,0.006517209879799597,0.025576921749402848,0.02662556085896492,1.0,"cascade features clamp L0 = max(0, min(L_hat, 0.5*min(window))); non-zero modes coincide when L_hat >= 0.5*min(window)"
winmin,three_exp,0,0.5,0.005,176.0,0.49876789415554024,0,20,0,0.0,0,0,,,,,,,,,,0,0,,,,,,,,,,,,,20,20,1.0,0.0,0.022004272916751666,0.006038852425146851,0.021991279083690196,0.01660326314623605,0.027815555620675066,0.02905073848765006,1.0,20,20,1.0,0.0,0.016589721373428287,0.007558326181255306,0.018285237622811215,0.012488849969310205,0.022670476911126614,0.023908538034649304,1.0,"cascade features clamp L0 = max(0, min(L_hat, 0.5*min(window))); non-zero modes coincide when L_hat >= 0.5*min(window)"
winmin,four_exp,0,0.5,0.005,231.0,0.4980680166164721,0,20,0,0.0,0,0,,,,,,,,,,0,0,,,,,,,,,,,,,20,20,1.0,0.0,0.01180470503284009,0.007011870351255883,0.012377201166641982,0.0052926436266602095,0.015614265160676086,0.022019020278347325,1.0,20,20,1.0,0.0,0.011138745939967052,0.00813314730715932,0.010394795774760865,0.004037159245084281,0.01478492162868035,0.02049055968248782,1.0,"cascade features clamp L0 = max(0, min(L_hat, 0.5*min(window))); non-zero modes coincide when L_hat >= 0.5*min(window)"
winmin,power_law,0,0.5,0.005,244.0,0.4999340482202355,0,20,0,0.0,0,0,,,,,,,,,,0,0,,,,,,,,,,,,,20,20,1.0,0.0,0.004254106410891445,0.004121333579431381,0.0027699884222624448,0.002167049789112597,0.005945509451584148,0.007047042431892618,0.95,20,20,1.0,0.0,0.004010640894170626,0.0026701196506128655,0.0031998905190421117,0.00217638353493348,0.005943369717544057,0.006645392358792031,0.95,"cascade features clamp L0 = max(0, min(L_hat, 0.5*min(window))); non-zero modes coincide when L_hat >= 0.5*min(window)"
winmin,rational_decay,0,0.5,0.005,205.0,0.5,0,20,0,0.0,0,0,,,,,,,,,,0,0,,,,,,,,,,,,,20,20,1.0,0.0,0.011479411584536631,0.005017838708128088,0.011551150997738145,0.008282187638142272,0.015023012500331782,0.017177176677505318,1.0,20,20,1.0,0.0,0.006143457756808779,0.004777735638066338,0.005224400501552401,0.002593162341368225,0.01036199903025254,0.012235466841218798,1.0,"cascade features clamp L0 = max(0, min(L_hat, 0.5*min(window))); non-zero modes coincide when L_hat >= 0.5*min(window)"
winmin,mixed_pow_rat,0,0.5,0.005,254.0,0.4990202976120709,0,20,0,0.0,0,0,,,,,,,,,,0,0,,,,,,,,,,,,,20,20,1.0,0.0,0.009065553970902024,0.004476653754878941,0.010730924773106686,0.00537932573953076,0.01286587104140964,0.013701968444704605,1.0,20,20,1.0,0.0,0.006869382357933029,0.004397875217367718,0.006116384183985454,0.003290411244234393,0.01001544377561868,0.011123717863192563,1.0,"cascade features clamp L0 = max(0, min(L_hat, 0.5*min(window))); non-zero modes coincide when L_hat >= 0.5*min(window)"
winmin,multiphase,0,0.5,0.005,504.0,0.49983903719462197,0,20,0,0.0,0,0,,,,,,,,,,0,0,,,,,,,,,,,,,20,20,1.0,0.0,0.05027204976596826,0.0034214899607639027,0.051346844888153303,0.0479638589038547,0.05283509446900215,0.05325063501893832,1.0,20,20,1.0,0.0,0.04764821792438159,0.002001476708254917,0.0479023965001289,0.046788515994109985,0.048933889855907874,0.04973780913213848,1.0,"cascade features clamp L0 = max(0, min(L_hat, 0.5*min(window))); non-zero modes coincide when L_hat >= 0.5*min(window)"
winmin,osc_exp,0,0.5,0.005,107.0,0.47832942079368884,0,20,0,0.0,0,0,,,,,,,,,,0,0,,,,,,,,,,,,,20,20,1.0,0.0,0.02597051933743989,0.01714779259713885,0.02026487592809033,0.010396240354147171,0.04420003493492382,0.04621285046971382,0.45,20,20,1.0,0.0,0.022089294600760537,0.017179850823787975,0.010684450709697028,0.007578532419842826,0.04046963615168373,0.043349101027911,0.6,"cascade features clamp L0 = max(0, min(L_hat, 0.5*min(window))); non-zero modes coincide when L_hat >= 0.5*min(window)"
winmin,damped_osc_pow,0,0.5,0.005,260.0,0.49940767513390516,0,20,0,0.0,0,0,,,,,,,,,,0,0,,,,,,,,,,,,,20,20,1.0,0.0,0.005990795896293383,0.004402847098040149,0.005575076056071354,0.0021617114835035464,0.00874191942332862,0.011937907506101198,1.0,20,20,1.0,0.0,0.006734274766590137,0.003105643825827454,0.006132018590095257,0.004296332110906308,0.009047416367565281,0.01124678437683786,1.0,"cascade features clamp L0 = max(0, min(L_hat, 0.5*min(window))); non-zero modes coincide when L_hat >= 0.5*min(window)"
winmin,log_slow,0,0.5,0.005,8594.0,0.49999975284240333,0,20,0,0.0,0,0,,,,,,,,,,0,0,,,,,,,,,,,,,20,20,1.0,0.0,0.03483011943156037,0.01658777733145682,0.033838500568354565,0.02461700273088557,0.04359567636204687,0.05826563331261296,1.0,20,20,1.0,0.0,0.04252056561161754,0.01437244246991459,0.045669014215932724,0.03114528296942482,0.05280446408925668,0.058393388487325976,1.0,"cascade features clamp L0 = max(0, min(L_hat, 0.5*min(window))); non-zero modes coincide when L_hat >= 0.5*min(window)"
winmin,delayed_plateau,0,0.5,0.005,160.0,0.49658484551706805,0,20,0,0.0,0,0,,,,,,,,,,0,0,,,,,,,,,,,,,20,20,1.0,0.0,0.046367764887304264,0.009218901601190297,0.05079993344972819,0.04185084814302079,0.053583649905815066,0.05437962108970828,1.0,20,20,1.0,0.0,0.024882965689945063,0.009577350554537494,0.029278810136487032,0.01864784894294067,0.03228974330793762,0.03310201546632094,1.0,"cascade features clamp L0 = max(0, min(L_hat, 0.5*min(window))); non-zero modes coincide when L_hat >= 0.5*min(window)"
winmin,staircase,0,0.5,0.005,170.0,0.2777777777777778,0,20,0,0.0,0,0,,,,,,,,,,0,0,,,,,,,,,,,,,20,20,1.0,0.0,0.11183840728545688,0.02353028224739264,0.1214074409246422,0.1024032122116135,0.1304478715489163,0.13250678548037712,0.65,20,20,1.0,0.0,0.07287264714644844,0.024576134271419765,0.0830048336866841,0.0638751829602468,0.09161313067713867,0.09444859948014156,1.0,"cascade features clamp L0 = max(0, min(L_hat, 0.5*min(window))); non-zero modes coincide when L_hat >= 0.5*min(window)"
winmin,noisy_plateau,0,0.5,0.005,104.0,0.4965853037914094,0,20,20,1.0,20,20,1.0,0.05,0.0006944731219687693,0.000526941987076997,0.0005855903859663756,0.00036741715907678656,0.0008463694514620011,0.0013155094979543742,0.75,20,20,1.0,0.05,0.0008944478125576954,0.000693123721843367,0.0007117901348707139,0.000420469435443686,0.0012673409662514595,0.0015842747356215707,0.75,0.3,0.3,0.4823103468437196,0,0,,,,,,,,,,0,0,,,,,,,,,,"cascade features clamp L0 = max(0, min(L_hat, 0.5*min(window))); non-zero modes coincide when L_hat >= 0.5*min(window)"
winmin,slow_osc_power,0,0.5,0.005,415.0,0.49840630355024784,0,20,0,0.0,0,0,,,,,,,,,,0,0,,,,,,,,,,,,,20,20,1.0,0.15,0.043548336127559664,0.024515689484432376,0.04264538790043722,0.01602997742008902,0.06876765001965479,0.07037621338618066,0.15,20,20,1.0,0.2,0.041068137500090904,0.025842429954738483,0.045286905835539466,0.01652904342648892,0.05100095428132363,0.05580745181028696,0.15,"cascade features clamp L0 = max(0, min(L_hat, 0.5*min(window))); non-zero modes coincide when L_hat >= 0.5*min(window)"
winmin,log_oscillatory,0,0.5,0.005,533.0,0.49841524754235217,0,20,20,1.0,20,20,1.0,0.0,0.020696195915967296,0.005128148404347238,0.02225239709552436,0.017820430200570885,0.02470661803953061,0.026078492040631684,1.0,20,20,1.0,0.0,0.062156387877093114,0.030925203582895685,0.05250495134310259,0.03976123324577034,0.07145312692067143,0.09520995708772585,0.9,0.0,0.0,1.3160016575870137,0,0,,,,,,,,,,0,0,,,,,,,,,,"cascade features clamp L0 = max(0, min(L_hat, 0.5*min(window))); non-zero modes coincide when L_hat >= 0.5*min(window)"
winmin,heavy_noise_plat,0,0.5,0.005,97.0,0.49658530379140886,0,20,20,1.0,20,20,1.0,0.0,0.0012477417305056216,0.0008218516535126809,0.0011732055681904297,0.0006339660268490531,0.001902380880418041,0.002461049941086903,0.8,20,20,1.0,0.0,0.0010817891521614164,0.0008464601719350174,0.0008995465507849543,0.00047784762970716575,0.0013556276201734927,0.002437749082787748,0.85,0.5,0.5,-0.0031721309715925447,0,0,,,,,,,,,,0,0,,,,,,,,,,"cascade features clamp L0 = max(0, min(L_hat, 0.5*min(window))); non-zero modes coincide when L_hat >= 0.5*min(window)"
winmin,broken_power_law,0,0.5,0.005,514.0,0.49991211917454004,0,20,20,1.0,20,20,1.0,0.3,0.3242164696627213,0.0026620104430319716,0.32443953779270995,0.3226444864419543,0.32574472497504015,0.32758830601852196,0.0,20,20,1.0,0.0,0.020127745005537108,0.0004218924666482573,0.020075718386921446,0.01984844873755786,0.02048873830809038,0.020669779288866607,1.0,1.0,1.0,-0.9379578718823843,0,0,,,,,,,,,,0,0,,,,,,,,,,"cascade features clamp L0 = max(0, min(L_hat, 0.5*min(window))); non-zero modes coincide when L_hat >= 0.5*min(window)"
winmin,stretched_exp,1,0.5,0.005,193.0,0.49828241532615414,0,20,0,0.0,0,0,,,,,,,,,,0,0,,,,,,,,,,,,,20,20,1.0,0.0,0.013909757634975673,0.009514249240412425,0.016563976475689968,0.004975553093110943,0.02264075566896923,0.024627658624274303,1.0,20,20,1.0,0.0,0.006346148115454751,0.003950987228724651,0.005708957956780683,0.0037220905075365796,0.007837118961611322,0.010575779020149046,1.0,"cascade features clamp L0 = max(0, min(L_hat, 0.5*min(window))); non-zero modes coincide when L_hat >= 0.5*min(window)"
winmin,logistic_tail,1,0.5,0.005,105.0,0.47748855939048196,0,20,0,0.0,0,0,,,,,,,,,,0,0,,,,,,,,,,,,,20,20,1.0,0.0,0.13457074475873684,0.02039752184384586,0.1432304096420537,0.13411437935514114,0.14594923257502038,0.14846987797884295,0.0,20,20,1.0,0.0,0.10561603397863821,0.028513818085522898,0.11791840597524042,0.10378601159122125,0.12236098817091648,0.12652039574071433,0.1,"cascade features clamp L0 = max(0, min(L_hat, 0.5*min(window))); non-zero modes coincide when L_hat >= 0.5*min(window)"
winmin,inv_sqrt_log,1,0.5,0.005,245.0,0.4997783934707863,0,20,1,0.05,1,1,1.0,0.0,0.004009559302271093,,0.004009559302271093,0.004009559302271093,0.004009559302271093,0.004009559302271093,1.0,1,1,1.0,0.0,0.004272211431047834,,0.004272211431047834,0.004272211431047834,0.004272211431047834,0.004272211431047834,1.0,0.0,0.0,0.06550648312595603,19,19,1.0,0.0,0.004078185955937185,0.0029248284831090102,0.003437634412110077,0.0019538264214817164,0.0054240950215327394,0.007680049322829588,0.8421052631578947,19,19,1.0,0.0,0.004558630854309031,0.00507876051763837,0.0024941673614909954,0.001904820258306083,0.004816383441650498,0.009848444531651642,0.8947368421052632,"cascade features clamp L0 = max(0, min(L_hat, 0.5*min(window))); non-zero modes coincide when L_hat >= 0.5*min(window)"
winmin,random_knots,1,0.5,0.005,314.5,0.49936083587279756,0,20,1,0.05,1,1,1.0,0.0,0.01201673063808193,,0.01201673063808193,0.01201673063808193,0.01201673063808193,0.01201673063808193,0.0,1,1,1.0,0.0,0.009277857437820773,,0.009277857437820773,0.009277857437820773,0.009277857437820773,0.009277857437820773,0.0,1.0,1.0,-0.22792166045408896,19,19,1.0,0.0,0.010583248972989602,0.00918851401076992,0.006656547408423738,0.005224016952851705,0.011427547869020251,0.021821106213327276,0.9473684210526315,19,19,1.0,0.0,0.012170600376407452,0.012650251474437844,0.008288575588049414,0.003247897404225795,0.014689455012772024,0.02906135554474082,1.0,"cascade features clamp L0 = max(0, min(L_hat, 0.5*min(window))); non-zero modes coincide when L_hat >= 0.5*min(window)"
winmin,real_boot_a,1,0.5,0.005,203.0,0.49951204685092926,0,20,0,0.0,0,0,,,,,,,,,,0,0,,,,,,,,,,,,,20,20,1.0,0.0,0.014059010163320612,0.008568236865681002,0.013022071986157277,0.008439713786261543,0.022132447475502054,0.024324193233654683,1.0,20,20,1.0,0.0,0.015981075002592514,0.007304643500062195,0.013292743094013348,0.01115707532430853,0.021012883878239855,0.02609448395674478,1.0,"cascade features clamp L0 = max(0, min(L_hat, 0.5*min(window))); non-zero modes coincide when L_hat >= 0.5*min(window)"
winmin,real_boot_b,1,0.5,0.005,172.0,0.496916665259355,0,20,0,0.0,0,0,,,,,,,,,,0,0,,,,,,,,,,,,,20,20,1.0,0.0,0.006547917616847812,0.0036179787890394774,0.006008713656664839,0.004164835206782486,0.008518735961804599,0.010926112402738341,1.0,20,20,1.0,0.0,0.006445994375586886,0.0030852307475885098,0.006638823337994142,0.00519222847939199,0.007955655874192672,0.0101562140884574,1.0,"cascade features clamp L0 = max(0, min(L_hat, 0.5*min(window))); non-zero modes coincide when L_hat >= 0.5*min(window)"
winmin,single_exp,0,0.5,0.02,108.0,0.4867522559599715,0,20,0,0.0,0,0,,,,,,,,,,0,0,,,,,,,,,,,,,20,20,1.0,0.1,0.023796089750589854,0.009928177448278957,0.02387774898791635,0.01632390144550445,0.032318358574530755,0.035354736576765494,0.25,20,20,1.0,0.1,0.024273924445361646,0.011385521712291024,0.02548595119704838,0.015734817602997553,0.03404766934874966,0.03678059123121807,0.25,"cascade features clamp L0 = max(0, min(L_hat, 0.5*min(window))); non-zero modes coincide when L_hat >= 0.5*min(window)"
winmin,two_exp,0,0.5,0.02,129.0,0.4955914190433955,0,20,0,0.0,0,0,,,,,,,,,,0,0,,,,,,,,,,,,,20,20,1.0,0.0,0.021034025247499633,0.012820095000123646,0.02222226144537546,0.0101325392639883,0.033733567071876955,0.03544811734509273,0.95,20,20,1.0,0.0,0.01637182644932674,0.009512610375680356,0.01641860910210309,0.009258549985251961,0.025337195897448317,0.027985177390380127,0.95,"cascade features clamp L0 = max(0, min(L_hat, 0.5*min(window))); non-zero modes coincide when L_hat >= 0.5*min(window)"
winmin,three_exp,0,0.5,0.02,176.0,0.49876789415554024,0,20,0,0.0,0,0,,,,,,,,,,0,0,,,,,,,,,,,,,20,20,1.0,0.0,0.023685690990235105,0.011548439310555672,0.025166533820424733,0.016900515124327373,0.029206529296475985,0.03208504340319251,1.0,20,20,1.0,0.0,0.01805539692901651,0.012254998416798678,0.015135908298415233,0.009167916618304517,0.024459945654872854,0.02922890929071438,1.0,"cascade features clamp L0 = max(0, min(L_hat, 0.5*min(window))); non-zero modes coincide when L_hat >= 0.5*min(window)"
winmin,four_exp,0,0.5,0.02,231.0,0.4980680166164721,0,20,0,0.0,0,0,,,,,,,,,,0,0,,,,,,,,,,,,,20,20,1.0,0.0,0.017888147890195688,0.012455509994412802,0.017299338872263773,0.009769362123288078,0.020590277790978422,0.03070203789410172,1.0,20,20,1.0,0.0,0.02456343362511365,0.02162757388561667,0.01948613244905894,0.010495337370195042,0.0318517725156106,0.042261938249461416,0.95,"cascade features clamp L0 = max(0, min(L_hat, 0.5*min(window))); non-zero modes coincide when L_hat >= 0.5*min(window)"
winmin,power_law,0,0.5,0.02,244.0,0.4999340482202355,0,20,20,1.0,20,20,1.0,0.1,0.008329006858224056,0.005643792178796668,0.007492276695205729,0.003303541468842837,0.013594721899060074,0.016015160262328323,0.75,20,20,1.0,0.05,0.009920044394629342,0.004956896689940682,0.009658772639250818,0.006498407263490995,0.011627403127184294,0.015689696785846995,0.65,0.45,0.45,0.3449419993575423,0,0,,,,,,,,,,0,0,,,,,,,,,,"cascade features clamp L0 = max(0, min(L_hat, 0.5*min(window))); non-zero modes coincide when L_hat >= 0.5*min(window)"
winmin,rational_decay,0,0.5,0.02,205.0,0.5,0,20,0,0.0,0,0,,,,,,,,,,0,0,,,,,,,,,,,,,20,20,1.0,0.0,0.012570160499577238,0.009059498746702511,0.008456185066972946,0.004736152944453141,0.019120316535361993,0.023347302384834158,1.0,20,20,1.0,0.0,0.01491643765045115,0.013426827277227294,0.01125220996864218,0.004161969073824323,0.02374879925203051,0.0354243870015366,1.0,"cascade features clamp L0 = max(0, min(L_hat, 0.5*min(window))); non-zero modes coincide when L_hat >= 0.5*min(window)"
winmin,mixed_pow_rat,0,0.5,0.02,254.0,0.4990202976120709,0,20,0,0.0,0,0,,,,,,,,,,0,0,,,,,,,,,,,,,20,20,1.0,0.0,0.01527022029237374,0.012534991259795306,0.01344935394198895,0.00703918053388157,0.021712933174181836,0.029598399380577966,0.95,20,20,1.0,0.0,0.024558531163271953,0.028405926191928672,0.015903766562557917,0.0045374984879610475,0.02977315820786089,0.05782506539559264,0.8,"cascade features clamp L0 = max(0, min(L_hat, 0.5*min(window))); non-zero modes coincide when L_hat >= 0.5*min(window)"
winmin,multiphase,0,0.5,0.02,504.0,0.49983903719462197,0,20,0,0.0,0,0,,,,,,,,,,0,0,,,,,,,,,,,,,20,20,1.0,0.0,0.03735098441367122,0.02090781277673725,0.03959496664153987,0.019939362070974787,0.05278837083228406,0.062446341119398584,1.0,20,20,1.0,0.0,0.037481531974069504,0.016493411232698086,0.04152838963446856,0.022745936537949638,0.04849812948393765,0.057427341003080334,1.0,"cascade features clamp L0 = max(0, min(L_hat, 0.5*min(window))); non-zero modes coincide when L_hat >= 0.5*min(window)"
winmin,osc_exp,0,0.5,0.02,107.0,0.47832942079368884,0,20,0,0.0,0,0,,,,,,,,,,0,0,,,,,,,,,,,,,20,20,1.0,0.05,0.026297965435673087,0.01574096709190068,0.02160504865393595,0.012884301557819867,0.042024388773540505,0.04647112580477044,0.65,20,20,1.0,0.05,0.022143514804185787,0.016280367011157506,0.016143642607094555,0.0080218765008905,0.03891444371902666,0.04355191132765417,0.7,"cascade features clamp L0 = max(0, min(L_hat, 0.5*min(window))); non-zero modes coincide when L_hat >= 0.5*min(window)"
winmin,damped_osc_pow,0,0.5,0.02,260.0,0.49940767513390516,0,20,16,0.8,16,16,1.0,0.0,0.008870314821502058,0.00772712534431184,0.006627413457421127,0.0027964531755169404,0.01117424666507263,0.01970531890420512,0.9375,16,16,1.0,0.0,0.009944079124976943,0.005271618107830293,0.007977975560302247,0.006184500896347445,0.01240540587082637,0.016777296949058156,0.9375,0.5,0.5,0.04595468957338522,4,4,1.0,0.25,0.01900160899021152,0.017334490602999707,0.017271204470299395,0.006931760653029355,0.02934105280748156,0.03575367751245226,0.75,4,4,1.0,0.25,0.03589818674387086,0.05282403753661361,0.012759309302042568,0.005702818738245935,0.04295467730766749,0.08587249149457851,0.75,"cascade features clamp L0 = max(0, min(L_hat, 0.5*min(window))); non-zero modes coincide when L_hat >= 0.5*min(window)"
winmin,log_slow,0,0.5,0.02,8594.0,0.49999975284240333,0,20,19,0.95,19,19,1.0,0.0,0.047617114957474185,0.02077988266989879,0.04566071568269392,0.034388963175276566,0.06599521709743936,0.07035425702137348,1.0,19,19,1.0,0.0,0.05181419668661937,0.026656490719171196,0.05778816516305478,0.03584797791620711,0.06788055720897135,0.08494115381358563,0.8947368421052632,0.5789473684210527,0.5789473684210527,-0.06781142571852447,1,1,1.0,0.0,0.07357974381264373,,0.07357974381264373,0.07357974381264373,0.07357974381264373,0.07357974381264373,0.0,1,1,1.0,0.0,0.1354571805805091,,0.1354571805805091,0.1354571805805091,0.1354571805805091,0.1354571805805091,0.0,"cascade features clamp L0 = max(0, min(L_hat, 0.5*min(window))); non-zero modes coincide when L_hat >= 0.5*min(window)"
winmin,delayed_plateau,0,0.5,0.02,160.0,0.49658484551706805,0,20,0,0.0,0,0,,,,,,,,,,0,0,,,,,,,,,,,,,20,20,1.0,0.0,0.0474574188828733,0.009006279369144866,0.051711093159246435,0.0441756859041394,0.0532588816089597,0.05384436604098502,1.0,20,20,1.0,0.0,0.02353137463178276,0.008427255640995685,0.026909099383969654,0.019519071978119924,0.028970400870330003,0.03177401011160843,1.0,"cascade features clamp L0 = max(0, min(L_hat, 0.5*min(window))); non-zero modes coincide when L_hat >= 0.5*min(window)"
winmin,staircase,0,0.5,0.02,170.0,0.2777777777777778,0,20,0,0.0,0,0,,,,,,,,,,0,0,,,,,,,,,,,,,20,20,1.0,0.0,0.11125509129156692,0.024462667739681046,0.1220175845993405,0.09793612945842835,0.12936773921945868,0.13254131787697526,0.65,20,20,1.0,0.0,0.07259459172154563,0.025949127480322506,0.08218098985963954,0.06397416927501541,0.0920932763706296,0.09407193350673616,0.9,"cascade features clamp L0 = max(0, min(L_hat, 0.5*min(window))); non-zero modes coincide when L_hat >= 0.5*min(window)"
winmin,noisy_plateau,0,0.5,0.02,104.0,0.4965853037914094,0,20,20,1.0,20,20,1.0,0.05,0.0007504835536585622,0.0004961130930521469,0.0006883822528514077,0.00038628116493073274,0.0010895381165392237,0.0014522213845119475,0.9,20,20,1.0,0.05,0.000903822462479089,0.0005911632171255374,0.0007922915051976759,0.0005275624920186815,0.0012842809957344142,0.00183454618107669,0.75,0.45,0.45,0.29212698039460416,0,0,,,,,,,,,,0,0,,,,,,,,,,"cascade features clamp L0 = max(0, min(L_hat, 0.5*min(window))); non-zero modes coincide when L_hat >= 0.5*min(window)"
winmin,slow_osc_power,0,0.5,0.02,415.0,0.49840630355024784,0,20,9,0.45,9,9,1.0,0.3333333333333333,0.030920639751528065,0.02514090312742839,0.015298872036922715,0.011030458591395613,0.05865240467234162,0.06451456789171191,0.2222222222222222,9,9,1.0,0.3333333333333333,0.04355170952558429,0.054929750941742246,0.01816058263446428,0.014645624889713375,0.05620772978040692,0.08478630180639768,0.2222222222222222,0.2222222222222222,0.2222222222222222,0.09311674768495257,11,11,1.0,0.36363636363636365,0.04660293341491599,0.029575775381306096,0.048671924120319274,0.018098254725478925,0.06867754822570288,0.07009246488411475,0.2727272727272727,11,11,1.0,0.45454545454545453,0.048344540840161994,0.03211334999750289,0.05054272846131506,0.01774893576977706,0.06168147662255828,0.07319503500645919,0.2727272727272727,"cascade features clamp L0 = max(0, min(L_hat, 0.5*min(window))); non-zero modes coincide when L_hat >= 0.5*min(window)"
winmin,log_oscillatory,0,0.5,0.02,533.0,0.49841524754235217,0,20,20,1.0,20,20,1.0,0.0,0.01938391853875166,0.013007491595001133,0.01752098690265337,0.010510143689067372,0.027533898185827518,0.0337512818386218,1.0,20,20,1.0,0.0,0.06601014736918749,0.04008861173377145,0.0495102410681508,0.039211356779944376,0.08919563461279083,0.11207004786908596,0.75,0.2,0.2,1.902918137098904,0,0,,,,,,,,,,0,0,,,,,,,,,,"cascade features clamp L0 = max(0, min(L_hat, 0.5*min(window))); non-zero modes coincide when L_hat >= 0.5*min(window)"
winmin,heavy_noise_plat,0,0.5,0.02,97.0,0.49658530379140886,0,20,20,1.0,20,20,1.0,0.0,0.004021966236341265,0.0032255383128764687,0.003224369697013176,0.0015652730073883836,0.005339191861103435,0.009215624122303482,0.95,20,20,1.0,0.05,0.0030379288727714875,0.0028351730182622063,0.0021830616880854125,0.0010637228107740868,0.004637454806908194,0.005881816270690449,0.95,0.55,0.55,-0.10178962517683296,0,0,,,,,,,,,,0,0,,,,,,,,,,"cascade features clamp L0 = max(0, min(L_hat, 0.5*min(window))); non-zero modes coincide when L_hat >= 0.5*min(window)"
winmin,broken_power_law,0,0.5,0.02,514.0,0.49991211917454004,0,20,20,1.0,20,20,1.0,0.55,0.3217879422991047,0.014341105579275391,0.3232758545156432,0.3140383495331315,0.33232178609805196,0.33771221031778376,0.0,20,20,1.0,0.0,0.020152972161360104,0.0021732167806036316,0.019907647241434456,0.018752183375588555,0.021622853443986935,0.022439023866070024,1.0,1.0,1.0,-0.9393393152522147,0,0,,,,,,,,,,0,0,,,,,,,,,,"cascade features clamp L0 = max(0, min(L_hat, 0.5*min(window))); non-zero modes coincide when L_hat >= 0.5*min(window)"
winmin,stretched_exp,1,0.5,0.02,193.0,0.49828241532615414,0,20,0,0.0,0,0,,,,,,,,,,0,0,,,,,,,,,,,,,20,20,1.0,0.0,0.018089666170045933,0.00679817089661551,0.01959375163513047,0.015015587372580273,0.023665982213487195,0.025798571228593793,1.0,20,20,1.0,0.0,0.018006014366161706,0.012671371371432021,0.018584448296715343,0.005724414194290681,0.02688169380292544,0.03245438195487165,1.0,"cascade features clamp L0 = max(0, min(L_hat, 0.5*min(window))); non-zero modes coincide when L_hat >= 0.5*min(window)"
winmin,logistic_tail,1,0.5,0.02,105.0,0.47748855939048196,0,20,0,0.0,0,0,,,,,,,,,,0,0,,,,,,,,,,,,,20,20,1.0,0.1,0.13462862295900607,0.02037002382922171,0.14376932699888367,0.13295763531206728,0.1457844293050255,0.14893899568411997,0.0,20,20,1.0,0.1,0.1057592668994027,0.028133539765078104,0.11868942677474326,0.10260800684925257,0.12135544532005278,0.12599740941769091,0.05,"cascade features clamp L0 = max(0, min(L_hat, 0.5*min(window))); non-zero modes coincide when L_hat >= 0.5*min(window)"
winmin,inv_sqrt_log,1,0.5,0.02,245.0,0.4997783934707863,0,20,20,1.0,20,20,1.0,0.0,0.0075544191009152386,0.008381882726732022,0.0049920294669183836,0.002341912173805612,0.008213026993689209,0.015236416814144694,0.75,20,20,1.0,0.0,0.011961288925897226,0.01655826490187929,0.006391402555955486,0.0031585243148205544,0.01335928779291517,0.027438168236075918,0.65,0.3,0.3,0.27943190524971595,0,0,,,,,,,,,,0,0,,,,,,,,,,"cascade features clamp L0 = max(0, min(L_hat, 0.5*min(window))); non-zero modes coincide when L_hat >= 0.5*min(window)"
winmin,random_knots,1,0.5,0.02,314.5,0.49936083587279756,0,20,12,0.6,12,12,1.0,0.08333333333333333,0.011572908131793902,0.007115301926882967,0.013780408187257339,0.004727345088919652,0.01639619542072132,0.019577644908840484,0.9166666666666666,12,12,1.0,0.08333333333333333,0.0112549007082927,0.007896904792338963,0.010829006301417355,0.00399346065200941,0.01677669691490494,0.0203161279152684,0.75,0.5,0.5,0.013609067064043641,8,8,1.0,0.0,0.02835537865271498,0.021776419831821943,0.02890734326333435,0.017040083280782846,0.03349444962401435,0.05124721420064566,0.625,8,8,1.0,0.25,0.037585919015061,0.02900068326028448,0.031669041975390354,0.024061572986152885,0.0432942653836256,0.07192076398656148,0.5,"cascade features clamp L0 = max(0, min(L_hat, 0.5*min(window))); non-zero modes coincide when L_hat >= 0.5*min(window)"
winmin,real_boot_a,1,0.5,0.02,203.0,0.49951204685092926,0,20,0,0.0,0,0,,,,,,,,,,0,0,,,,,,,,,,,,,20,20,1.0,0.0,0.019739739125918348,0.010395846248031302,0.021742920240321983,0.010842475450732074,0.025541822861892098,0.032299506879566016,1.0,20,20,1.0,0.0,0.021328157660626144,0.011200184668687893,0.01976262433590613,0.01462997571859342,0.03007932223558079,0.03263628290095019,1.0,"cascade features clamp L0 = max(0, min(L_hat, 0.5*min(window))); non-zero modes coincide when L_hat >= 0.5*min(window)"
winmin,real_boot_b,1,0.5,0.02,172.0,0.496916665259355,0,20,0,0.0,0,0,,,,,,,,,,0,0,,,,,,,,,,,,,20,20,1.0,0.1,0.005395159964134025,0.004048707882315402,0.003580358199132501,0.0024206663945085614,0.00900057260415044,0.011111896786015128,0.85,20,20,1.0,0.1,0.0066362505305277405,0.005191321380001226,0.005054833225628268,0.0029483876012536634,0.009995204435345528,0.011876022378894466,0.85,"cascade features clamp L0 = max(0, min(L_hat, 0.5*min(window))); non-zero modes coincide when L_hat >= 0.5*min(window)"
winmin,single_exp,0,0.1,0.0,148.0,0.09827358560436156,0,20,0,0.0,0,0,,,,,,,,,,0,0,,,,,,,,,,,,,20,20,1.0,0.0,0.026886313337259098,0.009858552736642816,0.028305983049344317,0.02128067484158878,0.0338295353255232,0.038029223136450074,0.15,20,20,1.0,0.0,0.02744601245060845,0.008068079350674296,0.029715833266221122,0.021630629270346428,0.03471762281876039,0.034717623086097785,0.15,"cascade features clamp L0 = max(0, min(L_hat, 0.5*min(window))); non-zero modes coincide when L_hat >= 0.5*min(window)"
winmin,two_exp,0,0.1,0.0,218.0,0.09985826346226055,0,20,0,0.0,0,0,,,,,,,,,,0,0,,,,,,,,,,,,,20,20,1.0,0.0,0.025394762213538043,0.015042092032036873,0.02893539730377638,0.015509531856093769,0.03959757445092064,0.04119979657937027,1.0,20,20,1.0,0.0,0.027068814920270228,0.010356484269021011,0.030076388826774703,0.022341858810186625,0.03448105823496951,0.03733395100853905,1.0,"cascade features clamp L0 = max(0, min(L_hat, 0.5*min(window))); non-zero modes coincide when L_hat >= 0.5*min(window)"
winmin,three_exp,0,0.1,0.0,377.0,0.09988829507506856,0,20,0,0.0,0,0,,,,,,,,,,0,0,,,,,,,,,,,,,20,20,1.0,0.0,0.03246897372276916,0.01628778165649851,0.03705656462793361,0.01859389220663451,0.0474007610121733,0.049533695718370754,1.0,20,20,1.0,0.0,0.033877710304694594,7.464229385874738e-09,0.03387770585320339,0.03387770478865516,0.03387771763273424,0.03387771973189728,1.0,"cascade features clamp L0 = max(0, min(L_hat, 0.5*min(window))); non-zero modes coincide when L_hat >= 0.5*min(window)"
winmin,four_exp,0,0.1,0.0,631.0,0.09977805552230239,0,20,0,0.0,0,0,,,,,,,,,,0,0,,,,,,,,,,,,,20,20,1.0,0.0,0.022537451930241165,0.01287193184906729,0.022335500031733686,0.011696360729028646,0.03091346191534918,0.03921802217490296,1.0,20,20,1.0,0.0,0.032906220805007755,1.2401954690796065e-09,0.032906220428368924,0.03290621974105458,0.03290622164291804,0.03290622263946706,1.0,"cascade features clamp L0 = max(0, min(L_hat, 0.5*min(window))); non-zero modes coincide when L_hat >= 0.5*min(window)"
winmin,power_law,0,0.1,0.0,2441.0,0.09997859122064488,0,20,0,0.0,0,0,,,,,,,,,,0,0,,,,,,,,,,,,,20,20,1.0,0.0,0.0008864741339631938,3.874501129883964e-08,0.0008864920098549493,0.000886485283706359,0.0008864920235005639,0.0008864920536102921,1.0,20,20,1.0,0.0,0.006213575925444738,4.1577707650533575e-09,0.006213574314903183,0.00621357380374977,0.006213576725259268,0.0062135780390225655,1.0,"cascade features clamp L0 = max(0, min(L_hat, 0.5*min(window))); non-zero modes coincide when L_hat >= 0.5*min(window)"
winmin,rational_decay,0,0.1,0.0,1125.0,0.09999999999999999,0,20,0,0.0,0,0,,,,,,,,,,0,0,,,,,,,,,,,,,20,20,1.0,0.0,0.04756686367160692,0.0321770693804273,0.05122703263480829,0.010158296327883733,0.08164812083589558,0.08164812966474089,1.0,20,20,1.0,0.0,3.2799040566855456e-11,7.180366579861194e-11,5.796405022628903e-14,4.385380947269368e-15,1.4112204460570155e-11,1.3464501666393687e-10,1.0,"cascade features clamp L0 = max(0, min(L_hat, 0.5*min(window))); non-zero modes coincide when L_hat >= 0.5*min(window)"
winmin,mixed_pow_rat,0,0.1,0.0,2260.0,0.09998848741275486,0,20,0,0.0,0,0,,,,,,,,,,0,0,,,,,,,,,,,,,20,20,1.0,0.0,0.030111402954263778,0.029566959510445204,0.01755758316171053,0.007942809904856445,0.046633717799823796,0.0658379170678951,1.0,20,20,1.0,0.0,0.014446986010736695,6.169265983862328e-10,0.014446985655325387,0.014446985605017662,0.0144469861146896,0.014446987063592247,1.0,"cascade features clamp L0 = max(0, min(L_hat, 0.5*min(window))); non-zero modes coincide when L_hat >= 0.5*min(window)"
winmin,multiphase,0,0.1,0.0,3852.0,0.0999996544626016,0,20,0,0.0,0,0,,,,,,,,,,0,0,,,,,,,,,,,,,20,20,1.0,0.0,0.12283642286789945,1.40400124192952e-08,0.12283642906349632,0.12283642822862198,0.12283642909317585,0.12283642912414386,1.0,20,20,1.0,0.0,0.1180135574333949,4.768773799191301e-09,0.11801355580339642,0.11801355567640348,0.11801355619197215,0.11801355995502746,1.0,"cascade features clamp L0 = max(0, min(L_hat, 0.5*min(window))); non-zero modes coincide when L_hat >= 0.5*min(window)"
winmin,osc_exp,0,0.1,0.0,165.0,0.09570953042125925,0,20,0,0.0,0,0,,,,,,,,,,0,0,,,,,,,,,,,,,20,20,1.0,0.0,0.032424484222257015,0.014983641646591118,0.03791824063061548,0.022959521300110964,0.04473425634513454,0.045574853842545164,1.0,20,20,1.0,0.0,0.03075544050362052,0.010335846809740515,0.03591334793039544,0.029794223697858013,0.03662644732799461,0.036838506123816304,1.0,"cascade features clamp L0 = max(0, min(L_hat, 0.5*min(window))); non-zero modes coincide when L_hat >= 0.5*min(window)"
winmin,damped_osc_pow,0,0.1,0.0,3014.0,0.09999319502597674,0,20,0,0.0,0,0,,,,,,,,,,0,0,,,,,,,,,,,,,20,20,1.0,0.0,0.0026275608451124394,3.26436985545087e-08,0.0026275715490251227,0.0026275704927051077,0.0026275718959605284,0.002627572546126525,1.0,20,20,1.0,0.0,0.011616669309550387,1.4563470973472375e-09,0.011616668819595024,0.011616668299128143,0.011616669412394703,0.011616672127812824,1.0,"cascade features clamp L0 = max(0, min(L_hat, 0.5*min(window))); non-zero modes coincide when L_hat >= 0.5*min(window)"
winmin,log_slow,0,0.1,0.0,50000.0,0.41863546463489004,1,20,0,0.0,0,0,,,,,,,,,,0,0,,,,,,,,,,,,,20,20,1.0,0.0,0.019975214389176453,1.746948269724256e-08,0.019975210142536115,0.019975209949501242,0.01997521113066695,0.019975211587610824,1.0,20,20,1.0,0.0,0.05848203901094334,1.307824110628755e-09,0.058482038453669075,0.05848203806876205,0.05848203978437279,0.058482040352348386,1.0,"cascade features clamp L0 = max(0, min(L_hat, 0.5*min(window))); non-zero modes coincide when L_hat >= 0.5*min(window)"
winmin,delayed_plateau,0,0.1,0.0,321.0,0.09926115995627992,0,20,0,0.0,0,0,,,,,,,,,,0,0,,,,,,,,,,,,,20,20,1.0,0.0,0.07118290195293189,0.017806140816976065,0.08001951086978878,0.06543149246321725,0.08419532877269618,0.08511010131605971,1.0,20,20,1.0,0.0,0.043271348353269665,0.018333917740681226,0.050429486158682854,0.031580361026533485,0.05451381299656548,0.05524541424381997,1.0,"cascade features clamp L0 = max(0, min(L_hat, 0.5*min(window))); non-zero modes coincide when L_hat >= 0.5*min(window)"
winmin,staircase,0,0.1,0.0,320.0,0.0,0,20,0,0.0,0,0,,,,,,,,,,0,0,,,,,,,,,,,,,20,20,1.0,0.0,0.08779297251556564,0.036772694963854755,0.10264672617956212,0.07484228270394211,0.11699386971153343,0.11937606321424069,1.0,20,20,1.0,0.0,0.055435311798047934,0.01930958172377621,0.05678393998091756,0.04470549965000348,0.07353108628235473,0.07631617405063683,1.0,"cascade features clamp L0 = max(0, min(L_hat, 0.5*min(window))); non-zero modes coincide when L_hat >= 0.5*min(window)"
winmin,noisy_plateau,0,0.1,0.0,137.0,0.09536916221554956,0,20,20,1.0,20,20,1.0,0.05,0.0008171304884643925,0.0008191769517021896,0.0006050114718469841,0.000278959305806477,0.001157775418773975,0.001606045682727487,0.8,20,20,1.0,0.1,0.0011703987932686418,0.0014148113941286299,0.0006652348238046328,0.000315980298466848,0.0013683814738281634,0.002084856930613448,0.75,0.35,0.35,0.7595946218698884,0,0,,,,,,,,,,0,0,,,,,,,,,,"cascade features clamp L0 = max(0, min(L_hat, 0.5*min(window))); non-zero modes coincide when L_hat >= 0.5*min(window)"
winmin,slow_osc_power,0,0.1,0.0,3483.0,0.09996889692898078,0,20,0,0.0,0,0,,,,,,,,,,0,0,,,,,,,,,,,,,20,20,1.0,0.45,0.07977498149573163,0.06132878874416412,0.06469238058185035,0.013122372907120119,0.13785751494513532,0.15359392380653783,0.35,20,20,1.0,0.0,0.047433399941488444,0.026982727513837113,0.06539360622594097,0.01335380548683858,0.06885736326191955,0.06885808811987071,0.35,"cascade features clamp L0 = max(0, min(L_hat, 0.5*min(window))); non-zero modes coincide when L_hat >= 0.5*min(window)"
winmin,log_oscillatory,0,0.1,0.0,50000.0,0.2992564263745022,1,20,20,1.0,20,20,1.0,0.0,0.02997222271033449,0.020771911745843738,0.024482156357114704,0.01361801270440198,0.0413751986614933,0.056539579656747246,1.0,20,20,1.0,0.0,0.15946556355697136,0.11986183125056098,0.1158496413338476,0.08078111823951856,0.18853075522233825,0.28405172243284094,0.7,0.0,0.0,4.275134743508045,0,0,,,,,,,,,,0,0,,,,,,,,,,"cascade features clamp L0 = max(0, min(L_hat, 0.5*min(window))); non-zero modes coincide when L_hat >= 0.5*min(window)"
winmin,heavy_noise_plat,0,0.1,0.0,114.0,0.09071795328941246,0,20,20,1.0,20,20,1.0,0.1,0.0012450815215245851,0.0008751101204676017,0.0010956934425404292,0.0006761653808215113,0.0016472183328112289,0.0024226135599755005,0.6,20,20,1.0,0.1,0.0013981584260453074,0.0010505867949771159,0.001277611022256396,0.0006208801315753221,0.0019631659923367035,0.002814025791911568,0.55,0.3,0.3,0.18040331499788748,0,0,,,,,,,,,,0,0,,,,,,,,,,"cascade features clamp L0 = max(0, min(L_hat, 0.5*min(window))); non-zero modes coincide when L_hat >= 0.5*min(window)"
winmin,broken_power_law,0,0.1,0.0,28776.0,0.09999962012267244,0,20,20,1.0,20,20,1.0,1.0,0.8054561499414549,0.017119802282479897,0.8141218573952844,0.7972461565966298,0.8165606687776737,0.816780673375115,0.0,20,20,1.0,0.0,0.07292815768961594,2.305434443215881e-10,0.07292815758301659,0.07292815755272974,0.07292815770920862,0.07292815798957958,1.0,1.0,1.0,-0.9104209362968083,0,0,,,,,,,,,,0,0,,,,,,,,,,"cascade features clamp L0 = max(0, min(L_hat, 0.5*min(window))); non-zero modes coincide when L_hat >= 0.5*min(window)"
winmin,stretched_exp,1,0.1,0.0,579.0,0.09979846505939677,0,20,0,0.0,0,0,,,,,,,,,,0,0,,,,,,,,,,,,,20,20,1.0,0.0,0.025889100587272285,0.011184209026597386,0.03133385790746913,0.017310161798724306,0.03590567535457171,0.03636924203112414,1.0,20,20,1.0,0.0,0.006235165865435578,0.0020483612161895895,0.005271092617259058,0.005271092016884664,0.005273614757843574,0.01037959755817661,1.0,"cascade features clamp L0 = max(0, min(L_hat, 0.5*min(window))); non-zero modes coincide when L_hat >= 0.5*min(window)"
winmin,logistic_tail,1,0.1,0.0,135.0,0.09609894819901184,0,20,0,0.0,0,0,,,,,,,,,,0,0,,,,,,,,,,,,,20,20,1.0,0.0,0.13384739936397283,0.027481359727207704,0.14520817223357346,0.13305365545512932,0.14943011322725888,0.153315152000275,0.1,20,20,1.0,0.0,0.09926135169390789,0.034494280765944324,0.11418256756075186,0.09576256612556934,0.12048231399334525,0.1262320955342479,0.2,"cascade features clamp L0 = max(0, min(L_hat, 0.5*min(window))); non-zero modes coincide when L_hat >= 0.5*min(window)"
winmin,inv_sqrt_log,1,0.1,0.0,2929.0,0.09999046875803731,0,20,1,0.05,1,1,1.0,0.0,0.0010771267572362575,,0.0010771267572362575,0.0010771267572362575,0.0010771267572362575,0.0010771267572362575,1.0,1,1,1.0,0.0,0.0038967230328105784,,0.0038967230328105784,0.0038967230328105784,0.0038967230328105784,0.0038967230328105784,1.0,0.0,0.0,2.617701451228427,19,19,1.0,0.0,0.0010771288872614667,2.4294802232183405e-09,0.0010771286914947609,0.0010771282343528601,0.001077128763551568,0.0010771301586840476,1.0,19,19,1.0,0.0,0.0038967249758163915,3.728128421693808e-09,0.003896723340357261,0.0038967228021014877,0.0038967249958278116,0.0038967304321907725,1.0,"cascade features clamp L0 = max(0, min(L_hat, 0.5*min(window))); non-zero modes coincide when L_hat >= 0.5*min(window)"
winmin,random_knots,1,0.1,0.0,4730.0,0.09999546250252596,1,20,0,0.0,0,0,,,,,,,,,,0,0,,,,,,,,,,,,,20,20,1.0,0.0,0.014657195891126764,0.01570286843656338,0.008939941702170405,0.0032736326044301226,0.01687620653355214,0.03863125388014194,1.0,20,20,1.0,0.0,0.020375249280141238,0.025846938336966205,0.011608676021360866,0.0039838024340363085,0.022568974556369196,0.055107651502606096,1.0,"cascade features clamp L0 = max(0, min(L_hat, 0.5*min(window))); non-zero modes coincide when L_hat >= 0.5*min(window)"
winmin,real_boot_a,1,0.1,0.0,413.0,0.09900189826125952,0,20,0,0.0,0,0,,,,,,,,,,0,0,,,,,,,,,,,,,20,20,1.0,0.0,0.035334293435294144,0.01648756906774616,0.03326168078123686,0.02107109502115491,0.05357553364675819,0.05427412771505047,1.0,20,20,1.0,0.0,0.048768000378838786,2.9765688545782733e-09,0.04876799962067232,0.04876799853691609,0.048768000676496025,0.048768002930367135,1.0,"cascade features clamp L0 = max(0, min(L_hat, 0.5*min(window))); non-zero modes coincide when L_hat >= 0.5*min(window)"
winmin,real_boot_b,1,0.1,0.0,364.0,0.09935491603410883,0,20,0,0.0,0,0,,,,,,,,,,0,0,,,,,,,,,,,,,20,20,1.0,0.0,0.002046636906958724,0.000606118942965141,0.002311260515120428,0.002234468664423138,0.002311260918493128,0.002311261682890642,1.0,20,20,1.0,0.0,0.003951038712233961,0.0016124936601245004,0.00493959260429019,0.0029864668673065305,0.004939592759600667,0.004939592790238849,1.0,"cascade features clamp L0 = max(0, min(L_hat, 0.5*min(window))); non-zero modes coincide when L_hat >= 0.5*min(window)"
winmin,single_exp,0,0.1,0.005,148.0,0.09827358560436156,0,20,0,0.0,0,0,,,,,,,,,,0,0,,,,,,,,,,,,,20,20,1.0,0.0,0.02680449246650325,0.009644358304624099,0.02835956051842593,0.021348104253936642,0.03330854940106345,0.03791551897828045,0.15,20,20,1.0,0.0,0.027335914742882106,0.007932420333803624,0.029767083165091305,0.021698307464655953,0.03305239476028498,0.03485102830296425,0.15,"cascade features clamp L0 = max(0, min(L_hat, 0.5*min(window))); non-zero modes coincide when L_hat >= 0.5*min(window)"
winmin,two_exp,0,0.1,0.005,218.0,0.09985826346226055,0,20,0,0.0,0,0,,,,,,,,,,0,0,,,,,,,,,,,,,20,20,1.0,0.0,0.025417812773540556,0.014795785892835872,0.02882790203776678,0.015228488494522074,0.03954137467931232,0.041261681234481665,1.0,20,20,1.0,0.0,0.02642233347294789,0.010895864452702261,0.02858263762835111,0.022121916796019027,0.031547786768279476,0.03576988579357128,1.0,"cascade features clamp L0 = max(0, min(L_hat, 0.5*min(window))); non-zero modes coincide when L_hat >= 0.5*min(window)"
winmin,three_exp,0,0.1,0.005,377.0,0.09988829507506856,0,20,0,0.0,0,0,,,,,,,,,,0,0,,,,,,,,,,,,,20,20,1.0,0.0,0.03461146487756269,0.013634818240330695,0.03700895887061119,0.021663353079499924,0.04830153537131755,0.04922568519014728,1.0,20,20,1.0,0.0,0.03304045668691487,0.014877949234864352,0.035623779882325346,0.024488820429024657,0.044414690587513475,0.04754504416810097,1.0,"cascade features clamp L0 = max(0, min(L_hat, 0.5*min(window))); non-zero modes coincide when L_hat >= 0.5*min(window)"
winmin,four_exp,0,0.1,0.005,631.0,0.09977805552230239,0,20,0,0.0,0,0,,,,,,,,,,0,0,,,,,,,,,,,,,20,20,1.0,0.0,0.024129821601716044,0.013708945937854558,0.024186930673506808,0.015583631725353396,0.03270054240781416,0.0438924527028769,1.0,20,20,1.0,0.0,0.03300339033804714,0.01740360059382904,0.03288233567717458,0.020544911752804325,0.041615545661802915,0.05418805830503937,1.0,"cascade features clamp L0 = max(0, min(L_hat, 0.5*min(window))); non-zero modes coincide when L_hat >= 0.5*min(window)"
winmin,power_law,0,0.1,0.005,2441.0,0.09997859122064488,0,20,0,0.0,0,0,,,,,,,,,,0,0,,,,,,,,,,,,,20,20,1.0,0.0,0.011813631550420171,0.014188026355477279,0.007698107770508247,0.005003957911462344,0.013839751225544684,0.019961299277748274,0.95,20,20,1.0,0.0,0.007794450818533943,0.004657743010936483,0.007959274456702152,0.003002704515205019,0.011072001414536552,0.013322739233597076,1.0,"cascade features clamp L0 = max(0, min(L_hat, 0.5*min(window))); non-zero modes coincide when L_hat >= 0.5*min(window)"
winmin,rational_decay,0,0.1,0.005,1125.0,0.09999999999999999,0,20,0,0.0,0,0,,,,,,,,,,0,0,,,,,,,,,,,,,20,20,1.0,0.0,0.047557023112193036,0.03495777356422166,0.04919840212158854,0.009649397613817522,0.07779384566061462,0.09041987702847967,1.0,20,20,1.0,0.0,0.013210431327121866,0.010271796316784152,0.011131139060665193,0.0053767812851880994,0.02362128321131366,0.026660867592361685,1.0,"cascade features clamp L0 = max(0, min(L_hat, 0.5*min(window))); non-zero modes coincide when L_hat >= 0.5*min(window)"
winmin,mixed_pow_rat,0,0.1,0.005,2260.0,0.09998848741275486,0,20,0,0.0,0,0,,,,,,,,,,0,0,,,,,,,,,,,,,20,20,1.0,0.0,0.02742933819958489,0.025879647114998964,0.017614745478022175,0.008011383615362348,0.039863101911857546,0.06441356727707989,1.0,20,20,1.0,0.0,0.016612322310288283,0.011056541671357778,0.01597475444454242,0.008281429697405265,0.022898753038907264,0.028273802238641895,1.0,"cascade features clamp L0 = max(0, min(L_hat, 0.5*min(window))); non-zero modes coincide when L_hat >= 0.5*min(window)"
winmin,multiphase,0,0.1,0.005,3852.0,0.0999996544626016,0,20,0,0.0,0,0,,,,,,,,,,0,0,,,,,,,,,,,,,20,20,1.0,0.0,0.12021258444636299,0.0047937948550681566,0.1219808179668256,0.11790209259134352,0.12360665465538523,0.1240418091265144,1.0,20,20,1.0,0.0,0.11744226629158763,0.0022170475693755252,0.11775122636916231,0.1165410128370784,0.11873271801353394,0.11987160163672939,1.0,"cascade features clamp L0 = max(0, min(L_hat, 0.5*min(window))); non-zero modes coincide when L_hat >= 0.5*min(window)"
winmin,osc_exp,0,0.1,0.005,165.0,0.09570953042125925,0,20,0,0.0,0,0,,,,,,,,,,0,0,,,,,,,,,,,,,20,20,1.0,0.0,0.03237709887620884,0.01491495144217954,0.03804541868239411,0.023071941163374046,0.04333145422669703,0.0447704834440815,0.85,20,20,1.0,0.0,0.03075230734934812,0.010267987600999517,0.034479048956221545,0.029904985714068067,0.03747287134350907,0.03886322323795646,1.0,"cascade features clamp L0 = max(0, min(L_hat, 0.5*min(window))); non-zero modes coincide when L_hat >= 0.5*min(window)"
winmin,damped_osc_pow,0,0.1,0.005,3014.0,0.09999319502597674,0,20,0,0.0,0,0,,,,,,,,,,0,0,,,,,,,,,,,,,20,20,1.0,0.0,0.014573824768422667,0.011716745584242736,0.012367030214085702,0.005572904526740772,0.020250639151839174,0.026794573171370364,1.0,20,20,1.0,0.0,0.012989628334689344,0.007336176392279655,0.01353101442761585,0.007540218146445955,0.01904558472751622,0.022776088281904448,1.0,"cascade features clamp L0 = max(0, min(L_hat, 0.5*min(window))); non-zero modes coincide when L_hat >= 0.5*min(window)"
winmin,log_slow,0,0.1,0.005,50000.0,0.41863546463489004,1,20,0,0.0,0,0,,,,,,,,,,0,0,,,,,,,,,,,,,20,20,1.0,0.0,0.04454818426840909,0.02113953431198716,0.04221831864876381,0.03317116315336,0.056621661873668905,0.07293859301732723,1.0,20,20,1.0,0.0,0.05635947996612545,0.01460926520326337,0.059586383193512504,0.04481178428154525,0.06681761097864532,0.07245352356362936,1.0,"cascade features clamp L0 = max(0, min(L_hat, 0.5*min(window))); non-zero modes coincide when L_hat >= 0.5*min(window)"
winmin,delayed_plateau,0,0.1,0.005,321.0,0.09926115995627992,0,20,0,0.0,0,0,,,,,,,,,,0,0,,,,,,,,,,,,,20,20,1.0,0.0,0.07099617287016947,0.017881682635104347,0.07986134424701845,0.06464152392295958,0.0840059217991833,0.08500602606651216,1.0,20,20,1.0,0.0,0.043327849357840856,0.018636648756584436,0.05030197271083654,0.030931230991885043,0.05491446874862387,0.055773475951663896,1.0,"cascade features clamp L0 = max(0, min(L_hat, 0.5*min(window))); non-zero modes coincide when L_hat >= 0.5*min(window)"
winmin,staircase,0,0.1,0.005,320.0,0.0,0,20,0,0.0,0,0,,,,,,,,,,0,0,,,,,,,,,,,,,20,20,1.0,0.0,0.08740888171411194,0.03727544157035775,0.10284803037338629,0.07508205139835789,0.11639817733978458,0.11906392595083992,1.0,20,20,1.0,0.0,0.0541393111013254,0.020269658591253167,0.056906721056005305,0.037449822798120966,0.07276083211361296,0.07631380060762505,1.0,"cascade features clamp L0 = max(0, min(L_hat, 0.5*min(window))); non-zero modes coincide when L_hat >= 0.5*min(window)"
winmin,noisy_plateau,0,0.1,0.005,137.0,0.09536916221554956,0,20,20,1.0,20,20,1.0,0.05,0.0010247858148121334,0.0009074983273910337,0.0005601588076718112,0.00043655478486105594,0.0014242010903969399,0.0021703511113916,0.7,20,20,1.0,0.1,0.001519188757195166,0.0013815021538989072,0.0011962242486162483,0.0005764374110080609,0.002070642293659705,0.002908897317103665,0.65,0.3,0.3,0.7238098428099629,0,0,,,,,,,,,,0,0,,,,,,,,,,"cascade features clamp L0 = max(0, min(L_hat, 0.5*min(window))); non-zero modes coincide when L_hat >= 0.5*min(window)"
winmin,slow_osc_power,0,0.1,0.005,3483.0,0.09996889692898078,0,20,0,0.0,0,0,,,,,,,,,,0,0,,,,,,,,,,,,,20,20,1.0,0.35,0.07632014681418758,0.058349267239640186,0.06442789819854473,0.013162522582218672,0.13485703595427467,0.14229585508518053,0.35,20,20,1.0,0.05,0.04977155754923722,0.04228814075926238,0.053481857848225865,0.01336404688400348,0.061793099652069354,0.06929174964016763,0.35,"cascade features clamp L0 = max(0, min(L_hat, 0.5*min(window))); non-zero modes coincide when L_hat >= 0.5*min(window)"
winmin,log_oscillatory,0,0.1,0.005,50000.0,0.2992564263745022,1,20,20,1.0,20,20,1.0,0.0,0.03021487799014657,0.02240430705376853,0.023921429378418492,0.013975421088608605,0.036563070198718226,0.05540149452938648,1.0,20,20,1.0,0.0,0.15948553097447662,0.11994465181003686,0.1159034772292952,0.08078396129827489,0.1883953810755245,0.28391132019716403,0.7,0.0,0.0,4.3311781302104055,0,0,,,,,,,,,,0,0,,,,,,,,,,"cascade features clamp L0 = max(0, min(L_hat, 0.5*min(window))); non-zero modes coincide when L_hat >= 0.5*min(window)"
winmin,heavy_noise_plat,0,0.1,0.005,114.0,0.09071795328941246,0,20,20,1.0,20,20,1.0,0.0,0.0014033273389994255,0.00093898186943097,0.0012471613984841134,0.0008353938363419786,0.0022895759358610253,0.00268841969873255,0.8,20,20,1.0,0.0,0.0012755793924744277,0.0010169751434465392,0.0009384047201004891,0.0006730178285032523,0.0015216584474739732,0.002876524444483333,0.75,0.45,0.45,0.08027747727990772,0,0,,,,,,,,,,0,0,,,,,,,,,,"cascade features clamp L0 = max(0, min(L_hat, 0.5*min(window))); non-zero modes coincide when L_hat >= 0.5*min(window)"
winmin,broken_power_law,0,0.1,0.005,28776.0,0.09999962012267244,0,20,20,1.0,20,20,1.0,1.0,0.8075642547226751,0.01569266385677503,0.8137463441684851,0.801583879197067,0.8174265571734356,0.8189582763773814,0.0,20,20,1.0,0.0,0.07278259841664254,0.0004218924665848677,0.07273057179829215,0.07250330214836148,0.0731435917178938,0.07332463270038898,1.0,1.0,1.0,-0.9106261390605086,0,0,,,,,,,,,,0,0,,,,,,,,,,"cascade features clamp L0 = max(0, min(L_hat, 0.5*min(window))); non-zero modes coincide when L_hat >= 0.5*min(window)"
winmin,stretched_exp,1,0.1,0.005,579.0,0.09979846505939677,0,20,0,0.0,0,0,,,,,,,,,,0,0,,,,,,,,,,,,,20,20,1.0,0.0,0.02631524988658037,0.011245607915090544,0.02994835993658592,0.01794377773829437,0.035872802858819344,0.03630042396854712,1.0,20,20,1.0,0.0,0.012574577093299963,0.007535335210810107,0.011180700472424424,0.006190960823351759,0.016586148156578176,0.020038567775520693,1.0,"cascade features clamp L0 = max(0, min(L_hat, 0.5*min(window))); non-zero modes coincide when L_hat >= 0.5*min(window)"
winmin,logistic_tail,1,0.1,0.005,135.0,0.09609894819901184,0,20,0,0.0,0,0,,,,,,,,,,0,0,,,,,,,,,,,,,20,20,1.0,0.0,0.13388244821510456,0.027422429533095215,0.14542151380465423,0.13334423580143046,0.14914888030392975,0.15270080105178852,0.1,20,20,1.0,0.0,0.09931023579010649,0.034388975048582,0.11432877509991897,0.09597893314186617,0.1203169285617171,0.1257467470352334,0.2,"cascade features clamp L0 = max(0, min(L_hat, 0.5*min(window))); non-zero modes coincide when L_hat >= 0.5*min(window)"
winmin,inv_sqrt_log,1,0.1,0.005,2929.0,0.09999046875803731,0,20,1,0.05,1,1,1.0,0.0,0.00780210252631558,,0.00780210252631558,0.00780210252631558,0.00780210252631558,0.00780210252631558,1.0,1,1,1.0,0.0,0.008420534157476511,,0.008420534157476511,0.008420534157476511,0.008420534157476511,0.008420534157476511,1.0,0.0,0.0,0.07926474037928034,19,19,1.0,0.05263157894736842,0.011514317478887365,0.01149200510517196,0.007320221118130153,0.0037330631664940035,0.012704395805227245,0.029617456524675657,0.7894736842105263,19,19,1.0,0.0,0.009605948721850648,0.01403614673754231,0.006049373326166396,0.0022763725265286215,0.008247232892161723,0.01930244458228552,0.8947368421052632,"cascade features clamp L0 = max(0, min(L_hat, 0.5*min(window))); non-zero modes coincide when L_hat >= 0.5*min(window)"
winmin,random_knots,1,0.1,0.005,4730.0,0.09999546250252596,1,20,1,0.05,1,1,1.0,0.0,0.021725165929888483,,0.021725165929888483,0.021725165929888483,0.021725165929888483,0.021725165929888483,0.0,1,1,1.0,0.0,0.018007303176961455,,0.018007303176961455,0.018007303176961455,0.018007303176961455,0.018007303176961455,0.0,1.0,1.0,-0.17113161597592974,19,19,1.0,0.0,0.02370862726173881,0.018466501551407673,0.015082973897734359,0.012585356187281427,0.026843516884007546,0.052455566233702795,0.9473684210526315,19,19,1.0,0.0,0.028732976300990577,0.029723835689567053,0.016299032368319862,0.007349566301731281,0.043453897314493464,0.06931956609081616,1.0,"cascade features clamp L0 = max(0, min(L_hat, 0.5*min(window))); non-zero modes coincide when L_hat >= 0.5*min(window)"
winmin,real_boot_a,1,0.1,0.005,413.0,0.09900189826125952,0,20,0,0.0,0,0,,,,,,,,,,0,0,,,,,,,,,,,,,20,20,1.0,0.0,0.034628956147221716,0.018331630963677507,0.03425739597918622,0.02638779398874111,0.05205995155992043,0.0547420911444986,1.0,20,20,1.0,0.0,0.04829723225621084,0.012161044732597695,0.04442717028931678,0.04049183241917685,0.05695723458663515,0.06504070026159861,1.0,"cascade features clamp L0 = max(0, min(L_hat, 0.5*min(window))); non-zero modes coincide when L_hat >= 0.5*min(window)"
winmin,real_boot_b,1,0.1,0.005,364.0,0.09935491603410883,0,20,0,0.0,0,0,,,,,,,,,,0,0,,,,,,,,,,,,,20,20,1.0,0.0,0.00632452574282411,0.006601513174923296,0.003697179220859756,0.0018649915392557077,0.008859658619536644,0.01669008209317025,1.0,20,20,1.0,0.0,0.005536654003681567,0.003915369566805505,0.004852763166956696,0.0030227733891602195,0.007499350795399138,0.009619613918181637,1.0,"cascade features clamp L0 = max(0, min(L_hat, 0.5*min(window))); non-zero modes coincide when L_hat >= 0.5*min(window)"
winmin,single_exp,0,0.1,0.02,148.0,0.09827358560436156,0,20,0,0.0,0,0,,,,,,,,,,0,0,,,,,,,,,,,,,20,20,1.0,0.3,0.027721957448411532,0.010782910505683226,0.029006674916905596,0.02277545900234622,0.034441308639326665,0.03945197963616567,0.3,20,20,1.0,0.3,0.028408815403549902,0.009675240248297337,0.029802126913807077,0.022871456865729483,0.03274569878584132,0.04033020898952338,0.25,"cascade features clamp L0 = max(0, min(L_hat, 0.5*min(window))); non-zero modes coincide when L_hat >= 0.5*min(window)"
winmin,two_exp,0,0.1,0.02,218.0,0.09985826346226055,0,20,0,0.0,0,0,,,,,,,,,,0,0,,,,,,,,,,,,,20,20,1.0,0.0,0.02445015536137767,0.015027200317182812,0.026846483347126696,0.013277309836403208,0.03945524002261552,0.041124322556591125,1.0,20,20,1.0,0.0,0.02182967820647651,0.012573035784013009,0.023506302573591785,0.013225877534381952,0.02974828049717978,0.0333888136246514,1.0,"cascade features clamp L0 = max(0, min(L_hat, 0.5*min(window))); non-zero modes coincide when L_hat >= 0.5*min(window)"
winmin,three_exp,0,0.1,0.02,377.0,0.09988829507506856,0,20,0,0.0,0,0,,,,,,,,,,0,0,,,,,,,,,,,,,20,20,1.0,0.0,0.03785488379228124,0.021463966434051053,0.042782154368743185,0.026088435499583347,0.047594323466951194,0.05385537842935878,1.0,20,20,1.0,0.0,0.0364626475703792,0.022330340426444613,0.031684965618444104,0.0226716606192652,0.045084607169403414,0.05866099336947545,1.0,"cascade features clamp L0 = max(0, min(L_hat, 0.5*min(window))); non-zero modes coincide when L_hat >= 0.5*min(window)"
winmin,four_exp,0,0.1,0.02,631.0,0.09977805552230239,0,20,0,0.0,0,0,,,,,,,,,,0,0,,,,,,,,,,,,,20,20,1.0,0.0,0.03634590414904175,0.022887289445333626,0.034200232741957326,0.023838301908641474,0.04058802794835828,0.060592514834742886,1.0,20,20,1.0,0.0,0.05105014150914874,0.047050223489989426,0.044474047866012834,0.016460654156779594,0.06468267971071234,0.08406060308331914,0.95,"cascade features clamp L0 = max(0, min(L_hat, 0.5*min(window))); non-zero modes coincide when L_hat >= 0.5*min(window)"
winmin,power_law,0,0.1,0.02,2441.0,0.09997859122064488,0,20,20,1.0,20,20,1.0,0.15,0.020493277809798843,0.015420624754701046,0.01825639369070773,0.009246753178516079,0.026901194096129764,0.04353669766617556,0.65,20,20,1.0,0.1,0.017091076455901296,0.009986604728700011,0.015538287768453906,0.009855090807861119,0.02046358424659203,0.026333733468219874,0.6,0.55,0.55,-0.06815887083516645,0,0,,,,,,,,,,0,0,,,,,,,,,,"cascade features clamp L0 = max(0, min(L_hat, 0.5*min(window))); non-zero modes coincide when L_hat >= 0.5*min(window)"
winmin,rational_decay,0,0.1,0.02,1125.0,0.09999999999999999,0,20,0,0.0,0,0,,,,,,,,,,0,0,,,,,,,,,,,,,20,20,1.0,0.0,0.03612005031770526,0.028704600576554155,0.03613001019145029,0.012669716653837388,0.04483480179202916,0.08377882531621446,1.0,20,20,1.0,0.0,0.030855751545713232,0.025812097348254966,0.02103317362084678,0.011922223470435287,0.045651092801701494,0.0640451879510589,1.0,"cascade features clamp L0 = max(0, min(L_hat, 0.5*min(window))); non-zero modes coincide when L_hat >= 0.5*min(window)"
winmin,mixed_pow_rat,0,0.1,0.02,2260.0,0.09998848741275486,0,20,0,0.0,0,0,,,,,,,,,,0,0,,,,,,,,,,,,,20,20,1.0,0.0,0.03498882510772973,0.03159970608796467,0.023238610913047963,0.010866318388585464,0.05100795657579863,0.08282908388834957,0.95,20,20,1.0,0.0,0.05584392683273633,0.07370125213555018,0.025771721059390323,0.014064528955569927,0.06347150410594302,0.1348232198473584,0.85,"cascade features clamp L0 = max(0, min(L_hat, 0.5*min(window))); non-zero modes coincide when L_hat >= 0.5*min(window)"
winmin,multiphase,0,0.1,0.02,3852.0,0.0999996544626016,0,20,0,0.0,0,0,,,,,,,,,,0,0,,,,,,,,,,,,,20,20,1.0,0.0,0.0889286680136099,0.0447526009041415,0.10294704724064539,0.05648763230276777,0.12399255657045752,0.13467494130391022,1.0,20,20,1.0,0.0,0.09861058559614481,0.0315192921106492,0.11034028550044733,0.08813827510419212,0.11867535956780961,0.12817382685036016,1.0,"cascade features clamp L0 = max(0, min(L_hat, 0.5*min(window))); non-zero modes coincide when L_hat >= 0.5*min(window)"
winmin,osc_exp,0,0.1,0.02,165.0,0.09570953042125925,0,20,0,0.0,0,0,,,,,,,,,,0,0,,,,,,,,,,,,,20,20,1.0,0.0,0.03282249978073342,0.016332252046680703,0.0360056655363155,0.022020977605835143,0.04258461216577,0.047315378181704656,0.75,20,20,1.0,0.0,0.03102174100857477,0.011453026142696153,0.032716816261445555,0.02847796159287607,0.03741729336906837,0.039666826473054535,0.75,"cascade features clamp L0 = max(0, min(L_hat, 0.5*min(window))); non-zero modes coincide when L_hat >= 0.5*min(window)"
winmin,damped_osc_pow,0,0.1,0.02,3014.0,0.09999319502597674,0,20,16,0.8,16,16,1.0,0.0625,0.01807407206761008,0.014145861843569932,0.014311173084824397,0.00792979472863384,0.027215221903504352,0.03723854294117428,0.875,16,16,1.0,0.0625,0.02013816445498036,0.008690417476892358,0.017385248351698065,0.015394409836832287,0.027165819965975915,0.0302423751341243,0.875,0.375,0.375,0.21013556062564664,4,4,1.0,0.0,0.05505396057850399,0.05484437957677421,0.037650100176731316,0.020498347519110498,0.0722057132361248,0.10887788892212813,0.75,4,4,1.0,0.25,0.11382516072139326,0.2037421776689324,0.01666823116942185,0.011317060876253643,0.11917633101456147,0.2992287527607592,0.75,"cascade features clamp L0 = max(0, min(L_hat, 0.5*min(window))); non-zero modes coincide when L_hat >= 0.5*min(window)"
winmin,log_slow,0,0.1,0.02,50000.0,0.41863546463489004,1,20,19,0.95,19,19,1.0,0.0,0.06155288736356253,0.024922094726084906,0.06921345909874854,0.04268610152040095,0.08021642774050779,0.08704525435133333,0.9473684210526315,19,19,1.0,0.0,0.056783000335976455,0.02905499160922159,0.07107011755734702,0.04314099077293522,0.07554089231754907,0.07981920620928305,1.0,0.6842105263157895,0.6842105263157895,-0.1127582632009111,1,1,1.0,0.0,0.08711920237259846,,0.08711920237259846,0.08711920237259846,0.08711920237259846,0.08711920237259846,1.0,1,1,1.0,0.0,0.1264421888333623,,0.1264421888333623,0.1264421888333623,0.1264421888333623,0.1264421888333623,0.0,"cascade features clamp L0 = max(0, min(L_hat, 0.5*min(window))); non-zero modes coincide when L_hat >= 0.5*min(window)"
winmin,delayed_plateau,0,0.1,0.02,321.0,0.09926115995627992,0,20,0,0.0,0,0,,,,,,,,,,0,0,,,,,,,,,,,,,20,20,1.0,0.0,0.07225302124858908,0.016907557310433037,0.08042382099863166,0.06933401011812812,0.08405213297784753,0.084729649766138,1.0,20,20,1.0,0.0,0.04015220802424576,0.015902836257997006,0.04873601945077874,0.03286824598612892,0.05170366013461166,0.05378173825115809,1.0,"cascade features clamp L0 = max(0, min(L_hat, 0.5*min(window))); non-zero modes coincide when L_hat >= 0.5*min(window)"
winmin,staircase,0,0.1,0.02,320.0,0.0,0,20,0,0.0,0,0,,,,,,,,,,0,0,,,,,,,,,,,,,20,20,1.0,0.0,0.0867755404088939,0.03825227344061319,0.10331242515980937,0.07131629844803393,0.11590004242708596,0.11865663965220438,1.0,20,20,1.0,0.0,0.0552235018979346,0.023775897610201546,0.06087856234708004,0.042285575639072655,0.07461705166905616,0.07769384754960627,1.0,"cascade features clamp L0 = max(0, min(L_hat, 0.5*min(window))); non-zero modes coincide when L_hat >= 0.5*min(window)"
winmin,noisy_plateau,0,0.1,0.02,137.0,0.09536916221554956,0,20,20,1.0,20,20,1.0,0.05,0.0010356643877555572,0.0007837949615005936,0.0008527368245962643,0.0004526626527191959,0.0016696117885611921,0.002085828879445451,0.85,20,20,1.0,0.05,0.0014193795400724756,0.0009729257186549731,0.00145613079547878,0.00046381309662846433,0.0021714012634526762,0.002595367792674865,0.5,0.35,0.35,0.5190127813903967,0,0,,,,,,,,,,0,0,,,,,,,,,,"cascade features clamp L0 = max(0, min(L_hat, 0.5*min(window))); non-zero modes coincide when L_hat >= 0.5*min(window)"
winmin,slow_osc_power,0,0.1,0.02,3483.0,0.09996889692898078,0,20,9,0.45,9,9,1.0,0.2222222222222222,0.05381276092777951,0.0609226136327936,0.015622185773471527,0.009507321114543133,0.12543564267130353,0.1333520192235206,0.5555555555555556,9,9,1.0,0.1111111111111111,0.07035902234247818,0.12650650050145024,0.016862816834531023,0.012168697330270721,0.07257940843852065,0.14567948995864533,0.6666666666666666,0.3333333333333333,0.3333333333333333,0.05274086312466495,11,11,1.0,0.36363636363636365,0.07646376331615755,0.06382418456965896,0.07730412091080785,0.014810686324171634,0.11842873521321216,0.14529523894000396,0.36363636363636365,11,11,1.0,0.2727272727272727,0.05987686721562227,0.053462895575851835,0.056747070201466764,0.01444538108413981,0.07394744766008868,0.09638694546470025,0.36363636363636365,"cascade features clamp L0 = max(0, min(L_hat, 0.5*min(window))); non-zero modes coincide when L_hat >= 0.5*min(window)"
winmin,log_oscillatory,0,0.1,0.02,50000.0,0.2992564263745022,1,20,20,1.0,20,20,1.0,0.0,0.038427821485630564,0.03450078616751701,0.025476866241394103,0.015257548749952037,0.06452919530642126,0.08529943098532124,1.0,20,20,1.0,0.0,0.1596540061769504,0.12032417828007452,0.11529377187482906,0.08095011492812759,0.189013888383599,0.28412911009682223,0.65,0.0,0.0,3.8045552672365965,0,0,,,,,,,,,,0,0,,,,,,,,,,"cascade features clamp L0 = max(0, min(L_hat, 0.5*min(window))); non-zero modes coincide when L_hat >= 0.5*min(window)"
winmin,heavy_noise_plat,0,0.1,0.02,114.0,0.09071795328941246,0,20,20,1.0,20,20,1.0,0.0,0.004657151966760852,0.004067802614091842,0.003988145121183787,0.001889811061238866,0.00599006603862373,0.010762287087333244,0.85,20,20,1.0,0.05,0.003505760433863593,0.0036400301062003257,0.00193866766906854,0.001062470625373499,0.005324351452061393,0.006346519083567906,0.9,0.5,0.5,-0.02838607045888518,0,0,,,,,,,,,,0,0,,,,,,,,,,"cascade features clamp L0 = max(0, min(L_hat, 0.5*min(window))); non-zero modes coincide when L_hat >= 0.5*min(window)"
winmin,broken_power_law,0,0.1,0.02,28776.0,0.09999962012267244,0,20,20,1.0,20,20,1.0,1.0,0.8026533219680069,0.03384305756759397,0.8056412241522509,0.7866025586593544,0.8260984396695179,0.8428974239825073,0.0,20,20,1.0,0.0,0.07280782557255862,0.002173216780843016,0.07256250065297319,0.07140703678710367,0.07427770685551978,0.07509387727760372,1.0,1.0,1.0,-0.9095683087352535,0,0,,,,,,,,,,0,0,,,,,,,,,,"cascade features clamp L0 = max(0, min(L_hat, 0.5*min(window))); non-zero modes coincide when L_hat >= 0.5*min(window)"
winmin,stretched_exp,1,0.1,0.02,579.0,0.09979846505939677,0,20,0,0.0,0,0,,,,,,,,,,0,0,,,,,,,,,,,,,20,20,1.0,0.0,0.027932525090091254,0.011625505312916925,0.026043327255057758,0.021385874073595317,0.03559181649726856,0.03815092680245784,1.0,20,20,1.0,0.0,0.038179991987946756,0.02839160019543921,0.0416580090730662,0.010685644903415599,0.05596474837036859,0.07531897167260085,1.0,"cascade features clamp L0 = max(0, min(L_hat, 0.5*min(window))); non-zero modes coincide when L_hat >= 0.5*min(window)"
winmin,logistic_tail,1,0.1,0.02,135.0,0.09609894819901184,0,20,0,0.0,0,0,,,,,,,,,,0,0,,,,,,,,,,,,,20,20,1.0,0.0,0.13393632734689992,0.02736150109299799,0.1463256579779389,0.13200624723382093,0.14841082800129735,0.15279869216953432,0.05,20,20,1.0,0.0,0.0989635446490315,0.035331610928365,0.11477727999476002,0.09501791581195268,0.1192625546653594,0.12514658934666875,0.2,"cascade features clamp L0 = max(0, min(L_hat, 0.5*min(window))); non-zero modes coincide when L_hat >= 0.5*min(window)"
winmin,inv_sqrt_log,1,0.1,0.02,2929.0,0.09999046875803731,0,20,20,1.0,20,20,1.0,0.1,0.019166013181647047,0.021656293298284914,0.00944309536858471,0.007838695431503612,0.021368763977697408,0.03586422799883142,0.6,20,20,1.0,0.15,0.028855472595113757,0.04411187080491618,0.011581159487834117,0.0028800655166599754,0.02142611173323653,0.10132429376618923,0.6,0.4,0.4,0.08515327369050701,0,0,,,,,,,,,,0,0,,,,,,,,,,"cascade features clamp L0 = max(0, min(L_hat, 0.5*min(window))); non-zero modes coincide when L_hat >= 0.5*min(window)"
winmin,random_knots,1,0.1,0.02,4730.0,0.09999546250252596,1,20,12,0.6,12,12,1.0,0.0,0.021415748670671392,0.01932832611797864,0.014305893877868521,0.009826595051568004,0.030525123109337658,0.03814759224352605,1.0,12,12,1.0,0.0,0.024553185339256083,0.017370850718034257,0.02484401211676846,0.010293784958137809,0.029868643940001514,0.04806509027614851,0.8333333333333334,0.5,0.5,0.13399105593015276,8,8,1.0,0.0,0.0580194504329038,0.05317315199605386,0.05012654809215263,0.013771911961687977,0.07842768353667201,0.13674438070621037,0.75,8,8,1.0,0.0,0.06629187935392464,0.06625820724077061,0.054069505558321504,0.01604803832522996,0.07668458415194176,0.14806551405801263,0.75,"cascade features clamp L0 = max(0, min(L_hat, 0.5*min(window))); non-zero modes coincide when L_hat >= 0.5*min(window)"
winmin,real_boot_a,1,0.1,0.02,413.0,0.09900189826125952,0,20,0,0.0,0,0,,,,,,,,,,0,0,,,,,,,,,,,,,20,20,1.0,0.0,0.04136747753840656,0.021476235360808595,0.0422646024790486,0.023738103079139088,0.058618997730473146,0.06695595148867879,1.0,20,20,1.0,0.0,0.04299397379252043,0.023969911224287894,0.03300109164125884,0.027834750163777143,0.0667668540274902,0.07282831585475401,1.0,"cascade features clamp L0 = max(0, min(L_hat, 0.5*min(window))); non-zero modes coincide when L_hat >= 0.5*min(window)"
winmin,real_boot_b,1,0.1,0.02,364.0,0.09935491603410883,0,20,0,0.0,0,0,,,,,,,,,,0,0,,,,,,,,,,,,,20,20,1.0,0.0,0.005484779708631706,0.005099573282577932,0.004194785387028492,0.0010527187488470376,0.00991202670637056,0.010963179607720688,1.0,20,20,1.0,0.0,0.006842704632092763,0.00671647635643676,0.005174145882372576,0.002695864216802828,0.009072969908508248,0.011265957871418212,1.0,"cascade features clamp L0 = max(0, min(L_hat, 0.5*min(window))); non-zero modes coincide when L_hat >= 0.5*min(window)"
