window_len,regime,is_holdout,target_g,noise,n_f,achieved_g,capped,n_cells_total,n_cells_fired,fire_rate,r1_n_total,r1_n_valid,r1_valid_rate,r1_cat_rate,r1_mean_error,r1_sd_error,r1_med_error,r1_q25_error,r1_q75_error,r1_p90_error,r1_win_rate_vs_last,alt_n_total,alt_n_valid,alt_valid_rate,alt_cat_rate,alt_mean_error,alt_sd_error,alt_med_error,alt_q25_error,alt_q75_error,alt_p90_error,alt_win_rate_vs_last,lower_error_frac_records,lower_error_frac_cells,median_rel_change,nf_r1_n_total,nf_r1_n_valid,nf_r1_valid_rate,nf_r1_cat_rate,nf_r1_mean_error,nf_r1_sd_error,nf_r1_med_error,nf_r1_q25_error,nf_r1_q75_error,nf_r1_p90_error,nf_r1_win_rate_vs_last,nf_alt_n_total,nf_alt_n_valid,nf_alt_valid_rate,nf_alt_cat_rate,nf_alt_mean_error,nf_alt_sd_error,nf_alt_med_error,nf_alt_q25_error,nf_alt_q75_error,nf_alt_p90_error,nf_alt_win_rate_vs_last
20,single_exp,0,0.5,0.0,108.0,0.4867522559599715,0,20,0,0.0,0,0,,,,,,,,,,0,0,,,,,,,,,,,,,20,20,1.0,0.0,0.007063457715255484,0.002816228768891623,0.006567075980400454,0.004962720021658949,0.01024092803773649,0.01058251462556773,0.8,20,20,1.0,0.0,0.007713815174447708,0.003168383898771113,0.007279043810847399,0.0048267535739751274,0.011363254685607404,0.011727455871674251,0.65
20,two_exp,0,0.5,0.0,129.0,0.4955914190433955,0,20,0,0.0,0,0,,,,,,,,,,0,0,,,,,,,,,,,,,20,20,1.0,0.0,0.014498313927989486,0.011080971387191722,0.017042030141030354,0.0038826197592116835,0.026104658566419556,0.026824301988759756,1.0,20,20,1.0,0.0,0.011058255130492009,0.008807858359424173,0.00841387890082667,0.002951413772900896,0.02125398648427835,0.022239147663449213,1.0
20,three_exp,0,0.5,0.0,176.0,0.49876789415554024,0,20,0,0.0,0,0,,,,,,,,,,0,0,,,,,,,,,,,,,20,20,1.0,0.0,0.013596266340397622,0.004289446076455147,0.014514879787561566,0.009723463618796384,0.017672209901278157,0.018371758730103344,1.0,20,20,1.0,0.0,0.006763886828143907,0.0037165186788361893,0.004391361079470968,0.003759457846145932,0.010832089245459323,0.012265391949909474,1.0
20,four_exp,0,0.5,0.0,231.0,0.4980680166164721,0,20,0,0.0,0,0,,,,,,,,,,0,0,,,,,,,,,,,,,20,20,1.0,0.0,0.005251186550924979,0.00379052634751645,0.005237858927443356,0.0016601883547725793,0.007664644904185607,0.010423485097448226,1.0,20,20,1.0,0.0,0.004889068435723292,2.3748797127146125e-09,0.004889067788359708,0.004889067762044383,0.004889067811883523,0.004889068676927823,1.0
20,power_law,0,0.5,0.0,244.0,0.4999340482202355,0,20,2,0.1,2,2,1.0,0.0,5.4730943713526825e-05,1.0595250304860347e-07,5.4730943713526825e-05,5.469348384683215e-05,5.47684035802215e-05,5.479087950023831e-05,1.0,2,2,1.0,0.0,0.0006739411743631185,3.606355377690187e-09,0.0006739411743631185,0.000673939899323947,0.00067394244940229,0.0006739432144257929,1.0,0.0,0.0,11.313736763666626,18,18,1.0,0.0,5.470129892715519e-05,2.387932217096992e-07,5.4790838980573256e-05,5.472994138994939e-05,5.48145398377017e-05,5.48168190464899e-05,1.0,18,18,1.0,0.0,0.0006739724128442621,7.661327418357458e-08,0.0006739447962942138,0.0006739414714866977,0.0006739591573360132,0.0006740118641817547,1.0
20,rational_decay,0,0.5,0.0,205.0,0.5,0,20,0,0.0,0,0,,,,,,,,,,0,0,,,,,,,,,,,,,20,20,1.0,0.0,0.0040833369801148095,0.0006330128259267537,0.004269734937777131,0.004251964843281317,0.00427306787678141,0.004471156172845646,1.0,20,20,1.0,0.0,4.1487638186010756e-08,1.8326135088342695e-07,1.7037767030547712e-10,1.9962073660728663e-11,8.549183999617682e-10,2.191253226091484e-09,1.0
20,mixed_pow_rat,0,0.5,0.0,254.0,0.4990202976120709,0,20,0,0.0,0,0,,,,,,,,,,0,0,,,,,,,,,,,,,20,20,1.0,0.0,0.004738223656152804,0.001792644580248722,0.005502879036708298,0.004431106632401063,0.005782072162641594,0.00639261154499655,1.0,20,20,1.0,0.0,0.0012931260433679127,7.2589555026371955e-09,0.0012931241482245226,0.001293124113214389,0.001293124424198426,0.0012931251930899904,1.0
20,multiphase,0,0.5,0.0,504.0,0.49983903719462197,0,20,0,0.0,0,0,,,,,,,,,,0,0,,,,,,,,,,,,,20,20,1.0,0.0,0.05207456835792457,1.4606038440243099e-06,0.05207490677337633,0.05207462126571629,0.052075317850021334,0.05207542370497747,1.0,20,20,1.0,0.0,0.05372853038484232,6.421312399030382e-07,0.053728878685849454,0.053728499893607166,0.053728912338934516,0.053728935510876354,1.0
20,osc_exp,0,0.5,0.0,107.0,0.47832942079368884,0,20,0,0.0,0,0,,,,,,,,,,0,0,,,,,,,,,,,,,20,20,1.0,0.0,0.009539868562590013,0.005738855871165482,0.004895575621477001,0.004796828427227638,0.015568974831516202,0.016875057888007857,1.0,20,20,1.0,0.0,0.009437652729908999,0.0057078518020008085,0.004967387854717398,0.004967375885189446,0.015272427121553838,0.016888305833854447,1.0
20,damped_osc_pow,0,0.5,0.0,260.0,0.49940767513390516,0,20,1,0.05,1,1,1.0,0.0,0.00017142780124945745,,0.00017142780124945745,0.00017142780124945745,0.00017142780124945745,0.00017142780124945745,1.0,1,1,1.0,0.0,0.001326504582284449,,0.001326504582284449,0.001326504582284449,0.001326504582284449,0.001326504582284449,1.0,0.0,0.0,6.737978161162744,19,19,1.0,0.0,0.0001828475967243529,4.719431508776075e-05,0.0001724153883750773,0.00017208027318818542,0.00017244033786456558,0.00017245256914324436,1.0,19,19,1.0,0.0,0.0013265269952457987,9.144389805897019e-08,0.0013265030376266307,0.0013265030003748908,0.0013265111514574393,0.0013265207376820215,1.0
20,log_slow,0,0.5,0.0,8594.0,0.49999975284240333,0,20,3,0.15,3,3,1.0,0.0,0.009658300555058693,1.6745234493750809e-06,0.009657478240668982,0.009657337203727218,0.009658852749195312,0.009659677454311111,1.0,3,3,1.0,0.0,0.037127163946952015,8.654855958819862e-10,0.03712716372269359,0.03712716346918063,0.03712716431259419,0.037127164666534554,1.0,0.0,0.0,2.844395397770315,17,17,1.0,0.0,0.012555749703502869,0.005393941837977301,0.00966286717703084,0.009658762265993104,0.009725286749992165,0.021443100472463717,1.0,17,17,1.0,0.0,0.03712717247506924,1.580780304491227e-08,0.03712716424112608,0.03712716380249165,0.03712717406699172,0.03712719773725933,1.0
20,delayed_plateau,0,0.5,0.0,160.0,0.49658484551706805,0,20,0,0.0,0,0,,,,,,,,,,0,0,,,,,,,,,,,,,20,20,1.0,0.0,0.03911812293173163,0.009251358643058444,0.044423149462414935,0.03486707078831565,0.04646823795011064,0.04691733990022946,1.0,20,20,1.0,0.0,0.021202161860805917,0.007255030965831006,0.02513581714581159,0.018680610431204177,0.026595155059791528,0.02691943773721135,1.0
20,staircase,0,0.5,0.0,170.0,0.2777777777777778,0,20,20,1.0,20,20,1.0,0.0,0.15293020062022278,0.0022034868358342566,0.15373951163370886,0.152161078757581,0.15471135099306985,0.15488573857193932,0.0,20,20,1.0,0.0,0.1347073189394159,0.0063690668851568415,0.13717000048494646,0.13278620335385666,0.13971772026322607,0.14016512339898277,0.25,1.0,1.0,-0.1077765934784145,0,0,,,,,,,,,,0,0,,,,,,,,,
20,noisy_plateau,0,0.5,0.0,104.0,0.4965853037914094,0,20,20,1.0,20,20,1.0,0.1,0.0017460278615979527,0.0010439509563652475,0.001588807686428077,0.0011007516935074464,0.002452093371006025,0.00313976855135854,0.7,20,20,1.0,0.1,0.0014274905733470892,0.001122813647412874,0.0012543228704902307,0.0005390747806623486,0.0019298284892283954,0.003374165674471317,0.75,0.45,0.45,0.027307074048864805,0,0,,,,,,,,,,0,0,,,,,,,,,
20,slow_osc_power,0,0.5,0.0,415.0,0.49840630355024784,0,20,5,0.25,5,5,1.0,0.0,0.010583330385900014,9.340665438675108e-07,0.01058291178129328,0.010582911545751528,0.010582915925343994,0.010584167145041646,1.0,5,5,1.0,0.0,0.01360003659011092,8.181118562477137e-07,0.013600355476340031,0.013599691766052746,0.01360064368251529,0.01360069283643579,1.0,0.0,0.0,0.28506092857490906,15,15,1.0,0.0,0.010592948883436943,2.7905317320858403e-05,0.010582912026418978,0.01058291142643309,0.010588654278734233,0.01059903855761447,1.0,15,15,1.0,0.0,0.013541646986895502,0.0002575793305182599,0.01360026759105818,0.013598892260075844,0.013600728493286295,0.013600732918455597,1.0
20,log_oscillatory,0,0.5,0.0,533.0,0.49841524754235217,0,20,20,1.0,20,20,1.0,0.0,0.5005951791493357,0.004864561694275464,0.5024200836347578,0.4998285873942637,0.5035928488767343,0.5036980705790729,0.0,20,20,1.0,0.0,0.06718352326928231,1.9385890797275214e-09,0.06718352268982339,0.06718352268686001,0.06718352288648899,0.0671835235783441,1.0,1.0,1.0,-0.8662801777487188,0,0,,,,,,,,,,0,0,,,,,,,,,
20,heavy_noise_plat,0,0.5,0.0,97.0,0.49658530379140886,0,20,20,1.0,20,20,1.0,0.15,0.002552944131885246,0.0017585616103116854,0.002364733590751366,0.0009898354092309275,0.0035557438740691774,0.00469033400392778,0.6,20,20,1.0,0.1,0.002043330286354678,0.0019264726980649475,0.0013364276796439698,0.0005327195164061302,0.0031513352401773597,0.004801056163963179,0.65,0.5,0.5,0.004282516634313786,0,0,,,,,,,,,,0,0,,,,,,,,,
20,broken_power_law,0,0.5,0.0,514.0,0.49991211917454004,0,20,2,0.1,2,2,1.0,0.0,0.0004002315153910918,4.517302807278108e-10,0.0004002315153910918,0.0004002313556803194,0.0004002316751018642,0.0004002317709283276,1.0,2,2,1.0,0.0,0.00987382750076643,9.027701132969153e-10,0.00987382750076643,0.009873827181588996,0.009873827819943864,0.009873828011450324,1.0,0.0,0.0,23.670289872412674,18,18,1.0,0.0,0.001067668587899981,0.0011235109055251016,0.00040019750595762793,0.00039823714986278805,0.0016832424014308137,0.0022706462757010348,1.0,18,18,1.0,0.0,0.009873828705015898,2.166977182243808e-09,0.009873827668794556,0.009873827407719287,0.009873828895398448,0.009873832669299759,1.0
20,stretched_exp,1,0.5,0.0,193.0,0.49828241532615414,0,20,0,0.0,0,0,,,,,,,,,,0,0,,,,,,,,,,,,,20,20,1.0,0.0,0.006726448237990813,0.004365222677059679,0.0061508532532587035,0.003417934592225176,0.01105645830453358,0.01226765038478328,1.0,20,20,1.0,0.0,0.0017535156783831357,0.00178521762108462,0.0005968359845042182,0.0005968355789583157,0.002544842592033046,0.004998654328225895,1.0
20,logistic_tail,1,0.5,0.0,105.0,0.47748855939048196,0,20,13,0.65,13,13,1.0,0.0,0.07167386704805705,0.001494924128817551,0.07185978015066057,0.0706347576247502,0.07254433232981547,0.07372714975061123,0.0,13,13,1.0,0.0,0.06627596898764523,0.0022154648236791456,0.06656647690560953,0.06474162746241204,0.06757675366224658,0.06930603233893934,0.0,1.0,1.0,-0.07366155635256805,7,7,1.0,0.0,0.055555858627609034,0.012232317550617855,0.057198820803644496,0.05009091946326745,0.06509819814408646,0.0665600616690387,0.2857142857142857,7,7,1.0,0.0,0.04026017293669654,0.020634994775537225,0.043460036185447554,0.03139506361839729,0.05623359935726019,0.058517855025474456,0.5714285714285714
20,inv_sqrt_log,1,0.5,0.0,245.0,0.4997783934707863,0,20,7,0.35,7,7,1.0,0.0,7.741103373932032e-05,1.1334424714103596e-07,7.744471837711764e-05,7.74104055866337e-05,7.74747196746195e-05,7.748274389870468e-05,1.0,7,7,1.0,0.0,0.0005194440726419201,0.000275841685830949,0.00041456286949165255,0.00041444165610562966,0.0004166420080879002,0.0007091675741623507,1.0,0.0,0.0,4.355368932038818,13,13,1.0,0.0,9.265979258458692e-05,3.639451613239387e-05,7.748069279037498e-05,7.746106522064922e-05,7.773933443445263e-05,0.00015181852913423658,1.0,13,13,1.0,0.0,0.0004642105937003764,0.00017804062971946296,0.0004146099322140627,0.0004144596465981004,0.0004149299852719071,0.00041730837680374887,1.0
20,random_knots,1,0.5,0.0,314.5,0.49936083587279756,0,20,2,0.1,2,2,1.0,0.0,0.008412883395096188,0.008117338787764647,0.008412883395096188,0.005542970744087702,0.011282796046104673,0.013004743636709764,1.0,2,2,1.0,0.0,0.010674301090135743,0.012069468045902844,0.010674301090135743,0.0064070997398496185,0.014941502440421868,0.017501823250593542,1.0,0.5,0.5,0.0788944602944966,18,18,1.0,0.0,0.0062601754114213004,0.007016090429864567,0.0034937134275019738,0.0022038799345434935,0.008662252076233948,0.01621821489946132,1.0,18,18,1.0,0.0,0.007947483917962406,0.010100034418991504,0.0020819134215604718,0.001528660312040367,0.008717715455727151,0.027264878881651144,1.0
20,real_boot_a,1,0.5,0.0,203.0,0.49951204685092926,0,20,0,0.0,0,0,,,,,,,,,,0,0,,,,,,,,,,,,,20,20,1.0,0.0,0.00875980415170476,0.005153210623192477,0.007596333037263092,0.004123858633553967,0.014594393469891102,0.01485942416018786,1.0,20,20,1.0,0.0,0.0019507941389745188,0.0024327456970037378,0.00013078348577925947,0.0001307832377767243,0.005012232776665668,0.0055664441174902825,1.0
20,real_boot_b,1,0.5,0.0,172.0,0.496916665259355,0,20,0,0.0,0,0,,,,,,,,,,0,0,,,,,,,,,,,,,20,20,1.0,0.0,0.002491206215654884,5.593624959707486e-05,0.002480696022410172,0.002449757747067325,0.0025406934664203296,0.0025697036489986643,1.0,20,20,1.0,0.0,0.002857624089209632,0.00020200363253202922,0.002922699980581381,0.0029225281006367634,0.0029227782447860257,0.002922779609652526,1.0
20,single_exp,0,0.5,0.005,108.0,0.4867522559599715,0,20,8,0.4,8,8,1.0,0.125,0.007733627692791486,0.0046807610242151345,0.00991241202505405,0.005500729280673591,0.01107594063377009,0.01131482578787156,0.625,8,8,1.0,0.125,0.008713813676180264,0.004903761115373541,0.011062140174824379,0.006439829268082261,0.012185388434498632,0.012452127673881267,0.625,0.125,0.125,0.10481604315222351,12,12,1.0,0.08333333333333333,0.006343949184036691,0.0026215546896900775,0.006805983994058781,0.004772570012510101,0.007934923914281779,0.008873566362247785,0.5833333333333334,12,12,1.0,0.08333333333333333,0.007072307454056911,0.0028208089253206263,0.0070116528572231225,0.005373317828197381,0.008891246363683575,0.010629571474415126,0.5
20,two_exp,0,0.5,0.005,129.0,0.4955914190433955,0,20,0,0.0,0,0,,,,,,,,,,0,0,,,,,,,,,,,,,20,20,1.0,0.0,0.015206651576122832,0.010438176951640352,0.0170931529962006,0.005317154770399096,0.025864271752710038,0.027057843896812577,1.0,20,20,1.0,0.0,0.014450357556210328,0.006949271597033716,0.014386426763642726,0.010764068176801554,0.021058447402452378,0.022892730199262433,1.0
20,three_exp,0,0.5,0.005,176.0,0.49876789415554024,0,20,0,0.0,0,0,,,,,,,,,,0,0,,,,,,,,,,,,,20,20,1.0,0.0,0.018133469740682036,0.007631116674621496,0.016299808294376376,0.012065135365203553,0.025787728154118946,0.026911049964604344,1.0,20,20,1.0,0.0,0.015852681292201663,0.008729289971645158,0.016587018709295978,0.009520829744000016,0.02083338600325867,0.027787636815272375,1.0
20,four_exp,0,0.5,0.005,231.0,0.4980680166164721,0,20,0,0.0,0,0,,,,,,,,,,0,0,,,,,,,,,,,,,20,20,1.0,0.0,0.01695065104618853,0.009493271965689049,0.015798830243108797,0.009321151748107968,0.022676910043102363,0.029930380071583558,1.0,20,20,1.0,0.0,0.02059630670177579,0.01556590162790239,0.018700235284117787,0.010947080014000427,0.02500389015465396,0.033957384346828164,0.95
20,power_law,0,0.5,0.005,244.0,0.4999340482202355,0,20,19,0.95,19,19,1.0,0.0,0.010522689760475715,0.0064806309795392815,0.010093141888565346,0.005403241366839121,0.013052558620639178,0.020037540275437977,0.7894736842105263,19,19,1.0,0.0,0.011871442765839846,0.009715059126069327,0.010557686019480617,0.006304694487237323,0.014195613079710893,0.02029724437088437,0.7894736842105263,0.5789473684210527,0.5789473684210527,-0.023350083788002494,1,1,1.0,0.0,0.01899949633383003,,0.01899949633383003,0.01899949633383003,0.01899949633383003,0.01899949633383003,0.0,1,1,1.0,0.0,0.02022343996794851,,0.02022343996794851,0.02022343996794851,0.02022343996794851,0.02022343996794851,0.0
20,rational_decay,0,0.5,0.005,205.0,0.5,0,20,0,0.0,0,0,,,,,,,,,,0,0,,,,,,,,,,,,,20,20,1.0,0.0,0.009950696591338803,0.009220384376130576,0.007478572605769188,0.001961429676579047,0.01435118182570777,0.024548920601945468,1.0,20,20,1.0,0.0,0.01963833260863387,0.015745602171736865,0.01613496045591989,0.01060311404777253,0.026952532779408258,0.030021740501229723,1.0
20,mixed_pow_rat,0,0.5,0.005,254.0,0.4990202976120709,0,20,1,0.05,1,1,1.0,0.0,0.030493745789233306,,0.030493745789233306,0.030493745789233306,0.030493745789233306,0.030493745789233306,1.0,1,1,1.0,0.0,0.013152340699869161,,0.013152340699869161,0.013152340699869161,0.013152340699869161,0.013152340699869161,1.0,1.0,1.0,-0.568687271456399,19,19,1.0,0.0,0.013542555257066517,0.008497376630742157,0.011722064307475494,0.008942031742304887,0.021450959378005036,0.024977542824551942,1.0,19,19,1.0,0.0,0.017032444456440143,0.010270488006975874,0.01497513488729929,0.011053560741740472,0.025033404386383858,0.027313735547537073,1.0
20,multiphase,0,0.5,0.005,504.0,0.49983903719462197,0,20,13,0.65,13,13,1.0,0.0,0.0433951410764819,0.019989823752739732,0.03857924979695493,0.02815740475185813,0.05985083396599267,0.06805337086719757,1.0,13,13,1.0,0.0,0.03952913914744522,0.023816018091148507,0.037481491853063625,0.020368826592310957,0.05886511921871743,0.06559221000987768,1.0,0.6923076923076923,0.6923076923076923,-0.042918803938125465,7,7,1.0,0.0,0.00914895593930196,0.006926663831189687,0.009384643752729155,0.0051362990016745325,0.011909332392503712,0.015629471182082025,1.0,7,7,1.0,0.0,0.050162722248462174,0.028485093667276744,0.03232945294169637,0.029389014971558887,0.07321276733066721,0.08168680196403111,1.0
20,osc_exp,0,0.5,0.005,107.0,0.47832942079368884,0,20,2,0.1,2,2,1.0,0.0,0.013539747306358842,0.0020596198657350643,0.013539747306358842,0.012811561719494947,0.014267932893222738,0.014704844245341075,1.0,2,2,1.0,0.0,0.013097112203382062,0.0022134208890498904,0.013097112203382062,0.012314549743248495,0.01387967466351563,0.014349212139595769,1.0,1.0,1.0,-0.03394826873055616,18,18,1.0,0.0,0.00919592523021694,0.006071191392683397,0.006797837523892396,0.004159239165027431,0.01573273673933976,0.017468611130794284,1.0,18,18,1.0,0.0,0.008967839276373034,0.0062729917001892515,0.0065207633750071076,0.003944591530780719,0.015661679461896567,0.01753250169244098,1.0
20,damped_osc_pow,0,0.5,0.005,260.0,0.49940767513390516,0,20,18,0.9,18,18,1.0,0.0,0.009125831316706558,0.006930583838351164,0.008730003419946796,0.0021998202005428565,0.01452521991077093,0.019143226535331893,1.0,18,18,1.0,0.0,0.011841799973303348,0.00683522023533789,0.01026847099513831,0.0063052030025069535,0.01778238292569731,0.021526297100543445,0.9444444444444444,0.3888888888888889,0.3888888888888889,0.2742421802772875,2,2,1.0,0.0,0.005816371886016539,0.0071755743636130595,0.005816371886016539,0.003279423240306969,0.008353320531726108,0.00987548971915185,1.0,2,2,1.0,0.0,0.0071934374416889775,0.006736552186619954,0.0071934374416889775,0.0048117065752009604,0.009575168308176995,0.011004206828069804,1.0
20,log_slow,0,0.5,0.005,8594.0,0.49999975284240333,0,20,19,0.95,19,19,1.0,0.0,0.05354090429583034,0.02648010276304232,0.05695679034941198,0.031234676632606678,0.07648370110665517,0.08514132274328062,0.9473684210526315,19,19,1.0,0.0,0.10896585076809193,0.08193483682060276,0.08704027476996226,0.06725004096881215,0.10411099326221329,0.2200359273601088,0.5789473684210527,0.47368421052631576,0.47368421052631576,1.067243069119258,1,1,1.0,0.0,0.10500299643789944,,0.10500299643789944,0.10500299643789944,0.10500299643789944,0.10500299643789944,0.0,1,1,1.0,0.0,0.1376004593954965,,0.1376004593954965,0.1376004593954965,0.1376004593954965,0.1376004593954965,0.0
20,delayed_plateau,0,0.5,0.005,160.0,0.49658484551706805,0,20,0,0.0,0,0,,,,,,,,,,0,0,,,,,,,,,,,,,20,20,1.0,0.0,0.03966510626880479,0.01042798137354397,0.043839675752923704,0.036362559407684215,0.04644880003778137,0.04736777131974557,1.0,20,20,1.0,0.0,0.025119984211225722,0.007798482942105613,0.024913405748293205,0.020007211917222954,0.0304755070130485,0.036498788146960906,1.0
20,staircase,0,0.5,0.005,170.0,0.2777777777777778,0,20,20,1.0,20,20,1.0,0.0,0.15279532961697292,0.008294387675520905,0.1533088150874447,0.14479001861624854,0.15906094877402582,0.1628606716102764,0.0,20,20,1.0,0.0,0.13478177546551776,0.009916906360960666,0.13642764130649393,0.12993035535632094,0.14266258433465612,0.14488138470584616,0.35,1.0,1.0,-0.10302127427630955,0,0,,,,,,,,,,0,0,,,,,,,,,
20,noisy_plateau,0,0.5,0.005,104.0,0.4965853037914094,0,20,20,1.0,20,20,1.0,0.1,0.0016219816205617047,0.0009872827911647855,0.0015592804369707683,0.000907239020348484,0.0022810810334119446,0.002610222474983236,0.7,20,20,1.0,0.1,0.0011745920151137901,0.0009309604420400519,0.0009409785945838633,0.0003295672140318298,0.001804241667821881,0.0024393833325507177,0.7,0.4,0.4,0.05424613097478019,0,0,,,,,,,,,,0,0,,,,,,,,,
20,slow_osc_power,0,0.5,0.005,415.0,0.49840630355024784,0,20,19,0.95,19,19,1.0,0.10526315789473684,0.020508734376588154,0.015604709022689406,0.018433774319254637,0.009769703274878895,0.028200066273659133,0.040467454065488045,0.3684210526315789,19,19,1.0,0.21052631578947367,0.03567230457966863,0.03619735888110076,0.01716835683963744,0.012308502471992722,0.049244294221201856,0.09076108990136715,0.3157894736842105,0.21052631578947367,0.21052631578947367,0.37564807080328116,1,1,1.0,1.0,0.0898055927248978,,0.0898055927248978,0.0898055927248978,0.0898055927248978,0.0898055927248978,0.0,1,1,1.0,1.0,0.10592578237510819,,0.10592578237510819,0.10592578237510819,0.10592578237510819,0.10592578237510819,0.0
20,log_oscillatory,0,0.5,0.005,533.0,0.49841524754235217,0,20,20,1.0,20,20,1.0,0.4,0.5004443117710171,0.025263629181574557,0.4960666307047404,0.48254455896870363,0.5045728552630624,0.5328991252341055,0.0,20,20,1.0,0.0,0.06717163709097954,0.001250656584655376,0.0672311699434622,0.06648339406574331,0.06791513688690835,0.06885767022859744,1.0,1.0,1.0,-0.8643730484013686,0,0,,,,,,,,,,0,0,,,,,,,,,
20,heavy_noise_plat,0,0.5,0.005,97.0,0.49658530379140886,0,20,20,1.0,20,20,1.0,0.05,0.002878780204846102,0.0024219328641785797,0.0020637761685596947,0.001363971772069493,0.003913849949347549,0.0055813576698652894,0.65,20,20,1.0,0.1,0.0018978227771479395,0.002209820232645748,0.0012558981074621035,0.0005509467869644151,0.002249845950644394,0.0036179799101932826,0.8,0.75,0.75,-0.467381028743467,0,0,,,,,,,,,,0,0,,,,,,,,,
20,broken_power_law,0,0.5,0.005,514.0,0.49991211917454004,0,20,10,0.5,10,10,1.0,0.0,0.02537035563036828,0.018460376530791703,0.020632019693323393,0.014221500373209281,0.03911626748300412,0.045050051982679015,1.0,10,10,1.0,0.0,0.039547923632658834,0.02601634123085367,0.03376803736045452,0.02170332017756395,0.052964811516262214,0.06211066568036331,0.8,0.5,0.5,0.028389968848025842,10,10,1.0,0.0,0.02146002577164139,0.0182941932492096,0.01717196444558801,0.007062716952568205,0.032347285628504426,0.047637294484816295,1.0,10,10,1.0,0.0,0.059896107723376876,0.0689624790470421,0.03067887758835494,0.009262843215238632,0.1078282904058819,0.1656290921228966,0.7
20,stretched_exp,1,0.5,0.005,193.0,0.49828241532615414,0,20,0,0.0,0,0,,,,,,,,,,0,0,,,,,,,,,,,,,20,20,1.0,0.0,0.018525188387487727,0.008947192012948642,0.020172000765084318,0.01064999687091175,0.02629679377853554,0.029157547339735707,1.0,20,20,1.0,0.0,0.01875661204078202,0.013280730114347527,0.016548577822724564,0.008614780821689573,0.02793720035188943,0.03240313883588427,1.0
20,logistic_tail,1,0.5,0.005,105.0,0.47748855939048196,0,20,14,0.7,14,14,1.0,0.0,0.07164477177651891,0.002227453960368409,0.07167142410703847,0.07035731009218293,0.07306363158627831,0.07414532374705904,0.0,14,14,1.0,0.0,0.06601076202577208,0.0032474834756650397,0.0660885020834746,0.06455875587377721,0.06788561831880006,0.06972046277036892,0.0,1.0,1.0,-0.07684295259684804,6,6,1.0,0.0,0.053249367964039174,0.012926346672112114,0.05520630460866126,0.04715787638550766,0.06294715317635342,0.06585161773510381,0.5,6,6,1.0,0.0,0.03684167542197646,0.02147283416693415,0.04045989657011649,0.02708002510132622,0.052484722751640484,0.05744592133853843,0.6666666666666666
20,inv_sqrt_log,1,0.5,0.005,245.0,0.4997783934707863,0,20,20,1.0,20,20,1.0,0.0,0.00762393194759863,0.006662900888690751,0.006106172110974497,0.0017119277097319514,0.012503363901652655,0.016100912445604652,0.7,20,20,1.0,0.0,0.007146463887456242,0.0046050801594136916,0.006911163732474565,0.0025947049885415288,0.01118715126496251,0.012179058616688596,0.85,0.55,0.55,-0.03664551477449394,0,0,,,,,,,,,,0,0,,,,,,,,,
20,random_knots,1,0.5,0.005,314.5,0.49936083587279756,0,20,14,0.7,14,14,1.0,0.0,0.017149449725829574,0.014000082991740471,0.014029648956313541,0.00797198412798638,0.01766309341743761,0.03575021318396076,0.7142857142857143,14,14,1.0,0.0,0.01427861651771454,0.010732642193877097,0.011457412383342589,0.007467689441405483,0.0173659786890655,0.019725887752068804,0.6428571428571429,0.5,0.5,-0.008284394006810771,6,6,1.0,0.0,0.010160367693297234,0.007478508893307885,0.009543903616706075,0.005011820741316498,0.01645559129413926,0.01844648502045937,1.0,6,6,1.0,0.0,0.01534921768962653,0.01893909854497886,0.00936547955395597,0.005680416415902065,0.01400757084890504,0.03350534455110041,0.8333333333333334
20,real_boot_a,1,0.5,0.005,203.0,0.49951204685092926,0,20,0,0.0,0,0,,,,,,,,,,0,0,,,,,,,,,,,,,20,20,1.0,0.0,0.016414182824191725,0.01013448561763547,0.015188969270420509,0.00839541806076639,0.023357776596402327,0.02951138809249532,1.0,20,20,1.0,0.0,0.019594747815520522,0.013976552426156242,0.0172281515673803,0.009109992968975987,0.028106368059817033,0.035185665642357436,1.0
20,real_boot_b,1,0.5,0.005,172.0,0.496916665259355,0,20,10,0.5,10,10,1.0,0.0,0.004386772092296242,0.00360091596194625,0.0033718221040507194,0.0027183237648394955,0.005033323244025896,0.0066886859048003264,1.0,10,10,1.0,0.0,0.0059102059672746805,0.005127795281113325,0.0036682199320200483,0.0024812596358995288,0.006201652403926627,0.012884780183450096,1.0,0.5,0.5,-0.02262361973545928,10,10,1.0,0.0,0.00976708262671829,0.008596389743704438,0.006710008790721391,0.0038964031958522508,0.013117620867924288,0.020835388130098182,0.9,10,10,1.0,0.0,0.014017695970127605,0.013882399221372913,0.006980846951723078,0.0043887615244288195,0.024665221675212862,0.029260909401425592,0.7
20,single_exp,0,0.5,0.02,108.0,0.4867522559599715,0,20,20,1.0,20,20,1.0,0.0,0.010306859620450715,0.0054600739354185805,0.009752173623741226,0.007542652210615459,0.01356213067969218,0.014753872454191004,0.65,20,20,1.0,0.0,0.011296546810319323,0.006864168006900293,0.010207133866527187,0.006986656223649747,0.014284462644709197,0.01647667763814214,0.6,0.3,0.3,0.1031881619465129,0,0,,,,,,,,,,0,0,,,,,,,,,
20,two_exp,0,0.5,0.02,129.0,0.4955914190433955,0,20,19,0.95,19,19,1.0,0.05263157894736842,0.019327680959013393,0.011098026379606645,0.021730107480173802,0.009449740187330871,0.0265285696148912,0.032302351355834126,0.7894736842105263,19,19,1.0,0.05263157894736842,0.01914368078339487,0.010022512280471844,0.016811442230282497,0.01305328566384955,0.02228810926428965,0.0344275710180257,0.7894736842105263,0.631578947368421,0.631578947368421,-0.06844922172595382,1,1,1.0,0.0,0.02433099873614969,,0.02433099873614969,0.02433099873614969,0.02433099873614969,0.02433099873614969,1.0,1,1,1.0,0.0,0.025234345279705306,,0.025234345279705306,0.025234345279705306,0.025234345279705306,0.025234345279705306,1.0
20,three_exp,0,0.5,0.02,176.0,0.49876789415554024,0,20,20,1.0,20,20,1.0,0.0,0.03135784152414311,0.02358638311923447,0.027691723464192297,0.011526921742506871,0.05076008413930981,0.06092397892407098,1.0,20,20,1.0,0.0,0.030069246824235608,0.023570999388582464,0.028381565688075525,0.010220339146207763,0.04366078899911492,0.05536925936611782,1.0,0.7,0.7,-0.16821812581875195,0,0,,,,,,,,,,0,0,,,,,,,,,
20,four_exp,0,0.5,0.02,231.0,0.4980680166164721,0,20,20,1.0,20,20,1.0,0.0,0.03332141912868268,0.034312628436543924,0.024957418198999402,0.011663132714891316,0.038458011380483326,0.061772540089094295,0.9,20,20,1.0,0.0,0.03858134128338196,0.020870532459778796,0.03759911130744542,0.024359247754971076,0.05106792649028141,0.059014803735220785,0.9,0.35,0.35,0.08995690390329207,0,0,,,,,,,,,,0,0,,,,,,,,,
20,power_law,0,0.5,0.02,244.0,0.4999340482202355,0,20,20,1.0,20,20,1.0,0.1,0.02881919421270516,0.0222831341482108,0.01882635012605092,0.013342366838176335,0.042463788881011474,0.0648270052541841,0.35,20,20,1.0,0.1,0.019155139598175542,0.013285623813003569,0.017470815143251096,0.012179939364294439,0.0199594761422168,0.025482369565853685,0.55,0.75,0.75,-0.0828756702591672,0,0,,,,,,,,,,0,0,,,,,,,,,
20,rational_decay,0,0.5,0.02,205.0,0.5,0,20,19,0.95,19,19,1.0,0.0,0.02455931850911162,0.02208897852575023,0.01553213105510945,0.008537701551466256,0.029300720484432788,0.06133764342749604,1.0,19,19,1.0,0.0,0.0335454381557731,0.02723457617078986,0.029741124528947505,0.012410307716470087,0.04838641149294255,0.07053378667220964,0.8421052631578947,0.2631578947368421,0.2631578947368421,0.4652597450201862,1,1,1.0,0.0,0.0775256534368744,,0.0775256534368744,0.0775256534368744,0.0775256534368744,0.0775256534368744,1.0,1,1,1.0,0.0,0.06820631308649688,,0.06820631308649688,0.06820631308649688,0.06820631308649688,0.06820631308649688,1.0
20,mixed_pow_rat,0,0.5,0.02,254.0,0.4990202976120709,0,20,20,1.0,20,20,1.0,0.0,0.03834631898029457,0.029264767436204955,0.028355498214321054,0.017605296561049304,0.06082104019843555,0.07030793335786248,0.8,20,20,1.0,0.0,0.04413494613243838,0.0351852178050984,0.02747971151445873,0.018645209602682858,0.06576059952958056,0.08776453433922266,0.8,0.45,0.45,0.021416379631667287,0,0,,,,,,,,,,0,0,,,,,,,,,
20,multiphase,0,0.5,0.02,504.0,0.49983903719462197,0,20,20,1.0,20,20,1.0,0.0,0.0677630807969168,0.05590911969730598,0.05248487805844575,0.030316008117078446,0.09503587743472747,0.14632700916205857,0.8,20,20,1.0,0.0,0.061217700561745005,0.04034271576803253,0.06387384121893702,0.02814635067008411,0.09248104781971744,0.10533854797309468,0.85,0.6,0.6,-0.03295528514225422,0,0,,,,,,,,,,0,0,,,,,,,,,
20,osc_exp,0,0.5,0.02,107.0,0.47832942079368884,0,20,20,1.0,20,20,1.0,0.05,0.014512577845972962,0.006291234131075344,0.014652405437609258,0.01000453083315387,0.018863210089862616,0.02292370823077632,0.75,20,20,1.0,0.05,0.014516847103440927,0.006141767924424466,0.014652242148586205,0.01045794519451067,0.018362803587710322,0.022636505497675985,0.75,0.55,0.55,-0.011303352991249037,0,0,,,,,,,,,,0,0,,,,,,,,,
20,damped_osc_pow,0,0.5,0.02,260.0,0.49940767513390516,0,20,20,1.0,20,20,1.0,0.1,0.027148508257991616,0.021014537792315383,0.023120544570421633,0.012939200974160313,0.03485877626686539,0.05135763509554101,0.55,20,20,1.0,0.15,0.025861219929195454,0.02803666586274524,0.020203781950463538,0.013289273969979705,0.03042160428685381,0.03521175904419152,0.6,0.65,0.65,-0.0809338118604081,0,0,,,,,,,,,,0,0,,,,,,,,,
20,log_slow,0,0.5,0.02,8594.0,0.49999975284240333,0,20,20,1.0,20,20,1.0,0.0,0.10476218679603418,0.09718506153411514,0.08931498652168787,0.058042685658554596,0.11786440192176907,0.15448471364952387,0.4,20,20,1.0,0.0,0.08173346776486898,0.04331521247158616,0.09026183702464338,0.04929754344972574,0.1009834514335156,0.11261470119898831,0.55,0.5,0.5,-0.03242757929290504,0,0,,,,,,,,,,0,0,,,,,,,,,
20,delayed_plateau,0,0.5,0.02,160.0,0.49658484551706805,0,20,14,0.7,14,14,1.0,0.0,0.04642327639676779,0.02159314639301183,0.04312894712074358,0.03703103371963857,0.04578165051185927,0.06365587070492455,1.0,14,14,1.0,0.0,0.03293861479282199,0.02605273023710282,0.026235018546860736,0.01951750161706778,0.03708383351110751,0.053080063292893165,1.0,0.8571428571428571,0.8571428571428571,-0.33538874185969214,6,6,1.0,0.0,0.03881745170800966,0.011116347164284163,0.04220784923667706,0.039445336030162176,0.04310654492143081,0.04624494089772006,1.0,6,6,1.0,0.0,0.02253175453196451,0.013790490139280045,0.01969566085375221,0.014983364041934122,0.02976855595554459,0.03824601570628783,1.0
20,staircase,0,0.5,0.02,170.0,0.2777777777777778,0,20,20,1.0,20,20,1.0,0.0,0.16109288612350808,0.03224148225285589,0.16206762866201552,0.14314323380489818,0.1836923548440409,0.19235857686584285,0.2,20,20,1.0,0.0,0.1454110059539791,0.037207329366678504,0.14354816071632154,0.12910150080193855,0.1698945149230359,0.1875598337725913,0.35,1.0,1.0,-0.10022916676698923,0,0,,,,,,,,,,0,0,,,,,,,,,
20,noisy_plateau,0,0.5,0.02,104.0,0.4965853037914094,0,20,20,1.0,20,20,1.0,0.1,0.0018011443725438254,0.001341177198474531,0.001635855575258957,0.0005644552304463289,0.0030952187312289136,0.0033645824692077266,0.35,20,20,1.0,0.05,0.001070318154522513,0.0011351685411153075,0.0006654234801897752,0.0001976813334319278,0.001601356891460931,0.0030790552097985186,0.6,0.55,0.55,-0.26644197135673686,0,0,,,,,,,,,,0,0,,,,,,,,,
20,slow_osc_power,0,0.5,0.02,415.0,0.49840630355024784,0,20,20,1.0,20,20,1.0,0.2,0.03978269990864074,0.03884191234153403,0.02748692651650243,0.005808348534391723,0.057442897548395565,0.08745876993573459,0.3,20,20,1.0,0.15,0.030641290978333208,0.03277833072995802,0.01900288720533013,0.008261432106707321,0.04164172068239431,0.0706623023403354,0.5,0.7,0.7,-0.19644549625920887,0,0,,,,,,,,,,0,0,,,,,,,,,
20,log_oscillatory,0,0.5,0.02,533.0,0.49841524754235217,0,20,20,1.0,20,20,1.0,0.55,0.5248460493397912,0.09566042578987381,0.5522726842214192,0.4764479995813513,0.5927635323690814,0.6232808183976093,0.0,20,20,1.0,0.0,0.06669912688939197,0.004977027125484551,0.06759674424322809,0.0632140335499476,0.07004288914947723,0.07244359727889924,1.0,1.0,1.0,-0.8765001308078092,0,0,,,,,,,,,,0,0,,,,,,,,,
20,heavy_noise_plat,0,0.5,0.02,97.0,0.49658530379140886,0,20,20,1.0,20,20,1.0,0.05,0.005136060858032869,0.004669755935834385,0.0043281250208451645,0.0011534566617421394,0.007272755580485885,0.010663079315792651,0.85,20,20,1.0,0.05,0.0033736392658320646,0.003080737587388829,0.003592701088940294,0.0009483958350458934,0.004536291118232129,0.006340811204085366,0.95,0.45,0.45,0.011864200096099444,0,0,,,,,,,,,,0,0,,,,,,,,,
20,broken_power_law,0,0.5,0.02,514.0,0.49991211917454004,0,20,20,1.0,20,20,1.0,0.0,0.06256574586454466,0.04040085411469972,0.054083729442561235,0.037146524172632214,0.06987772960332518,0.12941608693422274,0.5,20,20,1.0,0.0,0.05835090581577799,0.03530415134134382,0.051045968154153964,0.04309303662720751,0.07202100839215352,0.08410213437122949,0.7,0.7,0.7,-0.0661563312833417,0,0,,,,,,,,,,0,0,,,,,,,,,
20,stretched_exp,1,0.5,0.02,193.0,0.49828241532615414,0,20,19,0.95,19,19,1.0,0.0,0.03832531497643085,0.03324654897100119,0.027531471799409346,0.01858538941869397,0.05903132651376058,0.06669048981638587,0.9473684210526315,19,19,1.0,0.0,0.03115615699715728,0.02509285382846828,0.022644033019999246,0.014119911977935329,0.04446601090257848,0.0655074720548294,1.0,0.7368421052631579,0.7368421052631579,-0.20011334301429337,1,1,1.0,0.0,0.004787064348595951,,0.004787064348595951,0.004787064348595951,0.004787064348595951,0.004787064348595951,1.0,1,1,1.0,0.0,0.008376846533944382,,0.008376846533944382,0.008376846533944382,0.008376846533944382,0.008376846533944382,1.0
20,logistic_tail,1,0.5,0.02,105.0,0.47748855939048196,0,20,19,0.95,19,19,1.0,0.0,0.06830186700457014,0.008227810253493756,0.06848680835770632,0.0645050486346132,0.07394457955379743,0.07619902833779908,0.2631578947368421,19,19,1.0,0.0,0.06053715153461519,0.01208716271436779,0.06376692912440328,0.057853490588281264,0.06860887663684312,0.07104137441225854,0.42105263157894735,1.0,1.0,-0.08397138162716926,1,1,1.0,0.0,0.026918141402932028,,0.026918141402932028,0.026918141402932028,0.026918141402932028,0.026918141402932028,1.0,1,1,1.0,0.0,0.003478075503673572,,0.003478075503673572,0.003478075503673572,0.003478075503673572,0.003478075503673572,1.0
20,inv_sqrt_log,1,0.5,0.02,245.0,0.4997783934707863,0,20,20,1.0,20,20,1.0,0.15,0.030262369738581006,0.026354592911479527,0.02573701003429918,0.010514479555352042,0.04152357897571188,0.06080048302801552,0.35,20,20,1.0,0.1,0.022288163059034544,0.016802940559926007,0.017355045071257066,0.011265959455381593,0.026156832670546245,0.04410794604221215,0.55,0.55,0.55,-0.0559050372467988,0,0,,,,,,,,,,0,0,,,,,,,,,
20,random_knots,1,0.5,0.02,314.5,0.49936083587279756,0,20,20,1.0,20,20,1.0,0.1,0.04070898211407108,0.0354222215979567,0.032230917963263245,0.015217342912949551,0.05790905616689594,0.07531335139775207,0.5,20,20,1.0,0.05,0.02465500339261737,0.017096041581506155,0.02133998998485231,0.011078754737853257,0.037229743207695454,0.04728928330820716,0.75,0.8,0.8,-0.35685792010745876,0,0,,,,,,,,,,0,0,,,,,,,,,
20,real_boot_a,1,0.5,0.02,203.0,0.49951204685092926,0,20,20,1.0,20,20,1.0,0.0,0.029146579427602348,0.015456405030575238,0.034267742777908006,0.015355928240328227,0.03836065029009536,0.04662156029416182,0.95,20,20,1.0,0.0,0.036285111992326376,0.020647879870029195,0.03713334525358892,0.02122207069057396,0.04682461131601476,0.05385897257492877,0.9,0.35,0.35,0.05085518508221102,0,0,,,,,,,,,,0,0,,,,,,,,,
20,real_boot_b,1,0.5,0.02,172.0,0.496916665259355,0,20,20,1.0,20,20,1.0,0.05,0.020342472290719678,0.014427513870810515,0.018527798987160917,0.00595606066403551,0.027723032395728008,0.03940580084298641,0.75,20,20,1.0,0.05,0.016981542421077755,0.011813528269982417,0.0131975114882813,0.007023111664956557,0.02606024684833168,0.02726916606693879,0.75,0.75,0.75,-0.09356640897991234,0,0,,,,,,,,,,0,0,,,,,,,,,
20,single_exp,0,0.1,0.0,148.0,0.09827358560436156,0,20,0,0.0,0,0,,,,,,,,,,0,0,,,,,,,,,,,,,20,20,1.0,0.0,0.012130989119251088,0.005187743986086519,0.01087924820932594,0.009939363399911,0.017850414401304027,0.017850414439242263,1.0,20,20,1.0,0.0,0.012935062994767838,0.00458290043652257,0.012513943399967458,0.011522914875556118,0.017235159056830755,0.017235159219242516,1.0
20,two_exp,0,0.1,0.0,218.0,0.09985826346226055,0,20,0,0.0,0,0,,,,,,,,,,0,0,,,,,,,,,,,,,20,20,1.0,0.0,0.025786472291153533,0.008760123806540357,0.028423687736912586,0.018409484129428555,0.03387455834455745,0.03518974597400995,1.0,20,20,1.0,0.0,0.021168895044237794,0.007345838892865386,0.022395666069847678,0.018563973170657763,0.026930227853359006,0.02862601456374885,1.0
20,three_exp,0,0.1,0.0,377.0,0.09988829507506856,0,20,0,0.0,0,0,,,,,,,,,,0,0,,,,,,,,,,,,,20,20,1.0,0.0,0.023189091244159916,0.012929671775034875,0.026178673719518333,0.01101407837144281,0.03551077867818862,0.03750753738590821,1.0,20,20,1.0,0.0,0.01046638235702671,0.010393274304893126,0.003880121390955532,0.002004872396652639,0.021968644806105324,0.025728674715490805,1.0
20,four_exp,0,0.1,0.0,631.0,0.09977805552230239,0,20,0,0.0,0,0,,,,,,,,,,0,0,,,,,,,,,,,,,20,20,1.0,0.0,0.015313030369063752,0.010420005745489949,0.014884630697594083,0.006422094380419366,0.021909149213875913,0.02960262304449849,1.0,20,20,1.0,0.0,0.025220805486195413,5.3486595117231075e-09,0.025220804028587795,0.025220803969636527,0.025220804078380583,0.025220806025875776,1.0
20,power_law,0,0.1,0.0,2441.0,0.09997859122064488,0,20,2,0.1,2,2,1.0,0.0,0.0003837156901404515,4.0701458588920095e-07,0.0003837156901404515,0.00038357178875358944,0.0003838595915273135,0.0003839459323594308,1.0,2,2,1.0,0.0,0.004292281658368702,8.341580070574472e-09,0.004292281658368702,0.004292278709174785,0.004292284607562619,0.004292286377078969,1.0,0.0,0.0,10.186105178685619,18,18,1.0,0.0,0.000383601814033658,9.172535333985796e-07,0.0003839457138920272,0.00038371184957584296,0.00038403682448029603,0.00038404557882092024,1.0,18,18,1.0,0.0,0.004292353917788295,1.7730927016386487e-07,0.004292289927296132,0.0042922823491846505,0.0042923232256608075,0.004292445214195935,1.0
20,rational_decay,0,0.1,0.0,1125.0,0.09999999999999999,0,20,0,0.0,0,0,,,,,,,,,,0,0,,,,,,,,,,,,,20,20,1.0,0.0,0.024628367145628872,0.014678757130460428,0.03463576242254607,0.00582684418678171,0.034639824659869894,0.034641456191062944,1.0,20,20,1.0,0.0,1.1626555332256567e-07,5.135811917155159e-07,4.774689116304742e-10,5.708288702832576e-11,2.3942917405650466e-09,6.1492889336101115e-09,1.0
20,mixed_pow_rat,0,0.1,0.0,2260.0,0.09998848741275486,0,20,0,0.0,0,0,,,,,,,,,,0,0,,,,,,,,,,,,,20,20,1.0,0.0,0.02359801943843977,0.022710914111807326,0.01529329913908603,0.0031458023033515553,0.048723010904299334,0.05394735331321498,1.0,20,20,1.0,0.0,0.00856402883729352,1.910067496820337e-08,0.008564023852050153,0.008564023760087613,0.008564024574236767,0.00856402659929771,1.0
20,multiphase,0,0.1,0.0,3852.0,0.0999996544626016,0,20,0,0.0,0,0,,,,,,,,,,0,0,,,,,,,,,,,,,20,20,1.0,0.0,0.12035189517056495,2.611211643043897e-06,0.12035250017631985,0.12035198978572666,0.12035323504290467,0.12035342427307212,1.0,20,20,1.0,0.0,0.12415761549751411,8.868603351967946e-07,0.1241580965374087,0.12415757338886713,0.12415814302572119,0.12415817502315736,1.0
20,osc_exp,0,0.1,0.0,165.0,0.09570953042125925,0,20,0,0.0,0,0,,,,,,,,,,0,0,,,,,,,,,,,,,20,20,1.0,0.0,0.011434961840337737,0.004944081756204755,0.00847413479304697,0.008474132147393044,0.015176864511639934,0.01798887197216228,1.0,20,20,1.0,0.0,0.010718508611936437,0.0051110562951213485,0.007009045154470844,0.007009044719558918,0.014483605349277125,0.017826904511367446,1.0
20,damped_osc_pow,0,0.1,0.0,3014.0,0.09999319502597674,0,20,1,0.05,1,1,1.0,0.0,0.0013413161777930949,,0.0013413161777930949,0.0013413161777930949,0.0013413161777930949,0.0013413161777930949,1.0,1,1,1.0,0.0,0.008184581035558303,,0.008184581035558303,0.008184581035558303,0.008184581035558303,0.008184581035558303,1.0,0.0,0.0,5.101902870525742,19,19,1.0,0.0,0.0013138758631574506,0.00012983793936370693,0.0013449030058887354,0.0013427191119080514,0.001345257328664821,0.0013453450208131047,1.0,19,19,1.0,0.0,0.008184631399685355,2.053166336341405e-07,0.008184577616210801,0.008184577532462496,0.008184595793821194,0.008184617345409298,1.0
20,log_slow,0,0.1,0.0,50000.0,0.41863546463489004,1,20,3,0.15,3,3,1.0,0.0,0.016521495258135843,2.1767909877642915e-06,0.01652042630852346,0.01652024295359683,0.016522213087868665,0.016523285155475787,1.0,3,3,1.0,0.0,0.05088089673846365,8.847203149815171e-10,0.05088089650923261,0.050880896250075885,0.050880897112235896,0.050880897474037866,1.0,0.0,0.0,2.079878010713801,17,17,1.0,0.0,0.020173277293748643,0.0067953896184246455,0.016527431525851052,0.016522095317718727,0.01660855886520557,0.03139523403990041,1.0,17,17,1.0,0.0,0.05088090545652403,1.6159850019317264e-08,0.050880897039229156,0.05088089659081119,0.0508809070839856,0.05088093128125545,1.0
20,delayed_plateau,0,0.1,0.0,321.0,0.09926115995627992,0,20,0,0.0,0,0,,,,,,,,,,0,0,,,,,,,,,,,,,20,20,1.0,0.0,0.06492989440734123,0.018643715811508112,0.07525220660950434,0.058171505895640234,0.07888345819732685,0.07967973868301263,1.0,20,20,1.0,0.0,0.038597699315184864,0.01462808109736445,0.046969937503337195,0.029766388972388067,0.0507387919360788,0.051568698868590265,1.0
20,staircase,0,0.1,0.0,320.0,0.0,0,20,20,1.0,20,20,1.0,0.0,0.15402175188241,0.006170044532924771,0.15632750528805564,0.15195813689242926,0.15896793704937578,0.15943824327385855,1.0,20,20,1.0,0.0,0.10580958379240413,0.02182175302474758,0.11466575698148666,0.10045252463576543,0.12241156621827265,0.12373977514854842,1.0,1.0,1.0,-0.2665035831435901,0,0,,,,,,,,,,0,0,,,,,,,,,
20,noisy_plateau,0,0.1,0.0,137.0,0.09536916221554956,0,20,20,1.0,20,20,1.0,0.15,0.0030729957953352775,0.002035309002225465,0.002514104980680096,0.0014912729852368332,0.004475421886196693,0.006132981345095958,0.5,20,20,1.0,0.15,0.002686153541766682,0.002235712711879002,0.0021886132120349927,0.001073951088695466,0.003928933578933329,0.006494349808696958,0.6,0.35,0.35,0.0986480103205908,0,0,,,,,,,,,,0,0,,,,,,,,,
20,slow_osc_power,0,0.1,0.0,3483.0,0.09996889692898078,0,20,5,0.25,5,5,1.0,0.0,0.004003287994331894,1.5494150278734309e-06,0.004002593533347754,0.004002593242845798,0.004002600483520358,0.004004675993338469,1.0,5,5,1.0,0.0,0.00910398005223243,9.972354529601534e-07,0.009104368444831312,0.009103559561884023,0.009104720936644661,0.009104780029566616,1.0,0.0,0.0,1.274411248228622,15,15,1.0,0.0,0.004019266155976664,4.637199080831214e-05,0.0040025938383734805,0.0040025931241528655,0.004012120220156082,0.004029349527774047,1.0,15,15,1.0,0.0,0.009034983418190179,0.0003150433656816959,0.009104261577137882,0.009102585692961237,0.009104823017476175,0.009104828447845758,1.0
20,log_oscillatory,0,0.1,0.0,50000.0,0.2992564263745022,1,20,20,1.0,20,20,1.0,1.0,1.1876377831955494,0.03468038546973712,1.200577247328811,1.1814980544958464,1.2093312102920803,1.2101200780406494,0.0,20,20,1.0,0.0,0.10801304024446581,1.9383469745481703e-09,0.10801303966863099,0.10801303966570135,0.10801303985978385,0.1080130405232418,1.0,1.0,1.0,-0.9100323944007653,0,0,,,,,,,,,,0,0,,,,,,,,,
20,heavy_noise_plat,0,0.1,0.0,114.0,0.09071795328941246,0,20,20,1.0,20,20,1.0,0.25,0.004235274029869422,0.002998894130250193,0.004254479046895062,0.001556772241791049,0.006019263428566411,0.008318395345060542,0.55,20,20,1.0,0.2,0.003186391858956856,0.003309503812067915,0.0015367195998662979,0.0007829154604304296,0.006029327016949538,0.00820367235428194,0.6,0.5,0.5,-0.005891296449996226,0,0,,,,,,,,,,0,0,,,,,,,,,
20,broken_power_law,0,0.1,0.0,28776.0,0.09999962012267244,0,20,2,0.1,2,2,1.0,0.0,0.0026498936268116446,1.862855706004164e-09,0.0026498936268116446,0.0026498929681926936,0.0026498942854305957,0.002649894680601966,1.0,2,2,1.0,0.0,0.04625703652470031,1.4376589280156996e-09,0.04625703652470031,0.046257036016411124,0.0462570370329895,0.04625703733796301,1.0,0.0,0.0,16.456186186752248,18,18,1.0,0.0,0.004325205074099361,0.003560930538693162,0.002649753547440823,0.0026416823347883162,0.005641742129071635,0.007867664622261749,1.0,18,18,1.0,0.0,0.04625703844214674,3.4502020511810482e-09,0.04625703679240996,0.046257036376784376,0.04625703874540953,0.046257044751884725,1.0
20,stretched_exp,1,0.1,0.0,579.0,0.09979846505939677,0,20,0,0.0,0,0,,,,,,,,,,0,0,,,,,,,,,,,,,20,20,1.0,0.0,0.021742321384704066,0.011634009205285486,0.02081481004105222,0.01640588967161879,0.027197020996951177,0.0399219521004864,1.0,20,20,1.0,0.0,0.004201882421130413,0.002775732320564747,0.0029301485276659878,0.002930147330302387,0.0034429944786163492,0.009653359544628422,1.0
20,logistic_tail,1,0.1,0.0,135.0,0.09609894819901184,0,20,13,0.65,13,13,1.0,0.0,0.08354172140117828,0.002693185208404824,0.08387978877877522,0.08167087758988334,0.08511216769355848,0.08723813400281351,0.7692307692307693,13,13,1.0,0.0,0.07443857736417822,0.0038824073991818794,0.07495184699877294,0.07175147279052013,0.07672098814231561,0.07974488085771586,1.0,1.0,1.0,-0.1064373421772539,7,7,1.0,0.0,0.05399479091100591,0.022677617119156706,0.057172986960618066,0.04401309741866842,0.07163294403793848,0.074291327874709,1.0,7,7,1.0,0.0,0.039689386145627434,0.022113001194930922,0.04142434755403607,0.029300144341308426,0.05674373339852648,0.06078678474676936,1.0
20,inv_sqrt_log,1,0.1,0.0,2929.0,0.09999046875803731,0,20,7,0.35,7,7,1.0,0.0,0.0007308958781316004,4.101839976933482e-07,0.0007310177892747016,0.0007308936334860516,0.0007311262929936418,0.0007311553800357529,1.0,7,7,1.0,0.0,0.0030321044059152375,0.0006048777386665884,0.0028020736534208612,0.0028017994265724655,0.0028067758017303046,0.003448279774099878,1.0,0.0,0.0,2.833828444145022,13,13,1.0,0.0,0.0007855353540599434,0.00013037481733377748,0.0007311479054535166,0.0007310768931891864,0.0007320840419825086,0.0009976494100890384,1.0,13,13,1.0,0.0,0.002911363274158354,0.00039186352514693586,0.002802180087770032,0.002801840048923674,0.002802903884261127,0.0028082828672211903,1.0
20,random_knots,1,0.1,0.0,4730.0,0.09999546250252596,1,20,2,0.1,2,2,1.0,0.0,0.008144516299746732,0.008968438107855253,0.008144516299746732,0.0049736945983885825,0.011315338001104881,0.013217831021919771,1.0,2,2,1.0,0.0,0.023420037045083983,0.032146698153613484,0.023420037045083983,0.012054462916495402,0.03478561117367256,0.04160495565082571,1.0,0.5,0.5,0.783993715558385,18,18,1.0,0.0,0.008278209838687146,0.00880343770847232,0.004948905539071673,0.0024756197078391307,0.011110390530203735,0.018038505508728857,1.0,18,18,1.0,0.0,0.019314932879882063,0.021456689785939217,0.011268057600957223,0.007593892029898483,0.021866445687246758,0.045133399205277064,1.0
20,real_boot_a,1,0.1,0.0,413.0,0.09900189826125952,0,20,0,0.0,0,0,,,,,,,,,,0,0,,,,,,,,,,,,,20,20,1.0,0.0,0.0273691095958964,0.015414307119339577,0.026204266395041594,0.0170713569530858,0.04354372064956406,0.044173110043308504,1.0,20,20,1.0,0.0,0.020160802943462237,0.005779395723062346,0.015802751786360335,0.015802749012731113,0.027448140759825337,0.028665445834858173,1.0
20,real_boot_b,1,0.1,0.0,364.0,0.09935491603410883,0,20,0,0.0,0,0,,,,,,,,,,0,0,,,,,,,,,,,,,20,20,1.0,0.0,0.001331368345125258,0.00013674463115763728,0.0013609540585075314,0.00120890186196327,0.0014392273736937734,0.001441851360801055,1.0,20,20,1.0,0.0,0.0005846159475512772,0.00029890752918079803,0.0004883401195993307,0.000488224166403331,0.0004885947449801975,0.0005731500674437662,1.0
20,single_exp,0,0.1,0.005,148.0,0.09827358560436156,0,20,8,0.4,8,8,1.0,0.0,0.009862085805369448,0.0031014578056711736,0.010732612305697001,0.008798040385608911,0.011373282011049535,0.012366880451917996,0.875,8,8,1.0,0.0,0.01228354209437499,0.004826314380799313,0.01232298893948176,0.010578368637443583,0.012992186545599846,0.015910521495493542,0.75,0.0,0.0,0.16178709479521355,12,12,1.0,0.0,0.01382224208613862,0.0082485513516221,0.013383556866277888,0.007949683031862465,0.0194236950170956,0.023905585182661875,0.5833333333333334,12,12,1.0,0.0,0.015300219738089064,0.008914654197814603,0.014884437281727454,0.009475373964297538,0.02084415411608636,0.022790676319380636,0.6666666666666666
20,two_exp,0,0.1,0.005,218.0,0.09985826346226055,0,20,0,0.0,0,0,,,,,,,,,,0,0,,,,,,,,,,,,,20,20,1.0,0.0,0.02691577322300659,0.009149132341932925,0.026576803659730853,0.021291030487036698,0.03433830530606898,0.03645472812537752,1.0,20,20,1.0,0.0,0.029949283495842877,0.02336234766147512,0.027734267787033817,0.013906636339164334,0.034882783698972714,0.06275961517066383,0.95
20,three_exp,0,0.1,0.005,377.0,0.09988829507506856,0,20,0,0.0,0,0,,,,,,,,,,0,0,,,,,,,,,,,,,20,20,1.0,0.0,0.03480585088834328,0.01611574383587142,0.03639471512049622,0.020171157044839193,0.04849572175146409,0.05513302222765452,1.0,20,20,1.0,0.0,0.03518338711796837,0.017934807206991456,0.0324577257549175,0.021561926423928884,0.04851531787613808,0.05933025465415506,1.0
20,four_exp,0,0.1,0.005,631.0,0.09977805552230239,0,20,0,0.0,0,0,,,,,,,,,,0,0,,,,,,,,,,,,,20,20,1.0,0.0,0.04111713143944099,0.022734977353075746,0.042664367541288835,0.025647620771074235,0.05789477741466226,0.07043513842054398,1.0,20,20,1.0,0.0,0.04871865749823343,0.040925650740876056,0.04819021487203255,0.0174154431494516,0.06409280854956702,0.07731236446668718,0.95
20,power_law,0,0.1,0.005,2441.0,0.09997859122064488,0,20,19,0.95,19,19,1.0,0.0,0.021186633567775434,0.017725116943896172,0.01848433376489611,0.009125489982949382,0.02509470368252143,0.03911227175978548,0.7894736842105263,19,19,1.0,0.05263157894736842,0.0336920546173075,0.0420513471722665,0.016768082497689484,0.012442851725329631,0.03056966311019336,0.08415086424893571,0.7894736842105263,0.42105263157894735,0.42105263157894735,0.2228298916450271,1,1,1.0,0.0,0.0221376842105625,,0.0221376842105625,0.0221376842105625,0.0221376842105625,0.0221376842105625,1.0,1,1,1.0,0.0,0.024877715124888036,,0.024877715124888036,0.024877715124888036,0.024877715124888036,0.024877715124888036,0.0
20,rational_decay,0,0.1,0.005,1125.0,0.09999999999999999,0,20,0,0.0,0,0,,,,,,,,,,0,0,,,,,,,,,,,,,20,20,1.0,0.0,0.03328156622639657,0.030724527294922338,0.02851330683811709,0.01066864878922606,0.04336733260778047,0.06929700251227176,1.0,20,20,1.0,0.0,0.06569518458088114,0.07526446290254506,0.045137687131731455,0.02444968973228568,0.06753448959203157,0.1212587408428677,0.9
20,mixed_pow_rat,0,0.1,0.005,2260.0,0.09998848741275486,0,20,1,0.05,1,1,1.0,0.0,0.029817767963928182,,0.029817767963928182,0.029817767963928182,0.029817767963928182,0.029817767963928182,1.0,1,1,1.0,0.0,0.00999166953997771,,0.00999166953997771,0.00999166953997771,0.00999166953997771,0.00999166953997771,1.0,1.0,1.0,-0.6649088707087313,19,19,1.0,0.0,0.030697085447978993,0.021211742221090145,0.028427436102115983,0.012263177318394589,0.05555343162711808,0.05781041198055971,1.0,19,19,1.0,0.0,0.04858695283664214,0.029000335974967987,0.04214752002390301,0.026207899282878033,0.06048680980816899,0.07802593591906026,1.0
20,multiphase,0,0.1,0.005,3852.0,0.0999996544626016,0,20,13,0.65,13,13,1.0,0.0,0.08458023829347659,0.04592050820985644,0.0672307926522481,0.04969013922245366,0.12839936765922239,0.1424385621159424,1.0,13,13,1.0,0.0,0.08623187152167623,0.056643197052963855,0.10397553831473058,0.023745141575233705,0.13227516161941943,0.14365960581668855,1.0,0.6923076923076923,0.6923076923076923,-0.03222620214025216,7,7,1.0,0.0,0.023693403749706226,0.01615412946733113,0.03044234136277233,0.011807986891835001,0.033579763494813064,0.03840905986962484,1.0,7,7,1.0,0.0,0.08566073659194993,0.0882697549568242,0.025648421332476336,0.017860805863732378,0.15144578323009333,0.19409432291753945,0.8571428571428571
20,osc_exp,0,0.1,0.005,165.0,0.09570953042125925,0,20,2,0.1,2,2,1.0,0.0,0.012549954538623027,0.0028373707367108964,0.012549954538623027,0.011546792494288754,0.0135531165829573,0.014155013809557863,1.0,2,2,1.0,0.0,0.011618517274600157,0.0031243419696045773,0.011618517274600157,0.010513895577873592,0.012723138971326722,0.013385911989362662,1.0,1.0,1.0,-0.07881763552074704,18,18,1.0,0.0,0.012277742830322451,0.0066374328548273655,0.01185516475401463,0.007574889675478383,0.016443719329299736,0.020278640572699163,1.0,18,18,1.0,0.0,0.01228341066209422,0.006724991147541045,0.012348624728149904,0.0067768470609905485,0.016240910556139954,0.02051930868920479,1.0
20,damped_osc_pow,0,0.1,0.005,3014.0,0.09999319502597674,0,20,18,0.9,18,18,1.0,0.0,0.019406180621541536,0.014584763172671362,0.015884150707281282,0.0071792559504274015,0.03387580156608324,0.03768662856545511,1.0,18,18,1.0,0.0,0.0327356294582557,0.03742219253816204,0.020368780221052755,0.013728313502917948,0.033669448846125376,0.051367768521056414,0.8888888888888888,0.3333333333333333,0.3333333333333333,0.4623656693551876,2,2,1.0,0.0,0.007306089407299762,0.002240401832079604,0.007306089407299762,0.006513987743276635,0.008098191071322888,0.008573452069736764,1.0,2,2,1.0,0.0,0.006429518837560746,0.0021081603029554628,0.006429518837560746,0.005684171614536699,0.007174866060584793,0.007622074394399221,1.0
20,log_slow,0,0.1,0.005,50000.0,0.41863546463489004,1,20,19,0.95,19,19,1.0,0.0,0.06457611126922082,0.0355311830399757,0.07115083019811938,0.04028261084689343,0.0917017461166878,0.10567266302749738,0.8947368421052632,19,19,1.0,0.0,0.11529736534498154,0.08756371737194792,0.0896814169194966,0.07906845186508438,0.0986406692191352,0.2411344162361961,0.7894736842105263,0.47368421052631576,0.47368421052631576,0.6368750219023404,1,1,1.0,0.0,0.10953110037559721,,0.10953110037559721,0.10953110037559721,0.10953110037559721,0.10953110037559721,0.0,1,1,1.0,0.0,0.12780282600967136,,0.12780282600967136,0.12780282600967136,0.12780282600967136,0.12780282600967136,0.0
20,delayed_plateau,0,0.1,0.005,321.0,0.09926115995627992,0,20,0,0.0,0,0,,,,,,,,,,0,0,,,,,,,,,,,,,20,20,1.0,0.0,0.06574434432132967,0.019202296912753356,0.07483186438425486,0.058904402012167206,0.0794147350327785,0.0797845403529365,1.0,20,20,1.0,0.0,0.04764851000485084,0.014165293121847264,0.050520768967569574,0.038382019681550805,0.0554644774035284,0.06018104569747065,1.0
20,staircase,0,0.1,0.005,320.0,0.0,0,20,20,1.0,20,20,1.0,0.0,0.1542377213252239,0.013046206809652999,0.15437353865246084,0.1444817063672813,0.16474637840459572,0.16907852139337104,1.0,20,20,1.0,0.0,0.10640997228856122,0.02391725155256175,0.1125771851698395,0.10748711061430226,0.12387369144955604,0.12516817166125407,1.0,1.0,1.0,-0.2631430382327671,0,0,,,,,,,,,,0,0,,,,,,,,,
20,noisy_plateau,0,0.1,0.005,137.0,0.09536916221554956,0,20,20,1.0,20,20,1.0,0.15,0.002859100112841768,0.0017679313837995448,0.0025004195260439066,0.002070436673473966,0.003603350319305253,0.005091488176728536,0.35,20,20,1.0,0.1,0.0021725607226912094,0.0020444428356704005,0.001826070356566064,0.0003222363703079714,0.003529494449319673,0.004737175106888228,0.5,0.4,0.4,0.13470042832204138,0,0,,,,,,,,,,0,0,,,,,,,,,
20,slow_osc_power,0,0.1,0.005,3483.0,0.09996889692898078,0,20,19,0.95,19,19,1.0,0.05263157894736842,0.033638091854111894,0.03656040403189755,0.013583357442860131,0.008373236137082372,0.047145629927485805,0.08886354102228716,0.5789473684210527,19,19,1.0,0.2631578947368421,0.0785432642517649,0.10808709288371501,0.013283677681425396,0.008894106838160217,0.1267579454508846,0.2618931310200863,0.5789473684210527,0.3157894736842105,0.3157894736842105,0.2757743496704574,1,1,1.0,1.0,0.18160783358691435,,0.18160783358691435,0.18160783358691435,0.18160783358691435,0.18160783358691435,0.0,1,1,1.0,1.0,0.16386373687343603,,0.16386373687343603,0.16386373687343603,0.16386373687343603,0.16386373687343603,0.0
20,log_oscillatory,0,0.1,0.005,50000.0,0.2992564263745022,1,20,20,1.0,20,20,1.0,1.0,1.1866888748496982,0.055800326307678984,1.1854860867420576,1.1544005817576446,1.210404944079099,1.2587996604749012,0.0,20,20,1.0,0.0,0.1080011540647708,0.0012506565843762134,0.10806068692230156,0.10731291103257173,0.10874465386289703,0.10968718720717226,1.0,1.0,1.0,-0.9088703042936237,0,0,,,,,,,,,,0,0,,,,,,,,,
20,heavy_noise_plat,0,0.1,0.005,114.0,0.09071795328941246,0,20,20,1.0,20,20,1.0,0.1,0.0045637650349977955,0.003908668711560756,0.0031535206567565926,0.0017535514049908975,0.00689306808228899,0.00998887368582332,0.45,20,20,1.0,0.1,0.0023205459087138314,0.0033582401332603457,0.0012558975496000354,0.0005560269676897676,0.0022909861421264686,0.003915609581435283,0.75,0.75,0.75,-0.6106243857685859,0,0,,,,,,,,,,0,0,,,,,,,,,
20,broken_power_law,0,0.1,0.005,28776.0,0.09999962012267244,0,20,10,0.5,10,10,1.0,0.0,0.058700499719379774,0.04140288110850925,0.06445858191642863,0.01806571816163819,0.09195629384193421,0.09858869114886126,1.0,10,10,1.0,0.0,0.07850787021373343,0.06652158523814582,0.07143879900810066,0.03025654252109289,0.08646125785801619,0.12183354030355008,0.9,0.5,0.5,0.257308695314199,10,10,1.0,0.0,0.06925499015795125,0.07217128345920307,0.030368269467734757,0.017943253149929037,0.11944922677764819,0.18069156144231374,0.7,10,10,1.0,0.0,0.14959497089576979,0.192869138595204,0.03511512749178524,0.025070280818090214,0.26468545237035607,0.456051886678441,0.7
20,stretched_exp,1,0.1,0.005,579.0,0.09979846505939677,0,20,0,0.0,0,0,,,,,,,,,,0,0,,,,,,,,,,,,,20,20,1.0,0.0,0.03533103315319288,0.018968905576772284,0.03158137425077712,0.021351360884250492,0.05238120824697208,0.06000382498455862,1.0,20,20,1.0,0.0,0.046518881692524106,0.042915114536349934,0.045450494528797944,0.01336861283408538,0.059403193327871966,0.06961800900684688,0.95
20,logistic_tail,1,0.1,0.005,135.0,0.09609894819901184,0,20,14,0.7,14,14,1.0,0.0,0.0831282402847742,0.0038763646525208878,0.08323440357767563,0.08148734113986093,0.08529665832377893,0.08764167819547093,0.8571428571428571,14,14,1.0,0.0,0.07362406989534317,0.005611180138961422,0.0739481109684228,0.07104120151959611,0.07662174058278826,0.08013842267038805,1.0,1.0,1.0,-0.11161627533475983,6,6,1.0,0.0,0.05028151858358957,0.023522123059996503,0.05393643878266158,0.03942759516687882,0.06730037611214655,0.0730757532270494,1.0,6,6,1.0,0.0,0.03665557135547159,0.022145517744469125,0.03807411634282566,0.026603243372896615,0.05191547380239252,0.058960319064388485,1.0
20,inv_sqrt_log,1,0.1,0.005,2929.0,0.09999046875803731,0,20,20,1.0,20,20,1.0,0.0,0.014436226951332903,0.012366187920011637,0.009872002824279531,0.005308149386461415,0.019866273165215706,0.028350748549457263,0.8,20,20,1.0,0.05,0.015247594151849253,0.020070485798387876,0.012161893945374851,0.005351020256073185,0.018814246743120835,0.020506176540635072,0.85,0.7,0.7,-0.21902066847008342,0,0,,,,,,,,,,0,0,,,,,,,,,
20,random_knots,1,0.1,0.005,4730.0,0.09999546250252596,1,20,14,0.7,14,14,1.0,0.0,0.028132529548421308,0.02761977466382979,0.021729832481027878,0.01146998428143049,0.0331085521224795,0.042647466610619744,0.9285714285714286,14,14,1.0,0.0,0.0451906746033554,0.05051592487354673,0.02672671034271546,0.017192427680178323,0.048921871137971924,0.09608290494353769,0.7142857142857143,0.35714285714285715,0.35714285714285715,0.08972367117655962,6,6,1.0,0.0,0.040274157412236854,0.030879956134241566,0.026809103227478724,0.019430547174748496,0.05370978563478392,0.07729706572187159,0.8333333333333334,6,6,1.0,0.0,0.05273002945233873,0.08462523076974655,0.018313310908898588,0.015706736358179207,0.030618183621859005,0.12916652590328645,0.8333333333333334
20,real_boot_a,1,0.1,0.005,413.0,0.09900189826125952,0,20,0,0.0,0,0,,,,,,,,,,0,0,,,,,,,,,,,,,20,20,1.0,0.0,0.04176312891748658,0.0213892549278615,0.03783375510472922,0.027802427638404927,0.06138579449483088,0.06972227300983823,1.0,20,20,1.0,0.0,0.04833956882106211,0.029217236467746467,0.03877362433522005,0.030929798111508772,0.06802470371996727,0.07661205723132959,1.0
20,real_boot_b,1,0.1,0.005,364.0,0.09935491603410883,0,20,10,0.5,10,10,1.0,0.0,0.008846784597161386,0.008064651123774625,0.007118395481800353,0.003192403005664004,0.012105728327033143,0.017938822091935466,1.0,10,10,1.0,0.0,0.014118774840811832,0.017266784725966836,0.008558168344907954,0.0045552144885976,0.017015542832224378,0.02649362087235097,0.9,0.4,0.4,0.07361031720597334,10,10,1.0,0.0,0.016108486175773443,0.01835091910057737,0.006139230842503392,0.002441774581985699,0.02884177860528339,0.03717864385687514,0.9,10,10,1.0,0.0,0.027723861386943476,0.035550173808813146,0.005884259976653802,0.0028834725277497655,0.047027675320458776,0.08157605789702113,0.7
20,single_exp,0,0.1,0.02,148.0,0.09827358560436156,0,20,20,1.0,20,20,1.0,0.1,0.01603950372939711,0.015124706415860643,0.009574860608885377,0.006744051003861685,0.0169245264399546,0.03701917822853124,0.55,20,20,1.0,0.15,0.018905328199377833,0.0176332793508133,0.012373893053576845,0.00803912667139289,0.01902547484480295,0.042921555739505596,0.55,0.2,0.2,0.16561198559370044,0,0,,,,,,,,,,0,0,,,,,,,,,
20,two_exp,0,0.1,0.02,218.0,0.09985826346226055,0,20,19,0.95,19,19,1.0,0.0,0.030119996739502247,0.01848712560121004,0.027820455367065407,0.01813835580594997,0.03922837628069952,0.05137826420545686,0.9473684210526315,19,19,1.0,0.0,0.0334810247042716,0.02677972420120033,0.028469083018188575,0.014140239831034823,0.041711254242376185,0.05542303034265234,0.8947368421052632,0.5789473684210527,0.5789473684210527,-0.14960160543996118,1,1,1.0,0.0,0.061483749782254904,,0.061483749782254904,0.061483749782254904,0.061483749782254904,0.061483749782254904,1.0,1,1,1.0,0.0,0.054660809969813706,,0.054660809969813706,0.054660809969813706,0.054660809969813706,0.054660809969813706,1.0
20,three_exp,0,0.1,0.02,377.0,0.09988829507506856,0,20,20,1.0,20,20,1.0,0.0,0.052655145587890674,0.03915861665068957,0.046891307628231224,0.018229462379232064,0.08335844985403759,0.0930714217828579,1.0,20,20,1.0,0.0,0.050213147907564634,0.04348997333225892,0.04258724478252837,0.015479974936464594,0.06483707664625482,0.09188610234966399,0.95,0.65,0.65,-0.31658016630652475,0,0,,,,,,,,,,0,0,,,,,,,,,
20,four_exp,0,0.1,0.02,631.0,0.09977805552230239,0,20,20,1.0,20,20,1.0,0.0,0.05825238601929415,0.057269509006884024,0.03750713640620859,0.01800962589628978,0.08160332516267889,0.11502527328984286,0.95,20,20,1.0,0.0,0.07446011010833745,0.04457305011527747,0.07507073628085531,0.035304946312980284,0.10243664489385337,0.12188211776312874,0.95,0.25,0.25,0.18135875846702373,0,0,,,,,,,,,,0,0,,,,,,,,,
20,power_law,0,0.1,0.02,2441.0,0.09997859122064488,0,20,20,1.0,20,20,1.0,0.25,0.04774186396262986,0.04556126076559119,0.027542434893990057,0.015180604896328546,0.05703133910367869,0.11417964733392386,0.4,20,20,1.0,0.15,0.02805152421013395,0.019133588001689055,0.02778327868209479,0.014903098782668534,0.032619308218702965,0.04150664759255929,0.55,0.75,0.75,-0.043214709528514306,0,0,,,,,,,,,,0,0,,,,,,,,,
20,rational_decay,0,0.1,0.02,1125.0,0.09999999999999999,0,20,19,0.95,19,19,1.0,0.0,0.052945917439514247,0.04894236492861336,0.03772212262263054,0.012665997853844558,0.07536047187898133,0.12191018871505839,0.8947368421052632,19,19,1.0,0.0,0.09074330807957327,0.08832445899367515,0.05343838230630722,0.0315466138338964,0.10663233513113521,0.24674687935854983,0.7894736842105263,0.15789473684210525,0.15789473684210525,0.6643987740555836,1,1,1.0,0.0,0.17082273819274799,,0.17082273819274799,0.17082273819274799,0.17082273819274799,0.17082273819274799,0.0,1,1,1.0,0.0,0.10342169701627388,,0.10342169701627388,0.10342169701627388,0.10342169701627388,0.10342169701627388,1.0
20,mixed_pow_rat,0,0.1,0.02,2260.0,0.09998848741275486,0,20,20,1.0,20,20,1.0,0.0,0.07660663136960759,0.05924612732033826,0.057386498960421944,0.03923684480666083,0.1186401262167864,0.14831277339488055,0.8,20,20,1.0,0.0,0.09488484798816367,0.10118323397867629,0.05796978494904105,0.02234059970426023,0.11942211880057826,0.20120527948512776,0.75,0.4,0.4,0.08732695093173684,0,0,,,,,,,,,,0,0,,,,,,,,,
20,multiphase,0,0.1,0.02,3852.0,0.0999996544626016,0,20,20,1.0,20,20,1.0,0.0,0.11790490697332215,0.10976273382847539,0.09116546067846662,0.032899752899652364,0.1731642396392622,0.2671345628389378,0.8,20,20,1.0,0.0,0.10615832415587392,0.06913650736766733,0.1145871378503544,0.03256947046286657,0.17085102049783524,0.18399865520567546,0.9,0.5,0.5,0.010539724679181097,0,0,,,,,,,,,,0,0,,,,,,,,,
20,osc_exp,0,0.1,0.02,165.0,0.09570953042125925,0,20,20,1.0,20,20,1.0,0.0,0.0192414406801069,0.011053245294712416,0.016547613647468037,0.01345506192098329,0.02689277741199104,0.030029747060706515,0.95,20,20,1.0,0.0,0.019688394450019492,0.013949210884938583,0.016193623589964602,0.013877689011207619,0.025602227198142664,0.029034886937163638,0.9,0.8,0.8,-0.043339924042463715,0,0,,,,,,,,,,0,0,,,,,,,,,
20,damped_osc_pow,0,0.1,0.02,3014.0,0.09999319502597674,0,20,20,1.0,20,20,1.0,0.1,0.050953588008048535,0.05132345006939195,0.036405685295947954,0.01777691647057774,0.05707916453440698,0.08509333842814326,0.55,20,20,1.0,0.1,0.05126234752232787,0.0916852360348705,0.03109171504627623,0.012073682415108212,0.05263808236796922,0.056098755499989134,0.7,0.7,0.7,-0.13170034340544634,0,0,,,,,,,,,,0,0,,,,,,,,,
20,log_slow,0,0.1,0.02,50000.0,0.41863546463489004,1,20,20,1.0,20,20,1.0,0.0,0.1157712339673251,0.12364233166775151,0.08510283119500077,0.060835971718025725,0.1346723161792464,0.16443407396987264,0.5,20,20,1.0,0.0,0.08304499182275579,0.04076438772988416,0.09462008032116338,0.06200132252766736,0.10291423097521164,0.10578713161970475,0.55,0.5,0.5,-0.028665881045552975,0,0,,,,,,,,,,0,0,,,,,,,,,
20,delayed_plateau,0,0.1,0.02,321.0,0.09926115995627992,0,20,14,0.7,14,14,1.0,0.0,0.07767064448656205,0.036335084844793024,0.07545610082181908,0.06141494789340042,0.07945410079510598,0.10214557129914044,1.0,14,14,1.0,0.0,0.05610478366250055,0.04379647700327594,0.05102605068784007,0.03628937223209383,0.062084596422619154,0.0789344673066394,1.0,0.8571428571428571,0.8571428571428571,-0.32373910113618143,6,6,1.0,0.0,0.06586732797755623,0.01652815995448067,0.07053130853884254,0.0631565289481417,0.07652984569169329,0.07847469457606193,1.0,6,6,1.0,0.0,0.042530399348494986,0.01509863295802351,0.0447195914426317,0.03528028882524775,0.052478640912775154,0.05740867436292717,1.0
20,staircase,0,0.1,0.02,320.0,0.0,0,20,20,1.0,20,20,1.0,0.0,0.16874182466195567,0.05238380404431811,0.16780700768449364,0.13878805708475173,0.2022524304667674,0.2212862677890233,0.75,20,20,1.0,0.0,0.13055245941127075,0.055413224549533485,0.12277636799341564,0.10475005414929149,0.16203005182326652,0.21890568871293908,0.9,0.95,0.95,-0.23183049926317434,0,0,,,,,,,,,,0,0,,,,,,,,,
20,noisy_plateau,0,0.1,0.02,137.0,0.09536916221554956,0,20,20,1.0,20,20,1.0,0.15,0.0031511950911670638,0.0026234241867459924,0.002533201667909789,0.0009286198782775187,0.004672121489718357,0.006565371563301548,0.3,20,20,1.0,0.05,0.0016076428406291518,0.0020163850886967885,0.0009455974253686494,0.00033668380599172123,0.0016028210334913112,0.0050429652204793405,0.6,0.55,0.55,-0.36698484696320055,0,0,,,,,,,,,,0,0,,,,,,,,,
20,slow_osc_power,0,0.1,0.02,3483.0,0.09996889692898078,0,20,20,1.0,20,20,1.0,0.1,0.06004650774384405,0.05895089222283882,0.040591959623888965,0.016032521753926225,0.08875388161207536,0.11868367609929047,0.35,20,20,1.0,0.1,0.04520386575049001,0.04514211737904382,0.028495524333818655,0.014803386922804479,0.06057138382123886,0.09657081316697678,0.5,0.75,0.75,-0.22379553848243988,0,0,,,,,,,,,,0,0,,,,,,,,,
20,log_oscillatory,0,0.1,0.02,50000.0,0.2992564263745022,1,20,20,1.0,20,20,1.0,1.0,1.21357113772534,0.17597245478065224,1.256677798795816,1.133759898191054,1.3516658389820397,1.3917128701732384,0.0,20,20,1.0,0.0,0.10752864386616232,0.00497702712422841,0.10842626122207054,0.10404355052689707,0.11087240612121192,0.11327311425774193,1.0,1.0,1.0,-0.9133182344466213,0,0,,,,,,,,,,0,0,,,,,,,,,
20,heavy_noise_plat,0,0.1,0.02,114.0,0.09071795328941246,0,20,20,1.0,20,20,1.0,0.05,0.0077652874396928724,0.007296445625021549,0.005584445050036295,0.002229259902881679,0.011037901110885663,0.017356365612988027,0.8,20,20,1.0,0.05,0.004528731442187696,0.004810776151415031,0.003330205560950719,0.0009387575305285557,0.006735279343509523,0.008817762882657459,0.9,0.5,0.5,-0.031125347970905867,0,0,,,,,,,,,,0,0,,,,,,,,,
20,broken_power_law,0,0.1,0.02,28776.0,0.09999962012267244,0,20,20,1.0,20,20,1.0,0.0,0.09722458135769721,0.08272196844125032,0.09742354011514168,0.036981215260610684,0.11360299003986327,0.19161498025243817,0.75,20,20,1.0,0.0,0.07917527997534994,0.04995298238339111,0.07977132079449997,0.03452715026473299,0.10719314883320805,0.12535488241419288,0.9,0.65,0.65,-0.045620175046445145,0,0,,,,,,,,,,0,0,,,,,,,,,
20,stretched_exp,1,0.1,0.02,579.0,0.09979846505939677,0,20,19,0.95,19,19,1.0,0.0,0.0628729721955514,0.06048274947107685,0.0424532447705539,0.024257501289361008,0.08631581909669825,0.11604492879951048,0.9473684210526315,19,19,1.0,0.0,0.04495072357041872,0.0428140361590677,0.03443217080139688,0.015064008681732143,0.054276451055822926,0.11320412200877267,1.0,0.6842105263157895,0.6842105263157895,-0.42009582715164634,1,1,1.0,0.0,0.015472854089462217,,0.015472854089462217,0.015472854089462217,0.015472854089462217,0.015472854089462217,1.0,1,1,1.0,0.0,0.002685643893679559,,0.002685643893679559,0.002685643893679559,0.002685643893679559,0.002685643893679559,1.0
20,logistic_tail,1,0.1,0.02,135.0,0.09609894819901184,0,20,19,0.95,19,19,1.0,0.0,0.07685893616014189,0.013628494405154087,0.08212189457109001,0.0737131263452187,0.08557671776706882,0.08854992756471122,0.5789473684210527,19,19,1.0,0.0,0.063717464971444,0.02115909374875962,0.07244310663172795,0.060501882448957066,0.07603542856907783,0.08023428788815351,0.8421052631578947,1.0,1.0,-0.12218390385250259,1,1,1.0,0.0,0.007051528232820958,,0.007051528232820958,0.007051528232820958,0.007051528232820958,0.007051528232820958,1.0,1,1,1.0,0.0,0.04703022116173,,0.04703022116173,0.04703022116173,0.04703022116173,0.04703022116173,1.0
20,inv_sqrt_log,1,0.1,0.02,2929.0,0.09999046875803731,0,20,20,1.0,20,20,1.0,0.35,0.06709837887085007,0.07061425754887228,0.05174046221787337,0.02050835890739652,0.07660582232624233,0.12170011863481751,0.25,20,20,1.0,0.4,0.06336880920128549,0.0689957522775975,0.025716634491997705,0.01941875790075091,0.10496142101514082,0.15323299026632112,0.5,0.65,0.65,-0.016450591963402674,0,0,,,,,,,,,,0,0,,,,,,,,,
20,random_knots,1,0.1,0.02,4730.0,0.09999546250252596,1,20,20,1.0,20,20,1.0,0.05,0.08344360880994638,0.09235614180673002,0.05965828687517313,0.02107368459867221,0.09168614151580973,0.20696355822977153,0.55,20,20,1.0,0.05,0.04137418744284805,0.026384573620633615,0.0403184671873535,0.018900848709566265,0.057037066259446205,0.07736633412906821,0.7,0.65,0.65,-0.17673350406241703,0,0,,,,,,,,,,0,0,,,,,,,,,
20,real_boot_a,1,0.1,0.02,413.0,0.09900189826125952,0,20,20,1.0,20,20,1.0,0.0,0.05009910660711896,0.0338686341014386,0.04344021843169698,0.02650757443028736,0.08010495400855894,0.08735865500530994,1.0,20,20,1.0,0.0,0.06426877011513259,0.0448769956619914,0.07216456110724767,0.018368710233583475,0.08920666254815396,0.10968923974865201,0.9,0.25,0.25,0.05857939278619893,0,0,,,,,,,,,,0,0,,,,,,,,,
20,real_boot_b,1,0.1,0.02,364.0,0.09935491603410883,0,20,20,1.0,20,20,1.0,0.0,0.03061693163743031,0.024658399413081195,0.02464422770395533,0.006473776799561583,0.047280279673668706,0.06828748589521513,0.8,20,20,1.0,0.0,0.022945069168952406,0.020003041920666872,0.019207598719303366,0.004978070267027533,0.04215161931775763,0.04684434348809463,0.8,0.85,0.85,-0.20265758965596492,0,0,,,,,,,,,,0,0,,,,,,,,,
40,single_exp,0,0.5,0.0,108.0,0.4867522559599715,0,20,0,0.0,0,0,,,,,,,,,,0,0,,,,,,,,,,,,,20,20,1.0,0.0,0.013399469022882133,0.005801436968394669,0.013924794513034064,0.010437305701677578,0.019066000114388738,0.019538576994328042,0.45,20,20,1.0,0.0,0.014072493197629876,0.006345576456432559,0.014753146905110218,0.009879505634225266,0.02064739771680189,0.021172935388556368,0.45
40,two_exp,0,0.5,0.0,129.0,0.4955914190433955,0,20,0,0.0,0,0,,,,,,,,,,0,0,,,,,,,,,,,,,20,20,1.0,0.0,0.018053696976206575,0.012917710506628089,0.020380391535512306,0.004836627301620482,0.031787875649447565,0.032688936485613676,1.0,20,20,1.0,0.0,0.013628116816240326,0.009329094094032797,0.010107488713839173,0.00528291286002678,0.024630035103284372,0.02586068268321825,1.0
40,three_exp,0,0.5,0.0,176.0,0.49876789415554024,0,20,0,0.0,0,0,,,,,,,,,,0,0,,,,,,,,,,,,,20,20,1.0,0.0,0.017165961255573237,0.005362508787632767,0.018437795320070297,0.012398085383610362,0.022207583217443875,0.0230256006296108,1.0,20,20,1.0,0.0,0.010101982226601377,0.0019046784943661554,0.00881642005970186,0.008816419729196341,0.011601844161399519,0.013339747398065392,1.0
40,four_exp,0,0.5,0.0,231.0,0.4980680166164721,0,20,0,0.0,0,0,,,,,,,,,,0,0,,,,,,,,,,,,,20,20,1.0,0.0,0.007375109763825405,0.0045570961055004106,0.007144708131586505,0.003553322576752456,0.010291496811342324,0.013506725193357608,1.0,20,20,1.0,0.0,0.005672994008625089,1.0027820514071176e-10,0.00567299397769272,0.005672993962004977,0.005672993998817266,0.005672994034939036,1.0
40,power_law,0,0.5,0.0,244.0,0.4999340482202355,0,20,2,0.1,2,2,1.0,0.0,9.64890778745453e-05,7.619756832771028e-11,9.64890778745453e-05,9.648905093463667e-05,9.648910481445394e-05,9.648912097839912e-05,1.0,2,2,1.0,0.0,0.0009962053362241874,1.1839720240500979e-09,0.0009962053362241874,0.000996204917626864,0.0009962057548215109,0.0009962060059799049,1.0,0.0,0.0,9.324539918593612,18,18,1.0,0.0,9.636029772648757e-05,4.4475917012462356e-07,9.648687938489109e-05,9.648173436911309e-05,9.648899481861511e-05,9.648913009633539e-05,1.0,18,18,1.0,0.0,0.0009962146773454588,1.9846091667055774e-08,0.0009962053482541026,0.000996204517026084,0.0009962154057554951,0.0009962367361908303,1.0
40,rational_decay,0,0.5,0.0,205.0,0.5,0,20,0,0.0,0,0,,,,,,,,,,0,0,,,,,,,,,,,,,20,20,1.0,0.0,0.006807187877510922,0.0016337246718749806,0.007572066498476651,0.007139295736934816,0.007572067988900907,0.007572068516143818,1.0,20,20,1.0,0.0,6.223520435111318e-10,1.8493597250987637e-09,8.361089598452054e-13,5.287437154777308e-14,3.656254465855824e-11,6.880542746667906e-10,1.0
40,mixed_pow_rat,0,0.5,0.0,254.0,0.4990202976120709,0,20,0,0.0,0,0,,,,,,,,,,0,0,,,,,,,,,,,,,20,20,1.0,0.0,0.006396956483697883,0.0031254501529144204,0.0075515499001640105,0.00563889995691319,0.008664154436128155,0.009147679076794183,1.0,20,20,1.0,0.0,0.0020477735839035506,1.1697423171213753e-10,0.002047773528567963,0.002047773487575063,0.002047773697535629,0.002047773754675458,1.0
40,multiphase,0,0.5,0.0,504.0,0.49983903719462197,0,20,0,0.0,0,0,,,,,,,,,,0,0,,,,,,,,,,,,,20,20,1.0,0.0,0.056146735592415856,9.62360510326922e-06,0.05615010522683307,0.056149861496723005,0.056150105315221355,0.056150105330056696,1.0,20,20,1.0,0.0,0.05357867039362232,4.998761484107271e-10,0.053578670681920834,0.053578670102421844,0.05357867075531707,0.0535786707717597,1.0
40,osc_exp,0,0.5,0.0,107.0,0.47832942079368884,0,20,0,0.0,0,0,,,,,,,,,,0,0,,,,,,,,,,,,,20,20,1.0,0.0,0.01908169096773666,0.011211438991096152,0.014374071206319991,0.01152794528593705,0.03062313874866605,0.03245239177861722,0.6,20,20,1.0,0.0,0.020010622327435494,0.010467388584572464,0.021072091676145738,0.011040314592101537,0.02910544874216943,0.03144336984159471,0.65
40,damped_osc_pow,0,0.5,0.0,260.0,0.49940767513390516,0,20,1,0.05,1,1,1.0,0.0,0.00028213468535309705,,0.00028213468535309705,0.00028213468535309705,0.00028213468535309705,0.00028213468535309705,1.0,1,1,1.0,0.0,0.0019222833395982075,,0.0019222833395982075,0.0019222833395982075,0.0019222833395982075,0.0019222833395982075,1.0,0.0,0.0,5.813353477586184,19,19,1.0,0.0,0.00028199149104609825,2.917842265047878e-07,0.00028213378212025436,0.00028205434693206327,0.0002821347737367308,0.0002821348580096347,1.0,19,19,1.0,0.0,0.0019222849588268838,6.640392798619863e-09,0.001922283062199076,0.0019222829912891003,0.001922283429910833,0.0019222856379609216,1.0
40,log_slow,0,0.5,0.0,8594.0,0.49999975284240333,0,20,2,0.1,2,2,1.0,0.0,0.010762534945140872,6.387654546829299e-08,0.010762534945140872,0.010762512361371643,0.010762557528910102,0.01076257107917164,1.0,2,2,1.0,0.0,0.0400936371193244,9.494741620775458e-12,0.0400936371193244,0.0400936371159675,0.0400936371226813,0.040093637124695436,1.0,0.0,0.0,2.7252968119868655,18,18,1.0,0.0,0.010762610353045552,2.601309355684195e-07,0.010762492812088145,0.010762489043267556,0.010762589381233943,0.010762823072377269,1.0,18,18,1.0,0.0,0.04009363762585714,1.580156391407123e-09,0.0400936369250071,0.04009363670508728,0.04009363783506596,0.04009363956356591,1.0
40,delayed_plateau,0,0.5,0.0,160.0,0.49658484551706805,0,20,0,0.0,0,0,,,,,,,,,,0,0,,,,,,,,,,,,,20,20,1.0,0.0,0.042152475945241935,0.011338001146982383,0.04861880208558604,0.03741841895174282,0.051010224487029465,0.0515350955590826,1.0,20,20,1.0,0.0,0.028002411421798303,1.724355665727984e-09,0.028002410883691944,0.028002410797298656,0.028002411196599936,0.02800241191469457,1.0
40,staircase,0,0.5,0.0,170.0,0.2777777777777778,0,20,0,0.0,0,0,,,,,,,,,,0,0,,,,,,,,,,,,,20,20,1.0,0.0,0.10831761176805502,0.028630921156042547,0.1204920666420827,0.10335278891016533,0.12913020600521463,0.13057230309462858,0.8,20,20,1.0,0.0,0.06757171225228345,0.02580904846738527,0.07660676388012663,0.05009955110171534,0.09035633601878515,0.09262774390134806,1.0
40,noisy_plateau,0,0.5,0.0,104.0,0.4965853037914094,0,20,20,1.0,20,20,1.0,0.05,0.0010246445979943087,0.0009268974383664947,0.0007436276328813014,0.00028328569882878595,0.0015526970966405554,0.002354500512344387,0.7,20,20,1.0,0.05,0.0010324876594602526,0.0010387231094790294,0.0006626255569073588,0.00029239805917106315,0.0013218267464878402,0.0023019327589246506,0.65,0.35,0.35,0.13097807032597578,0,0,,,,,,,,,,0,0,,,,,,,,,
40,slow_osc_power,0,0.5,0.0,415.0,0.49840630355024784,0,20,0,0.0,0,0,,,,,,,,,,0,0,,,,,,,,,,,,,20,20,1.0,0.0,0.020579799310075787,0.002966114439858072,0.022456342731505957,0.018220403229943886,0.022456342847549743,0.022456373294693778,0.05,20,20,1.0,0.0,0.02221758935457397,0.005137637166536524,0.02574586197621881,0.016827134623374148,0.025745862050016312,0.025745863115743266,0.1
40,log_oscillatory,0,0.5,0.0,533.0,0.49841524754235217,0,20,20,1.0,20,20,1.0,0.0,0.027313007493293656,3.057917142067192e-08,0.0273130182655274,0.027312986229354866,0.02731303098416176,0.027313038977093758,1.0,20,20,1.0,0.0,0.023857775159375,1.3775395943686004e-08,0.023857779907128167,0.02385776532174836,0.023857785833200425,0.023857785985020814,1.0,1.0,1.0,-0.1265052723206066,0,0,,,,,,,,,,0,0,,,,,,,,,
40,heavy_noise_plat,0,0.5,0.0,97.0,0.49658530379140886,0,20,20,1.0,20,20,1.0,0.05,0.0017702951171779293,0.0011548467268330841,0.001592957178668114,0.0012447860154097719,0.0023281755424502185,0.0030217966621635347,0.8,20,20,1.0,0.05,0.0008616497165971248,0.0007213873075684153,0.0005864510980431205,0.0003343167527474515,0.0014077867967994227,0.0020011987226894934,0.8,0.65,0.65,-0.5504409747912509,0,0,,,,,,,,,,0,0,,,,,,,,,
40,broken_power_law,0,0.5,0.0,514.0,0.49991211917454004,0,20,20,1.0,20,20,1.0,0.0,0.28248567154089627,1.7658102737948368e-07,0.28248562728819476,0.28248561067488354,0.28248569353076347,0.282485829692523,0.0,20,20,1.0,0.0,0.0490919150470586,2.0189720173771503e-08,0.049091907914312255,0.04909190786730856,0.04909190863850631,0.049091922916310635,1.0,1.0,1.0,-0.8262144913907494,0,0,,,,,,,,,,0,0,,,,,,,,,
40,stretched_exp,1,0.5,0.0,193.0,0.49828241532615414,0,20,0,0.0,0,0,,,,,,,,,,0,0,,,,,,,,,,,,,20,20,1.0,0.0,0.009182115840355243,0.006269256036348222,0.00959508294121604,0.003797470662114416,0.015423469871464379,0.01682659194858058,1.0,20,20,1.0,0.0,0.0025424090644389783,0.0016826950651335404,0.00151941391638373,0.0015194137740473096,0.0028027215897271744,0.005733033143703515,1.0
40,logistic_tail,1,0.5,0.0,105.0,0.47748855939048196,0,20,0,0.0,0,0,,,,,,,,,,0,0,,,,,,,,,,,,,20,20,1.0,0.0,0.10869785121978501,0.015003743062765217,0.11489483117710725,0.10807047758680195,0.11728853366863048,0.11950280345040466,0.0,20,20,1.0,0.0,0.09083843742449144,0.024533623904548135,0.10102183293711553,0.09031668255745187,0.10470072562469138,0.10806617759654118,0.1
40,inv_sqrt_log,1,0.5,0.0,245.0,0.4997783934707863,0,20,4,0.2,4,4,1.0,0.0,0.00011642897629017546,1.4900372705101462e-10,0.00011642901353917101,0.00011642892196364607,0.0001164290678657004,0.00011642909253209432,1.0,4,4,1.0,0.0,0.0006047662197169179,1.4642762662431206e-09,0.0006047667515368255,0.0006047660162967483,0.0006047669549569951,0.000604767170245657,1.0,0.0,0.0,4.194294710509936,16,16,1.0,0.0,0.0001164290389942934,9.96571259667005e-10,0.00011642906425941152,0.00011642871649589388,0.0001164291101248393,0.00011642917563704953,1.0,16,16,1.0,0.0,0.0006048005789906703,5.792664802027299e-07,0.0006047677771334539,0.000604766484480438,0.0006047893925638422,0.0006051059566090627,1.0
40,random_knots,1,0.5,0.0,314.5,0.49936083587279756,0,20,1,0.05,1,1,1.0,0.0,0.0027101322871398714,,0.0027101322871398714,0.0027101322871398714,0.0027101322871398714,0.0027101322871398714,1.0,1,1,1.0,0.0,0.0019615171394596342,,0.0019615171394596342,0.0019615171394596342,0.0019615171394596342,0.0019615171394596342,1.0,1.0,1.0,-0.27622826798255135,19,19,1.0,0.0,0.006715969164809323,0.008727228419717561,0.0031624384774560366,0.000985124913561097,0.006942176545013154,0.021489194261004124,1.0,19,19,1.0,0.0,0.008147051916921187,0.01014379920581421,0.0030703216074186926,0.0012071251816277613,0.012172433236858057,0.0263612888402398,1.0
40,real_boot_a,1,0.5,0.0,203.0,0.49951204685092926,0,20,0,0.0,0,0,,,,,,,,,,0,0,,,,,,,,,,,,,20,20,1.0,0.0,0.011529712166956262,0.006826076118107963,0.010740942334640582,0.006278453718135894,0.018983459408725735,0.01928702347239799,1.0,20,20,1.0,0.0,0.006740819402492338,1.8213253514766935e-09,0.006740818622420305,0.006740818411816743,0.006740819410966253,0.006740821631056016,1.0
40,real_boot_b,1,0.5,0.0,172.0,0.496916665259355,0,20,0,0.0,0,0,,,,,,,,,,0,0,,,,,,,,,,,,,20,20,1.0,0.0,0.0035595903214233485,0.00046665895111349103,0.003760062336510387,0.003760062269058671,0.003760145902690304,0.0037610968528701385,1.0,20,20,1.0,0.0,0.004136568090887414,0.0008737223367621387,0.004544389471483688,0.00454438919439437,0.004544389476236591,0.0045443896798730435,1.0
40,single_exp,0,0.5,0.005,108.0,0.4867522559599715,0,20,0,0.0,0,0,,,,,,,,,,0,0,,,,,,,,,,,,,20,20,1.0,0.0,0.013169381429249626,0.006006012817771872,0.013928772712351042,0.01004591885919405,0.01912124603337799,0.019456345689154497,0.5,20,20,1.0,0.0,0.013864548698553015,0.006561952405298263,0.01476533012722388,0.009484927691984273,0.020768950552473173,0.021086516753843255,0.5
40,two_exp,0,0.5,0.005,129.0,0.4955914190433955,0,20,0,0.0,0,0,,,,,,,,,,0,0,,,,,,,,,,,,,20,20,1.0,0.0,0.0182861850493181,0.012955016997467159,0.020820826002725674,0.006534759559053999,0.03187866429645882,0.03309107156412065,1.0,20,20,1.0,0.0,0.015146799986569814,0.008536533406274886,0.014506842700317192,0.0076978921227497735,0.024710489498612185,0.02620881368361763,1.0
40,three_exp,0,0.5,0.005,176.0,0.49876789415554024,0,20,0,0.0,0,0,,,,,,,,,,0,0,,,,,,,,,,,,,20,20,1.0,0.0,0.017361993553399426,0.006120245522580462,0.017377367115094813,0.014112621661398747,0.021463280035932574,0.024184084053517924,1.0,20,20,1.0,0.0,0.009345666568340445,0.008331745451242989,0.007397641722297746,0.0022167465548186688,0.013534495877862315,0.01911354091185646,1.0
40,four_exp,0,0.5,0.005,231.0,0.4980680166164721,0,20,0,0.0,0,0,,,,,,,,,,0,0,,,,,,,,,,,,,20,20,1.0,0.0,0.01661415546343036,0.011437457328385421,0.014125233728085274,0.007570580081334127,0.026791583357477465,0.03371718083222283,1.0,20,20,1.0,0.0,0.020609836947461452,0.014199345273274619,0.019874251314178262,0.007586274743435276,0.03298942334607269,0.03564478766355017,1.0
40,power_law,0,0.5,0.005,244.0,0.4999340482202355,0,20,14,0.7,14,14,1.0,0.0,0.0031462137113221628,0.002602605454602101,0.0029809546073189426,0.0010581699285625561,0.0049376973340972685,0.0068301782642440035,1.0,14,14,1.0,0.0,0.005409177790033227,0.0058742721752990616,0.004237306450480066,0.0022696674088111633,0.005530582310940456,0.011290849873494293,0.9285714285714286,0.42857142857142855,0.42857142857142855,0.8816325546712469,6,6,1.0,0.0,0.00529784172222568,0.0029701224445053496,0.004783596239585047,0.00452325224843635,0.007609801465544259,0.008557424515516616,1.0,6,6,1.0,0.0,0.005837743484285067,0.0067956016429861,0.003336338041694118,0.0018334905294774707,0.005518809229785274,0.012504852700840466,0.8333333333333334
40,rational_decay,0,0.5,0.005,205.0,0.5,0,20,0,0.0,0,0,,,,,,,,,,0,0,,,,,,,,,,,,,20,20,1.0,0.0,0.009773879979793903,0.00497571159451443,0.008602466306058175,0.005970049253223527,0.013724417671855046,0.016621911478691725,1.0,20,20,1.0,0.0,0.012148238337832365,0.0080135512106326,0.013152911908701492,0.007021511808370743,0.01472778248141237,0.024004118688097428,1.0
40,mixed_pow_rat,0,0.5,0.005,254.0,0.4990202976120709,0,20,0,0.0,0,0,,,,,,,,,,0,0,,,,,,,,,,,,,20,20,1.0,0.0,0.01027495695467993,0.010097162322717181,0.0051336186652937155,0.003457460439350628,0.014168531142309058,0.025329078410165105,1.0,20,20,1.0,0.0,0.01724739424522128,0.011283774956207896,0.01589974829965446,0.008648651074363405,0.027709693245372202,0.03300608360480661,1.0
40,multiphase,0,0.5,0.005,504.0,0.49983903719462197,0,20,0,0.0,0,0,,,,,,,,,,0,0,,,,,,,,,,,,,20,20,1.0,0.0,0.04392090239574093,0.019662566871456563,0.04989021182781764,0.039878262915794854,0.0577705512311016,0.06047571990346803,1.0,20,20,1.0,0.0,0.04835757272668432,0.011075524784106614,0.050519925867736556,0.0436840776583424,0.05510064625276033,0.05817467519296881,1.0
40,osc_exp,0,0.5,0.005,107.0,0.47832942079368884,0,20,0,0.0,0,0,,,,,,,,,,0,0,,,,,,,,,,,,,20,20,1.0,0.0,0.01887862872053791,0.011360959050019319,0.015692136324003493,0.00963889606460204,0.030595670102386143,0.03237938828026391,0.6,20,20,1.0,0.0,0.019731521786162866,0.010353430556080135,0.018504991883659727,0.012475063160295355,0.029013989697588595,0.031401468988882505,0.6
40,damped_osc_pow,0,0.5,0.005,260.0,0.49940767513390516,0,20,1,0.05,1,1,1.0,0.0,0.015130060374603294,,0.015130060374603294,0.015130060374603294,0.015130060374603294,0.015130060374603294,1.0,1,1,1.0,0.0,0.011992564612417711,,0.011992564612417711,0.011992564612417711,0.011992564612417711,0.011992564612417711,1.0,1.0,1.0,-0.2073683570656503,19,19,1.0,0.0,0.00789734096131274,0.004139671816619076,0.008140524866634462,0.00499181689903673,0.010981352530992177,0.013039586260604951,1.0,19,19,1.0,0.0,0.009296834359516138,0.011172971747050757,0.005533402894274113,0.004363082067514023,0.008817312360815704,0.018896256677955275,0.9473684210526315
40,log_slow,0,0.5,0.005,8594.0,0.49999975284240333,0,20,2,0.1,2,2,1.0,0.0,0.016518185912679145,0.008300490724489537,0.016518185912679145,0.01358351927344785,0.01945285255191044,0.02121365253544922,1.0,2,2,1.0,0.0,0.043286417059683086,0.006679407281007439,0.043286417059683086,0.040924889968329506,0.045647944151036665,0.04706486040584881,1.0,0.0,0.0,1.8829190030147016,18,18,1.0,0.0,0.04773694457990366,0.015777869703947435,0.05260226914653598,0.034992521980427016,0.058516660859207606,0.06585520555046662,1.0,18,18,1.0,0.0,0.05398069661301066,0.03255394647487467,0.05091875566683645,0.039471092150864986,0.05715003239319197,0.09030032377821141,0.8888888888888888
40,delayed_plateau,0,0.5,0.005,160.0,0.49658484551706805,0,20,0,0.0,0,0,,,,,,,,,,0,0,,,,,,,,,,,,,20,20,1.0,0.0,0.042179157832748684,0.011280614464328865,0.04837054529856692,0.03776473050159606,0.05054826691042378,0.051072429091408675,1.0,20,20,1.0,0.0,0.027597499357540155,0.0034923974316054735,0.027321215649414574,0.025658666980164453,0.030532742464242327,0.031420663575382986,1.0
40,staircase,0,0.5,0.005,170.0,0.2777777777777778,0,20,0,0.0,0,0,,,,,,,,,,0,0,,,,,,,,,,,,,20,20,1.0,0.0,0.10817218143237903,0.02871116357374116,0.12102972343040055,0.10271671198920529,0.12900323240160225,0.13045142681666652,0.75,20,20,1.0,0.0,0.066735530322833,0.02710762237328689,0.07699671633892252,0.049871001918990944,0.0902567590185181,0.09254844232788609,1.0
40,noisy_plateau,0,0.5,0.005,104.0,0.4965853037914094,0,20,20,1.0,20,20,1.0,0.1,0.001188958659957651,0.0008515637259682295,0.00104762503164638,0.0006303276420109236,0.0018409215494584784,0.002288478294733962,0.75,20,20,1.0,0.05,0.0010857342027876054,0.0008262487892212393,0.0009430011879409464,0.00030903427307137424,0.0014475911252229863,0.0021689942056972353,0.75,0.45,0.45,0.09446765296563452,0,0,,,,,,,,,,0,0,,,,,,,,,
40,slow_osc_power,0,0.5,0.005,415.0,0.49840630355024784,0,20,0,0.0,0,0,,,,,,,,,,0,0,,,,,,,,,,,,,20,20,1.0,0.0,0.020658905214833587,0.004835599099352267,0.019019400501076412,0.018218512587937722,0.02288992229267746,0.024624305695433665,0.15,20,20,1.0,0.0,0.022114501077606527,0.0058011376570336936,0.022218416572604344,0.016823287131744073,0.026052228887410826,0.02766013805699731,0.2
40,log_oscillatory,0,0.5,0.005,533.0,0.49841524754235217,0,20,20,1.0,20,20,1.0,0.0,0.028674688399629267,0.0043308454219616755,0.029571505639875914,0.024668648010763954,0.03267988173073422,0.0334549298009444,1.0,20,20,1.0,0.0,0.024977581018618314,0.0035524151885972213,0.02583678821623879,0.02171142437304853,0.028166724797917375,0.028765561248120096,1.0,1.0,1.0,-0.12917475896147562,0,0,,,,,,,,,,0,0,,,,,,,,,
40,heavy_noise_plat,0,0.5,0.005,97.0,0.49658530379140886,0,20,20,1.0,20,20,1.0,0.1,0.002047671007642189,0.001147517156443853,0.0018654613779172892,0.0015384789122678722,0.002382510092142373,0.002989245229786555,0.75,20,20,1.0,0.1,0.0012546546986916967,0.0009144090431484393,0.001295010348878362,0.0004986906434130832,0.001843080164716327,0.002587286671523408,0.9,0.65,0.65,-0.2547250141734641,0,0,,,,,,,,,,0,0,,,,,,,,,
40,broken_power_law,0,0.5,0.005,514.0,0.49991211917454004,0,20,20,1.0,20,20,1.0,0.05,0.2825455087686384,0.006914604001155239,0.2842278701740566,0.2783546608457818,0.2868858445184411,0.2895973277365862,0.0,20,20,1.0,0.0,0.049366189455729,0.0008859700874682863,0.04910194954753158,0.048817235506149,0.05007554458429775,0.05055936557934525,1.0,1.0,1.0,-0.8252048682574473,0,0,,,,,,,,,,0,0,,,,,,,,,
40,stretched_exp,1,0.5,0.005,193.0,0.49828241532615414,0,20,0,0.0,0,0,,,,,,,,,,0,0,,,,,,,,,,,,,20,20,1.0,0.0,0.014323279224742963,0.008823631993637494,0.015013423236214227,0.006019810707770926,0.021273114107379875,0.024116019663887513,1.0,20,20,1.0,0.0,0.012242316550160101,0.00996390403554246,0.008968737822696159,0.005750486305193689,0.017559688100341975,0.02616163409841797,1.0
40,logistic_tail,1,0.5,0.005,105.0,0.47748855939048196,0,20,0,0.0,0,0,,,,,,,,,,0,0,,,,,,,,,,,,,20,20,1.0,0.0,0.10866557947148861,0.015219148273349697,0.11464911713871084,0.10818335368286985,0.11732845907204378,0.11963463389218902,0.0,20,20,1.0,0.0,0.0908087115841633,0.02471487929312343,0.10061437614240176,0.0904196659201382,0.1048841412973359,0.10819443234403656,0.1
40,inv_sqrt_log,1,0.5,0.005,245.0,0.4997783934707863,0,20,20,1.0,20,20,1.0,0.05,0.004163830903856614,0.00291503808180493,0.003529871278090818,0.0024256160207138926,0.0051511484232122295,0.0074305290339217985,0.85,20,20,1.0,0.05,0.00603777703456766,0.006383905859471772,0.003667351535964064,0.0020803863055034316,0.006381486772598196,0.017161801503381306,0.75,0.45,0.45,0.15471729215243063,0,0,,,,,,,,,,0,0,,,,,,,,,
40,random_knots,1,0.5,0.005,314.5,0.49936083587279756,0,20,7,0.35,7,7,1.0,0.0,0.0073259442942259865,0.003998365148337787,0.007167160052621302,0.005365981721299071,0.010040128141384387,0.011567961241181972,0.7142857142857143,7,7,1.0,0.14285714285714285,0.008272994002510947,0.0065314777774842115,0.007699717695906459,0.004818727172406797,0.007989931732078535,0.013714016324431755,0.7142857142857143,0.42857142857142855,0.42857142857142855,0.1378625215596905,13,13,1.0,0.0,0.013247247932611228,0.014107914483315517,0.010241841788539499,0.005556890148781662,0.015294867976444748,0.022568631771922205,1.0,13,13,1.0,0.0,0.01360578203959407,0.013937574563676138,0.009756390004597104,0.007479399640900164,0.011617294740234013,0.03065765271536419,1.0
40,real_boot_a,1,0.5,0.005,203.0,0.49951204685092926,0,20,0,0.0,0,0,,,,,,,,,,0,0,,,,,,,,,,,,,20,20,1.0,0.0,0.014098498676739324,0.008146319293506617,0.013519166149688039,0.00998278133359979,0.019477485040825634,0.023160143778581572,1.0,20,20,1.0,0.0,0.013133119345919635,0.012921099968626129,0.008241626983414428,0.0029873934913888997,0.02072716354738932,0.02615852074049544,1.0
40,real_boot_b,1,0.5,0.005,172.0,0.496916665259355,0,20,0,0.0,0,0,,,,,,,,,,0,0,,,,,,,,,,,,,20,20,1.0,0.0,0.007043939728972243,0.005334310767793856,0.0049020915362573796,0.003299364776196037,0.01087238989565727,0.013913562640347963,1.0,20,20,1.0,0.0,0.007211735244711184,0.006028870836357254,0.005700880702305847,0.003375619046023343,0.009636393945974268,0.011709134278077677,0.95
40,single_exp,0,0.5,0.02,108.0,0.4867522559599715,0,20,12,0.6,12,12,1.0,0.0,0.013634122750129618,0.006840158983873985,0.014766549940797237,0.011419958139057875,0.01838243540779773,0.02055921285490165,0.5833333333333334,12,12,1.0,0.0,0.014905160352982722,0.0073408286989147436,0.01611616597724718,0.012798817827293354,0.019986335390879326,0.022120335800154947,0.5833333333333334,0.08333333333333333,0.08333333333333333,0.09127175653934366,8,8,1.0,0.125,0.01190784326845461,0.007787167188018448,0.01292590822452766,0.00634763470111362,0.018262719064844894,0.020575186715388303,0.75,8,8,1.0,0.125,0.012420100684773722,0.007626055000696446,0.015282229527385768,0.0064999503708097935,0.018557071031849573,0.01957658241427839,0.75
40,two_exp,0,0.5,0.02,129.0,0.4955914190433955,0,20,0,0.0,0,0,,,,,,,,,,0,0,,,,,,,,,,,,,20,20,1.0,0.0,0.020595703808281095,0.012282839783544096,0.024773884753725717,0.007899270132475586,0.03106238742518114,0.034853466473045734,0.9,20,20,1.0,0.0,0.01899359239970628,0.009733823861391098,0.016929946026796504,0.012993940929067426,0.026693067177654718,0.029544819548495978,0.85
40,three_exp,0,0.5,0.02,176.0,0.49876789415554024,0,20,10,0.5,10,10,1.0,0.0,0.023688649006520117,0.008024332499398225,0.022475583204526882,0.0188259071376405,0.027352882618027687,0.03551023603851416,1.0,10,10,1.0,0.0,0.01563289769476557,0.013041460144671025,0.01263231673384762,0.005408169216876722,0.022396495821773808,0.03604110334697731,1.0,0.8,0.8,-0.45906634426087356,10,10,1.0,0.0,0.009326508407090308,0.003802260140240113,0.009181348290429811,0.007184141078407973,0.011920545919742113,0.014281496378226014,1.0,10,10,1.0,0.0,0.008242771910587369,0.006446968012014326,0.006846066172129142,0.0023954030023292244,0.014342628917448978,0.01669815582343383,1.0
40,four_exp,0,0.5,0.02,231.0,0.4980680166164721,0,20,17,0.85,17,17,1.0,0.0,0.029863968179654775,0.017585952703430403,0.034375840646128725,0.01145714696048078,0.04421932796380057,0.04749678899468428,1.0,17,17,1.0,0.0,0.036097771273082065,0.02245570762946911,0.03937260862444325,0.01688269870946109,0.04587772329147444,0.062262910278520794,0.8823529411764706,0.5294117647058824,0.5294117647058824,-0.00738054390377818,3,3,1.0,0.0,0.0026102132731409496,0.002971384956405753,0.0011156768242624737,0.0008992404639764709,0.0035739178578661907,0.005048862478028421,1.0,3,3,1.0,0.0,0.012389990918067964,0.0061303226961026145,0.015854428652634978,0.010583128702690972,0.01592907200072846,0.015973858009584552,1.0
40,power_law,0,0.5,0.02,244.0,0.4999340482202355,0,20,20,1.0,20,20,1.0,0.05,0.01629154747829194,0.012390932575037183,0.011668602387595243,0.006140339994269727,0.02457382270501902,0.033880683334050296,0.6,20,20,1.0,0.05,0.014731409540878792,0.009350197824173612,0.014806369319465666,0.008336868654477617,0.02210257286468966,0.02729553126323943,0.6,0.5,0.5,-0.015006652941673705,0,0,,,,,,,,,,0,0,,,,,,,,,
40,rational_decay,0,0.5,0.02,205.0,0.5,0,20,0,0.0,0,0,,,,,,,,,,0,0,,,,,,,,,,,,,20,20,1.0,0.0,0.012973688367723396,0.009462476083844325,0.011011835025651256,0.005582652818187182,0.015881445229166288,0.023637239688028045,1.0,20,20,1.0,0.0,0.020827762921779534,0.01757587343047101,0.015177216327416254,0.009998440985980309,0.023896630584313565,0.04542528648196372,1.0
40,mixed_pow_rat,0,0.5,0.02,254.0,0.4990202976120709,0,20,14,0.7,14,14,1.0,0.0,0.016749340083374076,0.011771016143539148,0.014191415212888456,0.007577326898915777,0.02786946337725718,0.03190692789118609,1.0,14,14,1.0,0.0,0.032674381578644704,0.02799767907191467,0.027505720845161723,0.008237817674739245,0.04018745751998166,0.07764731597186983,0.7857142857142857,0.35714285714285715,0.35714285714285715,0.9579253125525375,6,6,1.0,0.0,0.011944588635925825,0.010232815394581662,0.012200521158379447,0.004864952087443895,0.014560505428622094,0.022157771658694946,1.0,6,6,1.0,0.0,0.015436939901267046,0.01031013078475182,0.012063482597253337,0.007202931518131273,0.02413980812989067,0.027691012170169463,1.0
40,multiphase,0,0.5,0.02,504.0,0.49983903719462197,0,20,20,1.0,20,20,1.0,0.0,0.03169246467208159,0.022544871028246174,0.028318063935856543,0.011549008097780505,0.0500586582461731,0.052395197280061964,1.0,20,20,1.0,0.0,0.05713943403275386,0.0460484831373374,0.04611649468839242,0.028364085132486342,0.06335416049770379,0.12917751721495943,0.8,0.4,0.4,0.2979576315257481,0,0,,,,,,,,,,0,0,,,,,,,,,
40,osc_exp,0,0.5,0.02,107.0,0.47832942079368884,0,20,2,0.1,2,2,1.0,0.5,0.03239747071782449,0.0024872395363533697,0.03239747071782449,0.03151809874652911,0.033276842689119866,0.03380446587189709,0.0,2,2,1.0,0.5,0.03149613219309967,0.002643407286497245,0.03149613219309967,0.03056154658423961,0.03243071780195974,0.03299146916727578,0.0,1.0,1.0,-0.028089077400463715,18,18,1.0,0.16666666666666666,0.01741046925417057,0.011163657562445278,0.0152188288769693,0.007233230254951005,0.029132679706238812,0.033047097098074615,0.6666666666666666,18,18,1.0,0.1111111111111111,0.017184193758837847,0.01185390045364767,0.014311540823528146,0.006362927776074459,0.02978917757692954,0.031427561301815954,0.5555555555555556
40,damped_osc_pow,0,0.5,0.02,260.0,0.49940767513390516,0,20,20,1.0,20,20,1.0,0.0,0.010132084784908063,0.008189053999524288,0.007358520409443415,0.0038883836022384783,0.014112906937454418,0.0197740302552877,0.95,20,20,1.0,0.0,0.012953678640319388,0.014565290993649647,0.008082648863061712,0.0023418801289277914,0.01685951660497626,0.029404244575093497,0.8,0.55,0.55,-0.07713648206733634,0,0,,,,,,,,,,0,0,,,,,,,,,
40,log_slow,0,0.5,0.02,8594.0,0.49999975284240333,0,20,20,1.0,20,20,1.0,0.0,0.05872200904168294,0.03590525607819633,0.056790438116693015,0.029325262131153974,0.07452826248027458,0.09436711474872549,0.85,20,20,1.0,0.0,0.08198137498975303,0.07761070427621268,0.06203730507190193,0.04452637240868586,0.09055858318845184,0.14702314307246916,0.7,0.6,0.6,-0.0777810195491797,0,0,,,,,,,,,,0,0,,,,,,,,,
40,delayed_plateau,0,0.5,0.02,160.0,0.49658484551706805,0,20,0,0.0,0,0,,,,,,,,,,0,0,,,,,,,,,,,,,20,20,1.0,0.0,0.042126439461831415,0.013001977696739732,0.048045352869692706,0.035556350555652184,0.05222194359271803,0.053554463894559506,1.0,20,20,1.0,0.0,0.022472154400358702,0.013533373824668628,0.02446233207673705,0.012725714334764875,0.032300705116375825,0.036506847901645684,1.0
40,staircase,0,0.5,0.02,170.0,0.2777777777777778,0,20,0,0.0,0,0,,,,,,,,,,0,0,,,,,,,,,,,,,20,20,1.0,0.0,0.10882373820663267,0.029470622219720813,0.12091119664336865,0.10371563153087308,0.1291251518604623,0.13297218804729702,0.7,20,20,1.0,0.0,0.069620603495368,0.02521627713715848,0.07864124306691306,0.05739727573925901,0.09037442957637726,0.09409024453311848,1.0
40,noisy_plateau,0,0.5,0.02,104.0,0.4965853037914094,0,20,20,1.0,20,20,1.0,0.1,0.0008338832720949301,0.0005493763135792932,0.0008509584493677988,0.0004571254888440842,0.0010708032081427378,0.0012253519837690432,0.7,20,20,1.0,0.1,0.0007936877175187953,0.0006655104245558742,0.0006625392044101149,0.0003085160318477267,0.0010290621256581521,0.0012949931483119998,0.75,0.5,0.5,-0.007854672601268937,0,0,,,,,,,,,,0,0,,,,,,,,,
40,slow_osc_power,0,0.5,0.02,415.0,0.49840630355024784,0,20,19,0.95,19,19,1.0,0.15789473684210525,0.031202174934111194,0.02537937200025861,0.021539281159451473,0.014998497526484985,0.03795455283730412,0.06554416515112034,0.3684210526315789,19,19,1.0,0.21052631578947367,0.040899537050698376,0.043187312897396336,0.025048259162853526,0.015926971385420027,0.044437739341779955,0.09001205881409087,0.2631578947368421,0.2631578947368421,0.2631578947368421,0.1692348677957199,1,1,1.0,0.0,0.07816553463871923,,0.07816553463871923,0.07816553463871923,0.07816553463871923,0.07816553463871923,0.0,1,1,1.0,0.0,0.07450191848099608,,0.07450191848099608,0.07450191848099608,0.07450191848099608,0.07450191848099608,0.0
40,log_oscillatory,0,0.5,0.02,533.0,0.49841524754235217,0,20,20,1.0,20,20,1.0,0.0,0.02420474140432389,0.019085447951240928,0.022834953807030926,0.007548227207405847,0.032613956909294334,0.05051269173295305,0.95,20,20,1.0,0.0,0.020948207604804567,0.015715623359153347,0.0201535525310836,0.006790155726701403,0.028286030457549852,0.041923772322564175,1.0,0.85,0.85,-0.13930037475961393,0,0,,,,,,,,,,0,0,,,,,,,,,
40,heavy_noise_plat,0,0.5,0.02,97.0,0.49658530379140886,0,20,20,1.0,20,20,1.0,0.0,0.006592740144623499,0.005590029500502065,0.005533574418487536,0.002559402626342631,0.009833374074827934,0.011923580633526375,0.7,20,20,1.0,0.0,0.0038759108564091053,0.0027986393648350635,0.002695059029577773,0.002205956639075971,0.004680625895429603,0.008291438853110298,0.9,0.6,0.6,-0.2932509949445449,0,0,,,,,,,,,,0,0,,,,,,,,,
40,broken_power_law,0,0.5,0.02,514.0,0.49991211917454004,0,20,20,1.0,20,20,1.0,0.25,0.28908453225003394,0.030511636969259546,0.28801431069693173,0.2725587873151098,0.3016193856675825,0.32454946699763887,0.0,20,20,1.0,0.0,0.04919482951165964,0.003690138977888927,0.04932411982175579,0.047573017990021504,0.05113839968775523,0.05395681249212383,0.9,1.0,1.0,-0.8265853561838816,0,0,,,,,,,,,,0,0,,,,,,,,,
40,stretched_exp,1,0.5,0.02,193.0,0.49828241532615414,0,20,5,0.25,5,5,1.0,0.0,0.03006589791362448,0.013814355082207942,0.028324368773385622,0.023978222772750052,0.039787612507854966,0.0440099690130567,1.0,5,5,1.0,0.0,0.02880506640306419,0.013910673454132981,0.025933579720906277,0.018981243348218102,0.040581440163779306,0.04356014808814861,1.0,0.4,0.4,0.019951628305609447,15,15,1.0,0.0,0.010845485654574698,0.00893768708681811,0.008858454472869884,0.00390943717970936,0.01687485163642574,0.024619918120251383,1.0,15,15,1.0,0.0,0.019033575909265,0.016313427087976014,0.01743706439375603,0.00764931868811939,0.024826111828321576,0.03421838786176624,0.9333333333333333
40,logistic_tail,1,0.5,0.02,105.0,0.47748855939048196,0,20,0,0.0,0,0,,,,,,,,,,0,0,,,,,,,,,,,,,20,20,1.0,0.05,0.10900978311476858,0.015053904659772556,0.1154912783362228,0.1078706054041372,0.11781809684851757,0.11975812545577648,0.0,20,20,1.0,0.05,0.09108817564713512,0.024529919407657898,0.10164531240045296,0.0901124208115705,0.10436711976686375,0.10824506935498629,0.1
40,inv_sqrt_log,1,0.5,0.02,245.0,0.4997783934707863,0,20,20,1.0,20,20,1.0,0.05,0.012769779168059672,0.010551762798268005,0.009872465312698517,0.006172450721611048,0.01891841013611196,0.024380819975047374,0.7,20,20,1.0,0.1,0.011633218055187694,0.006921482259348712,0.012156339086047154,0.00593784154017224,0.016123982442838646,0.019439048603965885,0.55,0.65,0.65,-0.08669423280041474,0,0,,,,,,,,,,0,0,,,,,,,,,
40,random_knots,1,0.5,0.02,314.5,0.49936083587279756,0,20,20,1.0,20,20,1.0,0.0,0.016284371155767995,0.016403903235712152,0.009669727514626195,0.006610564063607542,0.018920643879451582,0.039733104623812805,0.9,20,20,1.0,0.0,0.028292455214926494,0.02484317104574187,0.017132106155346348,0.012792125076878397,0.03952499596042901,0.05678830751056224,0.8,0.25,0.25,0.8309029886480389,0,0,,,,,,,,,,0,0,,,,,,,,,
40,real_boot_a,1,0.5,0.02,203.0,0.49951204685092926,0,20,8,0.4,8,8,1.0,0.0,0.03328255744141706,0.009880508248278314,0.03621569442674674,0.031787137006505296,0.03846842638455682,0.04057215236189203,1.0,8,8,1.0,0.0,0.030615024548725618,0.012491681927246324,0.037268472580890666,0.017853615396442927,0.03977421371385978,0.041158916227095145,1.0,0.375,0.375,0.02212204741229634,12,12,1.0,0.0,0.018395997283906677,0.012845271902541531,0.017675178087480342,0.010757524325188637,0.02146757234307423,0.0355249818450184,1.0,12,12,1.0,0.0,0.020221860216537102,0.013838547395129958,0.021312444198726507,0.0110549068983418,0.026037957362367123,0.03733684364410213,1.0
40,real_boot_b,1,0.5,0.02,172.0,0.496916665259355,0,20,20,1.0,20,20,1.0,0.0,0.009785407597116977,0.008260855254722848,0.005902395607841615,0.0031571376095694496,0.014887815109762925,0.022773319433327957,0.8,20,20,1.0,0.0,0.01008451387343332,0.009659495562683968,0.0056556317343870455,0.002603081747085541,0.013874525175083169,0.024684815801963165,0.8,0.55,0.55,-0.010932964527867971,0,0,,,,,,,,,,0,0,,,,,,,,,
40,single_exp,0,0.1,0.0,148.0,0.09827358560436156,0,20,0,0.0,0,0,,,,,,,,,,0,0,,,,,,,,,,,,,20,20,1.0,0.0,0.018955927801808176,0.007444946801839632,0.017468739949287174,0.012060469151281542,0.0280406984353556,0.02804069849690538,0.65,20,20,1.0,0.0,0.019478993860102694,0.005976199851323314,0.019260576523076785,0.015189698830536254,0.02625728204694547,0.026257282089498058,0.4
40,two_exp,0,0.1,0.0,218.0,0.09985826346226055,0,20,0,0.0,0,0,,,,,,,,,,0,0,,,,,,,,,,,,,20,20,1.0,0.0,0.028101767426027647,0.012082933787341823,0.03046846707124306,0.01389371444450813,0.038737184666872294,0.0401445754590916,1.0,20,20,1.0,0.0,0.024670892491868573,0.009455867512522465,0.029802567384597103,0.019897218276869633,0.029861350850119824,0.030844566783685898,1.0
40,three_exp,0,0.1,0.0,377.0,0.09988829507506856,0,20,0,0.0,0,0,,,,,,,,,,0,0,,,,,,,,,,,,,20,20,1.0,0.0,0.027677117477844283,0.014415163324624084,0.031445907124307615,0.01499754376464267,0.0410903703085307,0.04311992856599944,1.0,20,20,1.0,0.0,0.019061921848565304,0.004462939099733609,0.016043360552627797,0.01604335975422344,0.02262971270132419,0.026628825416722714,1.0
40,four_exp,0,0.1,0.0,631.0,0.09977805552230239,0,20,0,0.0,0,0,,,,,,,,,,0,0,,,,,,,,,,,,,20,20,1.0,0.0,0.018672658604456372,0.010861160339665618,0.0170059481801463,0.011966783506929951,0.02513280760161006,0.03314764648467269,1.0,20,20,1.0,0.0,0.02692752914721333,2.0269081345612587e-10,0.026927529084875272,0.026927529052958647,0.026927529127603753,0.026927529200241093,1.0
40,power_law,0,0.1,0.0,2441.0,0.09997859122064488,0,20,2,0.1,2,2,1.0,0.0,0.0005372107383579683,2.508365188637956e-10,0.0005372107383579683,0.0005372106496738666,0.00053721082704207,0.000537210880252531,1.0,2,2,1.0,0.0,0.005006229883993629,2.3872258825575536e-09,0.005006229883993629,0.005006229039981824,0.005006230728005434,0.005006231234412517,1.0,0.0,0.0,8.318931150363074,18,18,1.0,0.0,0.0005367869450140722,1.4635842924089789e-06,0.0005372035025964818,0.0005371865719060037,0.0005372104622517345,0.0005372109102585747,1.0,18,18,1.0,0.0,0.005006248690762284,3.997787384975966e-08,0.005006229906968165,0.0050062282322664705,0.005006250155961299,0.005006293124140216,1.0
40,rational_decay,0,0.1,0.0,1125.0,0.09999999999999999,0,20,0,0.0,0,0,,,,,,,,,,0,0,,,,,,,,,,,,,20,20,1.0,0.0,0.03399918065140993,0.02095588838880394,0.04952160354873659,0.005456095063118562,0.04952160965441316,0.04952161164478401,1.0,20,20,1.0,0.0,1.4963895931391358e-09,4.450923181287012e-09,1.5495521532571388e-12,1.0091927293842673e-13,8.198376005852381e-11,1.6572703320783163e-09,1.0
40,mixed_pow_rat,0,0.1,0.0,2260.0,0.09998848741275486,0,20,0,0.0,0,0,,,,,,,,,,0,0,,,,,,,,,,,,,20,20,1.0,0.0,0.02725223315114474,0.0269035809965355,0.017526107035451148,0.003460222733328782,0.0502407650959078,0.06656617406870566,1.0,20,20,1.0,0.0,0.010479601061615818,2.704416958426698e-10,0.010479600934322635,0.010479600838973964,0.01047960132263953,0.0104796014586548,1.0
40,multiphase,0,0.1,0.0,3852.0,0.0999996544626016,0,20,0,0.0,0,0,,,,,,,,,,0,0,,,,,,,,,,,,,20,20,1.0,0.0,0.1277485078412673,1.4676324511602716e-05,0.12775364667413708,0.12775327491844196,0.12775364678410422,0.12775364680196344,1.0,20,20,1.0,0.0,0.12429741531904119,6.348759066637403e-10,0.12429741568903944,0.1242974149674874,0.12429741577127526,0.12429741579706544,1.0
40,osc_exp,0,0.1,0.0,165.0,0.09570953042125925,0,20,0,0.0,0,0,,,,,,,,,,0,0,,,,,,,,,,,,,20,20,1.0,0.0,0.031112461065539165,0.01836463652393142,0.027736487133087597,0.022195008157923565,0.04508179667185728,0.05602927789609256,0.75,20,20,1.0,0.0,0.041298167938020325,0.02891088612860431,0.028708277015323913,0.023318717465123383,0.060603756693924815,0.08511624862499773,0.7
40,damped_osc_pow,0,0.1,0.0,3014.0,0.09999319502597674,0,20,1,0.05,1,1,1.0,0.0,0.0017605943651275435,,0.0017605943651275435,0.0017605943651275435,0.0017605943651275435,0.0017605943651275435,1.0,1,1,1.0,0.0,0.00946827764785474,,0.00946827764785474,0.00946827764785474,0.00946827764785474,0.00946827764785474,1.0,0.0,0.0,4.377887056436662,19,19,1.0,0.0,0.0017601064320657263,9.942362015195358e-07,0.0017605912876552388,0.0017603206001384816,0.0017605946666937131,0.001760594953864865,1.0,19,19,1.0,0.0,0.009468280838269795,1.3087170989358163e-08,0.00946827710345563,0.009468276963437447,0.009468277827526175,0.009468282162731143,1.0
40,log_slow,0,0.1,0.0,50000.0,0.41863546463489004,1,20,2,0.1,2,2,1.0,0.0,0.01794773788636697,8.135480302117195e-08,0.01794773788636697,0.017947709123100522,0.01794776664963342,0.01794778390759329,1.0,2,2,1.0,0.0,0.05390994298486196,9.652457408250243e-12,0.05390994298486196,0.0539099429814493,0.05390994298827462,0.053909942990322215,1.0,0.0,0.0,2.003717979766439,18,18,1.0,0.0,0.017947833937627722,3.3134654020193483e-07,0.017947684168372856,0.017947679427837614,0.017947807232254115,0.01794810490129796,1.0,18,18,1.0,0.0,0.05390994350092887,1.6099865465617304e-09,0.05390994278686173,0.053909942562795715,0.053909943714044964,0.05390994547517726,1.0
40,delayed_plateau,0,0.1,0.0,321.0,0.09926115995627992,0,20,0,0.0,0,0,,,,,,,,,,0,0,,,,,,,,,,,,,20,20,1.0,0.0,0.06768794827236013,0.018576929855396246,0.07828232942575908,0.06004829684452415,0.08215005689377916,0.08299775668471403,1.0,20,20,1.0,0.0,0.05867439831808141,2.788373436677468e-09,0.058674397760642226,0.058674397310828796,0.05867439789346418,0.058674399223229846,1.0
40,staircase,0,0.1,0.0,320.0,0.0,0,20,0,0.0,0,0,,,,,,,,,,0,0,,,,,,,,,,,,,20,20,1.0,0.0,0.08602168887110254,0.03837079896950459,0.1021511019487291,0.07553451373244685,0.11540656447863494,0.11761071281853551,1.0,20,20,1.0,0.0,0.04796909596964118,0.02279993658045483,0.05149564106847475,0.022785543203814755,0.07115455539675725,0.07438456092707604,1.0
40,noisy_plateau,0,0.1,0.0,137.0,0.09536916221554956,0,20,20,1.0,20,20,1.0,0.1,0.0015500551693257273,0.0014665277740776074,0.0008834841782982272,0.0005849780924062145,0.0024568340329953805,0.0035600270464224643,0.5,20,20,1.0,0.1,0.0017213910335572597,0.0019343496110664337,0.0009445327821448191,0.0005129502250383403,0.0020549290012173045,0.0037662895802636673,0.55,0.35,0.35,0.22206954075512225,0,0,,,,,,,,,,0,0,,,,,,,,,
40,slow_osc_power,0,0.1,0.0,3483.0,0.09996889692898078,0,20,0,0.0,0,0,,,,,,,,,,0,0,,,,,,,,,,,,,20,20,1.0,0.0,0.016600116285994775,0.003612008611151123,0.018887115892874784,0.013713775933874243,0.018887116032450815,0.018887166023033735,1.0,20,20,1.0,0.0,0.01976277331388034,0.0060579130829314385,0.023923334595014084,0.013404489882694326,0.023923334684940838,0.023923336040180643,1.0
40,log_oscillatory,0,0.1,0.0,50000.0,0.2992564263745022,1,20,20,1.0,20,20,1.0,0.0,0.009331498370981949,4.0767025834214535e-08,0.009331512717793207,0.009331469927433243,0.009331529703252173,0.009331540381354562,1.0,20,20,1.0,0.0,0.000170122147614072,1.6085497087562055e-08,0.000170116285253763,0.00017010975448061155,0.00017013367637986818,0.00017013569338208135,1.0,1.0,1.0,-0.9817696377484797,0,0,,,,,,,,,,0,0,,,,,,,,,
40,heavy_noise_plat,0,0.1,0.0,114.0,0.09071795328941246,0,20,20,1.0,20,20,1.0,0.1,0.0024248628750522744,0.0015331323683780119,0.002049296621347057,0.0016114688170812547,0.0030157252517319247,0.004175336422977836,0.7,20,20,1.0,0.05,0.0010793166547403532,0.001062779835264556,0.000643989223013907,0.00033682115023285844,0.0017130774533432834,0.0029899649187277166,0.75,0.7,0.7,-0.6221210400546767,0,0,,,,,,,,,,0,0,,,,,,,,,
40,broken_power_law,0,0.1,0.0,28776.0,0.09999962012267244,0,20,20,1.0,20,20,1.0,0.0,0.4156604388347825,2.8069011822517986e-07,0.41566036813018276,0.41566034174850663,0.41566047350953844,0.41566069040260895,0.0,20,20,1.0,0.0,0.10174676845848743,2.0189759045975053e-08,0.10174676132585524,0.10174676127883409,0.10174676204971463,0.10174677632785654,1.0,1.0,1.0,-0.7552165904080665,0,0,,,,,,,,,,0,0,,,,,,,,,
40,stretched_exp,1,0.1,0.0,579.0,0.09979846505939677,0,20,0,0.0,0,0,,,,,,,,,,0,0,,,,,,,,,,,,,20,20,1.0,0.0,0.02386005863307755,0.010850285230817647,0.024636296164509373,0.01667392105068298,0.027928881203132055,0.040364680977580156,1.0,20,20,1.0,0.0,0.002637856761297938,0.003902558802667635,0.0003230928669503974,0.0003230926058939293,0.0029025057427515856,0.010109919426949785,1.0
40,logistic_tail,1,0.1,0.0,135.0,0.09609894819901184,0,20,0,0.0,0,0,,,,,,,,,,0,0,,,,,,,,,,,,,20,20,1.0,0.0,0.11085695476898294,0.02281507883057405,0.12028181339815715,0.11007354467367966,0.12384478140773644,0.1271321943417502,0.15,20,20,1.0,0.0,0.08845622564702517,0.028146257949559373,0.10062516988972284,0.08499443758686545,0.10596363399761953,0.11083309631564184,0.25
40,inv_sqrt_log,1,0.1,0.0,2929.0,0.09999046875803731,0,20,4,0.2,4,4,1.0,0.0,0.0008655995856117205,4.5642433578946814e-10,0.0008655996997044696,0.0008655994191355335,0.0008655998661806566,0.0008655999416977117,1.0,4,4,1.0,0.0,0.0032138607123642637,2.8808437772818945e-09,0.003213861754184255,0.003213860317492323,0.003213862149056196,0.0032138625833092794,1.0,0.0,0.0,2.7128726404856094,16,16,1.0,0.0,0.0008655997822416821,3.059773335132265e-09,0.0008655998553518188,0.0008655988036800925,0.0008655999956340965,0.0008656001970904744,1.0,16,16,1.0,0.0,0.0032139282234994234,1.1407399837873214e-06,0.003213863721792504,0.003213861239808561,0.003213906316905363,0.0032145296449129068,1.0
40,random_knots,1,0.1,0.0,4730.0,0.09999546250252596,1,20,1,0.05,1,1,1.0,0.0,0.001912542124318295,,0.001912542124318295,0.001912542124318295,0.001912542124318295,0.001912542124318295,1.0,1,1,1.0,0.0,0.001009756802791445,,0.001009756802791445,0.001009756802791445,0.001009756802791445,0.001009756802791445,1.0,1.0,1.0,-0.4720342156378062,19,19,1.0,0.0,0.009866091391604196,0.014834388641048682,0.0056496964136546896,0.002549912547622427,0.01028261339323424,0.01988139801601519,1.0,19,19,1.0,0.0,0.022712657805400528,0.024522292308508876,0.010592343752933386,0.008929821751070205,0.027170593358383337,0.06101943465489077,1.0
40,real_boot_a,1,0.1,0.0,413.0,0.09900189826125952,0,20,0,0.0,0,0,,,,,,,,,,0,0,,,,,,,,,,,,,20,20,1.0,0.0,0.030793548431149904,0.017202188688479978,0.030331332231120813,0.01987265127945799,0.048608226759681655,0.0492562110740388,1.0,20,20,1.0,0.0,0.030744564601356744,3.5738641061942663e-09,0.030744563071480185,0.03074456266061783,0.03074456462423817,0.03074456898031736,1.0
40,real_boot_b,1,0.1,0.0,364.0,0.09935491603410883,0,20,0,0.0,0,0,,,,,,,,,,0,0,,,,,,,,,,,,,20,20,1.0,0.0,0.0006466327135261535,0.0003262297686850669,0.0005956752864713782,0.0005956749315784108,0.0005971128555878431,0.0006851220980826469,1.0,20,20,1.0,0.0,0.001703491291803142,0.0005249817754920935,0.0019044722594611894,0.001904471906483473,0.0019044722660278594,0.0019044726178861493,1.0
40,single_exp,0,0.1,0.005,148.0,0.09827358560436156,0,20,0,0.0,0,0,,,,,,,,,,0,0,,,,,,,,,,,,,20,20,1.0,0.0,0.01863154469182122,0.007045201641128256,0.017363408053682965,0.012473313604777462,0.024724039584651122,0.02841762606563178,0.55,20,20,1.0,0.0,0.019177793122294375,0.005685406106950314,0.01912700764764133,0.015580114890189286,0.023081303761895735,0.026618526856857734,0.45
40,two_exp,0,0.1,0.005,218.0,0.09985826346226055,0,20,0,0.0,0,0,,,,,,,,,,0,0,,,,,,,,,,,,,20,20,1.0,0.0,0.02559979343831239,0.013901883595973044,0.02826831612468219,0.01371259234710382,0.03823255954955832,0.03993059634678776,1.0,20,20,1.0,0.0,0.024806586459215425,0.014729234946732197,0.028704458596098294,0.01274171505042465,0.032650630121408834,0.04221345213175314,1.0
40,three_exp,0,0.1,0.005,377.0,0.09988829507506856,0,20,0,0.0,0,0,,,,,,,,,,0,0,,,,,,,,,,,,,20,20,1.0,0.0,0.02862218436845932,0.015475915658171972,0.027939760536304717,0.020006506240387238,0.04141435964086743,0.043664040468304584,1.0,20,20,1.0,0.0,0.01984855107864463,0.016313103943407552,0.016958806589816067,0.007046487959273052,0.02692570809672918,0.03807140388365925,1.0
40,four_exp,0,0.1,0.005,631.0,0.09977805552230239,0,20,0,0.0,0,0,,,,,,,,,,0,0,,,,,,,,,,,,,20,20,1.0,0.0,0.03795117861014509,0.025253058696390086,0.03233546781474782,0.017994218341210066,0.0640108325550266,0.07509392212300144,1.0,20,20,1.0,0.0,0.05136680487530566,0.02787739967943133,0.04882870459502937,0.030908297510218667,0.0759280609277347,0.07913743899568927,1.0
40,power_law,0,0.1,0.005,2441.0,0.09997859122064488,0,20,14,0.7,14,14,1.0,0.0,0.011315411673126826,0.008117161509995323,0.010133240065065448,0.004830362474183576,0.01648908015868564,0.018836664009009865,1.0,14,14,1.0,0.0,0.019172702061801033,0.02906483914741387,0.00972191365443554,0.00659979311807544,0.012950604345752164,0.034204004490939695,0.8571428571428571,0.35714285714285715,0.35714285714285715,0.45431032489678236,6,6,1.0,0.0,0.015469233057471625,0.0075895842066610346,0.013719594832723024,0.013432606131500886,0.01763541358144552,0.02347387258811426,1.0,6,6,1.0,0.0,0.01542245969814967,0.01614086061626984,0.008503174500077251,0.007389270993567815,0.012191643993718295,0.030559841968186036,0.8333333333333334
40,rational_decay,0,0.1,0.005,1125.0,0.09999999999999999,0,20,0,0.0,0,0,,,,,,,,,,0,0,,,,,,,,,,,,,20,20,1.0,0.0,0.029751934574562527,0.027891823635959465,0.01809329304838142,0.009707310418423678,0.04998181774621435,0.07525744049775775,1.0,20,20,1.0,0.0,0.029047631785592238,0.019554538797452486,0.027947866126035552,0.016465890581990692,0.03602619289605385,0.048568436499228824,1.0
40,mixed_pow_rat,0,0.1,0.005,2260.0,0.09998848741275486,0,20,0,0.0,0,0,,,,,,,,,,0,0,,,,,,,,,,,,,20,20,1.0,0.0,0.032538330411192765,0.024365349127219077,0.03352066179556765,0.005564604938624305,0.05257083445775232,0.06300939202183053,1.0,20,20,1.0,0.0,0.0416643056446994,0.028971686882298557,0.035380885499957423,0.018004226425332198,0.06276193455518789,0.08142542528298087,1.0
40,multiphase,0,0.1,0.005,3852.0,0.0999996544626016,0,20,0,0.0,0,0,,,,,,,,,,0,0,,,,,,,,,,,,,20,20,1.0,0.0,0.10408776821311087,0.03943109005842698,0.12011817110774563,0.09920082772440825,0.1289706290879544,0.13280607361130978,1.0,20,20,1.0,0.0,0.10960603063976375,0.03034795678382163,0.12058238362981973,0.11263522076462054,0.12603073498617962,0.1297182955932771,1.0
40,osc_exp,0,0.1,0.005,165.0,0.09570953042125925,0,20,0,0.0,0,0,,,,,,,,,,0,0,,,,,,,,,,,,,20,20,1.0,0.0,0.031077481269116254,0.018358556137184998,0.02737708137980941,0.022007669617812427,0.044889350446886724,0.05454678892566148,0.75,20,20,1.0,0.0,0.039892185830859336,0.02663063574219783,0.028863433490257804,0.02354413021326736,0.058858849947895954,0.07484878038377973,0.7
40,damped_osc_pow,0,0.1,0.005,3014.0,0.09999319502597674,0,20,1,0.05,1,1,1.0,0.0,0.03205308802516915,,0.03205308802516915,0.03205308802516915,0.03205308802516915,0.03205308802516915,1.0,1,1,1.0,0.0,0.025505009742606832,,0.025505009742606832,0.025505009742606832,0.025505009742606832,0.025505009742606832,1.0,1.0,1.0,-0.20428853149564094,19,19,1.0,0.0,0.024429590414532455,0.01625902380104062,0.023460780014066117,0.017369960350360175,0.026879625250137065,0.03889660504259633,0.8947368421052632,19,19,1.0,0.0,0.029936069244645775,0.052165997116029504,0.01624738298014046,0.011186421145812742,0.020339499517239065,0.047000725507024214,0.8947368421052632
40,log_slow,0,0.1,0.005,50000.0,0.41863546463489004,1,20,2,0.1,2,2,1.0,0.0,0.020201550121616313,0.014075660155084019,0.020201550121616313,0.015225052748947712,0.025178047494284914,0.028163945917886075,1.0,2,2,1.0,0.0,0.05711761439037971,0.006739927522003598,0.05711761439037971,0.05473469016262242,0.059500538618137006,0.060930293154791385,1.0,0.0,0.0,2.5802097241540323,18,18,1.0,0.0,0.06138544263416374,0.02060301851924763,0.06663352535713565,0.046124207393037145,0.07272266087360343,0.08429544035812944,1.0,18,18,1.0,0.0,0.061791104861790146,0.031013793620479593,0.06496339227967313,0.05335096104350014,0.07123830844237333,0.08123033066123568,0.9444444444444444
40,delayed_plateau,0,0.1,0.005,321.0,0.09926115995627992,0,20,0,0.0,0,0,,,,,,,,,,0,0,,,,,,,,,,,,,20,20,1.0,0.0,0.06769473325735392,0.01859600189296156,0.07810280648034823,0.060303756587652364,0.08206498530489628,0.08243386176805084,1.0,20,20,1.0,0.0,0.058039394448977065,0.005303876221857772,0.05787507853834116,0.054928952024732455,0.06227372754632522,0.06382209176724225,1.0
40,staircase,0,0.1,0.005,320.0,0.0,0,20,0,0.0,0,0,,,,,,,,,,0,0,,,,,,,,,,,,,20,20,1.0,0.0,0.08595591220704465,0.038343103634777685,0.10256063953411014,0.0750389814174684,0.11531105303849193,0.11751998604867167,1.0,20,20,1.0,0.0,0.04906270263883452,0.021493271048549274,0.05172027275400509,0.02865707288331979,0.0710976147984329,0.07433926955546019,1.0
40,noisy_plateau,0,0.1,0.005,137.0,0.09536916221554956,0,20,20,1.0,20,20,1.0,0.15,0.0016440105421594246,0.0012804693423194857,0.0012415797800348653,0.0007743636016292596,0.0026435106734305405,0.0027856921129907424,0.7,20,20,1.0,0.1,0.0016048030262477502,0.0014149774460387272,0.0012110448185516749,0.0006757982315044675,0.0022336443491276503,0.0033725633960647984,0.65,0.45,0.45,0.15958855725849863,0,0,,,,,,,,,,0,0,,,,,,,,,
40,slow_osc_power,0,0.1,0.005,3483.0,0.09996889692898078,0,20,0,0.0,0,0,,,,,,,,,,0,0,,,,,,,,,,,,,20,20,1.0,0.0,0.017073447276625537,0.007092384400473859,0.01459982880121012,0.013713384534033392,0.019713674013591087,0.021680901789466,0.9,20,20,1.0,0.0,0.019707999356064383,0.00702296118351114,0.019761866480304452,0.013404026204956851,0.02453932281030048,0.026286273573237973,0.8
40,log_oscillatory,0,0.1,0.005,50000.0,0.2992564263745022,1,20,20,1.0,20,20,1.0,0.0,0.011133550338335366,0.005757564228224525,0.012176584313026803,0.005696746686014994,0.016604891667287482,0.01771713821480627,1.0,20,20,1.0,0.0,0.003733041635413016,0.0019080669942120312,0.003513607916437962,0.0026388671718595227,0.005181455637830817,0.006578226363824804,1.0,0.95,0.95,-0.6887539364547259,0,0,,,,,,,,,,0,0,,,,,,,,,
40,heavy_noise_plat,0,0.1,0.005,114.0,0.09071795328941246,0,20,20,1.0,20,20,1.0,0.15,0.002702570020375001,0.0016750055421412067,0.002578395284684632,0.0018614285103659095,0.0030963255821845467,0.0035386530117391154,0.7,20,20,1.0,0.1,0.0014690835109682802,0.0012577331548213398,0.0011194903760665155,0.0004999440675581392,0.0021507674117521632,0.003491379945328872,0.85,0.65,0.65,-0.3403469524022789,0,0,,,,,,,,,,0,0,,,,,,,,,
40,broken_power_law,0,0.1,0.005,28776.0,0.09999962012267244,0,20,20,1.0,20,20,1.0,0.0,0.41563835927371234,0.010838609828594505,0.41810476642776384,0.40914475835903147,0.422801205117103,0.4268682533605921,0.0,20,20,1.0,0.0,0.1020210428671863,0.0008859700874829254,0.1017568029585116,0.10147208891737827,0.10273039799579084,0.10321421899088015,1.0,1.0,1.0,-0.7553265467584216,0,0,,,,,,,,,,0,0,,,,,,,,,
40,stretched_exp,1,0.1,0.005,579.0,0.09979846505939677,0,20,0,0.0,0,0,,,,,,,,,,0,0,,,,,,,,,,,,,20,20,1.0,0.0,0.026608278458926538,0.01695514105468076,0.027301697603722412,0.0115887635101506,0.03695012195988022,0.04884149796637961,1.0,20,20,1.0,0.0,0.027805912016576412,0.021434521840938452,0.023873702279755063,0.010842390538521512,0.053906557662002516,0.05583523966274817,1.0
40,logistic_tail,1,0.1,0.005,135.0,0.09609894819901184,0,20,0,0.0,0,0,,,,,,,,,,0,0,,,,,,,,,,,,,20,20,1.0,0.0,0.11082553920782019,0.023001885915409002,0.11990607845473993,0.11017429533377608,0.12400724967602361,0.12727127195042712,0.1,20,20,1.0,0.0,0.0884116496015615,0.028398072925276532,0.10019413618021487,0.08507841742718686,0.10614838308516641,0.11097362016918912,0.3
40,inv_sqrt_log,1,0.1,0.005,2929.0,0.09999046875803731,0,20,20,1.0,20,20,1.0,0.0,0.012711713793986718,0.009283580602332623,0.010183403269374225,0.007169752612994014,0.014614929292654198,0.025950645060371626,0.8,20,20,1.0,0.1,0.020845167649418832,0.03535400748511934,0.007762832210398432,0.004374403554316834,0.012432976645162097,0.07032634044327067,0.75,0.6,0.6,-0.3650516699999017,0,0,,,,,,,,,,0,0,,,,,,,,,
40,random_knots,1,0.1,0.005,4730.0,0.09999546250252596,1,20,7,0.35,7,7,1.0,0.0,0.017624349635119805,0.012541046589615489,0.0186826633670242,0.009632925000896823,0.02278704930493205,0.03061189001928405,0.7142857142857143,7,7,1.0,0.14285714285714285,0.020046956559591916,0.02147395008302474,0.01529251548277762,0.00981331880626582,0.0178704804611362,0.038299225104007004,0.8571428571428571,0.5714285714285714,0.5714285714285714,-0.18145956053730303,13,13,1.0,0.0,0.02624051518310006,0.0317317738220643,0.017511898273048526,0.007586599324072657,0.026089734262036438,0.05567131131185218,1.0,13,13,1.0,0.0,0.02744174624219355,0.027850216594247624,0.0212995896460825,0.010509925881827031,0.02948693707397006,0.04296963608344029,1.0
40,real_boot_a,1,0.1,0.005,413.0,0.09900189826125952,0,20,0,0.0,0,0,,,,,,,,,,0,0,,,,,,,,,,,,,20,20,1.0,0.0,0.03668308753039372,0.017848906904588464,0.03697803051294999,0.02513593662550711,0.04933711294899333,0.05540966336295758,1.0,20,20,1.0,0.0,0.036459692108822515,0.02616332736624096,0.028661364232770263,0.0179979727378506,0.050249515570001485,0.06633563353203074,1.0
40,real_boot_b,1,0.1,0.005,364.0,0.09935491603410883,0,20,0,0.0,0,0,,,,,,,,,,0,0,,,,,,,,,,,,,20,20,1.0,0.0,0.010237596309479718,0.011290003066664533,0.005314360855130899,0.0023342640086428997,0.01705057306052471,0.023442503797291556,1.0,20,20,1.0,0.0,0.008784284729215781,0.011850603624662535,0.0036324137198183205,0.0027139018551774795,0.011381711317316918,0.01638980517135303,0.95
40,single_exp,0,0.1,0.02,148.0,0.09827358560436156,0,20,12,0.6,12,12,1.0,0.08333333333333333,0.01409710470238674,0.003740637803708774,0.014773620600030998,0.012416662121097278,0.01686624470005388,0.018146428194472826,0.75,12,12,1.0,0.08333333333333333,0.015191417128838166,0.00391635966876617,0.01567557141695317,0.012669632029550577,0.018315372979303968,0.01984110393347471,0.75,0.16666666666666666,0.16666666666666666,0.10530785943371386,8,8,1.0,0.125,0.026209529611285354,0.013614860859032773,0.02820386429798035,0.012666596351263725,0.034800954991666744,0.04290113949911335,0.5,8,8,1.0,0.125,0.0269865614257912,0.012038940432631564,0.027637773547233124,0.015594207285078324,0.038468728546839685,0.04004806047357323,0.375
40,two_exp,0,0.1,0.02,218.0,0.09985826346226055,0,20,0,0.0,0,0,,,,,,,,,,0,0,,,,,,,,,,,,,20,20,1.0,0.0,0.02747708915092631,0.012939178672571912,0.030548715406806915,0.021055662404111428,0.03708070229907422,0.041331406576589465,1.0,20,20,1.0,0.0,0.0282835149939619,0.01956725046145785,0.029999591007240426,0.014795900584354234,0.03485310865762328,0.043186702728230913,1.0
40,three_exp,0,0.1,0.02,377.0,0.09988829507506856,0,20,10,0.5,10,10,1.0,0.0,0.04418455920228738,0.01606828591527938,0.0425539310076664,0.031133619075154106,0.05273725187782118,0.06870120738264378,1.0,10,10,1.0,0.0,0.03500809449846486,0.025252718862337632,0.028340928529553194,0.021220690469960637,0.05296395008917833,0.07080357788266248,1.0,0.6,0.6,-0.35028145934023547,10,10,1.0,0.0,0.02402284469706422,0.007398866370819436,0.02323626593560769,0.019050510424821573,0.027509856503789336,0.03125295269754531,1.0,10,10,1.0,0.0,0.025916688937154885,0.014060885688700226,0.02860340828897762,0.01207201986318903,0.034342707357265585,0.04322695833549924,1.0
40,four_exp,0,0.1,0.02,631.0,0.09977805552230239,0,20,17,0.85,17,17,1.0,0.0,0.06270542460171592,0.03137326172753462,0.07086121016785704,0.03899762824726405,0.08983723889829376,0.09558997811078242,1.0,17,17,1.0,0.0,0.07902087975829956,0.05294641883556408,0.08454911818282768,0.038833695828570006,0.09414282436913546,0.13652419875048413,0.8823529411764706,0.5294117647058824,0.5294117647058824,-0.0004398292531824221,3,3,1.0,0.0,0.021787456218968815,0.008469319549392448,0.01840597558432161,0.01696862518948387,0.024915546931130163,0.028821289739215297,1.0,3,3,1.0,0.0,0.031838120501436605,0.022957451040518675,0.04155798051540498,0.023588808852698734,0.04494736215715866,0.04698099114221087,1.0
40,power_law,0,0.1,0.02,2441.0,0.09997859122064488,0,20,20,1.0,20,20,1.0,0.0,0.025689952251808486,0.02271284268579424,0.015059286541088502,0.009975169901049592,0.03774023234396141,0.055572233278538094,0.6,20,20,1.0,0.0,0.021786920596805072,0.014057009530286942,0.01688016093597575,0.009265314660571173,0.03512809407296286,0.03738982338314652,0.7,0.55,0.55,-0.027707355335262893,0,0,,,,,,,,,,0,0,,,,,,,,,
40,rational_decay,0,0.1,0.02,1125.0,0.09999999999999999,0,20,0,0.0,0,0,,,,,,,,,,0,0,,,,,,,,,,,,,20,20,1.0,0.0,0.03624392213151563,0.02907492666459909,0.026044512975406935,0.011443959045925958,0.06365259958445853,0.06739946005262781,1.0,20,20,1.0,0.0,0.04953403662405065,0.05069157629185315,0.03362381172753069,0.024057535551663626,0.051976086304065916,0.11444015229457408,0.9
40,mixed_pow_rat,0,0.1,0.02,2260.0,0.09998848741275486,0,20,14,0.7,14,14,1.0,0.0,0.04707125675493302,0.033108423965402485,0.04054556533349049,0.02012042740097606,0.07457989063733882,0.09358632674496983,1.0,14,14,1.0,0.0,0.09820901870623941,0.10791181646159424,0.06186552142734106,0.030959464310341085,0.08665215771617146,0.2644224320132122,0.7857142857142857,0.14285714285714285,0.14285714285714285,0.9843561227334792,6,6,1.0,0.0,0.01832897661962431,0.023020280668660017,0.012168857500609651,0.002578641840643189,0.020345219912999903,0.04164830960002281,1.0,6,6,1.0,0.0,0.03024037957226383,0.01775578926808806,0.02694581932592184,0.01844671125557983,0.031381033715350594,0.04821815562599453,1.0
40,multiphase,0,0.1,0.02,3852.0,0.0999996544626016,0,20,20,1.0,20,20,1.0,0.0,0.06734963600203944,0.04403118697980754,0.053538189699949904,0.03941691627105235,0.09110954155588265,0.12194116054410056,1.0,20,20,1.0,0.0,0.09687350476427273,0.08393862830490596,0.08586686982043354,0.024914081827685727,0.13633609103466396,0.19712139412978422,0.85,0.55,0.55,-0.01402581961333148,0,0,,,,,,,,,,0,0,,,,,,,,,
40,osc_exp,0,0.1,0.02,165.0,0.09570953042125925,0,20,2,0.1,2,2,1.0,0.0,0.029859129475519285,0.0028480108266989716,0.029859129475519285,0.028852205591293513,0.030866053359745058,0.03147020769028053,0.5,2,2,1.0,0.0,0.028238771833407495,0.00304588812034409,0.028238771833407495,0.027161887761092067,0.029315655905722923,0.029961786349112177,0.5,1.0,1.0,-0.05483221107296253,18,18,1.0,0.05555555555555555,0.030659006974236933,0.020142928185031234,0.027694940042249643,0.019407360393419455,0.039124497461005714,0.057202023836233774,0.5555555555555556,18,18,1.0,0.05555555555555555,0.03745965807472475,0.027644233498390135,0.027616347452991578,0.023533900624965517,0.04282362227344539,0.08137114501038833,0.6666666666666666
40,damped_osc_pow,0,0.1,0.02,3014.0,0.09999319502597674,0,20,20,1.0,20,20,1.0,0.0,0.023821414943302793,0.022541265418226344,0.014655666575953623,0.0068775696395798475,0.03546161382935013,0.05439834938709286,0.85,20,20,1.0,0.1,0.04590086212747913,0.08470766338762845,0.021469156751102655,0.009300155647844258,0.036012779507989326,0.05680750043636058,0.75,0.5,0.5,0.12501532885356703,0,0,,,,,,,,,,0,0,,,,,,,,,
40,log_slow,0,0.1,0.02,50000.0,0.41863546463489004,1,20,20,1.0,20,20,1.0,0.0,0.07359640949709474,0.0407785219511353,0.07099914475430645,0.04691294217055425,0.08884645215456088,0.10996989634532367,0.85,20,20,1.0,0.0,0.08706995965998553,0.07521363280920255,0.07558902928824422,0.04974937566998389,0.08813433489140446,0.1396034309296939,0.85,0.65,0.65,-0.06726926597908847,0,0,,,,,,,,,,0,0,,,,,,,,,
40,delayed_plateau,0,0.1,0.02,321.0,0.09926115995627992,0,20,0,0.0,0,0,,,,,,,,,,0,0,,,,,,,,,,,,,20,20,1.0,0.0,0.06770199616256618,0.01952720249364997,0.07915591463147553,0.059265915956855604,0.0815221048551557,0.0835583710866568,1.0,20,20,1.0,0.0,0.04788608825774423,0.022653996953082105,0.053212466943464126,0.03709625446566554,0.06410264540788069,0.06974675561825361,1.0
40,staircase,0,0.1,0.02,320.0,0.0,0,20,0,0.0,0,0,,,,,,,,,,0,0,,,,,,,,,,,,,20,20,1.0,0.0,0.08669077434165484,0.038352708770174083,0.10428555581297651,0.0772753224820875,0.11540278135018,0.11914649815877293,1.0,20,20,1.0,0.0,0.04872659110064187,0.024231127979987614,0.05376378754474147,0.02823027127251519,0.07116490955138219,0.07508022678602827,1.0
40,noisy_plateau,0,0.1,0.02,137.0,0.09536916221554956,0,20,20,1.0,20,20,1.0,0.1,0.0012077730497137991,0.000867337826355665,0.001272044992212125,0.0005245520842785175,0.001560893302018794,0.0019105071032494009,0.65,20,20,1.0,0.1,0.0012328093981455895,0.0012631469029306844,0.0009092633582718987,0.00037098127203050515,0.0017080696582834976,0.0027404856614643533,0.7,0.55,0.55,-0.07567584859275348,0,0,,,,,,,,,,0,0,,,,,,,,,
40,slow_osc_power,0,0.1,0.02,3483.0,0.09996889692898078,0,20,19,0.95,19,19,1.0,0.21052631578947367,0.038595339165797264,0.04880197352048814,0.01702519383648271,0.010126992613346155,0.045432108111904373,0.09833463365129846,0.5789473684210527,19,19,1.0,0.21052631578947367,0.052791508111150943,0.07830525662801109,0.022771438951379452,0.012482952206429549,0.05091218263746654,0.1298216311117356,0.47368421052631576,0.2631578947368421,0.2631578947368421,0.20581330156244235,1,1,1.0,0.0,0.08975121469545294,,0.08975121469545294,0.08975121469545294,0.08975121469545294,0.08975121469545294,0.0,1,1,1.0,0.0,0.08143442582350335,,0.08143442582350335,0.08143442582350335,0.08143442582350335,0.08143442582350335,0.0
40,log_oscillatory,0,0.1,0.02,50000.0,0.2992564263745022,1,20,20,1.0,20,20,1.0,0.0,0.02105737941873274,0.016780521879067357,0.01784215462779272,0.010161495670598448,0.02620488497251587,0.04146568014033693,1.0,20,20,1.0,0.0,0.015663956471186496,0.011721033120342103,0.0150901930186471,0.005363327811969909,0.022021817719250887,0.029207208038742598,1.0,0.55,0.55,-0.056878876757231106,0,0,,,,,,,,,,0,0,,,,,,,,,
40,heavy_noise_plat,0,0.1,0.02,114.0,0.09071795328941246,0,20,20,1.0,20,20,1.0,0.0,0.008342682468556786,0.006829538381621625,0.0062142191392055394,0.0030436974187791864,0.012558717374242712,0.015498633479565618,0.6,20,20,1.0,0.0,0.00439798959641002,0.0032396275286973005,0.0031488165689397274,0.002219559334920752,0.004882409102894452,0.009186261906573808,0.9,0.7,0.7,-0.3491670167624926,0,0,,,,,,,,,,0,0,,,,,,,,,
40,broken_power_law,0,0.1,0.02,28776.0,0.09999962012267244,0,20,20,1.0,20,20,1.0,0.0,0.4270414019197112,0.049481051301243965,0.42049447901765136,0.40131317879959355,0.4444845660736195,0.482798367867841,0.0,20,20,1.0,0.0,0.10184968292314367,0.0036901389778964126,0.10197897323299256,0.1002278714015673,0.10379325309928572,0.10661166590366715,0.9,1.0,1.0,-0.7601605450232194,0,0,,,,,,,,,,0,0,,,,,,,,,
40,stretched_exp,1,0.1,0.02,579.0,0.09979846505939677,0,20,5,0.25,5,5,1.0,0.0,0.048464463556493566,0.030290193374604323,0.04916021586190185,0.020065375625283113,0.07217309357797735,0.07946194545673672,1.0,5,5,1.0,0.0,0.08012220232015174,0.037492938637542224,0.07538797062862848,0.0559106039848587,0.08272423377772765,0.11802974895405556,0.8,0.2,0.2,0.13731404560792948,15,15,1.0,0.0,0.021521605815408705,0.02024898910691601,0.013150342807406144,0.006789612289479351,0.0331815977472483,0.047739621964367984,1.0,15,15,1.0,0.0,0.053965497291887446,0.052857968528647416,0.03743952062371022,0.018138148009298683,0.0615054645693484,0.12969823618688356,0.8666666666666667
40,logistic_tail,1,0.1,0.02,135.0,0.09609894819901184,0,20,0,0.0,0,0,,,,,,,,,,0,0,,,,,,,,,,,,,20,20,1.0,0.0,0.11113506078211177,0.02282575406131517,0.12095211864752729,0.1098950049142199,0.12358815431134026,0.12735660481652208,0.2,20,20,1.0,0.0,0.08865451317767604,0.02811441855776485,0.10125650060588982,0.08482779716716067,0.1058691953990864,0.1109773673777738,0.5
40,inv_sqrt_log,1,0.1,0.02,2929.0,0.09999046875803731,0,20,20,1.0,20,20,1.0,0.05,0.022044206643699726,0.01828104395678608,0.017488050676984918,0.011253524445920659,0.028412331888976395,0.04483828978049956,0.55,20,20,1.0,0.1,0.0354549367907038,0.06003661343859609,0.01958036975969281,0.011765613777452907,0.025268997861937592,0.05234195430655013,0.55,0.6,0.6,-0.08121854367113304,0,0,,,,,,,,,,0,0,,,,,,,,,
40,random_knots,1,0.1,0.02,4730.0,0.09999546250252596,1,20,20,1.0,20,20,1.0,0.0,0.04197095884653229,0.03763928178295531,0.03293671676494664,0.009881268659803159,0.06716160900021531,0.08435967271341599,0.6,20,20,1.0,0.0,0.06937649199882026,0.08153830125861095,0.0367360222782653,0.02144602167128051,0.062463261595776906,0.2339069776941638,0.7,0.3,0.3,0.5059688885857357,0,0,,,,,,,,,,0,0,,,,,,,,,
40,real_boot_a,1,0.1,0.02,413.0,0.09900189826125952,0,20,8,0.4,8,8,1.0,0.0,0.07114143058710641,0.02010133117576544,0.07773976737812435,0.06399657421197595,0.0823622364849139,0.08734871007497358,1.0,8,8,1.0,0.0,0.06599200273290158,0.027529844992190862,0.08152540395103619,0.03598387264831041,0.08568233530099564,0.08910471220722437,1.0,0.375,0.375,0.014927586366659317,12,12,1.0,0.0,0.04547494045470266,0.024898117055075494,0.04793225496324864,0.028377230717971356,0.0565085369720079,0.07790577969405126,1.0,12,12,1.0,0.0,0.04567109070941017,0.02668229869652943,0.04198662965751189,0.021957131102624268,0.06316958541470534,0.08125867747756038,1.0
40,real_boot_b,1,0.1,0.02,364.0,0.09935491603410883,0,20,20,1.0,20,20,1.0,0.0,0.01398540268590084,0.013307726038372915,0.008662829543661685,0.002802702306502647,0.023910344475933806,0.030213471939396566,0.9,20,20,1.0,0.0,0.014293692696261878,0.016636490073310282,0.007628203000785878,0.0032263821328246877,0.01942863550411669,0.02898832265882298,0.9,0.6,0.6,-0.07212436664918026,0,0,,,,,,,,,,0,0,,,,,,,,,
60,single_exp,0,0.5,0.0,108.0,0.4867522559599715,0,20,0,0.0,0,0,,,,,,,,,,0,0,,,,,,,,,,,,,20,20,1.0,0.0,0.023131787751863548,0.009553430481034145,0.02613507587984498,0.01656755374799808,0.03293304506384552,0.033551171003670444,0.1,20,20,1.0,0.0,0.023498042243862764,0.010910728155610571,0.026550375654677858,0.01532019983616939,0.03462266449332778,0.035342346994086095,0.1
60,two_exp,0,0.5,0.0,129.0,0.4955914190433955,0,20,0,0.0,0,0,,,,,,,,,,0,0,,,,,,,,,,,,,20,20,1.0,0.0,0.020599858029206164,0.012787689128365094,0.02214875505505983,0.011622960125584357,0.03404720854685705,0.035183793037196064,1.0,20,20,1.0,0.0,0.015511795731788685,0.009071812055150416,0.015065487619633257,0.00797759010311902,0.0255321434604238,0.026414876993627975,1.0
60,three_exp,0,0.5,0.0,176.0,0.49876789415554024,0,20,0,0.0,0,0,,,,,,,,,,0,0,,,,,,,,,,,,,20,20,1.0,0.0,0.021010838293571248,0.00700591780687613,0.022821233990489895,0.01489812209536246,0.02752311113421071,0.028519273758553617,1.0,20,20,1.0,0.0,0.016674495828563583,2.188206973081332e-09,0.016674495732601435,0.01667449431509952,0.016674496725792392,0.01667449761273388,1.0
60,four_exp,0,0.5,0.0,231.0,0.4980680166164721,0,20,0,0.0,0,0,,,,,,,,,,0,0,,,,,,,,,,,,,20,20,1.0,0.0,0.01059808917362317,0.006605039597982905,0.011387996636960551,0.004635623188266436,0.015149407732755957,0.018907357263311515,1.0,20,20,1.0,0.0,0.00872475322864374,9.40452695059742e-10,0.008724752858195725,0.008724752456407914,0.008724754071683077,0.008724754428865916,1.0
60,power_law,0,0.5,0.0,244.0,0.4999340482202355,0,20,2,0.1,2,2,1.0,0.0,0.00020639149927170752,2.040492159305434e-12,0.00020639149927170752,0.0002063914985502846,0.00020639149999313045,0.0002063915004259842,1.0,2,2,1.0,0.0,0.0016197189274137491,1.9016575186925506e-10,0.0016197189274137491,0.0016197188601800028,0.0016197189946474955,0.0016197190349877433,1.0,0.0,0.0,6.847798640589573,18,18,1.0,0.0,0.0002063886774302252,9.732118974231713e-09,0.00020639149500447165,0.00020639147751617438,0.0002063915003043754,0.00020639159854765748,1.0,18,18,1.0,0.0,0.0016197198831347263,2.3914981485798166e-09,0.0016197190155707777,0.0016197188347928018,0.0016197196558207245,0.0016197220862499875,1.0
60,rational_decay,0,0.5,0.0,205.0,0.5,0,20,0,0.0,0,0,,,,,,,,,,0,0,,,,,,,,,,,,,20,20,1.0,0.0,0.011284485431005416,0.0045658932581304525,0.013049646450166076,0.00802175183870002,0.015320144004146538,0.01532015799613749,1.0,20,20,1.0,0.0,9.016409147077908e-12,2.09734195246309e-11,1.0122319649141787e-12,7.112366251504909e-16,4.561032107552876e-12,2.594452985782427e-11,1.0
60,mixed_pow_rat,0,0.5,0.0,254.0,0.4990202976120709,0,20,0,0.0,0,0,,,,,,,,,,0,0,,,,,,,,,,,,,20,20,1.0,0.0,0.009260674693826168,0.005033302032948917,0.011771959452808935,0.003971027194984225,0.013274433745279757,0.014346075345124084,1.0,20,20,1.0,0.0,0.003801163535830815,4.320065203561288e-10,0.003801163333022904,0.0038011631799323223,0.0038011637958077424,0.003801164072557732,1.0
60,multiphase,0,0.5,0.0,504.0,0.49983903719462197,0,20,0,0.0,0,0,,,,,,,,,,0,0,,,,,,,,,,,,,20,20,1.0,0.0,0.05208178687422432,7.369163115715638e-08,0.05208180487644874,0.05208180424468757,0.052081804922763056,0.0520818049379252,1.0,20,20,1.0,0.0,0.048110510856099006,1.6465707206511683e-09,0.048110510261354114,0.04811051023467218,0.04811051063229918,0.04811051147884205,1.0
60,osc_exp,0,0.5,0.0,107.0,0.47832942079368884,0,20,0,0.0,0,0,,,,,,,,,,0,0,,,,,,,,,,,,,20,20,1.0,0.0,0.026104836124203355,0.017037878447125728,0.0209729425482527,0.01110415524480822,0.04398468191356093,0.046463389936872636,0.55,20,20,1.0,0.0,0.022138323556045204,0.017130142464011976,0.010293279179572734,0.008365076801054014,0.04036754648431474,0.0435770325950912,0.6
60,damped_osc_pow,0,0.5,0.0,260.0,0.49940767513390516,0,20,1,0.05,1,1,1.0,0.0,0.0005441739626782516,,0.0005441739626782516,0.0005441739626782516,0.0005441739626782516,0.0005441739626782516,1.0,1,1,1.0,0.0,0.0030542360593560636,,0.0030542360593560636,0.0030542360593560636,0.0030542360593560636,0.0030542360593560636,1.0,0.0,0.0,4.612609696215679,19,19,1.0,0.0,0.000544171373609979,5.4117735046552365e-09,0.0005441738440323737,0.000544172913520137,0.0005441738487913066,0.0005441739117916053,1.0,19,19,1.0,0.0,0.0030542363542347094,1.1807823287142205e-09,0.0030542362801956463,0.00305423579126006,0.0030542365499726873,0.0030542373314244183,1.0
60,log_slow,0,0.5,0.0,8594.0,0.49999975284240333,0,20,1,0.05,1,1,1.0,0.0,0.012364433888885085,,0.012364433888885085,0.012364433888885085,0.012364433888885085,0.012364433888885085,1.0,1,1,1.0,0.0,0.044586149794629604,,0.044586149794629604,0.044586149794629604,0.044586149794629604,0.044586149794629604,1.0,0.0,0.0,2.60600009634974,19,19,1.0,0.0,0.012364439374402826,1.8392817275919847e-08,0.012364432435795936,0.012364432249568208,0.012364434074240219,0.012364452730974234,1.0,19,19,1.0,0.0,0.04458615348593506,2.410594658718565e-09,0.04458615331980331,0.04458615122022417,0.044586155242340296,0.044586156382827286,1.0
60,delayed_plateau,0,0.5,0.0,160.0,0.49658484551706805,0,20,0,0.0,0,0,,,,,,,,,,0,0,,,,,,,,,,,,,20,20,1.0,0.0,0.046542802141325335,0.009171236310299749,0.051018309429773895,0.04258422255034108,0.05384600909678295,0.05446633658629173,1.0,20,20,1.0,0.0,0.024800914656933338,0.009148952738920565,0.029580060971922603,0.019548760131304764,0.03180694887967402,0.03220786664820134,1.0
60,staircase,0,0.5,0.0,170.0,0.2777777777777778,0,20,0,0.0,0,0,,,,,,,,,,0,0,,,,,,,,,,,,,20,20,1.0,0.0,0.11219218336974217,0.02311729262405983,0.12114326039561157,0.10206344740238765,0.13123890989486842,0.13292196296256292,0.7,20,20,1.0,0.0,0.07245083982948654,0.02554052016855225,0.08280005724091202,0.06364845441162897,0.09281222344312587,0.0945038721747252,1.0
60,noisy_plateau,0,0.5,0.0,104.0,0.4965853037914094,0,20,20,1.0,20,20,1.0,0.0,0.0008756937421648103,0.0006107203706711021,0.0008029427504358637,0.00037480969399677697,0.0012282108046523747,0.0014687095036098191,0.7,20,20,1.0,0.0,0.0009809007255693052,0.0007156379108197584,0.0009393919610980392,0.0004829127552949189,0.0012806262743164966,0.0017505387733125067,0.7,0.45,0.45,0.01468288792115763,0,0,,,,,,,,,,0,0,,,,,,,,,
60,slow_osc_power,0,0.5,0.0,415.0,0.49840630355024784,0,20,0,0.0,0,0,,,,,,,,,,0,0,,,,,,,,,,,,,20,20,1.0,0.2,0.044529977567627874,0.02532659120235601,0.0424558876653734,0.015873969854726215,0.06849573989952082,0.07306315660786468,0.1,20,20,1.0,0.0,0.040403793971143076,0.019054811130172985,0.05318553342080268,0.016451626207903206,0.05540211320221629,0.05540245070630357,0.1
60,log_oscillatory,0,0.5,0.0,533.0,0.49841524754235217,0,20,20,1.0,20,20,1.0,0.0,0.02086228358930129,0.0037680600942530617,0.021726596433550946,0.018576959084571278,0.023916944314965886,0.02415154073192762,1.0,20,20,1.0,0.0,0.06193830321791601,0.02979450186547657,0.05275246688669953,0.039705274092569576,0.07530574632670875,0.098312227922071,0.9,0.0,0.0,1.4282722822256086,0,0,,,,,,,,,,0,0,,,,,,,,,
60,heavy_noise_plat,0,0.5,0.0,97.0,0.49658530379140886,0,20,20,1.0,20,20,1.0,0.0,0.001245505962039491,0.0007186423769941498,0.0011312146792039671,0.0007382508450513485,0.0018191922325912543,0.002259982781030813,0.75,20,20,1.0,0.05,0.0012470967817528645,0.0007702489103546698,0.0011979166745027603,0.0005128401303564466,0.0016987976330295473,0.002369164282587062,0.7,0.35,0.35,0.14178654567857166,0,0,,,,,,,,,,0,0,,,,,,,,,
60,broken_power_law,0,0.5,0.0,514.0,0.49991211917454004,0,20,20,1.0,20,20,1.0,0.0,0.32321381854134434,0.002828755061632986,0.3246437855450416,0.32189951043473597,0.32503593273846554,0.32507124099340295,0.0,20,20,1.0,0.0,0.020273318241761117,5.127817244912539e-08,0.020273304143726696,0.020273304135405287,0.02027330553987519,0.020273321302937585,1.0,1.0,1.0,-0.9375521408310182,0,0,,,,,,,,,,0,0,,,,,,,,,
60,stretched_exp,1,0.5,0.0,193.0,0.49828241532615414,0,20,0,0.0,0,0,,,,,,,,,,0,0,,,,,,,,,,,,,20,20,1.0,0.0,0.013678498646458445,0.009398814706432801,0.01589658945944572,0.004091872976444477,0.02279181586368029,0.024406377078405313,1.0,20,20,1.0,0.0,0.004246412693921705,0.0009611196075280425,0.0037942523582105148,0.0037942523227647573,0.003795424133381957,0.0061902423576255805,1.0
60,logistic_tail,1,0.5,0.0,105.0,0.47748855939048196,0,20,0,0.0,0,0,,,,,,,,,,0,0,,,,,,,,,,,,,20,20,1.0,0.0,0.1345324748174363,0.020458047031875013,0.14299104902767845,0.13379007379455765,0.14620170953337355,0.1491630099190636,0.0,20,20,1.0,0.0,0.10558543512652692,0.028556860481051376,0.11773862960633068,0.10352106486937457,0.12263554558649101,0.1271196829621826,0.1
60,inv_sqrt_log,1,0.5,0.0,245.0,0.4997783934707863,0,20,2,0.1,2,2,1.0,0.0,0.00018812681428673206,4.380051604909807e-11,0.00018812681428673206,0.0001881267988009111,0.00018812682977255302,0.0001881268390640456,1.0,2,2,1.0,0.0,0.0009659883469396863,8.264061347947403e-10,0.0009659883469396863,0.0009659880547609953,0.0009659886391183772,0.0009659888144255918,1.0,0.0,0.0,4.134772257756476,18,18,1.0,0.0,0.000188126769451869,1.5450364890890988e-10,0.0001881268072034467,0.00018812675293881226,0.00018812682058740038,0.00018812686876697217,1.0,18,18,1.0,0.0,0.0009659904880498579,1.140933276308261e-08,0.0009659881046214982,0.0009659877853646108,0.0009659937099410617,0.000965999838495038,1.0
60,random_knots,1,0.5,0.0,314.5,0.49936083587279756,0,20,0,0.0,0,0,,,,,,,,,,0,0,,,,,,,,,,,,,20,20,1.0,0.0,0.007105998853692943,0.00744377899492615,0.003176156492160997,0.002214465364482719,0.013711680315203631,0.01772267667154857,1.0,20,20,1.0,0.0,0.00886333403311467,0.010660937622917914,0.004602862758258056,0.0025666904386482912,0.009522341055744225,0.022718601798352764,1.0
60,real_boot_a,1,0.5,0.0,203.0,0.49951204685092926,0,20,0,0.0,0,0,,,,,,,,,,0,0,,,,,,,,,,,,,20,20,1.0,0.0,0.014301821381923211,0.008175121428692865,0.013078597417393562,0.0071839530848282415,0.02342075746213669,0.023788924860257687,1.0,20,20,1.0,0.0,0.016291385900747087,1.7452349812245642e-09,0.016291385900272,0.01629138565168078,0.016291386696594877,0.01629138741755333,1.0
60,real_boot_b,1,0.5,0.0,172.0,0.496916665259355,0,20,0,0.0,0,0,,,,,,,,,,0,0,,,,,,,,,,,,,20,20,1.0,0.0,0.004401237100188115,0.0010834520614033706,0.004928688916841981,0.004870129643926165,0.004928693308682501,0.004928709884085489,1.0,20,20,1.0,0.0,0.005555527534535434,0.00202528633865724,0.006736013896948223,0.005169751567714579,0.006736013915421106,0.006736013944779993,1.0
60,single_exp,0,0.5,0.005,108.0,0.4867522559599715,0,20,0,0.0,0,0,,,,,,,,,,0,0,,,,,,,,,,,,,20,20,1.0,0.05,0.022961350265805196,0.009578508214022714,0.026110465239827515,0.015256799074147454,0.0326054821171616,0.033292837784737496,0.15,20,20,1.0,0.05,0.023367593281929343,0.010904637773854954,0.026543104710847098,0.015106071235871127,0.03433114677488093,0.03511565101943017,0.15
60,two_exp,0,0.5,0.005,129.0,0.4955914190433955,0,20,0,0.0,0,0,,,,,,,,,,0,0,,,,,,,,,,,,,20,20,1.0,0.0,0.02055187319684048,0.012885430892782553,0.02272148971330893,0.010773830635493364,0.03405316557502476,0.03489940121756594,1.0,20,20,1.0,0.0,0.01537752540327277,0.00911386168813851,0.015564920467075041,0.007733799972257788,0.025052692148054573,0.02626808933746223,1.0
60,three_exp,0,0.5,0.005,176.0,0.49876789415554024,0,20,0,0.0,0,0,,,,,,,,,,0,0,,,,,,,,,,,,,20,20,1.0,0.0,0.021551967909730185,0.0069123558784046375,0.023577497721177135,0.016757321533707327,0.026775512676148295,0.027576710655786915,1.0,20,20,1.0,0.0,0.017742042926126182,0.00862079631204219,0.017240102970783794,0.011768163402620952,0.021447364520625935,0.03219417052091657,1.0
60,four_exp,0,0.5,0.005,231.0,0.4980680166164721,0,20,0,0.0,0,0,,,,,,,,,,0,0,,,,,,,,,,,,,20,20,1.0,0.0,0.010675754050714623,0.005930063252107663,0.009874593134387627,0.0061967606522451354,0.01506654344816448,0.019006215940371895,1.0,20,20,1.0,0.0,0.009175950163877422,0.006530915636462726,0.0072587449869966625,0.004296145947349186,0.013344253518684686,0.017847185730911087,1.0
60,power_law,0,0.5,0.005,244.0,0.4999340482202355,0,20,2,0.1,2,2,1.0,0.0,0.004773755293484949,0.0025295998701551285,0.004773755293484949,0.0038794066825472984,0.0056681039044226,0.0062047130709851905,1.0,2,2,1.0,0.0,0.00447349669926686,0.0003153569569442243,0.00447349669926686,0.0043620011778920526,0.004584992220641668,0.004651889533466552,1.0,0.5,0.5,0.06979387268337414,18,18,1.0,0.0,0.00486137450926844,0.003779063742518275,0.00504244252465226,0.001955949906382335,0.006078379436919004,0.010183201777485117,1.0,18,18,1.0,0.0,0.004456510179784473,0.0031089486280127215,0.004840635094911087,0.0018489805318124657,0.006384096841374855,0.00810596420803717,0.8888888888888888
60,rational_decay,0,0.5,0.005,205.0,0.5,0,20,0,0.0,0,0,,,,,,,,,,0,0,,,,,,,,,,,,,20,20,1.0,0.0,0.010816293443369143,0.0055756452511904414,0.011560622965207025,0.007848887896159805,0.013758085423526425,0.016546832531895386,1.0,20,20,1.0,0.0,0.005040350615340436,0.005482558351929704,0.0030252161361013427,0.0014782098327910387,0.00605156120463321,0.013057980338812693,1.0
60,mixed_pow_rat,0,0.5,0.005,254.0,0.4990202976120709,0,20,0,0.0,0,0,,,,,,,,,,0,0,,,,,,,,,,,,,20,20,1.0,0.0,0.01002464415907295,0.004786320745254539,0.011469121981780614,0.005179758994923081,0.013557178065982115,0.01456495573582199,1.0,20,20,1.0,0.0,0.009359826000610739,0.005898841269016971,0.009876411846794886,0.0055086573591341045,0.012344820170273864,0.016422974048101145,1.0
60,multiphase,0,0.5,0.005,504.0,0.49983903719462197,0,20,0,0.0,0,0,,,,,,,,,,0,0,,,,,,,,,,,,,20,20,1.0,0.0,0.05219699487541303,0.002008228236079346,0.05203043709860555,0.0508999613372889,0.05358619025303314,0.05443173125714606,1.0,20,20,1.0,0.0,0.04831913035275532,0.0015580301833411593,0.04800984050982643,0.04704839487736731,0.049463499194847264,0.05022994743334995,1.0
60,osc_exp,0,0.5,0.005,107.0,0.47832942079368884,0,20,0,0.0,0,0,,,,,,,,,,0,0,,,,,,,,,,,,,20,20,1.0,0.0,0.026398976447401468,0.01692512197053454,0.021362498089631726,0.011806762950746563,0.04426925108214655,0.04670971738713016,0.6,20,20,1.0,0.0,0.022367387133505882,0.017040835251640525,0.011706706367540037,0.008742818703949051,0.04058757864896587,0.04373564212499369,0.6
60,damped_osc_pow,0,0.5,0.005,260.0,0.49940767513390516,0,20,1,0.05,1,1,1.0,0.0,0.00794209675230928,,0.00794209675230928,0.00794209675230928,0.00794209675230928,0.00794209675230928,1.0,1,1,1.0,0.0,0.009562472733868899,,0.009562472733868899,0.009562472733868899,0.009562472733868899,0.009562472733868899,1.0,0.0,0.0,0.20402370206437875,19,19,1.0,0.0,0.0048352573493403396,0.003382232189668277,0.003469760797381205,0.0026215343664024275,0.006586091507919528,0.010154110837843901,1.0,19,19,1.0,0.0,0.003760288294333447,0.0031307047163801464,0.0029341505332958207,0.001730724980287146,0.004830511436531491,0.00849306563385292,1.0
60,log_slow,0,0.5,0.005,8594.0,0.49999975284240333,0,20,1,0.05,1,1,1.0,0.0,0.09343399153322285,,0.09343399153322285,0.09343399153322285,0.09343399153322285,0.09343399153322285,0.0,1,1,1.0,0.0,0.005470561174691468,,0.005470561174691468,0.005470561174691468,0.005470561174691468,0.005470561174691468,1.0,1.0,1.0,-0.9414499896138305,19,19,1.0,0.0,0.03396001583021491,0.01940773394586078,0.035361641226464124,0.024971175438301144,0.04112241570031031,0.05922139171322024,1.0,19,19,1.0,0.0,0.04226740584716881,0.015550974128814725,0.04510120620569248,0.03571216360060941,0.05261105718900521,0.05594388318139753,1.0
60,delayed_plateau,0,0.5,0.005,160.0,0.49658484551706805,0,20,0,0.0,0,0,,,,,,,,,,0,0,,,,,,,,,,,,,20,20,1.0,0.0,0.04637763186980659,0.009424674268602698,0.05071422940660936,0.042459837098123905,0.054020431914556896,0.05467872491881238,1.0,20,20,1.0,0.0,0.02467302510764815,0.009284107281326082,0.029355376979943407,0.018860805167055537,0.031446657608641564,0.0323452684742639,1.0
60,staircase,0,0.5,0.005,170.0,0.2777777777777778,0,20,0,0.0,0,0,,,,,,,,,,0,0,,,,,,,,,,,,,20,20,1.0,0.0,0.11251563278489592,0.023027007522570475,0.12131022945739237,0.102388617848315,0.1311343196877567,0.13311475215367283,0.65,20,20,1.0,0.0,0.07294354658607768,0.025399146501881697,0.08251119796856993,0.06299757472584766,0.09229260606624308,0.09439231713154872,1.0
60,noisy_plateau,0,0.5,0.005,104.0,0.4965853037914094,0,20,20,1.0,20,20,1.0,0.0,0.0005675725715710382,0.00048168877872870226,0.0005393604795466619,0.00015341233681925512,0.0008749819651287035,0.0012235429966735076,0.95,20,20,1.0,0.0,0.0007735339625634301,0.000625746391223639,0.0006477714853989113,0.0002333948864781804,0.0011853363554577565,0.0014763693487104578,0.85,0.15,0.15,0.4062463169868684,0,0,,,,,,,,,,0,0,,,,,,,,,
60,slow_osc_power,0,0.5,0.005,415.0,0.49840630355024784,0,20,0,0.0,0,0,,,,,,,,,,0,0,,,,,,,,,,,,,20,20,1.0,0.4,0.04253602457515988,0.023509300371473345,0.04232549116690369,0.016620240681874343,0.06733185967159513,0.07002414123636774,0.1,20,20,1.0,0.4,0.03957077893266035,0.01992948721430045,0.045360455471321566,0.01668058037368692,0.057570120343272316,0.06046335201067354,0.1
60,log_oscillatory,0,0.5,0.005,533.0,0.49841524754235217,0,20,20,1.0,20,20,1.0,0.0,0.019884024412606838,0.0045007549727978475,0.01962612225057518,0.016189314767718704,0.022820960997701575,0.025357532050422828,1.0,20,20,1.0,0.0,0.06259409236136446,0.02903452694241965,0.05385352200417131,0.04214871465921287,0.07838279071619353,0.10490899245296917,0.85,0.0,0.0,1.5784315091109855,0,0,,,,,,,,,,0,0,,,,,,,,,
60,heavy_noise_plat,0,0.5,0.005,97.0,0.49658530379140886,0,20,20,1.0,20,20,1.0,0.05,0.0015819737207861991,0.001198468718692347,0.0013085619941034243,0.0006482925637887171,0.002079744421559321,0.002813189263408159,0.9,20,20,1.0,0.05,0.0013874936424710556,0.0011051177916400871,0.0012193959451247695,0.00041747278566112546,0.002045385957919447,0.0025594805541592582,0.9,0.45,0.45,0.045989602626000776,0,0,,,,,,,,,,0,0,,,,,,,,,
60,broken_power_law,0,0.5,0.005,514.0,0.49991211917454004,0,20,20,1.0,20,20,1.0,0.4,0.32379931326440897,0.003835233709103372,0.323929632441157,0.32152503277474626,0.3261734203901361,0.32794578868080854,0.0,20,20,1.0,0.0,0.020138466437059688,0.0004672291681506326,0.020185864488321235,0.019941481824337793,0.020441432574598566,0.02060839763709799,1.0,1.0,1.0,-0.9377070844418064,0,0,,,,,,,,,,0,0,,,,,,,,,
60,stretched_exp,1,0.5,0.005,193.0,0.49828241532615414,0,20,0,0.0,0,0,,,,,,,,,,0,0,,,,,,,,,,,,,20,20,1.0,0.0,0.013220748576054736,0.009206238465230188,0.014920658262051925,0.003987744544407604,0.02145014610338231,0.023683785774709806,1.0,20,20,1.0,0.0,0.009212663105617372,0.007773284584416254,0.006550273780326209,0.0048912471837361665,0.010666428544593806,0.016065966837362583,1.0
60,logistic_tail,1,0.5,0.005,105.0,0.47748855939048196,0,20,0,0.0,0,0,,,,,,,,,,0,0,,,,,,,,,,,,,20,20,1.0,0.0,0.13453083639376306,0.020503760328255977,0.14351374492840296,0.13346578963673594,0.1461879918403267,0.14892967876845456,0.0,20,20,1.0,0.0,0.1056562000470515,0.028411919708960044,0.11818296952417372,0.1032470087600394,0.12247217474865782,0.12691531084431676,0.05
60,inv_sqrt_log,1,0.5,0.005,245.0,0.4997783934707863,0,20,1,0.05,1,1,1.0,0.0,0.00021302102781750598,,0.00021302102781750598,0.00021302102781750598,0.00021302102781750598,0.00021302102781750598,1.0,1,1,1.0,0.0,0.00012159145218071377,,0.00012159145218071377,0.00012159145218071377,0.00012159145218071377,0.00012159145218071377,1.0,1.0,1.0,-0.42920446198916784,19,19,1.0,0.0,0.0046002223854020455,0.0028931039806300318,0.004022548747713933,0.0028169186902236194,0.006083539572482409,0.0071356793866818365,0.9473684210526315,19,19,1.0,0.0,0.0036783465059862484,0.0051882707966346775,0.0022918901346041104,0.001939002377217296,0.0031653709710664224,0.004705551244868521,0.9473684210526315
60,random_knots,1,0.5,0.005,314.5,0.49936083587279756,0,20,1,0.05,1,1,1.0,0.0,0.0032168330420318005,,0.0032168330420318005,0.0032168330420318005,0.0032168330420318005,0.0032168330420318005,0.0,1,1,1.0,0.0,0.010239213881689,,0.010239213881689,0.010239213881689,0.010239213881689,0.010239213881689,0.0,0.0,0.0,2.183010665428181,19,19,1.0,0.0,0.011116540101785461,0.009694636980781015,0.0068223569433251904,0.0030160730647165214,0.018016434367017695,0.023154816670605288,0.8947368421052632,19,19,1.0,0.0,0.010827168978496166,0.013376421781447155,0.006240570828029757,0.0017770254385365558,0.012834431669241194,0.03368621723261178,0.8947368421052632
60,real_boot_a,1,0.5,0.005,203.0,0.49951204685092926,0,20,0,0.0,0,0,,,,,,,,,,0,0,,,,,,,,,,,,,20,20,1.0,0.0,0.01432459157006286,0.008863109387512271,0.01250480606168311,0.007721002397089269,0.021957043682003578,0.024346375968800134,1.0,20,20,1.0,0.0,0.01425843511925649,0.00732543184455721,0.012924210239033396,0.009593500589586575,0.017508665770743767,0.025672650409229163,1.0
60,real_boot_b,1,0.5,0.005,172.0,0.496916665259355,0,20,0,0.0,0,0,,,,,,,,,,0,0,,,,,,,,,,,,,20,20,1.0,0.0,0.004162912379484674,0.0020454861489538905,0.003904191135728957,0.0025576557347920213,0.005076956613835136,0.007188911914396492,1.0,20,20,1.0,0.0,0.005129177016998988,0.0024256378966616733,0.005332148925052828,0.004238425924896566,0.005930285286792597,0.0075741747561510605,1.0
60,single_exp,0,0.5,0.02,108.0,0.4867522559599715,0,20,0,0.0,0,0,,,,,,,,,,0,0,,,,,,,,,,,,,20,20,1.0,0.3,0.023094309561326985,0.01032654598792257,0.026049501993415967,0.012594187520703414,0.032813188399334434,0.03530102193003021,0.25,20,20,1.0,0.3,0.023064957856970526,0.011960598259604242,0.026556468867101536,0.012020511530578114,0.03467563582084379,0.03675130531033896,0.25
60,two_exp,0,0.5,0.02,129.0,0.4955914190433955,0,20,0,0.0,0,0,,,,,,,,,,0,0,,,,,,,,,,,,,20,20,1.0,0.0,0.021339630849211595,0.01182079644331736,0.022249511665301598,0.01070464080459866,0.034532005954328114,0.0350187244164395,0.95,20,20,1.0,0.0,0.01675661234124114,0.008834951589219892,0.01631472737381641,0.00853823739852072,0.025855305967266103,0.027502237496254894,0.95
60,three_exp,0,0.5,0.02,176.0,0.49876789415554024,0,20,0,0.0,0,0,,,,,,,,,,0,0,,,,,,,,,,,,,20,20,1.0,0.0,0.02689571944200613,0.011471045783126028,0.02856249882937348,0.019510936708257404,0.03394000325279519,0.0404184761383294,1.0,20,20,1.0,0.0,0.024026101156550926,0.013678652645009875,0.024882649949067706,0.010884206900858728,0.03554019310539461,0.04012520698812406,1.0
60,four_exp,0,0.5,0.02,231.0,0.4980680166164721,0,20,0,0.0,0,0,,,,,,,,,,0,0,,,,,,,,,,,,,20,20,1.0,0.0,0.02096635626097807,0.016412438543658925,0.017989491197377555,0.006917231173436317,0.03600183095819283,0.044126411539803914,1.0,20,20,1.0,0.0,0.033372453239325806,0.020027309116731267,0.034780935307277855,0.01641777580239944,0.045692729944407276,0.05138445437209789,0.9
60,power_law,0,0.5,0.02,244.0,0.4999340482202355,0,20,20,1.0,20,20,1.0,0.05,0.007656151567486407,0.0064698091423952345,0.006751588257357853,0.002329701694620414,0.011647994911122431,0.017374464950978278,0.6,20,20,1.0,0.2,0.013907863278745918,0.01534131644383587,0.008480206547072662,0.0066429478648433295,0.013745633376119396,0.028615153849056538,0.5,0.25,0.25,0.9891808298093867,0,0,,,,,,,,,,0,0,,,,,,,,,
60,rational_decay,0,0.5,0.02,205.0,0.5,0,20,0,0.0,0,0,,,,,,,,,,0,0,,,,,,,,,,,,,20,20,1.0,0.0,0.014875260248006932,0.008239096606506995,0.015829642301952218,0.00743421177818792,0.02109153361945405,0.022825981112212554,1.0,20,20,1.0,0.0,0.02114967103716513,0.015175072498810971,0.02140001001580521,0.008854459442437155,0.02910369680798815,0.03263492883978533,1.0
60,mixed_pow_rat,0,0.5,0.02,254.0,0.4990202976120709,0,20,0,0.0,0,0,,,,,,,,,,0,0,,,,,,,,,,,,,20,20,1.0,0.0,0.015350606999318672,0.012341082804334446,0.01287251037279094,0.005253134769619396,0.022790066765388518,0.027812590716647125,1.0,20,20,1.0,0.0,0.01939039416731091,0.015040436129568395,0.015300694821414211,0.00817733045687516,0.02614509113268018,0.03443127199594761,0.95
60,multiphase,0,0.5,0.02,504.0,0.49983903719462197,0,20,0,0.0,0,0,,,,,,,,,,0,0,,,,,,,,,,,,,20,20,1.0,0.0,0.05095292390491364,0.010839856855261643,0.050716529893594625,0.04353615760149912,0.05983582235038026,0.06412266985193422,1.0,20,20,1.0,0.0,0.04879921905307866,0.007970724101748558,0.047401423143700216,0.044720640783861315,0.05519302608973914,0.058888693569722234,1.0
60,osc_exp,0,0.5,0.02,107.0,0.47832942079368884,0,20,0,0.0,0,0,,,,,,,,,,0,0,,,,,,,,,,,,,20,20,1.0,0.0,0.0252708453785895,0.01833995279167661,0.022577608010147007,0.007030642534283156,0.04314337263531472,0.04742652079188057,0.55,20,20,1.0,0.0,0.02158309203196925,0.01804973131992917,0.013345109239700358,0.005854640160903445,0.0397271583440993,0.04441772226894781,0.8
60,damped_osc_pow,0,0.5,0.02,260.0,0.49940767513390516,0,20,19,0.95,19,19,1.0,0.0,0.01275100942314272,0.008530143393915699,0.012632670401326734,0.0071755135389614776,0.01744169430177684,0.02200770842756189,0.7368421052631579,19,19,1.0,0.0,0.014113104638766454,0.006984140579948418,0.013373820020984445,0.00801519671175413,0.016160198087194995,0.02351166325567419,0.6842105263157895,0.5263157894736842,0.5263157894736842,-0.09379432987971735,1,1,1.0,0.0,0.007338369173576116,,0.007338369173576116,0.007338369173576116,0.007338369173576116,0.007338369173576116,1.0,1,1,1.0,0.0,0.002187547457146728,,0.002187547457146728,0.002187547457146728,0.002187547457146728,0.002187547457146728,1.0
60,log_slow,0,0.5,0.02,8594.0,0.49999975284240333,0,20,18,0.9,18,18,1.0,0.05555555555555555,0.05046944133320736,0.036124106921215725,0.04667509101142579,0.02102443781466132,0.07114889075506613,0.07658491507326998,0.7777777777777778,18,18,1.0,0.0,0.06045461323310494,0.025284956882178404,0.054457849520152014,0.04629418439888366,0.06597216817838608,0.08285828519102738,0.7777777777777778,0.5,0.5,0.16483155059083085,2,2,1.0,0.0,0.07680288047050488,0.029180504438700034,0.07680288047050488,0.06648601418698041,0.08711974675402935,0.09330986652414404,0.5,2,2,1.0,0.0,0.04661667520680278,0.06346873146809563,0.04661667520680278,0.02417708999960356,0.06905626041400201,0.08252001153832153,0.5
60,delayed_plateau,0,0.5,0.02,160.0,0.49658484551706805,0,20,0,0.0,0,0,,,,,,,,,,0,0,,,,,,,,,,,,,20,20,1.0,0.0,0.046518016721079504,0.010385600888721636,0.05069315600836444,0.04148586971443157,0.05350004654988892,0.05475121709509944,1.0,20,20,1.0,0.0,0.02410687185450413,0.010001472227364748,0.027029450734613075,0.017409504079432543,0.031256469676189176,0.03324474487738405,1.0
60,staircase,0,0.5,0.02,170.0,0.2777777777777778,0,20,0,0.0,0,0,,,,,,,,,,0,0,,,,,,,,,,,,,20,20,1.0,0.0,0.11081509898358392,0.025150642175172492,0.12055444946581559,0.10026734591171747,0.13033509922172276,0.13263578321848996,0.7,20,20,1.0,0.0,0.0730877072266964,0.024248474703319815,0.08246463275078283,0.06811251928660247,0.08816229627298791,0.09386540319887735,0.9
60,noisy_plateau,0,0.5,0.02,104.0,0.4965853037914094,0,20,20,1.0,20,20,1.0,0.05,0.0008366475523905829,0.0005555905563777834,0.0006858222088370041,0.000492649373597838,0.0011063635733768572,0.0017112625162202905,0.65,20,20,1.0,0.05,0.0009657784156554495,0.0006386140221405729,0.0008303672627435121,0.0005107213280047818,0.0012615614402712982,0.0018949674039505345,0.6,0.5,0.5,-0.0031216727264503884,0,0,,,,,,,,,,0,0,,,,,,,,,
60,slow_osc_power,0,0.5,0.02,415.0,0.49840630355024784,0,20,8,0.4,8,8,1.0,0.125,0.019627165090776146,0.017465076314619767,0.014217777618088772,0.011344310382984878,0.015936697553519445,0.031180201934121764,0.625,8,8,1.0,0.25,0.034915629399215234,0.05491825870358294,0.014908868115486343,0.01358836331638609,0.018227130981052803,0.06776962789249541,0.5,0.125,0.125,0.15805365538578586,12,12,1.0,0.25,0.044564044162192756,0.027370285687395114,0.038335999854136785,0.017535672960579587,0.07011870346522037,0.07619474084280475,0.25,12,12,1.0,0.3333333333333333,0.05187533347204449,0.04870686859104284,0.038284471410697005,0.01681216806602726,0.059506279319810965,0.09932476842255263,0.25
60,log_oscillatory,0,0.5,0.02,533.0,0.49841524754235217,0,20,20,1.0,20,20,1.0,0.0,0.018041603744182167,0.011359151461143245,0.015177715173420828,0.009841928436749185,0.02354777100189176,0.03544440333510193,1.0,20,20,1.0,0.0,0.06398276108285791,0.02918779180045321,0.05583126989931551,0.04495885211086828,0.08055363736687861,0.10103566208686622,0.9,0.1,0.1,2.440331079873235,0,0,,,,,,,,,,0,0,,,,,,,,,
60,heavy_noise_plat,0,0.5,0.02,97.0,0.49658530379140886,0,20,20,1.0,20,20,1.0,0.0,0.004810134154559349,0.0039214221942278395,0.004087296967602634,0.0019922901640972413,0.006154766164006241,0.007866256245831565,0.9,20,20,1.0,0.0,0.0031242738338985985,0.002293558191051871,0.0026086972464096133,0.0016279432283581542,0.004151138691489498,0.006616561500916962,0.95,0.7,0.7,-0.14182880835713296,0,0,,,,,,,,,,0,0,,,,,,,,,
60,broken_power_law,0,0.5,0.02,514.0,0.49991211917454004,0,20,20,1.0,20,20,1.0,0.5,0.3241465040893113,0.015149493492219395,0.3250114984410075,0.3118579464155722,0.33673191710667877,0.34051525498377794,0.0,20,20,1.0,0.0,0.02000154537961508,0.0024331890472409374,0.019949558911916826,0.01830609655859639,0.02155079843628357,0.022586879171171612,1.0,1.0,1.0,-0.9378680113094007,0,0,,,,,,,,,,0,0,,,,,,,,,
60,stretched_exp,1,0.5,0.02,193.0,0.49828241532615414,0,20,0,0.0,0,0,,,,,,,,,,0,0,,,,,,,,,,,,,20,20,1.0,0.0,0.018443724640668808,0.010493947707968142,0.02034125286105115,0.012073836220146433,0.02678463083403254,0.031178766538946922,1.0,20,20,1.0,0.0,0.019118628768481267,0.016923399146634193,0.012532196966288628,0.0069968718438343305,0.030402922403706553,0.03761678021309823,0.95
60,logistic_tail,1,0.5,0.02,105.0,0.47748855939048196,0,20,0,0.0,0,0,,,,,,,,,,0,0,,,,,,,,,,,,,20,20,1.0,0.15,0.1350697754142939,0.020712738594872306,0.14398010214556878,0.13437297652682578,0.1466207311068433,0.14986071498203782,0.0,20,20,1.0,0.15,0.10640618383132983,0.02798521716081719,0.11942122980609175,0.10401644841856443,0.1237101269080175,0.12632790294711543,0.15
60,inv_sqrt_log,1,0.5,0.02,245.0,0.4997783934707863,0,20,20,1.0,20,20,1.0,0.05,0.008881567565737809,0.006652227697006866,0.007362317480944165,0.0034486667028415874,0.013739346392638858,0.01712060599102548,0.65,20,20,1.0,0.15,0.010102982777388327,0.011771788954161143,0.006729624358447907,0.0025406254585474755,0.014859621715395652,0.01984641067019374,0.65,0.65,0.65,-0.09083067990427207,0,0,,,,,,,,,,0,0,,,,,,,,,
60,random_knots,1,0.5,0.02,314.5,0.49936083587279756,0,20,11,0.55,11,11,1.0,0.09090909090909091,0.016225559123889323,0.018154895874348393,0.007501977429290277,0.0058184694134581355,0.01858346932005832,0.0463104309440488,0.9090909090909091,11,11,1.0,0.09090909090909091,0.021062191513521338,0.01973314379352392,0.010312200041807454,0.008519744905297087,0.029181442940389067,0.0489636958473124,0.7272727272727273,0.36363636363636365,0.36363636363636365,0.33027824408333256,9,9,1.0,0.1111111111111111,0.015193758763688262,0.010460771770757712,0.015157537620812789,0.009840344084055569,0.019008748649439564,0.027366794757926895,0.8888888888888888,9,9,1.0,0.1111111111111111,0.01919343645428344,0.024942696039958617,0.009777655861695711,0.006225654297547914,0.019898536551044566,0.03339921128697164,0.8888888888888888
60,real_boot_a,1,0.5,0.02,203.0,0.49951204685092926,0,20,0,0.0,0,0,,,,,,,,,,0,0,,,,,,,,,,,,,20,20,1.0,0.0,0.022077403208196254,0.013736379826721882,0.020274040875768562,0.013373074523506966,0.03004492655705071,0.038710234571009194,1.0,20,20,1.0,0.0,0.023211932698049963,0.01845298337768734,0.02629678767343862,0.004323358986378607,0.03792374209724922,0.04787041885747964,1.0
60,real_boot_b,1,0.5,0.02,172.0,0.496916665259355,0,20,0,0.0,0,0,,,,,,,,,,0,0,,,,,,,,,,,,,20,20,1.0,0.0,0.007918329073433582,0.007969112230801755,0.005696281389902334,0.0018370942670548687,0.009391440611140478,0.01933575723769729,0.85,20,20,1.0,0.0,0.008123505370396139,0.00800604972014548,0.004832374419985838,0.0027467138652308345,0.010194696903748206,0.020581608120287496,0.75
60,single_exp,0,0.1,0.0,148.0,0.09827358560436156,0,20,0,0.0,0,0,,,,,,,,,,0,0,,,,,,,,,,,,,20,20,1.0,0.0,0.026886313266255374,0.009858552671340151,0.02830598303494554,0.02128067484571693,0.0338295353076207,0.03802922307681547,0.15,20,20,1.0,0.0,0.027446012356498174,0.008068079138784821,0.029715833313590557,0.021630629557877607,0.03471762117748477,0.03471762346673972,0.15
60,two_exp,0,0.1,0.0,218.0,0.09985826346226055,0,20,0,0.0,0,0,,,,,,,,,,0,0,,,,,,,,,,,,,20,20,1.0,0.0,0.0253947069357708,0.015042062131502755,0.028935397286705355,0.015509531787586777,0.0395975744505547,0.04119979657858657,1.0,20,20,1.0,0.0,0.02706881610558263,0.01035648610483689,0.030076397152584138,0.022341849999143605,0.034481058232454,0.037333950940604495,1.0
60,three_exp,0,0.1,0.0,377.0,0.09988829507506856,0,20,0,0.0,0,0,,,,,,,,,,0,0,,,,,,,,,,,,,20,20,1.0,0.0,0.03246908395313878,0.016287607303385868,0.037056565670768433,0.018593892761612094,0.04740076163995042,0.049533695709751364,1.0,20,20,1.0,0.0,0.03387771052478384,4.2431932685853396e-09,0.033877710341798234,0.03387770758838771,0.03387771226812321,0.03387771399098026,1.0
60,four_exp,0,0.1,0.0,631.0,0.09977805552230239,0,20,0,0.0,0,0,,,,,,,,,,0,0,,,,,,,,,,,,,20,20,1.0,0.0,0.022538009024367343,0.012871677102596546,0.022335499118079673,0.011697261393697547,0.03091346191228761,0.03921802027667736,1.0,20,20,1.0,0.0,0.03290622109044011,1.683910048738616e-09,0.03290622042663184,0.032906219707696,0.032906222601383095,0.03290622324157806,1.0
60,power_law,0,0.1,0.0,2441.0,0.09997859122064488,0,20,2,0.1,2,2,1.0,0.0,0.000886492029274849,5.724517852049577e-12,0.000886492029274849,0.0008864920272509264,0.0008864920312987717,0.0008864920325131253,1.0,2,2,1.0,0.0,0.006213574020025231,3.294025324131189e-10,0.006213574020025231,0.006213573903563849,0.006213574136486613,0.006213574206363442,1.0,0.0,0.0,6.00917077067003,18,18,1.0,0.0,0.0008864842392929746,2.6860669174366588e-08,0.0008864920173792066,0.0008864919692276058,0.0008864920321254889,0.0008864923059997643,1.0,18,18,1.0,0.0,0.006213575669074745,4.132791532980651e-09,0.006213574172243124,0.0062135738601189604,0.006213575279295941,0.006213579452622723,1.0
60,rational_decay,0,0.1,0.0,1125.0,0.09999999999999999,0,20,0,0.0,0,0,,,,,,,,,,0,0,,,,,,,,,,,,,20,20,1.0,0.0,0.047566883396945446,0.03217709057900638,0.05122703246440074,0.010158297552442276,0.08164807131148505,0.0816481229711113,1.0,20,20,1.0,0.0,1.8822342122415403e-11,4.470722866471385e-11,1.1433354263346018e-12,1.1796119636642288e-15,8.389323957747052e-12,5.483661857930149e-11,1.0
60,mixed_pow_rat,0,0.1,0.0,2260.0,0.09998848741275486,0,20,0,0.0,0,0,,,,,,,,,,0,0,,,,,,,,,,,,,20,20,1.0,0.0,0.030109964396695516,0.029564949754353025,0.017557582213204193,0.007942809895291567,0.04663371901792007,0.06583359024076935,1.0,20,20,1.0,0.0,0.014446986428609029,8.81747982559943e-10,0.014446986015075255,0.01444698570200586,0.014446986958124013,0.014446987524510102,1.0
60,multiphase,0,0.1,0.0,3852.0,0.0999996544626016,0,20,0,0.0,0,0,,,,,,,,,,0,0,,,,,,,,,,,,,20,20,1.0,0.0,0.12283640320568143,1.0517124888823685e-07,0.12283642899256587,0.12283642788679383,0.12283642904989375,0.12283642906765212,1.0,20,20,1.0,0.0,0.11801355632143147,1.8401121491546436e-09,0.11801355566118059,0.11801355563325117,0.11801355603970946,0.11801355702053434,1.0
60,osc_exp,0,0.1,0.0,165.0,0.09570953042125925,0,20,0,0.0,0,0,,,,,,,,,,0,0,,,,,,,,,,,,,20,20,1.0,0.0,0.032424484503727896,0.014983641881813333,0.03791824059105961,0.02295952132692389,0.04473425676065979,0.045574854364464755,1.0,20,20,1.0,0.0,0.030755440116698007,0.010335846589005337,0.035913345542213246,0.02979422370945234,0.036626447082582704,0.03683850690679471,1.0
60,damped_osc_pow,0,0.1,0.0,3014.0,0.09999319502597674,0,20,1,0.05,1,1,1.0,0.0,0.002627572089928032,,0.002627572089928032,0.002627572089928032,0.002627572089928032,0.002627572089928032,1.0,1,1,1.0,0.0,0.011616667726036312,,0.011616667726036312,0.011616667726036312,0.011616667726036312,0.011616667726036312,1.0,0.0,0.0,3.4210652756455815,19,19,1.0,0.0,0.002627564621646431,1.5638855094865237e-08,0.002627571744910677,0.002627569065377266,0.00262757176639358,0.002627571954014689,1.0,19,19,1.0,0.0,0.011616668227123086,2.0135414275203644e-09,0.01161666810371901,0.011616667268397853,0.01161666856420059,0.011616669893214412,1.0
60,log_slow,0,0.1,0.0,50000.0,0.41863546463489004,1,20,1,0.05,1,1,1.0,0.0,0.019975211951847704,,0.019975211951847704,0.019975211951847704,0.019975211951847704,0.019975211951847704,1.0,1,1,1.0,0.0,0.05848203744784519,,0.05848203744784519,0.05848203744784519,0.05848203744784519,0.05848203744784519,1.0,0.0,0.0,1.9277305086335073,19,19,1.0,0.0,0.019975218756793194,2.2807302162433534e-08,0.019975210153574507,0.019975209922565518,0.019975212181160315,0.019975235320715122,1.0,19,19,1.0,0.0,0.05848204119442126,2.446656041709082e-09,0.058482041025810116,0.05848203889482083,0.05848204297711569,0.05848204413462672,1.0
60,delayed_plateau,0,0.1,0.0,321.0,0.09926115995627992,0,20,0,0.0,0,0,,,,,,,,,,0,0,,,,,,,,,,,,,20,20,1.0,0.0,0.0711829018386271,0.017806140228862174,0.08001951090123299,0.06543148625024786,0.08419532877220402,0.08511010137270955,1.0,20,20,1.0,0.0,0.04327134867352872,0.018333919808900097,0.05042948653213998,0.031580360381145166,0.05451384288694343,0.055245408808560326,1.0
60,staircase,0,0.1,0.0,320.0,0.0,0,20,0,0.0,0,0,,,,,,,,,,0,0,,,,,,,,,,,,,20,20,1.0,0.0,0.08779296985746995,0.03677269977324704,0.10264672615892825,0.07484228175355404,0.1169938697090876,0.11937606320381809,1.0,20,20,1.0,0.0,0.05543532500276839,0.01930958340041,0.056783943889720204,0.04470549946864456,0.07353108553340038,0.07631617888375779,1.0
60,noisy_plateau,0,0.1,0.0,137.0,0.09536916221554956,0,20,20,1.0,20,20,1.0,0.0,0.0011734726987006122,0.0009647405393297475,0.001091552345534933,0.0004370697146993583,0.0016399222098347392,0.002199043812219161,0.6,20,20,1.0,0.0,0.0014586835472186733,0.0012998233627530256,0.0011075303912618708,0.000555747656758733,0.0018592967138925838,0.002602330881234304,0.65,0.35,0.35,0.28704764832360863,0,0,,,,,,,,,,0,0,,,,,,,,,
60,slow_osc_power,0,0.1,0.0,3483.0,0.09996889692898078,0,20,0,0.0,0,0,,,,,,,,,,0,0,,,,,,,,,,,,,20,20,1.0,0.45,0.07977573174464374,0.06132961274179768,0.0646923806564206,0.013122372566886807,0.1378560632134256,0.15359492612324183,0.35,20,20,1.0,0.0,0.047433564545016085,0.02698286544901632,0.06539358977155235,0.013353805820174097,0.06885789736795442,0.06885843535436156,0.35
60,log_oscillatory,0,0.1,0.0,50000.0,0.2992564263745022,1,20,20,1.0,20,20,1.0,0.0,0.02997230638152017,0.020771801388500096,0.02448213374173336,0.013618184445541963,0.04137504670542162,0.056539497706324084,1.0,20,20,1.0,0.0,0.15946556670714632,0.11986183429420083,0.11584965565138496,0.08078111586505143,0.18853075760331017,0.2840517251540059,0.7,0.0,0.0,4.275089844782115,0,0,,,,,,,,,,0,0,,,,,,,,,
60,heavy_noise_plat,0,0.1,0.0,114.0,0.09071795328941246,0,20,20,1.0,20,20,1.0,0.0,0.0014693216003356976,0.0007956301687717264,0.0013376002275837934,0.0010584754506761445,0.0021068489347439365,0.0025281952554190726,0.65,20,20,1.0,0.05,0.001558685346013579,0.0010019128080233223,0.0014597360491631628,0.0008107322983550297,0.002638376164355631,0.0029164274959475826,0.7,0.35,0.35,0.20457673280558442,0,0,,,,,,,,,,0,0,,,,,,,,,
60,broken_power_law,0,0.1,0.0,28776.0,0.09999962012267244,0,20,20,1.0,20,20,1.0,1.0,0.8054561399419479,0.01711980485961617,0.8141218517280355,0.7972461523822587,0.8165606699278496,0.8167806626552679,0.0,20,20,1.0,0.0,0.07292817165328636,5.1278178341177765e-08,0.0729281575552303,0.07292815754693846,0.0729281589514211,0.07292817471448347,1.0,1.0,1.0,-0.9104209356905586,0,0,,,,,,,,,,0,0,,,,,,,,,
60,stretched_exp,1,0.1,0.0,579.0,0.09979846505939677,0,20,0,0.0,0,0,,,,,,,,,,0,0,,,,,,,,,,,,,20,20,1.0,0.0,0.025888752631850254,0.01118433789598785,0.031333858204262446,0.017310161981046977,0.035905675277252073,0.03636924184775791,1.0,20,20,1.0,0.0,0.006235165528999416,0.0020483613830182836,0.005271091995566413,0.0052710919152645225,0.00527361366048032,0.010379597544457487,1.0
60,logistic_tail,1,0.1,0.0,135.0,0.09609894819901184,0,20,0,0.0,0,0,,,,,,,,,,0,0,,,,,,,,,,,,,20,20,1.0,0.0,0.13384739937394313,0.02748135972124336,0.14520817211815756,0.1330536554486317,0.14943011327481326,0.15331515201618362,0.1,20,20,1.0,0.0,0.09926135667166881,0.03449426833061206,0.11418256771212067,0.09576256604575475,0.12048231399874121,0.12623209552334722,0.2
60,inv_sqrt_log,1,0.1,0.0,2929.0,0.09999046875803731,0,20,2,0.1,2,2,1.0,0.0,0.0010771287120056733,1.1095331162853592e-10,0.0010771287120056733,0.0010771286727777538,0.0010771287512335928,0.0010771287747703446,1.0,2,2,1.0,0.0,0.0038967236349455175,1.3818928747220625e-09,0.0038967236349455175,0.0038967231463726063,0.003896724123518429,0.0038967244166621755,1.0,0.0,0.0,2.617695444855009,18,18,1.0,0.0,0.0010771285992514758,3.8926359170829777e-10,0.0010771286941611904,0.0010771285573547423,0.0010771287280142202,0.0010771288504327508,1.0,18,18,1.0,0.0,0.0038967272533347638,1.9294196860922766e-08,0.0038967232338559567,0.0038967226960730274,0.0038967326869468848,0.003896743066848772,1.0
60,random_knots,1,0.1,0.0,4730.0,0.09999546250252596,1,20,0,0.0,0,0,,,,,,,,,,0,0,,,,,,,,,,,,,20,20,1.0,0.0,0.014660968840634687,0.01570038998277327,0.00893993536981236,0.0032735847813133894,0.01687616198638569,0.03863127399001957,1.0,20,20,1.0,0.0,0.02037525341719886,0.025846930192416368,0.011608674431784989,0.003983806661211585,0.02256897611906621,0.05510765027781762,1.0
60,real_boot_a,1,0.1,0.0,413.0,0.09900189826125952,0,20,0,0.0,0,0,,,,,,,,,,0,0,,,,,,,,,,,,,20,20,1.0,0.0,0.03533429276013077,0.01648757067672378,0.033261688201809185,0.02107108566967806,0.053575533764347136,0.054274127884323474,1.0,20,20,1.0,0.0,0.048767998511167886,2.8946264505708937e-09,0.04876799851196778,0.048767998098489515,0.048767999830124475,0.04876800102752793,1.0
60,real_boot_b,1,0.1,0.0,364.0,0.09935491603410883,0,20,0,0.0,0,0,,,,,,,,,,0,0,,,,,,,,,,,,,20,20,1.0,0.0,0.002046648171976022,0.0006061241614528463,0.002311260918926512,0.0022344681779276907,0.0023112692150058026,0.0023113000187083253,1.0,20,20,1.0,0.0,0.003951038739393656,0.0016124937042798512,0.004939592731599621,0.0029864668630139694,0.004939592755166431,0.004939592792804999,1.0
60,single_exp,0,0.1,0.005,148.0,0.09827358560436156,0,20,0,0.0,0,0,,,,,,,,,,0,0,,,,,,,,,,,,,20,20,1.0,0.0,0.02665965716457062,0.009753955308207161,0.02810581268257658,0.02162108094194814,0.03284748188819994,0.038445481656324845,0.2,20,20,1.0,0.0,0.027278331418862885,0.008017189031315876,0.029562395175458254,0.021927422649924283,0.033306906125841806,0.03525076680218661,0.2
60,two_exp,0,0.1,0.005,218.0,0.09985826346226055,0,20,0,0.0,0,0,,,,,,,,,,0,0,,,,,,,,,,,,,20,20,1.0,0.0,0.025324844874038306,0.014744171176328784,0.029246838877459894,0.01754815928012047,0.03965310303284727,0.04103996209321775,1.0,20,20,1.0,0.0,0.026809597126433667,0.010485675335923922,0.029809217504273667,0.022181171973590395,0.031572474826817104,0.037182919956927706,1.0
60,three_exp,0,0.1,0.005,377.0,0.09988829507506856,0,20,0,0.0,0,0,,,,,,,,,,0,0,,,,,,,,,,,,,20,20,1.0,0.0,0.034463367785404445,0.014901464236344844,0.037841499397047784,0.02354199603231901,0.04636086153729679,0.04845878449192718,1.0,20,20,1.0,0.0,0.03578209120041131,0.015878126447466837,0.035556314905732064,0.025552029501971427,0.04309523554150269,0.06306138307216465,1.0
60,four_exp,0,0.1,0.005,631.0,0.09977805552230239,0,20,0,0.0,0,0,,,,,,,,,,0,0,,,,,,,,,,,,,20,20,1.0,0.0,0.022603308278969843,0.011865859644331693,0.020601291441825653,0.013335369969334453,0.030680832818694444,0.039422599874651014,1.0,20,20,1.0,0.0,0.030414333800197573,0.014581918013547846,0.02853051499307536,0.022442838029445925,0.04055582845632633,0.049479651571425275,1.0
60,power_law,0,0.1,0.005,2441.0,0.09997859122064488,0,20,2,0.1,2,2,1.0,0.0,0.009850553126813988,0.0071234486277873595,0.009850553126813988,0.007332033711742764,0.012369072541885212,0.013880184190927947,1.0,2,2,1.0,0.0,0.010645745814830077,0.001027371958817315,0.010645745814830077,0.010282514975389762,0.011008976654270392,0.01122691515793458,1.0,0.5,0.5,0.41229357379603726,18,18,1.0,0.0,0.013545596683159395,0.013165777035330598,0.010562962190818061,0.0050618246564735694,0.013898579436907744,0.030684523308519278,0.8333333333333334,18,18,1.0,0.0,0.008906093601801888,0.004169882874213653,0.009356091640343907,0.005122367412988756,0.012194708684144746,0.013076735320719972,1.0
60,rational_decay,0,0.1,0.005,1125.0,0.09999999999999999,0,20,0,0.0,0,0,,,,,,,,,,0,0,,,,,,,,,,,,,20,20,1.0,0.0,0.043084336857219664,0.034995721286920925,0.04100803525708438,0.009542482057313994,0.07220909207394133,0.08942541919948728,1.0,20,20,1.0,0.0,0.010386616576276375,0.010586697574578767,0.005745551541809751,0.004049794369546233,0.012160763959572392,0.02560508982965823,1.0
60,mixed_pow_rat,0,0.1,0.005,2260.0,0.09998848741275486,0,20,0,0.0,0,0,,,,,,,,,,0,0,,,,,,,,,,,,,20,20,1.0,0.0,0.029920476956231883,0.029292152315079107,0.01880522854019832,0.008701728860925965,0.04371045376828606,0.06460771179952036,1.0,20,20,1.0,0.0,0.02243353407973435,0.012190640338949198,0.02096668178565711,0.013612075394849002,0.02934032202451617,0.038611474889269665,1.0
60,multiphase,0,0.1,0.005,3852.0,0.0999996544626016,0,20,0,0.0,0,0,,,,,,,,,,0,0,,,,,,,,,,,,,20,20,1.0,0.0,0.12293587319490766,0.0024176695957842296,0.12283623894077524,0.12146913310326626,0.12454440771134935,0.1257447296169081,1.0,20,20,1.0,0.0,0.11824719392690045,0.0017196590444858541,0.11794259968257625,0.11682456096028637,0.11952874172341427,0.12029757916044073,1.0
60,osc_exp,0,0.1,0.005,165.0,0.09570953042125925,0,20,0,0.0,0,0,,,,,,,,,,0,0,,,,,,,,,,,,,20,20,1.0,0.0,0.03261801448882011,0.01522507195669307,0.03784375861168301,0.022901524861761436,0.043476430473026975,0.04635119992648868,0.75,20,20,1.0,0.0,0.030916980137127098,0.010523938819735632,0.034624640399657666,0.029919513925910024,0.03751280135261955,0.038943358594159816,0.95
60,damped_osc_pow,0,0.1,0.005,3014.0,0.09999319502597674,0,20,1,0.05,1,1,1.0,0.0,0.017032839830426694,,0.017032839830426694,0.017032839830426694,0.017032839830426694,0.017032839830426694,1.0,1,1,1.0,0.0,0.021658737833065045,,0.021658737833065045,0.021658737833065045,0.021658737833065045,0.021658737833065045,1.0,0.0,0.0,0.27158700772697086,19,19,1.0,0.0,0.012573934655329697,0.008899160462202068,0.00978384176358199,0.006338978551436043,0.020614812374953346,0.02522564927550071,1.0,19,19,1.0,0.0,0.01011970702061098,0.007154775633270902,0.009047199384622673,0.00463754478799257,0.014763646966776416,0.02079786074162283,1.0
60,log_slow,0,0.1,0.005,50000.0,0.41863546463489004,1,20,1,0.05,1,1,1.0,0.0,0.13445614412488194,,0.13445614412488194,0.13445614412488194,0.13445614412488194,0.13445614412488194,0.0,1,1,1.0,0.0,0.0074240445296201996,,0.0074240445296201996,0.0074240445296201996,0.0074240445296201996,0.0074240445296201996,1.0,1.0,1.0,-0.9447846390513416,19,19,1.0,0.0,0.04545693751198785,0.02441559606189857,0.04469279098715205,0.03590965826075791,0.05378599308148509,0.07307863329789356,0.9473684210526315,19,19,1.0,0.0,0.05474818152953723,0.018999821126301747,0.05903230330465492,0.049457935202093906,0.0666258942226003,0.06997711486766015,1.0
60,delayed_plateau,0,0.1,0.005,321.0,0.09926115995627992,0,20,0,0.0,0,0,,,,,,,,,,0,0,,,,,,,,,,,,,20,20,1.0,0.0,0.07102918612596362,0.01795071609688691,0.0798853858884302,0.06560521742414421,0.0843839455383135,0.08526333718098415,1.0,20,20,1.0,0.0,0.043168031271129434,0.018409200171832098,0.05030046648231282,0.03112114519812556,0.05430478476618862,0.055273998438121884,1.0
60,staircase,0,0.1,0.005,320.0,0.0,0,20,0,0.0,0,0,,,,,,,,,,0,0,,,,,,,,,,,,,20,20,1.0,0.0,0.08811608949014907,0.03661081879464649,0.10277385633849567,0.07516145167051572,0.11698078215173588,0.11952102759513729,1.0,20,20,1.0,0.0,0.05522750436630989,0.020367369168775448,0.059002831875642564,0.043347019409304716,0.07329321451680954,0.07622115360000425,1.0
60,noisy_plateau,0,0.1,0.005,137.0,0.09536916221554956,0,20,20,1.0,20,20,1.0,0.0,0.0008751878630130709,0.0007905957651682689,0.0005529739245111846,0.0003388941895973467,0.0012585138243753598,0.0019464602902112414,0.9,20,20,1.0,0.05,0.0014174749243034274,0.0010979091511878311,0.001125430915046119,0.000656878459620723,0.0019296411866716557,0.0025255080289504264,0.8,0.15,0.15,0.9135108289892624,0,0,,,,,,,,,,0,0,,,,,,,,,
60,slow_osc_power,0,0.1,0.005,3483.0,0.09996889692898078,0,20,0,0.0,0,0,,,,,,,,,,0,0,,,,,,,,,,,,,20,20,1.0,0.35,0.0737495116380423,0.0571872978242958,0.06449977905422336,0.013333476528356019,0.1350284358489583,0.1494739643666302,0.35,20,20,1.0,0.05,0.046417639488711984,0.028985742518136806,0.05342068108140502,0.013386388393937533,0.07330935278544848,0.07907508082628517,0.35
60,log_oscillatory,0,0.1,0.005,50000.0,0.2992564263745022,1,20,20,1.0,20,20,1.0,0.0,0.03126347944557876,0.02033226957913561,0.02605728119665613,0.01651843010864766,0.045760007856817185,0.06609193134709625,1.0,20,20,1.0,0.0,0.15946486175123656,0.11977089702288501,0.11591343938742937,0.0808072952704904,0.18862995316939887,0.2842997059393658,0.7,0.0,0.0,3.9865518706155503,0,0,,,,,,,,,,0,0,,,,,,,,,
60,heavy_noise_plat,0,0.1,0.005,114.0,0.09071795328941246,0,20,20,1.0,20,20,1.0,0.05,0.0018059342778875803,0.0014720706774047003,0.0015363286541265064,0.0007383411950853099,0.00232558592487081,0.003120024127272849,0.85,20,20,1.0,0.05,0.0016801893827536351,0.001354469345555506,0.0015067737450505329,0.0005924411584465811,0.0023123506666543852,0.0036086081134345193,0.9,0.45,0.45,0.16980632854094357,0,0,,,,,,,,,,0,0,,,,,,,,,
60,broken_power_law,0,0.1,0.005,28776.0,0.09999962012267244,0,20,20,1.0,20,20,1.0,1.0,0.8066941017316583,0.016425219658228313,0.8118067731632896,0.7986007517785215,0.816423995673169,0.8223001323459976,0.0,20,20,1.0,0.0,0.07279331984858212,0.0004672291681506008,0.0728407178998485,0.0725963352357259,0.07309628598611051,0.07326325104863801,1.0,1.0,1.0,-0.9102246102843377,0,0,,,,,,,,,,0,0,,,,,,,,,
60,stretched_exp,1,0.1,0.005,579.0,0.09979846505939677,0,20,0,0.0,0,0,,,,,,,,,,0,0,,,,,,,,,,,,,20,20,1.0,0.0,0.025896046560862484,0.010960485224699648,0.030057112786855824,0.01707248302794223,0.03475277473825454,0.036316003243684426,1.0,20,20,1.0,0.0,0.019018476232933346,0.020410573532955018,0.011901468332734953,0.008430804907161714,0.023815169838984858,0.030599754792812472,1.0
60,logistic_tail,1,0.1,0.005,135.0,0.09609894819901184,0,20,0,0.0,0,0,,,,,,,,,,0,0,,,,,,,,,,,,,20,20,1.0,0.0,0.13384543460921422,0.027520725379626628,0.1457091772980777,0.13276312144777958,0.1493293573101342,0.15310832343106115,0.05,20,20,1.0,0.0,0.0992688121325636,0.03450622603590859,0.1145436684252497,0.09553877378973531,0.12013194088279908,0.12606656930035917,0.2
60,inv_sqrt_log,1,0.1,0.005,2929.0,0.09999046875803731,0,20,1,0.05,1,1,1.0,0.0,0.0030639848947098813,,0.0030639848947098813,0.0030639848947098813,0.0030639848947098813,0.0030639848947098813,1.0,1,1,1.0,0.0,0.003194297726894557,,0.003194297726894557,0.003194297726894557,0.003194297726894557,0.003194297726894557,1.0,0.0,0.0,0.04253050738261382,19,19,1.0,0.0,0.011927472333458328,0.010171799692197576,0.011082202879412705,0.0056843184440150815,0.012886911920364851,0.015715764876958655,0.9473684210526315,19,19,1.0,0.0,0.008825695310840893,0.0133129719913198,0.006238263379513914,0.005065507292338311,0.007046126509473297,0.008254657640190653,0.9473684210526315
60,random_knots,1,0.1,0.005,4730.0,0.09999546250252596,1,20,1,0.05,1,1,1.0,0.0,0.00539878632876036,,0.00539878632876036,0.00539878632876036,0.00539878632876036,0.00539878632876036,1.0,1,1,1.0,0.0,0.011293252690778934,,0.011293252690778934,0.011293252690778934,0.011293252690778934,0.011293252690778934,1.0,0.0,0.0,1.0918132341370193,19,19,1.0,0.0,0.026091325124674436,0.023250394970674375,0.01619160526989801,0.009675225385710726,0.04173024567881759,0.06606863890644536,0.8947368421052632,19,19,1.0,0.0,0.023422229475441737,0.03044340310384747,0.00824721027651526,0.002527979906099466,0.030296962172841845,0.0685829036061275,0.9473684210526315
60,real_boot_a,1,0.1,0.005,413.0,0.09900189826125952,0,20,0,0.0,0,0,,,,,,,,,,0,0,,,,,,,,,,,,,20,20,1.0,0.0,0.034881900709423014,0.018584401375381438,0.03278979678221052,0.023116898497218125,0.051883289607859984,0.05481218416067107,1.0,20,20,1.0,0.0,0.045082119535231654,0.012318895204326368,0.043207796565514905,0.0373159187865256,0.05030995255355702,0.06192506070487286,1.0
60,real_boot_b,1,0.1,0.005,364.0,0.09935491603410883,0,20,0,0.0,0,0,,,,,,,,,,0,0,,,,,,,,,,,,,20,20,1.0,0.0,0.002466009203640251,0.0023440807052454,0.0018357964094316802,0.0007291326916094064,0.0028291708524182486,0.006685498332475644,1.0,20,20,1.0,0.0,0.0036410260389620128,0.002383679696961851,0.0033175972008025207,0.0021528829705130194,0.004303439174904963,0.005890098227553585,1.0
60,single_exp,0,0.1,0.02,148.0,0.09827358560436156,0,20,0,0.0,0,0,,,,,,,,,,0,0,,,,,,,,,,,,,20,20,1.0,0.15,0.02698023647339462,0.01070164591063014,0.028620420612928,0.02004586184537909,0.031573261734273016,0.033998925580066015,0.3,20,20,1.0,0.15,0.026990246072669997,0.008648919390298814,0.029401517390066956,0.020649734966281134,0.03030026853034458,0.03230952754418453,0.25
60,two_exp,0,0.1,0.02,218.0,0.09985826346226055,0,20,0,0.0,0,0,,,,,,,,,,0,0,,,,,,,,,,,,,20,20,1.0,0.0,0.024252782196594363,0.014551721816572166,0.024720379945226162,0.014203756343565781,0.04010116412932904,0.041131645154857246,1.0,20,20,1.0,0.0,0.028505755973916812,0.017902451104848668,0.02983358992878957,0.019050150097896762,0.03278468211920563,0.04604998187456169,0.95
60,three_exp,0,0.1,0.02,377.0,0.09988829507506856,0,20,0,0.0,0,0,,,,,,,,,,0,0,,,,,,,,,,,,,20,20,1.0,0.0,0.045096794182365244,0.0233019520410502,0.04806522404508186,0.029599661659450258,0.06442215913323285,0.06795811437148178,1.0,20,20,1.0,0.0,0.046906722149684575,0.02434686847753189,0.04561431945853986,0.026290230252780572,0.06998151492329643,0.07609304237191161,1.0
60,four_exp,0,0.1,0.02,631.0,0.09977805552230239,0,20,0,0.0,0,0,,,,,,,,,,0,0,,,,,,,,,,,,,20,20,1.0,0.0,0.042778474139586034,0.034159265915287486,0.038901096760060525,0.009381292500632542,0.07660427592717511,0.0896013268274526,1.0,20,20,1.0,0.0,0.0737225335136035,0.04131773785143758,0.07023865077453093,0.04535337865880292,0.09262409998100844,0.0999282707583539,0.95
60,power_law,0,0.1,0.02,2441.0,0.09997859122064488,0,20,20,1.0,20,20,1.0,0.0,0.019131562117975804,0.018030102996158107,0.014031395285980967,0.0070165762718005596,0.027257337994829035,0.036383898246426405,0.7,20,20,1.0,0.15,0.0411771629516612,0.07792081856608452,0.012633867839815594,0.009410218447307432,0.022011075620458814,0.09046237345373315,0.6,0.35,0.35,0.45931567298195797,0,0,,,,,,,,,,0,0,,,,,,,,,
60,rational_decay,0,0.1,0.02,1125.0,0.09999999999999999,0,20,0,0.0,0,0,,,,,,,,,,0,0,,,,,,,,,,,,,20,20,1.0,0.0,0.035942709729826335,0.027028147100338424,0.03294370489371981,0.015009861565772336,0.04413453528944082,0.08006821819153569,1.0,20,20,1.0,0.0,0.04541933133612068,0.03669385553312536,0.044232745062696886,0.02330258526927266,0.05689031244298775,0.06551512512105462,0.95
60,mixed_pow_rat,0,0.1,0.02,2260.0,0.09998848741275486,0,20,0,0.0,0,0,,,,,,,,,,0,0,,,,,,,,,,,,,20,20,1.0,0.0,0.030698474721539616,0.02761961044533799,0.022007658168943213,0.008352367994162906,0.04628979133189743,0.0657087375108087,1.0,20,20,1.0,0.0,0.0433207070793426,0.03779351759074131,0.034101248108155194,0.017433461434958292,0.057771157291643796,0.08736777338503564,0.95
60,multiphase,0,0.1,0.02,3852.0,0.0999996544626016,0,20,0,0.0,0,0,,,,,,,,,,0,0,,,,,,,,,,,,,20,20,1.0,0.0,0.12012843885545188,0.01469451231042676,0.12148935969325841,0.11219303669494295,0.13139585692416939,0.13661981358585537,1.0,20,20,1.0,0.0,0.11856195184497165,0.00897232036876598,0.1165788396611423,0.11395097953327354,0.1255884287959306,0.1298828826376793,1.0
60,osc_exp,0,0.1,0.02,165.0,0.09570953042125925,0,20,0,0.0,0,0,,,,,,,,,,0,0,,,,,,,,,,,,,20,20,1.0,0.05,0.030996695915082605,0.01384839342043055,0.03569783497905559,0.022854093594629976,0.040741513872165416,0.04441170220229712,0.75,20,20,1.0,0.05,0.0297150896147897,0.010596835066257299,0.031040749645086838,0.026870555722789083,0.03676826661737417,0.040762956872421645,0.85
60,damped_osc_pow,0,0.1,0.02,3014.0,0.09999319502597674,0,20,19,0.95,19,19,1.0,0.0,0.024789097142789183,0.013633879430322763,0.025723958764567872,0.014650399164104775,0.03368074318531991,0.04077201220923945,0.9473684210526315,19,19,1.0,0.0,0.025741233679604462,0.019279676362756668,0.026531057476999076,0.015480099550179486,0.03093872279530838,0.0386520104600371,0.8947368421052632,0.5263157894736842,0.5263157894736842,-0.14403124205195922,1,1,1.0,0.0,0.021381580155836674,,0.021381580155836674,0.021381580155836674,0.021381580155836674,0.021381580155836674,1.0,1,1,1.0,0.0,0.012173826821226395,,0.012173826821226395,0.012173826821226395,0.012173826821226395,0.012173826821226395,1.0
60,log_slow,0,0.1,0.02,50000.0,0.41863546463489004,1,20,18,0.9,18,18,1.0,0.0,0.06331226697165931,0.045860620764951086,0.05856459226703996,0.027607892360896162,0.085345727180743,0.0909075191317684,0.8333333333333334,18,18,1.0,0.0,0.06906223086291294,0.02237837758580405,0.06689928963955014,0.057652903751607865,0.08011842035996218,0.09013852745859628,0.7777777777777778,0.5,0.5,0.14331208340745905,2,2,1.0,0.0,0.09194361866639783,0.046504307029312804,0.09194361866639783,0.07550186323899367,0.10838537409380199,0.11825042735024448,0.5,2,2,1.0,0.0,0.04803125358113938,0.04647069543274181,0.04803125358113938,0.031601381647666155,0.06446112551461261,0.07431904867469655,1.0
60,delayed_plateau,0,0.1,0.02,321.0,0.09926115995627992,0,20,0,0.0,0,0,,,,,,,,,,0,0,,,,,,,,,,,,,20,20,1.0,0.0,0.07122268038551857,0.01905784791140578,0.08050442430356142,0.06459830412222144,0.08442266643697297,0.08529018062844645,1.0,20,20,1.0,0.0,0.04215091069460304,0.018417869944285035,0.0508265063803338,0.030070683091429892,0.05278073520638703,0.05640813354436984,1.0
60,staircase,0,0.1,0.02,320.0,0.0,0,20,0,0.0,0,0,,,,,,,,,,0,0,,,,,,,,,,,,,20,20,1.0,0.0,0.08639246306234222,0.03898266808407162,0.10219856242214931,0.073474102793717,0.11659312426581142,0.11898018008852068,0.95,20,20,1.0,0.0,0.05650616625159479,0.024986425525468696,0.060992974013411756,0.04162672501146173,0.07235412986586995,0.07635408094442284,1.0
60,noisy_plateau,0,0.1,0.02,137.0,0.09536916221554956,0,20,20,1.0,20,20,1.0,0.1,0.0012800023235512968,0.0009217084966185969,0.0010890253941355284,0.0007471272934902479,0.001471075499526884,0.002737767458911997,0.6,20,20,1.0,0.2,0.0015961533647409058,0.0012787047916894773,0.00138254315848867,0.0005572035060744003,0.0018975951410016164,0.0032484456437991065,0.6,0.45,0.45,0.023773716324689626,0,0,,,,,,,,,,0,0,,,,,,,,,
60,slow_osc_power,0,0.1,0.02,3483.0,0.09996889692898078,0,20,8,0.4,8,8,1.0,0.125,0.026670785080708758,0.044412389622630076,0.012961882783923215,0.009411550023242964,0.014114508948618525,0.05077425463873008,0.75,8,8,1.0,0.125,0.05830520045228132,0.12900137550329321,0.011857746986333063,0.009960120348110266,0.017805589636111847,0.12817853929373885,0.625,0.125,0.125,0.20220402061907017,12,12,1.0,0.3333333333333333,0.0739588948668904,0.06463150451348904,0.04850895766225306,0.01333670605638885,0.13516445314867043,0.14509341075753365,0.3333333333333333,12,12,1.0,0.3333333333333333,0.0711805514622693,0.09283205124792288,0.04198928001219471,0.013203176207414076,0.07406491870244594,0.1403672749701453,0.3333333333333333
60,log_oscillatory,0,0.1,0.02,50000.0,0.2992564263745022,1,20,20,1.0,20,20,1.0,0.0,0.03684854440524147,0.023698893431128635,0.02640674531494432,0.02057730341709492,0.049048682539444874,0.06946116535170903,1.0,20,20,1.0,0.0,0.15937769480283265,0.11936658219557643,0.11598200743498255,0.08091472115622772,0.18889837850836738,0.2839645741882636,0.6,0.0,0.0,2.399373580273193,0,0,,,,,,,,,,0,0,,,,,,,,,
60,heavy_noise_plat,0,0.1,0.02,114.0,0.09071795328941246,0,20,20,1.0,20,20,1.0,0.0,0.005431457346855429,0.0050057032719145085,0.004401249904174097,0.0023157203489546294,0.00685226535385909,0.008266341173105853,0.9,20,20,1.0,0.0,0.003342866793216644,0.002356518193467076,0.0032208962169940347,0.0017951328749722393,0.004047193818409179,0.006684969676099239,0.95,0.7,0.7,-0.19862748452487283,0,0,,,,,,,,,,0,0,,,,,,,,,
60,broken_power_law,0,0.1,0.02,28776.0,0.09999962012267244,0,20,20,1.0,20,20,1.0,0.95,0.8075460032804159,0.03556275769556357,0.8121611647660724,0.7777564340080468,0.8339462173058517,0.8478418288243509,0.0,20,20,1.0,0.0,0.07265639879112415,0.002433189047253435,0.0726044123234584,0.07096094996996298,0.07420565184782557,0.07524173258271427,1.0,1.0,1.0,-0.9093604094104368,0,0,,,,,,,,,,0,0,,,,,,,,,
60,stretched_exp,1,0.1,0.02,579.0,0.09979846505939677,0,20,0,0.0,0,0,,,,,,,,,,0,0,,,,,,,,,,,,,20,20,1.0,0.0,0.028354733667230857,0.012145895850352424,0.03214445603263774,0.018757596093255478,0.03917677096660414,0.04128132233818949,1.0,20,20,1.0,0.0,0.043662698776451486,0.04880438205609144,0.029152079405947922,0.010272267595294414,0.05982451557053265,0.10353866549949246,0.95
60,logistic_tail,1,0.1,0.02,135.0,0.09609894819901184,0,20,0,0.0,0,0,,,,,,,,,,0,0,,,,,,,,,,,,,20,20,1.0,0.05,0.13432705777324722,0.027672673327180652,0.14685499400260238,0.1335764219232688,0.15015278906505614,0.153086114303351,0.15,20,20,1.0,0.05,0.0998414948656424,0.03420539627388176,0.11549650025935185,0.09616741696083173,0.1217906612279099,0.12563901620669896,0.2
60,inv_sqrt_log,1,0.1,0.02,2929.0,0.09999046875803731,0,20,20,1.0,20,20,1.0,0.2,0.01894477679331779,0.016432277009669205,0.013861053897771416,0.007949452847987027,0.02284072771290406,0.04033471257421229,0.5,20,20,1.0,0.25,0.025288738685227786,0.039657420614468974,0.012006858834301628,0.005857386740649334,0.02134564972375712,0.05982266755829984,0.55,0.8,0.8,-0.1684677891002295,0,0,,,,,,,,,,0,0,,,,,,,,,
60,random_knots,1,0.1,0.02,4730.0,0.09999546250252596,1,20,11,0.55,11,11,1.0,0.09090909090909091,0.03544394819703808,0.03715536908627206,0.01608299725062023,0.01183108553905209,0.052281451478264594,0.08424212025033617,0.8181818181818182,11,11,1.0,0.09090909090909091,0.046778457793326386,0.05637905175749322,0.018973074287422113,0.011185102565987096,0.06994292475450684,0.10179774280863542,0.8181818181818182,0.5454545454545454,0.5454545454545454,-0.08690372953060102,9,9,1.0,0.0,0.055296281160713154,0.04101908879058993,0.0456573850100284,0.027770623973018285,0.0795206798982498,0.1113989332371025,0.6666666666666666,9,9,1.0,0.1111111111111111,0.04170460059296426,0.07236019820194102,0.019595261183939547,0.008651630433557454,0.02575434803807186,0.07609962740481775,0.8888888888888888
60,real_boot_a,1,0.1,0.02,413.0,0.09900189826125952,0,20,0,0.0,0,0,,,,,,,,,,0,0,,,,,,,,,,,,,20,20,1.0,0.0,0.05031294393474837,0.025632411532184,0.05232082186108135,0.030759442161523116,0.06208114431544174,0.0833606564486644,1.0,20,20,1.0,0.0,0.057026176863784216,0.02896730183943831,0.0678416722523208,0.027956314240443866,0.08012683400851825,0.08717858978586489,1.0
60,real_boot_b,1,0.1,0.02,364.0,0.09935491603410883,0,20,0,0.0,0,0,,,,,,,,,,0,0,,,,,,,,,,,,,20,20,1.0,0.0,0.010034596122652163,0.011239184654285262,0.006083952172708032,0.003257513007029836,0.010756500357767387,0.026941181582552945,0.85,20,20,1.0,0.0,0.008595787915114044,0.010406663999483916,0.00416397900902124,0.0015417419463248606,0.010597758261884594,0.02738295880307715,0.9
80,single_exp,0,0.5,0.0,108.0,0.4867522559599715,0,20,0,0.0,0,0,,,,,,,,,,0,0,,,,,,,,,,,,,20,20,1.0,0.0,0.02905156457282823,0.01584399775125944,0.03461417700181629,0.012448904011032127,0.043799947323276744,0.04462776330674726,0.15,20,20,1.0,0.0,0.03206858832266744,0.014329912171395748,0.03581429437809759,0.02334545203912182,0.04664886841278376,0.04761489316006079,0.1
80,two_exp,0,0.5,0.0,129.0,0.4955914190433955,0,20,0,0.0,0,0,,,,,,,,,,0,0,,,,,,,,,,,,,20,20,1.0,0.0,0.04055868711789801,0.014185054372558813,0.0463384996874505,0.03345216421690026,0.053169869362694876,0.05375428421581839,0.65,20,20,1.0,0.0,0.018742791398759024,0.015376046733180944,0.021696442627222756,0.0018308367499954153,0.0350970467114894,0.03619535937360122,1.0
80,three_exp,0,0.5,0.0,176.0,0.49876789415554024,0,20,0,0.0,0,0,,,,,,,,,,0,0,,,,,,,,,,,,,20,20,1.0,0.0,0.028747377092421346,0.010153097587651152,0.03167284939815085,0.020171141728952173,0.038013743912428094,0.03931286649927417,1.0,20,20,1.0,0.0,0.027286927465398635,1.3348319757989678e-08,0.027286926417300336,0.027286918315435234,0.027286932172703254,0.027286932493723555,1.0
80,four_exp,0,0.5,0.0,231.0,0.4980680166164721,0,20,0,0.0,0,0,,,,,,,,,,0,0,,,,,,,,,,,,,20,20,1.0,0.0,0.01881776675259018,0.010817453835767226,0.021722125721124586,0.01078968653542077,0.02639934302966642,0.03092970643434265,1.0,20,20,1.0,0.0,0.01939626273517999,3.720570245236539e-08,0.019396256368097962,0.01939623295399987,0.019396279194993038,0.019396304169615138,1.0
80,power_law,0,0.5,0.0,244.0,0.4999340482202355,0,20,1,0.05,1,1,1.0,0.0,0.0008245138657572149,,0.0008245138657572149,0.0008245138657572149,0.0008245138657572149,0.0008245138657572149,1.0,1,1,1.0,0.0,0.0034918565897104625,,0.0034918565897104625,0.0034918565897104625,0.0034918565897104625,0.0034918565897104625,1.0,0.0,0.0,3.2350489600361305,19,19,1.0,0.0,0.0008245147192731488,1.296003946510485e-09,0.0008245143537873451,0.0008245139020739024,0.0008245151561766372,0.0008245163816210099,1.0,19,19,1.0,0.0,0.0034918624251142616,1.2164359393620366e-08,0.0034918565689093656,0.0034918564343122058,0.0034918631313049283,0.0034918726005131765,1.0
80,rational_decay,0,0.5,0.0,205.0,0.5,0,20,0,0.0,0,0,,,,,,,,,,0,0,,,,,,,,,,,,,20,20,1.0,0.0,0.016574821816835793,0.011097560265322822,0.014053298466669195,0.0073016509519588935,0.028836126169580176,0.03206476957147076,1.0,20,20,1.0,0.0,5.428872629220649e-12,1.2699594187935074e-11,1.5404344466674047e-15,1.491862189340054e-16,1.3032942780544232e-12,1.9117198102325262e-11,1.0
80,mixed_pow_rat,0,0.5,0.0,254.0,0.4990202976120709,0,20,0,0.0,0,0,,,,,,,,,,0,0,,,,,,,,,,,,,20,20,1.0,0.0,0.017234342529703635,0.009292661260501446,0.019433850044007953,0.009077349647066454,0.025652081518736186,0.026987152020111864,1.0,20,20,1.0,0.0,0.010798847468824563,6.345163534712594e-09,0.010798846827707306,0.010798842345807788,0.010798850730746684,0.010798856996459359,1.0
80,multiphase,0,0.5,0.0,504.0,0.49983903719462197,0,20,0,0.0,0,0,,,,,,,,,,0,0,,,,,,,,,,,,,20,20,1.0,0.0,0.014719939928454735,4.073547721631303e-08,0.014719939517691634,0.014719922580033178,0.01471996332143486,0.014719987791645536,1.0,20,20,1.0,0.0,0.037003244686644864,2.583702995802049e-08,0.03700324971431083,0.03700323945112801,0.03700325586775374,0.037003268652333096,1.0
80,osc_exp,0,0.5,0.0,107.0,0.47832942079368884,0,20,0,0.0,0,0,,,,,,,,,,0,0,,,,,,,,,,,,,20,20,1.0,0.0,0.03590101417946634,0.018262123332217186,0.03853093217907713,0.0209969135525033,0.0528436747295426,0.05460882828911869,0.3,20,20,1.0,0.0,0.0330129359156396,0.01570593235300623,0.03331450093281135,0.023001106686662075,0.046825533797921204,0.04967118649760038,0.3
80,damped_osc_pow,0,0.5,0.0,260.0,0.49940767513390516,0,20,0,0.0,0,0,,,,,,,,,,0,0,,,,,,,,,,,,,20,20,1.0,0.0,0.0015748280225365188,0.00041782170816273627,0.001786929716560661,0.0017327752704562032,0.0017869301199274282,0.001786931271692685,1.0,20,20,1.0,0.0,0.006345174998136455,2.4958906374527693e-08,0.006345165610271288,0.00634516438002509,0.006345166147797156,0.0063452100535812276,1.0
80,log_slow,0,0.5,0.0,8594.0,0.49999975284240333,0,20,1,0.05,1,1,1.0,0.0,0.014488926978753924,,0.014488926978753924,0.014488926978753924,0.014488926978753924,0.014488926978753924,1.0,1,1,1.0,0.0,0.053899704115281,,0.053899704115281,0.053899704115281,0.053899704115281,0.053899704115281,1.0,0.0,0.0,2.72006182337158,19,19,1.0,0.0,0.0144889298689826,4.7156084408283785e-09,0.014488927530015086,0.014488927102270191,0.01448893038524092,0.014488935501642444,1.0,19,19,1.0,0.0,0.05389971099341881,2.901644685520255e-09,0.05389971138074594,0.05389971071880299,0.053899712395556784,0.05389971280293856,1.0
80,delayed_plateau,0,0.5,0.0,160.0,0.49658484551706805,0,20,0,0.0,0,0,,,,,,,,,,0,0,,,,,,,,,,,,,20,20,1.0,0.0,0.11778195761396429,0.005221019537004594,0.1204212202936813,0.11657654596396533,0.12128495834236121,0.12147653884711142,1.0,20,20,1.0,0.0,0.05425235152654652,0.015304098750477686,0.06181881074853192,0.05140060354593134,0.06408955603310504,0.06459000672818968,1.0
80,staircase,0,0.5,0.0,170.0,0.2777777777777778,0,20,0,0.0,0,0,,,,,,,,,,0,0,,,,,,,,,,,,,20,20,1.0,0.0,0.16189727974122428,0.012953066586164392,0.16713496820789825,0.15864666415196843,0.17178402685161268,0.172582304023619,0.0,20,20,1.0,0.0,0.08918418645648847,0.033455812274754915,0.10324376801414681,0.08268241710609853,0.11383525404991932,0.11561575288409127,1.0
80,noisy_plateau,0,0.5,0.0,104.0,0.4965853037914094,0,20,15,0.75,15,15,1.0,0.06666666666666667,0.0004888984591202496,0.0003679116241955403,0.0004958582837089887,0.00014843708874478535,0.0006772395412231735,0.0009044311953910644,0.8666666666666667,15,15,1.0,0.06666666666666667,0.00046796195779755744,0.00035617986365688324,0.00045909517478508535,0.0001543611830675251,0.0006634768737552449,0.0008691051219882838,0.8666666666666667,0.6,0.6,-0.055610167369142885,5,5,1.0,0.0,0.0007985465359708216,0.0003681475859157306,0.0008820785487064029,0.0006492970991947913,0.0011090413067456062,0.001113076799045261,0.6,5,5,1.0,0.0,0.0007005988386889438,0.0003319580090330225,0.0007418246396231117,0.0006794950712083608,0.000943463388087911,0.0009680746230054299,0.6
80,slow_osc_power,0,0.5,0.0,415.0,0.49840630355024784,0,20,4,0.2,4,4,1.0,0.0,0.036300434921574545,0.0008361446441389127,0.036609897832333094,0.03608390527279008,0.03682642748111756,0.03686842669197034,0.0,4,4,1.0,1.0,0.1693771825438101,0.008023584859568174,0.17228599193110963,0.16719888397844906,0.17446429049647066,0.17489332698656182,0.0,0.0,0.0,3.705846300347775,16,16,1.0,0.0,0.014280308565805422,0.014186492486388742,0.012617448415175404,0.000930947473188083,0.03182447158589387,0.032772067480352024,0.625,16,16,1.0,0.3125,0.06053831122232135,0.05696050909229466,0.0420305735403397,0.012080477760038014,0.13124586344439226,0.13840669890415203,0.375
80,log_oscillatory,0,0.5,0.0,533.0,0.49841524754235217,0,20,0,0.0,0,0,,,,,,,,,,0,0,,,,,,,,,,,,,20,20,1.0,0.0,0.06499062626853228,4.737568229561194e-10,0.06499062631070177,0.06499062623682939,0.06499062639142368,0.06499062666155656,1.0,20,20,1.0,0.0,0.04839297420950549,2.753606888233306e-09,0.04839297444805156,0.04839297281676238,0.04839297610158198,0.04839297725242539,1.0
80,heavy_noise_plat,0,0.5,0.0,97.0,0.49658530379140886,0,20,20,1.0,20,20,1.0,0.05,0.0007932886784998274,0.0005605994655998285,0.0008695097212699475,0.0003178711718622926,0.0009940886481535904,0.0015021364088097352,0.95,20,20,1.0,0.05,0.0013237643981280057,0.0007259836572920266,0.0013841720021335732,0.0007790669969722427,0.0017843074688130693,0.0023699627488243166,0.9,0.2,0.2,1.037696150033982,0,0,,,,,,,,,,0,0,,,,,,,,,
80,broken_power_law,0,0.5,0.0,514.0,0.49991211917454004,0,20,20,1.0,20,20,1.0,0.0,0.12910906376005277,3.596693834794321e-09,0.12910906345215653,0.1291090610965971,0.12910906579866055,0.1291090668690598,0.0,20,20,1.0,0.0,0.012280971567369956,4.565928995001044e-09,0.012280970126587493,0.012280970113300784,0.012280970337202036,0.012280972192343639,1.0,1.0,1.0,-0.904879100796557,0,0,,,,,,,,,,0,0,,,,,,,,,
80,stretched_exp,1,0.5,0.0,193.0,0.49828241532615414,0,20,0,0.0,0,0,,,,,,,,,,0,0,,,,,,,,,,,,,20,20,1.0,0.0,0.027564747901839843,0.01293384738746892,0.0315352165793054,0.016391519428598122,0.03969722249670554,0.04154167170006021,1.0,20,20,1.0,0.0,0.011291916650311932,2.463243201033367e-08,0.011291906420246245,0.011291901665189702,0.011291925831637073,0.011291936187557947,1.0
80,logistic_tail,1,0.5,0.0,105.0,0.47748855939048196,0,20,0,0.0,0,0,,,,,,,,,,0,0,,,,,,,,,,,,,20,20,1.0,0.0,0.16079282399708544,0.009098212184464419,0.16452363355085647,0.15973776592222969,0.1662772155080836,0.16793447868889486,0.0,20,20,1.0,0.0,0.12968691303046037,0.01918529542921136,0.137611765260087,0.1281981555333418,0.14097339349584753,0.14410841394021087,0.0
80,inv_sqrt_log,1,0.5,0.0,245.0,0.4997783934707863,0,20,1,0.05,1,1,1.0,0.0,0.00029378346056352367,,0.00029378346056352367,0.00029378346056352367,0.00029378346056352367,0.00029378346056352367,1.0,1,1,1.0,0.0,0.0020063466331794455,,0.0020063466331794455,0.0020063466331794455,0.0020063466331794455,0.0020063466331794455,1.0,0.0,0.0,5.8293382797348485,19,19,1.0,0.0,0.0002937840698170443,1.9310465059821044e-09,0.0002937834660268479,0.00029378338881592275,0.00029378351320600606,0.00029378466201520904,1.0,19,19,1.0,0.0,0.002006346052284244,2.140631229084463e-09,0.0020063465684717896,0.002006345834064187,0.0020063467600753195,0.00200634697074636,1.0
80,random_knots,1,0.5,0.0,314.5,0.49936083587279756,0,20,0,0.0,0,0,,,,,,,,,,0,0,,,,,,,,,,,,,20,20,1.0,0.0,0.010153671300972004,0.008512978974679225,0.007227304471065838,0.003637079673617141,0.013881016184773554,0.024244624166987572,1.0,20,20,1.0,0.0,0.013603868775702882,0.013777930121574055,0.0068749884528174765,0.003073148416692051,0.0221741905514169,0.029378717880162723,1.0
80,real_boot_a,1,0.5,0.0,203.0,0.49951204685092926,0,20,0,0.0,0,0,,,,,,,,,,0,0,,,,,,,,,,,,,20,20,1.0,0.0,0.019409042783100055,0.012492609810204374,0.018630584537443623,0.009916924596778155,0.03279171082202026,0.03327149372976985,1.0,20,20,1.0,0.0,0.02803133461081988,3.5500676176393093e-09,0.028031336367176043,0.02803133501989643,0.028031336492026715,0.028031336509371674,1.0
80,real_boot_b,1,0.5,0.0,172.0,0.496916665259355,0,20,0,0.0,0,0,,,,,,,,,,0,0,,,,,,,,,,,,,20,20,1.0,0.0,0.011275189505609904,0.009658686165674174,0.008573122025772022,0.0027028876905865404,0.022753506743569317,0.022753548810782682,1.0,20,20,1.0,0.0,0.008589034408605834,0.005219061929323105,0.01140332443942869,0.003693816610169768,0.012996325774311805,0.01299632924064288,1.0
80,single_exp,0,0.5,0.005,108.0,0.4867522559599715,0,20,0,0.0,0,0,,,,,,,,,,0,0,,,,,,,,,,,,,20,20,1.0,0.2,0.028926053984381556,0.015795509461877178,0.03414242170973578,0.01274832092326832,0.043782433299343844,0.04467935122698269,0.15,20,20,1.0,0.3,0.032004501286512645,0.014316965988989579,0.03544059992521203,0.02207080965522404,0.04662979112965031,0.047677712404746025,0.05
80,two_exp,0,0.5,0.005,129.0,0.4955914190433955,0,20,0,0.0,0,0,,,,,,,,,,0,0,,,,,,,,,,,,,20,20,1.0,0.0,0.04065211462132595,0.014038159004706527,0.04636924383120732,0.032940857290136315,0.05278447336780048,0.053969124664941207,0.55,20,20,1.0,0.0,0.019446458098986086,0.014673814153022728,0.021731603824518518,0.004076634509323315,0.034824867647677143,0.03653548785588565,1.0
80,three_exp,0,0.5,0.005,176.0,0.49876789415554024,0,20,0,0.0,0,0,,,,,,,,,,0,0,,,,,,,,,,,,,20,20,1.0,0.0,0.028976736831726534,0.010330683522717146,0.03223528032966691,0.019952909874639345,0.038183211480065885,0.038969209407126684,1.0,20,20,1.0,0.0,0.027029208936670455,0.0026508573241716626,0.02746997661441488,0.025483057177091695,0.028745894656785745,0.0301254134932669,1.0
80,four_exp,0,0.5,0.005,231.0,0.4980680166164721,0,20,0,0.0,0,0,,,,,,,,,,0,0,,,,,,,,,,,,,20,20,1.0,0.0,0.018907835585219426,0.011093111288542163,0.022845414758760008,0.010787074633116789,0.027233727828645235,0.031579651121873435,1.0,20,20,1.0,0.0,0.019301621281811388,0.00410477494257457,0.019348499933852466,0.016530761866763617,0.022199059667918145,0.024829104648503672,1.0
80,power_law,0,0.5,0.005,244.0,0.4999340482202355,0,20,1,0.05,1,1,1.0,0.0,0.0009627562356053776,,0.0009627562356053776,0.0009627562356053776,0.0009627562356053776,0.0009627562356053776,1.0,1,1,1.0,0.0,0.0029718465239652603,,0.0029718465239652603,0.0029718465239652603,0.0029718465239652603,0.0029718465239652603,1.0,0.0,0.0,2.086810985022158,19,19,1.0,0.0,0.002400475501565375,0.0019159415838644965,0.0018802988907901108,0.0013071236670320618,0.0028347912727095144,0.0054452974745411,1.0,19,19,1.0,0.0,0.0032752646958787808,0.0021604696092776695,0.0032734294045422274,0.0018331857190842828,0.004664024519664864,0.0056606223764569235,1.0
80,rational_decay,0,0.5,0.005,205.0,0.5,0,20,0,0.0,0,0,,,,,,,,,,0,0,,,,,,,,,,,,,20,20,1.0,0.0,0.016809009404748967,0.011336989997807675,0.01426865126410487,0.007169303557205187,0.02865387273815403,0.03261391304625576,1.0,20,20,1.0,0.0,0.0019152092313084526,0.0022019867282174546,0.0010056444352482125,0.0004651223613555168,0.0027055172240401486,0.004763057376764928,1.0
80,mixed_pow_rat,0,0.5,0.005,254.0,0.4990202976120709,0,20,0,0.0,0,0,,,,,,,,,,0,0,,,,,,,,,,,,,20,20,1.0,0.0,0.016921793292941877,0.00955198546802308,0.019456061265621404,0.007258712372418347,0.025526802655885684,0.02644118669875316,1.0,20,20,1.0,0.0,0.008435699989396464,0.003261864305328259,0.008466084425907294,0.00688607643535297,0.010574025966815434,0.011807643369149507,1.0
80,multiphase,0,0.5,0.005,504.0,0.49983903719462197,0,20,0,0.0,0,0,,,,,,,,,,0,0,,,,,,,,,,,,,20,20,1.0,0.0,0.015135600308894428,0.005913570269315903,0.014622902487822234,0.013181038935033817,0.01797337709224532,0.022385004922872036,1.0,20,20,1.0,0.0,0.03735478274222229,0.0031302850524857896,0.037183476087816233,0.03607045316109106,0.038469111951622045,0.04118229407114653,1.0
80,osc_exp,0,0.5,0.005,107.0,0.47832942079368884,0,20,0,0.0,0,0,,,,,,,,,,0,0,,,,,,,,,,,,,20,20,1.0,0.0,0.03605581438730165,0.018139323283930003,0.03831910523540141,0.022586337677051156,0.05274008999739892,0.0542843115311012,0.4,20,20,1.0,0.0,0.032783672769335866,0.015723685635006764,0.03257589193158528,0.02265288552778493,0.04677506933951907,0.04946072375948913,0.4
80,damped_osc_pow,0,0.5,0.005,260.0,0.49940767513390516,0,20,0,0.0,0,0,,,,,,,,,,0,0,,,,,,,,,,,,,20,20,1.0,0.0,0.0035542459037698924,0.0028166996491721876,0.003542554967309538,0.001261820469535161,0.005047976217858756,0.007079896330826408,1.0,20,20,1.0,0.0,0.005834890244601527,0.0028480848429785505,0.006247417104507595,0.0035904237721594116,0.007449935235671605,0.010203053114208346,1.0
80,log_slow,0,0.5,0.005,8594.0,0.49999975284240333,0,20,1,0.05,1,1,1.0,0.0,0.022885925260655804,,0.022885925260655804,0.022885925260655804,0.022885925260655804,0.022885925260655804,1.0,1,1,1.0,0.0,0.04559866058616957,,0.04559866058616957,0.04559866058616957,0.04559866058616957,0.04559866058616957,1.0,0.0,0.0,0.9924324696000045,19,19,1.0,0.0,0.01731672511614122,0.01136709314491528,0.013015092084298574,0.008322715693263039,0.025636138216479976,0.03305829859567259,1.0,19,19,1.0,0.0,0.05464122642889452,0.003751832221536743,0.053845409435112346,0.05198869677145777,0.057040539202845936,0.060137935463539176,1.0
80,delayed_plateau,0,0.5,0.005,160.0,0.49658484551706805,0,20,0,0.0,0,0,,,,,,,,,,0,0,,,,,,,,,,,,,20,20,1.0,0.0,0.11783328247467625,0.005320091186585778,0.11986613368912721,0.11606417954675778,0.12109910591218495,0.12200088454642648,0.75,20,20,1.0,0.0,0.054293281797118766,0.0153502492225885,0.0613986673232136,0.05097607044116786,0.06387098864957472,0.0647661009416181,1.0
80,staircase,0,0.5,0.005,170.0,0.2777777777777778,0,20,0,0.0,0,0,,,,,,,,,,0,0,,,,,,,,,,,,,20,20,1.0,0.0,0.16140297847054216,0.013166911028640031,0.1672961098754578,0.15716939710372024,0.17111470646557736,0.1724857514601373,0.05,20,20,1.0,0.0,0.08880634000466738,0.03364997994995245,0.10336455238458037,0.08159424463863651,0.11344912767211426,0.11548013946256483,1.0
80,noisy_plateau,0,0.5,0.005,104.0,0.4965853037914094,0,20,14,0.7,14,14,1.0,0.0,0.0011103347548679168,0.0007654991076702303,0.001080434912996902,0.00048821580660902975,0.001298758129672943,0.002063193392854452,0.6428571428571429,14,14,1.0,0.0,0.0010085881635570183,0.0007631423133476042,0.0009053703046309897,0.00046434476336964375,0.0012236143878485428,0.0018518145719650528,0.6428571428571429,0.8571428571428571,0.8571428571428571,-0.1164862878808054,6,6,1.0,0.0,0.0007966879535516053,0.0006177197855139696,0.000752422370030429,0.0002504163495504106,0.0012824220721962517,0.001481320312270661,0.8333333333333334,6,6,1.0,0.0,0.0007263764780049154,0.0005169579702442587,0.0006190609072803475,0.0003212170770599664,0.0011546514484752687,0.0013254078937961575,0.8333333333333334
80,slow_osc_power,0,0.5,0.005,415.0,0.49840630355024784,0,20,3,0.15,3,3,1.0,0.0,0.036511946707685816,0.0004006458017526656,0.03659053619406233,0.03633418281571113,0.03672900534284876,0.036812086832120616,0.0,3,3,1.0,1.0,0.1686549606085934,0.009580946871817486,0.17331061670522274,0.1654732391011792,0.17416451016432224,0.17467684623978194,0.0,0.0,0.0,3.7831603968630168,17,17,1.0,0.0,0.01581831081002778,0.01516179856315307,0.013983822504592423,0.0009230863577560332,0.03236049975933275,0.03408848580060986,0.5882352941176471,17,17,1.0,0.4117647058823529,0.06675742181283968,0.060411172026426076,0.04304638476917237,0.012110693997607969,0.13630140017527864,0.14437552352985966,0.23529411764705882
80,log_oscillatory,0,0.5,0.005,533.0,0.49841524754235217,0,20,0,0.0,0,0,,,,,,,,,,0,0,,,,,,,,,,,,,20,20,1.0,0.0,0.06495334550196152,0.0008314702581565766,0.06507766107679315,0.06416754365093175,0.06558545605231483,0.06586184371091149,1.0,20,20,1.0,0.0,0.0483518416523479,0.0008974738665360759,0.048466112710577644,0.04756108781359679,0.04904021012133171,0.049298109682373276,1.0
80,heavy_noise_plat,0,0.5,0.005,97.0,0.49658530379140886,0,20,20,1.0,20,20,1.0,0.0,0.0014559501547170362,0.0015060004218790837,0.0011921042327833645,0.000282272138178186,0.0018716160063206337,0.0037300062195603375,0.8,20,20,1.0,0.05,0.0020468412574191773,0.0017522259847853952,0.0014550697126091286,0.0007057340426920369,0.0028266177684027408,0.0035760737724507856,0.8,0.25,0.25,0.6536375602806317,0,0,,,,,,,,,,0,0,,,,,,,,,
80,broken_power_law,0,0.5,0.005,514.0,0.49991211917454004,0,20,20,1.0,20,20,1.0,0.0,0.12945170554537883,0.001897660902293962,0.12979301361812584,0.12909312077490792,0.13046101584357192,0.13109907943843618,0.0,20,20,1.0,0.0,0.012234340118644481,0.000505599401332043,0.012207119343326522,0.01195355414662113,0.012661964063189816,0.012899199881571602,1.0,1.0,1.0,-0.9062549059733203,0,0,,,,,,,,,,0,0,,,,,,,,,
80,stretched_exp,1,0.5,0.005,193.0,0.49828241532615414,0,20,0,0.0,0,0,,,,,,,,,,0,0,,,,,,,,,,,,,20,20,1.0,0.0,0.02769862990865677,0.01280837363435898,0.03143529688826015,0.017838696164198378,0.04004062412297413,0.040892841391864346,1.0,20,20,1.0,0.0,0.011498264562532098,0.0037830129373385636,0.011732379969446968,0.00914856260103579,0.0130381116437969,0.014866482125083975,1.0
80,logistic_tail,1,0.5,0.005,105.0,0.47748855939048196,0,20,0,0.0,0,0,,,,,,,,,,0,0,,,,,,,,,,,,,20,20,1.0,0.0,0.16094189938032152,0.009244217465208097,0.16449031516853624,0.16035242967428423,0.16636601279235796,0.16794125873341698,0.0,20,20,1.0,0.0,0.12982294820344795,0.019301787766448534,0.13775904650320892,0.1283816140334047,0.14096687634015734,0.14420165602379548,0.0
80,inv_sqrt_log,1,0.5,0.005,245.0,0.4997783934707863,0,20,1,0.05,1,1,1.0,0.0,0.004222184409371499,,0.004222184409371499,0.004222184409371499,0.004222184409371499,0.004222184409371499,1.0,1,1,1.0,0.0,0.0009812823559067763,,0.0009812823559067763,0.0009812823559067763,0.0009812823559067763,0.0009812823559067763,1.0,1.0,1.0,-0.7675889395714843,19,19,1.0,0.0,0.0017172846803362736,0.0016308333394976992,0.0014761233776982297,0.0006210502383905171,0.0020111722231332865,0.0036786626262206934,0.8947368421052632,19,19,1.0,0.0,0.0017948913918206361,0.0011014843728914664,0.0016965494004473024,0.0009161713129499163,0.0023581340439082846,0.0032624591528915667,0.8947368421052632
80,random_knots,1,0.5,0.005,314.5,0.49936083587279756,0,20,0,0.0,0,0,,,,,,,,,,0,0,,,,,,,,,,,,,20,20,1.0,0.0,0.010890570773881671,0.008479714514848469,0.008300208691048194,0.004279836040125804,0.014154056165864433,0.023947037259286513,1.0,20,20,1.0,0.0,0.014286959646544539,0.013555934607014365,0.007678618401982716,0.0032162224464835232,0.022441063919048817,0.036130685847704916,1.0
80,real_boot_a,1,0.5,0.005,203.0,0.49951204685092926,0,20,0,0.0,0,0,,,,,,,,,,0,0,,,,,,,,,,,,,20,20,1.0,0.0,0.02014203253507767,0.011864108111785465,0.018436630761167666,0.010058401928321588,0.031810775267398596,0.03426859404200523,1.0,20,20,1.0,0.0,0.027881474847446804,0.0024309292877205033,0.02774208119843427,0.02681619821675994,0.028978191297298197,0.030220961275051285,1.0
80,real_boot_b,1,0.5,0.005,172.0,0.496916665259355,0,20,0,0.0,0,0,,,,,,,,,,0,0,,,,,,,,,,,,,20,20,1.0,0.0,0.010997147992157683,0.009566343062941022,0.008591845460233439,0.001991283164521237,0.019255077489937676,0.02362517913646506,0.9,20,20,1.0,0.0,0.008457148964397908,0.005185845044646118,0.00981882747506855,0.0039032979841130584,0.011956892171242798,0.014805394265515076,1.0
80,single_exp,0,0.5,0.02,108.0,0.4867522559599715,0,20,0,0.0,0,0,,,,,,,,,,0,0,,,,,,,,,,,,,20,20,1.0,0.25,0.028265759443003607,0.016364188935047617,0.03470822808987832,0.01243813300860543,0.04415481482178894,0.04517881264823901,0.2,20,20,1.0,0.25,0.030629986302190982,0.015672512594678018,0.035672462463993346,0.01491908705130274,0.04714148849569155,0.047651673594729514,0.15
80,two_exp,0,0.5,0.02,129.0,0.4955914190433955,0,20,0,0.0,0,0,,,,,,,,,,0,0,,,,,,,,,,,,,20,20,1.0,0.0,0.04026260489452878,0.014346253041862617,0.046831079357626836,0.03054770424477056,0.05200834843319405,0.054094255889161814,0.7,20,20,1.0,0.0,0.02072800049540307,0.013777482314294742,0.02259455575681317,0.006635688161142489,0.03424456982286294,0.036011012161497914,0.9
80,three_exp,0,0.5,0.02,176.0,0.49876789415554024,0,20,0,0.0,0,0,,,,,,,,,,0,0,,,,,,,,,,,,,20,20,1.0,0.0,0.029148883709009494,0.012721088275231635,0.03087686806524538,0.020550758005662945,0.04014905437366531,0.043536293200217506,1.0,20,20,1.0,0.0,0.02495924216183275,0.009840642267476742,0.02326636311290977,0.021505017372675295,0.0320356884743247,0.03483091678294836,1.0
80,four_exp,0,0.5,0.02,231.0,0.4980680166164721,0,20,0,0.0,0,0,,,,,,,,,,0,0,,,,,,,,,,,,,20,20,1.0,0.0,0.018703189188342382,0.010734073841379525,0.01761404115833333,0.010479158526918234,0.02661538214675857,0.03278591726385871,1.0,20,20,1.0,0.0,0.022659336764445884,0.01242076576875033,0.023036133912524695,0.013189681308101213,0.03011436260035058,0.03580938670812654,0.95
80,power_law,0,0.5,0.02,244.0,0.4999340482202355,0,20,1,0.05,1,1,1.0,0.0,0.006571297084108682,,0.006571297084108682,0.006571297084108682,0.006571297084108682,0.006571297084108682,1.0,1,1,1.0,0.0,0.010186821820512067,,0.010186821820512067,0.010186821820512067,0.010186821820512067,0.010186821820512067,1.0,0.0,0.0,0.5501995557538831,19,19,1.0,0.0,0.007594782944142876,0.005824070952137549,0.005668061124048621,0.003970986024476904,0.010769869661934772,0.01692122833649528,0.8947368421052632,19,19,1.0,0.0,0.006543420788774762,0.004270507695373937,0.007131103022562368,0.0027465822736799407,0.00986302297449181,0.01200203377777389,0.8947368421052632
80,rational_decay,0,0.5,0.02,205.0,0.5,0,20,0,0.0,0,0,,,,,,,,,,0,0,,,,,,,,,,,,,20,20,1.0,0.0,0.017374136588326393,0.011722980734836212,0.012535861106180463,0.007860940316153836,0.0317469328472339,0.034070111184626745,1.0,20,20,1.0,0.0,0.012231242324686429,0.008784291462656295,0.010626415895690786,0.005851737666832332,0.017385057956408892,0.024580862721021793,1.0
80,mixed_pow_rat,0,0.5,0.02,254.0,0.4990202976120709,0,20,0,0.0,0,0,,,,,,,,,,0,0,,,,,,,,,,,,,20,20,1.0,0.0,0.018162910880655588,0.008518084369987062,0.018988227108953273,0.00926248828684912,0.02553244499584893,0.028895134929510752,1.0,20,20,1.0,0.0,0.017015547810574804,0.013253966228846678,0.013780154776967452,0.008128420659999098,0.025716173124131374,0.03125132793080696,1.0
80,multiphase,0,0.5,0.02,504.0,0.49983903719462197,0,20,0,0.0,0,0,,,,,,,,,,0,0,,,,,,,,,,,,,20,20,1.0,0.0,0.01890263452831355,0.012599198242298305,0.02033672361469925,0.005255223185049795,0.02923614921514632,0.034818276033426625,1.0,20,20,1.0,0.0,0.03752651561422624,0.009211138143508019,0.03828960423061378,0.02905779433079211,0.04501021987751806,0.04808231448166931,1.0
80,osc_exp,0,0.5,0.02,107.0,0.47832942079368884,0,20,0,0.0,0,0,,,,,,,,,,0,0,,,,,,,,,,,,,20,20,1.0,0.05,0.03492887268975518,0.01855990849831571,0.03738811200742026,0.018839642513581632,0.05137563422755002,0.05497083216012718,0.4,20,20,1.0,0.0,0.03285675672631068,0.015844782307484335,0.03597332248397786,0.020085520598281247,0.046318181259539175,0.04992169380131444,0.4
80,damped_osc_pow,0,0.5,0.02,260.0,0.49940767513390516,0,20,0,0.0,0,0,,,,,,,,,,0,0,,,,,,,,,,,,,20,20,1.0,0.0,0.005008628181422772,0.004151799444780139,0.0035154889873730485,0.0020086407563392854,0.0073307638742495275,0.010057018135380643,0.9,20,20,1.0,0.0,0.007137703044747408,0.004411509566391988,0.0064767395864379,0.004322408641251574,0.009397539690993596,0.012509833698410609,0.9
80,log_slow,0,0.5,0.02,8594.0,0.49999975284240333,0,20,1,0.05,1,1,1.0,0.0,0.05412719376045405,,0.05412719376045405,0.05412719376045405,0.05412719376045405,0.05412719376045405,1.0,1,1,1.0,0.0,0.06751015088992773,,0.06751015088992773,0.06751015088992773,0.06751015088992773,0.06751015088992773,1.0,0.0,0.0,0.24725015652393612,19,19,1.0,0.0,0.02959181729758748,0.016737285933828693,0.030033511236631297,0.012922090758710168,0.041792397555701924,0.044207665914432724,0.9473684210526315,19,19,1.0,0.0,0.051525525896093924,0.013396894176825129,0.05728661479039504,0.04683565276512056,0.06114409722630064,0.06332307399263382,0.8947368421052632
80,delayed_plateau,0,0.5,0.02,160.0,0.49658484551706805,0,20,0,0.0,0,0,,,,,,,,,,0,0,,,,,,,,,,,,,20,20,1.0,0.0,0.11734389519842729,0.005217803355638538,0.11819089920387982,0.11434463165621497,0.12100026074012503,0.12203577672692649,0.65,20,20,1.0,0.0,0.053833138998697724,0.014891828736464212,0.057943510569030965,0.05039820161097657,0.06317108572015226,0.06478982312143497,1.0
80,staircase,0,0.5,0.02,170.0,0.2777777777777778,0,20,0,0.0,0,0,,,,,,,,,,0,0,,,,,,,,,,,,,20,20,1.0,0.0,0.16242401934382492,0.014519731694540836,0.16731167421391913,0.1589867750753398,0.1730359557178895,0.17458421122233264,0.15,20,20,1.0,0.0,0.08997076163361903,0.03356536479962082,0.10325828456102965,0.08398934276228473,0.11417294588776873,0.11789534267519804,0.8
80,noisy_plateau,0,0.5,0.02,104.0,0.4965853037914094,0,20,16,0.8,16,16,1.0,0.0,0.0006151997101854417,0.0005360933543300166,0.0005270271677143435,0.00015635538235236543,0.0008822261290353985,0.0011618046065047377,0.9375,16,16,1.0,0.0,0.0005653094259154428,0.0005335292927303774,0.00039997089361766894,0.0001668899954330276,0.0007568431196793429,0.0011396533771762737,0.9375,0.6875,0.6875,-0.10365904661382982,4,4,1.0,0.25,0.001121573304505193,0.0006743909819511898,0.0012931227740900454,0.0009626144785045321,0.0014520816000907063,0.0016230015506097446,0.75,4,4,1.0,0.0,0.0010883599781638434,0.0007090173216098567,0.001382428858925761,0.0009973697609823502,0.0014734190761072543,0.0015217006095777647,0.75
80,slow_osc_power,0,0.5,0.02,415.0,0.49840630355024784,0,20,10,0.5,10,10,1.0,0.2,0.020539072166525427,0.01685885551026181,0.019378072389651592,0.005172321762323582,0.03387982473651478,0.03746373736042253,0.4,10,10,1.0,0.6,0.07831109087642779,0.06695142706140161,0.05298854394808049,0.018916746523697268,0.12995002292505023,0.1703847600836234,0.3,0.1,0.1,3.4839769828487284,10,10,1.0,0.1,0.01711672267071322,0.015288982310895816,0.01287781306571871,0.0029010101677171387,0.03099389552802452,0.03749368820348181,0.6,10,10,1.0,0.4,0.0724480162020532,0.06562223710504418,0.04199064731668964,0.013869332385267063,0.1346562561460361,0.1547376225191153,0.1
80,log_oscillatory,0,0.5,0.02,533.0,0.49841524754235217,0,20,5,0.25,5,5,1.0,0.0,0.06882099423521029,0.00199440607442799,0.06937047823648315,0.06775537380465277,0.06958877794112811,0.07063165052052378,1.0,5,5,1.0,0.0,0.052771676471283224,0.0021065847276323345,0.0536050205060189,0.051706207831668655,0.05371509482955586,0.054566624308775555,1.0,1.0,1.0,-0.22968872148655092,15,15,1.0,0.0,0.06411659555936595,0.00448701302405171,0.0644510281710027,0.06256748619743585,0.06700948173544748,0.06877922123279251,1.0,15,15,1.0,0.0,0.04785760859104345,0.004190675226490998,0.04793520016636871,0.04585627007081096,0.05014545815885761,0.052500598078437724,1.0
80,heavy_noise_plat,0,0.5,0.02,97.0,0.49658530379140886,0,20,20,1.0,20,20,1.0,0.0,0.002647709661427162,0.0017663307901354132,0.002622073477116378,0.0013241103433090928,0.003525565518916464,0.004162609443677499,0.85,20,20,1.0,0.0,0.0024250952113354074,0.0017400889762178452,0.0024843769897957457,0.0006323176275691081,0.0036396187074612266,0.004474846015232802,0.9,0.55,0.55,-0.027074519391967547,0,0,,,,,,,,,,0,0,,,,,,,,,
80,broken_power_law,0,0.5,0.02,514.0,0.49991211917454004,0,20,20,1.0,20,20,1.0,0.0,0.13138082913532179,0.006232322045042205,0.13110276779748647,0.12783485554885266,0.13597585639119528,0.13782100668171093,0.0,20,20,1.0,0.0,0.01232270431513489,0.0022696716779188188,0.012536243912949538,0.011267421583469196,0.013725197409769019,0.014835565642181078,1.0,1.0,1.0,-0.9027354046332914,0,0,,,,,,,,,,0,0,,,,,,,,,
80,stretched_exp,1,0.5,0.02,193.0,0.49828241532615414,0,20,0,0.0,0,0,,,,,,,,,,0,0,,,,,,,,,,,,,20,20,1.0,0.0,0.026720116657258153,0.012344128889383629,0.03088494359719246,0.016077989600872228,0.036311884907508654,0.04097918991655607,1.0,20,20,1.0,0.0,0.011626998361312974,0.007318366994889169,0.012852577499328242,0.0074666688541427,0.016494667727575785,0.018543610994487404,1.0
80,logistic_tail,1,0.5,0.02,105.0,0.47748855939048196,0,20,0,0.0,0,0,,,,,,,,,,0,0,,,,,,,,,,,,,20,20,1.0,0.35,0.1618047165398155,0.008818857011794815,0.1651391458519113,0.15962822664677562,0.16809174558833237,0.16855271451917045,0.0,20,20,1.0,0.2,0.1305330872961743,0.01860022465157491,0.13864371467855008,0.1271100847942476,0.14174225221349748,0.14306676009895322,0.0
80,inv_sqrt_log,1,0.5,0.02,245.0,0.4997783934707863,0,20,15,0.75,15,15,1.0,0.06666666666666667,0.007831715194790695,0.0053305400299893295,0.008844404327217253,0.0033354048947339815,0.01109239191876854,0.014279889633031416,0.9333333333333333,15,15,1.0,0.06666666666666667,0.006169843930907899,0.004195509713189141,0.006187199441090446,0.0034041535683834306,0.009136332685359502,0.010975447017029766,0.8666666666666667,0.8,0.8,-0.2431811153003192,5,5,1.0,0.0,0.004326695811017382,0.003398779247768027,0.0051916785497473465,0.0014279932508436122,0.005315828013481322,0.00756471485912726,0.8,5,5,1.0,0.0,0.003773245743900067,0.001653463128299537,0.0037141627958917206,0.003180046048368145,0.004208679881966822,0.005378529810576362,1.0
80,random_knots,1,0.5,0.02,314.5,0.49936083587279756,0,20,3,0.15,3,3,1.0,0.0,0.01162137166539839,0.012815479793191394,0.0071828508770673954,0.004399025782174944,0.01662445715445634,0.022289420920889706,0.6666666666666666,3,3,1.0,0.0,0.010678912857322928,0.008518363162872487,0.01255482576172019,0.0069668857002661835,0.015328896466578305,0.016993338889493174,1.0,0.6666666666666666,0.6666666666666666,-0.1462697795577372,17,17,1.0,0.0,0.012695298594173276,0.009430170453323101,0.010737963346577464,0.005330811323234957,0.0195495372337183,0.023872387079278606,0.8823529411764706,17,17,1.0,0.0,0.0183885091788957,0.01448052139239039,0.01469959102527528,0.007543016091923926,0.02690819084436108,0.035875167770359886,0.8823529411764706
80,real_boot_a,1,0.5,0.02,203.0,0.49951204685092926,0,20,0,0.0,0,0,,,,,,,,,,0,0,,,,,,,,,,,,,20,20,1.0,0.0,0.020670029605767543,0.011531242459193293,0.0188125664440916,0.01211982240045606,0.03147132758169107,0.03480481217080837,0.95,20,20,1.0,0.0,0.02129072656097048,0.01077093429713155,0.021259165326170858,0.013319991161323846,0.03093661519355642,0.035240801097303716,1.0
80,real_boot_b,1,0.5,0.02,172.0,0.496916665259355,0,20,0,0.0,0,0,,,,,,,,,,0,0,,,,,,,,,,,,,20,20,1.0,0.1,0.013107365860328115,0.011616827671823326,0.008709147828181694,0.003931282106102057,0.021489784647473267,0.027584490043210196,0.85,20,20,1.0,0.1,0.009865859352873462,0.0088546347489743,0.007850914353372065,0.0020360681580031213,0.017042524036234147,0.01897919692728084,0.85
80,single_exp,0,0.1,0.0,148.0,0.09827358560436156,0,20,0,0.0,0,0,,,,,,,,,,0,0,,,,,,,,,,,,,20,20,1.0,0.0,0.03282986785217602,0.016375894076998895,0.035788031847909144,0.026020224163144957,0.037090701234596804,0.04703979324870956,0.1,20,20,1.0,0.0,0.03563588932945929,0.012066409243744863,0.03861553609302783,0.029095907127234557,0.04213843527366508,0.048550821296358994,0.1
80,two_exp,0,0.1,0.0,218.0,0.09985826346226055,0,20,0,0.0,0,0,,,,,,,,,,0,0,,,,,,,,,,,,,20,20,1.0,0.0,0.04088171638527338,0.020799872551582662,0.04914863932126394,0.026943250057664826,0.06037064701782346,0.061311359711665174,1.0,20,20,1.0,0.0,0.027227841440821254,0.009849062015605124,0.023998503664927076,0.023998475712501445,0.037408949490574814,0.03907861446787065,1.0
80,three_exp,0,0.1,0.0,377.0,0.09988829507506856,0,20,0,0.0,0,0,,,,,,,,,,0,0,,,,,,,,,,,,,20,20,1.0,0.0,0.041637428634251454,0.01954133857217862,0.04765242252078774,0.025559501894274972,0.05922462519607756,0.06154251686321625,1.0,20,20,1.0,0.0,0.05332841979921763,2.0981984791570726e-08,0.05332841815388918,0.05332840541269365,0.053328427205111134,0.053328427708766155,1.0
80,four_exp,0,0.1,0.0,631.0,0.09977805552230239,0,20,0,0.0,0,0,,,,,,,,,,0,0,,,,,,,,,,,,,20,20,1.0,0.0,0.030983775863618203,0.017956531724017927,0.03478363754530425,0.013944719263804126,0.04387014305578103,0.052444497525945884,1.0,20,20,1.0,0.0,0.05117027737318176,5.66801092614305e-08,0.05117026769093465,0.051170231996317254,0.05117030247578151,0.05117034050683628,1.0
80,power_law,0,0.1,0.0,2441.0,0.09997859122064488,0,20,1,0.05,1,1,1.0,0.0,0.0024989778221274905,,0.0024989778221274905,0.0024989778221274905,0.0024989778221274905,0.0024989778221274905,1.0,1,1,1.0,0.0,0.009249485523125267,,0.009249485523125267,0.009249485523125267,0.009249485523125267,0.009249485523125267,1.0,0.0,0.0,2.7013075671278948,19,19,1.0,0.0,0.0024989798184209787,2.8379899873507864e-09,0.0024989789051369574,0.0024989779027007816,0.0024989807158116418,0.0024989835271950534,1.0,19,19,1.0,0.0,0.009249493820507243,1.728855591791009e-08,0.00924948549299956,0.009249485301172027,0.009249494842117397,0.00924950829954605,1.0
80,rational_decay,0,0.1,0.0,1125.0,0.09999999999999999,0,20,0,0.0,0,0,,,,,,,,,,0,0,,,,,,,,,,,,,20,20,1.0,0.0,0.04916518876580508,0.03326673345889205,0.03519239562559006,0.024671014506009392,0.07585544135917809,0.0961463410884182,1.0,20,20,1.0,0.0,9.11088184063491e-12,2.1560019678000007e-11,1.8318679906315083e-15,1.1102230246251565e-16,1.8938635382159674e-12,3.2113047290782685e-11,1.0
80,mixed_pow_rat,0,0.1,0.0,2260.0,0.09998848741275486,0,20,0,0.0,0,0,,,,,,,,,,0,0,,,,,,,,,,,,,20,20,1.0,0.0,0.029876714830452407,0.022164292136845794,0.02171825814325915,0.016312574995092886,0.03378203990707117,0.053629172595381275,1.0,20,20,1.0,0.0,0.028062583512230864,1.0937540605353378e-08,0.02806258240751865,0.028062574680787707,0.028062589140026108,0.028062599932750676,1.0
80,multiphase,0,0.1,0.0,3852.0,0.0999996544626016,0,20,0,0.0,0,0,,,,,,,,,,0,0,,,,,,,,,,,,,20,20,1.0,0.0,0.06435136168085218,6.610825823336242e-08,0.06435136100954379,0.0643513335372182,0.06435139965436631,0.06435143937215242,1.0,20,20,1.0,0.0,0.10470943874097702,3.0365497373602176e-08,0.10470944465104734,0.10470943259024695,0.10470945188175738,0.10470946690765777,1.0
80,osc_exp,0,0.1,0.0,165.0,0.09570953042125925,0,20,0,0.0,0,0,,,,,,,,,,0,0,,,,,,,,,,,,,20,20,1.0,0.0,0.031119768282054306,0.015094571875434424,0.03038814706196817,0.022087153325403376,0.04511785940961959,0.04776240667516538,0.8,20,20,1.0,0.0,0.04738610485746207,0.03442799816615429,0.03824216012581648,0.028091019302893757,0.06257143755744743,0.10145655618382175,0.7
80,damped_osc_pow,0,0.1,0.0,3014.0,0.09999319502597674,0,20,0,0.0,0,0,,,,,,,,,,0,0,,,,,,,,,,,,,20,20,1.0,0.0,0.005577813278485988,0.0009475991182841932,0.006059236305050579,0.005935378214328828,0.006059237252520545,0.00605923996794365,1.0,20,20,1.0,0.0,0.016899887351944733,3.530272799219787e-08,0.016899874073109823,0.016899872326784877,0.016899874836095362,0.016899937017599332,1.0
80,log_slow,0,0.1,0.0,50000.0,0.41863546463489004,1,20,1,0.05,1,1,1.0,0.0,0.02259282369627369,,0.02259282369627369,0.02259282369627369,0.02259282369627369,0.02259282369627369,1.0,1,1,1.0,0.0,0.06791830404857202,,0.06791830404857202,0.06791830404857202,0.06791830404857202,0.06791830404857202,1.0,0.0,0.0,2.006189264415586,19,19,1.0,0.0,0.022592827135619664,5.6119006430883714e-09,0.022592824353243696,0.02259282384362407,0.02259282774427592,0.022592833833284788,1.0,19,19,1.0,0.0,0.06791831099414433,2.93008725352193e-09,0.06791831138526955,0.06791831071683456,0.06791831241002794,0.06791831282139452,1.0
80,delayed_plateau,0,0.1,0.0,321.0,0.09926115995627992,0,20,0,0.0,0,0,,,,,,,,,,0,0,,,,,,,,,,,,,20,20,1.0,0.0,0.1578998251322832,0.009613744718402413,0.16273092093472186,0.15580530102443185,0.16427253444749587,0.16461382297481025,1.0,20,20,1.0,0.0,0.06537420240091556,0.018284093058471403,0.0756267883958911,0.05592050721655769,0.07982054155263932,0.08074022866016198,1.0
80,staircase,0,0.1,0.0,320.0,0.0,0,20,0,0.0,0,0,,,,,,,,,,0,0,,,,,,,,,,,,,20,20,1.0,0.0,0.14586146706304098,0.022045038036108522,0.15488934993738146,0.14069718335731468,0.1625166472553532,0.16381744130335277,1.0,20,20,1.0,0.0,0.06950937454505016,0.02599661453557703,0.07696494099028438,0.05815431093242594,0.08998406903638655,0.092994717856147,1.0
80,noisy_plateau,0,0.1,0.0,137.0,0.09536916221554956,0,20,15,0.75,15,15,1.0,0.13333333333333333,0.0008494373507456996,0.0005770227473986908,0.0007022539411292439,0.0003416569816247911,0.0013471435465383375,0.0014624503291845003,0.8,15,15,1.0,0.06666666666666667,0.0008058632502062378,0.00046504397138857304,0.0008565411495697339,0.00038593046048158216,0.001074622024711612,0.0013051799942846052,0.8,0.6,0.6,-0.06754022358479492,5,5,1.0,0.2,0.0014024940679752292,0.0005098169555000602,0.0014699530251214166,0.0010804434659834605,0.0017233319864041162,0.001896605267399034,0.6,5,5,1.0,0.2,0.0011886633925679436,0.00040364605503505005,0.001200152754211134,0.0010975689231016092,0.001463233482042213,0.0015543286248711063,0.6
80,slow_osc_power,0,0.1,0.0,3483.0,0.09996889692898078,0,20,4,0.2,4,4,1.0,0.0,0.09199662763329855,0.0025286878144830352,0.09292921227060724,0.09133629201761992,0.09358954788628587,0.09371796607023168,0.0,4,4,1.0,1.0,0.3742979214875963,0.030641929130228646,0.385106630887749,0.36549331796031653,0.3939112344150286,0.39567997831172413,0.0,0.0,0.0,3.143718795055123,16,16,1.0,0.0,0.03601436541121781,0.03436392272853517,0.03002717295368259,0.004872011827127038,0.07876452470525383,0.08150341664420213,0.4375,16,16,1.0,0.3125,0.1057526588450475,0.11653680756714846,0.05612161211102581,0.012365285162564675,0.2458072159484982,0.2668795093008169,0.4375
80,log_oscillatory,0,0.1,0.0,50000.0,0.2992564263745022,1,20,0,0.0,0,0,,,,,,,,,,0,0,,,,,,,,,,,,,20,20,1.0,0.0,0.10462603568327822,4.99113253906335e-10,0.10462603572548448,0.10462603564320347,0.10462603581387674,0.10462603609826389,1.0,20,20,1.0,0.0,0.08455194794065514,2.947148545429019e-09,0.08455194823622889,0.08455194647180543,0.08455194992323778,0.08455195113291382,1.0
80,heavy_noise_plat,0,0.1,0.0,114.0,0.09071795328941246,0,20,20,1.0,20,20,1.0,0.05,0.0008953265956479373,0.0006481100305487092,0.0008503245483175168,0.0004260034675761873,0.0010301358674197915,0.0018329940208526606,0.95,20,20,1.0,0.05,0.001590596812589961,0.0008477336584971518,0.0017146640934300557,0.0010761684625842927,0.0020519243433202512,0.0027087110056987587,0.75,0.2,0.2,1.0996515117525263,0,0,,,,,,,,,,0,0,,,,,,,,,
80,broken_power_law,0,0.1,0.0,28776.0,0.09999962012267244,0,20,20,1.0,20,20,1.0,0.0,0.3443446050938589,8.601788803987863e-09,0.3443446043564362,0.34434459872367795,0.34434460996892186,0.3443446125301426,0.0,20,20,1.0,0.0,0.06493582497879416,4.565964217858556e-09,0.064935823538066,0.0649358235248309,0.06493582374774563,0.06493582560388955,1.0,1.0,1.0,-0.8114219798219546,0,0,,,,,,,,,,0,0,,,,,,,,,
80,stretched_exp,1,0.1,0.0,579.0,0.09979846505939677,0,20,0,0.0,0,0,,,,,,,,,,0,0,,,,,,,,,,,,,20,20,1.0,0.0,0.03184178206708429,0.019248417801929048,0.033365371472759815,0.017687998038408564,0.05062985418070324,0.054401982182264386,1.0,20,20,1.0,0.0,0.02083251631833948,4.434874057494443e-08,0.020832497901799505,0.020832489321625746,0.020832532916885096,0.02083255157170862,1.0
80,logistic_tail,1,0.1,0.0,135.0,0.09609894819901184,0,20,0,0.0,0,0,,,,,,,,,,0,0,,,,,,,,,,,,,20,20,1.0,0.0,0.1667217077387659,0.012664651724025875,0.17192716046411433,0.16539846308009232,0.17430178365716684,0.17653753952521498,0.0,20,20,1.0,0.0,0.12336010741940961,0.028344611702026734,0.1350839774813558,0.12188061319845575,0.13973015974168193,0.14403178638201478,0.1
80,inv_sqrt_log,1,0.1,0.0,2929.0,0.09999046875803731,0,20,1,0.05,1,1,1.0,0.0,0.0013383950461052785,,0.0013383950461052785,0.0013383950461052785,0.0013383950461052785,0.0013383950461052785,1.0,1,1,1.0,0.0,0.005540432768133263,,0.005540432768133263,0.005540432768133263,0.005540432768133263,0.005540432768133263,1.0,0.0,0.0,3.139609440617618,19,19,1.0,0.0,0.0013383962101920362,3.6956330392450818e-09,0.0013383950568726655,0.0013383949058059924,0.0013383951479212452,0.0013383973453806812,1.0,19,19,1.0,0.0,0.005540431958958004,2.9727831178181296e-09,0.005540432678229595,0.005540431658314188,0.005540432943893972,0.005540433236300929,1.0
80,random_knots,1,0.1,0.0,4730.0,0.09999546250252596,1,20,0,0.0,0,0,,,,,,,,,,0,0,,,,,,,,,,,,,20,20,1.0,0.0,0.023381466701537238,0.036905650764045936,0.007534311764684538,0.0032903091200477677,0.01798040570727947,0.09542081980618243,0.85,20,20,1.0,0.0,0.02577077515703661,0.028473998733261254,0.016075293229172147,0.004754683205880023,0.03176765000921883,0.05571655672143694,1.0
80,real_boot_a,1,0.1,0.0,413.0,0.09900189826125952,0,20,0,0.0,0,0,,,,,,,,,,0,0,,,,,,,,,,,,,20,20,1.0,0.0,0.04062054233296079,0.02168800466341624,0.03978615910992026,0.024431490409429317,0.06360839457493447,0.06439184905195343,1.0,20,20,1.0,0.0,0.06741831978010539,5.004116247832473e-09,0.06741832225617757,0.06741832035466556,0.06741832243179208,0.067418322456714,1.0
80,real_boot_b,1,0.1,0.0,364.0,0.09935491603410883,0,20,0,0.0,0,0,,,,,,,,,,0,0,,,,,,,,,,,,,20,20,1.0,0.0,0.017688960847698654,0.01517226120983604,0.013231410083576166,0.003584491999121488,0.035884060297619355,0.03588413389751871,1.0,20,20,1.0,0.0,0.00938995279038778,0.005787123500701403,0.012351449750871133,0.0026749750959136867,0.01448056166007014,0.014480566538471063,1.0
80,single_exp,0,0.1,0.005,148.0,0.09827358560436156,0,20,0,0.0,0,0,,,,,,,,,,0,0,,,,,,,,,,,,,20,20,1.0,0.05,0.03269324332816998,0.016198460493570925,0.03576210444898886,0.025601109136792387,0.03730215670238425,0.0461419367979195,0.15,20,20,1.0,0.0,0.035580749940813436,0.012089466124938775,0.03842411938506295,0.029220988766069288,0.04169245598181215,0.04920810097651442,0.15
80,two_exp,0,0.1,0.005,218.0,0.09985826346226055,0,20,0,0.0,0,0,,,,,,,,,,0,0,,,,,,,,,,,,,20,20,1.0,0.0,0.04074612730805818,0.021038574038761124,0.04918469714841325,0.026060107556031477,0.05997438231999423,0.06175225792204354,1.0,20,20,1.0,0.0,0.028514402920609243,0.009750422532273754,0.028293207751685673,0.024996421553264328,0.03720280042533005,0.03931782233607827,1.0
80,three_exp,0,0.1,0.005,377.0,0.09988829507506856,0,20,0,0.0,0,0,,,,,,,,,,0,0,,,,,,,,,,,,,20,20,1.0,0.0,0.04189630640089607,0.01967175465928622,0.048113017659853846,0.024818097152638205,0.059886671872730446,0.06135179900512634,1.0,20,20,1.0,0.0,0.05280260677107893,0.00402099194504287,0.05351264004325319,0.050581524822509015,0.055493565936397996,0.05701720935385705,1.0
80,four_exp,0,0.1,0.005,631.0,0.09977805552230239,0,20,0,0.0,0,0,,,,,,,,,,0,0,,,,,,,,,,,,,20,20,1.0,0.0,0.03127127569953898,0.017929347378975162,0.03582127946260881,0.01439334243970089,0.04465265306000006,0.052982016009971454,1.0,20,20,1.0,0.0,0.05092846504306261,0.006069064664212849,0.05066489862381164,0.046873048044755984,0.05502933102041398,0.05938652239761405,1.0
80,power_law,0,0.1,0.005,2441.0,0.09997859122064488,0,20,1,0.05,1,1,1.0,0.0,0.001448211156299395,,0.001448211156299395,0.001448211156299395,0.001448211156299395,0.001448211156299395,1.0,1,1,1.0,0.0,0.00878167276908054,,0.00878167276908054,0.00878167276908054,0.00878167276908054,0.00878167276908054,1.0,0.0,0.0,5.063806877113344,19,19,1.0,0.0,0.005415160003201809,0.003996682266341676,0.004130670814409796,0.0024102254643881982,0.006229477694262837,0.010126924612226492,1.0,19,19,1.0,0.0,0.00887562852601923,0.0030236124527662192,0.00884719533686958,0.00691424777474742,0.010765762577028059,0.012140493968668113,1.0
80,rational_decay,0,0.1,0.005,1125.0,0.09999999999999999,0,20,0,0.0,0,0,,,,,,,,,,0,0,,,,,,,,,,,,,20,20,1.0,0.0,0.04936050899596122,0.03349307582068723,0.03628197399260281,0.02518055320454927,0.07597279513770634,0.09582663230741582,1.0,20,20,1.0,0.0,0.003265442701959973,0.0036413587271237943,0.0022525830359097707,0.0005617359370325824,0.003954172989787758,0.007900449531237443,1.0
80,mixed_pow_rat,0,0.1,0.005,2260.0,0.09998848741275486,0,20,0,0.0,0,0,,,,,,,,,,0,0,,,,,,,,,,,,,20,20,1.0,0.0,0.029628369091341998,0.021639064835376805,0.021733518370315796,0.016298922624861434,0.03423197908839416,0.052811113753332306,1.0,20,20,1.0,0.0,0.02404960858307622,0.005925625903438497,0.02384942134341209,0.021043844591638036,0.028085666912139845,0.029952717391308732,1.0
80,multiphase,0,0.1,0.005,3852.0,0.0999996544626016,0,20,0,0.0,0,0,,,,,,,,,,0,0,,,,,,,,,,,,,20,20,1.0,0.0,0.06482415546825313,0.00950415486376718,0.06462097447425953,0.061404215690080366,0.069444279806121,0.07608229429203536,1.0,20,20,1.0,0.0,0.1051000558699536,0.00365048206729819,0.10484881289411721,0.10366182391602004,0.10643649471076053,0.10973085276361187,1.0
80,osc_exp,0,0.1,0.005,165.0,0.09570953042125925,0,20,0,0.0,0,0,,,,,,,,,,0,0,,,,,,,,,,,,,20,20,1.0,0.0,0.03109130607315372,0.015098062445261339,0.030471587223825557,0.02155402846444255,0.04511980536730871,0.04756369632906124,0.9,20,20,1.0,0.0,0.046817775958789457,0.033861450677320895,0.038271370798550475,0.027539435638009594,0.06052223960321376,0.09993324872686082,0.75
80,damped_osc_pow,0,0.1,0.005,3014.0,0.09999319502597674,0,20,0,0.0,0,0,,,,,,,,,,0,0,,,,,,,,,,,,,20,20,1.0,0.0,0.008905379491067688,0.007411531053246961,0.0059474653151912575,0.003909952708079412,0.012495931216299818,0.019384991846708728,1.0,20,20,1.0,0.0,0.016181191625130664,0.003933934674077664,0.01677886699139703,0.012927846351138795,0.018268756332760296,0.022122102146387677,1.0
80,log_slow,0,0.1,0.005,50000.0,0.41863546463489004,1,20,1,0.05,1,1,1.0,0.0,0.02436268967038746,,0.02436268967038746,0.02436268967038746,0.02436268967038746,0.02436268967038746,1.0,1,1,1.0,0.0,0.05953161594235812,,0.05953161594235812,0.05953161594235812,0.05953161594235812,0.05953161594235812,1.0,0.0,0.0,1.4435567972085628,19,19,1.0,0.0,0.024654385906700813,0.014860049262965793,0.020936968240649473,0.015327445052125938,0.035620442338904365,0.04392932286592026,1.0,19,19,1.0,0.0,0.06866557849853173,0.00378662902126629,0.06786876371720968,0.06599960512675916,0.07108866675381312,0.07421156821828113,1.0
80,delayed_plateau,0,0.1,0.005,321.0,0.09926115995627992,0,20,0,0.0,0,0,,,,,,,,,,0,0,,,,,,,,,,,,,20,20,1.0,0.0,0.15790550182732158,0.009656521889012998,0.16185425557248512,0.15524174113174116,0.16391637452197758,0.16488121428276598,1.0,20,20,1.0,0.0,0.06536867515607968,0.0183597115452335,0.07546815544379201,0.055596828878591575,0.07990496943134058,0.08056998912169394,1.0
80,staircase,0,0.1,0.005,320.0,0.0,0,20,0,0.0,0,0,,,,,,,,,,0,0,,,,,,,,,,,,,20,20,1.0,0.0,0.14532963434786916,0.02226814069581416,0.1549953022762297,0.13911648734458482,0.16178639868223194,0.16365282700448833,1.0,20,20,1.0,0.0,0.06937806194402976,0.026161500610919097,0.07712447087627539,0.057724643403801526,0.08967427196803567,0.09297875048689495,1.0
80,noisy_plateau,0,0.1,0.005,137.0,0.09536916221554956,0,20,14,0.7,14,14,1.0,0.14285714285714285,0.0018736479158280226,0.0011323355019769007,0.001860920426007221,0.0010599765871328846,0.002220202855132341,0.003166834007012593,0.42857142857142855,14,14,1.0,0.21428571428571427,0.001606175561908714,0.0010629212475107934,0.0014501774766202263,0.0008493148707203989,0.0018565448787566836,0.0027203163078283916,0.5,0.9285714285714286,0.9285714285714286,-0.16060192918268784,6,6,1.0,0.0,0.0010976895261320197,0.0011152420443557506,0.0010141099259821807,8.728078500763563e-05,0.0020632646277915856,0.002259166895465411,0.8333333333333334,6,6,1.0,0.0,0.0010827024793029934,0.0007797951661466485,0.00103060494779815,0.0005189955720294888,0.0017650512441913973,0.0019237226728009383,0.8333333333333334
80,slow_osc_power,0,0.1,0.005,3483.0,0.09996889692898078,0,20,3,0.15,3,3,1.0,0.0,0.09279606810449838,0.0005858004485089646,0.09254507879923451,0.09246133022597716,0.09300531133038767,0.09328145084907956,0.0,3,3,1.0,1.0,0.3738256757244553,0.03617986194208237,0.392535437708442,0.36232874594658143,0.39467748649432244,0.3959627157658507,0.0,0.0,0.0,3.2456237762661333,17,17,1.0,0.0,0.03976129214242056,0.03613574058276197,0.031330777352037265,0.004782682975985332,0.08158896703907659,0.0838116569150749,0.4117647058823529,17,17,1.0,0.35294117647058826,0.11909625549497799,0.12543383985629966,0.05703277576412352,0.012563279269694578,0.2551737716725765,0.2880103075062055,0.4117647058823529
80,log_oscillatory,0,0.1,0.005,50000.0,0.2992564263745022,1,20,0,0.0,0,0,,,,,,,,,,0,0,,,,,,,,,,,,,20,20,1.0,0.0,0.1045870153350296,0.0008649603114262145,0.10470897108286537,0.10376597263324545,0.10524646325469636,0.10552460437018288,1.0,20,20,1.0,0.0,0.08450827758712065,0.0009560625296400648,0.08461774605900628,0.08366330693231883,0.08524926270835001,0.08550187912880713,1.0
80,heavy_noise_plat,0,0.1,0.005,114.0,0.09071795328941246,0,20,20,1.0,20,20,1.0,0.0,0.0016817220498418512,0.0018480344169543915,0.001287279743635713,0.0002995029260032672,0.0018817667243512487,0.004497431415353648,0.75,20,20,1.0,0.1,0.0024931049628302763,0.002271359389427315,0.0016561548727313802,0.0009591190797503674,0.00316678695009138,0.004198170111249597,0.7,0.2,0.2,0.7242693825231529,0,0,,,,,,,,,,0,0,,,,,,,,,
80,broken_power_law,0,0.1,0.005,28776.0,0.09999962012267244,0,20,20,1.0,20,20,1.0,0.0,0.3452289710606486,0.004482979428099954,0.34573667202888125,0.3442456365270232,0.34787929944682344,0.350095722748929,0.0,20,20,1.0,0.0,0.06488919352980435,0.0005055994014222953,0.06486197275481423,0.06460840755481681,0.06531681747462008,0.06555405329311752,1.0,1.0,1.0,-0.8119388005535569,0,0,,,,,,,,,,0,0,,,,,,,,,
80,stretched_exp,1,0.1,0.005,579.0,0.09979846505939677,0,20,0,0.0,0,0,,,,,,,,,,0,0,,,,,,,,,,,,,20,20,1.0,0.0,0.03185522226038361,0.019333203510166826,0.033137420096682496,0.017256300230287493,0.05119406082519452,0.053561849435858296,1.0,20,20,1.0,0.0,0.02107841711017526,0.006565604598187027,0.02078416489548393,0.017133377881596926,0.024739812668443398,0.027250813961253274,1.0
80,logistic_tail,1,0.1,0.005,135.0,0.09609894819901184,0,20,0,0.0,0,0,,,,,,,,,,0,0,,,,,,,,,,,,,20,20,1.0,0.0,0.16687097092320016,0.012790339118198225,0.17195746042443638,0.16572385756501892,0.17436084735895244,0.17660132787274024,0.0,20,20,1.0,0.0,0.12348323692192684,0.02844432925344493,0.13536430178999226,0.12201910873543234,0.13976497417639522,0.14420430087822209,0.1
80,inv_sqrt_log,1,0.1,0.005,2929.0,0.09999046875803731,0,20,1,0.05,1,1,1.0,0.0,0.006664748093898054,,0.006664748093898054,0.006664748093898054,0.006664748093898054,0.006664748093898054,1.0,1,1,1.0,0.0,0.0017423009262688138,,0.0017423009262688138,0.0017423009262688138,0.0017423009262688138,0.0017423009262688138,1.0,1.0,1.0,-0.7385796279586341,19,19,1.0,0.0,0.0032721636590864575,0.0034628947756837245,0.002470510632627057,0.0013386838853895883,0.0031303432897999764,0.0061772817841281085,1.0,19,19,1.0,0.0,0.004777520515096552,0.0018969826131322943,0.005008122684918098,0.0037627716105906595,0.00579927672836066,0.006980689798562141,0.9473684210526315
80,random_knots,1,0.1,0.005,4730.0,0.09999546250252596,1,20,0,0.0,0,0,,,,,,,,,,0,0,,,,,,,,,,,,,20,20,1.0,0.0,0.024846714608078906,0.0364931232133214,0.01096837022598465,0.004444668799297436,0.017809410435061953,0.09576185517043143,0.85,20,20,1.0,0.0,0.02648232055240084,0.02849982953801952,0.017314288181697758,0.005114657514082466,0.03396857189549508,0.06852133673525095,1.0
80,real_boot_a,1,0.1,0.005,413.0,0.09900189826125952,0,20,0,0.0,0,0,,,,,,,,,,0,0,,,,,,,,,,,,,20,20,1.0,0.0,0.04185690483749819,0.020316179766287416,0.03964848012276411,0.025148905543858714,0.06263557056580285,0.06546373206668536,1.0,20,20,1.0,0.0,0.06714776583007531,0.0033287876345301786,0.06685742995053318,0.06547563233060791,0.06875829365254227,0.07023580268272829,1.0
80,real_boot_b,1,0.1,0.005,364.0,0.09935491603410883,0,20,0,0.0,0,0,,,,,,,,,,0,0,,,,,,,,,,,,,20,20,1.0,0.0,0.01729402687063983,0.01497162778918643,0.01319732993293509,0.00398197662668886,0.03024614061114935,0.0365863701451206,1.0,20,20,1.0,0.0,0.009105397910948306,0.005926870444917416,0.01022237369783464,0.0026186478614300033,0.013391838842362752,0.016494266161562278,1.0
80,single_exp,0,0.1,0.02,148.0,0.09827358560436156,0,20,0,0.0,0,0,,,,,,,,,,0,0,,,,,,,,,,,,,20,20,1.0,0.1,0.031540161892183505,0.01517938497142583,0.0351693513293681,0.02576476562528387,0.03724621284053324,0.04471384214286695,0.3,20,20,1.0,0.1,0.033577760545917254,0.011142065869003686,0.03742753913775325,0.028793049592887657,0.03884542987105262,0.04443134282824494,0.15
80,two_exp,0,0.1,0.02,218.0,0.09985826346226055,0,20,0,0.0,0,0,,,,,,,,,,0,0,,,,,,,,,,,,,20,20,1.0,0.0,0.03994913021433668,0.02201218533982589,0.05043681700236594,0.023980754311766092,0.0587806308967145,0.06135454031836113,0.95,20,20,1.0,0.0,0.02788338968865442,0.013778648573188123,0.025616451093646513,0.01717642256044421,0.03853757502925012,0.04278482839357909,1.0
80,three_exp,0,0.1,0.02,377.0,0.09988829507506856,0,20,0,0.0,0,0,,,,,,,,,,0,0,,,,,,,,,,,,,20,20,1.0,0.0,0.042047144789174914,0.02172422029889908,0.04623312920440452,0.025046895663051565,0.06158173068936702,0.06573890048797107,1.0,20,20,1.0,0.0,0.04925667025814934,0.013863657580916481,0.04826793893025661,0.04306915656459717,0.06056322159758387,0.06313363767493739,1.0
80,four_exp,0,0.1,0.02,631.0,0.09977805552230239,0,20,0,0.0,0,0,,,,,,,,,,0,0,,,,,,,,,,,,,20,20,1.0,0.0,0.02950720387883483,0.0196781905774092,0.03150692195802189,0.013246952114356642,0.04417010850666177,0.05508733409301036,1.0,20,20,1.0,0.0,0.056065486635092185,0.01765186434901799,0.055915844544843586,0.043495027281034326,0.06770389900732827,0.07587999632789881,1.0
80,power_law,0,0.1,0.02,2441.0,0.09997859122064488,0,20,1,0.05,1,1,1.0,0.0,0.006617808780552783,,0.006617808780552783,0.006617808780552783,0.006617808780552783,0.006617808780552783,1.0,1,1,1.0,0.0,0.016805929364936814,,0.016805929364936814,0.016805929364936814,0.016805929364936814,0.016805929364936814,1.0,0.0,0.0,1.5395005994012751,19,19,1.0,0.05263157894736842,0.01456691635770011,0.010695920958300895,0.012671321461045246,0.00610836568747389,0.02330060614906906,0.030102364497569194,0.7368421052631579,19,19,1.0,0.0,0.010944771686392908,0.006587642702488581,0.01043744568913798,0.006415882299916795,0.015461756788038565,0.019513208487951617,0.8421052631578947
80,rational_decay,0,0.1,0.02,1125.0,0.09999999999999999,0,20,0,0.0,0,0,,,,,,,,,,0,0,,,,,,,,,,,,,20,20,1.0,0.0,0.04893603218345593,0.032313843388223115,0.03271571115076992,0.026263653327423316,0.0735337166634536,0.0959088598768859,1.0,20,20,1.0,0.0,0.020014990805228443,0.014410809914916726,0.018337150549061067,0.010591069425067656,0.02869257630219698,0.04176104431182417,1.0
80,mixed_pow_rat,0,0.1,0.02,2260.0,0.09998848741275486,0,20,0,0.0,0,0,,,,,,,,,,0,0,,,,,,,,,,,,,20,20,1.0,0.0,0.026907265664237907,0.01878672493060407,0.021676026494015642,0.018093388728935806,0.03106798898933987,0.038468989548020194,1.0,20,20,1.0,0.0,0.03644132741222611,0.022293457707247537,0.03193218555133355,0.021457187344889692,0.0493962050705819,0.06315936862908016,1.0
80,multiphase,0,0.1,0.02,3852.0,0.0999996544626016,0,20,0,0.0,0,0,,,,,,,,,,0,0,,,,,,,,,,,,,20,20,1.0,0.0,0.0650443738775148,0.02664218195523989,0.07327940206626118,0.03758539374389776,0.08402234386310745,0.0950598515255253,1.0,20,20,1.0,0.0,0.10530240078517969,0.010579107191967942,0.10647738753433918,0.09549809378265353,0.11352494457925053,0.11678656970843043,1.0
80,osc_exp,0,0.1,0.02,165.0,0.09570953042125925,0,20,0,0.0,0,0,,,,,,,,,,0,0,,,,,,,,,,,,,20,20,1.0,0.05,0.031120309909326405,0.014821054523421192,0.02900244736844043,0.021370196693250652,0.04457395151089087,0.047730798956656835,0.75,20,20,1.0,0.05,0.0473996401212858,0.035510258788554364,0.03785351926352826,0.029339364049862343,0.06042646399238788,0.10469874624343838,0.5
80,damped_osc_pow,0,0.1,0.02,3014.0,0.09999319502597674,0,20,0,0.0,0,0,,,,,,,,,,0,0,,,,,,,,,,,,,20,20,1.0,0.05,0.011489025297797209,0.009250314129054275,0.009382383712322844,0.003775402983280208,0.019069216589056207,0.024144441720701564,0.9,20,20,1.0,0.0,0.01403438667338161,0.01005475697702276,0.016224433790743432,0.003860203987042324,0.021233737186315927,0.025368143316276584,0.9
80,log_slow,0,0.1,0.02,50000.0,0.41863546463489004,1,20,1,0.05,1,1,1.0,0.0,0.06711510986195468,,0.06711510986195468,0.06711510986195468,0.06711510986195468,0.06711510986195468,1.0,1,1,1.0,0.0,0.08163221737111648,,0.08163221737111648,0.08163221737111648,0.08163221737111648,0.08163221737111648,1.0,0.0,0.0,0.21630162774107387,19,19,1.0,0.0,0.038037386014871624,0.021495182409012534,0.04216572589086809,0.018130294107066167,0.05314109685641091,0.05598528438853782,0.9473684210526315,19,19,1.0,0.0,0.06551355188110722,0.013540197264197883,0.07129383783708312,0.060791167789639486,0.07525061509117695,0.0774209352975401,0.8947368421052632
80,delayed_plateau,0,0.1,0.02,321.0,0.09926115995627992,0,20,0,0.0,0,0,,,,,,,,,,0,0,,,,,,,,,,,,,20,20,1.0,0.0,0.1570730209282846,0.009092706824655513,0.1587161747165427,0.15331560360546864,0.1635221112204608,0.16464538304760892,1.0,20,20,1.0,0.0,0.06466054965280618,0.018495357594122835,0.07275472729833708,0.056011907602167614,0.0789614012664234,0.08074862989168377,1.0
80,staircase,0,0.1,0.02,320.0,0.0,0,20,0,0.0,0,0,,,,,,,,,,0,0,,,,,,,,,,,,,20,20,1.0,0.0,0.1462490467418455,0.023742420427961316,0.15497778539162999,0.14126410399114642,0.16385976272991992,0.16627526662286024,0.85,20,20,1.0,0.0,0.06940801334258918,0.025371115441500412,0.07583100975619525,0.057360192223206874,0.0900136627069037,0.09280579983514553,1.0
80,noisy_plateau,0,0.1,0.02,137.0,0.09536916221554956,0,20,16,0.8,16,16,1.0,0.0,0.0009965057180022275,0.0008746757455597453,0.0007155628186921743,0.0003829801528570202,0.0016104733160738505,0.001846438917983556,0.8125,16,16,1.0,0.0,0.0008458672828324922,0.0008348484766877947,0.0006015472649686694,0.0002875816531049463,0.0012849597619048903,0.0016836750136672782,0.875,0.8125,0.8125,-0.17540669478989165,4,4,1.0,0.25,0.0018083573271919472,0.0011830866986065804,0.002297826582749775,0.0015892591048212801,0.002516924805120442,0.0025524423707526094,0.5,4,4,1.0,0.25,0.0017765247084098467,0.000977861144343999,0.0021220680011146747,0.0016559965717973632,0.002242596137727158,0.0024114700955222726,0.5
80,slow_osc_power,0,0.1,0.02,3483.0,0.09996889692898078,0,20,10,0.5,10,10,1.0,0.2,0.05165525380233099,0.042134723613078226,0.054904330825603996,0.010351766716783894,0.08819464077790493,0.09466330968050343,0.3,10,10,1.0,0.4,0.15139975592110297,0.15380108573879575,0.07917423349276129,0.02103986409558762,0.2537258730511586,0.3791149160878593,0.3,0.1,0.1,2.389291782847569,10,10,1.0,0.3,0.04225820962812119,0.03744985036318076,0.03071268568302645,0.0073345798058221615,0.07729939832267571,0.08950704733847371,0.3,10,10,1.0,0.5,0.13351830636269071,0.1391711706678662,0.05612828807890187,0.013833228576849219,0.2672662172029808,0.3118285213247819,0.3
80,log_oscillatory,0,0.1,0.02,50000.0,0.2992564263745022,1,20,5,0.25,5,5,1.0,0.0,0.10867072532070243,0.002021989306806986,0.10932400530760605,0.10756698533251619,0.1094456881773474,0.11047395541080926,1.0,5,5,1.0,0.0,0.08931749765095232,0.002173826642189518,0.09016692852260116,0.08818795625583187,0.09046854741186297,0.09117074934996726,1.0,1.0,1.0,-0.17614910167595318,15,15,1.0,0.0,0.10367417820439882,0.00465834282435532,0.1041277158576164,0.10211731222524945,0.1065342376366661,0.10853791859610577,1.0,15,15,1.0,0.0,0.08398862198691864,0.0043344789075010935,0.08416430471652081,0.08187888444122482,0.08632017640055255,0.08890440854961625,1.0
80,heavy_noise_plat,0,0.1,0.02,114.0,0.09071795328941246,0,20,20,1.0,20,20,1.0,0.0,0.0026098371113209896,0.0019403594436845542,0.002366483896100394,0.0008317575090716258,0.003679160469838661,0.004586610505705997,0.85,20,20,1.0,0.0,0.0026499710672899445,0.0017306338034160272,0.002899515321617945,0.001421391822790198,0.004024572920873135,0.00477445948088907,0.85,0.5,0.5,0.014099239671911358,0,0,,,,,,,,,,0,0,,,,,,,,,
80,broken_power_law,0,0.1,0.02,28776.0,0.09999962012267244,0,20,20,1.0,20,20,1.0,0.0,0.3497197456652924,0.01633326859743896,0.3501662353929542,0.3398753601953241,0.36268207687432447,0.36427799919702386,0.0,20,20,1.0,0.0,0.06497755772649891,0.0022696716779054167,0.06519109732317788,0.06392227499501504,0.06638005082107093,0.06749041905372632,1.0,1.0,1.0,-0.8134172045393857,0,0,,,,,,,,,,0,0,,,,,,,,,
80,stretched_exp,1,0.1,0.02,579.0,0.09979846505939677,0,20,0,0.0,0,0,,,,,,,,,,0,0,,,,,,,,,,,,,20,20,1.0,0.0,0.03088693279262723,0.018537482412344975,0.03413715787423862,0.01269321777280058,0.04780450806245001,0.05376417623715261,1.0,20,20,1.0,0.0,0.021837220806283045,0.012694400280394256,0.022019945391761064,0.014282017148197986,0.03150851554680956,0.03557985946315942,1.0
80,logistic_tail,1,0.1,0.02,135.0,0.09609894819901184,0,20,0,0.0,0,0,,,,,,,,,,0,0,,,,,,,,,,,,,20,20,1.0,0.0,0.16783364522451308,0.01216800316503017,0.17292011673609725,0.1651224779591575,0.1756748644849419,0.17724260958242438,0.0,20,20,1.0,0.0,0.12420196236476108,0.02763507915217728,0.13581340270395637,0.1211033676673424,0.14073298548441743,0.14203118832900843,0.15
80,inv_sqrt_log,1,0.1,0.02,2929.0,0.09999046875803731,0,20,15,0.75,15,15,1.0,0.0,0.013021593581536704,0.00734881366120403,0.014898858818059635,0.008426181560928725,0.01760719189152185,0.021548903860394323,0.8,15,15,1.0,0.0,0.010372874131524013,0.004539023792761752,0.010681961874495771,0.006215528330749476,0.014098357688124286,0.016031198581198225,0.8,0.6666666666666666,0.6666666666666666,-0.21101432064816356,5,5,1.0,0.0,0.00844497529472169,0.00460240232686185,0.009977524170808097,0.0037560842597451696,0.01041850137815023,0.012758448821643849,0.8,5,5,1.0,0.0,0.0067578501243505075,0.0016208078910900966,0.0073577093329549766,0.0055687997650186866,0.007964486140973302,0.008184786927237894,0.8
80,random_knots,1,0.1,0.02,4730.0,0.09999546250252596,1,20,3,0.15,3,3,1.0,0.0,0.03139401095613527,0.044825194684811505,0.00864104170102786,0.005574792069621337,0.045836745215095495,0.06815416732353607,0.6666666666666666,3,3,1.0,0.0,0.011674662286896967,0.010025581657700768,0.009722758088823127,0.006245663062053826,0.016127709412703188,0.019970680207031227,1.0,0.3333333333333333,0.3333333333333333,0.1036560486713374,17,17,1.0,0.0,0.030417391682315203,0.03780556011806313,0.013302763260428636,0.006760727274234562,0.03674416231867167,0.09878123251489496,0.8235294117647058,17,17,1.0,0.0,0.031064541293719605,0.030385531093746563,0.02247946707780074,0.0095365364771191,0.04268654489919532,0.06480919071992812,0.9411764705882353
80,real_boot_a,1,0.1,0.02,413.0,0.09900189826125952,0,20,0,0.0,0,0,,,,,,,,,,0,0,,,,,,,,,,,,,20,20,1.0,0.0,0.041626268842946554,0.021152938980711255,0.040506164163393664,0.025722585915492528,0.06144349354313043,0.06629129267402308,1.0,20,20,1.0,0.0,0.05774183748194552,0.015082445709262903,0.0563078924417261,0.046664411807727,0.07181350372408193,0.07766127738109607,1.0
80,real_boot_b,1,0.1,0.02,364.0,0.09935491603410883,0,20,0,0.0,0,0,,,,,,,,,,0,0,,,,,,,,,,,,,20,20,1.0,0.0,0.019978182725812275,0.0192971651200307,0.013272311951626446,0.004828211692761519,0.0311459934285008,0.04475521848474593,0.9,20,20,1.0,0.0,0.011397415353648185,0.010698948246307618,0.007705900788804301,0.002279519702131726,0.02004704423325808,0.023293940116438493,1.0
100,single_exp,0,0.5,0.0,108.0,0.4867522559599715,0,20,0,0.0,0,0,,,,,,,,,,0,0,,,,,,,,,,,,,20,20,1.0,0.8,0.07487587498911044,0.024233780523125335,0.08931858688707868,0.06049694114525377,0.09443784209764415,0.09490798858918915,0.0,20,20,1.0,0.35,0.04005546636112983,0.016644829771649702,0.04595551828801121,0.03232333548049455,0.0554488220625084,0.056306412838613644,0.1
100,two_exp,0,0.5,0.0,129.0,0.4955914190433955,0,20,0,0.0,0,0,,,,,,,,,,0,0,,,,,,,,,,,,,20,20,1.0,0.0,0.08471426423911634,0.017519688499071557,0.09236283557040703,0.07732079716452575,0.0996493106318671,0.10025010782316615,0.05,20,20,1.0,0.0,0.025970235278682342,0.008555367066420105,0.021679040569735193,0.01845318211302592,0.03617550747143105,0.03749418982833125,1.0
100,three_exp,0,0.5,0.0,176.0,0.49876789415554024,0,20,0,0.0,0,0,,,,,,,,,,0,0,,,,,,,,,,,,,20,20,1.0,0.0,0.055430190446822736,0.014214378630539058,0.06003105273625367,0.04402969188221439,0.06806042139087905,0.06964088302500818,1.0,20,20,1.0,0.0,0.04490408986466172,2.6489264596773266e-08,0.04490409044124535,0.044904071038447874,0.04490411212619443,0.044904120900924195,1.0
100,four_exp,0,0.5,0.0,231.0,0.4980680166164721,0,20,0,0.0,0,0,,,,,,,,,,0,0,,,,,,,,,,,,,20,20,1.0,0.0,0.04671633677961627,0.013540767820124058,0.05081029060641877,0.03724463912734022,0.05625456304186291,0.06133906052679531,1.0,20,20,1.0,0.0,0.0389699638584221,3.6588551915880086e-08,0.03896998285289623,0.038969957355836776,0.03896998766016191,0.038969988626419205,1.0
100,power_law,0,0.5,0.0,244.0,0.4999340482202355,0,20,0,0.0,0,0,,,,,,,,,,0,0,,,,,,,,,,,,,20,20,1.0,0.0,0.005794318110720887,0.004836663075344176,0.004000024901733113,0.0013191056989329012,0.011320732821901772,0.011320748991474268,1.0,20,20,1.0,0.0,0.009800250895858295,6.148180611565544e-09,0.009800253763746929,0.009800249198479981,0.0098002547031796,0.009800255274668776,1.0
100,rational_decay,0,0.5,0.0,205.0,0.5,0,20,0,0.0,0,0,,,,,,,,,,0,0,,,,,,,,,,,,,20,20,1.0,0.0,0.06575843085627739,0.019381883949502784,0.06564403264327698,0.049477137671471993,0.08695101476745001,0.09000218104932543,0.75,20,20,1.0,0.0,1.265543225770216e-12,4.667655384770853e-12,4.744121762101372e-14,3.1502578323738817e-15,4.615335891244854e-13,7.472245044937164e-13,1.0
100,mixed_pow_rat,0,0.5,0.0,254.0,0.4990202976120709,0,20,0,0.0,0,0,,,,,,,,,,0,0,,,,,,,,,,,,,20,20,1.0,0.0,0.04078301714209961,0.014213575194760063,0.0455363857137017,0.03137007456380809,0.052536893295390845,0.05397998516417981,1.0,20,20,1.0,0.0,0.03744928881364773,1.1818012413308045e-07,0.03744936084382307,0.0374491461033942,0.03744937783082114,0.03744938176790958,1.0
100,multiphase,0,0.5,0.0,504.0,0.49983903719462197,0,20,0,0.0,0,0,,,,,,,,,,0,0,,,,,,,,,,,,,20,20,1.0,0.0,0.02071279862784047,0.009085329792144017,0.019554881010465187,0.01622169752503278,0.02298071589315118,0.02723465509599767,1.0,20,20,1.0,0.0,0.011531316045948526,1.209152255256943e-07,0.011531294718335187,0.011531225830185364,0.011531392282397468,0.011531485183241402,1.0
100,osc_exp,0,0.5,0.0,107.0,0.47832942079368884,0,20,0,0.0,0,0,,,,,,,,,,0,0,,,,,,,,,,,,,20,20,1.0,0.0,0.08419336959301896,0.022528131789807823,0.08921087952793591,0.06717998520802393,0.10438744248097503,0.10612573908326267,0.0,20,20,1.0,0.0,0.02677548191400291,0.02397083326259763,0.021058743983838127,0.0026255247087022537,0.051914055265876585,0.05532035174567037,0.55
100,damped_osc_pow,0,0.5,0.0,260.0,0.49940767513390516,0,20,0,0.0,0,0,,,,,,,,,,0,0,,,,,,,,,,,,,20,20,1.0,0.0,0.008030138963765665,0.006108637178525326,0.005682937977197437,0.004111136388210675,0.012544017665281855,0.017695899479293033,1.0,20,20,1.0,0.0,0.01675021678811888,1.3854154955060737e-08,0.016750216508377633,0.016750203620912243,0.01675023169900755,0.016750233675877947,1.0
100,log_slow,0,0.5,0.0,8594.0,0.49999975284240333,0,20,0,0.0,0,0,,,,,,,,,,0,0,,,,,,,,,,,,,20,20,1.0,0.0,0.01722199205968239,2.5644585596294667e-08,0.01722199789114468,0.017221980950263352,0.01722200667379289,0.017222018785644413,1.0,20,20,1.0,0.0,0.07129047369152121,2.1071904045242065e-08,0.07129047527904478,0.07129046106504518,0.07129048875191359,0.07129049479310554,1.0
100,delayed_plateau,0,0.5,0.0,160.0,0.49658484551706805,0,20,0,0.0,0,0,,,,,,,,,,0,0,,,,,,,,,,,,,20,20,1.0,0.0,0.17182701930615346,0.00452678816601385,0.17410010877715582,0.1708467234347164,0.17482344405435485,0.17498385259512853,0.0,20,20,1.0,0.0,0.05742497694594208,0.016152253655142078,0.06539028895931423,0.054489091451505954,0.06775914236920144,0.0682809913201725,1.0
100,staircase,0,0.5,0.0,170.0,0.2777777777777778,0,20,0,0.0,0,0,,,,,,,,,,0,0,,,,,,,,,,,,,20,20,1.0,0.0,0.26115364380699235,0.009509044996717866,0.26505687727849714,0.25896866152982323,0.2683193779161242,0.268873065071089,0.0,20,20,1.0,0.0,0.10826600328091293,0.033644574298972774,0.12245075395260316,0.10190551954040407,0.1329715936783507,0.1347366028313388,0.7
100,noisy_plateau,0,0.5,0.0,104.0,0.4965853037914094,0,20,10,0.5,10,10,1.0,0.0,0.001386890258446953,0.00028887337432738743,0.0013932883997334472,0.00114477223512148,0.00163714364905981,0.0016865823939247154,0.6,10,10,1.0,0.0,0.0010632842609329756,0.0005072807117822162,0.0010733968900854748,0.0008068147236313869,0.0013704840250889916,0.0015540050700682815,0.7,0.8,0.8,-0.2613990940894848,10,10,1.0,0.0,0.0007491406484554189,0.00041225541907575396,0.0006361807385684495,0.0004905565469647366,0.0009721531182756054,0.001295441152353212,0.9,10,10,1.0,0.0,0.0011693408644150834,0.0004950630227679943,0.0010326563107293189,0.0009187607530689963,0.0014683001408974305,0.0016754482802691696,0.9
100,slow_osc_power,0,0.5,0.0,415.0,0.49840630355024784,0,20,0,0.0,0,0,,,,,,,,,,0,0,,,,,,,,,,,,,20,20,1.0,0.0,0.005318789068950132,7.719126394875581e-08,0.0053187904974911215,0.005318744086035882,0.005318821291602514,0.005318840410601271,1.0,20,20,1.0,0.0,0.025418930356044263,4.395628349166264e-08,0.025418933469188283,0.025418896801589534,0.025418969738120856,0.025418978459030534,0.0
100,log_oscillatory,0,0.5,0.0,533.0,0.49841524754235217,0,20,0,0.0,0,0,,,,,,,,,,0,0,,,,,,,,,,,,,20,20,1.0,0.0,0.0209882340655298,0.00858250257669636,0.021971143990682257,0.012585710929920564,0.03122238535045803,0.031223334283995135,1.0,20,20,1.0,0.0,0.03848572538914821,1.5602972198986906e-07,0.038485684431255565,0.03848559206607877,0.038485818153405314,0.03848593746253064,1.0
100,heavy_noise_plat,0,0.5,0.0,97.0,0.49658530379140886,0,20,8,0.4,8,8,1.0,0.25,0.0036406571212293654,0.0008849573290273953,0.0034800509208576663,0.0032119937128603643,0.003922515292783729,0.004819868108197803,0.375,8,8,1.0,0.25,0.0025032247938258333,0.0009212507466358879,0.0023317045140471143,0.0019687162624418796,0.002982287701071531,0.0036536779993002976,0.375,1.0,1.0,-0.3095372697438507,12,12,1.0,0.3333333333333333,0.0018376258466171155,0.001252463135756092,0.001961079724974375,0.0010106423527392978,0.0026928011359801654,0.0031749168208100097,0.6666666666666666,12,12,1.0,0.16666666666666666,0.0017653228132038735,0.0006517297673529292,0.0018106157597754663,0.0014833087593158795,0.0022987751660472964,0.002507067713875743,0.6666666666666666
100,broken_power_law,0,0.5,0.0,514.0,0.49991211917454004,0,20,20,1.0,20,20,1.0,0.0,0.010134871609410918,1.3535969160360553e-06,0.010133955215837695,0.010133943852180194,0.010136816569032286,0.010136885634391914,1.0,20,20,1.0,0.0,0.0030012584445416914,4.719278764861858e-10,0.0030012583490552913,0.0030012581585288182,0.0030012586902588567,0.0030012588717873044,1.0,1.0,1.0,-0.7038413758629513,0,0,,,,,,,,,,0,0,,,,,,,,,
100,stretched_exp,1,0.5,0.0,193.0,0.49828241532615414,0,20,0,0.0,0,0,,,,,,,,,,0,0,,,,,,,,,,,,,20,20,1.0,0.0,0.0624583542942192,0.015153200289280421,0.06768385930675176,0.049776421319489714,0.07647615195620532,0.07838820126330612,0.85,20,20,1.0,0.0,0.029209016133562544,6.751949322153784e-08,0.02920902006411013,0.02920897666963569,0.02920903136845659,0.029209098867576503,1.0
100,logistic_tail,1,0.5,0.0,105.0,0.47748855939048196,0,20,0,0.0,0,0,,,,,,,,,,0,0,,,,,,,,,,,,,20,20,1.0,0.0,0.23447175780880603,0.006522746750053711,0.23715570960246696,0.23385635229753793,0.2383495603159077,0.23947034609796158,0.0,20,20,1.0,0.0,0.15098181430354413,0.018230418403406532,0.15851429738224948,0.14966114629642085,0.16166807191454718,0.16460389279990384,0.0
100,inv_sqrt_log,1,0.5,0.0,245.0,0.4997783934707863,0,20,0,0.0,0,0,,,,,,,,,,0,0,,,,,,,,,,,,,20,20,1.0,0.0,0.00626124559211442,0.0011867785912571518,0.00672445554388431,0.006724429212690193,0.006724463106333768,0.00672446338090509,1.0,20,20,1.0,0.0,0.004699543174094392,6.229263531829998e-10,0.0046995433997854864,0.0046995432833014635,0.004699543454806297,0.0046995435081215115,1.0
100,random_knots,1,0.5,0.0,314.5,0.49936083587279756,0,20,0,0.0,0,0,,,,,,,,,,0,0,,,,,,,,,,,,,20,20,1.0,0.0,0.012835358188392071,0.0092782452691232,0.010103799101887837,0.0068571882292795296,0.016797887960097842,0.023066508268345012,0.85,20,20,1.0,0.0,0.021698109933548516,0.01920682824110277,0.01409761631590506,0.0072512824271501065,0.03175966390551099,0.048513548730652056,1.0
100,real_boot_a,1,0.5,0.0,203.0,0.49951204685092926,0,20,0,0.0,0,0,,,,,,,,,,0,0,,,,,,,,,,,,,20,20,1.0,0.0,0.05676114110696405,0.017831153998192812,0.05809244448720843,0.047382047505813145,0.07400793633022831,0.07451828702360636,1.0,20,20,1.0,0.0,0.029533072045699955,2.623883865826854e-09,0.02953307167064087,0.029533071266638053,0.02953307171734816,0.029533072536125225,1.0
100,real_boot_b,1,0.5,0.0,172.0,0.496916665259355,0,20,0,0.0,0,0,,,,,,,,,,0,0,,,,,,,,,,,,,20,20,1.0,0.0,0.02751049485403299,0.015245344020141653,0.03219694563683012,0.01182389114006551,0.0412458368926489,0.042949823556487805,0.4,20,20,1.0,0.0,0.014022337157419152,0.010739149086467307,0.015247641108667002,0.004072566669542067,0.024396973526708256,0.02439699367506932,1.0
100,single_exp,0,0.5,0.005,108.0,0.4867522559599715,0,20,0,0.0,0,0,,,,,,,,,,0,0,,,,,,,,,,,,,20,20,1.0,0.75,0.07486245125024003,0.02448447436707128,0.0890851260761981,0.06045159144963617,0.09459468385424899,0.09511585636339544,0.0,20,20,1.0,0.45,0.04003793281918406,0.016667477739742767,0.04585418665173478,0.031747634079669206,0.055651284201959,0.05647337431921611,0.1
100,two_exp,0,0.5,0.005,129.0,0.4955914190433955,0,20,0,0.0,0,0,,,,,,,,,,0,0,,,,,,,,,,,,,20,20,1.0,0.0,0.08463156264181931,0.017443547312498517,0.0921960229822456,0.07712539162112927,0.09887831473860256,0.10021230880056275,0.1,20,20,1.0,0.0,0.026269316872558096,0.008298977491414422,0.023125514931061887,0.018754075429266076,0.035819666601455,0.03705038080313937,1.0
100,three_exp,0,0.5,0.005,176.0,0.49876789415554024,0,20,0,0.0,0,0,,,,,,,,,,0,0,,,,,,,,,,,,,20,20,1.0,0.0,0.05542610204558339,0.014252082313094808,0.06056688810489587,0.043511474192921916,0.06784743169783694,0.06944011995169498,0.85,20,20,1.0,0.0,0.044907044064700447,0.0016682243851433493,0.044651683360811656,0.043895569908808024,0.046170319990545355,0.04663499874704129,1.0
100,four_exp,0,0.5,0.005,231.0,0.4980680166164721,0,20,0,0.0,0,0,,,,,,,,,,0,0,,,,,,,,,,,,,20,20,1.0,0.0,0.0464073402574027,0.013527858204717778,0.050723082755997045,0.03688478986528285,0.056603661376680804,0.06103887620909315,1.0,20,20,1.0,0.0,0.03829056874227732,0.0019101803082461463,0.03812891059303576,0.037100984744003626,0.03918350455655181,0.04083857505305471,1.0
100,power_law,0,0.5,0.005,244.0,0.4999340482202355,0,20,0,0.0,0,0,,,,,,,,,,0,0,,,,,,,,,,,,,20,20,1.0,0.0,0.005780374271356586,0.004958291960598731,0.004215244718536104,0.0014314462172465266,0.01043770111898219,0.012168961425641547,0.85,20,20,1.0,0.0,0.009499465453971125,0.0009808300249786962,0.009181680285002564,0.008924325592770474,0.010199160560988544,0.010534558640688555,0.95
100,rational_decay,0,0.5,0.005,205.0,0.5,0,20,0,0.0,0,0,,,,,,,,,,0,0,,,,,,,,,,,,,20,20,1.0,0.0,0.06581911603104856,0.01912947483982677,0.06515124184174323,0.049945748324650416,0.08610640300994041,0.09015745744391221,0.85,20,20,1.0,0.0,0.0015005047156839279,0.0009361515288576814,0.0015641342422749727,0.0008622610445378834,0.0020657464602898863,0.0026744861673201397,1.0
100,mixed_pow_rat,0,0.5,0.005,254.0,0.4990202976120709,0,20,0,0.0,0,0,,,,,,,,,,0,0,,,,,,,,,,,,,20,20,1.0,0.0,0.040770322961341254,0.013876434518149402,0.04528645142834071,0.03148842562674496,0.05247255803798688,0.05334705799818905,1.0,20,20,1.0,0.0,0.036920942446045275,0.002346210298510242,0.03727467546558198,0.034778454002182484,0.03844579273481477,0.039807925707782375,1.0
100,multiphase,0,0.5,0.005,504.0,0.49983903719462197,0,20,0,0.0,0,0,,,,,,,,,,0,0,,,,,,,,,,,,,20,20,1.0,0.0,0.02068061977864873,0.008984329374157333,0.019707544676517273,0.016204771079754453,0.023145628794962726,0.026703234182305722,1.0,20,20,1.0,0.0,0.011472597056609057,0.0015337460428903724,0.011572829011175505,0.01003861220352252,0.012430421023021086,0.013341560598223763,1.0
100,osc_exp,0,0.5,0.005,107.0,0.47832942079368884,0,20,0,0.0,0,0,,,,,,,,,,0,0,,,,,,,,,,,,,20,20,1.0,0.05,0.08409772554049326,0.022584805032552693,0.09009342602932602,0.06664624395906943,0.10476317029131578,0.10599243939019694,0.0,20,20,1.0,0.0,0.026815562748591155,0.023846354484930384,0.021768109037381467,0.003260671465112601,0.052181407185432474,0.05524348186748007,0.6
100,damped_osc_pow,0,0.5,0.005,260.0,0.49940767513390516,0,20,0,0.0,0,0,,,,,,,,,,0,0,,,,,,,,,,,,,20,20,1.0,0.0,0.00815270337881081,0.0063233438332975095,0.005856137641454873,0.004276731351385423,0.012387892956742603,0.018362764150125832,1.0,20,20,1.0,0.0,0.01690058141746359,0.0010298124171003319,0.016882483255814398,0.016295873864283807,0.017537104421369097,0.01776170160319599,1.0
100,log_slow,0,0.5,0.005,8594.0,0.49999975284240333,0,20,0,0.0,0,0,,,,,,,,,,0,0,,,,,,,,,,,,,20,20,1.0,0.0,0.017695273835540724,0.0038424074195829404,0.017671077430457288,0.01380427414462053,0.020108384488693426,0.022628393613322802,1.0,20,20,1.0,0.0,0.07130794403751575,0.0010453067436568206,0.07151200957231632,0.07040900305166296,0.07199092481236752,0.07267510998109272,1.0
100,delayed_plateau,0,0.5,0.005,160.0,0.49658484551706805,0,20,0,0.0,0,0,,,,,,,,,,0,0,,,,,,,,,,,,,20,20,1.0,0.0,0.17169079420071728,0.004669033723038575,0.1739989368027195,0.17106044299321316,0.17453013677690446,0.17487354530057053,0.0,20,20,1.0,0.0,0.057303390318360584,0.01638568074696834,0.0651571286979103,0.05476049018462866,0.06763306361829227,0.06808745756340141,1.0
100,staircase,0,0.5,0.005,170.0,0.2777777777777778,0,20,0,0.0,0,0,,,,,,,,,,0,0,,,,,,,,,,,,,20,20,1.0,0.0,0.2615877604243693,0.009418064029070755,0.2654090971279962,0.25937680973033184,0.2686273478198669,0.2693779579809689,0.0,20,20,1.0,0.0,0.1086878604088473,0.03344682489038548,0.12284363156800451,0.10211596678012012,0.13323397984265323,0.13512907110554606,0.8
100,noisy_plateau,0,0.5,0.005,104.0,0.4965853037914094,0,20,11,0.55,11,11,1.0,0.18181818181818182,0.0013329142457079383,0.00023998642935380013,0.001277894400076196,0.0011345303934606824,0.0015065161890804937,0.0016266947602078807,0.45454545454545453,11,11,1.0,0.09090909090909091,0.0008991862736963623,0.00036280470392407787,0.0009613346068496342,0.0006489932531588555,0.0011105017084238472,0.001170327164162266,0.7272727272727273,0.9090909090909091,0.9090909090909091,-0.37984486848543275,9,9,1.0,0.0,0.0007408982376931893,0.0004340300276542159,0.0007194450436296962,0.0006637355987119745,0.0010980833527290401,0.0012325605272768367,0.7777777777777778,9,9,1.0,0.0,0.0009715501165302466,0.0004844293674091418,0.0011416092152086166,0.00045200862962690644,0.001221499910678596,0.0014738877914376753,0.6666666666666666
100,slow_osc_power,0,0.5,0.005,415.0,0.49840630355024784,0,20,0,0.0,0,0,,,,,,,,,,0,0,,,,,,,,,,,,,20,20,1.0,0.0,0.005236697531899429,0.00164291618663818,0.005199125944868311,0.004156224407512871,0.005937459618271478,0.00767312434693282,0.95,20,20,1.0,0.05,0.02534143327965275,0.0009845220282656247,0.025358774027087694,0.024840072210837387,0.025891198738226123,0.02628596400265413,0.0
100,log_oscillatory,0,0.5,0.005,533.0,0.49841524754235217,0,20,0,0.0,0,0,,,,,,,,,,0,0,,,,,,,,,,,,,20,20,1.0,0.0,0.020818384283229803,0.008514625359717127,0.02152285627451822,0.012787374009765262,0.028575520217090283,0.03178913955369347,1.0,20,20,1.0,0.0,0.0386077832210475,0.0010655553297164236,0.03839643381777877,0.03793918848627118,0.03898226235757982,0.03976382618698974,1.0
100,heavy_noise_plat,0,0.5,0.005,97.0,0.49658530379140886,0,20,8,0.4,8,8,1.0,0.125,0.0037672498303199485,0.0007212815808598883,0.0035563886522426147,0.003431140090855711,0.0038110493539604967,0.004588774243979443,0.375,8,8,1.0,0.125,0.002587094000292752,0.0005678796239956619,0.0025137132476104884,0.002289663880766145,0.0027032909313706027,0.003156987456293582,0.5,1.0,1.0,-0.3183299188394494,12,12,1.0,0.08333333333333333,0.0021776889477274283,0.001280538482178965,0.0020874567722487082,0.0012472270224136704,0.002516984843994247,0.00350379068077264,0.8333333333333334,12,12,1.0,0.16666666666666666,0.0024427230333212476,0.000929542963067491,0.002593931696080424,0.0016386515369961928,0.0030732320965017822,0.0035318949952729346,0.75
100,broken_power_law,0,0.5,0.005,514.0,0.49991211917454004,0,20,20,1.0,20,20,1.0,0.0,0.010336989831503565,0.00066962653628289,0.010377031855632018,0.010057137280056666,0.010830998798470035,0.011034641502088827,1.0,20,20,1.0,0.0,0.003155198893351413,0.0006211472934962492,0.003234930808333772,0.002711206652898694,0.003528651529143962,0.00396202220113333,1.0,1.0,1.0,-0.6894905541788796,0,0,,,,,,,,,,0,0,,,,,,,,,
100,stretched_exp,1,0.5,0.005,193.0,0.49828241532615414,0,20,0,0.0,0,0,,,,,,,,,,0,0,,,,,,,,,,,,,20,20,1.0,0.0,0.06252042989728869,0.01516825862900612,0.06802132085399772,0.04968518792868665,0.07732072676678725,0.07761876033533109,0.8,20,20,1.0,0.0,0.02866353726280611,0.0020811855911446494,0.028728639950919767,0.02721717101153022,0.02982030492664245,0.03053444139739352,1.0
100,logistic_tail,1,0.5,0.005,105.0,0.47748855939048196,0,20,0,0.0,0,0,,,,,,,,,,0,0,,,,,,,,,,,,,20,20,1.0,0.15,0.2343987151624308,0.006569774824934289,0.23706509908186538,0.23321130678068558,0.23809107993421585,0.23900229520369615,0.0,20,20,1.0,0.0,0.15091223922000602,0.0182303510011793,0.15873262774214172,0.14922806559050483,0.16180306470873032,0.1638242059465867,0.0
100,inv_sqrt_log,1,0.5,0.005,245.0,0.4997783934707863,0,20,0,0.0,0,0,,,,,,,,,,0,0,,,,,,,,,,,,,20,20,1.0,0.1,0.00609650188626383,0.0013925634662192738,0.006262468807612706,0.005465368501777454,0.006923893097951848,0.0073973587504381705,0.7,20,20,1.0,0.05,0.004919016231559892,0.0005370860335852772,0.005021858082560025,0.004665632314827445,0.00522017865010755,0.0054575050668687775,0.85
100,random_knots,1,0.5,0.005,314.5,0.49936083587279756,0,20,0,0.0,0,0,,,,,,,,,,0,0,,,,,,,,,,,,,20,20,1.0,0.0,0.012770208805148921,0.0095554475798031,0.008971816103680447,0.006882637476387423,0.017294659353868393,0.023984250424671665,0.9,20,20,1.0,0.0,0.021739295504528102,0.019441880842963215,0.014682946235104452,0.00642333034289169,0.031131291312569146,0.04944316968501555,1.0
100,real_boot_a,1,0.5,0.005,203.0,0.49951204685092926,0,20,0,0.0,0,0,,,,,,,,,,0,0,,,,,,,,,,,,,20,20,1.0,0.0,0.05645584167563983,0.018035977011976057,0.057054655006268884,0.047081659436148136,0.07392116642699342,0.07435918726661452,1.0,20,20,1.0,0.0,0.028778030607664384,0.00137132236813665,0.028668522113331332,0.028115084837729235,0.029596394935232112,0.030501762050473717,1.0
100,real_boot_b,1,0.5,0.005,172.0,0.496916665259355,0,20,0,0.0,0,0,,,,,,,,,,0,0,,,,,,,,,,,,,20,20,1.0,0.0,0.02758703607685069,0.015272531624905876,0.03250649187879895,0.011455686415498517,0.04094085192550559,0.04283108376210712,0.5,20,20,1.0,0.0,0.013718274469327876,0.010497688176986085,0.014112591973904947,0.0040322753217004355,0.023602336346151755,0.024126626263820256,0.8
100,single_exp,0,0.5,0.02,108.0,0.4867522559599715,0,20,0,0.0,0,0,,,,,,,,,,0,0,,,,,,,,,,,,,20,20,1.0,0.45,0.07464589083077343,0.024865733154474243,0.0885525116718178,0.06087188726570337,0.09453909285769417,0.09569694831252072,0.1,20,20,1.0,0.25,0.04013642529293206,0.016943074245016697,0.04539385693928629,0.03179323584126829,0.05576459639033256,0.05657925191488375,0.25
100,two_exp,0,0.5,0.02,129.0,0.4955914190433955,0,20,0,0.0,0,0,,,,,,,,,,0,0,,,,,,,,,,,,,20,20,1.0,0.0,0.08464501317037422,0.017661449175739363,0.09338388043325455,0.07843362667539405,0.09758503034598107,0.10064112021695236,0.0,20,20,1.0,0.0,0.02517593733147407,0.00951030584452908,0.023818772274680697,0.019054447865319527,0.03510860935650601,0.03744202336044094,0.8
100,three_exp,0,0.5,0.02,176.0,0.49876789415554024,0,20,0,0.0,0,0,,,,,,,,,,0,0,,,,,,,,,,,,,20,20,1.0,0.0,0.055243248925507804,0.014653449697969645,0.05953192549004076,0.04533898447471494,0.0667021139221875,0.06925969077233447,0.85,20,20,1.0,0.0,0.04513269661018328,0.004976602744753077,0.044070266826272624,0.04200138975093953,0.04849309079946111,0.050343986692554916,0.95
100,four_exp,0,0.5,0.02,231.0,0.4980680166164721,0,20,0,0.0,0,0,,,,,,,,,,0,0,,,,,,,,,,,,,20,20,1.0,0.0,0.04630019534275375,0.014815034703305642,0.05303313172617734,0.036870067935644346,0.05751702758735886,0.05956654345943996,0.95,20,20,1.0,0.0,0.03704930326731934,0.004810593234494056,0.03662439887046148,0.03340716143456512,0.040145023555761855,0.04354297814176545,1.0
100,power_law,0,0.5,0.02,244.0,0.4999340482202355,0,20,0,0.0,0,0,,,,,,,,,,0,0,,,,,,,,,,,,,20,20,1.0,0.05,0.0049838906295144505,0.004563555415174887,0.002879062191028703,0.0016044323820266944,0.008041787975422831,0.010272955117707941,0.9,20,20,1.0,0.05,0.011033116788359259,0.0027205723790237266,0.010785258227778646,0.009626918751096836,0.012901735089746912,0.014147637025550856,0.8
100,rational_decay,0,0.5,0.02,205.0,0.5,0,20,0,0.0,0,0,,,,,,,,,,0,0,,,,,,,,,,,,,20,20,1.0,0.0,0.06573241631251688,0.019359888548106892,0.0660820289101007,0.04991623260521087,0.08683528170094199,0.08989663372292218,0.95,20,20,1.0,0.0,0.004013130188748532,0.00365064228728876,0.0029484155618450456,0.002078435078385295,0.004876872776115065,0.00832558054002286,1.0
100,mixed_pow_rat,0,0.5,0.02,254.0,0.4990202976120709,0,20,0,0.0,0,0,,,,,,,,,,0,0,,,,,,,,,,,,,20,20,1.0,0.0,0.0402016241139292,0.01416692917541099,0.04488456845637189,0.03037959540146068,0.05201687653212415,0.053211526461312754,0.85,20,20,1.0,0.0,0.03639131295258177,0.008915046831181222,0.036908767351092976,0.0306056250877478,0.04132209855859996,0.04352819553557038,0.9
100,multiphase,0,0.5,0.02,504.0,0.49983903719462197,0,20,0,0.0,0,0,,,,,,,,,,0,0,,,,,,,,,,,,,20,20,1.0,0.0,0.02127747800174427,0.007988429070822138,0.019612521993118318,0.017029978111597906,0.02328236165263589,0.026311183362092087,1.0,20,20,1.0,0.0,0.012117872570691008,0.006226084479676491,0.01078997488889881,0.008705910632428409,0.017011017323538366,0.020268353425296103,1.0
100,osc_exp,0,0.5,0.02,107.0,0.47832942079368884,0,20,0,0.0,0,0,,,,,,,,,,0,0,,,,,,,,,,,,,20,20,1.0,0.35,0.08357872248392134,0.02260431485374076,0.08915119074223789,0.0668423725803686,0.10392707968110597,0.1063972376969234,0.0,20,20,1.0,0.05,0.027379816081591846,0.023087681253051308,0.0214377187312855,0.0064503384731362315,0.05218951064622309,0.0543346656561373,0.55
100,damped_osc_pow,0,0.5,0.02,260.0,0.49940767513390516,0,20,0,0.0,0,0,,,,,,,,,,0,0,,,,,,,,,,,,,20,20,1.0,0.05,0.008309897394755005,0.006920137858848854,0.00632639975696064,0.0041166408554686885,0.009383936413769438,0.016913946741179502,0.85,20,20,1.0,0.05,0.017390505735701427,0.0035180115369910746,0.01833180646386518,0.015727407838548427,0.019959616520700114,0.021660008414905875,0.75
100,log_slow,0,0.5,0.02,8594.0,0.49999975284240333,0,20,1,0.05,1,1,1.0,0.0,0.02205609133660502,,0.02205609133660502,0.02205609133660502,0.02205609133660502,0.02205609133660502,1.0,1,1,1.0,0.0,0.07402975893169528,,0.07402975893169528,0.07402975893169528,0.07402975893169528,0.07402975893169528,1.0,0.0,0.0,2.3564314638484034,19,19,1.0,0.0,0.02087060557870195,0.012543606510523515,0.01863402956902463,0.010160965623485063,0.026574106986218607,0.03533348191707626,1.0,19,19,1.0,0.0,0.07082363082844279,0.004116172349885385,0.07083453040698096,0.06893754308356181,0.07360679938017053,0.07517464906602007,0.8947368421052632
100,delayed_plateau,0,0.5,0.02,160.0,0.49658484551706805,0,20,0,0.0,0,0,,,,,,,,,,0,0,,,,,,,,,,,,,20,20,1.0,0.0,0.17110126352569796,0.005069895509601359,0.1719684328841657,0.1680084324456203,0.17511685704362165,0.17599076021569796,0.0,20,20,1.0,0.0,0.056997558284588745,0.01601300492538076,0.06246823141635753,0.05283375360269072,0.06784699230980397,0.06859882366691383,1.0
100,staircase,0,0.5,0.02,170.0,0.2777777777777778,0,20,0,0.0,0,0,,,,,,,,,,0,0,,,,,,,,,,,,,20,20,1.0,0.0,0.261685376314008,0.00992137983725387,0.26546175243692705,0.2551542500038025,0.26745331637622693,0.27042985614980525,0.0,20,20,1.0,0.0,0.10857588851235651,0.033583866066160935,0.12360236504322539,0.09799541273632847,0.13119174956186289,0.1368202193370298,0.55
100,noisy_plateau,0,0.5,0.02,104.0,0.4965853037914094,0,20,10,0.5,10,10,1.0,0.1,0.001494107578290166,0.0005649942514822295,0.001548810698695842,0.0011379350989260129,0.0020144598472005906,0.0020775691524056727,0.5,10,10,1.0,0.0,0.0010911605740104788,0.0007132379450835649,0.0012717495746042903,0.00037500701171178097,0.0015890457572148714,0.0018805660466103572,0.7,1.0,1.0,-0.26454904670730844,10,10,1.0,0.0,0.0007964107667807732,0.00047903199976513644,0.000768852539901721,0.0005810344271966299,0.0008961959716762028,0.0010900319908808628,0.6,10,10,1.0,0.0,0.0009204649882492262,0.0004343200370384239,0.0010125371534303344,0.000564140717550433,0.0012154246230941202,0.0013613484605712717,0.7
100,slow_osc_power,0,0.5,0.02,415.0,0.49840630355024784,0,20,0,0.0,0,0,,,,,,,,,,0,0,,,,,,,,,,,,,20,20,1.0,0.0,0.006337985355713949,0.00461830517498776,0.006866901812162207,0.0027672437853832887,0.010401804560665895,0.011562056697318785,0.9,20,20,1.0,0.1,0.023997792519961706,0.00402460881861567,0.024763828476956032,0.02251388200931493,0.026367146164973786,0.028979665268915454,0.35
100,log_oscillatory,0,0.5,0.02,533.0,0.49841524754235217,0,20,0,0.0,0,0,,,,,,,,,,0,0,,,,,,,,,,,,,20,20,1.0,0.0,0.01976238729904604,0.008493173159549344,0.018725800157818724,0.01396941446549061,0.024105529828937718,0.0315466764618397,1.0,20,20,1.0,0.0,0.03895212534173278,0.005266879824993424,0.03936249262432902,0.03466316040883243,0.04317869452790961,0.04401104550662968,1.0
100,heavy_noise_plat,0,0.5,0.02,97.0,0.49658530379140886,0,20,20,1.0,20,20,1.0,0.05,0.002985491008456422,0.0021439397110579912,0.0030172348967748026,0.0010807300040587978,0.004706070875609994,0.005447502581942209,0.9,20,20,1.0,0.05,0.002700325996317951,0.0022634764615283285,0.002149118269724859,0.0006153674986982749,0.0044912246885642545,0.005426826644601598,0.9,0.65,0.65,-0.1935603184050747,0,0,,,,,,,,,,0,0,,,,,,,,,
100,broken_power_law,0,0.5,0.02,514.0,0.49991211917454004,0,20,20,1.0,20,20,1.0,0.0,0.00999185784472859,0.001430528826817638,0.009722709512516192,0.00918091505691759,0.010537372499943562,0.011878216103060162,1.0,20,20,1.0,0.0,0.002632040448565365,0.0015342205085590564,0.002429770724394681,0.0015668613786867444,0.0030319931487925375,0.0051452471204450016,1.0,1.0,1.0,-0.7530303841037573,0,0,,,,,,,,,,0,0,,,,,,,,,
100,stretched_exp,1,0.5,0.02,193.0,0.49828241532615414,0,20,0,0.0,0,0,,,,,,,,,,0,0,,,,,,,,,,,,,20,20,1.0,0.0,0.06222513309999661,0.015394379041511152,0.0673189387899943,0.04976706320945669,0.0751261097245802,0.07849853837921757,0.8,20,20,1.0,0.0,0.028944882646950765,0.007278645806349197,0.0298329325154551,0.026671113498352685,0.033431651391551964,0.036708809889405995,1.0
100,logistic_tail,1,0.5,0.02,105.0,0.47748855939048196,0,20,1,0.05,1,1,1.0,0.0,0.2389824141953346,,0.2389824141953346,0.2389824141953346,0.2389824141953346,0.2389824141953346,0.0,1,1,1.0,0.0,0.1605017550630477,,0.1605017550630477,0.1605017550630477,0.1605017550630477,0.1605017550630477,0.0,1.0,1.0,-0.32839512227933215,19,19,1.0,0.47368421052631576,0.2337905588545776,0.006568563283105076,0.2347755261423511,0.23145926057068006,0.23792476634791254,0.24073507640008102,0.0,19,19,1.0,0.10526315789473684,0.15014343384735887,0.018416100063237285,0.15799445653722874,0.14725489249743828,0.16097232995946417,0.16268393107007284,0.05263157894736842
100,inv_sqrt_log,1,0.5,0.02,245.0,0.4997783934707863,0,20,0,0.0,0,0,,,,,,,,,,0,0,,,,,,,,,,,,,20,20,1.0,0.05,0.007467978605668965,0.005033848091502553,0.007464822981396366,0.0031142090153213897,0.010900239629241859,0.014257201348799728,0.8,20,20,1.0,0.1,0.004324756730848542,0.002952602947321799,0.004244249968525094,0.0016451995220831753,0.006666615450945504,0.008373397319136694,0.9
100,random_knots,1,0.5,0.02,314.5,0.49936083587279756,0,20,0,0.0,0,0,,,,,,,,,,0,0,,,,,,,,,,,,,20,20,1.0,0.0,0.011767236093506685,0.008800942808691965,0.009617271679134985,0.006144742246108049,0.014874876654354566,0.02291859002652784,0.85,20,20,1.0,0.05,0.019392430308984836,0.01901484065229557,0.01331731226975897,0.0037926685540503654,0.02678184089568851,0.045955326490719754,0.9
100,real_boot_a,1,0.5,0.02,203.0,0.49951204685092926,0,20,0,0.0,0,0,,,,,,,,,,0,0,,,,,,,,,,,,,20,20,1.0,0.0,0.057425593256384376,0.017912187380296207,0.062256737872110265,0.04652636560408411,0.07342734890323957,0.07476814907622951,0.9,20,20,1.0,0.0,0.030695339414100332,0.007312096146950254,0.029745612856377557,0.02515509623997059,0.03502858981334826,0.03893087498378978,1.0
100,real_boot_b,1,0.5,0.02,172.0,0.496916665259355,0,20,0,0.0,0,0,,,,,,,,,,0,0,,,,,,,,,,,,,20,20,1.0,0.2,0.0272672184607576,0.015313049350089213,0.030850014011358562,0.013795681754826157,0.04145646487401435,0.04338097301869713,0.35,20,20,1.0,0.15,0.013814011845791827,0.01067544818395416,0.011969810759206594,0.0047915041499527865,0.02400060274638354,0.02667375709577837,0.7
100,single_exp,0,0.1,0.0,148.0,0.09827358560436156,0,20,0,0.0,0,0,,,,,,,,,,0,0,,,,,,,,,,,,,20,20,1.0,0.0,0.06296549517612413,0.029182219070962342,0.08052548945956095,0.04518453871665791,0.0866376852751504,0.08719667526408197,0.1,20,20,1.0,0.0,0.04265981064305074,0.01832653951083113,0.04514648539071664,0.03437745230932064,0.04847157098017653,0.06815796527647923,0.1
100,two_exp,0,0.1,0.0,218.0,0.09985826346226055,0,20,0,0.0,0,0,,,,,,,,,,0,0,,,,,,,,,,,,,20,20,1.0,0.0,0.08906273186265991,0.0256345697081494,0.10046108854507069,0.07894389816589026,0.11059541531444247,0.11142180636780012,0.4,20,20,1.0,0.0,0.023682870831398535,0.012202878637937085,0.017615401820089714,0.012928260167647504,0.03824575566574879,0.040077199490880504,1.0
100,three_exp,0,0.1,0.0,377.0,0.09988829507506856,0,20,0,0.0,0,0,,,,,,,,,,0,0,,,,,,,,,,,,,20,20,1.0,0.0,0.0722831082091898,0.022451085343842325,0.07985294681987798,0.05473197703120199,0.0919908387716118,0.09434379245786711,1.0,20,20,1.0,0.0,0.07994444117307384,3.562537596189067e-08,0.07994444195056563,0.07994441585106744,0.07994447111223235,0.07994448291195402,1.0
100,four_exp,0,0.1,0.0,631.0,0.09977805552230239,0,20,0,0.0,0,0,,,,,,,,,,0,0,,,,,,,,,,,,,20,20,1.0,0.0,0.06162162796882775,0.022968243128641725,0.06893560411084831,0.04600697209119461,0.07783018654223654,0.08598538063187344,1.0,20,20,1.0,0.0,0.07996397545319693,4.887653560542195e-08,0.07996400083000231,0.07996396676746648,0.07996400725275146,0.07996400853662211,1.0
100,power_law,0,0.1,0.0,2441.0,0.09997859122064488,0,20,0,0.0,0,0,,,,,,,,,,0,0,,,,,,,,,,,,,20,20,1.0,0.0,0.014868257827363382,0.009427135047936666,0.012419816290698459,0.006482030334158588,0.025428764595022302,0.025428796266870286,1.0,20,20,1.0,0.0,0.017604285379438516,7.354459010825731e-09,0.017604288810168532,0.017604283348924957,0.01760428993391089,0.017604290617485453,1.0
100,rational_decay,0,0.1,0.0,1125.0,0.09999999999999999,0,20,0,0.0,0,0,,,,,,,,,,0,0,,,,,,,,,,,,,20,20,1.0,0.0,0.04089192672538329,0.030029602928346312,0.033407083822106304,0.018512178289971017,0.0748824301457527,0.08074061245801112,1.0,20,20,1.0,0.0,1.941388889925566e-12,7.1094778290992834e-12,6.992323386967314e-14,4.010680676458378e-15,7.890979536462339e-13,1.3102186002811334e-12,1.0
100,mixed_pow_rat,0,0.1,0.0,2260.0,0.09998848741275486,0,20,0,0.0,0,0,,,,,,,,,,0,0,,,,,,,,,,,,,20,20,1.0,0.0,0.03427708978758658,0.01838882011119474,0.04379418667562697,0.017598397843919207,0.04740082202404449,0.050200910638677806,1.0,20,20,1.0,0.0,0.0709898348811297,1.6727180996926834e-07,0.07098993683206695,0.07098963289470508,0.07098996087070858,0.07098996645153349,1.0
100,multiphase,0,0.1,0.0,3852.0,0.0999996544626016,0,20,0,0.0,0,0,,,,,,,,,,0,0,,,,,,,,,,,,,20,20,1.0,0.0,0.037167277826346684,0.017320244814574066,0.03471436489781472,0.02884129353250315,0.04046851151803664,0.049440734766109246,1.0,20,20,1.0,0.0,0.0741995999220543,1.4129428061944986e-07,0.074199575001709,0.07419949450015098,0.07419968901117059,0.07419979756406384,1.0
100,osc_exp,0,0.1,0.0,165.0,0.09570953042125925,0,20,0,0.0,0,0,,,,,,,,,,0,0,,,,,,,,,,,,,20,20,1.0,0.0,0.07103244186481504,0.03141336612660644,0.07867697897889063,0.047941692329982265,0.09888204782239758,0.10115160248136762,0.25,20,20,1.0,0.0,0.03274357634215634,0.013380394173332404,0.036045039648220645,0.03303264597609934,0.04023022558212723,0.044637934963053544,0.9
100,damped_osc_pow,0,0.1,0.0,3014.0,0.09999319502597674,0,20,0,0.0,0,0,,,,,,,,,,0,0,,,,,,,,,,,,,20,20,1.0,0.0,0.018142068044496924,0.017325222392251555,0.013080532471914676,0.0027300431531363505,0.03355386505720537,0.04369818416346986,1.0,20,20,1.0,0.0,0.030691087375974584,1.6633673841551066e-08,0.030691087041092843,0.030691071566925826,0.03069110527755859,0.03069110765152662,1.0
100,log_slow,0,0.1,0.0,50000.0,0.41863546463489004,1,20,0,0.0,0,0,,,,,,,,,,0,0,,,,,,,,,,,,,20,20,1.0,0.0,0.015850972960037707,3.108477022841093e-08,0.015850980027531665,0.015850959493813464,0.015850990674278583,0.015851005356803047,1.0,20,20,1.0,0.0,0.08544737009907635,2.1179751845758555e-08,0.08544737169473235,0.08544735740798905,0.0854473852365661,0.08544739130865547,1.0
100,delayed_plateau,0,0.1,0.0,321.0,0.09926115995627992,0,20,0,0.0,0,0,,,,,,,,,,0,0,,,,,,,,,,,,,20,20,1.0,0.0,0.2266866741868106,0.007216914863946639,0.23029509600577855,0.22518726491794813,0.2314240591351463,0.2316739918501899,0.1,20,20,1.0,0.0,0.06805187697072482,0.018740653386482977,0.07861499420803003,0.05860193215113709,0.08286697861865651,0.08379919643218989,1.0
100,staircase,0,0.1,0.0,320.0,0.0,0,20,0,0.0,0,0,,,,,,,,,,0,0,,,,,,,,,,,,,20,20,1.0,0.0,0.26470337089598445,0.014064592559345335,0.27051310104757664,0.26159745057625283,0.27524288232290783,0.2760434831557701,0.0,20,20,1.0,0.0,0.07847076046528939,0.030579483157389502,0.0872472375294178,0.06807008780522152,0.10374908311819914,0.10648498832623834,1.0
100,noisy_plateau,0,0.1,0.0,137.0,0.09536916221554956,0,20,10,0.5,10,10,1.0,0.0,0.0025599618131428026,0.0003499108022382634,0.0025898360780897203,0.0022558453233324748,0.002870786173449824,0.0029267757768178942,0.3,10,10,1.0,0.0,0.0017385656470138484,0.0006447735386978956,0.0016988997699201591,0.001408765383914476,0.0021030702875485738,0.002436642069981126,0.5,1.0,1.0,-0.34229538623143435,10,10,1.0,0.1,0.0016225137282368791,0.0005946497313746849,0.001576043053380969,0.001268478145455186,0.0019091052317270337,0.0024182415877400595,0.8,10,10,1.0,0.1,0.0018701115961771702,0.0006385805044190526,0.0016889397478351232,0.0015491152198962984,0.0022055489754731934,0.002503230469662272,0.8
100,slow_osc_power,0,0.1,0.0,3483.0,0.09996889692898078,0,20,0,0.0,0,0,,,,,,,,,,0,0,,,,,,,,,,,,,20,20,1.0,0.0,0.0053366170766059725,1.1515785980976854e-07,0.00533661921580697,0.005336549966467127,0.005336665152288228,0.0053366936731213295,1.0,20,20,1.0,0.0,0.03454901306228778,4.78857961472173e-08,0.03454901645476665,0.034548976508656584,0.03454905596446308,0.034549065464776874,0.0
100,log_oscillatory,0,0.1,0.0,50000.0,0.2992564263745022,1,20,0,0.0,0,0,,,,,,,,,,0,0,,,,,,,,,,,,,20,20,1.0,0.0,0.07531779863351323,0.022501392339670814,0.07717424592192124,0.053288674223858,0.10253361097823221,0.10253638738431708,1.0,20,20,1.0,0.0,0.07288254259760925,1.7532552435103987e-07,0.0728824965780456,0.07288239278077219,0.07288264684478499,0.0728827808979517,1.0
100,heavy_noise_plat,0,0.1,0.0,114.0,0.09071795328941246,0,20,8,0.4,8,8,1.0,0.5,0.004632749487048948,0.000920634656665078,0.004459115452961064,0.0042361724374008446,0.004926927914895365,0.005878113753628403,0.375,8,8,1.0,0.25,0.0029986486037910966,0.0009272640643105384,0.0028366888363850484,0.00251084144745755,0.003439559833744485,0.00418762249121297,0.375,1.0,1.0,-0.34920055965258723,12,12,1.0,0.3333333333333333,0.0025758984523210036,0.0014420268113121966,0.0027493556154278512,0.001569309853996114,0.0036960722176846957,0.004087029643403768,0.6666666666666666,12,12,1.0,0.25,0.0022266977811716466,0.0006926483968437045,0.0022815789715430104,0.0019751063203260503,0.0027114942395146603,0.0030320091253248863,0.6666666666666666
100,broken_power_law,0,0.1,0.0,28776.0,0.09999962012267244,0,20,20,1.0,20,20,1.0,0.0,0.06262256891689479,1.4286750598826782e-06,0.06262160189710164,0.06262158947792115,0.06262462236340818,0.06262469402953323,1.0,20,20,1.0,0.0,0.0548593260290682,4.90562875700955e-10,0.054859325929891053,0.05485932573168278,0.05485932628459742,0.0548593264732653,1.0,1.0,1.0,-0.12395524630319876,0,0,,,,,,,,,,0,0,,,,,,,,,
100,stretched_exp,1,0.1,0.0,579.0,0.09979846505939677,0,20,0,0.0,0,0,,,,,,,,,,0,0,,,,,,,,,,,,,20,20,1.0,0.0,0.06696332590462457,0.027816885835251184,0.07715498973807539,0.04420548672252779,0.09245611222136454,0.09571102276798707,1.0,20,20,1.0,0.0,0.05201829443888252,1.0371524941733998e-07,0.05201830047718377,0.0520182338180942,0.05201831785048585,0.052018421519553916,1.0
100,logistic_tail,1,0.1,0.0,135.0,0.09609894819901184,0,20,0,0.0,0,0,,,,,,,,,,0,0,,,,,,,,,,,,,20,20,1.0,0.0,0.25265456897844574,0.008186993226995091,0.2560263837919423,0.25192922578212007,0.2575034523887364,0.25888758497137354,0.0,20,20,1.0,0.0,0.1455650675450246,0.026419753637932607,0.1564919929003137,0.14423229246924804,0.16080339787493197,0.16479213722611533,0.05
100,inv_sqrt_log,1,0.1,0.0,2929.0,0.09999046875803731,0,20,0,0.0,0,0,,,,,,,,,,0,0,,,,,,,,,,,,,20,20,1.0,0.0,0.010854050120458996,0.001794920300589957,0.011557323530666602,0.011557279545306795,0.01155733616107115,0.011557336621560388,1.0,20,20,1.0,0.0,0.009035624614318689,7.269458815973443e-10,0.009035624877641354,0.009035624741818815,0.009035624941960457,0.009035625004188063,1.0
100,random_knots,1,0.1,0.0,4730.0,0.09999546250252596,1,20,0,0.0,0,0,,,,,,,,,,0,0,,,,,,,,,,,,,20,20,1.0,0.0,0.02484073599279633,0.026645487147609913,0.015277438775149794,0.0059826373827727205,0.029487884708919943,0.05657121284146581,0.85,20,20,1.0,0.0,0.0417805727878889,0.03528291336495348,0.027164542091803644,0.015531851813946404,0.05680357591610106,0.08266336020050098,1.0
100,real_boot_a,1,0.1,0.0,413.0,0.09900189826125952,0,20,0,0.0,0,0,,,,,,,,,,0,0,,,,,,,,,,,,,20,20,1.0,0.0,0.08204573553682096,0.026685586261851708,0.08452732141922056,0.068579274601478,0.10749310272574492,0.10821572371761712,1.0,20,20,1.0,0.0,0.06952002134761474,3.455105131215124e-09,0.06952002085352744,0.06952002032221573,0.06952002091512488,0.06952002199469406,1.0
100,real_boot_b,1,0.1,0.0,364.0,0.09935491603410883,0,20,0,0.0,0,0,,,,,,,,,,0,0,,,,,,,,,,,,,20,20,1.0,0.0,0.029380263918738464,0.012487946732424676,0.03465009329931493,0.01779452069167839,0.03844944858204917,0.040504444542918294,1.0,20,20,1.0,0.0,0.01758126688079175,0.013818157381834142,0.019570660530436594,0.0048423941268552475,0.030918061091596928,0.030918088021687152,1.0
100,single_exp,0,0.1,0.005,148.0,0.09827358560436156,0,20,0,0.0,0,0,,,,,,,,,,0,0,,,,,,,,,,,,,20,20,1.0,0.4,0.06312012636158836,0.02902769329721443,0.08030639456643304,0.04513809551729192,0.08684055744689619,0.08737385910885816,0.1,20,20,1.0,0.0,0.042567090979933754,0.01811189794042892,0.0452593003110168,0.03431583433690352,0.048567217313236384,0.06696088916742642,0.1
100,two_exp,0,0.1,0.005,218.0,0.09985826346226055,0,20,0,0.0,0,0,,,,,,,,,,0,0,,,,,,,,,,,,,20,20,1.0,0.0,0.08899870570900273,0.025562051081508608,0.10031654316577521,0.07874666069695736,0.1099621409956271,0.11124358944959614,0.4,20,20,1.0,0.0,0.024175578018714654,0.011819587636088957,0.019853582134193165,0.01319972498580159,0.03803352194048829,0.039588776317306826,1.0
100,three_exp,0,0.1,0.005,377.0,0.09988829507506856,0,20,0,0.0,0,0,,,,,,,,,,0,0,,,,,,,,,,,,,20,20,1.0,0.0,0.07228954968545084,0.022467013719466113,0.08068873400734053,0.054176501247306795,0.09173007897598895,0.09415451809189097,1.0,20,20,1.0,0.0,0.07994486332042107,0.0021571699690972716,0.07987121530842844,0.07861839571177008,0.08164294634624732,0.08229842191057894,1.0
100,four_exp,0,0.1,0.005,631.0,0.09977805552230239,0,20,0,0.0,0,0,,,,,,,,,,0,0,,,,,,,,,,,,,20,20,1.0,0.0,0.06127486408081999,0.02296206080504234,0.06846109535151554,0.04578557290625594,0.07821454718729545,0.08573747046203199,1.0,20,20,1.0,0.0,0.07914062926491446,0.002520049806873356,0.07915843208818465,0.07737502797556498,0.08040888594676368,0.08242687741189869,1.0
100,power_law,0,0.1,0.005,2441.0,0.09997859122064488,0,20,0,0.0,0,0,,,,,,,,,,0,0,,,,,,,,,,,,,20,20,1.0,0.0,0.014918915833950353,0.009560608197295994,0.01249762926595192,0.006490585712470842,0.023681755333779093,0.02660393139515064,0.85,20,20,1.0,0.0,0.017272122128137397,0.0010870785443785962,0.01697345192494179,0.01656762282268823,0.018081395228940676,0.0184770277514356,1.0
100,rational_decay,0,0.1,0.005,1125.0,0.09999999999999999,0,20,0,0.0,0,0,,,,,,,,,,0,0,,,,,,,,,,,,,20,20,1.0,0.0,0.04070812747515232,0.029995233752355174,0.03379712152057743,0.018762126564196374,0.07407177908285972,0.08093666285209121,1.0,20,20,1.0,0.0,0.0023176806636321734,0.0014118787120835118,0.002329322763519723,0.0011523911422209217,0.003398077051321842,0.0040198780727293435,1.0
100,mixed_pow_rat,0,0.1,0.005,2260.0,0.09998848741275486,0,20,0,0.0,0,0,,,,,,,,,,0,0,,,,,,,,,,,,,20,20,1.0,0.0,0.033825231601372206,0.018442154035533856,0.043353076663810115,0.017220109011961172,0.047374130884430224,0.04999052059266897,1.0,20,20,1.0,0.0,0.070283729979456,0.003128025707451706,0.07091941794572403,0.06759605820223419,0.0720673828781289,0.07379295343518134,1.0
100,multiphase,0,0.1,0.005,3852.0,0.0999996544626016,0,20,0,0.0,0,0,,,,,,,,,,0,0,,,,,,,,,,,,,20,20,1.0,0.0,0.037119683015432135,0.017161503529006673,0.034739857063210894,0.028821270854249074,0.04080848371853926,0.04877954893285592,1.0,20,20,1.0,0.0,0.07408750008043201,0.0017629796331741115,0.07415417557034235,0.07246252111746052,0.07526420299083578,0.0762575446774848,1.0
100,osc_exp,0,0.1,0.005,165.0,0.09570953042125925,0,20,0,0.0,0,0,,,,,,,,,,0,0,,,,,,,,,,,,,20,20,1.0,0.0,0.07094771948003833,0.031461626096192526,0.07952594642196423,0.047356528360569604,0.0992343471256843,0.10104050622421862,0.25,20,20,1.0,0.0,0.03280913590795177,0.013352016883307562,0.03639179774177466,0.03278505064903023,0.040415441542593813,0.04458095851430599,0.85
100,damped_osc_pow,0,0.1,0.005,3014.0,0.09999319502597674,0,20,0,0.0,0,0,,,,,,,,,,0,0,,,,,,,,,,,,,20,20,1.0,0.0,0.01836804635639067,0.017795257656689184,0.01311207286364749,0.002676105046544434,0.03316950201844254,0.045211332311994507,1.0,20,20,1.0,0.0,0.030853134869993765,0.0011668897691949796,0.030842977396173428,0.030150758556396953,0.03151428299560724,0.03178560859945923,1.0
100,log_slow,0,0.1,0.005,50000.0,0.41863546463489004,1,20,0,0.0,0,0,,,,,,,,,,0,0,,,,,,,,,,,,,20,20,1.0,0.0,0.016461832026800894,0.0046081147407037865,0.016685668633334177,0.01179130827243877,0.01929036642017458,0.0224840099340499,1.0,20,20,1.0,0.0,0.08546437926298348,0.0010492632333524443,0.085668489978391,0.08456060727887593,0.08615200409229004,0.08683746742495208,1.0
100,delayed_plateau,0,0.1,0.005,321.0,0.09926115995627992,0,20,0,0.0,0,0,,,,,,,,,,0,0,,,,,,,,,,,,,20,20,1.0,0.0,0.22653024938590444,0.007388934586270984,0.23010987437491065,0.22556949982929891,0.23114959963271217,0.231600336402038,0.1,20,20,1.0,0.0,0.06799831035269227,0.018931329006505973,0.07840350640161331,0.058832572056157,0.08293936177588554,0.08363383364251352,1.0
100,staircase,0,0.1,0.005,320.0,0.0,0,20,0,0.0,0,0,,,,,,,,,,0,0,,,,,,,,,,,,,20,20,1.0,0.0,0.26516539471309253,0.013927605390303162,0.27090523483261664,0.2621160599012552,0.2756884507835442,0.27637090988175994,0.0,20,20,1.0,0.0,0.07856489709224367,0.03065805609299558,0.08753651491784695,0.06893932169466671,0.10395200394380398,0.1068148333948918,1.0
100,noisy_plateau,0,0.1,0.005,137.0,0.09536916221554956,0,20,11,0.55,11,11,1.0,0.2727272727272727,0.0025182508615045575,0.00028606303530800107,0.002483897143157221,0.002277661077461718,0.002722636166084917,0.002868369480713173,0.36363636363636365,11,11,1.0,0.09090909090909091,0.0015403949028270233,0.00047636516374069084,0.0015628259962950919,0.001264556797603636,0.001770040566572463,0.0018619032289547977,0.5454545454545454,0.9090909090909091,0.9090909090909091,-0.42491381187587585,9,9,1.0,0.2222222222222222,0.001630684085895556,0.0005182019297182253,0.0016517729877780878,0.0013432314381645431,0.0020685309619756717,0.00218770707702134,0.6666666666666666,9,9,1.0,0.0,0.0015957247572453198,0.0005968287842589293,0.0017550983774511746,0.0009646548359121335,0.0019309244577797521,0.0022122345203047997,0.6666666666666666
100,slow_osc_power,0,0.1,0.005,3483.0,0.09996889692898078,0,20,0,0.0,0,0,,,,,,,,,,0,0,,,,,,,,,,,,,20,20,1.0,0.0,0.005206482379785141,0.002230392042020585,0.005104783291446688,0.0037022970904599262,0.005939340153349661,0.008252631512346306,1.0,20,20,1.0,0.0,0.03446325179841316,0.0010230066185870697,0.03449054697785492,0.03391896526394489,0.03504345907143312,0.035415691954812256,0.0
100,log_oscillatory,0,0.1,0.005,50000.0,0.2992564263745022,1,20,0,0.0,0,0,,,,,,,,,,0,0,,,,,,,,,,,,,20,20,1.0,0.0,0.07504953040911151,0.022435347586022805,0.07683909830589891,0.05318700225427164,0.095918804115001,0.10382758676414199,1.0,20,20,1.0,0.0,0.07301715327081296,0.0011743982457283386,0.07283617254155487,0.07229899147208592,0.07340532995830336,0.07428513092658816,1.0
100,heavy_noise_plat,0,0.1,0.005,114.0,0.09071795328941246,0,20,8,0.4,8,8,1.0,0.125,0.004737022253642647,0.0009109655951424433,0.004432746415922589,0.0041789409997407025,0.004815224437668832,0.005906001205170136,0.125,8,8,1.0,0.125,0.0030647768102345773,0.0006217287185553331,0.0029729462746529156,0.002710415332516744,0.0032533588545997777,0.0036046925818160906,0.375,1.0,1.0,-0.35412622485754086,12,12,1.0,0.08333333333333333,0.00290535864504479,0.0014954118496872473,0.002875401969811925,0.0017577242540641157,0.0034280191563532793,0.00434022983173958,0.75,12,12,1.0,0.16666666666666666,0.0029295948567604896,0.00098633495793215,0.0030200219319962266,0.0020981970479054396,0.0036247729793388475,0.004074703574922012,0.75
100,broken_power_law,0,0.1,0.005,28776.0,0.09999962012267244,0,20,20,1.0,20,20,1.0,0.0,0.0628274076049659,0.0006735525794177843,0.06286073715501003,0.06256223643788164,0.06331846912452904,0.06352169062904939,1.0,20,20,1.0,0.0,0.05501312005906127,0.000619974958185391,0.055091237698375116,0.05456086327770159,0.0553811369275112,0.05581493612592733,1.0,1.0,1.0,-0.12416948725578913,0,0,,,,,,,,,,0,0,,,,,,,,,
100,stretched_exp,1,0.1,0.005,579.0,0.09979846505939677,0,20,0,0.0,0,0,,,,,,,,,,0,0,,,,,,,,,,,,,20,20,1.0,0.0,0.06703354392269265,0.027804860475932565,0.07748175098299065,0.04410806136512954,0.09329926495985191,0.09483574052721282,1.0,20,20,1.0,0.0,0.0511914442159731,0.0030869864612598327,0.05133797653580306,0.04866515061970848,0.05300125458512497,0.053737992180085126,1.0
100,logistic_tail,1,0.1,0.005,135.0,0.09609894819901184,0,20,0,0.0,0,0,,,,,,,,,,0,0,,,,,,,,,,,,,20,20,1.0,0.0,0.25257279837550634,0.00821021666210403,0.25599224966254797,0.2512791843563474,0.25726985209639197,0.2582367068376976,0.0,20,20,1.0,0.0,0.145498899707861,0.026394772865721814,0.15670050783226003,0.14385184267199574,0.1609935461858728,0.16408619692244275,0.05
100,inv_sqrt_log,1,0.1,0.005,2929.0,0.09999046875803731,0,20,0,0.0,0,0,,,,,,,,,,0,0,,,,,,,,,,,,,20,20,1.0,0.0,0.010687193514839238,0.00220247465280555,0.011041255266191236,0.009835732189921054,0.012061868355271172,0.013096015254959993,0.85,20,20,1.0,0.0,0.009264233634067597,0.0005726889122974789,0.009361490535979294,0.008960348901386334,0.009614263547909889,0.009881253375797438,0.95
100,random_knots,1,0.1,0.005,4730.0,0.09999546250252596,1,20,0,0.0,0,0,,,,,,,,,,0,0,,,,,,,,,,,,,20,20,1.0,0.0,0.024882704564090828,0.027229674020262294,0.015643463858400986,0.006181681285956359,0.029060259615464292,0.057197097519736506,0.9,20,20,1.0,0.0,0.04176025360623932,0.03560466957507975,0.027788617580963394,0.01491199315344036,0.05633107972032096,0.08378397874920689,1.0
100,real_boot_a,1,0.1,0.005,413.0,0.09900189826125952,0,20,0,0.0,0,0,,,,,,,,,,0,0,,,,,,,,,,,,,20,20,1.0,0.0,0.08170355427066237,0.026942411719015267,0.08326941246555142,0.06817514536588343,0.10745868180460735,0.10803364776459184,1.0,20,20,1.0,0.0,0.06863027264357033,0.0017028716647277667,0.06851314379719278,0.06774170677002211,0.06958662303447541,0.07075409677532705,1.0
100,real_boot_b,1,0.1,0.005,364.0,0.09935491603410883,0,20,0,0.0,0,0,,,,,,,,,,0,0,,,,,,,,,,,,,20,20,1.0,0.0,0.029413163103914258,0.012470979096428478,0.03458372482284812,0.01822957653667432,0.03837972003196941,0.04061892880827176,0.95,20,20,1.0,0.0,0.01724956164442871,0.013519940162461403,0.01814657597286795,0.0048622656178568535,0.029982842972897605,0.03074024676941624,1.0
100,single_exp,0,0.1,0.02,148.0,0.09827358560436156,0,20,0,0.0,0,0,,,,,,,,,,0,0,,,,,,,,,,,,,20,20,1.0,0.1,0.06287710652448511,0.029427567060879106,0.0797413137587669,0.045780573832687306,0.08679336877351963,0.08787803537705081,0.1,20,20,1.0,0.15,0.042685921238342264,0.018767607713658787,0.04536466840354022,0.03386397727656264,0.0489891017006479,0.06655951632863014,0.3
100,two_exp,0,0.1,0.02,218.0,0.09985826346226055,0,20,0,0.0,0,0,,,,,,,,,,0,0,,,,,,,,,,,,,20,20,1.0,0.0,0.08888954349768877,0.025793575650378507,0.10147290755128477,0.07999255953891489,0.10855513171026926,0.11155448823799108,0.35,20,20,1.0,0.0,0.0232126444778157,0.012492086361509582,0.019552810858758644,0.01239064429675478,0.037720462289821996,0.03972225453426138,1.0
100,three_exp,0,0.1,0.02,377.0,0.09988829507506856,0,20,0,0.0,0,0,,,,,,,,,,0,0,,,,,,,,,,,,,20,20,1.0,0.0,0.07210930986112742,0.0228690029894021,0.08046168381349475,0.05626986065548561,0.09093076276340964,0.0940580097380726,1.0,20,20,1.0,0.0,0.08032167392000453,0.0064895587023371115,0.07896579118736322,0.07631979216699067,0.08485659408335569,0.08710024953823482,1.0
100,four_exp,0,0.1,0.02,631.0,0.09977805552230239,0,20,0,0.0,0,0,,,,,,,,,,0,0,,,,,,,,,,,,,20,20,1.0,0.0,0.06098566324734652,0.02437657252636572,0.07057064157955407,0.04569187470394017,0.07910017222027285,0.08404047817521153,1.0,20,20,1.0,0.0,0.07741446541952414,0.006226499262343789,0.07666516737488924,0.0735393392061911,0.08100251410889386,0.08531204802361993,1.0
100,power_law,0,0.1,0.02,2441.0,0.09997859122064488,0,20,0,0.0,0,0,,,,,,,,,,0,0,,,,,,,,,,,,,20,20,1.0,0.0,0.013252535819130634,0.008518384618376739,0.010641888485914273,0.0068826964521991165,0.02036733380660547,0.022235110525115516,0.85,20,20,1.0,0.05,0.018969361335335982,0.002991817565822332,0.018827954464896924,0.01757891159867635,0.020936465479942653,0.02229993183613724,0.85
100,rational_decay,0,0.1,0.02,1125.0,0.09999999999999999,0,20,0,0.0,0,0,,,,,,,,,,0,0,,,,,,,,,,,,,20,20,1.0,0.0,0.04080128443086004,0.029836665551554575,0.03364128866956034,0.019632242796819015,0.07689021416164037,0.08065585767067174,1.0,20,20,1.0,0.0,0.006703794336756198,0.006055316441058816,0.0054007183687785,0.0030962125493630387,0.007389156129352955,0.01391141428934147,1.0
100,mixed_pow_rat,0,0.1,0.02,2260.0,0.09998848741275486,0,20,0,0.0,0,0,,,,,,,,,,0,0,,,,,,,,,,,,,20,20,1.0,0.0,0.033947534920514846,0.01847128284378043,0.04451296673032196,0.017534362524183222,0.047691386993450574,0.05009532131911616,1.0,20,20,1.0,0.0,0.06968020577390721,0.012354038599122881,0.0705476657394059,0.06086011163833652,0.07673028160236646,0.08068793735645019,1.0
100,multiphase,0,0.1,0.02,3852.0,0.0999996544626016,0,20,0,0.0,0,0,,,,,,,,,,0,0,,,,,,,,,,,,,20,20,1.0,0.0,0.03767730465844493,0.015959521609959518,0.03493039755198959,0.02933204496575209,0.04000864666351796,0.04840162779711897,1.0,20,20,1.0,0.0,0.07470949120040797,0.006990838222014441,0.07332873073275135,0.07080704979325401,0.08028516378801663,0.08353416831427399,1.0
100,osc_exp,0,0.1,0.02,165.0,0.09570953042125925,0,20,0,0.0,0,0,,,,,,,,,,0,0,,,,,,,,,,,,,20,20,1.0,0.0,0.07040415046765328,0.03152296751064884,0.07914681512403478,0.04750951939849269,0.09852798517224604,0.10086605902173919,0.3,20,20,1.0,0.0,0.03063732663527165,0.014084334037638053,0.033711972599514625,0.020920167138306592,0.04127454947963643,0.044555741346275775,0.8
100,damped_osc_pow,0,0.1,0.02,3014.0,0.09999319502597674,0,20,0,0.0,0,0,,,,,,,,,,0,0,,,,,,,,,,,,,20,20,1.0,0.05,0.01834443017635049,0.01861563374309209,0.013452537362258012,0.0025785672386291624,0.02882694578620504,0.042680251768474585,0.85,20,20,1.0,0.0,0.03137232845974595,0.003838029780884125,0.032264969390562795,0.0297159919538456,0.03370669349886738,0.036046280048657856,0.85
100,log_slow,0,0.1,0.02,50000.0,0.41863546463489004,1,20,1,0.05,1,1,1.0,0.0,0.023573047387701163,,0.023573047387701163,0.023573047387701163,0.023573047387701163,0.023573047387701163,1.0,1,1,1.0,0.0,0.08817336706538481,,0.08817336706538481,0.08817336706538481,0.08817336706538481,0.08817336706538481,1.0,0.0,0.0,2.7404314179331677,19,19,1.0,0.0,0.02098248467719589,0.014423587815853001,0.01779582604815641,0.008430767814372762,0.02744220364653354,0.037979582749751696,1.0,19,19,1.0,0.0,0.08497422977215112,0.004129513036493919,0.08497917295270752,0.08308010499393034,0.08777890483326435,0.08933838341093514,0.8947368421052632
100,delayed_plateau,0,0.1,0.02,321.0,0.09926115995627992,0,20,0,0.0,0,0,,,,,,,,,,0,0,,,,,,,,,,,,,20,20,1.0,0.0,0.22608922299331077,0.007525603708085889,0.2286958366182395,0.2226237770092039,0.2321096424813062,0.23243811794275898,0.3,20,20,1.0,0.0,0.06759014040744436,0.019287580723296886,0.07698507442570142,0.05751350517286848,0.08285269969679498,0.08383677289786935,1.0
100,staircase,0,0.1,0.02,320.0,0.0,0,20,0,0.0,0,0,,,,,,,,,,0,0,,,,,,,,,,,,,20,20,1.0,0.0,0.26535864740839826,0.014309461876697046,0.2716805449326869,0.2571279321453179,0.2742991361534266,0.2781801196143358,0.0,20,20,1.0,0.0,0.0783687615454283,0.031090620910202125,0.0880870410743118,0.06771082369947254,0.1030057059346646,0.10722351139366473,1.0
100,noisy_plateau,0,0.1,0.02,137.0,0.09536916221554956,0,20,10,0.5,10,10,1.0,0.2,0.0026863248475863244,0.0006600680443815067,0.0027995019458634945,0.002336802712710459,0.003210599626684369,0.003369815561058827,0.4,10,10,1.0,0.1,0.001659328127235979,0.0009534932143106691,0.0019629015835582325,0.0008888686901435162,0.0023426316624672386,0.0026205620897924095,0.5,1.0,1.0,-0.34902027798653135,10,10,1.0,0.2,0.0016053455615830901,0.0007821889175399765,0.0017155325710767957,0.001434019947832853,0.0019574264213456007,0.0021110200253148434,0.6,10,10,1.0,0.3,0.0015697086186801327,0.0005369837688831545,0.0017767601019156587,0.0010602100048043078,0.0019190031592838516,0.0020684789014123917,0.6
100,slow_osc_power,0,0.1,0.02,3483.0,0.09996889692898078,0,20,0,0.0,0,0,,,,,,,,,,0,0,,,,,,,,,,,,,20,20,1.0,0.1,0.008046268855946104,0.006526165945339143,0.008005757038411606,0.0019868746202562383,0.011688911768476378,0.01919214296356004,0.75,20,20,1.0,0.15,0.03307591743686522,0.004223471961095353,0.03389115354480495,0.031597642166507844,0.035491603651000944,0.03829579367080848,0.35
100,log_oscillatory,0,0.1,0.02,50000.0,0.2992564263745022,1,20,0,0.0,0,0,,,,,,,,,,0,0,,,,,,,,,,,,,20,20,1.0,0.0,0.07198720580609434,0.02353435072047256,0.06534035657982387,0.0548446476403699,0.0832720699204616,0.10647544393156137,1.0,20,20,1.0,0.0,0.07338566400076355,0.005650470477934272,0.07378009964184648,0.06873190669673082,0.07807954987828442,0.07864137018570168,1.0
100,heavy_noise_plat,0,0.1,0.02,114.0,0.09071795328941246,0,20,20,1.0,20,20,1.0,0.05,0.0032870979795189157,0.0023442148946102347,0.003560276800008868,0.0016196570239182598,0.004459097460712632,0.0060973394323611384,0.9,20,20,1.0,0.05,0.002856835963766696,0.0023942098818314278,0.0025675169477979466,0.0010394630592639596,0.004572293154668813,0.005668776592013433,0.9,0.65,0.65,-0.2351998956036035,0,0,,,,,,,,,,0,0,,,,,,,,,
100,broken_power_law,0,0.1,0.02,28776.0,0.09999962012267244,0,20,20,1.0,20,20,1.0,0.0,0.062484938684004135,0.0014479772214474967,0.06222780982980745,0.06164418990381151,0.0630553314799981,0.06429291060066548,1.0,20,20,1.0,0.0,0.054482948000466415,0.0015576275290064634,0.05429583790703146,0.05338617399070873,0.054902245875749836,0.05699087558393716,1.0,1.0,1.0,-0.1304336474028983,0,0,,,,,,,,,,0,0,,,,,,,,,
100,stretched_exp,1,0.1,0.02,579.0,0.09979846505939677,0,20,0,0.0,0,0,,,,,,,,,,0,0,,,,,,,,,,,,,20,20,1.0,0.0,0.06657029411976448,0.028174559635590787,0.07665624810539218,0.043416386827533335,0.09206770294511264,0.09463881658154541,1.0,20,20,1.0,0.0,0.051589861155169524,0.010852746687135715,0.05165122249687176,0.048357407754736265,0.058271981493988864,0.06263539730249172,1.0
100,logistic_tail,1,0.1,0.02,135.0,0.09609894819901184,0,20,1,0.05,1,1,1.0,0.0,0.2582654629715678,,0.2582654629715678,0.2582654629715678,0.2582654629715678,0.2582654629715678,0.0,1,1,1.0,0.0,0.15873017516815263,,0.15873017516815263,0.15873017516815263,0.15873017516815263,0.15873017516815263,0.0,1.0,1.0,-0.3853991418681209,19,19,1.0,0.0,0.2518758849436072,0.008178973372570444,0.25379312544088467,0.24906184595577824,0.25674105811040815,0.2596199470548648,0.0,19,19,1.0,0.0,0.14455157579612452,0.026807431162244728,0.15556217856167096,0.141669702191473,0.15908819249135528,0.16292400910449997,0.05263157894736842
100,inv_sqrt_log,1,0.1,0.02,2929.0,0.09999046875803731,0,20,0,0.0,0,0,,,,,,,,,,0,0,,,,,,,,,,,,,20,20,1.0,0.1,0.013143585168837646,0.008151779665312551,0.013040525334197613,0.006427157206097717,0.017414749050639965,0.02465962937482515,0.7,20,20,1.0,0.0,0.008568855114711471,0.003305197093474333,0.008600045124895948,0.005851781337361819,0.01118703323100819,0.013154276851500623,0.8
100,random_knots,1,0.1,0.02,4730.0,0.09999546250252596,1,20,0,0.0,0,0,,,,,,,,,,0,0,,,,,,,,,,,,,20,20,1.0,0.0,0.024092258290289596,0.026835598676535767,0.015848222087623688,0.0064112710943196,0.02675801221352245,0.05671079832865604,0.8,20,20,1.0,0.0,0.03885906445137829,0.035004745346782704,0.02740466743282511,0.0134782902672409,0.05051136377189351,0.0805653856495669,0.9
100,real_boot_a,1,0.1,0.02,413.0,0.09900189826125952,0,20,0,0.0,0,0,,,,,,,,,,0,0,,,,,,,,,,,,,20,20,1.0,0.0,0.08259543851944265,0.026710002715560184,0.08802327022079606,0.0681098514793254,0.10653026934183321,0.1085721798767398,1.0,20,20,1.0,0.0,0.07071542073286649,0.008983573573857071,0.06953759641113508,0.06384096657071194,0.07652920915192601,0.08060008075592387,1.0
100,real_boot_b,1,0.1,0.02,364.0,0.09935491603410883,0,20,0,0.0,0,0,,,,,,,,,,0,0,,,,,,,,,,,,,20,20,1.0,0.05,0.02933195769786358,0.01270126947508887,0.033442996027999675,0.018640255319986573,0.03830799255232037,0.04077339428163627,0.5,20,20,1.0,0.0,0.01713325202862709,0.013663833796041245,0.015251170006913463,0.004885354170897806,0.030633420843031754,0.032985935186453964,0.75
