regime,is_holdout,target_g,n_capped_excluded,selector,is_trivial,is_oracle,n_total,n_valid,valid_rate,cat_rate,mean_error,sd_error,med_error,q25_error,q75_error,p90_error,win_rate_vs_last,med_skill,med_skill_vs_assumed,win_rate_vs_assumed,med_skill_vs_last,med_skill_vs_wmean,win_rate_vs_wmean,med_skill_vs_wmin,win_rate_vs_wmin
broken_power_law,0,0.1,60,oracle_52,0,0,180,180,1.0,0.0,0.009991,0.013551,0.003267,0.000748,0.013171,0.028284,1.0,0.2831,0.0456,1.0,0.0235,0.0536,1.0,0.1456,0.6944
broken_power_law,0,0.1,60,oracle_9,0,0,180,180,1.0,0.0,0.024911,0.025125,0.006744,0.004102,0.052519,0.060796,1.0,1.0041,0.168,0.8333,0.0605,0.1053,1.0,1.0041,0.4889
broken_power_law,0,0.1,60,threshold_ens_010,0,0,180,180,1.0,0.0,0.062047,0.045937,0.065802,0.00639,0.106774,0.119534,0.8667,2.2514,0.5333,0.5722,0.5553,0.7852,0.7778,1.3597,0.3444
broken_power_law,0,0.1,60,threshold_ens_050,0,0,180,180,1.0,0.0,0.06181,0.046125,0.065802,0.006289,0.106455,0.119542,0.8778,2.2482,0.533,0.5722,0.5553,0.7852,0.7778,1.3597,0.3444
broken_power_law,0,0.1,60,threshold_ens_safe,0,0,180,180,1.0,0.0,0.0618,0.046141,0.065828,0.006289,0.106455,0.119542,0.8778,2.2482,0.535,0.5722,0.5555,0.7852,0.7778,1.3597,0.3389
broken_power_law,0,0.1,60,capped_diag_52,0,0,180,180,1.0,0.0056,0.097068,0.103344,0.060802,0.021754,0.158675,0.245766,0.7,3.7932,0.7431,0.5611,0.5792,0.5931,0.6167,2.8269,0.4056
broken_power_law,0,0.1,60,capped_diag_safe,0,0,180,180,1.0,0.0,0.063604,0.051848,0.056856,0.01709,0.105995,0.141655,0.8111,2.8153,0.4518,0.6,0.5036,0.5845,0.6444,1.322,0.4389
broken_power_law,0,0.1,60,diag_ensemble_52,0,0,180,180,1.0,0.0056,0.097068,0.103344,0.060802,0.021754,0.158675,0.245766,0.7,3.7932,0.7431,0.5611,0.5792,0.5931,0.6167,2.8269,0.4056
broken_power_law,0,0.1,60,diag_ensemble_safe,0,0,180,180,1.0,0.0,0.063604,0.051848,0.056856,0.01709,0.105995,0.141655,0.8111,2.8153,0.4518,0.6,0.5036,0.5845,0.6444,1.322,0.4389
broken_power_law,0,0.1,60,equal_ensemble_52,0,0,180,180,1.0,0.0,0.062477,0.046537,0.06588,0.006874,0.107091,0.119807,0.8444,2.2687,0.5208,0.5667,0.556,0.7736,0.7778,1.369,0.35
broken_power_law,0,0.1,60,equal_ensemble_safe,0,0,180,180,1.0,0.0,0.0618,0.046141,0.065828,0.006289,0.106455,0.119542,0.8778,2.2482,0.535,0.5722,0.5555,0.7852,0.7778,1.3597,0.3389
broken_power_law,0,0.1,60,diag_ensemble_9,0,0,180,180,1.0,0.0,0.094348,0.088755,0.062554,0.012506,0.181304,0.215575,0.6444,2.8396,0.7267,0.5556,0.601,0.5206,0.6611,1.8232,0.3944
broken_power_law,0,0.1,60,equal_ensemble_9,0,0,180,180,1.0,0.0,0.065008,0.045808,0.07,0.007828,0.108248,0.119227,0.8778,2.2693,0.5709,0.5722,0.6618,0.5811,0.6667,1.0828,0.3556
broken_power_law,0,0.1,60,phase2_cascade,0,0,180,180,1.0,0.0,0.053626,0.059981,0.036762,0.024981,0.072928,0.074889,0.9611,3.366,0.7012,0.7389,0.3372,0.5704,0.6444,2.9699,0.3333
broken_power_law,0,0.1,60,fixed_rational,0,0,180,180,1.0,0.0,0.052195,0.063051,0.045787,0.005689,0.072928,0.074655,0.9556,1.9277,0.3414,0.6722,0.433,0.3784,0.6389,1.1946,0.3889
broken_power_law,0,0.1,60,fixed_richardson,0,0,180,180,1.0,0.3333,0.290211,0.368029,0.031159,0.023444,0.798026,0.816959,0.65,6.0388,0.8646,0.6167,0.2534,0.5702,0.6556,6.0388,0.3389
broken_power_law,0,0.1,60,constant_assumed,1,0,180,180,1.0,0.0056,0.12984,0.149313,0.052405,0.025851,0.219983,0.35772,0.6944,4.4567,1.0,0.0,0.3936,0.6905,0.6,4.4567,0.2611
broken_power_law,0,0.1,60,constant_oracle,1,1,180,180,1.0,0.0,0.013455,0.00153,0.013167,0.011748,0.015451,0.015451,1.0,0.7004,0.2668,1.0,0.1111,0.1805,1.0,0.691,0.5278
broken_power_law,0,0.1,60,window_mean,1,0,180,180,1.0,0.0,0.081264,0.030065,0.072928,0.049789,0.120956,0.121347,0.6889,5.3894,1.4565,0.4,0.6154,1.0,0.0,3.2536,0.0056
broken_power_law,0,0.1,60,window_min,1,0,180,180,1.0,0.0,0.038321,0.039914,0.021115,0.004629,0.072631,0.105735,0.8667,1.0,0.2244,0.7389,0.1715,0.3078,0.9944,1.0,0.0
broken_power_law,0,0.1,60,last_value,1,0,180,180,1.0,0.0,0.120189,0.016541,0.118499,0.107146,0.13389,0.13906,0.0,6.8875,2.5409,0.3056,1.0,1.6249,0.3111,5.8482,0.0
broken_power_law,0,0.5,0,oracle_52,0,0,240,240,1.0,0.0,0.006577,0.008787,0.002157,0.000669,0.008119,0.024633,1.0,0.1103,0.0181,1.0,0.0474,0.0539,0.8125,0.0619,0.9792
broken_power_law,0,0.5,0,oracle_9,0,0,240,240,1.0,0.0,0.015565,0.015177,0.01045,0.004297,0.026094,0.041034,0.9708,0.5524,0.0883,1.0,0.2369,0.1861,0.7375,0.2448,0.9333
broken_power_law,0,0.5,0,threshold_ens_010,0,0,240,240,1.0,0.0083,0.040313,0.02544,0.048326,0.013251,0.062896,0.067977,0.8208,2.236,0.3033,0.9917,0.8147,0.8101,0.5708,0.9693,0.5458
broken_power_law,0,0.5,0,threshold_ens_050,0,0,240,240,1.0,0.0083,0.040424,0.025519,0.049276,0.014986,0.063217,0.067939,0.8167,2.2946,0.3033,0.9917,0.8174,0.8268,0.575,0.966,0.5417
broken_power_law,0,0.5,0,threshold_ens_safe,0,0,240,240,1.0,0.0083,0.040473,0.025493,0.049276,0.015162,0.063219,0.067939,0.8167,2.2946,0.3033,0.9917,0.8174,0.8268,0.5667,0.966,0.5417
broken_power_law,0,0.5,0,capped_diag_52,0,0,240,240,1.0,0.0167,0.048335,0.039959,0.038389,0.012286,0.079175,0.109692,0.6125,2.5018,0.2701,0.9,0.6842,0.9199,0.5125,0.9304,0.5208
broken_power_law,0,0.5,0,capped_diag_safe,0,0,240,240,1.0,0.0167,0.046761,0.02985,0.050196,0.015855,0.066124,0.084722,0.6833,2.6719,0.2992,0.9667,0.7968,1.4217,0.4875,0.9839,0.5042
broken_power_law,0,0.5,0,diag_ensemble_52,0,0,240,240,1.0,0.0167,0.048335,0.039959,0.038389,0.012286,0.079175,0.109692,0.6125,2.5018,0.2701,0.9,0.6842,0.9199,0.5125,0.9304,0.5208
broken_power_law,0,0.5,0,diag_ensemble_safe,0,0,240,240,1.0,0.0167,0.046761,0.02985,0.050196,0.015855,0.066124,0.084722,0.6833,2.6719,0.2992,0.9667,0.7968,1.4217,0.4875,0.9839,0.5042
broken_power_law,0,0.5,0,equal_ensemble_52,0,0,240,240,1.0,0.0083,0.040916,0.024697,0.048801,0.017214,0.06235,0.06811,0.8083,2.2924,0.3039,0.9917,0.8177,0.9999,0.55,0.9594,0.5375
broken_power_law,0,0.5,0,equal_ensemble_safe,0,0,240,240,1.0,0.0083,0.040473,0.025493,0.049276,0.015162,0.063219,0.067939,0.8167,2.2946,0.3033,0.9917,0.8174,0.8268,0.5667,0.966,0.5417
broken_power_law,0,0.5,0,diag_ensemble_9,0,0,240,240,1.0,0.0125,0.060879,0.054027,0.048436,0.023319,0.083022,0.147457,0.6375,3.5912,0.3417,0.8375,0.7296,2.1505,0.4875,0.9145,0.5667
broken_power_law,0,0.5,0,equal_ensemble_9,0,0,240,240,1.0,0.0042,0.040655,0.024891,0.047599,0.012255,0.063073,0.067708,0.8125,2.8134,0.3013,0.9958,0.7455,1.1247,0.5,0.9781,0.5958
broken_power_law,0,0.5,0,phase2_cascade,0,0,240,240,1.0,0.0208,0.041578,0.030171,0.029161,0.020273,0.073081,0.078942,0.5458,1.8092,0.2597,1.0,0.9088,1.0,0.4833,0.9287,0.5208
broken_power_law,0,0.5,0,fixed_rational,0,0,240,240,1.0,0.0,0.031775,0.026321,0.020273,0.011743,0.061744,0.064666,0.8917,1.0,0.2308,1.0,0.5846,1.0,0.4792,0.6361,0.7208
broken_power_law,0,0.5,0,fixed_richardson,0,0,240,240,1.0,0.0792,0.114741,0.12412,0.06803,0.027497,0.143631,0.325071,0.325,5.8939,0.7163,0.7875,1.2428,2.8073,0.5,1.4504,0.3
broken_power_law,0,0.5,0,constant_assumed,1,0,240,240,1.0,0.2208,0.171361,0.150856,0.0964,0.074483,0.261503,0.413913,0.0458,6.3273,1.0,0.0,1.9279,3.9149,0.2375,2.4288,0.0333
broken_power_law,0,0.5,0,constant_oracle,1,1,240,240,1.0,0.0125,0.054977,0.022281,0.062273,0.04859,0.068659,0.077172,0.6625,3.1818,0.5578,1.0,0.9996,1.7554,0.5,1.2116,0.3208
broken_power_law,0,0.5,0,window_mean,1,0,240,240,1.0,0.075,0.046855,0.030746,0.046742,0.018036,0.077925,0.080205,0.5167,1.2599,0.2554,0.7625,0.8898,1.0,0.0,0.8608,0.5
broken_power_law,0,0.5,0,window_min,1,0,240,240,1.0,0.0042,0.04692,0.025812,0.051494,0.018379,0.058828,0.080574,0.6208,2.2112,0.4117,0.9667,0.8468,1.4799,0.5,1.0,0.0
broken_power_law,0,0.5,0,last_value,1,0,240,240,1.0,0.0,0.05453,0.023946,0.061285,0.033864,0.071434,0.077339,0.0,3.2478,0.5188,0.9542,1.0,1.1241,0.4833,1.1809,0.1583
damped_osc_pow,0,0.02,60,oracle_52,0,0,180,180,1.0,0.0,0.002999,0.003332,0.001475,0.000995,0.003805,0.007917,1.0,0.0832,0.0622,1.0,0.0208,0.0098,1.0,0.0208,0.9722
damped_osc_pow,0,0.02,60,oracle_9,0,0,180,180,1.0,0.0,0.012828,0.01228,0.008125,0.003791,0.018753,0.029077,0.9944,0.4704,0.3905,1.0,0.1189,0.0638,1.0,0.1503,0.9444
damped_osc_pow,0,0.02,60,threshold_ens_010,0,0,180,180,1.0,0.0056,0.056125,0.032679,0.053709,0.024083,0.072663,0.110309,0.7778,2.2114,1.8792,0.35,0.9023,0.4638,1.0,1.0347,0.4278
damped_osc_pow,0,0.02,60,threshold_ens_050,0,0,180,180,1.0,0.0056,0.055913,0.032761,0.053688,0.024083,0.072663,0.110842,0.7778,2.2092,1.8792,0.35,0.8965,0.4628,1.0,1.0242,0.4333
damped_osc_pow,0,0.02,60,threshold_ens_safe,0,0,180,180,1.0,0.0056,0.05591,0.032755,0.053709,0.024083,0.072663,0.110842,0.7778,2.2092,1.8792,0.35,0.8965,0.4628,1.0,1.0242,0.4333
damped_osc_pow,0,0.02,60,capped_diag_52,0,0,180,180,1.0,0.0056,0.039202,0.022179,0.036882,0.022099,0.052479,0.072701,0.9667,2.0232,1.5873,0.3833,0.5694,0.2865,1.0,0.65,0.8222
damped_osc_pow,0,0.02,60,capped_diag_safe,0,0,180,180,1.0,0.0056,0.037704,0.021222,0.036147,0.022729,0.049098,0.070572,0.9667,1.9954,1.4419,0.3944,0.5292,0.2823,1.0,0.6259,0.8444
damped_osc_pow,0,0.02,60,diag_ensemble_52,0,0,180,180,1.0,0.0056,0.039202,0.022179,0.036882,0.022099,0.052479,0.072701,0.9667,2.0232,1.5873,0.3833,0.5694,0.2865,1.0,0.65,0.8222
damped_osc_pow,0,0.02,60,diag_ensemble_safe,0,0,180,180,1.0,0.0056,0.037704,0.021222,0.036147,0.022729,0.049098,0.070572,0.9667,1.9954,1.4419,0.3944,0.5292,0.2823,1.0,0.6259,0.8444
damped_osc_pow,0,0.02,60,equal_ensemble_52,0,0,180,180,1.0,0.0056,0.05553,0.033932,0.053709,0.024083,0.07336,0.111382,0.7778,2.0899,1.6339,0.3611,0.9036,0.4668,1.0,1.0329,0.4222
damped_osc_pow,0,0.02,60,equal_ensemble_safe,0,0,180,180,1.0,0.0056,0.05591,0.032755,0.053709,0.024083,0.072663,0.110842,0.7778,2.2092,1.8792,0.35,0.8965,0.4628,1.0,1.0242,0.4333
damped_osc_pow,0,0.02,60,diag_ensemble_9,0,0,180,180,1.0,0.0,0.042505,0.018051,0.042578,0.027025,0.055223,0.069163,0.9944,1.9786,1.7912,0.35,0.5692,0.3007,1.0,0.6291,0.8389
damped_osc_pow,0,0.02,60,equal_ensemble_9,0,0,180,180,1.0,0.0,0.057087,0.028326,0.053111,0.038996,0.071415,0.105061,0.7944,2.5109,2.1652,0.3222,0.722,0.384,1.0,0.9832,0.5444
damped_osc_pow,0,0.02,60,phase2_cascade,0,0,180,180,1.0,0.0056,0.027859,0.034309,0.015187,0.003791,0.030147,0.077855,0.8556,0.6864,0.54,0.9444,0.2055,0.1105,0.9944,0.2266,0.8
damped_osc_pow,0,0.02,60,fixed_rational,0,0,180,180,1.0,0.0,0.038026,0.017916,0.040601,0.024035,0.052537,0.05347,0.9722,1.5155,1.2518,0.4056,0.4844,0.2516,0.9944,0.5722,0.8944
damped_osc_pow,0,0.02,60,fixed_richardson,0,0,180,180,1.0,0.0111,0.028628,0.035034,0.015598,0.003791,0.031097,0.078609,0.8556,0.6945,0.5584,0.9444,0.2084,0.1144,0.9889,0.225,0.7944
damped_osc_pow,0,0.02,60,constant_assumed,1,0,180,180,1.0,0.05,0.077852,0.123231,0.024364,0.010583,0.061274,0.224295,0.7611,1.0,1.0,0.0,0.3106,0.1735,0.8,0.353,0.7111
damped_osc_pow,0,0.02,60,constant_oracle,1,1,180,180,1.0,0.0,0.001604,0.000477,0.001448,0.001114,0.002248,0.002248,1.0,0.0761,0.0666,1.0,0.0204,0.0106,1.0,0.0216,0.9944
damped_osc_pow,0,0.02,60,window_mean,1,0,180,180,1.0,0.0111,0.145488,0.056457,0.14985,0.074748,0.211957,0.212721,0.0222,6.3428,5.7627,0.2,1.9267,1.0,0.0,2.112,0.0
damped_osc_pow,0,0.02,60,window_min,1,0,180,180,1.0,0.0,0.067398,0.029771,0.065016,0.049737,0.093841,0.110166,0.5,2.8332,2.8332,0.2889,0.9994,0.4735,1.0,1.0,0.0
damped_osc_pow,0,0.02,60,last_value,1,0,180,180,1.0,0.0,0.076742,0.025257,0.070953,0.054607,0.103788,0.11021,0.0,3.4733,3.2202,0.2389,1.0,0.519,0.9778,1.0006,0.0
damped_osc_pow,0,0.1,0,oracle_52,0,0,240,240,1.0,0.0,0.002516,0.003022,0.00111,0.000339,0.003731,0.007454,1.0,0.0553,0.0284,1.0,0.0174,0.009,1.0,0.0232,0.9625
damped_osc_pow,0,0.1,0,oracle_9,0,0,240,240,1.0,0.0,0.008299,0.009635,0.004044,0.001438,0.01185,0.019468,0.9958,0.1696,0.1211,1.0,0.0765,0.0432,1.0,0.0915,0.9208
damped_osc_pow,0,0.1,0,threshold_ens_010,0,0,240,240,1.0,0.0042,0.044553,0.030234,0.042785,0.014902,0.063652,0.095711,0.7917,1.4179,1.0211,0.5,0.8654,0.4524,1.0,1.0447,0.4167
damped_osc_pow,0,0.1,0,threshold_ens_050,0,0,240,240,1.0,0.0042,0.044235,0.0304,0.041987,0.014333,0.062948,0.095711,0.7917,1.3766,1.02,0.5,0.8668,0.4523,1.0,1.0434,0.4167
damped_osc_pow,0,0.1,0,threshold_ens_safe,0,0,240,240,1.0,0.0042,0.04423,0.030398,0.041987,0.014333,0.062948,0.095711,0.7917,1.3766,1.02,0.5,0.8668,0.4523,1.0,1.0434,0.4167
damped_osc_pow,0,0.1,0,capped_diag_52,0,0,240,240,1.0,0.0,0.032844,0.021396,0.031078,0.013637,0.045657,0.063212,0.9542,1.2536,1.0429,0.4958,0.556,0.2858,0.9958,0.6987,0.7542
damped_osc_pow,0,0.1,0,capped_diag_safe,0,0,240,240,1.0,0.0,0.030917,0.02008,0.029975,0.012841,0.041512,0.057973,0.9583,1.1572,0.9524,0.5125,0.5036,0.2726,1.0,0.6668,0.7875
damped_osc_pow,0,0.1,0,diag_ensemble_52,0,0,240,240,1.0,0.0,0.032844,0.021396,0.031078,0.013637,0.045657,0.063212,0.9542,1.2536,1.0429,0.4958,0.556,0.2858,0.9958,0.6987,0.7542
damped_osc_pow,0,0.1,0,diag_ensemble_safe,0,0,240,240,1.0,0.0,0.030917,0.02008,0.029975,0.012841,0.041512,0.057973,0.9583,1.1572,0.9524,0.5125,0.5036,0.2726,1.0,0.6668,0.7875
damped_osc_pow,0,0.1,0,equal_ensemble_52,0,0,240,240,1.0,0.0042,0.044042,0.031167,0.043096,0.011757,0.06354,0.09607,0.7917,1.3509,0.8951,0.525,0.8668,0.4549,1.0,1.0453,0.4083
damped_osc_pow,0,0.1,0,equal_ensemble_safe,0,0,240,240,1.0,0.0042,0.04423,0.030398,0.041987,0.014333,0.062948,0.095711,0.7917,1.3766,1.02,0.5,0.8668,0.4523,1.0,1.0434,0.4167
damped_osc_pow,0,0.1,0,diag_ensemble_9,0,0,240,240,1.0,0.0,0.03653,0.017032,0.033562,0.021915,0.047816,0.062394,0.9708,1.4841,1.18,0.4375,0.5743,0.3169,1.0,0.6691,0.8042
damped_osc_pow,0,0.1,0,equal_ensemble_9,0,0,240,240,1.0,0.0,0.044382,0.026385,0.036179,0.020871,0.057693,0.091671,0.8292,1.6232,1.2496,0.45,0.6073,0.3559,1.0,0.9739,0.5458
damped_osc_pow,0,0.1,0,phase2_cascade,0,0,240,240,1.0,0.0083,0.019495,0.026313,0.009863,0.002628,0.023487,0.057065,0.9333,0.3695,0.285,0.925,0.1482,0.091,0.9833,0.1998,0.8333
damped_osc_pow,0,0.1,0,fixed_rational,0,0,240,240,1.0,0.0042,0.030046,0.021691,0.032329,0.011909,0.041238,0.046067,0.9542,0.9879,0.8107,0.6375,0.4537,0.2284,0.9792,0.5274,0.8333
damped_osc_pow,0,0.1,0,fixed_richardson,0,0,240,240,1.0,0.0083,0.018312,0.022497,0.009017,0.002628,0.022769,0.054843,0.95,0.3579,0.2575,0.9208,0.1372,0.0701,0.9917,0.1724,0.8375
damped_osc_pow,0,0.1,0,constant_assumed,1,0,240,240,1.0,0.0875,0.083417,0.12317,0.030612,0.016472,0.068893,0.232738,0.7125,1.0,1.0,0.0,0.4663,0.2802,0.7792,0.6372,0.6208
damped_osc_pow,0,0.1,0,constant_oracle,1,1,240,240,1.0,0.0,0.007168,0.002536,0.006406,0.005334,0.00824,0.011239,1.0,0.3198,0.246,1.0,0.1111,0.0649,1.0,0.1219,0.9708
damped_osc_pow,0,0.1,0,window_mean,1,0,240,240,1.0,0.0083,0.117317,0.060514,0.108348,0.062466,0.159618,0.203264,0.05,4.6478,3.569,0.2208,1.8713,1.0,0.0,2.1184,0.0
damped_osc_pow,0,0.1,0,window_min,1,0,240,240,1.0,0.0,0.052911,0.02892,0.050149,0.034763,0.065161,0.101175,0.5375,1.5694,1.5694,0.3792,0.9826,0.4721,1.0,1.0,0.0
damped_osc_pow,0,0.1,0,last_value,1,0,240,240,1.0,0.0,0.063307,0.024156,0.057503,0.043417,0.078694,0.101175,0.0,2.6906,2.1445,0.2875,1.0,0.5344,0.95,1.0177,0.0
damped_osc_pow,0,0.5,0,oracle_52,0,0,240,240,1.0,0.0,0.00094,0.001418,0.000423,2.9e-05,0.001296,0.002601,1.0,0.019,0.0058,1.0,0.0118,0.0047,1.0,0.0179,0.9958
damped_osc_pow,0,0.5,0,oracle_9,0,0,240,240,1.0,0.0,0.003125,0.004058,0.001947,0.00046,0.003591,0.007987,0.9833,0.0621,0.028,1.0,0.0509,0.0185,1.0,0.0581,0.9708
damped_osc_pow,0,0.5,0,threshold_ens_010,0,0,240,240,1.0,0.0167,0.022268,0.019798,0.023144,0.000428,0.035659,0.053999,0.775,1.075,0.2289,0.9708,0.7952,0.312,0.9958,1.0747,0.4208
damped_osc_pow,0,0.5,0,threshold_ens_050,0,0,240,240,1.0,0.0167,0.022223,0.019861,0.023042,0.000399,0.035648,0.053996,0.775,1.0739,0.2371,0.9708,0.788,0.312,0.9958,1.0715,0.425
damped_osc_pow,0,0.5,0,threshold_ens_safe,0,0,240,240,1.0,0.0167,0.022263,0.01987,0.023042,0.000398,0.035648,0.053996,0.775,1.0746,0.2383,0.9708,0.788,0.313,0.9958,1.0706,0.425
damped_osc_pow,0,0.5,0,capped_diag_52,0,0,240,240,1.0,0.0042,0.018131,0.016292,0.013562,0.005151,0.027222,0.040423,0.8875,0.675,0.1378,0.9792,0.4884,0.2094,0.9917,0.6707,0.7042
damped_osc_pow,0,0.5,0,capped_diag_safe,0,0,240,240,1.0,0.0042,0.017926,0.015235,0.016238,0.005297,0.027877,0.039576,0.8792,0.7795,0.1633,0.9917,0.5738,0.223,0.9875,0.7795,0.675
damped_osc_pow,0,0.5,0,diag_ensemble_52,0,0,240,240,1.0,0.0042,0.018131,0.016292,0.013562,0.005151,0.027222,0.040423,0.8875,0.675,0.1378,0.9792,0.4884,0.2094,0.9917,0.6707,0.7042
damped_osc_pow,0,0.5,0,diag_ensemble_safe,0,0,240,240,1.0,0.0042,0.017926,0.015235,0.016238,0.005297,0.027877,0.039576,0.8792,0.7795,0.1633,0.9917,0.5738,0.223,0.9875,0.7795,0.675
damped_osc_pow,0,0.5,0,equal_ensemble_52,0,0,240,240,1.0,0.0167,0.022122,0.019973,0.021838,0.000434,0.035897,0.054711,0.7917,1.071,0.2265,0.9833,0.7651,0.3099,1.0,1.0658,0.4333
damped_osc_pow,0,0.5,0,equal_ensemble_safe,0,0,240,240,1.0,0.0167,0.022263,0.01987,0.023042,0.000398,0.035648,0.053996,0.775,1.0746,0.2383,0.9708,0.788,0.313,0.9958,1.0706,0.425
damped_osc_pow,0,0.5,0,diag_ensemble_9,0,0,240,240,1.0,0.0083,0.021788,0.011625,0.021703,0.011407,0.030353,0.037843,0.8917,0.7365,0.311,1.0,0.6122,0.2211,1.0,0.7347,0.6667
damped_osc_pow,0,0.5,0,equal_ensemble_9,0,0,240,240,1.0,0.0042,0.021006,0.016423,0.018472,0.008141,0.028821,0.047606,0.8208,0.7863,0.2323,0.9917,0.5088,0.2093,1.0,0.7418,0.5917
damped_osc_pow,0,0.5,0,phase2_cascade,0,0,240,240,1.0,0.0083,0.008625,0.00795,0.007106,0.002001,0.012818,0.02106,0.9417,0.2457,0.0857,1.0,0.1997,0.0712,1.0,0.2457,0.8917
damped_osc_pow,0,0.5,0,fixed_rational,0,0,240,240,1.0,0.0083,0.013334,0.008662,0.015208,0.003303,0.019679,0.021646,0.9208,0.4464,0.1895,1.0,0.3716,0.137,1.0,0.44,0.8375
damped_osc_pow,0,0.5,0,fixed_richardson,0,0,240,240,1.0,0.0083,0.008441,0.007532,0.007065,0.002281,0.012363,0.020471,0.9625,0.2506,0.0857,1.0,0.2059,0.072,1.0,0.2444,0.8917
damped_osc_pow,0,0.5,0,constant_assumed,1,0,240,240,1.0,0.2083,0.112036,0.123793,0.062293,0.042389,0.107177,0.274984,0.05,2.6533,1.0,0.0,1.8404,0.8711,0.5833,2.5588,0.0
damped_osc_pow,0,0.5,0,constant_oracle,1,1,240,240,1.0,0.0208,0.035787,0.012658,0.031963,0.026645,0.041105,0.056126,0.6417,1.1689,0.6197,1.0,0.9976,0.4405,1.0,1.139,0.3958
damped_osc_pow,0,0.5,0,window_mean,1,0,240,240,1.0,0.05,0.088697,0.050755,0.082791,0.041155,0.126752,0.158377,0.05,2.9194,1.1479,0.4167,2.488,1.0,0.0,2.8137,0.0083
damped_osc_pow,0,0.5,0,window_min,1,0,240,240,1.0,0.0042,0.028087,0.015904,0.025216,0.016551,0.036303,0.056288,0.4958,1.0,0.3908,1.0,1.0,0.3554,0.9917,1.0,0.0
damped_osc_pow,0,0.5,0,last_value,1,0,240,240,1.0,0.0,0.034985,0.015154,0.032712,0.023163,0.046234,0.056288,0.0,1.0,0.5434,0.95,1.0,0.4019,0.95,1.0,0.0417
delayed_plateau,0,0.02,0,oracle_52,0,0,240,240,1.0,0.0,0.010403,0.021362,0.004119,0.001424,0.013169,0.022777,1.0,0.1473,0.1473,0.9208,0.0158,0.0112,1.0,0.0158,1.0
delayed_plateau,0,0.02,0,oracle_9,0,0,240,240,1.0,0.0,0.092506,0.128938,0.026982,0.010237,0.084955,0.342971,1.0,0.9466,0.9466,0.5042,0.1127,0.0772,1.0,0.1151,1.0
delayed_plateau,0,0.02,0,threshold_ens_010,0,0,240,240,1.0,0.0,0.259541,0.155072,0.243801,0.176196,0.361934,0.467428,0.7833,8.0828,8.0828,0.1875,0.9843,0.6992,1.0,1.003,0.475
delayed_plateau,0,0.02,0,threshold_ens_050,0,0,240,240,1.0,0.0,0.259388,0.154904,0.243801,0.173697,0.363842,0.467428,0.7917,8.0784,8.0784,0.1875,0.9843,0.6974,1.0,1.0016,0.4833
delayed_plateau,0,0.02,0,threshold_ens_safe,0,0,240,240,1.0,0.0,0.259605,0.154448,0.243801,0.173304,0.362245,0.4672,0.7917,8.0784,8.0784,0.1833,0.9843,0.6966,1.0,1.0013,0.4875
delayed_plateau,0,0.02,0,capped_diag_52,0,0,240,240,1.0,0.0,0.230927,0.133153,0.233099,0.126553,0.322108,0.412248,0.9875,7.6559,7.6559,0.0833,0.762,0.5377,0.9958,0.8021,0.9708
delayed_plateau,0,0.02,0,capped_diag_safe,0,0,240,240,1.0,0.0,0.225753,0.130788,0.217551,0.123094,0.307741,0.409942,0.9958,7.5074,7.5074,0.0833,0.7332,0.5234,0.9958,0.7824,0.9792
delayed_plateau,0,0.02,0,diag_ensemble_52,0,0,240,240,1.0,0.0,0.230927,0.133153,0.233099,0.126553,0.322108,0.412248,0.9875,7.6559,7.6559,0.0833,0.762,0.5377,0.9958,0.8021,0.9708
delayed_plateau,0,0.02,0,diag_ensemble_safe,0,0,240,240,1.0,0.0,0.225753,0.130788,0.217551,0.123094,0.307741,0.409942,0.9958,7.5074,7.5074,0.0833,0.7332,0.5234,0.9958,0.7824,0.9792
delayed_plateau,0,0.02,0,equal_ensemble_52,0,0,240,240,1.0,0.0,0.260296,0.155122,0.243801,0.174865,0.37008,0.467428,0.7833,8.0872,8.0872,0.1875,0.9864,0.6995,1.0,1.0031,0.4667
delayed_plateau,0,0.02,0,equal_ensemble_safe,0,0,240,240,1.0,0.0,0.259605,0.154448,0.243801,0.173304,0.362245,0.4672,0.7917,8.0784,8.0784,0.1833,0.9843,0.6966,1.0,1.0013,0.4875
delayed_plateau,0,0.02,0,diag_ensemble_9,0,0,240,240,1.0,0.0,0.229331,0.143111,0.237878,0.10035,0.350448,0.434652,0.9875,6.9022,6.9022,0.0667,0.6986,0.5061,0.9917,0.745,0.9708
delayed_plateau,0,0.02,0,equal_ensemble_9,0,0,240,240,1.0,0.0,0.226833,0.158041,0.217788,0.072898,0.329001,0.455747,0.9833,6.2198,6.2198,0.1167,0.7959,0.5549,1.0,0.7959,0.925
delayed_plateau,0,0.02,0,phase2_cascade,0,0,240,240,1.0,0.0,0.192058,0.137571,0.179015,0.064494,0.316568,0.350097,0.9833,5.8878,5.8878,0.1625,0.5596,0.4371,1.0,0.6142,0.9792
delayed_plateau,0,0.02,0,fixed_rational,0,0,240,240,1.0,0.0,0.133235,0.150364,0.049959,0.03619,0.205162,0.390936,1.0,3.5864,3.5864,0.2792,0.2174,0.158,1.0,0.2252,1.0
delayed_plateau,0,0.02,0,fixed_richardson,0,0,240,240,1.0,0.0,0.190333,0.135324,0.179015,0.064494,0.314924,0.34952,0.9833,5.8878,5.8878,0.1625,0.5535,0.4371,1.0,0.6075,0.9792
delayed_plateau,0,0.02,0,constant_assumed,1,0,240,240,1.0,0.0,0.051981,0.064463,0.022374,0.014903,0.060411,0.106177,0.975,1.0,1.0,0.0,0.0899,0.0634,0.9875,0.0915,0.975
delayed_plateau,0,0.02,0,constant_oracle,1,1,240,240,1.0,0.0,0.006178,0.002253,0.005786,0.004526,0.007438,0.009554,1.0,0.2255,0.2255,1.0,0.0202,0.0144,1.0,0.0204,1.0
delayed_plateau,0,0.02,0,window_mean,1,0,240,240,1.0,0.0,0.399103,0.111659,0.413001,0.319776,0.490502,0.529814,0.0,15.7895,15.7895,0.0125,1.4088,1.0,0.0,1.4343,0.0
delayed_plateau,0,0.02,0,window_min,1,0,240,240,1.0,0.0,0.296773,0.111751,0.263141,0.193874,0.357963,0.469864,0.4375,10.9278,10.9278,0.025,1.0,0.6972,1.0,1.0,0.0
delayed_plateau,0,0.02,0,last_value,1,0,240,240,1.0,0.0,0.304887,0.112499,0.280091,0.208135,0.396348,0.471577,0.0,11.1282,11.1282,0.025,1.0,0.7098,1.0,1.0,0.0
delayed_plateau,0,0.1,0,oracle_52,0,0,240,240,1.0,0.0,0.015896,0.025976,0.007966,0.001363,0.020808,0.041563,1.0,0.1374,0.1338,0.9625,0.0328,0.0231,1.0,0.0337,1.0
delayed_plateau,0,0.1,0,oracle_9,0,0,240,240,1.0,0.0,0.089405,0.120793,0.028471,0.014084,0.091428,0.326252,1.0,0.5498,0.5498,0.6583,0.1199,0.0856,1.0,0.125,1.0
delayed_plateau,0,0.1,0,threshold_ens_010,0,0,240,240,1.0,0.0,0.240391,0.138628,0.218441,0.161894,0.332894,0.429186,0.7792,4.3105,4.3105,0.1875,0.9829,0.6813,1.0,1.0038,0.4583
delayed_plateau,0,0.1,0,threshold_ens_050,0,0,240,240,1.0,0.0,0.240154,0.138603,0.218452,0.160528,0.334711,0.429186,0.7875,4.3057,4.3057,0.1875,0.9829,0.68,1.0,1.0018,0.4792
delayed_plateau,0,0.1,0,threshold_ens_safe,0,0,240,240,1.0,0.0,0.239612,0.139329,0.2188,0.160056,0.333536,0.428959,0.7875,4.3057,4.3057,0.1875,0.9829,0.6792,1.0,1.0018,0.4833
delayed_plateau,0,0.1,0,capped_diag_52,0,0,240,240,1.0,0.0,0.219157,0.129701,0.214952,0.110119,0.316668,0.38891,0.975,3.7256,3.7256,0.1458,0.8021,0.5482,0.9958,0.8214,0.9542
delayed_plateau,0,0.1,0,capped_diag_safe,0,0,240,240,1.0,0.0,0.216413,0.122613,0.199351,0.121736,0.295557,0.384089,0.9875,3.8155,3.8155,0.1375,0.7668,0.5322,0.9958,0.8115,0.9667
delayed_plateau,0,0.1,0,diag_ensemble_52,0,0,240,240,1.0,0.0,0.219157,0.129701,0.214952,0.110119,0.316668,0.38891,0.975,3.7256,3.7256,0.1458,0.8021,0.5482,0.9958,0.8214,0.9542
delayed_plateau,0,0.1,0,diag_ensemble_safe,0,0,240,240,1.0,0.0,0.216413,0.122613,0.199351,0.121736,0.295557,0.384089,0.9875,3.8155,3.8155,0.1375,0.7668,0.5322,0.9958,0.8115,0.9667
delayed_plateau,0,0.1,0,equal_ensemble_52,0,0,240,240,1.0,0.0,0.239838,0.140182,0.218572,0.159501,0.341385,0.429186,0.7875,4.2793,4.2793,0.1875,0.985,0.6786,1.0,1.0029,0.4833
delayed_plateau,0,0.1,0,equal_ensemble_safe,0,0,240,240,1.0,0.0,0.239612,0.139329,0.2188,0.160056,0.333536,0.428959,0.7875,4.3057,4.3057,0.1875,0.9829,0.6792,1.0,1.0018,0.4833
delayed_plateau,0,0.1,0,diag_ensemble_9,0,0,240,240,1.0,0.0,0.217998,0.132624,0.223643,0.095983,0.3273,0.401957,0.9708,3.4864,3.4864,0.1042,0.7446,0.5178,0.9875,0.7965,0.9417
delayed_plateau,0,0.1,0,equal_ensemble_9,0,0,240,240,1.0,0.0,0.213775,0.142404,0.197143,0.078879,0.309981,0.417505,0.975,3.071,3.071,0.1417,0.7778,0.5281,1.0,0.7778,0.8958
delayed_plateau,0,0.1,0,phase2_cascade,0,0,240,240,1.0,0.0,0.190313,0.126036,0.182481,0.073293,0.307516,0.332516,0.975,2.9121,2.9121,0.1917,0.6185,0.4793,1.0,0.6922,0.9458
delayed_plateau,0,0.1,0,fixed_rational,0,0,240,240,1.0,0.0,0.132778,0.132238,0.061453,0.043989,0.200381,0.357657,1.0,1.769,1.769,0.2833,0.2871,0.2032,1.0,0.2992,1.0
delayed_plateau,0,0.1,0,fixed_richardson,0,0,240,240,1.0,0.0,0.189281,0.124762,0.182481,0.073293,0.306537,0.332077,0.975,2.9121,2.9121,0.2042,0.6145,0.4793,1.0,0.6869,0.9458
delayed_plateau,0,0.1,0,constant_assumed,1,0,240,240,1.0,0.0,0.07671,0.065402,0.056934,0.037818,0.088563,0.14203,0.9625,1.0,1.0,0.0,0.1861,0.1315,0.9875,0.1911,0.9583
delayed_plateau,0,0.1,0,constant_oracle,1,1,240,240,1.0,0.0,0.030907,0.01127,0.028947,0.022645,0.037209,0.047795,1.0,0.5929,0.5929,1.0,0.1102,0.0765,1.0,0.1113,1.0
delayed_plateau,0,0.1,0,window_mean,1,0,240,240,1.0,0.0,0.374374,0.103096,0.38984,0.301658,0.46073,0.491573,0.0,7.6075,7.6075,0.0125,1.444,1.0,0.0,1.4728,0.0
delayed_plateau,0,0.1,0,window_min,1,0,240,240,1.0,0.0,0.272044,0.102794,0.23998,0.175755,0.328191,0.431623,0.4375,5.2326,5.2326,0.0417,1.0,0.679,1.0,1.0,0.0
delayed_plateau,0,0.1,0,last_value,1,0,240,240,1.0,0.0,0.280158,0.10353,0.256929,0.191958,0.366576,0.433335,0.0,5.3743,5.3743,0.0375,1.0,0.6925,1.0,1.0,0.0
delayed_plateau,0,0.5,0,oracle_52,0,0,240,240,1.0,0.0,0.019434,0.034859,0.008368,0.001349,0.018344,0.029973,1.0,0.0633,0.0463,1.0,0.0576,0.0346,1.0,0.0633,1.0
delayed_plateau,0,0.5,0,oracle_9,0,0,240,240,1.0,0.0,0.05149,0.060933,0.022806,0.01151,0.051946,0.167967,1.0,0.1839,0.1362,1.0,0.1697,0.0905,1.0,0.1839,1.0
delayed_plateau,0,0.5,0,threshold_ens_010,0,0,240,240,1.0,0.0,0.132245,0.076693,0.121774,0.083905,0.193118,0.237974,0.7542,1.0081,0.7498,0.9583,0.9736,0.5453,1.0,1.0081,0.4625
delayed_plateau,0,0.5,0,threshold_ens_050,0,0,240,240,1.0,0.0,0.132119,0.076843,0.121509,0.083905,0.193435,0.237983,0.7542,1.0078,0.7496,0.9583,0.9736,0.5446,1.0,1.0078,0.4542
delayed_plateau,0,0.5,0,threshold_ens_safe,0,0,240,240,1.0,0.0,0.13263,0.076152,0.121774,0.083707,0.193435,0.237885,0.7542,1.0076,0.7507,0.9583,0.9736,0.5446,1.0,1.0076,0.4542
delayed_plateau,0,0.5,0,capped_diag_52,0,0,240,240,1.0,0.0,0.117004,0.084042,0.097389,0.059188,0.175795,0.224219,0.9292,0.7803,0.5759,0.9667,0.7089,0.3957,0.9917,0.7803,0.8792
delayed_plateau,0,0.5,0,capped_diag_safe,0,0,240,240,1.0,0.0,0.12706,0.084158,0.117537,0.068981,0.18066,0.231341,0.9167,0.8891,0.6713,0.9708,0.8001,0.4551,0.9917,0.8891,0.7792
delayed_plateau,0,0.5,0,diag_ensemble_52,0,0,240,240,1.0,0.0,0.117004,0.084042,0.097389,0.059188,0.175795,0.224219,0.9292,0.7803,0.5759,0.9667,0.7089,0.3957,0.9917,0.7803,0.8792
delayed_plateau,0,0.5,0,diag_ensemble_safe,0,0,240,240,1.0,0.0,0.12706,0.084158,0.117537,0.068981,0.18066,0.231341,0.9167,0.8891,0.6713,0.9708,0.8001,0.4551,0.9917,0.8891,0.7792
delayed_plateau,0,0.5,0,equal_ensemble_52,0,0,240,240,1.0,0.0,0.130727,0.078113,0.121277,0.082034,0.196974,0.237876,0.7792,1.0041,0.7469,0.9542,0.9732,0.5382,1.0,1.0041,0.4875
delayed_plateau,0,0.5,0,equal_ensemble_safe,0,0,240,240,1.0,0.0,0.13263,0.076152,0.121774,0.083707,0.193435,0.237885,0.7542,1.0076,0.7507,0.9583,0.9736,0.5446,1.0,1.0076,0.4542
delayed_plateau,0,0.5,0,diag_ensemble_9,0,0,240,240,1.0,0.0,0.125463,0.078275,0.147302,0.052916,0.19566,0.223304,0.8792,0.8992,0.5971,0.9708,0.8197,0.4794,0.9917,0.8992,0.775
delayed_plateau,0,0.5,0,equal_ensemble_9,0,0,240,240,1.0,0.0,0.118917,0.077429,0.105192,0.047581,0.186,0.226239,0.8833,0.7591,0.5632,0.9833,0.7219,0.4103,1.0,0.7591,0.7958
delayed_plateau,0,0.5,0,phase2_cascade,0,0,240,240,1.0,0.0,0.120418,0.074562,0.113325,0.051459,0.194641,0.202307,0.7542,0.7716,0.5722,0.8625,0.6773,0.4582,1.0,0.7716,0.7375
delayed_plateau,0,0.5,0,fixed_rational,0,0,240,240,1.0,0.0,0.078953,0.066408,0.049045,0.0288,0.122075,0.186796,1.0,0.4443,0.3191,1.0,0.3691,0.2097,1.0,0.4443,1.0
delayed_plateau,0,0.5,0,fixed_richardson,0,0,240,240,1.0,0.0,0.120484,0.074619,0.118654,0.051459,0.195316,0.202307,0.7542,0.7691,0.5722,0.8625,0.689,0.4759,1.0,0.7691,0.7375
delayed_plateau,0,0.5,0,constant_assumed,1,0,240,240,1.0,0.0,0.200425,0.08561,0.181319,0.133307,0.247609,0.304216,0.0917,1.2379,1.0,0.0,1.1326,0.72,0.8625,1.2379,0.0042
delayed_plateau,0,0.5,0,constant_oracle,1,1,240,240,1.0,0.0,0.154622,0.05638,0.144818,0.113289,0.186152,0.239112,0.7333,1.0035,0.8793,1.0,0.9865,0.5515,1.0,1.0035,0.4917
delayed_plateau,0,0.5,0,window_mean,1,0,240,240,1.0,0.0,0.250659,0.06222,0.267046,0.211014,0.307089,0.312525,0.0,1.8503,1.389,0.1375,1.7807,1.0,0.0,1.8503,0.0
delayed_plateau,0,0.5,0,window_min,1,0,240,240,1.0,0.0,0.148329,0.058258,0.124136,0.091734,0.178825,0.240307,0.4375,1.0,0.8078,0.9958,1.0,0.5405,1.0,1.0,0.0
delayed_plateau,0,0.5,0,last_value,1,0,240,240,1.0,0.0,0.156442,0.058883,0.133039,0.105018,0.217633,0.242019,0.0,1.0,0.8829,0.9083,1.0,0.5616,1.0,1.0,0.0
four_exp,0,0.02,0,oracle_52,0,0,240,240,1.0,0.0,0.007971,0.009954,0.004182,0.002543,0.008838,0.018633,1.0,0.0619,0.0526,1.0,0.0203,0.0157,1.0,0.0204,1.0
four_exp,0,0.02,0,oracle_9,0,0,240,240,1.0,0.0,0.035464,0.029634,0.023654,0.01298,0.056353,0.079405,1.0,0.2998,0.2839,0.7625,0.1547,0.113,1.0,0.1614,1.0
four_exp,0,0.02,0,threshold_ens_010,0,0,240,240,1.0,0.0,0.145229,0.077878,0.137556,0.081656,0.196513,0.27388,0.7542,1.473,1.4482,0.4167,0.9664,0.6653,1.0,1.0132,0.425
four_exp,0,0.02,0,threshold_ens_050,0,0,240,240,1.0,0.0,0.145105,0.07767,0.137552,0.081656,0.196704,0.2739,0.7542,1.473,1.4527,0.4167,0.9587,0.6653,1.0,1.0086,0.4375
four_exp,0,0.02,0,threshold_ens_safe,0,0,240,240,1.0,0.0,0.145256,0.077564,0.137758,0.081656,0.196704,0.2739,0.7583,1.473,1.4527,0.4167,0.9555,0.6653,1.0,1.0084,0.4542
four_exp,0,0.02,0,capped_diag_52,0,0,240,240,1.0,0.0,0.119902,0.069215,0.109242,0.0742,0.162412,0.199103,0.9708,1.2038,1.1603,0.4583,0.6634,0.4903,0.9875,0.7112,0.925
four_exp,0,0.02,0,capped_diag_safe,0,0,240,240,1.0,0.0,0.116629,0.067531,0.106104,0.069379,0.157417,0.19531,0.9792,1.1778,1.1489,0.4708,0.6482,0.4764,0.9875,0.6938,0.9417
four_exp,0,0.02,0,diag_ensemble_52,0,0,240,240,1.0,0.0,0.119902,0.069215,0.109242,0.0742,0.162412,0.199103,0.9708,1.2038,1.1603,0.4583,0.6634,0.4903,0.9875,0.7112,0.925
four_exp,0,0.02,0,diag_ensemble_safe,0,0,240,240,1.0,0.0,0.116629,0.067531,0.106104,0.069379,0.157417,0.19531,0.9792,1.1778,1.1489,0.4708,0.6482,0.4764,0.9875,0.6938,0.9417
four_exp,0,0.02,0,equal_ensemble_52,0,0,240,240,1.0,0.0,0.145746,0.078132,0.138359,0.081048,0.197549,0.2739,0.7583,1.4665,1.4538,0.4167,0.9681,0.6681,1.0,1.013,0.4208
four_exp,0,0.02,0,equal_ensemble_safe,0,0,240,240,1.0,0.0,0.145256,0.077564,0.137758,0.081656,0.196704,0.2739,0.7583,1.473,1.4527,0.4167,0.9555,0.6653,1.0,1.0084,0.4542
four_exp,0,0.02,0,diag_ensemble_9,0,0,240,240,1.0,0.0,0.13428,0.055596,0.133008,0.085076,0.181699,0.218691,0.9792,1.418,1.3754,0.3917,0.702,0.4999,0.9833,0.7364,0.9417
four_exp,0,0.02,0,equal_ensemble_9,0,0,240,240,1.0,0.0,0.135653,0.069752,0.11159,0.082298,0.19325,0.252064,0.9458,1.2682,1.2551,0.4167,0.6687,0.5187,1.0,0.7047,0.7833
four_exp,0,0.02,0,phase2_cascade,0,0,240,240,1.0,0.0,0.057456,0.041025,0.045963,0.020864,0.090238,0.118729,0.9958,0.4944,0.4595,0.6542,0.2426,0.187,0.9958,0.2562,0.9917
four_exp,0,0.02,0,fixed_rational,0,0,240,240,1.0,0.0,0.083939,0.054547,0.086466,0.034942,0.121336,0.157057,0.9958,0.6652,0.6232,0.6167,0.4738,0.3388,0.9958,0.5289,0.9917
four_exp,0,0.02,0,fixed_richardson,0,0,240,240,1.0,0.0,0.056901,0.039352,0.043709,0.022012,0.089833,0.118627,1.0,0.4944,0.4626,0.65,0.2453,0.1882,1.0,0.2643,0.9958
four_exp,0,0.02,0,constant_assumed,1,0,240,240,1.0,0.0,0.137783,0.12428,0.085025,0.049737,0.200322,0.341794,0.7,1.0,1.0,0.0,0.4434,0.3239,0.7875,0.4935,0.6958
four_exp,0,0.02,0,constant_oracle,1,1,240,240,1.0,0.0,0.003872,0.001099,0.003621,0.003075,0.004418,0.005575,1.0,0.0458,0.0458,1.0,0.0204,0.0155,1.0,0.0208,1.0
four_exp,0,0.02,0,window_mean,1,0,240,240,1.0,0.0,0.259878,0.083741,0.252914,0.191172,0.32031,0.373417,0.0208,3.0889,3.0889,0.2125,1.3569,1.0,0.0,1.3991,0.0
four_exp,0,0.02,0,window_min,1,0,240,240,1.0,0.0,0.179355,0.057699,0.157423,0.131044,0.209156,0.273751,0.4875,2.0265,2.0265,0.3042,1.0,0.7147,1.0,1.0,0.0
four_exp,0,0.02,0,last_value,1,0,240,240,1.0,0.0,0.189544,0.055016,0.17618,0.141504,0.24269,0.273751,0.0,2.2554,2.2554,0.3,1.0,0.737,0.9792,1.0,0.0
four_exp,0,0.1,0,oracle_52,0,0,240,240,1.0,0.0,0.008872,0.010601,0.00476,0.002059,0.011883,0.021722,1.0,0.0568,0.0436,1.0,0.0286,0.0199,1.0,0.0306,1.0
four_exp,0,0.1,0,oracle_9,0,0,240,240,1.0,0.0,0.033951,0.029776,0.022913,0.010761,0.049131,0.078709,1.0,0.2588,0.2405,0.8667,0.1627,0.1091,1.0,0.1678,1.0
four_exp,0,0.1,0,threshold_ens_010,0,0,240,240,1.0,0.0,0.132495,0.071921,0.126594,0.069613,0.180523,0.251701,0.7542,1.2383,1.1145,0.4917,0.9662,0.6471,1.0,1.0142,0.4333
four_exp,0,0.1,0,threshold_ens_050,0,0,240,240,1.0,0.0,0.13204,0.071982,0.126367,0.069613,0.180439,0.251721,0.7625,1.234,1.0915,0.4917,0.9543,0.6447,1.0,1.0095,0.45
four_exp,0,0.1,0,threshold_ens_safe,0,0,240,240,1.0,0.0,0.13214,0.071841,0.126594,0.069613,0.180523,0.251721,0.7625,1.234,1.0915,0.4917,0.9518,0.6447,1.0,1.0083,0.4625
four_exp,0,0.1,0,capped_diag_52,0,0,240,240,1.0,0.0,0.107124,0.060234,0.102233,0.062185,0.146057,0.182083,0.9625,0.9384,0.8664,0.5583,0.6514,0.4711,0.9875,0.698,0.8958
four_exp,0,0.1,0,capped_diag_safe,0,0,240,240,1.0,0.0,0.106348,0.056006,0.099971,0.066901,0.14135,0.177428,0.9625,0.969,0.9019,0.5458,0.6574,0.4674,0.9875,0.7018,0.9042
four_exp,0,0.1,0,diag_ensemble_52,0,0,240,240,1.0,0.0,0.107124,0.060234,0.102233,0.062185,0.146057,0.182083,0.9625,0.9384,0.8664,0.5583,0.6514,0.4711,0.9875,0.698,0.8958
four_exp,0,0.1,0,diag_ensemble_safe,0,0,240,240,1.0,0.0,0.106348,0.056006,0.099971,0.066901,0.14135,0.177428,0.9625,0.969,0.9019,0.5458,0.6574,0.4674,0.9875,0.7018,0.9042
four_exp,0,0.1,0,equal_ensemble_52,0,0,240,240,1.0,0.0,0.132159,0.072796,0.126507,0.068975,0.181368,0.251803,0.7625,1.2401,1.0649,0.4958,0.9632,0.6485,1.0,1.0095,0.4375
four_exp,0,0.1,0,equal_ensemble_safe,0,0,240,240,1.0,0.0,0.13214,0.071841,0.126594,0.069613,0.180523,0.251721,0.7625,1.234,1.0915,0.4917,0.9518,0.6447,1.0,1.0083,0.4625
four_exp,0,0.1,0,diag_ensemble_9,0,0,240,240,1.0,0.0,0.122594,0.050304,0.120899,0.078295,0.159596,0.201809,0.9917,1.1311,1.0511,0.4875,0.7048,0.4922,1.0,0.7361,0.9125
four_exp,0,0.1,0,equal_ensemble_9,0,0,240,240,1.0,0.0,0.122233,0.064684,0.100614,0.070532,0.177069,0.229802,0.9458,1.0821,0.9708,0.5125,0.6476,0.4835,1.0,0.6997,0.7792
four_exp,0,0.1,0,phase2_cascade,0,0,240,240,1.0,0.0,0.059107,0.040969,0.051133,0.022071,0.093786,0.12018,0.9958,0.4682,0.4244,0.675,0.2951,0.2158,0.9958,0.3158,0.9917
four_exp,0,0.1,0,fixed_rational,0,0,240,240,1.0,0.0,0.075344,0.047843,0.078412,0.032847,0.108819,0.139365,0.9958,0.5921,0.5023,0.6833,0.4594,0.3229,0.9958,0.5169,0.9917
four_exp,0,0.1,0,fixed_richardson,0,0,240,240,1.0,0.0,0.058732,0.040269,0.048715,0.022446,0.093505,0.119528,1.0,0.4682,0.4415,0.6667,0.2959,0.216,1.0,0.3232,0.9958
four_exp,0,0.1,0,constant_assumed,1,0,240,240,1.0,0.0,0.153264,0.124396,0.098587,0.062349,0.219684,0.362896,0.65,1.0,1.0,0.0,0.5722,0.4177,0.75,0.6511,0.6333
four_exp,0,0.1,0,constant_oracle,1,1,240,240,1.0,0.0,0.019353,0.005489,0.01812,0.015354,0.022119,0.027837,1.0,0.194,0.194,1.0,0.1108,0.0823,1.0,0.1133,1.0
four_exp,0,0.1,0,window_mean,1,0,240,240,1.0,0.0,0.244397,0.079453,0.238415,0.178893,0.302609,0.351156,0.0208,2.3948,2.3948,0.25,1.3892,1.0,0.0,1.4361,0.0
four_exp,0,0.1,0,window_min,1,0,240,240,1.0,0.0,0.163875,0.053459,0.144606,0.120381,0.191455,0.25149,0.4875,1.5359,1.5359,0.3667,1.0,0.6964,1.0,1.0,0.0
four_exp,0,0.1,0,last_value,1,0,240,240,1.0,0.0,0.174063,0.050741,0.163144,0.13045,0.225126,0.25149,0.0,1.7681,1.7478,0.35,1.0,0.7198,0.9792,1.0,0.0
four_exp,0,0.5,0,oracle_52,0,0,240,240,1.0,0.0,0.00429,0.006823,0.001842,0.000502,0.004895,0.010486,1.0,0.0225,0.0093,1.0,0.0182,0.0104,1.0,0.0225,1.0
four_exp,0,0.5,0,oracle_9,0,0,240,240,1.0,0.0,0.015101,0.017867,0.00553,0.003943,0.021932,0.046096,1.0,0.0942,0.0381,1.0,0.0709,0.0457,1.0,0.0942,1.0
four_exp,0,0.5,0,threshold_ens_010,0,0,240,240,1.0,0.0,0.066645,0.047559,0.068272,0.015934,0.099888,0.141333,0.7542,1.0246,0.2954,0.9917,0.9344,0.5017,1.0,1.0246,0.4333
four_exp,0,0.5,0,threshold_ens_050,0,0,240,240,1.0,0.0,0.066422,0.047431,0.068272,0.015615,0.099806,0.141884,0.75,1.02,0.2938,0.9917,0.9266,0.5017,1.0,1.02,0.4333
four_exp,0,0.5,0,threshold_ens_safe,0,0,240,240,1.0,0.0,0.066442,0.047438,0.06838,0.01554,0.1001,0.141907,0.7583,1.0165,0.2938,0.9917,0.9199,0.5017,1.0,1.0165,0.4458
four_exp,0,0.5,0,capped_diag_52,0,0,240,240,1.0,0.0125,0.104301,0.655962,0.048841,0.027208,0.079692,0.111417,0.8958,0.6804,0.2415,0.975,0.5802,0.3436,0.9708,0.6804,0.7833
four_exp,0,0.5,0,capped_diag_safe,0,0,240,240,1.0,0.0125,0.111451,0.681741,0.059515,0.037162,0.08796,0.116232,0.8792,0.7708,0.2825,0.975,0.6743,0.3974,0.9667,0.7708,0.7375
four_exp,0,0.5,0,diag_ensemble_52,0,0,240,240,1.0,0.0125,0.104301,0.655962,0.048841,0.027208,0.079692,0.111417,0.8958,0.6804,0.2415,0.975,0.5802,0.3436,0.9708,0.6804,0.7833
four_exp,0,0.5,0,diag_ensemble_safe,0,0,240,240,1.0,0.0125,0.111451,0.681741,0.059515,0.037162,0.08796,0.116232,0.8792,0.7708,0.2825,0.975,0.6743,0.3974,0.9667,0.7708,0.7375
four_exp,0,0.5,0,equal_ensemble_52,0,0,240,240,1.0,0.0,0.065955,0.047736,0.067296,0.015138,0.1001,0.141901,0.7625,1.015,0.2891,0.9917,0.9218,0.4984,1.0,1.015,0.4583
four_exp,0,0.5,0,equal_ensemble_safe,0,0,240,240,1.0,0.0,0.066442,0.047438,0.06838,0.01554,0.1001,0.141907,0.7583,1.0165,0.2938,0.9917,0.9199,0.5017,1.0,1.0165,0.4458
four_exp,0,0.5,0,diag_ensemble_9,0,0,240,240,1.0,0.0,0.064743,0.032597,0.066877,0.035372,0.088615,0.114283,0.9708,0.7363,0.2934,1.0,0.6612,0.3751,1.0,0.7363,0.7917
four_exp,0,0.5,0,equal_ensemble_9,0,0,240,240,1.0,0.0,0.059992,0.038503,0.052953,0.028512,0.096361,0.118528,0.9417,0.6515,0.2633,1.0,0.5849,0.3319,1.0,0.6515,0.7542
four_exp,0,0.5,0,phase2_cascade,0,0,240,240,1.0,0.0,0.038031,0.028815,0.034414,0.010946,0.064432,0.07886,0.9958,0.4177,0.142,1.0,0.3569,0.1989,1.0,0.4177,0.9708
four_exp,0,0.5,0,fixed_rational,0,0,240,240,1.0,0.0,0.032256,0.022185,0.03147,0.008725,0.049399,0.059629,1.0,0.4253,0.128,1.0,0.3494,0.2027,1.0,0.4253,0.9833
four_exp,0,0.5,0,fixed_richardson,0,0,240,240,1.0,0.0,0.037988,0.028699,0.033647,0.01116,0.064432,0.07886,0.9958,0.4181,0.1491,1.0,0.3545,0.1961,1.0,0.4181,0.9708
four_exp,0,0.5,0,constant_assumed,1,0,240,240,1.0,0.0792,0.230622,0.127262,0.185129,0.130349,0.312634,0.463959,0.0042,2.2307,1.0,0.0,1.9001,1.1943,0.4167,2.2307,0.0
four_exp,0,0.5,0,constant_oracle,1,1,240,240,1.0,0.0,0.096711,0.027408,0.090464,0.0767,0.110474,0.139134,0.6417,1.0335,0.5459,1.0,0.9952,0.6122,1.0,1.0335,0.4083
four_exp,0,0.5,0,window_mean,1,0,240,240,1.0,0.0,0.167039,0.058295,0.166072,0.117547,0.214254,0.239858,0.0208,1.8281,0.8373,0.5833,1.7096,1.0,0.0,1.8281,0.0
four_exp,0,0.5,0,window_min,1,0,240,240,1.0,0.0,0.086517,0.032888,0.080627,0.063645,0.103622,0.140192,0.4875,1.0,0.4483,1.0,1.0,0.547,1.0,1.0,0.0
four_exp,0,0.5,0,last_value,1,0,240,240,1.0,0.0,0.096706,0.029894,0.092549,0.072148,0.119171,0.140192,0.0,1.0,0.5263,0.9958,1.0,0.5849,0.9792,1.0,0.0
heavy_noise_plat,0,0.02,0,oracle_52,0,0,240,240,1.0,0.0042,0.000373,0.000574,0.000168,5.2e-05,0.000416,0.000878,0.9792,0.0992,0.0039,1.0,0.0309,0.047,0.9625,0.0126,0.9917
heavy_noise_plat,0,0.02,0,oracle_9,0,0,240,240,1.0,0.0,0.001084,0.001303,0.000664,0.00021,0.001315,0.002633,0.9208,0.4249,0.0132,0.9958,0.1278,0.17,0.8667,0.045,0.975
heavy_noise_plat,0,0.02,0,threshold_ens_010,0,0,240,240,1.0,0.025,0.003753,0.004356,0.002157,0.001012,0.004761,0.008718,0.775,1.1348,0.0498,0.975,0.4896,0.6301,0.5875,0.1552,0.925
heavy_noise_plat,0,0.02,0,threshold_ens_050,0,0,240,240,1.0,0.025,0.003782,0.004383,0.002273,0.000955,0.004692,0.008712,0.775,1.1575,0.0498,0.975,0.4832,0.6495,0.5833,0.1552,0.925
heavy_noise_plat,0,0.02,0,threshold_ens_safe,0,0,240,240,1.0,0.025,0.003774,0.004367,0.002273,0.000955,0.004692,0.008712,0.775,1.1575,0.0498,0.975,0.4832,0.6495,0.5833,0.1552,0.925
heavy_noise_plat,0,0.02,0,capped_diag_52,0,0,240,240,1.0,0.1333,0.009166,0.013437,0.005047,0.001807,0.010234,0.02036,0.5792,2.3002,0.0848,0.8333,0.7058,1.2932,0.4333,0.3009,0.775
heavy_noise_plat,0,0.02,0,capped_diag_safe,0,0,240,240,1.0,0.075,0.004449,0.005327,0.002848,0.001159,0.005891,0.010325,0.7292,1.3938,0.0592,0.9708,0.521,0.7634,0.575,0.1899,0.925
heavy_noise_plat,0,0.02,0,diag_ensemble_52,0,0,240,240,1.0,0.1333,0.009166,0.013437,0.005047,0.001807,0.010234,0.02036,0.5792,2.3002,0.0848,0.8333,0.7058,1.2932,0.4333,0.3009,0.775
heavy_noise_plat,0,0.02,0,diag_ensemble_safe,0,0,240,240,1.0,0.075,0.004449,0.005327,0.002848,0.001159,0.005891,0.010325,0.7292,1.3938,0.0592,0.9708,0.521,0.7634,0.575,0.1899,0.925
heavy_noise_plat,0,0.02,0,equal_ensemble_52,0,0,240,240,1.0,0.0292,0.003776,0.004254,0.002365,0.001016,0.004734,0.008684,0.7917,1.1151,0.0504,0.975,0.4748,0.741,0.5833,0.1542,0.925
heavy_noise_plat,0,0.02,0,equal_ensemble_safe,0,0,240,240,1.0,0.025,0.003774,0.004367,0.002273,0.000955,0.004692,0.008712,0.775,1.1575,0.0498,0.975,0.4832,0.6495,0.5833,0.1552,0.925
heavy_noise_plat,0,0.02,0,diag_ensemble_9,0,0,240,240,1.0,0.0583,0.004104,0.003935,0.002724,0.001221,0.006212,0.00895,0.75,1.3329,0.0518,0.9542,0.5233,0.7637,0.5708,0.1877,0.9
heavy_noise_plat,0,0.02,0,equal_ensemble_9,0,0,240,240,1.0,0.025,0.00315,0.00336,0.002121,0.000785,0.004258,0.007586,0.7625,1.0,0.0406,0.975,0.4416,0.5944,0.6458,0.1421,0.9375
heavy_noise_plat,0,0.02,0,phase2_cascade,0,0,240,240,1.0,0.0625,0.003713,0.005227,0.002415,0.000846,0.004753,0.007267,0.7458,1.0,0.055,0.9875,0.4061,0.7311,0.6375,0.167,0.95
heavy_noise_plat,0,0.02,0,fixed_rational,0,0,240,240,1.0,0.0792,0.004171,0.005448,0.002681,0.00106,0.00509,0.008589,0.7083,1.0,0.0617,0.9875,0.4701,0.7424,0.6417,0.1871,0.925
heavy_noise_plat,0,0.02,0,fixed_richardson,0,0,240,240,1.0,0.0708,0.003854,0.00399,0.002633,0.001187,0.005418,0.008599,0.7083,1.2525,0.0547,0.9708,0.4689,0.6644,0.5917,0.1919,0.9292
heavy_noise_plat,0,0.02,0,constant_assumed,1,0,240,240,1.0,0.5833,0.102329,0.122902,0.03636,0.011939,0.145683,0.328718,0.075,27.3116,1.0,0.0,8.7961,14.8206,0.1417,2.2056,0.0
heavy_noise_plat,0,0.02,0,constant_oracle,1,1,240,240,1.0,0.0,1.2e-05,1.9e-05,1e-06,0.0,1.3e-05,4.6e-05,1.0,0.0003,0.0,1.0,0.0001,0.0003,1.0,0.0,1.0
heavy_noise_plat,0,0.02,0,window_mean,1,0,240,240,1.0,0.1333,0.006485,0.005748,0.005907,0.000903,0.011622,0.015218,0.5833,1.0,0.0675,0.8583,0.6828,1.0,0.0,0.2391,0.7375
heavy_noise_plat,0,0.02,0,window_min,1,0,240,240,1.0,0.2667,0.017104,0.012838,0.013255,0.007413,0.021732,0.038231,0.1083,7.1422,0.4534,0.6458,2.3704,4.1831,0.2625,1.0,0.0
heavy_noise_plat,0,0.02,0,last_value,1,0,240,240,1.0,0.0,0.0087,0.009319,0.005545,0.002502,0.011427,0.021888,0.0,1.7367,0.1138,0.8708,1.0,1.4652,0.4167,0.4219,0.8042
heavy_noise_plat,0,0.1,0,oracle_52,0,0,240,240,1.0,0.0083,0.000361,0.00055,0.000151,5.1e-05,0.000395,0.000943,0.9917,0.0835,0.0037,1.0,0.0335,0.0427,0.9667,0.0125,0.9958
heavy_noise_plat,0,0.1,0,oracle_9,0,0,240,240,1.0,0.0,0.001042,0.001332,0.000604,0.000166,0.001254,0.002478,0.9292,0.422,0.0117,0.9958,0.1193,0.1675,0.875,0.04,0.9792
heavy_noise_plat,0,0.1,0,threshold_ens_010,0,0,240,240,1.0,0.0333,0.003748,0.004364,0.002295,0.00101,0.004727,0.00891,0.7958,1.1273,0.0497,0.975,0.474,0.6359,0.5833,0.1587,0.9292
heavy_noise_plat,0,0.1,0,threshold_ens_050,0,0,240,240,1.0,0.0333,0.003778,0.0044,0.00231,0.000996,0.004748,0.00891,0.7917,1.1273,0.0497,0.975,0.482,0.6457,0.5833,0.1543,0.9333
heavy_noise_plat,0,0.1,0,threshold_ens_safe,0,0,240,240,1.0,0.0333,0.003778,0.0044,0.00231,0.000996,0.004748,0.00891,0.7917,1.1273,0.0497,0.975,0.4881,0.6457,0.5833,0.1543,0.9333
heavy_noise_plat,0,0.1,0,capped_diag_52,0,0,240,240,1.0,0.1583,0.009864,0.0178,0.00506,0.002044,0.011344,0.020347,0.5833,2.361,0.0759,0.825,0.7199,1.3869,0.425,0.3136,0.7625
heavy_noise_plat,0,0.1,0,capped_diag_safe,0,0,240,240,1.0,0.0625,0.004589,0.005721,0.00281,0.001245,0.006113,0.011082,0.7333,1.4242,0.059,0.9667,0.5543,0.7284,0.5458,0.1969,0.9167
heavy_noise_plat,0,0.1,0,diag_ensemble_52,0,0,240,240,1.0,0.1583,0.009864,0.0178,0.00506,0.002044,0.011344,0.020347,0.5833,2.361,0.0759,0.825,0.7199,1.3869,0.425,0.3136,0.7625
heavy_noise_plat,0,0.1,0,diag_ensemble_safe,0,0,240,240,1.0,0.0625,0.004589,0.005721,0.00281,0.001245,0.006113,0.011082,0.7333,1.4242,0.059,0.9667,0.5543,0.7284,0.5458,0.1969,0.9167
heavy_noise_plat,0,0.1,0,equal_ensemble_52,0,0,240,240,1.0,0.0333,0.003754,0.004273,0.002274,0.001043,0.004805,0.008532,0.7833,1.1512,0.0489,0.9708,0.4915,0.7358,0.575,0.1553,0.925
heavy_noise_plat,0,0.1,0,equal_ensemble_safe,0,0,240,240,1.0,0.0333,0.003778,0.0044,0.00231,0.000996,0.004748,0.00891,0.7917,1.1273,0.0497,0.975,0.4881,0.6457,0.5833,0.1543,0.9333
heavy_noise_plat,0,0.1,0,diag_ensemble_9,0,0,240,240,1.0,0.0583,0.004286,0.004801,0.002538,0.001198,0.006024,0.009038,0.75,1.3638,0.0528,0.95,0.4774,0.7442,0.5667,0.1758,0.9042
heavy_noise_plat,0,0.1,0,equal_ensemble_9,0,0,240,240,1.0,0.025,0.002972,0.003142,0.001943,0.000817,0.004016,0.007585,0.7833,1.0,0.0419,0.975,0.405,0.5659,0.6667,0.1339,0.9417
heavy_noise_plat,0,0.1,0,phase2_cascade,0,0,240,240,1.0,0.0583,0.003171,0.004267,0.002028,0.000835,0.003913,0.006491,0.7917,1.0,0.0465,0.9875,0.3379,0.6469,0.6583,0.1476,0.9458
heavy_noise_plat,0,0.1,0,fixed_rational,0,0,240,240,1.0,0.0625,0.003448,0.004411,0.002158,0.000922,0.004312,0.00718,0.7667,1.0,0.0482,0.9875,0.3706,0.6621,0.6542,0.1626,0.9417
heavy_noise_plat,0,0.1,0,fixed_richardson,0,0,240,240,1.0,0.0625,0.003253,0.003346,0.00249,0.001041,0.004345,0.007581,0.7667,1.0424,0.0473,0.975,0.3892,0.6054,0.6458,0.1732,0.9292
heavy_noise_plat,0,0.1,0,constant_assumed,1,0,240,240,1.0,0.5833,0.102376,0.122902,0.03645,0.011984,0.145818,0.32888,0.075,27.2008,1.0,0.0,8.7703,14.8381,0.1417,2.1878,0.0
heavy_noise_plat,0,0.1,0,constant_oracle,1,1,240,240,1.0,0.0042,5.9e-05,9.6e-05,6e-06,0.0,6.5e-05,0.000226,0.9917,0.0016,0.0001,1.0,0.0007,0.0013,1.0,0.0002,0.9958
heavy_noise_plat,0,0.1,0,window_mean,1,0,240,240,1.0,0.1333,0.006438,0.005684,0.005847,0.000903,0.011442,0.015038,0.5833,1.0,0.0674,0.8583,0.6798,1.0,0.0,0.2371,0.7375
heavy_noise_plat,0,0.1,0,window_min,1,0,240,240,1.0,0.2667,0.017145,0.01283,0.013345,0.007472,0.021732,0.03824,0.1042,7.0778,0.4571,0.6458,2.4241,4.2179,0.2625,1.0,0.0
heavy_noise_plat,0,0.1,0,last_value,1,0,240,240,1.0,0.0,0.008687,0.009312,0.005498,0.002484,0.011288,0.022051,0.0,1.7248,0.1141,0.8708,1.0,1.4718,0.4167,0.4126,0.8083
heavy_noise_plat,0,0.5,0,oracle_52,0,0,240,240,1.0,0.0042,0.000321,0.000512,0.000118,4.2e-05,0.000348,0.000876,0.9792,0.0676,0.0028,1.0,0.0265,0.0397,0.9708,0.0088,1.0
heavy_noise_plat,0,0.5,0,oracle_9,0,0,240,240,1.0,0.0,0.000998,0.001404,0.000535,0.000148,0.00114,0.0026,0.9417,0.2896,0.0089,0.9958,0.0944,0.1536,0.8625,0.0336,0.9917
heavy_noise_plat,0,0.5,0,threshold_ens_010,0,0,240,240,1.0,0.025,0.003543,0.00416,0.00201,0.001077,0.004518,0.007722,0.8,1.0951,0.0508,0.975,0.4428,0.6082,0.5833,0.1479,0.9458
heavy_noise_plat,0,0.5,0,threshold_ens_050,0,0,240,240,1.0,0.025,0.003611,0.004224,0.002053,0.001062,0.004562,0.008112,0.8,1.1021,0.0508,0.975,0.445,0.6316,0.5833,0.1524,0.9458
heavy_noise_plat,0,0.5,0,threshold_ens_safe,0,0,240,240,1.0,0.025,0.003615,0.004219,0.00209,0.001062,0.004562,0.008112,0.7958,1.1021,0.0501,0.975,0.445,0.6316,0.5833,0.1524,0.9458
heavy_noise_plat,0,0.5,0,capped_diag_52,0,0,240,240,1.0,0.1375,0.008932,0.013743,0.004481,0.002026,0.010575,0.02111,0.5917,2.2391,0.0929,0.8208,0.7335,1.3431,0.4208,0.2856,0.7833
heavy_noise_plat,0,0.5,0,capped_diag_safe,0,0,240,240,1.0,0.0542,0.004617,0.005847,0.00253,0.001371,0.00569,0.011195,0.7458,1.3896,0.0547,0.9583,0.5269,0.8231,0.55,0.1998,0.9292
heavy_noise_plat,0,0.5,0,diag_ensemble_52,0,0,240,240,1.0,0.1375,0.008932,0.013743,0.004481,0.002026,0.010575,0.02111,0.5917,2.2391,0.0929,0.8208,0.7335,1.3431,0.4208,0.2856,0.7833
heavy_noise_plat,0,0.5,0,diag_ensemble_safe,0,0,240,240,1.0,0.0542,0.004617,0.005847,0.00253,0.001371,0.00569,0.011195,0.7458,1.3896,0.0547,0.9583,0.5269,0.8231,0.55,0.1998,0.9292
heavy_noise_plat,0,0.5,0,equal_ensemble_52,0,0,240,240,1.0,0.025,0.003572,0.00411,0.00207,0.001117,0.00459,0.008156,0.8167,1.0411,0.0509,0.9708,0.4488,0.714,0.5875,0.1472,0.9417
heavy_noise_plat,0,0.5,0,equal_ensemble_safe,0,0,240,240,1.0,0.025,0.003615,0.004219,0.00209,0.001062,0.004562,0.008112,0.7958,1.1021,0.0501,0.975,0.445,0.6316,0.5833,0.1524,0.9458
heavy_noise_plat,0,0.5,0,diag_ensemble_9,0,0,240,240,1.0,0.0542,0.004664,0.010645,0.002355,0.00128,0.006031,0.009541,0.7542,1.315,0.0492,0.9667,0.4501,0.8192,0.5875,0.1647,0.9167
heavy_noise_plat,0,0.5,0,equal_ensemble_9,0,0,240,240,1.0,0.0125,0.002664,0.002831,0.001644,0.000722,0.003774,0.006734,0.8083,0.9609,0.0361,0.975,0.3307,0.5388,0.6917,0.1197,0.95
heavy_noise_plat,0,0.5,0,phase2_cascade,0,0,240,240,1.0,0.025,0.002575,0.003102,0.001674,0.000617,0.003296,0.00581,0.8167,0.9932,0.0385,0.9875,0.2696,0.5526,0.7042,0.1106,0.9625
heavy_noise_plat,0,0.5,0,fixed_rational,0,0,240,240,1.0,0.0208,0.00254,0.003117,0.001614,0.00065,0.003201,0.006133,0.8167,0.9726,0.0407,0.9875,0.2696,0.5544,0.7042,0.1198,0.9833
heavy_noise_plat,0,0.5,0,fixed_richardson,0,0,240,240,1.0,0.0292,0.002672,0.002721,0.001929,0.000754,0.003582,0.006394,0.7875,0.8859,0.0348,0.975,0.3129,0.5421,0.6958,0.1299,0.9458
heavy_noise_plat,0,0.5,0,constant_assumed,1,0,240,240,1.0,0.5875,0.102642,0.122903,0.036955,0.012038,0.146576,0.329789,0.075,26.3447,1.0,0.0,8.4355,15.0534,0.1167,2.1665,0.0
heavy_noise_plat,0,0.5,0,constant_oracle,1,1,240,240,1.0,0.0,0.000325,0.000528,3.2e-05,2e-06,0.000355,0.001236,0.9792,0.0087,0.0003,1.0,0.004,0.0072,1.0,0.0009,0.9833
heavy_noise_plat,0,0.5,0,window_mean,1,0,240,240,1.0,0.1292,0.006172,0.005334,0.005815,0.000901,0.010826,0.014027,0.5875,1.0,0.0664,0.8833,0.6597,1.0,0.0,0.2297,0.7625
heavy_noise_plat,0,0.5,0,window_min,1,0,240,240,1.0,0.2542,0.017393,0.012774,0.013732,0.008292,0.021737,0.03829,0.0917,6.7739,0.4616,0.6458,2.6264,4.3552,0.2375,1.0,0.0
heavy_noise_plat,0,0.5,0,last_value,1,0,240,240,1.0,0.0,0.008628,0.009274,0.005401,0.002501,0.01109,0.022436,0.0,1.7355,0.1185,0.8708,1.0,1.516,0.4125,0.3808,0.8208
inv_sqrt_log,1,0.02,60,oracle_52,0,0,180,180,1.0,0.0,0.001679,0.002338,0.000616,0.000114,0.002383,0.004892,0.9944,0.0463,0.0107,1.0,0.0277,0.0109,1.0,0.0372,0.9889
inv_sqrt_log,1,0.02,60,oracle_9,0,0,180,180,1.0,0.0,0.00577,0.004094,0.003981,0.003174,0.008574,0.011339,0.9778,0.2883,0.0737,1.0,0.1573,0.0566,1.0,0.2152,0.9389
inv_sqrt_log,1,0.02,60,threshold_ens_010,0,0,180,180,1.0,0.0278,0.02046,0.0155,0.017025,0.006538,0.027785,0.046834,0.7833,1.152,0.2631,0.7778,0.7273,0.3339,1.0,1.0377,0.4778
inv_sqrt_log,1,0.02,60,threshold_ens_050,0,0,180,180,1.0,0.0278,0.020455,0.015535,0.017188,0.006433,0.027785,0.046834,0.7889,1.152,0.2644,0.7778,0.7273,0.332,1.0,1.0475,0.4722
inv_sqrt_log,1,0.02,60,threshold_ens_safe,0,0,180,180,1.0,0.0278,0.020455,0.015534,0.017188,0.006433,0.027785,0.046834,0.7889,1.152,0.2644,0.7778,0.7268,0.332,1.0,1.0475,0.4722
inv_sqrt_log,1,0.02,60,capped_diag_52,0,0,180,180,1.0,0.0222,0.01754,0.016881,0.012319,0.006625,0.02091,0.038757,0.8333,0.8,0.1844,0.7278,0.4533,0.185,0.9444,0.6282,0.6889
inv_sqrt_log,1,0.02,60,capped_diag_safe,0,0,180,180,1.0,0.0278,0.015791,0.015685,0.011491,0.006497,0.018511,0.031453,0.8444,0.727,0.1661,0.7667,0.4167,0.1846,0.95,0.5509,0.7333
inv_sqrt_log,1,0.02,60,diag_ensemble_52,0,0,180,180,1.0,0.0222,0.01754,0.016881,0.012319,0.006625,0.02091,0.038757,0.8333,0.8,0.1844,0.7278,0.4533,0.185,0.9444,0.6282,0.6889
inv_sqrt_log,1,0.02,60,diag_ensemble_safe,0,0,180,180,1.0,0.0278,0.015791,0.015685,0.011491,0.006497,0.018511,0.031453,0.8444,0.727,0.1661,0.7667,0.4167,0.1846,0.95,0.5509,0.7333
inv_sqrt_log,1,0.02,60,equal_ensemble_52,0,0,180,180,1.0,0.0278,0.020698,0.01582,0.017276,0.005571,0.028246,0.047147,0.7833,1.1608,0.2644,0.7667,0.7495,0.3399,1.0,1.0576,0.45
inv_sqrt_log,1,0.02,60,equal_ensemble_safe,0,0,180,180,1.0,0.0278,0.020455,0.015534,0.017188,0.006433,0.027785,0.046834,0.7889,1.152,0.2644,0.7778,0.7268,0.332,1.0,1.0475,0.4722
inv_sqrt_log,1,0.02,60,diag_ensemble_9,0,0,180,180,1.0,0.0111,0.011967,0.009051,0.010189,0.004461,0.016264,0.024258,0.9333,0.666,0.1423,0.7667,0.3952,0.1702,0.9889,0.4842,0.8389
inv_sqrt_log,1,0.02,60,equal_ensemble_9,0,0,180,180,1.0,0.0,0.020231,0.013333,0.01745,0.010081,0.026721,0.042785,0.8056,1.0239,0.271,0.7389,0.6181,0.2715,1.0,0.9617,0.5278
inv_sqrt_log,1,0.02,60,phase2_cascade,0,0,180,180,1.0,0.0444,0.0213,0.02546,0.017428,0.00595,0.023999,0.037397,0.8444,0.8883,0.3018,0.9889,0.5141,0.2318,0.95,0.6975,0.6889
inv_sqrt_log,1,0.02,60,fixed_rational,0,0,180,180,1.0,0.0278,0.014966,0.022247,0.011635,0.006986,0.013757,0.020312,0.8889,0.6217,0.1712,0.8833,0.3155,0.1573,0.9667,0.4264,0.8222
inv_sqrt_log,1,0.02,60,fixed_richardson,0,0,180,180,1.0,0.0333,0.020106,0.017816,0.017544,0.007683,0.024004,0.037574,0.8278,0.9,0.312,0.9778,0.5343,0.2547,0.9444,0.6975,0.6778
inv_sqrt_log,1,0.02,60,constant_assumed,1,0,180,180,1.0,0.2889,0.100526,0.111958,0.070774,0.018259,0.148441,0.184614,0.3833,3.1431,1.0,0.0,2.4514,0.9564,0.5167,2.7384,0.3389
inv_sqrt_log,1,0.02,60,constant_oracle,1,1,180,180,1.0,0.0,0.000633,0.000216,0.000557,0.000417,0.000927,0.000927,1.0,0.0345,0.0079,1.0,0.0204,0.0082,1.0,0.0239,1.0
inv_sqrt_log,1,0.02,60,window_mean,1,0,180,180,1.0,0.0722,0.072103,0.034562,0.073975,0.029242,0.1126,0.113456,0.0333,3.6364,1.0461,0.4833,2.4931,1.0,0.0,2.7111,0.0111
inv_sqrt_log,1,0.02,60,window_min,1,0,180,180,1.0,0.0111,0.024076,0.012929,0.020412,0.014044,0.030773,0.045417,0.4944,1.0,0.3656,0.6611,1.0,0.3689,0.9889,1.0,0.0
inv_sqrt_log,1,0.02,60,last_value,1,0,180,180,1.0,0.0,0.031117,0.015052,0.027286,0.020412,0.045417,0.048594,0.0,1.4859,0.408,0.6167,1.0,0.4011,0.9667,1.0,0.0722
inv_sqrt_log,1,0.1,0,oracle_52,0,0,240,240,1.0,0.0042,0.001463,0.001864,0.000623,0.000101,0.002091,0.004016,0.9875,0.064,0.0115,1.0,0.0311,0.014,1.0,0.041,0.975
inv_sqrt_log,1,0.1,0,oracle_9,0,0,240,240,1.0,0.0,0.004219,0.003623,0.002602,0.001353,0.006502,0.009657,0.9667,0.2332,0.0498,1.0,0.1453,0.0607,1.0,0.1637,0.9417
inv_sqrt_log,1,0.1,0,threshold_ens_010,0,0,240,240,1.0,0.0208,0.016227,0.014183,0.013247,0.00478,0.023216,0.040508,0.775,1.0769,0.1935,0.825,0.6482,0.3212,0.975,0.9757,0.5083
inv_sqrt_log,1,0.1,0,threshold_ens_050,0,0,240,240,1.0,0.0208,0.016147,0.014291,0.013161,0.00417,0.023161,0.040471,0.775,1.0744,0.1935,0.825,0.6365,0.3212,0.9792,0.9871,0.5083
inv_sqrt_log,1,0.1,0,threshold_ens_safe,0,0,240,240,1.0,0.0208,0.016122,0.014307,0.013161,0.003829,0.023161,0.040471,0.775,1.0744,0.193,0.825,0.6365,0.3212,0.9792,0.9871,0.5083
inv_sqrt_log,1,0.1,0,capped_diag_52,0,0,240,240,1.0,0.0375,0.013516,0.013845,0.008576,0.003749,0.019017,0.030525,0.8458,0.6328,0.1355,0.8167,0.3388,0.1843,0.9333,0.4869,0.7208
inv_sqrt_log,1,0.1,0,capped_diag_safe,0,0,240,240,1.0,0.025,0.010997,0.010849,0.007645,0.003518,0.015131,0.025374,0.8708,0.5494,0.1288,0.8708,0.3128,0.1639,0.9625,0.3787,0.7792
inv_sqrt_log,1,0.1,0,diag_ensemble_52,0,0,240,240,1.0,0.0375,0.013516,0.013845,0.008576,0.003749,0.019017,0.030525,0.8458,0.6328,0.1355,0.8167,0.3388,0.1843,0.9333,0.4869,0.7208
inv_sqrt_log,1,0.1,0,diag_ensemble_safe,0,0,240,240,1.0,0.025,0.010997,0.010849,0.007645,0.003518,0.015131,0.025374,0.8708,0.5494,0.1288,0.8708,0.3128,0.1639,0.9625,0.3787,0.7792
inv_sqrt_log,1,0.1,0,equal_ensemble_52,0,0,240,240,1.0,0.0208,0.016188,0.01462,0.013066,0.003481,0.023463,0.041167,0.775,1.1128,0.1746,0.8167,0.6758,0.3254,0.9833,0.9926,0.5
inv_sqrt_log,1,0.1,0,equal_ensemble_safe,0,0,240,240,1.0,0.0208,0.016122,0.014307,0.013161,0.003829,0.023161,0.040471,0.775,1.0744,0.193,0.825,0.6365,0.3212,0.9792,0.9871,0.5083
inv_sqrt_log,1,0.1,0,diag_ensemble_9,0,0,240,240,1.0,0.025,0.011199,0.008425,0.009166,0.004632,0.015144,0.023774,0.8833,0.6205,0.1414,0.85,0.4031,0.193,0.9458,0.47,0.8
inv_sqrt_log,1,0.1,0,equal_ensemble_9,0,0,240,240,1.0,0.0125,0.015563,0.012074,0.011837,0.006561,0.018762,0.037048,0.8042,0.9899,0.214,0.8333,0.5112,0.2479,0.9792,0.5583,0.6
inv_sqrt_log,1,0.1,0,phase2_cascade,0,0,240,240,1.0,0.0792,0.019129,0.027243,0.012747,0.003488,0.019902,0.031581,0.8167,0.7208,0.2128,0.9833,0.4606,0.2101,0.9042,0.6685,0.7333
inv_sqrt_log,1,0.1,0,fixed_rational,0,0,240,240,1.0,0.0708,0.015457,0.026316,0.009936,0.003897,0.012685,0.020372,0.85,0.5088,0.1436,0.9417,0.2882,0.1429,0.9167,0.3965,0.8083
inv_sqrt_log,1,0.1,0,fixed_richardson,0,0,240,240,1.0,0.0458,0.015324,0.014203,0.012646,0.004258,0.019849,0.031301,0.8042,0.7346,0.2245,0.9833,0.4911,0.2319,0.9083,0.6685,0.7208
inv_sqrt_log,1,0.1,0,constant_assumed,1,0,240,240,1.0,0.3542,0.102693,0.111886,0.073269,0.020197,0.150154,0.188077,0.3167,3.9426,1.0,0.0,2.9229,1.1466,0.4458,3.4693,0.25
inv_sqrt_log,1,0.1,0,constant_oracle,1,1,240,240,1.0,0.0042,0.0028,0.001129,0.002433,0.001987,0.003246,0.004632,0.9833,0.1777,0.0374,1.0,0.1111,0.0548,1.0,0.1191,0.9792
inv_sqrt_log,1,0.1,0,window_mean,1,0,240,240,1.0,0.0667,0.057068,0.036382,0.050242,0.023961,0.082871,0.109525,0.0875,3.0248,0.8721,0.5542,2.2797,1.0,0.0,2.7352,0.075
inv_sqrt_log,1,0.1,0,window_min,1,0,240,240,1.0,0.025,0.020697,0.011821,0.018746,0.012298,0.025148,0.041712,0.475,1.0,0.2882,0.75,1.0,0.3656,0.925,1.0,0.0
inv_sqrt_log,1,0.1,0,last_value,1,0,240,240,1.0,0.0,0.025479,0.01395,0.022789,0.01531,0.037146,0.043879,0.0,1.3288,0.3422,0.6833,1.0,0.4387,0.9125,1.0,0.1083
inv_sqrt_log,1,0.5,0,oracle_52,0,0,240,240,1.0,0.0,0.000611,0.000899,0.000235,1.5e-05,0.000857,0.001538,0.9875,0.0253,0.003,1.0,0.0163,0.0067,1.0,0.0171,0.9583
inv_sqrt_log,1,0.5,0,oracle_9,0,0,240,240,1.0,0.0,0.001593,0.002179,0.000652,8.8e-05,0.002349,0.004735,0.9542,0.0835,0.009,1.0,0.0495,0.0171,0.9958,0.0565,0.9333
inv_sqrt_log,1,0.5,0,threshold_ens_010,0,0,240,240,1.0,0.0333,0.008769,0.0096,0.007099,0.00012,0.013502,0.023621,0.7708,0.8841,0.0559,0.9875,0.5549,0.1893,0.9542,0.4066,0.6042
inv_sqrt_log,1,0.5,0,threshold_ens_050,0,0,240,240,1.0,0.0333,0.008749,0.009582,0.007044,9.2e-05,0.01347,0.023576,0.775,0.9009,0.0561,0.9875,0.568,0.186,0.9542,0.3889,0.6042
inv_sqrt_log,1,0.5,0,threshold_ens_safe,0,0,240,240,1.0,0.0333,0.008763,0.0096,0.007044,9.2e-05,0.01348,0.023576,0.775,0.9009,0.0561,0.9875,0.568,0.1865,0.9542,0.3889,0.6042
inv_sqrt_log,1,0.5,0,capped_diag_52,0,0,240,240,1.0,0.0375,0.008586,0.011638,0.005245,0.002021,0.009477,0.018804,0.825,0.4574,0.0586,0.9625,0.369,0.1066,0.9458,0.4028,0.7375
inv_sqrt_log,1,0.5,0,capped_diag_safe,0,0,240,240,1.0,0.0333,0.006916,0.009766,0.004251,0.001024,0.008751,0.017433,0.8458,0.5552,0.0528,0.9875,0.3047,0.1174,0.9583,0.3159,0.7458
inv_sqrt_log,1,0.5,0,diag_ensemble_52,0,0,240,240,1.0,0.0375,0.008586,0.011638,0.005245,0.002021,0.009477,0.018804,0.825,0.4574,0.0586,0.9625,0.369,0.1066,0.9458,0.4028,0.7375
inv_sqrt_log,1,0.5,0,diag_ensemble_safe,0,0,240,240,1.0,0.0333,0.006916,0.009766,0.004251,0.001024,0.008751,0.017433,0.8458,0.5552,0.0528,0.9875,0.3047,0.1174,0.9583,0.3159,0.7458
inv_sqrt_log,1,0.5,0,equal_ensemble_52,0,0,240,240,1.0,0.0292,0.008742,0.009834,0.006768,4e-05,0.013768,0.023536,0.775,0.7999,0.0558,0.9917,0.5309,0.1892,0.9667,0.3846,0.6083
inv_sqrt_log,1,0.5,0,equal_ensemble_safe,0,0,240,240,1.0,0.0333,0.008763,0.0096,0.007044,9.2e-05,0.01348,0.023576,0.775,0.9009,0.0561,0.9875,0.568,0.1865,0.9542,0.3889,0.6042
inv_sqrt_log,1,0.5,0,diag_ensemble_9,0,0,240,240,1.0,0.0208,0.006958,0.004936,0.006177,0.002936,0.009166,0.012973,0.875,0.5345,0.0733,0.9917,0.4052,0.1448,0.9833,0.42,0.7417
inv_sqrt_log,1,0.5,0,equal_ensemble_9,0,0,240,240,1.0,0.0042,0.007816,0.007797,0.004764,0.001892,0.010802,0.021601,0.7958,0.7491,0.0588,0.9958,0.4082,0.1135,0.975,0.3409,0.6708
inv_sqrt_log,1,0.5,0,phase2_cascade,0,0,240,240,1.0,0.05,0.007538,0.008192,0.005767,0.001177,0.01078,0.015388,0.8125,0.6047,0.0649,1.0,0.3564,0.1276,0.925,0.4918,0.7667
inv_sqrt_log,1,0.5,0,fixed_rational,0,0,240,240,1.0,0.0458,0.00601,0.007292,0.004427,0.001464,0.006445,0.012403,0.8583,0.3409,0.0452,1.0,0.2393,0.074,0.925,0.3213,0.8042
inv_sqrt_log,1,0.5,0,fixed_richardson,0,0,240,240,1.0,0.0375,0.006607,0.006331,0.005383,0.001359,0.009946,0.014079,0.8208,0.6047,0.0611,0.9958,0.3376,0.1276,0.9667,0.4513,0.7875
inv_sqrt_log,1,0.5,0,constant_assumed,1,0,240,240,1.0,0.5375,0.113853,0.112021,0.082243,0.030061,0.161557,0.205342,0.0417,9.0812,1.0,0.0,5.8933,1.8751,0.25,7.3379,0.0625
inv_sqrt_log,1,0.5,0,constant_oracle,1,1,240,240,1.0,0.0417,0.01396,0.005607,0.01214,0.009933,0.016168,0.023061,0.7167,0.9991,0.1621,1.0,0.9926,0.3553,1.0,0.999,0.5875
inv_sqrt_log,1,0.5,0,window_mean,1,0,240,240,1.0,0.1708,0.045908,0.032064,0.040535,0.016016,0.069949,0.091097,0.0958,4.3337,0.5333,0.75,2.8951,1.0,0.0,3.9125,0.1375
inv_sqrt_log,1,0.5,0,window_min,1,0,240,240,1.0,0.0417,0.014938,0.011156,0.011707,0.006824,0.023283,0.029266,0.3708,1.0,0.1363,0.9375,1.0,0.2556,0.8625,1.0,0.0
inv_sqrt_log,1,0.5,0,last_value,1,0,240,240,1.0,0.0,0.015632,0.009818,0.013973,0.008509,0.02232,0.026947,0.0,1.0,0.1697,0.9583,1.0,0.3454,0.9042,1.0,0.2125
log_oscillatory,0,0.5,0,oracle_52,0,0,240,240,1.0,0.0,0.007852,0.006046,0.00565,0.003997,0.010916,0.016902,1.0,0.1097,0.0363,1.0,0.0739,0.0485,1.0,0.1097,0.975
log_oscillatory,0,0.5,0,oracle_9,0,0,240,240,1.0,0.0,0.015176,0.010365,0.015488,0.007996,0.019824,0.027985,0.9958,0.2274,0.0829,1.0,0.161,0.0885,1.0,0.2274,0.9625
log_oscillatory,0,0.5,0,threshold_ens_010,0,0,240,240,1.0,0.0,0.086472,0.021707,0.088245,0.071005,0.098906,0.119741,0.7375,1.5662,0.5922,0.975,0.9147,0.6493,0.9083,1.5662,0.25
log_oscillatory,0,0.5,0,threshold_ens_050,0,0,240,240,1.0,0.0,0.086548,0.021796,0.086943,0.073139,0.099031,0.119741,0.7375,1.5686,0.5822,0.975,0.9041,0.6493,0.9167,1.5686,0.2458
log_oscillatory,0,0.5,0,threshold_ens_safe,0,0,240,240,1.0,0.0,0.086578,0.0218,0.086943,0.073139,0.099031,0.119741,0.7375,1.5686,0.5822,0.975,0.9041,0.6493,0.9125,1.5686,0.2458
log_oscillatory,0,0.5,0,capped_diag_52,0,0,240,240,1.0,0.0,0.044661,0.02887,0.041397,0.026239,0.059427,0.078058,0.975,0.8178,0.2679,0.9958,0.4458,0.3232,0.9958,0.8178,0.6042
log_oscillatory,0,0.5,0,capped_diag_safe,0,0,240,240,1.0,0.0,0.040066,0.026617,0.037414,0.023618,0.052721,0.069592,0.9833,0.7483,0.2498,0.9958,0.4021,0.3024,0.9958,0.7483,0.7083
log_oscillatory,0,0.5,0,diag_ensemble_52,0,0,240,240,1.0,0.0,0.044661,0.02887,0.041397,0.026239,0.059427,0.078058,0.975,0.8178,0.2679,0.9958,0.4458,0.3232,0.9958,0.8178,0.6042
log_oscillatory,0,0.5,0,diag_ensemble_safe,0,0,240,240,1.0,0.0,0.040066,0.026617,0.037414,0.023618,0.052721,0.069592,0.9833,0.7483,0.2498,0.9958,0.4021,0.3024,0.9958,0.7483,0.7083
log_oscillatory,0,0.5,0,equal_ensemble_52,0,0,240,240,1.0,0.0,0.088137,0.02196,0.088962,0.07478,0.101127,0.119774,0.7208,1.5856,0.5942,0.9667,0.9238,0.6544,0.8667,1.5856,0.225
log_oscillatory,0,0.5,0,equal_ensemble_safe,0,0,240,240,1.0,0.0,0.086578,0.0218,0.086943,0.073139,0.099031,0.119741,0.7375,1.5686,0.5822,0.975,0.9041,0.6493,0.9125,1.5686,0.2458
log_oscillatory,0,0.5,0,diag_ensemble_9,0,0,240,240,1.0,0.0,0.035687,0.020973,0.032286,0.018851,0.053736,0.065513,0.9792,0.7525,0.2018,1.0,0.3513,0.3086,0.9958,0.7525,0.75
log_oscillatory,0,0.5,0,equal_ensemble_9,0,0,240,240,1.0,0.0,0.060154,0.029686,0.063628,0.041196,0.074547,0.10204,0.9167,1.3489,0.3828,1.0,0.6592,0.6042,1.0,1.3489,0.3625
log_oscillatory,0,0.5,0,phase2_cascade,0,0,240,240,1.0,0.025,0.069255,0.071968,0.043406,0.025209,0.085769,0.14068,0.7167,0.9346,0.2999,1.0,0.4675,0.4125,0.8292,0.9346,0.5208
log_oscillatory,0,0.5,0,fixed_rational,0,0,240,240,1.0,0.025,0.096025,0.066647,0.080067,0.049216,0.119645,0.150662,0.5333,1.3624,0.4258,1.0,0.9437,0.5561,0.8292,1.3624,0.2792
log_oscillatory,0,0.5,0,fixed_richardson,0,0,240,240,1.0,0.0,0.025958,0.026118,0.021426,0.010498,0.029337,0.047459,0.9458,0.3659,0.125,1.0,0.215,0.1502,1.0,0.3659,0.8875
log_oscillatory,0,0.5,0,constant_assumed,1,0,240,240,1.0,0.075,0.193259,0.120332,0.145788,0.119465,0.22617,0.328781,0.0375,2.8467,1.0,0.0,1.5768,1.168,0.4292,2.8467,0.0
log_oscillatory,0,0.5,0,constant_oracle,1,1,240,240,1.0,0.0042,0.092398,0.013416,0.097165,0.086778,0.102784,0.104598,0.6417,1.4059,0.6322,1.0,0.9997,0.6641,0.75,1.4059,0.1125
log_oscillatory,0,0.5,0,window_mean,1,0,240,240,1.0,0.0042,0.1487,0.058864,0.132398,0.095878,0.185927,0.237002,0.2333,2.4175,0.8562,0.5708,1.528,1.0,0.0,2.4175,0.0
log_oscillatory,0,0.5,0,window_min,1,0,240,240,1.0,0.0,0.059589,0.022819,0.060904,0.043765,0.075647,0.092371,0.8167,1.0,0.3513,1.0,0.723,0.4137,1.0,1.0,0.0
log_oscillatory,0,0.5,0,last_value,1,0,240,240,1.0,0.0,0.092596,0.017482,0.095957,0.08063,0.104099,0.108284,0.0,1.3832,0.6342,0.9625,1.0,0.6545,0.7667,1.3832,0.0
log_slow,0,0.5,0,oracle_52,0,0,240,240,1.0,0.0,0.002694,0.003867,0.0014,0.0,0.003842,0.007326,1.0,0.0178,0.0056,1.0,0.013,0.0098,1.0,0.0178,1.0
log_slow,0,0.5,0,oracle_9,0,0,240,240,1.0,0.0,0.024689,0.014926,0.02493,0.012364,0.030982,0.044889,1.0,0.2701,0.1252,1.0,0.27,0.1594,1.0,0.2701,0.975
log_slow,0,0.5,0,threshold_ens_010,0,0,240,240,1.0,0.0,0.072694,0.030546,0.082786,0.037187,0.095903,0.111649,0.8,1.031,0.3847,0.9917,0.9042,0.5855,0.9958,1.031,0.3875
log_slow,0,0.5,0,threshold_ens_050,0,0,240,240,1.0,0.0,0.071622,0.031927,0.082839,0.033244,0.095984,0.112182,0.8083,1.025,0.3658,0.9917,0.8968,0.5826,0.9917,1.025,0.3958
log_slow,0,0.5,0,threshold_ens_safe,0,0,240,240,1.0,0.0,0.071596,0.031914,0.0828,0.033244,0.095984,0.112182,0.8125,1.0248,0.3658,0.9917,0.8903,0.5826,0.9917,1.0248,0.3958
log_slow,0,0.5,0,capped_diag_52,0,0,240,240,1.0,0.0,0.04018,0.025309,0.035026,0.021364,0.055392,0.06922,0.9833,0.4899,0.2484,0.9958,0.3853,0.2679,0.9917,0.4899,0.9333
log_slow,0,0.5,0,capped_diag_safe,0,0,240,240,1.0,0.0,0.038739,0.024519,0.034814,0.021063,0.051933,0.066925,0.9875,0.4749,0.2478,0.9958,0.371,0.2525,0.9958,0.4749,0.95
log_slow,0,0.5,0,diag_ensemble_52,0,0,240,240,1.0,0.0,0.04018,0.025309,0.035026,0.021364,0.055392,0.06922,0.9833,0.4899,0.2484,0.9958,0.3853,0.2679,0.9917,0.4899,0.9333
log_slow,0,0.5,0,diag_ensemble_safe,0,0,240,240,1.0,0.0,0.038739,0.024519,0.034814,0.021063,0.051933,0.066925,0.9875,0.4749,0.2478,0.9958,0.371,0.2525,0.9958,0.4749,0.95
log_slow,0,0.5,0,equal_ensemble_52,0,0,240,240,1.0,0.0,0.072505,0.031181,0.082925,0.033767,0.096361,0.112182,0.8083,1.0277,0.3683,0.9917,0.9046,0.5868,0.9917,1.0277,0.3875
log_slow,0,0.5,0,equal_ensemble_safe,0,0,240,240,1.0,0.0,0.071596,0.031914,0.0828,0.033244,0.095984,0.112182,0.8125,1.0248,0.3658,0.9917,0.8903,0.5826,0.9917,1.0248,0.3958
log_slow,0,0.5,0,diag_ensemble_9,0,0,240,240,1.0,0.0042,0.06352,0.066585,0.059323,0.049398,0.068573,0.076294,0.9792,0.6645,0.4157,0.9917,0.602,0.408,0.9875,0.6645,0.8417
log_slow,0,0.5,0,equal_ensemble_9,0,0,240,240,1.0,0.0,0.074923,0.022167,0.071286,0.058545,0.095262,0.106387,0.85,0.9384,0.4843,1.0,0.7503,0.5509,1.0,0.9384,0.5667
log_slow,0,0.5,0,phase2_cascade,0,0,240,240,1.0,0.0083,0.044308,0.054273,0.037082,0.017658,0.055855,0.067222,0.9333,0.3619,0.2172,1.0,0.3335,0.2098,0.9667,0.3619,0.8792
log_slow,0,0.5,0,fixed_rational,0,0,240,240,1.0,0.0083,0.065782,0.050003,0.066895,0.044586,0.071286,0.07774,0.9333,0.6964,0.4171,1.0,0.5992,0.4285,0.9667,0.6964,0.8333
log_slow,0,0.5,0,fixed_richardson,0,0,240,240,1.0,0.0,0.034954,0.020445,0.030396,0.013109,0.050081,0.062659,0.9958,0.3436,0.212,1.0,0.3172,0.1991,1.0,0.3436,0.9292
log_slow,0,0.5,0,constant_assumed,1,0,240,240,1.0,0.05,0.190467,0.119666,0.135804,0.109652,0.252814,0.335386,0.025,1.7818,1.0,0.0,1.3896,1.0677,0.425,1.7818,0.0
log_slow,0,0.5,0,constant_oracle,1,1,240,240,1.0,0.0,0.095699,0.011993,0.092479,0.087022,0.101156,0.114678,0.675,1.0549,0.7591,1.0,1.0,0.7103,1.0,1.0549,0.3583
log_slow,0,0.5,0,window_mean,1,0,240,240,1.0,0.0,0.139331,0.040709,0.132216,0.100985,0.17071,0.194376,0.05,1.6949,0.9366,0.575,1.4959,1.0,0.0,1.6949,0.0
log_slow,0,0.5,0,window_min,1,0,240,240,1.0,0.0,0.08387,0.020978,0.08468,0.073391,0.09665,0.114685,0.5542,1.0,0.5612,1.0,0.9755,0.59,1.0,1.0,0.0
log_slow,0,0.5,0,last_value,1,0,240,240,1.0,0.0,0.095991,0.017463,0.096036,0.083927,0.11016,0.11754,0.0,1.0252,0.7197,0.975,1.0,0.6685,0.95,1.0252,0.0
logistic_tail,1,0.02,0,oracle_52,0,0,240,240,1.0,0.0042,0.026927,0.048272,0.00435,0.001018,0.029264,0.084719,0.9875,0.1625,0.1129,0.7708,0.0594,0.0193,1.0,0.0659,0.9792
logistic_tail,1,0.02,0,oracle_9,0,0,240,240,1.0,0.0,0.115929,0.127707,0.048721,0.003778,0.189876,0.310338,0.95,1.1269,0.6528,0.5375,0.4335,0.1767,1.0,0.4819,0.9208
logistic_tail,1,0.02,0,threshold_ens_010,0,0,240,240,1.0,0.0208,0.239726,0.21481,0.199145,0.020221,0.471286,0.51539,0.4625,3.6042,3.209,0.3208,1.0035,0.4957,0.9125,1.0628,0.2458
logistic_tail,1,0.02,0,threshold_ens_050,0,0,240,240,1.0,0.0208,0.237948,0.213003,0.205184,0.019947,0.459965,0.51539,0.4625,3.6216,3.1774,0.325,1.0061,0.5051,0.9167,1.0627,0.25
logistic_tail,1,0.02,0,threshold_ens_safe,0,0,240,240,1.0,0.0208,0.235359,0.210668,0.202573,0.019947,0.42215,0.51539,0.4542,3.6216,3.1774,0.3208,1.0071,0.5039,0.9167,1.0628,0.2458
logistic_tail,1,0.02,0,capped_diag_52,0,0,240,240,1.0,0.0417,0.317316,0.383973,0.28288,0.015082,0.486453,0.72334,0.5917,3.5417,2.5339,0.3708,0.9701,0.595,0.8208,0.9989,0.5125
logistic_tail,1,0.02,0,capped_diag_safe,0,0,240,240,1.0,0.0458,0.324502,0.389052,0.293332,0.01599,0.493095,0.704605,0.5375,3.4076,3.1295,0.3417,0.986,0.6198,0.8292,1.0179,0.4417
logistic_tail,1,0.02,0,diag_ensemble_52,0,0,240,240,1.0,0.0417,0.317316,0.383973,0.28288,0.015082,0.486453,0.72334,0.5917,3.5417,2.5339,0.3708,0.9701,0.595,0.8208,0.9989,0.5125
logistic_tail,1,0.02,0,diag_ensemble_safe,0,0,240,240,1.0,0.0458,0.324502,0.389052,0.293332,0.01599,0.493095,0.704605,0.5375,3.4076,3.1295,0.3417,0.986,0.6198,0.8292,1.0179,0.4417
logistic_tail,1,0.02,0,equal_ensemble_52,0,0,240,240,1.0,0.0208,0.228662,0.204428,0.203998,0.020186,0.385238,0.512333,0.4667,3.6106,3.1072,0.325,1.0035,0.5026,0.9167,1.0621,0.2542
logistic_tail,1,0.02,0,equal_ensemble_safe,0,0,240,240,1.0,0.0208,0.235359,0.210668,0.202573,0.019947,0.42215,0.51539,0.4542,3.6216,3.1774,0.3208,1.0071,0.5039,0.9167,1.0628,0.2458
logistic_tail,1,0.02,0,diag_ensemble_9,0,0,240,240,1.0,0.0167,0.21902,0.194839,0.185274,0.030466,0.401733,0.490856,0.6208,3.3881,2.822,0.3417,0.9655,0.5886,0.9958,0.9925,0.525
logistic_tail,1,0.02,0,equal_ensemble_9,0,0,240,240,1.0,0.0167,0.221864,0.192422,0.194228,0.039768,0.380746,0.492372,0.525,3.4889,3.0645,0.2792,0.9988,0.5159,1.0,1.0,0.3833
logistic_tail,1,0.02,0,phase2_cascade,0,0,240,240,1.0,0.0333,0.214778,0.142918,0.145183,0.055078,0.360825,0.370488,0.3667,5.5271,4.5627,0.1625,1.2504,0.4752,1.0,1.2611,0.3417
logistic_tail,1,0.02,0,fixed_rational,0,0,240,240,1.0,0.0417,0.173348,0.121432,0.137075,0.055277,0.249887,0.346104,0.6542,4.8122,3.5638,0.1875,0.7706,0.4538,0.9875,0.7886,0.6125
logistic_tail,1,0.02,0,fixed_richardson,0,0,240,240,1.0,0.0375,0.255675,0.182707,0.249274,0.060762,0.400597,0.490637,0.2958,6.3372,5.4175,0.15,1.2538,0.6431,1.0,1.2622,0.2167
logistic_tail,1,0.02,0,constant_assumed,1,0,240,240,1.0,0.0583,0.076055,0.095991,0.036139,0.022404,0.075656,0.183187,0.75,1.0,1.0,0.0,0.2949,0.1172,0.9375,0.3073,0.7375
logistic_tail,1,0.02,0,constant_oracle,1,1,240,240,1.0,0.0,0.004456,0.003635,0.003879,0.001487,0.006848,0.009675,1.0,0.0831,0.0648,1.0,0.0197,0.0093,1.0,0.02,1.0
logistic_tail,1,0.02,0,window_mean,1,0,240,240,1.0,0.2,0.355705,0.16531,0.383855,0.24775,0.49207,0.539407,0.0,10.829,8.5371,0.0625,1.8932,1.0,0.0,2.3382,0.0
logistic_tail,1,0.02,0,window_min,1,0,240,240,1.0,0.0083,0.221194,0.184893,0.176665,0.04809,0.355186,0.495003,0.3333,3.4393,3.2538,0.2625,1.0,0.4412,1.0,1.0,0.0
logistic_tail,1,0.02,0,last_value,1,0,240,240,1.0,0.0,0.226779,0.185667,0.193204,0.072222,0.373982,0.495003,0.0,3.5565,3.3912,0.25,1.0,0.5284,1.0,1.0,0.0167
logistic_tail,1,0.1,0,oracle_52,0,0,240,240,1.0,0.0042,0.031853,0.054969,0.004507,0.0009,0.057412,0.104647,0.9792,0.1506,0.085,0.8083,0.0743,0.0204,1.0,0.0831,0.9875
logistic_tail,1,0.1,0,oracle_9,0,0,240,240,1.0,0.0,0.118375,0.125091,0.041211,0.004251,0.211967,0.315186,0.95,1.0,0.8358,0.5333,0.4955,0.1773,1.0,0.5168,0.9583
logistic_tail,1,0.1,0,threshold_ens_010,0,0,240,240,1.0,0.0167,0.222379,0.198451,0.187608,0.018626,0.438746,0.47553,0.4625,2.6908,2.4289,0.3458,1.0033,0.4887,0.9125,1.0674,0.2542
logistic_tail,1,0.1,0,threshold_ens_050,0,0,240,240,1.0,0.0167,0.222358,0.19837,0.188691,0.018626,0.445162,0.475054,0.4708,2.705,2.4292,0.3458,1.0041,0.4898,0.9167,1.0666,0.2542
logistic_tail,1,0.1,0,threshold_ens_safe,0,0,240,240,1.0,0.0167,0.218421,0.194677,0.189455,0.018697,0.397942,0.475054,0.4667,2.7068,2.4019,0.3458,1.0042,0.4916,0.9167,1.0667,0.25
logistic_tail,1,0.1,0,capped_diag_52,0,0,240,240,1.0,0.0625,0.297219,0.372518,0.179086,0.011144,0.451185,0.637182,0.5833,2.6758,1.9908,0.3917,0.9674,0.5183,0.8292,0.9999,0.5042
logistic_tail,1,0.1,0,capped_diag_safe,0,0,240,240,1.0,0.0667,0.296567,0.375237,0.197476,0.017052,0.456712,0.490121,0.5208,2.5997,2.2947,0.3667,0.9919,0.5213,0.9083,1.025,0.4375
logistic_tail,1,0.1,0,diag_ensemble_52,0,0,240,240,1.0,0.0625,0.297219,0.372518,0.179086,0.011144,0.451185,0.637182,0.5833,2.6758,1.9908,0.3917,0.9674,0.5183,0.8292,0.9999,0.5042
logistic_tail,1,0.1,0,diag_ensemble_safe,0,0,240,240,1.0,0.0667,0.296567,0.375237,0.197476,0.017052,0.456712,0.490121,0.5208,2.5997,2.2947,0.3667,0.9919,0.5213,0.9083,1.025,0.4375
logistic_tail,1,0.1,0,equal_ensemble_52,0,0,240,240,1.0,0.0167,0.210042,0.186602,0.188533,0.019132,0.349201,0.471594,0.4792,2.5753,2.3552,0.35,1.0016,0.4887,1.0,1.0639,0.2667
logistic_tail,1,0.1,0,equal_ensemble_safe,0,0,240,240,1.0,0.0167,0.218421,0.194677,0.189455,0.018697,0.397942,0.475054,0.4667,2.7068,2.4019,0.3458,1.0042,0.4916,0.9167,1.0667,0.25
logistic_tail,1,0.1,0,diag_ensemble_9,0,0,240,240,1.0,0.0167,0.209724,0.180515,0.258533,0.033063,0.369616,0.456273,0.5417,2.5456,2.3103,0.3333,0.9852,0.6169,0.9958,1.012,0.4625
logistic_tail,1,0.1,0,equal_ensemble_9,0,0,240,240,1.0,0.0125,0.205675,0.176935,0.182872,0.037151,0.359666,0.454264,0.4125,2.5378,2.3496,0.3083,1.0,0.4765,1.0,1.0,0.2917
logistic_tail,1,0.1,0,phase2_cascade,0,0,240,240,1.0,0.0458,0.217986,0.132964,0.169912,0.064547,0.351496,0.358148,0.3167,4.0679,3.758,0.1542,1.3252,0.5614,1.0,1.3364,0.3
logistic_tail,1,0.1,0,fixed_rational,0,0,240,240,1.0,0.05,0.181262,0.117576,0.156258,0.063414,0.261264,0.342057,0.5917,3.8524,3.1076,0.175,0.8928,0.5177,1.0,0.8986,0.5667
logistic_tail,1,0.1,0,fixed_richardson,0,0,240,240,1.0,0.0542,0.249939,0.163728,0.251151,0.06954,0.382802,0.454904,0.1417,5.0389,3.9343,0.1417,1.326,0.6915,1.0,1.3407,0.0625
logistic_tail,1,0.1,0,constant_assumed,1,0,240,240,1.0,0.0667,0.094482,0.097782,0.060507,0.037264,0.097048,0.220009,0.7208,1.0,1.0,0.0,0.4095,0.1651,0.9375,0.4177,0.7042
logistic_tail,1,0.1,0,constant_oracle,1,1,240,240,1.0,0.0083,0.022883,0.018979,0.01958,0.007359,0.035103,0.050414,0.9875,0.3153,0.2604,1.0,0.1103,0.0491,1.0,0.1111,0.9917
logistic_tail,1,0.1,0,window_mean,1,0,240,240,1.0,0.2042,0.337278,0.150997,0.368153,0.241877,0.463814,0.498668,0.0,7.0005,6.0589,0.0625,1.9856,1.0,0.0,2.3381,0.0
logistic_tail,1,0.1,0,window_min,1,0,240,240,1.0,0.0083,0.202976,0.169338,0.160964,0.043,0.326931,0.454264,0.3167,2.463,2.3941,0.2958,1.0,0.4352,1.0,1.0,0.0
logistic_tail,1,0.1,0,last_value,1,0,240,240,1.0,0.0,0.208395,0.170316,0.177502,0.066349,0.345727,0.454264,0.0,2.6635,2.4422,0.2792,1.0,0.5038,1.0,1.0,0.0333
logistic_tail,1,0.5,0,oracle_52,0,0,240,240,1.0,0.0,0.017486,0.030998,0.002286,2.4e-05,0.023509,0.052389,0.9958,0.0882,0.0291,1.0,0.0733,0.0132,1.0,0.0755,0.9958
logistic_tail,1,0.5,0,oracle_9,0,0,240,240,1.0,0.0,0.065301,0.072662,0.037793,0.003957,0.144234,0.183954,0.925,0.7078,0.148,1.0,0.5191,0.134,1.0,0.6253,0.875
logistic_tail,1,0.5,0,threshold_ens_010,0,0,240,240,1.0,0.0167,0.137762,0.117397,0.109687,0.028118,0.256523,0.314622,0.4458,1.1237,0.7514,0.75,1.0139,0.3833,0.9167,1.1122,0.2792
logistic_tail,1,0.5,0,threshold_ens_050,0,0,240,240,1.0,0.0167,0.134826,0.114665,0.111831,0.028118,0.255976,0.278653,0.4458,1.121,0.7485,0.7625,1.0169,0.3909,0.9167,1.1076,0.275
logistic_tail,1,0.5,0,threshold_ens_safe,0,0,240,240,1.0,0.0167,0.133309,0.113056,0.112007,0.028118,0.248257,0.275116,0.4375,1.1187,0.7485,0.7583,1.0157,0.3905,0.9167,1.1055,0.275
logistic_tail,1,0.5,0,capped_diag_52,0,0,240,240,1.0,0.0917,0.206491,0.312291,0.134256,0.010023,0.263235,0.300752,0.4458,1.114,0.7581,0.725,1.0405,0.47,0.8958,1.0982,0.3292
logistic_tail,1,0.5,0,capped_diag_safe,0,0,240,240,1.0,0.0917,0.21629,0.328744,0.150046,0.010463,0.265942,0.313458,0.3792,1.1614,0.81,0.6708,1.0743,0.486,0.875,1.1518,0.2667
logistic_tail,1,0.5,0,diag_ensemble_52,0,0,240,240,1.0,0.0917,0.206491,0.312291,0.134256,0.010023,0.263235,0.300752,0.4458,1.114,0.7581,0.725,1.0405,0.47,0.8958,1.0982,0.3292
logistic_tail,1,0.5,0,diag_ensemble_safe,0,0,240,240,1.0,0.0917,0.21629,0.328744,0.150046,0.010463,0.265942,0.313458,0.3792,1.1614,0.81,0.6708,1.0743,0.486,0.875,1.1518,0.2667
logistic_tail,1,0.5,0,equal_ensemble_52,0,0,240,240,1.0,0.0167,0.123828,0.10461,0.110391,0.016164,0.207662,0.271175,0.4625,1.1068,0.6933,0.7958,1.0112,0.3862,1.0,1.0978,0.2958
logistic_tail,1,0.5,0,equal_ensemble_safe,0,0,240,240,1.0,0.0167,0.133309,0.113056,0.112007,0.028118,0.248257,0.275116,0.4375,1.1187,0.7485,0.7583,1.0157,0.3905,0.9167,1.1055,0.275
logistic_tail,1,0.5,0,diag_ensemble_9,0,0,240,240,1.0,0.0042,0.136755,0.109691,0.145599,0.022853,0.233081,0.268638,0.2792,1.2475,0.8694,0.7208,1.1374,0.4911,0.975,1.2085,0.175
logistic_tail,1,0.5,0,equal_ensemble_9,0,0,240,240,1.0,0.0042,0.123517,0.099667,0.113562,0.034277,0.203771,0.261591,0.2458,1.0681,0.7706,0.825,1.0146,0.3917,1.0,1.0599,0.1667
logistic_tail,1,0.5,0,phase2_cascade,0,0,240,240,1.0,0.1667,0.160086,0.07352,0.149907,0.072244,0.206829,0.257089,0.275,1.9119,1.2694,0.4375,1.7087,0.6429,1.0,1.8916,0.2625
logistic_tail,1,0.5,0,fixed_rational,0,0,240,240,1.0,0.1583,0.133202,0.059051,0.138512,0.070551,0.1812,0.196171,0.325,1.2738,0.9473,0.5542,1.1904,0.539,1.0,1.2738,0.2917
logistic_tail,1,0.5,0,fixed_richardson,0,0,240,240,1.0,0.1667,0.179266,0.086103,0.200109,0.075519,0.259172,0.263479,0.0458,1.979,1.3258,0.3792,1.7219,0.7338,1.0,1.9369,0.0083
logistic_tail,1,0.5,0,constant_assumed,1,0,240,240,1.0,0.15,0.185296,0.134378,0.172472,0.065874,0.272767,0.334259,0.0542,1.5113,1.0,0.0,1.4565,0.5537,0.8125,1.4842,0.025
logistic_tail,1,0.5,0,constant_oracle,1,1,240,240,1.0,0.0125,0.113697,0.094109,0.097057,0.036691,0.174063,0.250458,0.8042,0.9852,0.6361,1.0,0.978,0.3127,1.0,0.9815,0.6875
logistic_tail,1,0.5,0,window_mean,1,0,240,240,1.0,0.3958,0.246464,0.086194,0.272685,0.212546,0.309749,0.330607,0.0,3.0823,1.806,0.1875,2.6185,1.0,0.0,2.8708,0.0
logistic_tail,1,0.5,0,window_min,1,0,240,240,1.0,0.0167,0.11346,0.093035,0.083487,0.030993,0.187971,0.254221,0.3042,1.0,0.6738,0.975,1.0,0.3486,1.0,1.0,0.0
logistic_tail,1,0.5,0,last_value,1,0,240,240,1.0,0.0,0.118086,0.094991,0.100026,0.040167,0.206054,0.254221,0.0,1.0,0.6866,0.9458,1.0,0.3819,1.0,1.0,0.0458
mixed_pow_rat,0,0.02,0,oracle_52,0,0,240,240,1.0,0.0,0.008028,0.012066,0.003882,0.002109,0.007393,0.018121,1.0,0.1087,0.1003,1.0,0.0211,0.0149,1.0,0.0212,1.0
mixed_pow_rat,0,0.02,0,oracle_9,0,0,240,240,1.0,0.0,0.021705,0.021826,0.015811,0.007536,0.02929,0.051765,0.9958,0.3377,0.2773,0.8125,0.0866,0.0568,1.0,0.0866,0.9958
mixed_pow_rat,0,0.02,0,threshold_ens_010,0,0,240,240,1.0,0.0,0.130242,0.073351,0.126931,0.06202,0.181633,0.249353,0.7917,1.8704,1.8158,0.325,0.9363,0.6617,1.0,1.0026,0.4958
mixed_pow_rat,0,0.02,0,threshold_ens_050,0,0,240,240,1.0,0.0,0.129555,0.073876,0.125992,0.06202,0.181821,0.249257,0.8083,1.8704,1.8046,0.325,0.9292,0.6624,1.0,0.9993,0.5125
mixed_pow_rat,0,0.02,0,threshold_ens_safe,0,0,240,240,1.0,0.0,0.129295,0.073958,0.124751,0.06202,0.181821,0.249257,0.8167,1.8651,1.7896,0.3292,0.9281,0.6603,1.0,0.9984,0.5208
mixed_pow_rat,0,0.02,0,capped_diag_52,0,0,240,240,1.0,0.0,0.108053,0.100016,0.083467,0.037482,0.135534,0.184329,0.9167,1.9028,1.9028,0.3958,0.5602,0.4259,0.95,0.6174,0.9083
mixed_pow_rat,0,0.02,0,capped_diag_safe,0,0,240,240,1.0,0.0,0.107631,0.100664,0.081882,0.036628,0.134899,0.184329,0.9167,1.8756,1.8756,0.3958,0.558,0.4223,0.95,0.6137,0.9125
mixed_pow_rat,0,0.02,0,diag_ensemble_52,0,0,240,240,1.0,0.0,0.108053,0.100016,0.083467,0.037482,0.135534,0.184329,0.9167,1.9028,1.9028,0.3958,0.5602,0.4259,0.95,0.6174,0.9083
mixed_pow_rat,0,0.02,0,diag_ensemble_safe,0,0,240,240,1.0,0.0,0.107631,0.100664,0.081882,0.036628,0.134899,0.184329,0.9167,1.8756,1.8756,0.3958,0.558,0.4223,0.95,0.6137,0.9125
mixed_pow_rat,0,0.02,0,equal_ensemble_52,0,0,240,240,1.0,0.0,0.128526,0.07537,0.125828,0.060052,0.181821,0.250077,0.8167,1.7641,1.7361,0.3292,0.934,0.6649,1.0,0.9996,0.5083
mixed_pow_rat,0,0.02,0,equal_ensemble_safe,0,0,240,240,1.0,0.0,0.129295,0.073958,0.124751,0.06202,0.181821,0.249257,0.8167,1.8651,1.7896,0.3292,0.9281,0.6603,1.0,0.9984,0.5208
mixed_pow_rat,0,0.02,0,diag_ensemble_9,0,0,240,240,1.0,0.0,0.105579,0.052262,0.101181,0.06135,0.142451,0.18613,0.9875,2.055,2.055,0.375,0.6035,0.4272,1.0,0.6296,0.9792
mixed_pow_rat,0,0.02,0,equal_ensemble_9,0,0,240,240,1.0,0.0,0.130595,0.067742,0.109914,0.065844,0.179481,0.248317,0.9,2.4336,2.4336,0.3333,0.6726,0.4958,1.0,0.6917,0.7542
mixed_pow_rat,0,0.02,0,phase2_cascade,0,0,240,240,1.0,0.0042,0.051059,0.054256,0.038023,0.012916,0.062978,0.106489,0.95,0.7025,0.5575,0.7208,0.2054,0.1407,0.9708,0.2162,0.9375
mixed_pow_rat,0,0.02,0,fixed_rational,0,0,240,240,1.0,0.0042,0.092675,0.072011,0.107787,0.019835,0.163881,0.174283,0.9625,1.1552,0.9839,0.5125,0.5827,0.389,0.9708,0.5979,0.9583
mixed_pow_rat,0,0.02,0,fixed_richardson,0,0,240,240,1.0,0.0,0.048189,0.044911,0.0366,0.011379,0.06278,0.106489,0.95,0.656,0.5175,0.725,0.2036,0.1349,0.975,0.2118,0.9375
mixed_pow_rat,0,0.02,0,constant_assumed,1,0,240,240,1.0,0.0042,0.106089,0.123023,0.055743,0.016069,0.155329,0.233438,0.7792,1.0,1.0,0.0,0.2829,0.2104,0.8375,0.3409,0.7625
mixed_pow_rat,0,0.02,0,constant_oracle,1,1,240,240,1.0,0.0,0.003603,0.001021,0.003366,0.002859,0.00411,0.005187,1.0,0.0796,0.0796,1.0,0.0204,0.0154,1.0,0.0209,1.0
mixed_pow_rat,0,0.02,0,window_mean,1,0,240,240,1.0,0.0,0.240573,0.076857,0.234869,0.177239,0.298933,0.344814,0.0042,4.9215,4.9215,0.1625,1.3344,1.0,0.0,1.386,0.0
mixed_pow_rat,0,0.02,0,window_min,1,0,240,240,1.0,0.0,0.166635,0.054071,0.147509,0.122107,0.192518,0.254156,0.475,2.9335,2.9335,0.2375,1.0,0.7215,1.0,1.0,0.0
mixed_pow_rat,0,0.02,0,last_value,1,0,240,240,1.0,0.0,0.176293,0.051987,0.165498,0.135091,0.222577,0.254156,0.0,3.6836,3.6836,0.2208,1.0,0.7494,0.9958,1.0,0.0
mixed_pow_rat,0,0.1,0,oracle_52,0,0,240,240,1.0,0.0,0.006042,0.007707,0.002977,0.000832,0.009153,0.016341,1.0,0.0532,0.0444,1.0,0.0148,0.0106,1.0,0.0161,1.0
mixed_pow_rat,0,0.1,0,oracle_9,0,0,240,240,1.0,0.0,0.022284,0.023976,0.010404,0.003932,0.033919,0.05837,1.0,0.1865,0.168,0.8625,0.0733,0.0516,1.0,0.0776,1.0
mixed_pow_rat,0,0.1,0,threshold_ens_010,0,0,240,240,1.0,0.0,0.117335,0.070621,0.116966,0.052947,0.166946,0.23124,0.7708,1.3738,1.1806,0.4417,0.9343,0.6452,1.0,1.0041,0.475
mixed_pow_rat,0,0.1,0,threshold_ens_050,0,0,240,240,1.0,0.0,0.116823,0.070783,0.115794,0.052947,0.167204,0.229971,0.7792,1.3635,1.1796,0.4417,0.9281,0.6458,1.0,1.002,0.4875
mixed_pow_rat,0,0.1,0,threshold_ens_safe,0,0,240,240,1.0,0.0,0.116659,0.070769,0.115612,0.052947,0.167204,0.229971,0.7833,1.3635,1.1793,0.4417,0.9225,0.6448,1.0,1.0016,0.4917
mixed_pow_rat,0,0.1,0,capped_diag_52,0,0,240,240,1.0,0.0,0.110903,0.102103,0.082964,0.045285,0.136306,0.182967,0.9167,1.3365,1.3234,0.4333,0.6227,0.4562,0.925,0.6786,0.8958
mixed_pow_rat,0,0.1,0,capped_diag_safe,0,0,240,240,1.0,0.0,0.10935,0.10321,0.080953,0.045163,0.132387,0.181614,0.9167,1.3305,1.3202,0.4458,0.6051,0.4364,0.925,0.6729,0.9042
mixed_pow_rat,0,0.1,0,diag_ensemble_52,0,0,240,240,1.0,0.0,0.110903,0.102103,0.082964,0.045285,0.136306,0.182967,0.9167,1.3365,1.3234,0.4333,0.6227,0.4562,0.925,0.6786,0.8958
mixed_pow_rat,0,0.1,0,diag_ensemble_safe,0,0,240,240,1.0,0.0,0.10935,0.10321,0.080953,0.045163,0.132387,0.181614,0.9167,1.3305,1.3202,0.4458,0.6051,0.4364,0.925,0.6729,0.9042
mixed_pow_rat,0,0.1,0,equal_ensemble_52,0,0,240,240,1.0,0.0,0.116758,0.071422,0.116707,0.051241,0.167448,0.230477,0.7917,1.3718,1.1755,0.4375,0.9341,0.646,1.0,1.0042,0.4833
mixed_pow_rat,0,0.1,0,equal_ensemble_safe,0,0,240,240,1.0,0.0,0.116659,0.070769,0.115612,0.052947,0.167204,0.229971,0.7833,1.3635,1.1793,0.4417,0.9225,0.6448,1.0,1.0016,0.4917
mixed_pow_rat,0,0.1,0,diag_ensemble_9,0,0,240,240,1.0,0.0,0.10546,0.05135,0.10587,0.060088,0.141112,0.182587,0.9708,1.4939,1.4555,0.4,0.6517,0.4559,0.9958,0.6784,0.95
mixed_pow_rat,0,0.1,0,equal_ensemble_9,0,0,240,240,1.0,0.0,0.117116,0.063876,0.098235,0.055953,0.164082,0.227584,0.9,1.6063,1.6063,0.3792,0.656,0.4725,1.0,0.6713,0.7542
mixed_pow_rat,0,0.1,0,phase2_cascade,0,0,240,240,1.0,0.0042,0.04702,0.04048,0.043251,0.015484,0.065612,0.090739,0.9875,0.4601,0.3359,0.7208,0.2869,0.2109,0.9875,0.307,0.9833
mixed_pow_rat,0,0.1,0,fixed_rational,0,0,240,240,1.0,0.0042,0.082079,0.063875,0.096151,0.017346,0.14617,0.156359,0.9625,0.7564,0.7125,0.6375,0.5649,0.3659,0.9708,0.5819,0.9583
mixed_pow_rat,0,0.1,0,fixed_richardson,0,0,240,240,1.0,0.0,0.043595,0.031002,0.041607,0.011776,0.065598,0.089595,0.9958,0.4325,0.3017,0.7208,0.2679,0.1995,1.0,0.2923,0.9917
mixed_pow_rat,0,0.1,0,constant_assumed,1,0,240,240,1.0,0.0042,0.120495,0.123125,0.071093,0.031247,0.17337,0.253095,0.7292,1.0,1.0,0.0,0.4153,0.2929,0.8125,0.4605,0.7042
mixed_pow_rat,0,0.1,0,constant_oracle,1,1,240,240,1.0,0.0,0.018008,0.005099,0.016828,0.014294,0.020543,0.02592,1.0,0.2984,0.2984,1.0,0.1111,0.0819,1.0,0.1139,1.0
mixed_pow_rat,0,0.1,0,window_mean,1,0,240,240,1.0,0.0,0.226168,0.072884,0.221408,0.165804,0.282501,0.32408,0.0042,3.4671,3.4671,0.1875,1.3651,1.0,0.0,1.422,0.0
mixed_pow_rat,0,0.1,0,window_min,1,0,240,240,1.0,0.0,0.152229,0.050126,0.134261,0.112141,0.176086,0.233422,0.475,2.1717,2.1717,0.2958,1.0,0.7032,1.0,1.0,0.0
mixed_pow_rat,0,0.1,0,last_value,1,0,240,240,1.0,0.0,0.161887,0.048031,0.151416,0.124636,0.201844,0.233422,0.0,2.4344,2.4344,0.2708,1.0,0.7325,0.9958,1.0,0.0
mixed_pow_rat,0,0.5,0,oracle_52,0,0,240,240,1.0,0.0,0.004523,0.00768,0.001401,4.7e-05,0.004888,0.013762,1.0,0.0234,0.0082,1.0,0.0177,0.0106,1.0,0.0234,1.0
mixed_pow_rat,0,0.5,0,oracle_9,0,0,240,240,1.0,0.0,0.014761,0.019393,0.004699,0.001577,0.0228,0.049313,0.9958,0.0765,0.0313,1.0,0.0606,0.0348,1.0,0.0765,0.9958
mixed_pow_rat,0,0.5,0,threshold_ens_010,0,0,240,240,1.0,0.0042,0.058853,0.045776,0.064664,0.006092,0.09268,0.128461,0.7667,1.0103,0.3226,0.9833,0.8804,0.5024,1.0,1.0103,0.475
mixed_pow_rat,0,0.5,0,threshold_ens_050,0,0,240,240,1.0,0.0042,0.057879,0.046186,0.06472,0.005606,0.092783,0.128162,0.7708,1.0049,0.3104,0.9833,0.8713,0.5019,1.0,1.0049,0.475
mixed_pow_rat,0,0.5,0,threshold_ens_safe,0,0,240,240,1.0,0.0042,0.05779,0.046236,0.064771,0.00484,0.092772,0.128162,0.775,1.0046,0.3099,0.9833,0.8713,0.5022,1.0,1.0046,0.4792
mixed_pow_rat,0,0.5,0,capped_diag_52,0,0,240,240,1.0,0.0042,0.070966,0.09234,0.042433,0.014156,0.076475,0.131253,0.875,0.7204,0.2937,0.9375,0.5679,0.3445,0.9167,0.7204,0.7917
mixed_pow_rat,0,0.5,0,capped_diag_safe,0,0,240,240,1.0,0.0042,0.076014,0.094816,0.052696,0.019427,0.084767,0.116118,0.8625,0.8276,0.3567,0.9375,0.6682,0.4084,0.9208,0.8276,0.7458
mixed_pow_rat,0,0.5,0,diag_ensemble_52,0,0,240,240,1.0,0.0042,0.070966,0.09234,0.042433,0.014156,0.076475,0.131253,0.875,0.7204,0.2937,0.9375,0.5679,0.3445,0.9167,0.7204,0.7917
mixed_pow_rat,0,0.5,0,diag_ensemble_safe,0,0,240,240,1.0,0.0042,0.076014,0.094816,0.052696,0.019427,0.084767,0.116118,0.8625,0.8276,0.3567,0.9375,0.6682,0.4084,0.9208,0.8276,0.7458
mixed_pow_rat,0,0.5,0,equal_ensemble_52,0,0,240,240,1.0,0.0042,0.057319,0.046157,0.062856,0.00564,0.092784,0.127109,0.8,1.0004,0.305,0.9833,0.8634,0.5019,1.0,1.0004,0.5
mixed_pow_rat,0,0.5,0,equal_ensemble_safe,0,0,240,240,1.0,0.0042,0.05779,0.046236,0.064771,0.00484,0.092772,0.128162,0.775,1.0046,0.3099,0.9833,0.8713,0.5022,1.0,1.0046,0.4792
mixed_pow_rat,0,0.5,0,diag_ensemble_9,0,0,240,240,1.0,0.0,0.060377,0.032966,0.062709,0.02924,0.082996,0.105821,0.95,0.7455,0.3541,0.9917,0.6556,0.373,1.0,0.7455,0.7958
mixed_pow_rat,0,0.5,0,equal_ensemble_9,0,0,240,240,1.0,0.0,0.056125,0.04096,0.050428,0.017469,0.089095,0.124019,0.8917,0.6524,0.2873,0.9917,0.5516,0.3272,1.0,0.6524,0.7125
mixed_pow_rat,0,0.5,0,phase2_cascade,0,0,240,240,1.0,0.0042,0.034555,0.026344,0.031485,0.008303,0.061165,0.071065,0.975,0.4207,0.1574,1.0,0.3405,0.1912,1.0,0.4207,0.9708
mixed_pow_rat,0,0.5,0,fixed_rational,0,0,240,240,1.0,0.0042,0.038443,0.029751,0.048386,0.007638,0.062468,0.074767,0.9625,0.5361,0.1757,1.0,0.4957,0.2615,1.0,0.5361,0.9417
mixed_pow_rat,0,0.5,0,fixed_richardson,0,0,240,240,1.0,0.0,0.033723,0.026197,0.023914,0.009015,0.060987,0.070989,0.9875,0.3973,0.155,1.0,0.311,0.1837,1.0,0.3973,0.9833
mixed_pow_rat,0,0.5,0,constant_assumed,1,0,240,240,1.0,0.0875,0.192408,0.125627,0.149265,0.098417,0.245961,0.35129,0.0625,1.8903,1.0,0.0,1.575,0.9366,0.5583,1.8903,0.0
mixed_pow_rat,0,0.5,0,constant_oracle,1,1,240,240,1.0,0.0042,0.089921,0.025464,0.083951,0.071367,0.102505,0.129488,0.6833,1.0406,0.674,1.0,0.9961,0.6081,1.0,1.0406,0.3875
mixed_pow_rat,0,0.5,0,window_mean,1,0,240,240,1.0,0.0083,0.154255,0.05331,0.154284,0.108731,0.200538,0.220512,0.0042,1.795,1.0677,0.4417,1.6704,1.0,0.0,1.795,0.0
mixed_pow_rat,0,0.5,0,window_min,1,0,240,240,1.0,0.0,0.080316,0.03095,0.074683,0.05941,0.095856,0.129854,0.475,1.0,0.529,1.0,1.0,0.5571,1.0,1.0,0.0
mixed_pow_rat,0,0.5,0,last_value,1,0,240,240,1.0,0.0,0.089975,0.028794,0.085021,0.068037,0.1103,0.129854,0.0,1.0,0.6355,0.9375,1.0,0.5987,0.9958,1.0,0.0
multiphase,0,0.02,0,oracle_52,0,0,240,240,1.0,0.0,0.009586,0.008594,0.00733,0.004212,0.012588,0.020532,1.0,0.185,0.1784,1.0,0.0332,0.0246,1.0,0.0338,1.0
multiphase,0,0.02,0,oracle_9,0,0,240,240,1.0,0.0,0.02305,0.019906,0.018701,0.009133,0.030248,0.047082,1.0,0.3819,0.3653,0.8292,0.0771,0.0547,1.0,0.0815,1.0
multiphase,0,0.02,0,threshold_ens_010,0,0,240,240,1.0,0.0,0.190165,0.063284,0.183376,0.153745,0.218546,0.303786,0.7875,5.2577,5.2577,0.175,0.9556,0.6457,1.0,1.0057,0.4583
multiphase,0,0.02,0,threshold_ens_050,0,0,240,240,1.0,0.0,0.186539,0.065815,0.182171,0.149486,0.217602,0.302666,0.8,4.6072,4.6072,0.1833,0.9521,0.6404,1.0,1.0028,0.4792
multiphase,0,0.02,0,threshold_ens_safe,0,0,240,240,1.0,0.0,0.186411,0.065866,0.182171,0.147718,0.217602,0.302666,0.8,4.6072,4.6072,0.1833,0.9521,0.6404,1.0,1.0023,0.4792
multiphase,0,0.02,0,capped_diag_52,0,0,240,240,1.0,0.0,0.128399,0.038404,0.131382,0.104781,0.149152,0.179802,0.9958,4.0874,4.0874,0.3083,0.6151,0.4326,1.0,0.6416,0.975
multiphase,0,0.02,0,capped_diag_safe,0,0,240,240,1.0,0.0,0.127419,0.038143,0.130583,0.103808,0.146481,0.177282,0.9958,4.0794,4.0794,0.3083,0.6115,0.4297,1.0,0.6336,0.9792
multiphase,0,0.02,0,diag_ensemble_52,0,0,240,240,1.0,0.0,0.128399,0.038404,0.131382,0.104781,0.149152,0.179802,0.9958,4.0874,4.0874,0.3083,0.6151,0.4326,1.0,0.6416,0.975
multiphase,0,0.02,0,diag_ensemble_safe,0,0,240,240,1.0,0.0,0.127419,0.038143,0.130583,0.103808,0.146481,0.177282,0.9958,4.0794,4.0794,0.3083,0.6115,0.4297,1.0,0.6336,0.9792
multiphase,0,0.02,0,equal_ensemble_52,0,0,240,240,1.0,0.0,0.189502,0.063499,0.182444,0.145949,0.219008,0.303508,0.7958,5.2646,5.2646,0.1792,0.9592,0.635,1.0,1.0051,0.4542
multiphase,0,0.02,0,equal_ensemble_safe,0,0,240,240,1.0,0.0,0.186411,0.065866,0.182171,0.147718,0.217602,0.302666,0.8,4.6072,4.6072,0.1833,0.9521,0.6404,1.0,1.0023,0.4792
multiphase,0,0.02,0,diag_ensemble_9,0,0,240,240,1.0,0.0,0.149875,0.028224,0.149182,0.133581,0.1652,0.185869,0.9833,4.7151,4.7151,0.2542,0.6702,0.4559,0.9917,0.6942,0.9292
multiphase,0,0.02,0,equal_ensemble_9,0,0,240,240,1.0,0.0,0.17835,0.032686,0.183996,0.149679,0.204555,0.210465,0.9667,5.4829,5.4829,0.2042,0.8412,0.5905,1.0,0.8446,0.8167
multiphase,0,0.02,0,phase2_cascade,0,0,240,240,1.0,0.0,0.084165,0.048185,0.077022,0.036182,0.135756,0.139226,0.9917,1.2996,1.2996,0.4167,0.2882,0.2081,1.0,0.3346,0.975
multiphase,0,0.02,0,fixed_rational,0,0,240,240,1.0,0.0,0.083993,0.048153,0.066662,0.043706,0.13227,0.135625,0.9917,1.0331,1.005,0.5,0.3028,0.2075,1.0,0.354,0.975
multiphase,0,0.02,0,fixed_richardson,0,0,240,240,1.0,0.0,0.082528,0.048193,0.073191,0.035442,0.134998,0.139047,0.9958,1.4591,1.4591,0.4042,0.2693,0.1744,1.0,0.2822,0.9792
multiphase,0,0.02,0,constant_assumed,1,0,240,240,1.0,0.0,0.087941,0.09697,0.032081,0.022583,0.150715,0.21649,0.8833,1.0,1.0,0.0,0.1434,0.1181,0.925,0.1587,0.8625
multiphase,0,0.02,0,constant_oracle,1,1,240,240,1.0,0.0,0.004604,0.000992,0.004246,0.003907,0.004943,0.00624,1.0,0.143,0.143,1.0,0.0204,0.0154,1.0,0.0208,1.0
multiphase,0,0.02,0,window_mean,1,0,240,240,1.0,0.0,0.310122,0.104225,0.293885,0.219467,0.384482,0.457774,0.025,8.4707,8.4707,0.075,1.3918,1.0,0.0,1.4825,0.0
multiphase,0,0.02,0,window_min,1,0,240,240,1.0,0.0,0.215001,0.053737,0.195127,0.178965,0.234062,0.305768,0.4833,6.3003,6.3003,0.1375,1.0,0.6745,1.0,1.0,0.0
multiphase,0,0.02,0,last_value,1,0,240,240,1.0,0.0,0.225284,0.049773,0.214824,0.185715,0.257525,0.305768,0.0,6.972,6.972,0.1167,1.0,0.7185,0.975,1.0,0.0
multiphase,0,0.1,0,oracle_52,0,0,240,240,1.0,0.0,0.009856,0.008135,0.008691,0.002989,0.014683,0.021666,1.0,0.1118,0.0932,1.0,0.0378,0.027,1.0,0.0411,1.0
multiphase,0,0.1,0,oracle_9,0,0,240,240,1.0,0.0,0.024697,0.016502,0.021178,0.013111,0.036555,0.044747,1.0,0.3623,0.3431,0.9042,0.1077,0.0748,1.0,0.1131,1.0
multiphase,0,0.1,0,threshold_ens_010,0,0,240,240,1.0,0.0,0.17278,0.060146,0.169336,0.137067,0.200505,0.278831,0.7833,2.9025,2.9025,0.2375,0.9557,0.6274,1.0,1.0071,0.45
multiphase,0,0.1,0,threshold_ens_050,0,0,240,240,1.0,0.0,0.170087,0.062184,0.168195,0.136265,0.200339,0.277711,0.7958,2.8045,2.8045,0.2375,0.9525,0.6197,1.0,1.0043,0.4667
multiphase,0,0.1,0,threshold_ens_safe,0,0,240,240,1.0,0.0,0.169964,0.062227,0.168195,0.135784,0.200339,0.277712,0.7958,2.8045,2.8045,0.2375,0.9521,0.6197,1.0,1.0034,0.4667
multiphase,0,0.1,0,capped_diag_52,0,0,240,240,1.0,0.0,0.121931,0.033865,0.124459,0.09846,0.14007,0.169268,0.9917,2.358,2.358,0.3333,0.6216,0.4358,0.9958,0.6565,0.95
multiphase,0,0.1,0,capped_diag_safe,0,0,240,240,1.0,0.0,0.120382,0.033774,0.122996,0.09722,0.137926,0.166035,0.9917,2.3427,2.3427,0.3333,0.6091,0.4321,0.9958,0.6487,0.95
multiphase,0,0.1,0,diag_ensemble_52,0,0,240,240,1.0,0.0,0.121931,0.033865,0.124459,0.09846,0.14007,0.169268,0.9917,2.358,2.358,0.3333,0.6216,0.4358,0.9958,0.6565,0.95
multiphase,0,0.1,0,diag_ensemble_safe,0,0,240,240,1.0,0.0,0.120382,0.033774,0.122996,0.09722,0.137926,0.166035,0.9917,2.3427,2.3427,0.3333,0.6091,0.4321,0.9958,0.6487,0.95
multiphase,0,0.1,0,equal_ensemble_52,0,0,240,240,1.0,0.0,0.172416,0.060226,0.168195,0.135738,0.20141,0.27976,0.7875,2.8045,2.8045,0.2333,0.9588,0.6273,1.0,1.0078,0.4417
multiphase,0,0.1,0,equal_ensemble_safe,0,0,240,240,1.0,0.0,0.169964,0.062227,0.168195,0.135784,0.200339,0.277712,0.7958,2.8045,2.8045,0.2375,0.9521,0.6197,1.0,1.0034,0.4667
multiphase,0,0.1,0,diag_ensemble_9,0,0,240,240,1.0,0.0,0.141756,0.027705,0.138701,0.125264,0.154939,0.182739,0.9833,2.7839,2.7839,0.3042,0.6844,0.458,0.9917,0.7136,0.9083
multiphase,0,0.1,0,equal_ensemble_9,0,0,240,240,1.0,0.0,0.160581,0.028947,0.167579,0.135557,0.185747,0.18791,0.9667,3.0362,3.0362,0.2708,0.8303,0.5671,1.0,0.8318,0.8167
multiphase,0,0.1,0,phase2_cascade,0,0,240,240,1.0,0.0,0.081005,0.039634,0.087905,0.044504,0.11983,0.12461,0.9958,1.154,1.1487,0.4458,0.3269,0.2128,1.0,0.3308,0.9708
multiphase,0,0.1,0,fixed_rational,0,0,240,240,1.0,0.0,0.076923,0.041535,0.058465,0.03756,0.118014,0.122625,0.9958,0.8479,0.8272,0.65,0.2716,0.191,1.0,0.33,0.975
multiphase,0,0.1,0,fixed_richardson,0,0,240,240,1.0,0.0,0.079828,0.039646,0.087393,0.044352,0.119228,0.123966,0.9958,1.1889,1.1889,0.4333,0.3198,0.2119,1.0,0.3286,0.975
multiphase,0,0.1,0,constant_assumed,1,0,240,240,1.0,0.0,0.106356,0.097092,0.051814,0.039432,0.173116,0.240423,0.8292,1.0,1.0,0.0,0.2513,0.2046,0.9,0.275,0.8042
multiphase,0,0.1,0,constant_oracle,1,1,240,240,1.0,0.0,0.023019,0.004957,0.021231,0.019538,0.024712,0.031195,1.0,0.4548,0.4548,1.0,0.1111,0.0822,1.0,0.1133,1.0
multiphase,0,0.1,0,window_mean,1,0,240,240,1.0,0.0,0.291707,0.100459,0.2769,0.203836,0.364713,0.432819,0.025,4.8884,4.8884,0.1,1.4284,1.0,0.0,1.5276,0.0
multiphase,0,0.1,0,window_min,1,0,240,240,1.0,0.0,0.196586,0.049924,0.179198,0.16343,0.214293,0.280812,0.4833,3.6359,3.6359,0.1958,1.0,0.6546,1.0,1.0,0.0
multiphase,0,0.1,0,last_value,1,0,240,240,1.0,0.0,0.206869,0.045919,0.196783,0.17087,0.237756,0.280812,0.0,3.9794,3.9794,0.1708,1.0,0.7001,0.975,1.0,0.0
multiphase,0,0.5,0,oracle_52,0,0,240,240,1.0,0.0,0.007312,0.007776,0.004057,0.000848,0.011977,0.020064,1.0,0.0492,0.0263,1.0,0.0403,0.0278,1.0,0.0492,1.0
multiphase,0,0.5,0,oracle_9,0,0,240,240,1.0,0.0,0.017691,0.014149,0.01599,0.004866,0.025661,0.040948,0.9958,0.1659,0.065,1.0,0.1497,0.0858,1.0,0.1659,0.9958
multiphase,0,0.5,0,threshold_ens_010,0,0,240,240,1.0,0.0,0.089813,0.039148,0.092603,0.060247,0.110077,0.154563,0.7708,1.015,0.4963,0.9875,0.9223,0.4789,1.0,1.015,0.4458
multiphase,0,0.5,0,threshold_ens_050,0,0,240,240,1.0,0.0,0.089204,0.039793,0.09249,0.054935,0.110189,0.155777,0.775,1.0119,0.4898,0.9875,0.9183,0.4785,1.0,1.0119,0.4542
multiphase,0,0.5,0,threshold_ens_safe,0,0,240,240,1.0,0.0,0.089091,0.039826,0.092483,0.054671,0.110189,0.155777,0.775,1.0119,0.4898,0.9875,0.9183,0.4785,1.0,1.0119,0.4542
multiphase,0,0.5,0,capped_diag_52,0,0,240,240,1.0,0.0,0.061908,0.029189,0.060423,0.044418,0.076352,0.098161,0.9792,0.6284,0.4003,0.9958,0.5582,0.3277,0.9958,0.6284,0.8833
multiphase,0,0.5,0,capped_diag_safe,0,0,240,240,1.0,0.0,0.061864,0.025428,0.062626,0.048606,0.07685,0.09353,0.9625,0.6196,0.4132,0.9958,0.5743,0.3379,0.9958,0.6196,0.8667
multiphase,0,0.5,0,diag_ensemble_52,0,0,240,240,1.0,0.0,0.061908,0.029189,0.060423,0.044418,0.076352,0.098161,0.9792,0.6284,0.4003,0.9958,0.5582,0.3277,0.9958,0.6284,0.8833
multiphase,0,0.5,0,diag_ensemble_safe,0,0,240,240,1.0,0.0,0.061864,0.025428,0.062626,0.048606,0.07685,0.09353,0.9625,0.6196,0.4132,0.9958,0.5743,0.3379,0.9958,0.6196,0.8667
multiphase,0,0.5,0,equal_ensemble_52,0,0,240,240,1.0,0.0,0.088381,0.041411,0.092082,0.052665,0.110864,0.156464,0.775,1.0151,0.4833,0.9875,0.923,0.4694,1.0,1.0151,0.4417
multiphase,0,0.5,0,equal_ensemble_safe,0,0,240,240,1.0,0.0,0.089091,0.039826,0.092483,0.054671,0.110189,0.155777,0.775,1.0119,0.4898,0.9875,0.9183,0.4785,1.0,1.0119,0.4542
multiphase,0,0.5,0,diag_ensemble_9,0,0,240,240,1.0,0.0,0.074569,0.02591,0.072306,0.062859,0.083134,0.101036,0.9625,0.6768,0.4503,0.9875,0.6376,0.3476,0.9917,0.6768,0.85
multiphase,0,0.5,0,equal_ensemble_9,0,0,240,240,1.0,0.0,0.072871,0.017614,0.068702,0.060733,0.093273,0.096271,0.9667,0.7348,0.4218,1.0,0.7141,0.3892,1.0,0.7348,0.8125
multiphase,0,0.5,0,phase2_cascade,0,0,240,240,1.0,0.0,0.044904,0.018376,0.048736,0.028779,0.05573,0.06861,0.9958,0.4651,0.2546,1.0,0.4425,0.2312,1.0,0.4651,0.9542
multiphase,0,0.5,0,fixed_rational,0,0,240,240,1.0,0.0,0.055347,0.029782,0.048964,0.031615,0.062698,0.099897,0.9833,0.5444,0.3086,1.0,0.4886,0.3436,1.0,0.5444,0.9375
multiphase,0,0.5,0,fixed_richardson,0,0,240,240,1.0,0.0,0.044464,0.018592,0.048736,0.028433,0.05529,0.06861,0.9958,0.4651,0.2552,1.0,0.4381,0.2304,1.0,0.4651,0.9625
multiphase,0,0.5,0,constant_assumed,1,0,240,240,1.0,0.0042,0.198398,0.100086,0.162765,0.12064,0.257979,0.336318,0.0292,1.4576,1.0,0.0,1.2999,0.9269,0.5542,1.4576,0.0
multiphase,0,0.5,0,constant_oracle,1,1,240,240,1.0,0.0,0.115061,0.024797,0.106118,0.097654,0.123526,0.15596,0.6667,1.0354,0.8066,1.0,0.9992,0.6177,1.0,1.0354,0.3875
multiphase,0,0.5,0,window_mean,1,0,240,240,1.0,0.0,0.199665,0.081906,0.192013,0.125721,0.265899,0.308053,0.025,1.9741,1.0788,0.4458,1.7412,1.0,0.0,1.9741,0.0
multiphase,0,0.5,0,window_min,1,0,240,240,1.0,0.0,0.104544,0.031419,0.099586,0.085076,0.11394,0.156047,0.4833,1.0,0.6861,1.0,1.0,0.5066,1.0,1.0,0.0
multiphase,0,0.5,0,last_value,1,0,240,240,1.0,0.0,0.114827,0.027129,0.109191,0.095653,0.139387,0.156047,0.0,1.0,0.7693,0.9708,1.0,0.5744,0.975,1.0,0.0
noisy_plateau,0,0.02,0,oracle_52,0,0,240,240,1.0,0.0083,0.000217,0.000276,0.000115,4.6e-05,0.000286,0.000539,0.975,0.132,0.0022,1.0,0.0578,0.0458,0.9708,0.0239,0.975
noisy_plateau,0,0.02,0,oracle_9,0,0,240,240,1.0,0.0,0.000475,0.000513,0.000308,0.000142,0.000675,0.001055,0.9125,0.3671,0.0057,1.0,0.1597,0.1148,0.9167,0.0817,0.9375
noisy_plateau,0,0.02,0,threshold_ens_010,0,0,240,240,1.0,0.0417,0.00205,0.001879,0.001462,0.000629,0.002811,0.004876,0.6583,1.427,0.0273,1.0,0.7029,0.5009,0.7042,0.3106,0.7625
noisy_plateau,0,0.02,0,threshold_ens_050,0,0,240,240,1.0,0.0417,0.002044,0.001887,0.001442,0.000593,0.002798,0.004876,0.6625,1.4199,0.0265,1.0,0.706,0.4965,0.7083,0.3072,0.7667
noisy_plateau,0,0.02,0,threshold_ens_safe,0,0,240,240,1.0,0.0417,0.002048,0.001895,0.001442,0.000593,0.002798,0.004912,0.6625,1.4199,0.0267,1.0,0.706,0.4965,0.7083,0.3072,0.7625
noisy_plateau,0,0.02,0,capped_diag_52,0,0,240,240,1.0,0.0917,0.004291,0.018292,0.001777,0.000885,0.003343,0.007876,0.5958,1.7711,0.0292,0.9667,0.7976,0.691,0.6,0.394,0.7333
noisy_plateau,0,0.02,0,capped_diag_safe,0,0,240,240,1.0,0.075,0.0025,0.003091,0.00162,0.000748,0.002964,0.004924,0.5917,1.6298,0.0258,1.0,0.7244,0.5558,0.6375,0.3559,0.7208
noisy_plateau,0,0.02,0,diag_ensemble_52,0,0,240,240,1.0,0.0917,0.004291,0.018292,0.001777,0.000885,0.003343,0.007876,0.5958,1.7711,0.0292,0.9667,0.7976,0.691,0.6,0.394,0.7333
noisy_plateau,0,0.02,0,diag_ensemble_safe,0,0,240,240,1.0,0.075,0.0025,0.003091,0.00162,0.000748,0.002964,0.004924,0.5917,1.6298,0.0258,1.0,0.7244,0.5558,0.6375,0.3559,0.7208
noisy_plateau,0,0.02,0,equal_ensemble_52,0,0,240,240,1.0,0.0458,0.002008,0.001836,0.00144,0.000565,0.002753,0.004866,0.675,1.5355,0.0273,1.0,0.6821,0.5072,0.7167,0.3009,0.7667
noisy_plateau,0,0.02,0,equal_ensemble_safe,0,0,240,240,1.0,0.0417,0.002048,0.001895,0.001442,0.000593,0.002798,0.004912,0.6625,1.4199,0.0267,1.0,0.706,0.4965,0.7083,0.3072,0.7625
noisy_plateau,0,0.02,0,diag_ensemble_9,0,0,240,240,1.0,0.0958,0.003055,0.00484,0.001639,0.000804,0.003599,0.005749,0.5542,1.8843,0.0328,1.0,0.81,0.5761,0.6792,0.369,0.6708
noisy_plateau,0,0.02,0,equal_ensemble_9,0,0,240,240,1.0,0.025,0.001619,0.001486,0.001219,0.000535,0.002196,0.003495,0.6625,1.0747,0.0219,1.0,0.7069,0.3845,0.7792,0.2435,0.7875
noisy_plateau,0,0.02,0,phase2_cascade,0,0,240,240,1.0,0.0958,0.00257,0.003738,0.001523,0.000691,0.002475,0.005773,0.625,1.3053,0.0318,1.0,0.6637,0.5933,0.6375,0.347,0.7833
noisy_plateau,0,0.02,0,fixed_rational,0,0,240,240,1.0,0.1333,0.003367,0.004118,0.001864,0.000858,0.003936,0.008147,0.5125,1.6703,0.0422,1.0,0.9551,0.8193,0.6,0.4611,0.6958
noisy_plateau,0,0.02,0,fixed_richardson,0,0,240,240,1.0,0.0458,0.001413,0.001068,0.001212,0.000524,0.00205,0.002843,0.725,0.9664,0.0209,1.0,0.5312,0.3781,0.7458,0.3146,0.8708
noisy_plateau,0,0.02,0,constant_assumed,1,0,240,240,1.0,0.925,0.094477,0.101263,0.056014,0.026367,0.107316,0.209525,0.0042,53.2926,1.0,0.0,23.4568,22.0375,0.0042,14.5073,0.0
noisy_plateau,0,0.02,0,constant_oracle,1,1,240,240,1.0,0.0,2.8e-05,3.4e-05,1.2e-05,3e-06,3.6e-05,8.6e-05,0.9958,0.0073,0.0002,1.0,0.005,0.0033,1.0,0.0021,0.9958
noisy_plateau,0,0.02,0,window_mean,1,0,240,240,1.0,0.15,0.004497,0.003897,0.003663,0.000823,0.007403,0.010176,0.4042,1.9132,0.0454,0.9958,1.4668,1.0,0.0,0.7181,0.5083
noisy_plateau,0,0.02,0,window_min,1,0,240,240,1.0,0.1833,0.0045,0.002349,0.00471,0.002757,0.006289,0.007495,0.2667,3.5232,0.0689,1.0,1.7825,1.4705,0.4917,1.0,0.0
noisy_plateau,0,0.02,0,last_value,1,0,240,240,1.0,0.0,0.002787,0.002073,0.002253,0.001228,0.003889,0.005809,0.0,1.5452,0.0426,0.9958,1.0,0.6818,0.5958,0.561,0.6542
noisy_plateau,0,0.1,0,oracle_52,0,0,240,240,1.0,0.0042,0.000213,0.000295,0.0001,4.4e-05,0.000252,0.000588,0.9792,0.1168,0.002,1.0,0.0507,0.0487,0.9667,0.0236,0.9792
noisy_plateau,0,0.1,0,oracle_9,0,0,240,240,1.0,0.0,0.000487,0.000574,0.000302,0.000112,0.000659,0.00119,0.9083,0.3438,0.0052,1.0,0.1521,0.1111,0.9083,0.0676,0.9167
noisy_plateau,0,0.1,0,threshold_ens_010,0,0,240,240,1.0,0.0333,0.00194,0.001789,0.001374,0.000596,0.002716,0.004445,0.6625,1.3804,0.0251,1.0,0.6831,0.4696,0.7083,0.2967,0.775
noisy_plateau,0,0.1,0,threshold_ens_050,0,0,240,240,1.0,0.0333,0.001935,0.001801,0.001374,0.000578,0.002716,0.004504,0.6625,1.357,0.025,1.0,0.6846,0.4696,0.7125,0.2928,0.775
noisy_plateau,0,0.1,0,threshold_ens_safe,0,0,240,240,1.0,0.0333,0.001936,0.001801,0.001374,0.000578,0.002716,0.004504,0.6625,1.357,0.025,1.0,0.6846,0.4696,0.7125,0.2928,0.775
noisy_plateau,0,0.1,0,capped_diag_52,0,0,240,240,1.0,0.0958,0.006143,0.042364,0.001618,0.000866,0.003489,0.006573,0.5917,1.7066,0.0273,0.9667,0.7979,0.6418,0.6333,0.4178,0.6958
noisy_plateau,0,0.1,0,capped_diag_safe,0,0,240,240,1.0,0.075,0.005203,0.044407,0.001643,0.000764,0.003024,0.004921,0.6208,1.6559,0.0255,0.9958,0.7649,0.5426,0.6542,0.3639,0.7083
noisy_plateau,0,0.1,0,diag_ensemble_52,0,0,240,240,1.0,0.0958,0.006143,0.042364,0.001618,0.000866,0.003489,0.006573,0.5917,1.7066,0.0273,0.9667,0.7979,0.6418,0.6333,0.4178,0.6958
noisy_plateau,0,0.1,0,diag_ensemble_safe,0,0,240,240,1.0,0.075,0.005203,0.044407,0.001643,0.000764,0.003024,0.004921,0.6208,1.6559,0.0255,0.9958,0.7649,0.5426,0.6542,0.3639,0.7083
noisy_plateau,0,0.1,0,equal_ensemble_52,0,0,240,240,1.0,0.0375,0.001881,0.001743,0.001355,0.000539,0.00262,0.004324,0.6792,1.3678,0.025,1.0,0.6353,0.4678,0.7167,0.2869,0.775
noisy_plateau,0,0.1,0,equal_ensemble_safe,0,0,240,240,1.0,0.0333,0.001936,0.001801,0.001374,0.000578,0.002716,0.004504,0.6625,1.357,0.025,1.0,0.6846,0.4696,0.7125,0.2928,0.775
noisy_plateau,0,0.1,0,diag_ensemble_9,0,0,240,240,1.0,0.075,0.003004,0.004654,0.001623,0.000738,0.003742,0.006019,0.5875,1.8199,0.0318,1.0,0.7954,0.6087,0.725,0.3119,0.6792
noisy_plateau,0,0.1,0,equal_ensemble_9,0,0,240,240,1.0,0.0292,0.001483,0.001411,0.001086,0.000459,0.001998,0.003176,0.6917,1.0,0.019,1.0,0.6002,0.393,0.7958,0.2091,0.7917
noisy_plateau,0,0.1,0,phase2_cascade,0,0,240,240,1.0,0.0625,0.0019,0.002491,0.001166,0.000478,0.002203,0.003986,0.675,1.0802,0.0217,1.0,0.5248,0.4663,0.7042,0.2399,0.7917
noisy_plateau,0,0.1,0,fixed_rational,0,0,240,240,1.0,0.0875,0.002403,0.002767,0.001436,0.000641,0.00303,0.00582,0.6042,1.2703,0.0295,1.0,0.6927,0.6244,0.6958,0.3468,0.7583
noisy_plateau,0,0.1,0,fixed_richardson,0,0,240,240,1.0,0.0417,0.001191,0.000931,0.00102,0.000449,0.001694,0.002457,0.7708,0.8699,0.0163,1.0,0.42,0.287,0.7833,0.2157,0.8458
noisy_plateau,0,0.1,0,constant_assumed,1,0,240,240,1.0,0.9292,0.094586,0.101263,0.056186,0.026455,0.107572,0.209831,0.0,55.0373,1.0,0.0,24.8158,22.3634,0.0,14.2558,0.0
noisy_plateau,0,0.1,0,constant_oracle,1,1,240,240,1.0,0.0,0.000137,0.000171,5.8e-05,1.7e-05,0.000178,0.000426,0.9833,0.0375,0.0008,1.0,0.0251,0.0164,1.0,0.0105,0.9667
noisy_plateau,0,0.1,0,window_mean,1,0,240,240,1.0,0.1583,0.004389,0.003772,0.003617,0.000811,0.007261,0.009836,0.4042,1.9084,0.0447,1.0,1.4704,1.0,0.0,0.7027,0.5083
noisy_plateau,0,0.1,0,window_min,1,0,240,240,1.0,0.1875,0.004504,0.002375,0.004733,0.002651,0.006296,0.0075,0.2333,3.5243,0.0701,1.0,1.7651,1.4976,0.4917,1.0,0.0
noisy_plateau,0,0.1,0,last_value,1,0,240,240,1.0,0.0,0.002715,0.002015,0.002169,0.001194,0.003813,0.005729,0.0,1.55,0.0403,1.0,1.0,0.6801,0.5958,0.5666,0.6875
noisy_plateau,0,0.5,0,oracle_52,0,0,240,240,1.0,0.0125,0.000141,0.000211,6.6e-05,2.7e-05,0.000163,0.000341,0.975,0.0706,0.0012,1.0,0.0391,0.0305,0.9833,0.0137,0.9792
noisy_plateau,0,0.5,0,oracle_9,0,0,240,240,1.0,0.0,0.000391,0.00051,0.0002,7.4e-05,0.000514,0.001055,0.9208,0.275,0.004,1.0,0.1244,0.0786,0.9083,0.0458,0.9417
noisy_plateau,0,0.5,0,threshold_ens_010,0,0,240,240,1.0,0.0417,0.001464,0.001357,0.001113,0.000434,0.002028,0.003365,0.7083,1.2361,0.0197,1.0,0.5943,0.4061,0.7208,0.2266,0.8417
noisy_plateau,0,0.5,0,threshold_ens_050,0,0,240,240,1.0,0.0417,0.001466,0.001363,0.001103,0.00042,0.002026,0.003365,0.7042,1.2139,0.0197,1.0,0.5907,0.4033,0.7208,0.2266,0.8417
noisy_plateau,0,0.5,0,threshold_ens_safe,0,0,240,240,1.0,0.0458,0.001466,0.001364,0.001103,0.00042,0.002026,0.003365,0.7042,1.2139,0.0197,1.0,0.5907,0.4033,0.7208,0.2347,0.8417
noisy_plateau,0,0.5,0,capped_diag_52,0,0,240,240,1.0,0.1375,0.00641,0.043799,0.001997,0.000787,0.004019,0.008207,0.5333,1.899,0.0328,0.9625,0.9588,0.7534,0.5625,0.4172,0.7167
noisy_plateau,0,0.5,0,capped_diag_safe,0,0,240,240,1.0,0.0833,0.005346,0.04806,0.001277,0.000648,0.002603,0.005395,0.6125,1.5125,0.0245,0.9958,0.6683,0.6345,0.6417,0.2967,0.7667
noisy_plateau,0,0.5,0,diag_ensemble_52,0,0,240,240,1.0,0.1375,0.00641,0.043799,0.001997,0.000787,0.004019,0.008207,0.5333,1.899,0.0328,0.9625,0.9588,0.7534,0.5625,0.4172,0.7167
noisy_plateau,0,0.5,0,diag_ensemble_safe,0,0,240,240,1.0,0.0833,0.005346,0.04806,0.001277,0.000648,0.002603,0.005395,0.6125,1.5125,0.0245,0.9958,0.6683,0.6345,0.6417,0.2967,0.7667
noisy_plateau,0,0.5,0,equal_ensemble_52,0,0,240,240,1.0,0.0417,0.001396,0.001297,0.001084,0.000425,0.001935,0.003278,0.7333,1.1178,0.0185,1.0,0.5593,0.385,0.7292,0.2138,0.85
noisy_plateau,0,0.5,0,equal_ensemble_safe,0,0,240,240,1.0,0.0458,0.001466,0.001364,0.001103,0.00042,0.002026,0.003365,0.7042,1.2139,0.0197,1.0,0.5907,0.4033,0.7208,0.2347,0.8417
noisy_plateau,0,0.5,0,diag_ensemble_9,0,0,240,240,1.0,0.0958,0.002532,0.004306,0.001281,0.000599,0.003008,0.005074,0.6333,1.4933,0.0234,0.9958,0.7012,0.5859,0.7,0.2541,0.7667
noisy_plateau,0,0.5,0,equal_ensemble_9,0,0,240,240,1.0,0.0458,0.001067,0.001067,0.000745,0.000328,0.001367,0.002364,0.7208,0.822,0.0125,1.0,0.4517,0.318,0.8333,0.1348,0.8458
noisy_plateau,0,0.5,0,phase2_cascade,0,0,240,240,1.0,0.0792,0.001119,0.001102,0.000747,0.000325,0.001509,0.002586,0.75,0.8569,0.0139,1.0,0.3882,0.341,0.8083,0.147,0.8625
noisy_plateau,0,0.5,0,fixed_rational,0,0,240,240,1.0,0.075,0.001198,0.001167,0.000823,0.000351,0.001549,0.002664,0.75,0.88,0.0164,1.0,0.4306,0.3764,0.8083,0.1714,0.8583
noisy_plateau,0,0.5,0,fixed_richardson,0,0,240,240,1.0,0.0625,0.000965,0.000918,0.000669,0.000309,0.001308,0.002364,0.775,0.72,0.011,1.0,0.3382,0.2946,0.8375,0.1223,0.8542
noisy_plateau,0,0.5,0,constant_assumed,1,0,240,240,1.0,0.9417,0.095161,0.101267,0.057091,0.026918,0.10892,0.211445,0.0,57.5884,1.0,0.0,28.5202,24.7234,0.0,13.8144,0.0
noisy_plateau,0,0.5,0,constant_oracle,1,1,240,240,1.0,0.0458,0.000711,0.000888,0.000302,8.9e-05,0.000925,0.002216,0.8292,0.1998,0.0044,1.0,0.1347,0.0914,0.9958,0.0522,0.8458
noisy_plateau,0,0.5,0,window_mean,1,0,240,240,1.0,0.2083,0.003816,0.00313,0.003373,0.000785,0.006514,0.008046,0.4125,1.6151,0.0404,1.0,1.4722,1.0,0.0,0.6267,0.5375
noisy_plateau,0,0.5,0,window_min,1,0,240,240,1.0,0.2125,0.004741,0.0023,0.004931,0.003309,0.006426,0.007527,0.1542,3.9583,0.0724,1.0,2.1362,1.6517,0.4625,1.0,0.0
noisy_plateau,0,0.5,0,last_value,1,0,240,240,1.0,0.0,0.002416,0.001809,0.001944,0.001059,0.003308,0.005124,0.0,1.1922,0.0351,1.0,1.0,0.6793,0.5875,0.4681,0.7667
osc_exp,0,0.02,0,oracle_52,0,0,240,240,1.0,0.0,0.009451,0.018776,0.003256,0.00102,0.007428,0.01712,0.9958,0.0877,0.0438,0.9542,0.028,0.0145,1.0,0.0309,0.9708
osc_exp,0,0.02,0,oracle_9,0,0,240,240,1.0,0.0,0.039092,0.058441,0.008278,0.00489,0.037823,0.16042,0.9708,0.3679,0.1265,0.8208,0.1689,0.0667,1.0,0.215,0.9167
osc_exp,0,0.02,0,threshold_ens_010,0,0,240,240,1.0,0.0125,0.129641,0.122107,0.082711,0.027636,0.174566,0.334814,0.4417,1.6512,0.9647,0.5125,1.0008,0.3955,1.0,1.0514,0.1083
osc_exp,0,0.02,0,threshold_ens_050,0,0,240,240,1.0,0.0125,0.129677,0.122337,0.082669,0.027636,0.179253,0.334807,0.4333,1.6654,0.9647,0.5125,1.0008,0.3955,1.0,1.0546,0.1042
osc_exp,0,0.02,0,threshold_ens_safe,0,0,240,240,1.0,0.0125,0.129705,0.122447,0.082669,0.027636,0.179567,0.334807,0.4333,1.6607,0.9647,0.5125,1.0008,0.3955,1.0,1.0537,0.1042
osc_exp,0,0.02,0,capped_diag_52,0,0,240,240,1.0,0.0125,0.103497,0.108379,0.054655,0.014152,0.210511,0.278719,0.8792,1.2368,0.7165,0.5583,0.7767,0.3105,0.9875,0.8305,0.7542
osc_exp,0,0.02,0,capped_diag_safe,0,0,240,240,1.0,0.0042,0.095174,0.104803,0.037861,0.010952,0.144082,0.267846,0.9375,1.0635,0.6809,0.575,0.6802,0.2642,0.9958,0.7602,0.8542
osc_exp,0,0.02,0,diag_ensemble_52,0,0,240,240,1.0,0.0125,0.103497,0.108379,0.054655,0.014152,0.210511,0.278719,0.8792,1.2368,0.7165,0.5583,0.7767,0.3105,0.9875,0.8305,0.7542
osc_exp,0,0.02,0,diag_ensemble_safe,0,0,240,240,1.0,0.0042,0.095174,0.104803,0.037861,0.010952,0.144082,0.267846,0.9375,1.0635,0.6809,0.575,0.6802,0.2642,0.9958,0.7602,0.8542
osc_exp,0,0.02,0,equal_ensemble_52,0,0,240,240,1.0,0.0125,0.13002,0.122912,0.078358,0.026703,0.184566,0.336608,0.4958,1.6464,0.9647,0.5125,1.0003,0.3953,1.0,1.0557,0.1583
osc_exp,0,0.02,0,equal_ensemble_safe,0,0,240,240,1.0,0.0125,0.129705,0.122447,0.082669,0.027636,0.179567,0.334807,0.4333,1.6607,0.9647,0.5125,1.0008,0.3955,1.0,1.0537,0.1042
osc_exp,0,0.02,0,diag_ensemble_9,0,0,240,240,1.0,0.0125,0.09804,0.103728,0.057412,0.012425,0.149158,0.267571,0.9375,1.0809,0.6565,0.6,0.7657,0.3078,1.0,0.8148,0.8333
osc_exp,0,0.02,0,equal_ensemble_9,0,0,240,240,1.0,0.0083,0.108932,0.117099,0.065649,0.011119,0.164012,0.30572,0.8792,1.2053,0.7654,0.5667,0.7592,0.2864,1.0,0.929,0.7167
osc_exp,0,0.02,0,phase2_cascade,0,0,240,240,1.0,0.0208,0.085218,0.062839,0.068732,0.030566,0.129541,0.191348,0.725,1.6324,0.6349,0.575,0.6336,0.3554,0.9375,0.7374,0.6167
osc_exp,0,0.02,0,fixed_rational,0,0,240,240,1.0,0.0208,0.064106,0.060212,0.043711,0.016603,0.085622,0.163461,0.75,1.4249,0.4268,0.6375,0.5122,0.321,0.9792,0.5154,0.6875
osc_exp,0,0.02,0,fixed_richardson,0,0,240,240,1.0,0.0208,0.085234,0.062819,0.068732,0.030566,0.129541,0.191348,0.725,1.6324,0.6378,0.575,0.6336,0.3554,0.9375,0.7374,0.6167
osc_exp,0,0.02,0,constant_assumed,1,0,240,240,1.0,0.1667,0.151263,0.158076,0.091082,0.02117,0.240267,0.380862,0.4958,1.1598,1.0,0.0,1.0211,0.392,0.675,1.1438,0.4583
osc_exp,0,0.02,0,constant_oracle,1,1,240,240,1.0,0.0,0.002619,0.002371,0.001796,0.000866,0.003549,0.006482,0.9958,0.0392,0.0208,1.0,0.0201,0.0081,1.0,0.0208,0.9958
osc_exp,0,0.02,0,window_mean,1,0,240,240,1.0,0.0417,0.23668,0.155216,0.222099,0.108758,0.351708,0.447054,0.0,4.4918,2.5507,0.325,2.4771,1.0,0.0,2.5698,0.0
osc_exp,0,0.02,0,window_min,1,0,240,240,1.0,0.0167,0.120581,0.118146,0.05595,0.01994,0.162561,0.319107,0.5042,1.0,0.8743,0.5417,0.997,0.3891,1.0,1.0,0.0
osc_exp,0,0.02,0,last_value,1,0,240,240,1.0,0.0,0.129766,0.117144,0.088017,0.033011,0.21416,0.31962,0.0,1.8039,0.9796,0.5042,1.0,0.4037,1.0,1.003,0.0333
osc_exp,0,0.1,0,oracle_52,0,0,240,240,1.0,0.0042,0.009949,0.016099,0.003707,0.001159,0.008531,0.030998,0.9875,0.1038,0.038,0.9583,0.0564,0.021,1.0,0.0564,0.9792
osc_exp,0,0.1,0,oracle_9,0,0,240,240,1.0,0.0,0.038605,0.058487,0.007375,0.003387,0.028149,0.158823,0.9708,0.2675,0.1175,0.8417,0.1844,0.0658,1.0,0.1878,0.9458
osc_exp,0,0.1,0,threshold_ens_010,0,0,240,240,1.0,0.0083,0.120331,0.113165,0.07584,0.02716,0.159999,0.31241,0.4292,1.6539,0.8294,0.5292,1.0009,0.3774,1.0,1.0606,0.0958
osc_exp,0,0.1,0,threshold_ens_050,0,0,240,240,1.0,0.0083,0.120438,0.113217,0.075798,0.027075,0.16822,0.31241,0.4208,1.6474,0.8294,0.5292,1.0018,0.3774,1.0,1.0606,0.0875
osc_exp,0,0.1,0,threshold_ens_safe,0,0,240,240,1.0,0.0083,0.120522,0.113299,0.075966,0.027075,0.168246,0.31241,0.4208,1.661,0.8294,0.5292,1.0022,0.3774,1.0,1.0606,0.0875
osc_exp,0,0.1,0,capped_diag_52,0,0,240,240,1.0,0.0083,0.096666,0.101609,0.054234,0.009556,0.161503,0.267101,0.8917,0.9978,0.6425,0.5917,0.7605,0.2831,0.9917,0.8321,0.7833
osc_exp,0,0.1,0,capped_diag_safe,0,0,240,240,1.0,0.0083,0.094171,0.099591,0.060752,0.010245,0.163953,0.26011,0.9333,1.0863,0.6376,0.5917,0.7359,0.2746,0.9958,0.8158,0.825
osc_exp,0,0.1,0,diag_ensemble_52,0,0,240,240,1.0,0.0083,0.096666,0.101609,0.054234,0.009556,0.161503,0.267101,0.8917,0.9978,0.6425,0.5917,0.7605,0.2831,0.9917,0.8321,0.7833
osc_exp,0,0.1,0,diag_ensemble_safe,0,0,240,240,1.0,0.0083,0.094171,0.099591,0.060752,0.010245,0.163953,0.26011,0.9333,1.0863,0.6376,0.5917,0.7359,0.2746,0.9958,0.8158,0.825
osc_exp,0,0.1,0,equal_ensemble_52,0,0,240,240,1.0,0.0083,0.120591,0.113765,0.075756,0.026409,0.168282,0.31236,0.4792,1.6685,0.8284,0.5333,1.0003,0.3792,1.0,1.0621,0.1458
osc_exp,0,0.1,0,equal_ensemble_safe,0,0,240,240,1.0,0.0083,0.120522,0.113299,0.075966,0.027075,0.168246,0.31241,0.4208,1.661,0.8294,0.5292,1.0022,0.3774,1.0,1.0606,0.0875
osc_exp,0,0.1,0,diag_ensemble_9,0,0,240,240,1.0,0.0042,0.094628,0.098974,0.058973,0.008624,0.147843,0.254435,0.9208,1.0597,0.6254,0.6042,0.8028,0.3137,1.0,0.8455,0.8167
osc_exp,0,0.1,0,equal_ensemble_9,0,0,240,240,1.0,0.0042,0.102097,0.107428,0.05837,0.012617,0.157832,0.281206,0.8167,1.2574,0.7472,0.5625,0.8587,0.3054,1.0,0.9546,0.65
osc_exp,0,0.1,0,phase2_cascade,0,0,240,240,1.0,0.0208,0.08816,0.068004,0.060031,0.032233,0.14085,0.197392,0.7,1.5004,0.7523,0.5708,0.7719,0.3704,0.9958,0.9309,0.5625
osc_exp,0,0.1,0,fixed_rational,0,0,240,240,1.0,0.0208,0.061082,0.05892,0.034618,0.01951,0.078875,0.159149,0.8292,1.2247,0.3996,0.6208,0.5443,0.2913,1.0,0.5934,0.7375
osc_exp,0,0.1,0,fixed_richardson,0,0,240,240,1.0,0.0208,0.088172,0.06799,0.060031,0.032233,0.14085,0.197392,0.7,1.5004,0.7523,0.5708,0.7719,0.3702,0.9958,0.9309,0.5625
osc_exp,0,0.1,0,constant_assumed,1,0,240,240,1.0,0.175,0.161221,0.158463,0.098315,0.031835,0.259048,0.403084,0.4625,1.3639,1.0,0.0,1.1914,0.4347,0.6625,1.3394,0.4208
osc_exp,0,0.1,0,constant_oracle,1,1,240,240,1.0,0.0042,0.012577,0.011314,0.008667,0.004206,0.017039,0.030998,0.9917,0.1913,0.094,1.0,0.1052,0.0402,1.0,0.1083,0.9875
osc_exp,0,0.1,0,window_mean,1,0,240,240,1.0,0.0417,0.226722,0.14677,0.215227,0.105418,0.338219,0.422538,0.0,4.1696,2.3006,0.3375,2.6003,1.0,0.0,2.6998,0.0
osc_exp,0,0.1,0,window_min,1,0,240,240,1.0,0.0167,0.110948,0.108979,0.049079,0.018367,0.149072,0.294591,0.5,1.0,0.7466,0.5792,0.9998,0.3704,1.0,1.0,0.0
osc_exp,0,0.1,0,last_value,1,0,240,240,1.0,0.0,0.119876,0.108176,0.081146,0.029621,0.200671,0.295104,0.0,1.6433,0.8396,0.5375,1.0,0.3846,1.0,1.0002,0.0375
osc_exp,0,0.5,0,oracle_52,0,0,240,240,1.0,0.0042,0.006341,0.01174,0.001566,0.000557,0.008381,0.0171,0.9917,0.0523,0.0129,1.0,0.051,0.0148,1.0,0.051,0.9708
osc_exp,0,0.5,0,oracle_9,0,0,240,240,1.0,0.0,0.028437,0.035748,0.008427,0.001692,0.032685,0.09808,0.9708,0.4312,0.0581,1.0,0.2782,0.0766,1.0,0.4282,0.9208
osc_exp,0,0.5,0,threshold_ens_010,0,0,240,240,1.0,0.0125,0.071094,0.066646,0.04679,0.015128,0.099951,0.186617,0.4125,1.1052,0.3661,0.9042,1.0072,0.2702,1.0,1.1014,0.125
osc_exp,0,0.5,0,threshold_ens_050,0,0,240,240,1.0,0.0125,0.071163,0.066742,0.04677,0.015128,0.101178,0.186617,0.4167,1.1054,0.3617,0.9,1.0072,0.2702,1.0,1.1047,0.1208
osc_exp,0,0.5,0,threshold_ens_safe,0,0,240,240,1.0,0.0125,0.071175,0.066787,0.04677,0.015128,0.099975,0.186691,0.4125,1.1056,0.3615,0.9,1.0072,0.2698,1.0,1.1049,0.1208
osc_exp,0,0.5,0,capped_diag_52,0,0,240,240,1.0,0.025,0.06307,0.061352,0.051913,0.009666,0.124912,0.159549,0.775,0.9765,0.3298,0.9458,0.8721,0.2481,0.9917,0.9538,0.5875
osc_exp,0,0.5,0,capped_diag_safe,0,0,240,240,1.0,0.0167,0.064808,0.062984,0.054529,0.011261,0.106305,0.165055,0.7042,1.0149,0.3242,0.95,0.9003,0.2523,0.9958,0.9932,0.5125
osc_exp,0,0.5,0,diag_ensemble_52,0,0,240,240,1.0,0.025,0.06307,0.061352,0.051913,0.009666,0.124912,0.159549,0.775,0.9765,0.3298,0.9458,0.8721,0.2481,0.9917,0.9538,0.5875
osc_exp,0,0.5,0,diag_ensemble_safe,0,0,240,240,1.0,0.0167,0.064808,0.062984,0.054529,0.011261,0.106305,0.165055,0.7042,1.0149,0.3242,0.95,0.9003,0.2523,0.9958,0.9932,0.5125
osc_exp,0,0.5,0,equal_ensemble_52,0,0,240,240,1.0,0.0125,0.070993,0.066599,0.046667,0.015042,0.100549,0.184622,0.4542,1.0929,0.3694,0.9,1.0067,0.2708,1.0,1.0929,0.1667
osc_exp,0,0.5,0,equal_ensemble_safe,0,0,240,240,1.0,0.0125,0.071175,0.066787,0.04677,0.015128,0.099975,0.186691,0.4125,1.1056,0.3615,0.9,1.0072,0.2698,1.0,1.1049,0.1208
osc_exp,0,0.5,0,diag_ensemble_9,0,0,240,240,1.0,0.0125,0.068375,0.068145,0.056253,0.00825,0.103781,0.166946,0.5958,1.0789,0.365,0.8792,0.9154,0.3013,0.9958,1.0341,0.4667
osc_exp,0,0.5,0,equal_ensemble_9,0,0,240,240,1.0,0.0083,0.062278,0.061126,0.043665,0.008691,0.093998,0.168921,0.5417,1.0,0.3445,0.9542,0.9567,0.2546,1.0,1.0,0.3625
osc_exp,0,0.5,0,phase2_cascade,0,0,240,240,1.0,0.025,0.070772,0.053404,0.063135,0.016023,0.126374,0.139289,0.4708,1.5046,0.4956,0.8125,1.0841,0.419,1.0,1.2254,0.4292
osc_exp,0,0.5,0,fixed_rational,0,0,240,240,1.0,0.025,0.044661,0.035088,0.033857,0.01306,0.068496,0.098091,0.7208,0.7431,0.2681,0.9208,0.593,0.2656,1.0,0.7002,0.6417
osc_exp,0,0.5,0,fixed_richardson,0,0,240,240,1.0,0.025,0.070776,0.0534,0.063135,0.016043,0.126374,0.139289,0.4708,1.5046,0.4956,0.8125,1.0841,0.419,1.0,1.2254,0.4292
osc_exp,0,0.5,0,constant_assumed,1,0,240,240,1.0,0.3208,0.212007,0.168113,0.167459,0.076691,0.355265,0.501966,0.0542,3.5056,1.0,0.0,2.874,0.8455,0.5625,3.2788,0.0208
osc_exp,0,0.5,0,constant_oracle,1,1,240,240,1.0,0.0125,0.063363,0.057269,0.043473,0.021008,0.085828,0.156667,0.8208,0.9541,0.3404,1.0,0.9169,0.2401,1.0,0.9368,0.6042
osc_exp,0,0.5,0,window_mean,1,0,240,240,1.0,0.1042,0.175936,0.104748,0.180421,0.088615,0.269429,0.296869,0.0,3.9283,1.1827,0.4375,3.6739,1.0,0.0,3.9283,0.0125
osc_exp,0,0.5,0,window_min,1,0,240,240,1.0,0.0167,0.06244,0.061833,0.032127,0.013612,0.080282,0.168921,0.4708,1.0,0.305,0.9792,1.0,0.2546,0.9875,1.0,0.0
osc_exp,0,0.5,0,last_value,1,0,240,240,1.0,0.0,0.069554,0.062197,0.04367,0.019362,0.131523,0.169435,0.0,1.0,0.348,0.9458,1.0,0.2722,1.0,1.0,0.0667
power_law,0,0.02,0,oracle_52,0,0,240,240,1.0,0.0,0.002742,0.002936,0.001452,0.000387,0.004647,0.007165,0.9958,0.1104,0.0471,1.0,0.0327,0.0176,1.0,0.0568,0.9625
power_law,0,0.02,0,oracle_9,0,0,240,240,1.0,0.0,0.00797,0.006573,0.007269,0.002109,0.011066,0.016067,0.9833,0.5048,0.2712,1.0,0.1562,0.0748,1.0,0.1741,0.9042
power_law,0,0.02,0,threshold_ens_010,0,0,240,240,1.0,0.0083,0.029655,0.021062,0.026121,0.011818,0.039949,0.067168,0.7708,1.4939,0.9269,0.5167,0.7688,0.4042,0.9958,1.105,0.4208
power_law,0,0.02,0,threshold_ens_050,0,0,240,240,1.0,0.0083,0.0296,0.021113,0.02606,0.011818,0.039949,0.067294,0.775,1.4939,0.9269,0.5167,0.7688,0.4009,0.9958,1.1071,0.4208
power_law,0,0.02,0,threshold_ens_safe,0,0,240,240,1.0,0.0083,0.029588,0.021109,0.02606,0.011818,0.039651,0.067294,0.775,1.4939,0.9269,0.5167,0.7688,0.4009,0.9958,1.1071,0.4208
power_law,0,0.02,0,capped_diag_52,0,0,240,240,1.0,0.0125,0.03669,0.168801,0.021121,0.010043,0.031309,0.04668,0.9292,1.2795,0.8959,0.5375,0.5082,0.2603,0.9792,0.7214,0.6958
power_law,0,0.02,0,capped_diag_safe,0,0,240,240,1.0,0.0125,0.034987,0.170756,0.019981,0.009859,0.028529,0.042215,0.9417,1.1887,0.8253,0.5542,0.4667,0.225,0.9833,0.6722,0.7292
power_law,0,0.02,0,diag_ensemble_52,0,0,240,240,1.0,0.0125,0.03669,0.168801,0.021121,0.010043,0.031309,0.04668,0.9292,1.2795,0.8959,0.5375,0.5082,0.2603,0.9792,0.7214,0.6958
power_law,0,0.02,0,diag_ensemble_safe,0,0,240,240,1.0,0.0125,0.034987,0.170756,0.019981,0.009859,0.028529,0.042215,0.9417,1.1887,0.8253,0.5542,0.4667,0.225,0.9833,0.6722,0.7292
power_law,0,0.02,0,equal_ensemble_52,0,0,240,240,1.0,0.0083,0.029257,0.021685,0.026161,0.008592,0.040084,0.068951,0.7708,1.3855,0.8407,0.55,0.7731,0.4095,0.9958,1.1059,0.4208
power_law,0,0.02,0,equal_ensemble_safe,0,0,240,240,1.0,0.0083,0.029588,0.021109,0.02606,0.011818,0.039651,0.067294,0.775,1.4939,0.9269,0.5167,0.7688,0.4009,0.9958,1.1071,0.4208
power_law,0,0.02,0,diag_ensemble_9,0,0,240,240,1.0,0.0042,0.022611,0.012487,0.021009,0.012355,0.030882,0.039314,0.9667,1.2936,0.9763,0.5042,0.5333,0.2776,0.9917,0.6453,0.7583
power_law,0,0.02,0,equal_ensemble_9,0,0,240,240,1.0,0.0042,0.029596,0.018937,0.024591,0.014339,0.035773,0.064188,0.8,1.4875,1.0939,0.4583,0.5979,0.3263,1.0,0.9779,0.5208
power_law,0,0.02,0,phase2_cascade,0,0,240,240,1.0,0.0083,0.020131,0.028263,0.010755,0.005436,0.021791,0.04508,0.8792,0.773,0.6468,0.9417,0.2717,0.1662,0.9667,0.418,0.75
power_law,0,0.02,0,fixed_rational,0,0,240,240,1.0,0.0083,0.021375,0.022753,0.020885,0.007997,0.029,0.032364,0.9375,1.0181,0.7606,0.6667,0.4319,0.2144,0.9625,0.5289,0.7792
power_law,0,0.02,0,fixed_richardson,0,0,240,240,1.0,0.0083,0.019742,0.022846,0.011147,0.005301,0.027141,0.044889,0.875,0.7712,0.6427,0.9375,0.2898,0.1513,0.9708,0.4199,0.75
power_law,0,0.02,0,constant_assumed,1,0,240,240,1.0,0.1083,0.067526,0.105086,0.019707,0.011819,0.061009,0.162281,0.6583,1.0,1.0,0.0,0.5733,0.3343,0.7458,0.7949,0.5375
power_law,0,0.02,0,constant_oracle,1,1,240,240,1.0,0.0,0.000896,0.000341,0.00079,0.00065,0.001037,0.001446,1.0,0.055,0.0394,1.0,0.0204,0.0116,1.0,0.0239,0.9958
power_law,0,0.02,0,window_mean,1,0,240,240,1.0,0.0167,0.082593,0.045742,0.07427,0.042177,0.114104,0.148041,0.0833,4.0199,2.9923,0.2542,1.9338,1.0,0.0,2.2534,0.0
power_law,0,0.02,0,window_min,1,0,240,240,1.0,0.0042,0.034032,0.02006,0.030195,0.020011,0.044115,0.070854,0.525,1.2788,1.2581,0.4625,0.9635,0.4438,1.0,1.0,0.0
power_law,0,0.02,0,last_value,1,0,240,240,1.0,0.0,0.044104,0.018397,0.040602,0.030218,0.059773,0.070854,0.0,2.4255,1.7444,0.3417,1.0,0.5172,0.9167,1.0379,0.0208
power_law,0,0.1,0,oracle_52,0,0,240,240,1.0,0.0,0.001881,0.002296,0.000788,6.3e-05,0.002937,0.00523,0.9958,0.048,0.0219,1.0,0.0193,0.0102,1.0,0.03,0.9792
power_law,0,0.1,0,oracle_9,0,0,240,240,1.0,0.0,0.005805,0.005711,0.004454,0.000886,0.007742,0.013344,0.9875,0.2412,0.1333,1.0,0.119,0.056,1.0,0.1356,0.9417
power_law,0,0.1,0,threshold_ens_010,0,0,240,240,1.0,0.0083,0.026631,0.020091,0.023707,0.008218,0.037213,0.061818,0.7667,1.311,0.6289,0.6042,0.7593,0.3903,0.9917,1.108,0.4292
power_law,0,0.1,0,threshold_ens_050,0,0,240,240,1.0,0.0083,0.026478,0.020173,0.023707,0.008218,0.037213,0.062867,0.775,1.3197,0.6289,0.6083,0.7527,0.3889,0.9958,1.108,0.4292
power_law,0,0.1,0,threshold_ens_safe,0,0,240,240,1.0,0.0083,0.026483,0.020173,0.023707,0.008218,0.037018,0.062867,0.775,1.3197,0.6289,0.6083,0.7527,0.3889,0.9917,1.108,0.4292
power_law,0,0.1,0,capped_diag_52,0,0,240,240,1.0,0.0083,0.021345,0.016497,0.018587,0.007605,0.031211,0.044172,0.9167,1.0419,0.6297,0.6167,0.4995,0.2361,0.9667,0.7103,0.6917
power_law,0,0.1,0,capped_diag_safe,0,0,240,240,1.0,0.0042,0.018667,0.012958,0.01646,0.006909,0.026198,0.037882,0.9458,0.9576,0.6044,0.6417,0.4447,0.1986,0.9875,0.632,0.7625
power_law,0,0.1,0,diag_ensemble_52,0,0,240,240,1.0,0.0083,0.021345,0.016497,0.018587,0.007605,0.031211,0.044172,0.9167,1.0419,0.6297,0.6167,0.4995,0.2361,0.9667,0.7103,0.6917
power_law,0,0.1,0,diag_ensemble_safe,0,0,240,240,1.0,0.0042,0.018667,0.012958,0.01646,0.006909,0.026198,0.037882,0.9458,0.9576,0.6044,0.6417,0.4447,0.1986,0.9875,0.632,0.7625
power_law,0,0.1,0,equal_ensemble_52,0,0,240,240,1.0,0.0083,0.026105,0.020839,0.023871,0.005768,0.037494,0.06336,0.7708,1.3123,0.5169,0.6083,0.7651,0.3968,0.9958,1.0995,0.425
power_law,0,0.1,0,equal_ensemble_safe,0,0,240,240,1.0,0.0083,0.026483,0.020173,0.023707,0.008218,0.037018,0.062867,0.775,1.3197,0.6289,0.6083,0.7527,0.3889,0.9917,1.108,0.4292
power_law,0,0.1,0,diag_ensemble_9,0,0,240,240,1.0,0.0042,0.021668,0.011372,0.020299,0.01232,0.029704,0.038082,0.9625,1.0736,0.7514,0.6042,0.5464,0.2736,0.9917,0.6801,0.7458
power_law,0,0.1,0,equal_ensemble_9,0,0,240,240,1.0,0.0042,0.026352,0.017731,0.021938,0.011618,0.032588,0.058406,0.7958,1.1846,0.8219,0.5792,0.5714,0.3009,1.0,0.9586,0.5333
power_law,0,0.1,0,phase2_cascade,0,0,240,240,1.0,0.0125,0.015125,0.021866,0.007714,0.00273,0.01935,0.036883,0.9167,0.4567,0.2603,0.9792,0.2067,0.1306,0.9708,0.3345,0.8125
power_law,0,0.1,0,fixed_rational,0,0,240,240,1.0,0.0125,0.018542,0.018334,0.018248,0.006214,0.02565,0.028093,0.9292,0.8219,0.5353,0.7583,0.4045,0.1927,0.9625,0.5075,0.7958
power_law,0,0.1,0,fixed_richardson,0,0,240,240,1.0,0.0083,0.014164,0.016372,0.007714,0.002119,0.020711,0.035097,0.925,0.4604,0.2603,0.9583,0.2098,0.1208,0.9792,0.3322,0.8125
power_law,0,0.1,0,constant_assumed,1,0,240,240,1.0,0.1083,0.071109,0.105099,0.023581,0.015806,0.065903,0.167707,0.6125,1.0422,1.0,0.0,0.7324,0.4128,0.725,0.9434,0.5083
power_law,0,0.1,0,constant_oracle,1,1,240,240,1.0,0.0042,0.004479,0.001705,0.003951,0.003248,0.005182,0.007228,0.9917,0.24,0.1701,1.0,0.1111,0.0608,1.0,0.1311,0.9583
power_law,0,0.1,0,window_mean,1,0,240,240,1.0,0.0208,0.07901,0.044417,0.071109,0.039579,0.109958,0.142259,0.0833,3.5046,2.4224,0.275,2.0138,1.0,0.0,2.2923,0.0042
power_law,0,0.1,0,window_min,1,0,240,240,1.0,0.0083,0.031146,0.018202,0.026562,0.017878,0.040515,0.065072,0.5167,1.0748,1.06,0.4917,0.9808,0.4363,0.9958,1.0,0.0
power_law,0,0.1,0,last_value,1,0,240,240,1.0,0.0,0.040547,0.017223,0.03711,0.027727,0.054996,0.065072,0.0,1.862,1.3656,0.3875,1.0,0.4967,0.9167,1.0195,0.0292
power_law,0,0.5,0,oracle_52,0,0,240,240,1.0,0.0,0.000784,0.001074,0.000314,1.7e-05,0.001114,0.002312,0.9875,0.0254,0.0039,1.0,0.0141,0.0057,1.0,0.0223,0.9792
power_law,0,0.5,0,oracle_9,0,0,240,240,1.0,0.0,0.002162,0.002757,0.001208,0.0004,0.00253,0.006179,0.9833,0.0757,0.0229,1.0,0.0448,0.0158,1.0,0.0604,0.9625
power_law,0,0.5,0,threshold_ens_010,0,0,240,240,1.0,0.0167,0.013417,0.013386,0.011968,0.000177,0.021132,0.035498,0.7708,1.0464,0.1704,0.975,0.6224,0.2387,0.9792,0.9491,0.5208
power_law,0,0.5,0,threshold_ens_050,0,0,240,240,1.0,0.0167,0.013443,0.013442,0.012208,0.000165,0.020805,0.036153,0.775,1.0464,0.1673,0.9708,0.6226,0.2339,0.975,0.9478,0.5208
power_law,0,0.5,0,threshold_ens_safe,0,0,240,240,1.0,0.0167,0.013459,0.013453,0.012208,0.000161,0.020788,0.036153,0.7792,1.0468,0.1673,0.9708,0.6226,0.2339,0.975,0.9491,0.5208
power_law,0,0.5,0,capped_diag_52,0,0,240,240,1.0,0.0208,0.010593,0.010492,0.008304,0.003778,0.014062,0.022119,0.9,0.5635,0.1187,0.9917,0.3753,0.1322,0.9875,0.4887,0.7333
power_law,0,0.5,0,capped_diag_safe,0,0,240,240,1.0,0.0125,0.010556,0.009597,0.008826,0.002492,0.015931,0.024533,0.8458,0.7534,0.1092,0.9875,0.4422,0.1612,0.9833,0.6518,0.6708
power_law,0,0.5,0,diag_ensemble_52,0,0,240,240,1.0,0.0208,0.010593,0.010492,0.008304,0.003778,0.014062,0.022119,0.9,0.5635,0.1187,0.9917,0.3753,0.1322,0.9875,0.4887,0.7333
power_law,0,0.5,0,diag_ensemble_safe,0,0,240,240,1.0,0.0125,0.010556,0.009597,0.008826,0.002492,0.015931,0.024533,0.8458,0.7534,0.1092,0.9875,0.4422,0.1612,0.9833,0.6518,0.6708
power_law,0,0.5,0,equal_ensemble_52,0,0,240,240,1.0,0.0167,0.013271,0.01346,0.011959,0.000173,0.02074,0.036116,0.7875,1.0594,0.1672,0.975,0.6106,0.235,0.9875,0.9254,0.5208
power_law,0,0.5,0,equal_ensemble_safe,0,0,240,240,1.0,0.0167,0.013459,0.013453,0.012208,0.000161,0.020788,0.036153,0.7792,1.0468,0.1673,0.9708,0.6226,0.2339,0.975,0.9491,0.5208
power_law,0,0.5,0,diag_ensemble_9,0,0,240,240,1.0,0.0167,0.013267,0.008041,0.01286,0.005537,0.018981,0.024489,0.8625,0.7072,0.2399,0.9958,0.5615,0.192,0.9875,0.6688,0.6542
power_law,0,0.5,0,equal_ensemble_9,0,0,240,240,1.0,0.0042,0.012487,0.011217,0.0108,0.003472,0.014963,0.029943,0.7875,0.709,0.1915,0.9875,0.4782,0.1649,1.0,0.5576,0.6333
power_law,0,0.5,0,phase2_cascade,0,0,240,240,1.0,0.0042,0.006564,0.007246,0.004677,0.001099,0.008822,0.01716,0.9083,0.2751,0.0822,1.0,0.1829,0.0594,0.9875,0.2382,0.8458
power_law,0,0.5,0,fixed_rational,0,0,240,240,1.0,0.0083,0.008705,0.006707,0.009226,0.002355,0.012189,0.014865,0.8958,0.4782,0.1514,1.0,0.3356,0.12,0.9833,0.4377,0.8333
power_law,0,0.5,0,fixed_richardson,0,0,240,240,1.0,0.0042,0.006136,0.006206,0.004436,0.000964,0.008915,0.014668,0.95,0.2751,0.0678,1.0,0.1837,0.0587,1.0,0.2327,0.8542
power_law,0,0.5,0,constant_assumed,1,0,240,240,1.0,0.25,0.088967,0.105426,0.046304,0.030913,0.090254,0.194701,0.0542,3.4678,1.0,0.0,2.1118,1.0462,0.4667,3.0697,0.0333
power_law,0,0.5,0,constant_oracle,1,1,240,240,1.0,0.025,0.022337,0.008464,0.01972,0.016238,0.025819,0.035983,0.6708,1.1862,0.506,1.0,0.9932,0.4037,1.0,1.0529,0.4875
power_law,0,0.5,0,window_mean,1,0,240,240,1.0,0.0958,0.061152,0.037898,0.05534,0.026285,0.089322,0.113504,0.0833,3.2111,0.9558,0.5333,2.7816,1.0,0.0,3.1251,0.0625
power_law,0,0.5,0,window_min,1,0,240,240,1.0,0.025,0.018386,0.010533,0.017013,0.011348,0.024375,0.036317,0.4417,1.0,0.3258,0.9667,1.0,0.32,0.9375,1.0,0.0
power_law,0,0.5,0,last_value,1,0,240,240,1.0,0.0,0.023087,0.01173,0.021455,0.013944,0.032306,0.037113,0.0,1.0,0.4736,0.9458,1.0,0.3595,0.9167,1.0,0.1042
random_knots,1,0.02,117,oracle_52,0,0,123,123,1.0,0.0,0.004923,0.009279,0.002015,0.000804,0.005017,0.008324,0.9919,0.0521,0.0359,1.0,0.0228,0.0172,1.0,0.0274,0.9756
random_knots,1,0.02,117,oracle_9,0,0,123,123,1.0,0.0,0.017261,0.017602,0.011247,0.005243,0.026507,0.035118,0.9837,0.3366,0.2289,1.0,0.1969,0.1082,1.0,0.2144,0.935
random_knots,1,0.02,117,threshold_ens_010,0,0,123,123,1.0,0.0163,0.066677,0.057848,0.048535,0.021452,0.099086,0.150161,0.8455,1.1843,0.8422,0.5528,0.876,0.4936,1.0,1.0087,0.4472
random_knots,1,0.02,117,threshold_ens_050,0,0,123,123,1.0,0.0163,0.066451,0.057661,0.048535,0.02201,0.098846,0.14923,0.8537,1.1843,0.8422,0.561,0.876,0.4908,1.0,1.0071,0.4472
random_knots,1,0.02,117,threshold_ens_safe,0,0,123,123,1.0,0.0163,0.066372,0.057662,0.048535,0.021971,0.098846,0.14923,0.8618,1.1843,0.8422,0.561,0.876,0.4908,1.0,1.0068,0.4634
random_knots,1,0.02,117,capped_diag_52,0,0,123,123,1.0,0.0081,0.038755,0.036177,0.029218,0.013207,0.052692,0.091764,0.9837,0.7146,0.5935,0.6667,0.4084,0.27,1.0,0.535,0.8862
random_knots,1,0.02,117,capped_diag_safe,0,0,123,123,1.0,0.0081,0.037665,0.035861,0.02798,0.012738,0.051444,0.090469,0.9756,0.6765,0.5814,0.6911,0.3975,0.2586,1.0,0.4976,0.9024
random_knots,1,0.02,117,diag_ensemble_52,0,0,123,123,1.0,0.0081,0.038755,0.036177,0.029218,0.013207,0.052692,0.091764,0.9837,0.7146,0.5935,0.6667,0.4084,0.27,1.0,0.535,0.8862
random_knots,1,0.02,117,diag_ensemble_safe,0,0,123,123,1.0,0.0081,0.037665,0.035861,0.02798,0.012738,0.051444,0.090469,0.9756,0.6765,0.5814,0.6911,0.3975,0.2586,1.0,0.4976,0.9024
random_knots,1,0.02,117,equal_ensemble_52,0,0,123,123,1.0,0.0163,0.066271,0.058109,0.04873,0.021452,0.099088,0.149231,0.8537,1.1843,0.8187,0.5691,0.8834,0.5012,1.0,1.0144,0.4228
random_knots,1,0.02,117,equal_ensemble_safe,0,0,123,123,1.0,0.0163,0.066372,0.057662,0.048535,0.021971,0.098846,0.14923,0.8618,1.1843,0.8422,0.561,0.876,0.4908,1.0,1.0068,0.4634
random_knots,1,0.02,117,diag_ensemble_9,0,0,123,123,1.0,0.0081,0.04929,0.043497,0.03296,0.020922,0.061211,0.125367,0.9756,0.9453,0.7895,0.6098,0.5554,0.3386,0.9837,0.5942,0.8699
random_knots,1,0.02,117,equal_ensemble_9,0,0,123,123,1.0,0.0081,0.066999,0.058186,0.047889,0.024724,0.087532,0.151924,0.8537,1.2039,0.9656,0.5122,0.7323,0.4514,0.9919,0.9206,0.6098
random_knots,1,0.02,117,phase2_cascade,0,0,123,123,1.0,0.0163,0.034195,0.031695,0.024865,0.013937,0.039069,0.075941,0.9106,0.7168,0.5686,0.9593,0.3311,0.2029,0.9837,0.3847,0.7886
random_knots,1,0.02,117,fixed_rational,0,0,123,123,1.0,0.0163,0.049137,0.050105,0.029359,0.012231,0.06747,0.130631,0.9431,0.9727,0.7575,0.6585,0.5043,0.3062,0.9837,0.6187,0.8537
random_knots,1,0.02,117,fixed_richardson,0,0,123,123,1.0,0.0081,0.033005,0.03087,0.024865,0.01424,0.037533,0.074395,0.9187,0.6978,0.5645,0.9593,0.3344,0.2014,0.9837,0.3667,0.8049
random_knots,1,0.02,117,constant_assumed,1,0,123,123,1.0,0.0488,0.088108,0.081182,0.056151,0.027817,0.116035,0.195069,0.5935,1.0,1.0,0.0,0.7534,0.476,0.7805,0.9621,0.5203
random_knots,1,0.02,117,constant_oracle,1,1,123,123,1.0,0.0,0.001827,0.001192,0.001539,0.0009,0.002606,0.003339,1.0,0.0356,0.0289,1.0,0.0204,0.0134,1.0,0.0217,1.0
random_knots,1,0.02,117,window_mean,1,0,123,123,1.0,0.0163,0.139981,0.084624,0.119969,0.070219,0.207598,0.26107,0.0244,2.6737,2.101,0.2195,1.5181,1.0,0.0,1.716,0.0163
random_knots,1,0.02,117,window_min,1,0,123,123,1.0,0.0,0.079808,0.0602,0.060354,0.034501,0.120381,0.163226,0.5366,1.1177,1.0394,0.4797,0.9862,0.5827,0.9837,1.0,0.0
random_knots,1,0.02,117,last_value,1,0,123,123,1.0,0.0,0.088769,0.059281,0.070596,0.043813,0.125354,0.173771,0.0,1.6612,1.3274,0.4065,1.0,0.6587,0.9756,1.014,0.0163
random_knots,1,0.1,6,oracle_52,0,0,234,234,1.0,0.0,0.003899,0.005672,0.001889,0.000606,0.005674,0.010291,0.9957,0.0579,0.0317,1.0,0.0291,0.0173,1.0,0.037,0.9872
random_knots,1,0.1,6,oracle_9,0,0,234,234,1.0,0.0,0.012262,0.014786,0.006803,0.002041,0.015547,0.035975,0.9829,0.2218,0.1311,0.9915,0.1149,0.0688,1.0,0.14,0.9402
random_knots,1,0.1,6,threshold_ens_010,0,0,234,234,1.0,0.0085,0.062462,0.05379,0.045303,0.019496,0.092853,0.14475,0.8034,1.3201,0.7235,0.5684,0.8684,0.512,0.9829,1.0179,0.4316
random_knots,1,0.1,6,threshold_ens_050,0,0,234,234,1.0,0.0085,0.062274,0.053789,0.045143,0.019122,0.092433,0.144369,0.8034,1.3245,0.7227,0.5684,0.8661,0.5082,0.9829,1.0162,0.4359
random_knots,1,0.1,6,threshold_ens_safe,0,0,234,234,1.0,0.0085,0.062245,0.053799,0.045143,0.019122,0.092735,0.144369,0.8077,1.3189,0.7227,0.5684,0.8661,0.5082,0.9829,1.0149,0.4402
random_knots,1,0.1,6,capped_diag_52,0,0,234,234,1.0,0.0171,0.043612,0.038396,0.030068,0.014353,0.059767,0.103052,0.9274,0.8848,0.6016,0.6111,0.4955,0.3276,0.9658,0.6476,0.8034
random_knots,1,0.1,6,capped_diag_safe,0,0,234,234,1.0,0.0171,0.041471,0.038288,0.027114,0.012445,0.059106,0.101059,0.9359,0.8058,0.5918,0.6538,0.463,0.3111,0.9786,0.5389,0.8419
random_knots,1,0.1,6,diag_ensemble_52,0,0,234,234,1.0,0.0171,0.043612,0.038396,0.030068,0.014353,0.059767,0.103052,0.9274,0.8848,0.6016,0.6111,0.4955,0.3276,0.9658,0.6476,0.8034
random_knots,1,0.1,6,diag_ensemble_safe,0,0,234,234,1.0,0.0171,0.041471,0.038288,0.027114,0.012445,0.059106,0.101059,0.9359,0.8058,0.5918,0.6538,0.463,0.3111,0.9786,0.5389,0.8419
random_knots,1,0.1,6,equal_ensemble_52,0,0,234,234,1.0,0.0085,0.062379,0.054117,0.045642,0.018915,0.092843,0.144747,0.8034,1.3105,0.7373,0.5726,0.8762,0.5091,0.9829,1.0196,0.4231
random_knots,1,0.1,6,equal_ensemble_safe,0,0,234,234,1.0,0.0085,0.062245,0.053799,0.045143,0.019122,0.092735,0.144369,0.8077,1.3189,0.7227,0.5684,0.8661,0.5082,0.9829,1.0149,0.4402
random_knots,1,0.1,6,diag_ensemble_9,0,0,234,234,1.0,0.0128,0.051945,0.043308,0.037851,0.016746,0.077964,0.119914,0.9573,0.9629,0.7404,0.6068,0.6086,0.3942,0.9829,0.6818,0.8376
random_knots,1,0.1,6,equal_ensemble_9,0,0,234,234,1.0,0.0043,0.062933,0.05305,0.043364,0.020341,0.093623,0.141089,0.8291,1.1736,0.8131,0.5598,0.7329,0.4582,0.9872,0.9259,0.5769
random_knots,1,0.1,6,phase2_cascade,0,0,234,234,1.0,0.0214,0.027187,0.033907,0.016491,0.008394,0.031681,0.06312,0.9145,0.5195,0.2866,0.9444,0.3027,0.1649,0.9615,0.3196,0.8291
random_knots,1,0.1,6,fixed_rational,0,0,234,234,1.0,0.0214,0.049464,0.050745,0.029672,0.010039,0.07721,0.130646,0.9402,0.8509,0.5825,0.6966,0.5208,0.3315,0.9658,0.6131,0.8504
random_knots,1,0.1,6,fixed_richardson,0,0,234,234,1.0,0.0128,0.024626,0.024673,0.016302,0.007899,0.031365,0.063216,0.9188,0.4882,0.2797,0.9402,0.3027,0.158,0.9701,0.3156,0.8419
random_knots,1,0.1,6,constant_assumed,1,0,234,234,1.0,0.0769,0.098811,0.095933,0.056892,0.022318,0.194039,0.28511,0.5556,1.0315,1.0,0.0,0.7769,0.5337,0.7051,1.0175,0.4957
random_knots,1,0.1,6,constant_oracle,1,1,234,234,1.0,0.0,0.009296,0.006173,0.008022,0.003979,0.014151,0.017772,0.9915,0.1837,0.1462,1.0,0.1111,0.0771,1.0,0.1175,0.9872
random_knots,1,0.1,6,window_mean,1,0,234,234,1.0,0.0171,0.129307,0.079473,0.110452,0.067636,0.182761,0.24318,0.0385,2.8129,1.874,0.2949,1.4762,1.0,0.0,1.6982,0.0171
random_knots,1,0.1,6,window_min,1,0,234,234,1.0,0.0,0.074299,0.055832,0.059536,0.028324,0.113434,0.155677,0.5299,1.035,0.983,0.5043,0.9858,0.5888,0.9829,1.0,0.0
random_knots,1,0.1,6,last_value,1,0,234,234,1.0,0.0,0.083278,0.056006,0.070519,0.036436,0.126409,0.162325,0.0,1.6043,1.2872,0.4444,1.0,0.6774,0.9615,1.0144,0.0214
random_knots,1,0.5,0,oracle_52,0,0,240,240,1.0,0.0,0.002879,0.004888,0.001138,0.000369,0.003077,0.007376,0.9958,0.0451,0.0118,1.0,0.0362,0.0179,1.0,0.0431,0.9792
random_knots,1,0.5,0,oracle_9,0,0,240,240,1.0,0.0,0.00782,0.010417,0.00385,0.001069,0.010056,0.020105,0.9875,0.1592,0.0367,1.0,0.1147,0.0576,1.0,0.1421,0.9458
random_knots,1,0.5,0,threshold_ens_010,0,0,240,240,1.0,0.0,0.031969,0.030653,0.021577,0.006945,0.049911,0.082709,0.8042,1.0287,0.2109,0.9833,0.7907,0.3714,0.9833,1.0154,0.4708
random_knots,1,0.5,0,threshold_ens_050,0,0,240,240,1.0,0.0,0.031722,0.030659,0.021677,0.006792,0.049533,0.08134,0.8083,1.026,0.2082,0.9833,0.7907,0.3711,0.9833,1.0158,0.4708
random_knots,1,0.5,0,threshold_ens_safe,0,0,240,240,1.0,0.0,0.031718,0.030645,0.021677,0.006784,0.049533,0.08134,0.8083,1.026,0.2082,0.9833,0.7907,0.3726,0.9833,1.013,0.475
random_knots,1,0.5,0,capped_diag_52,0,0,240,240,1.0,0.0083,0.026592,0.055622,0.013643,0.004678,0.035683,0.060601,0.8958,0.6304,0.1379,0.975,0.4441,0.2228,0.9667,0.6304,0.775
random_knots,1,0.5,0,capped_diag_safe,0,0,240,240,1.0,0.0083,0.027753,0.058887,0.016205,0.004838,0.035548,0.061239,0.9208,0.6703,0.1607,0.9875,0.4836,0.2352,0.9792,0.6321,0.7375
random_knots,1,0.5,0,diag_ensemble_52,0,0,240,240,1.0,0.0083,0.026592,0.055622,0.013643,0.004678,0.035683,0.060601,0.8958,0.6304,0.1379,0.975,0.4441,0.2228,0.9667,0.6304,0.775
random_knots,1,0.5,0,diag_ensemble_safe,0,0,240,240,1.0,0.0083,0.027753,0.058887,0.016205,0.004838,0.035548,0.061239,0.9208,0.6703,0.1607,0.9875,0.4836,0.2352,0.9792,0.6321,0.7375
random_knots,1,0.5,0,equal_ensemble_52,0,0,240,240,1.0,0.0,0.031663,0.030612,0.021716,0.006597,0.049183,0.080998,0.8125,1.0262,0.2108,0.975,0.7907,0.365,0.9833,1.0206,0.4625
random_knots,1,0.5,0,equal_ensemble_safe,0,0,240,240,1.0,0.0,0.031718,0.030645,0.021677,0.006784,0.049533,0.08134,0.8083,1.026,0.2082,0.9833,0.7907,0.3726,0.9833,1.013,0.475
random_knots,1,0.5,0,diag_ensemble_9,0,0,240,240,1.0,0.0,0.030429,0.026528,0.021181,0.008673,0.045109,0.071963,0.9,0.7576,0.2428,0.9958,0.6174,0.3127,0.9875,0.7146,0.7083
random_knots,1,0.5,0,equal_ensemble_9,0,0,240,240,1.0,0.0,0.030618,0.0295,0.020674,0.0064,0.046024,0.077068,0.8375,0.7773,0.2033,0.9875,0.6251,0.2916,0.9875,0.7249,0.6167
random_knots,1,0.5,0,phase2_cascade,0,0,240,240,1.0,0.0042,0.016224,0.015482,0.010912,0.005213,0.023845,0.036533,0.9292,0.3936,0.1226,1.0,0.3061,0.1619,0.9708,0.3596,0.8542
random_knots,1,0.5,0,fixed_rational,0,0,240,240,1.0,0.0042,0.023787,0.024384,0.015116,0.004562,0.036061,0.064649,0.9333,0.5503,0.1571,1.0,0.431,0.2197,0.9708,0.5246,0.825
random_knots,1,0.5,0,fixed_richardson,0,0,240,240,1.0,0.0,0.015611,0.014773,0.010186,0.005033,0.023789,0.033361,0.9375,0.3897,0.117,0.9917,0.3082,0.1591,0.9833,0.3596,0.8542
random_knots,1,0.5,0,constant_assumed,1,0,240,240,1.0,0.2458,0.133731,0.103454,0.094123,0.051148,0.200771,0.318821,0.0333,2.9882,1.0,0.0,2.288,1.2453,0.3875,2.8467,0.025
random_knots,1,0.5,0,constant_oracle,1,1,240,240,1.0,0.0042,0.046315,0.030395,0.040641,0.020082,0.066416,0.088097,0.6625,1.0788,0.464,1.0,0.9975,0.558,1.0,1.0562,0.4417
random_knots,1,0.5,0,window_mean,1,0,240,240,1.0,0.0458,0.091572,0.056046,0.080332,0.048086,0.131162,0.171721,0.0375,2.2389,0.803,0.6125,1.8769,1.0,0.0,2.2004,0.0458
random_knots,1,0.5,0,window_min,1,0,240,240,1.0,0.0083,0.03968,0.029921,0.030335,0.016425,0.056952,0.083595,0.5042,1.0,0.3513,0.975,0.9937,0.4545,0.9542,1.0,0.0
random_knots,1,0.5,0,last_value,1,0,240,240,1.0,0.0,0.046577,0.031245,0.039625,0.021359,0.067899,0.097797,0.0,1.019,0.4371,0.9667,1.0,0.5328,0.9625,1.0064,0.05
rational_decay,0,0.02,0,oracle_52,0,0,240,240,1.0,0.0,0.006849,0.010915,0.002387,0.0,0.009212,0.019,1.0,0.0268,0.0173,1.0,0.0111,0.0072,1.0,0.0114,1.0
rational_decay,0,0.02,0,oracle_9,0,0,240,240,1.0,0.0,0.010843,0.017212,0.0039,0.0,0.014451,0.031878,1.0,0.045,0.0334,0.9875,0.0178,0.0113,1.0,0.0185,1.0
rational_decay,0,0.02,0,threshold_ens_010,0,0,240,240,1.0,0.0,0.157802,0.112884,0.141648,0.053245,0.229844,0.350984,0.8125,1.1553,1.0039,0.5,0.9428,0.594,1.0,1.0001,0.5
rational_decay,0,0.02,0,threshold_ens_050,0,0,240,240,1.0,0.0,0.155547,0.113742,0.142567,0.05261,0.229477,0.347938,0.8417,1.1445,0.9351,0.5125,0.9372,0.5958,1.0,0.992,0.5583
rational_decay,0,0.02,0,threshold_ens_safe,0,0,240,240,1.0,0.0,0.155093,0.114112,0.142567,0.05261,0.229477,0.347938,0.8458,1.1446,0.9351,0.5125,0.9258,0.5958,1.0,0.9895,0.5708
rational_decay,0,0.02,0,capped_diag_52,0,0,240,240,1.0,0.0,0.103888,0.114,0.083745,0.040522,0.124489,0.200106,0.9875,0.7267,0.7159,0.6125,0.3518,0.243,0.9958,0.3835,0.9833
rational_decay,0,0.02,0,capped_diag_safe,0,0,240,240,1.0,0.0,0.102943,0.113667,0.082864,0.039513,0.123697,0.199636,0.9875,0.7182,0.6948,0.6125,0.3566,0.2406,0.9958,0.3817,0.9833
rational_decay,0,0.02,0,diag_ensemble_52,0,0,240,240,1.0,0.0,0.103887,0.114,0.083745,0.040522,0.124489,0.200106,0.9875,0.7267,0.7159,0.6125,0.3518,0.243,0.9958,0.3835,0.9833
rational_decay,0,0.02,0,diag_ensemble_safe,0,0,240,240,1.0,0.0,0.102943,0.113667,0.082864,0.039513,0.123697,0.199636,0.9875,0.7182,0.6948,0.6125,0.3566,0.2406,0.9958,0.3817,0.9833
rational_decay,0,0.02,0,equal_ensemble_52,0,0,240,240,1.0,0.0,0.151838,0.11868,0.141797,0.032941,0.230193,0.351839,0.8417,1.1267,0.9331,0.5167,0.9368,0.6007,1.0,0.9959,0.5333
rational_decay,0,0.02,0,equal_ensemble_safe,0,0,240,240,1.0,0.0,0.155093,0.114112,0.142567,0.05261,0.229477,0.347938,0.8458,1.1446,0.9351,0.5125,0.9258,0.5958,1.0,0.9895,0.5708
rational_decay,0,0.02,0,diag_ensemble_9,0,0,240,240,1.0,0.0,0.123699,0.077276,0.110986,0.056511,0.181462,0.250412,0.9958,0.8951,0.8864,0.5625,0.5359,0.3409,1.0,0.5597,0.9958
rational_decay,0,0.02,0,equal_ensemble_9,0,0,240,240,1.0,0.0,0.125777,0.073289,0.102033,0.059813,0.190995,0.239997,0.9958,0.9389,0.8381,0.5542,0.4722,0.3355,1.0,0.4893,0.9625
rational_decay,0,0.02,0,phase2_cascade,0,0,240,240,1.0,0.0,0.065292,0.049002,0.057291,0.018866,0.098567,0.139556,0.9792,0.4162,0.3915,0.825,0.2695,0.1832,1.0,0.2823,0.9625
rational_decay,0,0.02,0,fixed_rational,0,0,240,240,1.0,0.0,0.019539,0.035355,0.007835,0.0,0.021835,0.049861,0.9875,0.0821,0.0551,0.9542,0.0344,0.0239,0.9958,0.0386,0.9833
rational_decay,0,0.02,0,fixed_richardson,0,0,240,240,1.0,0.0,0.065292,0.049002,0.057291,0.018866,0.098567,0.139556,0.9792,0.4162,0.3915,0.825,0.2695,0.1832,1.0,0.2823,0.9625
rational_decay,0,0.02,0,constant_assumed,1,0,240,240,1.0,0.0,0.161572,0.128796,0.141889,0.027549,0.261349,0.336652,0.6583,1.0,1.0,0.0,0.672,0.4516,0.8,0.7114,0.65
rational_decay,0,0.02,0,constant_oracle,1,1,240,240,1.0,0.0,0.004554,0.001721,0.004092,0.003298,0.005348,0.007273,1.0,0.0301,0.0298,1.0,0.0204,0.0143,1.0,0.0206,1.0
rational_decay,0,0.02,0,window_mean,1,0,240,240,1.0,0.0,0.331227,0.132074,0.319226,0.222371,0.428273,0.511163,0.0,2.3603,2.2333,0.2,1.4344,1.0,0.0,1.459,0.0
rational_decay,0,0.02,0,window_min,1,0,240,240,1.0,0.0,0.214897,0.086993,0.17161,0.13558,0.250728,0.356364,0.4792,1.4057,1.4057,0.35,1.0,0.6854,1.0,1.0,0.0
rational_decay,0,0.02,0,last_value,1,0,240,240,1.0,0.0,0.223649,0.084924,0.203215,0.158332,0.276732,0.356364,0.0,1.5278,1.4882,0.3417,1.0,0.6972,1.0,1.0,0.0
rational_decay,0,0.1,0,oracle_52,0,0,240,240,1.0,0.0,0.005351,0.008118,0.001877,0.0,0.007732,0.014427,1.0,0.0189,0.0117,1.0,0.0088,0.0062,1.0,0.0103,1.0
rational_decay,0,0.1,0,oracle_9,0,0,240,240,1.0,0.0,0.010215,0.018657,0.003335,0.0,0.011653,0.028363,1.0,0.0277,0.0218,0.9917,0.0176,0.0111,1.0,0.0192,1.0
rational_decay,0,0.1,0,threshold_ens_010,0,0,240,240,1.0,0.0,0.142692,0.106196,0.130324,0.050665,0.212112,0.322694,0.8167,1.0837,0.7864,0.5667,0.9379,0.5746,1.0,0.9996,0.5083
rational_decay,0,0.1,0,threshold_ens_050,0,0,240,240,1.0,0.0,0.141213,0.106175,0.130324,0.052844,0.211902,0.319811,0.8375,1.0727,0.7864,0.5708,0.9248,0.5745,1.0,0.9957,0.5458
rational_decay,0,0.1,0,threshold_ens_safe,0,0,240,240,1.0,0.0,0.140953,0.106266,0.130324,0.053524,0.211902,0.319811,0.8417,1.0747,0.7864,0.5708,0.9203,0.5745,1.0,0.992,0.5625
rational_decay,0,0.1,0,capped_diag_52,0,0,240,240,1.0,0.0,0.113051,0.126983,0.092219,0.059569,0.143292,0.222792,0.9917,0.7283,0.6148,0.6333,0.502,0.3313,0.9917,0.5574,0.9667
rational_decay,0,0.1,0,capped_diag_safe,0,0,240,240,1.0,0.0,0.108504,0.125303,0.088233,0.057852,0.130386,0.219426,0.9917,0.6846,0.5972,0.6375,0.4758,0.3113,0.9958,0.5295,0.9792
rational_decay,0,0.1,0,diag_ensemble_52,0,0,240,240,1.0,0.0,0.112993,0.126946,0.092219,0.059569,0.143292,0.222792,0.9917,0.7283,0.6148,0.6333,0.502,0.3313,0.9917,0.5574,0.9667
rational_decay,0,0.1,0,diag_ensemble_safe,0,0,240,240,1.0,0.0,0.108503,0.125302,0.088233,0.057852,0.130386,0.219426,0.9917,0.6846,0.5972,0.6375,0.4758,0.3113,0.9958,0.5295,0.9792
rational_decay,0,0.1,0,equal_ensemble_52,0,0,240,240,1.0,0.0,0.139889,0.109362,0.130952,0.044343,0.212257,0.323819,0.8208,1.0505,0.771,0.5875,0.9345,0.5804,1.0,0.9999,0.5042
rational_decay,0,0.1,0,equal_ensemble_safe,0,0,240,240,1.0,0.0,0.140953,0.106266,0.130324,0.053524,0.211902,0.319811,0.8417,1.0747,0.7864,0.5708,0.9203,0.5745,1.0,0.992,0.5625
rational_decay,0,0.1,0,diag_ensemble_9,0,0,240,240,1.0,0.0,0.124642,0.075232,0.111121,0.056443,0.178737,0.248968,1.0,0.8205,0.7957,0.5917,0.6036,0.3656,1.0,0.6253,0.9958
rational_decay,0,0.1,0,equal_ensemble_9,0,0,240,240,1.0,0.0,0.114686,0.067066,0.102837,0.046143,0.1729,0.210906,0.9958,0.852,0.689,0.6,0.5204,0.3295,1.0,0.5279,0.9625
rational_decay,0,0.1,0,phase2_cascade,0,0,240,240,1.0,0.0,0.073602,0.057712,0.063937,0.024106,0.113229,0.164085,1.0,0.4033,0.325,0.8167,0.3434,0.2221,1.0,0.3671,0.9958
rational_decay,0,0.1,0,fixed_rational,0,0,240,240,1.0,0.0,0.017211,0.030606,0.007017,0.0,0.019232,0.04401,0.9875,0.0623,0.0441,0.9792,0.0324,0.0219,1.0,0.0325,0.9875
rational_decay,0,0.1,0,fixed_richardson,0,0,240,240,1.0,0.0,0.073602,0.057712,0.063937,0.024106,0.113229,0.164085,1.0,0.4033,0.325,0.8167,0.3434,0.2221,1.0,0.3671,0.9958
rational_decay,0,0.1,0,constant_assumed,1,0,240,240,1.0,0.0,0.179786,0.129072,0.160914,0.046865,0.276388,0.351628,0.5958,1.0,1.0,0.0,0.8193,0.5417,0.775,0.8643,0.5708
rational_decay,0,0.1,0,constant_oracle,1,1,240,240,1.0,0.0,0.022767,0.008606,0.02046,0.016489,0.026738,0.036364,1.0,0.1498,0.1331,1.0,0.1111,0.0759,1.0,0.1123,1.0
rational_decay,0,0.1,0,window_mean,1,0,240,240,1.0,0.0,0.313014,0.125414,0.302858,0.20918,0.406883,0.482072,0.0,2.0266,1.8569,0.225,1.473,1.0,0.0,1.5009,0.0
rational_decay,0,0.1,0,window_min,1,0,240,240,1.0,0.0,0.196684,0.080191,0.157299,0.124555,0.229338,0.327273,0.4792,1.157,1.157,0.4292,1.0,0.6663,1.0,1.0,0.0
rational_decay,0,0.1,0,last_value,1,0,240,240,1.0,0.0,0.205436,0.078094,0.186847,0.144419,0.255341,0.327273,0.0,1.3294,1.2207,0.4042,1.0,0.6789,1.0,1.0,0.0
rational_decay,0,0.5,0,oracle_52,0,0,240,240,1.0,0.0,0.002272,0.003629,0.000723,0.0,0.003036,0.006491,1.0,0.008,0.0037,1.0,0.0073,0.0036,1.0,0.008,1.0
rational_decay,0,0.5,0,oracle_9,0,0,240,240,1.0,0.0,0.004339,0.006879,0.001933,0.0,0.006304,0.012221,1.0,0.0186,0.0071,1.0,0.0167,0.0084,1.0,0.0186,0.9958
rational_decay,0,0.5,0,threshold_ens_010,0,0,240,240,1.0,0.0,0.073923,0.06464,0.070898,0.000393,0.11931,0.178238,0.8,1.0049,0.2689,0.9875,0.8946,0.4315,1.0,1.0043,0.4875
rational_decay,0,0.5,0,threshold_ens_050,0,0,240,240,1.0,0.0,0.073663,0.064664,0.072749,0.000246,0.118489,0.178696,0.8,1.0035,0.2675,0.9875,0.8946,0.4317,1.0,1.0027,0.4917
rational_decay,0,0.5,0,threshold_ens_safe,0,0,240,240,1.0,0.0,0.07358,0.064749,0.071677,0.000246,0.118496,0.178696,0.8,1.0035,0.265,0.9875,0.8946,0.4315,1.0,1.0027,0.4917
rational_decay,0,0.5,0,capped_diag_52,0,0,240,240,1.0,0.0042,0.062504,0.114805,0.03645,0.014712,0.091551,0.135539,0.9583,0.5602,0.1702,0.9875,0.4669,0.2679,0.9875,0.5602,0.9083
rational_decay,0,0.5,0,capped_diag_safe,0,0,240,240,1.0,0.0042,0.067541,0.113058,0.048746,0.013736,0.094836,0.143904,0.9542,0.6761,0.1965,0.9917,0.605,0.3301,0.9917,0.6761,0.85
rational_decay,0,0.5,0,diag_ensemble_52,0,0,240,240,1.0,0.0042,0.062504,0.114805,0.03645,0.014712,0.091551,0.135539,0.9583,0.5602,0.1702,0.9875,0.4669,0.2679,0.9875,0.5602,0.9083
rational_decay,0,0.5,0,diag_ensemble_safe,0,0,240,240,1.0,0.0042,0.067541,0.113058,0.048746,0.013736,0.094836,0.143904,0.9542,0.6761,0.1965,0.9917,0.605,0.3301,0.9917,0.6761,0.85
rational_decay,0,0.5,0,equal_ensemble_52,0,0,240,240,1.0,0.0,0.073084,0.064837,0.070026,0.0,0.118465,0.178393,0.8208,1.0008,0.2601,0.9875,0.8805,0.4269,1.0,0.9998,0.5042
rational_decay,0,0.5,0,equal_ensemble_safe,0,0,240,240,1.0,0.0,0.07358,0.064749,0.071677,0.000246,0.118496,0.178696,0.8,1.0035,0.265,0.9875,0.8946,0.4315,1.0,1.0027,0.4917
rational_decay,0,0.5,0,diag_ensemble_9,0,0,240,240,1.0,0.0,0.073036,0.047452,0.071165,0.029368,0.106727,0.150728,0.9917,0.6754,0.268,1.0,0.6157,0.2969,1.0,0.6754,0.8958
rational_decay,0,0.5,0,equal_ensemble_9,0,0,240,240,1.0,0.0,0.061978,0.047055,0.062165,0.017184,0.091158,0.134263,0.9958,0.6509,0.2158,1.0,0.4796,0.2539,1.0,0.6509,0.9292
rational_decay,0,0.5,0,phase2_cascade,0,0,240,240,1.0,0.0,0.061832,0.055915,0.048297,0.008648,0.113629,0.140018,1.0,0.5308,0.1507,1.0,0.4487,0.2152,1.0,0.5308,0.9583
rational_decay,0,0.5,0,fixed_rational,0,0,240,240,1.0,0.0,0.008173,0.013589,0.003391,0.0,0.010106,0.019963,1.0,0.0321,0.0126,1.0,0.0294,0.0164,1.0,0.0321,0.9875
rational_decay,0,0.5,0,fixed_richardson,0,0,240,240,1.0,0.0,0.061832,0.055915,0.048297,0.008648,0.113629,0.140018,1.0,0.5308,0.1507,1.0,0.4487,0.2152,1.0,0.5308,0.9583
rational_decay,0,0.5,0,constant_assumed,1,0,240,240,1.0,0.075,0.270865,0.13578,0.250535,0.158571,0.365574,0.443294,0.0375,2.4482,1.0,0.0,2.272,1.1922,0.4625,2.4482,0.0042
rational_decay,0,0.5,0,constant_oracle,1,1,240,240,1.0,0.0,0.113847,0.04302,0.102302,0.082459,0.13369,0.181818,0.4583,1.0188,0.4343,1.0,1.0,0.5446,1.0,1.0188,0.2042
rational_decay,0,0.5,0,window_mean,1,0,240,240,1.0,0.0,0.221934,0.092624,0.221017,0.14321,0.299931,0.336618,0.0,1.9245,0.8402,0.5375,1.8514,1.0,0.0,1.9245,0.0
rational_decay,0,0.5,0,window_min,1,0,240,240,1.0,0.0,0.105604,0.046569,0.086957,0.068966,0.122386,0.181818,0.4792,1.0,0.4085,0.9958,1.0,0.5196,1.0,1.0,0.0
rational_decay,0,0.5,0,last_value,1,0,240,240,1.0,0.0,0.114356,0.044218,0.106644,0.079659,0.148389,0.181818,0.0,1.0,0.4401,0.9625,1.0,0.5401,1.0,1.0,0.0
real_boot_a,1,0.02,0,oracle_52,0,0,240,240,1.0,0.0,0.010006,0.010626,0.006208,0.002248,0.013964,0.024648,1.0,0.108,0.0921,0.8917,0.0331,0.0234,1.0,0.0348,1.0
real_boot_a,1,0.02,0,oracle_9,0,0,240,240,1.0,0.0,0.039412,0.026395,0.037649,0.016078,0.059532,0.079115,1.0,0.4628,0.4628,0.6333,0.1725,0.1236,1.0,0.1775,1.0
real_boot_a,1,0.02,0,threshold_ens_010,0,0,240,240,1.0,0.0,0.166926,0.070938,0.157638,0.121228,0.20954,0.29393,0.775,1.7462,1.7462,0.3375,0.9407,0.6237,1.0,1.0069,0.4583
real_boot_a,1,0.02,0,threshold_ens_050,0,0,240,240,1.0,0.0,0.166265,0.071765,0.158261,0.121228,0.209861,0.292805,0.7792,1.7414,1.7414,0.3417,0.9401,0.6255,1.0,1.0021,0.4792
real_boot_a,1,0.02,0,threshold_ens_safe,0,0,240,240,1.0,0.0,0.166016,0.072045,0.157979,0.121228,0.209861,0.292805,0.7917,1.7414,1.7414,0.3417,0.9376,0.6255,1.0,1.0002,0.4958
real_boot_a,1,0.02,0,capped_diag_52,0,0,240,240,1.0,0.0,0.136842,0.061251,0.123772,0.088564,0.170547,0.22796,0.9667,1.4963,1.4789,0.3958,0.657,0.4759,0.9958,0.7067,0.9292
real_boot_a,1,0.02,0,capped_diag_safe,0,0,240,240,1.0,0.0,0.135953,0.054377,0.123364,0.100166,0.164089,0.220204,0.9667,1.4734,1.4636,0.3875,0.6845,0.4844,0.9958,0.7255,0.9167
real_boot_a,1,0.02,0,diag_ensemble_52,0,0,240,240,1.0,0.0,0.136842,0.061251,0.123772,0.088564,0.170547,0.22796,0.9667,1.4963,1.4789,0.3958,0.657,0.4759,0.9958,0.7067,0.9292
real_boot_a,1,0.02,0,diag_ensemble_safe,0,0,240,240,1.0,0.0,0.135953,0.054377,0.123364,0.100166,0.164089,0.220204,0.9667,1.4734,1.4636,0.3875,0.6845,0.4844,0.9958,0.7255,0.9167
real_boot_a,1,0.02,0,equal_ensemble_52,0,0,240,240,1.0,0.0,0.164274,0.073708,0.14895,0.121228,0.210818,0.296261,0.7917,1.7356,1.7356,0.3375,0.9394,0.628,1.0,1.0003,0.4917
real_boot_a,1,0.02,0,equal_ensemble_safe,0,0,240,240,1.0,0.0,0.166016,0.072045,0.157979,0.121228,0.209861,0.292805,0.7917,1.7414,1.7414,0.3417,0.9376,0.6255,1.0,1.0002,0.4958
real_boot_a,1,0.02,0,diag_ensemble_9,0,0,240,240,1.0,0.0,0.140866,0.053044,0.114603,0.096736,0.180342,0.232,0.9917,1.4869,1.4869,0.375,0.6856,0.4992,1.0,0.7193,0.9458
real_boot_a,1,0.02,0,equal_ensemble_9,0,0,240,240,1.0,0.0,0.140166,0.057641,0.113932,0.093381,0.195443,0.233372,0.975,1.4472,1.4472,0.3708,0.6796,0.5122,1.0,0.6999,0.9
real_boot_a,1,0.02,0,phase2_cascade,0,0,240,240,1.0,0.0,0.084924,0.052019,0.064293,0.040876,0.132389,0.160657,1.0,1.0592,1.0592,0.4875,0.3895,0.292,1.0,0.4131,1.0
real_boot_a,1,0.02,0,fixed_rational,0,0,240,240,1.0,0.0,0.063745,0.023377,0.064281,0.044627,0.082463,0.086944,1.0,0.664,0.6527,0.5958,0.3297,0.2454,1.0,0.3486,1.0
real_boot_a,1,0.02,0,fixed_richardson,0,0,240,240,1.0,0.0,0.08496,0.051958,0.06396,0.042367,0.132389,0.160657,1.0,1.0592,1.0592,0.4875,0.3895,0.292,1.0,0.4177,1.0
real_boot_a,1,0.02,0,constant_assumed,1,0,240,240,1.0,0.0,0.136838,0.148436,0.100097,0.013531,0.179047,0.393751,0.75,1.0,1.0,0.0,0.4656,0.3178,0.8208,0.4887,0.725
real_boot_a,1,0.02,0,constant_oracle,1,1,240,240,1.0,0.0,0.004019,0.001267,0.00369,0.003095,0.004615,0.006013,1.0,0.0417,0.0417,1.0,0.0199,0.0143,1.0,0.0203,1.0
real_boot_a,1,0.02,0,window_mean,1,0,240,240,1.0,0.0,0.289833,0.105101,0.278197,0.200875,0.367024,0.433894,0.0042,3.1462,3.1462,0.1792,1.415,1.0,0.0,1.461,0.0
real_boot_a,1,0.02,0,window_min,1,0,240,240,1.0,0.0,0.192335,0.066557,0.164438,0.134391,0.223332,0.301464,0.4458,2.0463,2.0463,0.275,1.0,0.6844,1.0,1.0,0.0
real_boot_a,1,0.02,0,last_value,1,0,240,240,1.0,0.0,0.201718,0.063423,0.182269,0.15011,0.258532,0.301464,0.0,2.1479,2.1479,0.25,1.0,0.7067,0.9958,1.0,0.0
real_boot_a,1,0.1,0,oracle_52,0,0,240,240,1.0,0.0,0.008637,0.008538,0.006458,0.002839,0.011288,0.020256,1.0,0.0716,0.0623,0.9958,0.034,0.0233,1.0,0.0348,1.0
real_boot_a,1,0.1,0,oracle_9,0,0,240,240,1.0,0.0,0.035264,0.023908,0.032659,0.012299,0.057753,0.067903,1.0,0.3541,0.3541,0.7208,0.1866,0.1307,1.0,0.2023,1.0
real_boot_a,1,0.1,0,threshold_ens_010,0,0,240,240,1.0,0.0,0.151406,0.06652,0.142011,0.104037,0.192669,0.270559,0.775,1.4141,1.3782,0.375,0.9359,0.6041,1.0,1.0073,0.4583
real_boot_a,1,0.1,0,threshold_ens_050,0,0,240,240,1.0,0.0,0.150633,0.067331,0.142051,0.104037,0.192812,0.268197,0.7833,1.4069,1.3725,0.3708,0.9344,0.6056,1.0,1.0003,0.4917
real_boot_a,1,0.1,0,threshold_ens_safe,0,0,240,240,1.0,0.0,0.150357,0.067612,0.141983,0.104037,0.192812,0.268197,0.7875,1.4036,1.3702,0.3708,0.9323,0.6056,1.0,1.0003,0.4958
real_boot_a,1,0.1,0,capped_diag_52,0,0,240,240,1.0,0.0,0.123814,0.059301,0.111864,0.079899,0.157393,0.20852,0.9542,1.1818,1.1464,0.4667,0.6347,0.4559,0.9833,0.7047,0.9
real_boot_a,1,0.1,0,capped_diag_safe,0,0,240,240,1.0,0.0,0.123741,0.051529,0.112534,0.092483,0.151279,0.199569,0.9625,1.1938,1.1351,0.4667,0.6862,0.4646,0.9875,0.7195,0.9083
real_boot_a,1,0.1,0,diag_ensemble_52,0,0,240,240,1.0,0.0,0.123814,0.059301,0.111864,0.079899,0.157393,0.20852,0.9542,1.1818,1.1464,0.4667,0.6347,0.4559,0.9833,0.7047,0.9
real_boot_a,1,0.1,0,diag_ensemble_safe,0,0,240,240,1.0,0.0,0.123741,0.051529,0.112534,0.092483,0.151279,0.199569,0.9625,1.1938,1.1351,0.4667,0.6862,0.4646,0.9875,0.7195,0.9083
real_boot_a,1,0.1,0,equal_ensemble_52,0,0,240,240,1.0,0.0,0.14869,0.069509,0.13276,0.104037,0.193184,0.271595,0.7875,1.3905,1.3699,0.3708,0.9352,0.6069,1.0,1.0014,0.4833
real_boot_a,1,0.1,0,equal_ensemble_safe,0,0,240,240,1.0,0.0,0.150357,0.067612,0.141983,0.104037,0.192812,0.268197,0.7875,1.4036,1.3702,0.3708,0.9323,0.6056,1.0,1.0003,0.4958
real_boot_a,1,0.1,0,diag_ensemble_9,0,0,240,240,1.0,0.0,0.127774,0.049195,0.103608,0.086708,0.163299,0.212462,0.9875,1.1911,1.1771,0.4625,0.6747,0.4808,1.0,0.7125,0.9458
real_boot_a,1,0.1,0,equal_ensemble_9,0,0,240,240,1.0,0.0,0.126832,0.052622,0.103266,0.082263,0.17794,0.208705,0.975,1.144,1.1231,0.4542,0.6665,0.4897,1.0,0.6881,0.8958
real_boot_a,1,0.1,0,phase2_cascade,0,0,240,240,1.0,0.0,0.07845,0.049564,0.057384,0.03652,0.123804,0.150461,1.0,0.8319,0.8319,0.5417,0.3772,0.2823,1.0,0.4159,1.0
real_boot_a,1,0.1,0,fixed_rational,0,0,240,240,1.0,0.0,0.053516,0.020355,0.054777,0.037641,0.069972,0.074211,1.0,0.5243,0.4673,0.6458,0.3114,0.2209,1.0,0.3247,1.0
real_boot_a,1,0.1,0,fixed_richardson,0,0,240,240,1.0,0.0,0.078489,0.049505,0.057384,0.037306,0.123804,0.150461,1.0,0.845,0.845,0.5375,0.3772,0.2823,1.0,0.4188,1.0
real_boot_a,1,0.1,0,constant_assumed,1,0,240,240,1.0,0.0,0.153359,0.148572,0.114981,0.037174,0.200286,0.417046,0.7125,1.0,1.0,0.0,0.5969,0.3934,0.7875,0.6349,0.6875
real_boot_a,1,0.1,0,constant_oracle,1,1,240,240,1.0,0.0,0.020541,0.006482,0.018921,0.015786,0.023675,0.030679,1.0,0.1835,0.1824,1.0,0.1107,0.0776,1.0,0.1132,1.0
real_boot_a,1,0.1,0,window_mean,1,0,240,240,1.0,0.0,0.273312,0.100016,0.262967,0.188184,0.347963,0.409228,0.0042,2.5418,2.5418,0.2125,1.4514,1.0,0.0,1.5027,0.0
real_boot_a,1,0.1,0,window_min,1,0,240,240,1.0,0.0,0.175814,0.061461,0.150173,0.123434,0.204272,0.276797,0.4458,1.5749,1.5749,0.3125,1.0,0.6655,1.0,1.0,0.0
real_boot_a,1,0.1,0,last_value,1,0,240,240,1.0,0.0,0.185197,0.058301,0.169062,0.138186,0.234664,0.276797,0.0,1.6788,1.6754,0.2875,1.0,0.689,0.9958,1.0,0.0
real_boot_a,1,0.5,0,oracle_52,0,0,240,240,1.0,0.0,0.003711,0.004506,0.0018,0.00063,0.005101,0.009683,1.0,0.0212,0.0089,1.0,0.0169,0.0104,1.0,0.0212,1.0
real_boot_a,1,0.5,0,oracle_9,0,0,240,240,1.0,0.0,0.010185,0.007551,0.008121,0.003709,0.015953,0.02108,1.0,0.1003,0.0429,1.0,0.0885,0.0577,1.0,0.1003,1.0
real_boot_a,1,0.5,0,threshold_ens_010,0,0,240,240,1.0,0.0,0.075001,0.045245,0.068656,0.034702,0.1073,0.148925,0.775,1.0159,0.3219,0.975,0.8922,0.4649,1.0,1.0159,0.4542
real_boot_a,1,0.5,0,threshold_ens_050,0,0,240,240,1.0,0.0,0.075067,0.045649,0.069415,0.034681,0.10746,0.149889,0.7792,1.0144,0.3225,0.975,0.8936,0.4657,1.0,1.0144,0.4667
real_boot_a,1,0.5,0,threshold_ens_safe,0,0,240,240,1.0,0.0,0.074906,0.045768,0.069415,0.034681,0.107534,0.149889,0.7792,1.0136,0.3184,0.975,0.8906,0.4657,1.0,1.0136,0.475
real_boot_a,1,0.5,0,capped_diag_52,0,0,240,240,1.0,0.0083,0.082837,0.221348,0.052109,0.035469,0.085918,0.122665,0.9292,0.6923,0.3106,0.9792,0.5933,0.3379,0.9792,0.6923,0.8125
real_boot_a,1,0.5,0,capped_diag_safe,0,0,240,240,1.0,0.0083,0.087441,0.222382,0.058631,0.042183,0.087741,0.116775,0.9167,0.7601,0.3347,0.9792,0.6707,0.3729,0.9792,0.7601,0.775
real_boot_a,1,0.5,0,diag_ensemble_52,0,0,240,240,1.0,0.0083,0.082837,0.221348,0.052109,0.035469,0.085918,0.122665,0.9292,0.6923,0.3106,0.9792,0.5933,0.3379,0.9792,0.6923,0.8125
real_boot_a,1,0.5,0,diag_ensemble_safe,0,0,240,240,1.0,0.0083,0.087441,0.222382,0.058631,0.042183,0.087741,0.116775,0.9167,0.7601,0.3347,0.9792,0.6707,0.3729,0.9792,0.7601,0.775
real_boot_a,1,0.5,0,equal_ensemble_52,0,0,240,240,1.0,0.0,0.073496,0.047002,0.067643,0.027129,0.107761,0.150345,0.7833,1.0008,0.3175,0.975,0.864,0.4614,1.0,1.0008,0.4875
real_boot_a,1,0.5,0,equal_ensemble_safe,0,0,240,240,1.0,0.0,0.074906,0.045768,0.069415,0.034681,0.107534,0.149889,0.7792,1.0136,0.3184,0.975,0.8906,0.4657,1.0,1.0136,0.475
real_boot_a,1,0.5,0,diag_ensemble_9,0,0,240,240,1.0,0.0,0.065332,0.030947,0.052388,0.040873,0.086996,0.11696,0.9708,0.6773,0.3354,0.9958,0.6036,0.363,1.0,0.6773,0.85
real_boot_a,1,0.5,0,equal_ensemble_9,0,0,240,240,1.0,0.0,0.062569,0.029703,0.058766,0.035171,0.091971,0.098188,0.9625,0.6305,0.3206,1.0,0.5592,0.3189,1.0,0.6305,0.8708
real_boot_a,1,0.5,0,phase2_cascade,0,0,240,240,1.0,0.0,0.048298,0.036509,0.035128,0.014741,0.082376,0.100417,0.9875,0.4881,0.2414,1.0,0.3701,0.2165,1.0,0.4881,0.975
real_boot_a,1,0.5,0,fixed_rational,0,0,240,240,1.0,0.0,0.016678,0.011298,0.016291,0.008862,0.022598,0.028222,1.0,0.1979,0.0785,1.0,0.1953,0.0944,1.0,0.1979,0.9958
real_boot_a,1,0.5,0,fixed_richardson,0,0,240,240,1.0,0.0,0.048334,0.036466,0.034393,0.015669,0.082376,0.100417,0.9875,0.4881,0.241,1.0,0.3701,0.2165,1.0,0.4881,0.9708
real_boot_a,1,0.5,0,constant_assumed,1,0,240,240,1.0,0.1,0.235701,0.151856,0.184696,0.115076,0.287183,0.53259,0.0417,2.1199,1.0,0.0,1.8816,0.9518,0.5417,2.1199,0.0
real_boot_a,1,0.5,0,constant_oracle,1,1,240,240,1.0,0.0,0.102882,0.032074,0.095066,0.079547,0.118401,0.152974,0.65,1.0385,0.5286,1.0,0.9967,0.5657,1.0,1.0385,0.3792
real_boot_a,1,0.5,0,window_mean,1,0,240,240,1.0,0.0,0.190971,0.07533,0.186821,0.124423,0.253237,0.286932,0.0042,1.9281,1.0523,0.4583,1.8034,1.0,0.0,1.9281,0.0
real_boot_a,1,0.5,0,window_min,1,0,240,240,1.0,0.0,0.093472,0.036934,0.083418,0.06795,0.109546,0.154502,0.4458,1.0,0.4718,1.0,1.0,0.5186,1.0,1.0,0.0
real_boot_a,1,0.5,0,last_value,1,0,240,240,1.0,0.0,0.102855,0.033591,0.094726,0.077049,0.128438,0.154502,0.0,1.0,0.5315,0.9583,1.0,0.5545,0.9958,1.0,0.0
real_boot_b,1,0.02,0,oracle_52,0,0,240,240,1.0,0.0,0.002705,0.003555,0.001399,0.000404,0.004016,0.00591,1.0,0.045,0.0315,1.0,0.0207,0.0117,1.0,0.0261,0.9833
real_boot_b,1,0.02,0,oracle_9,0,0,240,240,1.0,0.0,0.006404,0.008951,0.002979,0.000805,0.006706,0.016989,1.0,0.1064,0.0677,1.0,0.044,0.02,1.0,0.0591,0.9625
real_boot_b,1,0.02,0,threshold_ens_010,0,0,240,240,1.0,0.0,0.062298,0.049901,0.044907,0.028937,0.078403,0.165047,0.7958,1.6985,1.2495,0.4417,0.8077,0.3734,0.9958,1.0206,0.4583
real_boot_b,1,0.02,0,threshold_ens_050,0,0,240,240,1.0,0.0,0.061887,0.049546,0.04488,0.028898,0.078403,0.163912,0.8042,1.6938,1.2504,0.4417,0.8005,0.3674,0.9958,1.02,0.4667
real_boot_b,1,0.02,0,threshold_ens_safe,0,0,240,240,1.0,0.0,0.061888,0.049574,0.04488,0.028898,0.078403,0.163912,0.8042,1.6938,1.2504,0.4417,0.8005,0.3672,0.9958,1.02,0.4667
real_boot_b,1,0.02,0,capped_diag_52,0,0,240,240,1.0,0.0,0.044061,0.037545,0.033425,0.015903,0.063581,0.113122,0.95,1.225,0.8966,0.5208,0.5044,0.2653,0.9875,0.5946,0.7875
real_boot_b,1,0.02,0,capped_diag_safe,0,0,240,240,1.0,0.0,0.04243,0.033911,0.03074,0.019936,0.052717,0.106149,0.9708,1.3577,1.0309,0.4958,0.5175,0.2821,0.9875,0.6274,0.8083
real_boot_b,1,0.02,0,diag_ensemble_52,0,0,240,240,1.0,0.0,0.044061,0.037545,0.033425,0.015903,0.063581,0.113122,0.95,1.225,0.8966,0.5208,0.5044,0.2653,0.9875,0.5946,0.7875
real_boot_b,1,0.02,0,diag_ensemble_safe,0,0,240,240,1.0,0.0,0.04243,0.033911,0.03074,0.019936,0.052717,0.106149,0.9708,1.3577,1.0309,0.4958,0.5175,0.2821,0.9875,0.6274,0.8083
real_boot_b,1,0.02,0,equal_ensemble_52,0,0,240,240,1.0,0.0,0.062473,0.050437,0.045325,0.028898,0.079204,0.168788,0.7875,1.6912,1.2548,0.4417,0.8075,0.3688,0.9958,1.0287,0.4333
real_boot_b,1,0.02,0,equal_ensemble_safe,0,0,240,240,1.0,0.0,0.061888,0.049574,0.04488,0.028898,0.078403,0.163912,0.8042,1.6938,1.2504,0.4417,0.8005,0.3672,0.9958,1.02,0.4667
real_boot_b,1,0.02,0,diag_ensemble_9,0,0,240,240,1.0,0.0,0.04535,0.034268,0.035605,0.018241,0.061581,0.102745,0.9833,1.2166,0.8031,0.55,0.5199,0.2519,0.9958,0.6064,0.8208
real_boot_b,1,0.02,0,equal_ensemble_9,0,0,240,240,1.0,0.0,0.0458,0.036069,0.044404,0.010649,0.071402,0.100805,0.9375,1.0039,0.6108,0.5875,0.5707,0.2439,1.0,0.6496,0.7708
real_boot_b,1,0.02,0,phase2_cascade,0,0,240,240,1.0,0.0,0.027202,0.028599,0.013938,0.003612,0.047623,0.080327,0.9875,0.4018,0.2144,0.7125,0.2089,0.1111,0.9917,0.3015,0.9208
real_boot_b,1,0.02,0,fixed_rational,0,0,240,240,1.0,0.0,0.018869,0.026266,0.005702,0.002979,0.034603,0.056919,0.9875,0.3006,0.2263,0.9875,0.0903,0.0566,0.9917,0.1026,0.9292
real_boot_b,1,0.02,0,fixed_richardson,0,0,240,240,1.0,0.0,0.027017,0.02842,0.013938,0.003692,0.04748,0.080327,0.9917,0.4116,0.2092,0.7125,0.2097,0.1132,0.9958,0.3015,0.9167
real_boot_b,1,0.02,0,constant_assumed,1,0,240,240,1.0,0.0417,0.079675,0.079278,0.042371,0.015722,0.129684,0.216799,0.6167,1.0,1.0,0.0,0.5315,0.2942,0.775,0.7495,0.5542
real_boot_b,1,0.02,0,constant_oracle,1,1,240,240,1.0,0.0,0.001693,0.001046,0.001304,0.000949,0.002048,0.003421,1.0,0.0516,0.0366,1.0,0.0201,0.0109,1.0,0.0212,0.9917
real_boot_b,1,0.02,0,window_mean,1,0,240,240,1.0,0.0042,0.174169,0.111673,0.156097,0.076209,0.251098,0.332713,0.0333,4.606,3.3994,0.225,1.9334,1.0,0.0,2.0622,0.0
real_boot_b,1,0.02,0,window_min,1,0,240,240,1.0,0.0,0.074025,0.055553,0.050087,0.035355,0.095535,0.168276,0.4958,1.3343,1.3343,0.4458,1.0,0.4849,1.0,1.0,0.0
real_boot_b,1,0.02,0,last_value,1,0,240,240,1.0,0.0,0.085214,0.051481,0.071921,0.045709,0.127703,0.168276,0.0,2.553,1.8816,0.3833,1.0,0.5172,0.9667,1.0,0.0
real_boot_b,1,0.1,0,oracle_52,0,0,240,240,1.0,0.0,0.002635,0.003736,0.001256,0.000426,0.002725,0.007149,1.0,0.0336,0.0204,1.0,0.0174,0.0084,1.0,0.0249,0.9833
real_boot_b,1,0.1,0,oracle_9,0,0,240,240,1.0,0.0,0.006363,0.00867,0.002667,0.001273,0.007172,0.01822,1.0,0.102,0.0631,1.0,0.0503,0.0237,1.0,0.061,0.9583
real_boot_b,1,0.1,0,threshold_ens_010,0,0,240,240,1.0,0.0,0.055833,0.047006,0.034581,0.022661,0.071964,0.152096,0.8,1.2401,0.8822,0.5292,0.7935,0.3537,0.9958,1.0234,0.4583
real_boot_b,1,0.1,0,threshold_ens_050,0,0,240,240,1.0,0.0,0.055394,0.046482,0.034579,0.022661,0.071964,0.148326,0.8083,1.2385,0.8785,0.5292,0.7848,0.3437,0.9958,1.0225,0.4667
real_boot_b,1,0.1,0,threshold_ens_safe,0,0,240,240,1.0,0.0,0.055387,0.046506,0.034579,0.022661,0.071964,0.148326,0.8083,1.2385,0.8785,0.5292,0.7848,0.3428,0.9958,1.0225,0.4667
real_boot_b,1,0.1,0,capped_diag_52,0,0,240,240,1.0,0.0,0.040346,0.037393,0.027768,0.012453,0.055978,0.110308,0.9542,0.8731,0.647,0.625,0.4519,0.2385,1.0,0.5758,0.8
real_boot_b,1,0.1,0,capped_diag_safe,0,0,240,240,1.0,0.0,0.039897,0.033058,0.028195,0.017122,0.046264,0.104192,0.9583,1.0028,0.7596,0.5792,0.5136,0.2727,1.0,0.6428,0.8
real_boot_b,1,0.1,0,diag_ensemble_52,0,0,240,240,1.0,0.0,0.040346,0.037393,0.027768,0.012453,0.055978,0.110308,0.9542,0.8731,0.647,0.625,0.4519,0.2385,1.0,0.5758,0.8
real_boot_b,1,0.1,0,diag_ensemble_safe,0,0,240,240,1.0,0.0,0.039897,0.033058,0.028195,0.017122,0.046264,0.104192,0.9583,1.0028,0.7596,0.5792,0.5136,0.2727,1.0,0.6428,0.8
real_boot_b,1,0.1,0,equal_ensemble_52,0,0,240,240,1.0,0.0,0.05589,0.04754,0.034257,0.022566,0.072772,0.15524,0.7958,1.2398,0.8946,0.5292,0.7754,0.348,0.9958,1.0367,0.4458
real_boot_b,1,0.1,0,equal_ensemble_safe,0,0,240,240,1.0,0.0,0.055387,0.046506,0.034579,0.022661,0.071964,0.148326,0.8083,1.2385,0.8785,0.5292,0.7848,0.3428,0.9958,1.0225,0.4667
real_boot_b,1,0.1,0,diag_ensemble_9,0,0,240,240,1.0,0.0,0.043126,0.033717,0.033874,0.016316,0.06087,0.099861,0.9792,0.9732,0.6795,0.6042,0.5398,0.2413,0.9958,0.6357,0.8042
real_boot_b,1,0.1,0,equal_ensemble_9,0,0,240,240,1.0,0.0,0.040964,0.032777,0.038792,0.008652,0.064966,0.090358,0.9375,0.9327,0.4583,0.6542,0.5516,0.2455,1.0,0.6134,0.7667
real_boot_b,1,0.1,0,phase2_cascade,0,0,240,240,1.0,0.0,0.030149,0.031796,0.016789,0.003384,0.051891,0.089401,0.9875,0.3736,0.1509,0.725,0.2332,0.1191,0.9917,0.363,0.9
real_boot_b,1,0.1,0,fixed_rational,0,0,240,240,1.0,0.0,0.017393,0.023698,0.005399,0.00242,0.03011,0.051882,0.9875,0.2197,0.162,0.9958,0.1016,0.0546,0.9917,0.1082,0.925
real_boot_b,1,0.1,0,fixed_richardson,0,0,240,240,1.0,0.0,0.029998,0.031721,0.016729,0.003384,0.051823,0.089401,0.9917,0.3582,0.1509,0.725,0.2332,0.123,0.9958,0.3582,0.9
real_boot_b,1,0.1,0,constant_assumed,1,0,240,240,1.0,0.0625,0.08645,0.079441,0.050674,0.023955,0.140642,0.221889,0.6042,1.0,1.0,0.0,0.6674,0.3503,0.75,0.9065,0.5167
real_boot_b,1,0.1,0,constant_oracle,1,1,240,240,1.0,0.0,0.008468,0.005195,0.006552,0.004742,0.010278,0.017034,1.0,0.2302,0.1598,1.0,0.1101,0.0567,1.0,0.1152,0.9583
real_boot_b,1,0.1,0,window_mean,1,0,240,240,1.0,0.0083,0.167394,0.107729,0.150849,0.072416,0.242867,0.319099,0.0333,3.9639,2.8547,0.25,2.0178,1.0,0.0,2.1651,0.0
real_boot_b,1,0.1,0,window_min,1,0,240,240,1.0,0.0,0.067472,0.051256,0.046028,0.032249,0.087305,0.154662,0.4958,1.1032,1.1032,0.4833,1.0,0.4619,1.0,1.0,0.0
real_boot_b,1,0.1,0,last_value,1,0,240,240,1.0,0.0,0.078438,0.047449,0.065754,0.041781,0.119473,0.154662,0.0,2.0716,1.4998,0.3958,1.0,0.4956,0.9667,1.0,0.0
real_boot_b,1,0.5,0,oracle_52,0,0,240,240,1.0,0.0,0.002387,0.003392,0.000745,0.000206,0.002888,0.007014,0.9917,0.0304,0.0069,1.0,0.0203,0.0074,1.0,0.0304,0.9792
real_boot_b,1,0.5,0,oracle_9,0,0,240,240,1.0,0.0,0.005845,0.006314,0.003534,0.000809,0.009823,0.015861,0.9875,0.151,0.0333,1.0,0.1171,0.0355,1.0,0.151,0.9708
real_boot_b,1,0.5,0,threshold_ens_010,0,0,240,240,1.0,0.0167,0.030026,0.029535,0.02092,0.006515,0.041968,0.088422,0.7583,1.0511,0.2092,0.9792,0.7285,0.2396,0.9958,1.0436,0.4458
real_boot_b,1,0.5,0,threshold_ens_050,0,0,240,240,1.0,0.0167,0.030054,0.029391,0.021029,0.006521,0.041988,0.088422,0.7625,1.0438,0.2136,0.9792,0.7109,0.241,0.9958,1.0429,0.45
real_boot_b,1,0.5,0,threshold_ens_safe,0,0,240,240,1.0,0.0167,0.030086,0.029426,0.021029,0.006521,0.041988,0.088422,0.7625,1.0438,0.2136,0.975,0.7109,0.241,0.9958,1.0429,0.45
real_boot_b,1,0.5,0,capped_diag_52,0,0,240,240,1.0,0.0083,0.021737,0.024716,0.011162,0.003656,0.030867,0.068428,0.9042,0.6775,0.1273,0.9875,0.3762,0.1489,0.9958,0.6504,0.7625
real_boot_b,1,0.5,0,capped_diag_safe,0,0,240,240,1.0,0.0125,0.024773,0.02575,0.014765,0.005667,0.034377,0.072499,0.8833,0.7875,0.1798,0.9917,0.4977,0.1892,1.0,0.7806,0.7042
real_boot_b,1,0.5,0,diag_ensemble_52,0,0,240,240,1.0,0.0083,0.021737,0.024716,0.011162,0.003656,0.030867,0.068428,0.9042,0.6775,0.1273,0.9875,0.3762,0.1489,0.9958,0.6504,0.7625
real_boot_b,1,0.5,0,diag_ensemble_safe,0,0,240,240,1.0,0.0125,0.024773,0.02575,0.014765,0.005667,0.034377,0.072499,0.8833,0.7875,0.1798,0.9917,0.4977,0.1892,1.0,0.7806,0.7042
real_boot_b,1,0.5,0,equal_ensemble_52,0,0,240,240,1.0,0.0167,0.029315,0.029746,0.018696,0.004143,0.042006,0.088097,0.7792,1.0289,0.1807,0.9833,0.7038,0.2381,0.9958,1.0223,0.4667
real_boot_b,1,0.5,0,equal_ensemble_safe,0,0,240,240,1.0,0.0167,0.030086,0.029426,0.021029,0.006521,0.041988,0.088422,0.7625,1.0438,0.2136,0.975,0.7109,0.241,0.9958,1.0429,0.45
real_boot_b,1,0.5,0,diag_ensemble_9,0,0,240,240,1.0,0.0125,0.03118,0.027239,0.024773,0.005816,0.057263,0.074303,0.9,0.845,0.2222,1.0,0.6886,0.2022,1.0,0.8365,0.7125
real_boot_b,1,0.5,0,equal_ensemble_9,0,0,240,240,1.0,0.0042,0.028696,0.029338,0.019563,0.001849,0.048864,0.074485,0.85,0.7482,0.1642,0.9958,0.5742,0.1645,1.0,0.7482,0.6792
real_boot_b,1,0.5,0,phase2_cascade,0,0,240,240,1.0,0.0083,0.035894,0.036352,0.014229,0.004509,0.063156,0.096457,0.6708,0.853,0.1517,0.8708,0.5042,0.1785,1.0,0.8476,0.5708
real_boot_b,1,0.5,0,fixed_rational,0,0,240,240,1.0,0.0042,0.010934,0.009556,0.007387,0.002613,0.018623,0.025063,0.975,0.262,0.0915,1.0,0.2321,0.0817,0.9958,0.262,0.8917
real_boot_b,1,0.5,0,fixed_richardson,0,0,240,240,1.0,0.0083,0.035813,0.036397,0.013576,0.004489,0.063156,0.096457,0.6708,0.8476,0.149,0.8708,0.4891,0.18,1.0,0.844,0.5708
real_boot_b,1,0.5,0,constant_assumed,1,0,240,240,1.0,0.2208,0.120449,0.083479,0.096258,0.049283,0.174409,0.253522,0.0375,2.9808,1.0,0.0,2.2032,0.8021,0.5917,2.9791,0.0042
real_boot_b,1,0.5,0,constant_oracle,1,1,240,240,1.0,0.0125,0.042467,0.026169,0.032731,0.023728,0.05147,0.085678,0.7292,1.0617,0.4871,1.0,0.9877,0.3678,1.0,1.0546,0.4417
real_boot_b,1,0.5,0,window_mean,1,0,240,240,1.0,0.0667,0.133395,0.088139,0.12467,0.05343,0.201676,0.250456,0.0333,3.1275,1.2467,0.4083,2.8241,1.0,0.0,3.1206,0.0083
real_boot_b,1,0.5,0,window_min,1,0,240,240,1.0,0.0,0.036434,0.028175,0.02571,0.016539,0.047076,0.086018,0.4708,1.0,0.3357,0.9958,1.0,0.3205,0.9917,1.0,0.0
real_boot_b,1,0.5,0,last_value,1,0,240,240,1.0,0.0,0.044439,0.027602,0.036474,0.02261,0.064455,0.086018,0.0,1.0,0.4539,0.9625,1.0,0.3541,0.9667,1.0,0.025
single_exp,0,0.02,0,oracle_52,0,0,240,240,1.0,0.0,0.002293,0.004488,0.00051,0.0,0.002934,0.005905,0.9958,0.0438,0.0091,0.9958,0.0187,0.0058,1.0,0.0217,0.9708
single_exp,0,0.02,0,oracle_9,0,0,240,240,1.0,0.0,0.004916,0.009104,0.001383,0.0,0.005471,0.01575,0.9792,0.0931,0.0228,0.9625,0.0378,0.0125,1.0,0.0388,0.9333
single_exp,0,0.02,0,threshold_ens_010,0,0,240,240,1.0,0.0042,0.052657,0.080572,0.010115,0.00135,0.065429,0.220373,0.7542,1.099,0.2593,0.6667,0.8166,0.1963,1.0,0.9499,0.5583
single_exp,0,0.02,0,threshold_ens_050,0,0,240,240,1.0,0.0042,0.052684,0.08056,0.00974,0.00135,0.065438,0.221294,0.75,1.084,0.2828,0.6708,0.8074,0.1983,1.0,0.9499,0.5625
single_exp,0,0.02,0,threshold_ens_safe,0,0,240,240,1.0,0.0042,0.052678,0.080546,0.009361,0.00135,0.065438,0.221294,0.75,1.084,0.2828,0.6708,0.8074,0.1992,1.0,0.9499,0.5625
single_exp,0,0.02,0,capped_diag_52,0,0,240,240,1.0,0.0167,0.062461,0.129311,0.025397,0.008129,0.071197,0.181766,0.7542,1.5285,0.6427,0.5833,0.7346,0.2099,0.9792,0.801,0.6917
single_exp,0,0.02,0,capped_diag_safe,0,0,240,240,1.0,0.0125,0.059134,0.135276,0.021276,0.006261,0.068785,0.17857,0.8292,1.2095,0.4295,0.6167,0.5833,0.1689,0.9833,0.7168,0.7417
single_exp,0,0.02,0,diag_ensemble_52,0,0,240,240,1.0,0.0167,0.062473,0.129312,0.025397,0.008129,0.071197,0.181766,0.7542,1.5285,0.6427,0.5833,0.7346,0.2099,0.9792,0.801,0.6917
single_exp,0,0.02,0,diag_ensemble_safe,0,0,240,240,1.0,0.0125,0.059139,0.135277,0.021276,0.006261,0.068785,0.17857,0.8292,1.2095,0.4295,0.6167,0.5833,0.1689,0.9833,0.7168,0.7417
single_exp,0,0.02,0,equal_ensemble_52,0,0,240,240,1.0,0.0042,0.053273,0.08121,0.009292,0.00135,0.066863,0.222319,0.7417,1.0984,0.296,0.6667,0.8169,0.2043,0.9958,0.9722,0.55
single_exp,0,0.02,0,equal_ensemble_safe,0,0,240,240,1.0,0.0042,0.052678,0.080546,0.009361,0.00135,0.065438,0.221294,0.75,1.084,0.2828,0.6708,0.8074,0.1992,1.0,0.9499,0.5625
single_exp,0,0.02,0,diag_ensemble_9,0,0,240,240,1.0,0.0167,0.057324,0.061805,0.029053,0.007139,0.080216,0.16124,0.7833,1.3881,0.454,0.6333,0.7093,0.2403,0.9958,0.7333,0.7167
single_exp,0,0.02,0,equal_ensemble_9,0,0,240,240,1.0,0.025,0.052264,0.062617,0.028396,0.006899,0.065583,0.181751,0.7833,1.4317,0.5282,0.5875,0.7371,0.1801,0.9917,0.7689,0.6833
single_exp,0,0.02,0,phase2_cascade,0,0,240,240,1.0,0.0333,0.07925,0.069656,0.05395,0.021287,0.120878,0.196713,0.5042,3.2855,0.9385,0.5208,0.9928,0.394,0.9208,1.0976,0.4583
single_exp,0,0.02,0,fixed_rational,0,0,240,240,1.0,0.0333,0.040337,0.032815,0.032786,0.019583,0.050816,0.073436,0.6167,2.4488,0.4469,0.575,0.7281,0.1808,0.9208,0.7546,0.5625
single_exp,0,0.02,0,fixed_richardson,0,0,240,240,1.0,0.0333,0.079224,0.069685,0.05395,0.021287,0.120878,0.196713,0.5042,3.2855,0.9029,0.5333,0.9928,0.394,0.9167,1.0976,0.4583
single_exp,0,0.02,0,constant_assumed,1,0,240,240,1.0,0.2375,0.100357,0.128741,0.025688,0.009097,0.144261,0.26092,0.5333,1.099,1.0,0.0,0.9049,0.2672,0.7458,1.0577,0.4917
single_exp,0,0.02,0,constant_oracle,1,1,240,240,1.0,0.0,0.00159,0.001734,0.000878,0.000336,0.002133,0.004482,1.0,0.0429,0.02,1.0,0.0202,0.0049,1.0,0.0202,0.9958
single_exp,0,0.02,0,window_mean,1,0,240,240,1.0,0.1208,0.202412,0.158528,0.180908,0.066484,0.315689,0.423595,0.0292,7.4115,3.742,0.2542,4.1163,1.0,0.0,4.156,0.0708
single_exp,0,0.02,0,window_min,1,0,240,240,1.0,0.0292,0.076077,0.084594,0.034145,0.012502,0.098024,0.221414,0.35,1.1353,0.9456,0.5083,1.0,0.2406,0.9292,1.0,0.0
single_exp,0,0.02,0,last_value,1,0,240,240,1.0,0.0,0.079216,0.085089,0.047349,0.01415,0.106805,0.221414,0.0,1.872,1.1051,0.4667,1.0,0.2429,0.9708,1.0,0.0792
single_exp,0,0.1,0,oracle_52,0,0,240,240,1.0,0.0,0.002566,0.004686,0.000683,0.0,0.003273,0.00653,0.9958,0.0484,0.0095,0.9958,0.0249,0.0067,1.0,0.0235,0.9833
single_exp,0,0.1,0,oracle_9,0,0,240,240,1.0,0.0,0.004707,0.008811,0.001564,0.0,0.005208,0.012965,0.9667,0.0872,0.02,0.975,0.0393,0.013,1.0,0.0413,0.95
single_exp,0,0.1,0,threshold_ens_010,0,0,240,240,1.0,0.0125,0.050698,0.073483,0.016488,0.00403,0.060584,0.202823,0.7292,1.111,0.3447,0.6833,0.8263,0.1991,1.0,0.9576,0.5542
single_exp,0,0.1,0,threshold_ens_050,0,0,240,240,1.0,0.0083,0.050809,0.073606,0.017121,0.00405,0.061665,0.203592,0.7292,1.1076,0.3563,0.6875,0.822,0.197,1.0,0.9531,0.5542
single_exp,0,0.1,0,threshold_ens_safe,0,0,240,240,1.0,0.0083,0.05081,0.073593,0.017242,0.00405,0.061665,0.203592,0.7292,1.1076,0.3563,0.6875,0.822,0.197,1.0,0.9539,0.5542
single_exp,0,0.1,0,capped_diag_52,0,0,240,240,1.0,0.0083,0.050829,0.064331,0.019837,0.005465,0.067428,0.174915,0.7667,1.1765,0.4285,0.6292,0.6001,0.1632,0.9875,0.7289,0.6917
single_exp,0,0.1,0,capped_diag_safe,0,0,240,240,1.0,0.0083,0.050049,0.063644,0.018479,0.004791,0.064733,0.17253,0.8417,1.092,0.3879,0.6458,0.5863,0.1654,0.9958,0.7395,0.7417
single_exp,0,0.1,0,diag_ensemble_52,0,0,240,240,1.0,0.0083,0.050833,0.064331,0.019837,0.005465,0.067428,0.174915,0.7667,1.1765,0.4285,0.6292,0.6001,0.1632,0.9875,0.7289,0.6917
single_exp,0,0.1,0,diag_ensemble_safe,0,0,240,240,1.0,0.0083,0.050052,0.063648,0.018479,0.004791,0.064733,0.17253,0.8417,1.092,0.3879,0.6458,0.5863,0.1654,0.9958,0.7395,0.7417
single_exp,0,0.1,0,equal_ensemble_52,0,0,240,240,1.0,0.0083,0.051213,0.074187,0.017404,0.00363,0.062969,0.205173,0.7167,1.1079,0.3147,0.6833,0.8508,0.2006,1.0,0.96,0.5458
single_exp,0,0.1,0,equal_ensemble_safe,0,0,240,240,1.0,0.0083,0.05081,0.073593,0.017242,0.00405,0.061665,0.203592,0.7292,1.1076,0.3563,0.6875,0.822,0.197,1.0,0.9539,0.5542
single_exp,0,0.1,0,diag_ensemble_9,0,0,240,240,1.0,0.0083,0.057414,0.061652,0.02709,0.007394,0.085739,0.162748,0.7542,1.2326,0.3921,0.625,0.763,0.2391,0.9958,0.8016,0.6667
single_exp,0,0.1,0,equal_ensemble_9,0,0,240,240,1.0,0.0167,0.052674,0.064763,0.023101,0.004668,0.062661,0.18554,0.7125,1.3379,0.3736,0.6083,0.8337,0.205,1.0,0.8748,0.6292
single_exp,0,0.1,0,phase2_cascade,0,0,240,240,1.0,0.0292,0.083802,0.074203,0.044538,0.01897,0.13374,0.204152,0.325,2.9984,1.1963,0.4792,1.3674,0.4325,0.9917,1.4892,0.2875
single_exp,0,0.1,0,fixed_rational,0,0,240,240,1.0,0.0292,0.038833,0.028243,0.029716,0.017825,0.06111,0.085631,0.5667,1.9947,0.649,0.5375,0.8926,0.2261,0.9917,0.9792,0.5208
single_exp,0,0.1,0,fixed_richardson,0,0,240,240,1.0,0.0292,0.083737,0.074271,0.044538,0.01897,0.13374,0.204152,0.325,2.9984,1.1109,0.4792,1.3518,0.4325,0.9917,1.4892,0.2875
single_exp,0,0.1,0,constant_assumed,1,0,240,240,1.0,0.2375,0.106643,0.129015,0.035644,0.014433,0.15767,0.276914,0.4875,1.2816,1.0,0.0,1.0447,0.2921,0.7417,1.2159,0.4542
single_exp,0,0.1,0,constant_oracle,1,1,240,240,1.0,0.0042,0.007877,0.008588,0.00435,0.001662,0.010565,0.0222,0.9958,0.2048,0.092,1.0,0.109,0.0246,1.0,0.109,0.9833
single_exp,0,0.1,0,window_mean,1,0,240,240,1.0,0.1458,0.196126,0.152146,0.177436,0.065158,0.307258,0.405877,0.0292,7.749,3.424,0.2583,4.359,1.0,0.0,4.4305,0.0708
single_exp,0,0.1,0,window_min,1,0,240,240,1.0,0.0333,0.070168,0.077545,0.034075,0.012334,0.089592,0.203696,0.3375,1.0684,0.8225,0.5458,1.0,0.2257,0.9292,1.0,0.0
single_exp,0,0.1,0,last_value,1,0,240,240,1.0,0.0,0.07303,0.07821,0.043733,0.012933,0.098373,0.203696,0.0,1.7394,0.9575,0.5125,1.0,0.2294,0.9708,1.0,0.0917
single_exp,0,0.5,0,oracle_52,0,0,240,240,1.0,0.0042,0.001488,0.002798,0.000401,0.0,0.001568,0.003849,0.9875,0.0187,0.0034,1.0,0.0151,0.0038,1.0,0.0149,0.9583
single_exp,0,0.5,0,oracle_9,0,0,240,240,1.0,0.0,0.002597,0.004311,0.001184,0.0,0.003319,0.006565,0.9792,0.0508,0.0098,1.0,0.0433,0.0092,1.0,0.043,0.9375
single_exp,0,0.5,0,threshold_ens_010,0,0,240,240,1.0,0.0167,0.037878,0.044996,0.014605,0.005703,0.048047,0.117667,0.7208,0.9484,0.2955,0.9042,0.9113,0.1402,1.0,0.9484,0.5875
single_exp,0,0.5,0,threshold_ens_050,0,0,240,240,1.0,0.0167,0.038523,0.045242,0.014605,0.005527,0.053913,0.117667,0.725,0.9484,0.292,0.9042,0.9016,0.1482,1.0,0.9483,0.5917
single_exp,0,0.5,0,threshold_ens_safe,0,0,240,240,1.0,0.0167,0.038327,0.045043,0.014605,0.005527,0.053913,0.117667,0.725,0.9484,0.292,0.9042,0.9009,0.1482,1.0,0.9483,0.5917
single_exp,0,0.5,0,capped_diag_52,0,0,240,240,1.0,0.0167,0.030451,0.039083,0.009807,0.003466,0.041871,0.102048,0.675,0.8829,0.1597,0.875,0.7749,0.1449,0.9792,0.8479,0.6458
single_exp,0,0.5,0,capped_diag_safe,0,0,240,240,1.0,0.0208,0.031556,0.041158,0.010299,0.003426,0.044285,0.111592,0.6583,0.8866,0.1725,0.8667,0.7181,0.1357,0.9958,0.7311,0.6125
single_exp,0,0.5,0,diag_ensemble_52,0,0,240,240,1.0,0.0167,0.030451,0.039083,0.009807,0.003466,0.041871,0.102048,0.675,0.8829,0.1597,0.875,0.7749,0.1449,0.9792,0.8479,0.6458
single_exp,0,0.5,0,diag_ensemble_safe,0,0,240,240,1.0,0.0208,0.031556,0.041158,0.010299,0.003426,0.044285,0.111592,0.6583,0.8866,0.1725,0.8667,0.7181,0.1357,0.9958,0.7311,0.6125
single_exp,0,0.5,0,equal_ensemble_52,0,0,240,240,1.0,0.0167,0.030198,0.043639,0.008393,0.002976,0.036533,0.118178,0.7083,0.9465,0.1032,0.9083,0.8866,0.1346,1.0,0.9441,0.5958
single_exp,0,0.5,0,equal_ensemble_safe,0,0,240,240,1.0,0.0167,0.038327,0.045043,0.014605,0.005527,0.053913,0.117667,0.725,0.9484,0.292,0.9042,0.9009,0.1482,1.0,0.9483,0.5917
single_exp,0,0.5,0,diag_ensemble_9,0,0,240,240,1.0,0.0125,0.041791,0.041897,0.023547,0.005278,0.067606,0.112274,0.5458,1.0313,0.2992,0.8333,0.921,0.2019,1.0,0.974,0.5208
single_exp,0,0.5,0,equal_ensemble_9,0,0,240,240,1.0,0.0083,0.035532,0.042253,0.011053,0.004585,0.045831,0.118047,0.5792,1.0,0.2618,0.9042,0.9484,0.1423,1.0,0.998,0.5042
single_exp,0,0.5,0,phase2_cascade,0,0,240,240,1.0,0.0667,0.074135,0.062144,0.050446,0.01108,0.12803,0.162886,0.1292,2.3148,0.8823,0.5292,1.7947,0.4516,1.0,1.9752,0.1417
single_exp,0,0.5,0,fixed_rational,0,0,240,240,1.0,0.0458,0.033278,0.024833,0.027325,0.011656,0.060331,0.069973,0.4583,1.5946,0.4525,0.675,1.2314,0.2401,1.0,1.4566,0.45
single_exp,0,0.5,0,fixed_richardson,0,0,240,240,1.0,0.0667,0.074071,0.06221,0.050446,0.010897,0.12803,0.162886,0.1333,2.2965,0.8823,0.5292,1.7947,0.4516,1.0,1.9752,0.1417
single_exp,0,0.5,0,constant_assumed,1,0,240,240,1.0,0.3208,0.13778,0.135575,0.115313,0.031709,0.187026,0.356134,0.1292,2.9389,1.0,0.0,2.5866,0.462,0.6625,2.7354,0.0917
single_exp,0,0.5,0,constant_oracle,1,1,240,240,1.0,0.0125,0.039013,0.042537,0.021546,0.008232,0.052327,0.109955,0.7792,0.9484,0.3341,1.0,0.9484,0.135,1.0,0.9484,0.6958
single_exp,0,0.5,0,window_mean,1,0,240,240,1.0,0.5625,0.16499,0.121295,0.160239,0.058587,0.265495,0.318122,0.0292,7.027,2.1651,0.3375,5.9859,1.0,0.0,7.027,0.0833
single_exp,0,0.5,0,window_min,1,0,240,240,1.0,0.0292,0.041271,0.042936,0.028476,0.008267,0.050814,0.11594,0.325,1.0,0.3656,0.9083,1.0,0.1423,0.9167,1.0,0.0
single_exp,0,0.5,0,last_value,1,0,240,240,1.0,0.0,0.042557,0.044279,0.028233,0.008912,0.056611,0.11594,0.0,1.0,0.3866,0.8708,1.0,0.1671,0.9708,1.0,0.1042
slow_osc_power,0,0.02,0,oracle_52,0,0,240,240,1.0,0.0042,0.004656,0.003138,0.004176,0.001988,0.006662,0.008667,0.9917,0.2126,0.0344,1.0,0.0919,0.0591,1.0,0.1137,0.9792
slow_osc_power,0,0.02,0,oracle_9,0,0,240,240,1.0,0.0,0.014515,0.013434,0.008667,0.005558,0.02702,0.036174,0.9708,0.5197,0.1444,0.9958,0.285,0.186,1.0,0.3612,0.925
slow_osc_power,0,0.02,0,threshold_ens_010,0,0,240,240,1.0,0.0167,0.042844,0.026978,0.030426,0.024816,0.061269,0.08999,0.6292,1.4625,0.3278,0.6333,0.9686,0.548,0.9667,1.1264,0.2708
slow_osc_power,0,0.02,0,threshold_ens_050,0,0,240,240,1.0,0.0167,0.042885,0.026953,0.030439,0.025443,0.061269,0.08999,0.6292,1.4627,0.3196,0.6333,0.9686,0.545,0.9667,1.1264,0.2708
slow_osc_power,0,0.02,0,threshold_ens_safe,0,0,240,240,1.0,0.0167,0.042889,0.026905,0.030439,0.025478,0.06137,0.089973,0.6292,1.4501,0.3278,0.6333,0.9686,0.545,0.9708,1.1264,0.2667
slow_osc_power,0,0.02,0,capped_diag_52,0,0,240,240,1.0,0.0167,0.035638,0.034785,0.028291,0.015886,0.051577,0.066935,0.7417,1.4715,0.1871,0.6583,0.6981,0.435,0.8833,0.8686,0.5792
slow_osc_power,0,0.02,0,capped_diag_safe,0,0,240,240,1.0,0.0167,0.034735,0.034578,0.028401,0.015072,0.049727,0.063267,0.7458,1.4273,0.1838,0.6708,0.6711,0.4124,0.8833,0.8369,0.5917
slow_osc_power,0,0.02,0,diag_ensemble_52,0,0,240,240,1.0,0.0167,0.035638,0.034785,0.028291,0.015886,0.051577,0.066935,0.7417,1.4715,0.1871,0.6583,0.6981,0.435,0.8833,0.8686,0.5792
slow_osc_power,0,0.02,0,diag_ensemble_safe,0,0,240,240,1.0,0.0167,0.034735,0.034578,0.028401,0.015072,0.049727,0.063267,0.7458,1.4273,0.1838,0.6708,0.6711,0.4124,0.8833,0.8369,0.5917
slow_osc_power,0,0.02,0,equal_ensemble_52,0,0,240,240,1.0,0.0167,0.043186,0.026985,0.030439,0.025794,0.064143,0.089567,0.6375,1.483,0.3622,0.6292,0.9686,0.5508,0.9667,1.1264,0.2667
slow_osc_power,0,0.02,0,equal_ensemble_safe,0,0,240,240,1.0,0.0167,0.042889,0.026905,0.030439,0.025478,0.06137,0.089973,0.6292,1.4501,0.3278,0.6333,0.9686,0.545,0.9708,1.1264,0.2667
slow_osc_power,0,0.02,0,diag_ensemble_9,0,0,240,240,1.0,0.0125,0.032349,0.021655,0.029089,0.017657,0.043783,0.057259,0.8833,1.049,0.2789,0.7125,0.6242,0.4148,0.9792,0.8048,0.6667
slow_osc_power,0,0.02,0,equal_ensemble_9,0,0,240,240,1.0,0.0042,0.037903,0.025244,0.035172,0.011235,0.0587,0.074066,0.8125,1.1142,0.2676,0.7083,0.8481,0.5323,0.9917,0.9226,0.6125
slow_osc_power,0,0.02,0,phase2_cascade,0,0,240,240,1.0,0.1042,0.048459,0.062802,0.039192,0.012097,0.044857,0.060952,0.8083,0.9898,0.5458,0.7875,0.5423,0.369,0.85,0.8177,0.7083
slow_osc_power,0,0.02,0,fixed_rational,0,0,240,240,1.0,0.0375,0.045746,0.04685,0.053726,0.011022,0.058012,0.062702,0.6333,1.1584,0.3824,0.7958,0.6673,0.446,0.8583,1.0275,0.4958
slow_osc_power,0,0.02,0,fixed_richardson,0,0,240,240,1.0,0.1042,0.047537,0.05215,0.039192,0.01386,0.044857,0.092648,0.8042,1.0691,0.5801,0.7708,0.5432,0.3918,0.85,0.8177,0.6875
slow_osc_power,0,0.02,0,constant_assumed,1,0,240,240,1.0,0.3667,0.17894,0.170437,0.083959,0.012423,0.317103,0.436982,0.375,3.3795,1.0,0.0,2.2951,1.8621,0.4375,3.3331,0.3458
slow_osc_power,0,0.02,0,constant_oracle,1,1,240,240,1.0,0.0,0.000986,0.000489,0.000799,0.000606,0.001179,0.001784,1.0,0.035,0.0095,1.0,0.0204,0.0124,1.0,0.0231,0.9958
slow_osc_power,0,0.02,0,window_mean,1,0,240,240,1.0,0.0333,0.078298,0.039197,0.075207,0.04443,0.109879,0.130585,0.0917,2.5492,0.5371,0.5625,1.6057,1.0,0.0,2.087,0.0125
slow_osc_power,0,0.02,0,window_min,1,0,240,240,1.0,0.0083,0.038456,0.025025,0.027476,0.019988,0.04798,0.083121,0.6417,1.0,0.3,0.6542,0.8883,0.4791,0.9875,1.0,0.0
slow_osc_power,0,0.02,0,last_value,1,0,240,240,1.0,0.0,0.0487,0.025257,0.044481,0.028511,0.069616,0.087502,0.0,1.5964,0.4357,0.625,1.0,0.6228,0.9083,1.1258,0.0292
slow_osc_power,0,0.1,0,oracle_52,0,0,240,240,1.0,0.0042,0.003856,0.002714,0.003296,0.001533,0.005928,0.0073,0.9875,0.1471,0.0301,1.0,0.0692,0.0451,1.0,0.1017,1.0
slow_osc_power,0,0.1,0,oracle_9,0,0,240,240,1.0,0.0,0.01227,0.011862,0.007858,0.003021,0.022711,0.029805,0.9708,0.3779,0.0882,1.0,0.2999,0.1776,1.0,0.349,0.9417
slow_osc_power,0,0.1,0,threshold_ens_010,0,0,240,240,1.0,0.0208,0.039597,0.025031,0.027965,0.022959,0.059358,0.083172,0.625,1.3888,0.2867,0.6625,0.9658,0.5319,0.9667,1.1287,0.275
slow_osc_power,0,0.1,0,threshold_ens_050,0,0,240,240,1.0,0.025,0.039599,0.025011,0.027958,0.023247,0.059358,0.082977,0.625,1.4018,0.2953,0.6583,0.9658,0.528,0.9667,1.1287,0.275
slow_osc_power,0,0.1,0,threshold_ens_safe,0,0,240,240,1.0,0.025,0.039628,0.024961,0.027958,0.023247,0.059614,0.082977,0.6292,1.4018,0.2953,0.6542,0.9672,0.528,0.9667,1.1287,0.275
slow_osc_power,0,0.1,0,capped_diag_52,0,0,240,240,1.0,0.0208,0.028591,0.032036,0.023571,0.012714,0.037922,0.054965,0.8,1.0891,0.1365,0.6792,0.623,0.3724,0.925,0.787,0.6333
slow_osc_power,0,0.1,0,capped_diag_safe,0,0,240,240,1.0,0.025,0.026595,0.031761,0.020394,0.011435,0.036095,0.053394,0.8625,0.9763,0.1351,0.725,0.5771,0.3459,0.9542,0.7158,0.7083
slow_osc_power,0,0.1,0,diag_ensemble_52,0,0,240,240,1.0,0.0208,0.028591,0.032036,0.023571,0.012714,0.037922,0.054965,0.8,1.0891,0.1365,0.6792,0.623,0.3724,0.925,0.787,0.6333
slow_osc_power,0,0.1,0,diag_ensemble_safe,0,0,240,240,1.0,0.025,0.026595,0.031761,0.020394,0.011435,0.036095,0.053394,0.8625,0.9763,0.1351,0.725,0.5771,0.3459,0.9542,0.7158,0.7083
slow_osc_power,0,0.1,0,equal_ensemble_52,0,0,240,240,1.0,0.025,0.039873,0.024941,0.027971,0.023763,0.059671,0.082876,0.6208,1.4128,0.3234,0.65,0.9672,0.5349,0.9667,1.1389,0.2667
slow_osc_power,0,0.1,0,equal_ensemble_safe,0,0,240,240,1.0,0.025,0.039628,0.024961,0.027958,0.023247,0.059614,0.082977,0.6292,1.4018,0.2953,0.6542,0.9672,0.528,0.9667,1.1287,0.275
slow_osc_power,0,0.1,0,diag_ensemble_9,0,0,240,240,1.0,0.0125,0.030488,0.019372,0.030369,0.016367,0.04163,0.054117,0.8792,1.0233,0.238,0.7333,0.6661,0.4164,0.9833,0.8618,0.6542
slow_osc_power,0,0.1,0,equal_ensemble_9,0,0,240,240,1.0,0.0125,0.034999,0.022575,0.031981,0.012271,0.054017,0.067482,0.8125,1.0472,0.2321,0.7375,0.8394,0.5151,0.9917,0.9294,0.6083
slow_osc_power,0,0.1,0,phase2_cascade,0,0,240,240,1.0,0.1,0.040636,0.047131,0.037173,0.011339,0.040404,0.054997,0.7958,0.9372,0.4074,0.8208,0.5434,0.3537,0.8667,0.8392,0.6875
slow_osc_power,0,0.1,0,fixed_rational,0,0,240,240,1.0,0.0417,0.04204,0.040579,0.050013,0.010364,0.051734,0.061734,0.6333,1.1409,0.3028,0.825,0.6706,0.4219,0.8583,1.0087,0.4958
slow_osc_power,0,0.1,0,fixed_richardson,0,0,240,240,1.0,0.0875,0.039161,0.035088,0.037173,0.012597,0.040404,0.064431,0.7917,1.0071,0.4112,0.8042,0.5486,0.3867,0.8667,0.8445,0.6625
slow_osc_power,0,0.1,0,constant_assumed,1,0,240,240,1.0,0.3917,0.182874,0.170453,0.088633,0.017378,0.322993,0.443602,0.3708,3.7522,1.0,0.0,2.8165,2.106,0.4375,3.6981,0.3292
slow_osc_power,0,0.1,0,constant_oracle,1,1,240,240,1.0,0.0042,0.00492,0.002432,0.003993,0.003027,0.005886,0.008891,0.9917,0.1897,0.0456,1.0,0.111,0.0651,1.0,0.1264,0.9917
slow_osc_power,0,0.1,0,window_mean,1,0,240,240,1.0,0.0292,0.074363,0.037423,0.072132,0.042128,0.105172,0.123478,0.0917,2.5841,0.4749,0.5625,1.6575,1.0,0.0,2.1835,0.0292
slow_osc_power,0,0.1,0,window_min,1,0,240,240,1.0,0.0083,0.035262,0.022627,0.025234,0.018042,0.04402,0.076015,0.625,1.0,0.2704,0.6708,0.8783,0.458,0.9708,1.0,0.0
slow_osc_power,0,0.1,0,last_value,1,0,240,240,1.0,0.0,0.044802,0.023453,0.040924,0.025963,0.063764,0.080396,0.0,1.5202,0.3553,0.6292,1.0,0.6033,0.9083,1.1385,0.0458
slow_osc_power,0,0.5,0,oracle_52,0,0,240,240,1.0,0.0,0.001719,0.002171,0.000837,0.000508,0.002073,0.004498,1.0,0.0578,0.0078,1.0,0.0367,0.0213,1.0,0.0481,0.9625
slow_osc_power,0,0.5,0,oracle_9,0,0,240,240,1.0,0.0,0.007622,0.006346,0.005716,0.00239,0.012669,0.017586,0.9542,0.3885,0.0424,1.0,0.2013,0.1178,1.0,0.2947,0.8333
slow_osc_power,0,0.5,0,threshold_ens_010,0,0,240,240,1.0,0.0042,0.022148,0.014979,0.015803,0.012464,0.032084,0.048155,0.6125,1.2193,0.1272,0.9833,0.9492,0.4189,0.95,1.1442,0.3458
slow_osc_power,0,0.5,0,threshold_ens_050,0,0,240,240,1.0,0.0042,0.022187,0.014941,0.015792,0.012815,0.032084,0.04812,0.6,1.2235,0.1307,0.9875,0.9522,0.421,0.9542,1.1491,0.3458
slow_osc_power,0,0.5,0,threshold_ens_safe,0,0,240,240,1.0,0.0042,0.022255,0.014893,0.015792,0.012877,0.032084,0.048431,0.6,1.2328,0.1307,0.9875,0.9522,0.421,0.9542,1.1498,0.3458
slow_osc_power,0,0.5,0,capped_diag_52,0,0,240,240,1.0,0.0125,0.019535,0.029657,0.014465,0.008838,0.026166,0.03381,0.7708,0.9562,0.0998,0.9792,0.6475,0.3143,0.9083,0.8218,0.5667
slow_osc_power,0,0.5,0,capped_diag_safe,0,0,240,240,1.0,0.0167,0.018206,0.031211,0.013669,0.006055,0.024673,0.034639,0.8083,0.8585,0.0856,0.9958,0.6381,0.3072,0.9167,0.7872,0.6208
slow_osc_power,0,0.5,0,diag_ensemble_52,0,0,240,240,1.0,0.0125,0.019535,0.029657,0.014465,0.008838,0.026166,0.03381,0.7708,0.9562,0.0998,0.9792,0.6475,0.3143,0.9083,0.8218,0.5667
slow_osc_power,0,0.5,0,diag_ensemble_safe,0,0,240,240,1.0,0.0167,0.018206,0.031211,0.013669,0.006055,0.024673,0.034639,0.8083,0.8585,0.0856,0.9958,0.6381,0.3072,0.9167,0.7872,0.6208
slow_osc_power,0,0.5,0,equal_ensemble_52,0,0,240,240,1.0,0.0042,0.022239,0.014893,0.015699,0.012368,0.033587,0.047737,0.5958,1.2233,0.1302,0.9875,0.9523,0.4273,0.9583,1.1419,0.3458
slow_osc_power,0,0.5,0,equal_ensemble_safe,0,0,240,240,1.0,0.0042,0.022255,0.014893,0.015792,0.012877,0.032084,0.048431,0.6,1.2328,0.1307,0.9875,0.9522,0.421,0.9542,1.1498,0.3458
slow_osc_power,0,0.5,0,diag_ensemble_9,0,0,240,240,1.0,0.0083,0.019284,0.011359,0.02066,0.00971,0.026863,0.030841,0.7417,1.0666,0.1164,1.0,0.7125,0.3468,0.9792,1.0058,0.5
slow_osc_power,0,0.5,0,equal_ensemble_9,0,0,240,240,1.0,0.0042,0.022012,0.011373,0.022331,0.012196,0.03174,0.038408,0.5917,1.0194,0.1389,0.9833,0.8771,0.4121,0.9875,1.0097,0.4
slow_osc_power,0,0.5,0,phase2_cascade,0,0,240,240,1.0,0.0667,0.023434,0.021726,0.021445,0.012377,0.025922,0.039745,0.6167,1.0521,0.1567,1.0,0.7,0.315,0.8875,1.0521,0.45
slow_osc_power,0,0.5,0,fixed_rational,0,0,240,240,1.0,0.05,0.026398,0.021607,0.025884,0.012787,0.034111,0.048331,0.5583,1.3845,0.1416,0.9667,0.8218,0.3686,0.8542,1.3845,0.425
slow_osc_power,0,0.5,0,fixed_richardson,0,0,240,240,1.0,0.0583,0.022669,0.017448,0.021445,0.011458,0.025922,0.039745,0.6167,1.0832,0.1607,1.0,0.6635,0.3251,0.8917,1.0521,0.4333
slow_osc_power,0,0.5,0,constant_assumed,1,0,240,240,1.0,0.5417,0.202383,0.170858,0.111783,0.038776,0.352133,0.467633,0.05,9.2575,1.0,0.0,6.0986,3.4195,0.2625,8.3154,0.0292
slow_osc_power,0,0.5,0,constant_oracle,1,1,240,240,1.0,0.0125,0.024429,0.012001,0.019861,0.015085,0.029206,0.04402,0.7083,1.2686,0.192,1.0,0.985,0.4367,0.95,1.1649,0.4083
slow_osc_power,0,0.5,0,window_mean,1,0,240,240,1.0,0.0625,0.054854,0.029009,0.056855,0.030662,0.081581,0.088349,0.0958,3.1146,0.2927,0.7375,2.1428,1.0,0.0,2.8589,0.0833
slow_osc_power,0,0.5,0,window_min,1,0,240,240,1.0,0.0208,0.020203,0.013584,0.017013,0.009988,0.027724,0.04335,0.5667,1.0,0.1203,0.9708,0.8578,0.3498,0.9167,1.0,0.0
slow_osc_power,0,0.5,0,last_value,1,0,240,240,1.0,0.0,0.026028,0.01439,0.023239,0.014401,0.038,0.045267,0.0,1.2665,0.164,0.95,1.0,0.4667,0.9042,1.1658,0.1042
staircase,0,0.02,0,oracle_52,0,0,240,240,1.0,0.0,0.013667,0.013209,0.010096,0.003448,0.018549,0.030723,1.0,0.3142,0.3142,0.8458,0.0321,0.0228,1.0,0.0333,1.0
staircase,0,0.02,0,oracle_9,0,0,240,240,1.0,0.0,0.025653,0.020722,0.017091,0.010881,0.036701,0.065188,1.0,0.4771,0.4771,0.6958,0.0691,0.0531,1.0,0.0756,1.0
staircase,0,0.02,0,threshold_ens_010,0,0,240,240,1.0,0.0,0.336159,0.160041,0.321477,0.175884,0.453848,0.55,0.6125,6.9585,6.9585,0.0875,0.9987,0.7526,1.0,1.0222,0.2667
staircase,0,0.02,0,threshold_ens_050,0,0,240,240,1.0,0.0,0.339075,0.157763,0.354082,0.175826,0.456885,0.54965,0.6458,6.9654,6.9654,0.0833,0.9987,0.7549,1.0,1.022,0.3042
staircase,0,0.02,0,threshold_ens_safe,0,0,240,240,1.0,0.0,0.337687,0.159284,0.354082,0.175767,0.456885,0.54965,0.6542,6.9654,6.9654,0.0833,0.9987,0.7556,1.0,1.0204,0.3083
staircase,0,0.02,0,capped_diag_52,0,0,240,240,1.0,0.0042,0.293948,0.259345,0.294675,0.163177,0.390146,0.468925,0.8,6.4819,6.4819,0.1167,0.8338,0.5862,0.9917,0.8715,0.7708
staircase,0,0.02,0,capped_diag_safe,0,0,240,240,1.0,0.0,0.276855,0.133658,0.287477,0.154806,0.392889,0.468057,0.8417,6.1306,6.1306,0.1167,0.8323,0.5775,0.9958,0.8704,0.8125
staircase,0,0.02,0,diag_ensemble_52,0,0,240,240,1.0,0.0042,0.293948,0.259345,0.294675,0.163177,0.390146,0.468925,0.8,6.4819,6.4819,0.1167,0.8338,0.5862,0.9917,0.8715,0.7708
staircase,0,0.02,0,diag_ensemble_safe,0,0,240,240,1.0,0.0,0.276855,0.133658,0.287477,0.154806,0.392889,0.468057,0.8417,6.1306,6.1306,0.1167,0.8323,0.5775,0.9958,0.8704,0.8125
staircase,0,0.02,0,equal_ensemble_52,0,0,240,240,1.0,0.0,0.341784,0.15431,0.35742,0.176082,0.455591,0.55,0.6375,6.9654,6.9654,0.0833,0.9995,0.7554,1.0,1.0201,0.2917
staircase,0,0.02,0,equal_ensemble_safe,0,0,240,240,1.0,0.0,0.337687,0.159284,0.354082,0.175767,0.456885,0.54965,0.6542,6.9654,6.9654,0.0833,0.9987,0.7556,1.0,1.0204,0.3083
staircase,0,0.02,0,diag_ensemble_9,0,0,240,240,1.0,0.0,0.243082,0.13394,0.224369,0.111383,0.367756,0.421924,0.9958,5.2486,5.2486,0.1458,0.7356,0.5105,1.0,0.7573,0.9917
staircase,0,0.02,0,equal_ensemble_9,0,0,240,240,1.0,0.0,0.290002,0.18481,0.26684,0.114814,0.445762,0.541402,0.8958,5.9144,5.9144,0.1333,0.85,0.6338,1.0,0.9257,0.7167
staircase,0,0.02,0,phase2_cascade,0,0,240,240,1.0,0.0,0.156458,0.120725,0.114878,0.080982,0.207643,0.360197,1.0,3.5452,3.5452,0.225,0.4884,0.2943,1.0,0.5171,1.0
staircase,0,0.02,0,fixed_rational,0,0,240,240,1.0,0.0,0.075816,0.044926,0.066568,0.042647,0.118591,0.142506,1.0,2.0068,2.0068,0.35,0.2609,0.1887,1.0,0.265,1.0
staircase,0,0.02,0,fixed_richardson,0,0,240,240,1.0,0.0,0.251342,0.181569,0.226354,0.088286,0.395667,0.495601,1.0,5.2752,5.2752,0.1625,0.7519,0.5043,1.0,0.793,1.0
staircase,0,0.02,0,constant_assumed,1,0,240,240,1.0,0.0,0.088961,0.105917,0.041439,0.013825,0.100196,0.268091,0.9042,1.0,1.0,0.0,0.1406,0.1047,0.9625,0.1463,0.8958
staircase,0,0.02,0,constant_oracle,1,1,240,240,1.0,0.0,0.0,0.0,0.0,0.0,0.0,0.0,1.0,0.0,0.0,1.0,0.0,0.0,1.0,0.0,1.0
staircase,0,0.02,0,window_mean,1,0,240,240,1.0,0.0,0.453156,0.157606,0.465396,0.340463,0.578258,0.645,0.0,9.5516,9.5516,0.0375,1.3143,1.0,0.0,1.3661,0.0
staircase,0,0.02,0,window_min,1,0,240,240,1.0,0.0,0.321674,0.157818,0.295746,0.18,0.439145,0.546101,0.475,6.8368,6.8368,0.1042,1.0,0.7321,1.0,1.0,0.0
staircase,0,0.02,0,last_value,1,0,240,240,1.0,0.0,0.333386,0.159357,0.305569,0.18,0.489382,0.55,0.0,7.1138,7.1138,0.0958,1.0,0.7609,1.0,1.0,0.0
staircase,0,0.1,0,oracle_52,0,0,240,240,1.0,0.0,0.015011,0.013386,0.01186,0.004109,0.021767,0.032357,1.0,0.1715,0.1715,0.9125,0.0377,0.0275,1.0,0.0398,1.0
staircase,0,0.1,0,oracle_9,0,0,240,240,1.0,0.0,0.034223,0.02434,0.024726,0.014817,0.058381,0.068782,1.0,0.4903,0.4903,0.7208,0.0948,0.0718,1.0,0.0948,1.0
staircase,0,0.1,0,threshold_ens_010,0,0,240,240,1.0,0.0,0.318812,0.14132,0.321065,0.175884,0.426791,0.5,0.6042,5.0249,5.0249,0.0875,0.9989,0.7446,1.0,1.0249,0.2667
staircase,0,0.1,0,threshold_ens_050,0,0,240,240,1.0,0.0,0.321706,0.1389,0.344082,0.175826,0.430988,0.5,0.5917,5.2033,5.2033,0.0833,0.9999,0.751,1.0,1.0233,0.25
staircase,0,0.1,0,threshold_ens_safe,0,0,240,240,1.0,0.0,0.320376,0.140534,0.344082,0.175767,0.431004,0.5,0.5958,5.2716,5.2716,0.0833,0.9998,0.751,1.0,1.022,0.2542
staircase,0,0.1,0,capped_diag_52,0,0,240,240,1.0,0.0042,0.284812,0.256232,0.27462,0.163177,0.388842,0.442244,0.8,4.7593,4.7593,0.1292,0.8457,0.5852,0.9875,0.8936,0.7583
staircase,0,0.1,0,capped_diag_safe,0,0,240,240,1.0,0.0,0.273782,0.129941,0.289623,0.154806,0.391891,0.453562,0.8417,4.5926,4.5926,0.1208,0.8691,0.5926,0.9958,0.9127,0.775
staircase,0,0.1,0,diag_ensemble_52,0,0,240,240,1.0,0.0042,0.284812,0.256232,0.27462,0.163177,0.388842,0.442244,0.8,4.7593,4.7593,0.1292,0.8457,0.5852,0.9875,0.8936,0.7583
staircase,0,0.1,0,diag_ensemble_safe,0,0,240,240,1.0,0.0,0.273782,0.129941,0.289623,0.154806,0.391891,0.453562,0.8417,4.5926,4.5926,0.1208,0.8691,0.5926,0.9958,0.9127,0.775
staircase,0,0.1,0,equal_ensemble_52,0,0,240,240,1.0,0.0,0.324158,0.135062,0.34742,0.176082,0.427054,0.5,0.6417,5.4039,5.4039,0.0833,0.9998,0.7484,1.0,1.0216,0.2958
staircase,0,0.1,0,equal_ensemble_safe,0,0,240,240,1.0,0.0,0.320376,0.140534,0.344082,0.175767,0.431004,0.5,0.5958,5.2716,5.2716,0.0833,0.9998,0.751,1.0,1.022,0.2542
staircase,0,0.1,0,diag_ensemble_9,0,0,240,240,1.0,0.0,0.243474,0.134595,0.222774,0.111383,0.366706,0.427518,0.9958,3.884,3.884,0.1542,0.7788,0.5316,1.0,0.8029,0.9875
staircase,0,0.1,0,equal_ensemble_9,0,0,240,240,1.0,0.0,0.274843,0.16777,0.260606,0.114814,0.424222,0.491402,0.8917,4.4538,4.4538,0.1375,0.8558,0.6348,1.0,0.9425,0.7042
staircase,0,0.1,0,phase2_cascade,0,0,240,240,1.0,0.0,0.170163,0.116187,0.119033,0.087908,0.243319,0.357286,1.0,2.5863,2.5863,0.225,0.4884,0.3217,1.0,0.5171,0.9792
staircase,0,0.1,0,fixed_rational,0,0,240,240,1.0,0.0,0.093804,0.060175,0.074153,0.044939,0.14155,0.191068,1.0,1.7858,1.7858,0.35,0.3235,0.2108,1.0,0.342,1.0
staircase,0,0.1,0,fixed_richardson,0,0,240,240,1.0,0.0,0.244908,0.173433,0.226869,0.088286,0.388402,0.471355,0.9875,4.078,4.078,0.1625,0.7684,0.5165,1.0,0.8139,0.9333
staircase,0,0.1,0,constant_assumed,1,0,240,240,1.0,0.0,0.106461,0.107884,0.063263,0.02912,0.137696,0.298631,0.9042,1.0,1.0,0.0,0.1916,0.1415,0.9625,0.202,0.8917
staircase,0,0.1,0,constant_oracle,1,1,240,240,1.0,0.0,0.0175,0.020506,0.01,0.0,0.0275,0.05,1.0,0.0258,0.0258,1.0,0.0217,0.0186,1.0,0.025,1.0
staircase,0,0.1,0,window_mean,1,0,240,240,1.0,0.0,0.435656,0.139434,0.455396,0.340463,0.550758,0.595,0.0,7.1072,7.1072,0.0375,1.3245,1.0,0.0,1.3753,0.0
staircase,0,0.1,0,window_min,1,0,240,240,1.0,0.0,0.304174,0.138143,0.285746,0.18,0.411645,0.496101,0.475,4.9515,4.9515,0.1083,1.0,0.7271,1.0,1.0,0.0
staircase,0,0.1,0,last_value,1,0,240,240,1.0,0.0,0.315886,0.139685,0.295569,0.18,0.461882,0.5,0.0,5.2242,5.2242,0.0958,1.0,0.755,1.0,1.0,0.0
staircase,0,0.5,0,oracle_52,0,0,240,240,1.0,0.0,0.014625,0.014067,0.010671,0.003003,0.02059,0.031396,1.0,0.0768,0.0547,1.0,0.0576,0.0348,1.0,0.0612,1.0
staircase,0,0.5,0,oracle_9,0,0,240,240,1.0,0.0,0.068895,0.02971,0.066662,0.039994,0.094895,0.108503,1.0,0.464,0.4597,0.9583,0.3065,0.2123,1.0,0.3376,1.0
staircase,0,0.5,0,threshold_ens_010,0,0,240,240,1.0,0.0,0.228715,0.0956,0.233747,0.131092,0.274308,0.37,0.5292,1.4471,1.2977,0.3042,1.0,0.6559,1.0,1.0403,0.2042
staircase,0,0.5,0,threshold_ens_050,0,0,240,240,1.0,0.0,0.229728,0.0947,0.233747,0.131708,0.288665,0.37,0.5208,1.4636,1.3068,0.3042,1.0,0.6584,1.0,1.0403,0.1958
staircase,0,0.5,0,threshold_ens_safe,0,0,240,240,1.0,0.0,0.230297,0.094235,0.233869,0.135233,0.288665,0.37,0.4583,1.4655,1.3081,0.2958,1.0,0.6594,1.0,1.0403,0.1375
staircase,0,0.5,0,capped_diag_52,0,0,240,240,1.0,0.0,0.201506,0.09197,0.202871,0.121675,0.278225,0.342689,0.7958,1.2216,1.1918,0.3625,0.9151,0.5811,1.0,0.9568,0.625
staircase,0,0.5,0,capped_diag_safe,0,0,240,240,1.0,0.0,0.215829,0.092686,0.21858,0.138634,0.299059,0.35191,0.6167,1.3594,1.2859,0.325,0.9706,0.6235,1.0,1.0178,0.425
staircase,0,0.5,0,diag_ensemble_52,0,0,240,240,1.0,0.0,0.201506,0.09197,0.202871,0.121675,0.278225,0.342689,0.7958,1.2216,1.1918,0.3625,0.9151,0.5811,1.0,0.9568,0.625
staircase,0,0.5,0,diag_ensemble_safe,0,0,240,240,1.0,0.0,0.215829,0.092686,0.21858,0.138634,0.299059,0.35191,0.6167,1.3594,1.2859,0.325,0.9706,0.6235,1.0,1.0178,0.425
staircase,0,0.5,0,equal_ensemble_52,0,0,240,240,1.0,0.0,0.228893,0.094688,0.232662,0.127926,0.276792,0.37,0.5875,1.4594,1.3014,0.3,1.0,0.6653,1.0,1.0344,0.2542
staircase,0,0.5,0,equal_ensemble_safe,0,0,240,240,1.0,0.0,0.230297,0.094235,0.233869,0.135233,0.288665,0.37,0.4583,1.4655,1.3081,0.2958,1.0,0.6594,1.0,1.0403,0.1375
staircase,0,0.5,0,diag_ensemble_9,0,0,240,240,1.0,0.0,0.195136,0.099541,0.216968,0.096147,0.307962,0.340015,0.8458,1.1853,1.1598,0.375,0.9163,0.585,0.9958,0.9434,0.7125
staircase,0,0.5,0,equal_ensemble_9,0,0,240,240,1.0,0.0,0.202227,0.112747,0.180868,0.094439,0.289412,0.36911,0.6833,1.2227,1.2001,0.3708,0.9829,0.5702,1.0,1.0,0.4875
staircase,0,0.5,0,phase2_cascade,0,0,240,240,1.0,0.0,0.15644,0.070218,0.133831,0.09949,0.212115,0.26152,0.6958,1.0584,0.9866,0.5208,0.765,0.4057,1.0,0.8247,0.6417
staircase,0,0.5,0,fixed_rational,0,0,240,240,1.0,0.0,0.10977,0.05052,0.098232,0.071251,0.148165,0.181452,1.0,0.7198,0.7142,0.7958,0.5134,0.3418,1.0,0.5499,0.9917
staircase,0,0.5,0,fixed_richardson,0,0,240,240,1.0,0.0,0.205384,0.116423,0.191796,0.09949,0.291064,0.368552,0.6375,1.2945,1.2841,0.3333,0.9826,0.605,1.0,1.0046,0.4875
staircase,0,0.5,0,constant_assumed,1,0,240,240,1.0,0.0,0.203961,0.124343,0.193692,0.091884,0.245533,0.375973,0.7,1.0,1.0,0.0,0.7764,0.5106,0.85,0.8338,0.6458
staircase,0,0.5,0,constant_oracle,1,1,240,240,1.0,0.0,0.115,0.065136,0.115,0.05,0.18,0.18,1.0,0.7575,0.7017,1.0,0.4624,0.3271,1.0,0.4892,1.0
staircase,0,0.5,0,window_mean,1,0,240,240,1.0,0.0,0.338156,0.100331,0.350396,0.290463,0.398258,0.465,0.0,2.1124,1.9587,0.15,1.5143,1.0,0.0,1.5889,0.0
staircase,0,0.5,0,window_min,1,0,240,240,1.0,0.0,0.206674,0.098215,0.180746,0.13,0.259145,0.366101,0.475,1.1994,1.1994,0.3542,1.0,0.6294,1.0,1.0,0.0
staircase,0,0.5,0,last_value,1,0,240,240,1.0,0.0,0.218386,0.098987,0.190569,0.13,0.309382,0.37,0.0,1.3526,1.288,0.3,1.0,0.6604,1.0,1.0,0.0
stretched_exp,1,0.02,0,oracle_52,0,0,240,240,1.0,0.0,0.00701,0.010587,0.0033,0.001364,0.00733,0.017522,1.0,0.0545,0.0447,1.0,0.0171,0.0123,1.0,0.0177,1.0
stretched_exp,1,0.02,0,oracle_9,0,0,240,240,1.0,0.0,0.032093,0.036694,0.017368,0.004145,0.04397,0.087377,1.0,0.2164,0.1567,0.8083,0.1048,0.0816,1.0,0.1127,1.0
stretched_exp,1,0.02,0,threshold_ens_010,0,0,240,240,1.0,0.0,0.138353,0.088483,0.127315,0.055452,0.200201,0.283895,0.7708,1.2672,1.1512,0.4667,0.9579,0.6469,1.0,1.008,0.4458
stretched_exp,1,0.02,0,threshold_ens_050,0,0,240,240,1.0,0.0,0.138657,0.089058,0.128478,0.055242,0.200201,0.285465,0.775,1.2795,1.151,0.4625,0.9584,0.6478,1.0,1.0061,0.4542
stretched_exp,1,0.02,0,threshold_ens_safe,0,0,240,240,1.0,0.0,0.138367,0.089141,0.128478,0.055242,0.200201,0.285465,0.775,1.2795,1.151,0.4625,0.9576,0.6457,1.0,1.004,0.4667
stretched_exp,1,0.02,0,capped_diag_52,0,0,240,240,1.0,0.0,0.104752,0.064441,0.102393,0.056553,0.150497,0.195728,0.9708,1.0342,0.9873,0.5042,0.5989,0.4298,0.9917,0.6372,0.9542
stretched_exp,1,0.02,0,capped_diag_safe,0,0,240,240,1.0,0.0,0.101567,0.063094,0.098123,0.054127,0.145462,0.193063,0.975,1.0296,0.9662,0.5125,0.579,0.4174,0.9917,0.6183,0.9583
stretched_exp,1,0.02,0,diag_ensemble_52,0,0,240,240,1.0,0.0,0.104752,0.064441,0.102393,0.056553,0.150497,0.195728,0.9708,1.0342,0.9873,0.5042,0.5989,0.4298,0.9917,0.6372,0.9542
stretched_exp,1,0.02,0,diag_ensemble_safe,0,0,240,240,1.0,0.0,0.101567,0.063094,0.098123,0.054127,0.145462,0.193063,0.975,1.0296,0.9662,0.5125,0.579,0.4174,0.9917,0.6183,0.9583
stretched_exp,1,0.02,0,equal_ensemble_52,0,0,240,240,1.0,0.0,0.138326,0.090529,0.129374,0.05748,0.200302,0.285773,0.775,1.2706,1.1471,0.4667,0.9639,0.6497,1.0,1.0103,0.4417
stretched_exp,1,0.02,0,equal_ensemble_safe,0,0,240,240,1.0,0.0,0.138367,0.089141,0.128478,0.055242,0.200201,0.285465,0.775,1.2795,1.151,0.4625,0.9576,0.6457,1.0,1.004,0.4667
stretched_exp,1,0.02,0,diag_ensemble_9,0,0,240,240,1.0,0.0,0.125928,0.065776,0.123989,0.06757,0.170015,0.226298,0.9958,1.2221,1.1871,0.45,0.6722,0.4557,1.0,0.6914,0.9792
stretched_exp,1,0.02,0,equal_ensemble_9,0,0,240,240,1.0,0.0,0.125532,0.079525,0.101215,0.051245,0.188937,0.257701,0.9667,1.1458,1.1283,0.4625,0.575,0.4315,1.0,0.6183,0.8833
stretched_exp,1,0.02,0,phase2_cascade,0,0,240,240,1.0,0.0,0.06621,0.045343,0.05882,0.023925,0.103448,0.138026,0.9958,0.561,0.37,0.625,0.326,0.2336,0.9958,0.3393,0.9958
stretched_exp,1,0.02,0,fixed_rational,0,0,240,240,1.0,0.0,0.07026,0.059175,0.076107,0.012721,0.117902,0.149933,0.9833,0.5143,0.4091,0.6917,0.3981,0.2619,0.9917,0.4194,0.9833
stretched_exp,1,0.02,0,fixed_richardson,0,0,240,240,1.0,0.0,0.065611,0.044949,0.058326,0.023925,0.102567,0.137579,1.0,0.5587,0.3624,0.625,0.3234,0.2302,1.0,0.3393,1.0
stretched_exp,1,0.02,0,constant_assumed,1,0,240,240,1.0,0.0,0.157177,0.154596,0.080684,0.023508,0.257885,0.426071,0.6375,1.0,1.0,0.0,0.4829,0.3564,0.7375,0.5088,0.6292
stretched_exp,1,0.02,0,constant_oracle,1,1,240,240,1.0,0.0,0.003894,0.001287,0.003615,0.002959,0.00455,0.005876,1.0,0.0436,0.0436,1.0,0.0204,0.0151,1.0,0.0206,1.0
stretched_exp,1,0.02,0,window_mean,1,0,240,240,1.0,0.0,0.267091,0.091253,0.262076,0.192984,0.33642,0.389639,0.0,2.8123,2.8123,0.2625,1.3566,1.0,0.0,1.4042,0.0
stretched_exp,1,0.02,0,window_min,1,0,240,240,1.0,0.0,0.182215,0.066229,0.156831,0.121372,0.216576,0.288558,0.475,1.9654,1.9654,0.3708,1.0,0.7121,1.0,1.0,0.0
stretched_exp,1,0.02,0,last_value,1,0,240,240,1.0,0.0,0.190681,0.063926,0.177781,0.134093,0.236871,0.288576,0.0,2.0737,2.0737,0.3625,1.0,0.7371,1.0,1.0,0.0
stretched_exp,1,0.1,0,oracle_52,0,0,240,240,1.0,0.0,0.005735,0.008509,0.003162,0.000802,0.006234,0.013732,1.0,0.0344,0.0238,1.0,0.0131,0.01,1.0,0.0143,1.0
stretched_exp,1,0.1,0,oracle_9,0,0,240,240,1.0,0.0,0.032583,0.037996,0.013699,0.005026,0.042573,0.094392,1.0,0.2134,0.1412,0.8708,0.0953,0.0653,1.0,0.1083,1.0
stretched_exp,1,0.1,0,threshold_ens_010,0,0,240,240,1.0,0.0,0.124827,0.083572,0.117942,0.045528,0.184169,0.260374,0.7708,1.105,0.7933,0.5458,0.9552,0.6289,1.0,1.0105,0.4458
stretched_exp,1,0.1,0,threshold_ens_050,0,0,240,240,1.0,0.0,0.124932,0.084167,0.118607,0.043638,0.184266,0.261944,0.7708,1.1066,0.7845,0.5458,0.9548,0.6274,1.0,1.0062,0.4542
stretched_exp,1,0.1,0,threshold_ens_safe,0,0,240,240,1.0,0.0,0.124783,0.084075,0.118607,0.042638,0.184266,0.261944,0.7667,1.1065,0.7726,0.55,0.9539,0.6274,1.0,1.0053,0.4625
stretched_exp,1,0.1,0,capped_diag_52,0,0,240,240,1.0,0.0,0.103836,0.071786,0.099847,0.054344,0.149028,0.202142,0.9667,0.8645,0.7827,0.5583,0.6354,0.4532,0.9875,0.6896,0.9417
stretched_exp,1,0.1,0,capped_diag_safe,0,0,240,240,1.0,0.0,0.100677,0.064482,0.095715,0.05763,0.140756,0.192851,0.975,0.8691,0.7446,0.5708,0.6262,0.4417,0.9917,0.6699,0.9292
stretched_exp,1,0.1,0,diag_ensemble_52,0,0,240,240,1.0,0.0,0.103836,0.071786,0.099847,0.054344,0.149028,0.202142,0.9667,0.8645,0.7827,0.5583,0.6354,0.4532,0.9875,0.6896,0.9417
stretched_exp,1,0.1,0,diag_ensemble_safe,0,0,240,240,1.0,0.0,0.100677,0.064482,0.095715,0.05763,0.140756,0.192851,0.975,0.8691,0.7446,0.5708,0.6262,0.4417,0.9917,0.6699,0.9292
stretched_exp,1,0.1,0,equal_ensemble_52,0,0,240,240,1.0,0.0,0.124516,0.085245,0.116617,0.045966,0.184169,0.262252,0.7708,1.1042,0.7841,0.55,0.9587,0.6286,1.0,1.0102,0.4458
stretched_exp,1,0.1,0,equal_ensemble_safe,0,0,240,240,1.0,0.0,0.124783,0.084075,0.118607,0.042638,0.184266,0.261944,0.7667,1.1065,0.7726,0.55,0.9539,0.6274,1.0,1.0053,0.4625
stretched_exp,1,0.1,0,diag_ensemble_9,0,0,240,240,1.0,0.0,0.120389,0.061498,0.118554,0.063754,0.170338,0.214169,0.9917,1.0622,0.9732,0.5042,0.6879,0.4634,0.9958,0.7137,0.9583
stretched_exp,1,0.1,0,equal_ensemble_9,0,0,240,240,1.0,0.0,0.114703,0.073916,0.100856,0.048548,0.1725,0.23418,0.9667,1.0015,0.8497,0.5417,0.5902,0.4213,1.0,0.6282,0.8833
stretched_exp,1,0.1,0,phase2_cascade,0,0,240,240,1.0,0.0,0.069048,0.049897,0.053046,0.023302,0.113975,0.145162,1.0,0.5124,0.4311,0.65,0.354,0.2361,1.0,0.3696,0.9958
stretched_exp,1,0.1,0,fixed_rational,0,0,240,240,1.0,0.0,0.063429,0.052509,0.069939,0.009375,0.105043,0.133816,0.9958,0.468,0.3525,0.7208,0.3896,0.255,1.0,0.4255,0.9833
stretched_exp,1,0.1,0,fixed_richardson,0,0,240,240,1.0,0.0,0.068596,0.050016,0.052524,0.022588,0.113975,0.145162,1.0,0.5028,0.4311,0.65,0.3329,0.2327,1.0,0.3681,1.0
stretched_exp,1,0.1,0,constant_assumed,1,0,240,240,1.0,0.0,0.172753,0.154725,0.095136,0.038194,0.277995,0.44546,0.6,1.0,1.0,0.0,0.628,0.4459,0.6875,0.6482,0.5875
stretched_exp,1,0.1,0,constant_oracle,1,1,240,240,1.0,0.0,0.01947,0.006445,0.018066,0.014779,0.022758,0.029397,1.0,0.1917,0.1854,1.0,0.1109,0.0802,1.0,0.1123,1.0
stretched_exp,1,0.1,0,window_mean,1,0,240,240,1.0,0.0,0.251515,0.086223,0.247625,0.181164,0.318212,0.366117,0.0,2.2593,2.2455,0.3125,1.3882,1.0,0.0,1.4413,0.0
stretched_exp,1,0.1,0,window_min,1,0,240,240,1.0,0.0,0.166639,0.061178,0.142379,0.111494,0.198368,0.265037,0.475,1.5429,1.5429,0.4125,1.0,0.6938,1.0,1.0,0.0
stretched_exp,1,0.1,0,last_value,1,0,240,240,1.0,0.0,0.175105,0.058829,0.16333,0.124039,0.218663,0.265055,0.0,1.5925,1.5925,0.4,1.0,0.7203,1.0,1.0,0.0
stretched_exp,1,0.5,0,oracle_52,0,0,240,240,1.0,0.0,0.00461,0.007162,0.001317,4.7e-05,0.005892,0.014248,1.0,0.0204,0.007,1.0,0.0171,0.0084,1.0,0.0204,1.0
stretched_exp,1,0.5,0,oracle_9,0,0,240,240,1.0,0.0,0.015148,0.019397,0.005818,0.001773,0.022746,0.04526,1.0,0.0609,0.0275,1.0,0.0609,0.0362,1.0,0.0609,1.0
stretched_exp,1,0.5,0,threshold_ens_010,0,0,240,240,1.0,0.0,0.065352,0.050912,0.066415,0.009806,0.103555,0.144111,0.7625,1.0239,0.2365,0.9833,0.9276,0.4871,1.0,1.0239,0.425
stretched_exp,1,0.5,0,threshold_ens_050,0,0,240,240,1.0,0.0,0.065075,0.051737,0.067062,0.008424,0.10437,0.145156,0.7625,1.0214,0.2382,0.9875,0.9212,0.4869,1.0,1.0214,0.4292
stretched_exp,1,0.5,0,threshold_ens_safe,0,0,240,240,1.0,0.0,0.064951,0.051819,0.067082,0.008819,0.10437,0.145156,0.7625,1.0175,0.2382,0.9875,0.9204,0.4863,1.0,1.0175,0.4333
stretched_exp,1,0.5,0,capped_diag_52,0,0,240,240,1.0,0.0042,0.060087,0.052309,0.046294,0.027668,0.080716,0.119302,0.9458,0.6618,0.235,0.9875,0.5617,0.3204,0.9875,0.6618,0.8292
stretched_exp,1,0.5,0,capped_diag_safe,0,0,240,240,1.0,0.0,0.063107,0.042949,0.054841,0.030602,0.086787,0.125647,0.9292,0.7672,0.2461,0.9958,0.6818,0.3874,0.9917,0.7672,0.7833
stretched_exp,1,0.5,0,diag_ensemble_52,0,0,240,240,1.0,0.0042,0.060087,0.052309,0.046294,0.027668,0.080716,0.119302,0.9458,0.6618,0.235,0.9875,0.5617,0.3204,0.9875,0.6618,0.8292
stretched_exp,1,0.5,0,diag_ensemble_safe,0,0,240,240,1.0,0.0,0.063107,0.042949,0.054841,0.030602,0.086787,0.125647,0.9292,0.7672,0.2461,0.9958,0.6818,0.3874,0.9917,0.7672,0.7833
stretched_exp,1,0.5,0,equal_ensemble_52,0,0,240,240,1.0,0.0,0.063897,0.052555,0.064773,0.008003,0.104356,0.145156,0.775,1.0095,0.2325,0.9875,0.9043,0.4854,1.0,1.0095,0.4708
stretched_exp,1,0.5,0,equal_ensemble_safe,0,0,240,240,1.0,0.0,0.064951,0.051819,0.067082,0.008819,0.10437,0.145156,0.7625,1.0175,0.2382,0.9875,0.9204,0.4863,1.0,1.0175,0.4333
stretched_exp,1,0.5,0,diag_ensemble_9,0,0,240,240,1.0,0.0,0.067428,0.036852,0.067992,0.032488,0.093579,0.12464,0.9667,0.7607,0.2987,1.0,0.6882,0.3707,1.0,0.7607,0.7958
stretched_exp,1,0.5,0,equal_ensemble_9,0,0,240,240,1.0,0.0,0.05987,0.040847,0.058814,0.022588,0.092227,0.117474,0.9625,0.7529,0.2385,1.0,0.6038,0.3366,1.0,0.7529,0.8458
stretched_exp,1,0.5,0,phase2_cascade,0,0,240,240,1.0,0.0,0.048282,0.037538,0.047492,0.011379,0.086283,0.098756,0.9917,0.5324,0.1885,1.0,0.5094,0.2555,1.0,0.5324,0.9542
stretched_exp,1,0.5,0,fixed_rational,0,0,240,240,1.0,0.0,0.029824,0.024601,0.031009,0.005331,0.045491,0.060498,1.0,0.3815,0.0963,1.0,0.3343,0.1703,1.0,0.3815,0.9833
stretched_exp,1,0.5,0,fixed_richardson,0,0,240,240,1.0,0.0,0.048251,0.037559,0.047492,0.011379,0.086283,0.098756,0.9917,0.5324,0.1885,1.0,0.5094,0.2555,1.0,0.5324,0.9542
stretched_exp,1,0.5,0,constant_assumed,1,0,240,240,1.0,0.1417,0.250308,0.157865,0.185128,0.117912,0.34867,0.511362,0.0375,2.3183,1.0,0.0,1.9512,1.1213,0.475,2.3183,0.0
stretched_exp,1,0.5,0,constant_oracle,1,1,240,240,1.0,0.0,0.097026,0.031985,0.090045,0.073792,0.113278,0.146325,0.7125,1.016,0.531,1.0,0.9888,0.5872,1.0,1.016,0.4625
stretched_exp,1,0.5,0,window_mean,1,0,240,240,1.0,0.0,0.17396,0.061646,0.175646,0.12215,0.227692,0.249189,0.0,1.8233,0.8919,0.525,1.6966,1.0,0.0,1.8233,0.0
stretched_exp,1,0.5,0,window_min,1,0,240,240,1.0,0.0,0.089084,0.036617,0.078364,0.062157,0.107848,0.148109,0.475,1.0,0.4314,1.0,1.0,0.5485,1.0,1.0,0.0
stretched_exp,1,0.5,0,last_value,1,0,240,240,1.0,0.0,0.09755,0.033869,0.092332,0.068353,0.119599,0.148127,0.0,1.0,0.5125,0.9625,1.0,0.5894,1.0,1.0,0.0
three_exp,0,0.02,0,oracle_52,0,0,240,240,1.0,0.0,0.006298,0.007326,0.003638,0.001554,0.008098,0.014649,1.0,0.0683,0.0602,0.975,0.0204,0.0143,1.0,0.0204,1.0
three_exp,0,0.02,0,oracle_9,0,0,240,240,1.0,0.0,0.041409,0.036983,0.025129,0.013335,0.069155,0.105522,1.0,0.5487,0.5432,0.6208,0.1724,0.1198,1.0,0.1853,1.0
three_exp,0,0.02,0,threshold_ens_010,0,0,240,240,1.0,0.0,0.137496,0.080662,0.130906,0.099143,0.189682,0.272354,0.7417,1.8132,1.7991,0.3667,0.9371,0.6201,1.0,1.0094,0.4375
three_exp,0,0.02,0,threshold_ens_050,0,0,240,240,1.0,0.0,0.136582,0.080862,0.131035,0.092537,0.189263,0.271279,0.7375,1.8022,1.797,0.3667,0.9319,0.6201,1.0,1.0088,0.4542
three_exp,0,0.02,0,threshold_ens_safe,0,0,240,240,1.0,0.0,0.136446,0.080938,0.130665,0.092537,0.189263,0.271279,0.7375,1.7991,1.7874,0.3667,0.9289,0.6201,1.0,1.0081,0.4625
three_exp,0,0.02,0,capped_diag_52,0,0,240,240,1.0,0.0833,0.273066,0.480788,0.126445,0.087696,0.200635,0.279431,0.7958,2.2757,2.2614,0.3458,0.734,0.5067,0.8292,0.7722,0.7458
three_exp,0,0.02,0,capped_diag_safe,0,0,240,240,1.0,0.0833,0.273262,0.48645,0.12326,0.091591,0.194427,0.286471,0.8,2.2244,2.1769,0.3333,0.7158,0.5008,0.8292,0.7675,0.75
three_exp,0,0.02,0,diag_ensemble_52,0,0,240,240,1.0,0.0833,0.273066,0.480788,0.126445,0.087696,0.200635,0.279431,0.7958,2.2757,2.2614,0.3458,0.734,0.5067,0.8292,0.7722,0.7458
three_exp,0,0.02,0,diag_ensemble_safe,0,0,240,240,1.0,0.0833,0.273262,0.48645,0.12326,0.091591,0.194427,0.286471,0.8,2.2244,2.1769,0.3333,0.7158,0.5008,0.8292,0.7675,0.75
three_exp,0,0.02,0,equal_ensemble_52,0,0,240,240,1.0,0.0,0.135877,0.082662,0.129562,0.092537,0.18983,0.271966,0.7542,1.727,1.6733,0.3792,0.9336,0.6224,1.0,1.0092,0.4542
three_exp,0,0.02,0,equal_ensemble_safe,0,0,240,240,1.0,0.0,0.136446,0.080938,0.130665,0.092537,0.189263,0.271279,0.7375,1.7991,1.7874,0.3667,0.9289,0.6201,1.0,1.0081,0.4625
three_exp,0,0.02,0,diag_ensemble_9,0,0,240,240,1.0,0.0,0.12364,0.064268,0.124452,0.064176,0.172167,0.215757,0.9833,1.7693,1.7693,0.3792,0.7063,0.4852,0.9958,0.771,0.9417
three_exp,0,0.02,0,equal_ensemble_9,0,0,240,240,1.0,0.0,0.126386,0.079532,0.105749,0.053584,0.187135,0.25665,0.8917,1.6446,1.6446,0.3667,0.6883,0.4725,1.0,0.6883,0.7583
three_exp,0,0.02,0,phase2_cascade,0,0,240,240,1.0,0.0,0.061451,0.042093,0.048153,0.027032,0.102426,0.123505,1.0,1.0186,1.0186,0.5,0.3065,0.2134,1.0,0.3196,1.0
three_exp,0,0.02,0,fixed_rational,0,0,240,240,1.0,0.0,0.078845,0.051868,0.088634,0.028344,0.124481,0.142981,0.9958,1.0359,0.966,0.5042,0.4977,0.3347,0.9958,0.5205,0.9917
three_exp,0,0.02,0,fixed_richardson,0,0,240,240,1.0,0.0,0.06156,0.041987,0.048153,0.027293,0.102426,0.123505,1.0,1.0436,1.0436,0.5,0.3077,0.2173,1.0,0.322,1.0
three_exp,0,0.02,0,constant_assumed,1,0,240,240,1.0,0.0,0.110356,0.113222,0.062757,0.019187,0.178821,0.249205,0.7458,1.0,1.0,0.0,0.3737,0.2593,0.8375,0.4087,0.7333
three_exp,0,0.02,0,constant_oracle,1,1,240,240,1.0,0.0,0.003648,0.001224,0.003377,0.002765,0.00426,0.005539,1.0,0.0541,0.0541,1.0,0.0204,0.0144,1.0,0.0206,1.0
three_exp,0,0.02,0,window_mean,1,0,240,240,1.0,0.0,0.261893,0.098116,0.252692,0.180494,0.333284,0.396058,0.0,3.8569,3.8569,0.1625,1.446,1.0,0.0,1.4871,0.0
three_exp,0,0.02,0,window_min,1,0,240,240,1.0,0.0,0.170325,0.063521,0.147578,0.112757,0.200405,0.271885,0.4333,2.4471,2.4471,0.2667,1.0,0.6725,1.0,1.0,0.0
three_exp,0,0.02,0,last_value,1,0,240,240,1.0,0.0,0.179074,0.06135,0.164438,0.127065,0.233473,0.271885,0.0,2.6759,2.6759,0.2542,1.0,0.6916,1.0,1.0,0.0
three_exp,0,0.1,0,oracle_52,0,0,240,240,1.0,0.0,0.007068,0.009042,0.003169,0.001247,0.009333,0.017495,1.0,0.051,0.0377,0.9958,0.0207,0.0148,1.0,0.0217,1.0
three_exp,0,0.1,0,oracle_9,0,0,240,240,1.0,0.0,0.041464,0.037317,0.028204,0.007585,0.075081,0.105039,1.0,0.3904,0.3747,0.7125,0.2275,0.1606,1.0,0.2514,1.0
three_exp,0,0.1,0,threshold_ens_010,0,0,240,240,1.0,0.0,0.126662,0.073742,0.116866,0.096405,0.174377,0.250755,0.7417,1.4025,1.3125,0.425,0.9346,0.5996,1.0,1.0122,0.4417
three_exp,0,0.1,0,threshold_ens_050,0,0,240,240,1.0,0.0,0.125532,0.073791,0.116649,0.089382,0.173975,0.248488,0.7417,1.3777,1.2685,0.425,0.9269,0.6005,1.0,1.0099,0.45
three_exp,0,0.1,0,threshold_ens_safe,0,0,240,240,1.0,0.0,0.125204,0.073999,0.116649,0.08868,0.173975,0.248488,0.7417,1.3649,1.2685,0.4292,0.9237,0.6005,1.0,1.0082,0.4542
three_exp,0,0.1,0,capped_diag_52,0,0,240,240,1.0,0.0833,0.262098,0.483225,0.114921,0.073423,0.191717,0.248667,0.8,1.6701,1.512,0.3958,0.7345,0.4986,0.8417,0.8007,0.7458
three_exp,0,0.1,0,capped_diag_safe,0,0,240,240,1.0,0.0833,0.267119,0.490094,0.116133,0.086628,0.187403,0.269345,0.7958,1.6694,1.5216,0.3833,0.7513,0.512,0.8333,0.796,0.7375
three_exp,0,0.1,0,diag_ensemble_52,0,0,240,240,1.0,0.0833,0.262098,0.483225,0.114921,0.073423,0.191717,0.248667,0.8,1.6701,1.512,0.3958,0.7345,0.4986,0.8417,0.8007,0.7458
three_exp,0,0.1,0,diag_ensemble_safe,0,0,240,240,1.0,0.0833,0.267119,0.490094,0.116133,0.086628,0.187403,0.269345,0.7958,1.6694,1.5216,0.3833,0.7513,0.512,0.8333,0.796,0.7375
three_exp,0,0.1,0,equal_ensemble_52,0,0,240,240,1.0,0.0,0.123718,0.075993,0.109737,0.084309,0.174524,0.250302,0.7583,1.347,1.2685,0.4292,0.9212,0.602,1.0,1.0038,0.4792
three_exp,0,0.1,0,equal_ensemble_safe,0,0,240,240,1.0,0.0,0.125204,0.073999,0.116649,0.08868,0.173975,0.248488,0.7417,1.3649,1.2685,0.4292,0.9237,0.6005,1.0,1.0082,0.4542
three_exp,0,0.1,0,diag_ensemble_9,0,0,240,240,1.0,0.0,0.117283,0.060136,0.117054,0.060253,0.164097,0.203928,0.9792,1.417,1.417,0.4125,0.723,0.4871,1.0,0.7984,0.9083
three_exp,0,0.1,0,equal_ensemble_9,0,0,240,240,1.0,0.0,0.116231,0.071564,0.097922,0.050627,0.168767,0.234534,0.8917,1.2609,1.2446,0.425,0.6607,0.4413,1.0,0.6607,0.7542
three_exp,0,0.1,0,phase2_cascade,0,0,240,240,1.0,0.0,0.065577,0.04146,0.058095,0.03138,0.105574,0.125133,1.0,0.8635,0.8635,0.5333,0.3633,0.2496,1.0,0.3875,1.0
three_exp,0,0.1,0,fixed_rational,0,0,240,240,1.0,0.0,0.07229,0.046135,0.07897,0.028447,0.112802,0.126943,0.9958,0.8451,0.774,0.55,0.4859,0.3211,1.0,0.5077,0.9917
three_exp,0,0.1,0,fixed_richardson,0,0,240,240,1.0,0.0,0.065679,0.041369,0.05761,0.031953,0.105574,0.125133,1.0,0.8635,0.8635,0.5333,0.3653,0.2536,1.0,0.3921,1.0
three_exp,0,0.1,0,constant_assumed,1,0,240,240,1.0,0.0,0.12495,0.113379,0.078295,0.035178,0.197701,0.270026,0.6958,1.0,1.0,0.0,0.489,0.3406,0.8167,0.5444,0.6875
three_exp,0,0.1,0,constant_oracle,1,1,240,240,1.0,0.0,0.018241,0.006091,0.01692,0.013892,0.021269,0.027654,1.0,0.2269,0.2229,1.0,0.1107,0.0767,1.0,0.1126,1.0
three_exp,0,0.1,0,window_mean,1,0,240,240,1.0,0.0,0.2473,0.093359,0.239149,0.169367,0.316275,0.373942,0.0,2.9359,2.9359,0.1833,1.4845,1.0,0.0,1.5329,0.0
three_exp,0,0.1,0,window_min,1,0,240,240,1.0,0.0,0.155731,0.058762,0.134971,0.103584,0.183396,0.249769,0.4333,1.837,1.837,0.3125,1.0,0.6524,1.0,1.0,0.0
three_exp,0,0.1,0,last_value,1,0,240,240,1.0,0.0,0.16448,0.056581,0.149131,0.115938,0.216154,0.249769,0.0,2.0658,2.045,0.3042,1.0,0.6736,1.0,1.0,0.0
three_exp,0,0.5,0,oracle_52,0,0,240,240,1.0,0.0,0.005276,0.007338,0.001714,0.000496,0.007843,0.014771,1.0,0.0243,0.0099,1.0,0.0184,0.0097,1.0,0.0243,1.0
three_exp,0,0.5,0,oracle_9,0,0,240,240,1.0,0.0,0.017633,0.016239,0.01061,0.004482,0.025985,0.046658,1.0,0.1412,0.0801,1.0,0.1412,0.0839,1.0,0.1412,0.9958
three_exp,0,0.5,0,threshold_ens_010,0,0,240,240,1.0,0.0,0.065469,0.04654,0.061482,0.022494,0.098948,0.140752,0.7375,1.0247,0.3786,0.9792,0.8768,0.4604,1.0,1.0247,0.4292
three_exp,0,0.5,0,threshold_ens_050,0,0,240,240,1.0,0.0,0.064537,0.046921,0.062209,0.018529,0.098458,0.141341,0.7375,1.0182,0.3571,0.9708,0.8698,0.4604,1.0,1.0182,0.4417
three_exp,0,0.5,0,threshold_ens_safe,0,0,240,240,1.0,0.0,0.064224,0.04703,0.062209,0.018389,0.098458,0.14141,0.7375,1.0182,0.3423,0.9708,0.8698,0.4604,1.0,1.0182,0.4458
three_exp,0,0.5,0,capped_diag_52,0,0,240,240,1.0,0.0833,0.20563,0.460235,0.065051,0.036738,0.110968,0.199633,0.7417,0.862,0.4277,0.85,0.7293,0.3957,0.8333,0.862,0.6083
three_exp,0,0.5,0,capped_diag_safe,0,0,240,240,1.0,0.0875,0.218284,0.487788,0.070099,0.042801,0.112069,0.20919,0.7458,0.9153,0.4761,0.8542,0.7925,0.4345,0.8333,0.9153,0.5875
three_exp,0,0.5,0,diag_ensemble_52,0,0,240,240,1.0,0.0833,0.20563,0.460235,0.065051,0.036738,0.110968,0.199633,0.7417,0.862,0.4277,0.85,0.7293,0.3957,0.8333,0.862,0.6083
three_exp,0,0.5,0,diag_ensemble_safe,0,0,240,240,1.0,0.0875,0.218284,0.487788,0.070099,0.042801,0.112069,0.20919,0.7458,0.9153,0.4761,0.8542,0.7925,0.4345,0.8333,0.9153,0.5875
three_exp,0,0.5,0,equal_ensemble_52,0,0,240,240,1.0,0.0,0.062583,0.048243,0.061246,0.017003,0.098529,0.140291,0.75,1.0069,0.3223,0.9708,0.865,0.4638,1.0,1.0069,0.4667
three_exp,0,0.5,0,equal_ensemble_safe,0,0,240,240,1.0,0.0,0.064224,0.04703,0.062209,0.018389,0.098458,0.14141,0.7375,1.0182,0.3423,0.9708,0.8698,0.4604,1.0,1.0182,0.4458
three_exp,0,0.5,0,diag_ensemble_9,0,0,240,240,1.0,0.0,0.06155,0.032714,0.062584,0.031866,0.087351,0.111931,0.9333,0.7369,0.3513,0.9958,0.6637,0.3647,1.0,0.7369,0.7667
three_exp,0,0.5,0,equal_ensemble_9,0,0,240,240,1.0,0.0,0.059986,0.038411,0.053288,0.023949,0.092297,0.124553,0.8792,0.742,0.3315,0.9958,0.6107,0.3166,1.0,0.742,0.6958
three_exp,0,0.5,0,phase2_cascade,0,0,240,240,1.0,0.0,0.042787,0.026148,0.038045,0.019673,0.069696,0.077685,0.9958,0.4881,0.254,1.0,0.4018,0.2264,1.0,0.4881,0.9667
three_exp,0,0.5,0,fixed_rational,0,0,240,240,1.0,0.0,0.033518,0.020172,0.038587,0.014807,0.050585,0.055681,0.9958,0.3683,0.1885,1.0,0.3683,0.195,1.0,0.3683,0.975
three_exp,0,0.5,0,fixed_richardson,0,0,240,240,1.0,0.0,0.042845,0.0261,0.037446,0.019772,0.069696,0.077685,0.9958,0.4881,0.2581,1.0,0.4018,0.227,1.0,0.4881,0.9667
three_exp,0,0.5,0,constant_assumed,1,0,240,240,1.0,0.0875,0.197696,0.117189,0.153458,0.109104,0.264098,0.373622,0.0417,1.9543,1.0,0.0,1.7043,0.9152,0.55,1.9543,0.0
three_exp,0,0.5,0,constant_oracle,1,1,240,240,1.0,0.0,0.090987,0.030258,0.084503,0.069365,0.106125,0.137672,0.675,1.0215,0.5888,1.0,0.9911,0.5507,1.0,1.0215,0.425
three_exp,0,0.5,0,window_mean,1,0,240,240,1.0,0.0,0.174554,0.069943,0.171566,0.113894,0.231419,0.263925,0.0,1.9751,1.0968,0.45,1.8666,1.0,0.0,1.9751,0.0
three_exp,0,0.5,0,window_min,1,0,240,240,1.0,0.0,0.082985,0.035576,0.073759,0.057783,0.09854,0.139752,0.4333,1.0,0.5117,1.0,1.0,0.5063,1.0,1.0,0.0
three_exp,0,0.5,0,last_value,1,0,240,240,1.0,0.0,0.091734,0.033322,0.084684,0.064537,0.120775,0.139752,0.0,1.0,0.5867,0.9583,1.0,0.5357,1.0,1.0,0.0
two_exp,0,0.02,0,oracle_52,0,0,240,240,1.0,0.0,0.006305,0.009706,0.002421,0.0,0.009957,0.016805,1.0,0.0468,0.0264,0.9625,0.0198,0.0128,1.0,0.0232,0.9958
two_exp,0,0.02,0,oracle_9,0,0,240,240,1.0,0.0,0.028712,0.035895,0.009582,0.003263,0.043466,0.085743,1.0,0.2418,0.1545,0.7958,0.0994,0.055,1.0,0.122,0.9958
two_exp,0,0.02,0,threshold_ens_010,0,0,240,240,1.0,0.0042,0.106512,0.096718,0.091084,0.006582,0.164921,0.285262,0.75,1.2482,0.9963,0.5,0.9246,0.5043,1.0,1.0063,0.4417
two_exp,0,0.02,0,threshold_ens_050,0,0,240,240,1.0,0.0042,0.10614,0.096342,0.090009,0.004577,0.164606,0.28385,0.75,1.2482,0.9944,0.5,0.9189,0.5025,1.0,1.0053,0.4542
two_exp,0,0.02,0,threshold_ens_safe,0,0,240,240,1.0,0.0042,0.106157,0.096296,0.090009,0.004577,0.164606,0.28385,0.75,1.2482,0.9944,0.5,0.9189,0.5015,1.0,1.0053,0.4542
two_exp,0,0.02,0,capped_diag_52,0,0,240,240,1.0,0.0,0.090241,0.083963,0.061146,0.015919,0.151223,0.22244,0.9458,0.9957,0.9328,0.5208,0.505,0.3186,1.0,0.5919,0.9083
two_exp,0,0.02,0,capped_diag_safe,0,0,240,240,1.0,0.0,0.090563,0.079595,0.060276,0.026171,0.144188,0.215573,0.9583,1.0814,0.9996,0.5,0.5544,0.3425,1.0,0.6545,0.9042
two_exp,0,0.02,0,diag_ensemble_52,0,0,240,240,1.0,0.0,0.090241,0.083964,0.061146,0.015919,0.151223,0.22244,0.9458,0.9957,0.9328,0.5208,0.505,0.3186,1.0,0.5919,0.9083
two_exp,0,0.02,0,diag_ensemble_safe,0,0,240,240,1.0,0.0,0.090563,0.079595,0.060276,0.026171,0.144188,0.215573,0.9583,1.0814,0.9996,0.5,0.5544,0.3425,1.0,0.6545,0.9042
two_exp,0,0.02,0,equal_ensemble_52,0,0,240,240,1.0,0.0042,0.104116,0.097523,0.068672,0.006858,0.165523,0.284734,0.7667,1.2222,0.9891,0.5042,0.928,0.4995,1.0,1.0053,0.4625
two_exp,0,0.02,0,equal_ensemble_safe,0,0,240,240,1.0,0.0042,0.106157,0.096296,0.090009,0.004577,0.164606,0.28385,0.75,1.2482,0.9944,0.5,0.9189,0.5015,1.0,1.0053,0.4542
two_exp,0,0.02,0,diag_ensemble_9,0,0,240,240,1.0,0.0,0.096823,0.082629,0.069556,0.023125,0.153688,0.229387,0.9708,1.2109,1.1918,0.4708,0.5657,0.3049,1.0,0.6229,0.9458
two_exp,0,0.02,0,equal_ensemble_9,0,0,240,240,1.0,0.0,0.094641,0.08713,0.053665,0.016846,0.15518,0.241848,0.9583,1.0169,0.9464,0.5167,0.4986,0.2446,1.0,0.5548,0.9208
two_exp,0,0.02,0,phase2_cascade,0,0,240,240,1.0,0.0,0.084018,0.062495,0.06183,0.024899,0.134662,0.181725,0.9625,1.0972,0.8925,0.5083,0.5667,0.3169,1.0,0.6011,0.9458
two_exp,0,0.02,0,fixed_rational,0,0,240,240,1.0,0.0,0.05268,0.038309,0.044527,0.023008,0.071922,0.112289,0.9708,0.7771,0.4794,0.5792,0.3003,0.1755,0.9958,0.3358,0.9417
two_exp,0,0.02,0,fixed_richardson,0,0,240,240,1.0,0.0,0.084018,0.062495,0.06183,0.024899,0.134662,0.181725,0.9625,1.0972,0.8925,0.5083,0.5667,0.3169,1.0,0.6011,0.9458
two_exp,0,0.02,0,constant_assumed,1,0,240,240,1.0,0.0625,0.130943,0.154512,0.054713,0.017205,0.154316,0.416691,0.6833,1.0,1.0,0.0,0.4852,0.2551,0.7875,0.5023,0.6625
two_exp,0,0.02,0,constant_oracle,1,1,240,240,1.0,0.0,0.003078,0.001796,0.002655,0.001751,0.003982,0.005863,1.0,0.0478,0.0419,1.0,0.0202,0.0112,1.0,0.0207,1.0
two_exp,0,0.02,0,window_mean,1,0,240,240,1.0,0.0042,0.257244,0.127389,0.24947,0.153986,0.354447,0.427936,0.0,4.1987,3.9263,0.2125,1.8003,1.0,0.0,1.8832,0.0
two_exp,0,0.02,0,window_min,1,0,240,240,1.0,0.0,0.143442,0.090811,0.112671,0.057105,0.188316,0.288289,0.4083,1.991,1.991,0.3375,1.0,0.531,1.0,1.0,0.0
two_exp,0,0.02,0,last_value,1,0,240,240,1.0,0.0,0.15012,0.0873,0.125483,0.07412,0.218346,0.288289,0.0,2.2675,2.0608,0.3167,1.0,0.5554,1.0,1.0,0.0
two_exp,0,0.1,0,oracle_52,0,0,240,240,1.0,0.0,0.006023,0.011051,0.001532,0.0,0.006523,0.018472,1.0,0.031,0.0146,0.9875,0.0164,0.0092,1.0,0.0195,0.9958
two_exp,0,0.1,0,oracle_9,0,0,240,240,1.0,0.0,0.031636,0.038826,0.0123,0.003153,0.049591,0.10792,1.0,0.2444,0.1684,0.8375,0.1369,0.0671,1.0,0.1369,0.9958
two_exp,0,0.1,0,threshold_ens_010,0,0,240,240,1.0,0.0042,0.098614,0.087942,0.069823,0.015053,0.152506,0.263025,0.7458,1.1746,0.7808,0.5375,0.9228,0.4853,1.0,1.0082,0.4375
two_exp,0,0.1,0,threshold_ens_050,0,0,240,240,1.0,0.0042,0.098744,0.087662,0.069823,0.015053,0.153172,0.26216,0.7417,1.1819,0.7808,0.5375,0.9267,0.4855,1.0,1.0075,0.4375
two_exp,0,0.1,0,threshold_ens_safe,0,0,240,240,1.0,0.0042,0.098739,0.087668,0.069823,0.015053,0.153172,0.26216,0.7458,1.1819,0.7808,0.5375,0.9225,0.4831,1.0,1.0073,0.45
two_exp,0,0.1,0,capped_diag_52,0,0,240,240,1.0,0.0,0.083483,0.07847,0.040879,0.018626,0.140198,0.212144,0.9458,0.8991,0.7288,0.5625,0.5116,0.2955,1.0,0.5588,0.8958
two_exp,0,0.1,0,capped_diag_safe,0,0,240,240,1.0,0.0042,0.087,0.073304,0.058709,0.029443,0.138149,0.208418,0.95,1.0577,0.8078,0.55,0.6033,0.3566,1.0,0.7164,0.8625
two_exp,0,0.1,0,diag_ensemble_52,0,0,240,240,1.0,0.0,0.083484,0.07847,0.040879,0.018626,0.140198,0.212144,0.9458,0.8993,0.7288,0.5625,0.5116,0.2955,1.0,0.5588,0.8958
two_exp,0,0.1,0,diag_ensemble_safe,0,0,240,240,1.0,0.0042,0.087,0.073304,0.058709,0.029443,0.138149,0.208418,0.95,1.0577,0.8078,0.55,0.6033,0.3566,1.0,0.7164,0.8625
two_exp,0,0.1,0,equal_ensemble_52,0,0,240,240,1.0,0.0042,0.098298,0.088366,0.063912,0.015506,0.153524,0.262707,0.7667,1.1605,0.77,0.55,0.9228,0.4813,1.0,1.0052,0.4667
two_exp,0,0.1,0,equal_ensemble_safe,0,0,240,240,1.0,0.0042,0.098739,0.087668,0.069823,0.015053,0.153172,0.26216,0.7458,1.1819,0.7808,0.5375,0.9225,0.4831,1.0,1.0073,0.45
two_exp,0,0.1,0,diag_ensemble_9,0,0,240,240,1.0,0.0,0.094221,0.07658,0.081373,0.025683,0.147874,0.216085,0.9583,1.1165,1.0028,0.5,0.6231,0.3303,1.0,0.6783,0.8875
two_exp,0,0.1,0,equal_ensemble_9,0,0,240,240,1.0,0.0,0.089819,0.079072,0.064164,0.014844,0.143769,0.218618,0.95,0.9926,0.8261,0.55,0.5565,0.308,1.0,0.6298,0.9
two_exp,0,0.1,0,phase2_cascade,0,0,240,240,1.0,0.0,0.085703,0.065801,0.058983,0.027743,0.140757,0.183182,0.9583,0.9644,0.8795,0.5417,0.5724,0.3194,1.0,0.6289,0.9167
two_exp,0,0.1,0,fixed_rational,0,0,240,240,1.0,0.0,0.050786,0.035531,0.043536,0.023696,0.070089,0.10792,0.9792,0.6332,0.5165,0.6,0.3554,0.1845,1.0,0.3804,0.9542
two_exp,0,0.1,0,fixed_richardson,0,0,240,240,1.0,0.0,0.085703,0.065801,0.058983,0.027743,0.140757,0.183182,0.9583,0.9644,0.8795,0.5417,0.5724,0.3194,1.0,0.6289,0.9167
two_exp,0,0.1,0,constant_assumed,1,0,240,240,1.0,0.0708,0.143287,0.154756,0.068639,0.036128,0.168925,0.438063,0.625,1.0,1.0,0.0,0.6234,0.3139,0.7625,0.6597,0.5917
two_exp,0,0.1,0,constant_oracle,1,1,240,240,1.0,0.0,0.015423,0.00887,0.013418,0.00885,0.019991,0.029096,0.9958,0.224,0.18,1.0,0.1109,0.0593,1.0,0.1123,0.9917
two_exp,0,0.1,0,window_mean,1,0,240,240,1.0,0.0083,0.2449,0.12049,0.238707,0.146887,0.338439,0.404702,0.0,3.8653,3.1886,0.2375,1.8716,1.0,0.0,1.9658,0.0
two_exp,0,0.1,0,window_min,1,0,240,240,1.0,0.0,0.131098,0.083813,0.101908,0.051904,0.172307,0.265055,0.4083,1.5159,1.5159,0.4083,1.0,0.5087,1.0,1.0,0.0
two_exp,0,0.1,0,last_value,1,0,240,240,1.0,0.0,0.137776,0.080305,0.113195,0.068674,0.202338,0.265055,0.0,1.9512,1.6042,0.375,1.0,0.5343,1.0,1.0,0.0
two_exp,0,0.5,0,oracle_52,0,0,240,240,1.0,0.0,0.002687,0.004926,0.000814,0.0,0.002826,0.007651,0.9875,0.0185,0.0046,1.0,0.0132,0.0059,1.0,0.0185,0.9875
two_exp,0,0.5,0,oracle_9,0,0,240,240,1.0,0.0,0.013118,0.01612,0.004092,0.00155,0.019794,0.039241,0.9875,0.1273,0.0306,1.0,0.0881,0.0283,1.0,0.1222,0.9792
two_exp,0,0.5,0,threshold_ens_010,0,0,240,240,1.0,0.0125,0.052173,0.051492,0.030731,0.006542,0.086785,0.145463,0.7375,1.0268,0.2501,0.9833,0.8811,0.3418,1.0,1.0262,0.4167
two_exp,0,0.5,0,threshold_ens_050,0,0,240,240,1.0,0.0125,0.052214,0.051591,0.030843,0.007109,0.086785,0.144961,0.7375,1.0262,0.2501,0.9833,0.8811,0.3418,1.0,1.0248,0.425
two_exp,0,0.5,0,threshold_ens_safe,0,0,240,240,1.0,0.0125,0.052134,0.051638,0.030835,0.007109,0.086785,0.144961,0.7417,1.0248,0.2501,0.9833,0.8724,0.3409,1.0,1.0237,0.4292
two_exp,0,0.5,0,capped_diag_52,0,0,240,240,1.0,0.0083,0.046634,0.040052,0.029489,0.015381,0.077709,0.109867,0.8958,0.7145,0.2405,1.0,0.5541,0.2273,1.0,0.7062,0.7833
two_exp,0,0.5,0,capped_diag_safe,0,0,240,240,1.0,0.0125,0.050902,0.042806,0.035703,0.014782,0.083091,0.119405,0.8417,0.8147,0.259,0.9958,0.6823,0.2816,1.0,0.8129,0.7
two_exp,0,0.5,0,diag_ensemble_52,0,0,240,240,1.0,0.0083,0.046634,0.040053,0.029489,0.015381,0.077709,0.109867,0.8958,0.7145,0.2405,1.0,0.5541,0.2273,1.0,0.7062,0.7833
two_exp,0,0.5,0,diag_ensemble_safe,0,0,240,240,1.0,0.0125,0.050902,0.042806,0.035703,0.014782,0.083091,0.119405,0.8417,0.8147,0.259,0.9958,0.6823,0.2816,1.0,0.8129,0.7
two_exp,0,0.5,0,equal_ensemble_52,0,0,240,240,1.0,0.0125,0.051023,0.051743,0.029676,0.005833,0.086855,0.144486,0.7583,1.0176,0.2501,0.9875,0.8308,0.3347,1.0,1.0151,0.4458
two_exp,0,0.5,0,equal_ensemble_safe,0,0,240,240,1.0,0.0125,0.052134,0.051638,0.030835,0.007109,0.086785,0.144961,0.7417,1.0248,0.2501,0.9833,0.8724,0.3409,1.0,1.0237,0.4292
two_exp,0,0.5,0,diag_ensemble_9,0,0,240,240,1.0,0.0125,0.056298,0.043155,0.046686,0.018062,0.091279,0.124067,0.8417,0.7844,0.3471,0.9875,0.629,0.2606,1.0,0.7826,0.7375
two_exp,0,0.5,0,equal_ensemble_9,0,0,240,240,1.0,0.0083,0.055209,0.043049,0.048368,0.013766,0.089498,0.115914,0.9,0.8041,0.3433,1.0,0.7077,0.2943,1.0,0.8027,0.7417
two_exp,0,0.5,0,phase2_cascade,0,0,240,240,1.0,0.0167,0.062803,0.045923,0.05294,0.02074,0.10987,0.120519,0.7417,0.8445,0.4021,0.925,0.8015,0.3382,1.0,0.8444,0.6417
two_exp,0,0.5,0,fixed_rational,0,0,240,240,1.0,0.0125,0.028592,0.017206,0.028289,0.014118,0.039182,0.050544,0.975,0.4342,0.1962,1.0,0.3871,0.1521,1.0,0.4342,0.9083
two_exp,0,0.5,0,fixed_richardson,0,0,240,240,1.0,0.0167,0.062803,0.045923,0.05294,0.02074,0.10987,0.120519,0.7417,0.8445,0.4021,0.925,0.8015,0.3382,1.0,0.8444,0.6417
two_exp,0,0.5,0,constant_assumed,1,0,240,240,1.0,0.1875,0.205065,0.160934,0.160258,0.089485,0.252342,0.501398,0.0208,2.2487,1.0,0.0,1.9257,0.7613,0.6375,2.2487,0.0
two_exp,0,0.5,0,constant_oracle,1,1,240,240,1.0,0.0125,0.0772,0.045045,0.066595,0.043923,0.099872,0.147035,0.675,1.0356,0.5233,1.0,0.9825,0.3845,1.0,1.0356,0.4458
two_exp,0,0.5,0,window_mean,1,0,240,240,1.0,0.0375,0.183122,0.085872,0.185531,0.111814,0.258558,0.286763,0.0,2.7615,1.3139,0.3625,2.5553,1.0,0.0,2.7615,0.0
two_exp,0,0.5,0,window_min,1,0,240,240,1.0,0.0083,0.069922,0.047497,0.051106,0.029085,0.092426,0.147116,0.4,1.0,0.4447,1.0,1.0,0.3621,1.0,1.0,0.0
two_exp,0,0.5,0,last_value,1,0,240,240,1.0,0.0,0.076203,0.044586,0.062545,0.03812,0.118196,0.147116,0.0,1.0,0.5193,0.9792,1.0,0.3913,1.0,1.0,0.0083
