regime_set,target_g,regime,noise,noise_class,pool,design,n_seeds,n_trials,n_no_choice,chosen_valid_rate,win_vs_default,default_chosen,win_vs_last,med_error_chosen,med_error_default,med_error_last,med_ratio_vs_default,top_chosen,top_chosen_share,n_distinct_chosen,cat_rate_chosen,cat_rate_default
core,0.5,single_exp,0.0,noise-free,lead,one_pilot,30,870,0,1.0,1.0,0.0,1.0,6.751765813106658e-12,0.02315281418289775,0.0105178791786365,3.613740695177035e-10,single_exp_fit,0.7666666666666667,2,0.0,0.0
core,0.5,single_exp,0.0,noise-free,lead,many_pilots,30,30,0,1.0,1.0,0.0,1.0,3.717802975200524e-12,0.02315281418289775,0.0105178791786365,1.4851666901897633e-10,single_exp_fit,1.0,1,0.0,0.0
core,0.5,single_exp,0.0,noise-free,named,one_pilot,30,870,0,1.0,1.0,0.0,1.0,3.717802975200524e-12,0.02315281418289775,0.0105178791786365,1.4851666901897633e-10,single_exp_fit,1.0,1,0.0,0.0
core,0.5,single_exp,0.0,noise-free,named,many_pilots,30,30,0,1.0,1.0,0.0,1.0,3.717802975200524e-12,0.02315281418289775,0.0105178791786365,1.4851666901897633e-10,single_exp_fit,1.0,1,0.0,0.0
core,0.5,single_exp,0.0,noise-free,classical,one_pilot,30,870,0,1.0,0.9666666666666667,0.0,1.0,0.00488144206246875,0.02315281418289775,0.0105178791786365,0.21113871380360139,anderson_3,1.0,1,0.0,0.0
core,0.5,single_exp,0.0,noise-free,classical,many_pilots,30,30,0,1.0,0.9666666666666667,0.0,1.0,0.00488144206246875,0.02315281418289775,0.0105178791786365,0.21113871380360139,anderson_3,1.0,1,0.0,0.0
core,0.5,single_exp,0.0,noise-free,all,one_pilot,30,870,0,1.0,1.0,0.0,1.0,1.249000902703301e-16,0.02315281418289775,0.0105178791786365,3.8372311589203555e-15,geom_avg_diff,0.9666666666666667,2,0.0,0.0
core,0.5,single_exp,0.0,noise-free,all,many_pilots,30,30,0,1.0,1.0,0.0,1.0,1.0061396160665481e-16,0.02315281418289775,0.0105178791786365,3.655604178282879e-15,geom_avg_diff,1.0,1,0.0,0.0
core,0.5,single_exp,0.001,sigma=0.001,lead,one_pilot,30,870,0,1.0,0.9793103448275862,0.0,0.9816091954022989,0.0002747784814183,0.023093380397289948,0.01058274194942575,0.012381253840075743,single_exp_fit,0.7666666666666667,3,0.0,0.0
core,0.5,single_exp,0.001,sigma=0.001,lead,many_pilots,30,30,0,1.0,1.0,0.0,1.0,0.0002199910521704,0.023093380397289948,0.01058274194942575,0.010567212409404617,single_exp_fit,1.0,1,0.0,0.0
core,0.5,single_exp,0.001,sigma=0.001,named,one_pilot,30,870,0,1.0,1.0,0.0,1.0,0.0002199910521704,0.023093380397289948,0.01058274194942575,0.010567212409404617,single_exp_fit,1.0,1,0.0,0.0
core,0.5,single_exp,0.001,sigma=0.001,named,many_pilots,30,30,0,1.0,1.0,0.0,1.0,0.0002199910521704,0.023093380397289948,0.01058274194942575,0.010567212409404617,single_exp_fit,1.0,1,0.0,0.0
core,0.5,single_exp,0.001,sigma=0.001,classical,one_pilot,30,870,0,0.9954022988505747,0.8068965517241379,0.0,0.3310344827586207,0.0124583530957593,0.023093380397289948,0.01058274194942575,0.544009547678012,brezinski_theta1,0.23333333333333334,10,0.017241379310344827,0.0
core,0.5,single_exp,0.001,sigma=0.001,classical,many_pilots,30,30,0,1.0,0.8666666666666667,0.0,0.5666666666666667,0.0109278446469903,0.023093380397289948,0.01058274194942575,0.44365088536126507,brezinski_theta1,1.0,1,0.0,0.0
core,0.5,single_exp,0.001,sigma=0.001,all,one_pilot,30,870,0,1.0,0.9735632183908046,0.0,0.9172413793103448,0.0002836483133026,0.023093380397289948,0.01058274194942575,0.014448618440218391,single_exp_fit,0.7,6,0.0,0.0
core,0.5,single_exp,0.001,sigma=0.001,all,many_pilots,30,30,0,1.0,1.0,0.0,1.0,0.0002199910521704,0.023093380397289948,0.01058274194942575,0.010567212409404617,single_exp_fit,1.0,1,0.0,0.0
core,0.5,single_exp,0.005,sigma=0.005,lead,one_pilot,30,870,0,0.9988505747126437,0.8540229885057471,0.03333333333333333,0.7793103448275862,0.0024246434508516,0.02323604598136245,0.008945851348449201,0.10810291370220626,single_exp_fit,0.43333333333333335,7,0.04597701149425287,0.13333333333333333
core,0.5,single_exp,0.005,sigma=0.005,lead,many_pilots,30,30,0,1.0,0.9666666666666667,0.0,1.0,0.00125193480754525,0.02323604598136245,0.008945851348449201,0.06604807516971369,single_exp_fit,1.0,1,0.0,0.13333333333333333
core,0.5,single_exp,0.005,sigma=0.005,named,one_pilot,30,870,0,1.0,0.9333333333333333,0.03333333333333333,0.9689655172413794,0.0012662781571879,0.02323604598136245,0.008945851348449201,0.07108061799114687,single_exp_fit,0.9666666666666667,2,0.004597701149425287,0.13333333333333333
core,0.5,single_exp,0.005,sigma=0.005,named,many_pilots,30,30,0,1.0,0.9666666666666667,0.0,1.0,0.00125193480754525,0.02323604598136245,0.008945851348449201,0.06604807516971369,single_exp_fit,1.0,1,0.0,0.13333333333333333
core,0.5,single_exp,0.005,sigma=0.005,classical,one_pilot,30,870,0,0.996551724137931,0.728735632183908,0.0,0.3758620689655172,0.0111503905162033,0.02323604598136245,0.008945851348449201,0.48676256648911287,brezinski_theta1,0.3,13,0.09885057471264368,0.13333333333333333
core,0.5,single_exp,0.005,sigma=0.005,classical,many_pilots,30,30,0,1.0,0.8,0.0,0.5,0.0079251862618474,0.02323604598136245,0.008945851348449201,0.38753281717787647,brezinski_theta1,1.0,1,0.06666666666666667,0.13333333333333333
core,0.5,single_exp,0.005,sigma=0.005,all,one_pilot,30,870,0,0.9850574712643678,0.8264367816091954,0.0,0.6781609195402298,0.0033542448925071,0.02323604598136245,0.008945851348449201,0.19503410693340587,double_exp_fit,0.26666666666666666,11,0.08045977011494253,0.13333333333333333
core,0.5,single_exp,0.005,sigma=0.005,all,many_pilots,30,30,0,1.0,0.9666666666666667,0.0,1.0,0.00125193480754525,0.02323604598136245,0.008945851348449201,0.06604807516971369,single_exp_fit,1.0,1,0.0,0.13333333333333333
core,0.5,two_exp,0.0,noise-free,lead,one_pilot,30,870,0,1.0,1.0,0.0,1.0,7.961444004056516e-10,0.01480448118330905,0.0499110738698439,9.630507255378024e-08,double_exp_fit,0.9,2,0.0,0.0
core,0.5,two_exp,0.0,noise-free,lead,many_pilots,30,30,0,1.0,1.0,0.0,1.0,4.334533981742439e-10,0.01480448118330905,0.0499110738698439,5.874251639039021e-08,double_exp_fit,1.0,1,0.0,0.0
core,0.5,two_exp,0.0,noise-free,named,one_pilot,30,870,0,1.0,0.9333333333333333,0.03333333333333333,1.0,0.0015498094934836,0.01480448118330905,0.0499110738698439,0.12943906911620284,single_exp_fit,0.9666666666666667,2,0.0,0.0
core,0.5,two_exp,0.0,noise-free,named,many_pilots,30,30,0,1.0,0.9666666666666667,0.0,1.0,0.00154980948529125,0.01480448118330905,0.0499110738698439,0.10865911334916048,single_exp_fit,1.0,1,0.0,0.0
core,0.5,two_exp,0.0,noise-free,classical,one_pilot,30,870,0,1.0,0.8,0.0,1.0,0.0073175173675278996,0.01480448118330905,0.0499110738698439,0.5133225454678625,wynn_rho_3,1.0,1,0.0,0.0
core,0.5,two_exp,0.0,noise-free,classical,many_pilots,30,30,0,1.0,0.8,0.0,1.0,0.0073175173675278996,0.01480448118330905,0.0499110738698439,0.5133225454678625,wynn_rho_3,1.0,1,0.0,0.0
core,0.5,two_exp,0.0,noise-free,all,one_pilot,30,870,0,1.0,1.0,0.0,1.0,7.961444004056516e-10,0.01480448118330905,0.0499110738698439,9.630507255378024e-08,double_exp_fit,0.9,2,0.0,0.0
core,0.5,two_exp,0.0,noise-free,all,many_pilots,30,30,0,1.0,1.0,0.0,1.0,4.334533981742439e-10,0.01480448118330905,0.0499110738698439,5.874251639039021e-08,double_exp_fit,1.0,1,0.0,0.0
core,0.5,two_exp,0.001,sigma=0.001,lead,one_pilot,30,870,0,1.0,0.8367816091954023,0.0,0.9712643678160919,0.0022105225706431,0.01466736655218335,0.0499759366406331,0.16103508067813704,single_exp_fit,0.43333333333333335,7,0.0034482758620689655,0.0
core,0.5,two_exp,0.001,sigma=0.001,lead,many_pilots,30,30,0,1.0,0.9666666666666667,0.0,1.0,0.001599415619814,0.01466736655218335,0.0499759366406331,0.10843376414746872,single_exp_fit,1.0,1,0.0,0.0
core,0.5,two_exp,0.001,sigma=0.001,named,one_pilot,30,870,0,1.0,0.9333333333333333,0.03333333333333333,1.0,0.0016964328655193,0.01466736655218335,0.0499759366406331,0.11604819879169159,single_exp_fit,0.9666666666666667,2,0.0,0.0
core,0.5,two_exp,0.001,sigma=0.001,named,many_pilots,30,30,0,1.0,0.9666666666666667,0.0,1.0,0.001599415619814,0.01466736655218335,0.0499759366406331,0.10843376414746872,single_exp_fit,1.0,1,0.0,0.0
core,0.5,two_exp,0.001,sigma=0.001,classical,one_pilot,30,870,0,0.996551724137931,0.026436781609195402,0.0,0.4045977011494253,0.0524693899992395,0.01466736655218335,0.0499759366406331,3.781615643594034,wynn_rho_2,0.3333333333333333,10,0.016091954022988506,0.0
core,0.5,two_exp,0.001,sigma=0.001,classical,many_pilots,30,30,0,1.0,0.03333333333333333,0.0,0.5666666666666667,0.0471727662327834,0.01466736655218335,0.0499759366406331,3.236851956933309,wynn_rho_2,1.0,1,0.0,0.0
core,0.5,two_exp,0.001,sigma=0.001,all,one_pilot,30,870,0,1.0,0.8402298850574713,0.0,0.9781609195402299,0.0024485906570761,0.01466736655218335,0.0499759366406331,0.18543834966176126,single_exp_fit,0.3,8,0.0034482758620689655,0.0
core,0.5,two_exp,0.001,sigma=0.001,all,many_pilots,30,30,0,1.0,0.9666666666666667,0.0,1.0,0.001599415619814,0.01466736655218335,0.0499759366406331,0.10843376414746872,single_exp_fit,1.0,1,0.0,0.0
core,0.5,two_exp,0.005,sigma=0.005,lead,one_pilot,30,870,0,1.0,0.6114942528735632,0.03333333333333333,0.9908045977011494,0.0066363231378964,0.0149452431065137,0.04833904603965655,0.6306674406339947,single_exp_fit,0.3333333333333333,10,0.0,0.0
core,0.5,two_exp,0.005,sigma=0.005,lead,many_pilots,30,30,0,1.0,0.9,0.0,1.0,0.00329812441418345,0.0149452431065137,0.04833904603965655,0.2973198595467423,single_exp_fit,1.0,1,0.0,0.0
core,0.5,two_exp,0.005,sigma=0.005,named,one_pilot,30,870,0,1.0,0.8068965517241379,0.1,1.0,0.0034941233528164,0.0149452431065137,0.04833904603965655,0.31121233228663314,single_exp_fit,0.9,2,0.0,0.0
core,0.5,two_exp,0.005,sigma=0.005,named,many_pilots,30,30,0,1.0,0.9,0.0,1.0,0.00329812441418345,0.0149452431065137,0.04833904603965655,0.2973198595467423,single_exp_fit,1.0,1,0.0,0.0
core,0.5,two_exp,0.005,sigma=0.005,classical,one_pilot,30,870,0,0.996551724137931,0.021839080459770115,0.0,0.33793103448275863,0.0525739986600968,0.0149452431065137,0.04833904603965655,3.7059703596958804,brezinski_theta1,0.3,7,0.006896551724137931,0.0
core,0.5,two_exp,0.005,sigma=0.005,classical,many_pilots,30,30,0,1.0,0.03333333333333333,0.0,0.5666666666666667,0.04678770335798395,0.0149452431065137,0.04833904603965655,3.115131379148427,brezinski_theta1,1.0,1,0.0,0.0
core,0.5,two_exp,0.005,sigma=0.005,all,one_pilot,30,870,0,1.0,0.6183908045977011,0.0,0.9908045977011494,0.007245358302562149,0.0149452431065137,0.04833904603965655,0.6261006159514823,pade_13,0.3333333333333333,11,0.0,0.0
core,0.5,two_exp,0.005,sigma=0.005,all,many_pilots,30,30,0,1.0,0.9,0.0,1.0,0.00329812441418345,0.0149452431065137,0.04833904603965655,0.2973198595467423,single_exp_fit,1.0,1,0.0,0.0
core,0.5,three_exp,0.0,noise-free,lead,one_pilot,30,870,0,1.0,0.9908045977011494,0.0,0.9977011494252873,0.0001647847515615,0.016674495175230203,0.0737587213450387,0.009882443339395095,pade_45,0.4666666666666667,4,0.0,0.0
core,0.5,three_exp,0.0,noise-free,lead,many_pilots,30,30,0,1.0,1.0,0.0,1.0,0.00016478460422415,0.016674495175230203,0.0737587213450387,0.009882434808903447,pade_33,1.0,1,0.0,0.0
core,0.5,three_exp,0.0,noise-free,named,one_pilot,30,870,0,1.0,0.0,1.0,1.0,0.016674495175230203,0.016674495175230203,0.0737587213450387,1.0,rational_fit,1.0,1,0.0,0.0
core,0.5,three_exp,0.0,noise-free,named,many_pilots,30,30,0,1.0,0.0,1.0,1.0,0.016674495175230203,0.016674495175230203,0.0737587213450387,1.0,rational_fit,1.0,1,0.0,0.0
core,0.5,three_exp,0.0,noise-free,classical,one_pilot,30,870,0,1.0,0.0,0.0,1.0,0.0386519508355817,0.016674495175230203,0.0737587213450387,2.318028247894545,shanks_1,0.4666666666666667,3,0.0,0.0
core,0.5,three_exp,0.0,noise-free,classical,many_pilots,30,30,0,1.0,0.0,0.0,1.0,0.0386519508355541,0.016674495175230203,0.0737587213450387,2.3180282478911263,shanks_1,1.0,1,0.0,0.0
core,0.5,three_exp,0.0,noise-free,all,one_pilot,30,870,0,1.0,0.9908045977011494,0.0,0.9977011494252873,0.0001647847515615,0.016674495175230203,0.0737587213450387,0.009882443339395095,pade_45,0.4666666666666667,4,0.0,0.0
core,0.5,three_exp,0.0,noise-free,all,many_pilots,30,30,0,1.0,1.0,0.0,1.0,0.00016478460422415,0.016674495175230203,0.0737587213450387,0.009882434808903447,pade_33,1.0,1,0.0,0.0
core,0.5,three_exp,0.001,sigma=0.001,lead,one_pilot,30,870,0,0.9747126436781609,0.5241379310344828,0.0,0.9241379310344827,0.0143806969029702,0.01676877561688335,0.0738235841158279,0.8550928737617642,double_exp_fit,0.3,6,0.03218390804597701,0.0
core,0.5,three_exp,0.001,sigma=0.001,lead,many_pilots,30,30,0,0.8666666666666667,0.5333333333333333,0.0,0.7666666666666667,0.01105761718529125,0.01676877561688335,0.0738235841158279,0.6547632380894527,pade_45,0.9,2,0.16666666666666666,0.0
core,0.5,three_exp,0.001,sigma=0.001,named,one_pilot,30,870,0,1.0,0.0,1.0,1.0,0.01676877561688335,0.01676877561688335,0.0738235841158279,1.0,rational_fit,1.0,1,0.0,0.0
core,0.5,three_exp,0.001,sigma=0.001,named,many_pilots,30,30,0,1.0,0.0,1.0,1.0,0.01676877561688335,0.01676877561688335,0.0738235841158279,1.0,rational_fit,1.0,1,0.0,0.0
core,0.5,three_exp,0.001,sigma=0.001,classical,one_pilot,30,870,0,0.9954022988505747,0.0,0.0,0.3620689655172414,0.07610468585270044,0.01676877561688335,0.0738235841158279,4.462030989710954,wynn_rho_2,0.23333333333333334,12,0.009195402298850575,0.0
core,0.5,three_exp,0.001,sigma=0.001,classical,many_pilots,30,30,0,1.0,0.0,0.0,0.4,0.07589433718425365,0.01676877561688335,0.0738235841158279,4.377961442556341,wynn_rho_2,0.5,2,0.0,0.0
core,0.5,three_exp,0.001,sigma=0.001,all,one_pilot,30,870,0,0.9758620689655172,0.506896551724138,0.0,0.9321839080459771,0.0145530504188458,0.01676877561688335,0.0738235841158279,0.891232810449116,double_exp_fit,0.3,6,0.03103448275862069,0.0
core,0.5,three_exp,0.001,sigma=0.001,all,many_pilots,30,30,0,0.8666666666666667,0.5333333333333333,0.0,0.7666666666666667,0.01105761718529125,0.01676877561688335,0.0738235841158279,0.6547632380894527,pade_45,0.9,2,0.16666666666666666,0.0
core,0.5,three_exp,0.005,sigma=0.005,lead,one_pilot,30,870,0,1.0,0.5172413793103449,0.06666666666666667,0.9954022988505747,0.0116553649651319,0.0159214178015235,0.07218669351485141,0.9602435841624333,pade_22,0.36666666666666664,10,0.0,0.0
core,0.5,three_exp,0.005,sigma=0.005,lead,many_pilots,30,30,0,1.0,0.7666666666666667,0.0,1.0,0.007345740319599449,0.0159214178015235,0.07218669351485141,0.5348043202002735,pade_22,1.0,1,0.0,0.0
core,0.5,three_exp,0.005,sigma=0.005,named,one_pilot,30,870,0,1.0,0.0,1.0,1.0,0.0159214178015235,0.0159214178015235,0.07218669351485141,1.0,rational_fit,1.0,1,0.0,0.0
core,0.5,three_exp,0.005,sigma=0.005,named,many_pilots,30,30,0,1.0,0.0,1.0,1.0,0.0159214178015235,0.0159214178015235,0.07218669351485141,1.0,rational_fit,1.0,1,0.0,0.0
core,0.5,three_exp,0.005,sigma=0.005,classical,one_pilot,30,870,0,1.0,0.0022988505747126436,0.0,0.3471264367816092,0.0755342400556854,0.0159214178015235,0.07218669351485141,4.985105619378659,brezinski_theta1,0.26666666666666666,9,0.0022988505747126436,0.0
core,0.5,three_exp,0.005,sigma=0.005,classical,many_pilots,30,30,0,1.0,0.0,0.0,0.5666666666666667,0.0701096811535761,0.0159214178015235,0.07218669351485141,4.54335099072006,brezinski_theta1,1.0,1,0.0,0.0
core,0.5,three_exp,0.005,sigma=0.005,all,one_pilot,30,870,0,1.0,0.4942528735632184,0.06666666666666667,0.9908045977011494,0.0118695491818854,0.0159214178015235,0.07218669351485141,1.0,pade_22,0.26666666666666666,11,0.0,0.0
core,0.5,three_exp,0.005,sigma=0.005,all,many_pilots,30,30,0,1.0,0.7666666666666667,0.0,1.0,0.007345740319599449,0.0159214178015235,0.07218669351485141,0.5348043202002735,pade_22,1.0,1,0.0,0.0
core,0.5,four_exp,0.0,noise-free,lead,one_pilot,30,870,0,0.9402298850574713,0.8655172413793103,0.0,0.9379310344827586,0.0014819527445128,0.00872475307427105,0.0806271522863577,0.16985612245845075,pade_34,0.5666666666666667,6,0.059770114942528735,0.0
core,0.5,four_exp,0.0,noise-free,lead,many_pilots,30,30,0,1.0,1.0,0.0,1.0,0.00106707742344375,0.00872475307427105,0.0806271522863577,0.12230460142894853,pade_34,1.0,1,0.0,0.0
core,0.5,four_exp,0.0,noise-free,named,one_pilot,30,870,0,1.0,0.0,1.0,1.0,0.00872475307427105,0.00872475307427105,0.0806271522863577,1.0,rational_fit,1.0,1,0.0,0.0
core,0.5,four_exp,0.0,noise-free,named,many_pilots,30,30,0,1.0,0.0,1.0,1.0,0.00872475307427105,0.00872475307427105,0.0806271522863577,1.0,rational_fit,1.0,1,0.0,0.0
core,0.5,four_exp,0.0,noise-free,classical,one_pilot,30,870,0,1.0,1.0,0.0,1.0,0.0013153278172899998,0.00872475307427105,0.0806271522863577,0.1507581672572738,shanks_3,1.0,1,0.0,0.0
core,0.5,four_exp,0.0,noise-free,classical,many_pilots,30,30,0,1.0,1.0,0.0,1.0,0.0013153278172899998,0.00872475307427105,0.0806271522863577,0.1507581672572738,shanks_3,1.0,1,0.0,0.0
core,0.5,four_exp,0.0,noise-free,all,one_pilot,30,870,0,0.9402298850574713,0.8655172413793103,0.0,0.9379310344827586,0.0014595244993204,0.00872475307427105,0.0806271522863577,0.16728547794775797,pade_34,0.3333333333333333,8,0.059770114942528735,0.0
core,0.5,four_exp,0.0,noise-free,all,many_pilots,30,30,0,1.0,1.0,0.0,1.0,0.00106707742344375,0.00872475307427105,0.0806271522863577,0.12230460142894853,pade_34,1.0,1,0.0,0.0
core,0.5,four_exp,0.001,sigma=0.001,lead,one_pilot,30,870,0,0.9942528735632183,0.5011494252873563,0.03333333333333333,0.9482758620689655,0.0086095716846164,0.0088295859622417,0.08069201505714685,0.9722902566877087,richardson_2,0.4,9,0.01839080459770115,0.0
core,0.5,four_exp,0.001,sigma=0.001,lead,many_pilots,30,30,0,1.0,0.7333333333333333,0.0,1.0,0.0055564714471795,0.0088295859622417,0.08069201505714685,0.6519235097953611,richardson_2,0.9333333333333333,2,0.0,0.0
core,0.5,four_exp,0.001,sigma=0.001,named,one_pilot,30,870,0,1.0,0.0,1.0,1.0,0.0088295859622417,0.0088295859622417,0.08069201505714685,1.0,rational_fit,1.0,1,0.0,0.0
core,0.5,four_exp,0.001,sigma=0.001,named,many_pilots,30,30,0,1.0,0.0,1.0,1.0,0.0088295859622417,0.0088295859622417,0.08069201505714685,1.0,rational_fit,1.0,1,0.0,0.0
core,0.5,four_exp,0.001,sigma=0.001,classical,one_pilot,30,870,0,0.9954022988505747,0.0022988505747126436,0.0,0.3528735632183908,0.0828569613309196,0.0088295859622417,0.08069201505714685,9.18800556631311,wynn_rho_2,0.23333333333333334,11,0.005747126436781609,0.0
core,0.5,four_exp,0.001,sigma=0.001,classical,many_pilots,30,30,0,1.0,0.0,0.0,0.4,0.08222846413111845,0.0088295859622417,0.08069201505714685,9.133755229616362,brezinski_theta1,0.8333333333333334,2,0.0,0.0
core,0.5,four_exp,0.001,sigma=0.001,all,one_pilot,30,870,0,0.9942528735632183,0.5839080459770115,0.0,0.9712643678160919,0.0075782189119563,0.0088295859622417,0.08069201505714685,0.8798318486211076,richardson_2,0.4,8,0.011494252873563218,0.0
core,0.5,four_exp,0.001,sigma=0.001,all,many_pilots,30,30,0,1.0,0.7333333333333333,0.0,1.0,0.0055564714471795,0.0088295859622417,0.08069201505714685,0.6519235097953611,richardson_2,0.9333333333333333,2,0.0,0.0
core,0.5,four_exp,0.005,sigma=0.005,lead,one_pilot,30,870,0,1.0,0.3333333333333333,0.2,0.9804597701149426,0.0105845407052601,0.009877547751260402,0.07905512445617036,1.0,rational_fit,0.2,9,0.0,0.0
core,0.5,four_exp,0.005,sigma=0.005,lead,many_pilots,30,30,0,1.0,0.6,0.0,1.0,0.008614717254303749,0.009877547751260402,0.07905512445617036,0.9035420014680717,richardson_2,0.5,2,0.0,0.0
core,0.5,four_exp,0.005,sigma=0.005,named,one_pilot,30,870,0,1.0,0.0,0.9666666666666667,1.0,0.0101966423044913,0.009877547751260402,0.07905512445617036,1.0,rational_fit,0.9666666666666667,2,0.0,0.0
core,0.5,four_exp,0.005,sigma=0.005,named,many_pilots,30,30,0,1.0,0.0,1.0,1.0,0.009877547751260402,0.009877547751260402,0.07905512445617036,1.0,rational_fit,1.0,1,0.0,0.0
core,0.5,four_exp,0.005,sigma=0.005,classical,one_pilot,30,870,0,1.0,0.0,0.0,0.3689655172413793,0.08183407883296505,0.009877547751260402,0.07905512445617036,8.548965179041067,brezinski_theta1,0.3333333333333333,9,0.0022988505747126436,0.0
core,0.5,four_exp,0.005,sigma=0.005,classical,many_pilots,30,30,0,1.0,0.0,0.0,0.5666666666666667,0.07704928081364465,0.009877547751260402,0.07905512445617036,8.272575456259682,brezinski_theta1,1.0,1,0.0,0.0
core,0.5,four_exp,0.005,sigma=0.005,all,one_pilot,30,870,0,1.0,0.31724137931034485,0.2,0.9666666666666667,0.0109444766180058,0.009877547751260402,0.07905512445617036,1.0,rational_fit,0.2,10,0.0011494252873563218,0.0
core,0.5,four_exp,0.005,sigma=0.005,all,many_pilots,30,30,0,1.0,0.6,0.0,1.0,0.008614717254303749,0.009877547751260402,0.07905512445617036,0.9035420014680717,richardson_2,0.5,2,0.0,0.0
core,0.5,power_law,0.0,noise-free,lead,one_pilot,30,870,0,1.0,1.0,0.0,1.0,1.6191825355470202e-06,0.00161971893736135,0.0170132897288756,0.000999668893311792,richardson_2,0.5333333333333333,2,0.0,0.0
core,0.5,power_law,0.0,noise-free,lead,many_pilots,30,30,0,1.0,1.0,0.0,1.0,1.613182113979414e-06,0.00161971893736135,0.0170132897288756,0.0009959621823468134,richardson_2,1.0,1,0.0,0.0
core,0.5,power_law,0.0,noise-free,named,one_pilot,30,870,0,1.0,0.0,1.0,1.0,0.00161971893736135,0.00161971893736135,0.0170132897288756,1.0,rational_fit,1.0,1,0.0,0.0
core,0.5,power_law,0.0,noise-free,named,many_pilots,30,30,0,1.0,0.0,1.0,1.0,0.00161971893736135,0.00161971893736135,0.0170132897288756,1.0,rational_fit,1.0,1,0.0,0.0
core,0.5,power_law,0.0,noise-free,classical,one_pilot,30,870,0,1.0,0.0,0.0,1.0,0.0019518796738368,0.00161971893736135,0.0170132897288756,1.2050730935033465,wynn_eps_2,1.0,1,0.0,0.0
core,0.5,power_law,0.0,noise-free,classical,many_pilots,30,30,0,1.0,0.0,0.0,1.0,0.0019518796738368,0.00161971893736135,0.0170132897288756,1.2050730935033465,wynn_eps_2,1.0,1,0.0,0.0
core,0.5,power_law,0.0,noise-free,all,one_pilot,30,870,0,1.0,1.0,0.0,1.0,1.6191825355470202e-06,0.00161971893736135,0.0170132897288756,0.000999668893311792,richardson_2,0.5333333333333333,2,0.0,0.0
core,0.5,power_law,0.0,noise-free,all,many_pilots,30,30,0,1.0,1.0,0.0,1.0,1.613182113979414e-06,0.00161971893736135,0.0170132897288756,0.0009959621823468134,richardson_2,1.0,1,0.0,0.0
core,0.5,power_law,0.001,sigma=0.001,lead,one_pilot,30,870,0,1.0,0.5712643678160919,0.13333333333333333,1.0,0.0010903807843965,0.00185661491396325,0.017078152499664802,0.7676498284446893,richardson_1,0.3333333333333333,5,0.0,0.0
core,0.5,power_law,0.001,sigma=0.001,lead,many_pilots,30,30,0,1.0,0.7333333333333333,0.0,1.0,0.000934952540193,0.00185661491396325,0.017078152499664802,0.47721363841654585,richardson_1,1.0,1,0.0,0.0
core,0.5,power_law,0.001,sigma=0.001,named,one_pilot,30,870,0,1.0,0.0,1.0,1.0,0.00185661491396325,0.00185661491396325,0.017078152499664802,1.0,rational_fit,1.0,1,0.0,0.0
core,0.5,power_law,0.001,sigma=0.001,named,many_pilots,30,30,0,1.0,0.0,1.0,1.0,0.00185661491396325,0.00185661491396325,0.017078152499664802,1.0,rational_fit,1.0,1,0.0,0.0
core,0.5,power_law,0.001,sigma=0.001,classical,one_pilot,30,870,0,1.0,0.0,0.0,0.40344827586206894,0.01796028447259735,0.00185661491396325,0.017078152499664802,9.567769255556602,brezinski_theta2,0.3,9,0.006896551724137931,0.0
core,0.5,power_law,0.001,sigma=0.001,classical,many_pilots,30,30,0,1.0,0.0,0.0,0.5333333333333333,0.017468713706943,0.00185661491396325,0.017078152499664802,9.057361622862725,brezinski_theta1,0.5,2,0.0,0.0
core,0.5,power_law,0.001,sigma=0.001,all,one_pilot,30,870,0,1.0,0.49885057471264366,0.13333333333333333,1.0,0.0013177589658768,0.00185661491396325,0.017078152499664802,1.0,pade_22,0.26666666666666666,7,0.0,0.0
core,0.5,power_law,0.001,sigma=0.001,all,many_pilots,30,30,0,1.0,0.7333333333333333,0.0,1.0,0.000934952540193,0.00185661491396325,0.017078152499664802,0.47721363841654585,richardson_1,1.0,1,0.0,0.0
core,0.5,power_law,0.005,sigma=0.005,lead,one_pilot,30,870,0,0.996551724137931,0.27816091954022987,0.3,0.9206896551724137,0.0046003572450899,0.0034414518166131,0.015441261898688299,1.0,richardson_1,0.3,8,0.021839080459770115,0.0
core,0.5,power_law,0.005,sigma=0.005,lead,many_pilots,30,30,0,1.0,0.0,1.0,1.0,0.0034414518166131,0.0034414518166131,0.015441261898688299,1.0,rational_fit,1.0,1,0.0,0.0
core,0.5,power_law,0.005,sigma=0.005,named,one_pilot,30,870,0,1.0,0.022988505747126436,0.8333333333333334,0.9712643678160919,0.0036096857559833,0.0034414518166131,0.015441261898688299,1.0,rational_fit,0.8333333333333334,2,0.0,0.0
core,0.5,power_law,0.005,sigma=0.005,named,many_pilots,30,30,0,1.0,0.0,1.0,1.0,0.0034414518166131,0.0034414518166131,0.015441261898688299,1.0,rational_fit,1.0,1,0.0,0.0
core,0.5,power_law,0.005,sigma=0.005,classical,one_pilot,30,870,0,1.0,0.06206896551724138,0.0,0.35977011494252875,0.017175436250639,0.0034414518166131,0.015441261898688299,4.668795411282917,brezinski_theta1,0.2,10,0.021839080459770115,0.0
core,0.5,power_law,0.005,sigma=0.005,classical,many_pilots,30,30,0,1.0,0.2,0.0,0.5333333333333333,0.013180897364443549,0.0034414518166131,0.015441261898688299,3.7900448423828426,brezinski_theta1,1.0,1,0.0,0.0
core,0.5,power_law,0.005,sigma=0.005,all,one_pilot,30,870,0,0.996551724137931,0.2850574712643678,0.1,0.8425287356321839,0.0056542835737298,0.0034414518166131,0.015441261898688299,1.3189955343513637,richardson_1,0.16666666666666666,15,0.022988505747126436,0.0
core,0.5,power_law,0.005,sigma=0.005,all,many_pilots,30,30,0,1.0,0.0,1.0,1.0,0.0034414518166131,0.0034414518166131,0.015441261898688299,1.0,rational_fit,1.0,1,0.0,0.0
core,0.5,rational_decay,0.0,noise-free,lead,one_pilot,30,870,0,1.0,0.35172413793103446,0.4,1.0,8.396061623727746e-14,3.2746722000709383e-13,0.0869565217391304,0.07650188140651357,pade_22,0.6,2,0.0,0.0
core,0.5,rational_decay,0.0,noise-free,lead,many_pilots,30,30,0,1.0,0.6,0.0,1.0,8.266998197115072e-14,3.2746722000709383e-13,0.0869565217391304,0.019061734121063982,pade_22,1.0,1,0.0,0.0
core,0.5,rational_decay,0.0,noise-free,named,one_pilot,30,870,0,1.0,0.0,1.0,1.0,3.2746722000709383e-13,3.2746722000709383e-13,0.0869565217391304,1.0,rational_fit,1.0,1,0.0,0.0
core,0.5,rational_decay,0.0,noise-free,named,many_pilots,30,30,0,1.0,0.0,1.0,1.0,3.2746722000709383e-13,3.2746722000709383e-13,0.0869565217391304,1.0,rational_fit,1.0,1,0.0,0.0
core,0.5,rational_decay,0.0,noise-free,classical,one_pilot,30,870,0,1.0,0.0,0.0,1.0,0.0007627765067029,3.2746722000709383e-13,0.0869565217391304,175096920.91756293,shanks_1,0.5,3,0.0,0.0
core,0.5,rational_decay,0.0,noise-free,classical,many_pilots,30,30,0,1.0,0.0,0.0,1.0,0.0007627765066681,3.2746722000709383e-13,0.0869565217391304,175096920.8963826,shanks_1,1.0,1,0.0,0.0
core,0.5,rational_decay,0.0,noise-free,all,one_pilot,30,870,0,1.0,0.5816091954022988,0.23333333333333334,1.0,1.1934897514720433e-15,3.2746722000709383e-13,0.0869565217391304,0.0008057067620413859,pade_11,0.7666666666666667,2,0.0,0.0
core,0.5,rational_decay,0.0,noise-free,all,many_pilots,30,30,0,1.0,0.7666666666666667,0.0,1.0,1.1518563880486e-15,3.2746722000709383e-13,0.0869565217391304,0.00026098457633693523,pade_11,1.0,1,0.0,0.0
core,0.5,rational_decay,0.001,sigma=0.001,lead,one_pilot,30,870,0,1.0,0.15057471264367817,0.5,0.9908045977011494,0.00095717615195275,0.0007838971197122,0.0870213845099196,1.0,rational_fit,0.5,5,0.0022988505747126436,0.0
core,0.5,rational_decay,0.001,sigma=0.001,lead,many_pilots,30,30,0,1.0,0.0,1.0,1.0,0.0007838971197122,0.0007838971197122,0.0870213845099196,1.0,rational_fit,1.0,1,0.0,0.0
core,0.5,rational_decay,0.001,sigma=0.001,named,one_pilot,30,870,0,1.0,0.0,1.0,1.0,0.0007838971197122,0.0007838971197122,0.0870213845099196,1.0,rational_fit,1.0,1,0.0,0.0
core,0.5,rational_decay,0.001,sigma=0.001,named,many_pilots,30,30,0,1.0,0.0,1.0,1.0,0.0007838971197122,0.0007838971197122,0.0870213845099196,1.0,rational_fit,1.0,1,0.0,0.0
core,0.5,rational_decay,0.001,sigma=0.001,classical,one_pilot,30,870,0,1.0,0.0,0.0,0.3563218390804598,0.0901255971730934,0.0007838971197122,0.0870213845099196,117.02302839270517,wynn_rho_2,0.26666666666666666,10,0.010344827586206896,0.0
core,0.5,rational_decay,0.001,sigma=0.001,classical,many_pilots,30,30,0,1.0,0.0,0.0,0.5333333333333333,0.0858268003335872,0.0007838971197122,0.0870213845099196,112.82641758293727,wynn_rho_2,1.0,1,0.0,0.0
core,0.5,rational_decay,0.001,sigma=0.001,all,one_pilot,30,870,0,1.0,0.2045977011494253,0.4,0.9793103448275862,0.0008504503127057,0.0007838971197122,0.0870213845099196,1.0,rational_fit,0.4,8,0.0022988505747126436,0.0
core,0.5,rational_decay,0.001,sigma=0.001,all,many_pilots,30,30,0,1.0,0.5,0.0,1.0,0.00067829315881685,0.0007838971197122,0.0870213845099196,1.051127009235596,richardson_a05,1.0,1,0.0,0.0
core,0.5,rational_decay,0.005,sigma=0.005,lead,one_pilot,30,870,0,1.0,0.10919540229885058,0.36666666666666664,0.9689655172413794,0.0084963881640597,0.00425360171088015,0.08538449390894304,1.2685370138906291,rational_fit,0.36666666666666664,7,0.0,0.0
core,0.5,rational_decay,0.005,sigma=0.005,lead,many_pilots,30,30,0,1.0,0.0,1.0,1.0,0.00425360171088015,0.00425360171088015,0.08538449390894304,1.0,rational_fit,1.0,1,0.0,0.0
core,0.5,rational_decay,0.005,sigma=0.005,named,one_pilot,30,870,0,1.0,0.0,1.0,1.0,0.00425360171088015,0.00425360171088015,0.08538449390894304,1.0,rational_fit,1.0,1,0.0,0.0
core,0.5,rational_decay,0.005,sigma=0.005,named,many_pilots,30,30,0,1.0,0.0,1.0,1.0,0.00425360171088015,0.00425360171088015,0.08538449390894304,1.0,rational_fit,1.0,1,0.0,0.0
core,0.5,rational_decay,0.005,sigma=0.005,classical,one_pilot,30,870,0,1.0,0.0,0.0,0.35517241379310344,0.08905263524613535,0.00425360171088015,0.08538449390894304,20.0796240781469,brezinski_theta1,0.3333333333333333,8,0.006896551724137931,0.0
core,0.5,rational_decay,0.005,sigma=0.005,classical,many_pilots,30,30,0,1.0,0.0,0.0,0.5666666666666667,0.08327685422111715,0.00425360171088015,0.08538449390894304,19.122127486948454,brezinski_theta1,1.0,1,0.0,0.0
core,0.5,rational_decay,0.005,sigma=0.005,all,one_pilot,30,870,0,1.0,0.5103448275862069,0.06666666666666667,0.9689655172413794,0.0028585312797876,0.00425360171088015,0.08538449390894304,0.9972884272374934,richardson_a05,0.5333333333333333,9,0.0,0.0
core,0.5,rational_decay,0.005,sigma=0.005,all,many_pilots,30,30,0,1.0,0.8333333333333334,0.0,1.0,0.0015809865596833,0.00425360171088015,0.08538449390894304,0.5030794449927758,richardson_a05,1.0,1,0.0,0.0
core,0.5,mixed_pow_rat,0.0,noise-free,lead,one_pilot,30,870,0,1.0,1.0,0.0,1.0,3.744803142189529e-05,0.00380116333302285,0.07468317370517,0.00985172789369338,pade_33,1.0,1,0.0,0.0
core,0.5,mixed_pow_rat,0.0,noise-free,lead,many_pilots,30,30,0,1.0,1.0,0.0,1.0,3.744803142189529e-05,0.00380116333302285,0.07468317370517,0.00985172789369338,pade_33,1.0,1,0.0,0.0
core,0.5,mixed_pow_rat,0.0,noise-free,named,one_pilot,30,870,0,1.0,0.0,1.0,1.0,0.00380116333302285,0.00380116333302285,0.07468317370517,1.0,rational_fit,1.0,1,0.0,0.0
core,0.5,mixed_pow_rat,0.0,noise-free,named,many_pilots,30,30,0,1.0,0.0,1.0,1.0,0.00380116333302285,0.00380116333302285,0.07468317370517,1.0,rational_fit,1.0,1,0.0,0.0
core,0.5,mixed_pow_rat,0.0,noise-free,classical,one_pilot,30,870,0,1.0,0.0,0.0,1.0,0.0069179226944626,0.00380116333302285,0.07468317370517,1.8199488126076178,brezinski_theta1,1.0,1,0.0,0.0
core,0.5,mixed_pow_rat,0.0,noise-free,classical,many_pilots,30,30,0,1.0,0.0,0.0,1.0,0.0069179226944626,0.00380116333302285,0.07468317370517,1.8199488126076178,brezinski_theta1,1.0,1,0.0,0.0
core,0.5,mixed_pow_rat,0.0,noise-free,all,one_pilot,30,870,0,1.0,1.0,0.0,1.0,3.744803142189529e-05,0.00380116333302285,0.07468317370517,0.00985172789369338,pade_33,1.0,1,0.0,0.0
core,0.5,mixed_pow_rat,0.0,noise-free,all,many_pilots,30,30,0,1.0,1.0,0.0,1.0,3.744803142189529e-05,0.00380116333302285,0.07468317370517,0.00985172789369338,pade_33,1.0,1,0.0,0.0
core,0.5,mixed_pow_rat,0.001,sigma=0.001,lead,one_pilot,30,870,0,1.0,0.3701149425287356,0.13333333333333333,1.0,0.00458539138661335,0.0039118604231179,0.0747480364759591,1.0,pade_33,0.3333333333333333,8,0.0,0.0
core,0.5,mixed_pow_rat,0.001,sigma=0.001,lead,many_pilots,30,30,0,1.0,0.6,0.0,1.0,0.00308812682259775,0.0039118604231179,0.0747480364759591,0.8921632598658635,pade_22,1.0,1,0.0,0.0
core,0.5,mixed_pow_rat,0.001,sigma=0.001,named,one_pilot,30,870,0,1.0,0.0,1.0,1.0,0.0039118604231179,0.0039118604231179,0.0747480364759591,1.0,rational_fit,1.0,1,0.0,0.0
core,0.5,mixed_pow_rat,0.001,sigma=0.001,named,many_pilots,30,30,0,1.0,0.0,1.0,1.0,0.0039118604231179,0.0039118604231179,0.0747480364759591,1.0,rational_fit,1.0,1,0.0,0.0
core,0.5,mixed_pow_rat,0.001,sigma=0.001,classical,one_pilot,30,870,0,0.9954022988505747,0.0,0.0,0.3505747126436782,0.0767071650868218,0.0039118604231179,0.0747480364759591,19.705443394100463,wynn_rho_2,0.2,11,0.004597701149425287,0.0
core,0.5,mixed_pow_rat,0.001,sigma=0.001,classical,many_pilots,30,30,0,1.0,0.0,0.0,0.5666666666666667,0.07511409983763725,0.0039118604231179,0.0747480364759591,18.88244262771589,brezinski_theta1,1.0,1,0.0,0.0
core,0.5,mixed_pow_rat,0.001,sigma=0.001,all,one_pilot,30,870,0,1.0,0.639080459770115,0.03333333333333333,1.0,0.0034956648570467,0.0039118604231179,0.0747480364759591,0.7969642380008011,pade_11,0.43333333333333335,9,0.0,0.0
core,0.5,mixed_pow_rat,0.001,sigma=0.001,all,many_pilots,30,30,0,1.0,0.9666666666666667,0.0,1.0,0.00183991035951905,0.0039118604231179,0.0747480364759591,0.5485257935026824,pade_11,1.0,1,0.0,0.0
core,0.5,mixed_pow_rat,0.005,sigma=0.005,lead,one_pilot,30,870,0,1.0,0.3022988505747126,0.16666666666666666,0.9701149425287356,0.0093878745338276,0.00627700069989545,0.0731111458749826,1.032955952155826,richardson_2,0.2,10,0.0,0.0
core,0.5,mixed_pow_rat,0.005,sigma=0.005,lead,many_pilots,30,30,0,1.0,0.16666666666666666,0.5,1.0,0.00901375405982495,0.00627700069989545,0.0731111458749826,1.0,richardson_3,0.5,2,0.0,0.0
core,0.5,mixed_pow_rat,0.005,sigma=0.005,named,one_pilot,30,870,0,1.0,0.006896551724137931,0.9,1.0,0.0069239966637232,0.00627700069989545,0.0731111458749826,1.0,rational_fit,0.9,2,0.0,0.0
core,0.5,mixed_pow_rat,0.005,sigma=0.005,named,many_pilots,30,30,0,1.0,0.0,1.0,1.0,0.00627700069989545,0.00627700069989545,0.0731111458749826,1.0,rational_fit,1.0,1,0.0,0.0
core,0.5,mixed_pow_rat,0.005,sigma=0.005,classical,one_pilot,30,870,0,1.0,0.0,0.0,0.38275862068965516,0.07574660894771085,0.00627700069989545,0.0731111458749826,12.427158292612491,brezinski_theta1,0.3333333333333333,9,0.0022988505747126436,0.0
core,0.5,mixed_pow_rat,0.005,sigma=0.005,classical,many_pilots,30,30,0,1.0,0.0,0.0,0.5666666666666667,0.07114144797168355,0.00627700069989545,0.0731111458749826,10.694798457283577,brezinski_theta1,1.0,1,0.0,0.0
core,0.5,mixed_pow_rat,0.005,sigma=0.005,all,one_pilot,30,870,0,1.0,0.28620689655172415,0.13333333333333333,0.9448275862068966,0.010136693298397101,0.00627700069989545,0.0731111458749826,1.2763347945127161,richardson_2,0.16666666666666666,12,0.004597701149425287,0.0
core,0.5,mixed_pow_rat,0.005,sigma=0.005,all,many_pilots,30,30,0,1.0,0.16666666666666666,0.5,1.0,0.00901375405982495,0.00627700069989545,0.0731111458749826,1.0,richardson_3,0.5,2,0.0,0.0
core,0.5,multiphase,0.0,noise-free,lead,one_pilot,30,870,0,1.0,1.0,0.0,1.0,0.0070179618250603495,0.048110510282870694,0.0995863911784263,0.14587169799748098,log_linear,0.5,2,0.0,0.0
core,0.5,multiphase,0.0,noise-free,lead,many_pilots,30,30,0,1.0,1.0,0.0,1.0,0.0071425012212424505,0.048110510282870694,0.0995863911784263,0.14846030911620733,log_linear,0.5,2,0.0,0.0
core,0.5,multiphase,0.0,noise-free,named,one_pilot,30,870,0,1.0,0.0,1.0,1.0,0.048110510282870694,0.048110510282870694,0.0995863911784263,1.0,rational_fit,1.0,1,0.0,0.0
core,0.5,multiphase,0.0,noise-free,named,many_pilots,30,30,0,1.0,0.0,1.0,1.0,0.048110510282870694,0.048110510282870694,0.0995863911784263,1.0,rational_fit,1.0,1,0.0,0.0
core,0.5,multiphase,0.0,noise-free,classical,one_pilot,30,870,0,1.0,1.0,0.0,1.0,0.00673804475820045,0.048110510282870694,0.0995863911784263,0.1400534876664064,levin_u1,1.0,1,0.0,0.0
core,0.5,multiphase,0.0,noise-free,classical,many_pilots,30,30,0,1.0,1.0,0.0,1.0,0.00673804475820045,0.048110510282870694,0.0995863911784263,0.1400534876664064,levin_u1,1.0,1,0.0,0.0
core,0.5,multiphase,0.0,noise-free,all,one_pilot,30,870,0,1.0,0.9379310344827586,0.0,1.0,0.0067380447588601,0.048110510282870694,0.0995863911784263,0.14005348782800706,log_linear,0.4666666666666667,3,0.0,0.0
core,0.5,multiphase,0.0,noise-free,all,many_pilots,30,30,0,1.0,1.0,0.0,1.0,0.00673804475820045,0.048110510282870694,0.0995863911784263,0.1400534876664064,levin_u1,1.0,1,0.0,0.0
core,0.5,multiphase,0.001,sigma=0.001,lead,one_pilot,30,870,0,1.0,1.0,0.0,1.0,0.0068213351678147495,0.0482089270689945,0.09965125394921551,0.14107471785723502,log_linear,1.0,1,0.0,0.0
core,0.5,multiphase,0.001,sigma=0.001,lead,many_pilots,30,30,0,1.0,1.0,0.0,1.0,0.0068213351678147495,0.0482089270689945,0.09965125394921551,0.14107471785723502,log_linear,1.0,1,0.0,0.0
core,0.5,multiphase,0.001,sigma=0.001,named,one_pilot,30,870,0,1.0,0.0,1.0,1.0,0.0482089270689945,0.0482089270689945,0.09965125394921551,1.0,rational_fit,1.0,1,0.0,0.0
core,0.5,multiphase,0.001,sigma=0.001,named,many_pilots,30,30,0,1.0,0.0,1.0,1.0,0.0482089270689945,0.0482089270689945,0.09965125394921551,1.0,rational_fit,1.0,1,0.0,0.0
core,0.5,multiphase,0.001,sigma=0.001,classical,one_pilot,30,870,0,1.0,0.013793103448275862,0.0,0.35977011494252875,0.10100059243646314,0.0482089270689945,0.09965125394921551,2.089142674252121,brezinski_theta1,0.26666666666666666,9,0.006896551724137931,0.0
core,0.5,multiphase,0.001,sigma=0.001,classical,many_pilots,30,30,0,1.0,0.0,0.0,0.43333333333333335,0.0999409738501855,0.0482089270689945,0.09965125394921551,2.0769213117657888,anderson_3,1.0,1,0.0,0.0
core,0.5,multiphase,0.001,sigma=0.001,all,one_pilot,30,870,0,1.0,0.9586206896551724,0.0,1.0,0.0101481882399918,0.0482089270689945,0.09965125394921551,0.20906180013212888,log_linear,0.5666666666666667,3,0.0,0.0
core,0.5,multiphase,0.001,sigma=0.001,all,many_pilots,30,30,0,1.0,1.0,0.0,1.0,0.0068213351678147495,0.0482089270689945,0.09965125394921551,0.14107471785723502,log_linear,1.0,1,0.0,0.0
core,0.5,multiphase,0.005,sigma=0.005,lead,one_pilot,30,870,0,1.0,0.8770114942528736,0.0,1.0,0.0123376837839856,0.047519157199710546,0.09801436334823896,0.26049740923068065,log_linear,0.8,5,0.0,0.0
core,0.5,multiphase,0.005,sigma=0.005,lead,many_pilots,30,30,0,1.0,0.9666666666666667,0.0,1.0,0.00756248535045765,0.047519157199710546,0.09801436334823896,0.16434575614722952,log_linear,1.0,1,0.0,0.0
core,0.5,multiphase,0.005,sigma=0.005,named,one_pilot,30,870,0,1.0,0.0,1.0,1.0,0.047519157199710546,0.047519157199710546,0.09801436334823896,1.0,rational_fit,1.0,1,0.0,0.0
core,0.5,multiphase,0.005,sigma=0.005,named,many_pilots,30,30,0,1.0,0.0,1.0,1.0,0.047519157199710546,0.047519157199710546,0.09801436334823896,1.0,rational_fit,1.0,1,0.0,0.0
core,0.5,multiphase,0.005,sigma=0.005,classical,one_pilot,30,870,0,1.0,0.0022988505747126436,0.0,0.41724137931034483,0.09991578363840685,0.047519157199710546,0.09801436334823896,2.100267143320017,brezinski_theta1,0.3,11,0.0,0.0
core,0.5,multiphase,0.005,sigma=0.005,classical,many_pilots,30,30,0,1.0,0.0,0.0,0.5666666666666667,0.0954073949683528,0.047519157199710546,0.09801436334823896,2.0112025829855336,brezinski_theta1,1.0,1,0.0,0.0
core,0.5,multiphase,0.005,sigma=0.005,all,one_pilot,30,870,0,1.0,0.8701149425287357,0.0,0.9816091954022989,0.0114735378788072,0.047519157199710546,0.09801436334823896,0.23978865653159193,log_linear,0.36666666666666664,6,0.0,0.0
core,0.5,multiphase,0.005,sigma=0.005,all,many_pilots,30,30,0,1.0,0.9666666666666667,0.0,1.0,0.00756248535045765,0.047519157199710546,0.09801436334823896,0.16434575614722952,log_linear,1.0,1,0.0,0.0
core,0.5,osc_exp,0.0,noise-free,lead,one_pilot,30,870,0,1.0,0.9379310344827586,0.0,0.8367816091954023,0.003849262024041,0.0158357758793693,0.0269721613150269,0.34587117981163257,richardson_3,0.43333333333333335,5,0.008045977011494253,0.0
core,0.5,osc_exp,0.0,noise-free,lead,many_pilots,30,30,0,1.0,0.9666666666666667,0.0,0.7,0.0049200409329557,0.0158357758793693,0.0269721613150269,0.5121956283136104,richardson_3,0.5,2,0.0,0.0
core,0.5,osc_exp,0.0,noise-free,named,one_pilot,30,870,0,1.0,0.1793103448275862,0.5666666666666667,0.7459770114942529,0.0207613127242153,0.0158357758793693,0.0269721613150269,1.0,rational_fit,0.5666666666666667,2,0.0,0.0
core,0.5,osc_exp,0.0,noise-free,named,many_pilots,30,30,0,1.0,0.0,1.0,0.5666666666666667,0.0158357758793693,0.0158357758793693,0.0269721613150269,1.0,rational_fit,1.0,1,0.0,0.0
core,0.5,osc_exp,0.0,noise-free,classical,one_pilot,30,870,0,1.0,0.43333333333333335,0.0,1.0,0.024731274785074,0.0158357758793693,0.0269721613150269,1.6475584718764382,wynn_eps_3,1.0,1,0.0,0.0
core,0.5,osc_exp,0.0,noise-free,classical,many_pilots,30,30,0,1.0,0.43333333333333335,0.0,1.0,0.024731274785074,0.0158357758793693,0.0269721613150269,1.6475584718764382,wynn_eps_3,1.0,1,0.0,0.0
core,0.5,osc_exp,0.0,noise-free,all,one_pilot,30,870,0,1.0,0.9379310344827586,0.0,0.8367816091954023,0.001726740717673,0.0158357758793693,0.0269721613150269,0.20642255720647182,richardson_3,0.43333333333333335,5,0.008045977011494253,0.0
core,0.5,osc_exp,0.0,noise-free,all,many_pilots,30,30,0,1.0,0.9666666666666667,0.0,0.7,0.0038587802797715003,0.0158357758793693,0.0269721613150269,0.3269406754184494,richardson_3,0.5,2,0.0,0.0
core,0.5,osc_exp,0.001,sigma=0.001,lead,one_pilot,30,870,0,1.0,0.9137931034482759,0.0,0.8517241379310345,0.0039028466799652,0.01589383755215635,0.02703702408581605,0.3463943952479743,pade_33,0.4,6,0.008045977011494253,0.0
core,0.5,osc_exp,0.001,sigma=0.001,lead,many_pilots,30,30,0,1.0,0.9666666666666667,0.0,0.7333333333333333,0.0053617904569406,0.01589383755215635,0.02703702408581605,0.5676395616444359,richardson_3,0.5,2,0.0,0.0
core,0.5,osc_exp,0.001,sigma=0.001,named,one_pilot,30,870,0,1.0,0.1793103448275862,0.5666666666666667,0.7459770114942529,0.02079093370374345,0.01589383755215635,0.02703702408581605,1.0,rational_fit,0.5666666666666667,2,0.0,0.0
core,0.5,osc_exp,0.001,sigma=0.001,named,many_pilots,30,30,0,1.0,0.0,1.0,0.5666666666666667,0.01589383755215635,0.01589383755215635,0.02703702408581605,1.0,rational_fit,1.0,1,0.0,0.0
core,0.5,osc_exp,0.001,sigma=0.001,classical,one_pilot,30,870,0,1.0,0.43103448275862066,0.0,0.4206896551724138,0.0276993894262226,0.01589383755215635,0.02703702408581605,1.7851266193172313,brezinski_theta2,0.3333333333333333,8,0.0,0.0
core,0.5,osc_exp,0.001,sigma=0.001,classical,many_pilots,30,30,0,1.0,0.43333333333333335,0.0,0.5,0.0272683305893083,0.01589383755215635,0.02703702408581605,1.823023819723128,anderson_3,0.9333333333333333,2,0.0,0.0
core,0.5,osc_exp,0.001,sigma=0.001,all,one_pilot,30,870,0,1.0,0.9275862068965517,0.0,0.8517241379310345,0.0017518820165365,0.01589383755215635,0.02703702408581605,0.19145053106664667,richardson_a10,0.4666666666666667,6,0.008045977011494253,0.0
core,0.5,osc_exp,0.001,sigma=0.001,all,many_pilots,30,30,0,1.0,1.0,0.0,0.7333333333333333,0.00418887466602905,0.01589383755215635,0.02703702408581605,0.3283133702602048,richardson_3,0.5,2,0.0,0.0
core,0.5,osc_exp,0.005,sigma=0.005,lead,one_pilot,30,870,0,1.0,0.896551724137931,0.0,0.9045977011494253,0.0034023008917632,0.015443508269410648,0.0254001334848395,0.17328657658846672,pade_33,0.4666666666666667,7,0.004597701149425287,0.0
core,0.5,osc_exp,0.005,sigma=0.005,lead,many_pilots,30,30,0,1.0,0.9666666666666667,0.0,0.9,0.0029726459030875,0.015443508269410648,0.0254001334848395,0.18948304924036408,pade_33,0.8,2,0.0,0.0
core,0.5,osc_exp,0.005,sigma=0.005,named,one_pilot,30,870,0,1.0,0.1793103448275862,0.5666666666666667,0.7091954022988506,0.0199740297101127,0.015443508269410648,0.0254001334848395,1.0,rational_fit,0.5666666666666667,2,0.0,0.0
core,0.5,osc_exp,0.005,sigma=0.005,named,many_pilots,30,30,0,1.0,0.0,1.0,0.6,0.015443508269410648,0.015443508269410648,0.0254001334848395,1.0,rational_fit,1.0,1,0.0,0.0
core,0.5,osc_exp,0.005,sigma=0.005,classical,one_pilot,30,870,0,1.0,0.4241379310344828,0.0,0.39655172413793105,0.0268691095559195,0.015443508269410648,0.0254001334848395,1.6913960754061144,brezinski_theta1,0.26666666666666666,10,0.01839080459770115,0.0
core,0.5,osc_exp,0.005,sigma=0.005,classical,many_pilots,30,30,0,1.0,0.5,0.0,0.5666666666666667,0.02258895314467525,0.015443508269410648,0.0254001334848395,1.2953080373570258,brezinski_theta1,1.0,1,0.0,0.0
core,0.5,osc_exp,0.005,sigma=0.005,all,one_pilot,30,870,0,1.0,0.9459770114942528,0.0,0.9103448275862069,0.0024191544063023,0.015443508269410648,0.0254001334848395,0.16530124413769293,richardson_a10,0.36666666666666664,6,0.004597701149425287,0.0
core,0.5,osc_exp,0.005,sigma=0.005,all,many_pilots,30,30,0,1.0,0.9666666666666667,0.0,0.9,0.00324987681746345,0.015443508269410648,0.0254001334848395,0.27803097729166937,pade_33,0.5,3,0.0,0.0
core,0.5,damped_osc_pow,0.0,noise-free,lead,one_pilot,30,870,0,1.0,1.0,0.0,1.0,1.699336069208024e-06,0.0030542362981718,0.0278934666684362,0.0005563865684306919,richardson_2,0.6666666666666666,2,0.0,0.0
core,0.5,damped_osc_pow,0.0,noise-free,lead,many_pilots,30,30,0,1.0,1.0,0.0,1.0,1.6964406631715667e-06,0.0030542362981718,0.0278934666684362,0.0005554384871514002,richardson_2,1.0,1,0.0,0.0
core,0.5,damped_osc_pow,0.0,noise-free,named,one_pilot,30,870,0,1.0,0.0,1.0,1.0,0.0030542362981718,0.0030542362981718,0.0278934666684362,1.0,rational_fit,1.0,1,0.0,0.0
core,0.5,damped_osc_pow,0.0,noise-free,named,many_pilots,30,30,0,1.0,0.0,1.0,1.0,0.0030542362981718,0.0030542362981718,0.0278934666684362,1.0,rational_fit,1.0,1,0.0,0.0
core,0.5,damped_osc_pow,0.0,noise-free,classical,one_pilot,30,870,0,1.0,1.0,0.0,1.0,0.0022874924765477,0.0030542362981718,0.0278934666684362,0.7489572695974865,wynn_eps_2,1.0,1,0.0,0.0
core,0.5,damped_osc_pow,0.0,noise-free,classical,many_pilots,30,30,0,1.0,1.0,0.0,1.0,0.0022874924765477,0.0030542362981718,0.0278934666684362,0.7489572695974865,wynn_eps_2,1.0,1,0.0,0.0
core,0.5,damped_osc_pow,0.0,noise-free,all,one_pilot,30,870,0,1.0,1.0,0.0,1.0,1.699336069208024e-06,0.0030542362981718,0.0278934666684362,0.0005563865684306919,richardson_2,0.6666666666666666,2,0.0,0.0
core,0.5,damped_osc_pow,0.0,noise-free,all,many_pilots,30,30,0,1.0,1.0,0.0,1.0,1.6964406631715667e-06,0.0030542362981718,0.0278934666684362,0.0005554384871514002,richardson_2,1.0,1,0.0,0.0
core,0.5,damped_osc_pow,0.001,sigma=0.001,lead,one_pilot,30,870,0,1.0,0.8206896551724138,0.0,1.0,0.0012034553583809,0.0032612427771534502,0.02795832943922545,0.4159114416166758,richardson_1,0.5666666666666667,4,0.0,0.0
core,0.5,damped_osc_pow,0.001,sigma=0.001,lead,many_pilots,30,30,0,1.0,0.9,0.0,1.0,0.0009301644800346,0.0032612427771534502,0.02795832943922545,0.2622235911285254,richardson_1,1.0,1,0.0,0.0
core,0.5,damped_osc_pow,0.001,sigma=0.001,named,one_pilot,30,870,0,1.0,0.0,1.0,1.0,0.0032612427771534502,0.0032612427771534502,0.02795832943922545,1.0,rational_fit,1.0,1,0.0,0.0
core,0.5,damped_osc_pow,0.001,sigma=0.001,named,many_pilots,30,30,0,1.0,0.0,1.0,1.0,0.0032612427771534502,0.0032612427771534502,0.02795832943922545,1.0,rational_fit,1.0,1,0.0,0.0
core,0.5,damped_osc_pow,0.001,sigma=0.001,classical,one_pilot,30,870,0,0.9954022988505747,0.0,0.0,0.3632183908045977,0.0291208076497825,0.0032612427771534502,0.02795832943922545,8.710804328730955,brezinski_theta1,0.3,11,0.004597701149425287,0.0
core,0.5,damped_osc_pow,0.001,sigma=0.001,classical,many_pilots,30,30,0,1.0,0.0,0.0,0.5,0.028352739216316952,0.0032612427771534502,0.02795832943922545,8.513481811699524,anderson_3,0.9,2,0.0,0.0
core,0.5,damped_osc_pow,0.001,sigma=0.001,all,one_pilot,30,870,0,1.0,0.803448275862069,0.0,1.0,0.0014851233220165,0.0032612427771534502,0.02795832943922545,0.45884657508893395,richardson_1,0.36666666666666664,7,0.0,0.0
core,0.5,damped_osc_pow,0.001,sigma=0.001,all,many_pilots,30,30,0,1.0,0.9,0.0,1.0,0.0009301644800346,0.0032612427771534502,0.02795832943922545,0.2622235911285254,richardson_1,1.0,1,0.0,0.0
core,0.5,damped_osc_pow,0.005,sigma=0.005,lead,one_pilot,30,870,0,1.0,0.30919540229885056,0.3,0.9712643678160919,0.0050773655122826,0.00479680527779755,0.0263214388382489,1.0,richardson_1,0.3333333333333333,7,0.008045977011494253,0.0
core,0.5,damped_osc_pow,0.005,sigma=0.005,lead,many_pilots,30,30,0,1.0,0.5666666666666667,0.0,1.0,0.00393197672614495,0.00479680527779755,0.0263214388382489,0.812638151686596,richardson_1,1.0,1,0.0,0.0
core,0.5,damped_osc_pow,0.005,sigma=0.005,named,one_pilot,30,870,0,1.0,0.006896551724137931,0.9,0.996551724137931,0.0050026840339511,0.00479680527779755,0.0263214388382489,1.0,rational_fit,0.9,2,0.0,0.0
core,0.5,damped_osc_pow,0.005,sigma=0.005,named,many_pilots,30,30,0,1.0,0.0,1.0,1.0,0.00479680527779755,0.00479680527779755,0.0263214388382489,1.0,rational_fit,1.0,1,0.0,0.0
core,0.5,damped_osc_pow,0.005,sigma=0.005,classical,one_pilot,30,870,0,1.0,0.01954022988505747,0.0,0.40229885057471265,0.028041849158964,0.00479680527779755,0.0263214388382489,5.945471713379894,brezinski_theta1,0.26666666666666666,12,0.004597701149425287,0.0
core,0.5,damped_osc_pow,0.005,sigma=0.005,classical,many_pilots,30,30,0,1.0,0.03333333333333333,0.0,0.5666666666666667,0.02357077615921025,0.00479680527779755,0.0263214388382489,4.915009265881272,brezinski_theta1,1.0,1,0.0,0.0
core,0.5,damped_osc_pow,0.005,sigma=0.005,all,one_pilot,30,870,0,1.0,0.3563218390804598,0.16666666666666666,0.9379310344827586,0.0050902378098659,0.00479680527779755,0.0263214388382489,1.0,richardson_a05,0.3,9,0.02413793103448276,0.0
core,0.5,damped_osc_pow,0.005,sigma=0.005,all,many_pilots,30,30,0,1.0,0.5666666666666667,0.0,1.0,0.00393197672614495,0.00479680527779755,0.0263214388382489,0.812638151686596,richardson_1,1.0,1,0.0,0.0
core,0.5,log_slow,0.0,noise-free,lead,one_pilot,30,870,0,1.0,1.0,0.0,1.0,0.0038707788733391,0.04458615268610465,0.0883087313520239,0.08681572274290025,richardson_3,0.5666666666666667,2,0.0,0.0
core,0.5,log_slow,0.0,noise-free,lead,many_pilots,30,30,0,1.0,1.0,0.0,1.0,0.0036169163598083,0.04458615268610465,0.0883087313520239,0.08112196034887866,richardson_3,1.0,1,0.0,0.0
core,0.5,log_slow,0.0,noise-free,named,one_pilot,30,870,0,1.0,0.0,1.0,1.0,0.04458615268610465,0.04458615268610465,0.0883087313520239,1.0,rational_fit,1.0,1,0.0,0.0
core,0.5,log_slow,0.0,noise-free,named,many_pilots,30,30,0,1.0,0.0,1.0,1.0,0.04458615268610465,0.04458615268610465,0.0883087313520239,1.0,rational_fit,1.0,1,0.0,0.0
core,0.5,log_slow,0.0,noise-free,classical,one_pilot,30,870,0,1.0,1.0,0.0,1.0,0.0055584830485135,0.04458615268610465,0.0883087313520239,0.12466837152251668,levin_u1,1.0,1,0.0,0.0
core,0.5,log_slow,0.0,noise-free,classical,many_pilots,30,30,0,1.0,1.0,0.0,1.0,0.0055584830485135,0.04458615268610465,0.0883087313520239,0.12466837152251668,levin_u1,1.0,1,0.0,0.0
core,0.5,log_slow,0.0,noise-free,all,one_pilot,30,870,0,1.0,1.0,0.0,1.0,6.801510826770496e-09,0.04458615268610465,0.0883087313520239,1.5254760546332085e-07,log_fit,1.0,1,0.0,0.0
core,0.5,log_slow,0.0,noise-free,all,many_pilots,30,30,0,1.0,1.0,0.0,1.0,6.801510826770496e-09,0.04458615268610465,0.0883087313520239,1.5254760546332085e-07,log_fit,1.0,1,0.0,0.0
core,0.5,log_slow,0.001,sigma=0.001,lead,one_pilot,30,870,0,1.0,1.0,0.0,1.0,0.0134572668416196,0.044873214105190004,0.08837359412281309,0.30173343210570275,richardson_1,1.0,1,0.0,0.0
core,0.5,log_slow,0.001,sigma=0.001,lead,many_pilots,30,30,0,1.0,1.0,0.0,1.0,0.0134572668416196,0.044873214105190004,0.08837359412281309,0.30173343210570275,richardson_1,1.0,1,0.0,0.0
core,0.5,log_slow,0.001,sigma=0.001,named,one_pilot,30,870,0,1.0,0.0,1.0,1.0,0.044873214105190004,0.044873214105190004,0.08837359412281309,1.0,rational_fit,1.0,1,0.0,0.0
core,0.5,log_slow,0.001,sigma=0.001,named,many_pilots,30,30,0,1.0,0.0,1.0,1.0,0.044873214105190004,0.044873214105190004,0.08837359412281309,1.0,rational_fit,1.0,1,0.0,0.0
core,0.5,log_slow,0.001,sigma=0.001,classical,one_pilot,30,870,0,1.0,0.01264367816091954,0.0,0.3689655172413793,0.0895742451823151,0.044873214105190004,0.08837359412281309,1.9804377293055724,brezinski_theta1,0.23333333333333334,10,0.006896551724137931,0.0
core,0.5,log_slow,0.001,sigma=0.001,classical,many_pilots,30,30,0,1.0,0.0,0.0,0.4666666666666667,0.08878487396290455,0.044873214105190004,0.08837359412281309,1.964826630817456,anderson_3,0.9,2,0.0,0.0
core,0.5,log_slow,0.001,sigma=0.001,all,one_pilot,30,870,0,1.0,1.0,0.0,1.0,0.0007382849942353,0.044873214105190004,0.08837359412281309,0.01707218372706197,log_fit,0.9666666666666667,2,0.0,0.0
core,0.5,log_slow,0.001,sigma=0.001,all,many_pilots,30,30,0,1.0,1.0,0.0,1.0,0.00071282181343135,0.044873214105190004,0.08837359412281309,0.015714899648440125,log_fit,1.0,1,0.0,0.0
core,0.5,log_slow,0.005,sigma=0.005,lead,one_pilot,30,870,0,0.9793103448275862,0.4574712643678161,0.23333333333333334,0.8724137931034482,0.0361852668625121,0.043763735670880446,0.0867367035218366,1.0,richardson_1,0.36666666666666664,5,0.06206896551724138,0.0
core,0.5,log_slow,0.005,sigma=0.005,lead,many_pilots,30,30,0,1.0,0.7,0.0,1.0,0.02859519258899025,0.043763735670880446,0.0867367035218366,0.6930323285493463,richardson_1,1.0,1,0.0,0.0
core,0.5,log_slow,0.005,sigma=0.005,named,one_pilot,30,870,0,1.0,0.0,1.0,1.0,0.043763735670880446,0.043763735670880446,0.0867367035218366,1.0,rational_fit,1.0,1,0.0,0.0
core,0.5,log_slow,0.005,sigma=0.005,named,many_pilots,30,30,0,1.0,0.0,1.0,1.0,0.043763735670880446,0.043763735670880446,0.0867367035218366,1.0,rational_fit,1.0,1,0.0,0.0
core,0.5,log_slow,0.005,sigma=0.005,classical,one_pilot,30,870,0,1.0,0.004597701149425287,0.0,0.4045977011494253,0.0884929559517383,0.043763735670880446,0.0867367035218366,2.2052848542947876,brezinski_theta1,0.23333333333333334,12,0.0,0.0
core,0.5,log_slow,0.005,sigma=0.005,classical,many_pilots,30,30,0,1.0,0.0,0.0,0.5666666666666667,0.08399993580158036,0.043763735670880446,0.0867367035218366,1.9878617068249327,brezinski_theta1,1.0,1,0.0,0.0
core,0.5,log_slow,0.005,sigma=0.005,all,one_pilot,30,870,0,1.0,0.8195402298850575,0.03333333333333333,0.964367816091954,0.0044934981835312,0.043763735670880446,0.0867367035218366,0.1151035911891274,log_fit,0.8,6,0.0022988505747126436,0.0
core,0.5,log_slow,0.005,sigma=0.005,all,many_pilots,30,30,0,1.0,0.9333333333333333,0.0,1.0,0.0034688564366743,0.043763735670880446,0.0867367035218366,0.08285072419739711,log_fit,1.0,1,0.0,0.0
core,0.5,delayed_plateau,0.0,noise-free,lead,one_pilot,30,870,0,1.0,0.7724137931034483,0.06666666666666667,1.0,0.0028697141940978,0.02830098336613055,0.1228041101697532,0.09306619803931589,pade_34,0.8333333333333334,4,0.0,0.0
core,0.5,delayed_plateau,0.0,noise-free,lead,many_pilots,30,30,0,1.0,0.9,0.0,1.0,0.0025968566954746,0.02830098336613055,0.1228041101697532,0.09127885143009093,pade_34,1.0,1,0.0,0.0
core,0.5,delayed_plateau,0.0,noise-free,named,one_pilot,30,870,0,1.0,0.4827586206896552,0.3,1.0,0.01408686201875955,0.02830098336613055,0.1228041101697532,1.0,single_exp_fit,0.7,2,0.0,0.0
core,0.5,delayed_plateau,0.0,noise-free,named,many_pilots,30,30,0,1.0,0.7,0.0,1.0,0.0140868365598341,0.02830098336613055,0.1228041101697532,0.497824076297654,single_exp_fit,1.0,1,0.0,0.0
core,0.5,delayed_plateau,0.0,noise-free,classical,one_pilot,30,870,0,1.0,0.0,0.0,1.0,0.06587053642175345,0.02830098336613055,0.1228041101697532,2.3278369033918533,levin_v2,1.0,1,0.0,0.0
core,0.5,delayed_plateau,0.0,noise-free,classical,many_pilots,30,30,0,1.0,0.0,0.0,1.0,0.06587053642175345,0.02830098336613055,0.1228041101697532,2.3278369033918533,levin_v2,1.0,1,0.0,0.0
core,0.5,delayed_plateau,0.0,noise-free,all,one_pilot,30,870,0,1.0,0.996551724137931,0.0,1.0,0.0003004441720742,0.02830098336613055,0.1228041101697532,0.010745318093578314,neville_4,0.9666666666666667,2,0.0,0.0
core,0.5,delayed_plateau,0.0,noise-free,all,many_pilots,30,30,0,1.0,1.0,0.0,1.0,0.00030044417131635,0.02830098336613055,0.1228041101697532,0.010617569870725414,neville_4,1.0,1,0.0,0.0
core,0.5,delayed_plateau,0.001,sigma=0.001,lead,one_pilot,30,870,0,0.8988505747126436,0.4540229885057471,0.2,0.8988505747126436,0.0145201891511087,0.0284563483380497,0.12286897294054236,0.9797911916881069,single_exp_fit,0.43333333333333335,5,0.10114942528735632,0.0
core,0.5,delayed_plateau,0.001,sigma=0.001,lead,many_pilots,30,30,0,1.0,0.7666666666666667,0.0,1.0,0.01395752604242265,0.0284563483380497,0.12286897294054236,0.5033065627271904,single_exp_fit,1.0,1,0.0,0.0
core,0.5,delayed_plateau,0.001,sigma=0.001,named,one_pilot,30,870,0,1.0,0.5816091954022988,0.23333333333333334,1.0,0.0145201891511087,0.0284563483380497,0.12286897294054236,0.8974609701362035,single_exp_fit,0.7666666666666667,2,0.0,0.0
core,0.5,delayed_plateau,0.001,sigma=0.001,named,many_pilots,30,30,0,1.0,0.7666666666666667,0.0,1.0,0.01395752604242265,0.0284563483380497,0.12286897294054236,0.5033065627271904,single_exp_fit,1.0,1,0.0,0.0
core,0.5,delayed_plateau,0.001,sigma=0.001,classical,one_pilot,30,870,0,0.9885057471264368,0.035632183908045977,0.0,0.432183908045977,0.12713868274633544,0.0284563483380497,0.12286897294054236,4.809993300747383,wynn_rho_2,0.3333333333333333,10,0.021839080459770115,0.0
core,0.5,delayed_plateau,0.001,sigma=0.001,classical,many_pilots,30,30,0,1.0,0.06666666666666667,0.0,0.5666666666666667,0.11639037192489385,0.0284563483380497,0.12286897294054236,4.56930357240897,wynn_rho_2,1.0,1,0.0,0.0
core,0.5,delayed_plateau,0.001,sigma=0.001,all,one_pilot,30,870,0,0.9114942528735632,0.4425287356321839,0.2,0.896551724137931,0.0147826513327363,0.0284563483380497,0.12286897294054236,1.0,single_exp_fit,0.43333333333333335,6,0.08850574712643679,0.0
core,0.5,delayed_plateau,0.001,sigma=0.001,all,many_pilots,30,30,0,1.0,0.7666666666666667,0.0,1.0,0.01395752604242265,0.0284563483380497,0.12286897294054236,0.5033065627271904,single_exp_fit,1.0,1,0.0,0.0
core,0.5,delayed_plateau,0.005,sigma=0.005,lead,one_pilot,30,870,0,0.9494252873563218,0.4103448275862069,0.26666666666666666,0.9287356321839081,0.0204914373476129,0.0282627049272572,0.1212320823395659,1.0,double_exp_fit,0.36666666666666664,5,0.05057471264367816,0.0
core,0.5,delayed_plateau,0.005,sigma=0.005,lead,many_pilots,30,30,0,1.0,0.7333333333333333,0.0,1.0,0.0168218239585778,0.0282627049272572,0.1212320823395659,0.7263326872103699,single_exp_fit,1.0,1,0.0,0.0
core,0.5,delayed_plateau,0.005,sigma=0.005,named,one_pilot,30,870,0,1.0,0.5310344827586206,0.26666666666666666,1.0,0.0180984646815438,0.0282627049272572,0.1212320823395659,0.8394137427422488,single_exp_fit,0.7333333333333333,2,0.0,0.0
core,0.5,delayed_plateau,0.005,sigma=0.005,named,many_pilots,30,30,0,1.0,0.7333333333333333,0.0,1.0,0.0168218239585778,0.0282627049272572,0.1212320823395659,0.7263326872103699,single_exp_fit,1.0,1,0.0,0.0
core,0.5,delayed_plateau,0.005,sigma=0.005,classical,one_pilot,30,870,0,1.0,0.009195402298850575,0.0,0.3080459770114943,0.1276573998354132,0.0282627049272572,0.1212320823395659,5.091020096404254,brezinski_theta1,0.23333333333333334,7,0.009195402298850575,0.0
core,0.5,delayed_plateau,0.005,sigma=0.005,classical,many_pilots,30,30,0,1.0,0.0,0.0,0.5666666666666667,0.1208504359210204,0.0282627049272572,0.1212320823395659,4.382476623159885,brezinski_theta1,1.0,1,0.0,0.0
core,0.5,delayed_plateau,0.005,sigma=0.005,all,one_pilot,30,870,0,0.9494252873563218,0.364367816091954,0.26666666666666666,0.8988505747126436,0.0224241003237504,0.0282627049272572,0.1212320823395659,1.0,double_exp_fit,0.36666666666666664,7,0.05057471264367816,0.0
core,0.5,delayed_plateau,0.005,sigma=0.005,all,many_pilots,30,30,0,1.0,0.7333333333333333,0.0,1.0,0.0168218239585778,0.0282627049272572,0.1212320823395659,0.7263326872103699,single_exp_fit,1.0,1,0.0,0.0
core,0.5,staircase,0.0,noise-free,lead,one_pilot,30,870,0,1.0,0.9689655172413794,0.0,1.0,0.0142370411215042,0.0787509841840486,0.13,0.17876839518292026,double_exp_fit,0.9666666666666667,2,0.0,0.0
core,0.5,staircase,0.0,noise-free,lead,many_pilots,30,30,0,1.0,1.0,0.0,1.0,0.01338304097745765,0.0787509841840486,0.13,0.1698405140930723,double_exp_fit,1.0,1,0.0,0.0
core,0.5,staircase,0.0,noise-free,named,one_pilot,30,870,0,1.0,0.4827586206896552,0.3,1.0,0.0607524923747044,0.0787509841840486,0.13,1.0,single_exp_fit,0.7,2,0.0,0.0
core,0.5,staircase,0.0,noise-free,named,many_pilots,30,30,0,1.0,0.7,0.0,1.0,0.06075248569560855,0.0787509841840486,0.13,0.7715498442088506,single_exp_fit,1.0,1,0.0,0.0
core,0.5,staircase,0.0,noise-free,classical,one_pilot,30,870,0,1.0,0.0,0.0,0.0,0.2299999000001,0.0787509841840486,0.13,2.9209690537962976,anderson_1,1.0,1,0.0,0.0
core,0.5,staircase,0.0,noise-free,classical,many_pilots,30,30,0,1.0,0.0,0.0,0.0,0.2299999000001,0.0787509841840486,0.13,2.9209690537962976,anderson_1,1.0,1,0.0,0.0
core,0.5,staircase,0.0,noise-free,all,one_pilot,30,870,0,1.0,0.9689655172413794,0.0,1.0,0.0142370411215042,0.0787509841840486,0.13,0.17876839518292026,double_exp_fit,0.9666666666666667,2,0.0,0.0
core,0.5,staircase,0.0,noise-free,all,many_pilots,30,30,0,1.0,1.0,0.0,1.0,0.01338304097745765,0.0787509841840486,0.13,0.1698405140930723,double_exp_fit,1.0,1,0.0,0.0
core,0.5,staircase,0.001,sigma=0.001,lead,one_pilot,30,870,0,1.0,0.964367816091954,0.0,1.0,0.0169227998742954,0.07893566423967155,0.13006486277078916,0.2143326173937686,double_exp_fit,0.9,3,0.0,0.0
core,0.5,staircase,0.001,sigma=0.001,lead,many_pilots,30,30,0,1.0,1.0,0.0,1.0,0.0135618931925358,0.07893566423967155,0.13006486277078916,0.20579350145869107,double_exp_fit,1.0,1,0.0,0.0
core,0.5,staircase,0.001,sigma=0.001,named,one_pilot,30,870,0,1.0,0.4827586206896552,0.3,1.0,0.0612544775765541,0.07893566423967155,0.13006486277078916,1.0,single_exp_fit,0.7,2,0.0,0.0
core,0.5,staircase,0.001,sigma=0.001,named,many_pilots,30,30,0,1.0,0.7,0.0,1.0,0.06091686551768555,0.07893566423967155,0.13006486277078916,0.7682352293474746,single_exp_fit,1.0,1,0.0,0.0
core,0.5,staircase,0.001,sigma=0.001,classical,one_pilot,30,870,0,1.0,0.0,0.0,0.0,0.2302486054901287,0.07893566423967155,0.13006486277078916,2.904237814817124,brezinski_theta1,0.2,11,0.0,0.0
core,0.5,staircase,0.001,sigma=0.001,classical,many_pilots,30,30,0,1.0,0.0,0.0,0.0,0.22966337654801527,0.07893566423967155,0.13006486277078916,2.9050060497214742,brezinski_theta1,1.0,1,0.0,0.0
core,0.5,staircase,0.001,sigma=0.001,all,one_pilot,30,870,0,1.0,0.964367816091954,0.0,1.0,0.0169227998742954,0.07893566423967155,0.13006486277078916,0.2143326173937686,double_exp_fit,0.9,3,0.0,0.0
core,0.5,staircase,0.001,sigma=0.001,all,many_pilots,30,30,0,1.0,1.0,0.0,1.0,0.0135618931925358,0.07893566423967155,0.13006486277078916,0.20579350145869107,double_exp_fit,1.0,1,0.0,0.0
core,0.5,staircase,0.005,sigma=0.005,lead,one_pilot,30,870,0,1.0,0.8448275862068966,0.0,1.0,0.0236976634178639,0.07825598638536785,0.1284279721698126,0.2919528338264176,double_exp_fit,0.7666666666666667,3,0.0,0.0
core,0.5,staircase,0.005,sigma=0.005,lead,many_pilots,30,30,0,1.0,0.9,0.0,1.0,0.0193440252897968,0.07825598638536785,0.1284279721698126,0.26190198055281366,double_exp_fit,1.0,1,0.0,0.0
core,0.5,staircase,0.005,sigma=0.005,named,one_pilot,30,870,0,1.0,0.5310344827586206,0.26666666666666666,1.0,0.0614250012599511,0.07825598638536785,0.1284279721698126,0.961581027360184,single_exp_fit,0.7333333333333333,2,0.0,0.0
core,0.5,staircase,0.005,sigma=0.005,named,many_pilots,30,30,0,1.0,0.7333333333333333,0.0,1.0,0.05840758540590475,0.07825598638536785,0.1284279721698126,0.740887729297018,single_exp_fit,1.0,1,0.0,0.0
core,0.5,staircase,0.005,sigma=0.005,classical,one_pilot,30,870,0,0.9896551724137931,0.0034482758620689655,0.0,0.0034482758620689655,0.2306540882141017,0.07825598638536785,0.1284279721698126,2.940197228386647,brezinski_theta2,0.3,10,0.01264367816091954,0.0
core,0.5,staircase,0.005,sigma=0.005,classical,many_pilots,30,30,0,1.0,0.0,0.0,0.0,0.22829675205394828,0.07825598638536785,0.1284279721698126,2.878334413748953,brezinski_theta1,1.0,1,0.0,0.0
core,0.5,staircase,0.005,sigma=0.005,all,one_pilot,30,870,0,1.0,0.8448275862068966,0.0,1.0,0.0236976634178639,0.07825598638536785,0.1284279721698126,0.2919528338264176,double_exp_fit,0.7666666666666667,3,0.0,0.0
core,0.5,staircase,0.005,sigma=0.005,all,many_pilots,30,30,0,1.0,0.9,0.0,1.0,0.0193440252897968,0.07825598638536785,0.1284279721698126,0.26190198055281366,double_exp_fit,1.0,1,0.0,0.0
core,0.5,noisy_plateau,0.0,intrinsic,lead,one_pilot,30,870,0,0.9942528735632183,0.2908045977011494,0.16666666666666666,0.7413793103448276,0.0008224908010165,0.00045193570121954997,0.0025813607476644,1.1331425439569573,single_exp_fit,0.16666666666666666,12,0.05632183908045977,0.03333333333333333
core,0.5,noisy_plateau,0.0,intrinsic,lead,many_pilots,30,30,0,1.0,0.0,1.0,0.9,0.00045193570121954997,0.00045193570121954997,0.0025813607476644,1.0,rational_fit,1.0,1,0.03333333333333333,0.03333333333333333
core,0.5,noisy_plateau,0.0,intrinsic,named,one_pilot,30,870,0,1.0,0.2413793103448276,0.5,0.8816091954022989,0.0005570804019314,0.00045193570121954997,0.0025813607476644,1.0,single_exp_fit,0.5,2,0.03333333333333333,0.03333333333333333
core,0.5,noisy_plateau,0.0,intrinsic,named,many_pilots,30,30,0,1.0,0.0,1.0,0.9,0.00045193570121954997,0.00045193570121954997,0.0025813607476644,1.0,rational_fit,1.0,1,0.03333333333333333,0.03333333333333333
core,0.5,noisy_plateau,0.0,intrinsic,classical,one_pilot,30,870,0,0.9954022988505747,0.22528735632183908,0.0,0.5367816091954023,0.0014668004561407,0.00045193570121954997,0.0025813607476644,2.9916206428410446,wynn_eps_3,0.13333333333333333,15,0.08735632183908046,0.03333333333333333
core,0.5,noisy_plateau,0.0,intrinsic,classical,many_pilots,30,30,0,1.0,0.3,0.0,0.6,0.00098716656016395,0.00045193570121954997,0.0025813607476644,2.6657963757374823,wynn_eps_3,1.0,1,0.06666666666666667,0.03333333333333333
core,0.5,noisy_plateau,0.0,intrinsic,all,one_pilot,30,870,0,1.0,0.367816091954023,0.0,0.7022988505747126,0.0008857715086916,0.00045193570121954997,0.0025813607476644,1.4543350781349964,richardson_a20,0.1,19,0.06206896551724138,0.03333333333333333
core,0.5,noisy_plateau,0.0,intrinsic,all,many_pilots,30,30,0,1.0,0.5333333333333333,0.0,0.7666666666666667,0.00050776381019195,0.00045193570121954997,0.0025813607476644,0.8357582263325759,richardson_a20,0.8333333333333334,2,0.03333333333333333,0.03333333333333333
core,0.5,noisy_plateau,0.001,sigma=0.001,lead,one_pilot,30,870,0,0.9977011494252873,0.2942528735632184,0.2,0.7701149425287356,0.0006349565239233,0.00047751561060685,0.00249336321647125,1.0108870424820937,richardson_1,0.2,11,0.06896551724137931,0.03333333333333333
core,0.5,noisy_plateau,0.001,sigma=0.001,lead,many_pilots,30,30,0,1.0,0.6333333333333333,0.0,0.9,0.00036506730461125,0.00047751561060685,0.00249336321647125,0.789001826311805,richardson_1,1.0,1,0.03333333333333333,0.03333333333333333
core,0.5,noisy_plateau,0.001,sigma=0.001,named,one_pilot,30,870,0,1.0,0.2413793103448276,0.5,0.8160919540229885,0.0004900298565246,0.00047751561060685,0.00249336321647125,1.0,single_exp_fit,0.5,2,0.03333333333333333,0.03333333333333333
core,0.5,noisy_plateau,0.001,sigma=0.001,named,many_pilots,30,30,0,1.0,0.0,0.8666666666666667,0.8,0.0005897467147471999,0.00047751561060685,0.00249336321647125,1.0,rational_fit,0.8666666666666667,2,0.03333333333333333,0.03333333333333333
core,0.5,noisy_plateau,0.001,sigma=0.001,classical,one_pilot,30,870,0,1.0,0.135632183908046,0.0,0.5528735632183908,0.00210232451074095,0.00047751561060685,0.00249336321647125,3.858127263083947,shanks_3,0.13333333333333333,16,0.1632183908045977,0.03333333333333333
core,0.5,noisy_plateau,0.001,sigma=0.001,classical,many_pilots,30,30,0,1.0,0.0,0.0,0.36666666666666664,0.00268482629401295,0.00047751561060685,0.00249336321647125,5.762080872395191,wynn_eps_3,0.5,5,0.2,0.03333333333333333
core,0.5,noisy_plateau,0.001,sigma=0.001,all,one_pilot,30,870,0,0.9988505747126437,0.2896551724137931,0.06666666666666667,0.7402298850574712,0.0008498763715537,0.00047751561060685,0.00249336321647125,1.596748549526876,richardson_a20,0.2,21,0.09195402298850575,0.03333333333333333
core,0.5,noisy_plateau,0.001,sigma=0.001,all,many_pilots,30,30,0,1.0,0.5666666666666667,0.0,0.9,0.00052580731419845,0.00047751561060685,0.00249336321647125,0.8078497181014246,richardson_1,0.8333333333333334,2,0.06666666666666667,0.03333333333333333
core,0.5,noisy_plateau,0.005,sigma=0.005,lead,one_pilot,30,870,0,0.996551724137931,0.4206896551724138,0.06666666666666667,0.6666666666666666,0.000929728899627,0.0007081535595511,0.0014688916727306,1.0147690628081247,double_exp_fit,0.2,10,0.040229885057471264,0.0
core,0.5,noisy_plateau,0.005,sigma=0.005,lead,many_pilots,30,30,0,1.0,0.7333333333333333,0.0,0.8,0.0007072323170746501,0.0007081535595511,0.0014688916727306,0.6899314999577831,richardson_1,0.5,2,0.0,0.0
core,0.5,noisy_plateau,0.005,sigma=0.005,named,one_pilot,30,870,0,1.0,0.31264367816091954,0.43333333333333335,0.7701149425287356,0.0006294061281268001,0.0007081535595511,0.0014688916727306,1.0,single_exp_fit,0.5666666666666667,2,0.0,0.0
core,0.5,noisy_plateau,0.005,sigma=0.005,named,many_pilots,30,30,0,1.0,0.5666666666666667,0.0,0.8,0.0005697551941545,0.0007081535595511,0.0014688916727306,0.9077201813612961,single_exp_fit,1.0,1,0.0,0.0
core,0.5,noisy_plateau,0.005,sigma=0.005,classical,one_pilot,30,870,0,1.0,0.2620689655172414,0.0,0.49885057471264366,0.0016429169276701498,0.0007081535595511,0.0014688916727306,2.2825519748697047,wynn_rho_1,0.13333333333333333,13,0.1528735632183908,0.0
core,0.5,noisy_plateau,0.005,sigma=0.005,classical,many_pilots,30,30,0,1.0,0.23333333333333334,0.0,0.5333333333333333,0.0020855012517285504,0.0007081535595511,0.0014688916727306,2.2481942826943033,wynn_rho_1,0.8666666666666667,2,0.13333333333333333,0.0
core,0.5,noisy_plateau,0.005,sigma=0.005,all,one_pilot,30,870,0,0.996551724137931,0.3620689655172414,0.0,0.5908045977011495,0.0012557546818295,0.0007081535595511,0.0014688916727306,1.3983902384634521,log_linear,0.1,20,0.08850574712643679,0.0
core,0.5,noisy_plateau,0.005,sigma=0.005,all,many_pilots,30,30,0,1.0,0.8333333333333334,0.0,0.9,0.0002790693439859,0.0007081535595511,0.0014688916727306,0.4036279036431557,richardson_a20,1.0,1,0.0,0.0
core,0.5,slow_osc_power,0.0,noise-free,lead,one_pilot,30,870,0,1.0,0.6482758620689655,0.0,0.12643678160919541,0.0199262852116568,0.05540122857565265,0.0140631702340022,0.4216068081292017,pade_45,0.36666666666666664,3,0.16436781609195403,0.0
core,0.5,slow_osc_power,0.0,noise-free,lead,many_pilots,30,30,0,1.0,0.7333333333333333,0.0,0.0,0.0199263649869663,0.05540122857565265,0.0140631702340022,0.35968798804805296,single_exp_fit,0.5,2,0.0,0.0
core,0.5,slow_osc_power,0.0,noise-free,named,one_pilot,30,870,0,1.0,0.5310344827586206,0.26666666666666666,0.02413793103448276,0.0199262843539732,0.05540122857565265,0.0140631702340022,0.6564845241867648,single_exp_fit,0.7333333333333333,2,0.0,0.0
core,0.5,slow_osc_power,0.0,noise-free,named,many_pilots,30,30,0,1.0,0.7333333333333333,0.0,0.0,0.0199262799787827,0.05540122857565265,0.0140631702340022,0.3596722580208722,single_exp_fit,1.0,1,0.0,0.0
core,0.5,slow_osc_power,0.0,noise-free,classical,one_pilot,30,870,0,1.0,0.9666666666666667,0.0,1.0,0.0121802964148702,0.05540122857565265,0.0140631702340022,0.21985607048840747,wynn_rho_1,1.0,1,0.0,0.0
core,0.5,slow_osc_power,0.0,noise-free,classical,many_pilots,30,30,0,1.0,0.9666666666666667,0.0,1.0,0.0121802964148702,0.05540122857565265,0.0140631702340022,0.21985607048840747,wynn_rho_1,1.0,1,0.0,0.0
core,0.5,slow_osc_power,0.0,noise-free,all,one_pilot,30,870,0,1.0,0.7724137931034483,0.0,0.5149425287356322,0.0123611160506841,0.05540122857565265,0.0140631702340022,0.3642160312905805,richardson_a20,0.3333333333333333,4,0.14942528735632185,0.0
core,0.5,slow_osc_power,0.0,noise-free,all,many_pilots,30,30,0,1.0,1.0,0.0,1.0,0.0102453943941908,0.05540122857565265,0.0140631702340022,0.18493081575265852,richardson_a20,1.0,1,0.0,0.0
core,0.5,slow_osc_power,0.001,sigma=0.001,lead,one_pilot,30,870,0,1.0,0.6241379310344828,0.0,0.05172413793103448,0.0208228105358806,0.0514475822803949,0.0141280330047914,0.6897176107830847,single_exp_fit,0.36666666666666664,5,0.1632183908045977,0.0
core,0.5,slow_osc_power,0.001,sigma=0.001,lead,many_pilots,30,30,0,1.0,0.7333333333333333,0.0,0.03333333333333333,0.0197313432169362,0.0514475822803949,0.0141280330047914,0.3843255866813049,single_exp_fit,0.5,2,0.0,0.0
core,0.5,slow_osc_power,0.001,sigma=0.001,named,one_pilot,30,870,0,1.0,0.5310344827586206,0.26666666666666666,0.03218390804597701,0.0199923101462721,0.0514475822803949,0.0141280330047914,0.6866410872948157,single_exp_fit,0.7333333333333333,2,0.0,0.0
core,0.5,slow_osc_power,0.001,sigma=0.001,named,many_pilots,30,30,0,1.0,0.7333333333333333,0.0,0.03333333333333333,0.01973033022613105,0.0514475822803949,0.0141280330047914,0.3843243906041154,single_exp_fit,1.0,1,0.0,0.0
core,0.5,slow_osc_power,0.001,sigma=0.001,classical,one_pilot,30,870,0,1.0,0.9126436781609195,0.0,0.43448275862068964,0.0146953922245227,0.0514475822803949,0.0141280330047914,0.30241681928676944,brezinski_theta1,0.23333333333333334,11,0.017241379310344827,0.0
core,0.5,slow_osc_power,0.001,sigma=0.001,classical,many_pilots,30,30,0,1.0,0.9333333333333333,0.0,0.5333333333333333,0.0144426917681397,0.0514475822803949,0.0141280330047914,0.30013343528782677,brezinski_theta1,0.5,2,0.0,0.0
core,0.5,slow_osc_power,0.001,sigma=0.001,all,one_pilot,30,870,0,0.9827586206896551,0.8344827586206897,0.0,0.5574712643678161,0.0137564950355194,0.0514475822803949,0.0141280330047914,0.36739559838870517,richardson_a20,0.3,8,0.10114942528735632,0.0
core,0.5,slow_osc_power,0.001,sigma=0.001,all,many_pilots,30,30,0,1.0,1.0,0.0,1.0,0.0102839204754378,0.0514475822803949,0.0141280330047914,0.20155681382569307,richardson_a20,1.0,1,0.0,0.0
core,0.5,slow_osc_power,0.005,sigma=0.005,lead,one_pilot,30,870,0,1.0,0.5482758620689655,0.0,0.14482758620689656,0.0248229621800466,0.045820460567090104,0.0124911424038149,0.9292111138135267,double_exp_fit,0.4,6,0.23218390804597702,0.3
core,0.5,slow_osc_power,0.005,sigma=0.005,lead,many_pilots,30,30,0,1.0,0.6,0.0,0.16666666666666666,0.0221834566034768,0.045820460567090104,0.0124911424038149,0.4775895985449713,double_exp_fit,1.0,1,0.06666666666666667,0.3
core,0.5,slow_osc_power,0.005,sigma=0.005,named,one_pilot,30,870,0,1.0,0.35172413793103446,0.4,0.135632183908046,0.0248229263762408,0.045820460567090104,0.0124911424038149,1.0,single_exp_fit,0.6,2,0.16436781609195403,0.3
core,0.5,slow_osc_power,0.005,sigma=0.005,named,many_pilots,30,30,0,1.0,0.6,0.0,0.16666666666666666,0.0221925436027767,0.045820460567090104,0.0124911424038149,0.47759975910074354,single_exp_fit,1.0,1,0.06666666666666667,0.3
core,0.5,slow_osc_power,0.005,sigma=0.005,classical,one_pilot,30,870,0,1.0,0.8459770114942529,0.0,0.3724137931034483,0.0141379582421105,0.045820460567090104,0.0124911424038149,0.36297132475263677,brezinski_theta1,0.23333333333333334,13,0.035632183908045977,0.3
core,0.5,slow_osc_power,0.005,sigma=0.005,classical,many_pilots,30,30,0,1.0,0.8666666666666667,0.0,0.5333333333333333,0.01079412811696325,0.045820460567090104,0.0124911424038149,0.2941338103347758,brezinski_theta1,1.0,1,0.0,0.3
core,0.5,slow_osc_power,0.005,sigma=0.005,all,one_pilot,30,870,0,1.0,0.8126436781609195,0.0,0.35977011494252875,0.0146707473933634,0.045820460567090104,0.0124911424038149,0.40455999328575337,brezinski_theta2,0.13333333333333333,18,0.07586206896551724,0.3
core,0.5,slow_osc_power,0.005,sigma=0.005,all,many_pilots,30,30,0,1.0,1.0,0.0,0.7333333333333333,0.00990451274869175,0.045820460567090104,0.0124911424038149,0.24605205464375168,richardson_a20,1.0,1,0.0,0.3
core,0.5,log_oscillatory,0.0,noise-free,lead,one_pilot,30,870,0,1.0,1.0,0.0,1.0,0.0164482273222756,0.0510333756304246,0.1028298071193049,0.35382813901461974,log_linear,0.6,2,0.0,0.0
core,0.5,log_oscillatory,0.0,noise-free,lead,many_pilots,30,30,0,1.0,1.0,0.0,1.0,0.01594774235454325,0.0510333756304246,0.1028298071193049,0.31264728764179317,log_linear,1.0,1,0.0,0.0
core,0.5,log_oscillatory,0.0,noise-free,named,one_pilot,30,870,0,1.0,0.0,1.0,0.9333333333333333,0.0510333756304246,0.0510333756304246,0.1028298071193049,1.0,rational_fit,1.0,1,0.0,0.0
core,0.5,log_oscillatory,0.0,noise-free,named,many_pilots,30,30,0,1.0,0.0,1.0,0.9333333333333333,0.0510333756304246,0.0510333756304246,0.1028298071193049,1.0,rational_fit,1.0,1,0.0,0.0
core,0.5,log_oscillatory,0.0,noise-free,classical,one_pilot,30,870,0,1.0,1.0,0.0,1.0,0.00439049033937495,0.0510333756304246,0.1028298071193049,0.08606268568517961,wynn_rho_2,1.0,1,0.0,0.0
core,0.5,log_oscillatory,0.0,noise-free,classical,many_pilots,30,30,0,1.0,1.0,0.0,1.0,0.00439049033937495,0.0510333756304246,0.1028298071193049,0.08606268568517961,wynn_rho_2,1.0,1,0.0,0.0
core,0.5,log_oscillatory,0.0,noise-free,all,one_pilot,30,870,0,1.0,1.0,0.0,1.0,0.00439049033937495,0.0510333756304246,0.1028298071193049,0.08606268568517961,wynn_rho_2,1.0,1,0.0,0.0
core,0.5,log_oscillatory,0.0,noise-free,all,many_pilots,30,30,0,1.0,1.0,0.0,1.0,0.00439049033937495,0.0510333756304246,0.1028298071193049,0.08606268568517961,wynn_rho_2,1.0,1,0.0,0.0
core,0.5,log_oscillatory,0.001,sigma=0.001,lead,one_pilot,30,870,0,1.0,0.9448275862068966,0.0,0.9839080459770115,0.0176569249511095,0.0506356814160458,0.10289466989009405,0.3776122649767605,log_linear,0.36666666666666664,4,0.0,0.0
core,0.5,log_oscillatory,0.001,sigma=0.001,lead,many_pilots,30,30,0,1.0,1.0,0.0,1.0,0.016241077010246248,0.0506356814160458,0.10289466989009405,0.3227822881815518,log_linear,1.0,1,0.0,0.0
core,0.5,log_oscillatory,0.001,sigma=0.001,named,one_pilot,30,870,0,1.0,0.0,1.0,0.9333333333333333,0.0506356814160458,0.0506356814160458,0.10289466989009405,1.0,rational_fit,1.0,1,0.0,0.0
core,0.5,log_oscillatory,0.001,sigma=0.001,named,many_pilots,30,30,0,1.0,0.0,1.0,0.9333333333333333,0.0506356814160458,0.0506356814160458,0.10289466989009405,1.0,rational_fit,1.0,1,0.0,0.0
core,0.5,log_oscillatory,0.001,sigma=0.001,classical,one_pilot,30,870,0,0.9839080459770115,0.11724137931034483,0.0,0.435632183908046,0.1067126188622342,0.0506356814160458,0.10289466989009405,2.0719784707841864,shanks_4,0.16666666666666666,9,0.027586206896551724,0.0
core,0.5,log_oscillatory,0.001,sigma=0.001,classical,many_pilots,30,30,0,1.0,0.1,0.0,0.6666666666666666,0.0894479018122455,0.0506356814160458,0.10289466989009405,1.8220877329765999,shanks_4,1.0,1,0.0,0.0
core,0.5,log_oscillatory,0.001,sigma=0.001,all,one_pilot,30,870,0,0.9954022988505747,0.8011494252873563,0.0,0.871264367816092,0.018878399404473,0.0506356814160458,0.10289466989009405,0.4245390680666706,richardson_2,0.36666666666666664,7,0.006896551724137931,0.0
core,0.5,log_oscillatory,0.001,sigma=0.001,all,many_pilots,30,30,0,1.0,1.0,0.0,1.0,0.016241077010246248,0.0506356814160458,0.10289466989009405,0.3227822881815518,log_linear,1.0,1,0.0,0.0
core,0.5,log_oscillatory,0.005,sigma=0.005,lead,one_pilot,30,870,0,0.996551724137931,0.9551724137931035,0.0,0.967816091954023,0.0166665028934953,0.050047429159778306,0.1012577792891175,0.3364218858033583,log_linear,0.6666666666666666,4,0.011494252873563218,0.0
core,0.5,log_oscillatory,0.005,sigma=0.005,lead,many_pilots,30,30,0,1.0,1.0,0.0,1.0,0.015189605894454401,0.050047429159778306,0.1012577792891175,0.30354761317609036,log_linear,1.0,1,0.0,0.0
core,0.5,log_oscillatory,0.005,sigma=0.005,named,one_pilot,30,870,0,1.0,0.0,1.0,0.9,0.050047429159778306,0.050047429159778306,0.1012577792891175,1.0,rational_fit,1.0,1,0.0,0.0
core,0.5,log_oscillatory,0.005,sigma=0.005,named,many_pilots,30,30,0,1.0,0.0,1.0,0.9,0.050047429159778306,0.050047429159778306,0.1012577792891175,1.0,rational_fit,1.0,1,0.0,0.0
core,0.5,log_oscillatory,0.005,sigma=0.005,classical,one_pilot,30,870,0,1.0,0.13333333333333333,0.0,0.6540229885057471,0.0961281933861735,0.050047429159778306,0.1012577792891175,2.058436514424581,wynn_rho_3,0.16666666666666666,11,0.010344827586206896,0.0
core,0.5,log_oscillatory,0.005,sigma=0.005,classical,many_pilots,30,30,0,1.0,0.13333333333333333,0.0,0.9333333333333333,0.08731851457932345,0.050047429159778306,0.1012577792891175,1.6212819628772366,shanks_4,1.0,1,0.0,0.0
core,0.5,log_oscillatory,0.005,sigma=0.005,all,one_pilot,30,870,0,0.996551724137931,0.8471264367816091,0.0,0.9229885057471264,0.0175005849906897,0.050047429159778306,0.1012577792891175,0.39653228186516665,log_linear,0.5333333333333333,7,0.01264367816091954,0.0
core,0.5,log_oscillatory,0.005,sigma=0.005,all,many_pilots,30,30,0,1.0,1.0,0.0,1.0,0.015189605894454401,0.050047429159778306,0.1012577792891175,0.30354761317609036,log_linear,1.0,1,0.0,0.0
core,0.5,heavy_noise_plat,0.0,intrinsic,lead,one_pilot,30,870,0,0.9908045977011494,0.39655172413793105,0.06666666666666667,0.6137931034482759,0.0012181572985729499,0.0008702370442719,0.002002949055896,1.0619857662896566,pade_12,0.13333333333333333,13,0.13908045977011493,0.06666666666666667
core,0.5,heavy_noise_plat,0.0,intrinsic,lead,many_pilots,30,30,0,1.0,0.6666666666666666,0.0,0.8333333333333334,0.00071330014763885,0.0008702370442719,0.002002949055896,0.8249365165216902,double_exp_fit,1.0,1,0.03333333333333333,0.06666666666666667
core,0.5,heavy_noise_plat,0.0,intrinsic,named,one_pilot,30,870,0,1.0,0.4827586206896552,0.3,0.7885057471264367,0.0007401688230985,0.0008702370442719,0.002002949055896,1.0,single_exp_fit,0.7,2,0.04367816091954023,0.06666666666666667
core,0.5,heavy_noise_plat,0.0,intrinsic,named,many_pilots,30,30,0,1.0,0.7,0.0,0.8,0.0007135591201808,0.0008702370442719,0.002002949055896,0.8267148345564184,single_exp_fit,1.0,1,0.03333333333333333,0.06666666666666667
core,0.5,heavy_noise_plat,0.0,intrinsic,classical,one_pilot,30,870,0,1.0,0.22528735632183908,0.0,0.43448275862068964,0.0029922960639977,0.0008702370442719,0.002002949055896,2.9504504096515167,shanks_2,0.1,17,0.2103448275862069,0.06666666666666667
core,0.5,heavy_noise_plat,0.0,intrinsic,classical,many_pilots,30,30,0,1.0,0.26666666666666666,0.0,0.5666666666666667,0.0021083518305102496,0.0008702370442719,0.002002949055896,2.2770448573478252,wynn_eps_2,0.9,2,0.13333333333333333,0.06666666666666667
core,0.5,heavy_noise_plat,0.0,intrinsic,all,one_pilot,30,870,0,0.9908045977011494,0.4218390804597701,0.0,0.6275862068965518,0.0012401057294247,0.0008702370442719,0.002002949055896,1.166698226205009,pade_22,0.1,21,0.12183908045977011,0.06666666666666667
core,0.5,heavy_noise_plat,0.0,intrinsic,all,many_pilots,30,30,0,1.0,0.6666666666666666,0.0,0.8333333333333334,0.00071330014763885,0.0008702370442719,0.002002949055896,0.8249365165216902,double_exp_fit,1.0,1,0.03333333333333333,0.06666666666666667
core,0.5,heavy_noise_plat,0.001,sigma=0.001,lead,one_pilot,30,870,0,0.9724137931034482,0.29770114942528736,0.06666666666666667,0.628735632183908,0.0015550301911082,0.00094618568643405,0.00293582208066925,1.2399407142425887,pade_22,0.16666666666666666,12,0.1367816091954023,0.06666666666666667
core,0.5,heavy_noise_plat,0.001,sigma=0.001,lead,many_pilots,30,30,0,1.0,0.5666666666666667,0.0,0.7333333333333333,0.0010137163247537,0.00094618568643405,0.00293582208066925,0.9779803516115843,richardson_1,0.5,2,0.06666666666666667,0.06666666666666667
core,0.5,heavy_noise_plat,0.001,sigma=0.001,named,one_pilot,30,870,0,1.0,0.3931034482758621,0.36666666666666664,0.7333333333333333,0.0009734822510943,0.00094618568643405,0.00293582208066925,1.0,single_exp_fit,0.6333333333333333,2,0.06666666666666667,0.06666666666666667
core,0.5,heavy_noise_plat,0.001,sigma=0.001,named,many_pilots,30,30,0,1.0,0.0,1.0,0.7333333333333333,0.00094618568643405,0.00094618568643405,0.00293582208066925,1.0,rational_fit,1.0,1,0.06666666666666667,0.06666666666666667
core,0.5,heavy_noise_plat,0.001,sigma=0.001,classical,one_pilot,30,870,0,1.0,0.3057471264367816,0.0,0.5471264367816092,0.0025196395081166,0.00094618568643405,0.00293582208066925,2.4580005639500433,shanks_4,0.16666666666666666,14,0.1482758620689655,0.06666666666666667
core,0.5,heavy_noise_plat,0.001,sigma=0.001,classical,many_pilots,30,30,0,1.0,0.43333333333333335,0.0,0.6666666666666666,0.0012681198001962,0.00094618568643405,0.00293582208066925,1.2598286096951372,shanks_4,1.0,1,0.16666666666666666,0.06666666666666667
core,0.5,heavy_noise_plat,0.001,sigma=0.001,all,one_pilot,30,870,0,1.0,0.3367816091954023,0.0,0.6229885057471264,0.00170100687630295,0.00094618568643405,0.00293582208066925,1.4521522149795265,richardson_a20,0.1,23,0.11379310344827587,0.06666666666666667
core,0.5,heavy_noise_plat,0.001,sigma=0.001,all,many_pilots,30,30,0,1.0,0.3333333333333333,0.0,0.7333333333333333,0.0008883100929435,0.00094618568643405,0.00293582208066925,1.0001307268827222,log_fit,0.9333333333333333,2,0.06666666666666667,0.06666666666666667
core,0.5,heavy_noise_plat,0.005,sigma=0.005,lead,one_pilot,30,870,0,0.9540229885057471,0.3367816091954023,0.03333333333333333,0.6540229885057471,0.00165860666289235,0.0011705878270356,0.003904286291397,1.2393137664023857,double_exp_fit,0.16666666666666666,13,0.11149425287356322,0.03333333333333333
core,0.5,heavy_noise_plat,0.005,sigma=0.005,lead,many_pilots,30,30,0,1.0,0.7,0.0,0.8666666666666667,0.0009611871834692501,0.0011705878270356,0.003904286291397,0.9465347240908455,double_exp_fit,0.9666666666666667,2,0.03333333333333333,0.03333333333333333
core,0.5,heavy_noise_plat,0.005,sigma=0.005,named,one_pilot,30,870,0,1.0,0.4367816091954023,0.3333333333333333,0.8551724137931035,0.0010086133211138,0.0011705878270356,0.003904286291397,1.0,single_exp_fit,0.6666666666666666,2,0.03333333333333333,0.03333333333333333
core,0.5,heavy_noise_plat,0.005,sigma=0.005,named,many_pilots,30,30,0,1.0,0.6666666666666666,0.0,0.8666666666666667,0.0009611620126429,0.0011705878270356,0.003904286291397,0.9468512299470551,single_exp_fit,1.0,1,0.03333333333333333,0.03333333333333333
core,0.5,heavy_noise_plat,0.005,sigma=0.005,classical,one_pilot,30,870,0,0.9862068965517241,0.15057471264367817,0.0,0.5149425287356322,0.004313474912739,0.0011705878270356,0.003904286291397,4.437812425257002,wynn_rho_3,0.16666666666666666,14,0.13333333333333333,0.03333333333333333
core,0.5,heavy_noise_plat,0.005,sigma=0.005,classical,many_pilots,30,30,0,1.0,0.13333333333333333,0.0,0.6,0.0036547844732402,0.0011705878270356,0.003904286291397,4.31742195600744,shanks_4,0.5,2,0.13333333333333333,0.03333333333333333
core,0.5,heavy_noise_plat,0.005,sigma=0.005,all,one_pilot,30,870,0,0.9724137931034482,0.2620689655172414,0.03333333333333333,0.6310344827586207,0.0019834770751117,0.0011705878270356,0.003904286291397,1.7685386449230998,log_linear,0.06666666666666667,23,0.11379310344827587,0.03333333333333333
core,0.5,heavy_noise_plat,0.005,sigma=0.005,all,many_pilots,30,30,0,1.0,0.6333333333333333,0.0,0.8333333333333334,0.0010420734855312499,0.0011705878270356,0.003904286291397,0.9999972145405002,log_fit,0.5,3,0.03333333333333333,0.03333333333333333
core,0.5,broken_power_law,0.0,noise-free,lead,one_pilot,30,870,0,1.0,1.0,0.0,1.0,0.01119881760539235,0.02027330414563905,0.0658445387933224,0.552392324652314,pade_22,1.0,1,0.0,0.0
core,0.5,broken_power_law,0.0,noise-free,lead,many_pilots,30,30,0,1.0,1.0,0.0,1.0,0.01119881760539235,0.02027330414563905,0.0658445387933224,0.552392324652314,pade_22,1.0,1,0.0,0.0
core,0.5,broken_power_law,0.0,noise-free,named,one_pilot,30,870,0,1.0,0.27586206896551724,0.4666666666666667,1.0,0.0202733042242284,0.02027330414563905,0.0658445387933224,1.0,single_exp_fit,0.5333333333333333,2,0.0,0.0
core,0.5,broken_power_law,0.0,noise-free,named,many_pilots,30,30,0,1.0,0.0,1.0,1.0,0.02027330414563905,0.02027330414563905,0.0658445387933224,1.0,rational_fit,1.0,1,0.0,0.0
core,0.5,broken_power_law,0.0,noise-free,classical,one_pilot,30,870,0,1.0,1.0,0.0,1.0,0.0010931829461111,0.02027330414563905,0.0658445387933224,0.05392228806206967,brezinski_theta2,1.0,1,0.0,0.0
core,0.5,broken_power_law,0.0,noise-free,classical,many_pilots,30,30,0,1.0,1.0,0.0,1.0,0.0010931829461111,0.02027330414563905,0.0658445387933224,0.05392228806206967,brezinski_theta2,1.0,1,0.0,0.0
core,0.5,broken_power_law,0.0,noise-free,all,one_pilot,30,870,0,1.0,1.0,0.0,1.0,0.0010931829461111,0.02027330414563905,0.0658445387933224,0.05392228806206967,brezinski_theta2,1.0,1,0.0,0.0
core,0.5,broken_power_law,0.0,noise-free,all,many_pilots,30,30,0,1.0,1.0,0.0,1.0,0.0010931829461111,0.02027330414563905,0.0658445387933224,0.05392228806206967,brezinski_theta2,1.0,1,0.0,0.0
core,0.5,broken_power_law,0.001,sigma=0.001,lead,one_pilot,30,870,0,1.0,1.0,0.0,1.0,0.0107878313680288,0.0202998247102748,0.06590940156411154,0.5308178551338758,pade_22,0.8333333333333334,2,0.0,0.0
core,0.5,broken_power_law,0.001,sigma=0.001,lead,many_pilots,30,30,0,1.0,1.0,0.0,1.0,0.010777669092001549,0.0202998247102748,0.06590940156411154,0.529380378184257,pade_22,1.0,1,0.0,0.0
core,0.5,broken_power_law,0.001,sigma=0.001,named,one_pilot,30,870,0,1.0,0.20919540229885059,0.5333333333333333,1.0,0.0202998247102748,0.0202998247102748,0.06590940156411154,1.0,rational_fit,0.5333333333333333,2,0.0,0.0
core,0.5,broken_power_law,0.001,sigma=0.001,named,many_pilots,30,30,0,1.0,0.23333333333333334,0.5,1.0,0.02029982476495605,0.0202998247102748,0.06590940156411154,1.0,single_exp_fit,0.5,2,0.0,0.0
core,0.5,broken_power_law,0.001,sigma=0.001,classical,one_pilot,30,870,0,1.0,0.0,0.0,0.3471264367816092,0.0673106989645786,0.0202998247102748,0.06590940156411154,3.3125117371487294,brezinski_theta1,0.26666666666666666,10,0.006896551724137931,0.0
core,0.5,broken_power_law,0.001,sigma=0.001,classical,many_pilots,30,30,0,1.0,0.0,0.0,0.43333333333333335,0.06618165710287585,0.0202998247102748,0.06590940156411154,3.265311580380275,anderson_3,1.0,1,0.0,0.0
core,0.5,broken_power_law,0.001,sigma=0.001,all,one_pilot,30,870,0,1.0,0.9954022988505747,0.0,1.0,0.0091815478615643,0.0202998247102748,0.06590940156411154,0.451227450463678,pade_11,0.8,4,0.0,0.0
core,0.5,broken_power_law,0.001,sigma=0.001,all,many_pilots,30,30,0,1.0,1.0,0.0,1.0,0.00914047854589355,0.0202998247102748,0.06590940156411154,0.4495025366792834,pade_11,1.0,1,0.0,0.0
core,0.5,broken_power_law,0.005,sigma=0.005,lead,one_pilot,30,870,0,1.0,1.0,0.0,1.0,0.0060870101589617,0.0200612179403097,0.06427251096313505,0.3146733321231536,pade_22,0.5,2,0.0,0.0
core,0.5,broken_power_law,0.005,sigma=0.005,lead,many_pilots,30,30,0,1.0,1.0,0.0,1.0,0.005637879322043401,0.0200612179403097,0.06427251096313505,0.2863670457044626,pade_22,1.0,1,0.0,0.0
core,0.5,broken_power_law,0.005,sigma=0.005,named,one_pilot,30,870,0,1.0,0.2413793103448276,0.5,1.0,0.0200612453644343,0.0200612179403097,0.06427251096313505,1.0,single_exp_fit,0.5,2,0.0,0.0
core,0.5,broken_power_law,0.005,sigma=0.005,named,many_pilots,30,30,0,1.0,0.23333333333333334,0.5,1.0,0.02006124704619195,0.0200612179403097,0.06427251096313505,1.0,single_exp_fit,0.5,2,0.0,0.0
core,0.5,broken_power_law,0.005,sigma=0.005,classical,one_pilot,30,870,0,1.0,0.0,0.0,0.42298850574712643,0.0660998577704156,0.0200612179403097,0.06427251096313505,3.29957693606227,brezinski_theta1,0.3,11,0.0034482758620689655,0.0
core,0.5,broken_power_law,0.005,sigma=0.005,classical,many_pilots,30,30,0,1.0,0.0,0.0,0.5666666666666667,0.061650303029726405,0.0200612179403097,0.06427251096313505,3.1226072904674336,brezinski_theta1,1.0,1,0.0,0.0
core,0.5,broken_power_law,0.005,sigma=0.005,all,one_pilot,30,870,0,1.0,0.9655172413793104,0.0,1.0,0.0077158199142003,0.0200612179403097,0.06427251096313505,0.39210262928483564,pade_33,0.4,4,0.0,0.0
core,0.5,broken_power_law,0.005,sigma=0.005,all,many_pilots,30,30,0,1.0,1.0,0.0,1.0,0.005637879322043401,0.0200612179403097,0.06427251096313505,0.2863670457044626,pade_22,1.0,1,0.0,0.0
core,0.1,single_exp,0.0,noise-free,lead,one_pilot,30,870,0,1.0,1.0,0.0,1.0,1.1667111721180843e-11,0.027449882886163547,0.018478891702754,4.038857707461556e-10,single_exp_fit,0.8,2,0.0,0.0
core,0.1,single_exp,0.0,noise-free,lead,many_pilots,30,30,0,1.0,1.0,0.0,1.0,5.016312018546465e-12,0.027449882886163547,0.018478891702754,1.8646503471119249e-10,single_exp_fit,1.0,1,0.0,0.0
core,0.1,single_exp,0.0,noise-free,named,one_pilot,30,870,0,1.0,1.0,0.0,1.0,5.016312018546465e-12,0.027449882886163547,0.018478891702754,1.8646503471119249e-10,single_exp_fit,1.0,1,0.0,0.0
core,0.1,single_exp,0.0,noise-free,named,many_pilots,30,30,0,1.0,1.0,0.0,1.0,5.016312018546465e-12,0.027449882886163547,0.018478891702754,1.8646503471119249e-10,single_exp_fit,1.0,1,0.0,0.0
core,0.1,single_exp,0.0,noise-free,classical,one_pilot,30,870,0,1.0,1.0,0.0,1.0,0.0019769263148853,0.027449882886163547,0.018478891702754,0.07277488255784567,brezinski_theta2,0.9,3,0.0,0.0
core,0.1,single_exp,0.0,noise-free,classical,many_pilots,30,30,0,1.0,1.0,0.0,1.0,0.0019769263142711997,0.027449882886163547,0.018478891702754,0.07210957377626026,brezinski_theta2,1.0,1,0.0,0.0
core,0.1,single_exp,0.0,noise-free,all,one_pilot,30,870,0,1.0,1.0,0.0,1.0,3.8857805861880484e-16,0.027449882886163547,0.018478891702754,1.4710281420126698e-14,geom_avg_diff,0.9666666666666667,2,0.0,0.0
core,0.1,single_exp,0.0,noise-free,all,many_pilots,30,30,0,1.0,1.0,0.0,1.0,2.8275992658421956e-16,0.027449882886163547,0.018478891702754,1.440059215773766e-14,geom_avg_diff,1.0,1,0.0,0.0
core,0.1,single_exp,0.001,sigma=0.001,lead,one_pilot,30,870,0,1.0,0.9839080459770115,0.0,0.9885057471264368,0.0003630085110802,0.0274826031270162,0.0185437544735432,0.01534478230646073,single_exp_fit,0.7666666666666667,3,0.0034482758620689655,0.0
core,0.1,single_exp,0.001,sigma=0.001,lead,many_pilots,30,30,0,1.0,1.0,0.0,1.0,0.0003275668676019,0.0274826031270162,0.0185437544735432,0.013821953637841066,single_exp_fit,1.0,1,0.0,0.0
core,0.1,single_exp,0.001,sigma=0.001,named,one_pilot,30,870,0,1.0,1.0,0.0,1.0,0.0003275668676019,0.0274826031270162,0.0185437544735432,0.013821953637841066,single_exp_fit,1.0,1,0.0,0.0
core,0.1,single_exp,0.001,sigma=0.001,named,many_pilots,30,30,0,1.0,1.0,0.0,1.0,0.0003275668676019,0.0274826031270162,0.0185437544735432,0.013821953637841066,single_exp_fit,1.0,1,0.0,0.0
core,0.1,single_exp,0.001,sigma=0.001,classical,one_pilot,30,870,0,0.996551724137931,0.5885057471264368,0.0,0.32413793103448274,0.0203838661347813,0.0274826031270162,0.0185437544735432,0.8421761573245082,brezinski_theta1,0.2,12,0.006896551724137931,0.0
core,0.1,single_exp,0.001,sigma=0.001,classical,many_pilots,30,30,0,1.0,0.5666666666666667,0.0,0.5666666666666667,0.0188888571711078,0.0274826031270162,0.0185437544735432,0.7233730578590638,brezinski_theta1,1.0,1,0.0,0.0
core,0.1,single_exp,0.001,sigma=0.001,all,one_pilot,30,870,0,1.0,0.9839080459770115,0.0,0.9885057471264368,0.0003630085110802,0.0274826031270162,0.0185437544735432,0.01534478230646073,single_exp_fit,0.7666666666666667,3,0.0034482758620689655,0.0
core,0.1,single_exp,0.001,sigma=0.001,all,many_pilots,30,30,0,1.0,1.0,0.0,1.0,0.0003275668676019,0.0274826031270162,0.0185437544735432,0.013821953637841066,single_exp_fit,1.0,1,0.0,0.0
core,0.1,single_exp,0.005,sigma=0.005,lead,one_pilot,30,870,0,1.0,0.9275862068965517,0.0,0.906896551724138,0.0030494449145853503,0.02776709583584275,0.0169068638725667,0.15950907556009872,single_exp_fit,0.43333333333333335,5,0.0,0.0
core,0.1,single_exp,0.005,sigma=0.005,lead,many_pilots,30,30,0,1.0,1.0,0.0,1.0,0.00175676189685175,0.02776709583584275,0.0169068638725667,0.09682552031431073,single_exp_fit,1.0,1,0.0,0.0
core,0.1,single_exp,0.005,sigma=0.005,named,one_pilot,30,870,0,1.0,1.0,0.0,1.0,0.00175676189685175,0.02776709583584275,0.0169068638725667,0.09682552031431073,single_exp_fit,1.0,1,0.0,0.0
core,0.1,single_exp,0.005,sigma=0.005,named,many_pilots,30,30,0,1.0,1.0,0.0,1.0,0.00175676189685175,0.02776709583584275,0.0169068638725667,0.09682552031431073,single_exp_fit,1.0,1,0.0,0.0
core,0.1,single_exp,0.005,sigma=0.005,classical,one_pilot,30,870,0,0.996551724137931,0.6264367816091954,0.0,0.364367816091954,0.019333720724917,0.02776709583584275,0.0169068638725667,0.8241912426576784,brezinski_theta1,0.3,13,0.020689655172413793,0.0
core,0.1,single_exp,0.005,sigma=0.005,classical,many_pilots,30,30,0,1.0,0.7333333333333333,0.0,0.5333333333333333,0.01472097042321505,0.02776709583584275,0.0169068638725667,0.6017178610644514,brezinski_theta1,1.0,1,0.0,0.0
core,0.1,single_exp,0.005,sigma=0.005,all,one_pilot,30,870,0,1.0,0.8781609195402299,0.0,0.8413793103448276,0.0032693869066944,0.02776709583584275,0.0169068638725667,0.20212807643567426,single_exp_fit,0.36666666666666664,7,0.010344827586206896,0.0
core,0.1,single_exp,0.005,sigma=0.005,all,many_pilots,30,30,0,1.0,1.0,0.0,1.0,0.00175676189685175,0.02776709583584275,0.0169068638725667,0.09682552031431073,single_exp_fit,1.0,1,0.0,0.0
core,0.1,two_exp,0.0,noise-free,lead,one_pilot,30,870,0,1.0,1.0,0.0,1.0,2.335384524654316e-09,0.027543182606342947,0.0890687478402154,1.2521010913077944e-07,double_exp_fit,0.9,2,0.0,0.0
core,0.1,two_exp,0.0,noise-free,lead,many_pilots,30,30,0,1.0,1.0,0.0,1.0,1.2742320497360904e-09,0.027543182606342947,0.0890687478402154,7.724052343547633e-08,double_exp_fit,1.0,1,0.0,0.0
core,0.1,two_exp,0.0,noise-free,named,one_pilot,30,870,0,1.0,0.9333333333333333,0.03333333333333333,1.0,0.0039907324678699,0.027543182606342947,0.0890687478402154,0.1524012497851172,single_exp_fit,0.9666666666666667,2,0.0,0.0
core,0.1,two_exp,0.0,noise-free,named,many_pilots,30,30,0,1.0,0.9666666666666667,0.0,1.0,0.003990732450409901,0.027543182606342947,0.0890687478402154,0.1452429020605875,single_exp_fit,1.0,1,0.0,0.0
core,0.1,two_exp,0.0,noise-free,classical,one_pilot,30,870,0,1.0,0.8666666666666667,0.0,1.0,0.0083493955864801,0.027543182606342947,0.0890687478402154,0.30387646123280754,brezinski_theta2,1.0,1,0.0,0.0
core,0.1,two_exp,0.0,noise-free,classical,many_pilots,30,30,0,1.0,0.8666666666666667,0.0,1.0,0.0083493955864801,0.027543182606342947,0.0890687478402154,0.30387646123280754,brezinski_theta2,1.0,1,0.0,0.0
core,0.1,two_exp,0.0,noise-free,all,one_pilot,30,870,0,1.0,1.0,0.0,1.0,2.335384524654316e-09,0.027543182606342947,0.0890687478402154,1.2521010913077944e-07,double_exp_fit,0.9,2,0.0,0.0
core,0.1,two_exp,0.0,noise-free,all,many_pilots,30,30,0,1.0,1.0,0.0,1.0,1.2742320497360904e-09,0.027543182606342947,0.0890687478402154,7.724052343547633e-08,double_exp_fit,1.0,1,0.0,0.0
core,0.1,two_exp,0.001,sigma=0.001,lead,one_pilot,30,870,0,1.0,0.6839080459770115,0.06666666666666667,0.9908045977011494,0.0057443604499214,0.02746922588013635,0.0891336106110046,0.26216599958763315,single_exp_fit,0.43333333333333335,8,0.0034482758620689655,0.0
core,0.1,two_exp,0.001,sigma=0.001,lead,many_pilots,30,30,0,1.0,0.9,0.0,1.0,0.00416451961602505,0.02746922588013635,0.0891336106110046,0.17712031040178036,single_exp_fit,1.0,1,0.0,0.0
core,0.1,two_exp,0.001,sigma=0.001,named,one_pilot,30,870,0,1.0,0.8068965517241379,0.1,1.0,0.0043275995865232,0.02746922588013635,0.0891336106110046,0.17794919666123565,single_exp_fit,0.9,2,0.0,0.0
core,0.1,two_exp,0.001,sigma=0.001,named,many_pilots,30,30,0,1.0,0.9,0.0,1.0,0.00416451961602505,0.02746922588013635,0.0891336106110046,0.17712031040178036,single_exp_fit,1.0,1,0.0,0.0
core,0.1,two_exp,0.001,sigma=0.001,classical,one_pilot,30,870,0,0.996551724137931,0.0,0.0,0.3850574712643678,0.0919321995032231,0.02746922588013635,0.0891336106110046,3.7437973783215632,wynn_rho_2,0.26666666666666666,10,0.0034482758620689655,0.0
core,0.1,two_exp,0.001,sigma=0.001,classical,many_pilots,30,30,0,1.0,0.0,0.0,0.5666666666666667,0.08633044020315489,0.02746922588013635,0.0891336106110046,3.6941469560850706,wynn_rho_2,1.0,1,0.0,0.0
core,0.1,two_exp,0.001,sigma=0.001,all,one_pilot,30,870,0,1.0,0.6701149425287356,0.06666666666666667,0.9908045977011494,0.0058467286737318,0.02746922588013635,0.0891336106110046,0.3246291129233355,single_exp_fit,0.36666666666666664,10,0.0034482758620689655,0.0
core,0.1,two_exp,0.001,sigma=0.001,all,many_pilots,30,30,0,1.0,0.9,0.0,1.0,0.00416451961602505,0.02746922588013635,0.0891336106110046,0.17712031040178036,single_exp_fit,1.0,1,0.0,0.0
core,0.1,two_exp,0.005,sigma=0.005,lead,one_pilot,30,870,0,1.0,0.6045977011494252,0.06666666666666667,0.9804597701149426,0.013700338254298,0.02809794519673105,0.0874967200100281,0.6511114821027084,double_exp_fit,0.36666666666666664,8,0.0,0.0
core,0.1,two_exp,0.005,sigma=0.005,lead,many_pilots,30,30,0,1.0,0.9,0.0,1.0,0.00748457283510655,0.02809794519673105,0.0874967200100281,0.25892398082729734,single_exp_fit,1.0,1,0.0,0.0
core,0.1,two_exp,0.005,sigma=0.005,named,one_pilot,30,870,0,1.0,0.8068965517241379,0.1,1.0,0.0076597263753665,0.02809794519673105,0.0874967200100281,0.2993166702853991,single_exp_fit,0.9,2,0.0,0.0
core,0.1,two_exp,0.005,sigma=0.005,named,many_pilots,30,30,0,1.0,0.9,0.0,1.0,0.00748457283510655,0.02809794519673105,0.0874967200100281,0.25892398082729734,single_exp_fit,1.0,1,0.0,0.0
core,0.1,two_exp,0.005,sigma=0.005,classical,one_pilot,30,870,0,0.9977011494252873,0.01954022988505747,0.0,0.34022988505747126,0.0917695926068804,0.02809794519673105,0.0874967200100281,3.549201568344872,brezinski_theta1,0.3,7,0.004597701149425287,0.0
core,0.1,two_exp,0.005,sigma=0.005,classical,many_pilots,30,30,0,1.0,0.0,0.0,0.5666666666666667,0.08594537732835544,0.02809794519673105,0.0874967200100281,3.42312314584505,brezinski_theta1,1.0,1,0.0,0.0
core,0.1,two_exp,0.005,sigma=0.005,all,one_pilot,30,870,0,1.0,0.6471264367816092,0.03333333333333333,0.960919540229885,0.0082552140424345,0.02809794519673105,0.0874967200100281,0.4808487206857801,richardson_a05,0.26666666666666666,11,0.0,0.0
core,0.1,two_exp,0.005,sigma=0.005,all,many_pilots,30,30,0,1.0,0.9,0.0,1.0,0.00549447259329955,0.02809794519673105,0.0874967200100281,0.1848871715154108,richardson_a05,1.0,1,0.0,0.0
core,0.1,three_exp,0.0,noise-free,lead,one_pilot,30,870,0,0.9988505747126437,0.7781609195402299,0.0,0.9781609195402299,0.0100681671191437,0.03387770925779865,0.1324557777700856,0.29719153323123837,pade_45,0.3,10,0.011494252873563218,0.0
core,0.1,three_exp,0.0,noise-free,lead,many_pilots,30,30,0,1.0,0.5666666666666667,0.0,1.0,0.0028029279953251,0.03387770925779865,0.1324557777700856,0.08273663907766457,double_exp_fit,1.0,1,0.0,0.0
core,0.1,three_exp,0.0,noise-free,named,one_pilot,30,870,0,1.0,0.0,1.0,1.0,0.03387770925779865,0.03387770925779865,0.1324557777700856,1.0,rational_fit,1.0,1,0.0,0.0
core,0.1,three_exp,0.0,noise-free,named,many_pilots,30,30,0,1.0,0.0,1.0,1.0,0.03387770925779865,0.03387770925779865,0.1324557777700856,1.0,rational_fit,1.0,1,0.0,0.0
core,0.1,three_exp,0.0,noise-free,classical,one_pilot,30,870,0,1.0,1.0,0.0,1.0,0.014571378228173351,0.03387770925779865,0.1324557777700856,0.43011704340642065,shanks_4,1.0,1,0.0,0.0
core,0.1,three_exp,0.0,noise-free,classical,many_pilots,30,30,0,1.0,1.0,0.0,1.0,0.014571378228173351,0.03387770925779865,0.1324557777700856,0.43011704340642065,shanks_4,1.0,1,0.0,0.0
core,0.1,three_exp,0.0,noise-free,all,one_pilot,30,870,0,1.0,0.871264367816092,0.0,0.9816091954022989,0.0027448707143745,0.03387770925779865,0.1324557777700856,0.08102292356152326,neville_3,0.4666666666666667,8,0.009195402298850575,0.0
core,0.1,three_exp,0.0,noise-free,all,many_pilots,30,30,0,1.0,1.0,0.0,1.0,0.00274487071160765,0.03387770925779865,0.1324557777700856,0.08102291366341367,neville_3,1.0,1,0.0,0.0
core,0.1,three_exp,0.001,sigma=0.001,lead,one_pilot,30,870,0,0.993103448275862,0.5655172413793104,0.0,0.9298850574712644,0.0281013485702844,0.03401290099917615,0.13252064054087476,0.8446387783991051,double_exp_fit,0.23333333333333334,9,0.014942528735632184,0.0
core,0.1,three_exp,0.001,sigma=0.001,lead,many_pilots,30,30,0,0.9666666666666667,0.5666666666666667,0.0,0.8,0.0253537892490051,0.03401290099917615,0.13252064054087476,0.7150551364112948,pade_12,0.9,2,0.03333333333333333,0.0
core,0.1,three_exp,0.001,sigma=0.001,named,one_pilot,30,870,0,1.0,0.0,1.0,1.0,0.03401290099917615,0.03401290099917615,0.13252064054087476,1.0,rational_fit,1.0,1,0.0,0.0
core,0.1,three_exp,0.001,sigma=0.001,named,many_pilots,30,30,0,1.0,0.0,1.0,1.0,0.03401290099917615,0.03401290099917615,0.13252064054087476,1.0,rational_fit,1.0,1,0.0,0.0
core,0.1,three_exp,0.001,sigma=0.001,classical,one_pilot,30,870,0,0.9954022988505747,0.0034482758620689655,0.0,0.37126436781609196,0.13471564725377838,0.03401290099917615,0.13252064054087476,3.878781020042044,wynn_rho_2,0.23333333333333334,12,0.004597701149425287,0.0
core,0.1,three_exp,0.001,sigma=0.001,classical,many_pilots,30,30,0,1.0,0.0,0.0,0.5666666666666667,0.1318248080196887,0.03401290099917615,0.13252064054087476,3.7635316421044074,wynn_rho_2,1.0,1,0.0,0.0
core,0.1,three_exp,0.001,sigma=0.001,all,one_pilot,30,870,0,0.9942528735632183,0.5218390804597701,0.0,0.8954022988505748,0.0305114019969853,0.03401290099917615,0.13252064054087476,0.9057639930543958,double_exp_fit,0.2,11,0.01264367816091954,0.0
core,0.1,three_exp,0.001,sigma=0.001,all,many_pilots,30,30,0,0.9666666666666667,0.5666666666666667,0.0,0.8,0.0253537892490051,0.03401290099917615,0.13252064054087476,0.7150551364112948,pade_12,0.9,2,0.03333333333333333,0.0
core,0.1,three_exp,0.005,sigma=0.005,lead,one_pilot,30,870,0,1.0,0.5448275862068965,0.0,0.9735632183908046,0.0269567819071525,0.03234024841883765,0.1308837499398982,0.8814423762263226,pade_22,0.16666666666666666,11,0.0,0.0
core,0.1,three_exp,0.005,sigma=0.005,lead,many_pilots,30,30,0,1.0,0.7333333333333333,0.0,1.0,0.01588653778107765,0.03234024841883765,0.1308837499398982,0.5162660619470233,pade_22,1.0,1,0.0,0.0
core,0.1,three_exp,0.005,sigma=0.005,named,one_pilot,30,870,0,1.0,0.0,1.0,1.0,0.03234024841883765,0.03234024841883765,0.1308837499398982,1.0,rational_fit,1.0,1,0.0,0.0
core,0.1,three_exp,0.005,sigma=0.005,named,many_pilots,30,30,0,1.0,0.0,1.0,1.0,0.03234024841883765,0.03234024841883765,0.1308837499398982,1.0,rational_fit,1.0,1,0.0,0.0
core,0.1,three_exp,0.005,sigma=0.005,classical,one_pilot,30,870,0,1.0,0.0,0.0,0.34597701149425286,0.1342189918976679,0.03234024841883765,0.1308837499398982,4.1777023758368355,brezinski_theta1,0.26666666666666666,9,0.0034482758620689655,0.0
core,0.1,three_exp,0.005,sigma=0.005,classical,many_pilots,30,30,0,1.0,0.0,0.0,0.5666666666666667,0.12880673757862293,0.03234024841883765,0.1308837499398982,3.905513253425201,brezinski_theta1,1.0,1,0.0,0.0
core,0.1,three_exp,0.005,sigma=0.005,all,one_pilot,30,870,0,0.9885057471264368,0.5149425287356322,0.0,0.9459770114942528,0.0272604673301765,0.03234024841883765,0.1308837499398982,0.9712479271932951,pade_11,0.16666666666666666,12,0.016091954022988506,0.0
core,0.1,three_exp,0.005,sigma=0.005,all,many_pilots,30,30,0,1.0,0.7333333333333333,0.0,1.0,0.01588653778107765,0.03234024841883765,0.1308837499398982,0.5162660619470233,pade_22,1.0,1,0.0,0.0
core,0.1,four_exp,0.0,noise-free,lead,one_pilot,30,870,0,0.9758620689655172,0.7689655172413793,0.0,0.957471264367816,0.013932054189888,0.03290622081552955,0.1446059111827189,0.4233866545995137,pade_12,0.26666666666666666,7,0.02413793103448276,0.0
core,0.1,four_exp,0.0,noise-free,lead,many_pilots,30,30,0,1.0,1.0,0.0,1.0,0.0099737158437843,0.03290622081552955,0.1446059111827189,0.303095157589522,pade_34,1.0,1,0.0,0.0
core,0.1,four_exp,0.0,noise-free,named,one_pilot,30,870,0,1.0,0.0,1.0,1.0,0.03290622081552955,0.03290622081552955,0.1446059111827189,1.0,rational_fit,1.0,1,0.0,0.0
core,0.1,four_exp,0.0,noise-free,named,many_pilots,30,30,0,1.0,0.0,1.0,1.0,0.03290622081552955,0.03290622081552955,0.1446059111827189,1.0,rational_fit,1.0,1,0.0,0.0
core,0.1,four_exp,0.0,noise-free,classical,one_pilot,30,870,0,1.0,1.0,0.0,1.0,0.0003563778329284,0.03290622081552955,0.1446059111827189,0.010830104845432485,wynn_rho_3,1.0,1,0.0,0.0
core,0.1,four_exp,0.0,noise-free,classical,many_pilots,30,30,0,1.0,1.0,0.0,1.0,0.0003563778329284,0.03290622081552955,0.1446059111827189,0.010830104845432485,wynn_rho_3,1.0,1,0.0,0.0
core,0.1,four_exp,0.0,noise-free,all,one_pilot,30,870,0,1.0,0.9885057471264368,0.0,1.0,0.0003563778329284,0.03290622081552955,0.1446059111827189,0.01083010518155374,wynn_rho_3,0.9333333333333333,2,0.0,0.0
core,0.1,four_exp,0.0,noise-free,all,many_pilots,30,30,0,1.0,1.0,0.0,1.0,0.0003563778329284,0.03290622081552955,0.1446059111827189,0.010830104845432485,wynn_rho_3,1.0,1,0.0,0.0
core,0.1,four_exp,0.001,sigma=0.001,lead,one_pilot,30,870,0,0.9919540229885058,0.732183908045977,0.0,0.9137931034482759,0.0220387224152587,0.033137334954388045,0.14467077395350805,0.6540670612339962,richardson_2,0.26666666666666666,8,0.016091954022988506,0.0
core,0.1,four_exp,0.001,sigma=0.001,lead,many_pilots,30,30,0,1.0,0.9666666666666667,0.0,1.0,0.0154797198451465,0.033137334954388045,0.14467077395350805,0.4621181519146951,richardson_2,1.0,1,0.0,0.0
core,0.1,four_exp,0.001,sigma=0.001,named,one_pilot,30,870,0,1.0,0.0,1.0,1.0,0.033137334954388045,0.033137334954388045,0.14467077395350805,1.0,rational_fit,1.0,1,0.0,0.0
core,0.1,four_exp,0.001,sigma=0.001,named,many_pilots,30,30,0,1.0,0.0,1.0,1.0,0.033137334954388045,0.033137334954388045,0.14467077395350805,1.0,rational_fit,1.0,1,0.0,0.0
core,0.1,four_exp,0.001,sigma=0.001,classical,one_pilot,30,870,0,0.993103448275862,0.017241379310344827,0.0,0.3793103448275862,0.146786144077209,0.033137334954388045,0.14467077395350805,4.3631901322429885,wynn_rho_2,0.2,9,0.006896551724137931,0.0
core,0.1,four_exp,0.001,sigma=0.001,classical,many_pilots,30,30,0,0.9666666666666667,0.0,0.0,0.3333333333333333,0.1468712334829664,0.033137334954388045,0.14467077395350805,4.348492910473307,wynn_rho_2,0.7333333333333333,3,0.03333333333333333,0.0
core,0.1,four_exp,0.001,sigma=0.001,all,one_pilot,30,870,0,0.9919540229885058,0.732183908045977,0.0,0.9137931034482759,0.0220387224152587,0.033137334954388045,0.14467077395350805,0.6540670612339962,richardson_2,0.26666666666666666,8,0.016091954022988506,0.0
core,0.1,four_exp,0.001,sigma=0.001,all,many_pilots,30,30,0,1.0,0.9666666666666667,0.0,1.0,0.0154797198451465,0.033137334954388045,0.14467077395350805,0.4621181519146951,richardson_2,1.0,1,0.0,0.0
core,0.1,four_exp,0.005,sigma=0.005,lead,one_pilot,30,870,0,1.0,0.5275862068965518,0.03333333333333333,0.9459770114942528,0.0249289727373292,0.03102673313562195,0.1430338833525316,0.8956561400779216,pade_22,0.2,11,0.0,0.0
core,0.1,four_exp,0.005,sigma=0.005,lead,many_pilots,30,30,0,1.0,0.7333333333333333,0.0,1.0,0.01864579603736035,0.03102673313562195,0.1430338833525316,0.6132247944389613,richardson_2,0.9666666666666667,2,0.0,0.0
core,0.1,four_exp,0.005,sigma=0.005,named,one_pilot,30,870,0,1.0,0.0,1.0,1.0,0.03102673313562195,0.03102673313562195,0.1430338833525316,1.0,rational_fit,1.0,1,0.0,0.0
core,0.1,four_exp,0.005,sigma=0.005,named,many_pilots,30,30,0,1.0,0.0,1.0,1.0,0.03102673313562195,0.03102673313562195,0.1430338833525316,1.0,rational_fit,1.0,1,0.0,0.0
core,0.1,four_exp,0.005,sigma=0.005,classical,one_pilot,30,870,0,1.0,0.0,0.0,0.36666666666666664,0.1457766705192997,0.03102673313562195,0.1430338833525316,4.940305304348776,brezinski_theta1,0.3333333333333333,9,0.0,0.0
core,0.1,four_exp,0.005,sigma=0.005,classical,many_pilots,30,30,0,1.0,0.0,0.0,0.5666666666666667,0.14102803971000588,0.03102673313562195,0.1430338833525316,4.4548458243096825,brezinski_theta1,1.0,1,0.0,0.0
core,0.1,four_exp,0.005,sigma=0.005,all,one_pilot,30,870,0,1.0,0.5252873563218391,0.0,0.9390804597701149,0.0259793549821235,0.03102673313562195,0.1430338833525316,0.9032227080766826,pade_22,0.16666666666666666,12,0.0,0.0
core,0.1,four_exp,0.005,sigma=0.005,all,many_pilots,30,30,0,1.0,0.7333333333333333,0.0,1.0,0.01864579603736035,0.03102673313562195,0.1430338833525316,0.6132247944389613,richardson_2,0.9666666666666667,2,0.0,0.0
core,0.1,power_law,0.0,noise-free,lead,one_pilot,30,870,0,1.0,1.0,0.0,1.0,1.7457174187843205e-05,0.0062135740371628,0.0306206110119206,0.002809522277890426,richardson_2,0.5333333333333333,2,0.0,0.0
core,0.1,power_law,0.0,noise-free,lead,many_pilots,30,30,0,1.0,1.0,0.0,1.0,1.741216798309582e-05,0.0062135740371628,0.0306206110119206,0.002802276405336821,richardson_2,1.0,1,0.0,0.0
core,0.1,power_law,0.0,noise-free,named,one_pilot,30,870,0,1.0,0.0,1.0,1.0,0.0062135740371628,0.0062135740371628,0.0306206110119206,1.0,rational_fit,1.0,1,0.0,0.0
core,0.1,power_law,0.0,noise-free,named,many_pilots,30,30,0,1.0,0.0,1.0,1.0,0.0062135740371628,0.0062135740371628,0.0306206110119206,1.0,rational_fit,1.0,1,0.0,0.0
core,0.1,power_law,0.0,noise-free,classical,one_pilot,30,870,0,1.0,0.9988505747126437,0.0,1.0,0.0004652639453253,0.0062135740371628,0.0306206110119206,0.07487862740424817,wynn_rho_2,0.9666666666666667,2,0.0,0.0
core,0.1,power_law,0.0,noise-free,classical,many_pilots,30,30,0,1.0,1.0,0.0,1.0,0.0004652639453253,0.0062135740371628,0.0306206110119206,0.07487862663001035,wynn_rho_2,1.0,1,0.0,0.0
core,0.1,power_law,0.0,noise-free,all,one_pilot,30,870,0,1.0,1.0,0.0,1.0,1.7457174187843205e-05,0.0062135740371628,0.0306206110119206,0.002809522277890426,richardson_2,0.5333333333333333,2,0.0,0.0
core,0.1,power_law,0.0,noise-free,all,many_pilots,30,30,0,1.0,1.0,0.0,1.0,1.741216798309582e-05,0.0062135740371628,0.0306206110119206,0.002802276405336821,richardson_2,1.0,1,0.0,0.0
core,0.1,power_law,0.001,sigma=0.001,lead,one_pilot,30,870,0,1.0,0.8114942528735632,0.0,1.0,0.0025600908884678,0.0066390187714872005,0.03068547378270975,0.3765817546595166,richardson_1,0.5666666666666667,3,0.0,0.0
core,0.1,power_law,0.001,sigma=0.001,lead,many_pilots,30,30,0,1.0,0.7666666666666667,0.0,1.0,0.0032102906557153,0.0066390187714872005,0.03068547378270975,0.5061725296132258,richardson_1,0.5,2,0.0,0.0
core,0.1,power_law,0.001,sigma=0.001,named,one_pilot,30,870,0,1.0,0.0,1.0,1.0,0.0066390187714872005,0.0066390187714872005,0.03068547378270975,1.0,rational_fit,1.0,1,0.0,0.0
core,0.1,power_law,0.001,sigma=0.001,named,many_pilots,30,30,0,1.0,0.0,1.0,1.0,0.0066390187714872005,0.0066390187714872005,0.03068547378270975,1.0,rational_fit,1.0,1,0.0,0.0
core,0.1,power_law,0.001,sigma=0.001,classical,one_pilot,30,870,0,1.0,0.009195402298850575,0.0,0.4057471264367816,0.0315530705398214,0.0066390187714872005,0.03068547378270975,4.704326874605986,brezinski_theta2,0.3,10,0.0034482758620689655,0.0
core,0.1,power_law,0.001,sigma=0.001,classical,many_pilots,30,30,0,1.0,0.0,0.0,0.5333333333333333,0.0310760349899879,0.0066390187714872005,0.03068547378270975,4.629054338118125,brezinski_theta1,0.5,2,0.0,0.0
core,0.1,power_law,0.001,sigma=0.001,all,one_pilot,30,870,0,1.0,0.7919540229885057,0.0,1.0,0.00272282213494675,0.0066390187714872005,0.03068547378270975,0.43225448193043886,richardson_1,0.3333333333333333,6,0.0,0.0
core,0.1,power_law,0.001,sigma=0.001,all,many_pilots,30,30,0,1.0,0.8333333333333334,0.0,1.0,0.0030460584139242,0.0066390187714872005,0.03068547378270975,0.4175277399501836,pade_11,0.8,2,0.0,0.0
core,0.1,power_law,0.005,sigma=0.005,lead,one_pilot,30,870,0,0.9988505747126437,0.21149425287356322,0.4,0.9080459770114943,0.0106653568750271,0.00893117971792065,0.029048583181733298,1.0,rational_fit,0.4,8,0.01264367816091954,0.0
core,0.1,power_law,0.005,sigma=0.005,lead,many_pilots,30,30,0,1.0,0.0,1.0,1.0,0.00893117971792065,0.00893117971792065,0.029048583181733298,1.0,rational_fit,1.0,1,0.0,0.0
core,0.1,power_law,0.005,sigma=0.005,named,one_pilot,30,870,0,1.0,0.006896551724137931,0.9,0.9862068965517241,0.009358255182812,0.00893117971792065,0.029048583181733298,1.0,rational_fit,0.9,2,0.0,0.0
core,0.1,power_law,0.005,sigma=0.005,named,many_pilots,30,30,0,1.0,0.0,1.0,1.0,0.00893117971792065,0.00893117971792065,0.029048583181733298,1.0,rational_fit,1.0,1,0.0,0.0
core,0.1,power_law,0.005,sigma=0.005,classical,one_pilot,30,870,0,1.0,0.041379310344827586,0.0,0.39195402298850573,0.0306391257617143,0.00893117971792065,0.029048583181733298,3.788665169778136,brezinski_theta1,0.23333333333333334,10,0.006896551724137931,0.0
core,0.1,power_law,0.005,sigma=0.005,classical,many_pilots,30,30,0,1.0,0.1,0.0,0.5666666666666667,0.026182959379059498,0.00893117971792065,0.029048583181733298,3.2207062207921955,brezinski_theta1,1.0,1,0.0,0.0
core,0.1,power_law,0.005,sigma=0.005,all,one_pilot,30,870,0,0.9839080459770115,0.15172413793103448,0.26666666666666666,0.8091954022988506,0.01365543628715515,0.00893117971792065,0.029048583181733298,1.2864762221044397,rational_fit,0.26666666666666666,16,0.029885057471264367,0.0
core,0.1,power_law,0.005,sigma=0.005,all,many_pilots,30,30,0,1.0,0.0,1.0,1.0,0.00893117971792065,0.00893117971792065,0.029048583181733298,1.0,rational_fit,1.0,1,0.0,0.0
core,0.1,rational_decay,0.0,noise-free,lead,one_pilot,30,870,0,1.0,0.4827586206896552,0.3,1.0,6.84452494681409e-14,1.1433354263346018e-12,0.1565217391304348,0.03311116186679402,pade_22,0.7,2,0.0,0.0
core,0.1,rational_decay,0.0,noise-free,lead,many_pilots,30,30,0,1.0,0.7,0.0,1.0,6.706440958126337e-14,1.1433354263346018e-12,0.1565217391304348,0.016203133717392196,pade_22,1.0,1,0.0,0.0
core,0.1,rational_decay,0.0,noise-free,named,one_pilot,30,870,0,1.0,0.0,1.0,1.0,1.1433354263346018e-12,1.1433354263346018e-12,0.1565217391304348,1.0,rational_fit,1.0,1,0.0,0.0
core,0.1,rational_decay,0.0,noise-free,named,many_pilots,30,30,0,1.0,0.0,1.0,1.0,1.1433354263346018e-12,1.1433354263346018e-12,0.1565217391304348,1.0,rational_fit,1.0,1,0.0,0.0
core,0.1,rational_decay,0.0,noise-free,classical,one_pilot,30,870,0,1.0,0.0,0.0,1.0,0.0047036249457969,1.1433354263346018e-12,0.1565217391304348,1100878595.9545262,shanks_4,0.9,2,0.0,0.0
core,0.1,rational_decay,0.0,noise-free,classical,many_pilots,30,30,0,1.0,0.0,0.0,1.0,0.0046787873304255,1.1433354263346018e-12,0.1565217391304348,946200538.8130169,shanks_4,1.0,1,0.0,0.0
core,0.1,rational_decay,0.0,noise-free,all,one_pilot,30,870,0,1.0,0.5816091954022988,0.23333333333333334,1.0,2.55351295663786e-15,1.1433354263346018e-12,0.1565217391304348,0.000855056387502311,pade_11,0.7666666666666667,2,0.0,0.0
core,0.1,rational_decay,0.0,noise-free,all,many_pilots,30,30,0,1.0,0.7666666666666667,0.0,1.0,2.4563684419831592e-15,1.1433354263346018e-12,0.1565217391304348,0.0005795549963928025,pade_11,1.0,1,0.0,0.0
core,0.1,rational_decay,0.001,sigma=0.001,lead,one_pilot,30,870,0,1.0,0.19195402298850575,0.4666666666666667,1.0,0.0020417282486541,0.0018736157961693001,0.15658660190122395,1.0,rational_fit,0.4666666666666667,3,0.0,0.0
core,0.1,rational_decay,0.001,sigma=0.001,lead,many_pilots,30,30,0,1.0,0.0,1.0,1.0,0.0018736157961693001,0.0018736157961693001,0.15658660190122395,1.0,rational_fit,1.0,1,0.0,0.0
core,0.1,rational_decay,0.001,sigma=0.001,named,one_pilot,30,870,0,1.0,0.0,1.0,1.0,0.0018736157961693001,0.0018736157961693001,0.15658660190122395,1.0,rational_fit,1.0,1,0.0,0.0
core,0.1,rational_decay,0.001,sigma=0.001,named,many_pilots,30,30,0,1.0,0.0,1.0,1.0,0.0018736157961693001,0.0018736157961693001,0.15658660190122395,1.0,rational_fit,1.0,1,0.0,0.0
core,0.1,rational_decay,0.001,sigma=0.001,classical,one_pilot,30,870,0,1.0,0.0,0.0,0.40229885057471265,0.1593405145571818,0.0018736157961693001,0.15658660190122395,89.13671980573201,wynn_rho_2,0.23333333333333334,9,0.005747126436781609,0.0
core,0.1,rational_decay,0.001,sigma=0.001,classical,many_pilots,30,30,0,1.0,0.0,0.0,0.5666666666666667,0.1544404705617218,0.0018736157961693001,0.15658660190122395,90.70802459806251,wynn_rho_2,1.0,1,0.0,0.0
core,0.1,rational_decay,0.001,sigma=0.001,all,one_pilot,30,870,0,1.0,0.18850574712643678,0.4,1.0,0.0022168884167956,0.0018736157961693001,0.15658660190122395,1.0,rational_fit,0.4,5,0.0,0.0
core,0.1,rational_decay,0.001,sigma=0.001,all,many_pilots,30,30,0,1.0,0.0,1.0,1.0,0.0018736157961693001,0.0018736157961693001,0.15658660190122395,1.0,rational_fit,1.0,1,0.0,0.0
core,0.1,rational_decay,0.005,sigma=0.005,lead,one_pilot,30,870,0,1.0,0.10689655172413794,0.4666666666666667,1.0,0.0133706820667446,0.00796155304426365,0.1549497113002474,1.0,rational_fit,0.4666666666666667,6,0.0,0.0
core,0.1,rational_decay,0.005,sigma=0.005,lead,many_pilots,30,30,0,1.0,0.0,1.0,1.0,0.00796155304426365,0.00796155304426365,0.1549497113002474,1.0,rational_fit,1.0,1,0.0,0.0
core,0.1,rational_decay,0.005,sigma=0.005,named,one_pilot,30,870,0,1.0,0.0,1.0,1.0,0.00796155304426365,0.00796155304426365,0.1549497113002474,1.0,rational_fit,1.0,1,0.0,0.0
core,0.1,rational_decay,0.005,sigma=0.005,named,many_pilots,30,30,0,1.0,0.0,1.0,1.0,0.00796155304426365,0.00796155304426365,0.1549497113002474,1.0,rational_fit,1.0,1,0.0,0.0
core,0.1,rational_decay,0.005,sigma=0.005,classical,one_pilot,30,870,0,1.0,0.0,0.0,0.35517241379310344,0.15856321127404527,0.00796155304426365,0.1549497113002474,19.492665416918715,brezinski_theta1,0.3333333333333333,8,0.009195402298850575,0.0
core,0.1,rational_decay,0.005,sigma=0.005,classical,many_pilots,30,30,0,1.0,0.0,0.0,0.5666666666666667,0.15284207161242155,0.00796155304426365,0.1549497113002474,19.66589224111825,brezinski_theta1,1.0,1,0.0,0.0
core,0.1,rational_decay,0.005,sigma=0.005,all,one_pilot,30,870,0,0.9988505747126437,0.14367816091954022,0.26666666666666666,0.9816091954022989,0.0184249488210638,0.00796155304426365,0.1549497113002474,1.83156071130218,rational_fit,0.26666666666666666,9,0.0011494252873563218,0.0
core,0.1,rational_decay,0.005,sigma=0.005,all,many_pilots,30,30,0,1.0,0.0,1.0,1.0,0.00796155304426365,0.00796155304426365,0.1549497113002474,1.0,rational_fit,1.0,1,0.0,0.0
core,0.1,mixed_pow_rat,0.0,noise-free,lead,one_pilot,30,870,0,0.9862068965517241,0.8988505747126436,0.0,0.9862068965517241,0.0020776267975289,0.0144469860150752,0.1341685417808766,0.14381039898845216,pade_33,0.8,5,0.013793103448275862,0.0
core,0.1,mixed_pow_rat,0.0,noise-free,lead,many_pilots,30,30,0,1.0,1.0,0.0,1.0,0.0020775728963780497,0.0144469860150752,0.1341685417808766,0.1438066568282477,pade_33,1.0,1,0.0,0.0
core,0.1,mixed_pow_rat,0.0,noise-free,named,one_pilot,30,870,0,1.0,0.0,1.0,1.0,0.0144469860150752,0.0144469860150752,0.1341685417808766,1.0,rational_fit,1.0,1,0.0,0.0
core,0.1,mixed_pow_rat,0.0,noise-free,named,many_pilots,30,30,0,1.0,0.0,1.0,1.0,0.0144469860150752,0.0144469860150752,0.1341685417808766,1.0,rational_fit,1.0,1,0.0,0.0
core,0.1,mixed_pow_rat,0.0,noise-free,classical,one_pilot,30,870,0,1.0,1.0,0.0,1.0,0.0003286884814485,0.0144469860150752,0.1341685417808766,0.02275135319616623,wynn_rho_1,1.0,1,0.0,0.0
core,0.1,mixed_pow_rat,0.0,noise-free,classical,many_pilots,30,30,0,1.0,1.0,0.0,1.0,0.0003286884814485,0.0144469860150752,0.1341685417808766,0.02275135319616623,wynn_rho_1,1.0,1,0.0,0.0
core,0.1,mixed_pow_rat,0.0,noise-free,all,one_pilot,30,870,0,0.9954022988505747,0.9666666666666667,0.0,0.9954022988505747,0.0003286884814485,0.0144469860150752,0.1341685417808766,0.022751353264333335,wynn_rho_1,0.9333333333333333,3,0.004597701149425287,0.0
core,0.1,mixed_pow_rat,0.0,noise-free,all,many_pilots,30,30,0,1.0,1.0,0.0,1.0,0.0003286884814485,0.0144469860150752,0.1341685417808766,0.02275135319616623,wynn_rho_1,1.0,1,0.0,0.0
core,0.1,mixed_pow_rat,0.001,sigma=0.001,lead,one_pilot,30,870,0,1.0,0.4425287356321839,0.13333333333333333,1.0,0.0142459995706415,0.014790853397977699,0.1342334045516658,1.0,richardson_2,0.2,7,0.0,0.0
core,0.1,mixed_pow_rat,0.001,sigma=0.001,lead,many_pilots,30,30,0,1.0,0.5,0.0,1.0,0.0124504521632995,0.014790853397977699,0.1342334045516658,1.0410561969259253,log_linear,0.5,2,0.0,0.0
core,0.1,mixed_pow_rat,0.001,sigma=0.001,named,one_pilot,30,870,0,1.0,0.0,1.0,1.0,0.014790853397977699,0.014790853397977699,0.1342334045516658,1.0,rational_fit,1.0,1,0.0,0.0
core,0.1,mixed_pow_rat,0.001,sigma=0.001,named,many_pilots,30,30,0,1.0,0.0,1.0,1.0,0.014790853397977699,0.014790853397977699,0.1342334045516658,1.0,rational_fit,1.0,1,0.0,0.0
core,0.1,mixed_pow_rat,0.001,sigma=0.001,classical,one_pilot,30,870,0,0.993103448275862,0.0,0.0,0.3850574712643678,0.1359290862327152,0.014790853397977699,0.1342334045516658,9.104042485685838,wynn_rho_2,0.2,10,0.006896551724137931,0.0
core,0.1,mixed_pow_rat,0.001,sigma=0.001,classical,many_pilots,30,30,0,1.0,0.0,0.0,0.3333333333333333,0.1363863174013723,0.014790853397977699,0.1342334045516658,9.255288920072436,wynn_rho_2,0.5,3,0.0,0.0
core,0.1,mixed_pow_rat,0.001,sigma=0.001,all,one_pilot,30,870,0,1.0,0.5275862068965518,0.0,0.9666666666666667,0.0137312220383329,0.014790853397977699,0.1342334045516658,0.9464276626200523,pade_44,0.2,11,0.03218390804597701,0.0
core,0.1,mixed_pow_rat,0.001,sigma=0.001,all,many_pilots,30,30,0,1.0,1.0,0.0,1.0,0.01038056724962305,0.014790853397977699,0.1342334045516658,0.7327563051983881,pade_11,1.0,1,0.0,0.0
core,0.1,mixed_pow_rat,0.005,sigma=0.005,lead,one_pilot,30,870,0,1.0,0.2045977011494253,0.36666666666666664,0.9666666666666667,0.0193209877586327,0.01668110385174005,0.13259651395068928,1.0,rational_fit,0.36666666666666664,7,0.0,0.0
core,0.1,mixed_pow_rat,0.005,sigma=0.005,lead,many_pilots,30,30,0,1.0,0.43333333333333335,0.0,1.0,0.00660933384952065,0.01668110385174005,0.13259651395068928,1.4441068061926954,richardson_3,1.0,1,0.0,0.0
core,0.1,mixed_pow_rat,0.005,sigma=0.005,named,one_pilot,30,870,0,1.0,0.0,1.0,1.0,0.01668110385174005,0.01668110385174005,0.13259651395068928,1.0,rational_fit,1.0,1,0.0,0.0
core,0.1,mixed_pow_rat,0.005,sigma=0.005,named,many_pilots,30,30,0,1.0,0.0,1.0,1.0,0.01668110385174005,0.01668110385174005,0.13259651395068928,1.0,rational_fit,1.0,1,0.0,0.0
core,0.1,mixed_pow_rat,0.005,sigma=0.005,classical,one_pilot,30,870,0,1.0,0.0022988505747126436,0.0,0.37701149425287356,0.1351976447427606,0.01668110385174005,0.13259651395068928,8.088518622758153,brezinski_theta1,0.3333333333333333,10,0.0,0.0
core,0.1,mixed_pow_rat,0.005,sigma=0.005,classical,many_pilots,30,30,0,1.0,0.0,0.0,0.5666666666666667,0.13062681604739018,0.01668110385174005,0.13259651395068928,7.668942290693545,brezinski_theta1,1.0,1,0.0,0.0
core,0.1,mixed_pow_rat,0.005,sigma=0.005,all,one_pilot,30,870,0,1.0,0.21149425287356322,0.3,0.9298850574712644,0.0215816044136013,0.01668110385174005,0.13259651395068928,1.0,rational_fit,0.3,10,0.0,0.0
core,0.1,mixed_pow_rat,0.005,sigma=0.005,all,many_pilots,30,30,0,1.0,0.43333333333333335,0.0,1.0,0.00660933384952065,0.01668110385174005,0.13259651395068928,1.4441068061926954,richardson_3,1.0,1,0.0,0.0
core,0.1,multiphase,0.0,noise-free,lead,one_pilot,30,870,0,1.0,0.9632183908045977,0.0,0.9862068965517241,0.0291919823371263,0.11801355568526095,0.179197884554381,0.24736125906837608,log_linear,0.6333333333333333,3,0.0,0.0
core,0.1,multiphase,0.0,noise-free,lead,many_pilots,30,30,0,1.0,1.0,0.0,1.0,0.01655575887266325,0.11801355568526095,0.179197884554381,0.14028692012919217,log_linear,1.0,1,0.0,0.0
core,0.1,multiphase,0.0,noise-free,named,one_pilot,30,870,0,1.0,0.0,1.0,1.0,0.11801355568526095,0.11801355568526095,0.179197884554381,1.0,rational_fit,1.0,1,0.0,0.0
core,0.1,multiphase,0.0,noise-free,named,many_pilots,30,30,0,1.0,0.0,1.0,1.0,0.11801355568526095,0.11801355568526095,0.179197884554381,1.0,rational_fit,1.0,1,0.0,0.0
core,0.1,multiphase,0.0,noise-free,classical,one_pilot,30,870,0,1.0,1.0,0.0,1.0,0.024431020049204798,0.11801355568526095,0.179197884554381,0.20701876040281336,wynn_rho_3,1.0,1,0.0,0.0
core,0.1,multiphase,0.0,noise-free,classical,many_pilots,30,30,0,1.0,1.0,0.0,1.0,0.024431020049204798,0.11801355568526095,0.179197884554381,0.20701876040281336,wynn_rho_3,1.0,1,0.0,0.0
core,0.1,multiphase,0.0,noise-free,all,one_pilot,30,870,0,1.0,0.9632183908045977,0.0,0.9862068965517241,0.0213755678335961,0.11801355568526095,0.179197884554381,0.18112807237141096,log_linear,0.5666666666666667,3,0.0,0.0
core,0.1,multiphase,0.0,noise-free,all,many_pilots,30,30,0,1.0,1.0,0.0,1.0,0.01655575887266325,0.11801355568526095,0.179197884554381,0.14028692012919217,log_linear,1.0,1,0.0,0.0
core,0.1,multiphase,0.001,sigma=0.001,lead,one_pilot,30,870,0,1.0,0.9770114942528736,0.0,1.0,0.0169946411475494,0.11812450829444066,0.1792627473251702,0.143427402054015,log_linear,0.9666666666666667,2,0.0,0.0
core,0.1,multiphase,0.001,sigma=0.001,lead,many_pilots,30,30,0,1.0,1.0,0.0,1.0,0.0167157689700332,0.11812450829444066,0.1792627473251702,0.1409090851965767,log_linear,1.0,1,0.0,0.0
core,0.1,multiphase,0.001,sigma=0.001,named,one_pilot,30,870,0,1.0,0.0,1.0,1.0,0.11812450829444066,0.11812450829444066,0.1792627473251702,1.0,rational_fit,1.0,1,0.0,0.0
core,0.1,multiphase,0.001,sigma=0.001,named,many_pilots,30,30,0,1.0,0.0,1.0,1.0,0.11812450829444066,0.11812450829444066,0.1792627473251702,1.0,rational_fit,1.0,1,0.0,0.0
core,0.1,multiphase,0.001,sigma=0.001,classical,one_pilot,30,870,0,1.0,0.021839080459770115,0.0,0.364367816091954,0.1806085835839808,0.11812450829444066,0.1792627473251702,1.5273978342596892,brezinski_theta1,0.26666666666666666,9,0.0,0.0
core,0.1,multiphase,0.001,sigma=0.001,classical,many_pilots,30,30,0,1.0,0.0,0.0,0.43333333333333335,0.17955246722614027,0.11812450829444066,0.1792627473251702,1.5211712696678445,anderson_3,1.0,1,0.0,0.0
core,0.1,multiphase,0.001,sigma=0.001,all,one_pilot,30,870,0,1.0,0.9770114942528736,0.0,1.0,0.0207018378507436,0.11812450829444066,0.1792627473251702,0.17506471996920697,log_linear,0.6666666666666666,3,0.0,0.0
core,0.1,multiphase,0.001,sigma=0.001,all,many_pilots,30,30,0,1.0,1.0,0.0,1.0,0.0167157689700332,0.11812450829444066,0.1792627473251702,0.1409090851965767,log_linear,1.0,1,0.0,0.0
core,0.1,multiphase,0.005,sigma=0.005,lead,one_pilot,30,870,0,1.0,0.9620689655172414,0.0,0.993103448275862,0.0188455376922777,0.11734712122703135,0.17762585672419368,0.16075489504267257,log_linear,0.9,4,0.0,0.0
core,0.1,multiphase,0.005,sigma=0.005,lead,many_pilots,30,30,0,1.0,1.0,0.0,1.0,0.0172810842025483,0.11734712122703135,0.17762585672419368,0.14564221445175407,log_linear,1.0,1,0.0,0.0
core,0.1,multiphase,0.005,sigma=0.005,named,one_pilot,30,870,0,1.0,0.0,1.0,1.0,0.11734712122703135,0.11734712122703135,0.17762585672419368,1.0,rational_fit,1.0,1,0.0,0.0
core,0.1,multiphase,0.005,sigma=0.005,named,many_pilots,30,30,0,1.0,0.0,1.0,1.0,0.11734712122703135,0.11734712122703135,0.17762585672419368,1.0,rational_fit,1.0,1,0.0,0.0
core,0.1,multiphase,0.005,sigma=0.005,classical,one_pilot,30,870,0,1.0,0.0022988505747126436,0.0,0.41724137931034483,0.17952727701436155,0.11734712122703135,0.17762585672419368,1.5284977107060302,brezinski_theta1,0.3,11,0.0,0.0
core,0.1,multiphase,0.005,sigma=0.005,classical,many_pilots,30,30,0,1.0,0.0,0.0,0.5666666666666667,0.1750188883443075,0.11734712122703135,0.17762585672419368,1.4932173184378263,brezinski_theta1,1.0,1,0.0,0.0
core,0.1,multiphase,0.005,sigma=0.005,all,one_pilot,30,870,0,1.0,0.9896551724137931,0.0,0.993103448275862,0.0198892426221065,0.11734712122703135,0.17762585672419368,0.1680844968435457,log_linear,0.6666666666666666,4,0.0,0.0
core,0.1,multiphase,0.005,sigma=0.005,all,many_pilots,30,30,0,1.0,1.0,0.0,1.0,0.0172810842025483,0.11734712122703135,0.17762585672419368,0.14564221445175407,log_linear,1.0,1,0.0,0.0
core,0.1,osc_exp,0.0,noise-free,lead,one_pilot,30,870,0,1.0,0.8091954022988506,0.0,0.9333333333333333,0.0026389694177107,0.03645440435975145,0.0467549242631779,0.10426693630051766,pade_22,0.6,7,0.0,0.0
core,0.1,osc_exp,0.0,noise-free,lead,many_pilots,30,30,0,1.0,0.9666666666666667,0.0,1.0,0.0026389694177106,0.03645440435975145,0.0467549242631779,0.07239257474189259,pade_22,1.0,1,0.0,0.0
core,0.1,osc_exp,0.0,noise-free,named,one_pilot,30,870,0,1.0,0.35172413793103446,0.4,1.0,0.0333349419879743,0.03645440435975145,0.0467549242631779,1.0,single_exp_fit,0.6,2,0.0,0.0
core,0.1,osc_exp,0.0,noise-free,named,many_pilots,30,30,0,1.0,0.6,0.0,1.0,0.03333492563913025,0.03645440435975145,0.0467549242631779,0.9144534081127887,single_exp_fit,1.0,1,0.0,0.0
core,0.1,osc_exp,0.0,noise-free,classical,one_pilot,30,870,0,1.0,0.9333333333333333,0.0,1.0,0.004948511836923001,0.03645440435975145,0.0467549242631779,0.13574826440602253,wynn_eps_3,1.0,1,0.0,0.0
core,0.1,osc_exp,0.0,noise-free,classical,many_pilots,30,30,0,1.0,0.9333333333333333,0.0,1.0,0.004948511836923001,0.03645440435975145,0.0467549242631779,0.13574826440602253,wynn_eps_3,1.0,1,0.0,0.0
core,0.1,osc_exp,0.0,noise-free,all,one_pilot,30,870,0,1.0,0.7563218390804598,0.0,0.8781609195402299,0.0026389694177108,0.03645440435975145,0.0467549242631779,0.15048878058980106,pade_22,0.5333333333333333,8,0.0,0.0
core,0.1,osc_exp,0.0,noise-free,all,many_pilots,30,30,0,1.0,0.9666666666666667,0.0,1.0,0.0026389694177106,0.03645440435975145,0.0467549242631779,0.07239257474189259,pade_22,1.0,1,0.0,0.0
core,0.1,osc_exp,0.001,sigma=0.001,lead,one_pilot,30,870,0,1.0,0.8,0.0,0.9321839080459771,0.0030457752958383,0.03626699232229065,0.04681978703396705,0.10873711150312522,pade_22,0.6666666666666666,6,0.0,0.0
core,0.1,osc_exp,0.001,sigma=0.001,lead,many_pilots,30,30,0,1.0,0.9333333333333333,0.0,1.0,0.00262334705621295,0.03626699232229065,0.04681978703396705,0.07455829074218745,pade_22,1.0,1,0.0,0.0
core,0.1,osc_exp,0.001,sigma=0.001,named,one_pilot,30,870,0,1.0,0.35172413793103446,0.4,1.0,0.0335623961761657,0.03626699232229065,0.04681978703396705,1.0,single_exp_fit,0.6,2,0.0,0.0
core,0.1,osc_exp,0.001,sigma=0.001,named,many_pilots,30,30,0,1.0,0.6,0.0,1.0,0.03344106160697405,0.03626699232229065,0.04681978703396705,0.9309300151275368,single_exp_fit,1.0,1,0.0,0.0
core,0.1,osc_exp,0.001,sigma=0.001,classical,one_pilot,30,870,0,1.0,0.011494252873563218,0.0,0.43103448275862066,0.0474402043531213,0.03626699232229065,0.04681978703396705,1.3647569545600606,brezinski_theta2,0.36666666666666664,8,0.0,0.0
core,0.1,osc_exp,0.001,sigma=0.001,classical,many_pilots,30,30,0,1.0,0.0,0.0,0.5,0.0470510935374593,0.03626699232229065,0.04681978703396705,1.3236179935696506,anderson_3,0.9333333333333333,2,0.0,0.0
core,0.1,osc_exp,0.001,sigma=0.001,all,one_pilot,30,870,0,1.0,0.7494252873563219,0.0,0.8770114942528736,0.0033365024114518,0.03626699232229065,0.04681978703396705,0.14148612009207556,pade_22,0.6,7,0.0,0.0
core,0.1,osc_exp,0.001,sigma=0.001,all,many_pilots,30,30,0,1.0,0.9333333333333333,0.0,1.0,0.00262334705621295,0.03626699232229065,0.04681978703396705,0.07455829074218745,pade_22,1.0,1,0.0,0.0
core,0.1,osc_exp,0.005,sigma=0.005,lead,one_pilot,30,870,0,1.0,0.7988505747126436,0.0,0.906896551724138,0.0048002861029988,0.03490168025583365,0.045182896432990546,0.1847430491043618,pade_22,0.6333333333333333,6,0.0,0.0
core,0.1,osc_exp,0.005,sigma=0.005,lead,many_pilots,30,30,0,1.0,0.9666666666666667,0.0,1.0,0.0039719133497277,0.03490168025583365,0.045182896432990546,0.11006017679064922,pade_22,1.0,1,0.0,0.0
core,0.1,osc_exp,0.005,sigma=0.005,named,one_pilot,30,870,0,1.0,0.35172413793103446,0.4,0.9862068965517241,0.0335619005088181,0.03490168025583365,0.045182896432990546,1.0,single_exp_fit,0.6,2,0.0,0.0
core,0.1,osc_exp,0.005,sigma=0.005,named,many_pilots,30,30,0,1.0,0.6,0.0,1.0,0.03324795744037425,0.03490168025583365,0.045182896432990546,0.9148250024562194,single_exp_fit,1.0,1,0.0,0.0
core,0.1,osc_exp,0.005,sigma=0.005,classical,one_pilot,30,870,0,1.0,0.08620689655172414,0.0,0.4,0.0468376872790252,0.03490168025583365,0.045182896432990546,1.4095116036528297,brezinski_theta1,0.23333333333333334,10,0.0022988505747126436,0.0
core,0.1,osc_exp,0.005,sigma=0.005,classical,many_pilots,30,30,0,1.0,0.13333333333333333,0.0,0.5666666666666667,0.04237171609282625,0.03490168025583365,0.045182896432990546,1.3477837429210209,brezinski_theta1,1.0,1,0.0,0.0
core,0.1,osc_exp,0.005,sigma=0.005,all,one_pilot,30,870,0,1.0,0.7160919540229885,0.0,0.832183908045977,0.0057772982167667,0.03490168025583365,0.045182896432990546,0.21235254080734045,pade_22,0.5333333333333333,8,0.0,0.0
core,0.1,osc_exp,0.005,sigma=0.005,all,many_pilots,30,30,0,1.0,0.9666666666666667,0.0,1.0,0.0039719133497277,0.03490168025583365,0.045182896432990546,0.11006017679064922,pade_22,1.0,1,0.0,0.0
core,0.1,damped_osc_pow,0.0,noise-free,lead,one_pilot,30,870,0,1.0,1.0,0.0,1.0,1.0998644858623008e-05,0.0116166681343205,0.0501492103831675,0.0009467985744686079,richardson_2,0.6666666666666666,2,0.0,0.0
core,0.1,damped_osc_pow,0.0,noise-free,lead,many_pilots,30,30,0,1.0,1.0,0.0,1.0,1.093509441060965e-05,0.0116166681343205,0.0501492103831675,0.0009413278833558579,richardson_2,1.0,1,0.0,0.0
core,0.1,damped_osc_pow,0.0,noise-free,named,one_pilot,30,870,0,1.0,0.0,1.0,1.0,0.0116166681343205,0.0116166681343205,0.0501492103831675,1.0,rational_fit,1.0,1,0.0,0.0
core,0.1,damped_osc_pow,0.0,noise-free,named,many_pilots,30,30,0,1.0,0.0,1.0,1.0,0.0116166681343205,0.0116166681343205,0.0501492103831675,1.0,rational_fit,1.0,1,0.0,0.0
core,0.1,damped_osc_pow,0.0,noise-free,classical,one_pilot,30,870,0,1.0,1.0,0.0,1.0,0.00022050426877425,0.0116166681343205,0.0501492103831675,0.01898171381830468,wynn_rho_2,1.0,1,0.0,0.0
core,0.1,damped_osc_pow,0.0,noise-free,classical,many_pilots,30,30,0,1.0,1.0,0.0,1.0,0.00022050426877425,0.0116166681343205,0.0501492103831675,0.01898171381830468,wynn_rho_2,1.0,1,0.0,0.0
core,0.1,damped_osc_pow,0.0,noise-free,all,one_pilot,30,870,0,1.0,1.0,0.0,1.0,1.0998644858623008e-05,0.0116166681343205,0.0501492103831675,0.0009467985744686079,richardson_2,0.6666666666666666,2,0.0,0.0
core,0.1,damped_osc_pow,0.0,noise-free,all,many_pilots,30,30,0,1.0,1.0,0.0,1.0,1.093509441060965e-05,0.0116166681343205,0.0501492103831675,0.0009413278833558579,richardson_2,1.0,1,0.0,0.0
core,0.1,damped_osc_pow,0.001,sigma=0.001,lead,one_pilot,30,870,0,1.0,0.9310344827586207,0.0,0.9977011494252873,0.0031442887407764,0.0119832759192673,0.0502140731539567,0.2459284171989765,richardson_1,0.8666666666666667,4,0.0,0.0
core,0.1,damped_osc_pow,0.001,sigma=0.001,lead,many_pilots,30,30,0,1.0,0.9666666666666667,0.0,1.0,0.0025555450587397,0.0119832759192673,0.0502140731539567,0.22988023966381088,richardson_1,1.0,1,0.0,0.0
core,0.1,damped_osc_pow,0.001,sigma=0.001,named,one_pilot,30,870,0,1.0,0.0,1.0,1.0,0.0119832759192673,0.0119832759192673,0.0502140731539567,1.0,rational_fit,1.0,1,0.0,0.0
core,0.1,damped_osc_pow,0.001,sigma=0.001,named,many_pilots,30,30,0,1.0,0.0,1.0,1.0,0.0119832759192673,0.0119832759192673,0.0502140731539567,1.0,rational_fit,1.0,1,0.0,0.0
core,0.1,damped_osc_pow,0.001,sigma=0.001,classical,one_pilot,30,870,0,0.993103448275862,0.006896551724137931,0.0,0.3850574712643678,0.0512954635105127,0.0119832759192673,0.0502140731539567,4.2376599294194595,brezinski_theta1,0.26666666666666666,10,0.006896551724137931,0.0
core,0.1,damped_osc_pow,0.001,sigma=0.001,classical,many_pilots,30,30,0,1.0,0.0,0.0,0.5,0.05060848293104825,0.0119832759192673,0.0502140731539567,4.173986758929326,anderson_3,0.9,2,0.0,0.0
core,0.1,damped_osc_pow,0.001,sigma=0.001,all,one_pilot,30,870,0,1.0,0.9,0.0,0.9977011494252873,0.0034255254406174,0.0119832759192673,0.0502140731539567,0.31073078063922793,richardson_1,0.7333333333333333,4,0.0,0.0
core,0.1,damped_osc_pow,0.001,sigma=0.001,all,many_pilots,30,30,0,1.0,0.9666666666666667,0.0,1.0,0.0025555450587397,0.0119832759192673,0.0502140731539567,0.22988023966381088,richardson_1,1.0,1,0.0,0.0
core,0.1,damped_osc_pow,0.005,sigma=0.005,lead,one_pilot,30,870,0,0.9954022988505747,0.28620689655172415,0.3333333333333333,0.8827586206896552,0.0142284758124206,0.0136380956028434,0.0485771825529802,1.0,richardson_1,0.3333333333333333,7,0.020689655172413793,0.0
core,0.1,damped_osc_pow,0.005,sigma=0.005,lead,many_pilots,30,30,0,1.0,0.5333333333333333,0.0,0.9,0.009558331199631651,0.0136380956028434,0.0485771825529802,0.9239973371578876,richardson_1,1.0,1,0.0,0.0
core,0.1,damped_osc_pow,0.005,sigma=0.005,named,one_pilot,30,870,0,1.0,0.0,0.9666666666666667,0.9988505747126437,0.0137855998852384,0.0136380956028434,0.0485771825529802,1.0,rational_fit,0.9666666666666667,2,0.0,0.0
core,0.1,damped_osc_pow,0.005,sigma=0.005,named,many_pilots,30,30,0,1.0,0.0,1.0,1.0,0.0136380956028434,0.0136380956028434,0.0485771825529802,1.0,rational_fit,1.0,1,0.0,0.0
core,0.1,damped_osc_pow,0.005,sigma=0.005,classical,one_pilot,30,870,0,1.0,0.0034482758620689655,0.0,0.40344827586206894,0.0503091285987971,0.0136380956028434,0.0485771825529802,4.1454734492520044,brezinski_theta1,0.23333333333333334,12,0.0034482758620689655,0.0
core,0.1,damped_osc_pow,0.005,sigma=0.005,classical,many_pilots,30,30,0,1.0,0.0,0.0,0.5666666666666667,0.0458265198739415,0.0136380956028434,0.0485771825529802,3.648025344652157,brezinski_theta1,1.0,1,0.0,0.0
core,0.1,damped_osc_pow,0.005,sigma=0.005,all,one_pilot,30,870,0,0.9885057471264368,0.2471264367816092,0.2,0.8068965517241379,0.0166708730482846,0.0136380956028434,0.0485771825529802,1.1408236958011544,richardson_1,0.23333333333333334,10,0.04597701149425287,0.0
core,0.1,damped_osc_pow,0.005,sigma=0.005,all,many_pilots,30,30,0,1.0,0.5333333333333333,0.0,0.9,0.009558331199631651,0.0136380956028434,0.0485771825529802,0.9239973371578876,richardson_1,1.0,1,0.0,0.0
core,0.1,delayed_plateau,0.0,noise-free,lead,one_pilot,30,870,0,1.0,0.7298850574712644,0.03333333333333333,1.0,0.0140838745388647,0.048067042251350195,0.2197280530033291,0.4401828472785324,single_exp_fit,0.43333333333333335,7,0.0,0.0
core,0.1,delayed_plateau,0.0,noise-free,lead,many_pilots,30,30,0,1.0,0.8666666666666667,0.0,1.0,0.01408318394838795,0.048067042251350195,0.2197280530033291,0.29303928493229925,single_exp_fit,1.0,1,0.0,0.0
core,0.1,delayed_plateau,0.0,noise-free,named,one_pilot,30,870,0,1.0,0.7471264367816092,0.13333333333333333,1.0,0.014083390331724,0.048067042251350195,0.2197280530033291,0.406383022281183,single_exp_fit,0.8666666666666667,2,0.0,0.0
core,0.1,delayed_plateau,0.0,noise-free,named,many_pilots,30,30,0,1.0,0.8666666666666667,0.0,1.0,0.01408318394838795,0.048067042251350195,0.2197280530033291,0.29303928493229925,single_exp_fit,1.0,1,0.0,0.0
core,0.1,delayed_plateau,0.0,noise-free,classical,one_pilot,30,870,0,1.0,0.7,0.0,1.0,0.0233955468594103,0.048067042251350195,0.2197280530033291,0.48681113762918077,shanks_1,0.4666666666666667,3,0.0,0.0
core,0.1,delayed_plateau,0.0,noise-free,classical,many_pilots,30,30,0,1.0,0.7,0.0,1.0,0.02339554685940985,0.048067042251350195,0.2197280530033291,0.48681113762856576,levin_t1,1.0,1,0.0,0.0
core,0.1,delayed_plateau,0.0,noise-free,all,one_pilot,30,870,0,1.0,0.9885057471264368,0.0,1.0,0.0002745870723906,0.048067042251350195,0.2197280530033291,0.005788500017233986,neville_2,0.9666666666666667,2,0.0,0.0
core,0.1,delayed_plateau,0.0,noise-free,all,many_pilots,30,30,0,1.0,1.0,0.0,1.0,0.00027458707238865,0.048067042251350195,0.2197280530033291,0.005713567880498792,neville_2,1.0,1,0.0,0.0
core,0.1,delayed_plateau,0.001,sigma=0.001,lead,one_pilot,30,870,0,0.9620689655172414,0.6172413793103448,0.1,0.9620689655172414,0.0159861985431655,0.0481767430951611,0.2197929157741182,0.587510778713451,single_exp_fit,0.6333333333333333,6,0.03793103448275862,0.0
core,0.1,delayed_plateau,0.001,sigma=0.001,lead,many_pilots,30,30,0,1.0,0.8333333333333334,0.0,1.0,0.0141945632230467,0.0481767430951611,0.2197929157741182,0.34326789500273824,single_exp_fit,1.0,1,0.0,0.0
core,0.1,delayed_plateau,0.001,sigma=0.001,named,one_pilot,30,870,0,1.0,0.6896551724137931,0.16666666666666666,1.0,0.0151958073082588,0.0481767430951611,0.2197929157741182,0.4137312969933107,single_exp_fit,0.8333333333333334,2,0.0,0.0
core,0.1,delayed_plateau,0.001,sigma=0.001,named,many_pilots,30,30,0,1.0,0.8333333333333334,0.0,1.0,0.0141945632230467,0.0481767430951611,0.2197929157741182,0.34326789500273824,single_exp_fit,1.0,1,0.0,0.0
core,0.1,delayed_plateau,0.001,sigma=0.001,classical,one_pilot,30,870,0,0.9885057471264368,0.006896551724137931,0.0,0.4160919540229885,0.2243513721755986,0.0481767430951611,0.2197929157741182,4.790814139549891,wynn_rho_2,0.3,11,0.013793103448275862,0.0
core,0.1,delayed_plateau,0.001,sigma=0.001,classical,many_pilots,30,30,0,1.0,0.0,0.0,0.5666666666666667,0.21331431475846965,0.0481767430951611,0.2197929157741182,5.01542885865312,wynn_rho_2,1.0,1,0.0,0.0
core,0.1,delayed_plateau,0.001,sigma=0.001,all,one_pilot,30,870,0,0.9735632183908046,0.4574712643678161,0.1,0.957471264367816,0.0271092051919762,0.0481767430951611,0.2197929157741182,1.0,pade_13,0.4666666666666667,8,0.026436781609195402,0.0
core,0.1,delayed_plateau,0.001,sigma=0.001,all,many_pilots,30,30,0,1.0,0.8333333333333334,0.0,1.0,0.0141945632230467,0.0481767430951611,0.2197929157741182,0.34326789500273824,single_exp_fit,1.0,1,0.0,0.0
core,0.1,delayed_plateau,0.005,sigma=0.005,lead,one_pilot,30,870,0,0.9701149425287356,0.41839080459770117,0.2,0.967816091954023,0.0214603627421576,0.0480722198487599,0.2181560251731417,1.0,single_exp_fit,0.4,7,0.029885057471264367,0.0
core,0.1,delayed_plateau,0.005,sigma=0.005,lead,many_pilots,30,30,0,1.0,0.7,0.0,1.0,0.0167360223222218,0.0480722198487599,0.2181560251731417,0.4393043460204925,single_exp_fit,1.0,1,0.0,0.0
core,0.1,delayed_plateau,0.005,sigma=0.005,named,one_pilot,30,870,0,1.0,0.4827586206896552,0.3,1.0,0.0207225181512894,0.0480722198487599,0.2181560251731417,1.0,single_exp_fit,0.7,2,0.0,0.0
core,0.1,delayed_plateau,0.005,sigma=0.005,named,many_pilots,30,30,0,1.0,0.7,0.0,1.0,0.0167360223222218,0.0480722198487599,0.2181560251731417,0.4393043460204925,single_exp_fit,1.0,1,0.0,0.0
core,0.1,delayed_plateau,0.005,sigma=0.005,classical,one_pilot,30,870,0,1.0,0.0,0.0,0.31724137931034485,0.22446211557235218,0.0480722198487599,0.2181560251731417,4.97762648710091,wynn_rho_3,0.23333333333333334,7,0.006896551724137931,0.0
core,0.1,delayed_plateau,0.005,sigma=0.005,classical,many_pilots,30,30,0,1.0,0.0,0.0,0.5666666666666667,0.2177743787545962,0.0480722198487599,0.2181560251731417,4.555594222907894,brezinski_theta1,1.0,1,0.0,0.0
core,0.1,delayed_plateau,0.005,sigma=0.005,all,one_pilot,30,870,0,0.9701149425287356,0.3896551724137931,0.16666666666666666,0.967816091954023,0.0313049303764528,0.0480722198487599,0.2181560251731417,1.0,pade_13,0.3,8,0.029885057471264367,0.0
core,0.1,delayed_plateau,0.005,sigma=0.005,all,many_pilots,30,30,0,1.0,0.7,0.0,1.0,0.0167360223222218,0.0480722198487599,0.2181560251731417,0.4393043460204925,single_exp_fit,1.0,1,0.0,0.0
core,0.1,staircase,0.0,noise-free,lead,one_pilot,30,870,0,1.0,0.4724137931034483,0.0,1.0,0.0542751530222986,0.050009222119925,0.18,1.1508937794523462,double_exp_fit,0.5333333333333333,7,0.0,0.0
core,0.1,staircase,0.0,noise-free,lead,many_pilots,30,30,0,1.0,0.6,0.0,1.0,0.032799523148495,0.050009222119925,0.18,0.6594510884451286,double_exp_fit,1.0,1,0.0,0.0
core,0.1,staircase,0.0,noise-free,named,one_pilot,30,870,0,1.0,0.04827586206896552,0.7666666666666667,1.0,0.0652121834730722,0.050009222119925,0.18,1.0,rational_fit,0.7666666666666667,2,0.0,0.0
core,0.1,staircase,0.0,noise-free,named,many_pilots,30,30,0,1.0,0.0,1.0,1.0,0.050009222119925,0.050009222119925,0.18,1.0,rational_fit,1.0,1,0.0,0.0
core,0.1,staircase,0.0,noise-free,classical,one_pilot,30,870,0,1.0,0.0,0.0,0.0,0.2799999000001,0.050009222119925,0.18,5.603313260429843,anderson_1,1.0,1,0.0,0.0
core,0.1,staircase,0.0,noise-free,classical,many_pilots,30,30,0,1.0,0.0,0.0,0.0,0.2799999000001,0.050009222119925,0.18,5.603313260429843,anderson_1,1.0,1,0.0,0.0
core,0.1,staircase,0.0,noise-free,all,one_pilot,30,870,0,1.0,0.4793103448275862,0.0,1.0,0.0503209780471566,0.050009222119925,0.18,1.1205793008253622,double_exp_fit,0.5333333333333333,8,0.0,0.0
core,0.1,staircase,0.0,noise-free,all,many_pilots,30,30,0,1.0,0.6,0.0,1.0,0.032799523148495,0.050009222119925,0.18,0.6594510884451286,double_exp_fit,1.0,1,0.0,0.0
core,0.1,staircase,0.001,sigma=0.001,lead,one_pilot,30,870,0,1.0,0.4689655172413793,0.0,1.0,0.0527491494894235,0.0518939847837198,0.18006486277078915,1.154218982930829,double_exp_fit,0.5666666666666667,7,0.0,0.0
core,0.1,staircase,0.001,sigma=0.001,lead,many_pilots,30,30,0,1.0,0.6,0.0,1.0,0.0327319256967637,0.0518939847837198,0.18006486277078915,0.6562194776669279,double_exp_fit,1.0,1,0.0,0.0
core,0.1,staircase,0.001,sigma=0.001,named,one_pilot,30,870,0,1.0,0.04827586206896552,0.7666666666666667,1.0,0.0652282350029261,0.0518939847837198,0.18006486277078915,1.0,rational_fit,0.7666666666666667,2,0.0,0.0
core,0.1,staircase,0.001,sigma=0.001,named,many_pilots,30,30,0,1.0,0.0,1.0,1.0,0.0518939847837198,0.0518939847837198,0.18006486277078915,1.0,rational_fit,1.0,1,0.0,0.0
core,0.1,staircase,0.001,sigma=0.001,classical,one_pilot,30,870,0,1.0,0.0,0.0,0.0,0.2802486054901287,0.0518939847837198,0.18006486277078915,5.402910069241632,brezinski_theta1,0.2,11,0.0,0.0
core,0.1,staircase,0.001,sigma=0.001,classical,many_pilots,30,30,0,1.0,0.0,0.0,0.0,0.2796633765480152,0.0518939847837198,0.18006486277078915,5.380681523195914,brezinski_theta1,1.0,1,0.0,0.0
core,0.1,staircase,0.001,sigma=0.001,all,one_pilot,30,870,0,1.0,0.4793103448275862,0.0,1.0,0.0505308317740549,0.0518939847837198,0.18006486277078915,1.1218011920860897,double_exp_fit,0.5333333333333333,8,0.0,0.0
core,0.1,staircase,0.001,sigma=0.001,all,many_pilots,30,30,0,1.0,0.6,0.0,1.0,0.0327319256967637,0.0518939847837198,0.18006486277078915,0.6562194776669279,double_exp_fit,1.0,1,0.0,0.0
core,0.1,staircase,0.005,sigma=0.005,lead,one_pilot,30,870,0,0.996551724137931,0.4689655172413793,0.0,0.996551724137931,0.0489824225750773,0.05697214120038495,0.17842797216981265,1.1179838286832726,double_exp_fit,0.5666666666666667,8,0.0034482758620689655,0.0
core,0.1,staircase,0.005,sigma=0.005,lead,many_pilots,30,30,0,1.0,0.6,0.0,1.0,0.033641284409630254,0.05697214120038495,0.17842797216981265,0.6805340715940198,double_exp_fit,1.0,1,0.0,0.0
core,0.1,staircase,0.005,sigma=0.005,named,one_pilot,30,870,0,1.0,0.10344827586206896,0.6666666666666666,1.0,0.05827110012238,0.05697214120038495,0.17842797216981265,1.0,rational_fit,0.6666666666666666,2,0.0,0.0
core,0.1,staircase,0.005,sigma=0.005,named,many_pilots,30,30,0,1.0,0.0,1.0,1.0,0.05697214120038495,0.05697214120038495,0.17842797216981265,1.0,rational_fit,1.0,1,0.0,0.0
core,0.1,staircase,0.005,sigma=0.005,classical,one_pilot,30,870,0,0.9896551724137931,0.0,0.0,0.0034482758620689655,0.2806540882141017,0.05697214120038495,0.17842797216981265,4.928775923233448,brezinski_theta2,0.3,10,0.01264367816091954,0.0
core,0.1,staircase,0.005,sigma=0.005,classical,many_pilots,30,30,0,1.0,0.0,0.0,0.0,0.2782967520539483,0.05697214120038495,0.17842797216981265,4.862100987119559,brezinski_theta1,1.0,1,0.0,0.0
core,0.1,staircase,0.005,sigma=0.005,all,one_pilot,30,870,0,0.996551724137931,0.4689655172413793,0.0,0.996551724137931,0.0489824225750773,0.05697214120038495,0.17842797216981265,1.1179838286832726,double_exp_fit,0.5666666666666667,8,0.0034482758620689655,0.0
core,0.1,staircase,0.005,sigma=0.005,all,many_pilots,30,30,0,1.0,0.6,0.0,1.0,0.033641284409630254,0.05697214120038495,0.17842797216981265,0.6805340715940198,double_exp_fit,1.0,1,0.0,0.0
core,0.1,noisy_plateau,0.0,intrinsic,lead,one_pilot,30,870,0,0.9977011494252873,0.3701149425287356,0.2,0.6988505747126437,0.0009211271740987,0.0006652540896246999,0.0025813607476644,1.0,single_exp_fit,0.2,11,0.067816091954023,0.06666666666666667
core,0.1,noisy_plateau,0.0,intrinsic,lead,many_pilots,30,30,0,1.0,0.5333333333333333,0.06666666666666667,0.8,0.00085925948048805,0.0006652540896246999,0.0025813607476644,0.7493235202688382,richardson_1,0.8666666666666667,3,0.06666666666666667,0.06666666666666667
core,0.1,noisy_plateau,0.0,intrinsic,named,one_pilot,30,870,0,1.0,0.27586206896551724,0.4666666666666667,0.7482758620689656,0.0007357729135247,0.0006652540896246999,0.0025813607476644,1.0,single_exp_fit,0.5333333333333333,2,0.04942528735632184,0.06666666666666667
core,0.1,noisy_plateau,0.0,intrinsic,named,many_pilots,30,30,0,1.0,0.13333333333333333,0.5,0.7,0.0010551890843369,0.0006652540896246999,0.0025813607476644,1.0,single_exp_fit,0.5,2,0.06666666666666667,0.06666666666666667
core,0.1,noisy_plateau,0.0,intrinsic,classical,one_pilot,30,870,0,0.9954022988505747,0.30689655172413793,0.0,0.5402298850574713,0.0015425054114462,0.0006652540896246999,0.0025813607476644,1.8223515421209409,wynn_eps_3,0.13333333333333333,13,0.09540229885057472,0.06666666666666667
core,0.1,noisy_plateau,0.0,intrinsic,classical,many_pilots,30,30,0,1.0,0.43333333333333335,0.0,0.6,0.0009907269152605001,0.0006652540896246999,0.0025813607476644,1.2897931595784153,wynn_eps_3,1.0,1,0.06666666666666667,0.06666666666666667
core,0.1,noisy_plateau,0.0,intrinsic,all,one_pilot,30,870,0,0.9977011494252873,0.43103448275862066,0.03333333333333333,0.6885057471264368,0.0009123650119041,0.0006652540896246999,0.0025813607476644,1.068485173906148,richardson_a20,0.1,17,0.07586206896551724,0.06666666666666667
core,0.1,noisy_plateau,0.0,intrinsic,all,many_pilots,30,30,0,1.0,0.6666666666666666,0.0,0.8333333333333334,0.00037970713593855,0.0006652540896246999,0.0025813607476644,0.5150028188294218,richardson_a20,1.0,1,0.03333333333333333,0.06666666666666667
core,0.1,noisy_plateau,0.001,sigma=0.001,lead,one_pilot,30,870,0,0.9988505747126437,0.4218390804597701,0.13333333333333333,0.6666666666666666,0.0009819953388853,0.0007677892621933,0.0024042210419142,1.0,richardson_1,0.23333333333333334,11,0.10689655172413794,0.1
core,0.1,noisy_plateau,0.001,sigma=0.001,lead,many_pilots,30,30,0,1.0,0.7333333333333333,0.0,0.7666666666666667,0.00051994066892125,0.0007677892621933,0.0024042210419142,0.5836346954622904,richardson_1,1.0,1,0.03333333333333333,0.1
core,0.1,noisy_plateau,0.001,sigma=0.001,named,one_pilot,30,870,0,1.0,0.3931034482758621,0.36666666666666664,0.7620689655172413,0.0006971104697416,0.0007677892621933,0.0024042210419142,1.0,single_exp_fit,0.6333333333333333,2,0.1,0.1
core,0.1,noisy_plateau,0.001,sigma=0.001,named,many_pilots,30,30,0,1.0,0.6333333333333333,0.0,0.8,0.00067074802942615,0.0007677892621933,0.0024042210419142,0.7979644358599371,single_exp_fit,1.0,1,0.1,0.1
core,0.1,noisy_plateau,0.001,sigma=0.001,classical,one_pilot,30,870,0,1.0,0.271264367816092,0.0,0.5551724137931034,0.0021046032582032,0.0007677892621933,0.0024042210419142,2.3332490781801467,shanks_3,0.13333333333333333,16,0.16091954022988506,0.1
core,0.1,noisy_plateau,0.001,sigma=0.001,classical,many_pilots,30,30,0,1.0,0.2,0.0,0.43333333333333335,0.0027186226396243,0.0007677892621933,0.0024042210419142,2.9396869538681782,wynn_eps_3,0.5,3,0.13333333333333333,0.1
core,0.1,noisy_plateau,0.001,sigma=0.001,all,one_pilot,30,870,0,0.9988505747126437,0.4241379310344828,0.0,0.6632183908045977,0.0011699587739062,0.0007677892621933,0.0024042210419142,1.2819717693993609,richardson_a20,0.2,21,0.10804597701149425,0.1
core,0.1,noisy_plateau,0.001,sigma=0.001,all,many_pilots,30,30,0,1.0,0.7666666666666667,0.0,0.9,0.000414390716981,0.0007677892621933,0.0024042210419142,0.38116257587125013,richardson_a20,1.0,1,0.03333333333333333,0.1
core,0.1,noisy_plateau,0.005,sigma=0.005,lead,one_pilot,30,870,0,0.9988505747126437,0.43908045977011495,0.03333333333333333,0.4827586206896552,0.0020194589397735,0.00132157720903405,0.00138477438901805,1.029837792571839,double_exp_fit,0.16666666666666666,13,0.1425287356321839,0.1
core,0.1,noisy_plateau,0.005,sigma=0.005,lead,many_pilots,30,30,0,1.0,0.7333333333333333,0.0,0.6666666666666666,0.00100401618678675,0.00132157720903405,0.00138477438901805,0.5574495463282667,richardson_1,0.9,2,0.03333333333333333,0.1
core,0.1,noisy_plateau,0.005,sigma=0.005,named,one_pilot,30,870,0,1.0,0.35172413793103446,0.4,0.596551724137931,0.0011137709962559,0.00132157720903405,0.00138477438901805,1.0,single_exp_fit,0.6,2,0.1,0.1
core,0.1,noisy_plateau,0.005,sigma=0.005,named,many_pilots,30,30,0,1.0,0.6,0.0,0.6,0.0007694817496897,0.00132157720903405,0.00138477438901805,0.7512091662622926,single_exp_fit,1.0,1,0.1,0.1
core,0.1,noisy_plateau,0.005,sigma=0.005,classical,one_pilot,30,870,0,1.0,0.42528735632183906,0.0,0.4954022988505747,0.0017000847612915,0.00132157720903405,0.00138477438901805,1.3036159843650945,wynn_rho_3,0.13333333333333333,15,0.15517241379310345,0.1
core,0.1,noisy_plateau,0.005,sigma=0.005,classical,many_pilots,30,30,0,1.0,0.5,0.0,0.6333333333333333,0.00114786966114,0.00132157720903405,0.00138477438901805,1.1040939300983936,wynn_rho_1,1.0,1,0.06666666666666667,0.1
core,0.1,noisy_plateau,0.005,sigma=0.005,all,one_pilot,30,870,0,0.9862068965517241,0.44482758620689655,0.0,0.4885057471264368,0.0016050515455375,0.00132157720903405,0.00138477438901805,1.182233089296972,wynn_eps_2,0.1,21,0.16091954022988506,0.1
core,0.1,noisy_plateau,0.005,sigma=0.005,all,many_pilots,30,30,0,1.0,0.9333333333333333,0.0,0.9,0.00036504399933665,0.00132157720903405,0.00138477438901805,0.30555282927573424,richardson_a20,1.0,1,0.0,0.1
core,0.1,slow_osc_power,0.0,noise-free,lead,one_pilot,30,870,0,1.0,0.896551724137931,0.0,0.8988505747126436,0.008806253935427,0.06885648800755405,0.0252341500859601,0.1520028130013627,single_exp_fit,0.43333333333333335,3,0.06436781609195402,0.0
core,0.1,slow_osc_power,0.0,noise-free,lead,many_pilots,30,30,0,1.0,0.9666666666666667,0.0,1.0,0.0088063346735895,0.06885648800755405,0.0252341500859601,0.12790848127055632,single_exp_fit,0.5,2,0.0,0.0
core,0.1,slow_osc_power,0.0,noise-free,named,one_pilot,30,870,0,1.0,0.9333333333333333,0.03333333333333333,0.9747126436781609,0.0088062499835324,0.06885648800755405,0.0252341500859601,0.1278932610141596,single_exp_fit,0.9666666666666667,2,0.0,0.0
core,0.1,slow_osc_power,0.0,noise-free,named,many_pilots,30,30,0,1.0,0.9666666666666667,0.0,1.0,0.008806249049896051,0.06885648800755405,0.0252341500859601,0.12789311689973243,single_exp_fit,1.0,1,0.0,0.0
core,0.1,slow_osc_power,0.0,noise-free,classical,one_pilot,30,870,0,1.0,0.7333333333333333,0.0,1.0,0.02335127626682805,0.06885648800755405,0.0252341500859601,0.339129644025404,wynn_rho_1,1.0,1,0.0,0.0
core,0.1,slow_osc_power,0.0,noise-free,classical,many_pilots,30,30,0,1.0,0.7333333333333333,0.0,1.0,0.02335127626682805,0.06885648800755405,0.0252341500859601,0.339129644025404,wynn_rho_1,1.0,1,0.0,0.0
core,0.1,slow_osc_power,0.0,noise-free,all,one_pilot,30,870,0,1.0,0.7310344827586207,0.0,0.8126436781609195,0.008806712458833,0.06885648800755405,0.0252341500859601,0.3206042410023379,single_exp_fit,0.23333333333333334,5,0.06436781609195402,0.0
core,0.1,slow_osc_power,0.0,noise-free,all,many_pilots,30,30,0,1.0,0.9666666666666667,0.0,1.0,0.0088063346735895,0.06885648800755405,0.0252341500859601,0.12790848127055632,single_exp_fit,0.5,2,0.0,0.0
core,0.1,slow_osc_power,0.001,sigma=0.001,lead,one_pilot,30,870,0,1.0,0.9022988505747126,0.0,0.9206896551724137,0.0087850924716015,0.06274668064173425,0.0252990128567493,0.15664066326829276,single_exp_fit,0.5,5,0.05057471264367816,0.0
core,0.1,slow_osc_power,0.001,sigma=0.001,lead,many_pilots,30,30,0,1.0,0.9666666666666667,0.0,1.0,0.0086122255491046,0.06274668064173425,0.0252990128567493,0.1513868082591805,single_exp_fit,0.5,2,0.0,0.0
core,0.1,slow_osc_power,0.001,sigma=0.001,named,one_pilot,30,870,0,1.0,0.9333333333333333,0.03333333333333333,0.9747126436781609,0.0086365831825886,0.06274668064173425,0.0252990128567493,0.15226824189587082,single_exp_fit,0.9666666666666667,2,0.0,0.0
core,0.1,slow_osc_power,0.001,sigma=0.001,named,many_pilots,30,30,0,1.0,0.9666666666666667,0.0,1.0,0.00861120539496015,0.06274668064173425,0.0252990128567493,0.15138584013370932,single_exp_fit,1.0,1,0.0,0.0
core,0.1,slow_osc_power,0.001,sigma=0.001,classical,one_pilot,30,870,0,1.0,0.7160919540229885,0.0,0.43448275862068964,0.0258663720764806,0.06274668064173425,0.0252990128567493,0.42461475628152207,brezinski_theta1,0.23333333333333334,11,0.016091954022988506,0.0
core,0.1,slow_osc_power,0.001,sigma=0.001,classical,many_pilots,30,30,0,1.0,0.7333333333333333,0.0,0.5333333333333333,0.0256136716200976,0.06274668064173425,0.0252990128567493,0.42156005051116596,brezinski_theta1,0.5,2,0.0,0.0
core,0.1,slow_osc_power,0.001,sigma=0.001,all,one_pilot,30,870,0,1.0,0.7563218390804598,0.0,0.8137931034482758,0.0101774128202367,0.06274668064173425,0.0252990128567493,0.3407091392623251,single_exp_fit,0.3,8,0.05057471264367816,0.0
core,0.1,slow_osc_power,0.001,sigma=0.001,all,many_pilots,30,30,0,1.0,0.9666666666666667,0.0,1.0,0.0086122255491046,0.06274668064173425,0.0252990128567493,0.1513868082591805,single_exp_fit,0.5,2,0.0,0.0
core,0.1,slow_osc_power,0.005,sigma=0.005,lead,one_pilot,30,870,0,1.0,0.7275862068965517,0.0,0.7160919540229885,0.0114602173474835,0.0548611818527072,0.0236621222557728,0.5534551908511368,double_exp_fit,0.5333333333333333,6,0.07931034482758621,0.0
core,0.1,slow_osc_power,0.005,sigma=0.005,lead,many_pilots,30,30,0,1.0,0.8,0.0,0.8333333333333334,0.011066782124421099,0.0548611818527072,0.0236621222557728,0.22841252588750288,double_exp_fit,1.0,1,0.0,0.0
core,0.1,slow_osc_power,0.005,sigma=0.005,named,one_pilot,30,870,0,1.0,0.6344827586206897,0.2,0.7160919540229885,0.0114602169411223,0.0548611818527072,0.0236621222557728,0.5534248515863895,single_exp_fit,0.8,2,0.0,0.0
core,0.1,slow_osc_power,0.005,sigma=0.005,named,many_pilots,30,30,0,1.0,0.8,0.0,0.8333333333333334,0.01107593919801025,0.0548611818527072,0.0236621222557728,0.22844114309427094,single_exp_fit,1.0,1,0.0,0.0
core,0.1,slow_osc_power,0.005,sigma=0.005,classical,one_pilot,30,870,0,1.0,0.7103448275862069,0.0,0.3793103448275862,0.0251928513253708,0.0548611818527072,0.0236621222557728,0.5250382346755209,brezinski_theta1,0.2,10,0.016091954022988506,0.0
core,0.1,slow_osc_power,0.005,sigma=0.005,classical,many_pilots,30,30,0,1.0,0.7333333333333333,0.0,0.5666666666666667,0.02071176520117385,0.0548611818527072,0.0236621222557728,0.4150116950225861,brezinski_theta1,1.0,1,0.0,0.0
core,0.1,slow_osc_power,0.005,sigma=0.005,all,one_pilot,30,870,0,0.9850574712643678,0.6988505747126437,0.0,0.6183908045977011,0.0193982201306945,0.0548611818527072,0.0236621222557728,0.5028834824851004,double_exp_fit,0.36666666666666664,12,0.01839080459770115,0.0
core,0.1,slow_osc_power,0.005,sigma=0.005,all,many_pilots,30,30,0,1.0,0.9333333333333333,0.0,1.0,0.0108579142474792,0.0548611818527072,0.0236621222557728,0.18393293324751692,richardson_a10,1.0,1,0.0,0.0
core,0.1,heavy_noise_plat,0.0,intrinsic,lead,one_pilot,30,870,0,0.9908045977011494,0.4011494252873563,0.06666666666666667,0.6045977011494252,0.0013052513805191,0.00114654695539985,0.00200044465538545,1.0102723319374634,pade_22,0.16666666666666666,13,0.15057471264367817,0.06666666666666667
core,0.1,heavy_noise_plat,0.0,intrinsic,lead,many_pilots,30,30,0,1.0,0.6333333333333333,0.0,0.8,0.00072371194059105,0.00114654695539985,0.00200044465538545,0.7673247303662034,single_exp_fit,0.5,2,0.03333333333333333,0.06666666666666667
core,0.1,heavy_noise_plat,0.0,intrinsic,named,one_pilot,30,870,0,1.0,0.4367816091954023,0.3333333333333333,0.7862068965517242,0.0008594520231336,0.00114654695539985,0.00200044465538545,1.0,single_exp_fit,0.6666666666666666,2,0.04482758620689655,0.06666666666666667
core,0.1,heavy_noise_plat,0.0,intrinsic,named,many_pilots,30,30,0,1.0,0.6666666666666666,0.0,0.8,0.00072367103815695,0.00114654695539985,0.00200044465538545,0.7673247303662034,single_exp_fit,1.0,1,0.03333333333333333,0.06666666666666667
core,0.1,heavy_noise_plat,0.0,intrinsic,classical,one_pilot,30,870,0,1.0,0.27011494252873564,0.0,0.43448275862068964,0.0029930103844775,0.00114654695539985,0.00200044465538545,2.2910527331764277,shanks_2,0.1,17,0.2103448275862069,0.06666666666666667
core,0.1,heavy_noise_plat,0.0,intrinsic,classical,many_pilots,30,30,0,1.0,0.3333333333333333,0.0,0.5666666666666667,0.0021108562310207498,0.00114654695539985,0.00200044465538545,1.8938378732240198,wynn_eps_2,0.9,2,0.13333333333333333,0.06666666666666667
core,0.1,heavy_noise_plat,0.0,intrinsic,all,one_pilot,30,870,0,0.9908045977011494,0.4011494252873563,0.0,0.5494252873563218,0.0016660238564231498,0.00114654695539985,0.00200044465538545,1.286895869603522,richardson_a20,0.06666666666666667,24,0.16206896551724137,0.06666666666666667
core,0.1,heavy_noise_plat,0.0,intrinsic,all,many_pilots,30,30,0,1.0,0.6333333333333333,0.0,0.8,0.00072371194059105,0.00114654695539985,0.00200044465538545,0.7673247303662034,single_exp_fit,0.5,2,0.03333333333333333,0.06666666666666667
core,0.1,heavy_noise_plat,0.001,sigma=0.001,lead,one_pilot,30,870,0,0.9701149425287356,0.296551724137931,0.13333333333333333,0.6195402298850575,0.0015458427595152,0.00108157208497145,0.00293832648117975,1.1118805254225723,pade_12,0.16666666666666666,11,0.18275862068965518,0.06666666666666667
core,0.1,heavy_noise_plat,0.001,sigma=0.001,lead,many_pilots,30,30,0,1.0,0.4666666666666667,0.0,0.7333333333333333,0.00134486936875495,0.00108157208497145,0.00293832648117975,1.0000006135500494,double_exp_fit,0.8,2,0.1,0.06666666666666667
core,0.1,heavy_noise_plat,0.001,sigma=0.001,named,one_pilot,30,870,0,1.0,0.31264367816091954,0.43333333333333335,0.7333333333333333,0.00107077424130785,0.00108157208497145,0.00293832648117975,1.0,single_exp_fit,0.5666666666666667,2,0.06666666666666667,0.06666666666666667
core,0.1,heavy_noise_plat,0.001,sigma=0.001,named,many_pilots,30,30,0,1.0,0.5666666666666667,0.0,0.7333333333333333,0.0010621250484905,0.00108157208497145,0.00293832648117975,0.9747738791777522,single_exp_fit,1.0,1,0.06666666666666667,0.06666666666666667
core,0.1,heavy_noise_plat,0.001,sigma=0.001,classical,one_pilot,30,870,0,1.0,0.35517241379310344,0.0,0.5471264367816092,0.0025221439086271,0.00108157208497145,0.00293832648117975,2.2062663803925373,shanks_4,0.16666666666666666,14,0.1528735632183908,0.06666666666666667
core,0.1,heavy_noise_plat,0.001,sigma=0.001,classical,many_pilots,30,30,0,1.0,0.5333333333333333,0.0,0.6666666666666666,0.00126811980019625,0.00108157208497145,0.00293832648117975,0.9446369611227164,shanks_4,1.0,1,0.16666666666666666,0.06666666666666667
core,0.1,heavy_noise_plat,0.001,sigma=0.001,all,one_pilot,30,870,0,0.9988505747126437,0.35402298850574715,0.0,0.5862068965517241,0.0018058179321252,0.00108157208497145,0.00293832648117975,1.4076166163170356,richardson_a20,0.06666666666666667,22,0.1367816091954023,0.06666666666666667
core,0.1,heavy_noise_plat,0.001,sigma=0.001,all,many_pilots,30,30,0,1.0,0.4666666666666667,0.0,0.7333333333333333,0.0010786659627923,0.00108157208497145,0.00293832648117975,1.0000016307676953,double_exp_fit,0.5,2,0.06666666666666667,0.06666666666666667
core,0.1,heavy_noise_plat,0.005,sigma=0.005,lead,one_pilot,30,870,0,0.964367816091954,0.3310344827586207,0.1,0.6310344827586207,0.0019489335581019,0.00139991332743025,0.003904286291397,1.1616060796738812,pade_33,0.16666666666666666,12,0.11609195402298851,0.03333333333333333
core,0.1,heavy_noise_plat,0.005,sigma=0.005,lead,many_pilots,30,30,0,1.0,0.7333333333333333,0.0,0.8333333333333334,0.0009952316566445999,0.00139991332743025,0.003904286291397,0.9227904828869993,double_exp_fit,0.9666666666666667,2,0.03333333333333333,0.03333333333333333
core,0.1,heavy_noise_plat,0.005,sigma=0.005,named,one_pilot,30,870,0,1.0,0.4827586206896552,0.3,0.8229885057471265,0.0010111177201856,0.00139991332743025,0.003904286291397,1.0,single_exp_fit,0.7,2,0.03333333333333333,0.03333333333333333
core,0.1,heavy_noise_plat,0.005,sigma=0.005,named,many_pilots,30,30,0,1.0,0.7,0.0,0.8333333333333334,0.0009955195377084,0.00139991332743025,0.003904286291397,0.9231661543423283,single_exp_fit,1.0,1,0.03333333333333333,0.03333333333333333
core,0.1,heavy_noise_plat,0.005,sigma=0.005,classical,one_pilot,30,870,0,0.9862068965517241,0.1793103448275862,0.0,0.5149425287356322,0.00431347491273895,0.00139991332743025,0.003904286291397,3.8829995722555286,wynn_rho_3,0.16666666666666666,14,0.13333333333333333,0.03333333333333333
core,0.1,heavy_noise_plat,0.005,sigma=0.005,classical,many_pilots,30,30,0,1.0,0.13333333333333333,0.0,0.6,0.00365728887375075,0.00139991332743025,0.003904286291397,3.912587114886878,shanks_4,0.5,2,0.13333333333333333,0.03333333333333333
core,0.1,heavy_noise_plat,0.005,sigma=0.005,all,one_pilot,30,870,0,0.9712643678160919,0.24942528735632183,0.03333333333333333,0.5758620689655173,0.0025468717570519,0.00139991332743025,0.003904286291397,2.2166092047416033,richardson_a20,0.1,23,0.12528735632183907,0.03333333333333333
core,0.1,heavy_noise_plat,0.005,sigma=0.005,all,many_pilots,30,30,0,1.0,0.7333333333333333,0.0,0.8333333333333334,0.0009952316566445999,0.00139991332743025,0.003904286291397,0.9227904828869993,double_exp_fit,0.9666666666666667,2,0.03333333333333333,0.03333333333333333
core,0.1,broken_power_law,0.0,noise-free,lead,one_pilot,30,870,0,1.0,0.7908045977011494,0.0,0.835632183908046,0.0607962807720873,0.0729281575571359,0.1184993922048683,0.8336461911517566,pade_22,0.5666666666666667,2,0.0,0.0
core,0.1,broken_power_law,0.0,noise-free,lead,many_pilots,30,30,0,1.0,1.0,0.0,1.0,0.06079628077208685,0.0729281575571359,0.1184993922048683,0.8336461911087816,pade_22,1.0,1,0.0,0.0
core,0.1,broken_power_law,0.0,noise-free,named,one_pilot,30,870,0,1.0,0.27586206896551724,0.4666666666666667,1.0,0.0729281576357743,0.0729281575571359,0.1184993922048683,1.0,single_exp_fit,0.5333333333333333,2,0.0,0.0
core,0.1,broken_power_law,0.0,noise-free,named,many_pilots,30,30,0,1.0,0.0,1.0,1.0,0.0729281575571359,0.0729281575571359,0.1184993922048683,1.0,rational_fit,1.0,1,0.0,0.0
core,0.1,broken_power_law,0.0,noise-free,classical,one_pilot,30,870,0,1.0,1.0,0.0,1.0,0.013170680896605,0.0729281575571359,0.1184993922048683,0.18059802054528631,levin_u2,1.0,1,0.0,0.0
core,0.1,broken_power_law,0.0,noise-free,classical,many_pilots,30,30,0,1.0,1.0,0.0,1.0,0.013170680896605,0.0729281575571359,0.1184993922048683,0.18059802054528631,levin_u2,1.0,1,0.0,0.0
core,0.1,broken_power_law,0.0,noise-free,all,one_pilot,30,870,0,1.0,1.0,0.0,1.0,0.013170680896605,0.0729281575571359,0.1184993922048683,0.18059802054528631,levin_u2,1.0,1,0.0,0.0
core,0.1,broken_power_law,0.0,noise-free,all,many_pilots,30,30,0,1.0,1.0,0.0,1.0,0.013170680896605,0.0729281575571359,0.1184993922048683,0.18059802054528631,levin_u2,1.0,1,0.0,0.0
core,0.1,broken_power_law,0.001,sigma=0.001,lead,one_pilot,30,870,0,1.0,0.7908045977011494,0.0,0.835632183908046,0.0605258626854028,0.07295467812181425,0.11856425497565745,0.8303461864035843,pade_12,0.43333333333333335,3,0.0,0.0
core,0.1,broken_power_law,0.001,sigma=0.001,lead,many_pilots,30,30,0,1.0,1.0,0.0,1.0,0.060383010223248504,0.07295467812181425,0.11856425497565745,0.827108952899265,pade_22,1.0,1,0.0,0.0
core,0.1,broken_power_law,0.001,sigma=0.001,named,one_pilot,30,870,0,1.0,0.20919540229885059,0.5333333333333333,1.0,0.07295467812181425,0.07295467812181425,0.11856425497565745,1.0,rational_fit,0.5333333333333333,2,0.0,0.0
core,0.1,broken_power_law,0.001,sigma=0.001,named,many_pilots,30,30,0,1.0,0.23333333333333334,0.5,1.0,0.07295467817650195,0.07295467812181425,0.11856425497565745,1.0,single_exp_fit,0.5,2,0.0,0.0
core,0.1,broken_power_law,0.001,sigma=0.001,classical,one_pilot,30,870,0,1.0,0.013793103448275862,0.0,0.3471264367816092,0.1199655523761245,0.07295467812181425,0.11856425497565745,1.6444195898361074,brezinski_theta1,0.26666666666666666,10,0.0,0.0
core,0.1,broken_power_law,0.001,sigma=0.001,classical,many_pilots,30,30,0,1.0,0.0,0.0,0.43333333333333335,0.11883651051442165,0.07295467812181425,0.11856425497565745,1.62916920589879,anderson_3,1.0,1,0.0,0.0
core,0.1,broken_power_law,0.001,sigma=0.001,all,one_pilot,30,870,0,1.0,0.725287356321839,0.0,0.8,0.0605142988677098,0.07295467812181425,0.11856425497565745,0.8289450072110701,pade_13,0.36666666666666664,7,0.0,0.0
core,0.1,broken_power_law,0.001,sigma=0.001,all,many_pilots,30,30,0,1.0,1.0,0.0,1.0,0.060105115738200696,0.07295467812181425,0.11856425497565745,0.8229494400836914,pade_11,1.0,1,0.0,0.0
core,0.1,broken_power_law,0.005,sigma=0.005,lead,one_pilot,30,870,0,1.0,0.8068965517241379,0.0,0.8482758620689655,0.052728325614004,0.0727160713518556,0.11692736437468096,0.7239062071136028,pade_33,0.5,3,0.0,0.0
core,0.1,broken_power_law,0.005,sigma=0.005,lead,many_pilots,30,30,0,1.0,1.0,0.0,1.0,0.049724640556096905,0.0727160713518556,0.11692736437468096,0.6872007217459362,pade_33,1.0,1,0.0,0.0
core,0.1,broken_power_law,0.005,sigma=0.005,named,one_pilot,30,870,0,1.0,0.2413793103448276,0.5,1.0,0.0727160987759802,0.0727160713518556,0.11692736437468096,1.0,single_exp_fit,0.5,2,0.0,0.0
core,0.1,broken_power_law,0.005,sigma=0.005,named,many_pilots,30,30,0,1.0,0.23333333333333334,0.5,1.0,0.07271610045773785,0.0727160713518556,0.11692736437468096,1.0,single_exp_fit,0.5,2,0.0,0.0
core,0.1,broken_power_law,0.005,sigma=0.005,classical,one_pilot,30,870,0,1.0,0.0022988505747126436,0.0,0.42298850574712643,0.1187547111819616,0.0727160713518556,0.11692736437468096,1.6342122839431432,brezinski_theta1,0.3,11,0.0,0.0
core,0.1,broken_power_law,0.005,sigma=0.005,classical,many_pilots,30,30,0,1.0,0.0,0.0,0.5666666666666667,0.1143051564412723,0.0727160713518556,0.11692736437468096,1.5819494852310236,brezinski_theta1,1.0,1,0.0,0.0
core,0.1,broken_power_law,0.005,sigma=0.005,all,one_pilot,30,870,0,1.0,0.7689655172413793,0.0,0.8436781609195402,0.0565924226270637,0.0727160713518556,0.11692736437468096,0.7770591928480217,pade_13,0.36666666666666664,6,0.0,0.0
core,0.1,broken_power_law,0.005,sigma=0.005,all,many_pilots,30,30,0,1.0,1.0,0.0,1.0,0.049724640556096905,0.0727160713518556,0.11692736437468096,0.6872007217459362,pade_33,1.0,1,0.0,0.0
core,0.02,single_exp,0.0,noise-free,lead,one_pilot,30,870,0,1.0,1.0,0.0,1.0,1.328087639862474e-11,0.022724979630514203,0.0200861924110852,5.888153951153057e-10,single_exp_fit,0.8,2,0.0,0.0
core,0.02,single_exp,0.0,noise-free,lead,many_pilots,30,30,0,1.0,1.0,0.0,1.0,5.415778936423976e-12,0.022724979630514203,0.0200861924110852,1.742388286701705e-10,single_exp_fit,1.0,1,0.0,0.0
core,0.02,single_exp,0.0,noise-free,named,one_pilot,30,870,0,1.0,1.0,0.0,1.0,5.415778936423976e-12,0.022724979630514203,0.0200861924110852,1.742388286701705e-10,single_exp_fit,1.0,1,0.0,0.0
core,0.02,single_exp,0.0,noise-free,named,many_pilots,30,30,0,1.0,1.0,0.0,1.0,5.415778936423976e-12,0.022724979630514203,0.0200861924110852,1.742388286701705e-10,single_exp_fit,1.0,1,0.0,0.0
core,0.02,single_exp,0.0,noise-free,classical,one_pilot,30,870,0,1.0,1.0,0.0,1.0,0.0003696256065541,0.022724979630514203,0.0200861924110852,0.0165854432839945,brezinski_theta2,0.9,3,0.0,0.0
core,0.02,single_exp,0.0,noise-free,classical,many_pilots,30,30,0,1.0,1.0,0.0,1.0,0.00036962560594005003,0.022724979630514203,0.0200861924110852,0.01627123526005425,brezinski_theta2,1.0,1,0.0,0.0
core,0.02,single_exp,0.0,noise-free,all,one_pilot,30,870,0,1.0,1.0,0.0,1.0,4.996003610813204e-16,0.022724979630514203,0.0200861924110852,2.3161807107017447e-14,geom_avg_diff,0.9,2,0.0,0.0
core,0.02,single_exp,0.0,noise-free,all,many_pilots,30,30,0,1.0,1.0,0.0,1.0,3.5735303605122226e-16,0.022724979630514203,0.0200861924110852,2.2704482790140306e-14,geom_avg_diff,1.0,1,0.0,0.0
core,0.02,single_exp,0.001,sigma=0.001,lead,one_pilot,30,870,0,1.0,0.9080459770114943,0.0,0.9264367816091954,0.0004506033706323,0.022720900537979552,0.02015105518187435,0.023148853156094256,single_exp_fit,0.6666666666666666,4,0.0,0.0
core,0.02,single_exp,0.001,sigma=0.001,lead,many_pilots,30,30,0,1.0,1.0,0.0,1.0,0.0003588170520699,0.022720900537979552,0.02015105518187435,0.015147145555320967,single_exp_fit,1.0,1,0.0,0.0
core,0.02,single_exp,0.001,sigma=0.001,named,one_pilot,30,870,0,1.0,1.0,0.0,1.0,0.0003588170520699,0.022720900537979552,0.02015105518187435,0.015147145555320967,single_exp_fit,1.0,1,0.0,0.0
core,0.02,single_exp,0.001,sigma=0.001,named,many_pilots,30,30,0,1.0,1.0,0.0,1.0,0.0003588170520699,0.022720900537979552,0.02015105518187435,0.015147145555320967,single_exp_fit,1.0,1,0.0,0.0
core,0.02,single_exp,0.001,sigma=0.001,classical,one_pilot,30,870,0,0.996551724137931,0.46551724137931033,0.0,0.32988505747126434,0.0220266663282079,0.022720900537979552,0.02015105518187435,1.0187260179809714,brezinski_theta1,0.2,11,0.008045977011494253,0.0
core,0.02,single_exp,0.001,sigma=0.001,classical,many_pilots,30,30,0,1.0,0.5,0.0,0.5666666666666667,0.02049615787943895,0.022720900537979552,0.02015105518187435,0.9962786632563987,brezinski_theta1,1.0,1,0.0,0.0
core,0.02,single_exp,0.001,sigma=0.001,all,one_pilot,30,870,0,1.0,0.8885057471264368,0.0,0.9103448275862069,0.000450806442065,0.022720900537979552,0.02015105518187435,0.023151001546983213,single_exp_fit,0.6333333333333333,5,0.006896551724137931,0.0
core,0.02,single_exp,0.001,sigma=0.001,all,many_pilots,30,30,0,1.0,1.0,0.0,1.0,0.0003588170520699,0.022720900537979552,0.02015105518187435,0.015147145555320967,single_exp_fit,1.0,1,0.0,0.0
core,0.02,single_exp,0.005,sigma=0.005,lead,one_pilot,30,870,0,1.0,0.7793103448275862,0.0,0.771264367816092,0.0041356851420952,0.02273859274237635,0.0185141645808978,0.3083936103737015,single_exp_fit,0.4,6,0.006896551724137931,0.0
core,0.02,single_exp,0.005,sigma=0.005,lead,many_pilots,30,30,0,1.0,0.9666666666666667,0.0,1.0,0.0019918056675852,0.02273859274237635,0.0185141645808978,0.08921967229893513,single_exp_fit,1.0,1,0.0,0.0
core,0.02,single_exp,0.005,sigma=0.005,named,one_pilot,30,870,0,1.0,0.9333333333333333,0.03333333333333333,0.9816091954022989,0.0020539966471474,0.02273859274237635,0.0185141645808978,0.09118672025496266,single_exp_fit,0.9666666666666667,2,0.0,0.0
core,0.02,single_exp,0.005,sigma=0.005,named,many_pilots,30,30,0,1.0,0.9666666666666667,0.0,1.0,0.0019918056675852,0.02273859274237635,0.0185141645808978,0.08921967229893513,single_exp_fit,1.0,1,0.0,0.0
core,0.02,single_exp,0.005,sigma=0.005,classical,one_pilot,30,870,0,0.996551724137931,0.5022988505747127,0.0,0.3701149425287356,0.0209410214332482,0.02273859274237635,0.0185141645808978,0.9888268119390894,brezinski_theta1,0.3,13,0.01954022988505747,0.0
core,0.02,single_exp,0.005,sigma=0.005,classical,many_pilots,30,30,0,1.0,0.6333333333333333,0.0,0.5333333333333333,0.016328271131546203,0.02273859274237635,0.0185141645808978,0.7051653700261324,brezinski_theta1,1.0,1,0.0,0.0
core,0.02,single_exp,0.005,sigma=0.005,all,one_pilot,30,870,0,1.0,0.7022988505747126,0.0,0.6839080459770115,0.0064041802404274,0.02273859274237635,0.0185141645808978,0.5041885670989069,single_exp_fit,0.3333333333333333,11,0.013793103448275862,0.0
core,0.02,single_exp,0.005,sigma=0.005,all,many_pilots,30,30,0,1.0,0.9666666666666667,0.0,1.0,0.0019918056675852,0.02273859274237635,0.0185141645808978,0.08921967229893513,single_exp_fit,1.0,1,0.0,0.0
core,0.02,two_exp,0.0,noise-free,lead,one_pilot,30,870,0,1.0,1.0,0.0,1.0,2.967026430100716e-09,0.02281918870971165,0.0969942662309159,1.4965572669094189e-07,double_exp_fit,0.9,2,0.0,0.0
core,0.02,two_exp,0.0,noise-free,lead,many_pilots,30,30,0,1.0,1.0,0.0,1.0,1.6198120483812417e-09,0.02281918870971165,0.0969942662309159,6.989357093137737e-08,double_exp_fit,1.0,1,0.0,0.0
core,0.02,two_exp,0.0,noise-free,named,one_pilot,30,870,0,1.0,1.0,0.0,1.0,0.0049239312264231505,0.02281918870971165,0.0969942662309159,0.21582737819214376,single_exp_fit,1.0,1,0.0,0.0
core,0.02,two_exp,0.0,noise-free,named,many_pilots,30,30,0,1.0,1.0,0.0,1.0,0.0049239312264231505,0.02281918870971165,0.0969942662309159,0.21582737819214376,single_exp_fit,1.0,1,0.0,0.0
core,0.02,two_exp,0.0,noise-free,classical,one_pilot,30,870,0,1.0,1.0,0.0,1.0,0.00145628191073525,0.02281918870971165,0.0969942662309159,0.06383223116160697,levin_v2,1.0,1,0.0,0.0
core,0.02,two_exp,0.0,noise-free,classical,many_pilots,30,30,0,1.0,1.0,0.0,1.0,0.00145628191073525,0.02281918870971165,0.0969942662309159,0.06383223116160697,levin_v2,1.0,1,0.0,0.0
core,0.02,two_exp,0.0,noise-free,all,one_pilot,30,870,0,1.0,1.0,0.0,1.0,2.967026430100716e-09,0.02281918870971165,0.0969942662309159,1.4965572669094189e-07,double_exp_fit,0.9,2,0.0,0.0
core,0.02,two_exp,0.0,noise-free,all,many_pilots,30,30,0,1.0,1.0,0.0,1.0,1.6198120483812417e-09,0.02281918870971165,0.0969942662309159,6.989357093137737e-08,double_exp_fit,1.0,1,0.0,0.0
core,0.02,two_exp,0.001,sigma=0.001,lead,one_pilot,30,870,0,1.0,0.8517241379310345,0.0,1.0,0.0062292214737043,0.022823228542513,0.0970591290017051,0.34695710147231823,single_exp_fit,0.5333333333333333,5,0.0,0.0
core,0.02,two_exp,0.001,sigma=0.001,lead,many_pilots,30,30,0,1.0,0.9666666666666667,0.0,1.0,0.0050753575602049995,0.022823228542513,0.0970591290017051,0.25579081585434454,single_exp_fit,1.0,1,0.0,0.0
core,0.02,two_exp,0.001,sigma=0.001,named,one_pilot,30,870,0,1.0,0.9333333333333333,0.03333333333333333,1.0,0.0051175726372099,0.022823228542513,0.0970591290017051,0.28029280080488406,single_exp_fit,0.9666666666666667,2,0.0,0.0
core,0.02,two_exp,0.001,sigma=0.001,named,many_pilots,30,30,0,1.0,0.9666666666666667,0.0,1.0,0.0050753575602049995,0.022823228542513,0.0970591290017051,0.25579081585434454,single_exp_fit,1.0,1,0.0,0.0
core,0.02,two_exp,0.001,sigma=0.001,classical,one_pilot,30,870,0,0.996551724137931,0.01839080459770115,0.0,0.3850574712643678,0.0998577178939236,0.022823228542513,0.0970591290017051,4.4199357596296895,wynn_rho_2,0.26666666666666666,10,0.0034482758620689655,0.0
core,0.02,two_exp,0.001,sigma=0.001,classical,many_pilots,30,30,0,1.0,0.03333333333333333,0.0,0.5666666666666667,0.09425595859385541,0.022823228542513,0.0970591290017051,4.21287322022342,wynn_rho_2,1.0,1,0.0,0.0
core,0.02,two_exp,0.001,sigma=0.001,all,one_pilot,30,870,0,1.0,0.771264367816092,0.0,0.9827586206896551,0.006991407962094,0.022823228542513,0.0970591290017051,0.3882928007713766,single_exp_fit,0.4666666666666667,6,0.0,0.0
core,0.02,two_exp,0.001,sigma=0.001,all,many_pilots,30,30,0,1.0,0.9666666666666667,0.0,1.0,0.0050753575602049995,0.022823228542513,0.0970591290017051,0.25579081585434454,single_exp_fit,1.0,1,0.0,0.0
core,0.02,two_exp,0.005,sigma=0.005,lead,one_pilot,30,870,0,1.0,0.5218390804597701,0.13333333333333333,0.9620689655172414,0.0136902081902644,0.022990328534788253,0.0954222384007286,0.9789458490948973,single_exp_fit,0.43333333333333335,8,0.0,0.0
core,0.02,two_exp,0.005,sigma=0.005,lead,many_pilots,30,30,0,1.0,0.7333333333333333,0.0,1.0,0.00905999406005675,0.022990328534788253,0.0954222384007286,0.36369092026740324,single_exp_fit,1.0,1,0.0,0.0
core,0.02,two_exp,0.005,sigma=0.005,named,one_pilot,30,870,0,1.0,0.5310344827586206,0.26666666666666666,1.0,0.0101016006133651,0.022990328534788253,0.0954222384007286,0.891609717499335,single_exp_fit,0.7333333333333333,2,0.0,0.0
core,0.02,two_exp,0.005,sigma=0.005,named,many_pilots,30,30,0,1.0,0.7333333333333333,0.0,1.0,0.00905999406005675,0.022990328534788253,0.0954222384007286,0.36369092026740324,single_exp_fit,1.0,1,0.0,0.0
core,0.02,two_exp,0.005,sigma=0.005,classical,one_pilot,30,870,0,0.9977011494252873,0.01264367816091954,0.0,0.34022988505747126,0.0996951109975809,0.022990328534788253,0.0954222384007286,4.274065623774028,brezinski_theta1,0.3,7,0.004597701149425287,0.0
core,0.02,two_exp,0.005,sigma=0.005,classical,many_pilots,30,30,0,1.0,0.0,0.0,0.5666666666666667,0.09387089571905595,0.022990328534788253,0.0954222384007286,3.674166659706013,brezinski_theta1,1.0,1,0.0,0.0
core,0.02,two_exp,0.005,sigma=0.005,all,one_pilot,30,870,0,1.0,0.4781609195402299,0.1,0.9275862068965517,0.0163939309366159,0.022990328534788253,0.0954222384007286,1.0,single_exp_fit,0.36666666666666664,9,0.006896551724137931,0.0
core,0.02,two_exp,0.005,sigma=0.005,all,many_pilots,30,30,0,1.0,0.7333333333333333,0.0,1.0,0.00905999406005675,0.022990328534788253,0.0954222384007286,0.36369092026740324,single_exp_fit,1.0,1,0.0,0.0
core,0.02,three_exp,0.0,noise-free,lead,one_pilot,30,870,0,0.996551724137931,0.5862068965517241,0.0,0.996551724137931,0.0217049060172535,0.0312347915940283,0.1442342413332854,0.6948952159466224,double_exp_fit,0.36666666666666664,8,0.0034482758620689655,0.0
core,0.02,three_exp,0.0,noise-free,lead,many_pilots,30,30,0,1.0,0.5666666666666667,0.0,1.0,0.0038374432917387498,0.0312347915940283,0.1442342413332854,0.1228579655374476,double_exp_fit,1.0,1,0.0,0.0
core,0.02,three_exp,0.0,noise-free,named,one_pilot,30,870,0,1.0,0.0,1.0,1.0,0.0312347915940283,0.0312347915940283,0.1442342413332854,1.0,rational_fit,1.0,1,0.0,0.0
core,0.02,three_exp,0.0,noise-free,named,many_pilots,30,30,0,1.0,0.0,1.0,1.0,0.0312347915940283,0.0312347915940283,0.1442342413332854,1.0,rational_fit,1.0,1,0.0,0.0
core,0.02,three_exp,0.0,noise-free,classical,one_pilot,30,870,0,1.0,1.0,0.0,1.0,0.0027929146649735,0.0312347915940283,0.1442342413332854,0.08941680099372201,shanks_4,1.0,1,0.0,0.0
core,0.02,three_exp,0.0,noise-free,classical,many_pilots,30,30,0,1.0,1.0,0.0,1.0,0.0027929146649735,0.0312347915940283,0.1442342413332854,0.08941680099372201,shanks_4,1.0,1,0.0,0.0
core,0.02,three_exp,0.0,noise-free,all,one_pilot,30,870,0,0.9988505747126437,0.8689655172413793,0.0,0.9942528735632183,0.00279770099687,0.0312347915940283,0.1442342413332854,0.08957001452675598,shanks_4,0.7,7,0.0011494252873563218,0.0
core,0.02,three_exp,0.0,noise-free,all,many_pilots,30,30,0,1.0,1.0,0.0,1.0,0.0027929146649735,0.0312347915940283,0.1442342413332854,0.08941680099372201,shanks_4,1.0,1,0.0,0.0
core,0.02,three_exp,0.001,sigma=0.001,lead,one_pilot,30,870,0,0.9988505747126437,0.5183908045977011,0.0,0.9379310344827586,0.0289131562162856,0.03141960647277565,0.1442991041040746,0.8658293472797636,richardson_3,0.23333333333333334,8,0.0034482758620689655,0.0
core,0.02,three_exp,0.001,sigma=0.001,lead,many_pilots,30,30,0,1.0,0.26666666666666666,0.0,0.7333333333333333,0.044244430252639855,0.03141960647277565,0.1442991041040746,1.3766536458898546,richardson_2,0.5,2,0.06666666666666667,0.0
core,0.02,three_exp,0.001,sigma=0.001,named,one_pilot,30,870,0,1.0,0.0,1.0,1.0,0.03141960647277565,0.03141960647277565,0.1442991041040746,1.0,rational_fit,1.0,1,0.0,0.0
core,0.02,three_exp,0.001,sigma=0.001,named,many_pilots,30,30,0,1.0,0.0,1.0,1.0,0.03141960647277565,0.03141960647277565,0.1442991041040746,1.0,rational_fit,1.0,1,0.0,0.0
core,0.02,three_exp,0.001,sigma=0.001,classical,one_pilot,30,870,0,0.9942528735632183,0.0,0.0,0.4045977011494253,0.1462555103784361,0.03141960647277565,0.1442991041040746,4.544371153886951,wynn_rho_2,0.26666666666666666,10,0.005747126436781609,0.0
core,0.02,three_exp,0.001,sigma=0.001,classical,many_pilots,30,30,0,0.9666666666666667,0.0,0.0,0.4,0.1467213446798269,0.03141960647277565,0.1442991041040746,4.490848594187942,wynn_rho_2,0.8333333333333334,2,0.03333333333333333,0.0
core,0.02,three_exp,0.001,sigma=0.001,all,one_pilot,30,870,0,0.9988505747126437,0.4908045977011494,0.0,0.9379310344827586,0.0316331766067773,0.03141960647277565,0.1442991041040746,1.0097295045763202,richardson_3,0.23333333333333334,9,0.0034482758620689655,0.0
core,0.02,three_exp,0.001,sigma=0.001,all,many_pilots,30,30,0,1.0,0.26666666666666666,0.0,0.7333333333333333,0.044244430252639855,0.03141960647277565,0.1442991041040746,1.3766536458898546,richardson_2,0.5,2,0.06666666666666667,0.0
core,0.02,three_exp,0.005,sigma=0.005,lead,one_pilot,30,870,0,1.0,0.4471264367816092,0.06666666666666667,0.9632183908045977,0.027149695936505,0.02950394011272575,0.1426622135030981,1.0,pade_22,0.2,10,0.0,0.0
core,0.02,three_exp,0.005,sigma=0.005,lead,many_pilots,30,30,0,1.0,0.4,0.0,0.8666666666666667,0.03246274650840775,0.02950394011272575,0.1426622135030981,1.5393808384494772,pade_34,0.5,4,0.0,0.0
core,0.02,three_exp,0.005,sigma=0.005,named,one_pilot,30,870,0,1.0,0.0,1.0,1.0,0.02950394011272575,0.02950394011272575,0.1426622135030981,1.0,rational_fit,1.0,1,0.0,0.0
core,0.02,three_exp,0.005,sigma=0.005,named,many_pilots,30,30,0,1.0,0.0,1.0,1.0,0.02950394011272575,0.02950394011272575,0.1426622135030981,1.0,rational_fit,1.0,1,0.0,0.0
core,0.02,three_exp,0.005,sigma=0.005,classical,one_pilot,30,870,0,1.0,0.0,0.0,0.34597701149425286,0.1459974554608677,0.02950394011272575,0.1426622135030981,5.118913972659777,brezinski_theta1,0.26666666666666666,9,0.0,0.0
core,0.02,three_exp,0.005,sigma=0.005,classical,many_pilots,30,30,0,1.0,0.0,0.0,0.5666666666666667,0.14058520114182277,0.02950394011272575,0.1426622135030981,4.678163372426798,brezinski_theta1,1.0,1,0.0,0.0
core,0.02,three_exp,0.005,sigma=0.005,all,one_pilot,30,870,0,0.993103448275862,0.3931034482758621,0.03333333333333333,0.9022988505747126,0.0318040665834804,0.02950394011272575,0.1426622135030981,1.1763956105946682,pade_22,0.16666666666666666,14,0.006896551724137931,0.0
core,0.02,three_exp,0.005,sigma=0.005,all,many_pilots,30,30,0,1.0,0.4,0.0,0.8666666666666667,0.03246274650840775,0.02950394011272575,0.1426622135030981,1.5393808384494772,pade_34,0.5,4,0.0,0.0
core,0.02,four_exp,0.0,noise-free,lead,one_pilot,30,870,0,0.9103448275862069,0.6597701149425287,0.0,0.8839080459770114,0.02322185800570175,0.035603082141417,0.1574234725541212,0.6522428518705814,pade_45,0.3,8,0.09080459770114943,0.0
core,0.02,four_exp,0.0,noise-free,lead,many_pilots,30,30,0,1.0,0.7333333333333333,0.0,1.0,0.015454336219109,0.035603082141417,0.1574234725541212,0.43407300306054303,pade_34,1.0,1,0.0,0.0
core,0.02,four_exp,0.0,noise-free,named,one_pilot,30,870,0,1.0,0.0,1.0,1.0,0.035603082141417,0.035603082141417,0.1574234725541212,1.0,rational_fit,1.0,1,0.0,0.0
core,0.02,four_exp,0.0,noise-free,named,many_pilots,30,30,0,1.0,0.0,1.0,1.0,0.035603082141417,0.035603082141417,0.1574234725541212,1.0,rational_fit,1.0,1,0.0,0.0
core,0.02,four_exp,0.0,noise-free,classical,one_pilot,30,870,0,1.0,1.0,0.0,1.0,0.0032018496240997,0.035603082141417,0.1574234725541212,0.08993181158202941,wynn_eps_3,1.0,1,0.0,0.0
core,0.02,four_exp,0.0,noise-free,classical,many_pilots,30,30,0,1.0,1.0,0.0,1.0,0.0032018496240997,0.035603082141417,0.1574234725541212,0.08993181158202941,wynn_eps_3,1.0,1,0.0,0.0
core,0.02,four_exp,0.0,noise-free,all,one_pilot,30,870,0,0.996551724137931,0.9183908045977012,0.0,0.9885057471264368,0.0032018497306045,0.035603082141417,0.1574234725541212,0.08993181709002056,wynn_eps_3,0.8,6,0.004597701149425287,0.0
core,0.02,four_exp,0.0,noise-free,all,many_pilots,30,30,0,1.0,1.0,0.0,1.0,0.0032018496240997,0.035603082141417,0.1574234725541212,0.08993181158202941,wynn_eps_3,1.0,1,0.0,0.0
core,0.02,four_exp,0.001,sigma=0.001,lead,one_pilot,30,870,0,0.9896551724137931,0.6827586206896552,0.0,0.9195402298850575,0.0229161624361799,0.03590544270206615,0.15748833532491047,0.6548639445326544,richardson_2,0.36666666666666664,7,0.011494252873563218,0.0
core,0.02,four_exp,0.001,sigma=0.001,lead,many_pilots,30,30,0,1.0,0.8,0.0,1.0,0.01466516668963325,0.03590544270206615,0.15748833532491047,0.3884721203876169,richardson_2,0.9666666666666667,2,0.0,0.0
core,0.02,four_exp,0.001,sigma=0.001,named,one_pilot,30,870,0,1.0,0.0,1.0,1.0,0.03590544270206615,0.03590544270206615,0.15748833532491047,1.0,rational_fit,1.0,1,0.0,0.0
core,0.02,four_exp,0.001,sigma=0.001,named,many_pilots,30,30,0,1.0,0.0,1.0,1.0,0.03590544270206615,0.03590544270206615,0.15748833532491047,1.0,rational_fit,1.0,1,0.0,0.0
core,0.02,four_exp,0.001,sigma=0.001,classical,one_pilot,30,870,0,0.993103448275862,0.017241379310344827,0.0,0.3793103448275862,0.15960370544861135,0.03590544270206615,0.15748833532491047,4.40527860815071,wynn_rho_2,0.2,9,0.006896551724137931,0.0
core,0.02,four_exp,0.001,sigma=0.001,classical,many_pilots,30,30,0,0.9666666666666667,0.0,0.0,0.3333333333333333,0.1596887948543688,0.03590544270206615,0.15748833532491047,4.403635346839203,wynn_rho_2,0.7333333333333333,3,0.03333333333333333,0.0
core,0.02,four_exp,0.001,sigma=0.001,all,one_pilot,30,870,0,0.9896551724137931,0.6459770114942529,0.0,0.9195402298850575,0.0238185945675931,0.03590544270206615,0.15748833532491047,0.7014243909333833,richardson_2,0.36666666666666664,8,0.011494252873563218,0.0
core,0.02,four_exp,0.001,sigma=0.001,all,many_pilots,30,30,0,1.0,0.8,0.0,1.0,0.01466516668963325,0.03590544270206615,0.15748833532491047,0.3884721203876169,richardson_2,0.9666666666666667,2,0.0,0.0
core,0.02,four_exp,0.005,sigma=0.005,lead,one_pilot,30,870,0,1.0,0.6114942528735632,0.0,0.9425287356321839,0.0251491612525716,0.0335608233507633,0.15585144472393392,0.7995582059387508,richardson_2,0.23333333333333334,8,0.0,0.0
core,0.02,four_exp,0.005,sigma=0.005,lead,many_pilots,30,30,0,1.0,0.8,0.0,1.0,0.018179746467124648,0.0335608233507633,0.15585144472393392,0.5093017101421236,richardson_3,1.0,1,0.0,0.0
core,0.02,four_exp,0.005,sigma=0.005,named,one_pilot,30,870,0,1.0,0.0,1.0,1.0,0.0335608233507633,0.0335608233507633,0.15585144472393392,1.0,rational_fit,1.0,1,0.0,0.0
core,0.02,four_exp,0.005,sigma=0.005,named,many_pilots,30,30,0,1.0,0.0,1.0,1.0,0.0335608233507633,0.0335608233507633,0.15585144472393392,1.0,rational_fit,1.0,1,0.0,0.0
core,0.02,four_exp,0.005,sigma=0.005,classical,one_pilot,30,870,0,1.0,0.0022988505747126436,0.0,0.36666666666666664,0.1585942318907021,0.0335608233507633,0.15585144472393392,4.970831138882007,brezinski_theta1,0.3333333333333333,9,0.0,0.0
core,0.02,four_exp,0.005,sigma=0.005,classical,many_pilots,30,30,0,1.0,0.0,0.0,0.5666666666666667,0.15384560108140824,0.0335608233507633,0.15585144472393392,4.501179807242719,brezinski_theta1,1.0,1,0.0,0.0
core,0.02,four_exp,0.005,sigma=0.005,all,one_pilot,30,870,0,1.0,0.5367816091954023,0.0,0.9091954022988505,0.0301041596449481,0.0335608233507633,0.15585144472393392,0.9277549813998103,richardson_3,0.16666666666666666,12,0.0,0.0
core,0.02,four_exp,0.005,sigma=0.005,all,many_pilots,30,30,0,1.0,0.8,0.0,1.0,0.018179746467124648,0.0335608233507633,0.15585144472393392,0.5093017101421236,richardson_3,1.0,1,0.0,0.0
core,0.02,power_law,0.0,noise-free,lead,one_pilot,30,870,0,1.0,1.0,0.0,1.0,3.049037395387068e-05,0.0079967477266141,0.033341650765425,0.003812846884918256,richardson_2,0.5,2,0.0,0.0
core,0.02,power_law,0.0,noise-free,lead,many_pilots,30,30,0,1.0,1.0,0.0,1.0,3.0418274945518547e-05,0.0079967477266141,0.033341650765425,0.0038038278924311325,richardson_2,1.0,1,0.0,0.0
core,0.02,power_law,0.0,noise-free,named,one_pilot,30,870,0,1.0,0.0,1.0,1.0,0.0079967477266141,0.0079967477266141,0.033341650765425,1.0,rational_fit,1.0,1,0.0,0.0
core,0.02,power_law,0.0,noise-free,named,many_pilots,30,30,0,1.0,0.0,1.0,1.0,0.0079967477266141,0.0079967477266141,0.033341650765425,1.0,rational_fit,1.0,1,0.0,0.0
core,0.02,power_law,0.0,noise-free,classical,one_pilot,30,870,0,1.0,1.0,0.0,1.0,0.0006807480353825,0.0079967477266141,0.033341650765425,0.08512811174537334,levin_u2,1.0,1,0.0,0.0
core,0.02,power_law,0.0,noise-free,classical,many_pilots,30,30,0,1.0,1.0,0.0,1.0,0.0006807480353825,0.0079967477266141,0.033341650765425,0.08512811174537334,levin_u2,1.0,1,0.0,0.0
core,0.02,power_law,0.0,noise-free,all,one_pilot,30,870,0,1.0,1.0,0.0,1.0,3.049037395387068e-05,0.0079967477266141,0.033341650765425,0.003812846884918256,richardson_2,0.5,2,0.0,0.0
core,0.02,power_law,0.0,noise-free,all,many_pilots,30,30,0,1.0,1.0,0.0,1.0,3.0418274945518547e-05,0.0079967477266141,0.033341650765425,0.0038038278924311325,richardson_2,1.0,1,0.0,0.0
core,0.02,power_law,0.001,sigma=0.001,lead,one_pilot,30,870,0,1.0,0.8091954022988506,0.0,1.0,0.0032216868233899,0.0084439977305634,0.033406513536214155,0.36554036945790724,richardson_1,0.6666666666666666,3,0.0,0.0
core,0.02,power_law,0.001,sigma=0.001,lead,many_pilots,30,30,0,1.0,0.8,0.0,1.0,0.00286217583301895,0.0084439977305634,0.033406513536214155,0.3192313090077906,richardson_1,1.0,1,0.0,0.0
core,0.02,power_law,0.001,sigma=0.001,named,one_pilot,30,870,0,1.0,0.0,1.0,1.0,0.0084439977305634,0.0084439977305634,0.033406513536214155,1.0,rational_fit,1.0,1,0.0,0.0
core,0.02,power_law,0.001,sigma=0.001,named,many_pilots,30,30,0,1.0,0.0,1.0,1.0,0.0084439977305634,0.0084439977305634,0.033406513536214155,1.0,rational_fit,1.0,1,0.0,0.0
core,0.02,power_law,0.001,sigma=0.001,classical,one_pilot,30,870,0,1.0,0.008045977011494253,0.0,0.4091954022988506,0.0342570101631353,0.0084439977305634,0.033406513536214155,4.051042072368544,brezinski_theta1,0.26666666666666666,10,0.004597701149425287,0.0
core,0.02,power_law,0.001,sigma=0.001,classical,many_pilots,30,30,0,1.0,0.0,0.0,0.5333333333333333,0.0337970747434923,0.0084439977305634,0.033406513536214155,3.972329145666037,brezinski_theta1,0.5,2,0.0,0.0
core,0.02,power_law,0.001,sigma=0.001,all,one_pilot,30,870,0,1.0,0.8540229885057471,0.0,1.0,0.003126590566719,0.0084439977305634,0.033406513536214155,0.36554036945790724,richardson_1,0.43333333333333335,5,0.0,0.0
core,0.02,power_law,0.001,sigma=0.001,all,many_pilots,30,30,0,1.0,0.8333333333333334,0.0,1.0,0.0037898876592987497,0.0084439977305634,0.033406513536214155,0.43481766343242756,pade_11,0.7333333333333333,2,0.0,0.0
core,0.02,power_law,0.005,sigma=0.005,lead,one_pilot,30,870,0,1.0,0.21264367816091953,0.4,0.906896551724138,0.0114490069398452,0.01035360168665235,0.031769622935237704,1.0,rational_fit,0.4,7,0.006896551724137931,0.0
core,0.02,power_law,0.005,sigma=0.005,lead,many_pilots,30,30,0,1.0,0.0,1.0,1.0,0.01035360168665235,0.01035360168665235,0.031769622935237704,1.0,rational_fit,1.0,1,0.0,0.0
core,0.02,power_law,0.005,sigma=0.005,named,one_pilot,30,870,0,1.0,0.006896551724137931,0.9,0.9862068965517241,0.0107361572007926,0.01035360168665235,0.031769622935237704,1.0,rational_fit,0.9,2,0.0,0.0
core,0.02,power_law,0.005,sigma=0.005,named,many_pilots,30,30,0,1.0,0.0,1.0,1.0,0.01035360168665235,0.01035360168665235,0.031769622935237704,1.0,rational_fit,1.0,1,0.0,0.0
core,0.02,power_law,0.005,sigma=0.005,classical,one_pilot,30,870,0,1.0,0.03218390804597701,0.0,0.39195402298850573,0.0333601655152187,0.01035360168665235,0.031769622935237704,3.4315323283888732,brezinski_theta1,0.23333333333333334,10,0.004597701149425287,0.0
core,0.02,power_law,0.005,sigma=0.005,classical,many_pilots,30,30,0,1.0,0.06666666666666667,0.0,0.5666666666666667,0.0289039991325639,0.01035360168665235,0.031769622935237704,2.9669219371947513,brezinski_theta1,1.0,1,0.0,0.0
core,0.02,power_law,0.005,sigma=0.005,all,one_pilot,30,870,0,0.9850574712643678,0.21149425287356322,0.26666666666666666,0.8149425287356322,0.0135306144470348,0.01035360168665235,0.031769622935237704,1.0668155583094292,rational_fit,0.26666666666666666,12,0.020689655172413793,0.0
core,0.02,power_law,0.005,sigma=0.005,all,many_pilots,30,30,0,1.0,0.0,1.0,1.0,0.01035360168665235,0.01035360168665235,0.031769622935237704,1.0,rational_fit,1.0,1,0.0,0.0
core,0.02,rational_decay,0.0,noise-free,lead,one_pilot,30,870,0,1.0,0.4827586206896552,0.3,1.0,7.163714066393824e-14,1.1653039644343721e-12,0.1704347826086956,0.031013461240909795,pade_22,0.7,2,0.0,0.0
core,0.02,rational_decay,0.0,noise-free,lead,many_pilots,30,30,0,1.0,0.7,0.0,1.0,7.011058400507864e-14,1.1653039644343721e-12,0.1704347826086956,0.01565150818868036,pade_22,1.0,1,0.0,0.0
core,0.02,rational_decay,0.0,noise-free,named,one_pilot,30,870,0,1.0,0.0,1.0,1.0,1.1653039644343721e-12,1.1653039644343721e-12,0.1704347826086956,1.0,rational_fit,1.0,1,0.0,0.0
core,0.02,rational_decay,0.0,noise-free,named,many_pilots,30,30,0,1.0,0.0,1.0,1.0,1.1653039644343721e-12,1.1653039644343721e-12,0.1704347826086956,1.0,rational_fit,1.0,1,0.0,0.0
core,0.02,rational_decay,0.0,noise-free,classical,one_pilot,30,870,0,1.0,0.0,0.0,1.0,0.0034782607786998,1.1653039644343721e-12,0.1704347826086956,753257802.1905248,levin_u2,0.9333333333333333,2,0.0,0.0
core,0.02,rational_decay,0.0,noise-free,classical,many_pilots,30,30,0,1.0,0.0,0.0,1.0,0.0034782607786243,1.1653039644343721e-12,0.1704347826086956,753257790.2710948,levin_u2,1.0,1,0.0,0.0
core,0.02,rational_decay,0.0,noise-free,all,one_pilot,30,870,0,1.0,0.5816091954022988,0.23333333333333334,1.0,2.8727020762175925e-15,1.1653039644343721e-12,0.1704347826086956,0.0008620070397241577,pade_11,0.7666666666666667,2,0.0,0.0
core,0.02,rational_decay,0.0,noise-free,all,many_pilots,30,30,0,1.0,0.7666666666666667,0.0,1.0,2.7824964554667986e-15,1.1653039644343721e-12,0.1704347826086956,0.0006011569055736504,pade_11,1.0,1,0.0,0.0
core,0.02,rational_decay,0.001,sigma=0.001,lead,one_pilot,30,870,0,1.0,0.18275862068965518,0.4,1.0,0.0025523109794533,0.002101053924132,0.1704996453794848,1.0,rational_fit,0.4,5,0.0,0.0
core,0.02,rational_decay,0.001,sigma=0.001,lead,many_pilots,30,30,0,1.0,0.0,1.0,1.0,0.002101053924132,0.002101053924132,0.1704996453794848,1.0,rational_fit,1.0,1,0.0,0.0
core,0.02,rational_decay,0.001,sigma=0.001,named,one_pilot,30,870,0,1.0,0.0,1.0,1.0,0.002101053924132,0.002101053924132,0.1704996453794848,1.0,rational_fit,1.0,1,0.0,0.0
core,0.02,rational_decay,0.001,sigma=0.001,named,many_pilots,30,30,0,1.0,0.0,1.0,1.0,0.002101053924132,0.002101053924132,0.1704996453794848,1.0,rational_fit,1.0,1,0.0,0.0
core,0.02,rational_decay,0.001,sigma=0.001,classical,one_pilot,30,870,0,1.0,0.0,0.0,0.4091954022988506,0.1730963321019924,0.002101053924132,0.1704996453794848,85.29329672259361,wynn_rho_2,0.23333333333333334,9,0.005747126436781609,0.0
core,0.02,rational_decay,0.001,sigma=0.001,classical,many_pilots,30,30,0,1.0,0.0,0.0,0.4666666666666667,0.17297627624468986,0.002101053924132,0.1704996453794848,84.26379804595274,wynn_rho_2,0.5,2,0.0,0.0
core,0.02,rational_decay,0.001,sigma=0.001,all,one_pilot,30,870,0,1.0,0.1896551724137931,0.3333333333333333,1.0,0.0025881125804326,0.002101053924132,0.1704996453794848,1.0,rational_fit,0.3333333333333333,6,0.0,0.0
core,0.02,rational_decay,0.001,sigma=0.001,all,many_pilots,30,30,0,1.0,0.0,1.0,1.0,0.002101053924132,0.002101053924132,0.1704996453794848,1.0,rational_fit,1.0,1,0.0,0.0
core,0.02,rational_decay,0.005,sigma=0.005,lead,one_pilot,30,870,0,1.0,0.10459770114942529,0.5,0.9724137931034482,0.0152156510585223,0.00870190688927225,0.16886275477850832,1.0,rational_fit,0.5,6,0.0,0.0
core,0.02,rational_decay,0.005,sigma=0.005,lead,many_pilots,30,30,0,1.0,0.0,1.0,1.0,0.00870190688927225,0.00870190688927225,0.16886275477850832,1.0,rational_fit,1.0,1,0.0,0.0
core,0.02,rational_decay,0.005,sigma=0.005,named,one_pilot,30,870,0,1.0,0.0,1.0,1.0,0.00870190688927225,0.00870190688927225,0.16886275477850832,1.0,rational_fit,1.0,1,0.0,0.0
core,0.02,rational_decay,0.005,sigma=0.005,named,many_pilots,30,30,0,1.0,0.0,1.0,1.0,0.00870190688927225,0.00870190688927225,0.16886275477850832,1.0,rational_fit,1.0,1,0.0,0.0
core,0.02,rational_decay,0.005,sigma=0.005,classical,one_pilot,30,870,0,1.0,0.0034482758620689655,0.0,0.35517241379310344,0.17247625475230616,0.00870190688927225,0.16886275477850832,19.216696611110528,brezinski_theta1,0.3333333333333333,8,0.009195402298850575,0.0
core,0.02,rational_decay,0.005,sigma=0.005,classical,many_pilots,30,30,0,1.0,0.0,0.0,0.5666666666666667,0.16675511509068242,0.00870190688927225,0.16886275477850832,19.54711726408732,brezinski_theta1,1.0,1,0.0,0.0
core,0.02,rational_decay,0.005,sigma=0.005,all,one_pilot,30,870,0,1.0,0.1471264367816092,0.26666666666666666,0.9459770114942528,0.0230813579430818,0.00870190688927225,0.16886275477850832,2.046659897722223,rational_fit,0.26666666666666666,9,0.0022988505747126436,0.0
core,0.02,rational_decay,0.005,sigma=0.005,all,many_pilots,30,30,0,1.0,0.0,1.0,1.0,0.00870190688927225,0.00870190688927225,0.16886275477850832,1.0,rational_fit,1.0,1,0.0,0.0
core,0.02,mixed_pow_rat,0.0,noise-free,lead,one_pilot,30,870,0,1.0,0.8275862068965517,0.0,0.9770114942528736,0.0055163084090938,0.0198345399959063,0.146092829270053,0.27811627613301454,pade_33,0.6666666666666666,3,0.0,0.0
core,0.02,mixed_pow_rat,0.0,noise-free,lead,many_pilots,30,30,0,1.0,1.0,0.0,1.0,0.0055162274242144,0.0198345399959063,0.146092829270053,0.27811217907624053,pade_33,1.0,1,0.0,0.0
core,0.02,mixed_pow_rat,0.0,noise-free,named,one_pilot,30,870,0,1.0,0.0,1.0,1.0,0.0198345399959063,0.0198345399959063,0.146092829270053,1.0,rational_fit,1.0,1,0.0,0.0
core,0.02,mixed_pow_rat,0.0,noise-free,named,many_pilots,30,30,0,1.0,0.0,1.0,1.0,0.0198345399959063,0.0198345399959063,0.146092829270053,1.0,rational_fit,1.0,1,0.0,0.0
core,0.02,mixed_pow_rat,0.0,noise-free,classical,one_pilot,30,870,0,1.0,1.0,0.0,1.0,0.0031678372865781,0.0198345399959063,0.146092829270053,0.1597131684748637,wynn_rho_3,1.0,1,0.0,0.0
core,0.02,mixed_pow_rat,0.0,noise-free,classical,many_pilots,30,30,0,1.0,1.0,0.0,1.0,0.0031678372865781,0.0198345399959063,0.146092829270053,0.1597131684748637,wynn_rho_3,1.0,1,0.0,0.0
core,0.02,mixed_pow_rat,0.0,noise-free,all,one_pilot,30,870,0,1.0,0.8793103448275862,0.0,0.9839080459770115,0.0028006844820452,0.0198345399959063,0.146092829270053,0.14120239261744275,richardson_a05,0.7666666666666667,3,0.0,0.0
core,0.02,mixed_pow_rat,0.0,noise-free,all,many_pilots,30,30,0,1.0,1.0,0.0,1.0,0.0028006844820451,0.0198345399959063,0.146092829270053,0.14120239151616776,richardson_a05,1.0,1,0.0,0.0
core,0.02,mixed_pow_rat,0.001,sigma=0.001,lead,one_pilot,30,870,0,1.0,0.4114942528735632,0.16666666666666666,0.967816091954023,0.0202032841029137,0.0202337855310595,0.14615769204084217,1.0,richardson_1,0.3,5,0.0,0.0
core,0.02,mixed_pow_rat,0.001,sigma=0.001,lead,many_pilots,30,30,0,1.0,0.3,0.0,0.9333333333333333,0.0307540742768085,0.0202337855310595,0.14615769204084217,1.6240057895172855,richardson_1,0.5,2,0.0,0.0
core,0.02,mixed_pow_rat,0.001,sigma=0.001,named,one_pilot,30,870,0,1.0,0.0,1.0,1.0,0.0202337855310595,0.0202337855310595,0.14615769204084217,1.0,rational_fit,1.0,1,0.0,0.0
core,0.02,mixed_pow_rat,0.001,sigma=0.001,named,many_pilots,30,30,0,1.0,0.0,1.0,1.0,0.0202337855310595,0.0202337855310595,0.14615769204084217,1.0,rational_fit,1.0,1,0.0,0.0
core,0.02,mixed_pow_rat,0.001,sigma=0.001,classical,one_pilot,30,870,0,0.993103448275862,0.017241379310344827,0.0,0.3850574712643678,0.14785337372189156,0.0202337855310595,0.14615769204084217,7.257847403822636,wynn_rho_2,0.2,10,0.006896551724137931,0.0
core,0.02,mixed_pow_rat,0.001,sigma=0.001,classical,many_pilots,30,30,0,1.0,0.0,0.0,0.3333333333333333,0.14831060489054865,0.0202337855310595,0.14615769204084217,7.333187716546611,wynn_rho_2,0.5,3,0.0,0.0
core,0.02,mixed_pow_rat,0.001,sigma=0.001,all,one_pilot,30,870,0,1.0,0.8114942528735632,0.0,0.9816091954022989,0.0031502416147681,0.0202337855310595,0.14615769204084217,0.1615858540609157,richardson_a05,0.6666666666666666,4,0.0,0.0
core,0.02,mixed_pow_rat,0.001,sigma=0.001,all,many_pilots,30,30,0,1.0,1.0,0.0,1.0,0.0030059991723736003,0.0202337855310595,0.14615769204084217,0.1423629433350354,richardson_a05,1.0,1,0.0,0.0
core,0.02,mixed_pow_rat,0.005,sigma=0.005,lead,one_pilot,30,870,0,1.0,0.21839080459770116,0.36666666666666664,0.9436781609195403,0.0245965679112451,0.0204099821311546,0.14452080143986568,1.0,rational_fit,0.36666666666666664,7,0.0,0.0
core,0.02,mixed_pow_rat,0.005,sigma=0.005,lead,many_pilots,30,30,0,1.0,0.4666666666666667,0.0,0.9666666666666667,0.01635020294766035,0.0204099821311546,0.14452080143986568,1.8703323889537458,richardson_3,1.0,1,0.0,0.0
core,0.02,mixed_pow_rat,0.005,sigma=0.005,named,one_pilot,30,870,0,1.0,0.0,1.0,1.0,0.0204099821311546,0.0204099821311546,0.14452080143986568,1.0,rational_fit,1.0,1,0.0,0.0
core,0.02,mixed_pow_rat,0.005,sigma=0.005,named,many_pilots,30,30,0,1.0,0.0,1.0,1.0,0.0204099821311546,0.0204099821311546,0.14452080143986568,1.0,rational_fit,1.0,1,0.0,0.0
core,0.02,mixed_pow_rat,0.005,sigma=0.005,classical,one_pilot,30,870,0,1.0,0.0022988505747126436,0.0,0.37701149425287356,0.14712193223193695,0.0204099821311546,0.14452080143986568,7.401971058053,brezinski_theta1,0.3333333333333333,10,0.0,0.0
core,0.02,mixed_pow_rat,0.005,sigma=0.005,classical,many_pilots,30,30,0,1.0,0.0,0.0,0.5666666666666667,0.14255110353656653,0.0204099821311546,0.14452080143986568,6.878777948494015,brezinski_theta1,1.0,1,0.0,0.0
core,0.02,mixed_pow_rat,0.005,sigma=0.005,all,one_pilot,30,870,0,1.0,0.6218390804597701,0.06666666666666667,0.9390804597701149,0.0055099620505729,0.0204099821311546,0.14452080143986568,0.3397886945720259,richardson_a05,0.5333333333333333,8,0.0,0.0
core,0.02,mixed_pow_rat,0.005,sigma=0.005,all,many_pilots,30,30,0,1.0,0.9333333333333333,0.0,1.0,0.00223220325706995,0.0204099821311546,0.14452080143986568,0.1719253347524638,richardson_a05,1.0,1,0.0,0.0
core,0.02,multiphase,0.0,noise-free,lead,one_pilot,30,870,0,1.0,0.9482758620689655,0.0,0.9827586206896551,0.0469570724595093,0.13274768539652815,0.1951266511052911,0.3537317540942024,log_linear,0.6,3,0.0,0.0
core,0.02,multiphase,0.0,noise-free,lead,many_pilots,30,30,0,1.0,0.9666666666666667,0.0,1.0,0.01176095792841535,0.13274768539652815,0.1951266511052911,0.0885963312644276,log_linear,1.0,1,0.0,0.0
core,0.02,multiphase,0.0,noise-free,named,one_pilot,30,870,0,1.0,0.0,1.0,1.0,0.13274768539652815,0.13274768539652815,0.1951266511052911,1.0,rational_fit,1.0,1,0.0,0.0
core,0.02,multiphase,0.0,noise-free,named,many_pilots,30,30,0,1.0,0.0,1.0,1.0,0.13274768539652815,0.13274768539652815,0.1951266511052911,1.0,rational_fit,1.0,1,0.0,0.0
core,0.02,multiphase,0.0,noise-free,classical,one_pilot,30,870,0,1.0,1.0,0.0,1.0,0.04035978660011485,0.13274768539652815,0.1951266511052911,0.304033825099219,wynn_rho_3,1.0,1,0.0,0.0
core,0.02,multiphase,0.0,noise-free,classical,many_pilots,30,30,0,1.0,1.0,0.0,1.0,0.04035978660011485,0.13274768539652815,0.1951266511052911,0.304033825099219,wynn_rho_3,1.0,1,0.0,0.0
core,0.02,multiphase,0.0,noise-free,all,one_pilot,30,870,0,1.0,0.9505747126436782,0.0,0.9827586206896551,0.0314118039308712,0.13274768539652815,0.1951266511052911,0.23662788420843542,log_linear,0.5333333333333333,3,0.0,0.0
core,0.02,multiphase,0.0,noise-free,all,many_pilots,30,30,0,1.0,0.9666666666666667,0.0,1.0,0.01176095792841535,0.13274768539652815,0.1951266511052911,0.0885963312644276,log_linear,1.0,1,0.0,0.0
core,0.02,multiphase,0.001,sigma=0.001,lead,one_pilot,30,870,0,1.0,0.8931034482758621,0.03333333333333333,0.9885057471264368,0.0149461678641165,0.13286099547235442,0.1951915138760803,0.11246056165958686,log_linear,0.8666666666666667,4,0.0,0.0
core,0.02,multiphase,0.001,sigma=0.001,lead,many_pilots,30,30,0,1.0,0.9666666666666667,0.0,1.0,0.01211555656377025,0.13286099547235442,0.1951915138760803,0.09158080531263657,log_linear,1.0,1,0.0,0.0
core,0.02,multiphase,0.001,sigma=0.001,named,one_pilot,30,870,0,1.0,0.0,1.0,1.0,0.13286099547235442,0.13286099547235442,0.1951915138760803,1.0,rational_fit,1.0,1,0.0,0.0
core,0.02,multiphase,0.001,sigma=0.001,named,many_pilots,30,30,0,1.0,0.0,1.0,1.0,0.13286099547235442,0.13286099547235442,0.1951915138760803,1.0,rational_fit,1.0,1,0.0,0.0
core,0.02,multiphase,0.001,sigma=0.001,classical,one_pilot,30,870,0,1.0,0.021839080459770115,0.0,0.364367816091954,0.1965373501348908,0.13286099547235442,0.1951915138760803,1.4780014423722054,brezinski_theta1,0.26666666666666666,9,0.0,0.0
core,0.02,multiphase,0.001,sigma=0.001,classical,many_pilots,30,30,0,1.0,0.0,0.0,0.43333333333333335,0.19548123377705034,0.13286099547235442,0.1951915138760803,1.4723087650233466,anderson_3,1.0,1,0.0,0.0
core,0.02,multiphase,0.001,sigma=0.001,all,one_pilot,30,870,0,1.0,0.9379310344827586,0.0,0.9885057471264368,0.0382709599228952,0.13286099547235442,0.1951915138760803,0.2873915033356489,log_linear,0.5333333333333333,4,0.0,0.0
core,0.02,multiphase,0.001,sigma=0.001,all,many_pilots,30,30,0,1.0,0.9666666666666667,0.0,1.0,0.01211555656377025,0.13286099547235442,0.1951915138760803,0.09158080531263657,log_linear,1.0,1,0.0,0.0
core,0.02,multiphase,0.005,sigma=0.005,lead,one_pilot,30,870,0,1.0,0.8298850574712644,0.03333333333333333,0.9827586206896551,0.0200585557328771,0.13207196078254868,0.1935546232751038,0.15221073566719093,log_linear,0.7666666666666667,5,0.0,0.0
core,0.02,multiphase,0.005,sigma=0.005,lead,many_pilots,30,30,0,1.0,0.9333333333333333,0.0,1.0,0.01189924501909205,0.13207196078254868,0.1935546232751038,0.09014521713701576,log_linear,1.0,1,0.0,0.0
core,0.02,multiphase,0.005,sigma=0.005,named,one_pilot,30,870,0,1.0,0.0,1.0,1.0,0.13207196078254868,0.13207196078254868,0.1935546232751038,1.0,rational_fit,1.0,1,0.0,0.0
core,0.02,multiphase,0.005,sigma=0.005,named,many_pilots,30,30,0,1.0,0.0,1.0,1.0,0.13207196078254868,0.13207196078254868,0.1935546232751038,1.0,rational_fit,1.0,1,0.0,0.0
core,0.02,multiphase,0.005,sigma=0.005,classical,one_pilot,30,870,0,1.0,0.0022988505747126436,0.0,0.41724137931034483,0.19545604356527163,0.13207196078254868,0.1935546232751038,1.4786532468192755,brezinski_theta1,0.3,11,0.0,0.0
core,0.02,multiphase,0.005,sigma=0.005,classical,many_pilots,30,30,0,1.0,0.0,0.0,0.5666666666666667,0.1909476548952176,0.13207196078254868,0.1935546232751038,1.447371784427879,brezinski_theta1,1.0,1,0.0,0.0
core,0.02,multiphase,0.005,sigma=0.005,all,one_pilot,30,870,0,1.0,0.9321839080459771,0.0,0.9827586206896551,0.0310314496429437,0.13207196078254868,0.1935546232751038,0.23514450639112888,log_linear,0.5333333333333333,3,0.0,0.0
core,0.02,multiphase,0.005,sigma=0.005,all,many_pilots,30,30,0,1.0,0.9333333333333333,0.0,1.0,0.01189924501909205,0.13207196078254868,0.1935546232751038,0.09014521713701576,log_linear,1.0,1,0.0,0.0
core,0.02,osc_exp,0.0,noise-free,lead,one_pilot,30,870,0,1.0,0.7436781609195402,0.0,0.8126436781609195,0.0048899803701574,0.03033444959787925,0.0506836786277371,0.29223911352694926,pade_22,0.5,8,0.005747126436781609,0.0
core,0.02,osc_exp,0.0,noise-free,lead,many_pilots,30,30,0,1.0,1.0,0.0,1.0,0.0048899803701552,0.03033444959787925,0.0506836786277371,0.16128657478196018,pade_22,1.0,1,0.0,0.0
core,0.02,osc_exp,0.0,noise-free,named,one_pilot,30,870,0,1.0,0.1793103448275862,0.5666666666666667,0.7655172413793103,0.0367888760074134,0.03033444959787925,0.0506836786277371,1.0,rational_fit,0.5666666666666667,2,0.0,0.0
core,0.02,osc_exp,0.0,noise-free,named,many_pilots,30,30,0,1.0,0.0,1.0,0.6,0.03033444959787925,0.03033444959787925,0.0506836786277371,1.0,rational_fit,1.0,1,0.0,0.0
core,0.02,osc_exp,0.0,noise-free,classical,one_pilot,30,870,0,1.0,1.0,0.0,1.0,0.0010197574723637502,0.03033444959787925,0.0506836786277371,0.033634723074604175,wynn_eps_3,1.0,1,0.0,0.0
core,0.02,osc_exp,0.0,noise-free,classical,many_pilots,30,30,0,1.0,1.0,0.0,1.0,0.0010197574723637502,0.03033444959787925,0.0506836786277371,0.033634723074604175,wynn_eps_3,1.0,1,0.0,0.0
core,0.02,osc_exp,0.0,noise-free,all,one_pilot,30,870,0,1.0,0.9183908045977012,0.0,0.9482758620689655,0.0010197575323755,0.03033444959787925,0.0506836786277371,0.037975281146132536,wynn_eps_3,0.8666666666666667,5,0.005747126436781609,0.0
core,0.02,osc_exp,0.0,noise-free,all,many_pilots,30,30,0,1.0,1.0,0.0,1.0,0.0010197574723637502,0.03033444959787925,0.0506836786277371,0.033634723074604175,wynn_eps_3,1.0,1,0.0,0.0
core,0.02,osc_exp,0.001,sigma=0.001,lead,one_pilot,30,870,0,1.0,0.7425287356321839,0.0,0.8264367816091954,0.0059065622101671,0.03036735952458445,0.0507485413985263,0.284988849704724,pade_22,0.5,8,0.004597701149425287,0.0
core,0.02,osc_exp,0.001,sigma=0.001,lead,many_pilots,30,30,0,1.0,1.0,0.0,1.0,0.004927154039405,0.03036735952458445,0.0507485413985263,0.16535577127439238,pade_22,1.0,1,0.0,0.0
core,0.02,osc_exp,0.001,sigma=0.001,named,one_pilot,30,870,0,1.0,0.1793103448275862,0.5666666666666667,0.7655172413793103,0.0368794854674125,0.03036735952458445,0.0507485413985263,1.0,rational_fit,0.5666666666666667,2,0.0,0.0
core,0.02,osc_exp,0.001,sigma=0.001,named,many_pilots,30,30,0,1.0,0.0,1.0,0.6,0.03036735952458445,0.03036735952458445,0.0507485413985263,1.0,rational_fit,1.0,1,0.0,0.0
core,0.02,osc_exp,0.001,sigma=0.001,classical,one_pilot,30,870,0,1.0,0.39655172413793105,0.0,0.43103448275862066,0.0513689587176805,0.03036735952458445,0.0507485413985263,1.625653497521151,brezinski_theta2,0.36666666666666664,8,0.0,0.0
core,0.02,osc_exp,0.001,sigma=0.001,classical,many_pilots,30,30,0,1.0,0.4,0.0,0.5,0.050979847902018594,0.03036735952458445,0.0507485413985263,1.670255816981396,anderson_3,0.9333333333333333,2,0.0,0.0
core,0.02,osc_exp,0.001,sigma=0.001,all,one_pilot,30,870,0,0.996551724137931,0.7379310344827587,0.0,0.8183908045977012,0.0059065622101671,0.03036735952458445,0.0507485413985263,0.284988849704724,pade_22,0.5,9,0.020689655172413793,0.0
core,0.02,osc_exp,0.001,sigma=0.001,all,many_pilots,30,30,0,1.0,1.0,0.0,1.0,0.004927154039405,0.03036735952458445,0.0507485413985263,0.16535577127439238,pade_22,1.0,1,0.0,0.0
core,0.02,osc_exp,0.005,sigma=0.005,lead,one_pilot,30,870,0,1.0,0.7114942528735633,0.0,0.8218390804597702,0.0133208605532929,0.03038166670531785,0.0491116507975498,0.46169485278744754,pade_22,0.5333333333333333,7,0.006896551724137931,0.0
core,0.02,osc_exp,0.005,sigma=0.005,lead,many_pilots,30,30,0,1.0,0.9333333333333333,0.0,1.0,0.010801287685208449,0.03038166670531785,0.0491116507975498,0.2271241969761562,pade_22,1.0,1,0.0,0.0
core,0.02,osc_exp,0.005,sigma=0.005,named,one_pilot,30,870,0,1.0,0.1793103448275862,0.5666666666666667,0.7655172413793103,0.03539830786303625,0.03038166670531785,0.0491116507975498,1.0,rational_fit,0.5666666666666667,2,0.0,0.0
core,0.02,osc_exp,0.005,sigma=0.005,named,many_pilots,30,30,0,1.0,0.0,1.0,0.6,0.03038166670531785,0.03038166670531785,0.0491116507975498,1.0,rational_fit,1.0,1,0.0,0.0
core,0.02,osc_exp,0.005,sigma=0.005,classical,one_pilot,30,870,0,1.0,0.3482758620689655,0.0,0.4,0.0507664416435844,0.03038166670531785,0.0491116507975498,1.6611808187994146,brezinski_theta1,0.23333333333333334,10,0.0,0.0
core,0.02,osc_exp,0.005,sigma=0.005,classical,many_pilots,30,30,0,1.0,0.4,0.0,0.5666666666666667,0.04630047045738555,0.03038166670531785,0.0491116507975498,1.315726807122978,brezinski_theta1,1.0,1,0.0,0.0
core,0.02,osc_exp,0.005,sigma=0.005,all,one_pilot,30,870,0,0.993103448275862,0.6195402298850575,0.0,0.7172413793103448,0.0145515817629889,0.03038166670531785,0.0491116507975498,0.7451074092184117,pade_22,0.4,11,0.03793103448275862,0.0
core,0.02,osc_exp,0.005,sigma=0.005,all,many_pilots,30,30,0,1.0,0.9333333333333333,0.0,1.0,0.010801287685208449,0.03038166670531785,0.0491116507975498,0.2271241969761562,pade_22,1.0,1,0.0,0.0
core,0.02,damped_osc_pow,0.0,noise-free,lead,one_pilot,30,870,0,1.0,1.0,0.0,1.0,4.365777547343883e-05,0.0148220255034121,0.0546065146311528,0.002945466440604091,richardson_3,0.7333333333333333,2,0.0,0.0
core,0.02,damped_osc_pow,0.0,noise-free,lead,many_pilots,30,30,0,1.0,1.0,0.0,1.0,4.299331011102872e-05,0.0148220255034121,0.0546065146311528,0.002900636618905856,richardson_3,1.0,1,0.0,0.0
core,0.02,damped_osc_pow,0.0,noise-free,named,one_pilot,30,870,0,1.0,0.0,1.0,1.0,0.0148220255034121,0.0148220255034121,0.0546065146311528,1.0,rational_fit,1.0,1,0.0,0.0
core,0.02,damped_osc_pow,0.0,noise-free,named,many_pilots,30,30,0,1.0,0.0,1.0,1.0,0.0148220255034121,0.0148220255034121,0.0546065146311528,1.0,rational_fit,1.0,1,0.0,0.0
core,0.02,damped_osc_pow,0.0,noise-free,classical,one_pilot,30,870,0,1.0,1.0,0.0,1.0,0.00100949092017505,0.0148220255034121,0.0546065146311528,0.06810748783324372,levin_v2,1.0,1,0.0,0.0
core,0.02,damped_osc_pow,0.0,noise-free,classical,many_pilots,30,30,0,1.0,1.0,0.0,1.0,0.00100949092017505,0.0148220255034121,0.0546065146311528,0.06810748783324372,levin_v2,1.0,1,0.0,0.0
core,0.02,damped_osc_pow,0.0,noise-free,all,one_pilot,30,870,0,1.0,1.0,0.0,1.0,4.365777547343883e-05,0.0148220255034121,0.0546065146311528,0.002945466440604091,richardson_3,0.7333333333333333,2,0.0,0.0
core,0.02,damped_osc_pow,0.0,noise-free,all,many_pilots,30,30,0,1.0,1.0,0.0,1.0,4.299331011102872e-05,0.0148220255034121,0.0546065146311528,0.002900636618905856,richardson_3,1.0,1,0.0,0.0
core,0.02,damped_osc_pow,0.001,sigma=0.001,lead,one_pilot,30,870,0,1.0,0.9310344827586207,0.0,0.9908045977011494,0.0040600044175433,0.0152047443413845,0.05467137740194205,0.2757128773430377,richardson_1,0.8666666666666667,4,0.0,0.0
core,0.02,damped_osc_pow,0.001,sigma=0.001,lead,many_pilots,30,30,0,1.0,0.9666666666666667,0.0,1.0,0.0034622103173646,0.0152047443413845,0.05467137740194205,0.23477491105161874,richardson_1,1.0,1,0.0,0.0
core,0.02,damped_osc_pow,0.001,sigma=0.001,named,one_pilot,30,870,0,1.0,0.0,1.0,1.0,0.0152047443413845,0.0152047443413845,0.05467137740194205,1.0,rational_fit,1.0,1,0.0,0.0
core,0.02,damped_osc_pow,0.001,sigma=0.001,named,many_pilots,30,30,0,1.0,0.0,1.0,1.0,0.0152047443413845,0.0152047443413845,0.05467137740194205,1.0,rational_fit,1.0,1,0.0,0.0
core,0.02,damped_osc_pow,0.001,sigma=0.001,classical,one_pilot,30,870,0,0.993103448275862,0.01264367816091954,0.0,0.3850574712643678,0.055752767758498,0.0152047443413845,0.05467137740194205,3.6185230300148,brezinski_theta1,0.26666666666666666,10,0.006896551724137931,0.0
core,0.02,damped_osc_pow,0.001,sigma=0.001,classical,many_pilots,30,30,0,1.0,0.0,0.0,0.5,0.0550657871790336,0.0152047443413845,0.05467137740194205,3.582760716643617,anderson_3,0.9,2,0.0,0.0
core,0.02,damped_osc_pow,0.001,sigma=0.001,all,one_pilot,30,870,0,1.0,0.8908045977011494,0.0,0.9862068965517241,0.0051705991701895,0.0152047443413845,0.05467137740194205,0.35017484252249786,richardson_1,0.7333333333333333,5,0.0,0.0
core,0.02,damped_osc_pow,0.001,sigma=0.001,all,many_pilots,30,30,0,1.0,0.9666666666666667,0.0,1.0,0.0034622103173646,0.0152047443413845,0.05467137740194205,0.23477491105161874,richardson_1,1.0,1,0.0,0.0
core,0.02,damped_osc_pow,0.005,sigma=0.005,lead,one_pilot,30,870,0,0.9954022988505747,0.2908045977011494,0.3333333333333333,0.8597701149425288,0.0170849241637353,0.0169383795593262,0.0530344868009655,1.0,richardson_1,0.4,6,0.01954022988505747,0.0
core,0.02,damped_osc_pow,0.005,sigma=0.005,lead,many_pilots,30,30,0,1.0,0.5333333333333333,0.0,0.8666666666666667,0.0126008869736652,0.0169383795593262,0.0530344868009655,0.9460219962066487,richardson_1,1.0,1,0.0,0.0
core,0.02,damped_osc_pow,0.005,sigma=0.005,named,one_pilot,30,870,0,1.0,0.0,0.9666666666666667,0.9988505747126437,0.0170849241637353,0.0169383795593262,0.0530344868009655,1.0,rational_fit,0.9666666666666667,2,0.0,0.0
core,0.02,damped_osc_pow,0.005,sigma=0.005,named,many_pilots,30,30,0,1.0,0.0,1.0,1.0,0.0169383795593262,0.0169383795593262,0.0530344868009655,1.0,rational_fit,1.0,1,0.0,0.0
core,0.02,damped_osc_pow,0.005,sigma=0.005,classical,one_pilot,30,870,0,1.0,0.0034482758620689655,0.0,0.4045977011494253,0.0547548971216806,0.0169383795593262,0.0530344868009655,3.614523815711929,brezinski_theta1,0.23333333333333334,12,0.004597701149425287,0.0
core,0.02,damped_osc_pow,0.005,sigma=0.005,classical,many_pilots,30,30,0,1.0,0.0,0.0,0.5666666666666667,0.05028382412192685,0.0169383795593262,0.0530344868009655,3.2148728830146776,brezinski_theta1,1.0,1,0.0,0.0
core,0.02,damped_osc_pow,0.005,sigma=0.005,all,one_pilot,30,870,0,0.9885057471264368,0.23908045977011494,0.2,0.8183908045977012,0.0208283613579543,0.0169383795593262,0.0530344868009655,1.1296257849710176,richardson_1,0.26666666666666666,10,0.041379310344827586,0.0
core,0.02,damped_osc_pow,0.005,sigma=0.005,all,many_pilots,30,30,0,1.0,0.5333333333333333,0.0,0.8666666666666667,0.0126008869736652,0.0169383795593262,0.0530344868009655,0.9460219962066487,richardson_1,1.0,1,0.0,0.0
core,0.02,delayed_plateau,0.0,noise-free,lead,one_pilot,30,870,0,1.0,0.5183908045977011,0.06666666666666667,1.0,0.0174541661551721,0.04029366662860945,0.2391019486830879,0.9980158295635456,pade_34,0.6,6,0.0,0.0
core,0.02,delayed_plateau,0.0,noise-free,lead,many_pilots,30,30,0,1.0,0.6666666666666666,0.0,1.0,0.0164995046733855,0.04029366662860945,0.2391019486830879,0.3617870685815259,pade_34,1.0,1,0.0,0.0
core,0.02,delayed_plateau,0.0,noise-free,named,one_pilot,30,870,0,1.0,0.3931034482758621,0.36666666666666664,1.0,0.0264248059607192,0.04029366662860945,0.2391019486830879,1.0,single_exp_fit,0.6333333333333333,2,0.0,0.0
core,0.02,delayed_plateau,0.0,noise-free,named,many_pilots,30,30,0,1.0,0.6333333333333333,0.0,1.0,0.02642457170996135,0.04029366662860945,0.2391019486830879,0.6558883461474515,single_exp_fit,1.0,1,0.0,0.0
core,0.02,delayed_plateau,0.0,noise-free,classical,one_pilot,30,870,0,1.0,0.9333333333333333,0.0,1.0,0.0040216511796514,0.04029366662860945,0.2391019486830879,0.09982173932626483,shanks_1,0.4666666666666667,3,0.0,0.0
core,0.02,delayed_plateau,0.0,noise-free,classical,many_pilots,30,30,0,1.0,0.9333333333333333,0.0,1.0,0.004021651179650899,0.04029366662860945,0.2391019486830879,0.09982173932626483,levin_t1,1.0,1,0.0,0.0
core,0.02,delayed_plateau,0.0,noise-free,all,one_pilot,30,870,0,1.0,0.7137931034482758,0.06666666666666667,1.0,0.0040216511798796,0.04029366662860945,0.2391019486830879,0.2279683360392986,pade_13,0.3,7,0.0,0.0
core,0.02,delayed_plateau,0.0,noise-free,all,many_pilots,30,30,0,1.0,0.9333333333333333,0.0,1.0,0.004021651179650899,0.04029366662860945,0.2391019486830879,0.09982173932626483,levin_t1,1.0,1,0.0,0.0
core,0.02,delayed_plateau,0.001,sigma=0.001,lead,one_pilot,30,870,0,0.9873563218390805,0.3689655172413793,0.23333333333333334,0.9850574712643678,0.0285107721854698,0.0404360976705609,0.23916681145387714,1.0,single_exp_fit,0.5,7,0.01264367816091954,0.0
core,0.02,delayed_plateau,0.001,sigma=0.001,lead,many_pilots,30,30,0,1.0,0.6666666666666666,0.0,1.0,0.0265993501345442,0.0404360976705609,0.23916681145387714,0.729084982430033,single_exp_fit,1.0,1,0.0,0.0
core,0.02,delayed_plateau,0.001,sigma=0.001,named,one_pilot,30,870,0,1.0,0.4367816091954023,0.3333333333333333,1.0,0.0276551695916647,0.0404360976705609,0.23916681145387714,1.0,single_exp_fit,0.6666666666666666,2,0.0,0.0
core,0.02,delayed_plateau,0.001,sigma=0.001,named,many_pilots,30,30,0,1.0,0.6666666666666666,0.0,1.0,0.0265993501345442,0.0404360976705609,0.23916681145387714,0.729084982430033,single_exp_fit,1.0,1,0.0,0.0
core,0.02,delayed_plateau,0.001,sigma=0.001,classical,one_pilot,30,870,0,0.9896551724137931,0.006896551724137931,0.0,0.41379310344827586,0.2437252678553575,0.0404360976705609,0.23916681145387714,6.120490570495993,wynn_rho_2,0.3,11,0.01264367816091954,0.0
core,0.02,delayed_plateau,0.001,sigma=0.001,classical,many_pilots,30,30,0,1.0,0.0,0.0,0.5666666666666667,0.23268821043822854,0.0404360976705609,0.23916681145387714,6.0974562783291475,wynn_rho_2,1.0,1,0.0,0.0
core,0.02,delayed_plateau,0.001,sigma=0.001,all,one_pilot,30,870,0,1.0,0.3045977011494253,0.2,0.9781609195402299,0.0384465939640779,0.0404360976705609,0.23916681145387714,1.0,pade_13,0.4666666666666667,9,0.0,0.0
core,0.02,delayed_plateau,0.001,sigma=0.001,all,many_pilots,30,30,0,1.0,0.7,0.0,1.0,0.02062428283656025,0.0404360976705609,0.23916681145387714,0.5040472188775296,richardson_a05,1.0,1,0.0,0.0
core,0.02,delayed_plateau,0.005,sigma=0.005,lead,one_pilot,30,870,0,0.9908045977011494,0.3448275862068966,0.3,0.9885057471264368,0.03375113114736755,0.0401816522250754,0.2375299208529006,1.0,single_exp_fit,0.43333333333333335,7,0.011494252873563218,0.0
core,0.02,delayed_plateau,0.005,sigma=0.005,lead,many_pilots,30,30,0,1.0,0.6333333333333333,0.0,1.0,0.0239854764752988,0.0401816522250754,0.2375299208529006,0.795288251258613,single_exp_fit,1.0,1,0.0,0.0
core,0.02,delayed_plateau,0.005,sigma=0.005,named,one_pilot,30,870,0,1.0,0.3931034482758621,0.36666666666666664,1.0,0.0275010911828354,0.0401816522250754,0.2375299208529006,1.0,single_exp_fit,0.6333333333333333,2,0.0,0.0
core,0.02,delayed_plateau,0.005,sigma=0.005,named,many_pilots,30,30,0,1.0,0.6333333333333333,0.0,1.0,0.0239854764752988,0.0401816522250754,0.2375299208529006,0.795288251258613,single_exp_fit,1.0,1,0.0,0.0
core,0.02,delayed_plateau,0.005,sigma=0.005,classical,one_pilot,30,870,0,1.0,0.0,0.0,0.31724137931034485,0.24383601125211118,0.0401816522250754,0.2375299208529006,6.168465938837968,wynn_rho_3,0.23333333333333334,7,0.006896551724137931,0.0
core,0.02,delayed_plateau,0.005,sigma=0.005,classical,many_pilots,30,30,0,1.0,0.0,0.0,0.5666666666666667,0.23714827443435516,0.0401816522250754,0.2375299208529006,5.940531381684874,brezinski_theta1,1.0,1,0.0,0.0
core,0.02,delayed_plateau,0.005,sigma=0.005,all,one_pilot,30,870,0,0.9954022988505747,0.35172413793103446,0.23333333333333334,0.9804597701149426,0.0342309450799847,0.0401816522250754,0.2375299208529006,1.0,pade_13,0.36666666666666664,7,0.006896551724137931,0.0
core,0.02,delayed_plateau,0.005,sigma=0.005,all,many_pilots,30,30,0,1.0,0.6666666666666666,0.0,1.0,0.019636045787269803,0.0401816522250754,0.2375299208529006,0.5586091883303757,richardson_a05,1.0,1,0.0,0.0
core,0.02,staircase,0.0,noise-free,lead,one_pilot,30,870,0,1.0,0.4724137931034483,0.0,1.0,0.0542751530222986,0.050009222119925,0.18,1.1508937794523462,double_exp_fit,0.5333333333333333,7,0.0,0.0
core,0.02,staircase,0.0,noise-free,lead,many_pilots,30,30,0,1.0,0.6,0.0,1.0,0.032799523148495,0.050009222119925,0.18,0.6594510884451286,double_exp_fit,1.0,1,0.0,0.0
core,0.02,staircase,0.0,noise-free,named,one_pilot,30,870,0,1.0,0.04827586206896552,0.7666666666666667,1.0,0.0652121834730722,0.050009222119925,0.18,1.0,rational_fit,0.7666666666666667,2,0.0,0.0
core,0.02,staircase,0.0,noise-free,named,many_pilots,30,30,0,1.0,0.0,1.0,1.0,0.050009222119925,0.050009222119925,0.18,1.0,rational_fit,1.0,1,0.0,0.0
core,0.02,staircase,0.0,noise-free,classical,one_pilot,30,870,0,1.0,0.0,0.0,0.0,0.2799999000001,0.050009222119925,0.18,5.603313260429843,anderson_1,1.0,1,0.0,0.0
core,0.02,staircase,0.0,noise-free,classical,many_pilots,30,30,0,1.0,0.0,0.0,0.0,0.2799999000001,0.050009222119925,0.18,5.603313260429843,anderson_1,1.0,1,0.0,0.0
core,0.02,staircase,0.0,noise-free,all,one_pilot,30,870,0,1.0,0.4793103448275862,0.0,1.0,0.0503209780471566,0.050009222119925,0.18,1.1205793008253622,double_exp_fit,0.5333333333333333,8,0.0,0.0
core,0.02,staircase,0.0,noise-free,all,many_pilots,30,30,0,1.0,0.6,0.0,1.0,0.032799523148495,0.050009222119925,0.18,0.6594510884451286,double_exp_fit,1.0,1,0.0,0.0
core,0.02,staircase,0.001,sigma=0.001,lead,one_pilot,30,870,0,1.0,0.4689655172413793,0.0,1.0,0.0527491494894235,0.0518939847837198,0.18006486277078915,1.154218982930829,double_exp_fit,0.5666666666666667,7,0.0,0.0
core,0.02,staircase,0.001,sigma=0.001,lead,many_pilots,30,30,0,1.0,0.6,0.0,1.0,0.0327319256967637,0.0518939847837198,0.18006486277078915,0.6562194776669279,double_exp_fit,1.0,1,0.0,0.0
core,0.02,staircase,0.001,sigma=0.001,named,one_pilot,30,870,0,1.0,0.04827586206896552,0.7666666666666667,1.0,0.0652282350029261,0.0518939847837198,0.18006486277078915,1.0,rational_fit,0.7666666666666667,2,0.0,0.0
core,0.02,staircase,0.001,sigma=0.001,named,many_pilots,30,30,0,1.0,0.0,1.0,1.0,0.0518939847837198,0.0518939847837198,0.18006486277078915,1.0,rational_fit,1.0,1,0.0,0.0
core,0.02,staircase,0.001,sigma=0.001,classical,one_pilot,30,870,0,1.0,0.0,0.0,0.0,0.2802486054901287,0.0518939847837198,0.18006486277078915,5.402910069241632,brezinski_theta1,0.2,11,0.0,0.0
core,0.02,staircase,0.001,sigma=0.001,classical,many_pilots,30,30,0,1.0,0.0,0.0,0.0,0.2796633765480152,0.0518939847837198,0.18006486277078915,5.380681523195914,brezinski_theta1,1.0,1,0.0,0.0
core,0.02,staircase,0.001,sigma=0.001,all,one_pilot,30,870,0,1.0,0.4793103448275862,0.0,1.0,0.0505308317740549,0.0518939847837198,0.18006486277078915,1.1218011920860897,double_exp_fit,0.5333333333333333,8,0.0,0.0
core,0.02,staircase,0.001,sigma=0.001,all,many_pilots,30,30,0,1.0,0.6,0.0,1.0,0.0327319256967637,0.0518939847837198,0.18006486277078915,0.6562194776669279,double_exp_fit,1.0,1,0.0,0.0
core,0.02,staircase,0.005,sigma=0.005,lead,one_pilot,30,870,0,0.996551724137931,0.4689655172413793,0.0,0.996551724137931,0.0489824225750773,0.05697214120038495,0.17842797216981265,1.1179838286832726,double_exp_fit,0.5666666666666667,8,0.0034482758620689655,0.0
core,0.02,staircase,0.005,sigma=0.005,lead,many_pilots,30,30,0,1.0,0.6,0.0,1.0,0.033641284409630254,0.05697214120038495,0.17842797216981265,0.6805340715940198,double_exp_fit,1.0,1,0.0,0.0
core,0.02,staircase,0.005,sigma=0.005,named,one_pilot,30,870,0,1.0,0.10344827586206896,0.6666666666666666,1.0,0.05827110012238,0.05697214120038495,0.17842797216981265,1.0,rational_fit,0.6666666666666666,2,0.0,0.0
core,0.02,staircase,0.005,sigma=0.005,named,many_pilots,30,30,0,1.0,0.0,1.0,1.0,0.05697214120038495,0.05697214120038495,0.17842797216981265,1.0,rational_fit,1.0,1,0.0,0.0
core,0.02,staircase,0.005,sigma=0.005,classical,one_pilot,30,870,0,0.9896551724137931,0.0,0.0,0.0034482758620689655,0.2806540882141017,0.05697214120038495,0.17842797216981265,4.928775923233448,brezinski_theta2,0.3,10,0.01264367816091954,0.0
core,0.02,staircase,0.005,sigma=0.005,classical,many_pilots,30,30,0,1.0,0.0,0.0,0.0,0.2782967520539483,0.05697214120038495,0.17842797216981265,4.862100987119559,brezinski_theta1,1.0,1,0.0,0.0
core,0.02,staircase,0.005,sigma=0.005,all,one_pilot,30,870,0,0.996551724137931,0.4689655172413793,0.0,0.996551724137931,0.0489824225750773,0.05697214120038495,0.17842797216981265,1.1179838286832726,double_exp_fit,0.5666666666666667,8,0.0034482758620689655,0.0
core,0.02,staircase,0.005,sigma=0.005,all,many_pilots,30,30,0,1.0,0.6,0.0,1.0,0.033641284409630254,0.05697214120038495,0.17842797216981265,0.6805340715940198,double_exp_fit,1.0,1,0.0,0.0
core,0.02,noisy_plateau,0.0,intrinsic,lead,one_pilot,30,870,0,0.9977011494252873,0.41954022988505746,0.13333333333333333,0.5988505747126437,0.0011821169310369,0.0008546989111614,0.0025813607476644,1.0,single_exp_fit,0.2,11,0.11264367816091954,0.06666666666666667
core,0.02,noisy_plateau,0.0,intrinsic,lead,many_pilots,30,30,0,1.0,0.7333333333333333,0.0,0.8,0.00056683554914385,0.0008546989111614,0.0025813607476644,0.513855757419289,richardson_1,1.0,1,0.03333333333333333,0.06666666666666667
core,0.02,noisy_plateau,0.0,intrinsic,named,one_pilot,30,870,0,1.0,0.35172413793103446,0.4,0.7022988505747126,0.0008958476941207,0.0008546989111614,0.0025813607476644,1.0,single_exp_fit,0.6,2,0.047126436781609195,0.06666666666666667
core,0.02,noisy_plateau,0.0,intrinsic,named,many_pilots,30,30,0,1.0,0.3333333333333333,0.26666666666666666,0.6333333333333333,0.0011622026481117,0.0008546989111614,0.0025813607476644,1.0,single_exp_fit,0.7333333333333333,2,0.06666666666666667,0.06666666666666667
core,0.02,noisy_plateau,0.0,intrinsic,classical,one_pilot,30,870,0,0.9954022988505747,0.39655172413793105,0.0,0.5436781609195402,0.0015563775005019,0.0008546989111614,0.0025813607476644,1.2506727403642195,anderson_2,0.16666666666666666,13,0.09080459770114943,0.06666666666666667
core,0.02,noisy_plateau,0.0,intrinsic,classical,many_pilots,30,30,0,1.0,0.5333333333333333,0.0,0.6,0.0010076380208113,0.0008546989111614,0.0025813607476644,0.8514680173215445,wynn_eps_3,1.0,1,0.06666666666666667,0.06666666666666667
core,0.02,noisy_plateau,0.0,intrinsic,all,one_pilot,30,870,0,0.9988505747126437,0.49195402298850577,0.1,0.6413793103448275,0.0009635909734359,0.0008546989111614,0.0025813607476644,1.0,richardson_a20,0.2,15,0.09080459770114943,0.06666666666666667
core,0.02,noisy_plateau,0.0,intrinsic,all,many_pilots,30,30,0,1.0,0.8,0.0,0.8666666666666667,0.00044318279765855,0.0008546989111614,0.0025813607476644,0.4727448344036298,richardson_a20,1.0,1,0.03333333333333333,0.06666666666666667
core,0.02,noisy_plateau,0.001,sigma=0.001,lead,one_pilot,30,870,0,1.0,0.5310344827586206,0.06666666666666667,0.6344827586206897,0.0010495709133182,0.00102761148913095,0.0023873099363634,0.8832197232448792,richardson_1,0.3,10,0.11954022988505747,0.1
core,0.02,noisy_plateau,0.001,sigma=0.001,lead,many_pilots,30,30,0,1.0,0.5333333333333333,0.0,0.7,0.0009506513497994,0.00102761148913095,0.0023873099363634,0.9114095459864034,single_exp_fit,0.8333333333333334,3,0.1,0.1
core,0.02,noisy_plateau,0.001,sigma=0.001,named,one_pilot,30,870,0,1.0,0.3931034482758621,0.36666666666666664,0.7160919540229885,0.00091601955480905,0.00102761148913095,0.0023873099363634,1.0,single_exp_fit,0.6333333333333333,2,0.1,0.1
core,0.02,noisy_plateau,0.001,sigma=0.001,named,many_pilots,30,30,0,1.0,0.6333333333333333,0.0,0.7666666666666667,0.00068453108680425,0.00102761148913095,0.0023873099363634,0.6129820468245255,single_exp_fit,1.0,1,0.1,0.1
core,0.02,noisy_plateau,0.001,sigma=0.001,classical,one_pilot,30,870,0,1.0,0.34022988505747126,0.0,0.5505747126436782,0.002112721496838,0.00102761148913095,0.0023873099363634,1.882288572372815,shanks_3,0.13333333333333333,16,0.15862068965517243,0.1
core,0.02,noisy_plateau,0.001,sigma=0.001,classical,many_pilots,30,30,0,1.0,0.23333333333333334,0.0,0.5333333333333333,0.00250428056822145,0.00102761148913095,0.0023873099363634,2.223273653349181,wynn_eps_2,0.7666666666666667,3,0.1,0.1
core,0.02,noisy_plateau,0.001,sigma=0.001,all,one_pilot,30,870,0,1.0,0.5252873563218391,0.0,0.6379310344827587,0.001190718926588,0.00102761148913095,0.0023873099363634,0.9965068642641055,richardson_1,0.16666666666666666,20,0.11954022988505747,0.1
core,0.02,noisy_plateau,0.001,sigma=0.001,all,many_pilots,30,30,0,1.0,0.8666666666666667,0.0,0.8666666666666667,0.0003919222065303,0.00102761148913095,0.0023873099363634,0.3363443922152796,richardson_a20,1.0,1,0.06666666666666667,0.1
core,0.02,noisy_plateau,0.005,sigma=0.005,lead,one_pilot,30,870,0,1.0,0.3954022988505747,0.06666666666666667,0.41379310344827586,0.00269985365818035,0.0016699738088018,0.00138477438901805,1.0494704188783828,double_exp_fit,0.16666666666666666,12,0.2057471264367816,0.16666666666666666
core,0.02,noisy_plateau,0.005,sigma=0.005,lead,many_pilots,30,30,0,1.0,0.6,0.0,0.5666666666666667,0.0008040714491490001,0.0016699738088018,0.00138477438901805,0.6695699854111994,double_exp_fit,1.0,1,0.13333333333333333,0.16666666666666666
core,0.02,noisy_plateau,0.005,sigma=0.005,named,one_pilot,30,870,0,1.0,0.35172413793103446,0.4,0.5505747126436782,0.0014442105428681,0.0016699738088018,0.00138477438901805,1.0,single_exp_fit,0.6,2,0.1471264367816092,0.16666666666666666
core,0.02,noisy_plateau,0.005,sigma=0.005,named,many_pilots,30,30,0,1.0,0.6,0.0,0.5666666666666667,0.0008045874000643,0.0016699738088018,0.00138477438901805,0.6698862643784795,single_exp_fit,1.0,1,0.13333333333333333,0.16666666666666666
core,0.02,noisy_plateau,0.005,sigma=0.005,classical,one_pilot,30,870,0,1.0,0.4942528735632184,0.0,0.4885057471264368,0.00171872807135215,0.0016699738088018,0.00138477438901805,1.0216260138695994,wynn_eps_2,0.13333333333333333,14,0.15632183908045977,0.16666666666666666
core,0.02,noisy_plateau,0.005,sigma=0.005,classical,many_pilots,30,30,0,1.0,0.5333333333333333,0.0,0.6333333333333333,0.0011309585555892001,0.0016699738088018,0.00138477438901805,0.8805679260321141,wynn_rho_1,1.0,1,0.06666666666666667,0.16666666666666666
core,0.02,noisy_plateau,0.005,sigma=0.005,all,one_pilot,30,870,0,0.9862068965517241,0.5241379310344828,0.0,0.5137931034482759,0.0014164800604809,0.0016699738088018,0.00138477438901805,0.8232790370491689,richardson_a20,0.13333333333333333,18,0.15632183908045977,0.16666666666666666
core,0.02,noisy_plateau,0.005,sigma=0.005,all,many_pilots,30,30,0,1.0,0.9333333333333333,0.0,0.8666666666666667,0.0003958614862975,0.0016699738088018,0.00138477438901805,0.28115456834284247,richardson_a20,1.0,1,0.0,0.16666666666666666
core,0.02,slow_osc_power,0.0,noise-free,lead,one_pilot,30,870,0,1.0,0.9482758620689655,0.0,0.9747126436781609,0.0065640724780658,0.07001097623431235,0.0274763285630185,0.09377520456752285,single_exp_fit,0.5,3,0.016091954022988506,0.0
core,0.02,slow_osc_power,0.0,noise-free,lead,many_pilots,30,30,0,1.0,0.9666666666666667,0.0,1.0,0.0065641561965311,0.07001097623431235,0.0274763285630185,0.09377396899085097,single_exp_fit,0.5,2,0.0,0.0
core,0.02,slow_osc_power,0.0,noise-free,named,one_pilot,30,870,0,1.0,0.9333333333333333,0.03333333333333333,0.9747126436781609,0.006564071506474,0.07001097623431235,0.0274763285630185,0.0937584754252136,single_exp_fit,0.9666666666666667,2,0.0,0.0
core,0.02,slow_osc_power,0.0,noise-free,named,many_pilots,30,30,0,1.0,0.9666666666666667,0.0,1.0,0.0065640705728376506,0.07001097623431235,0.0274763285630185,0.09375823078559423,single_exp_fit,1.0,1,0.0,0.0
core,0.02,slow_osc_power,0.0,noise-free,classical,one_pilot,30,870,0,1.0,0.7333333333333333,0.0,1.0,0.025593454743886447,0.07001097623431235,0.0274763285630185,0.36556346048148836,wynn_rho_1,1.0,1,0.0,0.0
core,0.02,slow_osc_power,0.0,noise-free,classical,many_pilots,30,30,0,1.0,0.7333333333333333,0.0,1.0,0.025593454743886447,0.07001097623431235,0.0274763285630185,0.36556346048148836,wynn_rho_1,1.0,1,0.0,0.0
core,0.02,slow_osc_power,0.0,noise-free,all,one_pilot,30,870,0,1.0,0.860919540229885,0.0,0.9045977011494253,0.0065640773643811,0.07001097623431235,0.0274763285630185,0.11568056022919417,single_exp_fit,0.43333333333333335,5,0.016091954022988506,0.0
core,0.02,slow_osc_power,0.0,noise-free,all,many_pilots,30,30,0,1.0,0.9666666666666667,0.0,1.0,0.0065641561965311,0.07001097623431235,0.0274763285630185,0.09377396899085097,single_exp_fit,0.5,2,0.0,0.0
core,0.02,slow_osc_power,0.001,sigma=0.001,lead,one_pilot,30,870,0,1.0,0.9459770114942528,0.0,0.9747126436781609,0.0063954248596747,0.06357009708332684,0.0275411913338077,0.11869624058329942,single_exp_fit,0.5333333333333333,3,0.016091954022988506,0.0
core,0.02,slow_osc_power,0.001,sigma=0.001,lead,many_pilots,30,30,0,1.0,0.9666666666666667,0.0,1.0,0.0063700470720462,0.06357009708332684,0.0275411913338077,0.11778406023889049,single_exp_fit,0.5,2,0.0,0.0
core,0.02,slow_osc_power,0.001,sigma=0.001,named,one_pilot,30,870,0,1.0,0.9333333333333333,0.03333333333333333,0.9747126436781609,0.0063944047055303,0.06357009708332684,0.0275411913338077,0.11869461524032796,single_exp_fit,0.9666666666666667,2,0.0,0.0
core,0.02,slow_osc_power,0.001,sigma=0.001,named,many_pilots,30,30,0,1.0,0.9666666666666667,0.0,1.0,0.0063690269179017996,0.06357009708332684,0.0275411913338077,0.11778310874945519,single_exp_fit,1.0,1,0.0,0.0
core,0.02,slow_osc_power,0.001,sigma=0.001,classical,one_pilot,30,870,0,1.0,0.7160919540229885,0.0,0.43448275862068964,0.028108550553539,0.06357009708332684,0.0275411913338077,0.455142679010491,brezinski_theta1,0.23333333333333334,11,0.016091954022988506,0.0
core,0.02,slow_osc_power,0.001,sigma=0.001,classical,many_pilots,30,30,0,1.0,0.7333333333333333,0.0,0.5333333333333333,0.027855850097156,0.06357009708332684,0.0275411913338077,0.4487738962007141,brezinski_theta1,0.5,2,0.0,0.0
core,0.02,slow_osc_power,0.001,sigma=0.001,all,one_pilot,30,870,0,1.0,0.8632183908045977,0.0,0.9206896551724137,0.0074685779201347,0.06357009708332684,0.0275411913338077,0.13948029589938876,single_exp_fit,0.5,6,0.016091954022988506,0.0
core,0.02,slow_osc_power,0.001,sigma=0.001,all,many_pilots,30,30,0,1.0,0.9666666666666667,0.0,1.0,0.0063700470720462,0.06357009708332684,0.0275411913338077,0.11778406023889049,single_exp_fit,0.5,2,0.0,0.0
core,0.02,slow_osc_power,0.005,sigma=0.005,lead,one_pilot,30,870,0,1.0,0.7655172413793103,0.0,0.735632183908046,0.0092180384640639,0.055349762593309995,0.0259043007328312,0.3750343477947454,double_exp_fit,0.4666666666666667,6,0.067816091954023,0.0
core,0.02,slow_osc_power,0.005,sigma=0.005,lead,many_pilots,30,30,0,1.0,0.8333333333333334,0.0,0.8333333333333334,0.0088246036473627,0.055349762593309995,0.0259043007328312,0.20879479624455183,double_exp_fit,1.0,1,0.0,0.0
core,0.02,slow_osc_power,0.005,sigma=0.005,named,one_pilot,30,870,0,1.0,0.6896551724137931,0.16666666666666666,0.735632183908046,0.0092180384640639,0.055349762593309995,0.0259043007328312,0.3750343477947454,single_exp_fit,0.8333333333333334,2,0.0,0.0
core,0.02,slow_osc_power,0.005,sigma=0.005,named,many_pilots,30,30,0,1.0,0.8333333333333334,0.0,0.8333333333333334,0.0088337607209519,0.055349762593309995,0.0259043007328312,0.20882797304691386,single_exp_fit,1.0,1,0.0,0.0
core,0.02,slow_osc_power,0.005,sigma=0.005,classical,one_pilot,30,870,0,1.0,0.7045977011494253,0.0,0.38850574712643676,0.0274350298024292,0.055349762593309995,0.0259043007328312,0.5831116862738532,brezinski_theta1,0.23333333333333334,10,0.009195402298850575,0.0
core,0.02,slow_osc_power,0.005,sigma=0.005,classical,many_pilots,30,30,0,1.0,0.7333333333333333,0.0,0.5666666666666667,0.022953943678232197,0.055349762593309995,0.0259043007328312,0.43901241008638964,brezinski_theta1,1.0,1,0.0,0.0
core,0.02,slow_osc_power,0.005,sigma=0.005,all,one_pilot,30,870,0,0.9850574712643678,0.7344827586206897,0.0,0.6954022988505747,0.0130201768645177,0.055349762593309995,0.0259043007328312,0.3750694590029179,double_exp_fit,0.26666666666666666,11,0.029885057471264367,0.0
core,0.02,slow_osc_power,0.005,sigma=0.005,all,many_pilots,30,30,0,1.0,0.8333333333333334,0.0,0.8333333333333334,0.0088246036473627,0.055349762593309995,0.0259043007328312,0.20879479624455183,double_exp_fit,1.0,1,0.0,0.0
core,0.02,heavy_noise_plat,0.0,intrinsic,lead,one_pilot,30,870,0,0.9816091954022989,0.4482758620689655,0.03333333333333333,0.6206896551724138,0.0013171063294255,0.00131106251486435,0.00199999789761365,1.0001168262947966,pade_22,0.2,13,0.13793103448275862,0.06666666666666667
core,0.02,heavy_noise_plat,0.0,intrinsic,lead,many_pilots,30,30,0,1.0,0.6333333333333333,0.0,0.8,0.0007410838014095501,0.00131106251486435,0.00199999789761365,0.7492459968628531,single_exp_fit,0.5,2,0.03333333333333333,0.06666666666666667
core,0.02,heavy_noise_plat,0.0,intrinsic,named,one_pilot,30,870,0,1.0,0.4367816091954023,0.3333333333333333,0.774712643678161,0.0008692432946326,0.00131106251486435,0.00199999789761365,1.0,single_exp_fit,0.6666666666666666,2,0.04482758620689655,0.06666666666666667
core,0.02,heavy_noise_plat,0.0,intrinsic,named,many_pilots,30,30,0,1.0,0.6666666666666666,0.0,0.8,0.0007410421682151501,0.00131106251486435,0.00199999789761365,0.7492459968628531,single_exp_fit,1.0,1,0.03333333333333333,0.06666666666666667
core,0.02,heavy_noise_plat,0.0,intrinsic,classical,one_pilot,30,870,0,1.0,0.3080459770114943,0.0,0.43448275862068964,0.0029930103844775,0.00131106251486435,0.00199999789761365,2.0070957164498067,shanks_2,0.1,17,0.2103448275862069,0.06666666666666667
core,0.02,heavy_noise_plat,0.0,intrinsic,classical,many_pilots,30,30,0,1.0,0.36666666666666664,0.0,0.5666666666666667,0.0021113029887925502,0.00131106251486435,0.00199999789761365,1.7385688912591193,wynn_eps_2,0.9,2,0.13333333333333333,0.06666666666666667
core,0.02,heavy_noise_plat,0.0,intrinsic,all,one_pilot,30,870,0,0.9908045977011494,0.41379310344827586,0.0,0.5413793103448276,0.00170290183913305,0.00131106251486435,0.00199999789761365,1.2144935550741023,richardson_a20,0.06666666666666667,25,0.15747126436781608,0.06666666666666667
core,0.02,heavy_noise_plat,0.0,intrinsic,all,many_pilots,30,30,0,1.0,0.6333333333333333,0.0,0.8,0.0007410838014095501,0.00131106251486435,0.00199999789761365,0.7492459968628531,single_exp_fit,0.5,2,0.03333333333333333,0.06666666666666667
core,0.02,heavy_noise_plat,0.001,sigma=0.001,lead,one_pilot,30,870,0,0.957471264367816,0.3080459770114943,0.13333333333333333,0.6080459770114942,0.0015767477068777,0.0012568884317285499,0.00293877323895155,1.0452949364078514,pade_33,0.2,11,0.1781609195402299,0.1
core,0.02,heavy_noise_plat,0.001,sigma=0.001,lead,many_pilots,30,30,0,1.0,0.4666666666666667,0.0,0.7333333333333333,0.00134531612601925,0.0012568884317285499,0.00293877323895155,1.0000006223267621,double_exp_fit,0.8,2,0.1,0.1
core,0.02,heavy_noise_plat,0.001,sigma=0.001,named,one_pilot,30,870,0,1.0,0.31264367816091954,0.43333333333333335,0.7183908045977011,0.00108199636186335,0.0012568884317285499,0.00293877323895155,1.0,single_exp_fit,0.5666666666666667,2,0.08160919540229886,0.1
core,0.02,heavy_noise_plat,0.001,sigma=0.001,named,many_pilots,30,30,0,1.0,0.5666666666666667,0.0,0.7333333333333333,0.00106212504848545,0.0012568884317285499,0.00293877323895155,0.9747805601852918,single_exp_fit,1.0,1,0.06666666666666667,0.1
core,0.02,heavy_noise_plat,0.001,sigma=0.001,classical,one_pilot,30,870,0,1.0,0.37471264367816093,0.0,0.5471264367816092,0.0025225906663989,0.0012568884317285499,0.00293877323895155,2.064776349463202,shanks_4,0.16666666666666666,14,0.1471264367816092,0.1
core,0.02,heavy_noise_plat,0.001,sigma=0.001,classical,many_pilots,30,30,0,1.0,0.5333333333333333,0.0,0.6666666666666666,0.0012681198001962,0.0012568884317285499,0.00293877323895155,0.9577010647958062,shanks_4,1.0,1,0.13333333333333333,0.1
core,0.02,heavy_noise_plat,0.001,sigma=0.001,all,one_pilot,30,870,0,0.9977011494252873,0.36091954022988504,0.03333333333333333,0.6011494252873564,0.0016994996717787,0.0012568884317285499,0.00293877323895155,1.2555692236996137,richardson_a20,0.06666666666666667,22,0.12298850574712644,0.1
core,0.02,heavy_noise_plat,0.001,sigma=0.001,all,many_pilots,30,30,0,1.0,0.5666666666666667,0.0,0.7666666666666667,0.0011747389622647,0.0012568884317285499,0.00293877323895155,0.8730699244627216,richardson_a20,0.9,2,0.06666666666666667,0.1
core,0.02,heavy_noise_plat,0.005,sigma=0.005,lead,one_pilot,30,870,0,0.9540229885057471,0.33793103448275863,0.03333333333333333,0.5850574712643678,0.0024448387691802,0.0015596927951547,0.003904286291397,1.5146704539795903,pade_33,0.2,11,0.1413793103448276,0.03333333333333333
core,0.02,heavy_noise_plat,0.005,sigma=0.005,lead,many_pilots,30,30,0,1.0,0.7,0.0,0.8,0.0010057808050482,0.0015596927951547,0.003904286291397,0.9092940103647764,double_exp_fit,1.0,1,0.03333333333333333,0.03333333333333333
core,0.02,heavy_noise_plat,0.005,sigma=0.005,named,one_pilot,30,870,0,1.0,0.4827586206896552,0.3,0.7896551724137931,0.0010139017525445,0.0015596927951547,0.003904286291397,1.0,single_exp_fit,0.7,2,0.03333333333333333,0.03333333333333333
core,0.02,heavy_noise_plat,0.005,sigma=0.005,named,many_pilots,30,30,0,1.0,0.7,0.0,0.8,0.00100613233807555,0.0015596927951547,0.003904286291397,0.909750960087758,single_exp_fit,1.0,1,0.03333333333333333,0.03333333333333333
core,0.02,heavy_noise_plat,0.005,sigma=0.005,classical,one_pilot,30,870,0,0.9862068965517241,0.21149425287356322,0.0,0.5149425287356322,0.004313474912739,0.0015596927951547,0.003904286291397,3.624640650455318,wynn_rho_3,0.16666666666666666,14,0.13333333333333333,0.03333333333333333
core,0.02,heavy_noise_plat,0.005,sigma=0.005,classical,many_pilots,30,30,0,1.0,0.13333333333333333,0.0,0.6,0.00365773563152255,0.0015596927951547,0.003904286291397,3.3895438132295457,shanks_4,0.5,2,0.13333333333333333,0.03333333333333333
core,0.02,heavy_noise_plat,0.005,sigma=0.005,all,one_pilot,30,870,0,0.9597701149425287,0.29310344827586204,0.03333333333333333,0.5735632183908046,0.0025326714118783,0.0015596927951547,0.003904286291397,1.8189982422159077,log_linear,0.1,22,0.13448275862068965,0.03333333333333333
core,0.02,heavy_noise_plat,0.005,sigma=0.005,all,many_pilots,30,30,0,1.0,0.7,0.0,0.8,0.0010057808050482,0.0015596927951547,0.003904286291397,0.9092940103647764,double_exp_fit,1.0,1,0.03333333333333333,0.03333333333333333
holdout,0.5,stretched_exp,0.0,noise-free,lead,one_pilot,30,870,0,1.0,0.9919540229885058,0.0,1.0,3.074147503956404e-05,0.00379425244098625,0.078363827512291,0.008102116261263417,pade_34,0.7,3,0.0,0.0
holdout,0.5,stretched_exp,0.0,noise-free,lead,many_pilots,30,30,0,1.0,1.0,0.0,1.0,2.951387134406125e-05,0.00379425244098625,0.078363827512291,0.007778573116462668,pade_34,1.0,1,0.0,0.0
holdout,0.5,stretched_exp,0.0,noise-free,named,one_pilot,30,870,0,1.0,0.0,1.0,1.0,0.00379425244098625,0.00379425244098625,0.078363827512291,1.0,rational_fit,1.0,1,0.0,0.0
holdout,0.5,stretched_exp,0.0,noise-free,named,many_pilots,30,30,0,1.0,0.0,1.0,1.0,0.00379425244098625,0.00379425244098625,0.078363827512291,1.0,rational_fit,1.0,1,0.0,0.0
holdout,0.5,stretched_exp,0.0,noise-free,classical,one_pilot,30,870,0,1.0,0.0,0.0,1.0,0.0146148898055136,0.00379425244098625,0.078363827512291,3.851849615558268,shanks_1,0.4,3,0.0,0.0
holdout,0.5,stretched_exp,0.0,noise-free,classical,many_pilots,30,30,0,1.0,0.0,0.0,1.0,0.0146148898055137,0.00379425244098625,0.078363827512291,3.8518496154297446,wynn_eps_1,0.5,2,0.0,0.0
holdout,0.5,stretched_exp,0.0,noise-free,all,one_pilot,30,870,0,1.0,0.9977011494252873,0.0,1.0,4.457513241046263e-06,0.00379425244098625,0.078363827512291,0.0011747990546102113,neville_4,0.9333333333333333,2,0.0,0.0
holdout,0.5,stretched_exp,0.0,noise-free,all,many_pilots,30,30,0,1.0,1.0,0.0,1.0,4.457506283792045e-06,0.00379425244098625,0.078363827512291,0.0011747989965680723,neville_4,1.0,1,0.0,0.0
holdout,0.5,stretched_exp,0.001,sigma=0.001,lead,one_pilot,30,870,0,0.9942528735632183,0.3505747126436782,0.1,0.9471264367816092,0.0061639948568989,0.0048250106109394494,0.07842869028308014,1.0949969210127375,pade_33,0.26666666666666666,9,0.021839080459770115,0.0
holdout,0.5,stretched_exp,0.001,sigma=0.001,lead,many_pilots,30,30,0,1.0,0.6333333333333333,0.0,1.0,0.0037390828614258503,0.0048250106109394494,0.07842869028308014,0.8753155427423945,pade_22,1.0,1,0.0,0.0
holdout,0.5,stretched_exp,0.001,sigma=0.001,named,one_pilot,30,870,0,1.0,0.0,1.0,1.0,0.0048250106109394494,0.0048250106109394494,0.07842869028308014,1.0,rational_fit,1.0,1,0.0,0.0
holdout,0.5,stretched_exp,0.001,sigma=0.001,named,many_pilots,30,30,0,1.0,0.0,1.0,1.0,0.0048250106109394494,0.0048250106109394494,0.07842869028308014,1.0,rational_fit,1.0,1,0.0,0.0
holdout,0.5,stretched_exp,0.001,sigma=0.001,classical,one_pilot,30,870,0,1.0,0.0022988505747126436,0.0,0.3528735632183908,0.0809398291249219,0.0048250106109394494,0.07842869028308014,16.74420614840306,wynn_rho_2,0.23333333333333334,12,0.011494252873563218,0.0
holdout,0.5,stretched_exp,0.001,sigma=0.001,classical,many_pilots,30,30,0,1.0,0.0,0.0,0.4,0.08046422938921624,0.0048250106109394494,0.07842869028308014,16.887553058964322,wynn_rho_2,0.8333333333333334,2,0.0,0.0
holdout,0.5,stretched_exp,0.001,sigma=0.001,all,one_pilot,30,870,0,0.9988505747126437,0.6275862068965518,0.0,0.9747126436781609,0.0040162609104598,0.0048250106109394494,0.07842869028308014,0.8479857510836166,pade_11,0.43333333333333335,9,0.008045977011494253,0.0
holdout,0.5,stretched_exp,0.001,sigma=0.001,all,many_pilots,30,30,0,1.0,1.0,0.0,1.0,0.0023433383711408,0.0048250106109394494,0.07842869028308014,0.6281275716093055,pade_11,1.0,1,0.0,0.0
holdout,0.5,stretched_exp,0.005,sigma=0.005,lead,one_pilot,30,870,0,1.0,0.19885057471264367,0.13333333333333333,0.9666666666666667,0.0150427370234753,0.0056689560427985505,0.0767917996821036,2.103096324240293,richardson_1,0.13333333333333333,11,0.0,0.0
holdout,0.5,stretched_exp,0.005,sigma=0.005,lead,many_pilots,30,30,0,1.0,0.0,1.0,1.0,0.0056689560427985505,0.0056689560427985505,0.0767917996821036,1.0,rational_fit,1.0,1,0.0,0.0
holdout,0.5,stretched_exp,0.005,sigma=0.005,named,one_pilot,30,870,0,1.0,0.0022988505747126436,0.9333333333333333,1.0,0.00584917747232255,0.0056689560427985505,0.0767917996821036,1.0,rational_fit,0.9333333333333333,2,0.0,0.0
holdout,0.5,stretched_exp,0.005,sigma=0.005,named,many_pilots,30,30,0,1.0,0.0,1.0,1.0,0.0056689560427985505,0.0056689560427985505,0.0767917996821036,1.0,rational_fit,1.0,1,0.0,0.0
holdout,0.5,stretched_exp,0.005,sigma=0.005,classical,one_pilot,30,870,0,1.0,0.0,0.0,0.34022988505747126,0.080432722474755,0.0056689560427985505,0.0767917996821036,14.132251565981383,brezinski_theta1,0.26666666666666666,10,0.0034482758620689655,0.0
holdout,0.5,stretched_exp,0.005,sigma=0.005,classical,many_pilots,30,30,0,1.0,0.0,0.0,0.5666666666666667,0.07467942088277946,0.0056689560427985505,0.0767917996821036,13.529176136223729,brezinski_theta1,1.0,1,0.0,0.0
holdout,0.5,stretched_exp,0.005,sigma=0.005,all,one_pilot,30,870,0,1.0,0.21724137931034482,0.06666666666666667,0.967816091954023,0.0154147067573327,0.0056689560427985505,0.0767917996821036,2.4173770084638364,pade_13,0.16666666666666666,12,0.0,0.0
holdout,0.5,stretched_exp,0.005,sigma=0.005,all,many_pilots,30,30,0,1.0,0.0,1.0,1.0,0.0056689560427985505,0.0056689560427985505,0.0767917996821036,1.0,rational_fit,1.0,1,0.0,0.0
holdout,0.5,logistic_tail,0.0,noise-free,lead,one_pilot,30,870,0,1.0,1.0,0.0,1.0,5.342002246562505e-07,0.112650831797076,0.0498065549158029,4.746792305553943e-06,pade_45,1.0,1,0.0,0.0
holdout,0.5,logistic_tail,0.0,noise-free,lead,many_pilots,30,30,0,1.0,1.0,0.0,1.0,5.342002246562505e-07,0.112650831797076,0.0498065549158029,4.746792305553943e-06,pade_45,1.0,1,0.0,0.0
holdout,0.5,logistic_tail,0.0,noise-free,named,one_pilot,30,870,0,1.0,1.0,0.0,1.0,0.0363679930445939,0.112650831797076,0.0498065549158029,0.33265897510447995,single_exp_fit,1.0,1,0.0,0.0
holdout,0.5,logistic_tail,0.0,noise-free,named,many_pilots,30,30,0,1.0,1.0,0.0,1.0,0.0363679930445939,0.112650831797076,0.0498065549158029,0.33265897510447995,single_exp_fit,1.0,1,0.0,0.0
holdout,0.5,logistic_tail,0.0,noise-free,classical,one_pilot,30,870,0,1.0,1.0,0.0,1.0,0.01932620165056815,0.112650831797076,0.0498065549158029,0.17164712840832175,levin_v1,1.0,1,0.0,0.0
holdout,0.5,logistic_tail,0.0,noise-free,classical,many_pilots,30,30,0,1.0,1.0,0.0,1.0,0.01932620165056815,0.112650831797076,0.0498065549158029,0.17164712840832175,levin_v1,1.0,1,0.0,0.0
holdout,0.5,logistic_tail,0.0,noise-free,all,one_pilot,30,870,0,1.0,1.0,0.0,1.0,5.342002246562505e-07,0.112650831797076,0.0498065549158029,4.746792305553943e-06,pade_45,1.0,1,0.0,0.0
holdout,0.5,logistic_tail,0.0,noise-free,all,many_pilots,30,30,0,1.0,1.0,0.0,1.0,5.342002246562505e-07,0.112650831797076,0.0498065549158029,4.746792305553943e-06,pade_45,1.0,1,0.0,0.0
holdout,0.5,logistic_tail,0.001,sigma=0.001,lead,one_pilot,30,870,0,1.0,0.9942528735632183,0.0,1.0,0.0131509753236757,0.11262038074153485,0.049871417686592104,0.12269045091313112,pade_33,0.43333333333333335,4,0.0,0.0
holdout,0.5,logistic_tail,0.001,sigma=0.001,lead,many_pilots,30,30,0,1.0,1.0,0.0,1.0,0.011500936306673749,0.11262038074153485,0.049871417686592104,0.1189823522563717,pade_22,0.5,2,0.0,0.0
holdout,0.5,logistic_tail,0.001,sigma=0.001,named,one_pilot,30,870,0,1.0,1.0,0.0,1.0,0.036377224021027596,0.11262038074153485,0.049871417686592104,0.3321478017317018,single_exp_fit,1.0,1,0.0,0.0
holdout,0.5,logistic_tail,0.001,sigma=0.001,named,many_pilots,30,30,0,1.0,1.0,0.0,1.0,0.036377224021027596,0.11262038074153485,0.049871417686592104,0.3321478017317018,single_exp_fit,1.0,1,0.0,0.0
holdout,0.5,logistic_tail,0.001,sigma=0.001,classical,one_pilot,30,870,0,0.9896551724137931,0.6436781609195402,0.0,0.33793103448275863,0.0648082594330088,0.11262038074153485,0.049871417686592104,0.6311288624976044,wynn_rho_2,0.2,11,0.11379310344827587,0.0
holdout,0.5,logistic_tail,0.001,sigma=0.001,classical,many_pilots,30,30,0,1.0,0.8333333333333334,0.0,0.5666666666666667,0.043230420814359405,0.11262038074153485,0.049871417686592104,0.5011494622966113,brezinski_theta1,1.0,1,0.03333333333333333,0.0
holdout,0.5,logistic_tail,0.001,sigma=0.001,all,one_pilot,30,870,0,0.9724137931034482,0.9632183908045977,0.0,0.9632183908045977,0.01022078262747535,0.11262038074153485,0.049871417686592104,0.11297608769462679,pade_13,0.26666666666666666,7,0.027586206896551724,0.0
holdout,0.5,logistic_tail,0.001,sigma=0.001,all,many_pilots,30,30,0,1.0,0.9666666666666667,0.0,0.9666666666666667,0.0072172853046933005,0.11262038074153485,0.049871417686592104,0.06828816432893918,pade_13,1.0,1,0.0,0.0
holdout,0.5,logistic_tail,0.005,sigma=0.005,lead,one_pilot,30,870,0,1.0,0.9471264367816092,0.0,0.9137931034482759,0.02967537745861385,0.11266139412111675,0.0482345270856156,0.29061948372970264,pade_12,0.3333333333333333,6,0.004597701149425287,0.0
holdout,0.5,logistic_tail,0.005,sigma=0.005,lead,many_pilots,30,30,0,1.0,0.9666666666666667,0.0,0.9666666666666667,0.02474057041925665,0.11266139412111675,0.0482345270856156,0.20905723845594384,pade_12,1.0,1,0.0,0.0
holdout,0.5,logistic_tail,0.005,sigma=0.005,named,one_pilot,30,870,0,1.0,1.0,0.0,0.9666666666666667,0.0364280310967423,0.11266139412111675,0.0482345270856156,0.3309802030962916,single_exp_fit,1.0,1,0.0,0.0
holdout,0.5,logistic_tail,0.005,sigma=0.005,named,many_pilots,30,30,0,1.0,1.0,0.0,0.9666666666666667,0.0364280310967423,0.11266139412111675,0.0482345270856156,0.3309802030962916,single_exp_fit,1.0,1,0.0,0.0
holdout,0.5,logistic_tail,0.005,sigma=0.005,classical,one_pilot,30,870,0,0.9942528735632183,0.8057471264367816,0.0,0.31264367816091954,0.0599587717816782,0.11266139412111675,0.0482345270856156,0.5708946538295628,brezinski_theta1,0.3333333333333333,9,0.021839080459770115,0.0
holdout,0.5,logistic_tail,0.005,sigma=0.005,classical,many_pilots,30,30,0,1.0,0.9666666666666667,0.0,0.5666666666666667,0.0483178530247106,0.11266139412111675,0.0482345270856156,0.4577392245135117,brezinski_theta1,1.0,1,0.0,0.0
holdout,0.5,logistic_tail,0.005,sigma=0.005,all,one_pilot,30,870,0,0.9758620689655172,0.8379310344827586,0.0,0.6758620689655173,0.0351063029290965,0.11266139412111675,0.0482345270856156,0.3433923551580443,pade_13,0.16666666666666666,12,0.04827586206896552,0.0
holdout,0.5,logistic_tail,0.005,sigma=0.005,all,many_pilots,30,30,0,1.0,0.9666666666666667,0.0,0.9666666666666667,0.02474057041925665,0.11266139412111675,0.0482345270856156,0.20905723845594384,pade_12,1.0,1,0.0,0.0
holdout,0.5,inv_sqrt_log,0.0,noise-free,lead,one_pilot,30,870,0,1.0,1.0,0.0,1.0,8.018586294303298e-06,0.00096598805695335,0.0104190398637076,0.008300907669066876,pade_33,0.9,2,0.0,0.0
holdout,0.5,inv_sqrt_log,0.0,noise-free,lead,many_pilots,30,30,0,1.0,1.0,0.0,1.0,8.014255433539536e-06,0.00096598805695335,0.0104190398637076,0.008296563784771255,pade_33,1.0,1,0.0,0.0
holdout,0.5,inv_sqrt_log,0.0,noise-free,named,one_pilot,30,870,0,1.0,0.0,1.0,1.0,0.00096598805695335,0.00096598805695335,0.0104190398637076,1.0,rational_fit,1.0,1,0.0,0.0
holdout,0.5,inv_sqrt_log,0.0,noise-free,named,many_pilots,30,30,0,1.0,0.0,1.0,1.0,0.00096598805695335,0.00096598805695335,0.0104190398637076,1.0,rational_fit,1.0,1,0.0,0.0
holdout,0.5,inv_sqrt_log,0.0,noise-free,classical,one_pilot,30,870,0,1.0,1.0,0.0,1.0,0.000957111745198,0.00096598805695335,0.0104190398637076,0.9908110937022401,wynn_eps_2,1.0,1,0.0,0.0
holdout,0.5,inv_sqrt_log,0.0,noise-free,classical,many_pilots,30,30,0,1.0,1.0,0.0,1.0,0.000957111745198,0.00096598805695335,0.0104190398637076,0.9908110937022401,wynn_eps_2,1.0,1,0.0,0.0
holdout,0.5,inv_sqrt_log,0.0,noise-free,all,one_pilot,30,870,0,1.0,1.0,0.0,1.0,1.5740584344281494e-06,0.00096598805695335,0.0104190398637076,0.0016294805776552643,pade_44,0.9666666666666667,2,0.0,0.0
holdout,0.5,inv_sqrt_log,0.0,noise-free,all,many_pilots,30,30,0,1.0,1.0,0.0,1.0,1.5713116782133107e-06,0.00096598805695335,0.0104190398637076,0.0016266360590144954,pade_44,1.0,1,0.0,0.0
holdout,0.5,inv_sqrt_log,0.001,sigma=0.001,lead,one_pilot,30,870,0,0.9988505747126437,0.37126436781609196,0.26666666666666666,0.9988505747126437,0.0011726404047715,0.0012535847283855,0.0104839026344968,1.0,richardson_1,0.43333333333333335,5,0.0011494252873563218,0.0
holdout,0.5,inv_sqrt_log,0.001,sigma=0.001,lead,many_pilots,30,30,0,1.0,0.7,0.0,1.0,0.0009267656853939501,0.0012535847283855,0.0104839026344968,0.7825738615449117,richardson_1,1.0,1,0.0,0.0
holdout,0.5,inv_sqrt_log,0.001,sigma=0.001,named,one_pilot,30,870,0,1.0,0.0,1.0,1.0,0.0012535847283855,0.0012535847283855,0.0104839026344968,1.0,rational_fit,1.0,1,0.0,0.0
holdout,0.5,inv_sqrt_log,0.001,sigma=0.001,named,many_pilots,30,30,0,1.0,0.0,1.0,1.0,0.0012535847283855,0.0012535847283855,0.0104839026344968,1.0,rational_fit,1.0,1,0.0,0.0
holdout,0.5,inv_sqrt_log,0.001,sigma=0.001,classical,one_pilot,30,870,0,1.0,0.0,0.0,0.4494252873563218,0.011053268748881951,0.0012535847283855,0.0104839026344968,9.102683610190862,brezinski_theta1,0.2,11,0.013793103448275862,0.0
holdout,0.5,inv_sqrt_log,0.001,sigma=0.001,classical,many_pilots,30,30,0,1.0,0.0,0.0,0.5333333333333333,0.0106960939533373,0.0012535847283855,0.0104839026344968,8.396297536687534,anderson_3,0.9,2,0.0,0.0
holdout,0.5,inv_sqrt_log,0.001,sigma=0.001,all,one_pilot,30,870,0,0.9988505747126437,0.35172413793103446,0.26666666666666666,0.9988505747126437,0.0011992893090282,0.0012535847283855,0.0104839026344968,1.0,richardson_1,0.4,6,0.0011494252873563218,0.0
holdout,0.5,inv_sqrt_log,0.001,sigma=0.001,all,many_pilots,30,30,0,1.0,0.7,0.0,1.0,0.0009267656853939501,0.0012535847283855,0.0104839026344968,0.7825738615449117,richardson_1,1.0,1,0.0,0.0
holdout,0.5,inv_sqrt_log,0.005,sigma=0.005,lead,one_pilot,30,870,0,1.0,0.27586206896551724,0.23333333333333334,0.7310344827586207,0.0043798923759147,0.0031488564456012497,0.008847012033520299,1.0,richardson_1,0.3,7,0.03333333333333333,0.0
holdout,0.5,inv_sqrt_log,0.005,sigma=0.005,lead,many_pilots,30,30,0,1.0,0.0,1.0,0.7666666666666667,0.0031488564456012497,0.0031488564456012497,0.008847012033520299,1.0,rational_fit,1.0,1,0.0,0.0
holdout,0.5,inv_sqrt_log,0.005,sigma=0.005,named,one_pilot,30,870,0,1.0,0.10344827586206896,0.6666666666666666,0.728735632183908,0.0039913559562635,0.0031488564456012497,0.008847012033520299,1.0,rational_fit,0.6666666666666666,2,0.011494252873563218,0.0
holdout,0.5,inv_sqrt_log,0.005,sigma=0.005,named,many_pilots,30,30,0,1.0,0.0,1.0,0.7666666666666667,0.0031488564456012497,0.0031488564456012497,0.008847012033520299,1.0,rational_fit,1.0,1,0.0,0.0
holdout,0.5,inv_sqrt_log,0.005,sigma=0.005,classical,one_pilot,30,870,0,1.0,0.167816091954023,0.0,0.3724137931034483,0.0104461255591515,0.0031488564456012497,0.008847012033520299,3.264346645191581,brezinski_theta1,0.3,13,0.09655172413793103,0.0
holdout,0.5,inv_sqrt_log,0.005,sigma=0.005,classical,many_pilots,30,30,0,1.0,0.16666666666666666,0.0,0.5,0.01026937783274975,0.0031488564456012497,0.008847012033520299,3.4553750187600527,brezinski_theta1,0.5,2,0.06666666666666667,0.0
holdout,0.5,inv_sqrt_log,0.005,sigma=0.005,all,one_pilot,30,870,0,1.0,0.31494252873563217,0.03333333333333333,0.6793103448275862,0.0046027143474274,0.0031488564456012497,0.008847012033520299,1.3694946152565786,richardson_a05,0.16666666666666666,14,0.047126436781609195,0.0
holdout,0.5,inv_sqrt_log,0.005,sigma=0.005,all,many_pilots,30,30,0,1.0,0.5,0.0,0.9333333333333333,0.00214565241892565,0.0031488564456012497,0.008847012033520299,0.9690668445453392,richardson_a10,1.0,1,0.0,0.0
holdout,0.5,random_knots,0.0,noise-free,lead,one_pilot,30,870,0,0.9896551724137931,0.41954022988505746,0.16666666666666666,0.9229885057471264,0.005333115439646,0.004602862758258001,0.029011511554898048,1.0,pade_22,0.2,10,0.034482758620689655,0.0
holdout,0.5,random_knots,0.0,noise-free,lead,many_pilots,30,30,0,1.0,0.5666666666666667,0.0,0.9666666666666667,0.0036800445936655,0.004602862758258001,0.029011511554898048,0.822356813778028,pade_22,0.5,2,0.0,0.0
holdout,0.5,random_knots,0.0,noise-free,named,one_pilot,30,870,0,1.0,0.0,0.9666666666666667,1.0,0.0047095067159685,0.004602862758258001,0.029011511554898048,1.0,rational_fit,0.9666666666666667,2,0.0,0.0
holdout,0.5,random_knots,0.0,noise-free,named,many_pilots,30,30,0,1.0,0.0,1.0,1.0,0.004602862758258001,0.004602862758258001,0.029011511554898048,1.0,rational_fit,1.0,1,0.0,0.0
holdout,0.5,random_knots,0.0,noise-free,classical,one_pilot,30,870,0,1.0,0.46551724137931033,0.0,1.0,0.0059383486315771,0.004602862758258001,0.029011511554898048,1.097932526210215,wynn_eps_2,0.3333333333333333,7,0.0,0.0
holdout,0.5,random_knots,0.0,noise-free,classical,many_pilots,30,30,0,1.0,0.5666666666666667,0.0,1.0,0.005982601592813001,0.004602862758258001,0.029011511554898048,0.8155299870609112,wynn_eps_2,0.8,2,0.0,0.0
holdout,0.5,random_knots,0.0,noise-free,all,one_pilot,30,870,0,0.9919540229885058,0.48160919540229885,0.03333333333333333,0.9482758620689655,0.0053439370010458,0.004602862758258001,0.029011511554898048,1.0,pade_22,0.13333333333333333,19,0.022988505747126436,0.0
holdout,0.5,random_knots,0.0,noise-free,all,many_pilots,30,30,0,1.0,0.6,0.0,1.0,0.0044270118786415,0.004602862758258001,0.029011511554898048,0.9286437582763278,neville_2,0.5,3,0.0,0.0
holdout,0.5,random_knots,0.001,sigma=0.001,lead,one_pilot,30,870,0,1.0,0.38850574712643676,0.2,0.9563218390804598,0.0063862088340633505,0.004835152061340451,0.029916275215768298,1.0,log_linear,0.2,8,0.0,0.0
holdout,0.5,random_knots,0.001,sigma=0.001,lead,many_pilots,30,30,0,1.0,0.6,0.0,1.0,0.00532067911631485,0.004835152061340451,0.029916275215768298,0.8562514575473952,richardson_1,0.5,2,0.0,0.0
holdout,0.5,random_knots,0.001,sigma=0.001,named,one_pilot,30,870,0,1.0,0.0,0.9666666666666667,1.0,0.0048389365221806,0.004835152061340451,0.029916275215768298,1.0,rational_fit,0.9666666666666667,2,0.0,0.0
holdout,0.5,random_knots,0.001,sigma=0.001,named,many_pilots,30,30,0,1.0,0.0,1.0,1.0,0.004835152061340451,0.004835152061340451,0.029916275215768298,1.0,rational_fit,1.0,1,0.0,0.0
holdout,0.5,random_knots,0.001,sigma=0.001,classical,one_pilot,30,870,0,1.0,0.0,0.0,0.37471264367816093,0.03097077373408455,0.004835152061340451,0.029916275215768298,5.730773300900797,levin_u2,0.16666666666666666,12,0.01264367816091954,0.0
holdout,0.5,random_knots,0.001,sigma=0.001,classical,many_pilots,30,30,0,1.0,0.0,0.0,0.4666666666666667,0.02958315388210845,0.004835152061340451,0.029916275215768298,5.815783107287004,wynn_eps_3,0.9666666666666667,2,0.0,0.0
holdout,0.5,random_knots,0.001,sigma=0.001,all,one_pilot,30,870,0,1.0,0.3896551724137931,0.1,0.9321839080459771,0.0070764682338145,0.004835152061340451,0.029916275215768298,1.0160070577426221,log_linear,0.16666666666666666,13,0.005747126436781609,0.0
holdout,0.5,random_knots,0.001,sigma=0.001,all,many_pilots,30,30,0,1.0,0.5333333333333333,0.0,0.9666666666666667,0.0064694595688587,0.004835152061340451,0.029916275215768298,0.9139077686667576,richardson_1,0.5,3,0.0,0.0
holdout,0.5,random_knots,0.005,sigma=0.005,lead,one_pilot,30,870,0,1.0,0.2149425287356322,0.36666666666666664,0.8689655172413793,0.0078584564356662,0.0058364284962184,0.029721381427335103,1.0,rational_fit,0.36666666666666664,8,0.01954022988505747,0.0
holdout,0.5,random_knots,0.005,sigma=0.005,lead,many_pilots,30,30,0,1.0,0.0,1.0,0.9333333333333333,0.0058364284962184,0.0058364284962184,0.029721381427335103,1.0,rational_fit,1.0,1,0.0,0.0
holdout,0.5,random_knots,0.005,sigma=0.005,named,one_pilot,30,870,0,1.0,0.04827586206896552,0.7666666666666667,0.9321839080459771,0.0072901865865244,0.0058364284962184,0.029721381427335103,1.0,rational_fit,0.7666666666666667,2,0.008045977011494253,0.0
holdout,0.5,random_knots,0.005,sigma=0.005,named,many_pilots,30,30,0,1.0,0.0,1.0,0.9333333333333333,0.0058364284962184,0.0058364284962184,0.029721381427335103,1.0,rational_fit,1.0,1,0.0,0.0
holdout,0.5,random_knots,0.005,sigma=0.005,classical,one_pilot,30,870,0,1.0,0.04597701149425287,0.0,0.4114942528735632,0.0294467563003605,0.0058364284962184,0.029721381427335103,4.6373057571438565,brezinski_theta1,0.26666666666666666,10,0.035632183908045977,0.0
holdout,0.5,random_knots,0.005,sigma=0.005,classical,many_pilots,30,30,0,1.0,0.03333333333333333,0.0,0.5333333333333333,0.027307958238348348,0.0058364284962184,0.029721381427335103,3.5735425231314464,brezinski_theta1,0.9333333333333333,2,0.03333333333333333,0.0
holdout,0.5,random_knots,0.005,sigma=0.005,all,one_pilot,30,870,0,0.9988505747126437,0.19195402298850575,0.23333333333333334,0.7597701149425288,0.0127929648149233,0.0058364284962184,0.029721381427335103,1.592063385377664,rational_fit,0.23333333333333334,18,0.041379310344827586,0.0
holdout,0.5,random_knots,0.005,sigma=0.005,all,many_pilots,30,30,0,1.0,0.0,1.0,0.9333333333333333,0.0058364284962184,0.0058364284962184,0.029721381427335103,1.0,rational_fit,1.0,1,0.0,0.0
holdout,0.5,real_boot_a,0.0,noise-free,lead,one_pilot,30,870,0,0.9839080459770115,0.864367816091954,0.0,0.9839080459770115,0.00535036969319445,0.016291386457343453,0.0834182824654919,0.32841705658958736,pade_12,0.26666666666666666,6,0.016091954022988506,0.0
holdout,0.5,real_boot_a,0.0,noise-free,lead,many_pilots,30,30,0,1.0,0.7333333333333333,0.0,1.0,0.00537854605029235,0.016291386457343453,0.0834182824654919,0.3301466484065433,pade_23,0.5,2,0.0,0.0
holdout,0.5,real_boot_a,0.0,noise-free,named,one_pilot,30,870,0,1.0,0.0,1.0,1.0,0.016291386457343453,0.016291386457343453,0.0834182824654919,1.0,rational_fit,1.0,1,0.0,0.0
holdout,0.5,real_boot_a,0.0,noise-free,named,many_pilots,30,30,0,1.0,0.0,1.0,1.0,0.016291386457343453,0.016291386457343453,0.0834182824654919,1.0,rational_fit,1.0,1,0.0,0.0
holdout,0.5,real_boot_a,0.0,noise-free,classical,one_pilot,30,870,0,1.0,1.0,0.0,1.0,0.0018614480789766,0.016291386457343453,0.0834182824654919,0.11425964782211584,shanks_1,0.43333333333333335,3,0.0,0.0
holdout,0.5,real_boot_a,0.0,noise-free,classical,many_pilots,30,30,0,1.0,1.0,0.0,1.0,0.00186144807908805,0.016291386457343453,0.0834182824654919,0.11425964782324834,shanks_1,0.5,2,0.0,0.0
holdout,0.5,real_boot_a,0.0,noise-free,all,one_pilot,30,870,0,0.9862068965517241,0.9310344827586207,0.0,0.9862068965517241,0.001861448079101,0.016291386457343453,0.0834182824654919,0.11425965351248688,pade_34,0.26666666666666666,8,0.013793103448275862,0.0
holdout,0.5,real_boot_a,0.0,noise-free,all,many_pilots,30,30,0,1.0,1.0,0.0,1.0,0.00186144807908805,0.016291386457343453,0.0834182824654919,0.11425964782324834,shanks_1,0.5,2,0.0,0.0
holdout,0.5,real_boot_a,0.001,sigma=0.001,lead,one_pilot,30,870,0,0.9954022988505747,0.5252873563218391,0.0,0.9091954022988505,0.0150724930091355,0.016405215238761497,0.08348314523628106,0.9243248772228804,richardson_2,0.23333333333333334,8,0.021839080459770115,0.0
holdout,0.5,real_boot_a,0.001,sigma=0.001,lead,many_pilots,30,30,0,1.0,0.6666666666666666,0.0,1.0,0.01079008086108555,0.016405215238761497,0.08348314523628106,0.6352557810105341,richardson_3,1.0,1,0.0,0.0
holdout,0.5,real_boot_a,0.001,sigma=0.001,named,one_pilot,30,870,0,1.0,0.0,1.0,1.0,0.016405215238761497,0.016405215238761497,0.08348314523628106,1.0,rational_fit,1.0,1,0.0,0.0
holdout,0.5,real_boot_a,0.001,sigma=0.001,named,many_pilots,30,30,0,1.0,0.0,1.0,1.0,0.016405215238761497,0.016405215238761497,0.08348314523628106,1.0,rational_fit,1.0,1,0.0,0.0
holdout,0.5,real_boot_a,0.001,sigma=0.001,classical,one_pilot,30,870,0,1.0,0.0034482758620689655,0.0,0.35402298850574715,0.0859874737098955,0.016405215238761497,0.08348314523628106,5.162254178352976,wynn_rho_2,0.23333333333333334,12,0.004597701149425287,0.0
holdout,0.5,real_boot_a,0.001,sigma=0.001,classical,many_pilots,30,30,0,1.0,0.0,0.0,0.4,0.085535935162266,0.016405215238761497,0.08348314523628106,5.069288904063477,wynn_rho_2,0.5,2,0.0,0.0
holdout,0.5,real_boot_a,0.001,sigma=0.001,all,one_pilot,30,870,0,0.9954022988505747,0.4827586206896552,0.0,0.9091954022988505,0.0160318942288798,0.016405215238761497,0.08348314523628106,1.0242487125426702,richardson_2,0.2,9,0.021839080459770115,0.0
holdout,0.5,real_boot_a,0.001,sigma=0.001,all,many_pilots,30,30,0,1.0,0.6666666666666666,0.0,1.0,0.01079008086108555,0.016405215238761497,0.08348314523628106,0.6352557810105341,richardson_3,1.0,1,0.0,0.0
holdout,0.5,real_boot_a,0.005,sigma=0.005,lead,one_pilot,30,870,0,1.0,0.45057471264367815,0.1,0.9448275862068966,0.014527711001416501,0.01575377828695125,0.0818462546353046,1.0,pade_45,0.2,11,0.0,0.0
holdout,0.5,real_boot_a,0.005,sigma=0.005,lead,many_pilots,30,30,0,1.0,0.7666666666666667,0.0,1.0,0.008022539136699449,0.01575377828695125,0.0818462546353046,0.5799250795339381,pade_22,1.0,1,0.0,0.0
holdout,0.5,real_boot_a,0.005,sigma=0.005,named,one_pilot,30,870,0,1.0,0.0,1.0,1.0,0.01575377828695125,0.01575377828695125,0.0818462546353046,1.0,rational_fit,1.0,1,0.0,0.0
holdout,0.5,real_boot_a,0.005,sigma=0.005,named,many_pilots,30,30,0,1.0,0.0,1.0,1.0,0.01575377828695125,0.01575377828695125,0.0818462546353046,1.0,rational_fit,1.0,1,0.0,0.0
holdout,0.5,real_boot_a,0.005,sigma=0.005,classical,one_pilot,30,870,0,1.0,0.0,0.0,0.34597701149425286,0.0853888159448594,0.01575377828695125,0.0818462546353046,5.610570592718887,brezinski_theta1,0.26666666666666666,10,0.0022988505747126436,0.0
holdout,0.5,real_boot_a,0.005,sigma=0.005,classical,many_pilots,30,30,0,1.0,0.0,0.0,0.5666666666666667,0.07975365024528105,0.01575377828695125,0.0818462546353046,5.200971129576343,brezinski_theta1,1.0,1,0.0,0.0
holdout,0.5,real_boot_a,0.005,sigma=0.005,all,one_pilot,30,870,0,1.0,0.4482758620689655,0.1,0.9413793103448276,0.0145472023451054,0.01575377828695125,0.0818462546353046,1.0,pade_45,0.2,13,0.0011494252873563218,0.0
holdout,0.5,real_boot_a,0.005,sigma=0.005,all,many_pilots,30,30,0,1.0,0.7666666666666667,0.0,1.0,0.008022539136699449,0.01575377828695125,0.0818462546353046,0.5799250795339381,pade_22,1.0,1,0.0,0.0
holdout,0.5,real_boot_b,0.0,noise-free,lead,one_pilot,30,870,0,1.0,0.9333333333333333,0.03333333333333333,1.0,0.000439641532442,0.0067360138932718,0.0257102965996159,0.06526731382072182,pade_22,0.9666666666666667,2,0.0,0.0
holdout,0.5,real_boot_b,0.0,noise-free,lead,many_pilots,30,30,0,1.0,0.9666666666666667,0.0,1.0,0.00043964153244115004,0.0067360138932718,0.0257102965996159,0.06526731379331754,pade_22,1.0,1,0.0,0.0
holdout,0.5,real_boot_b,0.0,noise-free,named,one_pilot,30,870,0,1.0,0.0,1.0,1.0,0.0067360138932718,0.0067360138932718,0.0257102965996159,1.0,rational_fit,1.0,1,0.0,0.0
holdout,0.5,real_boot_b,0.0,noise-free,named,many_pilots,30,30,0,1.0,0.0,1.0,1.0,0.0067360138932718,0.0067360138932718,0.0257102965996159,1.0,rational_fit,1.0,1,0.0,0.0
holdout,0.5,real_boot_b,0.0,noise-free,classical,one_pilot,30,870,0,1.0,0.9666666666666667,0.0,1.0,0.00014280761198549999,0.0067360138932718,0.0257102965996159,0.021200611350993243,levin_t2,1.0,1,0.0,0.0
holdout,0.5,real_boot_b,0.0,noise-free,classical,many_pilots,30,30,0,1.0,0.9666666666666667,0.0,1.0,0.00014280761198549999,0.0067360138932718,0.0257102965996159,0.021200611350993243,levin_t2,1.0,1,0.0,0.0
holdout,0.5,real_boot_b,0.0,noise-free,all,one_pilot,30,870,0,1.0,0.9022988505747126,0.03333333333333333,0.9758620689655172,0.0001428076119952,0.0067360138932718,0.0257102965996159,0.021200611418174885,levin_t2,0.9333333333333333,3,0.0,0.0
holdout,0.5,real_boot_b,0.0,noise-free,all,many_pilots,30,30,0,1.0,0.9666666666666667,0.0,1.0,0.00014280761198549999,0.0067360138932718,0.0257102965996159,0.021200611350993243,levin_t2,1.0,1,0.0,0.0
holdout,0.5,real_boot_b,0.001,sigma=0.001,lead,one_pilot,30,870,0,0.9988505747126437,0.5758620689655173,0.16666666666666666,0.9885057471264368,0.0037058356434457,0.00651393837470825,0.0257751593704051,0.6130062791709948,richardson_2,0.4,5,0.0022988505747126436,0.0
holdout,0.5,real_boot_b,0.001,sigma=0.001,lead,many_pilots,30,30,0,1.0,0.8333333333333334,0.0,1.0,0.00324376406176665,0.00651393837470825,0.0257751593704051,0.5339661303077966,richardson_2,0.9666666666666667,2,0.0,0.0
holdout,0.5,real_boot_b,0.001,sigma=0.001,named,one_pilot,30,870,0,1.0,0.0,1.0,1.0,0.00651393837470825,0.00651393837470825,0.0257751593704051,1.0,rational_fit,1.0,1,0.0,0.0
holdout,0.5,real_boot_b,0.001,sigma=0.001,named,many_pilots,30,30,0,1.0,0.0,1.0,1.0,0.00651393837470825,0.00651393837470825,0.0257751593704051,1.0,rational_fit,1.0,1,0.0,0.0
holdout,0.5,real_boot_b,0.001,sigma=0.001,classical,one_pilot,30,870,0,1.0,0.0022988505747126436,0.0,0.34367816091954023,0.027257349717673948,0.00651393837470825,0.0257751593704051,4.228613300574276,brezinski_theta1,0.23333333333333334,12,0.010344827586206896,0.0
holdout,0.5,real_boot_b,0.001,sigma=0.001,classical,many_pilots,30,30,0,1.0,0.0,0.0,0.43333333333333335,0.02608585780794535,0.00651393837470825,0.0257751593704051,4.038666834115334,anderson_3,1.0,1,0.0,0.0
holdout,0.5,real_boot_b,0.001,sigma=0.001,all,one_pilot,30,870,0,0.9988505747126437,0.4103448275862069,0.16666666666666666,0.8655172413793103,0.0044872125691297,0.00651393837470825,0.0257751593704051,1.0,rational_fit,0.16666666666666666,11,0.04252873563218391,0.0
holdout,0.5,real_boot_b,0.001,sigma=0.001,all,many_pilots,30,30,0,1.0,0.8333333333333334,0.0,1.0,0.00324376406176665,0.00651393837470825,0.0257751593704051,0.5339661303077966,richardson_2,0.9666666666666667,2,0.0,0.0
holdout,0.5,real_boot_b,0.005,sigma=0.005,lead,one_pilot,30,870,0,1.0,0.3632183908045977,0.2,0.967816091954023,0.0064721315697054,0.00673554739888325,0.0241382687694286,1.0,richardson_2,0.26666666666666666,7,0.004597701149425287,0.0
holdout,0.5,real_boot_b,0.005,sigma=0.005,lead,many_pilots,30,30,0,1.0,0.6333333333333333,0.0,1.0,0.0037550061811223497,0.00673554739888325,0.0241382687694286,0.848127135695965,richardson_2,1.0,1,0.0,0.0
holdout,0.5,real_boot_b,0.005,sigma=0.005,named,one_pilot,30,870,0,1.0,0.006896551724137931,0.9,1.0,0.0070275067811739,0.00673554739888325,0.0241382687694286,1.0,rational_fit,0.9,2,0.0,0.0
holdout,0.5,real_boot_b,0.005,sigma=0.005,named,many_pilots,30,30,0,1.0,0.0,1.0,1.0,0.00673554739888325,0.00673554739888325,0.0241382687694286,1.0,rational_fit,1.0,1,0.0,0.0
holdout,0.5,real_boot_b,0.005,sigma=0.005,classical,one_pilot,30,870,0,1.0,0.028735632183908046,0.0,0.4091954022988506,0.0261529217941993,0.00673554739888325,0.0241382687694286,4.09219277841068,brezinski_theta1,0.3,11,0.004597701149425287,0.0
holdout,0.5,real_boot_b,0.005,sigma=0.005,classical,many_pilots,30,30,0,1.0,0.03333333333333333,0.0,0.5666666666666667,0.02155025902727355,0.00673554739888325,0.0241382687694286,3.6986824092633386,brezinski_theta1,1.0,1,0.0,0.0
holdout,0.5,real_boot_b,0.005,sigma=0.005,all,one_pilot,30,870,0,1.0,0.35517241379310344,0.16666666666666666,0.8747126436781609,0.0065614545446237,0.00673554739888325,0.0241382687694286,1.0,richardson_2,0.2,10,0.03218390804597701,0.0
holdout,0.5,real_boot_b,0.005,sigma=0.005,all,many_pilots,30,30,0,1.0,0.6333333333333333,0.0,1.0,0.0037550061811223497,0.00673554739888325,0.0241382687694286,0.848127135695965,richardson_2,1.0,1,0.0,0.0
holdout,0.1,stretched_exp,0.0,noise-free,lead,one_pilot,30,870,0,1.0,0.5264367816091954,0.1,0.9850574712643678,0.0045290994275871,0.00527109217484525,0.1406034788600113,0.8592335321532216,pade_23,0.43333333333333335,6,0.0,0.0
holdout,0.1,stretched_exp,0.0,noise-free,lead,many_pilots,30,30,0,1.0,0.7333333333333333,0.0,1.0,0.0037144060376346003,0.00527109217484525,0.1406034788600113,0.7046748907768454,pade_34,1.0,1,0.0,0.0
holdout,0.1,stretched_exp,0.0,noise-free,named,one_pilot,30,870,0,1.0,0.0,1.0,1.0,0.00527109217484525,0.00527109217484525,0.1406034788600113,1.0,rational_fit,1.0,1,0.0,0.0
holdout,0.1,stretched_exp,0.0,noise-free,named,many_pilots,30,30,0,1.0,0.0,1.0,1.0,0.00527109217484525,0.00527109217484525,0.1406034788600113,1.0,rational_fit,1.0,1,0.0,0.0
holdout,0.1,stretched_exp,0.0,noise-free,classical,one_pilot,30,870,0,1.0,0.3,0.0,1.0,0.0061871041016271,0.00527109217484525,0.1406034788600113,1.1737801852090626,brezinski_theta2,1.0,1,0.0,0.0
holdout,0.1,stretched_exp,0.0,noise-free,classical,many_pilots,30,30,0,1.0,0.3,0.0,1.0,0.0061871041016271,0.00527109217484525,0.1406034788600113,1.1737801852090626,brezinski_theta2,1.0,1,0.0,0.0
holdout,0.1,stretched_exp,0.0,noise-free,all,one_pilot,30,870,0,1.0,0.9505747126436782,0.0,0.9862068965517241,0.0003946214089853,0.00527109217484525,0.1406034788600113,0.07486520920007182,neville_3,0.8666666666666667,4,0.0,0.0
holdout,0.1,stretched_exp,0.0,noise-free,all,many_pilots,30,30,0,1.0,1.0,0.0,1.0,0.0003946214082305,0.00527109217484525,0.1406034788600113,0.074865206205319,neville_3,1.0,1,0.0,0.0
holdout,0.1,stretched_exp,0.001,sigma=0.001,lead,one_pilot,30,870,0,0.9988505747126437,0.3793103448275862,0.13333333333333333,0.9747126436781609,0.0083416567369263,0.007442851436149599,0.1406683416308005,1.0,pade_33,0.3333333333333333,8,0.004597701149425287,0.0
holdout,0.1,stretched_exp,0.001,sigma=0.001,lead,many_pilots,30,30,0,1.0,0.6333333333333333,0.0,1.0,0.0052753740092071,0.007442851436149599,0.1406683416308005,0.8424809587179185,pade_22,1.0,1,0.0,0.0
holdout,0.1,stretched_exp,0.001,sigma=0.001,named,one_pilot,30,870,0,1.0,0.0,1.0,1.0,0.007442851436149599,0.007442851436149599,0.1406683416308005,1.0,rational_fit,1.0,1,0.0,0.0
holdout,0.1,stretched_exp,0.001,sigma=0.001,named,many_pilots,30,30,0,1.0,0.0,1.0,1.0,0.007442851436149599,0.007442851436149599,0.1406683416308005,1.0,rational_fit,1.0,1,0.0,0.0
holdout,0.1,stretched_exp,0.001,sigma=0.001,classical,one_pilot,30,870,0,1.0,0.0,0.0,0.39425287356321836,0.14294061832462696,0.007442851436149599,0.1406683416308005,18.674490426717984,wynn_rho_2,0.23333333333333334,10,0.0,0.0
holdout,0.1,stretched_exp,0.001,sigma=0.001,classical,many_pilots,30,30,0,1.0,0.0,0.0,0.4,0.14335129020114865,0.007442851436149599,0.1406683416308005,18.990409763858267,wynn_rho_2,0.8333333333333334,2,0.0,0.0
holdout,0.1,stretched_exp,0.001,sigma=0.001,all,one_pilot,30,870,0,0.9988505747126437,0.6402298850574712,0.03333333333333333,0.9885057471264368,0.0053502370913223,0.007442851436149599,0.1406683416308005,0.782600888313938,pade_11,0.5,9,0.0022988505747126436,0.0
holdout,0.1,stretched_exp,0.001,sigma=0.001,all,many_pilots,30,30,0,1.0,0.9333333333333333,0.0,1.0,0.002578478757729,0.007442851436149599,0.1406683416308005,0.5940277021342102,pade_11,1.0,1,0.0,0.0
holdout,0.1,stretched_exp,0.005,sigma=0.005,lead,one_pilot,30,870,0,1.0,0.13448275862068965,0.3,0.9436781609195403,0.020354226269232452,0.0101737405891921,0.139031451029824,1.3442017047018204,rational_fit,0.3,10,0.0,0.0
holdout,0.1,stretched_exp,0.005,sigma=0.005,lead,many_pilots,30,30,0,1.0,0.0,1.0,1.0,0.0101737405891921,0.0101737405891921,0.139031451029824,1.0,rational_fit,1.0,1,0.0,0.0
holdout,0.1,stretched_exp,0.005,sigma=0.005,named,one_pilot,30,870,0,1.0,0.0,0.9666666666666667,1.0,0.0102039272668073,0.0101737405891921,0.139031451029824,1.0,rational_fit,0.9666666666666667,2,0.0,0.0
holdout,0.1,stretched_exp,0.005,sigma=0.005,named,many_pilots,30,30,0,1.0,0.0,1.0,1.0,0.0101737405891921,0.0101737405891921,0.139031451029824,1.0,rational_fit,1.0,1,0.0,0.0
holdout,0.1,stretched_exp,0.005,sigma=0.005,classical,one_pilot,30,870,0,1.0,0.0,0.0,0.3413793103448276,0.1425687523315846,0.0101737405891921,0.139031451029824,14.199224377182784,brezinski_theta1,0.26666666666666666,10,0.004597701149425287,0.0
holdout,0.1,stretched_exp,0.005,sigma=0.005,classical,many_pilots,30,30,0,1.0,0.0,0.0,0.5666666666666667,0.13691907223049984,0.0101737405891921,0.139031451029824,13.998981200971311,brezinski_theta1,1.0,1,0.0,0.0
holdout,0.1,stretched_exp,0.005,sigma=0.005,all,one_pilot,30,870,0,0.9954022988505747,0.13448275862068965,0.23333333333333334,0.9022988505747126,0.0232213120569955,0.0101737405891921,0.139031451029824,1.8416865865862466,rational_fit,0.23333333333333334,10,0.01839080459770115,0.0
holdout,0.1,stretched_exp,0.005,sigma=0.005,all,many_pilots,30,30,0,1.0,0.0,1.0,1.0,0.0101737405891921,0.0101737405891921,0.139031451029824,1.0,rational_fit,1.0,1,0.0,0.0
holdout,0.1,logistic_tail,0.0,noise-free,lead,one_pilot,30,870,0,1.0,1.0,0.0,1.0,2.0911974191666766e-05,0.10761121615649855,0.0861611706003244,0.00020053807332455492,pade_45,1.0,1,0.0,0.0
holdout,0.1,logistic_tail,0.0,noise-free,lead,many_pilots,30,30,0,1.0,1.0,0.0,1.0,2.0911974191666766e-05,0.10761121615649855,0.0861611706003244,0.00020053807332455492,pade_45,1.0,1,0.0,0.0
holdout,0.1,logistic_tail,0.0,noise-free,named,one_pilot,30,870,0,1.0,0.7471264367816092,0.13333333333333333,0.8735632183908046,0.0271524531428182,0.10761121615649855,0.0861611706003244,0.26058316048418156,single_exp_fit,0.8666666666666667,2,0.0,0.0
holdout,0.1,logistic_tail,0.0,noise-free,named,many_pilots,30,30,0,1.0,0.8666666666666667,0.0,0.9666666666666667,0.02650478096341195,0.10761121615649855,0.0861611706003244,0.22885179365411357,single_exp_fit,1.0,1,0.0,0.0
holdout,0.1,logistic_tail,0.0,noise-free,classical,one_pilot,30,870,0,1.0,1.0,0.0,1.0,0.00137031013879525,0.10761121615649855,0.0861611706003244,0.012745970038567693,levin_t2,1.0,1,0.0,0.0
holdout,0.1,logistic_tail,0.0,noise-free,classical,many_pilots,30,30,0,1.0,1.0,0.0,1.0,0.00137031013879525,0.10761121615649855,0.0861611706003244,0.012745970038567693,levin_t2,1.0,1,0.0,0.0
holdout,0.1,logistic_tail,0.0,noise-free,all,one_pilot,30,870,0,1.0,1.0,0.0,1.0,2.0911974191666766e-05,0.10761121615649855,0.0861611706003244,0.00020053807332455492,pade_45,1.0,1,0.0,0.0
holdout,0.1,logistic_tail,0.0,noise-free,all,many_pilots,30,30,0,1.0,1.0,0.0,1.0,2.0911974191666766e-05,0.10761121615649855,0.0861611706003244,0.00020053807332455492,pade_45,1.0,1,0.0,0.0
holdout,0.1,logistic_tail,0.001,sigma=0.001,lead,one_pilot,30,870,0,1.0,0.8781609195402299,0.0,0.9689655172413794,0.0286935942621219,0.1075863914379612,0.08622603337111355,0.2626071076590689,single_exp_fit,0.4,4,0.0,0.0
holdout,0.1,logistic_tail,0.001,sigma=0.001,lead,many_pilots,30,30,0,1.0,0.8666666666666667,0.0,0.9666666666666667,0.026498822604067003,0.1075863914379612,0.08622603337111355,0.22965674917420134,single_exp_fit,0.5,2,0.0,0.0
holdout,0.1,logistic_tail,0.001,sigma=0.001,named,one_pilot,30,870,0,1.0,0.7471264367816092,0.13333333333333333,0.8735632183908046,0.0272448974741859,0.1075863914379612,0.08622603337111355,0.2594320811541851,single_exp_fit,0.8666666666666667,2,0.0,0.0
holdout,0.1,logistic_tail,0.001,sigma=0.001,named,many_pilots,30,30,0,1.0,0.8666666666666667,0.0,0.9666666666666667,0.026498778134275952,0.1075863914379612,0.08622603337111355,0.22966531120114478,single_exp_fit,1.0,1,0.0,0.0
holdout,0.1,logistic_tail,0.001,sigma=0.001,classical,one_pilot,30,870,0,0.9873563218390805,0.4827586206896552,0.0,0.41839080459770117,0.0971390068812461,0.1075863914379612,0.08622603337111355,1.0355899409450848,wynn_eps_3,0.26666666666666666,11,0.10459770114942529,0.0
holdout,0.1,logistic_tail,0.001,sigma=0.001,classical,many_pilots,30,30,0,1.0,0.43333333333333335,0.0,0.4,0.10228023946352,0.1075863914379612,0.08622603337111355,1.225811837455291,wynn_eps_3,0.5,2,0.1,0.0
holdout,0.1,logistic_tail,0.001,sigma=0.001,all,one_pilot,30,870,0,0.9885057471264368,0.896551724137931,0.0,0.9045977011494253,0.0067003666553556,0.1075863914379612,0.08622603337111355,0.07223068523013672,richardson_a05,0.7,8,0.021839080459770115,0.0
holdout,0.1,logistic_tail,0.001,sigma=0.001,all,many_pilots,30,30,0,1.0,1.0,0.0,1.0,0.0065794945910611,0.1075863914379612,0.08622603337111355,0.05833193281282506,richardson_a05,1.0,1,0.0,0.0
holdout,0.1,logistic_tail,0.005,sigma=0.005,lead,one_pilot,30,870,0,1.0,0.8896551724137931,0.0,0.9724137931034482,0.0287337010830335,0.10762009056075289,0.084589142770137,0.2566696009568982,double_exp_fit,0.5333333333333333,3,0.0,0.0
holdout,0.1,logistic_tail,0.005,sigma=0.005,lead,many_pilots,30,30,0,1.0,0.8666666666666667,0.0,0.9666666666666667,0.02705011412323375,0.10762009056075289,0.084589142770137,0.23087707335589236,single_exp_fit,0.5,2,0.0,0.0
holdout,0.1,logistic_tail,0.005,sigma=0.005,named,one_pilot,30,870,0,1.0,0.7471264367816092,0.13333333333333333,0.8735632183908046,0.0275731967410448,0.10762009056075289,0.084589142770137,0.25651936048446433,single_exp_fit,0.8666666666666667,2,0.0,0.0
holdout,0.1,logistic_tail,0.005,sigma=0.005,named,many_pilots,30,30,0,1.0,0.8666666666666667,0.0,0.9666666666666667,0.027050082665129448,0.10762009056075289,0.084589142770137,0.23087718829763298,single_exp_fit,1.0,1,0.0,0.0
holdout,0.1,logistic_tail,0.005,sigma=0.005,classical,one_pilot,30,870,0,0.993103448275862,0.5344827586206896,0.0,0.3137931034482759,0.0969304915844415,0.10762009056075289,0.084589142770137,0.92799795848143,brezinski_theta1,0.3,8,0.011494252873563218,0.0
holdout,0.1,logistic_tail,0.005,sigma=0.005,classical,many_pilots,30,30,0,1.0,0.6333333333333333,0.0,0.5666666666666667,0.0846724687092321,0.10762009056075289,0.084589142770137,0.8316994965764277,brezinski_theta1,1.0,1,0.0,0.0
holdout,0.1,logistic_tail,0.005,sigma=0.005,all,one_pilot,30,870,0,1.0,0.9793103448275862,0.0,0.9885057471264368,0.0063988184168747,0.10762009056075289,0.084589142770137,0.06170750387511908,richardson_a05,0.8333333333333334,4,0.0,0.0
holdout,0.1,logistic_tail,0.005,sigma=0.005,all,many_pilots,30,30,0,1.0,1.0,0.0,1.0,0.0061068043983404,0.10762009056075289,0.084589142770137,0.05987780717303392,richardson_a05,1.0,1,0.0,0.0
holdout,0.1,inv_sqrt_log,0.0,noise-free,lead,one_pilot,30,870,0,1.0,1.0,0.0,1.0,0.0003048129511082,0.00389672315346405,0.018746161823738,0.07822290383696939,richardson_3,0.5333333333333333,2,0.0,0.0
holdout,0.1,inv_sqrt_log,0.0,noise-free,lead,many_pilots,30,30,0,1.0,1.0,0.0,1.0,0.00032198507065015,0.00389672315346405,0.018746161823738,0.08262936554751042,richardson_2,0.5,2,0.0,0.0
holdout,0.1,inv_sqrt_log,0.0,noise-free,named,one_pilot,30,870,0,1.0,0.0,1.0,1.0,0.00389672315346405,0.00389672315346405,0.018746161823738,1.0,rational_fit,1.0,1,0.0,0.0
holdout,0.1,inv_sqrt_log,0.0,noise-free,named,many_pilots,30,30,0,1.0,0.0,1.0,1.0,0.00389672315346405,0.00389672315346405,0.018746161823738,1.0,rational_fit,1.0,1,0.0,0.0
holdout,0.1,inv_sqrt_log,0.0,noise-free,classical,one_pilot,30,870,0,1.0,1.0,0.0,1.0,5.451055940668137e-05,0.00389672315346405,0.018746161823738,0.013988822173419258,wynn_rho_2,1.0,1,0.0,0.0
holdout,0.1,inv_sqrt_log,0.0,noise-free,classical,many_pilots,30,30,0,1.0,1.0,0.0,1.0,5.451055940668137e-05,0.00389672315346405,0.018746161823738,0.013988822173419258,wynn_rho_2,1.0,1,0.0,0.0
holdout,0.1,inv_sqrt_log,0.0,noise-free,all,one_pilot,30,870,0,1.0,1.0,0.0,1.0,5.451066394163845e-05,0.00389672315346405,0.018746161823738,0.013988840740240868,wynn_rho_2,0.9333333333333333,2,0.0,0.0
holdout,0.1,inv_sqrt_log,0.0,noise-free,all,many_pilots,30,30,0,1.0,1.0,0.0,1.0,5.451055940668137e-05,0.00389672315346405,0.018746161823738,0.013988822173419258,wynn_rho_2,1.0,1,0.0,0.0
holdout,0.1,inv_sqrt_log,0.001,sigma=0.001,lead,one_pilot,30,870,0,1.0,0.7149425287356321,0.06666666666666667,1.0,0.0024618893391641,0.0043962711683579,0.0188110245945272,0.6655884197640156,pade_33,0.4,4,0.0,0.0
holdout,0.1,inv_sqrt_log,0.001,sigma=0.001,lead,many_pilots,30,30,0,1.0,0.8,0.0,1.0,0.00205775647194095,0.0043962711683579,0.0188110245945272,0.6089110136402849,pade_22,1.0,1,0.0,0.0
holdout,0.1,inv_sqrt_log,0.001,sigma=0.001,named,one_pilot,30,870,0,1.0,0.0,1.0,1.0,0.0043962711683579,0.0043962711683579,0.0188110245945272,1.0,rational_fit,1.0,1,0.0,0.0
holdout,0.1,inv_sqrt_log,0.001,sigma=0.001,named,many_pilots,30,30,0,1.0,0.0,1.0,1.0,0.0043962711683579,0.0043962711683579,0.0188110245945272,1.0,rational_fit,1.0,1,0.0,0.0
holdout,0.1,inv_sqrt_log,0.001,sigma=0.001,classical,one_pilot,30,870,0,1.0,0.006896551724137931,0.0,0.4540229885057471,0.01935403805342175,0.0043962711683579,0.0188110245945272,4.527224695020481,brezinski_theta2,0.23333333333333334,9,0.0,0.0
holdout,0.1,inv_sqrt_log,0.001,sigma=0.001,classical,many_pilots,30,30,0,1.0,0.0,0.0,0.5333333333333333,0.0190232159133677,0.0043962711683579,0.0188110245945272,4.257193113427068,anderson_3,0.9,2,0.0,0.0
holdout,0.1,inv_sqrt_log,0.001,sigma=0.001,all,one_pilot,30,870,0,1.0,0.6551724137931034,0.06666666666666667,0.993103448275862,0.0027743514778063,0.0043962711683579,0.0188110245945272,0.7344174689377856,pade_33,0.3,7,0.0,0.0
holdout,0.1,inv_sqrt_log,0.001,sigma=0.001,all,many_pilots,30,30,0,1.0,0.8,0.0,1.0,0.00205775647194095,0.0043962711683579,0.0188110245945272,0.6089110136402849,pade_22,1.0,1,0.0,0.0
holdout,0.1,inv_sqrt_log,0.005,sigma=0.005,lead,one_pilot,30,870,0,1.0,0.1632183908045977,0.4666666666666667,0.8241379310344827,0.0072922090426481,0.0057271644590935495,0.0171741339935507,1.0,rational_fit,0.4666666666666667,6,0.028735632183908046,0.03333333333333333
holdout,0.1,inv_sqrt_log,0.005,sigma=0.005,lead,many_pilots,30,30,0,1.0,0.0,1.0,0.9,0.0057271644590935495,0.0057271644590935495,0.0171741339935507,1.0,rational_fit,1.0,1,0.03333333333333333,0.03333333333333333
holdout,0.1,inv_sqrt_log,0.005,sigma=0.005,named,one_pilot,30,870,0,1.0,0.022988505747126436,0.8333333333333334,0.864367816091954,0.0061585699142442,0.0057271644590935495,0.0171741339935507,1.0,rational_fit,0.8333333333333334,2,0.03333333333333333,0.03333333333333333
holdout,0.1,inv_sqrt_log,0.005,sigma=0.005,named,many_pilots,30,30,0,1.0,0.0,1.0,0.9,0.0057271644590935495,0.0057271644590935495,0.0171741339935507,1.0,rational_fit,1.0,1,0.03333333333333333,0.03333333333333333
holdout,0.1,inv_sqrt_log,0.005,sigma=0.005,classical,one_pilot,30,870,0,1.0,0.14597701149425288,0.0,0.37701149425287356,0.018664833605534,0.0057271644590935495,0.0171741339935507,3.2689119301679392,brezinski_theta1,0.23333333333333334,9,0.01839080459770115,0.03333333333333333
holdout,0.1,inv_sqrt_log,0.005,sigma=0.005,classical,many_pilots,30,30,0,1.0,0.16666666666666666,0.0,0.5333333333333333,0.0142216540475288,0.0057271644590935495,0.0171741339935507,2.5648334456344135,brezinski_theta1,1.0,1,0.0,0.03333333333333333
holdout,0.1,inv_sqrt_log,0.005,sigma=0.005,all,one_pilot,30,870,0,1.0,0.15747126436781608,0.3,0.7563218390804598,0.00960359515502345,0.0057271644590935495,0.0171741339935507,1.1066373385204007,rational_fit,0.3,11,0.011494252873563218,0.03333333333333333
holdout,0.1,inv_sqrt_log,0.005,sigma=0.005,all,many_pilots,30,30,0,1.0,0.0,1.0,0.9,0.0057271644590935495,0.0057271644590935495,0.0171741339935507,1.0,rational_fit,1.0,1,0.03333333333333333,0.03333333333333333
holdout,0.1,real_boot_a,0.0,noise-free,lead,one_pilot,30,870,0,0.9908045977011494,0.735632183908046,0.0,0.9908045977011494,0.0249304751421806,0.0487679994349792,0.1501728736502233,0.5112056286362824,double_exp_fit,0.4,7,0.009195402298850575,0.0
holdout,0.1,real_boot_a,0.0,noise-free,lead,many_pilots,30,30,0,1.0,1.0,0.0,1.0,0.02205215241462545,0.0487679994349792,0.1501728736502233,0.45218487621906023,pade_34,0.9666666666666667,2,0.0,0.0
holdout,0.1,real_boot_a,0.0,noise-free,named,one_pilot,30,870,0,1.0,0.0,1.0,1.0,0.0487679994349792,0.0487679994349792,0.1501728736502233,1.0,rational_fit,1.0,1,0.0,0.0
holdout,0.1,real_boot_a,0.0,noise-free,named,many_pilots,30,30,0,1.0,0.0,1.0,1.0,0.0487679994349792,0.0487679994349792,0.1501728736502233,1.0,rational_fit,1.0,1,0.0,0.0
holdout,0.1,real_boot_a,0.0,noise-free,classical,one_pilot,30,870,0,1.0,1.0,0.0,1.0,0.021662167945415,0.0487679994349792,0.1501728736502233,0.4441881601950336,wynn_rho_1,1.0,1,0.0,0.0
holdout,0.1,real_boot_a,0.0,noise-free,classical,many_pilots,30,30,0,1.0,1.0,0.0,1.0,0.021662167945415,0.0487679994349792,0.1501728736502233,0.4441881601950336,wynn_rho_1,1.0,1,0.0,0.0
holdout,0.1,real_boot_a,0.0,noise-free,all,one_pilot,30,870,0,0.9908045977011494,0.735632183908046,0.0,0.9908045977011494,0.0224247057014089,0.0487679994349792,0.1501728736502233,0.45982417637141454,double_exp_fit,0.4,6,0.009195402298850575,0.0
holdout,0.1,real_boot_a,0.0,noise-free,all,many_pilots,30,30,0,1.0,1.0,0.0,1.0,0.02205215241462545,0.0487679994349792,0.1501728736502233,0.45218487621906023,pade_34,0.5,3,0.0,0.0
holdout,0.1,real_boot_a,0.001,sigma=0.001,lead,one_pilot,30,870,0,0.9919540229885058,0.6310344827586207,0.0,0.9459770114942528,0.0334351866153812,0.048927940923738755,0.15023773642101246,0.7163827178955907,double_exp_fit,0.3,7,0.02413793103448276,0.0
holdout,0.1,real_boot_a,0.001,sigma=0.001,lead,many_pilots,30,30,0,0.9666666666666667,0.6666666666666666,0.0,0.8,0.0252681618974694,0.048927940923738755,0.15023773642101246,0.5168433969738591,pade_45,1.0,1,0.1,0.0
holdout,0.1,real_boot_a,0.001,sigma=0.001,named,one_pilot,30,870,0,1.0,0.0,1.0,1.0,0.048927940923738755,0.048927940923738755,0.15023773642101246,1.0,rational_fit,1.0,1,0.0,0.0
holdout,0.1,real_boot_a,0.001,sigma=0.001,named,many_pilots,30,30,0,1.0,0.0,1.0,1.0,0.048927940923738755,0.048927940923738755,0.15023773642101246,1.0,rational_fit,1.0,1,0.0,0.0
holdout,0.1,real_boot_a,0.001,sigma=0.001,classical,one_pilot,30,870,0,1.0,0.0,0.0,0.3954022988505747,0.15253187131757875,0.048927940923738755,0.15023773642101246,3.0812076153346535,wynn_rho_2,0.23333333333333334,10,0.0,0.0
holdout,0.1,real_boot_a,0.001,sigma=0.001,classical,many_pilots,30,30,0,1.0,0.0,0.0,0.4,0.1528480908939169,0.048927940923738755,0.15023773642101246,3.0540961725171916,wynn_rho_2,0.8333333333333334,2,0.0,0.0
holdout,0.1,real_boot_a,0.001,sigma=0.001,all,one_pilot,30,870,0,0.9919540229885058,0.5735632183908046,0.0,0.9022988505747126,0.0420519158119239,0.048927940923738755,0.15023773642101246,0.8712251137743284,double_exp_fit,0.26666666666666666,9,0.02413793103448276,0.0
holdout,0.1,real_boot_a,0.001,sigma=0.001,all,many_pilots,30,30,0,0.9666666666666667,0.6666666666666666,0.0,0.8,0.0252681618974694,0.048927940923738755,0.15023773642101246,0.5168433969738591,pade_45,1.0,1,0.1,0.0
holdout,0.1,real_boot_a,0.005,sigma=0.005,lead,one_pilot,30,870,0,1.0,0.6758620689655173,0.0,0.9827586206896551,0.03226698854114335,0.0477396351909816,0.14860084582003602,0.6999731115117451,pade_22,0.3,9,0.0,0.0
holdout,0.1,real_boot_a,0.005,sigma=0.005,lead,many_pilots,30,30,0,1.0,0.9333333333333333,0.0,1.0,0.02167421735952425,0.0477396351909816,0.14860084582003602,0.5107270506626018,pade_22,1.0,1,0.0,0.0
holdout,0.1,real_boot_a,0.005,sigma=0.005,named,one_pilot,30,870,0,1.0,0.0,1.0,1.0,0.0477396351909816,0.0477396351909816,0.14860084582003602,1.0,rational_fit,1.0,1,0.0,0.0
holdout,0.1,real_boot_a,0.005,sigma=0.005,named,many_pilots,30,30,0,1.0,0.0,1.0,1.0,0.0477396351909816,0.0477396351909816,0.14860084582003602,1.0,rational_fit,1.0,1,0.0,0.0
holdout,0.1,real_boot_a,0.005,sigma=0.005,classical,one_pilot,30,870,0,1.0,0.0,0.0,0.3448275862068966,0.1521434071295908,0.0477396351909816,0.14860084582003602,3.2675878712982596,brezinski_theta1,0.26666666666666666,10,0.0,0.0
holdout,0.1,real_boot_a,0.005,sigma=0.005,classical,many_pilots,30,30,0,1.0,0.0,0.0,0.5666666666666667,0.14650824143001245,0.0477396351909816,0.14860084582003602,3.107075259241075,brezinski_theta1,1.0,1,0.0,0.0
holdout,0.1,real_boot_a,0.005,sigma=0.005,all,one_pilot,30,870,0,1.0,0.7160919540229885,0.0,0.9896551724137931,0.0255758208648528,0.0477396351909816,0.14860084582003602,0.562257653008952,pade_11,0.3333333333333333,10,0.0,0.0
holdout,0.1,real_boot_a,0.005,sigma=0.005,all,many_pilots,30,30,0,1.0,0.8666666666666667,0.0,1.0,0.01659548925117085,0.0477396351909816,0.14860084582003602,0.357366059741631,pade_11,1.0,1,0.0,0.0
holdout,0.1,real_boot_b,0.0,noise-free,lead,one_pilot,30,870,0,0.996551724137931,0.8183908045977012,0.0,0.9367816091954023,0.0007043626881819,0.0049395927269012,0.0460278658439096,0.14259580472543884,richardson_2,0.5,7,0.017241379310344827,0.0
holdout,0.1,real_boot_b,0.0,noise-free,lead,many_pilots,30,30,0,1.0,0.9333333333333333,0.0,1.0,0.00070436199271575,0.0049395927269012,0.0460278658439096,0.142595306244567,richardson_2,1.0,1,0.0,0.0
holdout,0.1,real_boot_b,0.0,noise-free,named,one_pilot,30,870,0,1.0,0.0,1.0,1.0,0.0049395927269012,0.0049395927269012,0.0460278658439096,1.0,rational_fit,1.0,1,0.0,0.0
holdout,0.1,real_boot_b,0.0,noise-free,named,many_pilots,30,30,0,1.0,0.0,1.0,1.0,0.0049395927269012,0.0049395927269012,0.0460278658439096,1.0,rational_fit,1.0,1,0.0,0.0
holdout,0.1,real_boot_b,0.0,noise-free,classical,one_pilot,30,870,0,1.0,0.9333333333333333,0.0,1.0,0.0007139793025484,0.0049395927269012,0.0460278658439096,0.1445421398163948,wynn_rho_1,1.0,1,0.0,0.0
holdout,0.1,real_boot_b,0.0,noise-free,classical,many_pilots,30,30,0,1.0,0.9333333333333333,0.0,1.0,0.0007139793025484,0.0049395927269012,0.0460278658439096,0.1445421398163948,wynn_rho_1,1.0,1,0.0,0.0
holdout,0.1,real_boot_b,0.0,noise-free,all,one_pilot,30,870,0,0.996551724137931,0.8793103448275862,0.0,0.9563218390804598,0.0004263203452643,0.0049395927269012,0.0460278658439096,0.08630678619032574,richardson_a10,0.8666666666666667,5,0.013793103448275862,0.0
holdout,0.1,real_boot_b,0.0,noise-free,all,many_pilots,30,30,0,1.0,0.9666666666666667,0.0,1.0,0.0004263203452643,0.0049395927269012,0.0460278658439096,0.08630678050490764,richardson_a10,1.0,1,0.0,0.0
holdout,0.1,real_boot_b,0.001,sigma=0.001,lead,one_pilot,30,870,0,0.9977011494252873,0.7666666666666667,0.0,0.967816091954023,0.0016357220776261,0.00467076632696025,0.0460927286146988,0.3944418897515024,richardson_3,0.26666666666666666,8,0.01264367816091954,0.0
holdout,0.1,real_boot_b,0.001,sigma=0.001,lead,many_pilots,30,30,0,1.0,0.9,0.0,1.0,0.00100181943206565,0.00467076632696025,0.0460927286146988,0.24986113998701442,richardson_2,1.0,1,0.0,0.0
holdout,0.1,real_boot_b,0.001,sigma=0.001,named,one_pilot,30,870,0,1.0,0.0,1.0,1.0,0.00467076632696025,0.00467076632696025,0.0460927286146988,1.0,rational_fit,1.0,1,0.0,0.0
holdout,0.1,real_boot_b,0.001,sigma=0.001,named,many_pilots,30,30,0,1.0,0.0,1.0,1.0,0.00467076632696025,0.00467076632696025,0.0460927286146988,1.0,rational_fit,1.0,1,0.0,0.0
holdout,0.1,real_boot_b,0.001,sigma=0.001,classical,one_pilot,30,870,0,1.0,0.009195402298850575,0.0,0.3620689655172414,0.0474476379035173,0.00467076632696025,0.0460927286146988,10.243017291276312,brezinski_theta1,0.23333333333333334,11,0.0,0.0
holdout,0.1,real_boot_b,0.001,sigma=0.001,classical,many_pilots,30,30,0,1.0,0.0,0.0,0.43333333333333335,0.046403427052239,0.00467076632696025,0.0460927286146988,9.906251628489926,anderson_3,1.0,1,0.0,0.0
holdout,0.1,real_boot_b,0.001,sigma=0.001,all,one_pilot,30,870,0,0.9977011494252873,0.8333333333333334,0.0,0.9632183908045977,0.000646642697841,0.00467076632696025,0.0460927286146988,0.16310482964854514,richardson_a10,0.5666666666666667,9,0.014942528735632184,0.0
holdout,0.1,real_boot_b,0.001,sigma=0.001,all,many_pilots,30,30,0,1.0,0.9333333333333333,0.0,1.0,0.00036370758123369996,0.00467076632696025,0.0460927286146988,0.0812536728355969,richardson_a10,1.0,1,0.0,0.0
holdout,0.1,real_boot_b,0.005,sigma=0.005,lead,one_pilot,30,870,0,1.0,0.4781609195402299,0.13333333333333333,0.9344827586206896,0.0039769744200822,0.00490379516443815,0.0444558380137223,1.0,richardson_1,0.4,8,0.0011494252873563218,0.0
holdout,0.1,real_boot_b,0.005,sigma=0.005,lead,many_pilots,30,30,0,1.0,0.8333333333333334,0.0,1.0,0.00307680059992625,0.00490379516443815,0.0444558380137223,0.73631111803163,richardson_1,1.0,1,0.0,0.0
holdout,0.1,real_boot_b,0.005,sigma=0.005,named,one_pilot,30,870,0,1.0,0.0,1.0,1.0,0.00490379516443815,0.00490379516443815,0.0444558380137223,1.0,rational_fit,1.0,1,0.0,0.0
holdout,0.1,real_boot_b,0.005,sigma=0.005,named,many_pilots,30,30,0,1.0,0.0,1.0,1.0,0.00490379516443815,0.00490379516443815,0.0444558380137223,1.0,rational_fit,1.0,1,0.0,0.0
holdout,0.1,real_boot_b,0.005,sigma=0.005,classical,one_pilot,30,870,0,1.0,0.005747126436781609,0.0,0.41954022988505746,0.046470491038493,0.00490379516443815,0.0444558380137223,10.04324987477403,brezinski_theta1,0.3333333333333333,9,0.0022988505747126436,0.0
holdout,0.1,real_boot_b,0.005,sigma=0.005,classical,many_pilots,30,30,0,1.0,0.0,0.0,0.5666666666666667,0.04186782827156725,0.00490379516443815,0.0444558380137223,9.87234391394487,brezinski_theta1,1.0,1,0.0,0.0
holdout,0.1,real_boot_b,0.005,sigma=0.005,all,one_pilot,30,870,0,1.0,0.5954022988505747,0.0,0.9114942528735632,0.002161710900451,0.00490379516443815,0.0444558380137223,0.6717149923709835,richardson_a10,0.5333333333333333,9,0.0011494252873563218,0.0
holdout,0.1,real_boot_b,0.005,sigma=0.005,all,many_pilots,30,30,0,1.0,0.8333333333333334,0.0,1.0,0.00133309736681615,0.00490379516443815,0.0444558380137223,0.22538925598173706,richardson_a10,1.0,1,0.0,0.0
holdout,0.02,stretched_exp,0.0,noise-free,lead,one_pilot,30,870,0,1.0,0.0367816091954023,0.7333333333333333,0.993103448275862,0.0005447361324186,0.0005447359816577,0.153070176300135,1.0,rational_fit,0.7333333333333333,3,0.0,0.0
holdout,0.02,stretched_exp,0.0,noise-free,lead,many_pilots,30,30,0,1.0,0.0,1.0,1.0,0.0005447359816577,0.0005447359816577,0.153070176300135,1.0,rational_fit,1.0,1,0.0,0.0
holdout,0.02,stretched_exp,0.0,noise-free,named,one_pilot,30,870,0,1.0,0.0,1.0,1.0,0.0005447359816577,0.0005447359816577,0.153070176300135,1.0,rational_fit,1.0,1,0.0,0.0
holdout,0.02,stretched_exp,0.0,noise-free,named,many_pilots,30,30,0,1.0,0.0,1.0,1.0,0.0005447359816577,0.0005447359816577,0.153070176300135,1.0,rational_fit,1.0,1,0.0,0.0
holdout,0.02,stretched_exp,0.0,noise-free,classical,one_pilot,30,870,0,1.0,0.2,0.0,1.0,0.004478178604937,0.0005447359816577,0.153070176300135,8.207935998725903,shanks_3,0.9333333333333333,2,0.0,0.0
holdout,0.02,stretched_exp,0.0,noise-free,classical,many_pilots,30,30,0,1.0,0.2,0.0,1.0,0.0044780255776547505,0.0005447359816577,0.153070176300135,8.207572584647885,shanks_3,1.0,1,0.0,0.0
holdout,0.02,stretched_exp,0.0,noise-free,all,one_pilot,30,870,0,1.0,0.9666666666666667,0.0,1.0,0.000334651498268,0.0005447359816577,0.153070176300135,0.6143268039378624,pade_32,0.9666666666666667,2,0.0,0.0
holdout,0.02,stretched_exp,0.0,noise-free,all,many_pilots,30,30,0,1.0,1.0,0.0,1.0,0.00033465140902725,0.0005447359816577,0.153070176300135,0.6143262503393778,pade_32,1.0,1,0.0,0.0
holdout,0.02,stretched_exp,0.001,sigma=0.001,lead,one_pilot,30,870,0,0.996551724137931,0.28160919540229884,0.3,0.9724137931034482,0.003868839497957,0.0032397730245200497,0.15313503907092424,1.0,pade_22,0.43333333333333335,5,0.0034482758620689655,0.0
holdout,0.02,stretched_exp,0.001,sigma=0.001,lead,many_pilots,30,30,0,1.0,0.5333333333333333,0.0,1.0,0.0030807051102119997,0.0032397730245200497,0.15313503907092424,0.810059463836938,pade_22,1.0,1,0.0,0.0
holdout,0.02,stretched_exp,0.001,sigma=0.001,named,one_pilot,30,870,0,1.0,0.0,1.0,1.0,0.0032397730245200497,0.0032397730245200497,0.15313503907092424,1.0,rational_fit,1.0,1,0.0,0.0
holdout,0.02,stretched_exp,0.001,sigma=0.001,named,many_pilots,30,30,0,1.0,0.0,1.0,1.0,0.0032397730245200497,0.0032397730245200497,0.15313503907092424,1.0,rational_fit,1.0,1,0.0,0.0
holdout,0.02,stretched_exp,0.001,sigma=0.001,classical,one_pilot,30,870,0,1.0,0.0,0.0,0.39425287356321836,0.1554073157647506,0.0032397730245200497,0.15313503907092424,48.34916383059776,wynn_rho_2,0.23333333333333334,10,0.0,0.0
holdout,0.02,stretched_exp,0.001,sigma=0.001,classical,many_pilots,30,30,0,1.0,0.0,0.0,0.4,0.15581798764127236,0.0032397730245200497,0.15313503907092424,48.291138809011755,wynn_rho_2,0.8333333333333334,2,0.0,0.0
holdout,0.02,stretched_exp,0.001,sigma=0.001,all,one_pilot,30,870,0,0.9977011494252873,0.2942528735632184,0.2,0.9816091954022989,0.0044080922072453,0.0032397730245200497,0.15313503907092424,1.0099396429984473,pade_22,0.3333333333333333,7,0.0022988505747126436,0.0
holdout,0.02,stretched_exp,0.001,sigma=0.001,all,many_pilots,30,30,0,1.0,0.5333333333333333,0.0,1.0,0.0030807051102119997,0.0032397730245200497,0.15313503907092424,0.810059463836938,pade_22,1.0,1,0.0,0.0
holdout,0.02,stretched_exp,0.005,sigma=0.005,lead,one_pilot,30,870,0,1.0,0.1528735632183908,0.3333333333333333,0.9011494252873563,0.0188504605898983,0.0064773156516434,0.1514981484699477,1.0702626257822279,rational_fit,0.3333333333333333,11,0.0,0.0
holdout,0.02,stretched_exp,0.005,sigma=0.005,lead,many_pilots,30,30,0,1.0,0.0,1.0,1.0,0.0064773156516434,0.0064773156516434,0.1514981484699477,1.0,rational_fit,1.0,1,0.0,0.0
holdout,0.02,stretched_exp,0.005,sigma=0.005,named,one_pilot,30,870,0,1.0,0.0,0.9666666666666667,1.0,0.0071837157031474,0.0064773156516434,0.1514981484699477,1.0,rational_fit,0.9666666666666667,2,0.0,0.0
holdout,0.02,stretched_exp,0.005,sigma=0.005,named,many_pilots,30,30,0,1.0,0.0,1.0,1.0,0.0064773156516434,0.0064773156516434,0.1514981484699477,1.0,rational_fit,1.0,1,0.0,0.0
holdout,0.02,stretched_exp,0.005,sigma=0.005,classical,one_pilot,30,870,0,1.0,0.0034482758620689655,0.0,0.3413793103448276,0.1550354497717083,0.0064773156516434,0.1514981484699477,24.61657555001651,brezinski_theta1,0.26666666666666666,10,0.0,0.0
holdout,0.02,stretched_exp,0.005,sigma=0.005,classical,many_pilots,30,30,0,1.0,0.0,0.0,0.5666666666666667,0.14938576967062356,0.0064773156516434,0.1514981484699477,22.414840799706603,brezinski_theta1,1.0,1,0.0,0.0
holdout,0.02,stretched_exp,0.005,sigma=0.005,all,one_pilot,30,870,0,0.996551724137931,0.16206896551724137,0.16666666666666666,0.8655172413793103,0.02851385083843,0.0064773156516434,0.1514981484699477,3.479901589920509,rational_fit,0.16666666666666666,13,0.0034482758620689655,0.0
holdout,0.02,stretched_exp,0.005,sigma=0.005,all,many_pilots,30,30,0,1.0,0.0,1.0,1.0,0.0064773156516434,0.0064773156516434,0.1514981484699477,1.0,rational_fit,1.0,1,0.0,0.0
holdout,0.02,logistic_tail,0.0,noise-free,lead,one_pilot,30,870,0,1.0,1.0,0.0,1.0,9.308371002469604e-05,0.08833150051360965,0.0934698426684626,0.0010019601730813553,pade_45,1.0,1,0.0,0.0
holdout,0.02,logistic_tail,0.0,noise-free,lead,many_pilots,30,30,0,1.0,1.0,0.0,1.0,9.308371002469604e-05,0.08833150051360965,0.0934698426684626,0.0010019601730813553,pade_45,1.0,1,0.0,0.0
holdout,0.02,logistic_tail,0.0,noise-free,named,one_pilot,30,870,0,1.0,0.4827586206896552,0.3,0.7586206896551724,0.0301216994279514,0.08833150051360965,0.0934698426684626,1.0,single_exp_fit,0.7,2,0.0,0.0
holdout,0.02,logistic_tail,0.0,noise-free,named,many_pilots,30,30,0,1.0,0.7,0.0,0.8666666666666667,0.0159950301623095,0.08833150051360965,0.0934698426684626,0.15825334369351027,single_exp_fit,1.0,1,0.0,0.0
holdout,0.02,logistic_tail,0.0,noise-free,classical,one_pilot,30,870,0,1.0,1.0,0.0,1.0,0.0014776481321824,0.08833150051360965,0.0934698426684626,0.01675969486759485,brezinski_theta2,1.0,1,0.0,0.0
holdout,0.02,logistic_tail,0.0,noise-free,classical,many_pilots,30,30,0,1.0,1.0,0.0,1.0,0.0014776481321824,0.08833150051360965,0.0934698426684626,0.01675969486759485,brezinski_theta2,1.0,1,0.0,0.0
holdout,0.02,logistic_tail,0.0,noise-free,all,one_pilot,30,870,0,1.0,1.0,0.0,1.0,9.308371002469604e-05,0.08833150051360965,0.0934698426684626,0.0010019601730813553,pade_45,1.0,1,0.0,0.0
holdout,0.02,logistic_tail,0.0,noise-free,all,many_pilots,30,30,0,1.0,1.0,0.0,1.0,9.308371002469604e-05,0.08833150051360965,0.0934698426684626,0.0010019601730813553,pade_45,1.0,1,0.0,0.0
holdout,0.02,logistic_tail,0.001,sigma=0.001,lead,one_pilot,30,870,0,1.0,0.6862068965517242,0.03333333333333333,0.8436781609195402,0.0246148093425942,0.0883104500967576,0.09353470543925174,0.3885805891338805,single_exp_fit,0.3333333333333333,7,0.0,0.0
holdout,0.02,logistic_tail,0.001,sigma=0.001,lead,many_pilots,30,30,0,1.0,0.7,0.0,0.8666666666666667,0.015910472135754798,0.0883104500967576,0.09353470543925174,0.15798999122087365,single_exp_fit,0.5,2,0.0,0.0
holdout,0.02,logistic_tail,0.001,sigma=0.001,named,one_pilot,30,870,0,1.0,0.4827586206896552,0.3,0.7586206896551724,0.0300872039760881,0.0883104500967576,0.09353470543925174,1.0,single_exp_fit,0.7,2,0.0,0.0
holdout,0.02,logistic_tail,0.001,sigma=0.001,named,many_pilots,30,30,0,1.0,0.7,0.0,0.8666666666666667,0.015910454868701948,0.0883104500967576,0.09353470543925174,0.1579899547768297,single_exp_fit,1.0,1,0.0,0.0
holdout,0.02,logistic_tail,0.001,sigma=0.001,classical,one_pilot,30,870,0,0.9896551724137931,0.3563218390804598,0.0,0.42758620689655175,0.1044287953489599,0.0883104500967576,0.09353470543925174,1.3027942695135102,wynn_eps_3,0.26666666666666666,11,0.09540229885057472,0.0
holdout,0.02,logistic_tail,0.001,sigma=0.001,classical,many_pilots,30,30,0,1.0,0.5,0.0,0.5666666666666667,0.07465888450428546,0.0883104500967576,0.09353470543925174,0.9846406978932436,wynn_rho_2,1.0,1,0.1,0.0
holdout,0.02,logistic_tail,0.001,sigma=0.001,all,one_pilot,30,870,0,0.9885057471264368,0.5781609195402299,0.03333333333333333,0.7103448275862069,0.0484536628747045,0.0883104500967576,0.09353470543925174,0.7917218753597504,single_exp_fit,0.23333333333333334,12,0.035632183908045977,0.0
holdout,0.02,logistic_tail,0.001,sigma=0.001,all,many_pilots,30,30,0,1.0,0.7,0.0,0.8666666666666667,0.015910472135754798,0.0883104500967576,0.09353470543925174,0.15798999122087365,single_exp_fit,0.5,2,0.0,0.0
holdout,0.02,logistic_tail,0.005,sigma=0.005,lead,one_pilot,30,870,0,1.0,0.7149425287356321,0.03333333333333333,0.8563218390804598,0.0242696305684476,0.0883391689158127,0.0918978148382753,0.38613103633925505,double_exp_fit,0.4666666666666667,6,0.0,0.0
holdout,0.02,logistic_tail,0.005,sigma=0.005,lead,many_pilots,30,30,0,1.0,0.7,0.0,0.8666666666666667,0.01572305999739855,0.0883391689158127,0.0918978148382753,0.1583716528363432,double_exp_fit,1.0,1,0.0,0.0
holdout,0.02,logistic_tail,0.005,sigma=0.005,named,one_pilot,30,870,0,1.0,0.4827586206896552,0.3,0.7586206896551724,0.0299887232310185,0.0883391689158127,0.0918978148382753,1.0,single_exp_fit,0.7,2,0.0,0.0
holdout,0.02,logistic_tail,0.005,sigma=0.005,named,many_pilots,30,30,0,1.0,0.7,0.0,0.8666666666666667,0.01572308886021585,0.0883391689158127,0.0918978148382753,0.15837104192408522,single_exp_fit,1.0,1,0.0,0.0
holdout,0.02,logistic_tail,0.005,sigma=0.005,classical,one_pilot,30,870,0,0.9919540229885058,0.28735632183908044,0.0,0.3114942528735632,0.1039048603134645,0.0883391689158127,0.0918978148382753,1.2041645435944954,brezinski_theta1,0.3,8,0.01264367816091954,0.0
holdout,0.02,logistic_tail,0.005,sigma=0.005,classical,many_pilots,30,30,0,1.0,0.4,0.0,0.5666666666666667,0.0919811407773703,0.0883391689158127,0.0918978148382753,1.0691286304800705,brezinski_theta1,1.0,1,0.0,0.0
holdout,0.02,logistic_tail,0.005,sigma=0.005,all,one_pilot,30,870,0,1.0,0.7149425287356321,0.03333333333333333,0.8505747126436781,0.031173038949128,0.0883391689158127,0.0918978148382753,0.40130407573459964,double_exp_fit,0.4,7,0.0,0.0
holdout,0.02,logistic_tail,0.005,sigma=0.005,all,many_pilots,30,30,0,1.0,0.7,0.0,0.8666666666666667,0.01572305999739855,0.0883391689158127,0.0918978148382753,0.1583716528363432,double_exp_fit,1.0,1,0.0,0.0
holdout,0.02,inv_sqrt_log,0.0,noise-free,lead,one_pilot,30,870,0,1.0,1.0,0.0,1.0,0.0005256120266585,0.005093328360965399,0.0204122770840313,0.1031960640198504,richardson_3,0.6,2,0.0,0.0
holdout,0.02,inv_sqrt_log,0.0,noise-free,lead,many_pilots,30,30,0,1.0,1.0,0.0,1.0,0.0005213983249555,0.005093328360965399,0.0204122770840313,0.10236833214585431,richardson_3,1.0,1,0.0,0.0
holdout,0.02,inv_sqrt_log,0.0,noise-free,named,one_pilot,30,870,0,1.0,0.0,1.0,1.0,0.005093328360965399,0.005093328360965399,0.0204122770840313,1.0,rational_fit,1.0,1,0.0,0.0
holdout,0.02,inv_sqrt_log,0.0,noise-free,named,many_pilots,30,30,0,1.0,0.0,1.0,1.0,0.005093328360965399,0.005093328360965399,0.0204122770840313,1.0,rational_fit,1.0,1,0.0,0.0
holdout,0.02,inv_sqrt_log,0.0,noise-free,classical,one_pilot,30,870,0,1.0,1.0,0.0,1.0,6.376025115273354e-05,0.005093328360965399,0.0204122770840313,0.012518345023086828,levin_v2,1.0,1,0.0,0.0
holdout,0.02,inv_sqrt_log,0.0,noise-free,classical,many_pilots,30,30,0,1.0,1.0,0.0,1.0,6.376025115273354e-05,0.005093328360965399,0.0204122770840313,0.012518345023086828,levin_v2,1.0,1,0.0,0.0
holdout,0.02,inv_sqrt_log,0.0,noise-free,all,one_pilot,30,870,0,1.0,1.0,0.0,1.0,6.376025122253881e-05,0.005093328360965399,0.0204122770840313,0.01251836649428144,levin_v2,0.9333333333333333,2,0.0,0.0
holdout,0.02,inv_sqrt_log,0.0,noise-free,all,many_pilots,30,30,0,1.0,1.0,0.0,1.0,6.376025115273354e-05,0.005093328360965399,0.0204122770840313,0.012518345023086828,levin_v2,1.0,1,0.0,0.0
holdout,0.02,inv_sqrt_log,0.001,sigma=0.001,lead,one_pilot,30,870,0,1.0,0.8977011494252873,0.0,1.0,0.0023569195302076,0.0056126269793495,0.02047713985482045,0.4424823402693436,pade_22,0.4666666666666667,3,0.0,0.0
holdout,0.02,inv_sqrt_log,0.001,sigma=0.001,lead,many_pilots,30,30,0,1.0,0.9666666666666667,0.0,1.0,0.0014529779970755999,0.0056126269793495,0.02047713985482045,0.31305789003686735,pade_22,1.0,1,0.0,0.0
holdout,0.02,inv_sqrt_log,0.001,sigma=0.001,named,one_pilot,30,870,0,1.0,0.0,1.0,1.0,0.0056126269793495,0.0056126269793495,0.02047713985482045,1.0,rational_fit,1.0,1,0.0,0.0
holdout,0.02,inv_sqrt_log,0.001,sigma=0.001,named,many_pilots,30,30,0,1.0,0.0,1.0,1.0,0.0056126269793495,0.0056126269793495,0.02047713985482045,1.0,rational_fit,1.0,1,0.0,0.0
holdout,0.02,inv_sqrt_log,0.001,sigma=0.001,classical,one_pilot,30,870,0,1.0,0.006896551724137931,0.0,0.4540229885057471,0.02102015331371495,0.0056126269793495,0.02047713985482045,3.8401975835527025,brezinski_theta2,0.23333333333333334,9,0.0,0.0
holdout,0.02,inv_sqrt_log,0.001,sigma=0.001,classical,many_pilots,30,30,0,1.0,0.0,0.0,0.5333333333333333,0.0206893311736609,0.0056126269793495,0.02047713985482045,3.636032388038929,anderson_3,0.9,2,0.0,0.0
holdout,0.02,inv_sqrt_log,0.001,sigma=0.001,all,one_pilot,30,870,0,1.0,0.764367816091954,0.0,0.9126436781609195,0.0027538311448392,0.0056126269793495,0.02047713985482045,0.5984643253748729,pade_22,0.43333333333333335,7,0.0,0.0
holdout,0.02,inv_sqrt_log,0.001,sigma=0.001,all,many_pilots,30,30,0,1.0,0.9666666666666667,0.0,1.0,0.0014529779970755999,0.0056126269793495,0.02047713985482045,0.31305789003686735,pade_22,1.0,1,0.0,0.0
holdout,0.02,inv_sqrt_log,0.005,sigma=0.005,lead,one_pilot,30,870,0,1.0,0.1310344827586207,0.4666666666666667,0.774712643678161,0.008958440065656,0.0061267855413885,0.0188402492538439,1.0,rational_fit,0.4666666666666667,7,0.04827586206896552,0.03333333333333333
holdout,0.02,inv_sqrt_log,0.005,sigma=0.005,lead,many_pilots,30,30,0,1.0,0.0,1.0,0.9,0.0061267855413885,0.0061267855413885,0.0188402492538439,1.0,rational_fit,1.0,1,0.03333333333333333,0.03333333333333333
holdout,0.02,inv_sqrt_log,0.005,sigma=0.005,named,one_pilot,30,870,0,1.0,0.013793103448275862,0.8666666666666667,0.8747126436781609,0.0069628903902675,0.0061267855413885,0.0188402492538439,1.0,rational_fit,0.8666666666666667,2,0.03333333333333333,0.03333333333333333
holdout,0.02,inv_sqrt_log,0.005,sigma=0.005,named,many_pilots,30,30,0,1.0,0.0,1.0,0.9,0.0061267855413885,0.0061267855413885,0.0188402492538439,1.0,rational_fit,1.0,1,0.03333333333333333,0.03333333333333333
holdout,0.02,inv_sqrt_log,0.005,sigma=0.005,classical,one_pilot,30,870,0,1.0,0.1528735632183908,0.0,0.38620689655172413,0.02034778286226665,0.0061267855413885,0.0188402492538439,3.1218689724958315,brezinski_theta1,0.23333333333333334,9,0.020689655172413793,0.03333333333333333
holdout,0.02,inv_sqrt_log,0.005,sigma=0.005,classical,many_pilots,30,30,0,1.0,0.16666666666666666,0.0,0.5666666666666667,0.015887769307822097,0.0061267855413885,0.0188402492538439,2.400029666069988,brezinski_theta1,1.0,1,0.0,0.03333333333333333
holdout,0.02,inv_sqrt_log,0.005,sigma=0.005,all,one_pilot,30,870,0,0.9988505747126437,0.23448275862068965,0.13333333333333333,0.6,0.0153903465009348,0.0061267855413885,0.0188402492538439,1.8685059183975805,log_fit,0.23333333333333334,11,0.028735632183908046,0.03333333333333333
holdout,0.02,inv_sqrt_log,0.005,sigma=0.005,all,many_pilots,30,30,0,1.0,0.0,1.0,0.9,0.0061267855413885,0.0061267855413885,0.0188402492538439,1.0,rational_fit,1.0,1,0.03333333333333333,0.03333333333333333
holdout,0.02,real_boot_a,0.0,noise-free,lead,one_pilot,30,870,0,0.9954022988505747,0.7425287356321839,0.0,0.9954022988505747,0.0308113405166187,0.05697137376693655,0.1634427293371169,0.5408215373980497,double_exp_fit,0.4,6,0.004597701149425287,0.0
holdout,0.02,real_boot_a,0.0,noise-free,lead,many_pilots,30,30,0,1.0,1.0,0.0,1.0,0.0274569763154143,0.05697137376693655,0.1634427293371169,0.4819433666020808,pade_12,0.5,2,0.0,0.0
holdout,0.02,real_boot_a,0.0,noise-free,named,one_pilot,30,870,0,1.0,0.0,1.0,1.0,0.05697137376693655,0.05697137376693655,0.1634427293371169,1.0,rational_fit,1.0,1,0.0,0.0
holdout,0.02,real_boot_a,0.0,noise-free,named,many_pilots,30,30,0,1.0,0.0,1.0,1.0,0.05697137376693655,0.05697137376693655,0.1634427293371169,1.0,rational_fit,1.0,1,0.0,0.0
holdout,0.02,real_boot_a,0.0,noise-free,classical,one_pilot,30,870,0,1.0,1.0,0.0,1.0,0.0083923122585215,0.05697137376693655,0.1634427293371169,0.14730752838880629,wynn_rho_1,1.0,1,0.0,0.0
holdout,0.02,real_boot_a,0.0,noise-free,classical,many_pilots,30,30,0,1.0,1.0,0.0,1.0,0.0083923122585215,0.05697137376693655,0.1634427293371169,0.14730752838880629,wynn_rho_1,1.0,1,0.0,0.0
holdout,0.02,real_boot_a,0.0,noise-free,all,one_pilot,30,870,0,0.9954022988505747,0.7793103448275862,0.0,0.9954022988505747,0.0301868915856287,0.05697137376693655,0.1634427293371169,0.5298607065830335,double_exp_fit,0.36666666666666664,8,0.004597701149425287,0.0
holdout,0.02,real_boot_a,0.0,noise-free,all,many_pilots,30,30,0,1.0,1.0,0.0,1.0,0.0083923122585215,0.05697137376693655,0.1634427293371169,0.14730752838880629,wynn_rho_1,1.0,1,0.0,0.0
holdout,0.02,real_boot_a,0.001,sigma=0.001,lead,one_pilot,30,870,0,0.9919540229885058,0.6218390804597701,0.0,0.9597701149425287,0.0381225025588355,0.05713821887664785,0.16350759210790605,0.7106042717351048,double_exp_fit,0.3333333333333333,6,0.013793103448275862,0.0
holdout,0.02,real_boot_a,0.001,sigma=0.001,lead,many_pilots,30,30,0,0.9666666666666667,0.7,0.0,0.8333333333333334,0.032142313518087,0.05713821887664785,0.16350759210790605,0.5508620102307503,pade_45,1.0,1,0.06666666666666667,0.0
holdout,0.02,real_boot_a,0.001,sigma=0.001,named,one_pilot,30,870,0,1.0,0.0,1.0,1.0,0.05713821887664785,0.05713821887664785,0.16350759210790605,1.0,rational_fit,1.0,1,0.0,0.0
holdout,0.02,real_boot_a,0.001,sigma=0.001,named,many_pilots,30,30,0,1.0,0.0,1.0,1.0,0.05713821887664785,0.05713821887664785,0.16350759210790605,1.0,rational_fit,1.0,1,0.0,0.0
holdout,0.02,real_boot_a,0.001,sigma=0.001,classical,one_pilot,30,870,0,1.0,0.005747126436781609,0.0,0.3816091954022989,0.1658769586158154,0.05713821887664785,0.16350759210790605,2.8770915371804087,wynn_rho_2,0.2,10,0.0,0.0
holdout,0.02,real_boot_a,0.001,sigma=0.001,classical,many_pilots,30,30,0,1.0,0.0,0.0,0.4,0.16611794658081042,0.05713821887664785,0.16350759210790605,2.847440585573117,wynn_rho_2,0.8333333333333334,2,0.0,0.0
holdout,0.02,real_boot_a,0.001,sigma=0.001,all,one_pilot,30,870,0,0.993103448275862,0.5551724137931034,0.0,0.9160919540229885,0.0485750018480429,0.05713821887664785,0.16350759210790605,0.8671662273557065,double_exp_fit,0.3333333333333333,8,0.011494252873563218,0.0
holdout,0.02,real_boot_a,0.001,sigma=0.001,all,many_pilots,30,30,0,0.9666666666666667,0.7,0.0,0.8333333333333334,0.032142313518087,0.05713821887664785,0.16350759210790605,0.5508620102307503,pade_45,1.0,1,0.06666666666666667,0.0
holdout,0.02,real_boot_a,0.005,sigma=0.005,lead,one_pilot,30,870,0,1.0,0.6620689655172414,0.0,0.9758620689655172,0.041065951869923956,0.05585331890179365,0.1618707015069295,0.7604828616155713,double_exp_fit,0.2,9,0.0,0.0
holdout,0.02,real_boot_a,0.005,sigma=0.005,lead,many_pilots,30,30,0,1.0,0.9333333333333333,0.0,1.0,0.02723507355909385,0.05585331890179365,0.1618707015069295,0.48659176675163807,pade_22,1.0,1,0.0,0.0
holdout,0.02,real_boot_a,0.005,sigma=0.005,named,one_pilot,30,870,0,1.0,0.0,1.0,1.0,0.05585331890179365,0.05585331890179365,0.1618707015069295,1.0,rational_fit,1.0,1,0.0,0.0
holdout,0.02,real_boot_a,0.005,sigma=0.005,named,many_pilots,30,30,0,1.0,0.0,1.0,1.0,0.05585331890179365,0.05585331890179365,0.1618707015069295,1.0,rational_fit,1.0,1,0.0,0.0
holdout,0.02,real_boot_a,0.005,sigma=0.005,classical,one_pilot,30,870,0,1.0,0.0022988505747126436,0.0,0.3448275862068966,0.1654132628164844,0.05585331890179365,0.1618707015069295,3.0336699898022355,brezinski_theta1,0.26666666666666666,10,0.0,0.0
holdout,0.02,real_boot_a,0.005,sigma=0.005,classical,many_pilots,30,30,0,1.0,0.0,0.0,0.5666666666666667,0.15977809711690605,0.05585331890179365,0.1618707015069295,2.8921866359798027,brezinski_theta1,1.0,1,0.0,0.0
holdout,0.02,real_boot_a,0.005,sigma=0.005,all,one_pilot,30,870,0,1.0,0.7,0.0,0.9896551724137931,0.0307692936972397,0.05585331890179365,0.1618707015069295,0.5563246562932541,pade_11,0.3333333333333333,10,0.0,0.0
holdout,0.02,real_boot_a,0.005,sigma=0.005,all,many_pilots,30,30,0,1.0,0.9,0.0,1.0,0.018346712550867603,0.05585331890179365,0.1618707015069295,0.30360263342151805,pade_11,1.0,1,0.0,0.0
holdout,0.02,real_boot_b,0.0,noise-free,lead,one_pilot,30,870,0,1.0,0.7218390804597701,0.0,0.903448275862069,0.0016174918250934,0.004524617571276051,0.0500873252012789,0.3881045351727617,richardson_2,0.43333333333333335,8,0.0034482758620689655,0.0
holdout,0.02,real_boot_b,0.0,noise-free,lead,many_pilots,30,30,0,1.0,0.8666666666666667,0.0,1.0,0.00161749085224055,0.004524617571276051,0.0500873252012789,0.3574869414327906,richardson_2,1.0,1,0.0,0.0
holdout,0.02,real_boot_b,0.0,noise-free,named,one_pilot,30,870,0,1.0,0.0,1.0,1.0,0.004524617571276051,0.004524617571276051,0.0500873252012789,1.0,rational_fit,1.0,1,0.0,0.0
holdout,0.02,real_boot_b,0.0,noise-free,named,many_pilots,30,30,0,1.0,0.0,1.0,1.0,0.004524617571276051,0.004524617571276051,0.0500873252012789,1.0,rational_fit,1.0,1,0.0,0.0
holdout,0.02,real_boot_b,0.0,noise-free,classical,one_pilot,30,870,0,1.0,0.7333333333333333,0.0,1.0,0.0033454800548207,0.004524617571276051,0.0500873252012789,0.7393950985028431,wynn_rho_1,1.0,1,0.0,0.0
holdout,0.02,real_boot_b,0.0,noise-free,classical,many_pilots,30,30,0,1.0,0.7333333333333333,0.0,1.0,0.0033454800548207,0.004524617571276051,0.0500873252012789,0.7393950985028431,wynn_rho_1,1.0,1,0.0,0.0
holdout,0.02,real_boot_b,0.0,noise-free,all,one_pilot,30,870,0,1.0,0.9413793103448276,0.0,0.967816091954023,0.0003557302849424,0.004524617571276051,0.0500873252012789,0.07862107236650627,richardson_a10,0.9333333333333333,3,0.0011494252873563218,0.0
holdout,0.02,real_boot_b,0.0,noise-free,all,many_pilots,30,30,0,1.0,1.0,0.0,1.0,0.0003557302849424,0.004524617571276051,0.0500873252012789,0.078621072242814,richardson_a10,1.0,1,0.0,0.0
holdout,0.02,real_boot_b,0.001,sigma=0.001,lead,one_pilot,30,870,0,1.0,0.8344827586206897,0.0,0.9816091954022989,0.00155608352566615,0.0043133904184318,0.0501521879720681,0.45473958062313397,pade_22,0.43333333333333335,6,0.0,0.0
holdout,0.02,real_boot_b,0.001,sigma=0.001,lead,many_pilots,30,30,0,1.0,0.9333333333333333,0.0,1.0,0.0009268601407871,0.0043133904184318,0.0501521879720681,0.2944525048330381,pade_22,1.0,1,0.0,0.0
holdout,0.02,real_boot_b,0.001,sigma=0.001,named,one_pilot,30,870,0,1.0,0.0,1.0,1.0,0.0043133904184318,0.0043133904184318,0.0501521879720681,1.0,rational_fit,1.0,1,0.0,0.0
holdout,0.02,real_boot_b,0.001,sigma=0.001,named,many_pilots,30,30,0,1.0,0.0,1.0,1.0,0.0043133904184318,0.0043133904184318,0.0501521879720681,1.0,rational_fit,1.0,1,0.0,0.0
holdout,0.02,real_boot_b,0.001,sigma=0.001,classical,one_pilot,30,870,0,1.0,0.0,0.0,0.3620689655172414,0.0515070972608866,0.0043133904184318,0.0501521879720681,12.059150011491301,brezinski_theta1,0.23333333333333334,11,0.0,0.0
holdout,0.02,real_boot_b,0.001,sigma=0.001,classical,many_pilots,30,30,0,1.0,0.0,0.0,0.43333333333333335,0.05046288640960825,0.0043133904184318,0.0501521879720681,11.838991837953674,anderson_3,1.0,1,0.0,0.0
holdout,0.02,real_boot_b,0.001,sigma=0.001,all,one_pilot,30,870,0,1.0,0.7965517241379311,0.0,0.9448275862068966,0.000735743629583,0.0043133904184318,0.0501521879720681,0.2449544085145357,richardson_a10,0.43333333333333335,8,0.013793103448275862,0.0
holdout,0.02,real_boot_b,0.001,sigma=0.001,all,many_pilots,30,30,0,1.0,0.9333333333333333,0.0,1.0,0.0004721468544146,0.0043133904184318,0.0501521879720681,0.11458776277527997,richardson_a10,1.0,1,0.0,0.0
holdout,0.02,real_boot_b,0.005,sigma=0.005,lead,one_pilot,30,870,0,1.0,0.48160919540229885,0.13333333333333333,0.9344827586206896,0.0040425926173546,0.0044899702735933505,0.0485152973710916,1.0,richardson_1,0.4666666666666667,8,0.0022988505747126436,0.0
holdout,0.02,real_boot_b,0.005,sigma=0.005,lead,many_pilots,30,30,0,1.0,0.8333333333333334,0.0,1.0,0.0027249680758929997,0.0044899702735933505,0.0485152973710916,0.752184673087601,richardson_1,1.0,1,0.0,0.0
holdout,0.02,real_boot_b,0.005,sigma=0.005,named,one_pilot,30,870,0,1.0,0.0,1.0,1.0,0.0044899702735933505,0.0044899702735933505,0.0485152973710916,1.0,rational_fit,1.0,1,0.0,0.0
holdout,0.02,real_boot_b,0.005,sigma=0.005,named,many_pilots,30,30,0,1.0,0.0,1.0,1.0,0.0044899702735933505,0.0044899702735933505,0.0485152973710916,1.0,rational_fit,1.0,1,0.0,0.0
holdout,0.02,real_boot_b,0.005,sigma=0.005,classical,one_pilot,30,870,0,1.0,0.0022988505747126436,0.0,0.4218390804597701,0.0505299503958623,0.0044899702735933505,0.0485152973710916,11.394218240911469,brezinski_theta1,0.3333333333333333,9,0.0022988505747126436,0.0
holdout,0.02,real_boot_b,0.005,sigma=0.005,classical,many_pilots,30,30,0,1.0,0.0,0.0,0.5666666666666667,0.0459272876289365,0.0044899702735933505,0.0485152973710916,11.583844215275947,brezinski_theta1,1.0,1,0.0,0.0
holdout,0.02,real_boot_b,0.005,sigma=0.005,all,one_pilot,30,870,0,1.0,0.7103448275862069,0.0,0.9298850574712644,0.0016813420851283,0.0044899702735933505,0.0485152973710916,0.5090181478628304,richardson_a10,0.6,8,0.008045977011494253,0.0
holdout,0.02,real_boot_b,0.005,sigma=0.005,all,many_pilots,30,30,0,1.0,0.8666666666666667,0.0,1.0,0.0012130215035952,0.0044899702735933505,0.0485152973710916,0.27774171093646405,richardson_a10,1.0,1,0.0,0.0
