regime,future_idx,method,family,method_type,true_val,curr_val,estimate,error,valid,catastrophic,beats_current,improve_ratio
single_exp,150,current_value,baseline,limit,0.01185906,0.03049279,0.03049279,0.01863373,1,0,0,1.0
single_exp,150,linear,baseline,trajectory,0.01185906,0.03049279,-0.18104165,0.19290071,1,1,0,0.096598
single_exp,150,log_linear,baseline,trajectory,0.01185906,0.03049279,0.01782075,0.00596169,1,0,1,3.125579
single_exp,150,geom_avg_diff,baseline,limit,0.01185906,0.03049279,0.01185906,0.0,1,0,1,1.0
single_exp,150,richardson_1,richardson,trajectory,0.01185906,0.03049279,0.03749688,0.02563782,1,0,0,0.726806
single_exp,150,richardson_2,richardson,trajectory,0.01185906,0.03049279,0.03107828,0.01921922,1,0,0,0.969536
single_exp,150,richardson_3,richardson,trajectory,0.01185906,0.03049279,0.02769655,0.01583749,1,0,1,1.176558
single_exp,150,richardson_a05,richardson,trajectory,0.01185906,0.03049279,-0.0427168,0.05457586,1,0,0,0.341428
single_exp,150,richardson_a10,richardson,trajectory,0.01185906,0.03049279,-0.01586399,0.02772306,1,0,0,0.672138
single_exp,150,richardson_a20,richardson,trajectory,0.01185906,0.03049279,0.02050605,0.00864699,1,0,1,2.154939
single_exp,150,single_exp_fit,parametric,trajectory,0.01185906,0.03049279,0.01185906,0.0,1,0,1,1.0
single_exp,150,double_exp_fit,parametric,trajectory,0.01185906,0.03049279,0.01185906,0.0,1,0,1,1.0
single_exp,150,rational_fit,parametric,trajectory,0.01185906,0.03049279,0.03856193,0.02670286,1,0,0,0.697818
single_exp,150,log_fit,parametric,trajectory,0.01185906,0.03049279,0.07912733,0.06726827,1,0,0,0.277006
single_exp,150,shanks_1,shanks,limit,0.01185906,0.03049279,0.01,0.00185906,1,0,1,10.023176
single_exp,150,shanks_2,shanks,limit,0.01185906,0.03049279,0.00999953,0.00185954,1,0,1,10.020625
single_exp,150,shanks_3,shanks,limit,0.01185906,0.03049279,0.00999829,0.00186077,1,0,1,10.013985
single_exp,150,shanks_4,shanks,limit,0.01185906,0.03049279,0.00999992,0.00185914,1,0,1,10.022743
single_exp,150,wynn_eps_1,wynn_eps,limit,0.01185906,0.03049279,0.01,0.00185906,1,0,1,10.023176
single_exp,150,wynn_eps_2,wynn_eps,limit,0.01185906,0.03049279,,,0,1,0,
single_exp,150,wynn_eps_3,wynn_eps,limit,0.01185906,0.03049279,,,0,1,0,
single_exp,150,wynn_rho_1,wynn_rho,limit,0.01185906,0.03049279,-0.01132912,0.02318818,1,0,0,0.803587
single_exp,150,wynn_rho_2,wynn_rho,limit,0.01185906,0.03049279,0.03219958,0.02034051,1,0,0,0.916089
single_exp,150,wynn_rho_3,wynn_rho,limit,0.01185906,0.03049279,-0.01310599,0.02496506,1,0,0,0.746392
single_exp,150,pade_11,pade,trajectory,0.01185906,0.03049279,-0.0105179,0.02237697,1,0,0,0.832719
single_exp,150,pade_12,pade,trajectory,0.01185906,0.03049279,0.00613022,0.00572885,1,0,1,3.252614
single_exp,150,pade_13,pade,trajectory,0.01185906,0.03049279,0.00830866,0.0035504,1,0,1,5.248345
single_exp,150,pade_21,pade,trajectory,0.01185906,0.03049279,0.03289547,0.02103641,1,0,0,0.885785
single_exp,150,pade_22,pade,trajectory,0.01185906,0.03049279,0.01471948,0.00286041,1,0,1,6.514349
single_exp,150,pade_23,pade,trajectory,0.01185906,0.03049279,0.01221528,0.00035621,1,0,1,52.31084
single_exp,150,pade_31,pade,trajectory,0.01185906,0.03049279,-0.00315781,0.01501688,1,0,1,1.240852
single_exp,150,pade_32,pade,trajectory,0.01185906,0.03049279,0.01032415,0.00153492,1,0,1,12.139891
single_exp,150,levin_t1,levin,limit,0.01185906,0.03049279,0.01,0.00185906,1,0,1,10.023176
single_exp,150,levin_t2,levin,limit,0.01185906,0.03049279,0.01,0.00185906,1,0,1,10.023176
single_exp,150,levin_u1,levin,limit,0.01185906,0.03049279,0.00156602,0.01029304,1,0,1,1.810322
single_exp,150,levin_u2,levin,limit,0.01185906,0.03049279,0.01,0.00185906,1,0,1,10.023176
single_exp,150,levin_v1,levin,limit,0.01185906,0.03049279,0.01,0.00185906,1,0,1,10.023176
single_exp,150,levin_v2,levin,limit,0.01185906,0.03049279,0.01,0.00185906,1,0,1,10.023176
single_exp,150,weniger_d1,weniger,limit,0.01185906,0.03049279,-0.0,0.01185906,1,0,1,1.571265
single_exp,150,weniger_d2,weniger,limit,0.01185906,0.03049279,0.0,0.01185906,1,0,1,1.571265
single_exp,150,brezinski_theta1,brezinski,limit,0.01185906,0.03049279,0.00912954,0.00272952,1,0,1,6.826737
single_exp,150,brezinski_theta2,brezinski,limit,0.01185906,0.03049279,0.01003697,0.00182209,1,0,1,10.226566
single_exp,150,neville_2,neville,trajectory,0.01185906,0.03049279,0.01024516,0.0016139,1,0,1,11.545766
single_exp,150,neville_3,neville,trajectory,0.01185906,0.03049279,0.01254391,0.00068484,1,0,1,27.208786
single_exp,150,neville_4,neville,trajectory,0.01185906,0.03049279,0.01233311,0.00047405,1,0,1,39.307724
single_exp,150,anderson_1,anderson,limit,0.01185906,0.03049279,0.0283546,0.01649554,1,0,1,1.129622
single_exp,150,anderson_2,anderson,limit,0.01185906,0.03049279,0.02649068,0.01463162,1,0,1,1.273525
single_exp,150,anderson_3,anderson,limit,0.01185906,0.03049279,0.02485635,0.01299729,1,0,1,1.433662
single_exp,150,median_ensemble,ensemble,trajectory,0.01185906,0.03049279,0.00999953,0.00185954,1,0,1,10.020625
single_exp,150,stability_weighted,ensemble,trajectory,0.01185906,0.03049279,0.00999014,0.00186893,1,0,1,9.970284
single_exp,150,best_shanks_wynn,ensemble,limit,0.01185906,0.03049279,0.01,0.00185906,1,0,1,10.023176
single_exp,1000,current_value,baseline,limit,0.01,0.03049279,0.03049279,0.02049279,1,0,0,1.0
single_exp,1000,linear,baseline,trajectory,0.01,0.03049279,,,0,1,0,
single_exp,1000,log_linear,baseline,trajectory,0.01,0.03049279,0.01010942,0.00010942,1,0,1,187.282022
single_exp,1000,geom_avg_diff,baseline,limit,0.01,0.03049279,0.01,0.0,1,0,1,1.0
single_exp,1000,richardson_1,richardson,trajectory,0.01,0.03049279,0.00588085,0.00411915,1,0,1,4.975005
single_exp,1000,richardson_2,richardson,trajectory,0.01,0.03049279,0.00349184,0.00650816,1,0,1,3.148785
single_exp,1000,richardson_3,richardson,trajectory,0.01,0.03049279,0.00255511,0.00744489,1,0,1,2.752597
single_exp,1000,richardson_a05,richardson,trajectory,0.01,0.03049279,-0.17576105,0.18576105,1,1,0,0.110318
single_exp,1000,richardson_a10,richardson,trajectory,0.01,0.03049279,-0.0701329,0.0801329,1,0,0,0.255735
single_exp,1000,richardson_a20,richardson,trajectory,0.01,0.03049279,0.0104748,0.0004748,1,0,1,43.160599
single_exp,1000,single_exp_fit,parametric,trajectory,0.01,0.03049279,0.01,0.0,1,0,1,1.0
single_exp,1000,double_exp_fit,parametric,trajectory,0.01,0.03049279,0.01,0.0,1,0,1,1.0
single_exp,1000,rational_fit,parametric,trajectory,0.01,0.03049279,0.00588067,0.00411933,1,0,1,4.974783
single_exp,1000,log_fit,parametric,trajectory,0.01,0.03049279,0.0575792,0.0475792,1,0,0,0.430709
single_exp,1000,shanks_1,shanks,limit,0.01,0.03049279,0.01,0.0,1,0,1,1.0
single_exp,1000,shanks_2,shanks,limit,0.01,0.03049279,0.00999953,4.7e-07,1,0,1,43300.953874
single_exp,1000,shanks_3,shanks,limit,0.01,0.03049279,0.00999829,1.71e-06,1,0,1,12010.269004
single_exp,1000,shanks_4,shanks,limit,0.01,0.03049279,0.00999992,8e-08,1,0,1,255138.520635
single_exp,1000,wynn_eps_1,wynn_eps,limit,0.01,0.03049279,0.01,0.0,1,0,1,1.0
single_exp,1000,wynn_eps_2,wynn_eps,limit,0.01,0.03049279,,,0,1,0,
single_exp,1000,wynn_eps_3,wynn_eps,limit,0.01,0.03049279,,,0,1,0,
single_exp,1000,wynn_rho_1,wynn_rho,limit,0.01,0.03049279,-0.01132912,0.02132912,1,0,0,0.960789
single_exp,1000,wynn_rho_2,wynn_rho,limit,0.01,0.03049279,0.03219958,0.02219958,1,0,0,0.923116
single_exp,1000,wynn_rho_3,wynn_rho,limit,0.01,0.03049279,-0.01310599,0.02310599,1,0,0,0.886904
single_exp,1000,pade_11,pade,trajectory,0.01,0.03049279,-0.05828663,0.06828663,1,0,0,0.3001
single_exp,1000,pade_12,pade,trajectory,0.01,0.03049279,-0.00131799,0.01131799,1,0,1,1.810638
single_exp,1000,pade_13,pade,trajectory,0.01,0.03049279,0.0001024,0.0098976,1,0,1,2.070481
single_exp,1000,pade_21,pade,trajectory,0.01,0.03049279,1.14395465,1.13395465,1,1,0,0.018072
single_exp,1000,pade_22,pade,trajectory,0.01,0.03049279,0.06174445,0.05174445,1,0,0,0.396038
single_exp,1000,pade_23,pade,trajectory,0.01,0.03049279,0.00742634,0.00257366,1,0,1,7.962503
single_exp,1000,pade_31,pade,trajectory,0.01,0.03049279,,,0,1,0,
single_exp,1000,pade_32,pade,trajectory,0.01,0.03049279,,,0,1,0,
single_exp,1000,levin_t1,levin,limit,0.01,0.03049279,0.01,0.0,1,0,1,1.0
single_exp,1000,levin_t2,levin,limit,0.01,0.03049279,0.01,0.0,1,0,1,1.0
single_exp,1000,levin_u1,levin,limit,0.01,0.03049279,0.00156602,0.00843398,1,0,1,2.429789
single_exp,1000,levin_u2,levin,limit,0.01,0.03049279,0.01,0.0,1,0,1,1.0
single_exp,1000,levin_v1,levin,limit,0.01,0.03049279,0.01,0.0,1,0,1,1.0
single_exp,1000,levin_v2,levin,limit,0.01,0.03049279,0.01,0.0,1,0,1,6398726351.765934
single_exp,1000,weniger_d1,weniger,limit,0.01,0.03049279,-0.0,0.01,1,0,1,2.049279
single_exp,1000,weniger_d2,weniger,limit,0.01,0.03049279,0.0,0.01,1,0,1,2.049279
single_exp,1000,brezinski_theta1,brezinski,limit,0.01,0.03049279,0.00912954,0.00087046,1,0,1,23.542544
single_exp,1000,brezinski_theta2,brezinski,limit,0.01,0.03049279,0.01003697,3.697e-05,1,0,1,554.251442
single_exp,1000,neville_2,neville,trajectory,0.01,0.03049279,0.01130471,0.00130471,1,0,1,15.706784
single_exp,1000,neville_3,neville,trajectory,0.01,0.03049279,0.03715385,0.02715385,1,0,0,0.754692
single_exp,1000,neville_4,neville,trajectory,0.01,0.03049279,0.03200113,0.02200113,1,0,0,0.931443
single_exp,1000,anderson_1,anderson,limit,0.01,0.03049279,0.0283546,0.0183546,1,0,1,1.116493
single_exp,1000,anderson_2,anderson,limit,0.01,0.03049279,0.02649068,0.01649068,1,0,1,1.242689
single_exp,1000,anderson_3,anderson,limit,0.01,0.03049279,0.02485635,0.01485635,1,0,1,1.379396
single_exp,1000,median_ensemble,ensemble,trajectory,0.01,0.03049279,0.00999829,1.71e-06,1,0,1,12010.269004
single_exp,1000,stability_weighted,ensemble,trajectory,0.01,0.03049279,0.00935339,0.00064661,1,0,1,31.692614
single_exp,1000,best_shanks_wynn,ensemble,limit,0.01,0.03049279,0.01,0.0,1,0,1,1.0
single_exp,5000,current_value,baseline,limit,0.01,0.03049279,0.03049279,0.02049279,1,0,0,1.0
single_exp,5000,linear,baseline,trajectory,0.01,0.03049279,,,0,1,0,
single_exp,5000,log_linear,baseline,trajectory,0.01,0.03049279,0.01000293,2.93e-06,1,0,1,7006.070656
single_exp,5000,geom_avg_diff,baseline,limit,0.01,0.03049279,0.01,0.0,1,0,1,1.0
single_exp,5000,richardson_1,richardson,trajectory,0.01,0.03049279,0.00122149,0.00877851,1,0,1,2.334426
single_exp,5000,richardson_2,richardson,trajectory,0.01,0.03049279,0.00054654,0.00945346,1,0,1,2.167755
single_exp,5000,richardson_3,richardson,trajectory,0.01,0.03049279,0.00033833,0.00966167,1,0,1,2.121041
single_exp,5000,richardson_a05,richardson,trajectory,0.01,0.03049279,-0.22225004,0.23225004,1,1,0,0.088236
single_exp,5000,richardson_a10,richardson,trajectory,0.01,0.03049279,-0.07779439,0.08779439,1,0,0,0.233418
single_exp,5000,richardson_a20,richardson,trajectory,0.01,0.03049279,0.01025314,0.00025314,1,0,1,80.954089
single_exp,5000,single_exp_fit,parametric,trajectory,0.01,0.03049279,0.01,0.0,1,0,1,1.0
single_exp,5000,double_exp_fit,parametric,trajectory,0.01,0.03049279,0.01,0.0,1,0,1,1.0
single_exp,5000,rational_fit,parametric,trajectory,0.01,0.03049279,0.00117891,0.00882109,1,0,1,2.323158
single_exp,5000,log_fit,parametric,trajectory,0.01,0.03049279,0.0467142,0.0367142,1,0,0,0.558171
single_exp,5000,shanks_1,shanks,limit,0.01,0.03049279,0.01,0.0,1,0,1,1.0
single_exp,5000,shanks_2,shanks,limit,0.01,0.03049279,0.00999953,4.7e-07,1,0,1,43300.953875
single_exp,5000,shanks_3,shanks,limit,0.01,0.03049279,0.00999829,1.71e-06,1,0,1,12010.269004
single_exp,5000,shanks_4,shanks,limit,0.01,0.03049279,0.00999992,8e-08,1,0,1,255138.520646
single_exp,5000,wynn_eps_1,wynn_eps,limit,0.01,0.03049279,0.01,0.0,1,0,1,1.0
single_exp,5000,wynn_eps_2,wynn_eps,limit,0.01,0.03049279,,,0,1,0,
single_exp,5000,wynn_eps_3,wynn_eps,limit,0.01,0.03049279,,,0,1,0,
single_exp,5000,wynn_rho_1,wynn_rho,limit,0.01,0.03049279,-0.01132912,0.02132912,1,0,0,0.960789
single_exp,5000,wynn_rho_2,wynn_rho,limit,0.01,0.03049279,0.03219958,0.02219958,1,0,0,0.923116
single_exp,5000,wynn_rho_3,wynn_rho,limit,0.01,0.03049279,-0.01310599,0.02310599,1,0,0,0.886904
single_exp,5000,pade_11,pade,trajectory,0.01,0.03049279,-0.06487003,0.07487003,1,0,0,0.273712
single_exp,5000,pade_12,pade,trajectory,0.01,0.03049279,-0.00032111,0.01032111,1,0,1,1.985522
single_exp,5000,pade_13,pade,trajectory,0.01,0.03049279,3.67e-06,0.00999633,1,0,1,2.050032
single_exp,5000,pade_21,pade,trajectory,0.01,0.03049279,6.96235554,6.95235554,1,1,0,0.002948
single_exp,5000,pade_22,pade,trajectory,0.01,0.03049279,0.07743701,0.06743701,1,0,0,0.303881
single_exp,5000,pade_23,pade,trajectory,0.01,0.03049279,0.0018883,0.0081117,1,0,1,2.526325
single_exp,5000,pade_31,pade,trajectory,0.01,0.03049279,,,0,1,0,
single_exp,5000,pade_32,pade,trajectory,0.01,0.03049279,,,0,1,0,
single_exp,5000,levin_t1,levin,limit,0.01,0.03049279,0.01,0.0,1,0,1,1.0
single_exp,5000,levin_t2,levin,limit,0.01,0.03049279,0.01,0.0,1,0,1,1.0
single_exp,5000,levin_u1,levin,limit,0.01,0.03049279,0.00156602,0.00843398,1,0,1,2.429789
single_exp,5000,levin_u2,levin,limit,0.01,0.03049279,0.01,0.0,1,0,1,1.0
single_exp,5000,levin_v1,levin,limit,0.01,0.03049279,0.01,0.0,1,0,1,1.0
single_exp,5000,levin_v2,levin,limit,0.01,0.03049279,0.01,0.0,1,0,1,6398733283.576224
single_exp,5000,weniger_d1,weniger,limit,0.01,0.03049279,-0.0,0.01,1,0,1,2.049279
single_exp,5000,weniger_d2,weniger,limit,0.01,0.03049279,0.0,0.01,1,0,1,2.049279
single_exp,5000,brezinski_theta1,brezinski,limit,0.01,0.03049279,0.00912954,0.00087046,1,0,1,23.542544
single_exp,5000,brezinski_theta2,brezinski,limit,0.01,0.03049279,0.01003697,3.697e-05,1,0,1,554.251442
single_exp,5000,neville_2,neville,trajectory,0.01,0.03049279,0.01388089,0.00388089,1,0,1,5.280443
single_exp,5000,neville_3,neville,trajectory,0.01,0.03049279,0.04627688,0.03627688,1,0,0,0.5649
single_exp,5000,neville_4,neville,trajectory,0.01,0.03049279,0.03932683,0.02932683,1,0,0,0.698773
single_exp,5000,anderson_1,anderson,limit,0.01,0.03049279,0.0283546,0.0183546,1,0,1,1.116493
single_exp,5000,anderson_2,anderson,limit,0.01,0.03049279,0.02649068,0.01649068,1,0,1,1.242689
single_exp,5000,anderson_3,anderson,limit,0.01,0.03049279,0.02485635,0.01485635,1,0,1,1.379396
single_exp,5000,median_ensemble,ensemble,trajectory,0.01,0.03049279,0.00999829,1.71e-06,1,0,1,12010.269004
single_exp,5000,stability_weighted,ensemble,trajectory,0.01,0.03049279,0.00804224,0.00195776,1,0,1,10.467458
single_exp,5000,best_shanks_wynn,ensemble,limit,0.01,0.03049279,0.01,0.0,1,0,1,1.0
two_exp,150,current_value,baseline,limit,0.04360276,0.10894969,0.10894969,0.06534694,1,0,0,1.0
two_exp,150,linear,baseline,trajectory,0.04360276,0.10894969,-0.09420847,0.13781122,1,0,0,0.474177
two_exp,150,log_linear,baseline,trajectory,0.04360276,0.10894969,0.07389521,0.03029246,1,0,1,2.157202
two_exp,150,geom_avg_diff,baseline,limit,0.04360276,0.10894969,0.04361299,1.024e-05,1,0,1,6383.80838
two_exp,150,richardson_1,richardson,trajectory,0.04360276,0.10894969,0.0836765,0.04007374,1,0,1,1.630667
two_exp,150,richardson_2,richardson,trajectory,0.04360276,0.10894969,0.07639114,0.03278839,1,0,1,1.99299
two_exp,150,richardson_3,richardson,trajectory,0.04360276,0.10894969,0.07639076,0.03278801,1,0,1,1.993013
two_exp,150,richardson_a05,richardson,trajectory,0.04360276,0.10894969,0.05164977,0.00804701,1,0,1,8.120648
two_exp,150,richardson_a10,richardson,trajectory,0.04360276,0.10894969,0.07938957,0.03578682,1,0,1,1.826006
two_exp,150,richardson_a20,richardson,trajectory,0.04360276,0.10894969,0.11647239,0.07286964,1,0,0,0.896765
two_exp,150,single_exp_fit,parametric,trajectory,0.04360276,0.10894969,0.04588506,0.00228231,1,0,1,28.631964
two_exp,150,double_exp_fit,parametric,trajectory,0.04360276,0.10894969,0.04360276,0.0,1,0,1,58043080.689595
two_exp,150,rational_fit,parametric,trajectory,0.04360276,0.10894969,0.07424683,0.03064407,1,0,1,2.13245
two_exp,150,log_fit,parametric,trajectory,0.04360276,0.10894969,0.15422938,0.11062663,1,0,0,0.590698
two_exp,150,shanks_1,shanks,limit,0.04360276,0.10894969,0.01002144,0.03358132,1,0,1,1.945931
two_exp,150,shanks_2,shanks,limit,0.04360276,0.10894969,0.00999999,0.03360276,1,0,1,1.944689
two_exp,150,shanks_3,shanks,limit,0.04360276,0.10894969,0.01,0.03360276,1,0,1,1.94469
two_exp,150,shanks_4,shanks,limit,0.04360276,0.10894969,0.01,0.03360276,1,0,1,1.94469
two_exp,150,wynn_eps_1,wynn_eps,limit,0.04360276,0.10894969,0.01002144,0.03358132,1,0,1,1.945931
two_exp,150,wynn_eps_2,wynn_eps,limit,0.04360276,0.10894969,0.01,0.03360276,1,0,1,1.94469
two_exp,150,wynn_eps_3,wynn_eps,limit,0.04360276,0.10894969,0.01,0.03360276,1,0,1,1.94469
two_exp,150,wynn_rho_1,wynn_rho,limit,0.04360276,0.10894969,-0.09070408,0.13430684,1,0,0,0.48655
two_exp,150,wynn_rho_2,wynn_rho,limit,0.04360276,0.10894969,0.12085374,0.07725099,1,0,0,0.845904
two_exp,150,wynn_rho_3,wynn_rho,limit,0.04360276,0.10894969,0.06635546,0.0227527,1,0,1,2.872051
two_exp,150,pade_11,pade,trajectory,0.04360276,0.10894969,0.02994697,0.01365579,1,0,1,4.785292
two_exp,150,pade_12,pade,trajectory,0.04360276,0.10894969,0.03898307,0.00461968,1,0,1,14.145325
two_exp,150,pade_13,pade,trajectory,0.04360276,0.10894969,0.04404243,0.00043967,1,0,1,148.627159
two_exp,150,pade_21,pade,trajectory,0.04360276,0.10894969,0.04274024,0.00086251,1,0,1,75.763289
two_exp,150,pade_22,pade,trajectory,0.04360276,0.10894969,-0.03874332,0.08234608,1,0,0,0.793565
two_exp,150,pade_23,pade,trajectory,0.04360276,0.10894969,0.0426199,0.00098286,1,0,1,66.48652
two_exp,150,pade_31,pade,trajectory,0.04360276,0.10894969,0.05448371,0.01088096,1,0,1,6.005624
two_exp,150,pade_32,pade,trajectory,0.04360276,0.10894969,0.04674047,0.00313771,1,0,1,20.826293
two_exp,150,levin_t1,levin,limit,0.04360276,0.10894969,0.01002144,0.03358132,1,0,1,1.945931
two_exp,150,levin_t2,levin,limit,0.04360276,0.10894969,0.0099374,0.03366536,1,0,1,1.941073
two_exp,150,levin_u1,levin,limit,0.04360276,0.10894969,-0.15622191,0.19982467,1,0,0,0.327021
two_exp,150,levin_u2,levin,limit,0.04360276,0.10894969,0.00983015,0.03377261,1,0,1,1.934909
two_exp,150,levin_v1,levin,limit,0.04360276,0.10894969,0.00982661,0.03377615,1,0,1,1.934707
two_exp,150,levin_v2,levin,limit,0.04360276,0.10894969,0.01049914,0.03310361,1,0,1,1.974012
two_exp,150,weniger_d1,weniger,limit,0.04360276,0.10894969,-0.0,0.04360276,1,0,1,1.498688
two_exp,150,weniger_d2,weniger,limit,0.04360276,0.10894969,0.0,0.04360276,1,0,1,1.498688
two_exp,150,brezinski_theta1,brezinski,limit,0.04360276,0.10894969,0.00819152,0.03541124,1,0,1,1.845373
two_exp,150,brezinski_theta2,brezinski,limit,0.04360276,0.10894969,0.02823034,0.01537242,1,0,1,4.250922
two_exp,150,neville_2,neville,trajectory,0.04360276,0.10894969,0.0398051,0.00379766,1,0,1,17.207174
two_exp,150,neville_3,neville,trajectory,0.04360276,0.10894969,0.04161841,0.00198435,1,0,1,32.931215
two_exp,150,neville_4,neville,trajectory,0.04360276,0.10894969,0.04291009,0.00069267,1,0,1,94.340998
two_exp,150,anderson_1,anderson,limit,0.04360276,0.10894969,0.09941872,0.05581597,1,0,1,1.170757
two_exp,150,anderson_2,anderson,limit,0.04360276,0.10894969,0.09130076,0.04769801,1,0,1,1.370014
two_exp,150,anderson_3,anderson,limit,0.04360276,0.10894969,0.08430754,0.04070479,1,0,1,1.605387
two_exp,150,median_ensemble,ensemble,trajectory,0.04360276,0.10894969,0.01002144,0.03358132,1,0,1,1.945931
two_exp,150,stability_weighted,ensemble,trajectory,0.04360276,0.10894969,0.01036777,0.03323499,1,0,1,1.966209
two_exp,150,best_shanks_wynn,ensemble,limit,0.04360276,0.10894969,0.01002144,0.03358132,1,0,1,1.945931
two_exp,1000,current_value,baseline,limit,0.01000001,0.10894969,0.10894969,0.09894968,1,0,0,1.0
two_exp,1000,linear,baseline,trajectory,0.01000001,0.10894969,,,0,1,0,
two_exp,1000,log_linear,baseline,trajectory,0.01000001,0.10894969,0.01926348,0.00926347,1,0,1,10.681708
two_exp,1000,geom_avg_diff,baseline,limit,0.01000001,0.10894969,0.0100374,3.739e-05,1,0,1,2646.353278
two_exp,1000,richardson_1,richardson,trajectory,0.01000001,0.10894969,0.01778435,0.00778434,1,0,1,12.711374
two_exp,1000,richardson_2,richardson,trajectory,0.01000001,0.10894969,0.01385422,0.00385422,1,0,1,25.673095
two_exp,1000,richardson_3,richardson,trajectory,0.01000001,0.10894969,0.01385404,0.00385403,1,0,1,25.67435
two_exp,1000,richardson_a05,richardson,trajectory,0.01000001,0.10894969,-0.08003828,0.09003829,1,0,1,1.098973
two_exp,1000,richardson_a10,richardson,trajectory,0.01000001,0.10894969,0.02624783,0.01624782,1,0,1,6.090027
two_exp,1000,richardson_a20,richardson,trajectory,0.01000001,0.10894969,0.10685021,0.0968502,1,0,1,1.021678
two_exp,1000,single_exp_fit,parametric,trajectory,0.01000001,0.10894969,0.01528046,0.00528045,1,0,1,18.738861
two_exp,1000,double_exp_fit,parametric,trajectory,0.01000001,0.10894969,0.01000001,0.0,1,0,1,33811520.191429
two_exp,1000,rational_fit,parametric,trajectory,0.01000001,0.10894969,0.01152573,0.00152572,1,0,1,64.854524
two_exp,1000,log_fit,parametric,trajectory,0.01000001,0.10894969,0.11222929,0.10222928,1,0,0,0.967919
two_exp,1000,shanks_1,shanks,limit,0.01000001,0.10894969,0.01002144,2.143e-05,1,0,1,4616.977991
two_exp,1000,shanks_2,shanks,limit,0.01000001,0.10894969,0.00999999,1e-08,1,0,1,7239060.844404
two_exp,1000,shanks_3,shanks,limit,0.01000001,0.10894969,0.01,1e-08,1,0,1,13087733.322325
two_exp,1000,shanks_4,shanks,limit,0.01000001,0.10894969,0.01,1e-08,1,0,1,12976776.869347
two_exp,1000,wynn_eps_1,wynn_eps,limit,0.01000001,0.10894969,0.01002144,2.143e-05,1,0,1,4616.977992
two_exp,1000,wynn_eps_2,wynn_eps,limit,0.01000001,0.10894969,0.01,1e-08,1,0,1,12986886.871362
two_exp,1000,wynn_eps_3,wynn_eps,limit,0.01000001,0.10894969,0.01,1e-08,1,0,1,12982373.699182
two_exp,1000,wynn_rho_1,wynn_rho,limit,0.01000001,0.10894969,-0.09070408,0.10070409,1,0,0,0.982579
two_exp,1000,wynn_rho_2,wynn_rho,limit,0.01000001,0.10894969,0.12085374,0.11085374,1,0,0,0.892615
two_exp,1000,wynn_rho_3,wynn_rho,limit,0.01000001,0.10894969,0.06635546,0.05635545,1,0,1,1.755814
two_exp,1000,pade_11,pade,trajectory,0.01000001,0.10894969,-0.11840613,0.12840614,1,0,0,0.770599
two_exp,1000,pade_12,pade,trajectory,0.01000001,0.10894969,-0.01581116,0.02581117,1,0,1,3.833599
two_exp,1000,pade_13,pade,trajectory,0.01000001,0.10894969,0.00046274,0.00953726,1,0,1,10.375061
two_exp,1000,pade_21,pade,trajectory,0.01000001,0.10894969,0.49554958,0.48554957,1,0,0,0.203789
two_exp,1000,pade_22,pade,trajectory,0.01000001,0.10894969,-0.16447055,0.17447055,1,0,0,0.567143
two_exp,1000,pade_23,pade,trajectory,0.01000001,0.10894969,-0.00436281,0.01436282,1,0,1,6.889293
two_exp,1000,pade_31,pade,trajectory,0.01000001,0.10894969,6.33117275,6.32117275,1,1,0,0.015654
two_exp,1000,pade_32,pade,trajectory,0.01000001,0.10894969,0.80485456,0.79485455,1,1,0,0.124488
two_exp,1000,levin_t1,levin,limit,0.01000001,0.10894969,0.01002144,2.143e-05,1,0,1,4616.977992
two_exp,1000,levin_t2,levin,limit,0.01000001,0.10894969,0.0099374,6.261e-05,1,0,1,1580.382953
two_exp,1000,levin_u1,levin,limit,0.01000001,0.10894969,-0.15622191,0.16622192,1,0,0,0.595287
two_exp,1000,levin_u2,levin,limit,0.01000001,0.10894969,0.00983015,0.00016986,1,0,1,582.543948
two_exp,1000,levin_v1,levin,limit,0.01000001,0.10894969,0.00982661,0.0001734,1,0,1,570.656387
two_exp,1000,levin_v2,levin,limit,0.01000001,0.10894969,0.01049914,0.00049914,1,0,1,198.241723
two_exp,1000,weniger_d1,weniger,limit,0.01000001,0.10894969,-0.0,0.01000001,1,0,1,9.894961
two_exp,1000,weniger_d2,weniger,limit,0.01000001,0.10894969,0.0,0.01000001,1,0,1,9.894961
two_exp,1000,brezinski_theta1,brezinski,limit,0.01000001,0.10894969,0.00819152,0.00180849,1,0,1,54.713973
two_exp,1000,brezinski_theta2,brezinski,limit,0.01000001,0.10894969,0.02823034,0.01823033,1,0,1,5.42775
two_exp,1000,neville_2,neville,trajectory,0.01000001,0.10894969,-0.06291755,0.07291755,1,0,1,1.357008
two_exp,1000,neville_3,neville,trajectory,0.01000001,0.10894969,-0.04252705,0.05252706,1,0,1,1.883785
two_exp,1000,neville_4,neville,trajectory,0.01000001,0.10894969,-0.0109529,0.02095291,1,0,1,4.722479
two_exp,1000,anderson_1,anderson,limit,0.01000001,0.10894969,0.09941872,0.08941871,1,0,1,1.106588
two_exp,1000,anderson_2,anderson,limit,0.01000001,0.10894969,0.09130076,0.08130075,1,0,1,1.217082
two_exp,1000,anderson_3,anderson,limit,0.01000001,0.10894969,0.08430754,0.07430754,1,0,1,1.331624
two_exp,1000,median_ensemble,ensemble,trajectory,0.01000001,0.10894969,0.01,1e-08,1,0,1,13037115.078003
two_exp,1000,stability_weighted,ensemble,trajectory,0.01000001,0.10894969,0.01002027,2.027e-05,1,0,1,4882.776639
two_exp,1000,best_shanks_wynn,ensemble,limit,0.01000001,0.10894969,0.01002144,2.143e-05,1,0,1,4616.977991
two_exp,5000,current_value,baseline,limit,0.01,0.10894969,0.10894969,0.09894969,1,0,0,1.0
two_exp,5000,linear,baseline,trajectory,0.01,0.10894969,,,0,1,0,
two_exp,5000,log_linear,baseline,trajectory,0.01,0.10894969,0.01179995,0.00179995,1,0,1,54.973553
two_exp,5000,geom_avg_diff,baseline,limit,0.01,0.10894969,0.01003739,3.739e-05,1,0,1,2646.349746
two_exp,5000,richardson_1,richardson,trajectory,0.01,0.10894969,0.00478037,0.00521963,1,0,1,18.957216
two_exp,5000,richardson_2,richardson,trajectory,0.01,0.10894969,0.00325505,0.00674495,1,0,1,14.670189
two_exp,5000,richardson_3,richardson,trajectory,0.01,0.10894969,0.00325498,0.00674502,1,0,1,14.670041
two_exp,5000,richardson_a05,richardson,trajectory,0.01,0.10894969,-0.12605337,0.13605337,1,0,0,0.727286
two_exp,5000,richardson_a10,richardson,trajectory,0.01,0.10894969,0.01874547,0.00874547,1,0,1,11.314396
two_exp,5000,richardson_a20,richardson,trajectory,0.01,0.10894969,0.10663758,0.09663758,1,0,1,1.023926
two_exp,5000,single_exp_fit,parametric,trajectory,0.01,0.10894969,0.01528046,0.00528046,1,0,1,18.738849
two_exp,5000,double_exp_fit,parametric,trajectory,0.01,0.10894969,0.01,0.0,1,0,1,33811487.298814
two_exp,5000,rational_fit,parametric,trajectory,0.01,0.10894969,0.00231656,0.00768344,1,0,1,12.878305
two_exp,5000,log_fit,parametric,trajectory,0.01,0.10894969,0.09105202,0.08105202,1,0,1,1.220817
two_exp,5000,shanks_1,shanks,limit,0.01,0.10894969,0.01002144,2.144e-05,1,0,1,4615.33845
two_exp,5000,shanks_2,shanks,limit,0.01,0.10894969,0.00999999,1e-08,1,0,1,16344874.539866
two_exp,5000,shanks_3,shanks,limit,0.01,0.10894969,0.01,0.0,1,0,1,1815614667.20852
two_exp,5000,shanks_4,shanks,limit,0.01,0.10894969,0.01,0.0,1,0,1,9752741270.94278
two_exp,5000,wynn_eps_1,wynn_eps,limit,0.01,0.10894969,0.01002144,2.144e-05,1,0,1,4615.338452
two_exp,5000,wynn_eps_2,wynn_eps,limit,0.01,0.10894969,0.01,0.0,1,0,1,23504407668.861427
two_exp,5000,wynn_eps_3,wynn_eps,limit,0.01,0.10894969,0.01,0.0,1,0,1,14427176940.649715
two_exp,5000,wynn_rho_1,wynn_rho,limit,0.01,0.10894969,-0.09070408,0.10070408,1,0,0,0.982579
two_exp,5000,wynn_rho_2,wynn_rho,limit,0.01,0.10894969,0.12085374,0.11085374,1,0,0,0.892615
two_exp,5000,wynn_rho_3,wynn_rho,limit,0.01,0.10894969,0.06635546,0.05635546,1,0,1,1.755814
two_exp,5000,pade_11,pade,trajectory,0.01,0.10894969,-0.14605954,0.15605954,1,0,0,0.634051
two_exp,5000,pade_12,pade,trajectory,0.01,0.10894969,-0.00455836,0.01455836,1,0,1,6.79676
two_exp,5000,pade_13,pade,trajectory,0.01,0.10894969,1.277e-05,0.00998723,1,0,1,9.907625
two_exp,5000,pade_21,pade,trajectory,0.01,0.10894969,3.78236122,3.77236122,1,1,0,0.02623
two_exp,5000,pade_22,pade,trajectory,0.01,0.10894969,-0.19776059,0.20776059,1,0,0,0.476268
two_exp,5000,pade_23,pade,trajectory,0.01,0.10894969,-0.00126972,0.01126972,1,0,1,8.780137
two_exp,5000,pade_31,pade,trajectory,0.01,0.10894969,198.58133335,198.57133335,1,1,0,0.000498
two_exp,5000,pade_32,pade,trajectory,0.01,0.10894969,5.89510306,5.88510306,1,1,0,0.016814
two_exp,5000,levin_t1,levin,limit,0.01,0.10894969,0.01002144,2.144e-05,1,0,1,4615.338452
two_exp,5000,levin_t2,levin,limit,0.01,0.10894969,0.0099374,6.26e-05,1,0,1,1580.57531
two_exp,5000,levin_u1,levin,limit,0.01,0.10894969,-0.15622191,0.16622191,1,0,0,0.595287
two_exp,5000,levin_u2,levin,limit,0.01,0.10894969,0.00983015,0.00016985,1,0,1,582.570111
two_exp,5000,levin_v1,levin,limit,0.01,0.10894969,0.00982661,0.00017339,1,0,1,570.681493
two_exp,5000,levin_v2,levin,limit,0.01,0.10894969,0.01049914,0.00049914,1,0,1,198.238714
two_exp,5000,weniger_d1,weniger,limit,0.01,0.10894969,-0.0,0.01,1,0,1,9.894969
two_exp,5000,weniger_d2,weniger,limit,0.01,0.10894969,0.0,0.01,1,0,1,9.894969
two_exp,5000,brezinski_theta1,brezinski,limit,0.01,0.10894969,0.00819152,0.00180848,1,0,1,54.714208
two_exp,5000,brezinski_theta2,brezinski,limit,0.01,0.10894969,0.02823034,0.01823034,1,0,1,5.427748
two_exp,5000,neville_2,neville,trajectory,0.01,0.10894969,-0.0787345,0.0887345,1,0,1,1.115121
two_exp,5000,neville_3,neville,trajectory,0.01,0.10894969,-0.05317968,0.06317968,1,0,1,1.566163
two_exp,5000,neville_4,neville,trajectory,0.01,0.10894969,-0.01059211,0.02059211,1,0,1,4.805223
two_exp,5000,anderson_1,anderson,limit,0.01,0.10894969,0.09941872,0.08941872,1,0,1,1.106588
two_exp,5000,anderson_2,anderson,limit,0.01,0.10894969,0.09130076,0.08130076,1,0,1,1.217082
two_exp,5000,anderson_3,anderson,limit,0.01,0.10894969,0.08430754,0.07430754,1,0,1,1.331624
two_exp,5000,median_ensemble,ensemble,trajectory,0.01,0.10894969,0.01,0.0,1,0,1,32667032.55115
two_exp,5000,stability_weighted,ensemble,trajectory,0.01,0.10894969,0.00909839,0.00090161,1,0,1,109.7481
two_exp,5000,best_shanks_wynn,ensemble,limit,0.01,0.10894969,0.01002144,2.144e-05,1,0,1,4615.33845
three_exp,150,current_value,baseline,limit,0.10038912,0.15715482,0.15715482,0.05676571,1,0,0,1.0
three_exp,150,linear,baseline,trajectory,0.10038912,0.15715482,0.02577639,0.07461272,1,0,0,0.760805
three_exp,150,log_linear,baseline,trajectory,0.10038912,0.15715482,0.1217762,0.02138709,1,0,1,2.654205
three_exp,150,geom_avg_diff,baseline,limit,0.10038912,0.15715482,0.10370699,0.00331788,1,0,1,17.109049
three_exp,150,richardson_1,richardson,trajectory,0.10038912,0.15715482,0.12186464,0.02147553,1,0,1,2.643274
three_exp,150,richardson_2,richardson,trajectory,0.10038912,0.15715482,0.12186465,0.02147553,1,0,1,2.643273
three_exp,150,richardson_3,richardson,trajectory,0.10038912,0.15715482,0.1183919,0.01800279,1,0,1,3.153162
three_exp,150,richardson_a05,richardson,trajectory,0.10038912,0.15715482,0.11971742,0.0193283,1,0,1,2.936922
three_exp,150,richardson_a10,richardson,trajectory,0.10038912,0.15715482,0.13761714,0.03722802,1,0,1,1.524811
three_exp,150,richardson_a20,richardson,trajectory,0.10038912,0.15715482,0.16157909,0.06118997,1,0,0,0.927696
three_exp,150,single_exp_fit,parametric,trajectory,0.10038912,0.15715482,0.12342797,0.02303885,1,0,1,2.463912
three_exp,150,double_exp_fit,parametric,trajectory,0.10038912,0.15715482,0.10069495,0.00030584,1,0,1,185.606555
three_exp,150,rational_fit,parametric,trajectory,0.10038912,0.15715482,0.11195162,0.0115625,1,0,1,4.909466
three_exp,150,log_fit,parametric,trajectory,0.10038912,0.15715482,0.16978608,0.06939696,1,0,0,0.817985
three_exp,150,shanks_1,shanks,limit,0.10038912,0.15715482,0.04474415,0.05564497,1,0,1,1.020141
three_exp,150,shanks_2,shanks,limit,0.10038912,0.15715482,-0.00707754,0.10746666,1,0,0,0.528217
three_exp,150,shanks_3,shanks,limit,0.10038912,0.15715482,0.00929555,0.09109357,1,0,0,0.623158
three_exp,150,shanks_4,shanks,limit,0.10038912,0.15715482,0.01012078,0.09026834,1,0,0,0.628855
three_exp,150,wynn_eps_1,wynn_eps,limit,0.10038912,0.15715482,0.04474415,0.05564497,1,0,1,1.020141
three_exp,150,wynn_eps_2,wynn_eps,limit,0.10038912,0.15715482,0.01000052,0.0903886,1,0,0,0.628018
three_exp,150,wynn_eps_3,wynn_eps,limit,0.10038912,0.15715482,0.01000004,0.09038908,1,0,0,0.628015
three_exp,150,wynn_rho_1,wynn_rho,limit,0.10038912,0.15715482,-0.06890924,0.16929835,1,0,0,0.3353
three_exp,150,wynn_rho_2,wynn_rho,limit,0.10038912,0.15715482,-0.11981922,0.22020834,1,0,0,0.257782
three_exp,150,wynn_rho_3,wynn_rho,limit,0.10038912,0.15715482,-0.04348305,0.14387217,1,0,0,0.394557
three_exp,150,pade_11,pade,trajectory,0.10038912,0.15715482,0.11097269,0.01058358,1,0,1,5.363565
three_exp,150,pade_12,pade,trajectory,0.10038912,0.15715482,0.10826469,0.00787557,1,0,1,7.207819
three_exp,150,pade_13,pade,trajectory,0.10038912,0.15715482,0.09910378,0.00128533,1,0,1,44.164161
three_exp,150,pade_21,pade,trajectory,0.10038912,0.15715482,0.09742685,0.00296226,1,0,1,19.162963
three_exp,150,pade_22,pade,trajectory,0.10038912,0.15715482,0.09583638,0.00455273,1,0,1,12.468489
three_exp,150,pade_23,pade,trajectory,0.10038912,0.15715482,0.10158341,0.00119429,1,0,1,47.530742
three_exp,150,pade_31,pade,trajectory,0.10038912,0.15715482,0.09602118,0.00436793,1,0,1,12.99601
three_exp,150,pade_32,pade,trajectory,0.10038912,0.15715482,0.09758412,0.002805,1,0,1,20.237354
three_exp,150,levin_t1,levin,limit,0.10038912,0.15715482,0.04474415,0.05564497,1,0,1,1.020141
three_exp,150,levin_t2,levin,limit,0.10038912,0.15715482,-0.03156989,0.131959,1,0,0,0.430177
three_exp,150,levin_u1,levin,limit,0.10038912,0.15715482,7.18441569,7.08402657,1,1,0,0.008013
three_exp,150,levin_u2,levin,limit,0.10038912,0.15715482,0.6623411,0.56195198,1,1,0,0.101015
three_exp,150,levin_v1,levin,limit,0.10038912,0.15715482,0.66924522,0.56885611,1,1,0,0.099789
three_exp,150,levin_v2,levin,limit,0.10038912,0.15715482,0.12726149,0.02687238,1,0,1,2.112418
three_exp,150,weniger_d1,weniger,limit,0.10038912,0.15715482,-0.0,0.10038912,1,0,0,0.565457
three_exp,150,weniger_d2,weniger,limit,0.10038912,0.15715482,0.0,0.10038912,1,0,0,0.565457
three_exp,150,brezinski_theta1,brezinski,limit,0.10038912,0.15715482,0.0434877,0.05690142,1,0,0,0.997615
three_exp,150,brezinski_theta2,brezinski,limit,0.10038912,0.15715482,-0.00936491,0.10975403,1,0,0,0.517208
three_exp,150,neville_2,neville,trajectory,0.10038912,0.15715482,0.10377824,0.00338912,1,0,1,16.749386
three_exp,150,neville_3,neville,trajectory,0.10038912,0.15715482,0.10101221,0.0006231,1,0,1,91.102399
three_exp,150,neville_4,neville,trajectory,0.10038912,0.15715482,0.10033676,5.236e-05,1,0,1,1084.136211
three_exp,150,anderson_1,anderson,limit,0.10038912,0.15715482,0.15507246,0.05468335,1,0,1,1.03808
three_exp,150,anderson_2,anderson,limit,0.10038912,0.15715482,0.15299551,0.0526064,1,0,1,1.079065
three_exp,150,anderson_3,anderson,limit,0.10038912,0.15715482,0.15092547,0.05053635,1,0,1,1.123265
three_exp,150,median_ensemble,ensemble,trajectory,0.10038912,0.15715482,0.04474415,0.05564497,1,0,1,1.020141
three_exp,150,stability_weighted,ensemble,trajectory,0.10038912,0.15715482,0.02084468,0.07954444,1,0,0,0.713635
three_exp,150,best_shanks_wynn,ensemble,limit,0.10038912,0.15715482,0.04474415,0.05564497,1,0,1,1.020141
three_exp,1000,current_value,baseline,limit,0.01010064,0.15715482,0.15715482,0.14705418,1,0,0,1.0
three_exp,1000,linear,baseline,trajectory,0.01010064,0.15715482,,,0,1,0,
three_exp,1000,log_linear,baseline,trajectory,0.01010064,0.15715482,0.04711939,0.03701875,1,0,1,3.972424
three_exp,1000,geom_avg_diff,baseline,limit,0.01010064,0.15715482,0.05038494,0.0402843,1,0,1,3.650409
three_exp,1000,richardson_1,richardson,trajectory,0.01010064,0.15715482,0.04339437,0.03329374,1,0,1,4.416872
three_exp,1000,richardson_2,richardson,trajectory,0.01010064,0.15715482,0.04339438,0.03329374,1,0,1,4.416872
three_exp,1000,richardson_3,richardson,trajectory,0.01010064,0.15715482,0.03636169,0.02626106,1,0,1,5.599706
three_exp,1000,richardson_a05,richardson,trajectory,0.01010064,0.15715482,0.03420698,0.02410634,1,0,1,6.100229
three_exp,1000,richardson_a10,richardson,trajectory,0.01010064,0.15715482,0.10305422,0.09295358,1,0,1,1.582017
three_exp,1000,richardson_a20,richardson,trajectory,0.01010064,0.15715482,0.15529952,0.14519888,1,0,1,1.012778
three_exp,1000,single_exp_fit,parametric,trajectory,0.01010064,0.15715482,0.10996689,0.09986625,1,0,1,1.472511
three_exp,1000,double_exp_fit,parametric,trajectory,0.01010064,0.15715482,0.01433496,0.00423432,1,0,1,34.729144
three_exp,1000,rational_fit,parametric,trajectory,0.01010064,0.15715482,0.03215508,0.02205444,1,0,1,6.667782
three_exp,1000,log_fit,parametric,trajectory,0.01010064,0.15715482,0.12354955,0.11344891,1,0,1,1.296215
three_exp,1000,shanks_1,shanks,limit,0.01010064,0.15715482,0.04474415,0.03464351,1,0,1,4.244783
three_exp,1000,shanks_2,shanks,limit,0.01010064,0.15715482,-0.00707754,0.01717818,1,0,1,8.560523
three_exp,1000,shanks_3,shanks,limit,0.01010064,0.15715482,0.00929555,0.00080509,1,0,1,182.654964
three_exp,1000,shanks_4,shanks,limit,0.01010064,0.15715482,0.01012078,2.014e-05,1,0,1,7301.712459
three_exp,1000,wynn_eps_1,wynn_eps,limit,0.01010064,0.15715482,0.04474415,0.03464351,1,0,1,4.244783
three_exp,1000,wynn_eps_2,wynn_eps,limit,0.01010064,0.15715482,0.01000052,0.00010012,1,0,1,1468.746695
three_exp,1000,wynn_eps_3,wynn_eps,limit,0.01010064,0.15715482,0.01000004,0.0001006,1,0,1,1461.788867
three_exp,1000,wynn_rho_1,wynn_rho,limit,0.01010064,0.15715482,-0.06890924,0.07900987,1,0,1,1.861213
three_exp,1000,wynn_rho_2,wynn_rho,limit,0.01010064,0.15715482,-0.11981922,0.12991986,1,0,1,1.131884
three_exp,1000,wynn_rho_3,wynn_rho,limit,0.01010064,0.15715482,-0.04348305,0.05358369,1,0,1,2.744383
three_exp,1000,pade_11,pade,trajectory,0.01010064,0.15715482,0.02870294,0.0186023,1,0,1,7.905161
three_exp,1000,pade_12,pade,trajectory,0.01010064,0.15715482,0.02002775,0.00992711,1,0,1,14.813398
three_exp,1000,pade_13,pade,trajectory,0.01010064,0.15715482,0.00245749,0.00764315,1,0,1,19.23999
three_exp,1000,pade_21,pade,trajectory,0.01010064,0.15715482,-0.43387441,0.44397505,1,0,0,0.331222
three_exp,1000,pade_22,pade,trajectory,0.01010064,0.15715482,,,0,1,0,
three_exp,1000,pade_23,pade,trajectory,0.01010064,0.15715482,0.01274371,0.00264307,1,0,1,55.637592
three_exp,1000,pade_31,pade,trajectory,0.01010064,0.15715482,,,0,1,0,
three_exp,1000,pade_32,pade,trajectory,0.01010064,0.15715482,-0.42783976,0.43794039,1,0,0,0.335786
three_exp,1000,levin_t1,levin,limit,0.01010064,0.15715482,0.04474415,0.03464351,1,0,1,4.244783
three_exp,1000,levin_t2,levin,limit,0.01010064,0.15715482,-0.03156989,0.04167052,1,0,1,3.528974
three_exp,1000,levin_u1,levin,limit,0.01010064,0.15715482,7.18441569,7.17431505,1,1,0,0.020497
three_exp,1000,levin_u2,levin,limit,0.01010064,0.15715482,0.6623411,0.65224046,1,0,0,0.22546
three_exp,1000,levin_v1,levin,limit,0.01010064,0.15715482,0.66924522,0.65914458,1,0,0,0.223099
three_exp,1000,levin_v2,levin,limit,0.01010064,0.15715482,0.12726149,0.11716086,1,0,1,1.255148
three_exp,1000,weniger_d1,weniger,limit,0.01010064,0.15715482,-0.0,0.01010064,1,0,1,14.558899
three_exp,1000,weniger_d2,weniger,limit,0.01010064,0.15715482,0.0,0.01010064,1,0,1,14.558899
three_exp,1000,brezinski_theta1,brezinski,limit,0.01010064,0.15715482,0.0434877,0.03338706,1,0,1,4.404526
three_exp,1000,brezinski_theta2,brezinski,limit,0.01010064,0.15715482,-0.00936491,0.01946555,1,0,1,7.554586
three_exp,1000,neville_2,neville,trajectory,0.01010064,0.15715482,0.00994704,0.0001536,1,0,1,957.402246
three_exp,1000,neville_3,neville,trajectory,0.01010064,0.15715482,-0.02115662,0.03125726,1,0,1,4.704641
three_exp,1000,neville_4,neville,trajectory,0.01010064,0.15715482,-0.0376677,0.04776834,1,0,1,3.078486
three_exp,1000,anderson_1,anderson,limit,0.01010064,0.15715482,0.15507246,0.14497182,1,0,1,1.014364
three_exp,1000,anderson_2,anderson,limit,0.01010064,0.15715482,0.15299551,0.14289488,1,0,1,1.029107
three_exp,1000,anderson_3,anderson,limit,0.01010064,0.15715482,0.15092547,0.14082483,1,0,1,1.044235
three_exp,1000,median_ensemble,ensemble,trajectory,0.01010064,0.15715482,0.01501413,0.00491349,1,0,1,29.928648
three_exp,1000,stability_weighted,ensemble,trajectory,0.01010064,0.15715482,0.02030726,0.01020662,1,0,1,14.407728
three_exp,1000,best_shanks_wynn,ensemble,limit,0.01010064,0.15715482,0.04474415,0.03464351,1,0,1,4.244783
three_exp,5000,current_value,baseline,limit,0.01,0.15715482,0.15715482,0.14715482,1,0,0,1.0
three_exp,5000,linear,baseline,trajectory,0.01,0.15715482,,,0,1,0,
three_exp,5000,log_linear,baseline,trajectory,0.01,0.15715482,0.02456969,0.01456969,1,0,1,10.100064
three_exp,5000,geom_avg_diff,baseline,limit,0.01,0.15715482,0.05038209,0.04038209,1,0,1,3.644062
three_exp,5000,richardson_1,richardson,trajectory,0.01,0.15715482,0.0180714,0.0080714,1,0,1,18.231626
three_exp,5000,richardson_2,richardson,trajectory,0.01,0.15715482,0.01807141,0.00807141,1,0,1,18.231616
three_exp,5000,richardson_3,richardson,trajectory,0.01,0.15715482,0.01286137,0.00286137,1,0,1,51.428168
three_exp,5000,richardson_a05,richardson,trajectory,0.01,0.15715482,0.0043275,0.0056725,1,0,1,25.941772
three_exp,5000,richardson_a10,richardson,trajectory,0.01,0.15715482,0.09817475,0.08817475,1,0,1,1.6689
three_exp,5000,richardson_a20,richardson,trajectory,0.01,0.15715482,0.15516076,0.14516076,1,0,1,1.013737
three_exp,5000,single_exp_fit,parametric,trajectory,0.01,0.15715482,0.10996689,0.09996689,1,0,1,1.472036
three_exp,5000,double_exp_fit,parametric,trajectory,0.01,0.15715482,0.01425805,0.00425805,1,0,1,34.559181
three_exp,5000,rational_fit,parametric,trajectory,0.01,0.15715482,0.01821034,0.00821034,1,0,1,17.923117
three_exp,5000,log_fit,parametric,trajectory,0.01,0.15715482,0.10023618,0.09023618,1,0,1,1.630774
three_exp,5000,shanks_1,shanks,limit,0.01,0.15715482,0.04474415,0.03474415,1,0,1,4.235384
three_exp,5000,shanks_2,shanks,limit,0.01,0.15715482,-0.00707754,0.01707754,1,0,1,8.616863
three_exp,5000,shanks_3,shanks,limit,0.01,0.15715482,0.00929555,0.00070445,1,0,1,208.892042
three_exp,5000,shanks_4,shanks,limit,0.01,0.15715482,0.01012078,0.00012078,1,0,1,1218.386182
three_exp,5000,wynn_eps_1,wynn_eps,limit,0.01,0.15715482,0.04474415,0.03474415,1,0,1,4.235384
three_exp,5000,wynn_eps_2,wynn_eps,limit,0.01,0.15715482,0.01000052,5.2e-07,1,0,1,284871.303466
three_exp,5000,wynn_eps_3,wynn_eps,limit,0.01,0.15715482,0.01000004,4e-08,1,0,1,3678518.437122
three_exp,5000,wynn_rho_1,wynn_rho,limit,0.01,0.15715482,-0.06890924,0.07890924,1,0,1,1.864862
three_exp,5000,wynn_rho_2,wynn_rho,limit,0.01,0.15715482,-0.11981922,0.12981922,1,0,1,1.133536
three_exp,5000,wynn_rho_3,wynn_rho,limit,0.01,0.15715482,-0.04348305,0.05348305,1,0,1,2.751429
three_exp,5000,pade_11,pade,trajectory,0.01,0.15715482,0.01417891,0.00417891,1,0,1,35.213726
three_exp,5000,pade_12,pade,trajectory,0.01,0.15715482,0.00414207,0.00585793,1,0,1,25.120633
three_exp,5000,pade_13,pade,trajectory,0.01,0.15715482,8.081e-05,0.00991919,1,0,1,14.835372
three_exp,5000,pade_21,pade,trajectory,0.01,0.15715482,,,0,1,0,
three_exp,5000,pade_22,pade,trajectory,0.01,0.15715482,0.69714417,0.68714417,1,0,0,0.214154
three_exp,5000,pade_23,pade,trajectory,0.01,0.15715482,0.00246477,0.00753523,1,0,1,19.528916
three_exp,5000,pade_31,pade,trajectory,0.01,0.15715482,,,0,1,0,
three_exp,5000,pade_32,pade,trajectory,0.01,0.15715482,,,0,1,0,
three_exp,5000,levin_t1,levin,limit,0.01,0.15715482,0.04474415,0.03474415,1,0,1,4.235384
three_exp,5000,levin_t2,levin,limit,0.01,0.15715482,-0.03156989,0.04156989,1,0,1,3.539938
three_exp,5000,levin_u1,levin,limit,0.01,0.15715482,7.18441569,7.17441569,1,1,0,0.020511
three_exp,5000,levin_u2,levin,limit,0.01,0.15715482,0.6623411,0.6523411,1,0,0,0.22558
three_exp,5000,levin_v1,levin,limit,0.01,0.15715482,0.66924522,0.65924522,1,0,0,0.223217
three_exp,5000,levin_v2,levin,limit,0.01,0.15715482,0.12726149,0.11726149,1,0,1,1.254929
three_exp,5000,weniger_d1,weniger,limit,0.01,0.15715482,-0.0,0.01,1,0,1,14.715482
three_exp,5000,weniger_d2,weniger,limit,0.01,0.15715482,0.0,0.01,1,0,1,14.715482
three_exp,5000,brezinski_theta1,brezinski,limit,0.01,0.15715482,0.0434877,0.0334877,1,0,1,4.394295
three_exp,5000,brezinski_theta2,brezinski,limit,0.01,0.15715482,-0.00936491,0.01936491,1,0,1,7.599044
three_exp,5000,neville_2,neville,trajectory,0.01,0.15715482,-0.00562706,0.01562706,1,0,1,9.416668
three_exp,5000,neville_3,neville,trajectory,0.01,0.15715482,-0.04460839,0.05460839,1,0,1,2.694729
three_exp,5000,neville_4,neville,trajectory,0.01,0.15715482,-0.06687872,0.07687872,1,0,1,1.914116
three_exp,5000,anderson_1,anderson,limit,0.01,0.15715482,0.15507246,0.14507246,1,0,1,1.014354
three_exp,5000,anderson_2,anderson,limit,0.01,0.15715482,0.15299551,0.14299551,1,0,1,1.029087
three_exp,5000,anderson_3,anderson,limit,0.01,0.15715482,0.15092547,0.14092547,1,0,1,1.044203
three_exp,5000,median_ensemble,ensemble,trajectory,0.01,0.15715482,0.00964803,0.00035197,1,0,1,418.090664
three_exp,5000,stability_weighted,ensemble,trajectory,0.01,0.15715482,0.01908217,0.00908217,1,0,1,16.2026
three_exp,5000,best_shanks_wynn,ensemble,limit,0.01,0.15715482,0.04474415,0.03474415,1,0,1,4.235384
four_exp,150,current_value,baseline,limit,0.12446592,0.17063362,0.17063362,0.0461677,1,0,0,1.0
four_exp,150,linear,baseline,trajectory,0.12446592,0.17063362,0.04923608,0.07522984,1,0,0,0.613689
four_exp,150,log_linear,baseline,trajectory,0.12446592,0.17063362,0.13551674,0.01105082,1,0,1,4.177763
four_exp,150,geom_avg_diff,baseline,limit,0.12446592,0.17063362,0.12754468,0.00307876,1,0,1,14.995552
four_exp,150,richardson_1,richardson,trajectory,0.12446592,0.17063362,0.13558652,0.01112059,1,0,1,4.15155
four_exp,150,richardson_2,richardson,trajectory,0.12446592,0.17063362,0.13109798,0.00663205,1,0,1,6.961297
four_exp,150,richardson_3,richardson,trajectory,0.12446592,0.17063362,0.13109796,0.00663203,1,0,1,6.961319
four_exp,150,richardson_a05,richardson,trajectory,0.12446592,0.17063362,0.13599144,0.01152552,1,0,1,4.005695
four_exp,150,richardson_a10,richardson,trajectory,0.12446592,0.17063362,0.15251553,0.02804961,1,0,1,1.64593
four_exp,150,richardson_a20,richardson,trajectory,0.12446592,0.17063362,0.17462849,0.05016257,1,0,0,0.920362
four_exp,150,single_exp_fit,parametric,trajectory,0.12446592,0.17063362,0.13758025,0.01311433,1,0,1,3.520402
four_exp,150,double_exp_fit,parametric,trajectory,0.12446592,0.17063362,0.12761472,0.0031488,1,0,1,14.661998
four_exp,150,rational_fit,parametric,trajectory,0.12446592,0.17063362,0.12711856,0.00265264,1,0,1,17.404459
four_exp,150,log_fit,parametric,trajectory,0.12446592,0.17063362,0.17719679,0.05273087,1,0,0,0.875535
four_exp,150,shanks_1,shanks,limit,0.12446592,0.17063362,0.09550642,0.0289595,1,0,1,1.594216
four_exp,150,shanks_2,shanks,limit,0.12446592,0.17063362,0.00593503,0.1185309,1,0,0,0.389499
four_exp,150,shanks_3,shanks,limit,0.12446592,0.17063362,0.08869329,0.03577263,1,0,1,1.290587
four_exp,150,shanks_4,shanks,limit,0.12446592,0.17063362,0.16022286,0.03575694,1,0,1,1.291154
four_exp,150,wynn_eps_1,wynn_eps,limit,0.12446592,0.17063362,0.09550642,0.0289595,1,0,1,1.594216
four_exp,150,wynn_eps_2,wynn_eps,limit,0.12446592,0.17063362,0.05470865,0.06975727,1,0,0,0.661834
four_exp,150,wynn_eps_3,wynn_eps,limit,0.12446592,0.17063362,0.0100083,0.11445762,1,0,0,0.403361
four_exp,150,wynn_rho_1,wynn_rho,limit,0.12446592,0.17063362,0.01928438,0.10518154,1,0,0,0.438933
four_exp,150,wynn_rho_2,wynn_rho,limit,0.12446592,0.17063362,0.02694651,0.09751941,1,0,0,0.473421
four_exp,150,wynn_rho_3,wynn_rho,limit,0.12446592,0.17063362,0.02638409,0.09808183,1,0,0,0.470706
four_exp,150,pade_11,pade,trajectory,0.12446592,0.17063362,0.12682224,0.00235632,1,0,1,19.593152
four_exp,150,pade_12,pade,trajectory,0.12446592,0.17063362,0.12406173,0.00040419,1,0,1,114.221838
four_exp,150,pade_13,pade,trajectory,0.12446592,0.17063362,0.12498107,0.00051515,1,0,1,89.620482
four_exp,150,pade_21,pade,trajectory,0.12446592,0.17063362,0.12214876,0.00231716,1,0,1,19.924228
four_exp,150,pade_22,pade,trajectory,0.12446592,0.17063362,0.12491405,0.00044812,1,0,1,103.024243
four_exp,150,pade_23,pade,trajectory,0.12446592,0.17063362,0.12603903,0.00157311,1,0,1,29.348073
four_exp,150,pade_31,pade,trajectory,0.12446592,0.17063362,0.12837076,0.00390483,1,0,1,11.823218
four_exp,150,pade_32,pade,trajectory,0.12446592,0.17063362,0.12548673,0.00102081,1,0,1,45.226535
four_exp,150,levin_t1,levin,limit,0.12446592,0.17063362,0.09550642,0.0289595,1,0,1,1.594216
four_exp,150,levin_t2,levin,limit,0.12446592,0.17063362,0.07286671,0.05159921,1,0,0,0.894737
four_exp,150,levin_u1,levin,limit,0.12446592,0.17063362,-0.16485968,0.2893256,1,1,0,0.15957
four_exp,150,levin_u2,levin,limit,0.12446592,0.17063362,-0.01340386,0.13786978,1,0,0,0.334865
four_exp,150,levin_v1,levin,limit,0.12446592,0.17063362,-0.01501436,0.13948028,1,0,0,0.330998
four_exp,150,levin_v2,levin,limit,0.12446592,0.17063362,-0.20977522,0.33424114,1,1,0,0.138127
four_exp,150,weniger_d1,weniger,limit,0.12446592,0.17063362,0.0,0.12446592,1,0,0,0.370926
four_exp,150,weniger_d2,weniger,limit,0.12446592,0.17063362,0.0,0.12446592,1,0,0,0.370926
four_exp,150,brezinski_theta1,brezinski,limit,0.12446592,0.17063362,0.09439562,0.0300703,1,0,1,1.535326
four_exp,150,brezinski_theta2,brezinski,limit,0.12446592,0.17063362,0.00115469,0.12331123,1,0,0,0.3744
four_exp,150,neville_2,neville,trajectory,0.12446592,0.17063362,0.12603426,0.00156833,1,0,1,29.437403
four_exp,150,neville_3,neville,trajectory,0.12446592,0.17063362,0.12504768,0.00058176,1,0,1,79.358877
four_exp,150,neville_4,neville,trajectory,0.12446592,0.17063362,0.12476635,0.00030042,1,0,1,153.67563
four_exp,150,anderson_1,anderson,limit,0.12446592,0.17063362,0.16876855,0.04430263,1,0,1,1.042098
four_exp,150,anderson_2,anderson,limit,0.12446592,0.17063362,0.16692845,0.04246253,1,0,1,1.087257
four_exp,150,anderson_3,anderson,limit,0.12446592,0.17063362,0.16511486,0.04064894,1,0,1,1.135766
four_exp,150,median_ensemble,ensemble,trajectory,0.12446592,0.17063362,0.09550642,0.0289595,1,0,1,1.594216
four_exp,150,stability_weighted,ensemble,trajectory,0.12446592,0.17063362,0.06904081,0.05542511,1,0,0,0.832974
four_exp,150,best_shanks_wynn,ensemble,limit,0.12446592,0.17063362,0.09550642,0.0289595,1,0,1,1.594216
four_exp,1000,current_value,baseline,limit,0.01366313,0.17063362,0.17063362,0.15697049,1,0,0,1.0
four_exp,1000,linear,baseline,trajectory,0.01366313,0.17063362,,,0,1,0,
four_exp,1000,log_linear,baseline,trajectory,0.01366313,0.17063362,0.05753827,0.04387514,1,0,1,3.577664
four_exp,1000,geom_avg_diff,baseline,limit,0.01366313,0.17063362,0.09775955,0.08409642,1,0,1,1.866554
four_exp,1000,richardson_1,richardson,trajectory,0.01366313,0.17063362,0.05435544,0.04069231,1,0,1,3.857498
four_exp,1000,richardson_2,richardson,trajectory,0.01366313,0.17063362,0.04429733,0.0306342,1,0,1,5.124028
four_exp,1000,richardson_3,richardson,trajectory,0.01366313,0.17063362,0.04429723,0.0306341,1,0,1,5.124044
four_exp,1000,richardson_a05,richardson,trajectory,0.01366313,0.17063362,0.05720055,0.04353743,1,0,1,3.605415
four_exp,1000,richardson_a10,richardson,trajectory,0.01366313,0.17063362,0.12068393,0.1070208,1,0,1,1.466729
four_exp,1000,richardson_a20,richardson,trajectory,0.01366313,0.17063362,0.16885126,0.15518814,1,0,1,1.011485
four_exp,1000,single_exp_fit,parametric,trajectory,0.01366313,0.17063362,0.1237707,0.11010757,1,0,1,1.42561
four_exp,1000,double_exp_fit,parametric,trajectory,0.01366313,0.17063362,0.09636403,0.0827009,1,0,1,1.898051
four_exp,1000,rational_fit,parametric,trajectory,0.01366313,0.17063362,0.04934945,0.03568632,1,0,1,4.398618
four_exp,1000,log_fit,parametric,trajectory,0.01366313,0.17063362,0.12894215,0.11527903,1,0,1,1.361657
four_exp,1000,shanks_1,shanks,limit,0.01366313,0.17063362,0.09550642,0.0818433,1,0,1,1.91794
four_exp,1000,shanks_2,shanks,limit,0.01366313,0.17063362,0.00593503,0.0077281,1,0,1,20.311648
four_exp,1000,shanks_3,shanks,limit,0.01366313,0.17063362,0.08869329,0.07503016,1,0,1,2.092099
four_exp,1000,shanks_4,shanks,limit,0.01366313,0.17063362,0.16022286,0.14655973,1,0,1,1.071034
four_exp,1000,wynn_eps_1,wynn_eps,limit,0.01366313,0.17063362,0.09550642,0.0818433,1,0,1,1.91794
four_exp,1000,wynn_eps_2,wynn_eps,limit,0.01366313,0.17063362,0.05470865,0.04104553,1,0,1,3.824302
four_exp,1000,wynn_eps_3,wynn_eps,limit,0.01366313,0.17063362,0.0100083,0.00365483,1,0,1,42.948802
four_exp,1000,wynn_rho_1,wynn_rho,limit,0.01366313,0.17063362,0.01928438,0.00562125,1,0,1,27.924467
four_exp,1000,wynn_rho_2,wynn_rho,limit,0.01366313,0.17063362,0.02694651,0.01328338,1,0,1,11.817056
four_exp,1000,wynn_rho_3,wynn_rho,limit,0.01366313,0.17063362,0.02638409,0.01272096,1,0,1,12.339516
four_exp,1000,pade_11,pade,trajectory,0.01366313,0.17063362,0.04827714,0.03461401,1,0,1,4.534883
four_exp,1000,pade_12,pade,trajectory,0.01366313,0.17063362,0.02637573,0.0127126,1,0,1,12.347628
four_exp,1000,pade_13,pade,trajectory,0.01366313,0.17063362,0.0511655,0.03750237,1,0,1,4.185615
four_exp,1000,pade_21,pade,trajectory,0.01366313,0.17063362,-0.12829723,0.14196036,1,0,1,1.105735
four_exp,1000,pade_22,pade,trajectory,0.01366313,0.17063362,0.03714653,0.02348341,1,0,1,6.684316
four_exp,1000,pade_23,pade,trajectory,0.01366313,0.17063362,0.02326714,0.00960402,1,0,1,16.344254
four_exp,1000,pade_31,pade,trajectory,0.01366313,0.17063362,2.11890555,2.10524242,1,1,0,0.074562
four_exp,1000,pade_32,pade,trajectory,0.01366313,0.17063362,0.10299003,0.08932691,1,0,1,1.757259
four_exp,1000,levin_t1,levin,limit,0.01366313,0.17063362,0.09550642,0.0818433,1,0,1,1.91794
four_exp,1000,levin_t2,levin,limit,0.01366313,0.17063362,0.07286671,0.05920358,1,0,1,2.651368
four_exp,1000,levin_u1,levin,limit,0.01366313,0.17063362,-0.16485968,0.17852281,1,0,0,0.879274
four_exp,1000,levin_u2,levin,limit,0.01366313,0.17063362,-0.01340386,0.02706699,1,0,1,5.799334
four_exp,1000,levin_v1,levin,limit,0.01366313,0.17063362,-0.01501436,0.02867749,1,0,1,5.473648
four_exp,1000,levin_v2,levin,limit,0.01366313,0.17063362,-0.20977522,0.22343835,1,0,0,0.702523
four_exp,1000,weniger_d1,weniger,limit,0.01366313,0.17063362,0.0,0.01366313,1,0,1,11.488621
four_exp,1000,weniger_d2,weniger,limit,0.01366313,0.17063362,0.0,0.01366313,1,0,1,11.488621
four_exp,1000,brezinski_theta1,brezinski,limit,0.01366313,0.17063362,0.09439562,0.0807325,1,0,1,1.944329
four_exp,1000,brezinski_theta2,brezinski,limit,0.01366313,0.17063362,0.00115469,0.01250843,1,0,1,12.549172
four_exp,1000,neville_2,neville,trajectory,0.01366313,0.17063362,0.05330577,0.03964264,1,0,1,3.959638
four_exp,1000,neville_3,neville,trajectory,0.01366313,0.17063362,0.04221182,0.02854869,1,0,1,5.498343
four_exp,1000,neville_4,neville,trajectory,0.01366313,0.17063362,0.03533478,0.02167165,1,0,1,7.243126
four_exp,1000,anderson_1,anderson,limit,0.01366313,0.17063362,0.16876855,0.15510542,1,0,1,1.012025
four_exp,1000,anderson_2,anderson,limit,0.01366313,0.17063362,0.16692845,0.15326533,1,0,1,1.024175
four_exp,1000,anderson_3,anderson,limit,0.01366313,0.17063362,0.16511486,0.15145174,1,0,1,1.036439
four_exp,1000,median_ensemble,ensemble,trajectory,0.01366313,0.17063362,0.05453205,0.04086892,1,0,1,3.840828
four_exp,1000,stability_weighted,ensemble,trajectory,0.01366313,0.17063362,0.06790226,0.05423913,1,0,1,2.894045
four_exp,1000,best_shanks_wynn,ensemble,limit,0.01366313,0.17063362,0.09550642,0.0818433,1,0,1,1.91794
four_exp,5000,current_value,baseline,limit,0.01,0.17063362,0.17063362,0.16063362,1,0,0,1.0
four_exp,5000,linear,baseline,trajectory,0.01,0.17063362,,,0,1,0,
four_exp,5000,log_linear,baseline,trajectory,0.01,0.17063362,0.03086056,0.02086056,1,0,1,7.700351
four_exp,5000,geom_avg_diff,baseline,limit,0.01,0.17063362,0.09775946,0.08775946,1,0,1,1.830385
four_exp,5000,richardson_1,richardson,trajectory,0.01,0.17063362,0.02503036,0.01503036,1,0,1,10.687274
four_exp,5000,richardson_2,richardson,trajectory,0.01,0.17063362,0.01690717,0.00690717,1,0,1,23.256084
four_exp,5000,richardson_3,richardson,trajectory,0.01,0.17063362,0.01690707,0.00690707,1,0,1,23.256405
four_exp,5000,richardson_a05,richardson,trajectory,0.01,0.17063362,0.02966905,0.01966905,1,0,1,8.166821
four_exp,5000,richardson_a10,richardson,trajectory,0.01,0.17063362,0.11619006,0.10619006,1,0,1,1.512699
four_exp,5000,richardson_a20,richardson,trajectory,0.01,0.17063362,0.1687236,0.1587236,1,0,1,1.012034
four_exp,5000,single_exp_fit,parametric,trajectory,0.01,0.17063362,0.1237707,0.1137707,1,0,1,1.411907
four_exp,5000,double_exp_fit,parametric,trajectory,0.01,0.17063362,0.09636388,0.08636388,1,0,1,1.859963
four_exp,5000,rational_fit,parametric,trajectory,0.01,0.17063362,0.03550489,0.02550489,1,0,1,6.29815
four_exp,5000,log_fit,parametric,trajectory,0.01,0.17063362,0.10461122,0.09461122,1,0,1,1.697828
four_exp,5000,shanks_1,shanks,limit,0.01,0.17063362,0.09550642,0.08550642,1,0,1,1.878615
four_exp,5000,shanks_2,shanks,limit,0.01,0.17063362,0.00593503,0.00406497,1,0,1,39.516511
four_exp,5000,shanks_3,shanks,limit,0.01,0.17063362,0.08869329,0.07869329,1,0,1,2.041262
four_exp,5000,shanks_4,shanks,limit,0.01,0.17063362,0.16022286,0.15022286,1,0,1,1.069302
four_exp,5000,wynn_eps_1,wynn_eps,limit,0.01,0.17063362,0.09550642,0.08550642,1,0,1,1.878615
four_exp,5000,wynn_eps_2,wynn_eps,limit,0.01,0.17063362,0.05470865,0.04470865,1,0,1,3.592898
four_exp,5000,wynn_eps_3,wynn_eps,limit,0.01,0.17063362,0.0100083,8.3e-06,1,0,1,19355.516257
four_exp,5000,wynn_rho_1,wynn_rho,limit,0.01,0.17063362,0.01928438,0.00928438,1,0,1,17.301491
four_exp,5000,wynn_rho_2,wynn_rho,limit,0.01,0.17063362,0.02694651,0.01694651,1,0,1,9.478861
four_exp,5000,wynn_rho_3,wynn_rho,limit,0.01,0.17063362,0.02638409,0.01638409,1,0,1,9.804246
four_exp,5000,pade_11,pade,trajectory,0.01,0.17063362,0.03424692,0.02424692,1,0,1,6.624909
four_exp,5000,pade_12,pade,trajectory,0.01,0.17063362,0.00563029,0.00436971,1,0,1,36.760729
four_exp,5000,pade_13,pade,trajectory,0.01,0.17063362,-0.00255707,0.01255707,1,0,1,12.792282
four_exp,5000,pade_21,pade,trajectory,0.01,0.17063362,,,0,1,0,
four_exp,5000,pade_22,pade,trajectory,0.01,0.17063362,0.02046618,0.01046618,1,0,1,15.347881
four_exp,5000,pade_23,pade,trajectory,0.01,0.17063362,0.00493129,0.00506871,1,0,1,31.691236
four_exp,5000,pade_31,pade,trajectory,0.01,0.17063362,69.87650161,69.86650161,1,1,0,0.002299
four_exp,5000,pade_32,pade,trajectory,0.01,0.17063362,0.48351428,0.47351428,1,0,0,0.339237
four_exp,5000,levin_t1,levin,limit,0.01,0.17063362,0.09550642,0.08550642,1,0,1,1.878615
four_exp,5000,levin_t2,levin,limit,0.01,0.17063362,0.07286671,0.06286671,1,0,1,2.555146
four_exp,5000,levin_u1,levin,limit,0.01,0.17063362,-0.16485968,0.17485968,1,0,0,0.918643
four_exp,5000,levin_u2,levin,limit,0.01,0.17063362,-0.01340386,0.02340386,1,0,1,6.863552
four_exp,5000,levin_v1,levin,limit,0.01,0.17063362,-0.01501436,0.02501436,1,0,1,6.421656
four_exp,5000,levin_v2,levin,limit,0.01,0.17063362,-0.20977522,0.21977522,1,0,0,0.7309
four_exp,5000,weniger_d1,weniger,limit,0.01,0.17063362,0.0,0.01,1,0,1,16.063361
four_exp,5000,weniger_d2,weniger,limit,0.01,0.17063362,0.0,0.01,1,0,1,16.063361
four_exp,5000,brezinski_theta1,brezinski,limit,0.01,0.17063362,0.09439562,0.08439562,1,0,1,1.903341
four_exp,5000,brezinski_theta2,brezinski,limit,0.01,0.17063362,0.00115469,0.00884531,1,0,1,18.160322
four_exp,5000,neville_2,neville,trajectory,0.01,0.17063362,0.04160582,0.03160582,1,0,1,5.082407
four_exp,5000,neville_3,neville,trajectory,0.01,0.17063362,0.02770208,0.01770208,1,0,1,9.074277
four_exp,5000,neville_4,neville,trajectory,0.01,0.17063362,0.01842626,0.00842626,1,0,1,19.063463
four_exp,5000,anderson_1,anderson,limit,0.01,0.17063362,0.16876855,0.15876855,1,0,1,1.011747
four_exp,5000,anderson_2,anderson,limit,0.01,0.17063362,0.16692845,0.15692845,1,0,1,1.023611
four_exp,5000,anderson_3,anderson,limit,0.01,0.17063362,0.16511486,0.15511486,1,0,1,1.035579
four_exp,5000,median_ensemble,ensemble,trajectory,0.01,0.17063362,0.03986951,0.02986951,1,0,1,5.377846
four_exp,5000,stability_weighted,ensemble,trajectory,0.01,0.17063362,0.06704933,0.05704933,1,0,1,2.815697
four_exp,5000,best_shanks_wynn,ensemble,limit,0.01,0.17063362,0.09550642,0.08550642,1,0,1,1.878615
power_law,150,current_value,baseline,limit,0.03386746,0.04402209,0.04402209,0.01015464,1,0,0,1.0
power_law,150,linear,baseline,trajectory,0.03386746,0.04402209,0.00570903,0.02815842,1,0,0,0.360625
power_law,150,log_linear,baseline,trajectory,0.03386746,0.04402209,0.03397277,0.00010532,1,0,1,96.418154
power_law,150,geom_avg_diff,baseline,limit,0.03386746,0.04402209,0.0348084,0.00094095,1,0,1,10.791946
power_law,150,richardson_1,richardson,trajectory,0.03386746,0.04402209,0.03378454,8.291e-05,1,0,1,122.472346
power_law,150,richardson_2,richardson,trajectory,0.03386746,0.04402209,0.03386783,3.7e-07,1,0,1,27156.103968
power_law,150,richardson_3,richardson,trajectory,0.03386746,0.04402209,0.03386762,1.7e-07,1,0,1,61343.104328
power_law,150,richardson_a05,richardson,trajectory,0.03386746,0.04402209,0.0319435,0.00192396,1,0,1,5.277996
power_law,150,richardson_a10,richardson,trajectory,0.03386746,0.04402209,0.03698782,0.00312036,1,0,1,3.254313
power_law,150,richardson_a20,richardson,trajectory,0.03386746,0.04402209,0.04377989,0.00991243,1,0,1,1.024434
power_law,150,single_exp_fit,parametric,trajectory,0.03386746,0.04402209,0.03869904,0.00483158,1,0,1,2.10172
power_law,150,double_exp_fit,parametric,trajectory,0.03386746,0.04402209,0.03869907,0.00483161,1,0,1,2.101708
power_law,150,rational_fit,parametric,trajectory,0.03386746,0.04402209,0.03452918,0.00066172,1,0,1,15.34579
power_law,150,log_fit,parametric,trajectory,0.03386746,0.04402209,0.04679811,0.01293066,1,0,0,0.785315
power_law,150,shanks_1,shanks,limit,0.03386746,0.04402209,0.03016844,0.00369902,1,0,1,2.745225
power_law,150,shanks_2,shanks,limit,0.03386746,0.04402209,0.021957,0.01191046,1,0,0,0.852582
power_law,150,shanks_3,shanks,limit,0.03386746,0.04402209,0.01708769,0.01677977,1,0,0,0.605172
power_law,150,shanks_4,shanks,limit,0.03386746,0.04402209,0.01812329,0.01574417,1,0,0,0.644978
power_law,150,wynn_eps_1,wynn_eps,limit,0.03386746,0.04402209,0.03016844,0.00369902,1,0,1,2.745225
power_law,150,wynn_eps_2,wynn_eps,limit,0.03386746,0.04402209,0.02505692,0.00881053,1,0,1,1.152556
power_law,150,wynn_eps_3,wynn_eps,limit,0.03386746,0.04402209,0.02230534,0.01156211,1,0,0,0.878268
power_law,150,wynn_rho_1,wynn_rho,limit,0.03386746,0.04402209,0.01605061,0.01781685,1,0,0,0.569946
power_law,150,wynn_rho_2,wynn_rho,limit,0.03386746,0.04402209,0.01293622,0.02093124,1,0,0,0.485143
power_law,150,wynn_rho_3,wynn_rho,limit,0.03386746,0.04402209,0.01184084,0.02202661,1,0,0,0.461017
power_law,150,pade_11,pade,trajectory,0.03386746,0.04402209,0.03444802,0.00058057,1,0,1,17.490902
power_law,150,pade_12,pade,trajectory,0.03386746,0.04402209,0.0336541,0.00021336,1,0,1,47.593877
power_law,150,pade_13,pade,trajectory,0.03386746,0.04402209,0.03396618,9.872e-05,1,0,1,102.858252
power_law,150,pade_21,pade,trajectory,0.03386746,0.04402209,0.03353056,0.00033689,1,0,1,30.141844
power_law,150,pade_22,pade,trajectory,0.03386746,0.04402209,0.03389431,2.686e-05,1,0,1,378.085192
power_law,150,pade_23,pade,trajectory,0.03386746,0.04402209,0.033858,9.45e-06,1,0,1,1074.282795
power_law,150,pade_31,pade,trajectory,0.03386746,0.04402209,0.03412409,0.00025664,1,0,1,39.567726
power_law,150,pade_32,pade,trajectory,0.03386746,0.04402209,0.03385604,1.142e-05,1,0,1,889.375065
power_law,150,levin_t1,levin,limit,0.03386746,0.04402209,0.03016844,0.00369902,1,0,1,2.745225
power_law,150,levin_t2,levin,limit,0.03386746,0.04402209,0.0250197,0.00884776,1,0,1,1.147707
power_law,150,levin_u1,levin,limit,0.03386746,0.04402209,0.00953161,0.02433585,1,0,0,0.417271
power_law,150,levin_u2,levin,limit,0.03386746,0.04402209,0.00999969,0.02386776,1,0,0,0.425454
power_law,150,levin_v1,levin,limit,0.03386746,0.04402209,0.00960768,0.02425978,1,0,0,0.418579
power_law,150,levin_v2,levin,limit,0.03386746,0.04402209,0.0099994,0.02386806,1,0,0,0.425449
power_law,150,weniger_d1,weniger,limit,0.03386746,0.04402209,-0.0,0.03386746,1,0,0,0.299835
power_law,150,weniger_d2,weniger,limit,0.03386746,0.04402209,0.0,0.03386746,1,0,0,0.299835
power_law,150,brezinski_theta1,brezinski,limit,0.03386746,0.04402209,0.02989922,0.00396823,1,0,1,2.558982
power_law,150,brezinski_theta2,brezinski,limit,0.03386746,0.04402209,0.02163424,0.01223321,1,0,0,0.830087
power_law,150,neville_2,neville,trajectory,0.03386746,0.04402209,0.0340087,0.00014124,1,0,1,71.894578
power_law,150,neville_3,neville,trajectory,0.03386746,0.04402209,0.03390319,3.574e-05,1,0,1,284.153965
power_law,150,neville_4,neville,trajectory,0.03386746,0.04402209,0.03387789,1.044e-05,1,0,1,973.11684
power_law,150,anderson_1,anderson,limit,0.03386746,0.04402209,0.04398702,0.01011957,1,0,1,1.003465
power_law,150,anderson_2,anderson,limit,0.03386746,0.04402209,0.04395038,0.01008293,1,0,1,1.007112
power_law,150,anderson_3,anderson,limit,0.03386746,0.04402209,0.0439121,0.01004464,1,0,1,1.010951
power_law,150,median_ensemble,ensemble,trajectory,0.03386746,0.04402209,0.03016844,0.00369902,1,0,1,2.745225
power_law,150,stability_weighted,ensemble,trajectory,0.03386746,0.04402209,0.02559299,0.00827447,1,0,1,1.227225
power_law,150,best_shanks_wynn,ensemble,limit,0.03386746,0.04402209,0.03016844,0.00369902,1,0,1,2.745225
power_law,1000,current_value,baseline,limit,0.01635018,0.04402209,0.04402209,0.02767191,1,0,0,1.0
power_law,1000,linear,baseline,trajectory,0.01635018,0.04402209,-0.4830004,0.49935058,1,1,0,0.055416
power_law,1000,log_linear,baseline,trajectory,0.01635018,0.04402209,0.01651082,0.00016064,1,0,1,172.256712
power_law,1000,geom_avg_diff,baseline,limit,0.01635018,0.04402209,0.03072177,0.01437159,1,0,1,1.925459
power_law,1000,richardson_1,richardson,trajectory,0.01635018,0.04402209,0.01570122,0.00064896,1,0,1,42.640457
power_law,1000,richardson_2,richardson,trajectory,0.01635018,0.04402209,0.01636056,1.038e-05,1,0,1,2665.379951
power_law,1000,richardson_3,richardson,trajectory,0.01635018,0.04402209,0.01635696,6.77e-06,1,0,1,4085.179246
power_law,1000,richardson_a05,richardson,trajectory,0.01635018,0.04402209,0.00737651,0.00897367,1,0,1,3.083677
power_law,1000,richardson_a10,richardson,trajectory,0.01635018,0.04402209,0.02700938,0.0106592,1,0,1,2.59606
power_law,1000,richardson_a20,richardson,trajectory,0.01635018,0.04402209,0.04194975,0.02559957,1,0,1,1.080952
power_law,1000,single_exp_fit,parametric,trajectory,0.01635018,0.04402209,0.03765216,0.02130198,1,0,1,1.29903
power_law,1000,double_exp_fit,parametric,trajectory,0.01635018,0.04402209,0.0376522,0.02130201,1,0,1,1.299028
power_law,1000,rational_fit,parametric,trajectory,0.01635018,0.04402209,0.02110269,0.00475251,1,0,1,5.822589
power_law,1000,log_fit,parametric,trajectory,0.01635018,0.04402209,0.03405394,0.01770376,1,0,1,1.563053
power_law,1000,shanks_1,shanks,limit,0.01635018,0.04402209,0.03016844,0.01381826,1,0,1,2.002562
power_law,1000,shanks_2,shanks,limit,0.01635018,0.04402209,0.021957,0.00560682,1,0,1,4.935404
power_law,1000,shanks_3,shanks,limit,0.01635018,0.04402209,0.01708769,0.00073751,1,0,1,37.520778
power_law,1000,shanks_4,shanks,limit,0.01635018,0.04402209,0.01812329,0.00177311,1,0,1,15.606435
power_law,1000,wynn_eps_1,wynn_eps,limit,0.01635018,0.04402209,0.03016844,0.01381826,1,0,1,2.002562
power_law,1000,wynn_eps_2,wynn_eps,limit,0.01635018,0.04402209,0.02505692,0.00870674,1,0,1,3.178217
power_law,1000,wynn_eps_3,wynn_eps,limit,0.01635018,0.04402209,0.02230534,0.00595516,1,0,1,4.64671
power_law,1000,wynn_rho_1,wynn_rho,limit,0.01635018,0.04402209,0.01605061,0.00029958,1,0,1,92.370197
power_law,1000,wynn_rho_2,wynn_rho,limit,0.01635018,0.04402209,0.01293622,0.00341396,1,0,1,8.105506
power_law,1000,wynn_rho_3,wynn_rho,limit,0.01635018,0.04402209,0.01184084,0.00450934,1,0,1,6.136577
power_law,1000,pade_11,pade,trajectory,0.01635018,0.04402209,0.02088919,0.00453901,1,0,1,6.09646
power_law,1000,pade_12,pade,trajectory,0.01635018,0.04402209,0.01096958,0.0053806,1,0,1,5.142902
power_law,1000,pade_13,pade,trajectory,0.01635018,0.04402209,-0.02446701,0.04081719,1,0,0,0.677947
power_law,1000,pade_21,pade,trajectory,0.01635018,0.04402209,-0.00536039,0.02171057,1,0,1,1.274583
power_law,1000,pade_22,pade,trajectory,0.01635018,0.04402209,0.01759384,0.00124366,1,0,1,22.25033
power_law,1000,pade_23,pade,trajectory,0.01635018,0.04402209,0.01442276,0.00192742,1,0,1,14.356964
power_law,1000,pade_31,pade,trajectory,0.01635018,0.04402209,0.17287635,0.15652616,1,1,0,0.176788
power_law,1000,pade_32,pade,trajectory,0.01635018,0.04402209,0.01278512,0.00356507,1,0,1,7.761964
power_law,1000,levin_t1,levin,limit,0.01635018,0.04402209,0.03016844,0.01381826,1,0,1,2.002562
power_law,1000,levin_t2,levin,limit,0.01635018,0.04402209,0.0250197,0.00866951,1,0,1,3.191864
power_law,1000,levin_u1,levin,limit,0.01635018,0.04402209,0.00953161,0.00681857,1,0,1,4.058313
power_law,1000,levin_u2,levin,limit,0.01635018,0.04402209,0.00999969,0.00635049,1,0,1,4.357446
power_law,1000,levin_v1,levin,limit,0.01635018,0.04402209,0.00960768,0.00674251,1,0,1,4.104099
power_law,1000,levin_v2,levin,limit,0.01635018,0.04402209,0.0099994,0.00635078,1,0,1,4.357244
power_law,1000,weniger_d1,weniger,limit,0.01635018,0.04402209,-0.0,0.01635018,1,0,1,1.692453
power_law,1000,weniger_d2,weniger,limit,0.01635018,0.04402209,0.0,0.01635018,1,0,1,1.692453
power_law,1000,brezinski_theta1,brezinski,limit,0.01635018,0.04402209,0.02989922,0.01354904,1,0,1,2.042352
power_law,1000,brezinski_theta2,brezinski,limit,0.01635018,0.04402209,0.02163424,0.00528406,1,0,1,5.236865
power_law,1000,neville_2,neville,trajectory,0.01635018,0.04402209,0.01952431,0.00317413,1,0,1,8.717948
power_law,1000,neville_3,neville,trajectory,0.01635018,0.04402209,0.0183379,0.00198772,1,0,1,13.921466
power_law,1000,neville_4,neville,trajectory,0.01635018,0.04402209,0.01771943,0.00136925,1,0,1,20.209607
power_law,1000,anderson_1,anderson,limit,0.01635018,0.04402209,0.04398702,0.02763684,1,0,1,1.001269
power_law,1000,anderson_2,anderson,limit,0.01635018,0.04402209,0.04395038,0.0276002,1,0,1,1.002598
power_law,1000,anderson_3,anderson,limit,0.01635018,0.04402209,0.0439121,0.02756191,1,0,1,1.003991
power_law,1000,median_ensemble,ensemble,trajectory,0.01635018,0.04402209,0.01952234,0.00317216,1,0,1,8.723357
power_law,1000,stability_weighted,ensemble,trajectory,0.01635018,0.04402209,0.02475496,0.00840478,1,0,1,3.292401
power_law,1000,best_shanks_wynn,ensemble,limit,0.01635018,0.04402209,0.03016844,0.01381826,1,0,1,2.002562
power_law,5000,current_value,baseline,limit,0.01205944,0.04402209,0.04402209,0.03196265,1,0,0,1.0
power_law,5000,linear,baseline,trajectory,0.01205944,0.04402209,,,0,1,0,
power_law,5000,log_linear,baseline,trajectory,0.01205944,0.04402209,0.01215474,9.53e-05,1,0,1,335.40013
power_law,5000,geom_avg_diff,baseline,limit,0.01205944,0.04402209,0.03072177,0.01866233,1,0,1,1.712683
power_law,5000,richardson_1,richardson,trajectory,0.01205944,0.04402209,0.01102646,0.00103299,1,0,1,30.941942
power_law,5000,richardson_2,richardson,trajectory,0.01205944,0.04402209,0.0120819,2.246e-05,1,0,1,1423.290749
power_law,5000,richardson_3,richardson,trajectory,0.01205944,0.04402209,0.01207482,1.537e-05,1,0,1,2079.403459
power_law,5000,richardson_a05,richardson,trajectory,0.01205944,0.04402209,-0.00120781,0.01326726,1,0,1,2.409137
power_law,5000,richardson_a10,richardson,trajectory,0.01205944,0.04402209,0.02560066,0.01354121,1,0,1,2.360398
power_law,5000,richardson_a20,richardson,trajectory,0.01205944,0.04402209,0.04190931,0.02984987,1,0,1,1.07078
power_law,5000,single_exp_fit,parametric,trajectory,0.01205944,0.04402209,0.03765216,0.02559272,1,0,1,1.248896
power_law,5000,double_exp_fit,parametric,trajectory,0.01205944,0.04402209,0.0376522,0.02559275,1,0,1,1.248895
power_law,5000,rational_fit,parametric,trajectory,0.01205944,0.04402209,0.01908239,0.00702294,1,0,1,4.551176
power_law,5000,log_fit,parametric,trajectory,0.01205944,0.04402209,0.02762808,0.01556864,1,0,1,2.053015
power_law,5000,shanks_1,shanks,limit,0.01205944,0.04402209,0.03016844,0.01810899,1,0,1,1.765015
power_law,5000,shanks_2,shanks,limit,0.01205944,0.04402209,0.021957,0.00989755,1,0,1,3.229348
power_law,5000,shanks_3,shanks,limit,0.01205944,0.04402209,0.01708769,0.00502825,1,0,1,6.35662
power_law,5000,shanks_4,shanks,limit,0.01205944,0.04402209,0.01812329,0.00606385,1,0,1,5.271019
power_law,5000,wynn_eps_1,wynn_eps,limit,0.01205944,0.04402209,0.03016844,0.01810899,1,0,1,1.765015
power_law,5000,wynn_eps_2,wynn_eps,limit,0.01205944,0.04402209,0.02505692,0.01299748,1,0,1,2.459142
power_law,5000,wynn_eps_3,wynn_eps,limit,0.01205944,0.04402209,0.02230534,0.0102459,1,0,1,3.119555
power_law,5000,wynn_rho_1,wynn_rho,limit,0.01205944,0.04402209,0.01605061,0.00399116,1,0,1,8.00836
power_law,5000,wynn_rho_2,wynn_rho,limit,0.01205944,0.04402209,0.01293622,0.00087677,1,0,1,36.454917
power_law,5000,wynn_rho_3,wynn_rho,limit,0.01205944,0.04402209,0.01184084,0.0002186,1,0,1,146.21312
power_law,5000,pade_11,pade,trajectory,0.01205944,0.04402209,0.01884413,0.00678469,1,0,1,4.710998
power_law,5000,pade_12,pade,trajectory,0.01205944,0.04402209,0.00286142,0.00919803,1,0,1,3.474945
power_law,5000,pade_13,pade,trajectory,0.01205944,0.04402209,-0.00024667,0.01230611,1,0,1,2.597299
power_law,5000,pade_21,pade,trajectory,0.01205944,0.04402209,-0.13507803,0.14713747,1,0,0,0.21723
power_law,5000,pade_22,pade,trajectory,0.01205944,0.04402209,0.01474224,0.00268279,1,0,1,11.913953
power_law,5000,pade_23,pade,trajectory,0.01205944,0.04402209,0.00537254,0.0066869,1,0,1,4.779888
power_law,5000,pade_31,pade,trajectory,0.01205944,0.04402209,5.33747517,5.32541573,1,1,0,0.006002
power_law,5000,pade_32,pade,trajectory,0.01205944,0.04402209,-0.01946616,0.03152561,1,0,1,1.013863
power_law,5000,levin_t1,levin,limit,0.01205944,0.04402209,0.03016844,0.01810899,1,0,1,1.765015
power_law,5000,levin_t2,levin,limit,0.01205944,0.04402209,0.0250197,0.01296025,1,0,1,2.466206
power_law,5000,levin_u1,levin,limit,0.01205944,0.04402209,0.00953161,0.00252784,1,0,1,12.644265
power_law,5000,levin_u2,levin,limit,0.01205944,0.04402209,0.00999969,0.00205975,1,0,1,15.517717
power_law,5000,levin_v1,levin,limit,0.01205944,0.04402209,0.00960768,0.00245177,1,0,1,13.036561
power_law,5000,levin_v2,levin,limit,0.01205944,0.04402209,0.0099994,0.00206005,1,0,1,15.515497
power_law,5000,weniger_d1,weniger,limit,0.01205944,0.04402209,-0.0,0.01205944,1,0,1,2.650424
power_law,5000,weniger_d2,weniger,limit,0.01205944,0.04402209,0.0,0.01205944,1,0,1,2.650424
power_law,5000,brezinski_theta1,brezinski,limit,0.01205944,0.04402209,0.02989922,0.01783978,1,0,1,1.791651
power_law,5000,brezinski_theta2,brezinski,limit,0.01205944,0.04402209,0.02163424,0.0095748,1,0,1,3.338206
power_law,5000,neville_2,neville,trajectory,0.01205944,0.04402209,0.0173244,0.00526496,1,0,1,6.070829
power_law,5000,neville_3,neville,trajectory,0.01205944,0.04402209,0.0158375,0.00377805,1,0,1,8.460081
power_law,5000,neville_4,neville,trajectory,0.01205944,0.04402209,0.0150033,0.00294386,1,0,1,10.857411
power_law,5000,anderson_1,anderson,limit,0.01205944,0.04402209,0.04398702,0.03192758,1,0,1,1.001098
power_law,5000,anderson_2,anderson,limit,0.01205944,0.04402209,0.04395038,0.03189094,1,0,1,1.002249
power_law,5000,anderson_3,anderson,limit,0.01205944,0.04402209,0.0439121,0.03185265,1,0,1,1.003453
power_law,5000,median_ensemble,ensemble,trajectory,0.01205944,0.04402209,0.01952234,0.0074629,1,0,1,4.282872
power_law,5000,stability_weighted,ensemble,trajectory,0.01205944,0.04402209,0.02382176,0.01176231,1,0,1,2.717378
power_law,5000,best_shanks_wynn,ensemble,limit,0.01205944,0.04402209,0.03016844,0.01810899,1,0,1,1.765015
rational_decay,150,current_value,baseline,limit,0.12428571,0.18391304,0.18391304,0.05962733,1,0,0,1.0
rational_decay,150,linear,baseline,trajectory,0.12428571,0.18391304,-0.01040209,0.1346878,1,0,0,0.442708
rational_decay,150,log_linear,baseline,trajectory,0.12428571,0.18391304,0.13458127,0.01029556,1,0,1,5.791558
rational_decay,150,geom_avg_diff,baseline,limit,0.12428571,0.18391304,0.1285945,0.00430879,1,0,1,13.838535
rational_decay,150,richardson_1,richardson,trajectory,0.12428571,0.18391304,0.1346157,0.01032999,1,0,1,5.772254
rational_decay,150,richardson_2,richardson,trajectory,0.12428571,0.18391304,0.1346157,0.01032998,1,0,1,5.772259
rational_decay,150,richardson_3,richardson,trajectory,0.12428571,0.18391304,0.13224108,0.00795537,1,0,1,7.49523
rational_decay,150,richardson_a05,richardson,trajectory,0.12428571,0.18391304,0.12572362,0.0014379,1,0,1,41.468274
rational_decay,150,richardson_a10,richardson,trajectory,0.12428571,0.18391304,0.15175961,0.02747389,1,0,1,2.170327
rational_decay,150,richardson_a20,richardson,trajectory,0.12428571,0.18391304,0.18669489,0.06240917,1,0,0,0.955426
rational_decay,150,single_exp_fit,parametric,trajectory,0.12428571,0.18391304,0.14342042,0.01913471,1,0,1,3.116187
rational_decay,150,double_exp_fit,parametric,trajectory,0.12428571,0.18391304,0.12698868,0.00270296,1,0,1,22.059994
rational_decay,150,rational_fit,parametric,trajectory,0.12428571,0.18391304,0.12428571,0.0,1,0,1,4655211438.473804
rational_decay,150,log_fit,parametric,trajectory,0.12428571,0.18391304,0.20856072,0.084275,1,0,0,0.707533
rational_decay,150,shanks_1,shanks,limit,0.12428571,0.18391304,0.0977193,0.02656642,1,0,1,2.244463
rational_decay,150,shanks_2,shanks,limit,0.12428571,0.18391304,0.05424779,0.07003792,1,0,0,0.851358
rational_decay,150,shanks_3,shanks,limit,0.12428571,0.18391304,0.0323465,0.09193921,1,0,0,0.648552
rational_decay,150,shanks_4,shanks,limit,0.12428571,0.18391304,0.03194958,0.09233614,1,0,0,0.645764
rational_decay,150,wynn_eps_1,wynn_eps,limit,0.12428571,0.18391304,0.0977193,0.02656642,1,0,1,2.244463
rational_decay,150,wynn_eps_2,wynn_eps,limit,0.12428571,0.18391304,0.06899705,0.05528866,1,0,1,1.078473
rational_decay,150,wynn_eps_3,wynn_eps,limit,0.12428571,0.18391304,0.05464521,0.0696405,1,0,0,0.856216
rational_decay,150,wynn_rho_1,wynn_rho,limit,0.12428571,0.18391304,0.01,0.11428571,1,0,0,0.521739
rational_decay,150,wynn_rho_2,wynn_rho,limit,0.12428571,0.18391304,0.01,0.11428571,1,0,0,0.521739
rational_decay,150,wynn_rho_3,wynn_rho,limit,0.12428571,0.18391304,0.01,0.11428571,1,0,0,0.521739
rational_decay,150,pade_11,pade,trajectory,0.12428571,0.18391304,0.12428571,0.0,1,0,1,1.0
rational_decay,150,pade_12,pade,trajectory,0.12428571,0.18391304,0.12428571,0.0,1,0,1,1.0
rational_decay,150,pade_13,pade,trajectory,0.12428571,0.18391304,0.12428571,0.0,1,0,1,224076031.266244
rational_decay,150,pade_21,pade,trajectory,0.12428571,0.18391304,0.12428571,0.0,1,0,1,1.0
rational_decay,150,pade_22,pade,trajectory,0.12428571,0.18391304,0.12428571,0.0,1,0,1,1.0
rational_decay,150,pade_23,pade,trajectory,0.12428571,0.18391304,0.12428571,0.0,1,0,1,798596384.761438
rational_decay,150,pade_31,pade,trajectory,0.12428571,0.18391304,0.12428571,0.0,1,0,1,1.0
rational_decay,150,pade_32,pade,trajectory,0.12428571,0.18391304,0.12428571,0.0,1,0,1,7254268850.728217
rational_decay,150,levin_t1,levin,limit,0.12428571,0.18391304,0.0977193,0.02656642,1,0,1,2.244463
rational_decay,150,levin_t2,levin,limit,0.12428571,0.18391304,0.07329114,0.05099458,1,0,1,1.169288
rational_decay,150,levin_u1,levin,limit,0.12428571,0.18391304,-0.05747638,0.1817621,1,0,0,0.328052
rational_decay,150,levin_u2,levin,limit,0.12428571,0.18391304,0.01,0.11428571,1,0,0,0.521739
rational_decay,150,levin_v1,levin,limit,0.12428571,0.18391304,0.00841972,0.11586599,1,0,0,0.514623
rational_decay,150,levin_v2,levin,limit,0.12428571,0.18391304,0.00965833,0.11462739,1,0,0,0.520184
rational_decay,150,weniger_d1,weniger,limit,0.12428571,0.18391304,-0.0,0.12428571,1,0,0,0.47976
rational_decay,150,weniger_d2,weniger,limit,0.12428571,0.18391304,0.0,0.12428571,1,0,0,0.47976
rational_decay,150,brezinski_theta1,brezinski,limit,0.12428571,0.18391304,0.09616674,0.02811897,1,0,1,2.120537
rational_decay,150,brezinski_theta2,brezinski,limit,0.12428571,0.18391304,0.05267341,0.0716123,1,0,0,0.832641
rational_decay,150,neville_2,neville,trajectory,0.12428571,0.18391304,0.12477199,0.00048627,1,0,1,122.620836
rational_decay,150,neville_3,neville,trajectory,0.12428571,0.18391304,0.1243313,4.559e-05,1,0,1,1307.955567
rational_decay,150,neville_4,neville,trajectory,0.12428571,0.18391304,0.1242901,4.38e-06,1,0,1,13610.892555
rational_decay,150,anderson_1,anderson,limit,0.12428571,0.18391304,0.17805608,0.05377037,1,0,1,1.108925
rational_decay,150,anderson_2,anderson,limit,0.12428571,0.18391304,0.17273649,0.04845078,1,0,1,1.230678
rational_decay,150,anderson_3,anderson,limit,0.12428571,0.18391304,0.1678957,0.04360998,1,0,1,1.367286
rational_decay,150,median_ensemble,ensemble,trajectory,0.12428571,0.18391304,0.0977193,0.02656642,1,0,1,2.244463
rational_decay,150,stability_weighted,ensemble,trajectory,0.12428571,0.18391304,0.08567477,0.03861094,1,0,1,1.544312
rational_decay,150,best_shanks_wynn,ensemble,limit,0.12428571,0.18391304,0.0977193,0.02656642,1,0,1,2.244463
rational_decay,1000,current_value,baseline,limit,0.0295122,0.18391304,0.18391304,0.15440085,1,0,0,1.0
rational_decay,1000,linear,baseline,trajectory,0.0295122,0.18391304,,,0,1,0,
rational_decay,1000,log_linear,baseline,trajectory,0.0295122,0.18391304,0.04404018,0.01452798,1,0,1,10.627825
rational_decay,1000,geom_avg_diff,baseline,limit,0.0295122,0.18391304,0.10042528,0.07091308,1,0,1,2.177325
rational_decay,1000,richardson_1,richardson,trajectory,0.0295122,0.18391304,0.03943743,0.00992523,1,0,1,15.556394
rational_decay,1000,richardson_2,richardson,trajectory,0.0295122,0.18391304,0.03943742,0.00992523,1,0,1,15.556404
rational_decay,1000,richardson_3,richardson,trajectory,0.0295122,0.18391304,0.03532305,0.00581085,1,0,1,26.571112
rational_decay,1000,richardson_a05,richardson,trajectory,0.0295122,0.18391304,0.00050251,0.02900969,1,0,1,5.32239
rational_decay,1000,richardson_a10,richardson,trajectory,0.0295122,0.18391304,0.10105865,0.07154645,1,0,1,2.15805
rational_decay,1000,richardson_a20,richardson,trajectory,0.0295122,0.18391304,0.1774539,0.14794171,1,0,1,1.04366
rational_decay,1000,single_exp_fit,parametric,trajectory,0.0295122,0.18391304,0.1313879,0.10187571,1,0,1,1.515581
rational_decay,1000,double_exp_fit,parametric,trajectory,0.0295122,0.18391304,0.09077461,0.06126242,1,0,1,2.520319
rational_decay,1000,rational_fit,parametric,trajectory,0.0295122,0.18391304,0.0295122,0.0,1,0,1,4362014290.743604
rational_decay,1000,log_fit,parametric,trajectory,0.0295122,0.18391304,0.15176499,0.12225279,1,0,1,1.262964
rational_decay,1000,shanks_1,shanks,limit,0.0295122,0.18391304,0.0977193,0.0682071,1,0,1,2.263706
rational_decay,1000,shanks_2,shanks,limit,0.0295122,0.18391304,0.05424779,0.0247356,1,0,1,6.242051
rational_decay,1000,shanks_3,shanks,limit,0.0295122,0.18391304,0.0323465,0.00283431,1,0,1,54.47567
rational_decay,1000,shanks_4,shanks,limit,0.0295122,0.18391304,0.03194958,0.00243738,1,0,1,63.347052
rational_decay,1000,wynn_eps_1,wynn_eps,limit,0.0295122,0.18391304,0.0977193,0.0682071,1,0,1,2.263706
rational_decay,1000,wynn_eps_2,wynn_eps,limit,0.0295122,0.18391304,0.06899705,0.03948486,1,0,1,3.910381
rational_decay,1000,wynn_eps_3,wynn_eps,limit,0.0295122,0.18391304,0.05464521,0.02513302,1,0,1,6.143347
rational_decay,1000,wynn_rho_1,wynn_rho,limit,0.0295122,0.18391304,0.01,0.0195122,1,0,1,7.913043
rational_decay,1000,wynn_rho_2,wynn_rho,limit,0.0295122,0.18391304,0.01,0.0195122,1,0,1,7.913043
rational_decay,1000,wynn_rho_3,wynn_rho,limit,0.0295122,0.18391304,0.01,0.0195122,1,0,1,7.913043
rational_decay,1000,pade_11,pade,trajectory,0.0295122,0.18391304,0.0295122,0.0,1,0,1,1.0
rational_decay,1000,pade_12,pade,trajectory,0.0295122,0.18391304,0.0295122,0.0,1,0,1,13318178950.647232
rational_decay,1000,pade_13,pade,trajectory,0.0295122,0.18391304,0.0295121,1e-07,1,0,1,1569192.241578
rational_decay,1000,pade_21,pade,trajectory,0.0295122,0.18391304,0.0295122,0.0,1,0,1,1.0
rational_decay,1000,pade_22,pade,trajectory,0.0295122,0.18391304,0.0295122,0.0,1,0,1,1.0
rational_decay,1000,pade_23,pade,trajectory,0.0295122,0.18391304,0.0295122,0.0,1,0,1,752766773.465746
rational_decay,1000,pade_31,pade,trajectory,0.0295122,0.18391304,0.02951219,0.0,1,0,1,494373956.676474
rational_decay,1000,pade_32,pade,trajectory,0.0295122,0.18391304,0.0295122,0.0,1,0,1,6661456802.31356
rational_decay,1000,levin_t1,levin,limit,0.0295122,0.18391304,0.0977193,0.0682071,1,0,1,2.263706
rational_decay,1000,levin_t2,levin,limit,0.0295122,0.18391304,0.07329114,0.04377894,1,0,1,3.526829
rational_decay,1000,levin_u1,levin,limit,0.0295122,0.18391304,-0.05747638,0.08698858,1,0,1,1.774955
rational_decay,1000,levin_u2,levin,limit,0.0295122,0.18391304,0.01,0.0195122,1,0,1,7.913044
rational_decay,1000,levin_v1,levin,limit,0.0295122,0.18391304,0.00841972,0.02109247,1,0,1,7.320187
rational_decay,1000,levin_v2,levin,limit,0.0295122,0.18391304,0.00965833,0.01985387,1,0,1,7.776864
rational_decay,1000,weniger_d1,weniger,limit,0.0295122,0.18391304,-0.0,0.0295122,1,0,1,5.231764
rational_decay,1000,weniger_d2,weniger,limit,0.0295122,0.18391304,0.0,0.0295122,1,0,1,5.231764
rational_decay,1000,brezinski_theta1,brezinski,limit,0.0295122,0.18391304,0.09616674,0.06665455,1,0,1,2.316434
rational_decay,1000,brezinski_theta2,brezinski,limit,0.0295122,0.18391304,0.05267341,0.02316121,1,0,1,6.666354
rational_decay,1000,neville_2,neville,trajectory,0.0295122,0.18391304,0.03573605,0.00622386,1,0,1,24.807903
rational_decay,1000,neville_3,neville,trajectory,0.0295122,0.18391304,0.03078058,0.00126839,1,0,1,121.729909
rational_decay,1000,neville_4,neville,trajectory,0.0295122,0.18391304,0.0297733,0.00026111,1,0,1,591.335334
rational_decay,1000,anderson_1,anderson,limit,0.0295122,0.18391304,0.17805608,0.14854389,1,0,1,1.039429
rational_decay,1000,anderson_2,anderson,limit,0.0295122,0.18391304,0.17273649,0.1432243,1,0,1,1.078035
rational_decay,1000,anderson_3,anderson,limit,0.0295122,0.18391304,0.1678957,0.1383835,1,0,1,1.115746
rational_decay,1000,median_ensemble,ensemble,trajectory,0.0295122,0.18391304,0.04684261,0.01733041,1,0,1,8.909241
rational_decay,1000,stability_weighted,ensemble,trajectory,0.0295122,0.18391304,0.05863572,0.02912352,1,0,1,5.301586
rational_decay,1000,best_shanks_wynn,ensemble,limit,0.0295122,0.18391304,0.0977193,0.0682071,1,0,1,2.263706
rational_decay,5000,current_value,baseline,limit,0.0139801,0.18391304,0.18391304,0.16993294,1,0,0,1.0
rational_decay,5000,linear,baseline,trajectory,0.0139801,0.18391304,,,0,1,0,
rational_decay,5000,log_linear,baseline,trajectory,0.0139801,0.18391304,0.02132335,0.00734325,1,0,1,23.141382
rational_decay,5000,geom_avg_diff,baseline,limit,0.0139801,0.18391304,0.10042527,0.08644517,1,0,1,1.965789
rational_decay,5000,richardson_1,richardson,trajectory,0.0139801,0.18391304,0.01391793,6.217e-05,1,0,1,2733.518911
rational_decay,5000,richardson_2,richardson,trajectory,0.0139801,0.18391304,0.01391793,6.217e-05,1,0,1,2733.361736
rational_decay,5000,richardson_3,richardson,trajectory,0.0139801,0.18391304,0.01124437,0.00273573,1,0,1,62.116222
rational_decay,5000,richardson_a05,richardson,trajectory,0.0139801,0.18391304,-0.04325287,0.05723297,1,0,1,2.969144
rational_decay,5000,richardson_a10,richardson,trajectory,0.0139801,0.18391304,0.09390087,0.07992077,1,0,1,2.126268
rational_decay,5000,richardson_a20,richardson,trajectory,0.0139801,0.18391304,0.1772497,0.1632696,1,0,1,1.040812
rational_decay,5000,single_exp_fit,parametric,trajectory,0.0139801,0.18391304,0.1313879,0.1174078,1,0,1,1.447374
rational_decay,5000,double_exp_fit,parametric,trajectory,0.0139801,0.18391304,0.09077454,0.07679444,1,0,1,2.212829
rational_decay,5000,rational_fit,parametric,trajectory,0.0139801,0.18391304,0.0139801,0.0,1,0,1,4233701296.569295
rational_decay,5000,log_fit,parametric,trajectory,0.0139801,0.18391304,0.12312747,0.10914737,1,0,1,1.556913
rational_decay,5000,shanks_1,shanks,limit,0.0139801,0.18391304,0.0977193,0.0837392,1,0,1,2.029312
rational_decay,5000,shanks_2,shanks,limit,0.0139801,0.18391304,0.05424779,0.04026769,1,0,1,4.220082
rational_decay,5000,shanks_3,shanks,limit,0.0139801,0.18391304,0.0323465,0.0183664,1,0,1,9.25238
rational_decay,5000,shanks_4,shanks,limit,0.0139801,0.18391304,0.03194958,0.01796948,1,0,1,9.456756
rational_decay,5000,wynn_eps_1,wynn_eps,limit,0.0139801,0.18391304,0.0977193,0.0837392,1,0,1,2.029312
rational_decay,5000,wynn_eps_2,wynn_eps,limit,0.0139801,0.18391304,0.06899705,0.05501695,1,0,1,3.088738
rational_decay,5000,wynn_eps_3,wynn_eps,limit,0.0139801,0.18391304,0.05464521,0.04066511,1,0,1,4.178839
rational_decay,5000,wynn_rho_1,wynn_rho,limit,0.0139801,0.18391304,0.01,0.0039801,1,0,1,42.695652
rational_decay,5000,wynn_rho_2,wynn_rho,limit,0.0139801,0.18391304,0.01,0.0039801,1,0,1,42.695652
rational_decay,5000,wynn_rho_3,wynn_rho,limit,0.0139801,0.18391304,0.01,0.0039801,1,0,1,42.695652
rational_decay,5000,pade_11,pade,trajectory,0.0139801,0.18391304,0.0139801,0.0,1,0,1,1.0
rational_decay,5000,pade_12,pade,trajectory,0.0139801,0.18391304,0.0139801,0.0,1,0,1,2433813945.915032
rational_decay,5000,pade_13,pade,trajectory,0.0139801,0.18391304,0.01397698,3.12e-06,1,0,1,54540.18431
rational_decay,5000,pade_21,pade,trajectory,0.0139801,0.18391304,0.0139801,0.0,1,0,1,30919134869.050842
rational_decay,5000,pade_22,pade,trajectory,0.0139801,0.18391304,0.0139801,0.0,1,0,1,1.0
rational_decay,5000,pade_23,pade,trajectory,0.0139801,0.18391304,0.0139801,0.0,1,0,1,150144297.835737
rational_decay,5000,pade_31,pade,trajectory,0.0139801,0.18391304,0.01398009,1e-08,1,0,1,17137715.554039
rational_decay,5000,pade_32,pade,trajectory,0.0139801,0.18391304,0.0139801,0.0,1,0,1,1325816460.22889
rational_decay,5000,levin_t1,levin,limit,0.0139801,0.18391304,0.0977193,0.0837392,1,0,1,2.029312
rational_decay,5000,levin_t2,levin,limit,0.0139801,0.18391304,0.07329114,0.05931104,1,0,1,2.865115
rational_decay,5000,levin_u1,levin,limit,0.0139801,0.18391304,-0.05747638,0.07145648,1,0,1,2.378132
rational_decay,5000,levin_u2,levin,limit,0.0139801,0.18391304,0.01,0.0039801,1,0,1,42.695653
rational_decay,5000,levin_v1,levin,limit,0.0139801,0.18391304,0.00841972,0.00556038,1,0,1,30.561404
rational_decay,5000,levin_v2,levin,limit,0.0139801,0.18391304,0.00965833,0.00432177,1,0,1,39.320181
rational_decay,5000,weniger_d1,weniger,limit,0.0139801,0.18391304,-0.0,0.0139801,1,0,1,12.155346
rational_decay,5000,weniger_d2,weniger,limit,0.0139801,0.18391304,0.0,0.0139801,1,0,1,12.155346
rational_decay,5000,brezinski_theta1,brezinski,limit,0.0139801,0.18391304,0.09616674,0.08218664,1,0,1,2.067647
rational_decay,5000,brezinski_theta2,brezinski,limit,0.0139801,0.18391304,0.05267341,0.03869331,1,0,1,4.391791
rational_decay,5000,neville_2,neville,trajectory,0.0139801,0.18391304,0.02193551,0.00795541,1,0,1,21.360676
rational_decay,5000,neville_3,neville,trajectory,0.0139801,0.18391304,0.01572496,0.00174486,1,0,1,97.390421
rational_decay,5000,neville_4,neville,trajectory,0.0139801,0.18391304,0.01436633,0.00038623,1,0,1,439.980243
rational_decay,5000,anderson_1,anderson,limit,0.0139801,0.18391304,0.17805608,0.16407599,1,0,1,1.035697
rational_decay,5000,anderson_2,anderson,limit,0.0139801,0.18391304,0.17273649,0.15875639,1,0,1,1.070401
rational_decay,5000,anderson_3,anderson,limit,0.0139801,0.18391304,0.1678957,0.1539156,1,0,1,1.104066
rational_decay,5000,median_ensemble,ensemble,trajectory,0.0139801,0.18391304,0.04329715,0.02931705,1,0,1,5.796387
rational_decay,5000,stability_weighted,ensemble,trajectory,0.0139801,0.18391304,0.05612295,0.04214285,1,0,1,4.032308
rational_decay,5000,best_shanks_wynn,ensemble,limit,0.0139801,0.18391304,0.0977193,0.0837392,1,0,1,2.029312
mixed_pow_rat,150,current_value,baseline,limit,0.11755154,0.15907425,0.15907425,0.04152271,1,0,0,1.0
mixed_pow_rat,150,linear,baseline,trajectory,0.11755154,0.15907425,0.04591375,0.07163778,1,0,0,0.57962
mixed_pow_rat,150,log_linear,baseline,trajectory,0.11755154,0.15907425,0.12626392,0.00871239,1,0,1,4.765941
mixed_pow_rat,150,geom_avg_diff,baseline,limit,0.11755154,0.15907425,0.12006193,0.00251039,1,0,1,16.540313
mixed_pow_rat,150,richardson_1,richardson,trajectory,0.11755154,0.15907425,0.12623168,0.00868015,1,0,1,4.783642
mixed_pow_rat,150,richardson_2,richardson,trajectory,0.11755154,0.15907425,0.12182201,0.00427047,1,0,1,9.723221
mixed_pow_rat,150,richardson_3,richardson,trajectory,0.11755154,0.15907425,0.121822,0.00427046,1,0,1,9.723241
mixed_pow_rat,150,richardson_a05,richardson,trajectory,0.11755154,0.15907425,0.12661673,0.00906519,1,0,1,4.580456
mixed_pow_rat,150,richardson_a10,richardson,trajectory,0.11755154,0.15907425,0.14199405,0.02444251,1,0,1,1.698791
mixed_pow_rat,150,richardson_a20,richardson,trajectory,0.11755154,0.15907425,0.16257726,0.04502572,1,0,0,0.9222
mixed_pow_rat,150,single_exp_fit,parametric,trajectory,0.11755154,0.15907425,0.12885018,0.01129865,1,0,1,3.675017
mixed_pow_rat,150,double_exp_fit,parametric,trajectory,0.11755154,0.15907425,0.11940924,0.0018577,1,0,1,22.351705
mixed_pow_rat,150,rational_fit,parametric,trajectory,0.11755154,0.15907425,0.11894383,0.00139229,1,0,1,29.823334
mixed_pow_rat,150,log_fit,parametric,trajectory,0.11755154,0.15907425,0.16498674,0.0474352,1,0,0,0.875356
mixed_pow_rat,150,shanks_1,shanks,limit,0.11755154,0.15907425,0.0923272,0.02522434,1,0,1,1.646137
mixed_pow_rat,150,shanks_2,shanks,limit,0.11755154,0.15907425,0.05810096,0.05945058,1,0,0,0.698441
mixed_pow_rat,150,shanks_3,shanks,limit,0.11755154,0.15907425,0.03987515,0.07767639,1,0,0,0.53456
mixed_pow_rat,150,shanks_4,shanks,limit,0.11755154,0.15907425,0.03951433,0.07803721,1,0,0,0.532089
mixed_pow_rat,150,wynn_eps_1,wynn_eps,limit,0.11755154,0.15907425,0.0923272,0.02522434,1,0,1,1.646137
mixed_pow_rat,150,wynn_eps_2,wynn_eps,limit,0.11755154,0.15907425,0.06985327,0.04769827,1,0,0,0.870529
mixed_pow_rat,150,wynn_eps_3,wynn_eps,limit,0.11755154,0.15907425,0.0585406,0.05901094,1,0,0,0.703644
mixed_pow_rat,150,wynn_rho_1,wynn_rho,limit,0.11755154,0.15907425,0.02457702,0.09297452,1,0,0,0.446603
mixed_pow_rat,150,wynn_rho_2,wynn_rho,limit,0.11755154,0.15907425,0.01947644,0.09807509,1,0,0,0.423377
mixed_pow_rat,150,wynn_rho_3,wynn_rho,limit,0.11755154,0.15907425,0.01614926,0.10140228,1,0,0,0.409485
mixed_pow_rat,150,pade_11,pade,trajectory,0.11755154,0.15907425,0.11879494,0.0012434,1,0,1,33.394469
mixed_pow_rat,150,pade_12,pade,trajectory,0.11755154,0.15907425,0.11697575,0.00057579,1,0,1,72.11472
mixed_pow_rat,150,pade_13,pade,trajectory,0.11755154,0.15907425,0.11769691,0.00014537,1,0,1,285.633636
mixed_pow_rat,150,pade_21,pade,trajectory,0.11755154,0.15907425,0.11634886,0.00120268,1,0,1,34.525244
mixed_pow_rat,150,pade_22,pade,trajectory,0.11755154,0.15907425,0.11760969,5.815e-05,1,0,1,714.077715
mixed_pow_rat,150,pade_23,pade,trajectory,0.11755154,0.15907425,0.11753909,1.245e-05,1,0,1,3335.572914
mixed_pow_rat,150,pade_31,pade,trajectory,0.11755154,0.15907425,0.11885509,0.00130355,1,0,1,31.85348
mixed_pow_rat,150,pade_32,pade,trajectory,0.11755154,0.15907425,0.11753497,1.657e-05,1,0,1,2506.115355
mixed_pow_rat,150,levin_t1,levin,limit,0.11755154,0.15907425,0.0923272,0.02522434,1,0,1,1.646137
mixed_pow_rat,150,levin_t2,levin,limit,0.11755154,0.15907425,0.07322252,0.04432901,1,0,0,0.936694
mixed_pow_rat,150,levin_u1,levin,limit,0.11755154,0.15907425,-0.11139887,0.22895041,1,1,0,0.181361
mixed_pow_rat,150,levin_u2,levin,limit,0.11755154,0.15907425,0.00788985,0.10966168,1,0,0,0.378644
mixed_pow_rat,150,levin_v1,levin,limit,0.11755154,0.15907425,0.00660164,0.1109499,1,0,0,0.374247
mixed_pow_rat,150,levin_v2,levin,limit,0.11755154,0.15907425,0.01869631,0.09885523,1,0,0,0.420036
mixed_pow_rat,150,weniger_d1,weniger,limit,0.11755154,0.15907425,-0.0,0.11755154,1,0,0,0.35323
mixed_pow_rat,150,weniger_d2,weniger,limit,0.11755154,0.15907425,0.0,0.11755154,1,0,0,0.35323
mixed_pow_rat,150,brezinski_theta1,brezinski,limit,0.11755154,0.15907425,0.091309,0.02624254,1,0,1,1.582267
mixed_pow_rat,150,brezinski_theta2,brezinski,limit,0.11755154,0.15907425,0.05704231,0.06050923,1,0,0,0.686221
mixed_pow_rat,150,neville_2,neville,trajectory,0.11755154,0.15907425,0.11849911,0.00094757,1,0,1,43.82023
mixed_pow_rat,150,neville_3,neville,trajectory,0.11755154,0.15907425,0.1177262,0.00017466,1,0,1,237.736756
mixed_pow_rat,150,neville_4,neville,trajectory,0.11755154,0.15907425,0.11758906,3.752e-05,1,0,1,1106.574612
mixed_pow_rat,150,anderson_1,anderson,limit,0.11755154,0.15907425,0.15759098,0.04003944,1,0,1,1.037045
mixed_pow_rat,150,anderson_2,anderson,limit,0.11755154,0.15907425,0.15611875,0.03856721,1,0,1,1.076632
mixed_pow_rat,150,anderson_3,anderson,limit,0.11755154,0.15907425,0.15465889,0.03710736,1,0,1,1.118989
mixed_pow_rat,150,median_ensemble,ensemble,trajectory,0.11755154,0.15907425,0.0923272,0.02522434,1,0,1,1.646137
mixed_pow_rat,150,stability_weighted,ensemble,trajectory,0.11755154,0.15907425,0.07209753,0.04545401,1,0,0,0.91351
mixed_pow_rat,150,best_shanks_wynn,ensemble,limit,0.11755154,0.15907425,0.0923272,0.02522434,1,0,1,1.646137
mixed_pow_rat,1000,current_value,baseline,limit,0.03692851,0.15907425,0.15907425,0.12214575,1,0,0,1.0
mixed_pow_rat,1000,linear,baseline,trajectory,0.03692851,0.15907425,,,0,1,0,
mixed_pow_rat,1000,log_linear,baseline,trajectory,0.03692851,0.15907425,0.05390089,0.01697238,1,0,1,7.196736
mixed_pow_rat,1000,geom_avg_diff,baseline,limit,0.03692851,0.15907425,0.09430577,0.05737727,1,0,1,2.128818
mixed_pow_rat,1000,richardson_1,richardson,trajectory,0.03692851,0.15907425,0.05059636,0.01366786,1,0,1,8.936714
mixed_pow_rat,1000,richardson_2,richardson,trajectory,0.03692851,0.15907425,0.04080079,0.00387229,1,0,1,31.543546
mixed_pow_rat,1000,richardson_3,richardson,trajectory,0.03692851,0.15907425,0.04080076,0.00387225,1,0,1,31.543866
mixed_pow_rat,1000,richardson_a05,richardson,trajectory,0.03692851,0.15907425,0.05325124,0.01632273,1,0,1,7.483168
mixed_pow_rat,1000,richardson_a10,richardson,trajectory,0.03692851,0.15907425,0.11234989,0.07542138,1,0,1,1.619511
mixed_pow_rat,1000,richardson_a20,richardson,trajectory,0.03692851,0.15907425,0.15719565,0.12026714,1,0,1,1.01562
mixed_pow_rat,1000,single_exp_fit,parametric,trajectory,0.03692851,0.15907425,0.11658788,0.07965937,1,0,1,1.533351
mixed_pow_rat,1000,double_exp_fit,parametric,trajectory,0.03692851,0.15907425,0.08886891,0.0519404,1,0,1,2.351652
mixed_pow_rat,1000,rational_fit,parametric,trajectory,0.03692851,0.15907425,0.04801051,0.01108201,1,0,1,11.021989
mixed_pow_rat,1000,log_fit,parametric,trajectory,0.03692851,0.15907425,0.12005718,0.08312867,1,0,1,1.469358
mixed_pow_rat,1000,shanks_1,shanks,limit,0.03692851,0.15907425,0.0923272,0.05539869,1,0,1,2.204849
mixed_pow_rat,1000,shanks_2,shanks,limit,0.03692851,0.15907425,0.05810096,0.02117245,1,0,1,5.769088
mixed_pow_rat,1000,shanks_3,shanks,limit,0.03692851,0.15907425,0.03987515,0.00294665,1,0,1,41.452456
mixed_pow_rat,1000,shanks_4,shanks,limit,0.03692851,0.15907425,0.03951433,0.00258583,1,0,1,47.236614
mixed_pow_rat,1000,wynn_eps_1,wynn_eps,limit,0.03692851,0.15907425,0.0923272,0.05539869,1,0,1,2.204849
mixed_pow_rat,1000,wynn_eps_2,wynn_eps,limit,0.03692851,0.15907425,0.06985327,0.03292476,1,0,1,3.709844
mixed_pow_rat,1000,wynn_eps_3,wynn_eps,limit,0.03692851,0.15907425,0.0585406,0.02161209,1,0,1,5.651732
mixed_pow_rat,1000,wynn_rho_1,wynn_rho,limit,0.03692851,0.15907425,0.02457702,0.01235148,1,0,1,9.889155
mixed_pow_rat,1000,wynn_rho_2,wynn_rho,limit,0.03692851,0.15907425,0.01947644,0.01745206,1,0,1,6.99893
mixed_pow_rat,1000,wynn_rho_3,wynn_rho,limit,0.03692851,0.15907425,0.01614926,0.02077925,1,0,1,5.878257
mixed_pow_rat,1000,pade_11,pade,trajectory,0.03692851,0.15907425,0.04747932,0.01055082,1,0,1,11.576899
mixed_pow_rat,1000,pade_12,pade,trajectory,0.03692851,0.15907425,0.02721777,0.00971073,1,0,1,12.578429
mixed_pow_rat,1000,pade_13,pade,trajectory,0.03692851,0.15907425,0.07968648,0.04275798,1,0,1,2.856677
mixed_pow_rat,1000,pade_21,pade,trajectory,0.03692851,0.15907425,-0.04578296,0.08271146,1,0,1,1.476769
mixed_pow_rat,1000,pade_22,pade,trajectory,0.03692851,0.15907425,0.03981871,0.00289021,1,0,1,42.261924
mixed_pow_rat,1000,pade_23,pade,trajectory,0.03692851,0.15907425,0.03427184,0.00265667,1,0,1,45.977061
mixed_pow_rat,1000,pade_31,pade,trajectory,0.03692851,0.15907425,0.92584594,0.88891743,1,1,0,0.13741
mixed_pow_rat,1000,pade_32,pade,trajectory,0.03692851,0.15907425,0.03094026,0.00598825,1,0,1,20.397576
mixed_pow_rat,1000,levin_t1,levin,limit,0.03692851,0.15907425,0.0923272,0.05539869,1,0,1,2.204849
mixed_pow_rat,1000,levin_t2,levin,limit,0.03692851,0.15907425,0.07322252,0.03629402,1,0,1,3.365451
mixed_pow_rat,1000,levin_u1,levin,limit,0.03692851,0.15907425,-0.11139887,0.14832737,1,0,0,0.823488
mixed_pow_rat,1000,levin_u2,levin,limit,0.03692851,0.15907425,0.00788985,0.02903865,1,0,1,4.206316
mixed_pow_rat,1000,levin_v1,levin,limit,0.03692851,0.15907425,0.00660164,0.03032686,1,0,1,4.027642
mixed_pow_rat,1000,levin_v2,levin,limit,0.03692851,0.15907425,0.01869631,0.0182322,1,0,1,6.699452
mixed_pow_rat,1000,weniger_d1,weniger,limit,0.03692851,0.15907425,-0.0,0.03692851,1,0,1,3.307628
mixed_pow_rat,1000,weniger_d2,weniger,limit,0.03692851,0.15907425,0.0,0.03692851,1,0,1,3.307628
mixed_pow_rat,1000,brezinski_theta1,brezinski,limit,0.03692851,0.15907425,0.091309,0.05438049,1,0,1,2.246132
mixed_pow_rat,1000,brezinski_theta2,brezinski,limit,0.03692851,0.15907425,0.05704231,0.0201138,1,0,1,6.072733
mixed_pow_rat,1000,neville_2,neville,trajectory,0.03692851,0.15907425,0.0530425,0.016114,1,0,1,7.580102
mixed_pow_rat,1000,neville_3,neville,trajectory,0.03692851,0.15907425,0.04435119,0.00742269,1,0,1,16.455728
mixed_pow_rat,1000,neville_4,neville,trajectory,0.03692851,0.15907425,0.04099904,0.00407053,1,0,1,30.007328
mixed_pow_rat,1000,anderson_1,anderson,limit,0.03692851,0.15907425,0.15759098,0.12066247,1,0,1,1.012293
mixed_pow_rat,1000,anderson_2,anderson,limit,0.03692851,0.15907425,0.15611875,0.11919024,1,0,1,1.024797
mixed_pow_rat,1000,anderson_3,anderson,limit,0.03692851,0.15907425,0.15465889,0.11773039,1,0,1,1.037504
mixed_pow_rat,1000,median_ensemble,ensemble,trajectory,0.03692851,0.15907425,0.06397711,0.02704861,1,0,1,4.515787
mixed_pow_rat,1000,stability_weighted,ensemble,trajectory,0.03692851,0.15907425,0.07039945,0.03347094,1,0,1,3.649307
mixed_pow_rat,1000,best_shanks_wynn,ensemble,limit,0.03692851,0.15907425,0.0923272,0.05539869,1,0,1,2.204849
mixed_pow_rat,5000,current_value,baseline,limit,0.01862659,0.15907425,0.15907425,0.14044766,1,0,0,1.0
mixed_pow_rat,5000,linear,baseline,trajectory,0.01862659,0.15907425,,,0,1,0,
mixed_pow_rat,5000,log_linear,baseline,trajectory,0.01862659,0.15907425,0.02921506,0.01058847,1,0,1,13.264207
mixed_pow_rat,5000,geom_avg_diff,baseline,limit,0.01862659,0.15907425,0.09430572,0.07567913,1,0,1,1.855831
mixed_pow_rat,5000,richardson_1,richardson,trajectory,0.01862659,0.15907425,0.02329589,0.00466931,1,0,1,30.078918
mixed_pow_rat,5000,richardson_2,richardson,trajectory,0.01862659,0.15907425,0.01542984,0.00319675,1,0,1,43.934585
mixed_pow_rat,5000,richardson_3,richardson,trajectory,0.01862659,0.15907425,0.0154298,0.00319678,1,0,1,43.934049
mixed_pow_rat,5000,richardson_a05,richardson,trajectory,0.01862659,0.15907425,0.0276155,0.00898892,1,0,1,15.624536
mixed_pow_rat,5000,richardson_a10,richardson,trajectory,0.01862659,0.15907425,0.10816483,0.08953824,1,0,1,1.568577
mixed_pow_rat,5000,richardson_a20,richardson,trajectory,0.01862659,0.15907425,0.15707673,0.13845014,1,0,1,1.014428
mixed_pow_rat,5000,single_exp_fit,parametric,trajectory,0.01862659,0.15907425,0.11658788,0.09796129,1,0,1,1.433706
mixed_pow_rat,5000,double_exp_fit,parametric,trajectory,0.01862659,0.15907425,0.08886865,0.07024207,1,0,1,1.999481
mixed_pow_rat,5000,rational_fit,parametric,trajectory,0.01862659,0.15907425,0.0354697,0.01684311,1,0,1,8.338582
mixed_pow_rat,5000,log_fit,parametric,trajectory,0.01862659,0.15907425,0.09740281,0.07877623,1,0,1,1.782869
mixed_pow_rat,5000,shanks_1,shanks,limit,0.01862659,0.15907425,0.0923272,0.07370061,1,0,1,1.905651
mixed_pow_rat,5000,shanks_2,shanks,limit,0.01862659,0.15907425,0.05810096,0.03947437,1,0,1,3.557946
mixed_pow_rat,5000,shanks_3,shanks,limit,0.01862659,0.15907425,0.03987515,0.02124857,1,0,1,6.609748
mixed_pow_rat,5000,shanks_4,shanks,limit,0.01862659,0.15907425,0.03951433,0.02088775,1,0,1,6.723926
mixed_pow_rat,5000,wynn_eps_1,wynn_eps,limit,0.01862659,0.15907425,0.0923272,0.07370061,1,0,1,1.905651
mixed_pow_rat,5000,wynn_eps_2,wynn_eps,limit,0.01862659,0.15907425,0.06985327,0.05122668,1,0,1,2.74169
mixed_pow_rat,5000,wynn_eps_3,wynn_eps,limit,0.01862659,0.15907425,0.0585406,0.03991401,1,0,1,3.518756
mixed_pow_rat,5000,wynn_rho_1,wynn_rho,limit,0.01862659,0.15907425,0.02457702,0.00595043,1,0,1,23.602925
mixed_pow_rat,5000,wynn_rho_2,wynn_rho,limit,0.01862659,0.15907425,0.01947644,0.00084986,1,0,1,165.260076
mixed_pow_rat,5000,wynn_rho_3,wynn_rho,limit,0.01862659,0.15907425,0.01614926,0.00247733,1,0,1,56.693227
mixed_pow_rat,5000,pade_11,pade,trajectory,0.01862659,0.15907425,0.03484804,0.01622146,1,0,1,8.658142
mixed_pow_rat,5000,pade_12,pade,trajectory,0.01862659,0.15907425,0.00602866,0.01259793,1,0,1,11.148474
mixed_pow_rat,5000,pade_13,pade,trajectory,0.01862659,0.15907425,-0.00156958,0.02019616,1,0,1,6.954176
mixed_pow_rat,5000,pade_21,pade,trajectory,0.01862659,0.15907425,,,0,1,0,
mixed_pow_rat,5000,pade_22,pade,trajectory,0.01862659,0.15907425,0.02523097,0.00660439,1,0,1,21.26582
mixed_pow_rat,5000,pade_23,pade,trajectory,0.01862659,0.15907425,0.01015834,0.00846825,1,0,1,16.58521
mixed_pow_rat,5000,pade_31,pade,trajectory,0.01862659,0.15907425,30.4740906,30.45546401,1,1,0,0.004612
mixed_pow_rat,5000,pade_32,pade,trajectory,0.01862659,0.15907425,-0.03707138,0.05569797,1,0,1,2.521594
mixed_pow_rat,5000,levin_t1,levin,limit,0.01862659,0.15907425,0.0923272,0.07370061,1,0,1,1.905651
mixed_pow_rat,5000,levin_t2,levin,limit,0.01862659,0.15907425,0.07322252,0.05459594,1,0,1,2.572493
mixed_pow_rat,5000,levin_u1,levin,limit,0.01862659,0.15907425,-0.11139887,0.13002545,1,0,1,1.080155
mixed_pow_rat,5000,levin_u2,levin,limit,0.01862659,0.15907425,0.00788985,0.01073673,1,0,1,13.081045
mixed_pow_rat,5000,levin_v1,levin,limit,0.01862659,0.15907425,0.00660164,0.01202495,1,0,1,11.679693
mixed_pow_rat,5000,levin_v2,levin,limit,0.01862659,0.15907425,0.01869631,6.972e-05,1,0,1,2014.467154
mixed_pow_rat,5000,weniger_d1,weniger,limit,0.01862659,0.15907425,-0.0,0.01862659,1,0,1,7.540172
mixed_pow_rat,5000,weniger_d2,weniger,limit,0.01862659,0.15907425,0.0,0.01862659,1,0,1,7.540172
mixed_pow_rat,5000,brezinski_theta1,brezinski,limit,0.01862659,0.15907425,0.091309,0.07268241,1,0,1,1.932347
mixed_pow_rat,5000,brezinski_theta2,brezinski,limit,0.01862659,0.15907425,0.05704231,0.03841572,1,0,1,3.655995
mixed_pow_rat,5000,neville_2,neville,trajectory,0.01862659,0.15907425,0.04256248,0.0239359,1,0,1,5.867659
mixed_pow_rat,5000,neville_3,neville,trajectory,0.01862659,0.15907425,0.03166991,0.01304333,1,0,1,10.76778
mixed_pow_rat,5000,neville_4,neville,trajectory,0.01862659,0.15907425,0.02714848,0.0085219,1,0,1,16.480797
mixed_pow_rat,5000,anderson_1,anderson,limit,0.01862659,0.15907425,0.15759098,0.13896439,1,0,1,1.010674
mixed_pow_rat,5000,anderson_2,anderson,limit,0.01862659,0.15907425,0.15611875,0.13749216,1,0,1,1.021496
mixed_pow_rat,5000,anderson_3,anderson,limit,0.01862659,0.15907425,0.15465889,0.13603231,1,0,1,1.032458
mixed_pow_rat,5000,median_ensemble,ensemble,trajectory,0.01862659,0.15907425,0.04898805,0.03036147,1,0,1,4.625852
mixed_pow_rat,5000,stability_weighted,ensemble,trajectory,0.01862659,0.15907425,0.06915088,0.0505243,1,0,1,2.779804
mixed_pow_rat,5000,best_shanks_wynn,ensemble,limit,0.01862659,0.15907425,0.0923272,0.07370061,1,0,1,1.905651
multiphase,150,current_value,baseline,limit,0.1824755,0.20910868,0.20910868,0.02663319,1,0,0,1.0
multiphase,150,linear,baseline,trajectory,0.1824755,0.20910868,0.09834089,0.08413461,1,0,0,0.316554
multiphase,150,log_linear,baseline,trajectory,0.1824755,0.20910868,0.16924691,0.01322858,1,0,1,2.013306
multiphase,150,geom_avg_diff,baseline,limit,0.1824755,0.20910868,0.18807072,0.00559522,1,0,1,4.75999
multiphase,150,richardson_1,richardson,trajectory,0.1824755,0.20910868,0.18549864,0.00302315,1,0,1,8.809759
multiphase,150,richardson_2,richardson,trajectory,0.1824755,0.20910868,0.18936719,0.00689169,1,0,1,3.864537
multiphase,150,richardson_3,richardson,trajectory,0.1824755,0.20910868,0.18936719,0.00689169,1,0,1,3.864537
multiphase,150,richardson_a05,richardson,trajectory,0.1824755,0.20910868,0.17137353,0.01110197,1,0,1,2.398961
multiphase,150,richardson_a10,richardson,trajectory,0.1824755,0.20910868,0.18554521,0.00306972,1,0,1,8.676109
multiphase,150,richardson_a20,richardson,trajectory,0.1824755,0.20910868,0.20473998,0.02226449,1,0,1,1.196218
multiphase,150,single_exp_fit,parametric,trajectory,0.1824755,0.20910868,0.20153856,0.01906306,1,0,1,1.39711
multiphase,150,double_exp_fit,parametric,trajectory,0.1824755,0.20910868,0.1826158,0.0001403,1,0,1,189.831999
multiphase,150,rational_fit,parametric,trajectory,0.1824755,0.20910868,0.18352428,0.00104878,1,0,1,25.394428
multiphase,150,log_fit,parametric,trajectory,0.1824755,0.20910868,0.19863271,0.01615721,1,0,1,1.648378
multiphase,150,shanks_1,shanks,limit,0.1824755,0.20910868,0.17528305,0.00719245,1,0,1,3.702936
multiphase,150,shanks_2,shanks,limit,0.1824755,0.20910868,0.23824539,0.05576989,1,0,0,0.477555
multiphase,150,shanks_3,shanks,limit,0.1824755,0.20910868,0.23391474,0.05143924,1,0,0,0.51776
multiphase,150,shanks_4,shanks,limit,0.1824755,0.20910868,0.23767281,0.05519731,1,0,0,0.482509
multiphase,150,wynn_eps_1,wynn_eps,limit,0.1824755,0.20910868,0.17528305,0.00719245,1,0,1,3.702936
multiphase,150,wynn_eps_2,wynn_eps,limit,0.1824755,0.20910868,0.10103388,0.08144162,1,0,0,0.327022
multiphase,150,wynn_eps_3,wynn_eps,limit,0.1824755,0.20910868,0.07062651,0.11184898,1,0,0,0.238117
multiphase,150,wynn_rho_1,wynn_rho,limit,0.1824755,0.20910868,0.14085166,0.04162384,1,0,0,0.639854
multiphase,150,wynn_rho_2,wynn_rho,limit,0.1824755,0.20910868,0.25999921,0.07752371,1,0,0,0.343549
multiphase,150,wynn_rho_3,wynn_rho,limit,0.1824755,0.20910868,0.05434242,0.12813308,1,0,0,0.207856
multiphase,150,pade_11,pade,trajectory,0.1824755,0.20910868,0.18876871,0.00629321,1,0,1,4.232052
multiphase,150,pade_12,pade,trajectory,0.1824755,0.20910868,0.19185322,0.00937773,1,0,1,2.840047
multiphase,150,pade_13,pade,trajectory,0.1824755,0.20910868,0.16007741,0.02239809,1,0,1,1.189083
multiphase,150,pade_21,pade,trajectory,0.1824755,0.20910868,0.19165745,0.00918195,1,0,1,2.900602
multiphase,150,pade_22,pade,trajectory,0.1824755,0.20910868,0.18839946,0.00592396,1,0,1,4.495842
multiphase,150,pade_23,pade,trajectory,0.1824755,0.20910868,0.18190813,0.00056737,1,0,1,46.941651
multiphase,150,pade_31,pade,trajectory,0.1824755,0.20910868,0.16949729,0.01297821,1,0,1,2.052147
multiphase,150,pade_32,pade,trajectory,0.1824755,0.20910868,0.18065559,0.00181991,1,0,1,14.634347
multiphase,150,levin_t1,levin,limit,0.1824755,0.20910868,0.17528305,0.00719245,1,0,1,3.702936
multiphase,150,levin_t2,levin,limit,0.1824755,0.20910868,0.0578081,0.1246674,1,0,0,0.213634
multiphase,150,levin_u1,levin,limit,0.1824755,0.20910868,0.11626034,0.06621516,1,0,0,0.402222
multiphase,150,levin_u2,levin,limit,0.1824755,0.20910868,0.25613302,0.07365752,1,0,0,0.361581
multiphase,150,levin_v1,levin,limit,0.1824755,0.20910868,0.25760763,0.07513214,1,0,0,0.354485
multiphase,150,levin_v2,levin,limit,0.1824755,0.20910868,0.19402682,0.01155132,1,0,1,2.305639
multiphase,150,weniger_d1,weniger,limit,0.1824755,0.20910868,-0.0,0.1824755,1,1,0,0.145955
multiphase,150,weniger_d2,weniger,limit,0.1824755,0.20910868,0.0,0.1824755,1,1,0,0.145955
multiphase,150,brezinski_theta1,brezinski,limit,0.1824755,0.20910868,0.17466645,0.00780905,1,0,1,3.410556
multiphase,150,brezinski_theta2,brezinski,limit,0.1824755,0.20910868,0.23335507,0.05087957,1,0,0,0.523455
multiphase,150,neville_2,neville,trajectory,0.1824755,0.20910868,0.18570538,0.00322989,1,0,1,8.245858
multiphase,150,neville_3,neville,trajectory,0.1824755,0.20910868,0.18365749,0.00118199,1,0,1,22.532428
multiphase,150,neville_4,neville,trajectory,0.1824755,0.20910868,0.18276427,0.00028877,1,0,1,92.230012
multiphase,150,anderson_1,anderson,limit,0.1824755,0.20910868,0.20871528,0.02623978,1,0,1,1.014993
multiphase,150,anderson_2,anderson,limit,0.1824755,0.20910868,0.20830486,0.02582936,1,0,1,1.031121
multiphase,150,anderson_3,anderson,limit,0.1824755,0.20910868,0.20787738,0.02540188,1,0,1,1.048473
multiphase,150,median_ensemble,ensemble,trajectory,0.1824755,0.20910868,0.18039085,0.00208465,1,0,1,12.775839
multiphase,150,stability_weighted,ensemble,trajectory,0.1824755,0.20910868,0.18475385,0.00227835,1,0,1,11.689658
multiphase,150,best_shanks_wynn,ensemble,limit,0.1824755,0.20910868,0.17528305,0.00719245,1,0,1,3.702936
multiphase,1000,current_value,baseline,limit,0.0725,0.20910868,0.20910868,0.13660868,1,0,0,1.0
multiphase,1000,linear,baseline,trajectory,0.0725,0.20910868,,,0,1,0,
multiphase,1000,log_linear,baseline,trajectory,0.0725,0.20910868,0.08530813,0.01280813,1,0,1,10.66578
multiphase,1000,geom_avg_diff,baseline,limit,0.0725,0.20910868,0.17887573,0.10637573,1,0,1,1.284209
multiphase,1000,richardson_1,richardson,trajectory,0.0725,0.20910868,0.15655872,0.08405872,1,0,1,1.625158
multiphase,1000,richardson_2,richardson,trajectory,0.0725,0.20910868,0.16764341,0.09514341,1,0,1,1.435819
multiphase,1000,richardson_3,richardson,trajectory,0.0725,0.20910868,0.16764341,0.09514341,1,0,1,1.435819
multiphase,1000,richardson_a05,richardson,trajectory,0.0725,0.20910868,0.10095594,0.02845594,1,0,1,4.800709
multiphase,1000,richardson_a10,richardson,trajectory,0.0725,0.20910868,0.15680155,0.08430155,1,0,1,1.620477
multiphase,1000,richardson_a20,richardson,trajectory,0.0725,0.20910868,0.19941751,0.12691751,1,0,1,1.076358
multiphase,1000,single_exp_fit,parametric,trajectory,0.0725,0.20910868,0.20071867,0.12821867,1,0,1,1.065435
multiphase,1000,double_exp_fit,parametric,trajectory,0.0725,0.20910868,0.10838875,0.03588875,1,0,1,3.806449
multiphase,1000,rational_fit,parametric,trajectory,0.0725,0.20910868,0.1521041,0.0796041,1,0,1,1.716101
multiphase,1000,log_fit,parametric,trajectory,0.0725,0.20910868,0.14454059,0.07204059,1,0,1,1.896274
multiphase,1000,shanks_1,shanks,limit,0.0725,0.20910868,0.17528305,0.10278305,1,0,1,1.329097
multiphase,1000,shanks_2,shanks,limit,0.0725,0.20910868,0.23824539,0.16574539,1,0,0,0.824208
multiphase,1000,shanks_3,shanks,limit,0.0725,0.20910868,0.23391474,0.16141474,1,0,0,0.846321
multiphase,1000,shanks_4,shanks,limit,0.0725,0.20910868,0.23767281,0.16517281,1,0,0,0.827065
multiphase,1000,wynn_eps_1,wynn_eps,limit,0.0725,0.20910868,0.17528305,0.10278305,1,0,1,1.329097
multiphase,1000,wynn_eps_2,wynn_eps,limit,0.0725,0.20910868,0.10103388,0.02853388,1,0,1,4.787596
multiphase,1000,wynn_eps_3,wynn_eps,limit,0.0725,0.20910868,0.07062651,0.00187349,1,0,1,72.916824
multiphase,1000,wynn_rho_1,wynn_rho,limit,0.0725,0.20910868,0.14085166,0.06835166,1,0,1,1.998615
multiphase,1000,wynn_rho_2,wynn_rho,limit,0.0725,0.20910868,0.25999921,0.18749921,1,0,0,0.728583
multiphase,1000,wynn_rho_3,wynn_rho,limit,0.0725,0.20910868,0.05434242,0.01815758,1,0,1,7.523507
multiphase,1000,pade_11,pade,trajectory,0.0725,0.20910868,0.16389443,0.09139443,1,0,1,1.494716
multiphase,1000,pade_12,pade,trajectory,0.0725,0.20910868,0.31130834,0.23880834,1,0,0,0.572043
multiphase,1000,pade_13,pade,trajectory,0.0725,0.20910868,0.0008538,0.0716462,1,0,1,1.906712
multiphase,1000,pade_21,pade,trajectory,0.0725,0.20910868,0.23523536,0.16273536,1,0,0,0.839453
multiphase,1000,pade_22,pade,trajectory,0.0725,0.20910868,0.16284538,0.09034538,1,0,1,1.512072
multiphase,1000,pade_23,pade,trajectory,0.0725,0.20910868,0.05877474,0.01372526,1,0,1,9.953089
multiphase,1000,pade_31,pade,trajectory,0.0725,0.20910868,,,0,1,0,
multiphase,1000,pade_32,pade,trajectory,0.0725,0.20910868,-0.26716844,0.33966844,1,0,0,0.402182
multiphase,1000,levin_t1,levin,limit,0.0725,0.20910868,0.17528305,0.10278305,1,0,1,1.329097
multiphase,1000,levin_t2,levin,limit,0.0725,0.20910868,0.0578081,0.0146919,1,0,1,9.29823
multiphase,1000,levin_u1,levin,limit,0.0725,0.20910868,0.11626034,0.04376034,1,0,1,3.121747
multiphase,1000,levin_u2,levin,limit,0.0725,0.20910868,0.25613302,0.18363302,1,0,0,0.743922
multiphase,1000,levin_v1,levin,limit,0.0725,0.20910868,0.25760763,0.18510763,1,0,0,0.737996
multiphase,1000,levin_v2,levin,limit,0.0725,0.20910868,0.19402682,0.12152682,1,0,1,1.124103
multiphase,1000,weniger_d1,weniger,limit,0.0725,0.20910868,-0.0,0.0725,1,0,1,1.884258
multiphase,1000,weniger_d2,weniger,limit,0.0725,0.20910868,0.0,0.0725,1,0,1,1.884258
multiphase,1000,brezinski_theta1,brezinski,limit,0.0725,0.20910868,0.17466645,0.10216645,1,0,1,1.337119
multiphase,1000,brezinski_theta2,brezinski,limit,0.0725,0.20910868,0.23335507,0.16085507,1,0,0,0.849266
multiphase,1000,neville_2,neville,trajectory,0.0725,0.20910868,0.15067849,0.07817849,1,0,1,1.747395
multiphase,1000,neville_3,neville,trajectory,0.0725,0.20910868,0.12765013,0.05515013,1,0,1,2.477033
multiphase,1000,neville_4,neville,trajectory,0.0725,0.20910868,0.10581591,0.03331591,1,0,1,4.100404
multiphase,1000,anderson_1,anderson,limit,0.0725,0.20910868,0.20871528,0.13621528,1,0,1,1.002888
multiphase,1000,anderson_2,anderson,limit,0.0725,0.20910868,0.20830486,0.13580486,1,0,1,1.005919
multiphase,1000,anderson_3,anderson,limit,0.0725,0.20910868,0.20787738,0.13537738,1,0,1,1.009095
multiphase,1000,median_ensemble,ensemble,trajectory,0.0725,0.20910868,0.17528305,0.10278305,1,0,1,1.329097
multiphase,1000,stability_weighted,ensemble,trajectory,0.0725,0.20910868,0.18458728,0.11208728,1,0,1,1.218771
multiphase,1000,best_shanks_wynn,ensemble,limit,0.0725,0.20910868,0.17528305,0.10278305,1,0,1,1.329097
multiphase,5000,current_value,baseline,limit,0.025625,0.20910868,0.20910868,0.18348368,1,0,0,1.0
multiphase,5000,linear,baseline,trajectory,0.025625,0.20910868,,,0,1,0,
multiphase,5000,log_linear,baseline,trajectory,0.025625,0.20910868,0.04989614,0.02427114,1,0,1,7.559746
multiphase,5000,geom_avg_diff,baseline,limit,0.025625,0.20910868,0.17887573,0.15325073,1,0,1,1.197278
multiphase,5000,richardson_1,richardson,trajectory,0.025625,0.20910868,0.15243907,0.12681407,1,0,1,1.446872
multiphase,5000,richardson_2,richardson,trajectory,0.025625,0.20910868,0.16536112,0.13973612,1,0,1,1.313073
multiphase,5000,richardson_3,richardson,trajectory,0.025625,0.20910868,0.16536112,0.13973612,1,0,1,1.313073
multiphase,5000,richardson_a05,richardson,trajectory,0.025625,0.20910868,0.07635028,0.05072528,1,0,1,3.617204
multiphase,5000,richardson_a10,richardson,trajectory,0.025625,0.20910868,0.15274362,0.12711862,1,0,1,1.443405
multiphase,5000,richardson_a20,richardson,trajectory,0.025625,0.20910868,0.1992999,0.1736749,1,0,1,1.056478
multiphase,5000,single_exp_fit,parametric,trajectory,0.025625,0.20910868,0.20071867,0.17509367,1,0,1,1.047917
multiphase,5000,double_exp_fit,parametric,trajectory,0.025625,0.20910868,0.10692159,0.08129659,1,0,1,2.256967
multiphase,5000,rational_fit,parametric,trajectory,0.025625,0.20910868,0.1475871,0.1219621,1,0,1,1.504432
multiphase,5000,log_fit,parametric,trajectory,0.025625,0.20910868,0.11726629,0.09164129,1,0,1,2.002194
multiphase,5000,shanks_1,shanks,limit,0.025625,0.20910868,0.17528305,0.14965805,1,0,1,1.22602
multiphase,5000,shanks_2,shanks,limit,0.025625,0.20910868,0.23824539,0.21262039,1,0,0,0.862964
multiphase,5000,shanks_3,shanks,limit,0.025625,0.20910868,0.23391474,0.20828974,1,0,0,0.880906
multiphase,5000,shanks_4,shanks,limit,0.025625,0.20910868,0.23767281,0.21204781,1,0,0,0.865294
multiphase,5000,wynn_eps_1,wynn_eps,limit,0.025625,0.20910868,0.17528305,0.14965805,1,0,1,1.22602
multiphase,5000,wynn_eps_2,wynn_eps,limit,0.025625,0.20910868,0.10103388,0.07540888,1,0,1,2.433184
multiphase,5000,wynn_eps_3,wynn_eps,limit,0.025625,0.20910868,0.07062651,0.04500151,1,0,1,4.077278
multiphase,5000,wynn_rho_1,wynn_rho,limit,0.025625,0.20910868,0.14085166,0.11522666,1,0,1,1.592372
multiphase,5000,wynn_rho_2,wynn_rho,limit,0.025625,0.20910868,0.25999921,0.23437421,1,0,0,0.782866
multiphase,5000,wynn_rho_3,wynn_rho,limit,0.025625,0.20910868,0.05434242,0.02871742,1,0,1,6.389282
multiphase,5000,pade_11,pade,trajectory,0.025625,0.20910868,0.16047649,0.13485149,1,0,1,1.360635
multiphase,5000,pade_12,pade,trajectory,0.025625,0.20910868,-0.08933967,0.11496467,1,0,1,1.596001
multiphase,5000,pade_13,pade,trajectory,0.025625,0.20910868,1.816e-05,0.02560684,1,0,1,7.165418
multiphase,5000,pade_21,pade,trajectory,0.025625,0.20910868,0.5704621,0.5448371,1,0,0,0.336768
multiphase,5000,pade_22,pade,trajectory,0.025625,0.20910868,0.15931404,0.13368904,1,0,1,1.372466
multiphase,5000,pade_23,pade,trajectory,0.025625,0.20910868,0.01359382,0.01203118,1,0,1,15.250677
multiphase,5000,pade_31,pade,trajectory,0.025625,0.20910868,,,0,1,0,
multiphase,5000,pade_32,pade,trajectory,0.025625,0.20910868,,,0,1,0,
multiphase,5000,levin_t1,levin,limit,0.025625,0.20910868,0.17528305,0.14965805,1,0,1,1.22602
multiphase,5000,levin_t2,levin,limit,0.025625,0.20910868,0.0578081,0.0321831,1,0,1,5.701244
multiphase,5000,levin_u1,levin,limit,0.025625,0.20910868,0.11626034,0.09063534,1,0,1,2.024417
multiphase,5000,levin_u2,levin,limit,0.025625,0.20910868,0.25613302,0.23050802,1,0,0,0.795997
multiphase,5000,levin_v1,levin,limit,0.025625,0.20910868,0.25760763,0.23198263,1,0,0,0.790937
multiphase,5000,levin_v2,levin,limit,0.025625,0.20910868,0.19402682,0.16840182,1,0,1,1.089559
multiphase,5000,weniger_d1,weniger,limit,0.025625,0.20910868,-0.0,0.025625,1,0,1,7.160339
multiphase,5000,weniger_d2,weniger,limit,0.025625,0.20910868,0.0,0.025625,1,0,1,7.160339
multiphase,5000,brezinski_theta1,brezinski,limit,0.025625,0.20910868,0.17466645,0.14904145,1,0,1,1.231092
multiphase,5000,brezinski_theta2,brezinski,limit,0.025625,0.20910868,0.23335507,0.20773007,1,0,0,0.883279
multiphase,5000,neville_2,neville,trajectory,0.025625,0.20910868,0.14526511,0.11964011,1,0,1,1.53363
multiphase,5000,neville_3,neville,trajectory,0.025625,0.20910868,0.11640433,0.09077933,1,0,1,2.021205
multiphase,5000,neville_4,neville,trajectory,0.025625,0.20910868,0.08695409,0.06132909,1,0,1,2.991789
multiphase,5000,anderson_1,anderson,limit,0.025625,0.20910868,0.20871528,0.18309028,1,0,1,1.002149
multiphase,5000,anderson_2,anderson,limit,0.025625,0.20910868,0.20830486,0.18267986,1,0,1,1.0044
multiphase,5000,anderson_3,anderson,limit,0.025625,0.20910868,0.20787738,0.18225238,1,0,1,1.006756
multiphase,5000,median_ensemble,ensemble,trajectory,0.025625,0.20910868,0.16386106,0.13823606,1,0,1,1.327321
multiphase,5000,stability_weighted,ensemble,trajectory,0.025625,0.20910868,0.18093459,0.15530959,1,0,1,1.181406
multiphase,5000,best_shanks_wynn,ensemble,limit,0.025625,0.20910868,0.17528305,0.14965805,1,0,1,1.22602
osc_exp,150,current_value,baseline,limit,0.01795622,0.06170344,0.06170344,0.04374721,1,0,0,1.0
osc_exp,150,linear,baseline,trajectory,0.01795622,0.06170344,-0.20910633,0.22706255,1,1,0,0.192666
osc_exp,150,log_linear,baseline,trajectory,0.01795622,0.06170344,0.03111234,0.01315612,1,0,1,3.325237
osc_exp,150,geom_avg_diff,baseline,limit,0.01795622,0.06170344,0.0550443,0.03708807,1,0,1,1.179549
osc_exp,150,richardson_1,richardson,trajectory,0.01795622,0.06170344,0.06115889,0.04320267,1,0,1,1.012604
osc_exp,150,richardson_2,richardson,trajectory,0.01795622,0.06170344,0.05077088,0.03281466,1,0,1,1.333161
osc_exp,150,richardson_3,richardson,trajectory,0.01795622,0.06170344,0.04529087,0.02733465,1,0,1,1.600431
osc_exp,150,richardson_a05,richardson,trajectory,0.01795622,0.06170344,-0.03374877,0.051705,1,0,0,0.846093
osc_exp,150,richardson_a10,richardson,trajectory,0.01795622,0.06170344,0.0001487,0.01780752,1,0,1,2.456671
osc_exp,150,richardson_a20,richardson,trajectory,0.01795622,0.06170344,0.04599846,0.02804224,1,0,1,1.560047
osc_exp,150,single_exp_fit,parametric,trajectory,0.01795622,0.06170344,0.04880307,0.03084685,1,0,1,1.418207
osc_exp,150,double_exp_fit,parametric,trajectory,0.01795622,0.06170344,0.01715346,0.00080277,1,0,1,54.495534
osc_exp,150,rational_fit,parametric,trajectory,0.01795622,0.06170344,0.05753087,0.03957464,1,0,1,1.105435
osc_exp,150,log_fit,parametric,trajectory,0.01795622,0.06170344,0.11784928,0.09989306,1,0,0,0.43794
osc_exp,150,shanks_1,shanks,limit,0.01795622,0.06170344,0.0626023,0.04464607,1,0,0,0.979867
osc_exp,150,shanks_2,shanks,limit,0.01795622,0.06170344,0.06238393,0.0444277,1,0,0,0.984683
osc_exp,150,shanks_3,shanks,limit,0.01795622,0.06170344,0.06241091,0.04445469,1,0,0,0.984086
osc_exp,150,shanks_4,shanks,limit,0.01795622,0.06170344,0.06241082,0.0444546,1,0,0,0.984088
osc_exp,150,wynn_eps_1,wynn_eps,limit,0.01795622,0.06170344,0.0626023,0.04464607,1,0,0,0.979867
osc_exp,150,wynn_eps_2,wynn_eps,limit,0.01795622,0.06170344,0.06227458,0.04431836,1,0,0,0.987113
osc_exp,150,wynn_eps_3,wynn_eps,limit,0.01795622,0.06170344,0.01,0.00795622,1,0,1,5.49849
osc_exp,150,wynn_rho_1,wynn_rho,limit,0.01795622,0.06170344,0.06310716,0.04515093,1,0,0,0.96891
osc_exp,150,wynn_rho_2,wynn_rho,limit,0.01795622,0.06170344,0.06115854,0.04320232,1,0,1,1.012613
osc_exp,150,wynn_rho_3,wynn_rho,limit,0.01795622,0.06170344,-0.09696354,0.11491976,1,0,0,0.380676
osc_exp,150,pade_11,pade,trajectory,0.01795622,0.06170344,-0.01711393,0.03507015,1,0,1,1.24742
osc_exp,150,pade_12,pade,trajectory,0.01795622,0.06170344,0.03521849,0.01726227,1,0,1,2.534268
osc_exp,150,pade_13,pade,trajectory,0.01795622,0.06170344,0.02899759,0.01104136,1,0,1,3.962121
osc_exp,150,pade_21,pade,trajectory,0.01795622,0.06170344,,,0,1,0,
osc_exp,150,pade_22,pade,trajectory,0.01795622,0.06170344,0.02217748,0.00422125,1,0,1,10.363557
osc_exp,150,pade_23,pade,trajectory,0.01795622,0.06170344,0.03633435,0.01837813,1,0,1,2.380396
osc_exp,150,pade_31,pade,trajectory,0.01795622,0.06170344,0.47569713,0.45774091,1,1,0,0.095572
osc_exp,150,pade_32,pade,trajectory,0.01795622,0.06170344,0.23965012,0.2216939,1,1,0,0.197332
osc_exp,150,levin_t1,levin,limit,0.01795622,0.06170344,0.0626023,0.04464607,1,0,0,0.979867
osc_exp,150,levin_t2,levin,limit,0.01795622,0.06170344,0.0624101,0.04445388,1,0,0,0.984103
osc_exp,150,levin_u1,levin,limit,0.01795622,0.06170344,0.06259521,0.04463899,1,0,0,0.980023
osc_exp,150,levin_u2,levin,limit,0.01795622,0.06170344,0.06241194,0.04445572,1,0,0,0.984063
osc_exp,150,levin_v1,levin,limit,0.01795622,0.06170344,0.0624456,0.04448937,1,0,0,0.983318
osc_exp,150,levin_v2,levin,limit,0.01795622,0.06170344,0.06241495,0.04445873,1,0,0,0.983996
osc_exp,150,weniger_d1,weniger,limit,0.01795622,0.06170344,-0.0,0.01795622,1,0,1,2.436326
osc_exp,150,weniger_d2,weniger,limit,0.01795622,0.06170344,0.0,0.01795622,1,0,1,2.436326
osc_exp,150,brezinski_theta1,brezinski,limit,0.01795622,0.06170344,0.062381,0.04442478,1,0,0,0.984748
osc_exp,150,brezinski_theta2,brezinski,limit,0.01795622,0.06170344,0.06235122,0.044395,1,0,0,0.985409
osc_exp,150,neville_2,neville,trajectory,0.01795622,0.06170344,-0.06674037,0.08469659,1,0,0,0.516517
osc_exp,150,neville_3,neville,trajectory,0.01795622,0.06170344,-0.45757433,0.47553055,1,1,0,0.091997
osc_exp,150,neville_4,neville,trajectory,0.01795622,0.06170344,-0.24506939,0.26302561,1,1,0,0.166323
osc_exp,150,anderson_1,anderson,limit,0.01795622,0.06170344,0.06237661,0.04442038,1,0,0,0.984845
osc_exp,150,anderson_2,anderson,limit,0.01795622,0.06170344,0.06237271,0.04441649,1,0,0,0.984932
osc_exp,150,anderson_3,anderson,limit,0.01795622,0.06170344,0.06234806,0.04439183,1,0,0,0.985479
osc_exp,150,median_ensemble,ensemble,trajectory,0.01795622,0.06170344,0.06232926,0.04437303,1,0,0,0.985896
osc_exp,150,stability_weighted,ensemble,trajectory,0.01795622,0.06170344,0.06244234,0.04448612,1,0,0,0.98339
osc_exp,150,best_shanks_wynn,ensemble,limit,0.01795622,0.06170344,0.0626023,0.04464607,1,0,0,0.979867
osc_exp,1000,current_value,baseline,limit,0.01,0.06170344,0.06170344,0.05170344,1,0,0,1.0
osc_exp,1000,linear,baseline,trajectory,0.01,0.06170344,,,0,1,0,
osc_exp,1000,log_linear,baseline,trajectory,0.01,0.06170344,0.01075165,0.00075165,1,0,1,68.786651
osc_exp,1000,geom_avg_diff,baseline,limit,0.01,0.06170344,0.05479677,0.04479677,1,0,1,1.154178
osc_exp,1000,richardson_1,richardson,trajectory,0.01,0.06170344,0.01154377,0.00154377,1,0,1,33.491772
osc_exp,1000,richardson_2,richardson,trajectory,0.01,0.06170344,0.00686938,0.00313062,1,0,1,16.515416
osc_exp,1000,richardson_3,richardson,trajectory,0.01,0.06170344,0.0050334,0.0049666,1,0,1,10.410224
osc_exp,1000,richardson_a05,richardson,trajectory,0.01,0.06170344,-0.20364216,0.21364216,1,0,0,0.24201
osc_exp,1000,richardson_a10,richardson,trajectory,0.01,0.06170344,-0.0693452,0.0793452,1,0,0,0.651627
osc_exp,1000,richardson_a20,richardson,trajectory,0.01,0.06170344,0.03305403,0.02305403,1,0,1,2.242707
osc_exp,1000,single_exp_fit,parametric,trajectory,0.01,0.06170344,0.04777315,0.03777315,1,0,1,1.368788
osc_exp,1000,double_exp_fit,parametric,trajectory,0.01,0.06170344,0.0,0.01,1,0,1,5.170344
osc_exp,1000,rational_fit,parametric,trajectory,0.01,0.06170344,0.00884592,0.00115408,1,0,1,44.800485
osc_exp,1000,log_fit,parametric,trajectory,0.01,0.06170344,0.08575629,0.07575629,1,0,0,0.682497
osc_exp,1000,shanks_1,shanks,limit,0.01,0.06170344,0.0626023,0.0526023,1,0,0,0.982912
osc_exp,1000,shanks_2,shanks,limit,0.01,0.06170344,0.06238393,0.05238393,1,0,0,0.98701
osc_exp,1000,shanks_3,shanks,limit,0.01,0.06170344,0.06241091,0.05241091,1,0,0,0.986501
osc_exp,1000,shanks_4,shanks,limit,0.01,0.06170344,0.06241082,0.05241082,1,0,0,0.986503
osc_exp,1000,wynn_eps_1,wynn_eps,limit,0.01,0.06170344,0.0626023,0.0526023,1,0,0,0.982912
osc_exp,1000,wynn_eps_2,wynn_eps,limit,0.01,0.06170344,0.06227458,0.05227458,1,0,0,0.989074
osc_exp,1000,wynn_eps_3,wynn_eps,limit,0.01,0.06170344,0.01,0.0,1,0,1,854273685.935076
osc_exp,1000,wynn_rho_1,wynn_rho,limit,0.01,0.06170344,0.06310716,0.05310716,1,0,0,0.973568
osc_exp,1000,wynn_rho_2,wynn_rho,limit,0.01,0.06170344,0.06115854,0.05115854,1,0,1,1.010651
osc_exp,1000,wynn_rho_3,wynn_rho,limit,0.01,0.06170344,-0.09696354,0.10696354,1,0,0,0.483374
osc_exp,1000,pade_11,pade,trajectory,0.01,0.06170344,-0.11775194,0.12775194,1,0,0,0.404717
osc_exp,1000,pade_12,pade,trajectory,0.01,0.06170344,0.00483373,0.00516627,1,0,1,10.007892
osc_exp,1000,pade_13,pade,trajectory,0.01,0.06170344,0.00132322,0.00867678,1,0,1,5.958825
osc_exp,1000,pade_21,pade,trajectory,0.01,0.06170344,,,0,1,0,
osc_exp,1000,pade_22,pade,trajectory,0.01,0.06170344,-0.01802254,0.02802254,1,0,1,1.845066
osc_exp,1000,pade_23,pade,trajectory,0.01,0.06170344,0.00500052,0.00499948,1,0,1,10.341768
osc_exp,1000,pade_31,pade,trajectory,0.01,0.06170344,81.50818834,81.49818834,1,1,0,0.000634
osc_exp,1000,pade_32,pade,trajectory,0.01,0.06170344,8.1815912,8.1715912,1,1,0,0.006327
osc_exp,1000,levin_t1,levin,limit,0.01,0.06170344,0.0626023,0.0526023,1,0,0,0.982912
osc_exp,1000,levin_t2,levin,limit,0.01,0.06170344,0.0624101,0.0524101,1,0,0,0.986517
osc_exp,1000,levin_u1,levin,limit,0.01,0.06170344,0.06259521,0.05259521,1,0,0,0.983045
osc_exp,1000,levin_u2,levin,limit,0.01,0.06170344,0.06241194,0.05241194,1,0,0,0.986482
osc_exp,1000,levin_v1,levin,limit,0.01,0.06170344,0.0624456,0.0524456,1,0,0,0.985849
osc_exp,1000,levin_v2,levin,limit,0.01,0.06170344,0.06241495,0.05241495,1,0,0,0.986425
osc_exp,1000,weniger_d1,weniger,limit,0.01,0.06170344,-0.0,0.01,1,0,1,5.170344
osc_exp,1000,weniger_d2,weniger,limit,0.01,0.06170344,0.0,0.01,1,0,1,5.170344
osc_exp,1000,brezinski_theta1,brezinski,limit,0.01,0.06170344,0.062381,0.052381,1,0,0,0.987065
osc_exp,1000,brezinski_theta2,brezinski,limit,0.01,0.06170344,0.06235122,0.05235122,1,0,0,0.987626
osc_exp,1000,neville_2,neville,trajectory,0.01,0.06170344,,,0,1,0,
osc_exp,1000,neville_3,neville,trajectory,0.01,0.06170344,,,0,1,0,
osc_exp,1000,neville_4,neville,trajectory,0.01,0.06170344,0.24631933,0.23631933,1,0,0,0.218786
osc_exp,1000,anderson_1,anderson,limit,0.01,0.06170344,0.06237661,0.05237661,1,0,0,0.987148
osc_exp,1000,anderson_2,anderson,limit,0.01,0.06170344,0.06237271,0.05237271,1,0,0,0.987221
osc_exp,1000,anderson_3,anderson,limit,0.01,0.06170344,0.06234806,0.05234806,1,0,0,0.987686
osc_exp,1000,median_ensemble,ensemble,trajectory,0.01,0.06170344,0.06232926,0.05232926,1,0,0,0.988041
osc_exp,1000,stability_weighted,ensemble,trajectory,0.01,0.06170344,0.06229473,0.05229473,1,0,0,0.988693
osc_exp,1000,best_shanks_wynn,ensemble,limit,0.01,0.06170344,0.0626023,0.0526023,1,0,0,0.982912
osc_exp,5000,current_value,baseline,limit,0.01,0.06170344,0.06170344,0.05170344,1,0,0,1.0
osc_exp,5000,linear,baseline,trajectory,0.01,0.06170344,,,0,1,0,
osc_exp,5000,log_linear,baseline,trajectory,0.01,0.06170344,0.01004438,4.438e-05,1,0,1,1165.116775
osc_exp,5000,geom_avg_diff,baseline,limit,0.01,0.06170344,0.05479677,0.04479677,1,0,1,1.154178
osc_exp,5000,richardson_1,richardson,trajectory,0.01,0.06170344,0.0028057,0.0071943,1,0,1,7.186719
osc_exp,5000,richardson_2,richardson,trajectory,0.01,0.06170344,0.00125878,0.00874122,1,0,1,5.914902
osc_exp,5000,richardson_3,richardson,trajectory,0.01,0.06170344,0.00078055,0.00921945,1,0,1,5.608082
osc_exp,5000,richardson_a05,richardson,trajectory,0.01,0.06170344,-0.26300714,0.27300714,1,1,0,0.189385
osc_exp,5000,richardson_a10,richardson,trajectory,0.01,0.06170344,-0.0791561,0.0891561,1,0,0,0.57992
osc_exp,5000,richardson_a20,richardson,trajectory,0.01,0.06170344,0.032768,0.022768,1,0,1,2.270882
osc_exp,5000,single_exp_fit,parametric,trajectory,0.01,0.06170344,0.04777315,0.03777315,1,0,1,1.368788
osc_exp,5000,double_exp_fit,parametric,trajectory,0.01,0.06170344,0.0,0.01,1,0,1,5.170344
osc_exp,5000,rational_fit,parametric,trajectory,0.01,0.06170344,0.00177547,0.00822453,1,0,1,6.286488
osc_exp,5000,log_fit,parametric,trajectory,0.01,0.06170344,0.06957438,0.05957438,1,0,0,0.86788
osc_exp,5000,shanks_1,shanks,limit,0.01,0.06170344,0.0626023,0.0526023,1,0,0,0.982912
osc_exp,5000,shanks_2,shanks,limit,0.01,0.06170344,0.06238393,0.05238393,1,0,0,0.98701
osc_exp,5000,shanks_3,shanks,limit,0.01,0.06170344,0.06241091,0.05241091,1,0,0,0.986501
osc_exp,5000,shanks_4,shanks,limit,0.01,0.06170344,0.06241082,0.05241082,1,0,0,0.986503
osc_exp,5000,wynn_eps_1,wynn_eps,limit,0.01,0.06170344,0.0626023,0.0526023,1,0,0,0.982912
osc_exp,5000,wynn_eps_2,wynn_eps,limit,0.01,0.06170344,0.06227458,0.05227458,1,0,0,0.989074
osc_exp,5000,wynn_eps_3,wynn_eps,limit,0.01,0.06170344,0.01,0.0,1,0,1,853282693.693648
osc_exp,5000,wynn_rho_1,wynn_rho,limit,0.01,0.06170344,0.06310716,0.05310716,1,0,0,0.973568
osc_exp,5000,wynn_rho_2,wynn_rho,limit,0.01,0.06170344,0.06115854,0.05115854,1,0,1,1.010651
osc_exp,5000,wynn_rho_3,wynn_rho,limit,0.01,0.06170344,-0.09696354,0.10696354,1,0,0,0.483374
osc_exp,5000,pade_11,pade,trajectory,0.01,0.06170344,-0.13334223,0.14334223,1,0,0,0.360699
osc_exp,5000,pade_12,pade,trajectory,0.01,0.06170344,0.00095467,0.00904533,1,0,1,5.716039
osc_exp,5000,pade_13,pade,trajectory,0.01,0.06170344,6.296e-05,0.00993704,1,0,1,5.203101
osc_exp,5000,pade_21,pade,trajectory,0.01,0.06170344,,,0,1,0,
osc_exp,5000,pade_22,pade,trajectory,0.01,0.06170344,-0.02323367,0.03323367,1,0,1,1.555755
osc_exp,5000,pade_23,pade,trajectory,0.01,0.06170344,0.00098789,0.00901211,1,0,1,5.737104
osc_exp,5000,pade_31,pade,trajectory,0.01,0.06170344,,,0,1,0,
osc_exp,5000,pade_32,pade,trajectory,0.01,0.06170344,50.24274415,50.23274415,1,1,0,0.001029
osc_exp,5000,levin_t1,levin,limit,0.01,0.06170344,0.0626023,0.0526023,1,0,0,0.982912
osc_exp,5000,levin_t2,levin,limit,0.01,0.06170344,0.0624101,0.0524101,1,0,0,0.986517
osc_exp,5000,levin_u1,levin,limit,0.01,0.06170344,0.06259521,0.05259521,1,0,0,0.983045
osc_exp,5000,levin_u2,levin,limit,0.01,0.06170344,0.06241194,0.05241194,1,0,0,0.986482
osc_exp,5000,levin_v1,levin,limit,0.01,0.06170344,0.0624456,0.0524456,1,0,0,0.985849
osc_exp,5000,levin_v2,levin,limit,0.01,0.06170344,0.06241495,0.05241495,1,0,0,0.986425
osc_exp,5000,weniger_d1,weniger,limit,0.01,0.06170344,-0.0,0.01,1,0,1,5.170344
osc_exp,5000,weniger_d2,weniger,limit,0.01,0.06170344,0.0,0.01,1,0,1,5.170344
osc_exp,5000,brezinski_theta1,brezinski,limit,0.01,0.06170344,0.062381,0.052381,1,0,0,0.987065
osc_exp,5000,brezinski_theta2,brezinski,limit,0.01,0.06170344,0.06235122,0.05235122,1,0,0,0.987626
osc_exp,5000,neville_2,neville,trajectory,0.01,0.06170344,,,0,1,0,
osc_exp,5000,neville_3,neville,trajectory,0.01,0.06170344,,,0,1,0,
osc_exp,5000,neville_4,neville,trajectory,0.01,0.06170344,0.84728785,0.83728785,1,1,0,0.061751
osc_exp,5000,anderson_1,anderson,limit,0.01,0.06170344,0.06237661,0.05237661,1,0,0,0.987148
osc_exp,5000,anderson_2,anderson,limit,0.01,0.06170344,0.06237271,0.05237271,1,0,0,0.987221
osc_exp,5000,anderson_3,anderson,limit,0.01,0.06170344,0.06234806,0.05234806,1,0,0,0.987686
osc_exp,5000,median_ensemble,ensemble,trajectory,0.01,0.06170344,0.06232926,0.05232926,1,0,0,0.988041
osc_exp,5000,stability_weighted,ensemble,trajectory,0.01,0.06170344,0.06150075,0.05150075,1,0,1,1.003936
osc_exp,5000,best_shanks_wynn,ensemble,limit,0.01,0.06170344,0.0626023,0.0526023,1,0,0,0.982912
damped_osc_pow,150,current_value,baseline,limit,0.04993574,0.06572092,0.06572092,0.01578518,1,0,0,1.0
damped_osc_pow,150,linear,baseline,trajectory,0.04993574,0.06572092,0.00880315,0.04113259,1,0,0,0.383763
damped_osc_pow,150,log_linear,baseline,trajectory,0.04993574,0.06572092,0.05023651,0.00030077,1,0,1,52.482692
damped_osc_pow,150,geom_avg_diff,baseline,limit,0.04993574,0.06572092,0.05135498,0.00141924,1,0,1,11.122262
damped_osc_pow,150,richardson_1,richardson,trajectory,0.04993574,0.06572092,0.04974571,0.00019003,1,0,1,83.067398
damped_osc_pow,150,richardson_2,richardson,trajectory,0.04993574,0.06572092,0.04993542,3.2e-07,1,0,1,48729.923501
damped_osc_pow,150,richardson_3,richardson,trajectory,0.04993574,0.06572092,0.0499354,3.4e-07,1,0,1,46562.703689
damped_osc_pow,150,richardson_a05,richardson,trajectory,0.04993574,0.06572092,0.04796347,0.00197227,1,0,1,8.003565
damped_osc_pow,150,richardson_a10,richardson,trajectory,0.04993574,0.06572092,0.05548505,0.00554931,1,0,1,2.844533
damped_osc_pow,150,richardson_a20,richardson,trajectory,0.04993574,0.06572092,0.06560563,0.01566989,1,0,1,1.007358
damped_osc_pow,150,single_exp_fit,parametric,trajectory,0.04993574,0.06572092,0.05715767,0.00722193,1,0,1,2.185729
damped_osc_pow,150,double_exp_fit,parametric,trajectory,0.04993574,0.06572092,0.05715766,0.00722192,1,0,1,2.185732
damped_osc_pow,150,rational_fit,parametric,trajectory,0.04993574,0.06572092,0.05106397,0.00112823,1,0,1,13.99113
damped_osc_pow,150,log_fit,parametric,trajectory,0.04993574,0.06572092,0.06997366,0.02003792,1,0,0,0.787765
damped_osc_pow,150,shanks_1,shanks,limit,0.04993574,0.06572092,0.04374848,0.00618726,1,0,1,2.551239
damped_osc_pow,150,shanks_2,shanks,limit,0.04993574,0.06572092,0.03046142,0.01947432,1,0,0,0.810564
damped_osc_pow,150,shanks_3,shanks,limit,0.04993574,0.06572092,0.02243324,0.0275025,1,0,0,0.573955
damped_osc_pow,150,shanks_4,shanks,limit,0.04993574,0.06572092,0.02279849,0.02713725,1,0,0,0.58168
damped_osc_pow,150,wynn_eps_1,wynn_eps,limit,0.04993574,0.06572092,0.04374848,0.00618726,1,0,1,2.551239
damped_osc_pow,150,wynn_eps_2,wynn_eps,limit,0.04993574,0.06572092,0.03553996,0.01439578,1,0,1,1.096515
damped_osc_pow,150,wynn_eps_3,wynn_eps,limit,0.04993574,0.06572092,0.03108203,0.01885371,1,0,0,0.837245
damped_osc_pow,150,wynn_rho_1,wynn_rho,limit,0.04993574,0.06572092,0.02137059,0.02856515,1,0,0,0.552603
damped_osc_pow,150,wynn_rho_2,wynn_rho,limit,0.04993574,0.06572092,0.01579222,0.03414352,1,0,0,0.462319
damped_osc_pow,150,wynn_rho_3,wynn_rho,limit,0.04993574,0.06572092,0.01377411,0.03616163,1,0,0,0.436518
damped_osc_pow,150,pade_11,pade,trajectory,0.04993574,0.06572092,0.05092978,0.00099404,1,0,1,15.879866
damped_osc_pow,150,pade_12,pade,trajectory,0.04993574,0.06572092,0.04962311,0.00031263,1,0,1,50.491024
damped_osc_pow,150,pade_13,pade,trajectory,0.04993574,0.06572092,0.05006765,0.00013191,1,0,1,119.662207
damped_osc_pow,150,pade_21,pade,trajectory,0.04993574,0.06572092,0.04936474,0.000571,1,0,1,27.644788
damped_osc_pow,150,pade_22,pade,trajectory,0.04993574,0.06572092,0.0499825,4.676e-05,1,0,1,337.560517
damped_osc_pow,150,pade_23,pade,trajectory,0.04993574,0.06572092,0.04992077,1.497e-05,1,0,1,1054.443973
damped_osc_pow,150,pade_31,pade,trajectory,0.04993574,0.06572092,0.05036675,0.00043101,1,0,1,36.623328
damped_osc_pow,150,pade_32,pade,trajectory,0.04993574,0.06572092,0.04991599,1.975e-05,1,0,1,799.282396
damped_osc_pow,150,levin_t1,levin,limit,0.04993574,0.06572092,0.04374848,0.00618726,1,0,1,2.551239
damped_osc_pow,150,levin_t2,levin,limit,0.04993574,0.06572092,0.03551167,0.01442407,1,0,1,1.094364
damped_osc_pow,150,levin_u1,levin,limit,0.04993574,0.06572092,0.00826413,0.04167161,1,0,0,0.378799
damped_osc_pow,150,levin_u2,levin,limit,0.04993574,0.06572092,0.00978007,0.04015567,1,0,0,0.3931
damped_osc_pow,150,levin_v1,levin,limit,0.04993574,0.06572092,0.00914157,0.04079417,1,0,0,0.386947
damped_osc_pow,150,levin_v2,levin,limit,0.04993574,0.06572092,0.01010492,0.03983082,1,0,0,0.396306
damped_osc_pow,150,weniger_d1,weniger,limit,0.04993574,0.06572092,-0.0,0.04993574,1,0,0,0.31611
damped_osc_pow,150,weniger_d2,weniger,limit,0.04993574,0.06572092,0.0,0.04993574,1,0,0,0.31611
damped_osc_pow,150,brezinski_theta1,brezinski,limit,0.04993574,0.06572092,0.04333555,0.00660019,1,0,1,2.391626
damped_osc_pow,150,brezinski_theta2,brezinski,limit,0.04993574,0.06572092,0.02995626,0.01997948,1,0,0,0.79007
damped_osc_pow,150,neville_2,neville,trajectory,0.04993574,0.06572092,0.05019535,0.00025961,1,0,1,60.804007
damped_osc_pow,150,neville_3,neville,trajectory,0.04993574,0.06572092,0.05000175,6.601e-05,1,0,1,239.13389
damped_osc_pow,150,neville_4,neville,trajectory,0.04993574,0.06572092,0.04995507,1.933e-05,1,0,1,816.616967
damped_osc_pow,150,anderson_1,anderson,limit,0.04993574,0.06572092,0.06559862,0.01566288,1,0,1,1.007808
damped_osc_pow,150,anderson_2,anderson,limit,0.04993574,0.06572092,0.06547181,0.01553607,1,0,1,1.016035
damped_osc_pow,150,anderson_3,anderson,limit,0.04993574,0.06572092,0.06534033,0.01540459,1,0,1,1.024706
damped_osc_pow,150,median_ensemble,ensemble,trajectory,0.04993574,0.06572092,0.04374848,0.00618726,1,0,1,2.551239
damped_osc_pow,150,stability_weighted,ensemble,trajectory,0.04993574,0.06572092,0.03597613,0.01395961,1,0,1,1.130775
damped_osc_pow,150,best_shanks_wynn,ensemble,limit,0.04993574,0.06572092,0.04374848,0.00618726,1,0,1,2.551239
damped_osc_pow,1000,current_value,baseline,limit,0.02145246,0.06572092,0.06572092,0.04426846,1,0,0,1.0
damped_osc_pow,1000,linear,baseline,trajectory,0.02145246,0.06572092,,,0,1,0,
damped_osc_pow,1000,log_linear,baseline,trajectory,0.02145246,0.06572092,0.02194456,0.00049209,1,0,1,89.959669
damped_osc_pow,1000,geom_avg_diff,baseline,limit,0.02145246,0.06572092,0.04461882,0.02316636,1,0,1,1.910894
damped_osc_pow,1000,richardson_1,richardson,trajectory,0.02145246,0.06572092,0.01972076,0.0017317,1,0,1,25.563532
damped_osc_pow,1000,richardson_2,richardson,trajectory,0.02145246,0.06572092,0.02144295,9.52e-06,1,0,1,4652.430008
damped_osc_pow,1000,richardson_3,richardson,trajectory,0.02145246,0.06572092,0.02144246,1e-05,1,0,1,4424.653294
damped_osc_pow,1000,richardson_a05,richardson,trajectory,0.02145246,0.06572092,0.01142035,0.01003211,1,0,1,4.412676
damped_osc_pow,1000,richardson_a10,richardson,trajectory,0.02145246,0.06572092,0.04065123,0.01919877,1,0,1,2.305797
damped_osc_pow,1000,richardson_a20,richardson,trajectory,0.02145246,0.06572092,0.0628882,0.04143573,1,0,1,1.068364
damped_osc_pow,1000,single_exp_fit,parametric,trajectory,0.02145246,0.06572092,0.05533425,0.03388179,1,0,1,1.306556
damped_osc_pow,1000,double_exp_fit,parametric,trajectory,0.02145246,0.06572092,0.05533424,0.03388178,1,0,1,1.306557
damped_osc_pow,1000,rational_fit,parametric,trajectory,0.02145246,0.06572092,0.029884,0.00843154,1,0,1,5.250343
damped_osc_pow,1000,log_fit,parametric,trajectory,0.02145246,0.06572092,0.05091828,0.02946582,1,0,1,1.502367
damped_osc_pow,1000,shanks_1,shanks,limit,0.02145246,0.06572092,0.04374848,0.02229602,1,0,1,1.985488
damped_osc_pow,1000,shanks_2,shanks,limit,0.02145246,0.06572092,0.03046142,0.00900896,1,0,1,4.913828
damped_osc_pow,1000,shanks_3,shanks,limit,0.02145246,0.06572092,0.02243324,0.00098078,1,0,1,45.136152
damped_osc_pow,1000,shanks_4,shanks,limit,0.02145246,0.06572092,0.02279849,0.00134603,1,0,1,32.888231
damped_osc_pow,1000,wynn_eps_1,wynn_eps,limit,0.02145246,0.06572092,0.04374848,0.02229602,1,0,1,1.985488
damped_osc_pow,1000,wynn_eps_2,wynn_eps,limit,0.02145246,0.06572092,0.03553996,0.0140875,1,0,1,3.142393
damped_osc_pow,1000,wynn_eps_3,wynn_eps,limit,0.02145246,0.06572092,0.03108203,0.00962956,1,0,1,4.597141
damped_osc_pow,1000,wynn_rho_1,wynn_rho,limit,0.02145246,0.06572092,0.02137059,8.188e-05,1,0,1,540.669278
damped_osc_pow,1000,wynn_rho_2,wynn_rho,limit,0.02145246,0.06572092,0.01579222,0.00566025,1,0,1,7.820944
damped_osc_pow,1000,wynn_rho_3,wynn_rho,limit,0.02145246,0.06572092,0.01377411,0.00767835,1,0,1,5.765361
damped_osc_pow,1000,pade_11,pade,trajectory,0.02145246,0.06572092,0.02952085,0.00806838,1,0,1,5.486658
damped_osc_pow,1000,pade_12,pade,trajectory,0.02145246,0.06572092,0.01465463,0.00679784,1,0,1,6.51214
damped_osc_pow,1000,pade_13,pade,trajectory,0.02145246,0.06572092,-0.06205982,0.08351229,1,0,0,0.530083
damped_osc_pow,1000,pade_21,pade,trajectory,0.02145246,0.06572092,-0.01632422,0.03777668,1,0,1,1.171846
damped_osc_pow,1000,pade_22,pade,trajectory,0.02145246,0.06572092,0.02370678,0.00225432,1,0,1,19.637179
damped_osc_pow,1000,pade_23,pade,trajectory,0.02145246,0.06572092,0.0187486,0.00270386,1,0,1,16.372328
damped_osc_pow,1000,pade_31,pade,trajectory,0.02145246,0.06572092,0.28977742,0.26832496,1,1,0,0.164981
damped_osc_pow,1000,pade_32,pade,trajectory,0.02145246,0.06572092,0.01510073,0.00635174,1,0,1,6.969505
damped_osc_pow,1000,levin_t1,levin,limit,0.02145246,0.06572092,0.04374848,0.02229602,1,0,1,1.985488
damped_osc_pow,1000,levin_t2,levin,limit,0.02145246,0.06572092,0.03551167,0.01405921,1,0,1,3.148716
damped_osc_pow,1000,levin_u1,levin,limit,0.02145246,0.06572092,0.00826413,0.01318834,1,0,1,3.356637
damped_osc_pow,1000,levin_u2,levin,limit,0.02145246,0.06572092,0.00978007,0.0116724,1,0,1,3.792577
damped_osc_pow,1000,levin_v1,levin,limit,0.02145246,0.06572092,0.00914157,0.0123109,1,0,1,3.595876
damped_osc_pow,1000,levin_v2,levin,limit,0.02145246,0.06572092,0.01010492,0.01134754,1,0,1,3.901149
damped_osc_pow,1000,weniger_d1,weniger,limit,0.02145246,0.06572092,-0.0,0.02145246,1,0,1,2.063561
damped_osc_pow,1000,weniger_d2,weniger,limit,0.02145246,0.06572092,0.0,0.02145246,1,0,1,2.063561
damped_osc_pow,1000,brezinski_theta1,brezinski,limit,0.02145246,0.06572092,0.04333555,0.02188309,1,0,1,2.022953
damped_osc_pow,1000,brezinski_theta2,brezinski,limit,0.02145246,0.06572092,0.02995626,0.00850379,1,0,1,5.205732
damped_osc_pow,1000,neville_2,neville,trajectory,0.02145246,0.06572092,0.02732034,0.00586788,1,0,1,7.544203
damped_osc_pow,1000,neville_3,neville,trajectory,0.02145246,0.06572092,0.02514335,0.00369089,1,0,1,11.993981
damped_osc_pow,1000,neville_4,neville,trajectory,0.02145246,0.06572092,0.0240023,0.00254983,1,0,1,17.361305
damped_osc_pow,1000,anderson_1,anderson,limit,0.02145246,0.06572092,0.06559862,0.04414616,1,0,1,1.00277
damped_osc_pow,1000,anderson_2,anderson,limit,0.02145246,0.06572092,0.06547181,0.04401934,1,0,1,1.005659
damped_osc_pow,1000,anderson_3,anderson,limit,0.02145246,0.06572092,0.06534033,0.04388787,1,0,1,1.008672
damped_osc_pow,1000,median_ensemble,ensemble,trajectory,0.02145246,0.06572092,0.02644733,0.00499487,1,0,1,8.862792
damped_osc_pow,1000,stability_weighted,ensemble,trajectory,0.02145246,0.06572092,0.03506075,0.01360829,1,0,1,3.253051
damped_osc_pow,1000,best_shanks_wynn,ensemble,limit,0.02145246,0.06572092,0.04374848,0.02229602,1,0,1,1.985488
damped_osc_pow,5000,current_value,baseline,limit,0.01402267,0.06572092,0.06572092,0.05169825,1,0,0,1.0
damped_osc_pow,5000,linear,baseline,trajectory,0.01402267,0.06572092,,,0,1,0,
damped_osc_pow,5000,log_linear,baseline,trajectory,0.01402267,0.06572092,0.01426288,0.00024021,1,0,1,215.221099
damped_osc_pow,5000,geom_avg_diff,baseline,limit,0.01402267,0.06572092,0.04461882,0.03059615,1,0,1,1.689698
damped_osc_pow,5000,richardson_1,richardson,trajectory,0.01402267,0.06572092,0.01106435,0.00295832,1,0,1,17.475542
damped_osc_pow,5000,richardson_2,richardson,trajectory,0.01402267,0.06572092,0.01401579,6.88e-06,1,0,1,7511.079416
damped_osc_pow,5000,richardson_3,richardson,trajectory,0.01402267,0.06572092,0.01401446,8.21e-06,1,0,1,6297.059544
damped_osc_pow,5000,richardson_a05,richardson,trajectory,0.01402267,0.06572092,-0.00134873,0.01537139,1,0,1,3.363277
damped_osc_pow,5000,richardson_a10,richardson,trajectory,0.01402267,0.06572092,0.03855705,0.02453438,1,0,1,2.107176
damped_osc_pow,5000,richardson_a20,richardson,trajectory,0.01402267,0.06572092,0.06282815,0.04880548,1,0,1,1.059271
damped_osc_pow,5000,single_exp_fit,parametric,trajectory,0.01402267,0.06572092,0.05533425,0.04131159,1,0,1,1.251423
damped_osc_pow,5000,double_exp_fit,parametric,trajectory,0.01402267,0.06572092,0.05533424,0.04131157,1,0,1,1.251423
damped_osc_pow,5000,rational_fit,parametric,trajectory,0.01402267,0.06572092,0.02665142,0.01262875,1,0,1,4.093695
damped_osc_pow,5000,log_fit,parametric,trajectory,0.01402267,0.06572092,0.04131018,0.02728751,1,0,1,1.894575
damped_osc_pow,5000,shanks_1,shanks,limit,0.01402267,0.06572092,0.04374848,0.02972581,1,0,1,1.739171
damped_osc_pow,5000,shanks_2,shanks,limit,0.01402267,0.06572092,0.03046142,0.01643875,1,0,1,3.144902
damped_osc_pow,5000,shanks_3,shanks,limit,0.01402267,0.06572092,0.02243324,0.00841057,1,0,1,6.146819
damped_osc_pow,5000,shanks_4,shanks,limit,0.01402267,0.06572092,0.02279849,0.00877582,1,0,1,5.890987
damped_osc_pow,5000,wynn_eps_1,wynn_eps,limit,0.01402267,0.06572092,0.04374848,0.02972581,1,0,1,1.739171
damped_osc_pow,5000,wynn_eps_2,wynn_eps,limit,0.01402267,0.06572092,0.03553996,0.0215173,1,0,1,2.402637
damped_osc_pow,5000,wynn_eps_3,wynn_eps,limit,0.01402267,0.06572092,0.03108203,0.01705936,1,0,1,3.030492
damped_osc_pow,5000,wynn_rho_1,wynn_rho,limit,0.01402267,0.06572092,0.02137059,0.00734792,1,0,1,7.03577
damped_osc_pow,5000,wynn_rho_2,wynn_rho,limit,0.01402267,0.06572092,0.01579222,0.00176955,1,0,1,29.2155
damped_osc_pow,5000,wynn_rho_3,wynn_rho,limit,0.01402267,0.06572092,0.01377411,0.00024856,1,0,1,207.994795
damped_osc_pow,5000,pade_11,pade,trajectory,0.01402267,0.06572092,0.0262445,0.01222183,1,0,1,4.229992
damped_osc_pow,5000,pade_12,pade,trajectory,0.01402267,0.06572092,0.0036113,0.01041137,1,0,1,4.965559
damped_osc_pow,5000,pade_13,pade,trajectory,0.01402267,0.06572092,-0.00039635,0.01441902,1,0,1,3.585421
damped_osc_pow,5000,pade_21,pade,trajectory,0.01402267,0.06572092,-0.24349632,0.25751899,1,0,0,0.200755
damped_osc_pow,5000,pade_22,pade,trajectory,0.01402267,0.06572092,0.01896975,0.00494708,1,0,1,10.450257
damped_osc_pow,5000,pade_23,pade,trajectory,0.01402267,0.06572092,0.00607462,0.00794805,1,0,1,6.50452
damped_osc_pow,5000,pade_31,pade,trajectory,0.01402267,0.06572092,9.17777489,9.16375222,1,1,0,0.005642
damped_osc_pow,5000,pade_32,pade,trajectory,0.01402267,0.06572092,-0.04257625,0.05659892,1,0,0,0.913414
damped_osc_pow,5000,levin_t1,levin,limit,0.01402267,0.06572092,0.04374848,0.02972581,1,0,1,1.739171
damped_osc_pow,5000,levin_t2,levin,limit,0.01402267,0.06572092,0.03551167,0.021489,1,0,1,2.405801
damped_osc_pow,5000,levin_u1,levin,limit,0.01402267,0.06572092,0.00826413,0.00575854,1,0,1,8.977662
damped_osc_pow,5000,levin_u2,levin,limit,0.01402267,0.06572092,0.00978007,0.0042426,1,0,1,12.185506
damped_osc_pow,5000,levin_v1,levin,limit,0.01402267,0.06572092,0.00914157,0.0048811,1,0,1,10.591512
damped_osc_pow,5000,levin_v2,levin,limit,0.01402267,0.06572092,0.01010492,0.00391775,1,0,1,13.195908
damped_osc_pow,5000,weniger_d1,weniger,limit,0.01402267,0.06572092,-0.0,0.01402267,1,0,1,3.686763
damped_osc_pow,5000,weniger_d2,weniger,limit,0.01402267,0.06572092,0.0,0.01402267,1,0,1,3.686763
damped_osc_pow,5000,brezinski_theta1,brezinski,limit,0.01402267,0.06572092,0.04333555,0.02931288,1,0,1,1.76367
damped_osc_pow,5000,brezinski_theta2,brezinski,limit,0.01402267,0.06572092,0.02995626,0.01593359,1,0,1,3.244609
damped_osc_pow,5000,neville_2,neville,trajectory,0.01402267,0.06572092,0.02381284,0.00979017,1,0,1,5.280628
damped_osc_pow,5000,neville_3,neville,trajectory,0.01402267,0.06572092,0.02108448,0.00706182,1,0,1,7.320817
damped_osc_pow,5000,neville_4,neville,trajectory,0.01402267,0.06572092,0.01954542,0.00552275,1,0,1,9.360966
damped_osc_pow,5000,anderson_1,anderson,limit,0.01402267,0.06572092,0.06559862,0.05157595,1,0,1,1.002371
damped_osc_pow,5000,anderson_2,anderson,limit,0.01402267,0.06572092,0.06547181,0.05144914,1,0,1,1.004842
damped_osc_pow,5000,anderson_3,anderson,limit,0.01402267,0.06572092,0.06534033,0.05131767,1,0,1,1.007416
damped_osc_pow,5000,median_ensemble,ensemble,trajectory,0.01402267,0.06572092,0.02644733,0.01242466,1,0,1,4.160939
damped_osc_pow,5000,stability_weighted,ensemble,trajectory,0.01402267,0.06572092,0.03406697,0.02004431,1,0,1,2.579199
damped_osc_pow,5000,best_shanks_wynn,ensemble,limit,0.01402267,0.06572092,0.04374848,0.02972581,1,0,1,1.739171
log_slow,150,current_value,baseline,limit,0.16909017,0.18661738,0.18661738,0.01752721,1,0,0,1.0
log_slow,150,linear,baseline,trajectory,0.16909017,0.18661738,0.13342397,0.0356662,1,0,0,0.491424
log_slow,150,log_linear,baseline,trajectory,0.16909017,0.18661738,0.16608548,0.00300469,1,0,1,5.833291
log_slow,150,geom_avg_diff,baseline,limit,0.16909017,0.18661738,0.1705703,0.00148014,1,0,1,11.84161
log_slow,150,richardson_1,richardson,trajectory,0.16909017,0.18661738,0.16933678,0.00024662,1,0,1,71.070718
log_slow,150,richardson_2,richardson,trajectory,0.16909017,0.18661738,0.16912035,3.018e-05,1,0,1,580.713245
log_slow,150,richardson_3,richardson,trajectory,0.16909017,0.18661738,0.16910073,1.057e-05,1,0,1,1658.490288
log_slow,150,richardson_a05,richardson,trajectory,0.16909017,0.18661738,0.17059563,0.00150546,1,0,1,11.642418
log_slow,150,richardson_a10,richardson,trajectory,0.16909017,0.18661738,0.17771121,0.00862105,1,0,1,2.033072
log_slow,150,richardson_a20,richardson,trajectory,0.16909017,0.18661738,0.1872648,0.01817463,1,0,0,0.964378
log_slow,150,single_exp_fit,parametric,trajectory,0.16909017,0.18661738,0.17651657,0.00742641,1,0,1,2.360119
log_slow,150,double_exp_fit,parametric,trajectory,0.16909017,0.18661738,0.17651631,0.00742615,1,0,1,2.360203
log_slow,150,rational_fit,parametric,trajectory,0.16909017,0.18661738,0.17118701,0.00209685,1,0,1,8.358835
log_slow,150,log_fit,parametric,trajectory,0.16909017,0.18661738,0.16909022,5e-08,1,0,1,322501.099715
log_slow,150,shanks_1,shanks,limit,0.16909017,0.18661738,0.15988252,0.00920765,1,0,1,1.903549
log_slow,150,shanks_2,shanks,limit,0.16909017,0.18661738,0.13938638,0.02970378,1,0,0,0.590067
log_slow,150,shanks_3,shanks,limit,0.16909017,0.18661738,0.12328733,0.04580283,1,0,0,0.382667
log_slow,150,shanks_4,shanks,limit,0.16909017,0.18661738,0.12362218,0.04546798,1,0,0,0.385485
log_slow,150,wynn_eps_1,wynn_eps,limit,0.16909017,0.18661738,0.15988252,0.00920765,1,0,1,1.903549
log_slow,150,wynn_eps_2,wynn_eps,limit,0.16909017,0.18661738,0.14839651,0.02069366,1,0,0,0.846985
log_slow,150,wynn_eps_3,wynn_eps,limit,0.16909017,0.18661738,0.1414951,0.02759507,1,0,0,0.635157
log_slow,150,wynn_rho_1,wynn_rho,limit,0.16909017,0.18661738,0.13272382,0.03636635,1,0,0,0.481962
log_slow,150,wynn_rho_2,wynn_rho,limit,0.16909017,0.18661738,0.11655729,0.05253287,1,0,0,0.333643
log_slow,150,wynn_rho_3,wynn_rho,limit,0.16909017,0.18661738,0.10796999,0.06112017,1,0,0,0.286766
log_slow,150,pade_11,pade,trajectory,0.16909017,0.18661738,0.17097164,0.00188147,1,0,1,9.31569
log_slow,150,pade_12,pade,trajectory,0.16909017,0.18661738,0.16842674,0.00066342,1,0,1,26.419376
log_slow,150,pade_13,pade,trajectory,0.16909017,0.18661738,0.16945965,0.00036948,1,0,1,47.437051
log_slow,150,pade_21,pade,trajectory,0.16909017,0.18661738,0.16825031,0.00083985,1,0,1,20.869406
log_slow,150,pade_22,pade,trajectory,0.16909017,0.18661738,0.1691888,9.863e-05,1,0,1,177.704955
log_slow,150,pade_23,pade,trajectory,0.16909017,0.18661738,0.16906077,2.939e-05,1,0,1,596.311415
log_slow,150,pade_31,pade,trajectory,0.16909017,0.18661738,0.16963758,0.00054741,1,0,1,32.018235
log_slow,150,pade_32,pade,trajectory,0.16909017,0.18661738,0.1690566,3.357e-05,1,0,1,522.131237
log_slow,150,levin_t1,levin,limit,0.16909017,0.18661738,0.15988252,0.00920765,1,0,1,1.903549
log_slow,150,levin_t2,levin,limit,0.16909017,0.18661738,0.14805484,0.02103532,1,0,0,0.833228
log_slow,150,levin_u1,levin,limit,0.16909017,0.18661738,0.09275016,0.07634,1,0,0,0.229594
log_slow,150,levin_u2,levin,limit,0.16909017,0.18661738,0.08254887,0.08654129,1,0,0,0.20253
log_slow,150,levin_v1,levin,limit,0.16909017,0.18661738,0.08130319,0.08778698,1,1,0,0.199656
log_slow,150,levin_v2,levin,limit,0.16909017,0.18661738,0.07207058,0.09701959,1,1,0,0.180656
log_slow,150,weniger_d1,weniger,limit,0.16909017,0.18661738,-0.0,0.16909017,1,1,0,0.103656
log_slow,150,weniger_d2,weniger,limit,0.16909017,0.18661738,0.0,0.16909017,1,1,0,0.103656
log_slow,150,brezinski_theta1,brezinski,limit,0.16909017,0.18661738,0.15945196,0.00963821,1,0,1,1.818513
log_slow,150,brezinski_theta2,brezinski,limit,0.16909017,0.18661738,0.13871408,0.03037608,1,0,0,0.577007
log_slow,150,neville_2,neville,trajectory,0.16909017,0.18661738,0.16969359,0.00060343,1,0,1,29.046183
log_slow,150,neville_3,neville,trajectory,0.16909017,0.18661738,0.16926945,0.00017928,1,0,1,97.762088
log_slow,150,neville_4,neville,trajectory,0.16909017,0.18661738,0.16914893,5.877e-05,1,0,1,298.247189
log_slow,150,anderson_1,anderson,limit,0.16909017,0.18661738,0.18649721,0.01740704,1,0,1,1.006903
log_slow,150,anderson_2,anderson,limit,0.16909017,0.18661738,0.18637289,0.01728272,1,0,1,1.014146
log_slow,150,anderson_3,anderson,limit,0.16909017,0.18661738,0.18624428,0.01715411,1,0,1,1.02175
log_slow,150,median_ensemble,ensemble,trajectory,0.16909017,0.18661738,0.15988252,0.00920765,1,0,1,1.903549
log_slow,150,stability_weighted,ensemble,trajectory,0.16909017,0.18661738,0.14698562,0.02210455,1,0,0,0.792923
log_slow,150,best_shanks_wynn,ensemble,limit,0.16909017,0.18661738,0.15988252,0.00920765,1,0,1,1.903549
log_slow,1000,current_value,baseline,limit,0.12576637,0.18661738,0.18661738,0.06085101,1,0,0,1.0
log_slow,1000,linear,baseline,trajectory,0.12576637,0.18661738,,,0,1,0,
log_slow,1000,log_linear,baseline,trajectory,0.12576637,0.18661738,0.10985322,0.01591315,1,0,1,3.823945
log_slow,1000,geom_avg_diff,baseline,limit,0.12576637,0.18661738,0.16099926,0.03523289,1,0,1,1.727108
log_slow,1000,richardson_1,richardson,trajectory,0.12576637,0.18661738,0.12981364,0.00404727,1,0,1,15.035082
log_slow,1000,richardson_2,richardson,trajectory,0.12576637,0.18661738,0.12667281,0.00090644,1,0,1,67.132052
log_slow,1000,richardson_3,richardson,trajectory,0.12576637,0.18661738,0.12642801,0.00066164,1,0,1,91.970239
log_slow,1000,richardson_a05,richardson,trajectory,0.12576637,0.18661738,0.13627545,0.01050909,1,0,1,5.790324
log_slow,1000,richardson_a10,richardson,trajectory,0.12576637,0.18661738,0.16380525,0.03803888,1,0,1,1.599706
log_slow,1000,richardson_a20,richardson,trajectory,0.12576637,0.18661738,0.18472637,0.05896,1,0,1,1.032073
log_slow,1000,single_exp_fit,parametric,trajectory,0.12576637,0.18661738,0.17374072,0.04797435,1,0,1,1.268407
log_slow,1000,double_exp_fit,parametric,trajectory,0.12576637,0.18661738,0.17374033,0.04797396,1,0,1,1.268417
log_slow,1000,rational_fit,parametric,trajectory,0.12576637,0.18661738,0.14715769,0.02139132,1,0,1,2.844659
log_slow,1000,log_fit,parametric,trajectory,0.12576637,0.18661738,0.12576648,1.2e-07,1,0,1,521603.982794
log_slow,1000,shanks_1,shanks,limit,0.12576637,0.18661738,0.15988252,0.03411615,1,0,1,1.783642
log_slow,1000,shanks_2,shanks,limit,0.12576637,0.18661738,0.13938638,0.01362002,1,0,1,4.467763
log_slow,1000,shanks_3,shanks,limit,0.12576637,0.18661738,0.12328733,0.00247903,1,0,1,24.546255
log_slow,1000,shanks_4,shanks,limit,0.12576637,0.18661738,0.12362218,0.00214418,1,0,1,28.379555
log_slow,1000,wynn_eps_1,wynn_eps,limit,0.12576637,0.18661738,0.15988252,0.03411615,1,0,1,1.783642
log_slow,1000,wynn_eps_2,wynn_eps,limit,0.12576637,0.18661738,0.14839651,0.02263014,1,0,1,2.688936
log_slow,1000,wynn_eps_3,wynn_eps,limit,0.12576637,0.18661738,0.1414951,0.01572873,1,0,1,3.868781
log_slow,1000,wynn_rho_1,wynn_rho,limit,0.12576637,0.18661738,0.13272382,0.00695745,1,0,1,8.746163
log_slow,1000,wynn_rho_2,wynn_rho,limit,0.12576637,0.18661738,0.11655729,0.00920907,1,0,1,6.607722
log_slow,1000,wynn_rho_3,wynn_rho,limit,0.12576637,0.18661738,0.10796999,0.01779638,1,0,1,3.419292
log_slow,1000,pade_11,pade,trajectory,0.12576637,0.18661738,0.14651498,0.02074861,1,0,1,2.932775
log_slow,1000,pade_12,pade,trajectory,0.12576637,0.18661738,0.09658781,0.02917856,1,0,1,2.08547
log_slow,1000,pade_13,pade,trajectory,0.12576637,0.18661738,-0.34986228,0.47562865,1,1,0,0.127938
log_slow,1000,pade_21,pade,trajectory,0.12576637,0.18661738,0.06117,0.06459636,1,0,0,0.942019
log_slow,1000,pade_22,pade,trajectory,0.12576637,0.18661738,0.13316937,0.007403,1,0,1,8.219779
log_slow,1000,pade_23,pade,trajectory,0.12576637,0.18661738,0.11653326,0.00923311,1,0,1,6.590519
log_slow,1000,pade_31,pade,trajectory,0.12576637,0.18661738,0.49756781,0.37180144,1,1,0,0.163665
log_slow,1000,pade_32,pade,trajectory,0.12576637,0.18661738,0.11173919,0.01402718,1,0,1,4.338078
log_slow,1000,levin_t1,levin,limit,0.12576637,0.18661738,0.15988252,0.03411615,1,0,1,1.783642
log_slow,1000,levin_t2,levin,limit,0.12576637,0.18661738,0.14805484,0.02228848,1,0,1,2.730156
log_slow,1000,levin_u1,levin,limit,0.12576637,0.18661738,0.09275016,0.03301621,1,0,1,1.843065
log_slow,1000,levin_u2,levin,limit,0.12576637,0.18661738,0.08254887,0.0432175,1,0,1,1.408018
log_slow,1000,levin_v1,levin,limit,0.12576637,0.18661738,0.08130319,0.04446318,1,0,1,1.368571
log_slow,1000,levin_v2,levin,limit,0.12576637,0.18661738,0.07207058,0.05369579,1,0,1,1.133255
log_slow,1000,weniger_d1,weniger,limit,0.12576637,0.18661738,-0.0,0.12576637,1,0,0,0.483842
log_slow,1000,weniger_d2,weniger,limit,0.12576637,0.18661738,0.0,0.12576637,1,0,0,0.483842
log_slow,1000,brezinski_theta1,brezinski,limit,0.12576637,0.18661738,0.15945196,0.03368559,1,0,1,1.80644
log_slow,1000,brezinski_theta2,brezinski,limit,0.12576637,0.18661738,0.13871408,0.01294772,1,0,1,4.699748
log_slow,1000,neville_2,neville,trajectory,0.12576637,0.18661738,0.14293863,0.01717226,1,0,1,3.543565
log_slow,1000,neville_3,neville,trajectory,0.12576637,0.18661738,0.1381692,0.01240283,1,0,1,4.906219
log_slow,1000,neville_4,neville,trajectory,0.12576637,0.18661738,0.13522325,0.00945688,1,0,1,6.434573
log_slow,1000,anderson_1,anderson,limit,0.12576637,0.18661738,0.18649721,0.06073084,1,0,1,1.001979
log_slow,1000,anderson_2,anderson,limit,0.12576637,0.18661738,0.18637289,0.06060652,1,0,1,1.004034
log_slow,1000,anderson_3,anderson,limit,0.12576637,0.18661738,0.18624428,0.06047791,1,0,1,1.006169
log_slow,1000,median_ensemble,ensemble,trajectory,0.12576637,0.18661738,0.13460001,0.00883364,1,0,1,6.888552
log_slow,1000,stability_weighted,ensemble,trajectory,0.12576637,0.18661738,0.14607765,0.02031128,1,0,1,2.995922
log_slow,1000,best_shanks_wynn,ensemble,limit,0.12576637,0.18661738,0.15988252,0.03411615,1,0,1,1.783642
log_slow,5000,current_value,baseline,limit,0.10392166,0.18661738,0.18661738,0.08269571,1,0,0,1.0
log_slow,5000,linear,baseline,trajectory,0.10392166,0.18661738,,,0,1,0,
log_slow,5000,log_linear,baseline,trajectory,0.10392166,0.18661738,0.07835655,0.02556511,1,0,1,3.23471
log_slow,5000,geom_avg_diff,baseline,limit,0.10392166,0.18661738,0.16099925,0.05707759,1,0,1,1.44883
log_slow,5000,richardson_1,richardson,trajectory,0.10392166,0.18661738,0.11399052,0.01006886,1,0,1,8.213016
log_slow,5000,richardson_2,richardson,trajectory,0.10392166,0.18661738,0.10664738,0.00272571,1,0,1,30.339121
log_slow,5000,richardson_3,richardson,trajectory,0.10392166,0.18661738,0.10645453,0.00253287,1,0,1,32.649037
log_slow,5000,richardson_a05,richardson,trajectory,0.10392166,0.18661738,0.12428313,0.02036147,1,0,1,4.061383
log_slow,5000,richardson_a10,richardson,trajectory,0.10392166,0.18661738,0.16184205,0.05792039,1,0,1,1.427748
log_slow,5000,richardson_a20,richardson,trajectory,0.10392166,0.18661738,0.18467028,0.08074861,1,0,1,1.024113
log_slow,5000,single_exp_fit,parametric,trajectory,0.10392166,0.18661738,0.17374072,0.06981905,1,0,1,1.184429
log_slow,5000,double_exp_fit,parametric,trajectory,0.10392166,0.18661738,0.17374033,0.06981866,1,0,1,1.184436
log_slow,5000,rational_fit,parametric,trajectory,0.10392166,0.18661738,0.14330506,0.0393834,1,0,1,2.099761
log_slow,5000,log_fit,parametric,trajectory,0.10392166,0.18661738,0.10392181,1.5e-07,1,0,1,558449.050967
log_slow,5000,shanks_1,shanks,limit,0.10392166,0.18661738,0.15988252,0.05596086,1,0,1,1.477742
log_slow,5000,shanks_2,shanks,limit,0.10392166,0.18661738,0.13938638,0.03546472,1,0,1,2.331774
log_slow,5000,shanks_3,shanks,limit,0.10392166,0.18661738,0.12328733,0.01936567,1,0,1,4.270222
log_slow,5000,shanks_4,shanks,limit,0.10392166,0.18661738,0.12362218,0.01970052,1,0,1,4.197641
log_slow,5000,wynn_eps_1,wynn_eps,limit,0.10392166,0.18661738,0.15988252,0.05596086,1,0,1,1.477742
log_slow,5000,wynn_eps_2,wynn_eps,limit,0.10392166,0.18661738,0.14839651,0.04447485,1,0,1,1.859382
log_slow,5000,wynn_eps_3,wynn_eps,limit,0.10392166,0.18661738,0.1414951,0.03757343,1,0,1,2.200909
log_slow,5000,wynn_rho_1,wynn_rho,limit,0.10392166,0.18661738,0.13272382,0.02880216,1,0,1,2.871164
log_slow,5000,wynn_rho_2,wynn_rho,limit,0.10392166,0.18661738,0.11655729,0.01263563,1,0,1,6.544645
log_slow,5000,wynn_rho_3,wynn_rho,limit,0.10392166,0.18661738,0.10796999,0.00404833,1,0,1,20.427121
log_slow,5000,pade_11,pade,trajectory,0.10392166,0.18661738,0.14257435,0.03865268,1,0,1,2.139456
log_slow,5000,pade_12,pade,trajectory,0.10392166,0.18661738,0.03463931,0.06928236,1,0,1,1.193604
log_slow,5000,pade_13,pade,trajectory,0.10392166,0.18661738,-0.00256853,0.10649019,1,0,0,0.776557
log_slow,5000,pade_21,pade,trajectory,0.10392166,0.18661738,-0.36469534,0.46861701,1,1,0,0.176468
log_slow,5000,pade_22,pade,trajectory,0.10392166,0.18661738,0.12516677,0.02124511,1,0,1,3.892459
log_slow,5000,pade_23,pade,trajectory,0.10392166,0.18661738,0.05946305,0.04445862,1,0,1,1.86006
log_slow,5000,pade_31,pade,trajectory,0.10392166,0.18661738,13.12329979,13.01937813,1,1,0,0.006352
log_slow,5000,pade_32,pade,trajectory,0.10392166,0.18661738,-0.03573749,0.13965915,1,0,0,0.592125
log_slow,5000,levin_t1,levin,limit,0.10392166,0.18661738,0.15988252,0.05596086,1,0,1,1.477742
log_slow,5000,levin_t2,levin,limit,0.10392166,0.18661738,0.14805484,0.04413318,1,0,1,1.873776
log_slow,5000,levin_u1,levin,limit,0.10392166,0.18661738,0.09275016,0.0111715,1,0,1,7.40238
log_slow,5000,levin_u2,levin,limit,0.10392166,0.18661738,0.08254887,0.02137279,1,0,1,3.869205
log_slow,5000,levin_v1,levin,limit,0.10392166,0.18661738,0.08130319,0.02261847,1,0,1,3.656114
log_slow,5000,levin_v2,levin,limit,0.10392166,0.18661738,0.07207058,0.03185109,1,0,1,2.596323
log_slow,5000,weniger_d1,weniger,limit,0.10392166,0.18661738,-0.0,0.10392166,1,0,0,0.79575
log_slow,5000,weniger_d2,weniger,limit,0.10392166,0.18661738,0.0,0.10392166,1,0,0,0.79575
log_slow,5000,brezinski_theta1,brezinski,limit,0.10392166,0.18661738,0.15945196,0.05553029,1,0,1,1.4892
log_slow,5000,brezinski_theta2,brezinski,limit,0.10392166,0.18661738,0.13871408,0.03479242,1,0,1,2.376831
log_slow,5000,neville_2,neville,trajectory,0.10392166,0.18661738,0.13869401,0.03477234,1,0,1,2.378204
log_slow,5000,neville_3,neville,trajectory,0.10392166,0.18661738,0.13271662,0.02879496,1,0,1,2.871882
log_slow,5000,neville_4,neville,trajectory,0.10392166,0.18661738,0.12874309,0.02482143,1,0,1,3.331626
log_slow,5000,anderson_1,anderson,limit,0.10392166,0.18661738,0.18649721,0.08257554,1,0,1,1.001455
log_slow,5000,anderson_2,anderson,limit,0.10392166,0.18661738,0.18637289,0.08245123,1,0,1,1.002965
log_slow,5000,anderson_3,anderson,limit,0.10392166,0.18661738,0.18624428,0.08232262,1,0,1,1.004532
log_slow,5000,median_ensemble,ensemble,trajectory,0.10392166,0.18661738,0.13133686,0.0274152,1,0,1,3.016419
log_slow,5000,stability_weighted,ensemble,trajectory,0.10392166,0.18661738,0.14556527,0.04164361,1,0,1,1.985796
log_slow,5000,best_shanks_wynn,ensemble,limit,0.10392166,0.18661738,0.15988252,0.05596086,1,0,1,1.477742
delayed_plateau,150,current_value,baseline,limit,0.1438781,0.25394202,0.25394202,0.11006392,1,0,0,1.0
delayed_plateau,150,linear,baseline,trajectory,0.1438781,0.25394202,-0.04077124,0.18464934,1,0,0,0.59607
delayed_plateau,150,log_linear,baseline,trajectory,0.1438781,0.25394202,0.18301151,0.03913341,1,0,1,2.812531
delayed_plateau,150,geom_avg_diff,baseline,limit,0.1438781,0.25394202,0.14449697,0.00061888,1,0,1,177.844983
delayed_plateau,150,richardson_1,richardson,trajectory,0.1438781,0.25394202,0.19190507,0.04802697,1,0,1,2.291711
delayed_plateau,150,richardson_2,richardson,trajectory,0.1438781,0.25394202,0.18827536,0.04439726,1,0,1,2.47907
delayed_plateau,150,richardson_3,richardson,trajectory,0.1438781,0.25394202,0.18622825,0.04235015,1,0,1,2.598903
delayed_plateau,150,richardson_a05,richardson,trajectory,0.1438781,0.25394202,0.17072046,0.02684236,1,0,1,4.100382
delayed_plateau,150,richardson_a10,richardson,trajectory,0.1438781,0.25394202,0.2109271,0.067049,1,0,1,1.641545
delayed_plateau,150,richardson_a20,richardson,trajectory,0.1438781,0.25394202,0.26460992,0.12073182,1,0,0,0.91164
delayed_plateau,150,single_exp_fit,parametric,trajectory,0.1438781,0.25394202,0.12870244,0.01517565,1,0,1,7.252664
delayed_plateau,150,double_exp_fit,parametric,trajectory,0.1438781,0.25394202,,,0,1,0,
delayed_plateau,150,rational_fit,parametric,trajectory,0.1438781,0.25394202,0.17104042,0.02716233,1,0,1,4.05208
delayed_plateau,150,log_fit,parametric,trajectory,0.1438781,0.25394202,0.29824855,0.15437046,1,0,0,0.712986
delayed_plateau,150,shanks_1,shanks,limit,0.1438781,0.25394202,0.01081842,0.13305967,1,0,0,0.827177
delayed_plateau,150,shanks_2,shanks,limit,0.1438781,0.25394202,0.00991516,0.13396293,1,0,0,0.8216
delayed_plateau,150,shanks_3,shanks,limit,0.1438781,0.25394202,0.00999838,0.13387971,1,0,0,0.822111
delayed_plateau,150,shanks_4,shanks,limit,0.1438781,0.25394202,0.01000172,0.13387638,1,0,0,0.822131
delayed_plateau,150,wynn_eps_1,wynn_eps,limit,0.1438781,0.25394202,0.01081842,0.13305967,1,0,0,0.827177
delayed_plateau,150,wynn_eps_2,wynn_eps,limit,0.1438781,0.25394202,0.00992252,0.13395558,1,0,0,0.821645
delayed_plateau,150,wynn_eps_3,wynn_eps,limit,0.1438781,0.25394202,0.01001374,0.13386435,1,0,0,0.822205
delayed_plateau,150,wynn_rho_1,wynn_rho,limit,0.1438781,0.25394202,-0.23475698,0.37863507,1,0,0,0.290686
delayed_plateau,150,wynn_rho_2,wynn_rho,limit,0.1438781,0.25394202,-0.2420295,0.38590759,1,0,0,0.285208
delayed_plateau,150,wynn_rho_3,wynn_rho,limit,0.1438781,0.25394202,-0.17047834,0.31435643,1,0,0,0.350125
delayed_plateau,150,pade_11,pade,trajectory,0.1438781,0.25394202,0.10670608,0.03717201,1,0,1,2.960935
delayed_plateau,150,pade_12,pade,trajectory,0.1438781,0.25394202,0.16766358,0.02378548,1,0,1,4.627358
delayed_plateau,150,pade_13,pade,trajectory,0.1438781,0.25394202,0.11274304,0.03113505,1,0,1,3.535049
delayed_plateau,150,pade_21,pade,trajectory,0.1438781,0.25394202,-0.01896523,0.16284332,1,0,0,0.675888
delayed_plateau,150,pade_22,pade,trajectory,0.1438781,0.25394202,1.12358235,0.97970426,1,1,0,0.112344
delayed_plateau,150,pade_23,pade,trajectory,0.1438781,0.25394202,0.17204433,0.02816623,1,0,1,3.907656
delayed_plateau,150,pade_31,pade,trajectory,0.1438781,0.25394202,0.2177111,0.073833,1,0,1,1.490714
delayed_plateau,150,pade_32,pade,trajectory,0.1438781,0.25394202,0.10470339,0.0391747,1,0,1,2.809566
delayed_plateau,150,levin_t1,levin,limit,0.1438781,0.25394202,0.01081842,0.13305967,1,0,0,0.827177
delayed_plateau,150,levin_t2,levin,limit,0.1438781,0.25394202,-0.00361796,0.14749605,1,0,0,0.746216
delayed_plateau,150,levin_u1,levin,limit,0.1438781,0.25394202,2.43148918,2.28761109,1,1,0,0.048113
delayed_plateau,150,levin_u2,levin,limit,0.1438781,0.25394202,-0.04370419,0.18758229,1,0,0,0.58675
delayed_plateau,150,levin_v1,levin,limit,0.1438781,0.25394202,-0.04425959,0.18813768,1,0,0,0.585018
delayed_plateau,150,levin_v2,levin,limit,0.1438781,0.25394202,0.19700845,0.05313035,1,0,1,2.071583
delayed_plateau,150,weniger_d1,weniger,limit,0.1438781,0.25394202,-0.0,0.1438781,1,0,0,0.76498
delayed_plateau,150,weniger_d2,weniger,limit,0.1438781,0.25394202,0.0,0.1438781,1,0,0,0.76498
delayed_plateau,150,brezinski_theta1,brezinski,limit,0.1438781,0.25394202,0.0083419,0.1355362,1,0,0,0.812063
delayed_plateau,150,brezinski_theta2,brezinski,limit,0.1438781,0.25394202,0.00688641,0.13699168,1,0,0,0.803435
delayed_plateau,150,neville_2,neville,trajectory,0.1438781,0.25394202,0.14713443,0.00325633,1,0,1,33.799952
delayed_plateau,150,neville_3,neville,trajectory,0.1438781,0.25394202,0.14326962,0.00060848,1,0,1,180.884113
delayed_plateau,150,neville_4,neville,trajectory,0.1438781,0.25394202,0.14418081,0.00030271,1,0,1,363.59394
delayed_plateau,150,anderson_1,anderson,limit,0.1438781,0.25394202,0.23993512,0.09605702,1,0,1,1.145819
delayed_plateau,150,anderson_2,anderson,limit,0.1438781,0.25394202,0.22719596,0.08331786,1,0,1,1.321012
delayed_plateau,150,anderson_3,anderson,limit,0.1438781,0.25394202,0.21555798,0.07167989,1,0,1,1.535492
delayed_plateau,150,median_ensemble,ensemble,trajectory,0.1438781,0.25394202,0.01081842,0.13305967,1,0,0,0.827177
delayed_plateau,150,stability_weighted,ensemble,trajectory,0.1438781,0.25394202,0.01041843,0.13345967,1,0,0,0.824698
delayed_plateau,150,best_shanks_wynn,ensemble,limit,0.1438781,0.25394202,0.01081842,0.13305967,1,0,0,0.827177
delayed_plateau,1000,current_value,baseline,limit,0.01002724,0.25394202,0.25394202,0.24391478,1,0,0,1.0
delayed_plateau,1000,linear,baseline,trajectory,0.01002724,0.25394202,,,0,1,0,
delayed_plateau,1000,log_linear,baseline,trajectory,0.01002724,0.25394202,0.05383823,0.04381099,1,0,1,5.567433
delayed_plateau,1000,geom_avg_diff,baseline,limit,0.01002724,0.25394202,0.01498475,0.00495751,1,0,1,49.201096
delayed_plateau,1000,richardson_1,richardson,trajectory,0.01002724,0.25394202,0.05584786,0.04582062,1,0,1,5.323254
delayed_plateau,1000,richardson_2,richardson,trajectory,0.01002724,0.25394202,0.05294012,0.04291288,1,0,1,5.683953
delayed_plateau,1000,richardson_3,richardson,trajectory,0.01002724,0.25394202,0.04923373,0.03920649,1,0,1,6.221285
delayed_plateau,1000,richardson_a05,richardson,trajectory,0.01002724,0.25394202,-0.01692248,0.02694972,1,0,1,9.050734
delayed_plateau,1000,richardson_a10,richardson,trajectory,0.01002724,0.25394202,0.13554145,0.12551421,1,0,1,1.943324
delayed_plateau,1000,richardson_a20,richardson,trajectory,0.01002724,0.25394202,0.25110747,0.24108023,1,0,1,1.011758
delayed_plateau,1000,single_exp_fit,parametric,trajectory,0.01002724,0.25394202,0.04046364,0.0304364,1,0,1,8.013918
delayed_plateau,1000,double_exp_fit,parametric,trajectory,0.01002724,0.25394202,,,0,1,0,
delayed_plateau,1000,rational_fit,parametric,trajectory,0.01002724,0.25394202,0.02930575,0.01927851,1,0,1,12.652157
delayed_plateau,1000,log_fit,parametric,trajectory,0.01002724,0.25394202,0.21702882,0.20700158,1,0,1,1.178323
delayed_plateau,1000,shanks_1,shanks,limit,0.01002724,0.25394202,0.01081842,0.00079118,1,0,1,308.291954
delayed_plateau,1000,shanks_2,shanks,limit,0.01002724,0.25394202,0.00991516,0.00011208,1,0,1,2176.30997
delayed_plateau,1000,shanks_3,shanks,limit,0.01002724,0.25394202,0.00999838,2.886e-05,1,0,1,8452.385634
delayed_plateau,1000,shanks_4,shanks,limit,0.01002724,0.25394202,0.01000172,2.552e-05,1,0,1,9557.097621
delayed_plateau,1000,wynn_eps_1,wynn_eps,limit,0.01002724,0.25394202,0.01081842,0.00079118,1,0,1,308.291954
delayed_plateau,1000,wynn_eps_2,wynn_eps,limit,0.01002724,0.25394202,0.00992252,0.00010472,1,0,1,2329.16716
delayed_plateau,1000,wynn_eps_3,wynn_eps,limit,0.01002724,0.25394202,0.01001374,1.35e-05,1,0,1,18072.181417
delayed_plateau,1000,wynn_rho_1,wynn_rho,limit,0.01002724,0.25394202,-0.23475698,0.24478422,1,0,0,0.996448
delayed_plateau,1000,wynn_rho_2,wynn_rho,limit,0.01002724,0.25394202,-0.2420295,0.25205674,1,0,0,0.967698
delayed_plateau,1000,wynn_rho_3,wynn_rho,limit,0.01002724,0.25394202,-0.17047834,0.18050558,1,0,1,1.351287
delayed_plateau,1000,pade_11,pade,trajectory,0.01002724,0.25394202,-0.22049951,0.23052675,1,0,1,1.058076
delayed_plateau,1000,pade_12,pade,trajectory,0.01002724,0.25394202,0.02868979,0.01866255,1,0,1,13.069749
delayed_plateau,1000,pade_13,pade,trajectory,0.01002724,0.25394202,0.00273388,0.00729336,1,0,1,33.443395
delayed_plateau,1000,pade_21,pade,trajectory,0.01002724,0.25394202,,,0,1,0,
delayed_plateau,1000,pade_22,pade,trajectory,0.01002724,0.25394202,0.84427025,0.83424301,1,0,0,0.292379
delayed_plateau,1000,pade_23,pade,trajectory,0.01002724,0.25394202,0.03089621,0.02086897,1,0,1,11.687918
delayed_plateau,1000,pade_31,pade,trajectory,0.01002724,0.25394202,22.43912328,22.42909604,1,1,0,0.010875
delayed_plateau,1000,pade_32,pade,trajectory,0.01002724,0.25394202,,,0,1,0,
delayed_plateau,1000,levin_t1,levin,limit,0.01002724,0.25394202,0.01081842,0.00079118,1,0,1,308.291954
delayed_plateau,1000,levin_t2,levin,limit,0.01002724,0.25394202,-0.00361796,0.0136452,1,0,1,17.875505
delayed_plateau,1000,levin_u1,levin,limit,0.01002724,0.25394202,2.43148918,2.42146194,1,1,0,0.10073
delayed_plateau,1000,levin_u2,levin,limit,0.01002724,0.25394202,-0.04370419,0.05373143,1,0,1,4.539518
delayed_plateau,1000,levin_v1,levin,limit,0.01002724,0.25394202,-0.04425959,0.05428683,1,0,1,4.493075
delayed_plateau,1000,levin_v2,levin,limit,0.01002724,0.25394202,0.19700845,0.18698121,1,0,1,1.304488
delayed_plateau,1000,weniger_d1,weniger,limit,0.01002724,0.25394202,-0.0,0.01002724,1,0,1,24.325216
delayed_plateau,1000,weniger_d2,weniger,limit,0.01002724,0.25394202,0.0,0.01002724,1,0,1,24.325216
delayed_plateau,1000,brezinski_theta1,brezinski,limit,0.01002724,0.25394202,0.0083419,0.00168534,1,0,1,144.727036
delayed_plateau,1000,brezinski_theta2,brezinski,limit,0.01002724,0.25394202,0.00688641,0.00314083,1,0,1,77.659454
delayed_plateau,1000,neville_2,neville,trajectory,0.01002724,0.25394202,-0.04412842,0.05415566,1,0,1,4.503957
delayed_plateau,1000,neville_3,neville,trajectory,0.01002724,0.25394202,-0.08758784,0.09761508,1,0,1,2.498741
delayed_plateau,1000,neville_4,neville,trajectory,0.01002724,0.25394202,-0.06531449,0.07534173,1,0,1,3.237446
delayed_plateau,1000,anderson_1,anderson,limit,0.01002724,0.25394202,0.23993512,0.22990788,1,0,1,1.060924
delayed_plateau,1000,anderson_2,anderson,limit,0.01002724,0.25394202,0.22719596,0.21716872,1,0,1,1.123158
delayed_plateau,1000,anderson_3,anderson,limit,0.01002724,0.25394202,0.21555798,0.20553074,1,0,1,1.186756
delayed_plateau,1000,median_ensemble,ensemble,trajectory,0.01002724,0.25394202,0.0104084,0.00038116,1,0,1,639.924487
delayed_plateau,1000,stability_weighted,ensemble,trajectory,0.01002724,0.25394202,0.01034675,0.00031951,1,0,1,763.41397
delayed_plateau,1000,best_shanks_wynn,ensemble,limit,0.01002724,0.25394202,0.01081842,0.00079118,1,0,1,308.291954
delayed_plateau,5000,current_value,baseline,limit,0.01,0.25394202,0.25394202,0.24394202,1,0,0,1.0
delayed_plateau,5000,linear,baseline,trajectory,0.01,0.25394202,,,0,1,0,
delayed_plateau,5000,log_linear,baseline,trajectory,0.01,0.25394202,0.02367865,0.01367865,1,0,1,17.833785
delayed_plateau,5000,geom_avg_diff,baseline,limit,0.01,0.25394202,0.01496265,0.00496265,1,0,1,49.155629
delayed_plateau,5000,richardson_1,richardson,trajectory,0.01,0.25394202,0.01959831,0.00959831,1,0,1,25.415111
delayed_plateau,5000,richardson_2,richardson,trajectory,0.01,0.25394202,0.01804397,0.00804397,1,0,1,30.326073
delayed_plateau,5000,richardson_3,richardson,trajectory,0.01,0.25394202,0.01564982,0.00564982,1,0,1,43.17692
delayed_plateau,5000,richardson_a05,richardson,trajectory,0.01,0.25394202,-0.08248961,0.09248961,1,0,1,2.637507
delayed_plateau,5000,richardson_a10,richardson,trajectory,0.01,0.25394202,0.12489877,0.11489877,1,0,1,2.123104
delayed_plateau,5000,richardson_a20,richardson,trajectory,0.01,0.25394202,0.2508091,0.2408091,1,0,1,1.01301
delayed_plateau,5000,single_exp_fit,parametric,trajectory,0.01,0.25394202,0.04046312,0.03046312,1,0,1,8.007783
delayed_plateau,5000,double_exp_fit,parametric,trajectory,0.01,0.25394202,,,0,1,0,
delayed_plateau,5000,rational_fit,parametric,trajectory,0.01,0.25394202,0.00598127,0.00401873,1,0,1,60.701312
delayed_plateau,5000,log_fit,parametric,trajectory,0.01,0.25394202,0.17607625,0.16607625,1,0,1,1.468856
delayed_plateau,5000,shanks_1,shanks,limit,0.01,0.25394202,0.01081842,0.00081842,1,0,1,298.064188
delayed_plateau,5000,shanks_2,shanks,limit,0.01,0.25394202,0.00991516,8.484e-05,1,0,1,2875.411134
delayed_plateau,5000,shanks_3,shanks,limit,0.01,0.25394202,0.00999838,1.62e-06,1,0,1,150809.613108
delayed_plateau,5000,shanks_4,shanks,limit,0.01,0.25394202,0.01000172,1.72e-06,1,0,1,141982.682185
delayed_plateau,5000,wynn_eps_1,wynn_eps,limit,0.01,0.25394202,0.01081842,0.00081842,1,0,1,298.064188
delayed_plateau,5000,wynn_eps_2,wynn_eps,limit,0.01,0.25394202,0.00992252,7.748e-05,1,0,1,3148.373078
delayed_plateau,5000,wynn_eps_3,wynn_eps,limit,0.01,0.25394202,0.01001374,1.374e-05,1,0,1,17749.939214
delayed_plateau,5000,wynn_rho_1,wynn_rho,limit,0.01,0.25394202,-0.23475698,0.24475698,1,0,0,0.99667
delayed_plateau,5000,wynn_rho_2,wynn_rho,limit,0.01,0.25394202,-0.2420295,0.2520295,1,0,0,0.967911
delayed_plateau,5000,wynn_rho_3,wynn_rho,limit,0.01,0.25394202,-0.17047834,0.18047834,1,0,1,1.351642
delayed_plateau,5000,pade_11,pade,trajectory,0.01,0.25394202,-0.29346378,0.30346378,1,0,0,0.803859
delayed_plateau,5000,pade_12,pade,trajectory,0.01,0.25394202,0.0058546,0.0041454,1,0,1,58.846431
delayed_plateau,5000,pade_13,pade,trajectory,0.01,0.25394202,0.00010762,0.00989238,1,0,1,24.659591
delayed_plateau,5000,pade_21,pade,trajectory,0.01,0.25394202,,,0,1,0,
delayed_plateau,5000,pade_22,pade,trajectory,0.01,0.25394202,0.82302984,0.81302984,1,0,0,0.300041
delayed_plateau,5000,pade_23,pade,trajectory,0.01,0.25394202,0.00635694,0.00364306,1,0,1,66.960825
delayed_plateau,5000,pade_31,pade,trajectory,0.01,0.25394202,,,0,1,0,
delayed_plateau,5000,pade_32,pade,trajectory,0.01,0.25394202,,,0,1,0,
delayed_plateau,5000,levin_t1,levin,limit,0.01,0.25394202,0.01081842,0.00081842,1,0,1,298.064188
delayed_plateau,5000,levin_t2,levin,limit,0.01,0.25394202,-0.00361796,0.01361796,1,0,1,17.913261
delayed_plateau,5000,levin_u1,levin,limit,0.01,0.25394202,2.43148918,2.42148918,1,1,0,0.10074
delayed_plateau,5000,levin_u2,levin,limit,0.01,0.25394202,-0.04370419,0.05370419,1,0,1,4.542327
delayed_plateau,5000,levin_v1,levin,limit,0.01,0.25394202,-0.04425959,0.05425959,1,0,1,4.495833
delayed_plateau,5000,levin_v2,levin,limit,0.01,0.25394202,0.19700845,0.18700845,1,0,1,1.304444
delayed_plateau,5000,weniger_d1,weniger,limit,0.01,0.25394202,-0.0,0.01,1,0,1,24.394202
delayed_plateau,5000,weniger_d2,weniger,limit,0.01,0.25394202,0.0,0.01,1,0,1,24.394202
delayed_plateau,5000,brezinski_theta1,brezinski,limit,0.01,0.25394202,0.0083419,0.0016581,1,0,1,147.121095
delayed_plateau,5000,brezinski_theta2,brezinski,limit,0.01,0.25394202,0.00688641,0.00311359,1,0,1,78.347626
delayed_plateau,5000,neville_2,neville,trajectory,0.01,0.25394202,-0.07610374,0.08610374,1,0,1,2.833118
delayed_plateau,5000,neville_3,neville,trajectory,0.01,0.25394202,-0.13057019,0.14057019,1,0,1,1.735375
delayed_plateau,5000,neville_4,neville,trajectory,0.01,0.25394202,-0.10052766,0.11052766,1,0,1,2.207068
delayed_plateau,5000,anderson_1,anderson,limit,0.01,0.25394202,0.23993512,0.22993512,1,0,1,1.060917
delayed_plateau,5000,anderson_2,anderson,limit,0.01,0.25394202,0.22719596,0.21719596,1,0,1,1.123143
delayed_plateau,5000,anderson_3,anderson,limit,0.01,0.25394202,0.21555798,0.20555798,1,0,1,1.186731
delayed_plateau,5000,median_ensemble,ensemble,trajectory,0.01,0.25394202,0.00996045,3.955e-05,1,0,1,6167.980468
delayed_plateau,5000,stability_weighted,ensemble,trajectory,0.01,0.25394202,0.01023918,0.00023918,1,0,1,1019.908261
delayed_plateau,5000,best_shanks_wynn,ensemble,limit,0.01,0.25394202,0.01081842,0.00081842,1,0,1,298.064188
staircase,150,current_value,baseline,limit,0.01,0.71,0.71,0.7,1,0,0,1.0
staircase,150,linear,baseline,trajectory,0.01,0.71,0.71,0.7,1,0,1,1.0
staircase,150,log_linear,baseline,trajectory,0.01,0.71,0.71,0.7,1,0,0,1.0
staircase,150,geom_avg_diff,baseline,limit,0.01,0.71,,,0,1,0,
staircase,150,richardson_1,richardson,trajectory,0.01,0.71,0.71,0.7,1,0,1,1.0
staircase,150,richardson_2,richardson,trajectory,0.01,0.71,0.71,0.7,1,0,1,1.0
staircase,150,richardson_3,richardson,trajectory,0.01,0.71,0.70999951,0.69999951,1,0,1,1.000001
staircase,150,richardson_a05,richardson,trajectory,0.01,0.71,0.71,0.7,1,0,0,1.0
staircase,150,richardson_a10,richardson,trajectory,0.01,0.71,0.71,0.7,1,0,1,1.0
staircase,150,richardson_a20,richardson,trajectory,0.01,0.71,0.71,0.7,1,0,0,1.0
staircase,150,single_exp_fit,parametric,trajectory,0.01,0.71,0.71,0.7,1,0,1,1.0
staircase,150,double_exp_fit,parametric,trajectory,0.01,0.71,0.70999896,0.69999896,1,0,1,1.000001
staircase,150,rational_fit,parametric,trajectory,0.01,0.71,0.71,0.7,1,0,1,1.0
staircase,150,log_fit,parametric,trajectory,0.01,0.71,0.70997843,0.69997843,1,0,1,1.000031
staircase,150,shanks_1,shanks,limit,0.01,0.71,,,0,1,0,
staircase,150,shanks_2,shanks,limit,0.01,0.71,,,0,1,0,
staircase,150,shanks_3,shanks,limit,0.01,0.71,,,0,1,0,
staircase,150,shanks_4,shanks,limit,0.01,0.71,,,0,1,0,
staircase,150,wynn_eps_1,wynn_eps,limit,0.01,0.71,,,0,1,0,
staircase,150,wynn_eps_2,wynn_eps,limit,0.01,0.71,,,0,1,0,
staircase,150,wynn_eps_3,wynn_eps,limit,0.01,0.71,,,0,1,0,
staircase,150,wynn_rho_1,wynn_rho,limit,0.01,0.71,,,0,1,0,
staircase,150,wynn_rho_2,wynn_rho,limit,0.01,0.71,,,0,1,0,
staircase,150,wynn_rho_3,wynn_rho,limit,0.01,0.71,,,0,1,0,
staircase,150,pade_11,pade,trajectory,0.01,0.71,0.71,0.7,1,0,1,1.0
staircase,150,pade_12,pade,trajectory,0.01,0.71,0.71,0.7,1,0,0,1.0
staircase,150,pade_13,pade,trajectory,0.01,0.71,0.71,0.7,1,0,1,1.0
staircase,150,pade_21,pade,trajectory,0.01,0.71,0.71,0.7,1,0,0,1.0
staircase,150,pade_22,pade,trajectory,0.01,0.71,0.71,0.7,1,0,0,1.0
staircase,150,pade_23,pade,trajectory,0.01,0.71,0.71,0.7,1,0,1,1.0
staircase,150,pade_31,pade,trajectory,0.01,0.71,0.71,0.7,1,0,1,1.0
staircase,150,pade_32,pade,trajectory,0.01,0.71,0.71,0.7,1,0,1,1.0
staircase,150,levin_t1,levin,limit,0.01,0.71,,,0,1,0,
staircase,150,levin_t2,levin,limit,0.01,0.71,,,0,1,0,
staircase,150,levin_u1,levin,limit,0.01,0.71,,,0,1,0,
staircase,150,levin_u2,levin,limit,0.01,0.71,,,0,1,0,
staircase,150,levin_v1,levin,limit,0.01,0.71,,,0,1,0,
staircase,150,levin_v2,levin,limit,0.01,0.71,,,0,1,0,
staircase,150,weniger_d1,weniger,limit,0.01,0.71,,,0,1,0,
staircase,150,weniger_d2,weniger,limit,0.01,0.71,-0.0,0.01,1,0,1,70.0
staircase,150,brezinski_theta1,brezinski,limit,0.01,0.71,,,0,1,0,
staircase,150,brezinski_theta2,brezinski,limit,0.01,0.71,,,0,1,0,
staircase,150,neville_2,neville,trajectory,0.01,0.71,0.71,0.7,1,0,1,1.0
staircase,150,neville_3,neville,trajectory,0.01,0.71,0.71,0.7,1,0,1,1.0
staircase,150,neville_4,neville,trajectory,0.01,0.71,0.71,0.7,1,0,1,1.0
staircase,150,anderson_1,anderson,limit,0.01,0.71,0.71,0.7,1,0,0,1.0
staircase,150,anderson_2,anderson,limit,0.01,0.71,0.71,0.7,1,0,0,1.0
staircase,150,anderson_3,anderson,limit,0.01,0.71,0.71,0.7,1,0,0,1.0
staircase,150,median_ensemble,ensemble,trajectory,0.01,0.71,0.71,0.7,1,0,1,1.0
staircase,150,stability_weighted,ensemble,trajectory,0.01,0.71,0.71,0.7,1,0,1,1.0
staircase,150,best_shanks_wynn,ensemble,limit,0.01,0.71,0.71,0.7,1,0,0,1.0
staircase,1000,current_value,baseline,limit,0.01,0.71,0.71,0.7,1,0,0,1.0
staircase,1000,linear,baseline,trajectory,0.01,0.71,0.71,0.7,1,0,1,1.0
staircase,1000,log_linear,baseline,trajectory,0.01,0.71,0.71,0.7,1,0,0,1.0
staircase,1000,geom_avg_diff,baseline,limit,0.01,0.71,,,0,1,0,
staircase,1000,richardson_1,richardson,trajectory,0.01,0.71,0.71,0.7,1,0,1,1.0
staircase,1000,richardson_2,richardson,trajectory,0.01,0.71,0.71,0.7,1,0,1,1.0
staircase,1000,richardson_3,richardson,trajectory,0.01,0.71,0.70999694,0.69999694,1,0,1,1.000004
staircase,1000,richardson_a05,richardson,trajectory,0.01,0.71,0.71,0.7,1,0,1,1.0
staircase,1000,richardson_a10,richardson,trajectory,0.01,0.71,0.71,0.7,1,0,1,1.0
staircase,1000,richardson_a20,richardson,trajectory,0.01,0.71,0.71,0.7,1,0,0,1.0
staircase,1000,single_exp_fit,parametric,trajectory,0.01,0.71,0.71,0.7,1,0,1,1.0
staircase,1000,double_exp_fit,parametric,trajectory,0.01,0.71,0.70999135,0.69999135,1,0,1,1.000012
staircase,1000,rational_fit,parametric,trajectory,0.01,0.71,0.71,0.7,1,0,1,1.0
staircase,1000,log_fit,parametric,trajectory,0.01,0.71,0.709953,0.699953,1,0,1,1.000067
staircase,1000,shanks_1,shanks,limit,0.01,0.71,,,0,1,0,
staircase,1000,shanks_2,shanks,limit,0.01,0.71,,,0,1,0,
staircase,1000,shanks_3,shanks,limit,0.01,0.71,,,0,1,0,
staircase,1000,shanks_4,shanks,limit,0.01,0.71,,,0,1,0,
staircase,1000,wynn_eps_1,wynn_eps,limit,0.01,0.71,,,0,1,0,
staircase,1000,wynn_eps_2,wynn_eps,limit,0.01,0.71,,,0,1,0,
staircase,1000,wynn_eps_3,wynn_eps,limit,0.01,0.71,,,0,1,0,
staircase,1000,wynn_rho_1,wynn_rho,limit,0.01,0.71,,,0,1,0,
staircase,1000,wynn_rho_2,wynn_rho,limit,0.01,0.71,,,0,1,0,
staircase,1000,wynn_rho_3,wynn_rho,limit,0.01,0.71,,,0,1,0,
staircase,1000,pade_11,pade,trajectory,0.01,0.71,0.71,0.7,1,0,1,1.0
staircase,1000,pade_12,pade,trajectory,0.01,0.71,0.71,0.7,1,0,0,1.0
staircase,1000,pade_13,pade,trajectory,0.01,0.71,0.71,0.7,1,0,1,1.0
staircase,1000,pade_21,pade,trajectory,0.01,0.71,0.71,0.7,1,0,0,1.0
staircase,1000,pade_22,pade,trajectory,0.01,0.71,0.71,0.7,1,0,0,1.0
staircase,1000,pade_23,pade,trajectory,0.01,0.71,0.71,0.7,1,0,1,1.0
staircase,1000,pade_31,pade,trajectory,0.01,0.71,0.71,0.7,1,0,1,1.0
staircase,1000,pade_32,pade,trajectory,0.01,0.71,0.71,0.7,1,0,1,1.0
staircase,1000,levin_t1,levin,limit,0.01,0.71,,,0,1,0,
staircase,1000,levin_t2,levin,limit,0.01,0.71,,,0,1,0,
staircase,1000,levin_u1,levin,limit,0.01,0.71,,,0,1,0,
staircase,1000,levin_u2,levin,limit,0.01,0.71,,,0,1,0,
staircase,1000,levin_v1,levin,limit,0.01,0.71,,,0,1,0,
staircase,1000,levin_v2,levin,limit,0.01,0.71,,,0,1,0,
staircase,1000,weniger_d1,weniger,limit,0.01,0.71,,,0,1,0,
staircase,1000,weniger_d2,weniger,limit,0.01,0.71,-0.0,0.01,1,0,1,70.0
staircase,1000,brezinski_theta1,brezinski,limit,0.01,0.71,,,0,1,0,
staircase,1000,brezinski_theta2,brezinski,limit,0.01,0.71,,,0,1,0,
staircase,1000,neville_2,neville,trajectory,0.01,0.71,0.71,0.7,1,0,1,1.0
staircase,1000,neville_3,neville,trajectory,0.01,0.71,0.71,0.7,1,0,1,1.0
staircase,1000,neville_4,neville,trajectory,0.01,0.71,0.71,0.7,1,0,1,1.0
staircase,1000,anderson_1,anderson,limit,0.01,0.71,0.71,0.7,1,0,0,1.0
staircase,1000,anderson_2,anderson,limit,0.01,0.71,0.71,0.7,1,0,0,1.0
staircase,1000,anderson_3,anderson,limit,0.01,0.71,0.71,0.7,1,0,0,1.0
staircase,1000,median_ensemble,ensemble,trajectory,0.01,0.71,0.71,0.7,1,0,1,1.0
staircase,1000,stability_weighted,ensemble,trajectory,0.01,0.71,0.71,0.7,1,0,1,1.0
staircase,1000,best_shanks_wynn,ensemble,limit,0.01,0.71,0.71,0.7,1,0,0,1.0
staircase,5000,current_value,baseline,limit,0.01,0.71,0.71,0.7,1,0,0,1.0
staircase,5000,linear,baseline,trajectory,0.01,0.71,0.71,0.7,1,0,1,1.0
staircase,5000,log_linear,baseline,trajectory,0.01,0.71,0.71,0.7,1,0,0,1.0
staircase,5000,geom_avg_diff,baseline,limit,0.01,0.71,,,0,1,0,
staircase,5000,richardson_1,richardson,trajectory,0.01,0.71,0.71,0.7,1,0,1,1.0
staircase,5000,richardson_2,richardson,trajectory,0.01,0.71,0.71,0.7,1,0,1,1.0
staircase,5000,richardson_3,richardson,trajectory,0.01,0.71,0.70999558,0.69999558,1,0,1,1.000006
staircase,5000,richardson_a05,richardson,trajectory,0.01,0.71,0.71,0.7,1,0,1,1.0
staircase,5000,richardson_a10,richardson,trajectory,0.01,0.71,0.71,0.7,1,0,1,1.0
staircase,5000,richardson_a20,richardson,trajectory,0.01,0.71,0.71,0.7,1,0,0,1.0
staircase,5000,single_exp_fit,parametric,trajectory,0.01,0.71,0.71,0.7,1,0,1,1.0
staircase,5000,double_exp_fit,parametric,trajectory,0.01,0.71,0.70998057,0.69998057,1,0,1,1.000028
staircase,5000,rational_fit,parametric,trajectory,0.01,0.71,0.71,0.7,1,0,1,1.0
staircase,5000,log_fit,parametric,trajectory,0.01,0.71,0.70994018,0.69994018,1,0,1,1.000085
staircase,5000,shanks_1,shanks,limit,0.01,0.71,,,0,1,0,
staircase,5000,shanks_2,shanks,limit,0.01,0.71,,,0,1,0,
staircase,5000,shanks_3,shanks,limit,0.01,0.71,,,0,1,0,
staircase,5000,shanks_4,shanks,limit,0.01,0.71,,,0,1,0,
staircase,5000,wynn_eps_1,wynn_eps,limit,0.01,0.71,,,0,1,0,
staircase,5000,wynn_eps_2,wynn_eps,limit,0.01,0.71,,,0,1,0,
staircase,5000,wynn_eps_3,wynn_eps,limit,0.01,0.71,,,0,1,0,
staircase,5000,wynn_rho_1,wynn_rho,limit,0.01,0.71,,,0,1,0,
staircase,5000,wynn_rho_2,wynn_rho,limit,0.01,0.71,,,0,1,0,
staircase,5000,wynn_rho_3,wynn_rho,limit,0.01,0.71,,,0,1,0,
staircase,5000,pade_11,pade,trajectory,0.01,0.71,0.71,0.7,1,0,1,1.0
staircase,5000,pade_12,pade,trajectory,0.01,0.71,0.71,0.7,1,0,0,1.0
staircase,5000,pade_13,pade,trajectory,0.01,0.71,0.71,0.7,1,0,1,1.0
staircase,5000,pade_21,pade,trajectory,0.01,0.71,0.71,0.7,1,0,0,1.0
staircase,5000,pade_22,pade,trajectory,0.01,0.71,0.71,0.7,1,0,0,1.0
staircase,5000,pade_23,pade,trajectory,0.01,0.71,0.71,0.7,1,0,1,1.0
staircase,5000,pade_31,pade,trajectory,0.01,0.71,0.71,0.7,1,0,1,1.0
staircase,5000,pade_32,pade,trajectory,0.01,0.71,0.71,0.7,1,0,1,1.0
staircase,5000,levin_t1,levin,limit,0.01,0.71,,,0,1,0,
staircase,5000,levin_t2,levin,limit,0.01,0.71,,,0,1,0,
staircase,5000,levin_u1,levin,limit,0.01,0.71,,,0,1,0,
staircase,5000,levin_u2,levin,limit,0.01,0.71,,,0,1,0,
staircase,5000,levin_v1,levin,limit,0.01,0.71,,,0,1,0,
staircase,5000,levin_v2,levin,limit,0.01,0.71,,,0,1,0,
staircase,5000,weniger_d1,weniger,limit,0.01,0.71,,,0,1,0,
staircase,5000,weniger_d2,weniger,limit,0.01,0.71,-0.0,0.01,1,0,1,70.0
staircase,5000,brezinski_theta1,brezinski,limit,0.01,0.71,,,0,1,0,
staircase,5000,brezinski_theta2,brezinski,limit,0.01,0.71,,,0,1,0,
staircase,5000,neville_2,neville,trajectory,0.01,0.71,0.71,0.7,1,0,0,1.0
staircase,5000,neville_3,neville,trajectory,0.01,0.71,0.71,0.7,1,0,0,1.0
staircase,5000,neville_4,neville,trajectory,0.01,0.71,0.71,0.7,1,0,0,1.0
staircase,5000,anderson_1,anderson,limit,0.01,0.71,0.71,0.7,1,0,0,1.0
staircase,5000,anderson_2,anderson,limit,0.01,0.71,0.71,0.7,1,0,0,1.0
staircase,5000,anderson_3,anderson,limit,0.01,0.71,0.71,0.7,1,0,0,1.0
staircase,5000,median_ensemble,ensemble,trajectory,0.01,0.71,0.71,0.7,1,0,1,1.0
staircase,5000,stability_weighted,ensemble,trajectory,0.01,0.71,0.71,0.7,1,0,1,1.0
staircase,5000,best_shanks_wynn,ensemble,limit,0.01,0.71,0.71,0.7,1,0,0,1.0
noisy_plateau,150,current_value,baseline,limit,0.01001106,0.00901265,0.00901265,0.00099841,1,0,0,1.0
noisy_plateau,150,linear,baseline,trajectory,0.01001106,0.00901265,0.00772811,0.00228295,1,0,0,0.437334
noisy_plateau,150,log_linear,baseline,trajectory,0.01001106,0.00901265,,,0,1,0,
noisy_plateau,150,geom_avg_diff,baseline,limit,0.01001106,0.00901265,,,0,1,0,
noisy_plateau,150,richardson_1,richardson,trajectory,0.01001106,0.00901265,0.00966086,0.0003502,1,0,1,2.850981
noisy_plateau,150,richardson_2,richardson,trajectory,0.01001106,0.00901265,0.01555259,0.00554153,1,1,0,0.180169
noisy_plateau,150,richardson_3,richardson,trajectory,0.01001106,0.00901265,0.02011766,0.0101066,1,1,0,0.098788
noisy_plateau,150,richardson_a05,richardson,trajectory,0.01001106,0.00901265,0.0089166,0.00109446,1,0,0,0.912245
noisy_plateau,150,richardson_a10,richardson,trajectory,0.01001106,0.00901265,0.0091941,0.00081696,1,0,1,1.222107
noisy_plateau,150,richardson_a20,richardson,trajectory,0.01001106,0.00901265,0.00960825,0.00040281,1,0,1,2.478616
noisy_plateau,150,single_exp_fit,parametric,trajectory,0.01001106,0.00901265,0.01011267,0.00010161,1,0,1,9.825844
noisy_plateau,150,double_exp_fit,parametric,trajectory,0.01001106,0.00901265,0.01011271,0.00010165,1,0,1,9.822168
noisy_plateau,150,rational_fit,parametric,trajectory,0.01001106,0.00901265,0.00919268,0.00081838,1,0,1,1.219985
noisy_plateau,150,log_fit,parametric,trajectory,0.01001106,0.00901265,0.00885767,0.00115339,1,0,0,0.865633
noisy_plateau,150,shanks_1,shanks,limit,0.01001106,0.00901265,0.01080108,0.00079002,1,0,1,1.263786
noisy_plateau,150,shanks_2,shanks,limit,0.01001106,0.00901265,0.01148793,0.00147687,1,0,0,0.676032
noisy_plateau,150,shanks_3,shanks,limit,0.01001106,0.00901265,0.00988478,0.00012628,1,0,1,7.906073
noisy_plateau,150,shanks_4,shanks,limit,0.01001106,0.00901265,0.01578111,0.00577005,1,1,0,0.173034
noisy_plateau,150,wynn_eps_1,wynn_eps,limit,0.01001106,0.00901265,0.01080108,0.00079002,1,0,1,1.263786
noisy_plateau,150,wynn_eps_2,wynn_eps,limit,0.01001106,0.00901265,0.01000947,1.59e-06,1,0,1,626.398814
noisy_plateau,150,wynn_eps_3,wynn_eps,limit,0.01001106,0.00901265,0.01284869,0.00283763,1,0,0,0.351847
noisy_plateau,150,wynn_rho_1,wynn_rho,limit,0.01001106,0.00901265,0.00820523,0.00180583,1,0,0,0.552883
noisy_plateau,150,wynn_rho_2,wynn_rho,limit,0.01001106,0.00901265,0.00581938,0.00419168,1,0,0,0.238189
noisy_plateau,150,wynn_rho_3,wynn_rho,limit,0.01001106,0.00901265,0.0091975,0.00081356,1,0,1,1.227218
noisy_plateau,150,pade_11,pade,trajectory,0.01001106,0.00901265,0.01187829,0.00186722,1,0,0,0.534704
noisy_plateau,150,pade_12,pade,trajectory,0.01001106,0.00901265,0.01139231,0.00138125,1,0,0,0.722833
noisy_plateau,150,pade_13,pade,trajectory,0.01001106,0.00901265,0.00330406,0.006707,1,1,0,0.148861
noisy_plateau,150,pade_21,pade,trajectory,0.01001106,0.00901265,0.00443194,0.00557912,1,1,0,0.178955
noisy_plateau,150,pade_22,pade,trajectory,0.01001106,0.00901265,0.01154001,0.00152895,1,0,0,0.653007
noisy_plateau,150,pade_23,pade,trajectory,0.01001106,0.00901265,0.01041492,0.00040386,1,0,1,2.472199
noisy_plateau,150,pade_31,pade,trajectory,0.01001106,0.00901265,0.02646967,0.01645861,1,1,0,0.060662
noisy_plateau,150,pade_32,pade,trajectory,0.01001106,0.00901265,0.00509924,0.00491182,1,0,0,0.203267
noisy_plateau,150,levin_t1,levin,limit,0.01001106,0.00901265,0.01080108,0.00079002,1,0,1,1.263786
noisy_plateau,150,levin_t2,levin,limit,0.01001106,0.00901265,0.00972338,0.00028768,1,0,1,3.470553
noisy_plateau,150,levin_u1,levin,limit,0.01001106,0.00901265,0.01078389,0.00077283,1,0,1,1.291897
noisy_plateau,150,levin_u2,levin,limit,0.01001106,0.00901265,0.00971307,0.000298,1,0,1,3.35043
noisy_plateau,150,levin_v1,levin,limit,0.01001106,0.00901265,0.00858766,0.00142341,1,0,0,0.701426
noisy_plateau,150,levin_v2,levin,limit,0.01001106,0.00901265,0.00938248,0.00062858,1,0,1,1.588361
noisy_plateau,150,weniger_d1,weniger,limit,0.01001106,0.00901265,0.0,0.01001106,1,1,0,0.099731
noisy_plateau,150,weniger_d2,weniger,limit,0.01001106,0.00901265,-0.0,0.01001106,1,1,0,0.099731
noisy_plateau,150,brezinski_theta1,brezinski,limit,0.01001106,0.00901265,0.01716472,0.00715365,1,1,0,0.139567
noisy_plateau,150,brezinski_theta2,brezinski,limit,0.01001106,0.00901265,-0.02214923,0.0321603,1,1,0,0.031045
noisy_plateau,150,neville_2,neville,trajectory,0.01001106,0.00901265,,,0,1,0,
noisy_plateau,150,neville_3,neville,trajectory,0.01001106,0.00901265,,,0,1,0,
noisy_plateau,150,neville_4,neville,trajectory,0.01001106,0.00901265,,,0,1,0,
noisy_plateau,150,anderson_1,anderson,limit,0.01001106,0.00901265,0.01080092,0.00078986,1,0,1,1.264034
noisy_plateau,150,anderson_2,anderson,limit,0.01001106,0.00901265,0.01133807,0.00132701,1,0,0,0.752379
noisy_plateau,150,anderson_3,anderson,limit,0.01001106,0.00901265,0.01123216,0.00122109,1,0,0,0.817638
noisy_plateau,150,median_ensemble,ensemble,trajectory,0.01001106,0.00901265,0.01040527,0.00039421,1,0,1,2.532682
noisy_plateau,150,stability_weighted,ensemble,trajectory,0.01001106,0.00901265,0.01059126,0.00058019,1,0,1,1.720827
noisy_plateau,150,best_shanks_wynn,ensemble,limit,0.01001106,0.00901265,0.01080108,0.00079002,1,0,1,1.263786
noisy_plateau,1000,current_value,baseline,limit,0.01,0.00901265,0.00901265,0.00098735,1,0,0,1.0
noisy_plateau,1000,linear,baseline,trajectory,0.01,0.00901265,-0.02064531,0.03064531,1,1,0,0.032219
noisy_plateau,1000,log_linear,baseline,trajectory,0.01,0.00901265,,,0,1,0,
noisy_plateau,1000,geom_avg_diff,baseline,limit,0.01,0.00901265,,,0,1,0,
noisy_plateau,1000,richardson_1,richardson,trajectory,0.01,0.00901265,0.00953542,0.00046458,1,0,1,2.125234
noisy_plateau,1000,richardson_2,richardson,trajectory,0.01,0.00901265,0.0600608,0.0500608,1,1,0,0.019723
noisy_plateau,1000,richardson_3,richardson,trajectory,0.01,0.00901265,0.12052979,0.11052979,1,1,0,0.008933
noisy_plateau,1000,richardson_a05,richardson,trajectory,0.01,0.00901265,0.00716439,0.00283561,1,0,0,0.348197
noisy_plateau,1000,richardson_a10,richardson,trajectory,0.01,0.00901265,0.00844171,0.00155829,1,0,0,0.633613
noisy_plateau,1000,richardson_a20,richardson,trajectory,0.01,0.00901265,0.00945686,0.00054314,1,0,1,1.817862
noisy_plateau,1000,single_exp_fit,parametric,trajectory,0.01,0.00901265,0.01011266,0.00011266,1,0,1,8.763981
noisy_plateau,1000,double_exp_fit,parametric,trajectory,0.01,0.00901265,0.0101127,0.0001127,1,0,1,8.761023
noisy_plateau,1000,rational_fit,parametric,trajectory,0.01,0.00901265,0.00843808,0.00156192,1,0,0,0.632138
noisy_plateau,1000,log_fit,parametric,trajectory,0.01,0.00901265,0.00666692,0.00333308,1,0,0,0.296228
noisy_plateau,1000,shanks_1,shanks,limit,0.01,0.00901265,0.01080108,0.00080108,1,0,1,1.232527
noisy_plateau,1000,shanks_2,shanks,limit,0.01,0.00901265,0.01148793,0.00148793,1,0,0,0.663572
noisy_plateau,1000,shanks_3,shanks,limit,0.01,0.00901265,0.00988478,0.00011522,1,0,1,8.569075
noisy_plateau,1000,shanks_4,shanks,limit,0.01,0.00901265,0.01578111,0.00578111,1,1,0,0.170789
noisy_plateau,1000,wynn_eps_1,wynn_eps,limit,0.01,0.00901265,0.01080108,0.00080108,1,0,1,1.232527
noisy_plateau,1000,wynn_eps_2,wynn_eps,limit,0.01,0.00901265,0.01000947,9.47e-06,1,0,1,104.285207
noisy_plateau,1000,wynn_eps_3,wynn_eps,limit,0.01,0.00901265,0.01284869,0.00284869,1,0,0,0.346598
noisy_plateau,1000,wynn_rho_1,wynn_rho,limit,0.01,0.00901265,0.00820523,0.00179477,1,0,0,0.550127
noisy_plateau,1000,wynn_rho_2,wynn_rho,limit,0.01,0.00901265,0.00581938,0.00418062,1,0,0,0.236173
noisy_plateau,1000,wynn_rho_3,wynn_rho,limit,0.01,0.00901265,0.0091975,0.0008025,1,0,1,1.23035
noisy_plateau,1000,pade_11,pade,trajectory,0.01,0.00901265,0.01184118,0.00184118,1,0,0,0.53626
noisy_plateau,1000,pade_12,pade,trajectory,0.01,0.00901265,0.00839,0.00161,1,0,0,0.613261
noisy_plateau,1000,pade_13,pade,trajectory,0.01,0.00901265,4.531e-05,0.00995469,1,1,0,0.099184
noisy_plateau,1000,pade_21,pade,trajectory,0.01,0.00901265,-0.05910915,0.06910915,1,1,0,0.014287
noisy_plateau,1000,pade_22,pade,trajectory,0.01,0.00901265,0.01160265,0.00160265,1,0,0,0.616075
noisy_plateau,1000,pade_23,pade,trajectory,0.01,0.00901265,0.00568702,0.00431298,1,0,0,0.228926
noisy_plateau,1000,pade_31,pade,trajectory,0.01,0.00901265,2.19239974,2.18239974,1,1,0,0.000452
noisy_plateau,1000,pade_32,pade,trajectory,0.01,0.00901265,-0.05080052,0.06080052,1,1,0,0.016239
noisy_plateau,1000,levin_t1,levin,limit,0.01,0.00901265,0.01080108,0.00080108,1,0,1,1.232527
noisy_plateau,1000,levin_t2,levin,limit,0.01,0.00901265,0.00972338,0.00027662,1,0,1,3.569348
noisy_plateau,1000,levin_u1,levin,limit,0.01,0.00901265,0.01078389,0.00078389,1,0,1,1.259556
noisy_plateau,1000,levin_u2,levin,limit,0.01,0.00901265,0.00971307,0.00028693,1,0,1,3.441042
noisy_plateau,1000,levin_v1,levin,limit,0.01,0.00901265,0.00858766,0.00141234,1,0,0,0.699087
noisy_plateau,1000,levin_v2,levin,limit,0.01,0.00901265,0.00938248,0.00061752,1,0,1,1.5989
noisy_plateau,1000,weniger_d1,weniger,limit,0.01,0.00901265,0.0,0.01,1,1,0,0.098735
noisy_plateau,1000,weniger_d2,weniger,limit,0.01,0.00901265,-0.0,0.01,1,1,0,0.098735
noisy_plateau,1000,brezinski_theta1,brezinski,limit,0.01,0.00901265,0.01716472,0.00716472,1,1,0,0.137807
noisy_plateau,1000,brezinski_theta2,brezinski,limit,0.01,0.00901265,-0.02214923,0.03214923,1,1,0,0.030711
noisy_plateau,1000,neville_2,neville,trajectory,0.01,0.00901265,,,0,1,0,
noisy_plateau,1000,neville_3,neville,trajectory,0.01,0.00901265,,,0,1,0,
noisy_plateau,1000,neville_4,neville,trajectory,0.01,0.00901265,,,0,1,0,
noisy_plateau,1000,anderson_1,anderson,limit,0.01,0.00901265,0.01080092,0.00080092,1,0,1,1.232765
noisy_plateau,1000,anderson_2,anderson,limit,0.01,0.00901265,0.01133807,0.00133807,1,0,0,0.737892
noisy_plateau,1000,anderson_3,anderson,limit,0.01,0.00901265,0.01123216,0.00123216,1,0,0,0.80132
noisy_plateau,1000,median_ensemble,ensemble,trajectory,0.01,0.00901265,0.00994712,5.288e-05,1,0,1,18.672458
noisy_plateau,1000,stability_weighted,ensemble,trajectory,0.01,0.00901265,0.01008567,8.567e-05,1,0,1,11.524889
noisy_plateau,1000,best_shanks_wynn,ensemble,limit,0.01,0.00901265,0.01080108,0.00080108,1,0,1,1.232527
noisy_plateau,5000,current_value,baseline,limit,0.01,0.00901265,0.00901265,0.00098735,1,0,0,1.0
noisy_plateau,5000,linear,baseline,trajectory,0.01,0.00901265,-0.15416726,0.16416726,1,1,0,0.006014
noisy_plateau,5000,log_linear,baseline,trajectory,0.01,0.00901265,,,0,1,0,
noisy_plateau,5000,geom_avg_diff,baseline,limit,0.01,0.00901265,,,0,1,0,
noisy_plateau,5000,richardson_1,richardson,trajectory,0.01,0.00901265,0.00953316,0.00046684,1,0,1,2.114975
noisy_plateau,5000,richardson_2,richardson,trajectory,0.01,0.00901265,0.12322577,0.11322577,1,1,0,0.00872
noisy_plateau,5000,richardson_3,richardson,trajectory,0.01,0.00901265,0.25639453,0.24639453,1,1,0,0.004007
noisy_plateau,5000,richardson_a05,richardson,trajectory,0.01,0.00901265,0.00655212,0.00344788,1,0,0,0.286365
noisy_plateau,5000,richardson_a10,richardson,trajectory,0.01,0.00901265,0.00833549,0.00166451,1,0,0,0.593179
noisy_plateau,5000,richardson_a20,richardson,trajectory,0.01,0.00901265,0.00945352,0.00054648,1,0,1,1.806734
noisy_plateau,5000,single_exp_fit,parametric,trajectory,0.01,0.00901265,0.01011266,0.00011266,1,0,1,8.763981
noisy_plateau,5000,double_exp_fit,parametric,trajectory,0.01,0.00901265,0.0101127,0.0001127,1,0,1,8.761023
noisy_plateau,5000,rational_fit,parametric,trajectory,0.01,0.00901265,0.00833148,0.00166852,1,0,0,0.591751
noisy_plateau,5000,log_fit,parametric,trajectory,0.01,0.00901265,0.0055623,0.0044377,1,0,0,0.222491
noisy_plateau,5000,shanks_1,shanks,limit,0.01,0.00901265,0.01080108,0.00080108,1,0,1,1.232527
noisy_plateau,5000,shanks_2,shanks,limit,0.01,0.00901265,0.01148793,0.00148793,1,0,0,0.663572
noisy_plateau,5000,shanks_3,shanks,limit,0.01,0.00901265,0.00988478,0.00011522,1,0,1,8.569075
noisy_plateau,5000,shanks_4,shanks,limit,0.01,0.00901265,0.01578111,0.00578111,1,1,0,0.170789
noisy_plateau,5000,wynn_eps_1,wynn_eps,limit,0.01,0.00901265,0.01080108,0.00080108,1,0,1,1.232527
noisy_plateau,5000,wynn_eps_2,wynn_eps,limit,0.01,0.00901265,0.01000947,9.47e-06,1,0,1,104.285207
noisy_plateau,5000,wynn_eps_3,wynn_eps,limit,0.01,0.00901265,0.01284869,0.00284869,1,0,0,0.346598
noisy_plateau,5000,wynn_rho_1,wynn_rho,limit,0.01,0.00901265,0.00820523,0.00179477,1,0,0,0.550127
noisy_plateau,5000,wynn_rho_2,wynn_rho,limit,0.01,0.00901265,0.00581938,0.00418062,1,0,0,0.236173
noisy_plateau,5000,wynn_rho_3,wynn_rho,limit,0.01,0.00901265,0.0091975,0.0008025,1,0,1,1.23035
noisy_plateau,5000,pade_11,pade,trajectory,0.01,0.00901265,0.01183842,0.00183842,1,0,0,0.537064
noisy_plateau,5000,pade_12,pade,trajectory,0.01,0.00901265,0.00376842,0.00623158,1,1,0,0.158443
noisy_plateau,5000,pade_13,pade,trajectory,0.01,0.00901265,1.67e-06,0.00999833,1,1,0,0.098752
noisy_plateau,5000,pade_21,pade,trajectory,0.01,0.00901265,-0.3572993,0.3672993,1,1,0,0.002688
noisy_plateau,5000,pade_22,pade,trajectory,0.01,0.00901265,0.01160978,0.00160978,1,0,0,0.613346
noisy_plateau,5000,pade_23,pade,trajectory,0.01,0.00901265,0.0018093,0.0081907,1,1,0,0.120545
noisy_plateau,5000,pade_31,pade,trajectory,0.01,0.00901265,61.20869069,61.19869069,1,1,0,1.6e-05
noisy_plateau,5000,pade_32,pade,trajectory,0.01,0.00901265,-0.31358761,0.32358761,1,1,0,0.003051
noisy_plateau,5000,levin_t1,levin,limit,0.01,0.00901265,0.01080108,0.00080108,1,0,1,1.232527
noisy_plateau,5000,levin_t2,levin,limit,0.01,0.00901265,0.00972338,0.00027662,1,0,1,3.569348
noisy_plateau,5000,levin_u1,levin,limit,0.01,0.00901265,0.01078389,0.00078389,1,0,1,1.259556
noisy_plateau,5000,levin_u2,levin,limit,0.01,0.00901265,0.00971307,0.00028693,1,0,1,3.441042
noisy_plateau,5000,levin_v1,levin,limit,0.01,0.00901265,0.00858766,0.00141234,1,0,0,0.699087
noisy_plateau,5000,levin_v2,levin,limit,0.01,0.00901265,0.00938248,0.00061752,1,0,1,1.5989
noisy_plateau,5000,weniger_d1,weniger,limit,0.01,0.00901265,0.0,0.01,1,1,0,0.098735
noisy_plateau,5000,weniger_d2,weniger,limit,0.01,0.00901265,-0.0,0.01,1,1,0,0.098735
noisy_plateau,5000,brezinski_theta1,brezinski,limit,0.01,0.00901265,0.01716472,0.00716472,1,1,0,0.137807
noisy_plateau,5000,brezinski_theta2,brezinski,limit,0.01,0.00901265,-0.02214923,0.03214923,1,1,0,0.030711
noisy_plateau,5000,neville_2,neville,trajectory,0.01,0.00901265,,,0,1,0,
noisy_plateau,5000,neville_3,neville,trajectory,0.01,0.00901265,,,0,1,0,
noisy_plateau,5000,neville_4,neville,trajectory,0.01,0.00901265,,,0,1,0,
noisy_plateau,5000,anderson_1,anderson,limit,0.01,0.00901265,0.01080092,0.00080092,1,0,1,1.232765
noisy_plateau,5000,anderson_2,anderson,limit,0.01,0.00901265,0.01133807,0.00133807,1,0,0,0.737892
noisy_plateau,5000,anderson_3,anderson,limit,0.01,0.00901265,0.01123216,0.00123216,1,0,0,0.80132
noisy_plateau,5000,median_ensemble,ensemble,trajectory,0.01,0.00901265,0.00994712,5.288e-05,1,0,1,18.672458
noisy_plateau,5000,stability_weighted,ensemble,trajectory,0.01,0.00901265,0.00927541,0.00072459,1,0,1,1.362631
noisy_plateau,5000,best_shanks_wynn,ensemble,limit,0.01,0.00901265,0.01080108,0.00080108,1,0,1,1.232527
slow_osc_power,150,current_value,baseline,limit,0.04329058,0.03803698,0.03803698,0.0052536,1,0,0,1.0
slow_osc_power,150,linear,baseline,trajectory,0.04329058,0.03803698,-0.03816653,0.08145711,1,1,0,0.064495
slow_osc_power,150,log_linear,baseline,trajectory,0.04329058,0.03803698,0.02497727,0.01831331,1,0,0,0.286874
slow_osc_power,150,geom_avg_diff,baseline,limit,0.04329058,0.03803698,0.03682247,0.00646811,1,0,0,0.812232
slow_osc_power,150,richardson_1,richardson,trajectory,0.04329058,0.03803698,0.02403849,0.01925209,1,0,0,0.272885
slow_osc_power,150,richardson_2,richardson,trajectory,0.04329058,0.03803698,0.02403849,0.01925209,1,0,0,0.272885
slow_osc_power,150,richardson_3,richardson,trajectory,0.04329058,0.03803698,0.02359353,0.01969705,1,0,0,0.26672
slow_osc_power,150,richardson_a05,richardson,trajectory,0.04329058,0.03803698,0.01396518,0.0293254,1,1,0,0.179149
slow_osc_power,150,richardson_a10,richardson,trajectory,0.04329058,0.03803698,0.02392761,0.01936297,1,0,0,0.271322
slow_osc_power,150,richardson_a20,richardson,trajectory,0.04329058,0.03803698,0.03727334,0.00601724,1,0,0,0.873092
slow_osc_power,150,single_exp_fit,parametric,trajectory,0.04329058,0.03803698,0.01344431,0.02984627,1,1,0,0.176022
slow_osc_power,150,double_exp_fit,parametric,trajectory,0.04329058,0.03803698,0.01344485,0.02984573,1,1,0,0.176025
slow_osc_power,150,rational_fit,parametric,trajectory,0.04329058,0.03803698,0.02395914,0.01933144,1,0,0,0.271765
slow_osc_power,150,log_fit,parametric,trajectory,0.04329058,0.03803698,0.05157682,0.00828624,1,0,0,0.634016
slow_osc_power,150,shanks_1,shanks,limit,0.04329058,0.03803698,0.03717481,0.00611577,1,0,0,0.859026
slow_osc_power,150,shanks_2,shanks,limit,0.04329058,0.03803698,0.03818283,0.00510775,1,0,1,1.028555
slow_osc_power,150,shanks_3,shanks,limit,0.04329058,0.03803698,0.0434514,0.00016082,1,0,1,32.667941
slow_osc_power,150,shanks_4,shanks,limit,0.04329058,0.03803698,0.03941616,0.00387442,1,0,1,1.355971
slow_osc_power,150,wynn_eps_1,wynn_eps,limit,0.04329058,0.03803698,0.03717481,0.00611577,1,0,0,0.859026
slow_osc_power,150,wynn_eps_2,wynn_eps,limit,0.04329058,0.03803698,0.04477395,0.00148337,1,0,1,3.541671
slow_osc_power,150,wynn_eps_3,wynn_eps,limit,0.04329058,0.03803698,0.04561958,0.002329,1,0,1,2.255732
slow_osc_power,150,wynn_rho_1,wynn_rho,limit,0.04329058,0.03803698,0.0361541,0.00713648,1,0,0,0.736162
slow_osc_power,150,wynn_rho_2,wynn_rho,limit,0.04329058,0.03803698,0.08282122,0.03953064,1,1,0,0.1329
slow_osc_power,150,wynn_rho_3,wynn_rho,limit,0.04329058,0.03803698,0.16033228,0.1170417,1,1,0,0.044887
slow_osc_power,150,pade_11,pade,trajectory,0.04329058,0.03803698,0.00672164,0.03656894,1,1,0,0.143663
slow_osc_power,150,pade_12,pade,trajectory,0.04329058,0.03803698,0.02483166,0.01845892,1,0,0,0.284611
slow_osc_power,150,pade_13,pade,trajectory,0.04329058,0.03803698,0.00518884,0.03810174,1,1,0,0.137884
slow_osc_power,150,pade_21,pade,trajectory,0.04329058,0.03803698,-0.09279194,0.13608252,1,1,0,0.038606
slow_osc_power,150,pade_22,pade,trajectory,0.04329058,0.03803698,0.04327591,1.467e-05,1,0,1,358.092423
slow_osc_power,150,pade_23,pade,trajectory,0.04329058,0.03803698,0.11950961,0.07621903,1,1,0,0.068928
slow_osc_power,150,pade_31,pade,trajectory,0.04329058,0.03803698,0.12643494,0.08314436,1,1,0,0.063187
slow_osc_power,150,pade_32,pade,trajectory,0.04329058,0.03803698,0.06223684,0.01894626,1,0,0,0.27729
slow_osc_power,150,levin_t1,levin,limit,0.04329058,0.03803698,0.03717481,0.00611577,1,0,0,0.859026
slow_osc_power,150,levin_t2,levin,limit,0.04329058,0.03803698,0.03757579,0.00571479,1,0,0,0.919299
slow_osc_power,150,levin_u1,levin,limit,0.04329058,0.03803698,0.03709618,0.0061944,1,0,0,0.848121
slow_osc_power,150,levin_u2,levin,limit,0.04329058,0.03803698,0.03761317,0.00567741,1,0,0,0.925353
slow_osc_power,150,levin_v1,levin,limit,0.04329058,0.03803698,0.03770681,0.00558377,1,0,0,0.94087
slow_osc_power,150,levin_v2,levin,limit,0.04329058,0.03803698,0.0376944,0.00559618,1,0,0,0.938785
slow_osc_power,150,weniger_d1,weniger,limit,0.04329058,0.03803698,-0.0,0.04329058,1,1,0,0.121357
slow_osc_power,150,weniger_d2,weniger,limit,0.04329058,0.03803698,-0.0,0.04329058,1,1,0,0.121357
slow_osc_power,150,brezinski_theta1,brezinski,limit,0.04329058,0.03803698,0.0369871,0.00630348,1,0,0,0.833446
slow_osc_power,150,brezinski_theta2,brezinski,limit,0.04329058,0.03803698,0.03858564,0.00470494,1,0,1,1.116615
slow_osc_power,150,neville_2,neville,trajectory,0.04329058,0.03803698,0.04848782,0.00519724,1,0,1,1.010845
slow_osc_power,150,neville_3,neville,trajectory,0.04329058,0.03803698,0.05389006,0.01059948,1,0,0,0.495647
slow_osc_power,150,neville_4,neville,trajectory,0.04329058,0.03803698,0.05074595,0.00745537,1,0,0,0.704674
slow_osc_power,150,anderson_1,anderson,limit,0.04329058,0.03803698,0.03796942,0.00532116,1,0,0,0.987304
slow_osc_power,150,anderson_2,anderson,limit,0.04329058,0.03803698,0.03789802,0.00539256,1,0,0,0.974232
slow_osc_power,150,anderson_3,anderson,limit,0.04329058,0.03803698,0.03782356,0.00546702,1,0,0,0.960962
slow_osc_power,150,median_ensemble,ensemble,trajectory,0.04329058,0.03803698,0.03717481,0.00611577,1,0,0,0.859026
slow_osc_power,150,stability_weighted,ensemble,trajectory,0.04329058,0.03803698,0.04012326,0.00316732,1,0,1,1.658691
slow_osc_power,150,best_shanks_wynn,ensemble,limit,0.04329058,0.03803698,0.03717481,0.00611577,1,0,0,0.859026
slow_osc_power,1000,current_value,baseline,limit,0.01976285,0.03803698,0.03803698,0.01827413,1,0,0,1.0
slow_osc_power,1000,linear,baseline,trajectory,0.01976285,0.03803698,,,0,1,0,
slow_osc_power,1000,log_linear,baseline,trajectory,0.01976285,0.03803698,0.01142793,0.00833491,1,0,1,2.192481
slow_osc_power,1000,geom_avg_diff,baseline,limit,0.01976285,0.03803698,0.03682169,0.01705885,1,0,1,1.071241
slow_osc_power,1000,richardson_1,richardson,trajectory,0.01976285,0.03803698,0.00390951,0.01585334,1,0,1,1.152699
slow_osc_power,1000,richardson_2,richardson,trajectory,0.01976285,0.03803698,0.00390951,0.01585334,1,0,1,1.152699
slow_osc_power,1000,richardson_3,richardson,trajectory,0.01976285,0.03803698,0.00346248,0.01630036,1,0,1,1.121087
slow_osc_power,1000,richardson_a05,richardson,trajectory,0.01976285,0.03803698,-0.03320205,0.05296489,1,0,0,0.345023
slow_osc_power,1000,richardson_a10,richardson,trajectory,0.01976285,0.03803698,0.00490686,0.01485599,1,0,1,1.230085
slow_osc_power,1000,richardson_a20,richardson,trajectory,0.01976285,0.03803698,0.03383928,0.01407644,1,0,1,1.298207
slow_osc_power,1000,single_exp_fit,parametric,trajectory,0.01976285,0.03803698,0.00399647,0.01576637,1,0,1,1.159057
slow_osc_power,1000,double_exp_fit,parametric,trajectory,0.01976285,0.03803698,0.00399748,0.01576537,1,0,1,1.159131
slow_osc_power,1000,rational_fit,parametric,trajectory,0.01976285,0.03803698,0.00365754,0.0161053,1,0,1,1.134665
slow_osc_power,1000,log_fit,parametric,trajectory,0.01976285,0.03803698,0.0375313,0.01776845,1,0,1,1.028459
slow_osc_power,1000,shanks_1,shanks,limit,0.01976285,0.03803698,0.03717481,0.01741197,1,0,1,1.049515
slow_osc_power,1000,shanks_2,shanks,limit,0.01976285,0.03803698,0.03818283,0.01841998,1,0,0,0.992082
slow_osc_power,1000,shanks_3,shanks,limit,0.01976285,0.03803698,0.0434514,0.02368855,1,0,0,0.771433
slow_osc_power,1000,shanks_4,shanks,limit,0.01976285,0.03803698,0.03941616,0.01965331,1,0,0,0.929824
slow_osc_power,1000,wynn_eps_1,wynn_eps,limit,0.01976285,0.03803698,0.03717481,0.01741197,1,0,1,1.049515
slow_osc_power,1000,wynn_eps_2,wynn_eps,limit,0.01976285,0.03803698,0.04477395,0.0250111,1,0,0,0.730641
slow_osc_power,1000,wynn_eps_3,wynn_eps,limit,0.01976285,0.03803698,0.04561958,0.02585674,1,0,0,0.706745
slow_osc_power,1000,wynn_rho_1,wynn_rho,limit,0.01976285,0.03803698,0.0361541,0.01639126,1,0,1,1.114871
slow_osc_power,1000,wynn_rho_2,wynn_rho,limit,0.01976285,0.03803698,0.08282122,0.06305837,1,0,0,0.289797
slow_osc_power,1000,wynn_rho_3,wynn_rho,limit,0.01976285,0.03803698,0.16033228,0.14056943,1,1,0,0.130001
slow_osc_power,1000,pade_11,pade,trajectory,0.01976285,0.03803698,-0.04532284,0.06508569,1,0,0,0.28077
slow_osc_power,1000,pade_12,pade,trajectory,0.01976285,0.03803698,0.00392656,0.01583629,1,0,1,1.15394
slow_osc_power,1000,pade_13,pade,trajectory,0.01976285,0.03803698,0.00013128,0.01963156,1,0,0,0.930855
slow_osc_power,1000,pade_21,pade,trajectory,0.01976285,0.03803698,,,0,1,0,
slow_osc_power,1000,pade_22,pade,trajectory,0.01976285,0.03803698,0.06562529,0.04586245,1,0,0,0.398455
slow_osc_power,1000,pade_23,pade,trajectory,0.01976285,0.03803698,-0.00655459,0.02631743,1,0,0,0.694374
slow_osc_power,1000,pade_31,pade,trajectory,0.01976285,0.03803698,21.89256145,21.8727986,1,1,0,0.000835
slow_osc_power,1000,pade_32,pade,trajectory,0.01976285,0.03803698,0.73808084,0.718318,1,1,0,0.02544
slow_osc_power,1000,levin_t1,levin,limit,0.01976285,0.03803698,0.03717481,0.01741197,1,0,1,1.049515
slow_osc_power,1000,levin_t2,levin,limit,0.01976285,0.03803698,0.03757579,0.01781294,1,0,1,1.025891
slow_osc_power,1000,levin_u1,levin,limit,0.01976285,0.03803698,0.03709618,0.01733333,1,0,1,1.054277
slow_osc_power,1000,levin_u2,levin,limit,0.01976285,0.03803698,0.03761317,0.01785033,1,0,1,1.023742
slow_osc_power,1000,levin_v1,levin,limit,0.01976285,0.03803698,0.03770681,0.01794396,1,0,1,1.0184
slow_osc_power,1000,levin_v2,levin,limit,0.01976285,0.03803698,0.0376944,0.01793156,1,0,1,1.019104
slow_osc_power,1000,weniger_d1,weniger,limit,0.01976285,0.03803698,-0.0,0.01976285,1,0,0,0.924671
slow_osc_power,1000,weniger_d2,weniger,limit,0.01976285,0.03803698,-0.0,0.01976285,1,0,0,0.924671
slow_osc_power,1000,brezinski_theta1,brezinski,limit,0.01976285,0.03803698,0.0369871,0.01722426,1,0,1,1.060953
slow_osc_power,1000,brezinski_theta2,brezinski,limit,0.01976285,0.03803698,0.03858564,0.0188228,1,0,0,0.970851
slow_osc_power,1000,neville_2,neville,trajectory,0.01976285,0.03803698,0.10722349,0.08746064,1,0,0,0.208941
slow_osc_power,1000,neville_3,neville,trajectory,0.01976285,0.03803698,0.16797113,0.14820829,1,1,0,0.1233
slow_osc_power,1000,neville_4,neville,trajectory,0.01976285,0.03803698,0.09111571,0.07135287,1,0,0,0.256109
slow_osc_power,1000,anderson_1,anderson,limit,0.01976285,0.03803698,0.03796942,0.01820657,1,0,1,1.003711
slow_osc_power,1000,anderson_2,anderson,limit,0.01976285,0.03803698,0.03789802,0.01813518,1,0,1,1.007662
slow_osc_power,1000,anderson_3,anderson,limit,0.01976285,0.03803698,0.03782356,0.01806071,1,0,1,1.011817
slow_osc_power,1000,median_ensemble,ensemble,trajectory,0.01976285,0.03803698,0.03717481,0.01741197,1,0,1,1.049515
slow_osc_power,1000,stability_weighted,ensemble,trajectory,0.01976285,0.03803698,0.03876393,0.01900109,1,0,0,0.961741
slow_osc_power,1000,best_shanks_wynn,ensemble,limit,0.01976285,0.03803698,0.03717481,0.01741197,1,0,1,1.049515
slow_osc_power,5000,current_value,baseline,limit,0.01273674,0.03803698,0.03803698,0.02530024,1,0,0,1.0
slow_osc_power,5000,linear,baseline,trajectory,0.01273674,0.03803698,,,0,1,0,
slow_osc_power,5000,log_linear,baseline,trajectory,0.01273674,0.03803698,0.01019443,0.0025423,1,0,1,9.951701
slow_osc_power,5000,geom_avg_diff,baseline,limit,0.01273674,0.03803698,0.03682169,0.02408496,1,0,1,1.050458
slow_osc_power,5000,richardson_1,richardson,trajectory,0.01273674,0.03803698,0.00083743,0.0118993,1,0,1,2.126195
slow_osc_power,5000,richardson_2,richardson,trajectory,0.01273674,0.03803698,0.00083743,0.0118993,1,0,1,2.126195
slow_osc_power,5000,richardson_3,richardson,trajectory,0.01273674,0.03803698,0.00066122,0.01207552,1,0,1,2.095168
slow_osc_power,5000,richardson_a05,richardson,trajectory,0.01273674,0.03803698,-0.04968345,0.06242019,1,0,0,0.405321
slow_osc_power,5000,richardson_a10,richardson,trajectory,0.01273674,0.03803698,0.00222157,0.01051516,1,0,1,2.406072
slow_osc_power,5000,richardson_a20,richardson,trajectory,0.01273674,0.03803698,0.0337634,0.02102666,1,0,1,1.203246
slow_osc_power,5000,single_exp_fit,parametric,trajectory,0.01273674,0.03803698,0.00399647,0.00874026,1,0,1,2.894677
slow_osc_power,5000,double_exp_fit,parametric,trajectory,0.01273674,0.03803698,0.00399748,0.00873926,1,0,1,2.89501
slow_osc_power,5000,rational_fit,parametric,trajectory,0.01273674,0.03803698,0.00073334,0.01200339,1,0,1,2.107757
slow_osc_power,5000,log_fit,parametric,trajectory,0.01273674,0.03803698,0.03044928,0.01771254,1,0,1,1.42838
slow_osc_power,5000,shanks_1,shanks,limit,0.01273674,0.03803698,0.03717481,0.02443808,1,0,1,1.035279
slow_osc_power,5000,shanks_2,shanks,limit,0.01273674,0.03803698,0.03818283,0.02544609,1,0,0,0.994268
slow_osc_power,5000,shanks_3,shanks,limit,0.01273674,0.03803698,0.0434514,0.03071466,1,0,0,0.823719
slow_osc_power,5000,shanks_4,shanks,limit,0.01273674,0.03803698,0.03941616,0.02667942,1,0,0,0.948305
slow_osc_power,5000,wynn_eps_1,wynn_eps,limit,0.01273674,0.03803698,0.03717481,0.02443808,1,0,1,1.035279
slow_osc_power,5000,wynn_eps_2,wynn_eps,limit,0.01273674,0.03803698,0.04477395,0.03203721,1,0,0,0.789714
slow_osc_power,5000,wynn_eps_3,wynn_eps,limit,0.01273674,0.03803698,0.04561958,0.03288285,1,0,0,0.769405
slow_osc_power,5000,wynn_rho_1,wynn_rho,limit,0.01273674,0.03803698,0.0361541,0.02341737,1,0,1,1.080405
slow_osc_power,5000,wynn_rho_2,wynn_rho,limit,0.01273674,0.03803698,0.08282122,0.07008448,1,0,0,0.360996
slow_osc_power,5000,wynn_rho_3,wynn_rho,limit,0.01273674,0.03803698,0.16033228,0.14759554,1,1,0,0.171416
slow_osc_power,5000,pade_11,pade,trajectory,0.01273674,0.03803698,-0.05496605,0.06770278,1,0,0,0.373696
slow_osc_power,5000,pade_12,pade,trajectory,0.01273674,0.03803698,0.00079085,0.01194589,1,0,1,2.117904
slow_osc_power,5000,pade_13,pade,trajectory,0.01273674,0.03803698,5.12e-06,0.01273162,1,0,1,1.987197
slow_osc_power,5000,pade_21,pade,trajectory,0.01273674,0.03803698,,,0,1,0,
slow_osc_power,5000,pade_22,pade,trajectory,0.01273674,0.03803698,0.06848205,0.05574531,1,0,0,0.453854
slow_osc_power,5000,pade_23,pade,trajectory,0.01273674,0.03803698,-0.00121747,0.0139542,1,0,1,1.813091
slow_osc_power,5000,pade_31,pade,trajectory,0.01273674,0.03803698,,,0,1,0,
slow_osc_power,5000,pade_32,pade,trajectory,0.01273674,0.03803698,3.88208786,3.86935112,1,1,0,0.006539
slow_osc_power,5000,levin_t1,levin,limit,0.01273674,0.03803698,0.03717481,0.02443808,1,0,1,1.035279
slow_osc_power,5000,levin_t2,levin,limit,0.01273674,0.03803698,0.03757579,0.02483905,1,0,1,1.018567
slow_osc_power,5000,levin_u1,levin,limit,0.01273674,0.03803698,0.03709618,0.02435944,1,0,1,1.038621
slow_osc_power,5000,levin_u2,levin,limit,0.01273674,0.03803698,0.03761317,0.02487644,1,0,1,1.017036
slow_osc_power,5000,levin_v1,levin,limit,0.01273674,0.03803698,0.03770681,0.02497007,1,0,1,1.013222
slow_osc_power,5000,levin_v2,levin,limit,0.01273674,0.03803698,0.0376944,0.02495767,1,0,1,1.013726
slow_osc_power,5000,weniger_d1,weniger,limit,0.01273674,0.03803698,-0.0,0.01273674,1,0,1,1.986399
slow_osc_power,5000,weniger_d2,weniger,limit,0.01273674,0.03803698,-0.0,0.01273674,1,0,1,1.986399
slow_osc_power,5000,brezinski_theta1,brezinski,limit,0.01273674,0.03803698,0.0369871,0.02425037,1,0,1,1.043293
slow_osc_power,5000,brezinski_theta2,brezinski,limit,0.01273674,0.03803698,0.03858564,0.02584891,1,0,0,0.978774
slow_osc_power,5000,neville_2,neville,trajectory,0.01273674,0.03803698,0.11961577,0.10687903,1,0,0,0.236718
slow_osc_power,5000,neville_3,neville,trajectory,0.01273674,0.03803698,0.19574906,0.18301232,1,1,0,0.138243
slow_osc_power,5000,neville_4,neville,trajectory,0.01273674,0.03803698,0.09208561,0.07934888,1,0,0,0.318848
slow_osc_power,5000,anderson_1,anderson,limit,0.01273674,0.03803698,0.03796942,0.02523268,1,0,1,1.002677
slow_osc_power,5000,anderson_2,anderson,limit,0.01273674,0.03803698,0.03789802,0.02516129,1,0,1,1.005523
slow_osc_power,5000,anderson_3,anderson,limit,0.01273674,0.03803698,0.03782356,0.02508682,1,0,1,1.008507
slow_osc_power,5000,median_ensemble,ensemble,trajectory,0.01273674,0.03803698,0.03717481,0.02443808,1,0,1,1.035279
slow_osc_power,5000,stability_weighted,ensemble,trajectory,0.01273674,0.03803698,0.03408277,0.02134604,1,0,1,1.185243
slow_osc_power,5000,best_shanks_wynn,ensemble,limit,0.01273674,0.03803698,0.03717481,0.02443808,1,0,1,1.035279
log_oscillatory,150,current_value,baseline,limit,0.15358923,0.21500983,0.21500983,0.0614206,1,0,0,1.0
log_oscillatory,150,linear,baseline,trajectory,0.15358923,0.21500983,0.13554715,0.01804208,1,0,1,3.404297
log_oscillatory,150,log_linear,baseline,trajectory,0.15358923,0.21500983,0.16654263,0.0129534,1,0,1,4.741658
log_oscillatory,150,geom_avg_diff,baseline,limit,0.15358923,0.21500983,,,0,1,0,
log_oscillatory,150,richardson_1,richardson,trajectory,0.15358923,0.21500983,0.17117357,0.01758434,1,0,1,3.492915
log_oscillatory,150,richardson_2,richardson,trajectory,0.15358923,0.21500983,0.16037975,0.00679052,1,0,1,9.045058
log_oscillatory,150,richardson_3,richardson,trajectory,0.15358923,0.21500983,0.15511945,0.00153022,1,0,1,40.138414
log_oscillatory,150,richardson_a05,richardson,trajectory,0.15358923,0.21500983,0.17635441,0.02276518,1,0,1,2.698007
log_oscillatory,150,richardson_a10,richardson,trajectory,0.15358923,0.21500983,0.18375088,0.03016165,1,0,1,2.036381
log_oscillatory,150,richardson_a20,richardson,trajectory,0.15358923,0.21500983,0.1931243,0.03953507,1,0,1,1.553573
log_oscillatory,150,single_exp_fit,parametric,trajectory,0.15358923,0.21500983,0.14654583,0.00704341,1,0,1,8.720299
log_oscillatory,150,double_exp_fit,parametric,trajectory,0.15358923,0.21500983,0.14655233,0.0070369,1,0,1,8.728363
log_oscillatory,150,rational_fit,parametric,trajectory,0.15358923,0.21500983,0.15431408,0.00072485,1,0,1,84.735849
log_oscillatory,150,log_fit,parametric,trajectory,0.15358923,0.21500983,0.17485345,0.02126422,1,0,1,2.888448
log_oscillatory,150,shanks_1,shanks,limit,0.15358923,0.21500983,0.23049601,0.07690678,1,0,0,0.798637
log_oscillatory,150,shanks_2,shanks,limit,0.15358923,0.21500983,0.21941244,0.06582321,1,0,0,0.933115
log_oscillatory,150,shanks_3,shanks,limit,0.15358923,0.21500983,0.2157569,0.06216767,1,0,0,0.987983
log_oscillatory,150,shanks_4,shanks,limit,0.15358923,0.21500983,0.21527041,0.06168118,1,0,0,0.995775
log_oscillatory,150,wynn_eps_1,wynn_eps,limit,0.15358923,0.21500983,0.23049601,0.07690678,1,0,0,0.798637
log_oscillatory,150,wynn_eps_2,wynn_eps,limit,0.15358923,0.21500983,0.18788883,0.0342996,1,0,1,1.790709
log_oscillatory,150,wynn_eps_3,wynn_eps,limit,0.15358923,0.21500983,0.16905743,0.0154682,1,0,1,3.970766
log_oscillatory,150,wynn_rho_1,wynn_rho,limit,0.15358923,0.21500983,0.24895772,0.09536848,1,0,0,0.644035
log_oscillatory,150,wynn_rho_2,wynn_rho,limit,0.15358923,0.21500983,0.10778954,0.04579969,1,0,1,1.34107
log_oscillatory,150,wynn_rho_3,wynn_rho,limit,0.15358923,0.21500983,-0.37811275,0.53170198,1,1,0,0.115517
log_oscillatory,150,pade_11,pade,trajectory,0.15358923,0.21500983,0.19831509,0.04472586,1,0,1,1.373268
log_oscillatory,150,pade_12,pade,trajectory,0.15358923,0.21500983,0.29547686,0.14188763,1,0,0,0.432882
log_oscillatory,150,pade_13,pade,trajectory,0.15358923,0.21500983,0.03208443,0.1215048,1,0,0,0.505499
log_oscillatory,150,pade_21,pade,trajectory,0.15358923,0.21500983,0.2558224,0.10223317,1,0,0,0.600789
log_oscillatory,150,pade_22,pade,trajectory,0.15358923,0.21500983,0.1945189,0.04092967,1,0,1,1.500638
log_oscillatory,150,pade_23,pade,trajectory,0.15358923,0.21500983,3.59793087,3.44434164,1,1,0,0.017832
log_oscillatory,150,pade_31,pade,trajectory,0.15358923,0.21500983,,,0,1,0,
log_oscillatory,150,pade_32,pade,trajectory,0.15358923,0.21500983,0.3704958,0.21690656,1,0,0,0.283166
log_oscillatory,150,levin_t1,levin,limit,0.15358923,0.21500983,0.23049601,0.07690678,1,0,0,0.798637
log_oscillatory,150,levin_t2,levin,limit,0.15358923,0.21500983,0.21869349,0.06510426,1,0,0,0.943419
log_oscillatory,150,levin_u1,levin,limit,0.15358923,0.21500983,0.23186298,0.07827375,1,0,0,0.78469
log_oscillatory,150,levin_u2,levin,limit,0.15358923,0.21500983,0.21797595,0.06438672,1,0,0,0.953933
log_oscillatory,150,levin_v1,levin,limit,0.15358923,0.21500983,0.21524133,0.06165209,1,0,0,0.996245
log_oscillatory,150,levin_v2,levin,limit,0.15358923,0.21500983,0.21940828,0.06581905,1,0,0,0.933174
log_oscillatory,150,weniger_d1,weniger,limit,0.15358923,0.21500983,0.0,0.15358923,1,0,0,0.399902
log_oscillatory,150,weniger_d2,weniger,limit,0.15358923,0.21500983,0.0,0.15358923,1,0,0,0.399902
log_oscillatory,150,brezinski_theta1,brezinski,limit,0.15358923,0.21500983,0.23404326,0.08045403,1,0,0,0.763425
log_oscillatory,150,brezinski_theta2,brezinski,limit,0.15358923,0.21500983,0.20832238,0.05473315,1,0,1,1.122183
log_oscillatory,150,neville_2,neville,trajectory,0.15358923,0.21500983,0.00343599,0.15015324,1,0,0,0.409053
log_oscillatory,150,neville_3,neville,trajectory,0.15358923,0.21500983,,,0,1,0,
log_oscillatory,150,neville_4,neville,trajectory,0.15358923,0.21500983,,,0,1,0,
log_oscillatory,150,anderson_1,anderson,limit,0.15358923,0.21500983,0.2300363,0.07644707,1,0,0,0.80344
log_oscillatory,150,anderson_2,anderson,limit,0.15358923,0.21500983,0.23280431,0.07921508,1,0,0,0.775365
log_oscillatory,150,anderson_3,anderson,limit,0.15358923,0.21500983,0.23554357,0.08195434,1,0,0,0.749449
log_oscillatory,150,median_ensemble,ensemble,trajectory,0.15358923,0.21500983,0.21758467,0.06399544,1,0,0,0.959765
log_oscillatory,150,stability_weighted,ensemble,trajectory,0.15358923,0.21500983,0.21680546,0.06321623,1,0,0,0.971596
log_oscillatory,150,best_shanks_wynn,ensemble,limit,0.15358923,0.21500983,0.23049601,0.07690678,1,0,0,0.798637
log_oscillatory,1000,current_value,baseline,limit,0.10921464,0.21500983,0.21500983,0.1057952,1,0,0,1.0
log_oscillatory,1000,linear,baseline,trajectory,0.10921464,0.21500983,,,0,1,0,
log_oscillatory,1000,log_linear,baseline,trajectory,0.10921464,0.21500983,0.11584969,0.00663505,1,0,1,15.944887
log_oscillatory,1000,geom_avg_diff,baseline,limit,0.10921464,0.21500983,,,0,1,0,
log_oscillatory,1000,richardson_1,richardson,trajectory,0.10921464,0.21500983,0.12250528,0.01329064,1,0,1,7.960126
log_oscillatory,1000,richardson_2,richardson,trajectory,0.10921464,0.21500983,0.08042813,0.02878651,1,0,1,3.675166
log_oscillatory,1000,richardson_3,richardson,trajectory,0.10921464,0.21500983,0.067105,0.04210964,1,0,1,2.512375
log_oscillatory,1000,richardson_a05,richardson,trajectory,0.10921464,0.21500983,0.15064392,0.04142928,1,0,1,2.553634
log_oscillatory,1000,richardson_a10,richardson,trajectory,0.10921464,0.21500983,0.17435499,0.06514035,1,0,1,1.624112
log_oscillatory,1000,richardson_a20,richardson,trajectory,0.10921464,0.21500983,0.1918081,0.08259347,1,0,1,1.280915
log_oscillatory,1000,single_exp_fit,parametric,trajectory,0.10921464,0.21500983,0.0068352,0.10237943,1,0,1,1.033364
log_oscillatory,1000,double_exp_fit,parametric,trajectory,0.10921464,0.21500983,0.00683841,0.10237623,1,0,1,1.033396
log_oscillatory,1000,rational_fit,parametric,trajectory,0.10921464,0.21500983,0.04757191,0.06164273,1,0,1,1.716264
log_oscillatory,1000,log_fit,parametric,trajectory,0.10921464,0.21500983,0.14195804,0.0327434,1,0,1,3.231039
log_oscillatory,1000,shanks_1,shanks,limit,0.10921464,0.21500983,0.23049601,0.12128137,1,0,0,0.872312
log_oscillatory,1000,shanks_2,shanks,limit,0.10921464,0.21500983,0.21941244,0.1101978,1,0,0,0.960048
log_oscillatory,1000,shanks_3,shanks,limit,0.10921464,0.21500983,0.2157569,0.10654226,1,0,0,0.992988
log_oscillatory,1000,shanks_4,shanks,limit,0.10921464,0.21500983,0.21527041,0.10605577,1,0,0,0.997543
log_oscillatory,1000,wynn_eps_1,wynn_eps,limit,0.10921464,0.21500983,0.23049601,0.12128137,1,0,0,0.872312
log_oscillatory,1000,wynn_eps_2,wynn_eps,limit,0.10921464,0.21500983,0.18788883,0.07867419,1,0,1,1.344726
log_oscillatory,1000,wynn_eps_3,wynn_eps,limit,0.10921464,0.21500983,0.16905743,0.05984279,1,0,1,1.767885
log_oscillatory,1000,wynn_rho_1,wynn_rho,limit,0.10921464,0.21500983,0.24895772,0.13974308,1,0,0,0.757069
log_oscillatory,1000,wynn_rho_2,wynn_rho,limit,0.10921464,0.21500983,0.10778954,0.0014251,1,0,1,74.236953
log_oscillatory,1000,wynn_rho_3,wynn_rho,limit,0.10921464,0.21500983,-0.37811275,0.48732739,1,0,0,0.217093
log_oscillatory,1000,pade_11,pade,trajectory,0.10921464,0.21500983,0.20078252,0.09156789,1,0,1,1.155374
log_oscillatory,1000,pade_12,pade,trajectory,0.10921464,0.21500983,-0.08282739,0.19204203,1,0,0,0.550896
log_oscillatory,1000,pade_13,pade,trajectory,0.10921464,0.21500983,0.00037594,0.1088387,1,0,0,0.972037
log_oscillatory,1000,pade_21,pade,trajectory,0.10921464,0.21500983,0.80129776,0.69208313,1,1,0,0.152865
log_oscillatory,1000,pade_22,pade,trajectory,0.10921464,0.21500983,0.19452104,0.0853064,1,0,1,1.240179
log_oscillatory,1000,pade_23,pade,trajectory,0.10921464,0.21500983,-0.02138437,0.13059901,1,0,0,0.810077
log_oscillatory,1000,pade_31,pade,trajectory,0.10921464,0.21500983,,,0,1,0,
log_oscillatory,1000,pade_32,pade,trajectory,0.10921464,0.21500983,2.11818635,2.00897171,1,1,0,0.052661
log_oscillatory,1000,levin_t1,levin,limit,0.10921464,0.21500983,0.23049601,0.12128137,1,0,0,0.872312
log_oscillatory,1000,levin_t2,levin,limit,0.10921464,0.21500983,0.21869349,0.10947885,1,0,0,0.966353
log_oscillatory,1000,levin_u1,levin,limit,0.10921464,0.21500983,0.23186298,0.12264834,1,0,0,0.86259
log_oscillatory,1000,levin_u2,levin,limit,0.10921464,0.21500983,0.21797595,0.10876132,1,0,0,0.972728
log_oscillatory,1000,levin_v1,levin,limit,0.10921464,0.21500983,0.21524133,0.10602669,1,0,0,0.997817
log_oscillatory,1000,levin_v2,levin,limit,0.10921464,0.21500983,0.21940828,0.11019364,1,0,0,0.960084
log_oscillatory,1000,weniger_d1,weniger,limit,0.10921464,0.21500983,0.0,0.10921464,1,0,0,0.968691
log_oscillatory,1000,weniger_d2,weniger,limit,0.10921464,0.21500983,0.0,0.10921464,1,0,0,0.968691
log_oscillatory,1000,brezinski_theta1,brezinski,limit,0.10921464,0.21500983,0.23404326,0.12482862,1,0,0,0.847524
log_oscillatory,1000,brezinski_theta2,brezinski,limit,0.10921464,0.21500983,0.20832238,0.09910775,1,0,1,1.067477
log_oscillatory,1000,neville_2,neville,trajectory,0.10921464,0.21500983,,,0,1,0,
log_oscillatory,1000,neville_3,neville,trajectory,0.10921464,0.21500983,,,0,1,0,
log_oscillatory,1000,neville_4,neville,trajectory,0.10921464,0.21500983,,,0,1,0,
log_oscillatory,1000,anderson_1,anderson,limit,0.10921464,0.21500983,0.2300363,0.12082166,1,0,0,0.875631
log_oscillatory,1000,anderson_2,anderson,limit,0.10921464,0.21500983,0.23280431,0.12358967,1,0,0,0.85602
log_oscillatory,1000,anderson_3,anderson,limit,0.10921464,0.21500983,0.23554357,0.12632894,1,0,0,0.837458
log_oscillatory,1000,median_ensemble,ensemble,trajectory,0.10921464,0.21500983,0.20182286,0.09260822,1,0,1,1.142395
log_oscillatory,1000,stability_weighted,ensemble,trajectory,0.10921464,0.21500983,0.21619101,0.10697637,1,0,0,0.988959
log_oscillatory,1000,best_shanks_wynn,ensemble,limit,0.10921464,0.21500983,0.23049601,0.12128137,1,0,0,0.872312
log_oscillatory,5000,current_value,baseline,limit,0.11791736,0.21500983,0.21500983,0.09709247,1,0,0,1.0
log_oscillatory,5000,linear,baseline,trajectory,0.11791736,0.21500983,,,0,1,0,
log_oscillatory,5000,log_linear,baseline,trajectory,0.11791736,0.21500983,0.08594811,0.03196925,1,0,1,3.037058
log_oscillatory,5000,geom_avg_diff,baseline,limit,0.11791736,0.21500983,,,0,1,0,
log_oscillatory,5000,richardson_1,richardson,trajectory,0.11791736,0.21500983,0.09223668,0.02568068,1,0,1,3.780759
log_oscillatory,5000,richardson_2,richardson,trajectory,0.11791736,0.21500983,0.04133937,0.07657799,1,0,1,1.26789
log_oscillatory,5000,richardson_3,richardson,trajectory,0.11791736,0.21500983,0.02979617,0.08812119,1,0,1,1.101806
log_oscillatory,5000,richardson_a05,richardson,trajectory,0.11791736,0.21500983,0.14166003,0.02374267,1,0,1,4.089366
log_oscillatory,5000,richardson_a10,richardson,trajectory,0.11791736,0.21500983,0.17302851,0.05511115,1,0,1,1.761757
log_oscillatory,5000,richardson_a20,richardson,trajectory,0.11791736,0.21500983,0.19177902,0.07386166,1,0,1,1.314518
log_oscillatory,5000,single_exp_fit,parametric,trajectory,0.11791736,0.21500983,0.0,0.11791736,1,0,0,0.823394
log_oscillatory,5000,double_exp_fit,parametric,trajectory,0.11791736,0.21500983,1e-08,0.11791735,1,0,0,0.823394
log_oscillatory,5000,rational_fit,parametric,trajectory,0.11791736,0.21500983,0.01117983,0.10673753,1,0,0,0.909638
log_oscillatory,5000,log_fit,parametric,trajectory,0.11791736,0.21500983,0.12537152,0.00745416,1,0,1,13.025271
log_oscillatory,5000,shanks_1,shanks,limit,0.11791736,0.21500983,0.23049601,0.11257865,1,0,0,0.862441
log_oscillatory,5000,shanks_2,shanks,limit,0.11791736,0.21500983,0.21941244,0.10149508,1,0,0,0.956622
log_oscillatory,5000,shanks_3,shanks,limit,0.11791736,0.21500983,0.2157569,0.09783954,1,0,0,0.992364
log_oscillatory,5000,shanks_4,shanks,limit,0.11791736,0.21500983,0.21527041,0.09735305,1,0,0,0.997323
log_oscillatory,5000,wynn_eps_1,wynn_eps,limit,0.11791736,0.21500983,0.23049601,0.11257865,1,0,0,0.862441
log_oscillatory,5000,wynn_eps_2,wynn_eps,limit,0.11791736,0.21500983,0.18788883,0.06997146,1,0,1,1.387601
log_oscillatory,5000,wynn_eps_3,wynn_eps,limit,0.11791736,0.21500983,0.16905743,0.05114007,1,0,1,1.89856
log_oscillatory,5000,wynn_rho_1,wynn_rho,limit,0.11791736,0.21500983,0.24895772,0.13104035,1,0,0,0.740936
log_oscillatory,5000,wynn_rho_2,wynn_rho,limit,0.11791736,0.21500983,0.10778954,0.01012782,1,0,1,9.586706
log_oscillatory,5000,wynn_rho_3,wynn_rho,limit,0.11791736,0.21500983,-0.37811275,0.49603012,1,1,0,0.195739
log_oscillatory,5000,pade_11,pade,trajectory,0.11791736,0.21500983,0.20098363,0.08306627,1,0,1,1.168856
log_oscillatory,5000,pade_12,pade,trajectory,0.11791736,0.21500983,-0.01186404,0.1297814,1,0,0,0.748123
log_oscillatory,5000,pade_13,pade,trajectory,0.11791736,0.21500983,1.378e-05,0.11790358,1,0,0,0.82349
log_oscillatory,5000,pade_21,pade,trajectory,0.11791736,0.21500983,3.34795477,3.23003741,1,1,0,0.030059
log_oscillatory,5000,pade_22,pade,trajectory,0.11791736,0.21500983,0.19454492,0.07662756,1,0,1,1.26707
log_oscillatory,5000,pade_23,pade,trajectory,0.11791736,0.21500983,-0.0037584,0.12167576,1,0,0,0.797961
log_oscillatory,5000,pade_31,pade,trajectory,0.11791736,0.21500983,,,0,1,0,
log_oscillatory,5000,pade_32,pade,trajectory,0.11791736,0.21500983,10.26946482,10.15154746,1,1,0,0.009564
log_oscillatory,5000,levin_t1,levin,limit,0.11791736,0.21500983,0.23049601,0.11257865,1,0,0,0.862441
log_oscillatory,5000,levin_t2,levin,limit,0.11791736,0.21500983,0.21869349,0.10077613,1,0,0,0.963447
log_oscillatory,5000,levin_u1,levin,limit,0.11791736,0.21500983,0.23186298,0.11394562,1,0,0,0.852095
log_oscillatory,5000,levin_u2,levin,limit,0.11791736,0.21500983,0.21797595,0.10005859,1,0,0,0.970356
log_oscillatory,5000,levin_v1,levin,limit,0.11791736,0.21500983,0.21524133,0.09732396,1,0,0,0.997621
log_oscillatory,5000,levin_v2,levin,limit,0.11791736,0.21500983,0.21940828,0.10149092,1,0,0,0.956662
log_oscillatory,5000,weniger_d1,weniger,limit,0.11791736,0.21500983,0.0,0.11791736,1,0,0,0.823394
log_oscillatory,5000,weniger_d2,weniger,limit,0.11791736,0.21500983,0.0,0.11791736,1,0,0,0.823394
log_oscillatory,5000,brezinski_theta1,brezinski,limit,0.11791736,0.21500983,0.23404326,0.1161259,1,0,0,0.836097
log_oscillatory,5000,brezinski_theta2,brezinski,limit,0.11791736,0.21500983,0.20832238,0.09040502,1,0,1,1.073972
log_oscillatory,5000,neville_2,neville,trajectory,0.11791736,0.21500983,,,0,1,0,
log_oscillatory,5000,neville_3,neville,trajectory,0.11791736,0.21500983,,,0,1,0,
log_oscillatory,5000,neville_4,neville,trajectory,0.11791736,0.21500983,,,0,1,0,
log_oscillatory,5000,anderson_1,anderson,limit,0.11791736,0.21500983,0.2300363,0.11211893,1,0,0,0.865977
log_oscillatory,5000,anderson_2,anderson,limit,0.11791736,0.21500983,0.23280431,0.11488695,1,0,0,0.845113
log_oscillatory,5000,anderson_3,anderson,limit,0.11791736,0.21500983,0.23554357,0.11762621,1,0,0,0.825432
log_oscillatory,5000,median_ensemble,ensemble,trajectory,0.11791736,0.21500983,0.20182286,0.0839055,1,0,1,1.157165
log_oscillatory,5000,stability_weighted,ensemble,trajectory,0.11791736,0.21500983,0.20519416,0.0872768,1,0,1,1.112466
log_oscillatory,5000,best_shanks_wynn,ensemble,limit,0.11791736,0.21500983,0.23049601,0.11257865,1,0,0,0.862441
heavy_noise_plat,150,current_value,baseline,limit,0.01000002,0.00820309,0.00820309,0.00179692,1,0,0,1.0
heavy_noise_plat,150,linear,baseline,trajectory,0.01000002,0.00820309,0.00585365,0.00414637,1,0,0,0.433372
heavy_noise_plat,150,log_linear,baseline,trajectory,0.01000002,0.00820309,,,0,1,0,
heavy_noise_plat,150,geom_avg_diff,baseline,limit,0.01000002,0.00820309,,,0,1,0,
heavy_noise_plat,150,richardson_1,richardson,trajectory,0.01000002,0.00820309,0.00845975,0.00154027,1,0,1,1.166631
heavy_noise_plat,150,richardson_2,richardson,trajectory,0.01000002,0.00820309,0.01163489,0.00163487,1,0,1,1.099121
heavy_noise_plat,150,richardson_3,richardson,trajectory,0.01000002,0.00820309,0.01238052,0.0023805,1,0,0,0.754849
heavy_noise_plat,150,richardson_a05,richardson,trajectory,0.01000002,0.00820309,0.0075612,0.00243882,1,0,0,0.736801
heavy_noise_plat,150,richardson_a10,richardson,trajectory,0.01000002,0.00820309,0.00791616,0.00208386,1,0,0,0.862305
heavy_noise_plat,150,richardson_a20,richardson,trajectory,0.01000002,0.00820309,0.00841656,0.00158345,1,0,1,1.134814
heavy_noise_plat,150,single_exp_fit,parametric,trajectory,0.01000002,0.00820309,0.00892389,0.00107612,1,0,1,1.66981
heavy_noise_plat,150,double_exp_fit,parametric,trajectory,0.01000002,0.00820309,0.008924,0.00107602,1,0,1,1.669971
heavy_noise_plat,150,rational_fit,parametric,trajectory,0.01000002,0.00820309,0.00791434,0.00208568,1,0,0,0.861553
heavy_noise_plat,150,log_fit,parametric,trajectory,0.01000002,0.00820309,0.00780678,0.00219324,1,0,0,0.819301
heavy_noise_plat,150,shanks_1,shanks,limit,0.01000002,0.00820309,0.01372338,0.00372336,1,0,0,0.482607
heavy_noise_plat,150,shanks_2,shanks,limit,0.01000002,0.00820309,0.15568391,0.14568389,1,1,0,0.012334
heavy_noise_plat,150,shanks_3,shanks,limit,0.01000002,0.00820309,0.00957666,0.00042335,1,0,1,4.244524
heavy_noise_plat,150,shanks_4,shanks,limit,0.01000002,0.00820309,0.00907564,0.00092438,1,0,1,1.943925
heavy_noise_plat,150,wynn_eps_1,wynn_eps,limit,0.01000002,0.00820309,0.01372338,0.00372336,1,0,0,0.482607
heavy_noise_plat,150,wynn_eps_2,wynn_eps,limit,0.01000002,0.00820309,0.0100098,9.78e-06,1,0,1,183.683997
heavy_noise_plat,150,wynn_eps_3,wynn_eps,limit,0.01000002,0.00820309,0.00845259,0.00154743,1,0,1,1.161231
heavy_noise_plat,150,wynn_rho_1,wynn_rho,limit,0.01000002,0.00820309,0.0096155,0.00038452,1,0,1,4.673205
heavy_noise_plat,150,wynn_rho_2,wynn_rho,limit,0.01000002,0.00820309,0.00969732,0.0003027,1,0,1,5.936323
heavy_noise_plat,150,wynn_rho_3,wynn_rho,limit,0.01000002,0.00820309,0.00987244,0.00012758,1,0,1,14.085067
heavy_noise_plat,150,pade_11,pade,trajectory,0.01000002,0.00820309,0.01044022,0.0004402,1,0,1,4.082037
heavy_noise_plat,150,pade_12,pade,trajectory,0.01000002,0.00820309,0.16278545,0.15278543,1,1,0,0.011761
heavy_noise_plat,150,pade_13,pade,trajectory,0.01000002,0.00820309,0.00148891,0.00851111,1,0,0,0.211127
heavy_noise_plat,150,pade_21,pade,trajectory,0.01000002,0.00820309,0.00414421,0.00585581,1,0,0,0.306861
heavy_noise_plat,150,pade_22,pade,trajectory,0.01000002,0.00820309,0.01101948,0.00101947,1,0,1,1.762611
heavy_noise_plat,150,pade_23,pade,trajectory,0.01000002,0.00820309,,,0,1,0,
heavy_noise_plat,150,pade_31,pade,trajectory,0.01000002,0.00820309,0.03235277,0.02235276,1,1,0,0.080389
heavy_noise_plat,150,pade_32,pade,trajectory,0.01000002,0.00820309,0.00674558,0.00325444,1,0,0,0.552145
heavy_noise_plat,150,levin_t1,levin,limit,0.01000002,0.00820309,0.01372338,0.00372336,1,0,0,0.482607
heavy_noise_plat,150,levin_t2,levin,limit,0.01000002,0.00820309,0.01764346,0.00764344,1,0,0,0.235093
heavy_noise_plat,150,levin_u1,levin,limit,0.01000002,0.00820309,0.01370381,0.0037038,1,0,0,0.485157
heavy_noise_plat,150,levin_u2,levin,limit,0.01000002,0.00820309,0.01773131,0.00773129,1,0,0,0.232422
heavy_noise_plat,150,levin_v1,levin,limit,0.01000002,0.00820309,0.01056405,0.00056404,1,0,1,3.185814
heavy_noise_plat,150,levin_v2,levin,limit,0.01000002,0.00820309,0.0075195,0.00248052,1,0,0,0.724414
heavy_noise_plat,150,weniger_d1,weniger,limit,0.01000002,0.00820309,0.0,0.01000002,1,1,0,0.179692
heavy_noise_plat,150,weniger_d2,weniger,limit,0.01000002,0.00820309,0.0,0.01000002,1,1,0,0.179692
heavy_noise_plat,150,brezinski_theta1,brezinski,limit,0.01000002,0.00820309,0.0208881,0.01088809,1,1,0,0.165036
heavy_noise_plat,150,brezinski_theta2,brezinski,limit,0.01000002,0.00820309,0.46797268,0.45797266,1,1,0,0.003924
heavy_noise_plat,150,neville_2,neville,trajectory,0.01000002,0.00820309,,,0,1,0,
heavy_noise_plat,150,neville_3,neville,trajectory,0.01000002,0.00820309,,,0,1,0,
heavy_noise_plat,150,neville_4,neville,trajectory,0.01000002,0.00820309,,,0,1,0,
heavy_noise_plat,150,anderson_1,anderson,limit,0.01000002,0.00820309,0.01372318,0.00372317,1,0,0,0.482633
heavy_noise_plat,150,anderson_2,anderson,limit,0.01000002,0.00820309,0.0136782,0.00367819,1,0,0,0.488534
heavy_noise_plat,150,anderson_3,anderson,limit,0.01000002,0.00820309,0.01346807,0.00346805,1,0,0,0.518136
heavy_noise_plat,150,median_ensemble,ensemble,trajectory,0.01000002,0.00820309,0.01186659,0.00186657,1,0,0,0.962685
heavy_noise_plat,150,stability_weighted,ensemble,trajectory,0.01000002,0.00820309,0.0404517,0.03045169,1,1,0,0.059009
heavy_noise_plat,150,best_shanks_wynn,ensemble,limit,0.01000002,0.00820309,0.01372338,0.00372336,1,0,0,0.482607
heavy_noise_plat,1000,current_value,baseline,limit,0.01,0.00820309,0.00820309,0.00179691,1,0,0,1.0
heavy_noise_plat,1000,linear,baseline,trajectory,0.01,0.00820309,-0.02971649,0.03971649,1,1,0,0.045243
heavy_noise_plat,1000,log_linear,baseline,trajectory,0.01,0.00820309,,,0,1,0,
heavy_noise_plat,1000,geom_avg_diff,baseline,limit,0.01,0.00820309,,,0,1,0,
heavy_noise_plat,1000,richardson_1,richardson,trajectory,0.01,0.00820309,0.00832067,0.00167933,1,0,1,1.070017
heavy_noise_plat,1000,richardson_2,richardson,trajectory,0.01,0.00820309,0.03651469,0.02651469,1,1,0,0.06777
heavy_noise_plat,1000,richardson_3,richardson,trajectory,0.01,0.00820309,0.04174539,0.03174539,1,1,0,0.056604
heavy_noise_plat,1000,richardson_a05,richardson,trajectory,0.01,0.00820309,0.00557649,0.00442351,1,0,0,0.406217
heavy_noise_plat,1000,richardson_a10,richardson,trajectory,0.01,0.00820309,0.00708403,0.00291597,1,0,0,0.616229
heavy_noise_plat,1000,richardson_a20,richardson,trajectory,0.01,0.00820309,0.00825492,0.00174508,1,0,1,1.0297
heavy_noise_plat,1000,single_exp_fit,parametric,trajectory,0.01,0.00820309,0.00892384,0.00107616,1,0,1,1.669735
heavy_noise_plat,1000,double_exp_fit,parametric,trajectory,0.01,0.00820309,0.00892394,0.00107606,1,0,1,1.669896
heavy_noise_plat,1000,rational_fit,parametric,trajectory,0.01,0.00820309,0.00707964,0.00292036,1,0,0,0.615303
heavy_noise_plat,1000,log_fit,parametric,trajectory,0.01,0.00820309,0.00568316,0.00431684,1,0,0,0.416255
heavy_noise_plat,1000,shanks_1,shanks,limit,0.01,0.00820309,0.01372338,0.00372338,1,0,0,0.482601
heavy_noise_plat,1000,shanks_2,shanks,limit,0.01,0.00820309,0.15568391,0.14568391,1,1,0,0.012334
heavy_noise_plat,1000,shanks_3,shanks,limit,0.01,0.00820309,0.00957666,0.00042334,1,0,1,4.244641
heavy_noise_plat,1000,shanks_4,shanks,limit,0.01,0.00820309,0.00907564,0.00092436,1,0,1,1.94394
heavy_noise_plat,1000,wynn_eps_1,wynn_eps,limit,0.01,0.00820309,0.01372338,0.00372338,1,0,0,0.482601
heavy_noise_plat,1000,wynn_eps_2,wynn_eps,limit,0.01,0.00820309,0.0100098,9.8e-06,1,0,1,183.395696
heavy_noise_plat,1000,wynn_eps_3,wynn_eps,limit,0.01,0.00820309,0.00845259,0.00154741,1,0,1,1.161233
heavy_noise_plat,1000,wynn_rho_1,wynn_rho,limit,0.01,0.00820309,0.0096155,0.0003845,1,0,1,4.673351
heavy_noise_plat,1000,wynn_rho_2,wynn_rho,limit,0.01,0.00820309,0.00969732,0.00030268,1,0,1,5.936573
heavy_noise_plat,1000,wynn_rho_3,wynn_rho,limit,0.01,0.00820309,0.00987244,0.00012756,1,0,1,14.086636
heavy_noise_plat,1000,pade_11,pade,trajectory,0.01,0.00820309,0.01048761,0.00048761,1,0,1,3.685144
heavy_noise_plat,1000,pade_12,pade,trajectory,0.01,0.00820309,-0.00129729,0.01129729,1,1,0,0.159056
heavy_noise_plat,1000,pade_13,pade,trajectory,0.01,0.00820309,1.415e-05,0.00998585,1,1,0,0.179945
heavy_noise_plat,1000,pade_21,pade,trajectory,0.01,0.00820309,-0.0515427,0.0615427,1,1,0,0.029198
heavy_noise_plat,1000,pade_22,pade,trajectory,0.01,0.00820309,0.0110862,0.0010862,1,0,1,1.654307
heavy_noise_plat,1000,pade_23,pade,trajectory,0.01,0.00820309,-0.00124528,0.01124528,1,1,0,0.159792
heavy_noise_plat,1000,pade_31,pade,trajectory,0.01,0.00820309,2.95873021,2.94873021,1,1,0,0.000609
heavy_noise_plat,1000,pade_32,pade,trajectory,0.01,0.00820309,-0.03046839,0.04046839,1,1,0,0.044403
heavy_noise_plat,1000,levin_t1,levin,limit,0.01,0.00820309,0.01372338,0.00372338,1,0,0,0.482601
heavy_noise_plat,1000,levin_t2,levin,limit,0.01,0.00820309,0.01764346,0.00764346,1,0,0,0.235091
heavy_noise_plat,1000,levin_u1,levin,limit,0.01,0.00820309,0.01370381,0.00370381,1,0,0,0.485151
heavy_noise_plat,1000,levin_u2,levin,limit,0.01,0.00820309,0.01773131,0.00773131,1,0,0,0.232419
heavy_noise_plat,1000,levin_v1,levin,limit,0.01,0.00820309,0.01056405,0.00056405,1,0,1,3.185701
heavy_noise_plat,1000,levin_v2,levin,limit,0.01,0.00820309,0.0075195,0.0024805,1,0,0,0.724413
heavy_noise_plat,1000,weniger_d1,weniger,limit,0.01,0.00820309,0.0,0.01,1,1,0,0.179691
heavy_noise_plat,1000,weniger_d2,weniger,limit,0.01,0.00820309,0.0,0.01,1,1,0,0.179691
heavy_noise_plat,1000,brezinski_theta1,brezinski,limit,0.01,0.00820309,0.0208881,0.0108881,1,1,0,0.165034
heavy_noise_plat,1000,brezinski_theta2,brezinski,limit,0.01,0.00820309,0.46797268,0.45797268,1,1,0,0.003924
heavy_noise_plat,1000,neville_2,neville,trajectory,0.01,0.00820309,,,0,1,0,
heavy_noise_plat,1000,neville_3,neville,trajectory,0.01,0.00820309,,,0,1,0,
heavy_noise_plat,1000,neville_4,neville,trajectory,0.01,0.00820309,,,0,1,0,
heavy_noise_plat,1000,anderson_1,anderson,limit,0.01,0.00820309,0.01372318,0.00372318,1,0,0,0.482627
heavy_noise_plat,1000,anderson_2,anderson,limit,0.01,0.00820309,0.0136782,0.0036782,1,0,0,0.488528
heavy_noise_plat,1000,anderson_3,anderson,limit,0.01,0.00820309,0.01346807,0.00346807,1,0,0,0.518129
heavy_noise_plat,1000,median_ensemble,ensemble,trajectory,0.01,0.00820309,0.00979323,0.00020677,1,0,1,8.690419
heavy_noise_plat,1000,stability_weighted,ensemble,trajectory,0.01,0.00820309,0.03878075,0.02878075,1,1,0,0.062434
heavy_noise_plat,1000,best_shanks_wynn,ensemble,limit,0.01,0.00820309,0.01372338,0.00372338,1,0,0,0.482601
heavy_noise_plat,5000,current_value,baseline,limit,0.01,0.00820309,0.00820309,0.00179691,1,0,0,1.0
heavy_noise_plat,5000,linear,baseline,trajectory,0.01,0.00820309,-0.19710536,0.20710536,1,1,0,0.008676
heavy_noise_plat,5000,log_linear,baseline,trajectory,0.01,0.00820309,,,0,1,0,
heavy_noise_plat,5000,geom_avg_diff,baseline,limit,0.01,0.00820309,,,0,1,0,
heavy_noise_plat,5000,richardson_1,richardson,trajectory,0.01,0.00820309,0.00831808,0.00168192,1,0,1,1.068364
heavy_noise_plat,5000,richardson_2,richardson,trajectory,0.01,0.00820309,0.07056047,0.06056047,1,1,0,0.029671
heavy_noise_plat,5000,richardson_3,richardson,trajectory,0.01,0.00820309,0.07480237,0.06480237,1,1,0,0.027729
heavy_noise_plat,5000,richardson_a05,richardson,trajectory,0.01,0.00820309,0.00488298,0.00511702,1,0,0,0.351162
heavy_noise_plat,5000,richardson_a10,richardson,trajectory,0.01,0.00820309,0.00696655,0.00303345,1,0,0,0.592365
heavy_noise_plat,5000,richardson_a20,richardson,trajectory,0.01,0.00820309,0.00825135,0.00174865,1,0,1,1.027597
heavy_noise_plat,5000,single_exp_fit,parametric,trajectory,0.01,0.00820309,0.00892384,0.00107616,1,0,1,1.669735
heavy_noise_plat,5000,double_exp_fit,parametric,trajectory,0.01,0.00820309,0.00892394,0.00107606,1,0,1,1.669896
heavy_noise_plat,5000,rational_fit,parametric,trajectory,0.01,0.00820309,0.00696172,0.00303828,1,0,0,0.591423
heavy_noise_plat,5000,log_fit,parametric,trajectory,0.01,0.00820309,0.00461238,0.00538762,1,0,0,0.333525
heavy_noise_plat,5000,shanks_1,shanks,limit,0.01,0.00820309,0.01372338,0.00372338,1,0,0,0.482601
heavy_noise_plat,5000,shanks_2,shanks,limit,0.01,0.00820309,0.15568391,0.14568391,1,1,0,0.012334
heavy_noise_plat,5000,shanks_3,shanks,limit,0.01,0.00820309,0.00957666,0.00042334,1,0,1,4.244641
heavy_noise_plat,5000,shanks_4,shanks,limit,0.01,0.00820309,0.00907564,0.00092436,1,0,1,1.94394
heavy_noise_plat,5000,wynn_eps_1,wynn_eps,limit,0.01,0.00820309,0.01372338,0.00372338,1,0,0,0.482601
heavy_noise_plat,5000,wynn_eps_2,wynn_eps,limit,0.01,0.00820309,0.0100098,9.8e-06,1,0,1,183.395696
heavy_noise_plat,5000,wynn_eps_3,wynn_eps,limit,0.01,0.00820309,0.00845259,0.00154741,1,0,1,1.161233
heavy_noise_plat,5000,wynn_rho_1,wynn_rho,limit,0.01,0.00820309,0.0096155,0.0003845,1,0,1,4.673351
heavy_noise_plat,5000,wynn_rho_2,wynn_rho,limit,0.01,0.00820309,0.00969732,0.00030268,1,0,1,5.936573
heavy_noise_plat,5000,wynn_rho_3,wynn_rho,limit,0.01,0.00820309,0.00987244,0.00012756,1,0,1,14.086636
heavy_noise_plat,5000,pade_11,pade,trajectory,0.01,0.00820309,0.01049123,0.00049123,1,0,1,3.657963
heavy_noise_plat,5000,pade_12,pade,trajectory,0.01,0.00820309,-0.00022646,0.01022646,1,1,0,0.175711
heavy_noise_plat,5000,pade_13,pade,trajectory,0.01,0.00820309,5.1e-07,0.00999949,1,1,0,0.1797
heavy_noise_plat,5000,pade_21,pade,trajectory,0.01,0.00820309,-0.31308669,0.32308669,1,1,0,0.005562
heavy_noise_plat,5000,pade_22,pade,trajectory,0.01,0.00820309,0.01109154,0.00109154,1,0,1,1.64621
heavy_noise_plat,5000,pade_23,pade,trajectory,0.01,0.00820309,-0.0002192,0.0102192,1,1,0,0.175836
heavy_noise_plat,5000,pade_31,pade,trajectory,0.01,0.00820309,82.26900736,82.25900736,1,1,0,2.2e-05
heavy_noise_plat,5000,pade_32,pade,trajectory,0.01,0.00820309,-0.2052863,0.2152863,1,1,0,0.008347
heavy_noise_plat,5000,levin_t1,levin,limit,0.01,0.00820309,0.01372338,0.00372338,1,0,0,0.482601
heavy_noise_plat,5000,levin_t2,levin,limit,0.01,0.00820309,0.01764346,0.00764346,1,0,0,0.235091
heavy_noise_plat,5000,levin_u1,levin,limit,0.01,0.00820309,0.01370381,0.00370381,1,0,0,0.485151
heavy_noise_plat,5000,levin_u2,levin,limit,0.01,0.00820309,0.01773131,0.00773131,1,0,0,0.232419
heavy_noise_plat,5000,levin_v1,levin,limit,0.01,0.00820309,0.01056405,0.00056405,1,0,1,3.185701
heavy_noise_plat,5000,levin_v2,levin,limit,0.01,0.00820309,0.0075195,0.0024805,1,0,0,0.724413
heavy_noise_plat,5000,weniger_d1,weniger,limit,0.01,0.00820309,0.0,0.01,1,1,0,0.179691
heavy_noise_plat,5000,weniger_d2,weniger,limit,0.01,0.00820309,0.0,0.01,1,1,0,0.179691
heavy_noise_plat,5000,brezinski_theta1,brezinski,limit,0.01,0.00820309,0.0208881,0.0108881,1,1,0,0.165034
heavy_noise_plat,5000,brezinski_theta2,brezinski,limit,0.01,0.00820309,0.46797268,0.45797268,1,1,0,0.003924
heavy_noise_plat,5000,neville_2,neville,trajectory,0.01,0.00820309,,,0,1,0,
heavy_noise_plat,5000,neville_3,neville,trajectory,0.01,0.00820309,,,0,1,0,
heavy_noise_plat,5000,neville_4,neville,trajectory,0.01,0.00820309,,,0,1,0,
heavy_noise_plat,5000,anderson_1,anderson,limit,0.01,0.00820309,0.01372318,0.00372318,1,0,0,0.482627
heavy_noise_plat,5000,anderson_2,anderson,limit,0.01,0.00820309,0.0136782,0.0036782,1,0,0,0.488528
heavy_noise_plat,5000,anderson_3,anderson,limit,0.01,0.00820309,0.01346807,0.00346807,1,0,0,0.518129
heavy_noise_plat,5000,median_ensemble,ensemble,trajectory,0.01,0.00820309,0.00979323,0.00020677,1,0,1,8.690419
heavy_noise_plat,5000,stability_weighted,ensemble,trajectory,0.01,0.00820309,0.03428587,0.02428587,1,1,0,0.07399
heavy_noise_plat,5000,best_shanks_wynn,ensemble,limit,0.01,0.00820309,0.01372338,0.00372338,1,0,0,0.482601
broken_power_law,150,current_value,baseline,limit,0.11752246,0.14166594,0.14166594,0.02414347,1,0,0,1.0
broken_power_law,150,linear,baseline,trajectory,0.11752246,0.14166594,0.34031344,0.22279098,1,1,0,0.108368
broken_power_law,150,log_linear,baseline,trajectory,0.11752246,0.14166594,0.50940946,0.39188699,1,1,0,0.061608
broken_power_law,150,geom_avg_diff,baseline,limit,0.11752246,0.14166594,0.11946308,0.00194062,1,0,1,12.441123
broken_power_law,150,richardson_1,richardson,trajectory,0.11752246,0.14166594,0.23586476,0.1183423,1,0,0,0.204014
broken_power_law,150,richardson_2,richardson,trajectory,0.11752246,0.14166594,0.27099818,0.15347571,1,1,0,0.157311
broken_power_law,150,richardson_3,richardson,trajectory,0.11752246,0.14166594,0.23585945,0.11833699,1,0,0,0.204023
broken_power_law,150,richardson_a05,richardson,trajectory,0.11752246,0.14166594,0.20932123,0.09179877,1,0,0,0.263004
broken_power_law,150,richardson_a10,richardson,trajectory,0.11752246,0.14166594,0.18447137,0.0669489,1,0,0,0.360625
broken_power_law,150,richardson_a20,richardson,trajectory,0.11752246,0.14166594,0.15151228,0.03398982,1,0,0,0.710315
broken_power_law,150,single_exp_fit,parametric,trajectory,0.11752246,0.14166594,0.0960947,0.02142776,1,0,1,1.126738
broken_power_law,150,double_exp_fit,parametric,trajectory,0.11752246,0.14166594,0.09609342,0.02142904,1,0,1,1.126671
broken_power_law,150,rational_fit,parametric,trajectory,0.11752246,0.14166594,0.0960947,0.02142776,1,0,1,1.126738
broken_power_law,150,log_fit,parametric,trajectory,0.11752246,0.14166594,0.0960947,0.02142776,1,0,1,1.126738
broken_power_law,150,shanks_1,shanks,limit,0.11752246,0.14166594,0.10446393,0.01305853,1,0,1,1.848866
broken_power_law,150,shanks_2,shanks,limit,0.11752246,0.14166594,0.0777769,0.03974557,1,0,0,0.607451
broken_power_law,150,shanks_3,shanks,limit,0.11752246,0.14166594,0.05865601,0.05886646,1,0,0,0.41014
broken_power_law,150,shanks_4,shanks,limit,0.11752246,0.14166594,0.05723265,0.06028982,1,0,0,0.400457
broken_power_law,150,wynn_eps_1,wynn_eps,limit,0.11752246,0.14166594,0.10446393,0.01305853,1,0,1,1.848866
broken_power_law,150,wynn_eps_2,wynn_eps,limit,0.11752246,0.14166594,0.08907276,0.0284497,1,0,0,0.848637
broken_power_law,150,wynn_eps_3,wynn_eps,limit,0.11752246,0.14166594,0.08008701,0.03743545,1,0,0,0.644936
broken_power_law,150,wynn_rho_1,wynn_rho,limit,0.11752246,0.14166594,0.06667869,0.05084378,1,0,0,0.474856
broken_power_law,150,wynn_rho_2,wynn_rho,limit,0.11752246,0.14166594,0.0479557,0.06956677,1,0,0,0.347055
broken_power_law,150,wynn_rho_3,wynn_rho,limit,0.11752246,0.14166594,0.03917075,0.07835172,1,0,0,0.308142
broken_power_law,150,pade_11,pade,trajectory,0.11752246,0.14166594,0.0922412,0.02528126,1,0,0,0.954995
broken_power_law,150,pade_12,pade,trajectory,0.11752246,0.14166594,-0.14348664,0.2610091,1,1,0,0.0925
broken_power_law,150,pade_13,pade,trajectory,0.11752246,0.14166594,0.03453259,0.08298988,1,0,0,0.290921
broken_power_law,150,pade_21,pade,trajectory,0.11752246,0.14166594,0.22881877,0.1112963,1,0,0,0.21693
broken_power_law,150,pade_22,pade,trajectory,0.11752246,0.14166594,0.10020693,0.01731553,1,0,1,1.394325
broken_power_law,150,pade_23,pade,trajectory,0.11752246,0.14166594,0.41600685,0.29848439,1,1,0,0.080887
broken_power_law,150,pade_31,pade,trajectory,0.11752246,0.14166594,0.22079166,0.10326919,1,0,0,0.233792
broken_power_law,150,pade_32,pade,trajectory,0.11752246,0.14166594,0.17328443,0.05576196,1,0,0,0.432974
broken_power_law,150,levin_t1,levin,limit,0.11752246,0.14166594,0.10446393,0.01305853,1,0,1,1.848866
broken_power_law,150,levin_t2,levin,limit,0.11752246,0.14166594,0.08896899,0.02855347,1,0,0,0.845553
broken_power_law,150,levin_u1,levin,limit,0.11752246,0.14166594,0.00738342,0.11013904,1,0,0,0.219209
broken_power_law,150,levin_u2,levin,limit,0.11752246,0.14166594,0.00999586,0.1075266,1,0,0,0.224535
broken_power_law,150,levin_v1,levin,limit,0.11752246,0.14166594,0.00849134,0.10903113,1,0,0,0.221437
broken_power_law,150,levin_v2,levin,limit,0.11752246,0.14166594,0.00999567,0.10752679,1,0,0,0.224534
broken_power_law,150,weniger_d1,weniger,limit,0.11752246,0.14166594,-0.0,0.11752246,1,0,0,0.205437
broken_power_law,150,weniger_d2,weniger,limit,0.11752246,0.14166594,0.0,0.11752246,1,0,0,0.205437
broken_power_law,150,brezinski_theta1,brezinski,limit,0.11752246,0.14166594,0.10387155,0.01365092,1,0,1,1.768634
broken_power_law,150,brezinski_theta2,brezinski,limit,0.11752246,0.14166594,0.07691458,0.04060788,1,0,0,0.594551
broken_power_law,150,neville_2,neville,trajectory,0.11752246,0.14166594,0.11831282,0.00079036,1,0,1,30.54754
broken_power_law,150,neville_3,neville,trajectory,0.11752246,0.14166594,0.11774729,0.00022483,1,0,1,107.386527
broken_power_law,150,neville_4,neville,trajectory,0.11752246,0.14166594,0.1175937,7.124e-05,1,0,1,338.910241
broken_power_law,150,anderson_1,anderson,limit,0.11752246,0.14166594,0.14135746,0.023835,1,0,1,1.012942
broken_power_law,150,anderson_2,anderson,limit,0.11752246,0.14166594,0.14104111,0.02351864,1,0,1,1.026567
broken_power_law,150,anderson_3,anderson,limit,0.11752246,0.14166594,0.1407168,0.02319433,1,0,1,1.040921
broken_power_law,150,median_ensemble,ensemble,trajectory,0.11752246,0.14166594,0.08342483,0.03409764,1,0,0,0.708069
broken_power_law,150,stability_weighted,ensemble,trajectory,0.11752246,0.14166594,0.08688585,0.03063662,1,0,0,0.788059
broken_power_law,150,best_shanks_wynn,ensemble,limit,0.11752246,0.14166594,0.10446393,0.01305853,1,0,1,1.848866
broken_power_law,1000,current_value,baseline,limit,0.06045641,0.14166594,0.14166594,0.08120952,1,0,0,1.0
broken_power_law,1000,linear,baseline,trajectory,0.06045641,0.14166594,2.65970931,2.5992529,1,1,0,0.031243
broken_power_law,1000,log_linear,baseline,trajectory,0.06045641,0.14166594,31.50286017,31.44240375,1,1,0,0.002583
broken_power_law,1000,geom_avg_diff,baseline,limit,0.06045641,0.14166594,0.10594738,0.04549097,1,0,1,1.785179
broken_power_law,1000,richardson_1,richardson,trajectory,0.06045641,0.14166594,0.48355406,0.42309765,1,1,0,0.19194
broken_power_law,1000,richardson_2,richardson,trajectory,0.06045641,0.14166594,0.66714997,0.60669356,1,1,0,0.133856
broken_power_law,1000,richardson_3,richardson,trajectory,0.06045641,0.14166594,0.48352721,0.4230708,1,1,0,0.191953
broken_power_law,1000,richardson_a05,richardson,trajectory,0.06045641,0.14166594,0.3195996,0.25914319,1,0,0,0.313377
broken_power_law,1000,richardson_a10,richardson,trajectory,0.06045641,0.14166594,0.22817234,0.16771593,1,0,0,0.484209
broken_power_law,1000,richardson_a20,richardson,trajectory,0.06045641,0.14166594,0.1590882,0.09863179,1,0,0,0.823361
broken_power_law,1000,single_exp_fit,parametric,trajectory,0.06045641,0.14166594,0.0960947,0.03563829,1,0,1,2.278715
broken_power_law,1000,double_exp_fit,parametric,trajectory,0.06045641,0.14166594,0.09609342,0.03563701,1,0,1,2.278797
broken_power_law,1000,rational_fit,parametric,trajectory,0.06045641,0.14166594,0.0960947,0.03563829,1,0,1,2.278716
broken_power_law,1000,log_fit,parametric,trajectory,0.06045641,0.14166594,0.0960947,0.03563829,1,0,1,2.278716
broken_power_law,1000,shanks_1,shanks,limit,0.06045641,0.14166594,0.10446393,0.04400752,1,0,1,1.845356
broken_power_law,1000,shanks_2,shanks,limit,0.06045641,0.14166594,0.0777769,0.01732049,1,0,1,4.68864
broken_power_law,1000,shanks_3,shanks,limit,0.06045641,0.14166594,0.05865601,0.0018004,1,0,1,45.106327
broken_power_law,1000,shanks_4,shanks,limit,0.06045641,0.14166594,0.05723265,0.00322376,1,0,1,25.190917
broken_power_law,1000,wynn_eps_1,wynn_eps,limit,0.06045641,0.14166594,0.10446393,0.04400752,1,0,1,1.845356
broken_power_law,1000,wynn_eps_2,wynn_eps,limit,0.06045641,0.14166594,0.08907276,0.02861635,1,0,1,2.837872
broken_power_law,1000,wynn_eps_3,wynn_eps,limit,0.06045641,0.14166594,0.08008701,0.0196306,1,0,1,4.136884
broken_power_law,1000,wynn_rho_1,wynn_rho,limit,0.06045641,0.14166594,0.06667869,0.00622227,1,0,1,13.05142
broken_power_law,1000,wynn_rho_2,wynn_rho,limit,0.06045641,0.14166594,0.0479557,0.01250072,1,0,1,6.49639
broken_power_law,1000,wynn_rho_3,wynn_rho,limit,0.06045641,0.14166594,0.03917075,0.02128567,1,0,1,3.815221
broken_power_law,1000,pade_11,pade,trajectory,0.06045641,0.14166594,0.08407786,0.02362145,1,0,1,3.437957
broken_power_law,1000,pade_12,pade,trajectory,0.06045641,0.14166594,-0.00478876,0.06524517,1,0,1,1.244683
broken_power_law,1000,pade_13,pade,trajectory,0.06045641,0.14166594,0.00022622,0.06023019,1,0,1,1.348319
broken_power_law,1000,pade_21,pade,trajectory,0.06045641,0.14166594,1.47296945,1.41251304,1,1,0,0.057493
broken_power_law,1000,pade_22,pade,trajectory,0.06045641,0.14166594,0.08540536,0.02494895,1,0,1,3.255028
broken_power_law,1000,pade_23,pade,trajectory,0.06045641,0.14166594,-0.01099752,0.07145393,1,0,1,1.13653
broken_power_law,1000,pade_31,pade,trajectory,0.06045641,0.14166594,0.52102025,0.46056384,1,1,0,0.176326
broken_power_law,1000,pade_32,pade,trajectory,0.06045641,0.14166594,0.83929163,0.77883522,1,1,0,0.10427
broken_power_law,1000,levin_t1,levin,limit,0.06045641,0.14166594,0.10446393,0.04400752,1,0,1,1.845356
broken_power_law,1000,levin_t2,levin,limit,0.06045641,0.14166594,0.08896899,0.02851258,1,0,1,2.848199
broken_power_law,1000,levin_u1,levin,limit,0.06045641,0.14166594,0.00738342,0.05307299,1,0,1,1.530148
broken_power_law,1000,levin_u2,levin,limit,0.06045641,0.14166594,0.00999586,0.05046055,1,0,1,1.609367
broken_power_law,1000,levin_v1,levin,limit,0.06045641,0.14166594,0.00849134,0.05196508,1,0,1,1.562771
broken_power_law,1000,levin_v2,levin,limit,0.06045641,0.14166594,0.00999567,0.05046074,1,0,1,1.609361
broken_power_law,1000,weniger_d1,weniger,limit,0.06045641,0.14166594,-0.0,0.06045641,1,0,1,1.343274
broken_power_law,1000,weniger_d2,weniger,limit,0.06045641,0.14166594,0.0,0.06045641,1,0,1,1.343274
broken_power_law,1000,brezinski_theta1,brezinski,limit,0.06045641,0.14166594,0.10387155,0.04341513,1,0,1,1.870535
broken_power_law,1000,brezinski_theta2,brezinski,limit,0.06045641,0.14166594,0.07691458,0.01645817,1,0,1,4.934299
broken_power_law,1000,neville_2,neville,trajectory,0.06045641,0.14166594,0.08123117,0.02077476,1,0,1,3.909047
broken_power_law,1000,neville_3,neville,trajectory,0.06045641,0.14166594,0.07487185,0.01441544,1,0,1,5.63351
broken_power_law,1000,neville_4,neville,trajectory,0.06045641,0.14166594,0.07111747,0.01066106,1,0,1,7.617395
broken_power_law,1000,anderson_1,anderson,limit,0.06045641,0.14166594,0.14135746,0.08090105,1,0,1,1.003813
broken_power_law,1000,anderson_2,anderson,limit,0.06045641,0.14166594,0.14104111,0.0805847,1,0,1,1.007754
broken_power_law,1000,anderson_3,anderson,limit,0.06045641,0.14166594,0.1407168,0.08026039,1,0,1,1.011826
broken_power_law,1000,median_ensemble,ensemble,trajectory,0.06045641,0.14166594,0.08342483,0.02296842,1,0,1,3.535704
broken_power_law,1000,stability_weighted,ensemble,trajectory,0.06045641,0.14166594,0.0859857,0.02552929,1,0,1,3.181034
broken_power_law,1000,best_shanks_wynn,ensemble,limit,0.06045641,0.14166594,0.10446393,0.04400752,1,0,1,1.845356
broken_power_law,5000,current_value,baseline,limit,0.03651351,0.14166594,0.14166594,0.10515242,1,0,0,1.0
broken_power_law,5000,linear,baseline,trajectory,0.03651351,0.14166594,13.5745134,13.53799989,1,1,0,0.007767
broken_power_law,5000,log_linear,baseline,trajectory,0.03651351,0.14166594,,,0,1,0,
broken_power_law,5000,geom_avg_diff,baseline,limit,0.03651351,0.14166594,0.10594736,0.06943385,1,0,1,1.514426
broken_power_law,5000,richardson_1,richardson,trajectory,0.03651351,0.14166594,0.66621575,0.62970224,1,1,0,0.166988
broken_power_law,5000,richardson_2,richardson,trajectory,0.03651351,0.14166594,0.96108058,0.92456707,1,1,0,0.113732
broken_power_law,5000,richardson_3,richardson,trajectory,0.03651351,0.14166594,0.66616415,0.62965064,1,1,0,0.167001
broken_power_law,5000,richardson_a05,richardson,trajectory,0.03651351,0.14166594,0.35813361,0.3216201,1,0,0,0.326946
broken_power_law,5000,richardson_a10,richardson,trajectory,0.03651351,0.14166594,0.23434189,0.19782838,1,0,0,0.531534
broken_power_law,5000,richardson_a20,richardson,trajectory,0.03651351,0.14166594,0.15925561,0.1227421,1,0,0,0.856694
broken_power_law,5000,single_exp_fit,parametric,trajectory,0.03651351,0.14166594,0.0960947,0.05958119,1,0,1,1.764859
broken_power_law,5000,double_exp_fit,parametric,trajectory,0.03651351,0.14166594,0.09609342,0.05957991,1,0,1,1.764897
broken_power_law,5000,rational_fit,parametric,trajectory,0.03651351,0.14166594,0.0960947,0.05958119,1,0,1,1.764859
broken_power_law,5000,log_fit,parametric,trajectory,0.03651351,0.14166594,0.0960947,0.05958119,1,0,1,1.764859
broken_power_law,5000,shanks_1,shanks,limit,0.03651351,0.14166594,0.10446393,0.06795042,1,0,1,1.547487
broken_power_law,5000,shanks_2,shanks,limit,0.03651351,0.14166594,0.0777769,0.04126339,1,0,1,2.548323
broken_power_law,5000,shanks_3,shanks,limit,0.03651351,0.14166594,0.05865601,0.0221425,1,0,1,4.748896
broken_power_law,5000,shanks_4,shanks,limit,0.03651351,0.14166594,0.05723265,0.02071914,1,0,1,5.075135
broken_power_law,5000,wynn_eps_1,wynn_eps,limit,0.03651351,0.14166594,0.10446393,0.06795042,1,0,1,1.547487
broken_power_law,5000,wynn_eps_2,wynn_eps,limit,0.03651351,0.14166594,0.08907276,0.05255925,1,0,1,2.000645
broken_power_law,5000,wynn_eps_3,wynn_eps,limit,0.03651351,0.14166594,0.08008701,0.0435735,1,0,1,2.41322
broken_power_law,5000,wynn_rho_1,wynn_rho,limit,0.03651351,0.14166594,0.06667869,0.03016517,1,0,1,3.485888
broken_power_law,5000,wynn_rho_2,wynn_rho,limit,0.03651351,0.14166594,0.0479557,0.01144218,1,0,1,9.189891
broken_power_law,5000,wynn_rho_3,wynn_rho,limit,0.03651351,0.14166594,0.03917075,0.00265723,1,0,1,39.572131
broken_power_law,5000,pade_11,pade,trajectory,0.03651351,0.14166594,0.08340945,0.04689594,1,0,1,2.24225
broken_power_law,5000,pade_12,pade,trajectory,0.03651351,0.14166594,-0.00086077,0.03737428,1,0,1,2.813497
broken_power_law,5000,pade_13,pade,trajectory,0.03651351,0.14166594,7.83e-06,0.03650568,1,0,1,2.88044
broken_power_law,5000,pade_21,pade,trajectory,0.03651351,0.14166594,7.34544992,7.30893641,1,1,0,0.014387
broken_power_law,5000,pade_22,pade,trajectory,0.03651351,0.14166594,0.08419668,0.04768317,1,0,1,2.205231
broken_power_law,5000,pade_23,pade,trajectory,0.03651351,0.14166594,-0.00186616,0.03837967,1,0,1,2.739795
broken_power_law,5000,pade_31,pade,trajectory,0.03651351,0.14166594,,,0,1,0,
broken_power_law,5000,pade_32,pade,trajectory,0.03651351,0.14166594,4.01101543,3.97450192,1,1,0,0.026457
broken_power_law,5000,levin_t1,levin,limit,0.03651351,0.14166594,0.10446393,0.06795042,1,0,1,1.547487
broken_power_law,5000,levin_t2,levin,limit,0.03651351,0.14166594,0.08896899,0.05245548,1,0,1,2.004603
broken_power_law,5000,levin_u1,levin,limit,0.03651351,0.14166594,0.00738342,0.02913009,1,0,1,3.609753
broken_power_law,5000,levin_u2,levin,limit,0.03651351,0.14166594,0.00999586,0.02651765,1,0,1,3.965375
broken_power_law,5000,levin_v1,levin,limit,0.03651351,0.14166594,0.00849134,0.02802218,1,0,1,3.752472
broken_power_law,5000,levin_v2,levin,limit,0.03651351,0.14166594,0.00999567,0.02651784,1,0,1,3.965347
broken_power_law,5000,weniger_d1,weniger,limit,0.03651351,0.14166594,-0.0,0.03651351,1,0,1,2.879822
broken_power_law,5000,weniger_d2,weniger,limit,0.03651351,0.14166594,0.0,0.03651351,1,0,1,2.879822
broken_power_law,5000,brezinski_theta1,brezinski,limit,0.03651351,0.14166594,0.10387155,0.06735803,1,0,1,1.561097
broken_power_law,5000,brezinski_theta2,brezinski,limit,0.03651351,0.14166594,0.07691458,0.04040107,1,0,1,2.602714
broken_power_law,5000,neville_2,neville,trajectory,0.03651351,0.14166594,0.07533641,0.0388229,1,0,1,2.708515
broken_power_law,5000,neville_3,neville,trajectory,0.03651351,0.14166594,0.06736646,0.03085294,1,0,1,3.408181
broken_power_law,5000,neville_4,neville,trajectory,0.03651351,0.14166594,0.06230251,0.025789,1,0,1,4.077414
broken_power_law,5000,anderson_1,anderson,limit,0.03651351,0.14166594,0.14135746,0.10484395,1,0,1,1.002942
broken_power_law,5000,anderson_2,anderson,limit,0.03651351,0.14166594,0.14104111,0.1045276,1,0,1,1.005978
broken_power_law,5000,anderson_3,anderson,limit,0.03651351,0.14166594,0.1407168,0.10420329,1,0,1,1.009109
broken_power_law,5000,median_ensemble,ensemble,trajectory,0.03651351,0.14166594,0.08342483,0.04691132,1,0,1,2.241515
broken_power_law,5000,stability_weighted,ensemble,trajectory,0.03651351,0.14166594,0.07727635,0.04076284,1,0,1,2.579615
broken_power_law,5000,best_shanks_wynn,ensemble,limit,0.03651351,0.14166594,0.10446393,0.06795042,1,0,1,1.547487
