method,family,method_type,regime,noise,future_idx,valid_rate,cat_rate,beats_rate,med_error,med_improve,stability,n_seeds
current_value,baseline,limit,single_exp,0.0,150,1.0,0.0,0.0,0.01863372770296965,1.0,1.0,30
linear,baseline,trajectory,single_exp,0.0,150,1.0,1.0,0.0,0.19290071460702507,0.09659750478856467,-1.0,30
log_linear,baseline,trajectory,single_exp,0.0,150,1.0,0.0,1.0,0.005961687869912262,3.125579216753574,1.4,30
geom_avg_diff,baseline,limit,single_exp,0.0,150,1.0,0.0,1.0,4.3194614551822497e-16,1.0,1.4,30
richardson_1,richardson,trajectory,single_exp,0.0,150,1.0,0.0,0.0,0.025637820642304215,0.7268062275239839,1.0,30
richardson_2,richardson,trajectory,single_exp,0.0,150,1.0,0.0,0.0,0.019219218329072474,0.9695361894496425,1.0,30
richardson_3,richardson,trajectory,single_exp,0.0,150,1.0,0.0,1.0,0.01583748680757477,1.176558372510056,1.4,30
richardson_a05,richardson,trajectory,single_exp,0.0,150,1.0,0.0,0.0,0.054575860856149884,0.34142801250692334,1.0,30
richardson_a10,richardson,trajectory,single_exp,0.0,150,1.0,0.0,0.0,0.027723057993284346,0.6721382506750698,1.0,30
richardson_a20,richardson,trajectory,single_exp,0.0,150,1.0,0.0,1.0,0.008646985322301877,2.1549392081088032,1.4,30
single_exp_fit,parametric,trajectory,single_exp,0.0,150,1.0,0.0,1.0,4.701100619897147e-16,1.0,1.4,30
double_exp_fit,parametric,trajectory,single_exp,0.0,150,1.0,0.0,1.0,5.204760233912253e-13,1.0,1.4,30
rational_fit,parametric,trajectory,single_exp,0.0,150,1.0,0.0,0.0,0.026702863671849777,0.6978175798655397,1.0,30
log_fit,parametric,trajectory,single_exp,0.0,150,1.0,0.0,0.0,0.0672682670924622,0.27700620973864315,1.0,30
shanks_1,shanks,limit,single_exp,0.0,150,1.0,0.0,1.0,0.0018590641325030733,10.023176380623784,1.4,30
shanks_2,shanks,limit,single_exp,0.0,150,1.0,0.0,1.0,0.0018595373967122564,10.020625417867313,1.4,30
shanks_3,shanks,limit,single_exp,0.0,150,1.0,0.0,1.0,0.0018607704050094525,10.013985418515398,1.4,30
shanks_4,shanks,limit,single_exp,0.0,150,1.0,0.0,1.0,0.001859144452757892,10.022743351291508,1.4,30
wynn_eps_1,wynn_eps,limit,single_exp,0.0,150,1.0,0.0,1.0,0.0018590641324968769,10.023176380657192,1.4,30
wynn_eps_2,wynn_eps,limit,single_exp,0.0,150,0.0,1.0,0.0,,,-2.0,30
wynn_eps_3,wynn_eps,limit,single_exp,0.0,150,0.0,1.0,0.0,,,-2.0,30
wynn_rho_1,wynn_rho,limit,single_exp,0.0,150,1.0,0.0,0.0,0.023188182668132364,0.8035872396579865,1.0,30
wynn_rho_2,wynn_rho,limit,single_exp,0.0,150,1.0,0.0,0.0,0.020340512214655715,0.9160894035669223,1.0,30
wynn_rho_3,wynn_rho,limit,single_exp,0.0,150,1.0,0.0,0.0,0.02496505691449554,0.7463923581984822,1.0,30
pade_11,pade,trajectory,single_exp,0.0,150,1.0,0.0,0.0,0.02237696881108194,0.8327190273305252,1.0,30
pade_12,pade,trajectory,single_exp,0.0,150,1.0,0.0,1.0,0.005728846898300968,3.252614013562825,1.4,30
pade_13,pade,trajectory,single_exp,0.0,150,1.0,0.0,1.0,0.003550400364307293,5.248345479652747,1.4,30
pade_21,pade,trajectory,single_exp,0.0,150,1.0,0.0,0.0,0.021036408012053393,0.8857846687653587,1.0,30
pade_22,pade,trajectory,single_exp,0.0,150,1.0,0.0,1.0,0.0028604130153875515,6.514348663192964,1.4,30
pade_23,pade,trajectory,single_exp,0.0,150,1.0,0.0,1.0,0.0003562115917535528,52.31084033857469,1.4,30
pade_31,pade,trajectory,single_exp,0.0,150,1.0,0.0,1.0,0.015016876486889085,1.2408524315451592,1.4,30
pade_32,pade,trajectory,single_exp,0.0,150,1.0,0.0,1.0,0.001534917210715801,12.139891046162617,1.4,30
levin_t1,levin,limit,single_exp,0.0,150,1.0,0.0,1.0,0.0018590641324968717,10.02317638065722,1.4,30
levin_t2,levin,limit,single_exp,0.0,150,1.0,0.0,1.0,0.0018590641324936468,10.023176380674608,1.4,30
levin_u1,levin,limit,single_exp,0.0,150,1.0,0.0,1.0,0.010293044447886087,1.8103222809648427,1.4,30
levin_u2,levin,limit,single_exp,0.0,150,1.0,0.0,1.0,0.0018590641324989967,10.023176380645763,1.4,30
levin_v1,levin,limit,single_exp,0.0,150,1.0,0.0,1.0,0.001859064132492932,10.02317638067846,1.4,30
levin_v2,levin,limit,single_exp,0.0,150,1.0,0.0,1.0,0.0018590641357024013,10.023176363374553,1.4,30
weniger_d1,weniger,limit,single_exp,0.0,150,1.0,0.0,1.0,0.011859064132499769,1.5712646035789548,1.4,30
weniger_d2,weniger,limit,single_exp,0.0,150,1.0,0.0,1.0,0.011859064132499769,1.5712646035789548,1.4,30
brezinski_theta1,brezinski,limit,single_exp,0.0,150,1.0,0.0,1.0,0.0027295219727775117,6.826736655286314,1.4,30
brezinski_theta2,brezinski,limit,single_exp,0.0,150,1.0,0.0,1.0,0.0018220903146697505,10.226566462127849,1.4,30
neville_2,neville,trajectory,single_exp,0.0,150,1.0,0.0,1.0,0.0016139014397246656,11.545765586620083,1.4,30
neville_3,neville,trajectory,single_exp,0.0,150,1.0,0.0,1.0,0.0006848423047733799,27.20878598341805,1.4,30
neville_4,neville,trajectory,single_exp,0.0,150,1.0,0.0,1.0,0.0004740474847149956,39.30772402299007,1.4,30
anderson_1,anderson,limit,single_exp,0.0,150,1.0,0.0,1.0,0.016495536534346968,1.1296224081084327,1.4,30
anderson_2,anderson,limit,single_exp,0.0,150,1.0,0.0,1.0,0.014631615474037208,1.2735249730991027,1.4,30
anderson_3,anderson,limit,single_exp,0.0,150,1.0,0.0,1.0,0.012997290586801819,1.4336624682294468,1.4,30
median_ensemble,ensemble,trajectory,single_exp,0.0,150,1.0,0.0,1.0,0.0018595373967122564,10.020625417867313,1.4,30
stability_weighted,ensemble,trajectory,single_exp,0.0,150,1.0,0.0,1.0,0.001868926406437309,9.970284350837918,1.4,30
best_shanks_wynn,ensemble,limit,single_exp,0.0,150,1.0,0.0,1.0,0.0018590641325030733,10.023176380623784,1.4,30
current_value,baseline,limit,single_exp,0.0,1000,1.0,0.0,0.0,0.02049279183546942,1.0,1.0,30
linear,baseline,trajectory,single_exp,0.0,1000,0.0,1.0,0.0,,,-2.0,30
log_linear,baseline,trajectory,single_exp,0.0,1000,1.0,0.0,1.0,0.00010942209853245267,187.2820217334035,1.4,30
geom_avg_diff,baseline,limit,single_exp,0.0,1000,1.0,0.0,1.0,5.915407053080912e-16,1.0,1.4,30
richardson_1,richardson,trajectory,single_exp,0.0,1000,1.0,0.0,1.0,0.004119150218774718,4.975004733273651,1.4,30
richardson_2,richardson,trajectory,single_exp,0.0,1000,1.0,0.0,1.0,0.006508158008091609,3.1487852338542917,1.4,30
richardson_3,richardson,trajectory,single_exp,0.0,1000,1.0,0.0,1.0,0.007444893280763621,2.7525971243159955,1.4,30
richardson_a05,richardson,trajectory,single_exp,0.0,1000,1.0,1.0,0.0,0.18576105396564851,0.11031802090904914,-1.0,30
richardson_a10,richardson,trajectory,single_exp,0.0,1000,1.0,0.0,0.0,0.08013289920843508,0.2557350606043251,1.0,30
richardson_a20,richardson,trajectory,single_exp,0.0,1000,1.0,0.0,1.0,0.00047480323222126586,43.160598843437214,1.4,30
single_exp_fit,parametric,trajectory,single_exp,0.0,1000,1.0,0.0,1.0,4.423544863740858e-16,1.0,1.4,30
double_exp_fit,parametric,trajectory,single_exp,0.0,1000,1.0,0.0,1.0,6.458323459357374e-13,1.0,1.4,30
rational_fit,parametric,trajectory,single_exp,0.0,1000,1.0,0.0,1.0,0.0041193336510926565,4.974783198256759,1.4,30
log_fit,parametric,trajectory,single_exp,0.0,1000,1.0,0.0,0.0,0.04757919560445704,0.4307090856649483,1.0,30
shanks_1,shanks,limit,single_exp,0.0,1000,1.0,0.0,1.0,3.308117668687771e-15,1.0,1.4,30
shanks_2,shanks,limit,single_exp,0.0,1000,1.0,0.0,1.0,4.732642124912617e-07,43300.95387435997,1.4,30
shanks_3,shanks,limit,single_exp,0.0,1000,1.0,0.0,1.0,1.706272509687315e-06,12010.269003996818,1.4,30
shanks_4,shanks,limit,single_exp,0.0,1000,1.0,0.0,1.0,8.032025812683419e-08,255138.52063459673,1.4,30
wynn_eps_1,wynn_eps,limit,single_exp,0.0,1000,1.0,0.0,1.0,2.888314587501384e-15,1.0,1.4,30
wynn_eps_2,wynn_eps,limit,single_exp,0.0,1000,0.0,1.0,0.0,,,-2.0,30
wynn_eps_3,wynn_eps,limit,single_exp,0.0,1000,0.0,1.0,0.0,,,-2.0,30
wynn_rho_1,wynn_rho,limit,single_exp,0.0,1000,1.0,0.0,0.0,0.021329118535632595,0.9607894391525837,1.0,30
wynn_rho_2,wynn_rho,limit,single_exp,0.0,1000,1.0,0.0,0.0,0.022199576347155484,0.9231163475826979,1.0,30
wynn_rho_3,wynn_rho,limit,single_exp,0.0,1000,1.0,0.0,0.0,0.023105992781995773,0.8869037582075866,1.0,30
pade_11,pade,trajectory,single_exp,0.0,1000,1.0,0.0,0.0,0.06828663312970326,0.3000996080235135,1.0,30
pade_12,pade,trajectory,single_exp,0.0,1000,1.0,0.0,1.0,0.011317994857456444,1.8106380232156138,1.4,30
pade_13,pade,trajectory,single_exp,0.0,1000,1.0,0.0,1.0,0.009897598115300773,2.0704813023060065,1.4,30
pade_21,pade,trajectory,single_exp,0.0,1000,1.0,1.0,0.0,1.1339546515590593,0.018071967699320384,-1.0,30
pade_22,pade,trajectory,single_exp,0.0,1000,1.0,0.0,0.0,0.05174444856028424,0.3960384622051686,1.0,30
pade_23,pade,trajectory,single_exp,0.0,1000,1.0,0.0,1.0,0.002573662180071018,7.962502613650692,1.4,30
pade_31,pade,trajectory,single_exp,0.0,1000,0.0,1.0,0.0,,,-2.0,30
pade_32,pade,trajectory,single_exp,0.0,1000,0.0,1.0,0.0,,,-2.0,30
levin_t1,levin,limit,single_exp,0.0,1000,1.0,0.0,1.0,2.8935187579293142e-15,1.0,1.4,30
levin_t2,levin,limit,single_exp,0.0,1000,1.0,0.0,1.0,6.118369699770199e-15,1.0,1.4,30
levin_u1,levin,limit,single_exp,0.0,1000,1.0,0.0,1.0,0.008433980315386322,2.429788909761137,1.4,30
levin_u2,levin,limit,single_exp,0.0,1000,1.0,0.0,1.0,7.684824998577255e-16,1.0,1.4,30
levin_v1,levin,limit,single_exp,0.0,1000,1.0,0.0,1.0,6.833075771872643e-15,1.0,1.4,30
levin_v2,levin,limit,single_exp,0.0,1000,1.0,0.0,1.0,3.2026360730075254e-12,6398726351.765934,1.4,30
weniger_d1,weniger,limit,single_exp,0.0,1000,1.0,0.0,1.0,0.010000000000000004,2.049279183546941,1.4,30
weniger_d2,weniger,limit,single_exp,0.0,1000,1.0,0.0,1.0,0.010000000000000004,2.049279183546941,1.4,30
brezinski_theta1,brezinski,limit,single_exp,0.0,1000,1.0,0.0,1.0,0.0008704578402777465,23.542543805373228,1.4,30
brezinski_theta2,brezinski,limit,single_exp,0.0,1000,1.0,0.0,1.0,3.697381783001469e-05,554.2514416467357,1.4,30
neville_2,neville,trajectory,single_exp,0.0,1000,1.0,0.0,1.0,0.0013047096190037764,15.706783744812801,1.4,30
neville_3,neville,trajectory,single_exp,0.0,1000,1.0,0.0,0.0,0.02715385387994966,0.7546918358650094,1.0,30
neville_4,neville,trajectory,single_exp,0.0,1000,1.0,0.0,0.0,0.022001128068067873,0.9314427774825041,1.0,30
anderson_1,anderson,limit,single_exp,0.0,1000,1.0,0.0,1.0,0.018354600666846736,1.116493472532193,1.4,30
anderson_2,anderson,limit,single_exp,0.0,1000,1.0,0.0,1.0,0.016490679606536975,1.2426893447948617,1.4,30
anderson_3,anderson,limit,single_exp,0.0,1000,1.0,0.0,1.0,0.014856354719301584,1.3793957012109368,1.4,30
median_ensemble,ensemble,trajectory,single_exp,0.0,1000,1.0,0.0,1.0,1.706272509687315e-06,12010.269003996818,1.4,30
stability_weighted,ensemble,trajectory,single_exp,0.0,1000,1.0,0.0,1.0,0.0006466109714746322,31.692613858274736,1.4,30
best_shanks_wynn,ensemble,limit,single_exp,0.0,1000,1.0,0.0,1.0,3.308117668687771e-15,1.0,1.4,30
current_value,baseline,limit,single_exp,0.0,5000,1.0,0.0,0.0,0.02049279183546942,1.0,1.0,30
linear,baseline,trajectory,single_exp,0.0,5000,0.0,1.0,0.0,,,-2.0,30
log_linear,baseline,trajectory,single_exp,0.0,5000,1.0,0.0,1.0,2.9250050194353644e-06,7006.070656051488,1.4,30
geom_avg_diff,baseline,limit,single_exp,0.0,5000,1.0,0.0,1.0,5.915407053080912e-16,1.0,1.4,30
richardson_1,richardson,trajectory,single_exp,0.0,5000,1.0,0.0,1.0,0.008778512839931547,2.334426366873004,1.4,30
richardson_2,richardson,trajectory,single_exp,0.0,5000,1.0,0.0,1.0,0.009453461271876979,2.167755412129656,1.4,30
richardson_3,richardson,trajectory,single_exp,0.0,5000,1.0,0.0,1.0,0.009661667397388479,2.1210409127733545,1.4,30
richardson_a05,richardson,trajectory,single_exp,0.0,5000,1.0,1.0,0.0,0.23225003800196203,0.08823590304556289,-1.0,30
richardson_a10,richardson,trajectory,single_exp,0.0,5000,1.0,0.0,0.0,0.08779439172810337,0.23341800577575603,1.0,30
richardson_a20,richardson,trajectory,single_exp,0.0,5000,1.0,0.0,1.0,0.00025314091159954477,80.95408879576094,1.4,30
single_exp_fit,parametric,trajectory,single_exp,0.0,5000,1.0,0.0,1.0,4.423544863740858e-16,1.0,1.4,30
double_exp_fit,parametric,trajectory,single_exp,0.0,5000,1.0,0.0,1.0,6.458323459357374e-13,1.0,1.4,30
rational_fit,parametric,trajectory,single_exp,0.0,5000,1.0,0.0,1.0,0.008821093628206884,2.3231577284182063,1.4,30
log_fit,parametric,trajectory,single_exp,0.0,5000,1.0,0.0,0.0,0.03671420478770714,0.5581706577594439,1.0,30
shanks_1,shanks,limit,single_exp,0.0,5000,1.0,0.0,1.0,3.3046482217358175e-15,1.0,1.4,30
shanks_2,shanks,limit,single_exp,0.0,5000,1.0,0.0,1.0,4.7326421248779227e-07,43300.953874677405,1.4,30
shanks_3,shanks,limit,single_exp,0.0,5000,1.0,0.0,1.0,1.7062725096838455e-06,12010.26900402124,1.4,30
shanks_4,shanks,limit,single_exp,0.0,5000,1.0,0.0,1.0,8.032025812336474e-08,255138.52064561748,1.4,30
wynn_eps_1,wynn_eps,limit,single_exp,0.0,5000,1.0,0.0,1.0,2.8917840344533374e-15,1.0,1.4,30
wynn_eps_2,wynn_eps,limit,single_exp,0.0,5000,0.0,1.0,0.0,,,-2.0,30
wynn_eps_3,wynn_eps,limit,single_exp,0.0,5000,0.0,1.0,0.0,,,-2.0,30
wynn_rho_1,wynn_rho,limit,single_exp,0.0,5000,1.0,0.0,0.0,0.021329118535632595,0.9607894391525837,1.0,30
wynn_rho_2,wynn_rho,limit,single_exp,0.0,5000,1.0,0.0,0.0,0.022199576347155484,0.9231163475826979,1.0,30
wynn_rho_3,wynn_rho,limit,single_exp,0.0,5000,1.0,0.0,0.0,0.023105992781995773,0.8869037582075866,1.0,30
pade_11,pade,trajectory,single_exp,0.0,5000,1.0,0.0,0.0,0.0748700304800912,0.2737115465836319,1.0,30
pade_12,pade,trajectory,single_exp,0.0,5000,1.0,0.0,1.0,0.01032111118622433,1.9855218557107797,1.4,30
pade_13,pade,trajectory,single_exp,0.0,5000,1.0,0.0,1.0,0.00999632601618749,2.050032362118296,1.4,30
pade_21,pade,trajectory,single_exp,0.0,5000,1.0,1.0,0.0,6.952355543043785,0.0029476041190059084,-1.0,30
pade_22,pade,trajectory,single_exp,0.0,5000,1.0,0.0,0.0,0.06743700699789795,0.3038805063829151,1.0,30
pade_23,pade,trajectory,single_exp,0.0,5000,1.0,0.0,1.0,0.008111698985664464,2.5263254802336292,1.4,30
pade_31,pade,trajectory,single_exp,0.0,5000,0.0,1.0,0.0,,,-2.0,30
pade_32,pade,trajectory,single_exp,0.0,5000,0.0,1.0,0.0,,,-2.0,30
levin_t1,levin,limit,single_exp,0.0,5000,1.0,0.0,1.0,2.896988204881268e-15,1.0,1.4,30
levin_t2,levin,limit,single_exp,0.0,5000,1.0,0.0,1.0,6.121839146722152e-15,1.0,1.4,30
levin_u1,levin,limit,single_exp,0.0,5000,1.0,0.0,1.0,0.008433980315386318,2.429788909761138,1.4,30
levin_u2,levin,limit,single_exp,0.0,5000,1.0,0.0,1.0,7.719519468096792e-16,1.0,1.4,30
levin_v1,levin,limit,single_exp,0.0,5000,1.0,0.0,1.0,6.836545218824597e-15,1.0,1.4,30
levin_v2,levin,limit,single_exp,0.0,5000,1.0,0.0,1.0,3.2026326035605734e-12,6398733283.576224,1.4,30
weniger_d1,weniger,limit,single_exp,0.0,5000,1.0,0.0,1.0,0.01,2.049279183546942,1.4,30
weniger_d2,weniger,limit,single_exp,0.0,5000,1.0,0.0,1.0,0.01,2.049279183546942,1.4,30
brezinski_theta1,brezinski,limit,single_exp,0.0,5000,1.0,0.0,1.0,0.000870457840277743,23.54254380537332,1.4,30
brezinski_theta2,brezinski,limit,single_exp,0.0,5000,1.0,0.0,1.0,3.697381783001816e-05,554.2514416466836,1.4,30
neville_2,neville,trajectory,single_exp,0.0,5000,1.0,0.0,1.0,0.0038808850118208296,5.280442933261409,1.4,30
neville_3,neville,trajectory,single_exp,0.0,5000,1.0,0.0,0.0,0.03627688081752206,0.5648995000025254,1.0,30
neville_4,neville,trajectory,single_exp,0.0,5000,1.0,0.0,0.0,0.02932682681530218,0.6987729004754333,1.0,30
anderson_1,anderson,limit,single_exp,0.0,5000,1.0,0.0,1.0,0.018354600666846736,1.116493472532193,1.4,30
anderson_2,anderson,limit,single_exp,0.0,5000,1.0,0.0,1.0,0.016490679606536975,1.2426893447948617,1.4,30
anderson_3,anderson,limit,single_exp,0.0,5000,1.0,0.0,1.0,0.014856354719301587,1.3793957012109366,1.4,30
median_ensemble,ensemble,trajectory,single_exp,0.0,5000,1.0,0.0,1.0,1.7062725096838455e-06,12010.26900402124,1.4,30
stability_weighted,ensemble,trajectory,single_exp,0.0,5000,1.0,0.0,1.0,0.0019577620086902083,10.467458120295024,1.4,30
best_shanks_wynn,ensemble,limit,single_exp,0.0,5000,1.0,0.0,1.0,3.3046482217358175e-15,1.0,1.4,30
current_value,baseline,limit,single_exp,0.001,150,1.0,0.0,0.0,0.01869859047375883,1.0,1.0,30
linear,baseline,trajectory,single_exp,0.001,150,1.0,1.0,0.0,0.19275938874249054,0.0969563498826606,-1.0,30
log_linear,baseline,trajectory,single_exp,0.001,150,1.0,0.0,1.0,0.005974906028012908,3.1675500888937917,1.4,30
geom_avg_diff,baseline,limit,single_exp,0.001,150,0.4667,0.5667,0.2,0.023974249552688908,0.8238125916693223,-0.5867,30
richardson_1,richardson,trajectory,single_exp,0.001,150,1.0,0.0,0.0,0.02564588130717486,0.7286864496751637,1.0,30
richardson_2,richardson,trajectory,single_exp,0.001,150,1.0,0.0,0.3333,0.01922573097737391,0.9718874531625079,1.1333,30
richardson_3,richardson,trajectory,single_exp,0.001,150,1.0,0.0,1.0,0.015843229188258555,1.1792858956388617,1.4,30
richardson_a05,richardson,trajectory,single_exp,0.001,150,1.0,0.0,0.0,0.05448784569804078,0.3429695807704701,1.0,30
richardson_a10,richardson,trajectory,single_exp,0.001,150,1.0,0.0,0.0,0.02765149706480788,0.6771041351223253,1.0,30
richardson_a20,richardson,trajectory,single_exp,0.001,150,1.0,0.0,1.0,0.00867948884787637,2.1664631057682504,1.4,30
single_exp_fit,parametric,trajectory,single_exp,0.001,150,1.0,0.0,1.0,0.00033019012708805466,55.475582904750006,1.4,30
double_exp_fit,parametric,trajectory,single_exp,0.001,150,1.0,0.0,1.0,0.0006614093556449353,31.982845674217174,1.4,30
rational_fit,parametric,trajectory,single_exp,0.001,150,1.0,0.0,0.0,0.026709382474695512,0.6994897132429225,1.0,30
log_fit,parametric,trajectory,single_exp,0.001,150,1.0,0.0,0.0,0.06728935438225322,0.2777662613241463,1.0,30
shanks_1,shanks,limit,single_exp,0.001,150,1.0,0.0,0.5667,0.0195985787816556,1.0023337480021355,1.2267,30
shanks_2,shanks,limit,single_exp,0.001,150,1.0,0.0333,0.0667,0.020837056668071077,0.9081179948655969,0.96,30
shanks_3,shanks,limit,single_exp,0.001,150,1.0,0.0,0.1333,0.021084823808872777,0.9126794754853242,1.0533,30
shanks_4,shanks,limit,single_exp,0.001,150,1.0,0.0,0.0667,0.02229168399076301,0.8587715227089602,1.0267,30
wynn_eps_1,wynn_eps,limit,single_exp,0.001,150,1.0,0.0,0.5667,0.01959857878165562,1.0023337480021346,1.2267,30
wynn_eps_2,wynn_eps,limit,single_exp,0.001,150,1.0,0.0,0.3,0.020134430553359735,0.9350751227265788,1.12,30
wynn_eps_3,wynn_eps,limit,single_exp,0.001,150,1.0,0.0,0.3333,0.020891119754674913,0.9180064363650035,1.1333,30
wynn_rho_1,wynn_rho,limit,single_exp,0.001,150,1.0,0.0,0.1667,0.019880536627438425,0.9774247674570734,1.0667,30
wynn_rho_2,wynn_rho,limit,single_exp,0.001,150,1.0,0.0,0.5,0.01972130841300889,1.00336552954264,1.2,30
wynn_rho_3,wynn_rho,limit,single_exp,0.001,150,1.0,0.0333,0.3667,0.020678161222115223,0.9524233084497944,1.08,30
pade_11,pade,trajectory,single_exp,0.001,150,1.0,0.0,0.0,0.022675031191409185,0.8190406077982477,1.0,30
pade_12,pade,trajectory,single_exp,0.001,150,1.0,0.0,1.0,0.007827479620514246,2.4471380792330306,1.4,30
pade_13,pade,trajectory,single_exp,0.001,150,1.0,0.0,1.0,0.0012569223912354734,15.070696923731528,1.4,30
pade_21,pade,trajectory,single_exp,0.001,150,1.0,0.0,0.1,0.02936344022839516,0.6454763365571483,1.04,30
pade_22,pade,trajectory,single_exp,0.001,150,1.0,0.0,0.0,0.03750232069925147,0.4828646819703395,1.0,30
pade_23,pade,trajectory,single_exp,0.001,150,1.0,0.0,1.0,0.008196999723060797,2.2184928533877235,1.4,30
pade_31,pade,trajectory,single_exp,0.001,150,0.1667,1.0,0.0,0.3893385577972169,0.04845819189165005,-1.8333,30
pade_32,pade,trajectory,single_exp,0.001,150,1.0,0.0,0.0667,0.033167527334887995,0.5687859257880987,1.0267,30
levin_t1,levin,limit,single_exp,0.001,150,1.0,0.0,0.5667,0.01959857878165562,1.0023337480021344,1.2267,30
levin_t2,levin,limit,single_exp,0.001,150,1.0,0.0,0.3333,0.019556617272291035,0.9440905703287518,1.1333,30
levin_u1,levin,limit,single_exp,0.001,150,1.0,0.0,0.5667,0.019605495025164815,1.0021822015309985,1.2267,30
levin_u2,levin,limit,single_exp,0.001,150,1.0,0.0,0.3333,0.019537764821307396,0.9440705313117475,1.1333,30
levin_v1,levin,limit,single_exp,0.001,150,1.0,0.0,0.1333,0.020780293155879474,0.918499161669172,1.0533,30
levin_v2,levin,limit,single_exp,0.001,150,1.0,0.0,0.1667,0.02132635343057373,0.8922586330476739,1.0667,30
weniger_d1,weniger,limit,single_exp,0.001,150,1.0,0.0,1.0,0.011859064132499769,1.5767340714951812,1.4,30
weniger_d2,weniger,limit,single_exp,0.001,150,1.0,0.0,1.0,0.011859064132499769,1.5767340714951812,1.4,30
brezinski_theta1,brezinski,limit,single_exp,0.001,150,1.0,0.0,0.5667,0.019043693171323373,1.0589947105807092,1.2267,30
brezinski_theta2,brezinski,limit,single_exp,0.001,150,0.9667,0.0333,0.1667,0.02291796591076395,0.8041051176817252,0.9667,30
neville_2,neville,trajectory,single_exp,0.001,150,0.6667,0.9667,0.0,1.3743823425044597,0.01483697261851151,-1.2667,30
neville_3,neville,trajectory,single_exp,0.001,150,0.5333,1.0,0.0,31.41926278641946,0.0006678310811805479,-1.4667,30
neville_4,neville,trajectory,single_exp,0.001,150,0.3667,1.0,0.0,218.99982298115276,9.204682392364346e-05,-1.6333,30
anderson_1,anderson,limit,single_exp,0.001,150,1.0,0.0,0.5667,0.019598813146347264,1.002326567350273,1.2267,30
anderson_2,anderson,limit,single_exp,0.001,150,1.0,0.0,0.5,0.019268126222951435,1.0015129631712476,1.2,30
anderson_3,anderson,limit,single_exp,0.001,150,1.0,0.0,0.3667,0.01915907624838149,0.9881917562877025,1.1467,30
median_ensemble,ensemble,trajectory,single_exp,0.001,150,1.0,0.0,0.2667,0.02002375063723747,0.9571533671632957,1.1067,30
stability_weighted,ensemble,trajectory,single_exp,0.001,150,1.0,0.0,0.3667,0.019854647003760606,0.9701844232309826,1.1467,30
best_shanks_wynn,ensemble,limit,single_exp,0.001,150,1.0,0.0,0.5667,0.0195985787816556,1.0023337480021355,1.2267,30
current_value,baseline,limit,single_exp,0.001,1000,1.0,0.0,0.0,0.020557654606258594,1.0,1.0,30
linear,baseline,trajectory,single_exp,0.001,1000,0.0,1.0,0.0,,,-2.0,30
log_linear,baseline,trajectory,single_exp,0.001,1000,1.0,0.0,1.0,0.00010986866295792114,188.80474104835903,1.4,30
geom_avg_diff,baseline,limit,single_exp,0.001,1000,0.4667,0.6,0.2,0.02583392696679503,0.8357409323567689,-0.6533,30
richardson_1,richardson,trajectory,single_exp,0.001,1000,1.0,0.0,1.0,0.004117407298043043,4.997655014576342,1.4,30
richardson_2,richardson,trajectory,single_exp,0.001,1000,1.0,0.0,1.0,0.006507149180835168,3.160942542347674,1.4,30
richardson_3,richardson,trajectory,single_exp,0.001,1000,1.0,0.0,1.0,0.007444162978894528,2.762523450523,1.4,30
richardson_a05,richardson,trajectory,single_exp,0.001,1000,1.0,1.0,0.0,0.1855841350467828,0.11068770625134175,-1.0,30
richardson_a10,richardson,trajectory,single_exp,0.001,1000,1.0,0.0,0.0,0.08004443648684328,0.2567106987665646,1.0,30
richardson_a20,richardson,trajectory,single_exp,0.001,1000,1.0,0.0,1.0,0.0005139774951290078,38.43216373963766,1.4,30
single_exp_fit,parametric,trajectory,single_exp,0.001,1000,1.0,0.0,1.0,0.0003718596612369224,54.19352173687523,1.4,30
double_exp_fit,parametric,trajectory,single_exp,0.001,1000,1.0,0.0,1.0,0.000725879216847438,31.625646337220665,1.4,30
rational_fit,parametric,trajectory,single_exp,0.001,1000,1.0,0.0,1.0,0.004118322971686104,4.996154361487083,1.4,30
log_fit,parametric,trajectory,single_exp,0.001,1000,1.0,0.0,0.0,0.047594540355314276,0.43182713243200993,1.0,30
shanks_1,shanks,limit,single_exp,0.001,1000,1.0,0.0,0.5667,0.02145764291415537,1.002124324614752,1.2267,30
shanks_2,shanks,limit,single_exp,0.001,1000,1.0,0.0333,0.0667,0.022696120800570846,0.9159530106782111,0.96,30
shanks_3,shanks,limit,single_exp,0.001,1000,1.0,0.0,0.1333,0.022943887941372546,0.9197391548283068,1.0533,30
shanks_4,shanks,limit,single_exp,0.001,1000,1.0,0.0,0.0667,0.024150748123262778,0.8695466812562205,1.0267,30
wynn_eps_1,wynn_eps,limit,single_exp,0.001,1000,1.0,0.0,0.5667,0.02145764291415539,1.002124324614751,1.2267,30
wynn_eps_2,wynn_eps,limit,single_exp,0.001,1000,1.0,0.0,0.3,0.021993494685859503,0.9405727815139253,1.12,30
wynn_eps_3,wynn_eps,limit,single_exp,0.001,1000,1.0,0.0,0.3333,0.02275018388717468,0.9248963815019182,1.1333,30
wynn_rho_1,wynn_rho,limit,single_exp,0.001,1000,1.0,0.0,0.1667,0.021739600759938194,0.9793680196314298,1.0667,30
wynn_rho_2,wynn_rho,limit,single_exp,0.001,1000,1.0,0.0,0.5,0.02158037254550866,1.0030800438231076,1.2,30
wynn_rho_3,wynn_rho,limit,single_exp,0.001,1000,1.0,0.0,0.4,0.021911617107623033,0.9678824301231742,1.16,30
pade_11,pade,trajectory,single_exp,0.001,1000,1.0,0.0,0.0,0.06919729209445974,0.2969009458670593,1.0,30
pade_12,pade,trajectory,single_exp,0.001,1000,1.0,0.0,1.0,0.012342735181040506,1.6624699928504207,1.4,30
pade_13,pade,trajectory,single_exp,0.001,1000,1.0,0.0,1.0,0.009797912129995536,2.097733563990059,1.4,30
pade_21,pade,trajectory,single_exp,0.001,1000,1.0,1.0,0.0,1.4201375953433666,0.014774514771373103,-1.0,30
pade_22,pade,trajectory,single_exp,0.001,1000,1.0,0.2,0.0,0.0971341083415755,0.20936562618914437,0.6,30
pade_23,pade,trajectory,single_exp,0.001,1000,1.0,0.0,1.0,0.012517415133594705,1.6289853412370365,1.4,30
pade_31,pade,trajectory,single_exp,0.001,1000,0.8667,1.0,0.0,176.46506879095625,0.00012648802643179297,-1.1333,30
pade_32,pade,trajectory,single_exp,0.001,1000,1.0,1.0,0.0,1.534429175319361,0.013723740825278139,-1.0,30
levin_t1,levin,limit,single_exp,0.001,1000,1.0,0.0,0.5667,0.02145764291415539,1.002124324614751,1.2267,30
levin_t2,levin,limit,single_exp,0.001,1000,1.0,0.0,0.3333,0.021415681404790804,0.9486366348232602,1.1333,30
levin_u1,levin,limit,single_exp,0.001,1000,1.0,0.0,0.5667,0.021464559157664584,1.001986390900067,1.2267,30
levin_u2,levin,limit,single_exp,0.001,1000,1.0,0.0,0.3333,0.021396828953807165,0.9486181355845775,1.1333,30
levin_v1,levin,limit,single_exp,0.001,1000,1.0,0.0,0.1333,0.022639357288379243,0.9250944519993158,1.0533,30
levin_v2,levin,limit,single_exp,0.001,1000,1.0,0.0,0.1667,0.023185417563073497,0.9014390309467206,1.0667,30
weniger_d1,weniger,limit,single_exp,0.001,1000,1.0,0.0,1.0,0.010000000000000004,2.0557654606258584,1.4,30
weniger_d2,weniger,limit,single_exp,0.001,1000,1.0,0.0,1.0,0.010000000000000004,2.0557654606258584,1.4,30
brezinski_theta1,brezinski,limit,single_exp,0.001,1000,1.0,0.0,0.5667,0.020902757303823138,1.0535406346065521,1.2267,30
brezinski_theta2,brezinski,limit,single_exp,0.001,1000,0.9667,0.0333,0.1667,0.024777030043263717,0.81920740947255,0.9667,30
neville_2,neville,trajectory,single_exp,0.001,1000,0.5667,1.0,0.0,7.1801359447778195,0.003018965633825314,-1.4333,30
neville_3,neville,trajectory,single_exp,0.001,1000,0.3667,1.0,0.0,230.69958849820236,9.359459112442942e-05,-1.6333,30
neville_4,neville,trajectory,single_exp,0.001,1000,0.0,1.0,0.0,,,-2.0,30
anderson_1,anderson,limit,single_exp,0.001,1000,1.0,0.0,0.5667,0.021457877278847032,1.002117790826912,1.2267,30
anderson_2,anderson,limit,single_exp,0.001,1000,1.0,0.0,0.5,0.021127190355451204,1.001371042085926,1.2,30
anderson_3,anderson,limit,single_exp,0.001,1000,1.0,0.0,0.3667,0.021018140380881258,0.9892908659894807,1.1467,30
median_ensemble,ensemble,trajectory,single_exp,0.001,1000,1.0,0.0,0.7,0.0204226501538729,1.009105301691776,1.28,30
stability_weighted,ensemble,trajectory,single_exp,0.001,1000,1.0,0.0,0.6667,0.020163626047988024,1.040786379610785,1.2667,30
best_shanks_wynn,ensemble,limit,single_exp,0.001,1000,1.0,0.0,0.5667,0.02145764291415537,1.002124324614752,1.2267,30
current_value,baseline,limit,single_exp,0.001,5000,1.0,0.0,0.0,0.020557654606258597,1.0,1.0,30
linear,baseline,trajectory,single_exp,0.001,5000,0.0,1.0,0.0,,,-2.0,30
log_linear,baseline,trajectory,single_exp,0.001,5000,1.0,0.0,1.0,2.943511913273099e-06,7083.179481077589,1.4,30
geom_avg_diff,baseline,limit,single_exp,0.001,5000,0.4667,0.6,0.2,0.02583392696679503,0.8357409323567689,-0.6533,30
richardson_1,richardson,trajectory,single_exp,0.001,5000,1.0,0.0,1.0,0.00877806646371603,2.34233366082129,1.4,30
richardson_2,richardson,trajectory,single_exp,0.001,5000,1.0,0.0,1.0,0.00945326657564197,2.174814800072461,1.4,30
richardson_3,richardson,trajectory,single_exp,0.001,5000,1.0,0.0,1.0,0.009661548164690538,2.1278712145483336,1.4,30
richardson_a05,richardson,trajectory,single_exp,0.001,5000,1.0,1.0,0.0,0.23204891102708514,0.08852544761273018,-1.0,30
richardson_a10,richardson,trajectory,single_exp,0.001,5000,1.0,0.0,0.0,0.0877019473651394,0.23429183440972257,1.0,30
richardson_a20,richardson,trajectory,single_exp,0.001,5000,1.0,0.0,1.0,0.00030430632810822533,66.49494875886097,1.4,30
single_exp_fit,parametric,trajectory,single_exp,0.001,5000,1.0,0.0,1.0,0.0003718596612369233,54.19352173687512,1.4,30
double_exp_fit,parametric,trajectory,single_exp,0.001,5000,1.0,0.0,1.0,0.0007258792168474398,31.62564633722058,1.4,30
rational_fit,parametric,trajectory,single_exp,0.001,5000,1.0,0.0,1.0,0.008820890537922343,2.330748924172168,1.4,30
log_fit,parametric,trajectory,single_exp,0.001,5000,1.0,0.0,0.0,0.0367266540382817,0.559644458966835,1.0,30
shanks_1,shanks,limit,single_exp,0.001,5000,1.0,0.0,0.5667,0.02145764291415537,1.0021243246147518,1.2267,30
shanks_2,shanks,limit,single_exp,0.001,5000,1.0,0.0333,0.0667,0.022696120800570846,0.9159530106782111,0.96,30
shanks_3,shanks,limit,single_exp,0.001,5000,1.0,0.0,0.1333,0.022943887941372546,0.9197391548283068,1.0533,30
shanks_4,shanks,limit,single_exp,0.001,5000,1.0,0.0,0.0667,0.024150748123262778,0.8695466812562205,1.0267,30
wynn_eps_1,wynn_eps,limit,single_exp,0.001,5000,1.0,0.0,0.5667,0.02145764291415539,1.0021243246147509,1.2267,30
wynn_eps_2,wynn_eps,limit,single_exp,0.001,5000,1.0,0.0,0.3,0.021993494685859503,0.9405727815139253,1.12,30
wynn_eps_3,wynn_eps,limit,single_exp,0.001,5000,1.0,0.0,0.3333,0.02275018388717468,0.9248963815019182,1.1333,30
wynn_rho_1,wynn_rho,limit,single_exp,0.001,5000,1.0,0.0,0.1667,0.021739600759938194,0.9793680196314298,1.0667,30
wynn_rho_2,wynn_rho,limit,single_exp,0.001,5000,1.0,0.0,0.5,0.02158037254550866,1.0030800438231076,1.2,30
wynn_rho_3,wynn_rho,limit,single_exp,0.001,5000,1.0,0.0,0.4,0.021911617107623033,0.9678824301231742,1.16,30
pade_11,pade,trajectory,single_exp,0.001,5000,1.0,0.0,0.0,0.07588388016202557,0.27085420126658877,1.0,30
pade_12,pade,trajectory,single_exp,0.001,5000,1.0,0.0,1.0,0.010552021791370592,1.946715694329896,1.4,30
pade_13,pade,trajectory,single_exp,0.001,5000,1.0,0.0,1.0,0.009992127435083287,2.0573558161747094,1.4,30
pade_21,pade,trajectory,single_exp,0.001,5000,1.0,1.0,0.0,8.675388222720022,0.002417253602643946,-1.0,30
pade_22,pade,trajectory,single_exp,0.001,5000,1.0,0.7667,0.0,0.10603372182679299,0.192178480949251,-0.5333,30
pade_23,pade,trajectory,single_exp,0.001,5000,1.0,0.0,1.0,0.010590074607072047,1.948168311453205,1.4,30
pade_31,pade,trajectory,single_exp,0.001,5000,0.0,1.0,0.0,,,-2.0,30
pade_32,pade,trajectory,single_exp,0.001,5000,1.0,1.0,0.0,9.359373977340942,0.0022543918149153237,-1.0,30
levin_t1,levin,limit,single_exp,0.001,5000,1.0,0.0,0.5667,0.02145764291415539,1.0021243246147509,1.2267,30
levin_t2,levin,limit,single_exp,0.001,5000,1.0,0.0,0.3333,0.021415681404790804,0.9486366348232602,1.1333,30
levin_u1,levin,limit,single_exp,0.001,5000,1.0,0.0,0.5667,0.021464559157664584,1.001986390900067,1.2267,30
levin_u2,levin,limit,single_exp,0.001,5000,1.0,0.0,0.3333,0.021396828953807165,0.9486181355845775,1.1333,30
levin_v1,levin,limit,single_exp,0.001,5000,1.0,0.0,0.1333,0.022639357288379243,0.9250944519993158,1.0533,30
levin_v2,levin,limit,single_exp,0.001,5000,1.0,0.0,0.1667,0.023185417563073497,0.9014390309467211,1.0667,30
weniger_d1,weniger,limit,single_exp,0.001,5000,1.0,0.0,1.0,0.01,2.0557654606258597,1.4,30
weniger_d2,weniger,limit,single_exp,0.001,5000,1.0,0.0,1.0,0.01,2.0557654606258597,1.4,30
brezinski_theta1,brezinski,limit,single_exp,0.001,5000,1.0,0.0,0.5667,0.02090275730382314,1.053540634606552,1.2267,30
brezinski_theta2,brezinski,limit,single_exp,0.001,5000,0.9667,0.0333,0.1667,0.024777030043263717,0.81920740947255,0.9667,30
neville_2,neville,trajectory,single_exp,0.001,5000,0.5667,1.0,0.0,8.344477389632315,0.002598000283400474,-1.4333,30
neville_3,neville,trajectory,single_exp,0.001,5000,0.2667,1.0,0.0,233.57787961391108,9.244691430766518e-05,-1.7333,30
neville_4,neville,trajectory,single_exp,0.001,5000,0.0,1.0,0.0,,,-2.0,30
anderson_1,anderson,limit,single_exp,0.001,5000,1.0,0.0,0.5667,0.021457877278847032,1.002117790826912,1.2267,30
anderson_2,anderson,limit,single_exp,0.001,5000,1.0,0.0,0.5,0.021127190355451204,1.001371042085926,1.2,30
anderson_3,anderson,limit,single_exp,0.001,5000,1.0,0.0,0.3667,0.021018140380881258,0.9892908659894807,1.1467,30
median_ensemble,ensemble,trajectory,single_exp,0.001,5000,1.0,0.0,0.7,0.0204226501538729,1.009105301691776,1.28,30
stability_weighted,ensemble,trajectory,single_exp,0.001,5000,1.0,0.0,0.9,0.016524222153809803,1.2678778271115052,1.36,30
best_shanks_wynn,ensemble,limit,single_exp,0.001,5000,1.0,0.0,0.5667,0.02145764291415537,1.0021243246147518,1.2267,30
current_value,baseline,limit,single_exp,0.005,150,1.0,0.0,0.0,0.017061699872782325,1.0,1.0,30
linear,baseline,trajectory,single_exp,0.005,150,1.0,1.0,0.0,0.19404220140785505,0.08803660676349716,-1.0,30
log_linear,baseline,trajectory,single_exp,0.005,150,1.0,0.0,1.0,0.005617494804328547,3.0465321170877213,1.4,30
geom_avg_diff,baseline,limit,single_exp,0.005,150,0.6,0.5,0.2,0.026078819114525986,0.7108759196112933,-0.32,30
richardson_1,richardson,trajectory,single_exp,0.005,150,1.0,0.0,0.0333,0.025517707961248966,0.6672732611404601,1.0133,30
richardson_2,richardson,trajectory,single_exp,0.005,150,1.0,0.0,0.3,0.01913692167640601,0.8905012765416005,1.12,30
richardson_3,richardson,trajectory,single_exp,0.005,150,1.0,0.0,0.7,0.015772827892101198,1.0810710036695501,1.28,30
richardson_a05,richardson,trajectory,single_exp,0.005,150,1.0,0.0667,0.0,0.05500752202181385,0.31095127890124463,0.8667,30
richardson_a10,richardson,trajectory,single_exp,0.005,150,1.0,0.0,0.0,0.02810496852252959,0.6197307965200082,1.0,30
richardson_a20,richardson,trajectory,single_exp,0.005,150,1.0,0.0,1.0,0.008331396290748904,2.0707055744106144,1.4,30
single_exp_fit,parametric,trajectory,single_exp,0.005,150,1.0,0.0,1.0,0.0017764382496170076,9.398837270666329,1.4,30
double_exp_fit,parametric,trajectory,single_exp,0.005,150,1.0,0.0,1.0,0.0033206826857952385,5.682662748742571,1.4,30
rational_fit,parametric,trajectory,single_exp,0.005,150,1.0,0.0,0.0333,0.026619737807849136,0.6397155227522411,1.0133,30
log_fit,parametric,trajectory,single_exp,0.005,150,1.0,0.2,0.0,0.06703754134588402,0.2538529594890302,0.6,30
shanks_1,shanks,limit,single_exp,0.005,150,1.0,0.0,0.5667,0.017280415473460212,1.0027590407114875,1.2267,30
shanks_2,shanks,limit,single_exp,0.005,150,1.0,0.0,0.1333,0.020930150791974293,0.8094925786287168,1.0533,30
shanks_3,shanks,limit,single_exp,0.005,150,1.0,0.0,0.2667,0.0207004259412677,0.8257563585145707,1.1067,30
shanks_4,shanks,limit,single_exp,0.005,150,1.0,0.0,0.2,0.021728107485388795,0.8254446992750126,1.08,30
wynn_eps_1,wynn_eps,limit,single_exp,0.005,150,1.0,0.0,0.5667,0.01728041547346018,1.0027590407114872,1.2267,30
wynn_eps_2,wynn_eps,limit,single_exp,0.005,150,1.0,0.0333,0.2667,0.020919270266250997,0.8420893453488973,1.04,30
wynn_eps_3,wynn_eps,limit,single_exp,0.005,150,1.0,0.0,0.2667,0.02099712034578768,0.8080832869327226,1.1067,30
wynn_rho_1,wynn_rho,limit,single_exp,0.005,150,1.0,0.0,0.3667,0.017892506262738833,0.9555717056534728,1.1467,30
wynn_rho_2,wynn_rho,limit,single_exp,0.005,150,1.0,0.1,0.3667,0.020099652643505772,0.9342841181008821,0.9467,30
wynn_rho_3,wynn_rho,limit,single_exp,0.005,150,1.0,0.0,0.3,0.020041515396190528,0.8656287997031071,1.12,30
pade_11,pade,trajectory,single_exp,0.005,150,1.0,0.0,0.0,0.03227610736752818,0.5249122907533826,1.0,30
pade_12,pade,trajectory,single_exp,0.005,150,1.0,0.1333,0.0,0.035145586258996324,0.4660847552616225,0.7333,30
pade_13,pade,trajectory,single_exp,0.005,150,1.0,0.0,1.0,0.0016103506251361954,10.624349030670379,1.4,30
pade_21,pade,trajectory,single_exp,0.005,150,0.9333,1.0,0.0,0.575622197524035,0.03238412253795854,-1.0667,30
pade_22,pade,trajectory,single_exp,0.005,150,1.0,0.0,0.0,0.034296781088955626,0.5166740232082786,1.0,30
pade_23,pade,trajectory,single_exp,0.005,150,0.9667,0.5667,0.0,0.09124865928813548,0.18508378540121467,-0.1667,30
pade_31,pade,trajectory,single_exp,0.005,150,1.0,1.0,0.0,0.3265660552664518,0.05429384378644882,-1.0,30
pade_32,pade,trajectory,single_exp,0.005,150,1.0,1.0,0.0,0.223437001174425,0.07192600437300632,-1.0,30
levin_t1,levin,limit,single_exp,0.005,150,1.0,0.0,0.5667,0.017280415473460178,1.0027590407114872,1.2267,30
levin_t2,levin,limit,single_exp,0.005,150,0.9667,0.0667,0.4333,0.017417311597917644,0.9509464556307334,1.0067,30
levin_u1,levin,limit,single_exp,0.005,150,1.0,0.0,0.5667,0.017277163500657902,1.0030055319218563,1.2267,30
levin_u2,levin,limit,single_exp,0.005,150,1.0,0.0667,0.4333,0.017441937086512205,0.9485576769352565,1.04,30
levin_v1,levin,limit,single_exp,0.005,150,1.0,0.0667,0.3,0.019673468683198175,0.807919994169756,0.9867,30
levin_v2,levin,limit,single_exp,0.005,150,1.0,0.0,0.3333,0.020145178741441436,0.84075856597261,1.1333,30
weniger_d1,weniger,limit,single_exp,0.005,150,1.0,0.0,0.8667,0.011859064132499769,1.4387054224645546,1.3467,30
weniger_d2,weniger,limit,single_exp,0.005,150,1.0,0.0,0.8667,0.011859064132499769,1.4387054224645546,1.3467,30
brezinski_theta1,brezinski,limit,single_exp,0.005,150,1.0,0.0,0.5333,0.014875806423430674,1.2463155716816527,1.2133,30
brezinski_theta2,brezinski,limit,single_exp,0.005,150,1.0,0.0333,0.3,0.025652222835798478,0.6404109087323266,1.0533,30
neville_2,neville,trajectory,single_exp,0.005,150,0.5667,1.0,0.0,5.58364589527355,0.002872455956271048,-1.4333,30
neville_3,neville,trajectory,single_exp,0.005,150,0.6,1.0,0.0,117.80235002086943,0.0001470434919645847,-1.4,30
neville_4,neville,trajectory,single_exp,0.005,150,0.1,1.0,0.0,211.5170885371209,0.00010950278159107926,-1.9,30
anderson_1,anderson,limit,single_exp,0.005,150,1.0,0.0,0.5667,0.01727959358761704,1.0027581756082502,1.2267,30
anderson_2,anderson,limit,single_exp,0.005,150,1.0,0.0,0.4667,0.01716771991570075,0.9973371224153752,1.1867,30
anderson_3,anderson,limit,single_exp,0.005,150,1.0,0.0,0.4,0.017549309409403722,0.9837908676971645,1.16,30
median_ensemble,ensemble,trajectory,single_exp,0.005,150,1.0,0.0,0.2,0.020725322296332702,0.800952284741543,1.08,30
stability_weighted,ensemble,trajectory,single_exp,0.005,150,1.0,0.0,0.3,0.019196262584078246,0.8743704257813525,1.12,30
best_shanks_wynn,ensemble,limit,single_exp,0.005,150,1.0,0.0,0.5667,0.017280415473460212,1.0027590407114875,1.2267,30
current_value,baseline,limit,single_exp,0.005,1000,1.0,0.0,0.0,0.018920764005282087,1.0,1.0,30
linear,baseline,trajectory,single_exp,0.005,1000,0.0,1.0,0.0,,,-2.0,30
log_linear,baseline,trajectory,single_exp,0.005,1000,1.0,0.0,1.0,9.71560148662334e-05,190.1422333864866,1.4,30
geom_avg_diff,baseline,limit,single_exp,0.005,1000,0.6,0.4667,0.2,0.027938010779757206,0.7521762521199287,-0.2533,30
richardson_1,richardson,trajectory,single_exp,0.005,1000,1.0,0.0,1.0,0.004145104809318666,4.538315996289486,1.4,30
richardson_2,richardson,trajectory,single_exp,0.005,1000,1.0,0.0,1.0,0.006520898930916353,2.8937617511403078,1.4,30
richardson_3,richardson,trajectory,single_exp,0.005,1000,1.0,0.0,1.0,0.007453112930614532,2.53523181544122,1.4,30
richardson_a05,richardson,trajectory,single_exp,0.005,1000,1.0,1.0,0.0,0.18661971716764258,0.10176046261976165,-1.0,30
richardson_a10,richardson,trajectory,single_exp,0.005,1000,1.0,0.2667,0.0,0.08067768302348433,0.23570370961949133,0.4667,30
richardson_a20,richardson,trajectory,single_exp,0.005,1000,1.0,0.0,1.0,0.000636961109934448,27.595608529776673,1.4,30
single_exp_fit,parametric,trajectory,single_exp,0.005,1000,1.0,0.0,1.0,0.00207303516263818,9.364952215091222,1.4,30
double_exp_fit,parametric,trajectory,single_exp,0.005,1000,1.0,0.0,1.0,0.004204255028902415,4.968133056800603,1.4,30
rational_fit,parametric,trajectory,single_exp,0.005,1000,1.0,0.0,1.0,0.0041322210377731355,4.556655131149174,1.4,30
log_fit,parametric,trajectory,single_exp,0.005,1000,1.0,0.0,0.0,0.04741130162032355,0.39821033242479026,1.0,30
shanks_1,shanks,limit,single_exp,0.005,1000,1.0,0.0,0.5667,0.019139479605959974,1.0025114183997474,1.2267,30
shanks_2,shanks,limit,single_exp,0.005,1000,1.0,0.0,0.1333,0.022789214924474062,0.8265260299545589,1.0533,30
shanks_3,shanks,limit,single_exp,0.005,1000,1.0,0.0,0.2667,0.022477320456818103,0.8660990800186451,1.1067,30
shanks_4,shanks,limit,single_exp,0.005,1000,1.0,0.0,0.2,0.023587171617888564,0.8389169392046455,1.08,30
wynn_eps_1,wynn_eps,limit,single_exp,0.005,1000,1.0,0.0,0.5667,0.019139479605959946,1.0025114183997474,1.2267,30
wynn_eps_2,wynn_eps,limit,single_exp,0.005,1000,1.0,0.0,0.2667,0.022778334398750766,0.8561677428049936,1.1067,30
wynn_eps_3,wynn_eps,limit,single_exp,0.005,1000,1.0,0.0,0.2667,0.02285618447828745,0.8261427550430342,1.1067,30
wynn_rho_1,wynn_rho,limit,single_exp,0.005,1000,1.0,0.0,0.3667,0.019751570395238602,0.9592363637328807,1.1467,30
wynn_rho_2,wynn_rho,limit,single_exp,0.005,1000,1.0,0.1,0.4,0.02164714520210728,0.9403837576129218,0.96,30
wynn_rho_3,wynn_rho,limit,single_exp,0.005,1000,1.0,0.0,0.3667,0.02168013323724489,0.9401856086983328,1.1467,30
pade_11,pade,trajectory,single_exp,0.005,1000,1.0,0.4667,0.0,0.09107098693249452,0.20610716925576122,0.0667,30
pade_12,pade,trajectory,single_exp,0.005,1000,1.0,0.0,1.0,0.004457343940105881,4.2446191329217555,1.4,30
pade_13,pade,trajectory,single_exp,0.005,1000,1.0,0.0,1.0,0.00980940555276143,1.9294544250129504,1.4,30
pade_21,pade,trajectory,single_exp,0.005,1000,0.0667,1.0,0.0,39.24770844891281,0.00040618002428481235,-1.9333,30
pade_22,pade,trajectory,single_exp,0.005,1000,1.0,0.4667,0.0,0.09528378920415828,0.20480444992538344,0.0667,30
pade_23,pade,trajectory,single_exp,0.005,1000,1.0,0.0,0.9667,0.003467076366018911,5.735414053947036,1.3867,30
pade_31,pade,trajectory,single_exp,0.005,1000,1.0,1.0,0.0,57.96142671819281,0.0003322544658679561,-1.0,30
pade_32,pade,trajectory,single_exp,0.005,1000,0.7667,1.0,0.0,11.918311987080012,0.0017177081078794513,-1.2333,30
levin_t1,levin,limit,single_exp,0.005,1000,1.0,0.0,0.5667,0.019139479605959946,1.0025114183997474,1.2267,30
levin_t2,levin,limit,single_exp,0.005,1000,0.9667,0.0667,0.4333,0.019276375730417412,0.9548577188833233,1.0067,30
levin_u1,levin,limit,single_exp,0.005,1000,1.0,0.0,0.5667,0.019136227633157667,1.0027364933713523,1.2267,30
levin_u2,levin,limit,single_exp,0.005,1000,1.0,0.0667,0.4333,0.019301001219011973,0.9530418710702535,1.04,30
levin_v1,levin,limit,single_exp,0.005,1000,1.0,0.0667,0.3,0.021532532815697943,0.8232183174602508,0.9867,30
levin_v2,levin,limit,single_exp,0.005,1000,1.0,0.0,0.3333,0.022004242873941204,0.8537407826267199,1.1333,30
weniger_d1,weniger,limit,single_exp,0.005,1000,1.0,0.0,1.0,0.010000000000000004,1.892076400528208,1.4,30
weniger_d2,weniger,limit,single_exp,0.005,1000,1.0,0.0,1.0,0.010000000000000004,1.892076400528208,1.4,30
brezinski_theta1,brezinski,limit,single_exp,0.005,1000,1.0,0.0,0.5333,0.01673487055593044,1.2213738709016606,1.2133,30
brezinski_theta2,brezinski,limit,single_exp,0.005,1000,1.0,0.0333,0.3,0.02703186881210502,0.6641455365667744,1.0533,30
neville_2,neville,trajectory,single_exp,0.005,1000,0.5667,1.0,0.0,28.24989365728293,0.0006335542802113355,-1.4333,30
neville_3,neville,trajectory,single_exp,0.005,1000,0.1,1.0,0.0,170.7249290770793,0.00014655606428786187,-1.9,30
neville_4,neville,trajectory,single_exp,0.005,1000,0.0,1.0,0.0,,,-2.0,30
anderson_1,anderson,limit,single_exp,0.005,1000,1.0,0.0,0.5667,0.01913865772011681,1.0025106340857342,1.2267,30
anderson_2,anderson,limit,single_exp,0.005,1000,1.0,0.0,0.4667,0.019026784048200518,0.9976151479456867,1.1867,30
anderson_3,anderson,limit,single_exp,0.005,1000,1.0,0.0,0.4,0.01940837354190349,0.9853609213429547,1.16,30
median_ensemble,ensemble,trajectory,single_exp,0.005,1000,1.0,0.0,0.6333,0.018092077505396553,1.0205411777517472,1.2533,30
stability_weighted,ensemble,trajectory,single_exp,0.005,1000,1.0,0.0,0.4,0.019848236948940376,0.9464493166957685,1.16,30
best_shanks_wynn,ensemble,limit,single_exp,0.005,1000,1.0,0.0,0.5667,0.019139479605959974,1.0025114183997474,1.2267,30
current_value,baseline,limit,single_exp,0.005,5000,1.0,0.0,0.0,0.018920764005282094,1.0,1.0,30
linear,baseline,trajectory,single_exp,0.005,5000,0.0,1.0,0.0,,,-2.0,30
log_linear,baseline,trajectory,single_exp,0.005,5000,1.0,0.0,1.0,2.442887682003493e-06,7650.454637054691,1.4,30
geom_avg_diff,baseline,limit,single_exp,0.005,5000,0.6,0.4667,0.2,0.027938010779757206,0.7521762521199287,-0.2533,30
richardson_1,richardson,trajectory,single_exp,0.005,5000,1.0,0.0,1.0,0.008785156369367346,2.154603365740291,1.4,30
richardson_2,richardson,trajectory,single_exp,0.005,5000,1.0,0.0,1.0,0.009455919028816295,2.0015628938609793,1.4,30
richardson_3,richardson,trajectory,single_exp,0.005,5000,1.0,0.0,1.0,0.009663008858491244,1.9583747077781357,1.4,30
richardson_a05,richardson,trajectory,single_exp,0.005,5000,1.0,1.0,0.0,0.23317376610012236,0.08142469992301113,-1.0,30
richardson_a10,richardson,trajectory,single_exp,0.005,5000,1.0,0.3,0.0,0.08836640894244366,0.2152050299632028,0.4,30
richardson_a20,richardson,trajectory,single_exp,0.005,5000,1.0,0.0,1.0,0.0005599248820488678,33.197730330519455,1.4,30
single_exp_fit,parametric,trajectory,single_exp,0.005,5000,1.0,0.0,1.0,0.0020730351626381833,9.364952215091206,1.4,30
double_exp_fit,parametric,trajectory,single_exp,0.005,5000,1.0,0.0,1.0,0.004204255028902455,4.968133056800589,1.4,30
rational_fit,parametric,trajectory,single_exp,0.005,5000,1.0,0.0,1.0,0.008823683260857237,2.1450630121779692,1.4,30
log_fit,parametric,trajectory,single_exp,0.005,5000,1.0,0.0,0.0,0.036577991805307845,0.5161816959212895,1.0,30
shanks_1,shanks,limit,single_exp,0.005,5000,1.0,0.0,0.5667,0.01913947960595998,1.0025114183997474,1.2267,30
shanks_2,shanks,limit,single_exp,0.005,5000,1.0,0.0,0.1333,0.022789214924474062,0.8265260299545589,1.0533,30
shanks_3,shanks,limit,single_exp,0.005,5000,1.0,0.0,0.2667,0.022477320456818103,0.8660990800186452,1.1067,30
shanks_4,shanks,limit,single_exp,0.005,5000,1.0,0.0,0.2,0.023587171617888564,0.8389169392046455,1.08,30
wynn_eps_1,wynn_eps,limit,single_exp,0.005,5000,1.0,0.0,0.5667,0.01913947960595995,1.0025114183997474,1.2267,30
wynn_eps_2,wynn_eps,limit,single_exp,0.005,5000,1.0,0.0,0.2667,0.022778334398750766,0.8561677428049937,1.1067,30
wynn_eps_3,wynn_eps,limit,single_exp,0.005,5000,1.0,0.0,0.2667,0.02285618447828745,0.8261427550430341,1.1067,30
wynn_rho_1,wynn_rho,limit,single_exp,0.005,5000,1.0,0.0,0.3667,0.019751570395238602,0.9592363637328809,1.1467,30
wynn_rho_2,wynn_rho,limit,single_exp,0.005,5000,1.0,0.1,0.4,0.021647145202107275,0.9403837576129217,0.96,30
wynn_rho_3,wynn_rho,limit,single_exp,0.005,5000,1.0,0.0,0.3667,0.02168013323724489,0.9401856086983329,1.1467,30
pade_11,pade,trajectory,single_exp,0.005,5000,1.0,0.6333,0.0,0.09984739716383789,0.18770617715654356,-0.2667,30
pade_12,pade,trajectory,single_exp,0.005,5000,1.0,0.0,1.0,0.008910495605116173,2.1516253667238603,1.4,30
pade_13,pade,trajectory,single_exp,0.005,5000,1.0,0.0,1.0,0.00999258480191332,1.893501678729817,1.4,30
pade_21,pade,trajectory,single_exp,0.005,5000,0.0,1.0,0.0,,,-2.0,30
pade_22,pade,trajectory,single_exp,0.005,5000,1.0,0.6,0.0,0.1041711750312459,0.18694029680651664,-0.2,30
pade_23,pade,trajectory,single_exp,0.005,5000,1.0,0.0,1.0,0.008258617139593319,2.53170958955996,1.4,30
pade_31,pade,trajectory,single_exp,0.005,5000,0.0,1.0,0.0,,,-2.0,30
pade_32,pade,trajectory,single_exp,0.005,5000,0.6333,1.0,0.0,63.78753555053791,0.00027462163559502394,-1.3667,30
levin_t1,levin,limit,single_exp,0.005,5000,1.0,0.0,0.5667,0.019139479605959946,1.0025114183997474,1.2267,30
levin_t2,levin,limit,single_exp,0.005,5000,0.9667,0.0667,0.4333,0.019276375730417412,0.9548577188833233,1.0067,30
levin_u1,levin,limit,single_exp,0.005,5000,1.0,0.0,0.5667,0.01913622763315767,1.0027364933713527,1.2267,30
levin_u2,levin,limit,single_exp,0.005,5000,1.0,0.0667,0.4333,0.019301001219011973,0.9530418710702533,1.04,30
levin_v1,levin,limit,single_exp,0.005,5000,1.0,0.0667,0.3,0.021532532815697943,0.8232183174602508,0.9867,30
levin_v2,levin,limit,single_exp,0.005,5000,1.0,0.0,0.3333,0.022004242873941204,0.85374078262672,1.1333,30
weniger_d1,weniger,limit,single_exp,0.005,5000,1.0,0.0,1.0,0.01,1.8920764005282094,1.4,30
weniger_d2,weniger,limit,single_exp,0.005,5000,1.0,0.0,1.0,0.01,1.8920764005282094,1.4,30
brezinski_theta1,brezinski,limit,single_exp,0.005,5000,1.0,0.0,0.5333,0.016734870555930443,1.2213738709016604,1.2133,30
brezinski_theta2,brezinski,limit,single_exp,0.005,5000,1.0,0.0333,0.3,0.02703186881210502,0.6641455365667746,1.0533,30
neville_2,neville,trajectory,single_exp,0.005,5000,0.5667,1.0,0.0,32.855011962397384,0.000544752230270705,-1.4333,30
neville_3,neville,trajectory,single_exp,0.005,5000,0.0667,1.0,0.0,159.81243283870285,0.0001520038808768923,-1.9333,30
neville_4,neville,trajectory,single_exp,0.005,5000,0.0,1.0,0.0,,,-2.0,30
anderson_1,anderson,limit,single_exp,0.005,5000,1.0,0.0,0.5667,0.01913865772011681,1.0025106340857342,1.2267,30
anderson_2,anderson,limit,single_exp,0.005,5000,1.0,0.0,0.4667,0.019026784048200518,0.9976151479456867,1.1867,30
anderson_3,anderson,limit,single_exp,0.005,5000,1.0,0.0,0.4,0.01940837354190349,0.9853609213429545,1.16,30
median_ensemble,ensemble,trajectory,single_exp,0.005,5000,1.0,0.0,0.6333,0.018092077505396556,1.0205411777517475,1.2533,30
stability_weighted,ensemble,trajectory,single_exp,0.005,5000,1.0,0.0,0.7333,0.01706844476104115,1.120803002671257,1.2933,30
best_shanks_wynn,ensemble,limit,single_exp,0.005,5000,1.0,0.0,0.5667,0.01913947960595998,1.0025114183997474,1.2267,30
current_value,baseline,limit,two_exp,0.0,150,1.0,0.0,0.0,0.0653469358694066,1.0,1.0,30
linear,baseline,trajectory,two_exp,0.0,150,1.0,0.0,0.0,0.13781122386799502,0.47417716812384125,1.0,30
log_linear,baseline,trajectory,two_exp,0.0,150,1.0,0.0,1.0,0.030292457773484563,2.1572015172240575,1.4,30
geom_avg_diff,baseline,limit,two_exp,0.0,150,1.0,0.0,1.0,1.0236356102394373e-05,6383.808380222468,1.4,30
richardson_1,richardson,trajectory,two_exp,0.0,150,1.0,0.0,1.0,0.0400737398417408,1.6306672680781653,1.4,30
richardson_2,richardson,trajectory,two_exp,0.0,150,1.0,0.0,1.0,0.032788387130133725,1.9929902501776422,1.4,30
richardson_3,richardson,trajectory,two_exp,0.0,150,1.0,0.0,1.0,0.032788005657371444,1.9930134376658926,1.4,30
richardson_a05,richardson,trajectory,two_exp,0.0,150,1.0,0.0,1.0,0.008047009748044287,8.12064827997608,1.4,30
richardson_a10,richardson,trajectory,two_exp,0.0,150,1.0,0.0,1.0,0.035786815474506045,1.8260058907996077,1.4,30
richardson_a20,richardson,trajectory,two_exp,0.0,150,1.0,0.0,0.0,0.07286963764323254,0.8967649350658659,1.0,30
single_exp_fit,parametric,trajectory,two_exp,0.0,150,1.0,0.0,1.0,0.00228230716537952,28.631963681602077,1.4,30
double_exp_fit,parametric,trajectory,two_exp,0.0,150,1.0,0.0,1.0,1.1258350710030562e-09,58043080.68959525,1.4,30
rational_fit,parametric,trajectory,two_exp,0.0,150,1.0,0.0,1.0,0.030644071528795683,2.1324495280596527,1.4,30
log_fit,parametric,trajectory,two_exp,0.0,150,1.0,0.0,0.0,0.11062662700377268,0.590698077300848,1.0,30
shanks_1,shanks,limit,two_exp,0.0,150,1.0,0.0,1.0,0.033581317097733196,1.9459312950479135,1.4,30
shanks_2,shanks,limit,two_exp,0.0,150,1.0,0.0,1.0,0.03360276246603908,1.9446893967556995,1.4,30
shanks_3,shanks,limit,two_exp,0.0,150,1.0,0.0,1.0,0.03360275635767306,1.9446897502646348,1.4,30
shanks_4,shanks,limit,two_exp,0.0,150,1.0,0.0,1.0,0.03360275642231818,1.944689746523433,1.4,30
wynn_eps_1,wynn_eps,limit,two_exp,0.0,150,1.0,0.0,1.0,0.03358131709773937,1.9459312950475556,1.4,30
wynn_eps_2,wynn_eps,limit,two_exp,0.0,150,1.0,0.0,1.0,0.033602756416382176,1.9446897468669668,1.4,30
wynn_eps_3,wynn_eps,limit,two_exp,0.0,150,1.0,0.0,1.0,0.033602756419030905,1.944689746713677,1.4,30
wynn_rho_1,wynn_rho,limit,two_exp,0.0,150,1.0,0.0,0.0,0.13430684023143002,0.48654957377304403,1.0,30
wynn_rho_2,wynn_rho,limit,two_exp,0.0,150,1.0,0.0,0.0,0.07725098785065819,0.845904210257291,1.0,30
wynn_rho_3,wynn_rho,limit,two_exp,0.0,150,1.0,0.0,1.0,0.022752703924732123,2.8720514311432965,1.4,30
pade_11,pade,trajectory,two_exp,0.0,150,1.0,0.0,1.0,0.013655787899228111,4.785292240303492,1.4,30
pade_12,pade,trajectory,two_exp,0.0,150,1.0,0.0,1.0,0.004619684373902824,14.14532478421245,1.4,30
pade_13,pade,trajectory,two_exp,0.0,150,1.0,0.0,1.0,0.0004396702217622783,148.6271587998027,1.4,30
pade_21,pade,trajectory,two_exp,0.0,150,1.0,0.0,1.0,0.0008625145086799679,75.76328886271904,1.4,30
pade_22,pade,trajectory,two_exp,0.0,150,1.0,0.0,0.0,0.08234607991501094,0.7935646230743577,1.0,30
pade_23,pade,trajectory,two_exp,0.0,150,1.0,0.0,1.0,0.0009828599188006215,66.48652022472245,1.4,30
pade_31,pade,trajectory,two_exp,0.0,150,1.0,0.0,1.0,0.010880956408034825,6.00562426857555,1.4,30
pade_32,pade,trajectory,two_exp,0.0,150,1.0,0.0,1.0,0.0031377132447341777,20.826293154441107,1.4,30
levin_t1,levin,limit,two_exp,0.0,150,1.0,0.0,1.0,0.0335813170977392,1.9459312950475656,1.4,30
levin_t2,levin,limit,two_exp,0.0,150,1.0,0.0,1.0,0.03366536000446237,1.941073431585012,1.4,30
levin_u1,levin,limit,two_exp,0.0,150,1.0,0.0,0.0,0.19982467047438096,0.3270213618482337,1.0,30
levin_u2,levin,limit,two_exp,0.0,150,1.0,0.0,1.0,0.03377260668504193,1.9349094512846445,1.4,30
levin_v1,levin,limit,two_exp,0.0,150,1.0,0.0,1.0,0.03377614505971699,1.934706750988656,1.4,30
levin_v2,levin,limit,two_exp,0.0,150,1.0,0.0,1.0,0.033103612272269,1.9740122416836043,1.4,30
weniger_d1,weniger,limit,two_exp,0.0,150,1.0,0.0,1.0,0.043602756412172344,1.498688185024102,1.4,30
weniger_d2,weniger,limit,two_exp,0.0,150,1.0,0.0,1.0,0.043602756412172344,1.498688185024102,1.4,30
brezinski_theta1,brezinski,limit,two_exp,0.0,150,1.0,0.0,1.0,0.03541123900890378,1.8453727601278174,1.4,30
brezinski_theta2,brezinski,limit,two_exp,0.0,150,1.0,0.0,1.0,0.015372416384328715,4.250921536058834,1.4,30
neville_2,neville,trajectory,two_exp,0.0,150,1.0,0.0,1.0,0.0037976564297549156,17.207174234459067,1.4,30
neville_3,neville,trajectory,two_exp,0.0,150,1.0,0.0,1.0,0.00198434631132844,32.93121543167506,1.4,30
neville_4,neville,trajectory,two_exp,0.0,150,1.0,0.0,1.0,0.00069266742096874,94.34099813445059,1.4,30
anderson_1,anderson,limit,two_exp,0.0,150,1.0,0.0,1.0,0.05581596588568086,1.170757055485639,1.4,30
anderson_2,anderson,limit,two_exp,0.0,150,1.0,0.0,1.0,0.04769800546419581,1.3700140128177654,1.4,30
anderson_3,anderson,limit,two_exp,0.0,150,1.0,0.0,1.0,0.04070478623454679,1.6053870297430926,1.4,30
median_ensemble,ensemble,trajectory,two_exp,0.0,150,1.0,0.0,1.0,0.033581317097736284,1.9459312950477345,1.4,30
stability_weighted,ensemble,trajectory,two_exp,0.0,150,1.0,0.0,1.0,0.03323498539566102,1.9662092548395687,1.4,30
best_shanks_wynn,ensemble,limit,two_exp,0.0,150,1.0,0.0,1.0,0.033581317097733196,1.9459312950479135,1.4,30
current_value,baseline,limit,two_exp,0.0,1000,1.0,0.0,0.0,0.09894968466658907,1.0,1.0,30
linear,baseline,trajectory,two_exp,0.0,1000,0.0,1.0,0.0,,,-2.0,30
log_linear,baseline,trajectory,two_exp,0.0,1000,1.0,0.0,1.0,0.00926347022918441,10.681708066038764,1.4,30
geom_avg_diff,baseline,limit,two_exp,0.0,1000,1.0,0.0,1.0,3.739095815174717e-05,2646.353277843602,1.4,30
richardson_1,richardson,trajectory,two_exp,0.0,1000,1.0,0.0,1.0,0.007784342071360979,12.711374161039297,1.4,30
richardson_2,richardson,trajectory,two_exp,0.0,1000,1.0,0.0,1.0,0.0038542172270214694,25.673094908316095,1.4,30
richardson_3,richardson,trajectory,two_exp,0.0,1000,1.0,0.0,1.0,0.0038540288819984107,25.67434954334882,1.4,30
richardson_a05,richardson,trajectory,two_exp,0.0,1000,1.0,0.0,1.0,0.09003828708092229,1.0989734242462612,1.4,30
richardson_a10,richardson,trajectory,two_exp,0.0,1000,1.0,0.0,1.0,0.016247824223170716,6.090026781892359,1.4,30
richardson_a20,richardson,trajectory,two_exp,0.0,1000,1.0,0.0,1.0,0.09685019901366351,1.0216776596672699,1.4,30
single_exp_fit,parametric,trajectory,two_exp,0.0,1000,1.0,0.0,1.0,0.005280453645846395,18.738860579606243,1.4,30
double_exp_fit,parametric,trajectory,two_exp,0.0,1000,1.0,0.0,1.0,2.9265080098844765e-09,33811520.19142947,1.4,30
rational_fit,parametric,trajectory,two_exp,0.0,1000,1.0,0.0,1.0,0.0015257175295779121,64.85452434564567,1.4,30
log_fit,parametric,trajectory,two_exp,0.0,1000,1.0,0.0,0.0,0.10222927774298815,0.9679192385116501,1.0,30
shanks_1,shanks,limit,two_exp,0.0,1000,1.0,0.0,1.0,2.1431699449271646e-05,4616.977990980173,1.4,30
shanks_2,shanks,limit,two_exp,0.0,1000,1.0,0.0,1.0,1.366885660908368e-08,7239060.844403896,1.4,30
shanks_3,shanks,limit,two_exp,0.0,1000,1.0,0.0,1.0,7.560490592958824e-09,13087733.322324626,1.4,30
shanks_4,shanks,limit,two_exp,0.0,1000,1.0,0.0,1.0,7.62513570687351e-09,12976776.869347135,1.4,30
wynn_eps_1,wynn_eps,limit,two_exp,0.0,1000,1.0,0.0,1.0,2.14316994430995e-05,4616.977992309822,1.4,30
wynn_eps_2,wynn_eps,limit,two_exp,0.0,1000,1.0,0.0,1.0,7.619199708652769e-09,12986886.871362165,1.4,30
wynn_eps_3,wynn_eps,limit,two_exp,0.0,1000,1.0,0.0,1.0,7.621848435376832e-09,12982373.699182184,1.4,30
wynn_rho_1,wynn_rho,limit,two_exp,0.0,1000,1.0,0.0,0.0,0.10070409143424756,0.982578594944139,1.0,30
wynn_rho_2,wynn_rho,limit,two_exp,0.0,1000,1.0,0.0,0.0,0.11085373664784066,0.8926147882676405,1.0,30
wynn_rho_3,wynn_rho,limit,two_exp,0.0,1000,1.0,0.0,1.0,0.0563554527219146,1.755813854514758,1.4,30
pade_11,pade,trajectory,two_exp,0.0,1000,1.0,0.0,0.0,0.12840613823076216,0.7705993345019372,1.0,30
pade_12,pade,trajectory,two_exp,0.0,1000,1.0,0.0,1.0,0.025811170739728054,3.8335992452402645,1.4,30
pade_13,pade,trajectory,two_exp,0.0,1000,1.0,0.0,1.0,0.009537263172107008,10.375060736079986,1.4,30
pade_21,pade,trajectory,two_exp,0.0,1000,1.0,0.0,0.0,0.48554957479586064,0.2037890460684482,1.0,30
pade_22,pade,trajectory,two_exp,0.0,1000,1.0,0.0,0.0,0.1744705528850894,0.5671426096285702,1.0,30
pade_23,pade,trajectory,two_exp,0.0,1000,1.0,0.0,1.0,0.014362822030373633,6.889292679205815,1.4,30
pade_31,pade,trajectory,two_exp,0.0,1000,1.0,1.0,0.0,6.321172745101339,0.015653690961581646,-1.0,30
pade_32,pade,trajectory,two_exp,0.0,1000,1.0,1.0,0.0,0.7948545512805522,0.1244877877432745,-1.0,30
levin_t1,levin,limit,two_exp,0.0,1000,1.0,0.0,1.0,2.1431699443274707e-05,4616.977992272078,1.4,30
levin_t2,levin,limit,two_exp,0.0,1000,1.0,0.0,1.0,6.261120727990219e-05,1580.3829532344973,1.4,30
levin_u1,levin,limit,two_exp,0.0,1000,1.0,0.0,0.0,0.1662219216771985,0.595286612428585,1.0,30
levin_u2,levin,limit,two_exp,0.0,1000,1.0,0.0,1.0,0.00016985788785945852,582.5439484356515,1.4,30
levin_v1,levin,limit,two_exp,0.0,1000,1.0,0.0,1.0,0.00017339626253451597,570.6563868231723,1.4,30
levin_v2,levin,limit,two_exp,0.0,1000,1.0,0.0,1.0,0.0004991365249134745,198.24172291086498,1.4,30
weniger_d1,weniger,limit,two_exp,0.0,1000,1.0,0.0,1.0,0.010000007614989873,9.894960931656177,1.4,30
weniger_d2,weniger,limit,two_exp,0.0,1000,1.0,0.0,1.0,0.010000007614989873,9.894960931656177,1.4,30
brezinski_theta1,brezinski,limit,two_exp,0.0,1000,1.0,0.0,1.0,0.0018084902117213066,54.71397302859027,1.4,30
brezinski_theta2,brezinski,limit,two_exp,0.0,1000,1.0,0.0,1.0,0.018230332412853757,5.42774988550522,1.4,30
neville_2,neville,trajectory,two_exp,0.0,1000,1.0,0.0,1.0,0.07291755340023642,1.357007744396814,1.4,30
neville_3,neville,trajectory,two_exp,0.0,1000,1.0,0.0,1.0,0.05252706187311468,1.883784874654016,1.4,30
neville_4,neville,trajectory,two_exp,0.0,1000,1.0,0.0,1.0,0.020952912483580638,4.722478783993832,1.4,30
anderson_1,anderson,limit,two_exp,0.0,1000,1.0,0.0,1.0,0.08941871468286333,1.1065880897251625,1.4,30
anderson_2,anderson,limit,two_exp,0.0,1000,1.0,0.0,1.0,0.08130075426137828,1.2170820008443004,1.4,30
anderson_3,anderson,limit,two_exp,0.0,1000,1.0,0.0,1.0,0.07430753503172927,1.3316238336305681,1.4,30
median_ensemble,ensemble,trajectory,two_exp,0.0,1000,1.0,0.0,1.0,7.589845151673158e-09,13037115.078003392,1.4,30
stability_weighted,ensemble,trajectory,two_exp,0.0,1000,1.0,0.0,1.0,2.026504425424458e-05,4882.776638687267,1.4,30
best_shanks_wynn,ensemble,limit,two_exp,0.0,1000,1.0,0.0,1.0,2.1431699449271646e-05,4616.977990980173,1.4,30
current_value,baseline,limit,two_exp,0.0,5000,1.0,0.0,0.0,0.09894969228157895,1.0,1.0,30
linear,baseline,trajectory,two_exp,0.0,5000,0.0,1.0,0.0,,,-2.0,30
log_linear,baseline,trajectory,two_exp,0.0,5000,1.0,0.0,1.0,0.0017999508196831753,54.97355327685894,1.4,30
geom_avg_diff,baseline,limit,two_exp,0.0,5000,1.0,0.0,1.0,3.739101093789589e-05,2646.3497455559077,1.4,30
richardson_1,richardson,trajectory,two_exp,0.0,5000,1.0,0.0,1.0,0.005219632167121865,18.957215587883155,1.4,30
richardson_2,richardson,trajectory,two_exp,0.0,5000,1.0,0.0,1.0,0.006744950031293203,14.670189078125375,1.4,30
richardson_3,richardson,trajectory,two_exp,0.0,5000,1.0,0.0,1.0,0.006745018030104589,14.670041182980295,1.4,30
richardson_a05,richardson,trajectory,two_exp,0.0,5000,1.0,0.0,0.0,0.1360533693149576,0.7272858642149077,1.0,30
richardson_a10,richardson,trajectory,two_exp,0.0,5000,1.0,0.0,1.0,0.00874546853719337,11.31439577659658,1.4,30
richardson_a20,richardson,trajectory,two_exp,0.0,5000,1.0,0.0,1.0,0.09663758335661468,1.0239255664789553,1.4,30
single_exp_fit,parametric,trajectory,two_exp,0.0,5000,1.0,0.0,1.0,0.0052804573781065085,18.738848776971057,1.4,30
double_exp_fit,parametric,trajectory,two_exp,0.0,5000,1.0,0.0,1.0,2.9265110820797524e-09,33811487.298814334,1.4,30
rational_fit,parametric,trajectory,two_exp,0.0,5000,1.0,0.0,1.0,0.007683440594287173,12.87830511179464,1.4,30
log_fit,parametric,trajectory,two_exp,0.0,5000,1.0,0.0,1.0,0.08105201565172242,1.220817168900058,1.4,30
shanks_1,shanks,limit,two_exp,0.0,5000,1.0,0.0,1.0,2.1439314439144694e-05,4615.338450417656,1.4,30
shanks_2,shanks,limit,two_exp,0.0,5000,1.0,0.0,1.0,6.053866736036029e-09,16344874.539866326,1.4,30
shanks_3,shanks,limit,two_exp,0.0,5000,1.0,0.0,1.0,5.449928008882665e-11,1815614667.2085204,1.4,30
shanks_4,shanks,limit,two_exp,0.0,5000,1.0,0.0,1.0,1.0145833825858652e-11,9752741270.94278,1.4,30
wynn_eps_1,wynn_eps,limit,two_exp,0.0,5000,1.0,0.0,1.0,2.1439314432972548e-05,4615.338451746362,1.4,30
wynn_eps_2,wynn_eps,limit,two_exp,0.0,5000,1.0,0.0,1.0,4.209835605117895e-12,23504407668.861427,1.4,30
wynn_eps_3,wynn_eps,limit,two_exp,0.0,5000,1.0,0.0,1.0,6.858562329181694e-12,14427176940.649715,1.4,30
wynn_rho_1,wynn_rho,limit,two_exp,0.0,5000,1.0,0.0,0.0,0.10070408381925769,0.9825787448617526,1.0,30
wynn_rho_2,wynn_rho,limit,two_exp,0.0,5000,1.0,0.0,0.0,0.11085374426283054,0.8926147956443629,1.0,30
wynn_rho_3,wynn_rho,limit,two_exp,0.0,5000,1.0,0.0,1.0,0.056355460336904466,1.7558137523859703,1.4,30
pade_11,pade,trajectory,two_exp,0.0,5000,1.0,0.0,0.0,0.15605953527845728,0.6340509223292434,1.0,30
pade_12,pade,trajectory,two_exp,0.0,5000,1.0,0.0,1.0,0.014558363011053399,6.79675951248445,1.4,30
pade_13,pade,trajectory,two_exp,0.0,5000,1.0,0.0,1.0,0.00998722650356284,9.90762472907565,1.4,30
pade_21,pade,trajectory,two_exp,0.0,5000,1.0,1.0,0.0,3.7723612181182706,0.026230174302061413,-1.0,30
pade_22,pade,trajectory,two_exp,0.0,5000,1.0,0.0,0.0,0.20776059318523107,0.4762678560190639,1.0,30
pade_23,pade,trajectory,two_exp,0.0,5000,1.0,0.0,1.0,0.01126972070955834,8.78013704435953,1.4,30
pade_31,pade,trajectory,two_exp,0.0,5000,1.0,1.0,0.0,198.5713333499373,0.000498308041811868,-1.0,30
pade_32,pade,trajectory,two_exp,0.0,5000,1.0,1.0,0.0,5.885103061644828,0.016813586991613956,-1.0,30
levin_t1,levin,limit,two_exp,0.0,5000,1.0,0.0,1.0,2.1439314433147755e-05,4615.338451708644,1.4,30
levin_t2,levin,limit,two_exp,0.0,5000,1.0,0.0,1.0,6.260359229002914e-05,1580.575309850688,1.4,30
levin_u1,levin,limit,two_exp,0.0,5000,1.0,0.0,0.0,0.16622191406220863,0.595286685512158,1.0,30
levin_u2,levin,limit,two_exp,0.0,5000,1.0,0.0,1.0,0.00016985027286958547,582.5701107795956,1.4,30
levin_v1,levin,limit,two_exp,0.0,5000,1.0,0.0,1.0,0.00017338864754464292,570.6814931819689,1.4,30
levin_v2,levin,limit,two_exp,0.0,5000,1.0,0.0,1.0,0.0004991441399033476,198.23871377261727,1.4,30
weniger_d1,weniger,limit,two_exp,0.0,5000,1.0,0.0,1.0,0.01,9.894969228157894,1.4,30
weniger_d2,weniger,limit,two_exp,0.0,5000,1.0,0.0,1.0,0.01,9.894969228157894,1.4,30
brezinski_theta1,brezinski,limit,two_exp,0.0,5000,1.0,0.0,1.0,0.0018084825967314335,54.71420762379244,1.4,30
brezinski_theta2,brezinski,limit,two_exp,0.0,5000,1.0,0.0,1.0,0.018230340027843628,5.427748035991142,1.4,30
neville_2,neville,trajectory,two_exp,0.0,5000,1.0,0.0,1.0,0.08873449876825205,1.1151208791972322,1.4,30
neville_3,neville,trajectory,two_exp,0.0,5000,1.0,0.0,1.0,0.06317967686264607,1.5661633169903295,1.4,30
neville_4,neville,trajectory,two_exp,0.0,5000,1.0,0.0,1.0,0.020592112192658017,4.805223056081581,1.4,30
anderson_1,anderson,limit,two_exp,0.0,5000,1.0,0.0,1.0,0.0894187222978532,1.1065880806480117,1.4,30
anderson_2,anderson,limit,two_exp,0.0,5000,1.0,0.0,1.0,0.08130076187636816,1.2170819805114377,1.4,30
anderson_3,anderson,limit,two_exp,0.0,5000,1.0,0.0,1.0,0.07430754264671914,1.3316237996459679,1.4,30
median_ensemble,ensemble,trajectory,two_exp,0.0,5000,1.0,0.0,1.0,3.0290382858205733e-09,32667032.551149566,1.4,30
stability_weighted,ensemble,trajectory,two_exp,0.0,5000,1.0,0.0,1.0,0.000901607338353495,109.748099945903,1.4,30
best_shanks_wynn,ensemble,limit,two_exp,0.0,5000,1.0,0.0,1.0,2.1439314439144694e-05,4615.338450417656,1.4,30
current_value,baseline,limit,two_exp,0.001,150,1.0,0.0,0.0,0.06541179864019578,1.0,1.0,30
linear,baseline,trajectory,two_exp,0.001,150,1.0,0.0,0.0,0.1376698980034606,0.4749693707752555,1.0,30
log_linear,baseline,trajectory,two_exp,0.001,150,1.0,0.0,1.0,0.030352620652282905,2.1647850522113417,1.4,30
geom_avg_diff,baseline,limit,two_exp,0.001,150,0.6,0.4,0.4667,0.06382230869774869,1.0279087283821062,-0.0133,30
richardson_1,richardson,trajectory,two_exp,0.001,150,1.0,0.0,1.0,0.04008516308477245,1.6329438236855724,1.4,30
richardson_2,richardson,trajectory,two_exp,0.001,150,1.0,0.0,1.0,0.03282326531189619,1.9963347987782891,1.4,30
richardson_3,richardson,trajectory,two_exp,0.001,150,1.0,0.0,1.0,0.03282310094195753,1.996334811288246,1.4,30
richardson_a05,richardson,trajectory,two_exp,0.001,150,1.0,0.0,1.0,0.00813502490615338,8.088340451471378,1.4,30
richardson_a10,richardson,trajectory,two_exp,0.001,150,1.0,0.0,1.0,0.035858376402982485,1.8309643989263242,1.4,30
richardson_a20,richardson,trajectory,two_exp,0.001,150,1.0,0.0,0.0,0.07290214116880701,0.8999199584482315,1.0,30
single_exp_fit,parametric,trajectory,two_exp,0.001,150,1.0,0.0,1.0,0.002378186790680286,27.60519407739136,1.4,30
double_exp_fit,parametric,trajectory,two_exp,0.001,150,0.9667,0.0333,0.9667,0.0028682892180490333,23.145704187979433,1.2867,30
rational_fit,parametric,trajectory,two_exp,0.001,150,1.0,0.0,1.0,0.030658171760265945,2.138152063132874,1.4,30
log_fit,parametric,trajectory,two_exp,0.001,150,1.0,0.0,0.0,0.1106477142921783,0.591321216788139,1.0,30
shanks_1,shanks,limit,two_exp,0.001,150,1.0,0.0,0.5667,0.06698816785665596,1.0001128250893285,1.2267,30
shanks_2,shanks,limit,two_exp,0.001,150,0.9667,0.0333,0.0333,0.06966244891074479,0.9391970136026794,0.9133,30
shanks_3,shanks,limit,two_exp,0.001,150,1.0,0.0,0.1,0.07087116157082675,0.9288477591628617,1.04,30
shanks_4,shanks,limit,two_exp,0.001,150,1.0,0.0,0.1,0.07251627303649819,0.910019676347098,1.04,30
wynn_eps_1,wynn_eps,limit,two_exp,0.001,150,1.0,0.0,0.5667,0.06698816785665593,1.0001128250893263,1.2267,30
wynn_eps_2,wynn_eps,limit,two_exp,0.001,150,1.0,0.0,0.3667,0.06871419122465905,0.9611411419294158,1.1467,30
wynn_eps_3,wynn_eps,limit,two_exp,0.001,150,1.0,0.0,0.4333,0.06773633992655059,0.9794552028450902,1.1733,30
wynn_rho_1,wynn_rho,limit,two_exp,0.001,150,1.0,0.0,0.4333,0.06696940910458196,0.9971409701686745,1.1733,30
wynn_rho_2,wynn_rho,limit,two_exp,0.001,150,1.0,0.0,0.5667,0.06260862823234634,1.0524348796521121,1.2267,30
wynn_rho_3,wynn_rho,limit,two_exp,0.001,150,1.0,0.0,0.4667,0.06975254358365729,0.9474307931885806,1.1867,30
pade_11,pade,trajectory,two_exp,0.001,150,1.0,0.0,1.0,0.014220676693371407,4.592619361574734,1.4,30
pade_12,pade,trajectory,two_exp,0.001,150,1.0,0.0,0.9,0.01923313589274144,3.4082949751317315,1.36,30
pade_13,pade,trajectory,two_exp,0.001,150,1.0,0.0,1.0,0.007451359634975046,8.797395012905255,1.4,30
pade_21,pade,trajectory,two_exp,0.001,150,1.0,0.0,1.0,0.023685426680067775,2.8274818313617565,1.4,30
pade_22,pade,trajectory,two_exp,0.001,150,1.0,0.0,1.0,0.014979970978386813,4.329787441872702,1.4,30
pade_23,pade,trajectory,two_exp,0.001,150,1.0,0.0,0.9333,0.01871439422104893,3.567979223619478,1.3733,30
pade_31,pade,trajectory,two_exp,0.001,150,1.0,0.0,0.0,0.11242161066771786,0.5795077666570729,1.0,30
pade_32,pade,trajectory,two_exp,0.001,150,1.0,0.0,1.0,0.01647880632500183,3.9309286711710216,1.4,30
levin_t1,levin,limit,two_exp,0.001,150,1.0,0.0,0.5667,0.06698816785665593,1.0001128250893263,1.2267,30
levin_t2,levin,limit,two_exp,0.001,150,1.0,0.0,0.1333,0.06773080673626422,0.959685613342238,1.0533,30
levin_u1,levin,limit,two_exp,0.001,150,1.0,0.0,0.5333,0.06698759812921759,1.000139721207467,1.2133,30
levin_u2,levin,limit,two_exp,0.001,150,1.0,0.0,0.1333,0.06773416565533338,0.9603011325789143,1.0533,30
levin_v1,levin,limit,two_exp,0.001,150,1.0,0.0,0.0333,0.06977690145665807,0.9380204755359416,1.0133,30
levin_v2,levin,limit,two_exp,0.001,150,1.0,0.0,0.0,0.07014615422346003,0.9334499099387183,1.0,30
weniger_d1,weniger,limit,two_exp,0.001,150,1.0,0.0,1.0,0.043602756412172344,1.5001757692073565,1.4,30
weniger_d2,weniger,limit,two_exp,0.001,150,1.0,0.0,1.0,0.043602756412172344,1.500175769207451,1.4,30
brezinski_theta1,brezinski,limit,two_exp,0.001,150,1.0,0.0,0.5667,0.06500599599928399,1.0339966741808726,1.2267,30
brezinski_theta2,brezinski,limit,two_exp,0.001,150,0.9667,0.0333,0.1333,0.07332959438574416,0.8862092818552664,0.9533,30
neville_2,neville,trajectory,two_exp,0.001,150,0.6667,0.9,0.0333,1.3721985875144485,0.049188853202077706,-1.12,30
neville_3,neville,trajectory,two_exp,0.001,150,0.5333,1.0,0.0,31.41659359780364,0.002224241427060434,-1.4667,30
neville_4,neville,trajectory,two_exp,0.001,150,0.3667,1.0,0.0,218.99865626624893,0.00030535094347973,-1.6333,30
anderson_1,anderson,limit,two_exp,0.001,150,1.0,0.0,0.5667,0.0669882221193493,1.0001126504377638,1.2267,30
anderson_2,anderson,limit,two_exp,0.001,150,1.0,0.0,0.3333,0.06660996493817964,0.996686138976421,1.1333,30
anderson_3,anderson,limit,two_exp,0.001,150,1.0,0.0,0.1667,0.06651920397652283,0.9890796118909233,1.0667,30
median_ensemble,ensemble,trajectory,two_exp,0.001,150,1.0,0.0,0.7667,0.06532346782127933,1.0087039388346652,1.3067,30
stability_weighted,ensemble,trajectory,two_exp,0.001,150,1.0,0.0,0.6,0.06033483998317715,1.0829682883705918,1.24,30
best_shanks_wynn,ensemble,limit,two_exp,0.001,150,1.0,0.0,0.5667,0.06698816785665596,1.0001128250893285,1.2267,30
current_value,baseline,limit,two_exp,0.001,1000,1.0,0.0,0.0,0.09901454743737825,1.0,1.0,30
linear,baseline,trajectory,two_exp,0.001,1000,0.0,1.0,0.0,,,-2.0,30
log_linear,baseline,trajectory,two_exp,0.001,1000,1.0,0.0,1.0,0.009278221062602364,10.69517033538002,1.4,30
geom_avg_diff,baseline,limit,two_exp,0.001,1000,0.4667,0.5333,0.3667,0.09804114692380184,1.0102981852557866,-0.4533,30
richardson_1,richardson,trajectory,two_exp,0.001,1000,1.0,0.0,1.0,0.007787689253427382,12.744471652882002,1.4,30
richardson_2,richardson,trajectory,two_exp,0.001,1000,1.0,0.0,1.0,0.0038716773613987213,25.645264872911774,1.4,30
richardson_3,richardson,trajectory,two_exp,0.001,1000,1.0,0.0,1.0,0.00387153912588019,25.645131896635753,1.4,30
richardson_a05,richardson,trajectory,two_exp,0.001,1000,1.0,0.0,1.0,0.08986136816205659,1.0997667265731126,1.4,30
richardson_a10,richardson,trajectory,two_exp,0.001,1000,1.0,0.0,1.0,0.016336286944762544,6.073566099609787,1.4,30
richardson_a20,richardson,trajectory,two_exp,0.001,1000,1.0,0.0,0.9667,0.09688937327657124,1.023890466762766,1.3867,30
single_exp_fit,parametric,trajectory,two_exp,0.001,1000,1.0,0.0,1.0,0.005422452124671943,18.46429443161857,1.4,30
double_exp_fit,parametric,trajectory,two_exp,0.001,1000,0.9667,0.0333,0.9667,0.0070135810013889285,14.302706250278009,1.2867,30
rational_fit,parametric,trajectory,two_exp,0.001,1000,1.0,0.0,1.0,0.0015307653641018493,64.8966743296861,1.4,30
log_fit,parametric,trajectory,two_exp,0.001,1000,1.0,0.0,0.0,0.10224462249283728,0.9686564531789448,1.0,30
shanks_1,shanks,limit,two_exp,0.001,1000,1.0,0.0,0.5667,0.10059091665383843,1.0000750260619407,1.2267,30
shanks_2,shanks,limit,two_exp,0.001,1000,0.9667,0.0333,0.0333,0.10326519770792726,0.9587148676258761,0.9133,30
shanks_3,shanks,limit,two_exp,0.001,1000,1.0,0.0,0.1,0.10447391036800922,0.9517878892481011,1.04,30
shanks_4,shanks,limit,two_exp,0.001,1000,1.0,0.0,0.1,0.10611902183368066,0.9383404660353446,1.04,30
wynn_eps_1,wynn_eps,limit,two_exp,0.001,1000,1.0,0.0,0.5667,0.1005909166538384,1.000075026061939,1.2267,30
wynn_eps_2,wynn_eps,limit,two_exp,0.001,1000,1.0,0.0,0.3667,0.10231694002184152,0.9738790211539254,1.1467,30
wynn_eps_3,wynn_eps,limit,two_exp,0.001,1000,1.0,0.0,0.4333,0.10133908872373307,0.9862626813297373,1.1733,30
wynn_rho_1,wynn_rho,limit,two_exp,0.001,1000,1.0,0.0,0.4333,0.10057215790176444,0.9980977544220154,1.1733,30
wynn_rho_2,wynn_rho,limit,two_exp,0.001,1000,1.0,0.0,0.5667,0.09621137702952881,1.0341035048902691,1.2267,30
wynn_rho_3,wynn_rho,limit,two_exp,0.001,1000,1.0,0.0,0.4667,0.10335529238083976,0.9644875392609095,1.1867,30
pade_11,pade,trajectory,two_exp,0.001,1000,1.0,0.0,0.0,0.1305961650307768,0.7591853962638679,1.0,30
pade_12,pade,trajectory,two_exp,0.001,1000,0.9667,0.0667,0.6333,0.07102572643542718,1.421063318395132,1.0867,30
pade_13,pade,trajectory,two_exp,0.001,1000,1.0,0.0,1.0,0.008524666899647908,11.61917022389101,1.4,30
pade_21,pade,trajectory,two_exp,0.001,1000,1.0,1.0,0.0,2.1145107316075142,0.0473485750609379,-1.0,30
pade_22,pade,trajectory,two_exp,0.001,1000,1.0,0.0,0.0,0.13486674006527224,0.7314264635460965,1.0,30
pade_23,pade,trajectory,two_exp,0.001,1000,0.9667,0.1,0.5333,0.07956365999297799,1.2590158499574158,0.98,30
pade_31,pade,trajectory,two_exp,0.001,1000,1.0,1.0,0.0,25.880774766225052,0.0038067817315993163,-1.0,30
pade_32,pade,trajectory,two_exp,0.001,1000,1.0,0.9333,0.0,1.381806838906946,0.07245939556525302,-0.8667,30
levin_t1,levin,limit,two_exp,0.001,1000,1.0,0.0,0.5667,0.1005909166538384,1.000075026061939,1.2267,30
levin_t2,levin,limit,two_exp,0.001,1000,1.0,0.0,0.1333,0.1013335555334467,0.9729742744736517,1.0533,30
levin_u1,levin,limit,two_exp,0.001,1000,1.0,0.0,0.5333,0.10059034692640006,1.0000928921749241,1.2133,30
levin_u2,levin,limit,two_exp,0.001,1000,1.0,0.0,0.1333,0.10133691445251586,0.9733921412799297,1.0533,30
levin_v1,levin,limit,two_exp,0.001,1000,1.0,0.0,0.0333,0.10337965025384055,0.9580480506931924,1.0133,30
levin_v2,levin,limit,two_exp,0.001,1000,1.0,0.0,0.0,0.1037489030206425,0.9551206365926905,1.0,30
weniger_d1,weniger,limit,two_exp,0.001,1000,1.0,0.0,1.0,0.010000007614989873,9.90144720379308,1.4,30
weniger_d2,weniger,limit,two_exp,0.001,1000,1.0,0.0,1.0,0.010000007614989873,9.901447203795804,1.4,30
brezinski_theta1,brezinski,limit,two_exp,0.001,1000,1.0,0.0,0.5667,0.09860874479646646,1.022336154737384,1.2267,30
brezinski_theta2,brezinski,limit,two_exp,0.001,1000,0.9667,0.0333,0.1333,0.10693234318292663,0.9217443064739214,0.9533,30
neville_2,neville,trajectory,two_exp,0.001,1000,0.5667,0.9667,0.0,7.105913681758544,0.014135278185830854,-1.3667,30
neville_3,neville,trajectory,two_exp,0.001,1000,0.3667,1.0,0.0,230.6199075824468,0.0004338269299384546,-1.6333,30
neville_4,neville,trajectory,two_exp,0.001,1000,0.0,1.0,0.0,,,-2.0,30
anderson_1,anderson,limit,two_exp,0.001,1000,1.0,0.0,0.5667,0.10059097091653177,1.0000749096759627,1.2267,30
anderson_2,anderson,limit,two_exp,0.001,1000,1.0,0.0,0.3333,0.10021271373536211,0.997805702930294,1.1333,30
anderson_3,anderson,limit,two_exp,0.001,1000,1.0,0.0,0.1667,0.10012195277370531,0.9927891595266272,1.0667,30
median_ensemble,ensemble,trajectory,two_exp,0.001,1000,1.0,0.0,0.6667,0.09917979277377557,1.0021400783884835,1.2667,30
stability_weighted,ensemble,trajectory,two_exp,0.001,1000,1.0,0.0333,0.7,0.09249009720818262,1.0738291345539563,1.2133,30
best_shanks_wynn,ensemble,limit,two_exp,0.001,1000,1.0,0.0,0.5667,0.10059091665383843,1.0000750260619407,1.2267,30
current_value,baseline,limit,two_exp,0.001,5000,1.0,0.0,0.0,0.09901455505236811,1.0,1.0,30
linear,baseline,trajectory,two_exp,0.001,5000,0.0,1.0,0.0,,,-2.0,30
log_linear,baseline,trajectory,two_exp,0.001,5000,1.0,0.0,1.0,0.001803762422742686,55.13089563522233,1.4,30
geom_avg_diff,baseline,limit,two_exp,0.001,5000,0.4667,0.5333,0.3667,0.0980411545387917,1.010298184463399,-0.4533,30
richardson_1,richardson,trajectory,two_exp,0.001,5000,1.0,0.0,1.0,0.005218522808979019,18.971060387538166,1.4,30
richardson_2,richardson,trajectory,two_exp,0.001,5000,1.0,0.0,1.0,0.006739657000694864,14.676993983995244,1.4,30
richardson_3,richardson,trajectory,two_exp,0.001,5000,1.0,0.0,1.0,0.006739706852340679,14.676937273302592,1.4,30
richardson_a05,richardson,trajectory,two_exp,0.001,5000,1.0,0.0,0.0,0.13585224234008064,0.7276715374309588,1.0,30
richardson_a10,richardson,trajectory,two_exp,0.001,5000,1.0,0.0,1.0,0.008837912900157374,11.199288225712468,1.4,30
richardson_a20,richardson,trajectory,two_exp,0.001,5000,1.0,0.0,0.9667,0.09667693295126752,1.0261341723192798,1.3867,30
single_exp_fit,parametric,trajectory,two_exp,0.001,5000,1.0,0.0,1.0,0.005422455765799753,18.46428344628967,1.4,30
double_exp_fit,parametric,trajectory,two_exp,0.001,5000,0.9667,0.0333,0.9667,0.007013585127225755,14.302698922265108,1.2867,30
rational_fit,parametric,trajectory,two_exp,0.001,5000,1.0,0.0,1.0,0.007682374895684149,12.889238970484445,1.4,30
log_fit,parametric,trajectory,two_exp,0.001,5000,1.0,0.0,1.0,0.08106446490147909,1.221758477481548,1.4,30
shanks_1,shanks,limit,two_exp,0.001,5000,1.0,0.0,0.5667,0.10059092426882829,1.0000750260562448,1.2267,30
shanks_2,shanks,limit,two_exp,0.001,5000,0.9667,0.0333,0.0333,0.10326520532291714,0.9587148706288652,0.9133,30
shanks_3,shanks,limit,two_exp,0.001,5000,1.0,0.0,0.1,0.1044739179829991,0.9517878927705348,1.04,30
shanks_4,shanks,limit,two_exp,0.001,5000,1.0,0.0,0.1,0.10611902944867055,0.9383404704333114,1.04,30
wynn_eps_1,wynn_eps,limit,two_exp,0.001,5000,1.0,0.0,0.5667,0.10059092426882828,1.0000750260562432,1.2267,30
wynn_eps_2,wynn_eps,limit,two_exp,0.001,5000,1.0,0.0,0.3667,0.10231694763683141,0.9738790230943206,1.1467,30
wynn_eps_3,wynn_eps,limit,two_exp,0.001,5000,1.0,0.0,0.4333,0.10133909633872296,0.9862626823612637,1.1733,30
wynn_rho_1,wynn_rho,limit,two_exp,0.001,5000,1.0,0.0,0.4333,0.10057216551675431,0.9980977545662789,1.1733,30
wynn_rho_2,wynn_rho,limit,two_exp,0.001,5000,1.0,0.0,0.5667,0.0962113846445187,1.0341035021885265,1.2267,30
wynn_rho_3,wynn_rho,limit,two_exp,0.001,5000,1.0,0.0,0.4667,0.10335529999582965,0.964487541872059,1.1867,30
pade_11,pade,trajectory,two_exp,0.001,5000,1.0,0.0,0.0,0.15864902035692707,0.625384396068912,1.0,30
pade_12,pade,trajectory,two_exp,0.001,5000,0.9667,0.0333,0.9333,0.01158869276301192,8.434686375236874,1.2733,30
pade_13,pade,trajectory,two_exp,0.001,5000,1.0,0.0,1.0,0.00993958450717864,9.961453978836882,1.4,30
pade_21,pade,trajectory,two_exp,0.001,5000,1.0,1.0,0.0,15.09981408849005,0.006631627362843971,-1.0,30
pade_22,pade,trajectory,two_exp,0.001,5000,1.0,0.0,0.0,0.16386771878392634,0.6021759123864345,1.0,30
pade_23,pade,trajectory,two_exp,0.001,5000,1.0,0.0,0.9333,0.015745200223583514,6.374824944680074,1.3733,30
pade_31,pade,trajectory,two_exp,0.001,5000,0.0,1.0,0.0,,,-2.0,30
pade_32,pade,trajectory,two_exp,0.001,5000,0.9667,0.9667,0.0,9.674753620211462,0.010272049260065225,-0.9667,30
levin_t1,levin,limit,two_exp,0.001,5000,1.0,0.0,0.5667,0.10059092426882826,1.0000750260562432,1.2267,30
levin_t2,levin,limit,two_exp,0.001,5000,1.0,0.0,0.1333,0.10133356314843658,0.9729742764924425,1.0533,30
levin_u1,levin,limit,two_exp,0.001,5000,1.0,0.0,0.5333,0.10059035454138994,1.000092892167869,1.2133,30
levin_u2,levin,limit,two_exp,0.001,5000,1.0,0.0,0.1333,0.10133692206750573,0.9733921432683,1.0533,30
levin_v1,levin,limit,two_exp,0.001,5000,1.0,0.0,0.0333,0.10337965786883042,0.958048053765147,1.0133,30
levin_v2,levin,limit,two_exp,0.001,5000,1.0,0.0,0.0,0.10374891063563238,0.95512063990449,1.0,30
weniger_d1,weniger,limit,two_exp,0.001,5000,1.0,0.0,1.0,0.01,9.901455505234086,1.4,30
weniger_d2,weniger,limit,two_exp,0.001,5000,1.0,0.0,1.0,0.01,9.901455505236811,1.4,30
brezinski_theta1,brezinski,limit,two_exp,0.001,5000,1.0,0.0,0.5667,0.09860875241145634,1.022336153001246,1.2267,30
brezinski_theta2,brezinski,limit,two_exp,0.001,5000,0.9667,0.0333,0.1333,0.1069323507979165,0.921744312012014,0.9533,30
neville_2,neville,trajectory,two_exp,0.001,5000,0.5667,0.9667,0.0,8.251862005852393,0.01217367546709401,-1.3667,30
neville_3,neville,trajectory,two_exp,0.001,5000,0.2667,1.0,0.0,233.4784230562297,0.00042863999876794023,-1.7333,30
neville_4,neville,trajectory,two_exp,0.001,5000,0.0,1.0,0.0,,,-2.0,30
anderson_1,anderson,limit,two_exp,0.001,5000,1.0,0.0,0.5667,0.10059097853152164,1.0000749096702757,1.2267,30
anderson_2,anderson,limit,two_exp,0.001,5000,1.0,0.0,0.3333,0.100212721350352,0.9978057030982921,1.1333,30
anderson_3,anderson,limit,two_exp,0.001,5000,1.0,0.0,0.1667,0.1001219603886952,0.992789160081716,1.0667,30
median_ensemble,ensemble,trajectory,two_exp,0.001,5000,1.0,0.0,0.7333,0.09899740650713305,1.0030640695484057,1.2933,30
stability_weighted,ensemble,trajectory,two_exp,0.001,5000,1.0,0.0,0.9,0.08171661442052328,1.2076558734103133,1.36,30
best_shanks_wynn,ensemble,limit,two_exp,0.001,5000,1.0,0.0,0.5667,0.10059092426882829,1.0000750260562448,1.2267,30
current_value,baseline,limit,two_exp,0.005,150,1.0,0.0,0.0,0.06377490803921927,1.0,1.0,30
linear,baseline,trajectory,two_exp,0.005,150,1.0,0.0,0.0,0.13895271066882497,0.4600064625196468,1.0,30
log_linear,baseline,trajectory,two_exp,0.005,150,1.0,0.0,1.0,0.029955152531226083,2.1278791227729035,1.4,30
geom_avg_diff,baseline,limit,two_exp,0.005,150,0.5667,0.4333,0.2667,0.06453781905192917,0.9973825517087623,-0.1933,30
richardson_1,richardson,trajectory,two_exp,0.005,150,1.0,0.0,1.0,0.039918578607464325,1.5960870669278315,1.4,30
richardson_2,richardson,trajectory,two_exp,0.005,150,1.0,0.0,1.0,0.03252650948754109,1.9681743757368237,1.4,30
richardson_3,richardson,trajectory,two_exp,0.005,150,1.0,0.0,1.0,0.032526734758605895,1.9682549096564355,1.4,30
richardson_a05,richardson,trajectory,two_exp,0.005,150,1.0,0.0,1.0,0.007615348582380277,8.299119409737486,1.4,30
richardson_a10,richardson,trajectory,two_exp,0.005,150,1.0,0.0,1.0,0.03540490494526076,1.7963977650137903,1.4,30
richardson_a20,richardson,trajectory,two_exp,0.005,150,1.0,0.0,0.0333,0.07255404861167955,0.8796687551912097,1.0133,30
single_exp_fit,parametric,trajectory,two_exp,0.005,150,1.0,0.0,1.0,0.004446565199641577,13.870860597440831,1.4,30
double_exp_fit,parametric,trajectory,two_exp,0.005,150,1.0,0.0,1.0,0.004116164340482821,14.52256090471679,1.4,30
rational_fit,parametric,trajectory,two_exp,0.005,150,1.0,0.0,1.0,0.030446404803629992,2.0977650301273862,1.4,30
log_fit,parametric,trajectory,two_exp,0.005,150,1.0,0.0,0.0,0.11039590125172379,0.5775329986290532,1.0,30
shanks_1,shanks,limit,two_exp,0.005,150,1.0,0.0,0.5667,0.06524721122820556,1.0005719012484016,1.2267,30
shanks_2,shanks,limit,two_exp,0.005,150,1.0,0.0,0.1333,0.06939467912182322,0.9120754688239991,1.0533,30
shanks_3,shanks,limit,two_exp,0.005,150,1.0,0.0,0.1667,0.0705699948398133,0.9043940050112349,1.0667,30
shanks_4,shanks,limit,two_exp,0.005,150,1.0,0.0,0.0333,0.07247710480563618,0.8982312346383856,1.0133,30
wynn_eps_1,wynn_eps,limit,two_exp,0.005,150,1.0,0.0,0.5667,0.06524721122820554,1.000571901248403,1.2267,30
wynn_eps_2,wynn_eps,limit,two_exp,0.005,150,1.0,0.0,0.2667,0.0698574963945092,0.9150684877436916,1.1067,30
wynn_eps_3,wynn_eps,limit,two_exp,0.005,150,1.0,0.0,0.2333,0.07016902162474692,0.9196688353827891,1.0933,30
wynn_rho_1,wynn_rho,limit,two_exp,0.005,150,1.0,0.0,0.2667,0.0650726688157553,0.9870389006031481,1.1067,30
wynn_rho_2,wynn_rho,limit,two_exp,0.005,150,0.9667,0.0667,0.1667,0.06941301754380197,0.956231577162177,0.9,30
wynn_rho_3,wynn_rho,limit,two_exp,0.005,150,1.0,0.0,0.3,0.06939287800093802,0.9661358188159472,1.12,30
pade_11,pade,trajectory,two_exp,0.005,150,1.0,0.0,1.0,0.027873528329250594,2.2896380711591147,1.4,30
pade_12,pade,trajectory,two_exp,0.005,150,1.0,0.0,1.0,0.03966970587056749,1.6254872107088412,1.4,30
pade_13,pade,trajectory,two_exp,0.005,150,1.0,0.0,1.0,0.006126360310713369,10.510252227976995,1.4,30
pade_21,pade,trajectory,two_exp,0.005,150,1.0,0.0333,0.0,0.2275721756581865,0.2833428971429236,0.9333,30
pade_22,pade,trajectory,two_exp,0.005,150,1.0,0.0,1.0,0.024835809727144356,2.646788497843991,1.4,30
pade_23,pade,trajectory,two_exp,0.005,150,1.0,0.0,0.9333,0.042335645480455375,1.4994842577879612,1.3733,30
pade_31,pade,trajectory,two_exp,0.005,150,1.0,0.0,0.1,0.09846337808710567,0.6585604308273649,1.04,30
pade_32,pade,trajectory,two_exp,0.005,150,0.8667,0.4,0.0,0.26481694593289196,0.2392238725574165,0.0667,30
levin_t1,levin,limit,two_exp,0.005,150,1.0,0.0,0.5667,0.06524721122820554,1.000571901248403,1.2267,30
levin_t2,levin,limit,two_exp,0.005,150,1.0,0.0,0.4,0.065514244690657,0.9713118908934465,1.16,30
levin_u1,levin,limit,two_exp,0.005,150,1.0,0.0,0.5333,0.06522851731298578,1.0004834120923565,1.2133,30
levin_u2,levin,limit,two_exp,0.005,150,1.0,0.0,0.4,0.06551692120753519,0.9710320265125139,1.16,30
levin_v1,levin,limit,two_exp,0.005,150,1.0,0.0,0.2,0.06903872054754001,0.9145268997039102,1.08,30
levin_v2,levin,limit,two_exp,0.005,150,1.0,0.0,0.1333,0.07005209653238481,0.906923452169381,1.0533,30
weniger_d1,weniger,limit,two_exp,0.005,150,1.0,0.0,1.0,0.043602756412172344,1.46263478015843,1.4,30
weniger_d2,weniger,limit,two_exp,0.005,150,1.0,0.0,1.0,0.043602756412172344,1.46263478015843,1.4,30
brezinski_theta1,brezinski,limit,two_exp,0.005,150,1.0,0.0,0.5667,0.06222356535754665,1.0938526935305863,1.2267,30
brezinski_theta2,brezinski,limit,two_exp,0.005,150,1.0,0.0,0.2333,0.07468427642024239,0.8444267799872172,1.0933,30
neville_2,neville,trajectory,two_exp,0.005,150,0.6,1.0,0.0,5.364848216832501,0.011995580301083303,-1.4,30
neville_3,neville,trajectory,two_exp,0.005,150,0.6,1.0,0.0,117.79968083225373,0.0005357983110766653,-1.4,30
neville_4,neville,trajectory,two_exp,0.005,150,0.1,1.0,0.0,211.51592182221458,0.0003303529924051307,-1.9,30
anderson_1,anderson,limit,two_exp,0.005,150,1.0,0.0,0.5667,0.0652469869896071,1.000571832639256,1.2267,30
anderson_2,anderson,limit,two_exp,0.005,150,1.0,0.0,0.4333,0.0641915421685165,0.9941779476854321,1.1733,30
anderson_3,anderson,limit,two_exp,0.005,150,1.0,0.0,0.4,0.06469168881394519,0.9896314292991435,1.16,30
median_ensemble,ensemble,trajectory,two_exp,0.005,150,1.0,0.0,0.6,0.06372483037187104,1.000727064027966,1.24,30
stability_weighted,ensemble,trajectory,two_exp,0.005,150,1.0,0.0,0.3333,0.06530294449419888,0.9683734393727309,1.1333,30
best_shanks_wynn,ensemble,limit,two_exp,0.005,150,1.0,0.0,0.5667,0.06524721122820556,1.0005719012484016,1.2267,30
current_value,baseline,limit,two_exp,0.005,1000,1.0,0.0,0.0,0.09737765683640175,1.0,1.0,30
linear,baseline,trajectory,two_exp,0.005,1000,0.0,1.0,0.0,,,-2.0,30
log_linear,baseline,trajectory,two_exp,0.005,1000,1.0,0.0,1.0,0.009130828646809615,10.657047815960839,1.4,30
geom_avg_diff,baseline,limit,two_exp,0.005,1000,0.5667,0.4333,0.3,0.09673418457967874,1.0110995398885072,-0.18,30
richardson_1,richardson,trajectory,two_exp,0.005,1000,1.0,0.0,1.0,0.007738894640375485,12.563830033046132,1.4,30
richardson_2,richardson,trajectory,two_exp,0.005,1000,1.0,0.0,1.0,0.0037396201669698476,25.898270668084457,1.4,30
richardson_3,richardson,trajectory,two_exp,0.005,1000,1.0,0.0,1.0,0.0037395991688403546,25.9009457301003,1.4,30
richardson_a05,richardson,trajectory,two_exp,0.005,1000,1.0,0.0,0.9,0.09089695028291636,1.072801548888087,1.36,30
richardson_a10,richardson,trajectory,two_exp,0.005,1000,1.0,0.0,1.0,0.01570304040812149,6.1622359646319,1.4,30
richardson_a20,richardson,trajectory,two_exp,0.005,1000,1.0,0.0,0.6,0.09650836619128118,1.010402762751974,1.24,30
single_exp_fit,parametric,trajectory,two_exp,0.005,1000,1.0,0.0,1.0,0.009813004487753116,10.072477828368914,1.4,30
double_exp_fit,parametric,trajectory,two_exp,0.005,1000,1.0,0.0,1.0,0.009999982579555835,9.766452604814983,1.4,30
rational_fit,parametric,trajectory,two_exp,0.005,1000,1.0,0.0,1.0,0.001487346867170062,65.67161112375433,1.4,30
log_fit,parametric,trajectory,two_exp,0.005,1000,1.0,0.0,0.1667,0.10206138375487374,0.9540291561425018,1.0667,30
shanks_1,shanks,limit,two_exp,0.005,1000,1.0,0.0,0.5667,0.09884996002538804,1.0003722652276252,1.2267,30
shanks_2,shanks,limit,two_exp,0.005,1000,1.0,0.0,0.1333,0.1029974279190057,0.9416176822650697,1.0533,30
shanks_3,shanks,limit,two_exp,0.005,1000,1.0,0.0,0.1667,0.10417274363699577,0.9351375276851213,1.0667,30
shanks_4,shanks,limit,two_exp,0.005,1000,1.0,0.0,0.0333,0.10607985360281866,0.9300179462703315,1.0133,30
wynn_eps_1,wynn_eps,limit,two_exp,0.005,1000,1.0,0.0,0.5667,0.09884996002538801,1.0003722652276261,1.2267,30
wynn_eps_2,wynn_eps,limit,two_exp,0.005,1000,1.0,0.0,0.2667,0.10346024519169167,0.9426066307521783,1.1067,30
wynn_eps_3,wynn_eps,limit,two_exp,0.005,1000,1.0,0.0,0.2333,0.1037717704219294,0.9464094696215563,1.0933,30
wynn_rho_1,wynn_rho,limit,two_exp,0.005,1000,1.0,0.0,0.2667,0.09867541761293777,0.991341163990334,1.1067,30
wynn_rho_2,wynn_rho,limit,two_exp,0.005,1000,0.9667,0.0667,0.1667,0.10301576634098444,0.9709564619169312,0.9,30
wynn_rho_3,wynn_rho,limit,two_exp,0.005,1000,1.0,0.0,0.3,0.1029956267981205,0.977166497731902,1.12,30
pade_11,pade,trajectory,two_exp,0.005,1000,1.0,0.0,0.0,0.18644368621963764,0.5117601798967175,1.0,30
pade_12,pade,trajectory,two_exp,0.005,1000,1.0,0.0,1.0,0.0033367797102074118,28.57204404309138,1.4,30
pade_13,pade,trajectory,two_exp,0.005,1000,1.0,0.0,1.0,0.00858831047920628,11.3434813371124,1.4,30
pade_21,pade,trajectory,two_exp,0.005,1000,0.0,1.0,0.0,,,-2.0,30
pade_22,pade,trajectory,two_exp,0.005,1000,1.0,0.0,0.0,0.1720626615524359,0.5757636636889878,1.0,30
pade_23,pade,trajectory,two_exp,0.005,1000,1.0,0.0,1.0,0.003860545266013378,24.79574871146103,1.4,30
pade_31,pade,trajectory,two_exp,0.005,1000,1.0,1.0,0.0,24.818877312494863,0.00396095774704735,-1.0,30
pade_32,pade,trajectory,two_exp,0.005,1000,0.0,1.0,0.0,,,-2.0,30
levin_t1,levin,limit,two_exp,0.005,1000,1.0,0.0,0.5667,0.09884996002538801,1.0003722652276261,1.2267,30
levin_t2,levin,limit,two_exp,0.005,1000,1.0,0.0,0.4,0.09911699348783948,0.9806877984814412,1.16,30
levin_u1,levin,limit,two_exp,0.005,1000,1.0,0.0,0.5333,0.09883126611016825,1.0003146730040147,1.2133,30
levin_u2,levin,limit,two_exp,0.005,1000,1.0,0.0,0.4,0.09911967000471766,0.9804979086352461,1.16,30
levin_v1,levin,limit,two_exp,0.005,1000,1.0,0.0,0.2,0.10264146934472249,0.9421400377588672,1.08,30
levin_v2,levin,limit,two_exp,0.005,1000,1.0,0.0,0.1333,0.10365484532956729,0.9368346430455855,1.0533,30
weniger_d1,weniger,limit,two_exp,0.005,1000,1.0,0.0,1.0,0.010000007614989873,9.737758268347115,1.4,30
weniger_d2,weniger,limit,two_exp,0.005,1000,1.0,0.0,1.0,0.010000007614989873,9.737758268347115,1.4,30
brezinski_theta1,brezinski,limit,two_exp,0.005,1000,1.0,0.0,0.5667,0.09582631415472911,1.0608857928986857,1.2267,30
brezinski_theta2,brezinski,limit,two_exp,0.005,1000,1.0,0.0,0.2333,0.10828702521742486,0.8937191974212528,1.0933,30
neville_2,neville,trajectory,two_exp,0.005,1000,0.5667,1.0,0.0,28.175671394263624,0.0034197848393711563,-1.4333,30
neville_3,neville,trajectory,two_exp,0.005,1000,0.1,1.0,0.0,170.64524816132226,0.0006063905536628624,-1.9,30
neville_4,neville,trajectory,two_exp,0.005,1000,0.0,1.0,0.0,,,-2.0,30
anderson_1,anderson,limit,two_exp,0.005,1000,1.0,0.0,0.5667,0.09884973578678957,1.000372220577029,1.2267,30
anderson_2,anderson,limit,two_exp,0.005,1000,1.0,0.0,0.4333,0.09779429096569897,0.9962149358180673,1.1733,30
anderson_3,anderson,limit,two_exp,0.005,1000,1.0,0.0,0.4,0.09829443761112766,0.9931850164981942,1.16,30
median_ensemble,ensemble,trajectory,two_exp,0.005,1000,1.0,0.0,0.6,0.09732757916905352,1.000474432014639,1.24,30
stability_weighted,ensemble,trajectory,two_exp,0.005,1000,1.0,0.0,0.6,0.09460603579871855,1.0394163657603508,1.24,30
best_shanks_wynn,ensemble,limit,two_exp,0.005,1000,1.0,0.0,0.5667,0.09884996002538804,1.0003722652276252,1.2267,30
current_value,baseline,limit,two_exp,0.005,5000,1.0,0.0,0.0,0.09737766445139162,1.0,1.0,30
linear,baseline,trajectory,two_exp,0.005,5000,0.0,1.0,0.0,,,-2.0,30
log_linear,baseline,trajectory,two_exp,0.005,5000,1.0,0.0,1.0,0.001761128390392627,55.326160391642574,1.4,30
geom_avg_diff,baseline,limit,two_exp,0.005,5000,0.5667,0.4333,0.3,0.09673419219466861,1.0110995389856958,-0.18,30
richardson_1,richardson,trajectory,two_exp,0.005,5000,1.0,0.0,1.0,0.005234690012243316,18.572804886722714,1.4,30
richardson_2,richardson,trajectory,two_exp,0.005,5000,1.0,0.0,1.0,0.006788525087421759,14.462882073942788,1.4,30
richardson_3,richardson,trajectory,two_exp,0.005,5000,1.0,0.0,1.0,0.006788532655563983,14.462761287276983,1.4,30
richardson_a05,richardson,trajectory,two_exp,0.005,5000,1.0,0.0,0.0,0.1369770974131178,0.713556838862013,1.0,30
richardson_a10,richardson,trajectory,two_exp,0.005,5000,1.0,0.0,1.0,0.008173451322853107,12.075168642863584,1.4,30
richardson_a20,richardson,trajectory,two_exp,0.005,5000,1.0,0.0,0.6333,0.09629556055050348,1.0126572587815144,1.2533,30
single_exp_fit,parametric,trajectory,two_exp,0.005,5000,1.0,0.0,1.0,0.009813012217952572,10.072466259415805,1.4,30
double_exp_fit,parametric,trajectory,two_exp,0.005,5000,1.0,0.0,1.0,0.009999999988261801,9.766438955122666,1.4,30
rational_fit,parametric,trajectory,two_exp,0.005,5000,1.0,0.0,1.0,0.007691132184173025,12.680844305099999,1.4,30
log_fit,parametric,trajectory,two_exp,0.005,5000,1.0,0.0,1.0,0.08091580266609337,1.2033602904651652,1.4,30
shanks_1,shanks,limit,two_exp,0.005,5000,1.0,0.0,0.5667,0.09884996764037793,1.0003722651981766,1.2267,30
shanks_2,shanks,limit,two_exp,0.005,5000,1.0,0.0,0.1333,0.10299743553399557,0.9416176867096324,1.0533,30
shanks_3,shanks,limit,two_exp,0.005,5000,1.0,0.0,0.1667,0.10417275125198563,0.9351375324117925,1.0667,30
shanks_4,shanks,limit,two_exp,0.005,5000,1.0,0.0,0.0333,0.10607986121780855,0.9300179512236721,1.0133,30
wynn_eps_1,wynn_eps,limit,two_exp,0.005,5000,1.0,0.0,0.5667,0.09884996764037789,1.0003722651981772,1.2267,30
wynn_eps_2,wynn_eps,limit,two_exp,0.005,5000,1.0,0.0,0.2667,0.10346025280668153,0.9426066349907933,1.1067,30
wynn_eps_3,wynn_eps,limit,two_exp,0.005,5000,1.0,0.0,0.2333,0.10377177803691925,0.9464094736635167,1.0933,30
wynn_rho_1,wynn_rho,limit,two_exp,0.005,5000,1.0,0.0,0.2667,0.09867542522792766,0.9913411646412886,1.1067,30
wynn_rho_2,wynn_rho,limit,two_exp,0.005,5000,0.9667,0.0667,0.1667,0.10301577395597432,0.9709564641312239,0.9,30
wynn_rho_3,wynn_rho,limit,two_exp,0.005,5000,1.0,0.0,0.3,0.10299563441311037,0.9771664994174016,1.12,30
pade_11,pade,trajectory,two_exp,0.005,5000,1.0,0.0,0.0,0.22584301647526833,0.4211385136707807,1.0,30
pade_12,pade,trajectory,two_exp,0.005,5000,1.0,0.0,1.0,0.007305491721986024,13.349500741305599,1.4,30
pade_13,pade,trajectory,two_exp,0.005,5000,1.0,0.0,1.0,0.009942381020720016,9.793039869714427,1.4,30
pade_21,pade,trajectory,two_exp,0.005,5000,0.0,1.0,0.0,,,-2.0,30
pade_22,pade,trajectory,two_exp,0.005,5000,1.0,0.0,0.0,0.20779054584182188,0.4751593193601251,1.0,30
pade_23,pade,trajectory,two_exp,0.005,5000,1.0,0.0,1.0,0.00719521106833288,13.614829777322662,1.4,30
pade_31,pade,trajectory,two_exp,0.005,5000,0.0,1.0,0.0,,,-2.0,30
pade_32,pade,trajectory,two_exp,0.005,5000,0.0,1.0,0.0,,,-2.0,30
levin_t1,levin,limit,two_exp,0.005,5000,1.0,0.0,0.5667,0.09884996764037789,1.0003722651981775,1.2267,30
levin_t2,levin,limit,two_exp,0.005,5000,1.0,0.0,0.4,0.09911700110282937,0.9806877999117736,1.16,30
levin_u1,levin,limit,two_exp,0.005,5000,1.0,0.0,0.5333,0.09883127372515813,1.000314672979123,1.2133,30
levin_u2,levin,limit,two_exp,0.005,5000,1.0,0.0,0.4,0.09911967761970755,0.9804979100794152,1.16,30
levin_v1,levin,limit,two_exp,0.005,5000,1.0,0.0,0.2,0.10264147695971237,0.9421400419947408,1.08,30
levin_v2,levin,limit,two_exp,0.005,5000,1.0,0.0,0.1333,0.10365485294455715,0.936834647644958,1.0533,30
weniger_d1,weniger,limit,two_exp,0.005,5000,1.0,0.0,1.0,0.01,9.737766445139162,1.4,30
weniger_d2,weniger,limit,two_exp,0.005,5000,1.0,0.0,1.0,0.01,9.737766445139162,1.4,30
brezinski_theta1,brezinski,limit,two_exp,0.005,5000,1.0,0.0,0.5667,0.095826321769719,1.0608857880536955,1.2267,30
brezinski_theta2,brezinski,limit,two_exp,0.005,5000,1.0,0.0,0.2333,0.10828703283241474,0.893719205197808,1.0933,30
neville_2,neville,trajectory,two_exp,0.005,5000,0.5667,1.0,0.0,32.76239657861724,0.0029410162732442847,-1.4333,30
neville_3,neville,trajectory,two_exp,0.005,5000,0.0667,1.0,0.0,159.7129762810199,0.0007030511713315505,-1.9333,30
neville_4,neville,trajectory,two_exp,0.005,5000,0.0,1.0,0.0,,,-2.0,30
anderson_1,anderson,limit,two_exp,0.005,5000,1.0,0.0,0.5667,0.09884974340177945,1.0003722205475838,1.2267,30
anderson_2,anderson,limit,two_exp,0.005,5000,1.0,0.0,0.4333,0.09779429858068883,0.9962149361181514,1.1733,30
anderson_3,anderson,limit,two_exp,0.005,5000,1.0,0.0,0.4,0.09829444522611755,0.9931850170275006,1.16,30
median_ensemble,ensemble,trajectory,two_exp,0.005,5000,1.0,0.0,0.6,0.09732758678404341,1.0004744319772816,1.24,30
stability_weighted,ensemble,trajectory,two_exp,0.005,5000,1.0,0.0,0.9333,0.08384667576979352,1.1562475379045285,1.3733,30
best_shanks_wynn,ensemble,limit,two_exp,0.005,5000,1.0,0.0,0.5667,0.09884996764037793,1.0003722651981766,1.2267,30
current_value,baseline,limit,three_exp,0.0,150,1.0,0.0,0.0,0.0567657060328003,1.0,1.0,30
linear,baseline,trajectory,three_exp,0.0,150,1.0,0.0,0.0,0.07461272447428825,0.7608046272638378,1.0,30
log_linear,baseline,trajectory,three_exp,0.0,150,1.0,0.0,1.0,0.02138708669047519,2.654204700918012,1.4,30
geom_avg_diff,baseline,limit,three_exp,0.0,150,1.0,0.0,1.0,0.0033178762065884243,17.109048830718468,1.4,30
richardson_1,richardson,trajectory,three_exp,0.0,150,1.0,0.0,1.0,0.021475525312789415,2.6432743882169145,1.4,30
richardson_2,richardson,trajectory,three_exp,0.0,150,1.0,0.0,1.0,0.021475532706760683,2.6432734781442684,1.4,30
richardson_3,richardson,trajectory,three_exp,0.0,150,1.0,0.0,1.0,0.01800278537214585,3.153162405670234,1.4,30
richardson_a05,richardson,trajectory,three_exp,0.0,150,1.0,0.0,1.0,0.01932829943922157,2.936921906208138,1.4,30
richardson_a10,richardson,trajectory,three_exp,0.0,150,1.0,0.0,1.0,0.03722802243096769,1.524811212791696,1.4,30
richardson_a20,richardson,trajectory,three_exp,0.0,150,1.0,0.0,0.0,0.06118997299090191,0.9276962099859166,1.0,30
single_exp_fit,parametric,trajectory,three_exp,0.0,150,1.0,0.0,1.0,0.023038849958495422,2.4639123105130656,1.4,30
double_exp_fit,parametric,trajectory,three_exp,0.0,150,1.0,0.0,1.0,0.0003058389072529699,185.60655523741926,1.4,30
rational_fit,parametric,trajectory,three_exp,0.0,150,1.0,0.0,1.0,0.011562501006388032,4.909466040386805,1.4,30
log_fit,parametric,trajectory,three_exp,0.0,150,1.0,0.0,0.0,0.06939696439179562,0.8179854339494909,1.0,30
shanks_1,shanks,limit,three_exp,0.0,150,1.0,0.0,1.0,0.05564496614802226,1.0201409033441902,1.4,30
shanks_2,shanks,limit,three_exp,0.0,150,1.0,0.0,0.0,0.10746665542443368,0.5282169228083563,1.0,30
shanks_3,shanks,limit,three_exp,0.0,150,1.0,0.0,0.0,0.09109356996413923,0.6231582103451127,1.0,30
shanks_4,shanks,limit,three_exp,0.0,150,1.0,0.0,0.0,0.09026833755208007,0.6288551176656986,1.0,30
wynn_eps_1,wynn_eps,limit,three_exp,0.0,150,1.0,0.0,1.0,0.05564496614782022,1.020140903347894,1.4,30
wynn_eps_2,wynn_eps,limit,three_exp,0.0,150,1.0,0.0,0.0,0.0903885994587093,0.6280184268009553,1.0,30
wynn_eps_3,wynn_eps,limit,three_exp,0.0,150,1.0,0.0,0.0,0.09038907602085346,0.6280151156728719,1.0,30
wynn_rho_1,wynn_rho,limit,three_exp,0.0,150,1.0,0.0,0.0,0.16929835150175304,0.33529981555793537,1.0,30
wynn_rho_2,wynn_rho,limit,three_exp,0.0,150,1.0,0.0,0.0,0.22020833772251863,0.2577818197979858,1.0,30
wynn_rho_3,wynn_rho,limit,three_exp,0.0,150,1.0,0.0,0.0,0.14387216683469506,0.39455655170622717,1.0,30
pade_11,pade,trajectory,three_exp,0.0,150,1.0,0.0,1.0,0.01058357763140523,5.36356495032042,1.4,30
pade_12,pade,trajectory,three_exp,0.0,150,1.0,0.0,1.0,0.007875572887930712,7.207819271128015,1.4,30
pade_13,pade,trajectory,three_exp,0.0,150,1.0,0.0,1.0,0.0012853341805226098,44.16416126872132,1.4,30
pade_21,pade,trajectory,three_exp,0.0,150,1.0,0.0,1.0,0.0029622614766564304,19.162962648683195,1.4,30
pade_22,pade,trajectory,three_exp,0.0,150,1.0,0.0,1.0,0.004552733541066514,12.468488551056842,1.4,30
pade_23,pade,trajectory,three_exp,0.0,150,1.0,0.0,1.0,0.00119429455591738,47.53074168474003,1.4,30
pade_31,pade,trajectory,three_exp,0.0,150,1.0,0.0,1.0,0.004367933337235938,12.996010160888142,1.4,30
pade_32,pade,trajectory,three_exp,0.0,150,1.0,0.0,1.0,0.0028049964122447285,20.23735423867189,1.4,30
levin_t1,levin,limit,three_exp,0.0,150,1.0,0.0,1.0,0.05564496614781967,1.020140903347904,1.4,30
levin_t2,levin,limit,three_exp,0.0,150,1.0,0.0,0.0,0.13195900202418287,0.4301768364571096,1.0,30
levin_u1,levin,limit,three_exp,0.0,150,1.0,1.0,0.0,7.084026571406798,0.008013197785271344,-1.0,30
levin_u2,levin,limit,three_exp,0.0,150,1.0,1.0,0.0,0.561951982834458,0.10101522508467163,-1.0,30
levin_v1,levin,limit,three_exp,0.0,150,1.0,1.0,0.0,0.5688561062553225,0.09978921806162677,-1.0,30
levin_v2,levin,limit,three_exp,0.0,150,1.0,0.0,1.0,0.026872378227898633,2.11241839301989,1.4,30
weniger_d1,weniger,limit,three_exp,0.0,150,1.0,0.0,0.0,0.10038911602468233,0.5654567773945087,1.0,30
weniger_d2,weniger,limit,three_exp,0.0,150,1.0,0.0,0.0,0.10038911602468233,0.5654567773945087,1.0,30
brezinski_theta1,brezinski,limit,three_exp,0.0,150,1.0,0.0,0.0,0.05690141766110669,0.9976149692945322,1.0,30
brezinski_theta2,brezinski,limit,three_exp,0.0,150,1.0,0.0,0.0,0.10975402967200758,0.5172083995680226,1.0,30
neville_2,neville,trajectory,three_exp,0.0,150,1.0,0.0,1.0,0.0033891215450036205,16.749386317078713,1.4,30
neville_3,neville,trajectory,three_exp,0.0,150,1.0,0.0,1.0,0.0006230978154273398,91.10239937828803,1.4,30
neville_4,neville,trajectory,three_exp,0.0,150,1.0,0.0,1.0,5.236030811422987e-05,1084.13621075261,1.4,30
anderson_1,anderson,limit,three_exp,0.0,150,1.0,0.0,1.0,0.054683347537470714,1.0380803039518145,1.4,30
anderson_2,anderson,limit,three_exp,0.0,150,1.0,0.0,1.0,0.05260639797210691,1.0790646807428015,1.4,30
anderson_3,anderson,limit,three_exp,0.0,150,1.0,0.0,1.0,0.050536353290863964,1.123264785373077,1.4,30
median_ensemble,ensemble,trajectory,three_exp,0.0,150,1.0,0.0,1.0,0.055644966147921235,1.0201409033460422,1.4,30
stability_weighted,ensemble,trajectory,three_exp,0.0,150,1.0,0.0,0.0,0.07954443596771663,0.7136351567800274,1.0,30
best_shanks_wynn,ensemble,limit,three_exp,0.0,150,1.0,0.0,1.0,0.05564496614802226,1.0201409033441902,1.4,30
current_value,baseline,limit,three_exp,0.0,1000,1.0,0.0,0.0,0.14705418326911188,1.0,1.0,30
linear,baseline,trajectory,three_exp,0.0,1000,0.0,1.0,0.0,,,-2.0,30
log_linear,baseline,trajectory,three_exp,0.0,1000,1.0,0.0,1.0,0.03701874879773202,3.9724244617938367,1.4,30
geom_avg_diff,baseline,limit,three_exp,0.0,1000,1.0,0.0,1.0,0.040284298994828854,3.6504093887295563,1.4,30
richardson_1,richardson,trajectory,three_exp,0.0,1000,1.0,0.0,1.0,0.03329373540050603,4.416872468652971,1.4,30
richardson_2,richardson,trajectory,three_exp,0.0,1000,1.0,0.0,1.0,0.0332937421049779,4.416871579212633,1.4,30
richardson_3,richardson,trajectory,three_exp,0.0,1000,1.0,0.0,1.0,0.026261055713052386,5.599705696371618,1.4,30
richardson_a05,richardson,trajectory,three_exp,0.0,1000,1.0,0.0,1.0,0.02410633799430123,6.100229047807912,1.4,30
richardson_a10,richardson,trajectory,three_exp,0.0,1000,1.0,0.0,1.0,0.09295358071800007,1.582017412704527,1.4,30
richardson_a20,richardson,trajectory,three_exp,0.0,1000,1.0,0.0,1.0,0.14519888495947011,1.0127776346916137,1.4,30
single_exp_fit,parametric,trajectory,three_exp,0.0,1000,1.0,0.0,1.0,0.0998662477075027,1.4725113503795344,1.4,30
double_exp_fit,parametric,trajectory,three_exp,0.0,1000,1.0,0.0,1.0,0.004234316377980191,34.729144008662416,1.4,30
rational_fit,parametric,trajectory,three_exp,0.0,1000,1.0,0.0,1.0,0.022054438973851835,6.667781639943874,1.4,30
log_fit,parametric,trajectory,three_exp,0.0,1000,1.0,0.0,1.0,0.11344890830075265,1.2962150581411658,1.4,30
shanks_1,shanks,limit,three_exp,0.0,1000,1.0,0.0,1.0,0.034643511088289315,4.2447828943880115,1.4,30
shanks_2,shanks,limit,three_exp,0.0,1000,1.0,0.0,1.0,0.01717817818812211,8.56052263858765,1.4,30
shanks_3,shanks,limit,three_exp,0.0,1000,1.0,0.0,1.0,0.0008050927278276596,182.6549640634572,1.4,30
shanks_4,shanks,limit,three_exp,0.0,1000,1.0,0.0,1.0,2.01396842315002e-05,7301.712458783563,1.4,30
wynn_eps_1,wynn_eps,limit,three_exp,0.0,1000,1.0,0.0,1.0,0.034643511088491355,4.244782894363255,1.4,30
wynn_eps_2,wynn_eps,limit,three_exp,0.0,1000,1.0,0.0,1.0,0.00010012222239774195,1468.7466952634122,1.4,30
wynn_eps_3,wynn_eps,limit,three_exp,0.0,1000,1.0,0.0,1.0,0.00010059878454188147,1461.7888669210513,1.4,30
wynn_rho_1,wynn_rho,limit,three_exp,0.0,1000,1.0,0.0,1.0,0.07900987426544148,1.8612127235523601,1.4,30
wynn_rho_2,wynn_rho,limit,three_exp,0.0,1000,1.0,0.0,1.0,0.12991986048620707,1.1318837837323867,1.4,30
wynn_rho_3,wynn_rho,limit,three_exp,0.0,1000,1.0,0.0,1.0,0.0535836895983835,2.7443833071462884,1.4,30
pade_11,pade,trajectory,three_exp,0.0,1000,1.0,0.0,1.0,0.018602300184754852,7.90516128696962,1.4,30
pade_12,pade,trajectory,three_exp,0.0,1000,1.0,0.0,1.0,0.009927106884936329,14.813397797928017,1.4,30
pade_13,pade,trajectory,three_exp,0.0,1000,1.0,0.0,1.0,0.00764315274547357,19.239990114838452,1.4,30
pade_21,pade,trajectory,three_exp,0.0,1000,1.0,0.0,0.0,0.4439750525189341,0.3312217261640855,1.0,30
pade_22,pade,trajectory,three_exp,0.0,1000,0.0,1.0,0.0,,,-2.0,30
pade_23,pade,trajectory,three_exp,0.0,1000,1.0,0.0,1.0,0.0026430723986233806,55.63759182143617,1.4,30
pade_31,pade,trajectory,three_exp,0.0,1000,0.0,1.0,0.0,,,-2.0,30
pade_32,pade,trajectory,three_exp,0.0,1000,1.0,0.0,0.0,0.4379403939917288,0.33578584046277593,1.0,30
levin_t1,levin,limit,three_exp,0.0,1000,1.0,0.0,1.0,0.0346435110884919,4.244782894363189,1.4,30
levin_t2,levin,limit,three_exp,0.0,1000,1.0,0.0,1.0,0.04167052478787128,3.5289736334665456,1.4,30
levin_u1,levin,limit,three_exp,0.0,1000,1.0,1.0,0.0,7.174315048643109,0.020497313300581146,-1.0,30
levin_u2,levin,limit,three_exp,0.0,1000,1.0,0.0,0.0,0.6522404600707696,0.22546007534269824,1.0,30
levin_v1,levin,limit,three_exp,0.0,1000,1.0,0.0,0.0,0.6591445834916341,0.22309852337727404,1.0,30
levin_v2,levin,limit,three_exp,0.0,1000,1.0,0.0,1.0,0.1171608554642102,1.2551477427034778,1.4,30
weniger_d1,weniger,limit,three_exp,0.0,1000,1.0,0.0,1.0,0.010100638788370754,14.55889932807229,1.4,30
weniger_d2,weniger,limit,three_exp,0.0,1000,1.0,0.0,1.0,0.010100638788370754,14.55889932807229,1.4,30
brezinski_theta1,brezinski,limit,three_exp,0.0,1000,1.0,0.0,1.0,0.03338705957520488,4.4045263386513565,1.4,30
brezinski_theta2,brezinski,limit,three_exp,0.0,1000,1.0,0.0,1.0,0.019465552435696004,7.554585658686129,1.4,30
neville_2,neville,trajectory,three_exp,0.0,1000,1.0,0.0,1.0,0.00015359707362419019,957.4022460148755,1.4,30
neville_3,neville,trajectory,three_exp,0.0,1000,1.0,0.0,1.0,0.03125725819037202,4.704641154815302,1.4,30
neville_4,neville,trajectory,three_exp,0.0,1000,1.0,0.0,1.0,0.04776833997045348,3.0784863648196783,1.4,30
anderson_1,anderson,limit,three_exp,0.0,1000,1.0,0.0,1.0,0.1449718247737823,1.0143638841449292,1.4,30
anderson_2,anderson,limit,three_exp,0.0,1000,1.0,0.0,1.0,0.14289487520841848,1.0291074683723043,1.4,30
anderson_3,anderson,limit,three_exp,0.0,1000,1.0,0.0,1.0,0.14082483052717554,1.0442347611469998,1.4,30
median_ensemble,ensemble,trajectory,three_exp,0.0,1000,1.0,0.0,1.0,0.0049134923312692935,29.92864817011399,1.4,30
stability_weighted,ensemble,trajectory,three_exp,0.0,1000,1.0,0.0,1.0,0.010206618380932597,14.407728179965055,1.4,30
best_shanks_wynn,ensemble,limit,three_exp,0.0,1000,1.0,0.0,1.0,0.034643511088289315,4.2447828943880115,1.4,30
current_value,baseline,limit,three_exp,0.0,5000,1.0,0.0,0.0,0.14715482205748262,1.0,1.0,30
linear,baseline,trajectory,three_exp,0.0,5000,0.0,1.0,0.0,,,-2.0,30
log_linear,baseline,trajectory,three_exp,0.0,5000,1.0,0.0,1.0,0.014569692614358847,10.100063601373261,1.4,30
geom_avg_diff,baseline,limit,three_exp,0.0,5000,1.0,0.0,1.0,0.04038208511463661,3.6440620052119574,1.4,30
richardson_1,richardson,trajectory,three_exp,0.0,5000,1.0,0.0,1.0,0.008071404095246554,18.231626160824444,1.4,30
richardson_2,richardson,trajectory,three_exp,0.0,5000,1.0,0.0,1.0,0.008071408440381303,18.231616346072414,1.4,30
richardson_3,richardson,trajectory,three_exp,0.0,5000,1.0,0.0,1.0,0.0028613662142873055,51.4281678880224,1.4,30
richardson_a05,richardson,trajectory,three_exp,0.0,5000,1.0,0.0,1.0,0.0056725046861085295,25.941771792247607,1.4,30
richardson_a10,richardson,trajectory,three_exp,0.0,5000,1.0,0.0,1.0,0.08817474859588434,1.6688998199689933,1.4,30
richardson_a20,richardson,trajectory,three_exp,0.0,5000,1.0,0.0,1.0,0.14516076302171987,1.0137369010347816,1.4,30
single_exp_fit,parametric,trajectory,three_exp,0.0,5000,1.0,0.0,1.0,0.09996688632249609,1.4720356657179146,1.4,30
double_exp_fit,parametric,trajectory,three_exp,0.0,5000,1.0,0.0,1.0,0.004258052986103355,34.55918057801048,1.4,30
rational_fit,parametric,trajectory,three_exp,0.0,5000,1.0,0.0,1.0,0.008210336487074657,17.923117071894076,1.4,30
log_fit,parametric,trajectory,three_exp,0.0,5000,1.0,0.0,1.0,0.09023618398210737,1.6307739929102216,1.4,30
shanks_1,shanks,limit,three_exp,0.0,5000,1.0,0.0,1.0,0.034744149876660066,4.235384160495353,1.4,30
shanks_2,shanks,limit,three_exp,0.0,5000,1.0,0.0,1.0,0.01707753939975136,8.616863273618044,1.4,30
shanks_3,shanks,limit,three_exp,0.0,5000,1.0,0.0,1.0,0.0007044539394569071,208.89204221205776,1.4,30
shanks_4,shanks,limit,three_exp,0.0,5000,1.0,0.0,1.0,0.00012077847260225268,1218.3861816343087,1.4,30
wynn_eps_1,wynn_eps,limit,three_exp,0.0,5000,1.0,0.0,1.0,0.034744149876862106,4.235384160470724,1.4,30
wynn_eps_2,wynn_eps,limit,three_exp,0.0,5000,1.0,0.0,1.0,5.165659730105299e-07,284871.30346559425,1.4,30
wynn_eps_3,wynn_eps,limit,three_exp,0.0,5000,1.0,0.0,1.0,4.000382887101028e-08,3678518.437121948,1.4,30
wynn_rho_1,wynn_rho,limit,three_exp,0.0,5000,1.0,0.0,1.0,0.07890923547707074,1.8648618399077321,1.4,30
wynn_rho_2,wynn_rho,limit,three_exp,0.0,5000,1.0,0.0,1.0,0.12981922169783633,1.1335364681202307,1.4,30
wynn_rho_3,wynn_rho,limit,three_exp,0.0,5000,1.0,0.0,1.0,0.05348305081001275,2.7514290944287954,1.4,30
pade_11,pade,trajectory,three_exp,0.0,5000,1.0,0.0,1.0,0.004178905178418638,35.2137260298326,1.4,30
pade_12,pade,trajectory,three_exp,0.0,5000,1.0,0.0,1.0,0.005857926484507302,25.120633119358704,1.4,30
pade_13,pade,trajectory,three_exp,0.0,5000,1.0,0.0,1.0,0.00991918675643276,14.835371656053379,1.4,30
pade_21,pade,trajectory,three_exp,0.0,5000,0.0,1.0,0.0,,,-2.0,30
pade_22,pade,trajectory,three_exp,0.0,5000,1.0,0.0,0.0,0.6871441674715928,0.21415421831920903,1.0,30
pade_23,pade,trajectory,three_exp,0.0,5000,1.0,0.0,1.0,0.007535227239402954,19.528916299695066,1.4,30
pade_31,pade,trajectory,three_exp,0.0,5000,0.0,1.0,0.0,,,-2.0,30
pade_32,pade,trajectory,three_exp,0.0,5000,0.0,1.0,0.0,,,-2.0,30
levin_t1,levin,limit,three_exp,0.0,5000,1.0,0.0,1.0,0.034744149876862654,4.235384160470657,1.4,30
levin_t2,levin,limit,three_exp,0.0,5000,1.0,0.0,1.0,0.04156988599950053,3.5399380710173394,1.4,30
levin_u1,levin,limit,three_exp,0.0,5000,1.0,1.0,0.0,7.17441568743148,0.020511053229780956,-1.0,30
levin_u2,levin,limit,three_exp,0.0,5000,1.0,0.0,0.0,0.6523410988591404,0.2255795661423713,1.0,30
levin_v1,levin,limit,three_exp,0.0,5000,1.0,0.0,0.0,0.6592452222800048,0.22321712328615215,1.0,30
levin_v2,levin,limit,three_exp,0.0,5000,1.0,0.0,1.0,0.11726149425258095,1.2549287640878217,1.4,30
weniger_d1,weniger,limit,three_exp,0.0,5000,1.0,0.0,1.0,0.010000000000000002,14.715482205748259,1.4,30
weniger_d2,weniger,limit,three_exp,0.0,5000,1.0,0.0,1.0,0.010000000000000002,14.715482205748259,1.4,30
brezinski_theta1,brezinski,limit,three_exp,0.0,5000,1.0,0.0,1.0,0.03348769836357563,4.394294897780793,1.4,30
brezinski_theta2,brezinski,limit,three_exp,0.0,5000,1.0,0.0,1.0,0.019364913647325253,7.599043545324982,1.4,30
neville_2,neville,trajectory,three_exp,0.0,5000,1.0,0.0,1.0,0.015627057785628663,9.416668452638138,1.4,30
neville_3,neville,trajectory,three_exp,0.0,5000,1.0,0.0,1.0,0.05460838981001438,2.694729190321165,1.4,30
neville_4,neville,trajectory,three_exp,0.0,5000,1.0,0.0,1.0,0.07687872080163427,1.9141164228938945,1.4,30
anderson_1,anderson,limit,three_exp,0.0,5000,1.0,0.0,1.0,0.14507246356215303,1.0143539197184548,1.4,30
anderson_2,anderson,limit,three_exp,0.0,5000,1.0,0.0,1.0,0.14299551399678923,1.0290869828321103,1.4,30
anderson_3,anderson,limit,three_exp,0.0,5000,1.0,0.0,1.0,0.14092546931554628,1.044203171876534,1.4,30
median_ensemble,ensemble,trajectory,three_exp,0.0,5000,1.0,0.0,1.0,0.00035196868674194914,418.09066431347424,1.4,30
stability_weighted,ensemble,trajectory,three_exp,0.0,5000,1.0,0.0,1.0,0.009082173369485882,16.20259998029664,1.4,30
best_shanks_wynn,ensemble,limit,three_exp,0.0,5000,1.0,0.0,1.0,0.034744149876660066,4.235384160495353,1.4,30
current_value,baseline,limit,three_exp,0.001,150,1.0,0.0,0.0,0.056830568803589485,1.0,1.0,30
linear,baseline,trajectory,three_exp,0.001,150,1.0,0.0,0.0,0.07447139860975364,0.7614041058330303,1.0,30
log_linear,baseline,trajectory,three_exp,0.001,150,1.0,0.0,1.0,0.02145638291306881,2.6583264364838577,1.4,30
geom_avg_diff,baseline,limit,three_exp,0.001,150,0.3333,0.6667,0.1667,0.060666957338150085,0.9519866813748565,-0.9333,30
richardson_1,richardson,trajectory,three_exp,0.001,150,1.0,0.0,1.0,0.021543133183271695,2.6460603330084957,1.4,30
richardson_2,richardson,trajectory,three_exp,0.001,150,1.0,0.0,1.0,0.02154312646219276,2.6460608307953697,1.4,30
richardson_3,richardson,trajectory,three_exp,0.001,150,1.0,0.0,1.0,0.01805936863621839,3.1572229349994116,1.4,30
richardson_a05,richardson,trajectory,three_exp,0.001,150,1.0,0.0,1.0,0.01941631459733064,2.93329722678097,1.4,30
richardson_a10,richardson,trajectory,three_exp,0.001,150,1.0,0.0,1.0,0.037299583359444194,1.527858546360498,1.4,30
richardson_a20,richardson,trajectory,three_exp,0.001,150,1.0,0.0,0.0,0.06122247651647643,0.9314831073297771,1.0,30
single_exp_fit,parametric,trajectory,three_exp,0.001,150,1.0,0.0,1.0,0.023097205472856,2.453176312487461,1.4,30
double_exp_fit,parametric,trajectory,three_exp,0.001,150,1.0,0.0,1.0,0.003247192851659683,17.045230092654183,1.4,30
rational_fit,parametric,trajectory,three_exp,0.001,150,1.0,0.0,1.0,0.011649121106883036,4.850745388958729,1.4,30
log_fit,parametric,trajectory,three_exp,0.001,150,1.0,0.0,0.0,0.06941805169391324,0.819165234842467,1.0,30
shanks_1,shanks,limit,three_exp,0.001,150,1.0,0.0,0.5667,0.05804238643206201,1.000135278562417,1.2267,30
shanks_2,shanks,limit,three_exp,0.001,150,1.0,0.0,0.0333,0.05965206168599596,0.9509354054661723,1.0133,30
shanks_3,shanks,limit,three_exp,0.001,150,1.0,0.0,0.1333,0.0604054456347357,0.9498202840711092,1.0533,30
shanks_4,shanks,limit,three_exp,0.001,150,1.0,0.0,0.0333,0.0619102021311221,0.9214972791027028,1.0133,30
wynn_eps_1,wynn_eps,limit,three_exp,0.001,150,1.0,0.0,0.5667,0.058042386432062235,1.0001352785624187,1.2267,30
wynn_eps_2,wynn_eps,limit,three_exp,0.001,150,1.0,0.0,0.3667,0.05907141738495497,0.9710499817989809,1.1467,30
wynn_eps_3,wynn_eps,limit,three_exp,0.001,150,1.0,0.0,0.3333,0.059306556882265285,0.9686517940642161,1.1333,30
wynn_rho_1,wynn_rho,limit,three_exp,0.001,150,1.0,0.0,0.2,0.058378190899121066,0.9937091084440957,1.08,30
wynn_rho_2,wynn_rho,limit,three_exp,0.001,150,1.0,0.0,0.5333,0.056912221904452,1.0207138083922178,1.2133,30
wynn_rho_3,wynn_rho,limit,three_exp,0.001,150,0.9667,0.0667,0.4667,0.059261415634768014,0.9785107182618902,1.02,30
pade_11,pade,trajectory,three_exp,0.001,150,1.0,0.0,1.0,0.009846095094676148,5.810714185137893,1.4,30
pade_12,pade,trajectory,three_exp,0.001,150,1.0,0.0,1.0,0.007501164565425586,7.644153526170186,1.4,30
pade_13,pade,trajectory,three_exp,0.001,150,1.0,0.0,1.0,0.013646587575293051,4.234994760074057,1.4,30
pade_21,pade,trajectory,three_exp,0.001,150,1.0,0.0,1.0,0.021889723269512266,2.585315106851401,1.4,30
pade_22,pade,trajectory,three_exp,0.001,150,1.0,0.0,1.0,0.012566341392024248,4.541390578551743,1.4,30
pade_23,pade,trajectory,three_exp,0.001,150,1.0,0.0,1.0,0.007091775089274395,8.01740411690873,1.4,30
pade_31,pade,trajectory,three_exp,0.001,150,1.0,0.0,0.0,0.14693283037514493,0.3872223277216458,1.0,30
pade_32,pade,trajectory,three_exp,0.001,150,1.0,0.0,1.0,0.015141693536050244,3.7239234756270867,1.4,30
levin_t1,levin,limit,three_exp,0.001,150,1.0,0.0,0.5667,0.05804238643206222,1.0001352785624187,1.2267,30
levin_t2,levin,limit,three_exp,0.001,150,1.0,0.0,0.3333,0.058244848007903985,0.9726873691188176,1.1333,30
levin_u1,levin,limit,three_exp,0.001,150,1.0,0.0,0.5333,0.058045461977857024,1.000111416295733,1.2133,30
levin_u2,levin,limit,three_exp,0.001,150,1.0,0.0,0.3333,0.058234780216725485,0.9729645354729077,1.1333,30
levin_v1,levin,limit,three_exp,0.001,150,1.0,0.0,0.0333,0.05994106604339561,0.952895639413742,1.0133,30
levin_v2,levin,limit,three_exp,0.001,150,1.0,0.0,0.0333,0.06020132383228799,0.9487520305449363,1.0133,30
weniger_d1,weniger,limit,three_exp,0.001,150,1.0,0.0,0.0,0.10038911602468233,0.566102890970937,1.0,30
weniger_d2,weniger,limit,three_exp,0.001,150,1.0,0.0,0.0,0.10038911602468233,0.566102890970937,1.0,30
brezinski_theta1,brezinski,limit,three_exp,0.001,150,1.0,0.0,0.5667,0.057064533478429144,1.028035243236783,1.2267,30
brezinski_theta2,brezinski,limit,three_exp,0.001,150,1.0,0.0,0.1333,0.06332824300635902,0.9031139492160123,1.0533,30
neville_2,neville,trajectory,three_exp,0.001,150,0.6667,0.9,0.0,1.3793853654891999,0.04270426883679897,-1.1333,30
neville_3,neville,trajectory,three_exp,0.001,150,0.5333,1.0,0.0,31.41920104193047,0.001938163403057762,-1.4667,30
neville_4,neville,trajectory,three_exp,0.001,150,0.3667,1.0,0.0,218.99929657335343,0.0002661662269566318,-1.6333,30
anderson_1,anderson,limit,three_exp,0.001,150,1.0,0.0,0.5667,0.0580411033547667,1.000135082041747,1.2267,30
anderson_2,anderson,limit,three_exp,0.001,150,1.0,0.0,0.4667,0.0577803731253549,0.9987845799860731,1.1867,30
anderson_3,anderson,limit,three_exp,0.001,150,1.0,0.0,0.3667,0.05766938921739016,0.9925243407123852,1.1467,30
median_ensemble,ensemble,trajectory,three_exp,0.001,150,1.0,0.0,0.7333,0.05679904565604993,1.002504117752319,1.2933,30
stability_weighted,ensemble,trajectory,three_exp,0.001,150,1.0,0.0,0.2333,0.058689976189693877,0.9721410303120157,1.0933,30
best_shanks_wynn,ensemble,limit,three_exp,0.001,150,1.0,0.0,0.5667,0.05804238643206201,1.000135278562417,1.2267,30
current_value,baseline,limit,three_exp,0.001,1000,1.0,0.0,0.0,0.14711904603990106,1.0,1.0,30
linear,baseline,trajectory,three_exp,0.001,1000,0.0,1.0,0.0,,,-2.0,30
log_linear,baseline,trajectory,three_exp,0.001,1000,1.0,0.0,1.0,0.037061255497199456,3.9738289775332385,1.4,30
geom_avg_diff,baseline,limit,three_exp,0.001,1000,0.3,0.7,0.1667,0.14696733629332465,1.0021757339109365,-1.0333,30
richardson_1,richardson,trajectory,three_exp,0.001,1000,1.0,0.0,1.0,0.03335142006864719,4.416761747344105,1.4,30
richardson_2,richardson,trajectory,three_exp,0.001,1000,1.0,0.0,1.0,0.03335141838388369,4.416762981592294,1.4,30
richardson_3,richardson,trajectory,three_exp,0.001,1000,1.0,0.0,1.0,0.026297391234854226,5.5977955200453335,1.4,30
richardson_a05,richardson,trajectory,three_exp,0.001,1000,1.0,0.0,1.0,0.024283256913166955,6.0649954108024815,1.4,30
richardson_a10,richardson,trajectory,three_exp,0.001,1000,1.0,0.0,1.0,0.09304204343959194,1.5829289974902907,1.4,30
richardson_a20,richardson,trajectory,three_exp,0.001,1000,1.0,0.0,0.9667,0.14523805922237792,1.014265953209137,1.3867,30
single_exp_fit,parametric,trajectory,three_exp,0.001,1000,1.0,0.0,1.0,0.10009025275668648,1.470132740176811,1.4,30
double_exp_fit,parametric,trajectory,three_exp,0.001,1000,1.0,0.0,1.0,0.013154409415140081,11.778631042143848,1.4,30
rational_fit,parametric,trajectory,three_exp,0.001,1000,1.0,0.0,1.0,0.022312475690584754,6.583229816441252,1.4,30
log_fit,parametric,trajectory,three_exp,0.001,1000,1.0,0.0,1.0,0.11346425306057967,1.2969985611204962,1.4,30
shanks_1,shanks,limit,three_exp,0.001,1000,1.0,0.0,0.5667,0.14833086366837359,1.0000522909921985,1.2267,30
shanks_2,shanks,limit,three_exp,0.001,1000,1.0,0.0,0.0333,0.14994053892230752,0.9805804376829665,1.0133,30
shanks_3,shanks,limit,three_exp,0.001,1000,1.0,0.0,0.1333,0.15069392287104727,0.9798765405255552,1.0533,30
shanks_4,shanks,limit,three_exp,0.001,1000,1.0,0.0,0.0333,0.15219867936743367,0.9680758676141585,1.0133,30
wynn_eps_1,wynn_eps,limit,three_exp,0.001,1000,1.0,0.0,0.5667,0.1483308636683738,1.0000522909921994,1.2267,30
wynn_eps_2,wynn_eps,limit,three_exp,0.001,1000,1.0,0.0,0.3667,0.14935989462126653,0.988633170455466,1.1467,30
wynn_eps_3,wynn_eps,limit,three_exp,0.001,1000,1.0,0.0,0.3333,0.14959503411857686,0.9876571221520087,1.1333,30
wynn_rho_1,wynn_rho,limit,three_exp,0.001,1000,1.0,0.0,0.2,0.14866666813543264,0.9975425886851874,1.08,30
wynn_rho_2,wynn_rho,limit,three_exp,0.001,1000,1.0,0.0,0.5667,0.14642321351871496,1.0094460385814188,1.2267,30
wynn_rho_3,wynn_rho,limit,three_exp,0.001,1000,0.9667,0.0333,0.5333,0.14674260652285018,1.0042527270954884,1.1133,30
pade_11,pade,trajectory,three_exp,0.001,1000,1.0,0.0,1.0,0.01584636715248112,9.312980241939414,1.4,30
pade_12,pade,trajectory,three_exp,0.001,1000,1.0,0.0,1.0,0.009819737223196602,15.049263523051124,1.4,30
pade_13,pade,trajectory,three_exp,0.001,1000,0.9333,0.0667,0.4667,0.147956630725403,0.9869679003629084,0.9867,30
pade_21,pade,trajectory,three_exp,0.001,1000,1.0,0.3,0.1667,0.546212972210025,0.2688335285044705,0.4667,30
pade_22,pade,trajectory,three_exp,0.001,1000,1.0,0.0,1.0,0.02603346688784182,5.695103056513342,1.4,30
pade_23,pade,trajectory,three_exp,0.001,1000,1.0,0.0,1.0,0.009681745147062918,15.221161744590908,1.4,30
pade_31,pade,trajectory,three_exp,0.001,1000,1.0,1.0,0.0,23.13386712478632,0.006343549028665199,-1.0,30
pade_32,pade,trajectory,three_exp,0.001,1000,1.0,0.0,0.4,0.1717878767901635,0.8537481199161835,1.16,30
levin_t1,levin,limit,three_exp,0.001,1000,1.0,0.0,0.5667,0.14833086366837378,1.0000522909921994,1.2267,30
levin_t2,levin,limit,three_exp,0.001,1000,1.0,0.0,0.3333,0.14853332524421556,0.9892020080053652,1.1333,30
levin_u1,levin,limit,three_exp,0.001,1000,1.0,0.0,0.5333,0.1483339392141686,1.0000430603259796,1.2133,30
levin_u2,levin,limit,three_exp,0.001,1000,1.0,0.0,0.3333,0.14852325745303707,0.9893123505507726,1.1333,30
levin_v1,levin,limit,three_exp,0.001,1000,1.0,0.0,0.0333,0.15022954327970717,0.98120848877082,1.0133,30
levin_v2,levin,limit,three_exp,0.001,1000,1.0,0.0,0.0333,0.15048980106859955,0.979721916406588,1.0133,30
weniger_d1,weniger,limit,three_exp,0.001,1000,1.0,0.0,1.0,0.010100638788370754,14.565320978439972,1.4,30
weniger_d2,weniger,limit,three_exp,0.001,1000,1.0,0.0,1.0,0.010100638788370754,14.565320978439972,1.4,30
brezinski_theta1,brezinski,limit,three_exp,0.001,1000,1.0,0.0,0.5667,0.14735301071474072,1.0107328205900357,1.2267,30
brezinski_theta2,brezinski,limit,three_exp,0.001,1000,1.0,0.0,0.1333,0.1536167202426706,0.9596302118636115,1.0533,30
neville_2,neville,trajectory,three_exp,0.001,1000,0.5667,0.9667,0.0,7.178677638085226,0.020718649363862144,-1.3667,30
neville_3,neville,trajectory,three_exp,0.001,1000,0.3667,1.0,0.0,230.64117738613865,0.0006423554838330865,-1.6333,30
neville_4,neville,trajectory,three_exp,0.001,1000,0.0,1.0,0.0,,,-2.0,30
anderson_1,anderson,limit,three_exp,0.001,1000,1.0,0.0,0.5667,0.14832958059107826,1.0000522144073782,1.2267,30
anderson_2,anderson,limit,three_exp,0.001,1000,1.0,0.0,0.4667,0.14806885036166648,0.999525891175306,1.1867,30
anderson_3,anderson,limit,three_exp,0.001,1000,1.0,0.0,0.3667,0.14795786645370174,0.9971240944702817,1.1467,30
median_ensemble,ensemble,trajectory,three_exp,0.001,1000,1.0,0.0,0.5667,0.14810114313348058,1.0000659450677096,1.2267,30
stability_weighted,ensemble,trajectory,three_exp,0.001,1000,1.0,0.0,0.4,0.14823896518501867,0.9965776042017505,1.16,30
best_shanks_wynn,ensemble,limit,three_exp,0.001,1000,1.0,0.0,0.5667,0.14833086366837359,1.0000522909921985,1.2267,30
current_value,baseline,limit,three_exp,0.001,5000,1.0,0.0,0.0,0.1472196848282718,1.0,1.0,30
linear,baseline,trajectory,three_exp,0.001,5000,0.0,1.0,0.0,,,-2.0,30
log_linear,baseline,trajectory,three_exp,0.001,5000,1.0,0.0,1.0,0.014595422275720051,10.096061042996773,1.4,30
geom_avg_diff,baseline,limit,three_exp,0.001,5000,0.3,0.7,0.1667,0.1470679750816954,1.0021742450536615,-1.0333,30
richardson_1,richardson,trajectory,three_exp,0.001,5000,1.0,0.0,1.0,0.008111144350448709,18.17841454081369,1.4,30
richardson_2,richardson,trajectory,three_exp,0.001,5000,1.0,0.0,1.0,0.008111142953927817,18.178423534061608,1.4,30
richardson_3,richardson,trajectory,three_exp,0.001,5000,1.0,0.0,1.0,0.0028817902072619684,51.11745051663446,1.4,30
richardson_a05,richardson,trajectory,three_exp,0.001,5000,1.0,0.0,1.0,0.0054713777112316495,27.04206715807203,1.4,30
richardson_a10,richardson,trajectory,three_exp,0.001,5000,1.0,0.0,1.0,0.08826719295884838,1.6702177000319685,1.4,30
richardson_a20,richardson,trajectory,three_exp,0.001,5000,1.0,0.0,0.9667,0.1452001126163728,1.0152212419225857,1.3867,30
single_exp_fit,parametric,trajectory,three_exp,0.001,5000,1.0,0.0,1.0,0.10019089136789726,1.4696549856107932,1.4,30
double_exp_fit,parametric,trajectory,three_exp,0.001,5000,1.0,0.0,1.0,0.013190576079985979,11.756999580596943,1.4,30
rational_fit,parametric,trajectory,three_exp,0.001,5000,1.0,0.0,1.0,0.008563124792675873,17.165314018411706,1.4,30
log_fit,parametric,trajectory,three_exp,0.001,5000,1.0,0.0,1.0,0.09024863323995913,1.6317713218025767,1.4,30
shanks_1,shanks,limit,three_exp,0.001,5000,1.0,0.0,0.5667,0.14843150245674433,1.000052255261528,1.2267,30
shanks_2,shanks,limit,three_exp,0.001,5000,1.0,0.0,0.0333,0.15004117771067826,0.9805935073259466,1.0133,30
shanks_3,shanks,limit,three_exp,0.001,5000,1.0,0.0,0.1333,0.150794561659418,0.9798899643111514,1.0533,30
shanks_4,shanks,limit,three_exp,0.001,5000,1.0,0.0,0.0333,0.15229931815580441,0.9680969667094046,1.0133,30
wynn_eps_1,wynn_eps,limit,three_exp,0.001,5000,1.0,0.0,0.5667,0.14843150245674455,1.000052255261529,1.2267,30
wynn_eps_2,wynn_eps,limit,three_exp,0.001,5000,1.0,0.0,0.3667,0.14946053340963728,0.9886408602687681,1.1467,30
wynn_eps_3,wynn_eps,limit,three_exp,0.001,5000,1.0,0.0,0.3333,0.1496956729069476,0.987665457171828,1.1333,30
wynn_rho_1,wynn_rho,limit,three_exp,0.001,5000,1.0,0.0,0.2,0.14876730692380338,0.9975442566470888,1.08,30
wynn_rho_2,wynn_rho,limit,three_exp,0.001,5000,1.0,0.0,0.5667,0.1465238523070857,1.009439529440165,1.2267,30
wynn_rho_3,wynn_rho,limit,three_exp,0.001,5000,0.9667,0.0333,0.5333,0.14684324531122092,1.0042498124956287,1.1133,30
pade_11,pade,trajectory,three_exp,0.001,5000,1.0,0.0,1.0,0.003770663936470801,39.11466571045172,1.4,30
pade_12,pade,trajectory,three_exp,0.001,5000,1.0,0.0,1.0,0.005881617058582755,24.997827813124786,1.4,30
pade_13,pade,trajectory,three_exp,0.001,5000,1.0,0.0,1.0,0.010940285888725743,13.540848625158503,1.4,30
pade_21,pade,trajectory,three_exp,0.001,5000,0.9333,0.9,0.0333,3.6521198680462987,0.04071931339931574,-0.8533,30
pade_22,pade,trajectory,three_exp,0.001,5000,1.0,0.0,1.0,0.012875286326284084,11.52386779802843,1.4,30
pade_23,pade,trajectory,three_exp,0.001,5000,1.0,0.0,1.0,0.005912331021243274,24.83537048233597,1.4,30
pade_31,pade,trajectory,three_exp,0.001,5000,0.0,1.0,0.0,,,-2.0,30
pade_32,pade,trajectory,three_exp,0.001,5000,0.7333,0.6667,0.1,0.8755478928627749,0.1679860737901024,-0.56,30
levin_t1,levin,limit,three_exp,0.001,5000,1.0,0.0,0.5667,0.14843150245674452,1.000052255261529,1.2267,30
levin_t2,levin,limit,three_exp,0.001,5000,1.0,0.0,0.3333,0.1486339640325863,0.9892092802819678,1.1333,30
levin_u1,levin,limit,three_exp,0.001,5000,1.0,0.0,0.5333,0.14843457800253934,1.0000430308996615,1.2133,30
levin_u2,levin,limit,three_exp,0.001,5000,1.0,0.0,0.3333,0.14862389624140782,0.9893195488360644,1.1333,30
levin_v1,levin,limit,three_exp,0.001,5000,1.0,0.0,0.0333,0.1503301820680779,0.9812210690758225,1.0133,30
levin_v2,levin,limit,three_exp,0.001,5000,1.0,0.0,0.0333,0.1505904398569703,0.9797355663326781,1.0133,30
weniger_d1,weniger,limit,three_exp,0.001,5000,1.0,0.0,1.0,0.010000000000000002,14.721968482827178,1.4,30
weniger_d2,weniger,limit,three_exp,0.001,5000,1.0,0.0,1.0,0.010000000000000002,14.721968482827178,1.4,30
brezinski_theta1,brezinski,limit,three_exp,0.001,5000,1.0,0.0,0.5667,0.14745364950311146,1.0107254425434786,1.2267,30
brezinski_theta2,brezinski,limit,three_exp,0.001,5000,1.0,0.0,0.1333,0.15371735903104133,0.9596564430347438,1.0533,30
neville_2,neville,trajectory,three_exp,0.001,5000,0.5667,0.9667,0.0,8.32496944683502,0.017880077501805203,-1.3667,30
neville_3,neville,trajectory,three_exp,0.001,5000,0.2667,1.0,0.0,233.4869943432833,0.0006351546483460943,-1.7333,30
neville_4,neville,trajectory,three_exp,0.001,5000,0.0,1.0,0.0,,,-2.0,30
anderson_1,anderson,limit,three_exp,0.001,5000,1.0,0.0,0.5667,0.148430219379449,1.000052178728768,1.2267,30
anderson_2,anderson,limit,three_exp,0.001,5000,1.0,0.0,0.4667,0.14816948915003722,0.9995262132671894,1.1867,30
anderson_3,anderson,limit,three_exp,0.001,5000,1.0,0.0,0.3667,0.14805850524207248,0.9971260655027658,1.1467,30
median_ensemble,ensemble,trajectory,three_exp,0.001,5000,1.0,0.0,0.7333,0.14718816168073223,1.000977458796333,1.2933,30
stability_weighted,ensemble,trajectory,three_exp,0.001,5000,1.0,0.0,0.7,0.1462288615878893,1.0108436058775172,1.28,30
best_shanks_wynn,ensemble,limit,three_exp,0.001,5000,1.0,0.0,0.5667,0.14843150245674433,1.000052255261528,1.2267,30
current_value,baseline,limit,three_exp,0.005,150,1.0,0.0,0.0,0.05519367820261298,1.0,1.0,30
linear,baseline,trajectory,three_exp,0.005,150,1.0,0.0,0.0,0.07575421127511824,0.7357028074455825,1.0,30
log_linear,baseline,trajectory,three_exp,0.005,150,1.0,0.0,1.0,0.02103265089217613,2.6247381301350137,1.4,30
geom_avg_diff,baseline,limit,three_exp,0.005,150,0.5667,0.4333,0.2667,0.05581881517961508,0.9413665810006177,-0.1933,30
richardson_1,richardson,trajectory,three_exp,0.005,150,1.0,0.0,1.0,0.02111894982210394,2.589069093547204,1.4,30
richardson_2,richardson,trajectory,three_exp,0.005,150,1.0,0.0,1.0,0.021118947052032266,2.5890693648896104,1.4,30
richardson_3,richardson,trajectory,three_exp,0.005,150,1.0,0.0,1.0,0.01767275732780399,3.1039297629791873,1.4,30
richardson_a05,richardson,trajectory,three_exp,0.005,150,1.0,0.0,1.0,0.018896638273557614,2.931809263221524,1.4,30
richardson_a10,richardson,trajectory,three_exp,0.005,150,1.0,0.0,1.0,0.03684611190172245,1.4974623082774796,1.4,30
richardson_a20,richardson,trajectory,three_exp,0.005,150,1.0,0.0,0.1333,0.060874383959348966,0.9076884911925149,1.0533,30
single_exp_fit,parametric,trajectory,three_exp,0.005,150,1.0,0.0,1.0,0.0217805850091555,2.5102508703520954,1.4,30
double_exp_fit,parametric,trajectory,three_exp,0.005,150,0.9667,0.0333,0.9667,0.00803602565468027,6.098212047681237,1.2867,30
rational_fit,parametric,trajectory,three_exp,0.005,150,1.0,0.0,1.0,0.01094233504082006,5.139786484699137,1.4,30
log_fit,parametric,trajectory,three_exp,0.005,150,1.0,0.0,0.0,0.06916623865935145,0.7979907574273206,1.0,30
shanks_1,shanks,limit,three_exp,0.005,150,1.0,0.0,0.5667,0.05583714998625822,1.000592423850536,1.2267,30
shanks_2,shanks,limit,three_exp,0.005,150,1.0,0.0,0.1333,0.05974620771588504,0.9281968578866733,1.0533,30
shanks_3,shanks,limit,three_exp,0.005,150,1.0,0.0,0.2,0.05979559120684422,0.9306846550984567,1.08,30
shanks_4,shanks,limit,three_exp,0.005,150,1.0,0.0,0.1667,0.06095379374201845,0.9205755961049236,1.0667,30
wynn_eps_1,wynn_eps,limit,three_exp,0.005,150,1.0,0.0,0.5667,0.05583714998625826,1.000592423850537,1.2267,30
wynn_eps_2,wynn_eps,limit,three_exp,0.005,150,1.0,0.0,0.3,0.06021979125414158,0.93361978664191,1.12,30
wynn_eps_3,wynn_eps,limit,three_exp,0.005,150,1.0,0.0,0.2333,0.06000424850325402,0.9322261216075921,1.0933,30
wynn_rho_1,wynn_rho,limit,three_exp,0.005,150,1.0,0.0,0.3667,0.056119252558996274,0.984722715527645,1.1467,30
wynn_rho_2,wynn_rho,limit,three_exp,0.005,150,1.0,0.0333,0.2333,0.05855795895680124,0.9591200730793197,1.0267,30
wynn_rho_3,wynn_rho,limit,three_exp,0.005,150,1.0,0.0,0.3667,0.05863613919215055,0.9756828877732495,1.1467,30
pade_11,pade,trajectory,three_exp,0.005,150,1.0,0.0,1.0,0.010025989525383305,5.218047346374483,1.4,30
pade_12,pade,trajectory,three_exp,0.005,150,1.0,0.0,1.0,0.007082090572968491,7.789792545189764,1.4,30
pade_13,pade,trajectory,three_exp,0.005,150,1.0,0.0,1.0,0.010893734758939157,5.168311848952333,1.4,30
pade_21,pade,trajectory,three_exp,0.005,150,1.0,0.0,0.0,0.10944069934403076,0.49626515664223786,1.0,30
pade_22,pade,trajectory,three_exp,0.005,150,1.0,0.0,1.0,0.006052370529332857,9.283615373463611,1.4,30
pade_23,pade,trajectory,three_exp,0.005,150,1.0,0.0,1.0,0.007012708107946186,8.178012754979404,1.4,30
pade_31,pade,trajectory,three_exp,0.005,150,1.0,0.0,0.0333,0.10749468925444045,0.5130834113299785,1.0133,30
pade_32,pade,trajectory,three_exp,0.005,150,1.0,0.0333,0.0,0.1343878537753893,0.4031465465048637,0.9333,30
levin_t1,levin,limit,three_exp,0.005,150,1.0,0.0,0.5667,0.05583714998625827,1.000592423850537,1.2267,30
levin_t2,levin,limit,three_exp,0.005,150,1.0,0.0,0.4,0.05610455458642802,0.9811845715951104,1.16,30
levin_u1,levin,limit,three_exp,0.005,150,1.0,0.0,0.5667,0.055839450051459474,1.0005806742166743,1.2267,30
levin_u2,levin,limit,three_exp,0.005,150,1.0,0.0,0.4,0.05610832732468653,0.9809059556981738,1.16,30
levin_v1,levin,limit,three_exp,0.005,150,1.0,0.0,0.2667,0.05867636390560675,0.9286011930230649,1.1067,30
levin_v2,levin,limit,three_exp,0.005,150,1.0,0.0,0.2667,0.05995386470534478,0.9220945748621177,1.1067,30
weniger_d1,weniger,limit,three_exp,0.005,150,1.0,0.0,0.0,0.10038911602468233,0.5497974321144816,1.0,30
weniger_d2,weniger,limit,three_exp,0.005,150,1.0,0.0,0.0,0.10038911602468233,0.5497974321144873,1.0,30
brezinski_theta1,brezinski,limit,three_exp,0.005,150,1.0,0.0,0.5667,0.053116665841337674,1.106634106211126,1.2267,30
brezinski_theta2,brezinski,limit,three_exp,0.005,150,1.0,0.0,0.2667,0.06374960341631891,0.8560089948555163,1.1067,30
neville_2,neville,trajectory,three_exp,0.005,150,0.6,1.0,0.0,5.372034994807224,0.010379475182146294,-1.4,30
neville_3,neville,trajectory,three_exp,0.005,150,0.6,1.0,0.0,117.80228827637987,0.000462891449301332,-1.4,30
neville_4,neville,trajectory,three_exp,0.005,150,0.1,1.0,0.0,211.51656212933156,0.00028978197859141653,-1.9,30
anderson_1,anderson,limit,three_exp,0.005,150,1.0,0.0,0.5667,0.05583501588192018,1.000592142529922,1.2267,30
anderson_2,anderson,limit,three_exp,0.005,150,1.0,0.0,0.4333,0.055424287643928954,0.9972165695922703,1.1733,30
anderson_3,anderson,limit,three_exp,0.005,150,1.0,0.0,0.4333,0.05586335827928951,0.9918923779163029,1.1733,30
median_ensemble,ensemble,trajectory,three_exp,0.005,150,1.0,0.0,0.6,0.05455020828726205,1.0025721874147342,1.24,30
stability_weighted,ensemble,trajectory,three_exp,0.005,150,1.0,0.0,0.4667,0.05673366740881361,0.9590274090038916,1.1867,30
best_shanks_wynn,ensemble,limit,three_exp,0.005,150,1.0,0.0,0.5667,0.05583714998625822,1.000592423850536,1.2267,30
current_value,baseline,limit,three_exp,0.005,1000,1.0,0.0,0.0,0.14548215543892457,1.0,1.0,30
linear,baseline,trajectory,three_exp,0.005,1000,0.0,1.0,0.0,,,-2.0,30
log_linear,baseline,trajectory,three_exp,0.005,1000,1.0,0.0,1.0,0.03662547452614835,3.9723146446923923,1.4,30
geom_avg_diff,baseline,limit,three_exp,0.005,1000,0.5667,0.4333,0.3333,0.14517435076701152,1.0024235084651671,-0.1667,30
richardson_1,richardson,trajectory,three_exp,0.005,1000,1.0,0.0,1.0,0.03297915345594385,4.409448865785007,1.4,30
richardson_2,richardson,trajectory,three_exp,0.005,1000,1.0,0.0,1.0,0.03297914774791777,4.409451299831121,1.4,30
richardson_3,richardson,trajectory,three_exp,0.005,1000,1.0,0.0,1.0,0.026012564837071435,5.585915788560294,1.4,30
richardson_a05,richardson,trajectory,three_exp,0.005,1000,1.0,0.0,1.0,0.023247674792307164,6.261027838220807,1.4,30
richardson_a10,richardson,trajectory,three_exp,0.005,1000,1.0,0.0,1.0,0.09240879690295085,1.5659355615444275,1.4,30
richardson_a20,richardson,trajectory,three_exp,0.005,1000,1.0,0.0,0.5667,0.14485705213708783,1.0052277578061246,1.2267,30
single_exp_fit,parametric,trajectory,three_exp,0.005,1000,1.0,0.0,1.0,0.09795025708760977,1.4697556656015096,1.4,30
double_exp_fit,parametric,trajectory,three_exp,0.005,1000,0.9667,0.0333,0.9667,0.010050850136589042,14.204753776155743,1.2867,30
rational_fit,parametric,trajectory,three_exp,0.005,1000,1.0,0.0,1.0,0.02015534415117602,7.339266136581772,1.4,30
log_fit,parametric,trajectory,three_exp,0.005,1000,1.0,0.0,1.0,0.11328101432690374,1.284115702424462,1.4,30
shanks_1,shanks,limit,three_exp,0.005,1000,1.0,0.0,0.5667,0.14612562722256978,1.0002257364981317,1.2267,30
shanks_2,shanks,limit,three_exp,0.005,1000,1.0,0.0,0.1333,0.15003468495219663,0.9726185379815653,1.0533,30
shanks_3,shanks,limit,three_exp,0.005,1000,1.0,0.0,0.2,0.1500840684431558,0.9719768169958556,1.08,30
shanks_4,shanks,limit,three_exp,0.005,1000,1.0,0.0,0.1667,0.15124227097833004,0.9676864432813841,1.0667,30
wynn_eps_1,wynn_eps,limit,three_exp,0.005,1000,1.0,0.0,0.5667,0.14612562722256983,1.000225736498132,1.2267,30
wynn_eps_2,wynn_eps,limit,three_exp,0.005,1000,1.0,0.0,0.3,0.15050826849045315,0.9735207510361915,1.12,30
wynn_eps_3,wynn_eps,limit,three_exp,0.005,1000,1.0,0.0,0.2333,0.1502927257395656,0.9733146031594848,1.0933,30
wynn_rho_1,wynn_rho,limit,three_exp,0.005,1000,1.0,0.0,0.3667,0.14640772979530786,0.9942184617905057,1.1467,30
wynn_rho_2,wynn_rho,limit,three_exp,0.005,1000,1.0,0.0,0.2667,0.1486062805035339,0.9898726978851726,1.1067,30
wynn_rho_3,wynn_rho,limit,three_exp,0.005,1000,1.0,0.0,0.3667,0.1489246164284621,0.990531782476294,1.1467,30
pade_11,pade,trajectory,three_exp,0.005,1000,1.0,0.0,0.9,0.06666486177432654,2.170025140245091,1.36,30
pade_12,pade,trajectory,three_exp,0.005,1000,1.0,0.0,1.0,0.00970587754158915,14.940885110888946,1.4,30
pade_13,pade,trajectory,three_exp,0.005,1000,1.0,0.0,0.9,0.022112791323498998,6.658353875146979,1.36,30
pade_21,pade,trajectory,three_exp,0.005,1000,0.0,1.0,0.0,,,-2.0,30
pade_22,pade,trajectory,three_exp,0.005,1000,1.0,0.0,1.0,0.028243749530831697,5.289408431863389,1.4,30
pade_23,pade,trajectory,three_exp,0.005,1000,1.0,0.0,1.0,0.009649674872378266,15.197366357538248,1.4,30
pade_31,pade,trajectory,three_exp,0.005,1000,1.0,1.0,0.0,19.695874622664252,0.007434368528431356,-1.0,30
pade_32,pade,trajectory,three_exp,0.005,1000,0.0,1.0,0.0,,,-2.0,30
levin_t1,levin,limit,three_exp,0.005,1000,1.0,0.0,0.5667,0.14612562722256983,1.000225736498132,1.2267,30
levin_t2,levin,limit,three_exp,0.005,1000,1.0,0.0,0.4,0.1463930318227396,0.9925962805627022,1.16,30
levin_u1,levin,limit,three_exp,0.005,1000,1.0,0.0,0.5667,0.14612792728777105,1.000218922491332,1.2267,30
levin_u2,levin,limit,three_exp,0.005,1000,1.0,0.0,0.4,0.1463968045609981,0.9925149154064954,1.16,30
levin_v1,levin,limit,three_exp,0.005,1000,1.0,0.0,0.2667,0.14896484114191832,0.9715286724089603,1.1067,30
levin_v2,levin,limit,three_exp,0.005,1000,1.0,0.0,0.2667,0.15024234194165637,0.968849347402438,1.1067,30
weniger_d1,weniger,limit,three_exp,0.005,1000,1.0,0.0,1.0,0.010100638788370754,14.403262851694784,1.4,30
weniger_d2,weniger,limit,three_exp,0.005,1000,1.0,0.0,1.0,0.010100638788370754,14.40326285169624,1.4,30
brezinski_theta1,brezinski,limit,three_exp,0.005,1000,1.0,0.0,0.5667,0.14340514307764923,1.039690043396564,1.2267,30
brezinski_theta2,brezinski,limit,three_exp,0.005,1000,1.0,0.0,0.2667,0.15403808065263047,0.9399832023800223,1.1067,30
neville_2,neville,trajectory,three_exp,0.005,1000,0.5667,1.0,0.0,28.248435350590235,0.005113884386262502,-1.4333,30
neville_3,neville,trajectory,three_exp,0.005,1000,0.1,1.0,0.0,170.6665179650138,0.0008881775225886867,-1.9,30
neville_4,neville,trajectory,three_exp,0.005,1000,0.0,1.0,0.0,,,-2.0,30
anderson_1,anderson,limit,three_exp,0.005,1000,1.0,0.0,0.5667,0.14612349311823175,1.0002256296204601,1.2267,30
anderson_2,anderson,limit,three_exp,0.005,1000,1.0,0.0,0.4333,0.14571276488024054,0.998964870495171,1.1733,30
anderson_3,anderson,limit,three_exp,0.005,1000,1.0,0.0,0.4333,0.14615183551560107,0.9969087819726911,1.1733,30
median_ensemble,ensemble,trajectory,three_exp,0.005,1000,1.0,0.0,0.5667,0.14535616451201033,1.000575421064718,1.2267,30
stability_weighted,ensemble,trajectory,three_exp,0.005,1000,1.0,0.0,0.6,0.13616749349163015,1.0817790848206643,1.24,30
best_shanks_wynn,ensemble,limit,three_exp,0.005,1000,1.0,0.0,0.5667,0.14612562722256978,1.0002257364981317,1.2267,30
current_value,baseline,limit,three_exp,0.005,5000,1.0,0.0,0.0,0.1455827942272953,1.0,1.0,30
linear,baseline,trajectory,three_exp,0.005,5000,0.0,1.0,0.0,,,-2.0,30
log_linear,baseline,trajectory,three_exp,0.005,5000,1.0,0.0,1.0,0.014329988871671645,10.144671881584308,1.4,30
geom_avg_diff,baseline,limit,three_exp,0.005,5000,0.5667,0.4333,0.3333,0.14527498955538226,1.0024217971458957,-0.1667,30
richardson_1,richardson,trajectory,three_exp,0.005,5000,1.0,0.0,1.0,0.00789636810734833,18.500239693209355,1.4,30
richardson_2,richardson,trajectory,three_exp,0.005,5000,1.0,0.0,1.0,0.007896356851830348,18.500275179689048,1.4,30
richardson_3,richardson,trajectory,three_exp,0.005,5000,1.0,0.0,1.0,0.002738096791279754,53.2476044030671,1.4,30
richardson_a05,richardson,trajectory,three_exp,0.005,5000,1.0,0.0,1.0,0.006596232784268765,21.989519397118915,1.4,30
richardson_a10,richardson,trajectory,three_exp,0.005,5000,1.0,0.0,1.0,0.08760273138154409,1.6524018353575982,1.4,30
richardson_a20,richardson,trajectory,three_exp,0.005,5000,1.0,0.0,0.6,0.14481874021560873,1.006198632238741,1.24,30
single_exp_fit,parametric,trajectory,three_exp,0.005,5000,1.0,0.0,1.0,0.0980508956350409,1.4692752734316978,1.4,30
double_exp_fit,parametric,trajectory,three_exp,0.005,5000,0.9667,0.0333,0.9667,0.00999999999994609,14.194726964645296,1.2867,30
rational_fit,parametric,trajectory,three_exp,0.005,5000,1.0,0.0,1.0,0.0070682179835907626,20.420158276090064,1.4,30
log_fit,parametric,trajectory,three_exp,0.005,5000,1.0,0.0,1.0,0.09009997100805169,1.6155436152861626,1.4,30
shanks_1,shanks,limit,three_exp,0.005,5000,1.0,0.0,0.5667,0.14622626601094052,1.0002255808670086,1.2267,30
shanks_2,shanks,limit,three_exp,0.005,5000,1.0,0.0,0.1333,0.15013532374056737,0.9726372064449693,1.0533,30
shanks_3,shanks,limit,three_exp,0.005,5000,1.0,0.0,0.2,0.15018470723152655,0.9719954101660804,1.08,30
shanks_4,shanks,limit,three_exp,0.005,5000,1.0,0.0,0.1667,0.15134290976670078,0.9677077881260999,1.0667,30
wynn_eps_1,wynn_eps,limit,three_exp,0.005,5000,1.0,0.0,0.5667,0.14622626601094058,1.000225580867009,1.2267,30
wynn_eps_2,wynn_eps,limit,three_exp,0.005,5000,1.0,0.0,0.3,0.1506089072788239,0.9735385573593645,1.12,30
wynn_eps_3,wynn_eps,limit,three_exp,0.005,5000,1.0,0.0,0.2333,0.15039336452793634,0.9733328840541349,1.0933,30
wynn_rho_1,wynn_rho,limit,three_exp,0.005,5000,1.0,0.0,0.3667,0.1465083685836786,0.9942224645418212,1.1467,30
wynn_rho_2,wynn_rho,limit,three_exp,0.005,5000,1.0,0.0,0.2667,0.14870691929190463,0.9898795990196565,1.1067,30
wynn_rho_3,wynn_rho,limit,three_exp,0.005,5000,1.0,0.0,0.3667,0.14902525521683285,0.9905382222310124,1.1467,30
pade_11,pade,trajectory,three_exp,0.005,5000,1.0,0.0,0.7,0.10008958412005618,1.4591978773144687,1.28,30
pade_12,pade,trajectory,three_exp,0.005,5000,1.0,0.0,1.0,0.005905842326538981,24.748547485557594,1.4,30
pade_13,pade,trajectory,three_exp,0.005,5000,1.0,0.0,1.0,0.010290937809639824,14.319932029809163,1.4,30
pade_21,pade,trajectory,three_exp,0.005,5000,0.0,1.0,0.0,,,-2.0,30
pade_22,pade,trajectory,three_exp,0.005,5000,1.0,0.0,1.0,0.03979341791227331,3.6610497548622885,1.4,30
pade_23,pade,trajectory,three_exp,0.005,5000,1.0,0.0,1.0,0.005919866168774317,24.705831746794054,1.4,30
pade_31,pade,trajectory,three_exp,0.005,5000,0.1333,1.0,0.0,461.3315439328626,0.00031090471052854895,-1.8667,30
pade_32,pade,trajectory,three_exp,0.005,5000,0.0,1.0,0.0,,,-2.0,30
levin_t1,levin,limit,three_exp,0.005,5000,1.0,0.0,0.5667,0.14622626601094058,1.000225580867009,1.2267,30
levin_t2,levin,limit,three_exp,0.005,5000,1.0,0.0,0.4,0.14649367061111035,0.9926013581870783,1.16,30
levin_u1,levin,limit,three_exp,0.005,5000,1.0,0.0,0.5667,0.1462285660761418,1.0002187706055667,1.2267,30
levin_u2,levin,limit,three_exp,0.005,5000,1.0,0.0,0.4,0.14649744334936884,0.9925200482380672,1.16,30
levin_v1,levin,limit,three_exp,0.005,5000,1.0,0.0,0.2667,0.14906547993028907,0.9715477744079485,1.1067,30
levin_v2,levin,limit,three_exp,0.005,5000,1.0,0.0,0.2667,0.1503429807300271,0.9688701715339958,1.1067,30
weniger_d1,weniger,limit,three_exp,0.005,5000,1.0,0.0,1.0,0.010000000000000002,14.558279422729864,1.4,30
weniger_d2,weniger,limit,three_exp,0.005,5000,1.0,0.0,1.0,0.010000000000000002,14.558279422731353,1.4,30
brezinski_theta1,brezinski,limit,three_exp,0.005,5000,1.0,0.0,0.5667,0.14350578186601998,1.0396623037726997,1.2267,30
brezinski_theta2,brezinski,limit,three_exp,0.005,5000,1.0,0.0,0.2667,0.15413871944100122,0.9400225289672003,1.1067,30
neville_2,neville,trajectory,three_exp,0.005,5000,0.5667,1.0,0.0,32.83550401959986,0.004402547656275065,-1.4333,30
neville_3,neville,trajectory,three_exp,0.005,5000,0.0667,1.0,0.0,159.72154756807788,0.0010414839064302808,-1.9333,30
neville_4,neville,trajectory,three_exp,0.005,5000,0.0,1.0,0.0,,,-2.0,30
anderson_1,anderson,limit,three_exp,0.005,5000,1.0,0.0,0.5667,0.1462241319066025,1.0002254740631566,1.2267,30
anderson_2,anderson,limit,three_exp,0.005,5000,1.0,0.0,0.4333,0.14581340366861129,0.9989655946149198,1.1733,30
anderson_3,anderson,limit,three_exp,0.005,5000,1.0,0.0,0.4333,0.1462524743039718,0.9969109123780153,1.1733,30
median_ensemble,ensemble,trajectory,three_exp,0.005,5000,1.0,0.0,0.6,0.14493932431194437,1.0009617821978005,1.24,30
stability_weighted,ensemble,trajectory,three_exp,0.005,5000,1.0,0.0,0.6667,0.13882752786194494,1.0460549933139833,1.2667,30
best_shanks_wynn,ensemble,limit,three_exp,0.005,5000,1.0,0.0,0.5667,0.14622626601094052,1.0002255808670086,1.2267,30
current_value,baseline,limit,four_exp,0.0,150,1.0,0.0,0.0,0.0461676993218369,1.0,1.0,30
linear,baseline,trajectory,four_exp,0.0,150,1.0,0.0,0.0,0.07522984165099045,0.613688641483789,1.0,30
log_linear,baseline,trajectory,four_exp,0.0,150,1.0,0.0,1.0,0.011050818457568029,4.177762895943645,1.4,30
geom_avg_diff,baseline,limit,four_exp,0.0,150,1.0,0.0,1.0,0.0030787595580554217,14.99555208884091,1.4,30
richardson_1,richardson,trajectory,four_exp,0.0,150,1.0,0.0,1.0,0.011120594583178683,4.151549539596689,1.4,30
richardson_2,richardson,trajectory,four_exp,0.0,150,1.0,0.0,1.0,0.006632054316369679,6.96129692543119,1.4,30
richardson_3,richardson,trajectory,four_exp,0.0,150,1.0,0.0,1.0,0.006632033510510588,6.961318764247699,1.4,30
richardson_a05,richardson,trajectory,four_exp,0.0,150,1.0,0.0,1.0,0.011525516302434535,4.0056946786917385,1.4,30
richardson_a10,richardson,trajectory,four_exp,0.0,150,1.0,0.0,1.0,0.028049607022971768,1.6459303434813533,1.4,30
richardson_a20,richardson,trajectory,four_exp,0.0,150,1.0,0.0,0.0,0.05016257124779047,0.9203615000869889,1.0,30
single_exp_fit,parametric,trajectory,four_exp,0.0,150,1.0,0.0,1.0,0.01311432561399889,3.520402091629872,1.4,30
double_exp_fit,parametric,trajectory,four_exp,0.0,150,1.0,0.0,1.0,0.003148799906827482,14.661998440019122,1.4,30
rational_fit,parametric,trajectory,four_exp,0.0,150,1.0,0.0,1.0,0.0026526363356859095,17.404458613773386,1.4,30
log_fit,parametric,trajectory,four_exp,0.0,150,1.0,0.0,0.0,0.05273086518058753,0.8755346449129225,1.0,30
shanks_1,shanks,limit,four_exp,0.0,150,1.0,0.0,1.0,0.02895949884811433,1.594216100353652,1.4,30
shanks_2,shanks,limit,four_exp,0.0,150,1.0,0.0,0.0,0.11853089670826177,0.38949928334271133,1.0,30
shanks_3,shanks,limit,four_exp,0.0,150,1.0,0.0,1.0,0.03577263443770856,1.2905870659939631,1.4,30
shanks_4,shanks,limit,four_exp,0.0,150,1.0,0.0,1.0,0.03575693543832878,1.2911536952450504,1.4,30
wynn_eps_1,wynn_eps,limit,four_exp,0.0,150,1.0,0.0,1.0,0.028959498848270523,1.5942161003450532,1.4,30
wynn_eps_2,wynn_eps,limit,four_exp,0.0,150,1.0,0.0,0.0,0.06975726750987907,0.6618335403590543,1.0,30
wynn_eps_3,wynn_eps,limit,four_exp,0.0,150,1.0,0.0,0.0,0.11445762274988727,0.4033606343783893,1.0,30
wynn_rho_1,wynn_rho,limit,four_exp,0.0,150,1.0,0.0,0.0,0.10518154153417453,0.4389334730071108,1.0,30
wynn_rho_2,wynn_rho,limit,four_exp,0.0,150,1.0,0.0,0.0,0.09751941053106972,0.47342061514130923,1.0,30
wynn_rho_3,wynn_rho,limit,four_exp,0.0,150,1.0,0.0,0.0,0.09808183402795345,0.47070591388695937,1.0,30
pade_11,pade,trajectory,four_exp,0.0,150,1.0,0.0,1.0,0.0023563181649172704,19.593151726799096,1.4,30
pade_12,pade,trajectory,four_exp,0.0,150,1.0,0.0,1.0,0.0004041932789741881,114.22183822305759,1.4,30
pade_13,pade,trajectory,four_exp,0.0,150,1.0,0.0,1.0,0.0005151467443015728,89.62048160554771,1.4,30
pade_21,pade,trajectory,four_exp,0.0,150,1.0,0.0,1.0,0.0023171638043160414,19.924227728675508,1.4,30
pade_22,pade,trajectory,four_exp,0.0,150,1.0,0.0,1.0,0.00044812461757059996,103.0242426138604,1.4,30
pade_23,pade,trajectory,four_exp,0.0,150,1.0,0.0,1.0,0.0015731083548124192,29.34807331014527,1.4,30
pade_31,pade,trajectory,four_exp,0.0,150,1.0,0.0,1.0,0.0039048336498061775,11.823217955553242,1.4,30
pade_32,pade,trajectory,four_exp,0.0,150,1.0,0.0,1.0,0.0010208099933808334,45.22653541912684,1.4,30
levin_t1,levin,limit,four_exp,0.0,150,1.0,0.0,1.0,0.02895949884827133,1.594216100345009,1.4,30
levin_t2,levin,limit,four_exp,0.0,150,1.0,0.0,0.0,0.051599212421585175,0.8947365115697745,1.0,30
levin_u1,levin,limit,four_exp,0.0,150,1.0,1.0,0.0,0.2893256023341244,0.15957004478477038,-1.0,30
levin_u2,levin,limit,four_exp,0.0,150,1.0,0.0,0.0,0.13786978194718646,0.33486452701812697,1.0,30
levin_v1,levin,limit,four_exp,0.0,150,1.0,0.0,0.0,0.13948028470467094,0.3309980290016631,1.0,30
levin_v2,levin,limit,four_exp,0.0,150,1.0,1.0,0.0,0.33424114284496165,0.13812691917240083,-1.0,30
weniger_d1,weniger,limit,four_exp,0.0,150,1.0,0.0,0.0,0.12446592227535222,0.3709264228943042,1.0,30
weniger_d2,weniger,limit,four_exp,0.0,150,1.0,0.0,0.0,0.12446592227474113,0.3709264228961254,1.0,30
brezinski_theta1,brezinski,limit,four_exp,0.0,150,1.0,0.0,1.0,0.030070298764281467,1.5353255943262019,1.4,30
brezinski_theta2,brezinski,limit,four_exp,0.0,150,1.0,0.0,0.0,0.12331122874816797,0.374399799519659,1.0,30
neville_2,neville,trajectory,four_exp,0.0,150,1.0,0.0,1.0,0.0015683346303454193,29.4374034906496,1.4,30
neville_3,neville,trajectory,four_exp,0.0,150,1.0,0.0,1.0,0.0005817584772478401,79.35887679754185,1.4,30
neville_4,neville,trajectory,four_exp,0.0,150,1.0,0.0,1.0,0.00030042303553245997,153.67563023258444,1.4,30
anderson_1,anderson,limit,four_exp,0.0,150,1.0,0.0,1.0,0.04430263016702962,1.0420983844023617,1.4,30
anderson_2,anderson,limit,four_exp,0.0,150,1.0,0.0,1.0,0.04246253117163834,1.0872573548482507,1.4,30
anderson_3,anderson,limit,four_exp,0.0,150,1.0,0.0,1.0,0.04064894107806588,1.1357663471029245,1.4,30
median_ensemble,ensemble,trajectory,four_exp,0.0,150,1.0,0.0,1.0,0.028959498848192433,1.5942161003493522,1.4,30
stability_weighted,ensemble,trajectory,four_exp,0.0,150,1.0,0.0,0.0,0.05542511391493342,0.8329743695736048,1.0,30
best_shanks_wynn,ensemble,limit,four_exp,0.0,150,1.0,0.0,1.0,0.02895949884811433,1.594216100353652,1.4,30
current_value,baseline,limit,four_exp,0.0,1000,1.0,0.0,0.0,0.15697049381666767,1.0,1.0,30
linear,baseline,trajectory,four_exp,0.0,1000,0.0,1.0,0.0,,,-2.0,30
log_linear,baseline,trajectory,four_exp,0.0,1000,1.0,0.0,1.0,0.04387514057663522,3.577663609817788,1.4,30
geom_avg_diff,baseline,limit,four_exp,0.0,1000,1.0,0.0,1.0,0.08409642175909997,1.8665537787840787,1.4,30
richardson_1,richardson,trajectory,four_exp,0.0,1000,1.0,0.0,1.0,0.04069231242281174,3.857497509251193,1.4,30
richardson_2,richardson,trajectory,four_exp,0.0,1000,1.0,0.0,1.0,0.030634199999754856,5.1240278452815415,1.4,30
richardson_3,richardson,trajectory,four_exp,0.0,1000,1.0,0.0,1.0,0.030634104628879853,5.124043797535575,1.4,30
richardson_a05,richardson,trajectory,four_exp,0.0,1000,1.0,0.0,1.0,0.04353742525564299,3.6054151777457797,1.4,30
richardson_a10,richardson,trajectory,four_exp,0.0,1000,1.0,0.0,1.0,0.1070208027003025,1.4667288027753131,1.4,30
richardson_a20,richardson,trajectory,four_exp,0.0,1000,1.0,0.0,1.0,0.1551881371229396,1.0114851349257197,1.4,30
single_exp_fit,parametric,trajectory,four_exp,0.0,1000,1.0,0.0,1.0,0.11010757495255474,1.4256103077767912,1.4,30
double_exp_fit,parametric,trajectory,four_exp,0.0,1000,1.0,0.0,1.0,0.08270090337295015,1.898050534088962,1.4,30
rational_fit,parametric,trajectory,four_exp,0.0,1000,1.0,0.0,1.0,0.03568632465180822,4.398617547428326,1.4,30
log_fit,parametric,trajectory,four_exp,0.0,1000,1.0,0.0,1.0,0.11527902567591511,1.3616570134619297,1.4,30
shanks_1,shanks,limit,four_exp,0.0,1000,1.0,0.0,1.0,0.08184329564671644,1.91793955236412,1.4,30
shanks_2,shanks,limit,four_exp,0.0,1000,1.0,0.0,1.0,0.007728102213431002,20.311648252252912,1.4,30
shanks_3,shanks,limit,four_exp,0.0,1000,1.0,0.0,1.0,0.07503016005712221,2.0920986133731074,1.4,30
shanks_4,shanks,limit,four_exp,0.0,1000,1.0,0.0,1.0,0.14655972993315955,1.0710342731134677,1.4,30
wynn_eps_1,wynn_eps,limit,four_exp,0.0,1000,1.0,0.0,1.0,0.08184329564656025,1.9179395523677805,1.4,30
wynn_eps_2,wynn_eps,limit,four_exp,0.0,1000,1.0,0.0,1.0,0.041045526984951695,3.824302070094433,1.4,30
wynn_eps_3,wynn_eps,limit,four_exp,0.0,1000,1.0,0.0,1.0,0.0036548282550565078,42.94880165695795,1.4,30
wynn_rho_1,wynn_rho,limit,four_exp,0.0,1000,1.0,0.0,1.0,0.005621252960656237,27.924467181128705,1.4,30
wynn_rho_2,wynn_rho,limit,four_exp,0.0,1000,1.0,0.0,1.0,0.013283383963761055,11.817056124019702,1.4,30
wynn_rho_3,wynn_rho,limit,four_exp,0.0,1000,1.0,0.0,1.0,0.012720960466877316,12.33951588996645,1.4,30
pade_11,pade,trajectory,four_exp,0.0,1000,1.0,0.0,1.0,0.03461401269341916,4.534882887083213,1.4,30
pade_12,pade,trajectory,four_exp,0.0,1000,1.0,0.0,1.0,0.012712603480519532,12.347627616735252,1.4,30
pade_13,pade,trajectory,four_exp,0.0,1000,1.0,0.0,1.0,0.03750236871578234,4.18561544755462,1.4,30
pade_21,pade,trajectory,four_exp,0.0,1000,1.0,0.0,1.0,0.1419603600587512,1.105734683623685,1.4,30
pade_22,pade,trajectory,four_exp,0.0,1000,1.0,0.0,1.0,0.02348340571242448,6.684315543448561,1.4,30
pade_23,pade,trajectory,four_exp,0.0,1000,1.0,0.0,1.0,0.009604016792291085,16.34425441057789,1.4,30
pade_31,pade,trajectory,four_exp,0.0,1000,1.0,1.0,0.0,2.10524242226629,0.07456171895286491,-1.0,30
pade_32,pade,trajectory,four_exp,0.0,1000,1.0,0.0,1.0,0.08932690615797796,1.7572588212006302,1.4,30
levin_t1,levin,limit,four_exp,0.0,1000,1.0,0.0,1.0,0.08184329564655944,1.9179395523677993,1.4,30
levin_t2,levin,limit,four_exp,0.0,1000,1.0,0.0,1.0,0.05920358207324559,2.651368182797903,1.4,30
levin_u1,levin,limit,four_exp,0.0,1000,1.0,0.0,0.0,0.17852280783929367,0.8792741707153329,1.0,30
levin_u2,levin,limit,four_exp,0.0,1000,1.0,0.0,1.0,0.027066987452355695,5.79933374901706,1.4,30
levin_v1,levin,limit,four_exp,0.0,1000,1.0,0.0,1.0,0.028677490209840173,5.473648240068304,1.4,30
levin_v2,levin,limit,four_exp,0.0,1000,1.0,0.0,0.0,0.2234383483501309,0.7025226196655051,1.0,30
weniger_d1,weniger,limit,four_exp,0.0,1000,1.0,0.0,1.0,0.013663127780521459,11.488620785677584,1.4,30
weniger_d2,weniger,limit,four_exp,0.0,1000,1.0,0.0,1.0,0.013663127779910366,11.48862078619142,1.4,30
brezinski_theta1,brezinski,limit,four_exp,0.0,1000,1.0,0.0,1.0,0.0807324957305493,1.9443285184762322,1.4,30
brezinski_theta2,brezinski,limit,four_exp,0.0,1000,1.0,0.0,1.0,0.012508434253337202,12.54917207361813,1.4,30
neville_2,neville,trajectory,four_exp,0.0,1000,1.0,0.0,1.0,0.03964264137819471,3.9596376114082226,1.4,30
neville_3,neville,trajectory,four_exp,0.0,1000,1.0,0.0,1.0,0.028548690879463073,5.498342970590877,1.4,30
neville_4,neville,trajectory,four_exp,0.0,1000,1.0,0.0,1.0,0.02167165099319477,7.24312577135719,1.4,30
anderson_1,anderson,limit,four_exp,0.0,1000,1.0,0.0,1.0,0.1551054246618604,1.0120245256339244,1.4,30
anderson_2,anderson,limit,four_exp,0.0,1000,1.0,0.0,1.0,0.1532653256664691,1.0241748623446743,1.4,30
anderson_3,anderson,limit,four_exp,0.0,1000,1.0,0.0,1.0,0.15145173557289665,1.0364390558014749,1.4,30
median_ensemble,ensemble,trajectory,four_exp,0.0,1000,1.0,0.0,1.0,0.04086891970388171,3.840828065777297,1.4,30
stability_weighted,ensemble,trajectory,four_exp,0.0,1000,1.0,0.0,1.0,0.05423913384153695,2.894044994805169,1.4,30
best_shanks_wynn,ensemble,limit,four_exp,0.0,1000,1.0,0.0,1.0,0.08184329564671644,1.91793955236412,1.4,30
current_value,baseline,limit,four_exp,0.0,5000,1.0,0.0,0.0,0.16063362118496136,1.0,1.0,30
linear,baseline,trajectory,four_exp,0.0,5000,0.0,1.0,0.0,,,-2.0,30
log_linear,baseline,trajectory,four_exp,0.0,5000,1.0,0.0,1.0,0.0208605588846891,7.700350794669296,1.4,30
geom_avg_diff,baseline,limit,four_exp,0.0,5000,1.0,0.0,1.0,0.08775945596922151,1.8303853346731986,1.4,30
richardson_1,richardson,trajectory,four_exp,0.0,5000,1.0,0.0,1.0,0.015030364172950296,10.687274063129419,1.4,30
richardson_2,richardson,trajectory,four_exp,0.0,5000,1.0,0.0,1.0,0.006907165551029994,23.25608384484251,1.4,30
richardson_3,richardson,trajectory,four_exp,0.0,5000,1.0,0.0,1.0,0.006907070197186093,23.256404900937984,1.4,30
richardson_a05,richardson,trajectory,four_exp,0.0,5000,1.0,0.0,1.0,0.01966905073063132,8.166821235292298,1.4,30
richardson_a10,richardson,trajectory,four_exp,0.0,5000,1.0,0.0,1.0,0.10619005729436089,1.5126992609080328,1.4,30
richardson_a20,richardson,trajectory,four_exp,0.0,5000,1.0,0.0,1.0,0.15872360399181118,1.0120336052427887,1.4,30
single_exp_fit,parametric,trajectory,four_exp,0.0,5000,1.0,0.0,1.0,0.11377070198348384,1.4119067421090592,1.4,30
double_exp_fit,parametric,trajectory,four_exp,0.0,5000,1.0,0.0,1.0,0.08636387773777025,1.8599630469662212,1.4,30
rational_fit,parametric,trajectory,four_exp,0.0,5000,1.0,0.0,1.0,0.02550489090850959,6.298149706312474,1.4,30
log_fit,parametric,trajectory,four_exp,0.0,5000,1.0,0.0,1.0,0.09461122416462046,1.697828377164469,1.4,30
shanks_1,shanks,limit,four_exp,0.0,5000,1.0,0.0,1.0,0.08550642301501013,1.878614676195297,1.4,30
shanks_2,shanks,limit,four_exp,0.0,5000,1.0,0.0,1.0,0.004064974845137302,39.51651050857503,1.4,30
shanks_3,shanks,limit,four_exp,0.0,5000,1.0,0.0,1.0,0.0786932874254159,2.041262049666016,1.4,30
shanks_4,shanks,limit,four_exp,0.0,5000,1.0,0.0,1.0,0.15022285730145324,1.069302129319886,1.4,30
wynn_eps_1,wynn_eps,limit,four_exp,0.0,5000,1.0,0.0,1.0,0.08550642301485394,1.8786146761987288,1.4,30
wynn_eps_2,wynn_eps,limit,four_exp,0.0,5000,1.0,0.0,1.0,0.0447086543532454,3.592897695282591,1.4,30
wynn_eps_3,wynn_eps,limit,four_exp,0.0,5000,1.0,0.0,1.0,8.299113237191999e-06,19355.51625745881,1.4,30
wynn_rho_1,wynn_rho,limit,four_exp,0.0,5000,1.0,0.0,1.0,0.009284380328949937,17.301490836613436,1.4,30
wynn_rho_2,wynn_rho,limit,four_exp,0.0,5000,1.0,0.0,1.0,0.016946511332054756,9.478860754137566,1.4,30
wynn_rho_3,wynn_rho,limit,four_exp,0.0,5000,1.0,0.0,1.0,0.016384087835171014,9.804245607139391,1.4,30
pade_11,pade,trajectory,four_exp,0.0,5000,1.0,0.0,1.0,0.024246917367436498,6.624909003925241,1.4,30
pade_12,pade,trajectory,four_exp,0.0,5000,1.0,0.0,1.0,0.004369707127766571,36.76072937800384,1.4,30
pade_13,pade,trajectory,four_exp,0.0,5000,1.0,0.0,1.0,0.012557073644672477,12.79228152437511,1.4,30
pade_21,pade,trajectory,four_exp,0.0,5000,0.0,1.0,0.0,,,-2.0,30
pade_22,pade,trajectory,four_exp,0.0,5000,1.0,0.0,1.0,0.010466175710324576,15.347881177506029,1.4,30
pade_23,pade,trajectory,four_exp,0.0,5000,1.0,0.0,1.0,0.005068708009467539,31.691235889880293,1.4,30
pade_31,pade,trajectory,four_exp,0.0,5000,1.0,1.0,0.0,69.8665016069452,0.002299150773122341,-1.0,30
pade_32,pade,trajectory,four_exp,0.0,5000,1.0,0.0,0.0,0.47351428151826674,0.33923712009257445,1.0,30
levin_t1,levin,limit,four_exp,0.0,5000,1.0,0.0,1.0,0.08550642301485313,1.8786146761987466,1.4,30
levin_t2,levin,limit,four_exp,0.0,5000,1.0,0.0,1.0,0.06286670944153928,2.5551460003539237,1.4,30
levin_u1,levin,limit,four_exp,0.0,5000,1.0,0.0,0.0,0.17485968047099998,0.9186429985018875,1.0,30
levin_u2,levin,limit,four_exp,0.0,5000,1.0,0.0,1.0,0.023403860084061992,6.863552448527614,1.4,30
levin_v1,levin,limit,four_exp,0.0,5000,1.0,0.0,1.0,0.02501436284154647,6.421655518571284,1.4,30
levin_v2,levin,limit,four_exp,0.0,5000,1.0,0.0,0.0,0.21977522098183722,0.7308996003613917,1.0,30
weniger_d1,weniger,limit,four_exp,0.0,5000,1.0,0.0,1.0,0.010000000412227759,16.063361456319786,1.4,30
weniger_d2,weniger,limit,four_exp,0.0,5000,1.0,0.0,1.0,0.010000000411616666,16.063361457301408,1.4,30
brezinski_theta1,brezinski,limit,four_exp,0.0,5000,1.0,0.0,1.0,0.08439562309884299,1.9033406625463203,1.4,30
brezinski_theta2,brezinski,limit,four_exp,0.0,5000,1.0,0.0,1.0,0.008845306885043503,18.160321995902276,1.4,30
neville_2,neville,trajectory,four_exp,0.0,5000,1.0,0.0,1.0,0.03160581604092627,5.082407015751702,1.4,30
neville_3,neville,trajectory,four_exp,0.0,5000,1.0,0.0,1.0,0.017702084062048026,9.074277391403202,1.4,30
neville_4,neville,trajectory,four_exp,0.0,5000,1.0,0.0,1.0,0.008426256044495277,19.063463101136172,1.4,30
anderson_1,anderson,limit,four_exp,0.0,5000,1.0,0.0,1.0,0.15876855203015408,1.0117470943140745,1.4,30
anderson_2,anderson,limit,four_exp,0.0,5000,1.0,0.0,1.0,0.1569284530347628,1.0236105567763278,1.4,30
anderson_3,anderson,limit,four_exp,0.0,5000,1.0,0.0,1.0,0.15511486294119034,1.0355785263844342,1.4,30
median_ensemble,ensemble,trajectory,four_exp,0.0,5000,1.0,0.0,1.0,0.029869509263097845,5.377846009121264,1.4,30
stability_weighted,ensemble,trajectory,four_exp,0.0,5000,1.0,0.0,1.0,0.057049333817982904,2.815696703794409,1.4,30
best_shanks_wynn,ensemble,limit,four_exp,0.0,5000,1.0,0.0,1.0,0.08550642301501013,1.878614676195297,1.4,30
current_value,baseline,limit,four_exp,0.001,150,1.0,0.0,0.0,0.04623256209262608,1.0,1.0,30
linear,baseline,trajectory,four_exp,0.001,150,1.0,0.0,0.0,0.07508851578645581,0.6147211511157156,1.0,30
log_linear,baseline,trajectory,four_exp,0.001,150,1.0,0.0,1.0,0.011123760453811332,4.191361666912757,1.4,30
geom_avg_diff,baseline,limit,four_exp,0.001,150,0.3333,0.6667,0.1333,0.050635243253766296,0.9340044220894315,-0.9467,30
richardson_1,richardson,trajectory,four_exp,0.001,150,1.0,0.0,1.0,0.011194049599200895,4.144603728647325,1.4,30
richardson_2,richardson,trajectory,four_exp,0.001,150,1.0,0.0,1.0,0.006692914594314245,6.96824612518089,1.4,30
richardson_3,richardson,trajectory,four_exp,0.001,150,1.0,0.0,1.0,0.006692909145720974,6.968285567005842,1.4,30
richardson_a05,richardson,trajectory,four_exp,0.001,150,1.0,0.0,1.0,0.011613531460543572,4.008526095543131,1.4,30
richardson_a10,richardson,trajectory,four_exp,0.001,150,1.0,0.0,1.0,0.0281211679514482,1.6509038589832583,1.4,30
richardson_a20,richardson,trajectory,four_exp,0.001,150,1.0,0.0,0.0,0.050195074773364934,0.9249736898648835,1.0,30
single_exp_fit,parametric,trajectory,four_exp,0.001,150,1.0,0.0,1.0,0.013179736393108057,3.5103239261474073,1.4,30
double_exp_fit,parametric,trajectory,four_exp,0.001,150,1.0,0.0,1.0,0.006211236960962853,7.260128723854543,1.4,30
rational_fit,parametric,trajectory,four_exp,0.001,150,1.0,0.0,1.0,0.002736200490507268,17.00073580223063,1.4,30
log_fit,parametric,trajectory,four_exp,0.001,150,1.0,0.0,0.0,0.052751952471324304,0.87715034359096,1.0,30
shanks_1,shanks,limit,four_exp,0.001,150,1.0,0.0,0.5667,0.04741317226143546,1.0004152021526898,1.2267,30
shanks_2,shanks,limit,four_exp,0.001,150,1.0,0.0,0.0333,0.0489534291157544,0.949079118935825,1.0133,30
shanks_3,shanks,limit,four_exp,0.001,150,1.0,0.0,0.1,0.04941669376277659,0.9463940565901725,1.04,30
shanks_4,shanks,limit,four_exp,0.001,150,1.0,0.0,0.0333,0.05067634022922465,0.91452794862083,1.0133,30
wynn_eps_1,wynn_eps,limit,four_exp,0.001,150,1.0,0.0,0.5667,0.04741317226143531,1.0004152021526895,1.2267,30
wynn_eps_2,wynn_eps,limit,four_exp,0.001,150,1.0,0.0,0.3333,0.048192698384794494,0.9685971609766453,1.1333,30
wynn_eps_3,wynn_eps,limit,four_exp,0.001,150,1.0,0.0,0.3333,0.048620741995799716,0.9620054121698698,1.1333,30
wynn_rho_1,wynn_rho,limit,four_exp,0.001,150,1.0,0.0,0.1667,0.04772723958476997,0.9915943947841159,1.0667,30
wynn_rho_2,wynn_rho,limit,four_exp,0.001,150,1.0,0.0,0.5333,0.046774663666238295,1.0146127060930206,1.2133,30
wynn_rho_3,wynn_rho,limit,four_exp,0.001,150,0.9667,0.0667,0.4333,0.04845245825280883,0.9780705742475432,1.0067,30
pade_11,pade,trajectory,four_exp,0.001,150,1.0,0.0,1.0,0.0015546205500373278,29.687505643257623,1.4,30
pade_12,pade,trajectory,four_exp,0.001,150,1.0,0.0,1.0,0.0051671857749903335,8.908673644624232,1.4,30
pade_13,pade,trajectory,four_exp,0.001,150,1.0,0.0,1.0,0.004451712326631094,10.677979343299967,1.4,30
pade_21,pade,trajectory,four_exp,0.001,150,1.0,0.0,0.9333,0.031572083615664354,1.4547157914980224,1.3733,30
pade_22,pade,trajectory,four_exp,0.001,150,1.0,0.0,1.0,0.002706257500214096,17.50832943340208,1.4,30
pade_23,pade,trajectory,four_exp,0.001,150,1.0,0.0,1.0,0.005754146526515284,8.020517896788654,1.4,30
pade_31,pade,trajectory,four_exp,0.001,150,1.0,0.0,0.0,0.09860592618399562,0.4647510571409966,1.0,30
pade_32,pade,trajectory,four_exp,0.001,150,1.0,0.0,1.0,0.01928674724548894,2.394278850458136,1.4,30
levin_t1,levin,limit,four_exp,0.001,150,1.0,0.0,0.5667,0.047413172261435266,1.0004152021526895,1.2267,30
levin_t2,levin,limit,four_exp,0.001,150,1.0,0.0,0.3333,0.04747172819818739,0.9677528774908746,1.1333,30
levin_u1,levin,limit,four_exp,0.001,150,1.0,0.0,0.5333,0.047413508892601736,1.0003833276514666,1.2133,30
levin_u2,levin,limit,four_exp,0.001,150,1.0,0.0,0.3333,0.04746389592698304,0.9677409501205243,1.1333,30
levin_v1,levin,limit,four_exp,0.001,150,1.0,0.0,0.0,0.048988903145742876,0.9492998798044627,1.0,30
levin_v2,levin,limit,four_exp,0.001,150,1.0,0.0333,0.1667,0.04938642846681496,0.9429194263002196,1.0,30
weniger_d1,weniger,limit,four_exp,0.001,150,1.0,0.0,0.0,0.12446592227535519,0.37144755164667376,1.0,30
weniger_d2,weniger,limit,four_exp,0.001,150,1.0,0.0,0.0,0.12446592227535519,0.37144755164667537,1.0,30
brezinski_theta1,brezinski,limit,four_exp,0.001,150,1.0,0.0,0.5667,0.04655328105360622,1.0296101379405256,1.2267,30
brezinski_theta2,brezinski,limit,four_exp,0.001,150,1.0,0.0333,0.1667,0.0519742259137876,0.9008223385505425,1.0,30
neville_2,neville,trajectory,four_exp,0.001,150,0.6667,0.9333,0.0,1.3775645785745492,0.035059605657564025,-1.2,30
neville_3,neville,trajectory,four_exp,0.001,150,0.5333,1.0,0.0,31.419159702592033,0.0015851031012506216,-1.4667,30
neville_4,neville,trajectory,four_exp,0.001,150,0.3667,1.0,0.0,218.99964935670508,0.0002177729960034857,-1.6333,30
anderson_1,anderson,limit,four_exp,0.001,150,1.0,0.0,0.5667,0.04741394042382875,1.000411762778871,1.2267,30
anderson_2,anderson,limit,four_exp,0.001,150,1.0,0.0,0.5,0.047095124512268605,0.9991873108677458,1.2,30
anderson_3,anderson,limit,four_exp,0.001,150,1.0,0.0,0.3333,0.046945179836092796,0.992450162501315,1.1333,30
median_ensemble,ensemble,trajectory,four_exp,0.001,150,1.0,0.0,0.7333,0.046279195645104645,1.0034747439206753,1.2933,30
stability_weighted,ensemble,trajectory,four_exp,0.001,150,1.0,0.0,0.4333,0.04676449739989144,0.9909698705679235,1.1733,30
best_shanks_wynn,ensemble,limit,four_exp,0.001,150,1.0,0.0,0.5667,0.04741317226143546,1.0004152021526898,1.2267,30
current_value,baseline,limit,four_exp,0.001,1000,1.0,0.0,0.0,0.15703535658745685,1.0,1.0,30
linear,baseline,trajectory,four_exp,0.001,1000,0.0,1.0,0.0,,,-2.0,30
log_linear,baseline,trajectory,four_exp,0.001,1000,1.0,0.0,1.0,0.04392443408325017,3.5791725299125146,1.4,30
geom_avg_diff,baseline,limit,four_exp,0.001,1000,0.3,0.7,0.1333,0.15738518404575036,0.9999246724324101,-1.0467,30
richardson_1,richardson,trajectory,four_exp,0.001,1000,1.0,0.0,1.0,0.040766538033878565,3.85811860228398,1.4,30
richardson_2,richardson,trajectory,four_exp,0.001,1000,1.0,0.0,1.0,0.030679785022788845,5.122457040775476,1.4,30
richardson_3,richardson,trajectory,four_exp,0.001,1000,1.0,0.0,1.0,0.030679884929849962,5.122505867057583,1.4,30
richardson_a05,richardson,trajectory,four_exp,0.001,1000,1.0,0.0,1.0,0.04371434417450865,3.596011473512594,1.4,30
richardson_a10,richardson,trajectory,four_exp,0.001,1000,1.0,0.0,1.0,0.10710926542189428,1.467650011419161,1.4,30
richardson_a20,richardson,trajectory,four_exp,0.001,1000,1.0,0.0,0.9333,0.15522731138584728,1.0128793142512391,1.3733,30
single_exp_fit,parametric,trajectory,four_exp,0.001,1000,1.0,0.0,1.0,0.11031300548186784,1.424297462722245,1.4,30
double_exp_fit,parametric,trajectory,four_exp,0.001,1000,1.0,0.0,1.0,0.07454917985623838,2.116913356336763,1.4,30
rational_fit,parametric,trajectory,four_exp,0.001,1000,1.0,0.0,1.0,0.03598474959397023,4.357530319707721,1.4,30
log_fit,parametric,trajectory,four_exp,0.001,1000,1.0,0.0,1.0,0.11529437042746053,1.362451456722665,1.4,30
shanks_1,shanks,limit,four_exp,0.001,1000,1.0,0.0,0.5667,0.15821596675626623,1.0001245621617665,1.2267,30
shanks_2,shanks,limit,four_exp,0.001,1000,1.0,0.0,0.0333,0.15975622361058517,0.9844087852739618,1.0133,30
shanks_3,shanks,limit,four_exp,0.001,1000,1.0,0.0,0.1333,0.1600229055224866,0.9843526169670938,1.0533,30
shanks_4,shanks,limit,four_exp,0.001,1000,1.0,0.0,0.0333,0.16147913472405542,0.973002927764328,1.0133,30
wynn_eps_1,wynn_eps,limit,four_exp,0.001,1000,1.0,0.0,0.5667,0.1582159667562661,1.0001245621617663,1.2267,30
wynn_eps_2,wynn_eps,limit,four_exp,0.001,1000,1.0,0.0,0.3333,0.15899549287962528,0.9904679160439855,1.1333,30
wynn_eps_3,wynn_eps,limit,four_exp,0.001,1000,1.0,0.0,0.3333,0.15942353649063049,0.988516430368465,1.1333,30
wynn_rho_1,wynn_rho,limit,four_exp,0.001,1000,1.0,0.0,0.1667,0.15853003407960076,0.9974870245338677,1.0667,30
wynn_rho_2,wynn_rho,limit,four_exp,0.001,1000,1.0,0.0,0.5667,0.15694462308863993,1.005052864740291,1.2267,30
wynn_rho_3,wynn_rho,limit,four_exp,0.001,1000,0.9667,0.0333,0.5,0.15717672816324202,1.0006759599034019,1.1,30
pade_11,pade,trajectory,four_exp,0.001,1000,1.0,0.0,1.0,0.03162647682174461,4.981744414020814,1.4,30
pade_12,pade,trajectory,four_exp,0.001,1000,1.0,0.0,1.0,0.009482685710028409,16.660739115120002,1.4,30
pade_13,pade,trajectory,four_exp,0.001,1000,0.9667,0.0333,0.8667,0.07432389560567954,2.102341506242193,1.2467,30
pade_21,pade,trajectory,four_exp,0.001,1000,1.0,0.8333,0.0,1.902860017358596,0.08259270269954627,-0.6667,30
pade_22,pade,trajectory,four_exp,0.001,1000,1.0,0.0,1.0,0.03596583439955449,4.3620609885752355,1.4,30
pade_23,pade,trajectory,four_exp,0.001,1000,1.0,0.0,1.0,0.009217037720667445,17.012740885429103,1.4,30
pade_31,pade,trajectory,four_exp,0.001,1000,1.0,1.0,0.0,18.327976328964823,0.008577595063609568,-1.0,30
pade_32,pade,trajectory,four_exp,0.001,1000,1.0,0.4333,0.0667,0.7141213462329863,0.22095396273820095,0.16,30
levin_t1,levin,limit,four_exp,0.001,1000,1.0,0.0,0.5667,0.15821596675626604,1.0001245621617663,1.2267,30
levin_t2,levin,limit,four_exp,0.001,1000,1.0,0.0,0.3333,0.15827452269301817,0.9901563804098521,1.1333,30
levin_u1,levin,limit,four_exp,0.001,1000,1.0,0.0,0.5333,0.1582163033874325,1.0001150689316498,1.2133,30
levin_u2,levin,limit,four_exp,0.001,1000,1.0,0.0,0.3333,0.1582666904218138,0.9901526369052833,1.1333,30
levin_v1,levin,limit,four_exp,0.001,1000,1.0,0.0,0.0,0.15979169764057366,0.9844530021022186,1.0,30
levin_v2,levin,limit,four_exp,0.001,1000,1.0,0.0,0.1667,0.16018922296164573,0.982442881944213,1.0667,30
weniger_d1,weniger,limit,four_exp,0.001,1000,1.0,0.0,1.0,0.013663127780524425,11.4933680713497,1.4,30
weniger_d2,weniger,limit,four_exp,0.001,1000,1.0,0.0,1.0,0.013663127780524425,11.493368071350163,1.4,30
brezinski_theta1,brezinski,limit,four_exp,0.001,1000,1.0,0.0,0.5667,0.157356075548437,1.0086333957077906,1.2267,30
brezinski_theta2,brezinski,limit,four_exp,0.001,1000,1.0,0.0,0.1667,0.16277702040861836,0.9687183480470987,1.0667,30
neville_2,neville,trajectory,four_exp,0.001,1000,0.5667,0.9667,0.0,7.218473876537187,0.02198305982870496,-1.3667,30
neville_3,neville,trajectory,four_exp,0.001,1000,0.3667,1.0,0.0,230.70098333520698,0.0006851723532083392,-1.6333,30
neville_4,neville,trajectory,four_exp,0.001,1000,0.0,1.0,0.0,,,-2.0,30
anderson_1,anderson,limit,four_exp,0.001,1000,1.0,0.0,0.5667,0.1582167349186595,1.000123528421974,1.2267,30
anderson_2,anderson,limit,four_exp,0.001,1000,1.0,0.0,0.5,0.15789791900709937,0.9997556634528781,1.2,30
anderson_3,anderson,limit,four_exp,0.001,1000,1.0,0.0,0.3333,0.15774797433092358,0.9977927169274863,1.1333,30
median_ensemble,ensemble,trajectory,four_exp,0.001,1000,1.0,0.0,0.7333,0.1570819901399354,1.001028550414088,1.2933,30
stability_weighted,ensemble,trajectory,four_exp,0.001,1000,1.0,0.0,0.4333,0.15768523571466292,0.9987209750695001,1.1733,30
best_shanks_wynn,ensemble,limit,four_exp,0.001,1000,1.0,0.0,0.5667,0.15821596675626623,1.0001245621617665,1.2267,30
current_value,baseline,limit,four_exp,0.001,5000,1.0,0.0,0.0,0.16069848395575054,1.0,1.0,30
linear,baseline,trajectory,four_exp,0.001,5000,0.0,1.0,0.0,,,-2.0,30
log_linear,baseline,trajectory,four_exp,0.001,5000,1.0,0.0,1.0,0.020896682125186184,7.694267099813553,1.4,30
geom_avg_diff,baseline,limit,four_exp,0.001,5000,0.3,0.7,0.1333,0.16104831141404405,0.9999263876067966,-1.0467,30
richardson_1,richardson,trajectory,four_exp,0.001,5000,1.0,0.0,1.0,0.01508470544583327,10.662620793970776,1.4,30
richardson_2,richardson,trajectory,four_exp,0.001,5000,1.0,0.0,1.0,0.006930740541478736,23.243836375842726,1.4,30
richardson_3,richardson,trajectory,four_exp,0.001,5000,1.0,0.0,1.0,0.006930665671614784,23.24489631273576,1.4,30
richardson_a05,richardson,trajectory,four_exp,0.001,5000,1.0,0.0,1.0,0.019870177705508144,8.09798581562379,1.4,30
richardson_a10,richardson,trajectory,four_exp,0.001,5000,1.0,0.0,1.0,0.10628250165732483,1.5135149803465542,1.4,30
richardson_a20,richardson,trajectory,four_exp,0.001,5000,1.0,0.0,0.9667,0.15876295358646397,1.0133932573757027,1.3867,30
single_exp_fit,parametric,trajectory,four_exp,0.001,5000,1.0,0.0,1.0,0.11397613250320264,1.4105114399626455,1.4,30
double_exp_fit,parametric,trajectory,four_exp,0.001,5000,1.0,0.0,1.0,0.07821172891751522,2.0644589545355916,1.4,30
rational_fit,parametric,trajectory,four_exp,0.001,5000,1.0,0.0,1.0,0.025910714335752597,6.193173328141951,1.4,30
log_fit,parametric,trajectory,four_exp,0.001,5000,1.0,0.0,1.0,0.09462367341575337,1.6988032348779352,1.4,30
shanks_1,shanks,limit,four_exp,0.001,5000,1.0,0.0,0.5667,0.16187909412455992,1.0001217448140027,1.2267,30
shanks_2,shanks,limit,four_exp,0.001,5000,1.0,0.0,0.0333,0.16341935097887886,0.98475695665459,1.0133,30
shanks_3,shanks,limit,four_exp,0.001,5000,1.0,0.0,0.1333,0.16368603289078032,0.9847044380059887,1.0533,30
shanks_4,shanks,limit,four_exp,0.001,5000,1.0,0.0,0.0333,0.1651422620923491,0.9736000119829862,1.0133,30
wynn_eps_1,wynn_eps,limit,four_exp,0.001,5000,1.0,0.0,0.5667,0.16187909412455975,1.0001217448140025,1.2267,30
wynn_eps_2,wynn_eps,limit,four_exp,0.001,5000,1.0,0.0,0.3333,0.16265862024791894,0.9906824185076641,1.1333,30
wynn_eps_3,wynn_eps,limit,four_exp,0.001,5000,1.0,0.0,0.3333,0.16308666385892417,0.9887753510895662,1.1333,30
wynn_rho_1,wynn_rho,limit,four_exp,0.001,5000,1.0,0.0,0.1667,0.16219316144789442,0.9975439447364097,1.0667,30
wynn_rho_2,wynn_rho,limit,four_exp,0.001,5000,1.0,0.0,0.5667,0.16060775045693362,1.0049376476355043,1.2267,30
wynn_rho_3,wynn_rho,limit,four_exp,0.001,5000,0.9667,0.0333,0.5,0.1608398555315357,1.000660564918037,1.1,30
pade_11,pade,trajectory,four_exp,0.001,5000,1.0,0.0,1.0,0.020794302101206894,7.7529811034581355,1.4,30
pade_12,pade,trajectory,four_exp,0.001,5000,1.0,0.0,1.0,0.005170687190574407,30.994331384267213,1.4,30
pade_13,pade,trajectory,four_exp,0.001,5000,1.0,0.0,1.0,0.010709359050821557,15.094155468324779,1.4,30
pade_21,pade,trajectory,four_exp,0.001,5000,1.0,1.0,0.0,12.971120452188991,0.012502996632562038,-1.0,30
pade_22,pade,trajectory,four_exp,0.001,5000,1.0,0.0,1.0,0.025845432102261267,6.198302660327823,1.4,30
pade_23,pade,trajectory,four_exp,0.001,5000,1.0,0.0,1.0,0.005231688214608704,30.744581576974813,1.4,30
pade_31,pade,trajectory,four_exp,0.001,5000,0.0667,1.0,0.0,490.7596163054403,0.00032795448048456976,-1.9333,30
pade_32,pade,trajectory,four_exp,0.001,5000,0.9333,0.9667,0.0,4.414090806996958,0.0364616364440406,-1.0,30
levin_t1,levin,limit,four_exp,0.001,5000,1.0,0.0,0.5667,0.16187909412455972,1.0001217448140025,1.2267,30
levin_t2,levin,limit,four_exp,0.001,5000,1.0,0.0,0.3333,0.16193765006131183,0.9903773923735582,1.1333,30
levin_u1,levin,limit,four_exp,0.001,5000,1.0,0.0,0.5333,0.1618794307557262,1.0001124669497936,1.2133,30
levin_u2,levin,limit,four_exp,0.001,5000,1.0,0.0,0.3333,0.1619298177901075,0.9903737319165778,1.1333,30
levin_v1,levin,limit,four_exp,0.001,5000,1.0,0.0,0.0,0.16345482500886732,0.9847991518535233,1.0,30
levin_v2,levin,limit,four_exp,0.001,5000,1.0,0.0,0.1667,0.16385235032993942,0.9828357553225018,1.0667,30
weniger_d1,weniger,limit,four_exp,0.001,5000,1.0,0.0,1.0,0.010000000412230725,16.06984773312567,1.4,30
weniger_d2,weniger,limit,four_exp,0.001,5000,1.0,0.0,1.0,0.010000000412230725,16.069847733126554,1.4,30
brezinski_theta1,brezinski,limit,four_exp,0.001,5000,1.0,0.0,0.5667,0.16101920291673066,1.0084358301442702,1.2267,30
brezinski_theta2,brezinski,limit,four_exp,0.001,5000,1.0,0.0,0.1667,0.16644014777691207,0.9694106212006739,1.0667,30
neville_2,neville,trajectory,four_exp,0.001,5000,0.5667,0.9667,0.0,8.372202320661499,0.019395192110453242,-1.3667,30
neville_3,neville,trajectory,four_exp,0.001,5000,0.2667,1.0,0.0,233.5593048171511,0.0006926886135870493,-1.7333,30
neville_4,neville,trajectory,four_exp,0.001,5000,0.0,1.0,0.0,,,-2.0,30
anderson_1,anderson,limit,four_exp,0.001,5000,1.0,0.0,0.5667,0.16187986228695322,1.0001207344375136,1.2267,30
anderson_2,anderson,limit,four_exp,0.001,5000,1.0,0.0,0.5,0.16156104637539306,0.9997611849499537,1.2,30
anderson_3,anderson,limit,four_exp,0.001,5000,1.0,0.0,0.3333,0.16141110169921724,0.9978431744550604,1.1333,30
median_ensemble,ensemble,trajectory,four_exp,0.001,5000,1.0,0.0,0.7333,0.16074511750822912,1.001005158457976,1.2933,30
stability_weighted,ensemble,trajectory,four_exp,0.001,5000,1.0,0.0,0.7333,0.15636867640010282,1.026727643825984,1.2933,30
best_shanks_wynn,ensemble,limit,four_exp,0.001,5000,1.0,0.0,0.5667,0.16187909412455992,1.0001217448140027,1.2267,30
current_value,baseline,limit,four_exp,0.005,150,1.0,0.0,0.0,0.04459567149164957,1.0,1.0,30
linear,baseline,trajectory,four_exp,0.005,150,1.0,0.0,0.0,0.07637132845182043,0.5882459810092819,1.0,30
log_linear,baseline,trajectory,four_exp,0.005,150,1.0,0.0,1.0,0.010681530586455087,4.219055058787632,1.4,30
geom_avg_diff,baseline,limit,four_exp,0.005,150,0.5667,0.4333,0.2667,0.045513613526572294,0.913725439104559,-0.1933,30
richardson_1,richardson,trajectory,four_exp,0.005,150,1.0,0.0,1.0,0.010751427068104377,4.172814044532851,1.4,30
richardson_2,richardson,trajectory,four_exp,0.005,150,1.0,0.0,1.0,0.006288721624449198,7.042939868063675,1.4,30
richardson_3,richardson,trajectory,four_exp,0.005,150,1.0,0.0,1.0,0.006288786972478283,7.043015034596229,1.4,30
richardson_a05,richardson,trajectory,four_exp,0.005,150,1.0,0.0,1.0,0.011093855136770553,4.0239044884893875,1.4,30
richardson_a10,richardson,trajectory,four_exp,0.005,150,1.0,0.0,1.0,0.027667696493726524,1.609090598184355,1.4,30
richardson_a20,richardson,trajectory,four_exp,0.005,150,1.0,0.0,0.1333,0.049846982216237484,0.8957732178783981,1.0533,30
single_exp_fit,parametric,trajectory,four_exp,0.005,150,1.0,0.0,1.0,0.0117381678400941,3.904044762768164,1.4,30
double_exp_fit,parametric,trajectory,four_exp,0.005,150,0.9,0.1,0.9,0.012504930156908484,3.9895659864237834,1.06,30
rational_fit,parametric,trajectory,four_exp,0.005,150,1.0,0.0,1.0,0.0036574549128005826,12.263258677677072,1.4,30
log_fit,parametric,trajectory,four_exp,0.005,150,1.0,0.0,0.0333,0.05250013944285724,0.8495256973799326,1.0133,30
shanks_1,shanks,limit,four_exp,0.005,150,1.0,0.0,0.5667,0.0451049375114255,1.0009361863515323,1.2267,30
shanks_2,shanks,limit,four_exp,0.005,150,1.0,0.0,0.1667,0.04886861883671691,0.917108620779389,1.0667,30
shanks_3,shanks,limit,four_exp,0.005,150,1.0,0.0,0.1667,0.048661327123287634,0.9271361451213445,1.0667,30
shanks_4,shanks,limit,four_exp,0.005,150,1.0,0.0,0.1667,0.049313505116823614,0.9186540116707511,1.0667,30
wynn_eps_1,wynn_eps,limit,four_exp,0.005,150,1.0,0.0,0.5667,0.04510493751142548,1.0009361863515345,1.2267,30
wynn_eps_2,wynn_eps,limit,four_exp,0.005,150,1.0,0.0,0.3,0.04916324172398984,0.926189902812532,1.12,30
wynn_eps_3,wynn_eps,limit,four_exp,0.005,150,1.0,0.0,0.2667,0.0490642287311536,0.921363846410941,1.1067,30
wynn_rho_1,wynn_rho,limit,four_exp,0.005,150,1.0,0.0,0.3667,0.04558131477703577,0.9795284236440089,1.1467,30
wynn_rho_2,wynn_rho,limit,four_exp,0.005,150,1.0,0.0333,0.3,0.04771282753757902,0.9597837853715439,1.0533,30
wynn_rho_3,wynn_rho,limit,four_exp,0.005,150,1.0,0.0,0.4,0.04761878993111379,0.9816222459174312,1.16,30
pade_11,pade,trajectory,four_exp,0.005,150,1.0,0.0,1.0,0.020509990527270393,2.0952949053162273,1.4,30
pade_12,pade,trajectory,four_exp,0.005,150,1.0,0.0,1.0,0.005165415878550184,8.437149713473417,1.4,30
pade_13,pade,trajectory,four_exp,0.005,150,1.0,0.0,1.0,0.005619115014486288,8.066272890800203,1.4,30
pade_21,pade,trajectory,four_exp,0.005,150,1.0,0.0,0.0,0.10321781566648824,0.4281472875336959,1.0,30
pade_22,pade,trajectory,four_exp,0.005,150,1.0,0.0,1.0,0.012379138993915947,3.921945955763536,1.4,30
pade_23,pade,trajectory,four_exp,0.005,150,1.0,0.0,1.0,0.00530487214952495,8.133335975616818,1.4,30
pade_31,pade,trajectory,four_exp,0.005,150,1.0,0.0,0.0667,0.0841936427166499,0.5350437455409263,1.0267,30
pade_32,pade,trajectory,four_exp,0.005,150,1.0,0.0,0.0,0.1186244224560662,0.3629458964195583,1.0,30
levin_t1,levin,limit,four_exp,0.005,150,1.0,0.0,0.5667,0.04510493751142548,1.0009361863515351,1.2267,30
levin_t2,levin,limit,four_exp,0.005,150,1.0,0.0,0.4333,0.045302386007887954,0.980270059357554,1.1733,30
levin_u1,levin,limit,four_exp,0.005,150,1.0,0.0,0.5667,0.04510774443877788,1.000910942354019,1.2267,30
levin_u2,levin,limit,four_exp,0.005,150,1.0,0.0,0.4333,0.04530607875056074,0.980110997558771,1.1733,30
levin_v1,levin,limit,four_exp,0.005,150,1.0,0.0,0.3,0.04741876470935877,0.9281411291314747,1.12,30
levin_v2,levin,limit,four_exp,0.005,150,1.0,0.0333,0.3,0.048655074714784446,0.9176011694648674,1.0533,30
weniger_d1,weniger,limit,four_exp,0.005,150,1.0,0.0,0.0,0.12446592227535519,0.358296236242004,1.0,30
weniger_d2,weniger,limit,four_exp,0.005,150,1.0,0.0,0.0,0.12446592227535519,0.358296236242004,1.0,30
brezinski_theta1,brezinski,limit,four_exp,0.005,150,1.0,0.0,0.5667,0.04258982784912391,1.127474019746186,1.2267,30
brezinski_theta2,brezinski,limit,four_exp,0.005,150,1.0,0.0,0.2667,0.05295732315255042,0.8352356792493703,1.1067,30
neville_2,neville,trajectory,four_exp,0.005,150,0.6,1.0,0.0,5.37021420789258,0.008406314089278534,-1.4,30
neville_3,neville,trajectory,four_exp,0.005,150,0.6,1.0,0.0,117.8022469370417,0.0003755426253138804,-1.4,30
neville_4,neville,trajectory,four_exp,0.005,150,0.1,1.0,0.0,211.5169149126737,0.0002396767236731807,-1.9,30
anderson_1,anderson,limit,four_exp,0.005,150,1.0,0.0,0.5667,0.045103678963931096,1.0009359965182758,1.2267,30
anderson_2,anderson,limit,four_exp,0.005,150,1.0,0.0,0.4333,0.04479030635505871,0.9976204093775758,1.1733,30
anderson_3,anderson,limit,four_exp,0.005,150,1.0,0.0,0.4333,0.04519943406119939,0.9913280006839602,1.1733,30
median_ensemble,ensemble,trajectory,four_exp,0.005,150,1.0,0.0,0.6333,0.04395317678009633,1.0041014051301889,1.2533,30
stability_weighted,ensemble,trajectory,four_exp,0.005,150,1.0,0.0,0.4667,0.045782807443057766,0.9739934221162019,1.1867,30
best_shanks_wynn,ensemble,limit,four_exp,0.005,150,1.0,0.0,0.5667,0.0451049375114255,1.0009361863515323,1.2267,30
current_value,baseline,limit,four_exp,0.005,1000,1.0,0.0,0.0,0.15539846598648033,1.0,1.0,30
linear,baseline,trajectory,four_exp,0.005,1000,0.0,1.0,0.0,,,-2.0,30
log_linear,baseline,trajectory,four_exp,0.005,1000,1.0,0.0,1.0,0.04339007332452843,3.583816790072291,1.4,30
geom_avg_diff,baseline,limit,four_exp,0.005,1000,0.5667,0.4333,0.3333,0.1553019841187937,1.001349290081382,-0.1667,30
richardson_1,richardson,trajectory,four_exp,0.005,1000,1.0,0.0,1.0,0.04031677434928398,3.853709575509872,1.4,30
richardson_2,richardson,trajectory,four_exp,0.005,1000,1.0,0.0,1.0,0.030349239992025854,5.1202332530474575,1.4,30
richardson_3,richardson,trajectory,four_exp,0.005,1000,1.0,0.0,1.0,0.030349613656762982,5.1201453840548075,1.4,30
richardson_a05,richardson,trajectory,four_exp,0.005,1000,1.0,0.0,1.0,0.042678762053648886,3.6353005615770955,1.4,30
richardson_a10,richardson,trajectory,four_exp,0.005,1000,1.0,0.0,1.0,0.10647601888525324,1.4534442162434944,1.4,30
richardson_a20,richardson,trajectory,four_exp,0.005,1000,1.0,0.0,0.5333,0.1548463043005573,1.0044169367905547,1.2133,30
single_exp_fit,parametric,trajectory,four_exp,0.005,1000,1.0,0.0,1.0,0.10792195690790561,1.422516963367289,1.4,30
double_exp_fit,parametric,trajectory,four_exp,0.005,1000,0.9,0.1,0.9,0.06909538657514463,2.2962492344287226,1.06,30
rational_fit,parametric,trajectory,four_exp,0.005,1000,1.0,0.0,1.0,0.0336530004271892,4.6529209825534075,1.4,30
log_fit,parametric,trajectory,four_exp,0.005,1000,1.0,0.0,1.0,0.11511113169821968,1.349713915218186,1.4,30
shanks_1,shanks,limit,four_exp,0.005,1000,1.0,0.0,0.5667,0.15590773200625627,1.0002696316294175,1.2267,30
shanks_2,shanks,limit,four_exp,0.005,1000,1.0,0.0,0.1667,0.15967141333154766,0.976448728992344,1.0667,30
shanks_3,shanks,limit,four_exp,0.005,1000,1.0,0.0,0.1667,0.1594641216181184,0.9776579147370671,1.0667,30
shanks_4,shanks,limit,four_exp,0.005,1000,1.0,0.0,0.1667,0.16011629961165438,0.9745743600484909,1.0667,30
wynn_eps_1,wynn_eps,limit,four_exp,0.005,1000,1.0,0.0,0.5667,0.15590773200625624,1.000269631629418,1.2267,30
wynn_eps_2,wynn_eps,limit,four_exp,0.005,1000,1.0,0.0,0.3,0.1599660362188206,0.9773350591157535,1.12,30
wynn_eps_3,wynn_eps,limit,four_exp,0.005,1000,1.0,0.0,0.2667,0.15986702322598437,0.9764323764965637,1.1067,30
wynn_rho_1,wynn_rho,limit,four_exp,0.005,1000,1.0,0.0,0.3667,0.15638410927186652,0.9941393891863806,1.1467,30
wynn_rho_2,wynn_rho,limit,four_exp,0.005,1000,1.0,0.0,0.3333,0.15814449425191596,0.9921447735247724,1.1333,30
wynn_rho_3,wynn_rho,limit,four_exp,0.005,1000,1.0,0.0,0.4,0.15842158442594456,0.9946249954317963,1.16,30
pade_11,pade,trajectory,four_exp,0.005,1000,1.0,0.0,0.9,0.06757123304176217,2.2627780144587972,1.36,30
pade_12,pade,trajectory,four_exp,0.005,1000,1.0,0.0,1.0,0.009474473470670479,16.347333706515393,1.4,30
pade_13,pade,trajectory,four_exp,0.005,1000,1.0,0.0,0.9667,0.026584871681808606,5.986022730426088,1.3867,30
pade_21,pade,trajectory,four_exp,0.005,1000,0.0,1.0,0.0,,,-2.0,30
pade_22,pade,trajectory,four_exp,0.005,1000,1.0,0.0,1.0,0.032127511376964325,4.7803298645484205,1.4,30
pade_23,pade,trajectory,four_exp,0.005,1000,1.0,0.0,1.0,0.009412705678846793,16.60560236264366,1.4,30
pade_31,pade,trajectory,four_exp,0.005,1000,1.0,1.0,0.0,17.247262737597865,0.009123107418359113,-1.0,30
pade_32,pade,trajectory,four_exp,0.005,1000,0.0,1.0,0.0,,,-2.0,30
levin_t1,levin,limit,four_exp,0.005,1000,1.0,0.0,0.5667,0.15590773200625624,1.0002696316294184,1.2267,30
levin_t2,levin,limit,four_exp,0.005,1000,1.0,0.0,0.4333,0.1561051805027187,0.9942487207589686,1.1733,30
levin_u1,levin,limit,four_exp,0.005,1000,1.0,0.0,0.5667,0.15591053893360865,1.0002616462268417,1.2267,30
levin_u2,levin,limit,four_exp,0.005,1000,1.0,0.0,0.4333,0.15610887324539152,0.9941784946364063,1.1733,30
levin_v1,levin,limit,four_exp,0.005,1000,1.0,0.0,0.3,0.15822155920418954,0.9784503814969114,1.12,30
levin_v2,levin,limit,four_exp,0.005,1000,1.0,0.0,0.3,0.15945786920961522,0.9746658668429447,1.12,30
weniger_d1,weniger,limit,four_exp,0.005,1000,1.0,0.0,1.0,0.013663127780524425,11.37356456608618,1.4,30
weniger_d2,weniger,limit,four_exp,0.005,1000,1.0,0.0,1.0,0.013663127780524425,11.37356456608618,1.4,30
brezinski_theta1,brezinski,limit,four_exp,0.005,1000,1.0,0.0,0.5667,0.15339262234395468,1.0361769278469986,1.2267,30
brezinski_theta2,brezinski,limit,four_exp,0.005,1000,1.0,0.0,0.2667,0.1637601176473812,0.9453300513765658,1.1067,30
neville_2,neville,trajectory,four_exp,0.005,1000,0.5667,1.0,0.0,28.288231589041985,0.005457235548194726,-1.4333,30
neville_3,neville,trajectory,four_exp,0.005,1000,0.1,1.0,0.0,170.72632391408015,0.0009459494702400736,-1.9,30
neville_4,neville,trajectory,four_exp,0.005,1000,0.0,1.0,0.0,,,-2.0,30
anderson_1,anderson,limit,four_exp,0.005,1000,1.0,0.0,0.5667,0.15590647345876185,1.0002695768170158,1.2267,30
anderson_2,anderson,limit,four_exp,0.005,1000,1.0,0.0,0.4333,0.15559310084988948,0.9993366880736372,1.1733,30
anderson_3,anderson,limit,four_exp,0.005,1000,1.0,0.0,0.4333,0.15600222855603016,0.9974961610493529,1.1733,30
median_ensemble,ensemble,trajectory,four_exp,0.005,1000,1.0,0.0,0.6333,0.15509976912520976,1.0011615764123853,1.2533,30
stability_weighted,ensemble,trajectory,four_exp,0.005,1000,1.0,0.0,0.6667,0.138743832375049,1.1355801225144897,1.2667,30
best_shanks_wynn,ensemble,limit,four_exp,0.005,1000,1.0,0.0,0.5667,0.15590773200625627,1.0002696316294175,1.2267,30
current_value,baseline,limit,four_exp,0.005,5000,1.0,0.0,0.0,0.15906159335477404,1.0,1.0,30
linear,baseline,trajectory,four_exp,0.005,5000,0.0,1.0,0.0,,,-2.0,30
log_linear,baseline,trajectory,four_exp,0.005,5000,1.0,0.0,1.0,0.020529556027378673,7.7291897737086135,1.4,30
geom_avg_diff,baseline,limit,four_exp,0.005,5000,0.5667,0.4333,0.3333,0.1589651114870874,1.0013176348638584,-0.1667,30
richardson_1,richardson,trajectory,four_exp,0.005,5000,1.0,0.0,1.0,0.014805265210589603,10.762257337409707,1.4,30
richardson_2,richardson,trajectory,four_exp,0.005,5000,1.0,0.0,1.0,0.006746734474813455,23.43776326353857,1.4,30
richardson_3,richardson,trajectory,four_exp,0.005,5000,1.0,0.0,1.0,0.006747116513802134,23.435897356440314,1.4,30
richardson_a05,richardson,trajectory,four_exp,0.005,5000,1.0,0.0,1.0,0.018745322632471008,8.523333787773563,1.4,30
richardson_a10,richardson,trajectory,four_exp,0.005,5000,1.0,0.0,1.0,0.1056180400800206,1.4985657558310665,1.4,30
richardson_a20,richardson,trajectory,four_exp,0.005,5000,1.0,0.0,0.5667,0.15838158118569998,1.0051339529199765,1.2267,30
single_exp_fit,parametric,trajectory,four_exp,0.005,5000,1.0,0.0,1.0,0.11158508377751225,1.4087248457696966,1.4,30
double_exp_fit,parametric,trajectory,four_exp,0.005,5000,0.9,0.1,0.9,0.07275803330590222,2.230143232739413,1.06,30
rational_fit,parametric,trajectory,four_exp,0.005,5000,1.0,0.0,1.0,0.023239852000161758,6.928284213784069,1.4,30
log_fit,parametric,trajectory,four_exp,0.005,5000,1.0,0.0,1.0,0.09447501118744413,1.6832657070652877,1.4,30
shanks_1,shanks,limit,four_exp,0.005,5000,1.0,0.0,0.5667,0.15957085937454996,1.0002634314626433,1.2267,30
shanks_2,shanks,limit,four_exp,0.005,5000,1.0,0.0,0.1667,0.16333454069984138,0.9769932013994506,1.0667,30
shanks_3,shanks,limit,four_exp,0.005,5000,1.0,0.0,0.1667,0.1631272489864121,0.97815542300293,1.0667,30
shanks_4,shanks,limit,four_exp,0.005,5000,1.0,0.0,0.1667,0.16377942697994807,0.975139217505533,1.0667,30
wynn_eps_1,wynn_eps,limit,four_exp,0.005,5000,1.0,0.0,0.5667,0.15957085937454996,1.000263431462644,1.2267,30
wynn_eps_2,wynn_eps,limit,four_exp,0.005,5000,1.0,0.0,0.3,0.1636291635871143,0.9778450794811715,1.12,30
wynn_eps_3,wynn_eps,limit,four_exp,0.005,5000,1.0,0.0,0.2667,0.16353015059427806,0.9769652353155167,1.1067,30
wynn_rho_1,wynn_rho,limit,four_exp,0.005,5000,1.0,0.0,0.3667,0.16004723664016024,0.99427448548221,1.1467,30
wynn_rho_2,wynn_rho,limit,four_exp,0.005,5000,1.0,0.0,0.3333,0.16180762162020962,0.9923237211364417,1.1333,30
wynn_rho_3,wynn_rho,limit,four_exp,0.005,5000,1.0,0.0,0.4,0.16208471179423825,0.9947473264027182,1.16,30
pade_11,pade,trajectory,four_exp,0.005,5000,1.0,0.0,0.7,0.1010896008977977,1.5487837433601135,1.28,30
pade_12,pade,trajectory,four_exp,0.005,5000,1.0,0.0,1.0,0.005173084153761933,30.815622596500752,1.4,30
pade_13,pade,trajectory,four_exp,0.005,5000,1.0,0.0,1.0,0.010384565234918562,15.59862198261896,1.4,30
pade_21,pade,trajectory,four_exp,0.005,5000,0.0,1.0,0.0,,,-2.0,30
pade_22,pade,trajectory,four_exp,0.005,5000,1.0,0.0,0.9333,0.0356720750985559,4.5324157935769325,1.3733,30
pade_23,pade,trajectory,four_exp,0.005,5000,1.0,0.0,1.0,0.0051877403656712655,30.704269266680182,1.4,30
pade_31,pade,trajectory,four_exp,0.005,5000,0.4667,1.0,0.0,425.9386640058566,0.0003642857396075242,-1.5333,30
pade_32,pade,trajectory,four_exp,0.005,5000,0.0,1.0,0.0,,,-2.0,30
levin_t1,levin,limit,four_exp,0.005,5000,1.0,0.0,0.5667,0.15957085937454996,1.0002634314626442,1.2267,30
levin_t2,levin,limit,four_exp,0.005,5000,1.0,0.0,0.4333,0.15976830787101243,0.9943803487143921,1.1733,30
levin_u1,levin,limit,four_exp,0.005,5000,1.0,0.0,0.5667,0.15957366630190234,1.0002556234832922,1.2267,30
levin_u2,levin,limit,four_exp,0.005,5000,1.0,0.0,0.4333,0.15977200061368518,0.9943117162705981,1.1733,30
levin_v1,levin,limit,four_exp,0.005,5000,1.0,0.0,0.3,0.16188468657248323,0.9789378760449894,1.12,30
levin_v2,levin,limit,four_exp,0.005,5000,1.0,0.0,0.3,0.16290819336415757,0.9752329166937284,1.12,30
weniger_d1,weniger,limit,four_exp,0.005,5000,1.0,0.0,1.0,0.010000000412230725,15.90615867977667,1.4,30
weniger_d2,weniger,limit,four_exp,0.005,5000,1.0,0.0,1.0,0.010000000412230725,15.90615867977667,1.4,30
brezinski_theta1,brezinski,limit,four_exp,0.005,5000,1.0,0.0,0.5667,0.15705574971224837,1.0353404178890577,1.2267,30
brezinski_theta2,brezinski,limit,four_exp,0.005,5000,1.0,0.0,0.2667,0.16742324501567488,0.9465294132178509,1.1067,30
neville_2,neville,trajectory,four_exp,0.005,5000,0.5667,1.0,0.0,32.88273689342634,0.0048061288482094825,-1.4333,30
neville_3,neville,trajectory,four_exp,0.005,5000,0.0667,1.0,0.0,159.79385804194573,0.0011354909265594473,-1.9333,30
neville_4,neville,trajectory,four_exp,0.005,5000,0.0,1.0,0.0,,,-2.0,30
anderson_1,anderson,limit,four_exp,0.005,5000,1.0,0.0,0.5667,0.15956960082705557,1.0002633779094787,1.2267,30
anderson_2,anderson,limit,four_exp,0.005,5000,1.0,0.0,0.4333,0.15925622821818317,0.9993521334482649,1.1733,30
anderson_3,anderson,limit,four_exp,0.005,5000,1.0,0.0,0.4333,0.15966535592432385,0.9975536851729495,1.1733,30
median_ensemble,ensemble,trajectory,four_exp,0.005,5000,1.0,0.0,0.6333,0.1584190986432208,1.0011348487777927,1.2533,30
stability_weighted,ensemble,trajectory,four_exp,0.005,5000,1.0,0.0,0.6,0.14796532386224617,1.0779636658580691,1.24,30
best_shanks_wynn,ensemble,limit,four_exp,0.005,5000,1.0,0.0,0.5667,0.15957085937454996,1.0002634314626433,1.2267,30
current_value,baseline,limit,power_law,0.0,150,1.0,0.0,0.0,0.01015463619220127,1.0,1.0,30
linear,baseline,trajectory,power_law,0.0,150,1.0,0.0,0.0,0.02815842309063587,0.36062517277745615,1.0,30
log_linear,baseline,trajectory,power_law,0.0,150,1.0,0.0,1.0,0.00010531871600232001,96.4181541292013,1.4,30
geom_avg_diff,baseline,limit,power_law,0.0,150,1.0,0.0,1.0,0.0009409458063070336,10.79194585292384,1.4,30
richardson_1,richardson,trajectory,power_law,0.0,150,1.0,0.0,1.0,8.291370688807281e-05,122.47234592839101,1.4,30
richardson_2,richardson,trajectory,power_law,0.0,150,1.0,0.0,1.0,3.7393567958732277e-07,27156.103967955067,1.4,30
richardson_3,richardson,trajectory,power_law,0.0,150,1.0,0.0,1.0,1.6553834866067652e-07,61343.104328148314,1.4,30
richardson_a05,richardson,trajectory,power_law,0.0,150,1.0,0.0,1.0,0.0019239568164115747,5.277995901769232,1.4,30
richardson_a10,richardson,trajectory,power_law,0.0,150,1.0,0.0,1.0,0.0031203622498025413,3.2543132429075703,1.4,30
richardson_a20,richardson,trajectory,power_law,0.0,150,1.0,0.0,1.0,0.009912434251717318,1.0244341535422534,1.4,30
single_exp_fit,parametric,trajectory,power_law,0.0,150,1.0,0.0,1.0,0.004831584456551706,2.10171969123533,1.4,30
double_exp_fit,parametric,trajectory,power_law,0.0,150,1.0,0.0,1.0,0.004831610924393014,2.101708177894514,1.4,30
rational_fit,parametric,trajectory,power_law,0.0,150,1.0,0.0,1.0,0.0006617213182797815,15.345789702830462,1.4,30
log_fit,parametric,trajectory,power_law,0.0,150,1.0,0.0,0.0,0.012930655762527617,0.7853148655947435,1.0,30
shanks_1,shanks,limit,power_law,0.0,150,1.0,0.0,1.0,0.0036990184221264086,2.7452245523999856,1.4,30
shanks_2,shanks,limit,power_law,0.0,150,1.0,0.0,0.0,0.011910456985982934,0.8525815763536162,1.0,30
shanks_3,shanks,limit,power_law,0.0,150,1.0,0.0,0.0,0.016779765232942646,0.6051715295912078,1.0,30
shanks_4,shanks,limit,power_law,0.0,150,1.0,0.0,0.0,0.01574416515333909,0.6449777484738612,1.0,30
wynn_eps_1,wynn_eps,limit,power_law,0.0,150,1.0,0.0,1.0,0.0036990184221269776,2.7452245523995633,1.4,30
wynn_eps_2,wynn_eps,limit,power_law,0.0,150,1.0,0.0,1.0,0.00881053321051491,1.1525563719664826,1.4,30
wynn_eps_3,wynn_eps,limit,power_law,0.0,150,1.0,0.0,0.0,0.011562111864962553,0.8782682879045263,1.0,30
wynn_rho_1,wynn_rho,limit,power_law,0.0,150,1.0,0.0,0.0,0.017816850389067423,0.5699456396868128,1.0,30
wynn_rho_2,wynn_rho,limit,power_law,0.0,150,1.0,0.0,0.0,0.020931238765044696,0.4851426284983944,1.0,30
wynn_rho_3,wynn_rho,limit,power_law,0.0,150,1.0,0.0,0.0,0.02202661381258028,0.4610166718590922,1.0,30
pade_11,pade,trajectory,power_law,0.0,150,1.0,0.0,1.0,0.0005805667598008171,17.490901814091387,1.4,30
pade_12,pade,trajectory,power_law,0.0,150,1.0,0.0,1.0,0.00021336013964207146,47.59387676271902,1.4,30
pade_13,pade,trajectory,power_law,0.0,150,1.0,0.0,1.0,9.8724565248412e-05,102.85825181047946,1.4,30
pade_21,pade,trajectory,power_law,0.0,150,1.0,0.0,1.0,0.0003368949879422045,30.141844063121926,1.4,30
pade_22,pade,trajectory,power_law,0.0,150,1.0,0.0,1.0,2.6858063777064622e-05,378.0851917133653,1.4,30
pade_23,pade,trajectory,power_law,0.0,150,1.0,0.0,1.0,9.452479584323714e-06,1074.2827954944262,1.4,30
pade_31,pade,trajectory,power_law,0.0,150,1.0,0.0,1.0,0.0002566393679162074,39.56772600654453,1.4,30
pade_32,pade,trajectory,power_law,0.0,150,1.0,0.0,1.0,1.141772081364456e-05,889.3750651238677,1.4,30
levin_t1,levin,limit,power_law,0.0,150,1.0,0.0,1.0,0.00369901842212712,2.7452245523994576,1.4,30
levin_t2,levin,limit,power_law,0.0,150,1.0,0.0,1.0,0.008847759874452892,1.147707028252639,1.4,30
levin_u1,levin,limit,power_law,0.0,150,1.0,0.0,0.0,0.024335848142916307,0.41727069188492977,1.0,30
levin_u2,levin,limit,power_law,0.0,150,1.0,0.0,0.0,0.023867762608605462,0.42545404689671423,1.0,30
levin_v1,levin,limit,power_law,0.0,150,1.0,0.0,0.0,0.02425978052920306,0.41857906257550354,1.0,30
levin_v2,levin,limit,power_law,0.0,150,1.0,0.0,0.0,0.023868057268106438,0.42544879451794965,1.0,30
weniger_d1,weniger,limit,power_law,0.0,150,1.0,0.0,0.0,0.033867455630536066,0.2998346348476648,1.0,30
weniger_d2,weniger,limit,power_law,0.0,150,1.0,0.0,0.0,0.033867455630536066,0.2998346348476648,1.0,30
brezinski_theta1,brezinski,limit,power_law,0.0,150,1.0,0.0,1.0,0.003968233411057946,2.5589815770171658,1.4,30
brezinski_theta2,brezinski,limit,power_law,0.0,150,1.0,0.0,0.0,0.012233213786590522,0.8300873645592877,1.0,30
neville_2,neville,trajectory,power_law,0.0,150,1.0,0.0,1.0,0.00014124342210290047,71.89457775104943,1.4,30
neville_3,neville,trajectory,power_law,0.0,150,1.0,0.0,1.0,3.5736387520711455e-05,284.15396453589574,1.4,30
neville_4,neville,trajectory,power_law,0.0,150,1.0,0.0,1.0,1.043516643763065e-05,973.1168403392447,1.4,30
anderson_1,anderson,limit,power_law,0.0,150,1.0,0.0,1.0,0.01011956768881938,1.0034654151699223,1.4,30
anderson_2,anderson,limit,power_law,0.0,150,1.0,0.0,1.0,0.010082928636091788,1.0071117786009915,1.4,30
anderson_3,anderson,limit,power_law,0.0,150,1.0,0.0,1.0,0.010044640659848884,1.0109506687274605,1.4,30
median_ensemble,ensemble,trajectory,power_law,0.0,150,1.0,0.0,1.0,0.003699018422126693,2.7452245523997743,1.4,30
stability_weighted,ensemble,trajectory,power_law,0.0,150,1.0,0.0,1.0,0.008274467435982886,1.227225349639079,1.4,30
best_shanks_wynn,ensemble,limit,power_law,0.0,150,1.0,0.0,1.0,0.0036990184221264086,2.7452245523999856,1.4,30
current_value,baseline,limit,power_law,0.0,1000,1.0,0.0,0.0,0.027671910405454896,1.0,1.0,30
linear,baseline,trajectory,power_law,0.0,1000,1.0,1.0,0.0,0.499350580086865,0.05541579705512949,-1.0,30
log_linear,baseline,trajectory,power_law,0.0,1000,1.0,0.0,1.0,0.00016064343755265234,172.25671230040243,1.4,30
geom_avg_diff,baseline,limit,power_law,0.0,1000,1.0,0.0,1.0,0.014371593280783666,1.9254587758516069,1.4,30
richardson_1,richardson,trajectory,power_law,0.0,1000,1.0,0.0,1.0,0.0006489590501951963,42.64045689343825,1.4,30
richardson_2,richardson,trajectory,power_law,0.0,1000,1.0,0.0,1.0,1.0381975896749107e-05,2665.379950854997,1.4,30
richardson_3,richardson,trajectory,power_law,0.0,1000,1.0,0.0,1.0,6.773732250355685e-06,4085.1792457550796,1.4,30
richardson_a05,richardson,trajectory,power_law,0.0,1000,1.0,0.0,1.0,0.008973673927299787,3.0836768339967398,1.4,30
richardson_a10,richardson,trajectory,power_law,0.0,1000,1.0,0.0,1.0,0.010659196169384287,2.5960597746512177,1.4,30
richardson_a20,richardson,trajectory,power_law,0.0,1000,1.0,0.0,1.0,0.02559957340039402,1.0809520132483528,1.4,30
single_exp_fit,parametric,trajectory,power_law,0.0,1000,1.0,0.0,1.0,0.02130197896982174,1.2990300311843028,1.4,30
double_exp_fit,parametric,trajectory,power_law,0.0,1000,1.0,0.0,1.0,0.021302013781364985,1.2990279083220901,1.4,30
rational_fit,parametric,trajectory,power_law,0.0,1000,1.0,0.0,1.0,0.004752509539794066,5.822589133961837,1.4,30
log_fit,parametric,trajectory,power_law,0.0,1000,1.0,0.0,1.0,0.017703761362105514,1.5630526100903037,1.4,30
shanks_1,shanks,limit,power_law,0.0,1000,1.0,0.0,1.0,0.013818255791127217,2.002561743228345,1.4,30
shanks_2,shanks,limit,power_law,0.0,1000,1.0,0.0,1.0,0.005606817227270692,4.935404398570904,1.4,30
shanks_3,shanks,limit,power_law,0.0,1000,1.0,0.0,1.0,0.0007375089803109795,37.52077756909035,1.4,30
shanks_4,shanks,limit,power_law,0.0,1000,1.0,0.0,1.0,0.001773109059914537,15.606434500305733,1.4,30
wynn_eps_1,wynn_eps,limit,power_law,0.0,1000,1.0,0.0,1.0,0.013818255791126648,2.0025617432284277,1.4,30
wynn_eps_2,wynn_eps,limit,power_law,0.0,1000,1.0,0.0,1.0,0.008706741002738716,3.178216785907685,1.4,30
wynn_eps_3,wynn_eps,limit,power_law,0.0,1000,1.0,0.0,1.0,0.005955162348291073,4.646709659123866,1.4,30
wynn_rho_1,wynn_rho,limit,power_law,0.0,1000,1.0,0.0,1.0,0.00029957617581379686,92.37019709689638,1.4,30
wynn_rho_2,wynn_rho,limit,power_law,0.0,1000,1.0,0.0,1.0,0.0034139645517910697,8.105506072386536,1.4,30
wynn_rho_3,wynn_rho,limit,power_law,0.0,1000,1.0,0.0,1.0,0.004509339599326654,6.136577163003412,1.4,30
pade_11,pade,trajectory,power_law,0.0,1000,1.0,0.0,1.0,0.004539013081805661,6.096459716403099,1.4,30
pade_12,pade,trajectory,power_law,0.0,1000,1.0,0.0,1.0,0.00538060214055776,5.1429021664453325,1.4,30
pade_13,pade,trajectory,power_law,0.0,1000,1.0,0.0,0.0,0.04081719311145213,0.677947411275837,1.0,30
pade_21,pade,trajectory,power_law,0.0,1000,1.0,0.0,1.0,0.021710567765055436,1.2745825307247205,1.4,30
pade_22,pade,trajectory,power_law,0.0,1000,1.0,0.0,1.0,0.0012436629148732843,22.250330113183733,1.4,30
pade_23,pade,trajectory,power_law,0.0,1000,1.0,0.0,1.0,0.0019274206939540583,14.356964461498347,1.4,30
pade_31,pade,trajectory,power_law,0.0,1000,1.0,1.0,0.0,0.15652616371425995,0.17678776345640362,-1.0,30
pade_32,pade,trajectory,power_law,0.0,1000,1.0,0.0,1.0,0.00356506577150259,7.76196350335266,1.4,30
levin_t1,levin,limit,power_law,0.0,1000,1.0,0.0,1.0,0.013818255791126506,2.002561743228448,1.4,30
levin_t2,levin,limit,power_law,0.0,1000,1.0,0.0,1.0,0.008669514338800734,3.1918639642371005,1.4,30
levin_u1,levin,limit,power_law,0.0,1000,1.0,0.0,1.0,0.0068185739296626816,4.058313467142218,1.4,30
levin_u2,levin,limit,power_law,0.0,1000,1.0,0.0,1.0,0.006350488395351836,4.357446023475773,1.4,30
levin_v1,levin,limit,power_law,0.0,1000,1.0,0.0,1.0,0.0067425063159494356,4.104098551601923,1.4,30
levin_v2,levin,limit,power_law,0.0,1000,1.0,0.0,1.0,0.006350783054852812,4.357243849529707,1.4,30
weniger_d1,weniger,limit,power_law,0.0,1000,1.0,0.0,1.0,0.01635018141728244,1.6924528052150654,1.4,30
weniger_d2,weniger,limit,power_law,0.0,1000,1.0,0.0,1.0,0.01635018141728244,1.6924528052150654,1.4,30
brezinski_theta1,brezinski,limit,power_law,0.0,1000,1.0,0.0,1.0,0.01354904080219568,2.0423519870846167,1.4,30
brezinski_theta2,brezinski,limit,power_law,0.0,1000,1.0,0.0,1.0,0.005284060426663104,5.236864867370521,1.4,30
neville_2,neville,trajectory,power_law,0.0,1000,1.0,0.0,1.0,0.003174131338870862,8.717947511049957,1.4,30
neville_3,neville,trajectory,power_law,0.0,1000,1.0,0.0,1.0,0.001987715251499489,13.921466057364007,1.4,30
neville_4,neville,trajectory,power_law,0.0,1000,1.0,0.0,1.0,0.0013692453227807412,20.209607398371247,1.4,30
anderson_1,anderson,limit,power_law,0.0,1000,1.0,0.0,1.0,0.027636841902073005,1.0012689041499803,1.4,30
anderson_2,anderson,limit,power_law,0.0,1000,1.0,0.0,1.0,0.027600202849345414,1.0025980807641486,1.4,30
anderson_3,anderson,limit,power_law,0.0,1000,1.0,0.0,1.0,0.02756191487310251,1.0039908523358705,1.4,30
median_ensemble,ensemble,trajectory,power_law,0.0,1000,1.0,0.0,1.0,0.0031721631037908357,8.723356744294165,1.4,30
stability_weighted,ensemble,trajectory,power_law,0.0,1000,1.0,0.0,1.0,0.008404781216286603,3.2924010385699116,1.4,30
best_shanks_wynn,ensemble,limit,power_law,0.0,1000,1.0,0.0,1.0,0.013818255791127217,2.002561743228345,1.4,30
current_value,baseline,limit,power_law,0.0,5000,1.0,0.0,0.0,0.0319626468667099,1.0,1.0,30
linear,baseline,trajectory,power_law,0.0,5000,0.0,1.0,0.0,,,-2.0,30
log_linear,baseline,trajectory,power_law,0.0,5000,1.0,0.0,1.0,9.529706169538257e-05,335.40012984743043,1.4,30
geom_avg_diff,baseline,limit,power_law,0.0,5000,1.0,0.0,1.0,0.01866232951765527,1.7126825906954448,1.4,30
richardson_1,richardson,trajectory,power_law,0.0,5000,1.0,0.0,1.0,0.0010329877596813343,30.9419415352705,1.4,30
richardson_2,richardson,trajectory,power_law,0.0,5000,1.0,0.0,1.0,2.245686405643113e-05,1423.2907491621268,1.4,30
richardson_3,richardson,trajectory,power_law,0.0,5000,1.0,0.0,1.0,1.5371065545501453e-05,2079.4034591872646,1.4,30
richardson_a05,richardson,trajectory,power_law,0.0,5000,1.0,0.0,1.0,0.01326725738457303,2.4091374682966196,1.4,30
richardson_a10,richardson,trajectory,power_law,0.0,5000,1.0,0.0,1.0,0.013541211648003261,2.360397850470272,1.4,30
richardson_a20,richardson,trajectory,power_law,0.0,5000,1.0,0.0,1.0,0.02984986902543945,1.0707801377443178,1.4,30
single_exp_fit,parametric,trajectory,power_law,0.0,5000,1.0,0.0,1.0,0.02559271543107331,1.2488962710030589,1.4,30
double_exp_fit,parametric,trajectory,power_law,0.0,5000,1.0,0.0,1.0,0.025592750242616556,1.2488945722404745,1.4,30
rational_fit,parametric,trajectory,power_law,0.0,5000,1.0,0.0,1.0,0.0070229423460833554,4.5511760301628055,1.4,30
log_fit,parametric,trajectory,power_law,0.0,5000,1.0,0.0,1.0,0.01556863911366606,2.0530148225128606,1.4,30
shanks_1,shanks,limit,power_law,0.0,5000,1.0,0.0,1.0,0.018108992252382224,1.7650152157144603,1.4,30
shanks_2,shanks,limit,power_law,0.0,5000,1.0,0.0,1.0,0.009897553688525696,3.229348167493592,1.4,30
shanks_3,shanks,limit,power_law,0.0,5000,1.0,0.0,1.0,0.005028245441565984,6.356620264096642,1.4,30
shanks_4,shanks,limit,power_law,0.0,5000,1.0,0.0,1.0,0.0060638455211695415,5.271019315238958,1.4,30
wynn_eps_1,wynn_eps,limit,power_law,0.0,5000,1.0,0.0,1.0,0.018108992252381655,1.7650152157145158,1.4,30
wynn_eps_2,wynn_eps,limit,power_law,0.0,5000,1.0,0.0,1.0,0.01299747746399372,2.4591423185963945,1.4,30
wynn_eps_3,wynn_eps,limit,power_law,0.0,5000,1.0,0.0,1.0,0.010245898809546078,3.1195551957755416,1.4,30
wynn_rho_1,wynn_rho,limit,power_law,0.0,5000,1.0,0.0,1.0,0.003991160285441208,8.008359619958624,1.4,30
wynn_rho_2,wynn_rho,limit,power_law,0.0,5000,1.0,0.0,1.0,0.0008767719094639349,36.454916634192934,1.4,30
wynn_rho_3,wynn_rho,limit,power_law,0.0,5000,1.0,0.0,1.0,0.0002186031380716491,146.21312003414087,1.4,30
pade_11,pade,trajectory,power_law,0.0,5000,1.0,0.0,1.0,0.006784687547456638,4.710997616786594,1.4,30
pade_12,pade,trajectory,power_law,0.0,5000,1.0,0.0,1.0,0.009198028850793755,3.474945271991797,1.4,30
pade_13,pade,trajectory,power_law,0.0,5000,1.0,0.0,1.0,0.012306111490435366,2.597298658601632,1.4,30
pade_21,pade,trajectory,power_law,0.0,5000,1.0,0.0,0.0,0.14713747442511788,0.2172298185189833,1.0,30
pade_22,pade,trajectory,power_law,0.0,5000,1.0,0.0,1.0,0.0026827910396088495,11.913953190841896,1.4,30
pade_23,pade,trajectory,power_law,0.0,5000,1.0,0.0,1.0,0.006686903185763711,4.779887786435695,1.4,30
pade_31,pade,trajectory,power_law,0.0,5000,1.0,1.0,0.0,5.325415729496236,0.006001906422005,-1.0,30
pade_32,pade,trajectory,power_law,0.0,5000,1.0,0.0,1.0,0.03152560947743143,1.0138629322802257,1.4,30
levin_t1,levin,limit,power_law,0.0,5000,1.0,0.0,1.0,0.01810899225238151,1.76501521571453,1.4,30
levin_t2,levin,limit,power_law,0.0,5000,1.0,0.0,1.0,0.012960250800055738,2.4662058905968425,1.4,30
levin_u1,levin,limit,power_law,0.0,5000,1.0,0.0,1.0,0.002527837468407677,12.64426501552082,1.4,30
levin_u2,levin,limit,power_law,0.0,5000,1.0,0.0,1.0,0.0020597519340968314,15.517716642283439,1.4,30
levin_v1,levin,limit,power_law,0.0,5000,1.0,0.0,1.0,0.002451769854694431,13.036560836046934,1.4,30
levin_v2,levin,limit,power_law,0.0,5000,1.0,0.0,1.0,0.0020600465935978075,15.51549706013597,1.4,30
weniger_d1,weniger,limit,power_law,0.0,5000,1.0,0.0,1.0,0.012059444956027435,2.650424375521084,1.4,30
weniger_d2,weniger,limit,power_law,0.0,5000,1.0,0.0,1.0,0.012059444956027435,2.650424375521084,1.4,30
brezinski_theta1,brezinski,limit,power_law,0.0,5000,1.0,0.0,1.0,0.017839777263450686,1.7916505567697587,1.4,30
brezinski_theta2,brezinski,limit,power_law,0.0,5000,1.0,0.0,1.0,0.009574796887918109,3.338206255533394,1.4,30
neville_2,neville,trajectory,power_law,0.0,5000,1.0,0.0,1.0,0.005264955776978055,6.070829123859349,1.4,30
neville_3,neville,trajectory,power_law,0.0,5000,1.0,0.0,1.0,0.0037780543075366917,8.460081371236214,1.4,30
neville_4,neville,trajectory,power_law,0.0,5000,1.0,0.0,1.0,0.0029438551646945293,10.85741148207151,1.4,30
anderson_1,anderson,limit,power_law,0.0,5000,1.0,0.0,1.0,0.03192757836332801,1.001098376550292,1.4,30
anderson_2,anderson,limit,power_law,0.0,5000,1.0,0.0,1.0,0.03189093931060042,1.0022485244291832,1.4,30
anderson_3,anderson,limit,power_law,0.0,5000,1.0,0.0,1.0,0.03185265133435752,1.0034532614317648,1.4,30
median_ensemble,ensemble,trajectory,power_law,0.0,5000,1.0,0.0,1.0,0.00746289956504584,4.2828724396096804,1.4,30
stability_weighted,ensemble,trajectory,power_law,0.0,5000,1.0,0.0,1.0,0.011762312794256309,2.7173777322362724,1.4,30
best_shanks_wynn,ensemble,limit,power_law,0.0,5000,1.0,0.0,1.0,0.018108992252382224,1.7650152157144603,1.4,30
current_value,baseline,limit,power_law,0.001,150,1.0,0.0,0.0,0.010219498962990448,1.0,1.0,30
linear,baseline,trajectory,power_law,0.001,150,1.0,0.0,0.0,0.028017097226101337,0.36534928834058744,1.0,30
log_linear,baseline,trajectory,power_law,0.001,150,1.0,0.0,1.0,0.00019496100624296145,51.606066607733496,1.4,30
geom_avg_diff,baseline,limit,power_law,0.001,150,0.3,0.7333,0.1,0.013100737000096632,0.8268007732054329,-1.1267,30
richardson_1,richardson,trajectory,power_law,0.001,150,1.0,0.0,1.0,0.0005415182837619215,19.51088233891168,1.4,30
richardson_2,richardson,trajectory,power_law,0.001,150,1.0,0.0,1.0,0.0008613692035911412,11.68158218025379,1.4,30
richardson_3,richardson,trajectory,power_law,0.001,150,1.0,0.0,1.0,0.0009158800805070325,11.169821037515527,1.4,30
richardson_a05,richardson,trajectory,power_law,0.001,150,1.0,0.0,1.0,0.001835941658302493,5.40118212632156,1.4,30
richardson_a10,richardson,trajectory,power_law,0.001,150,1.0,0.0,1.0,0.003191923178279009,3.2414956882842905,1.4,30
richardson_a20,richardson,trajectory,power_law,0.001,150,1.0,0.0,0.6,0.009944937777291819,1.0477259561925858,1.24,30
single_exp_fit,parametric,trajectory,power_law,0.001,150,1.0,0.0,1.0,0.004904061445022152,2.0816724830756357,1.4,30
double_exp_fit,parametric,trajectory,power_law,0.001,150,1.0,0.0,1.0,0.004904219398132639,2.0817669751384495,1.4,30
rational_fit,parametric,trajectory,power_law,0.001,150,1.0,0.0,1.0,0.0007958828912066514,12.900122197261373,1.4,30
log_fit,parametric,trajectory,power_law,0.001,150,1.0,0.0,0.0,0.012951743050159434,0.7915479077937995,1.0,30
shanks_1,shanks,limit,power_law,0.001,150,1.0,0.0,0.5667,0.01034971362695744,1.0076818720232725,1.2267,30
shanks_2,shanks,limit,power_law,0.001,150,1.0,0.0,0.3333,0.01107956662590287,0.9477030088665537,1.1333,30
shanks_3,shanks,limit,power_law,0.001,150,1.0,0.0,0.4333,0.011061620977299118,0.9684295808669932,1.1733,30
shanks_4,shanks,limit,power_law,0.001,150,1.0,0.0,0.3667,0.011384663699309388,0.9504495047305197,1.1467,30
wynn_eps_1,wynn_eps,limit,power_law,0.001,150,1.0,0.0,0.5667,0.01034971362695744,1.0076818720232654,1.2267,30
wynn_eps_2,wynn_eps,limit,power_law,0.001,150,1.0,0.0,0.4,0.010776505095247402,0.9706250358411794,1.16,30
wynn_eps_3,wynn_eps,limit,power_law,0.001,150,1.0,0.0,0.5,0.011273135158531095,0.9911858655733646,1.2,30
wynn_rho_1,wynn_rho,limit,power_law,0.001,150,1.0,0.0,0.5,0.01058134401458433,1.0004864070852348,1.2,30
wynn_rho_2,wynn_rho,limit,power_law,0.001,150,1.0,0.0,0.5,0.010751926568017437,1.0000084401399425,1.2,30
wynn_rho_3,wynn_rho,limit,power_law,0.001,150,1.0,0.1333,0.3333,0.01123257262495089,0.9643398023387304,0.8667,30
pade_11,pade,trajectory,power_law,0.001,150,1.0,0.0,1.0,0.0014315960623630698,7.366759567419706,1.4,30
pade_12,pade,trajectory,power_law,0.001,150,1.0,0.0,1.0,0.0053270197372027196,1.8596751877910584,1.4,30
pade_13,pade,trajectory,power_law,0.001,150,1.0,0.0,1.0,0.0036311406873607496,2.86541480548271,1.4,30
pade_21,pade,trajectory,power_law,0.001,150,0.8667,1.0,0.0,0.13992261494179373,0.07084650236934906,-1.1333,30
pade_22,pade,trajectory,power_law,0.001,150,1.0,0.0,1.0,0.0007499037063251023,13.25947354186522,1.4,30
pade_23,pade,trajectory,power_law,0.001,150,1.0,0.0,1.0,0.005793152317347918,1.7492242792297472,1.4,30
pade_31,pade,trajectory,power_law,0.001,150,1.0,0.5333,0.0,0.051476310008316525,0.19430078936638595,-0.0667,30
pade_32,pade,trajectory,power_law,0.001,150,1.0,0.8667,0.0,0.1489424962373332,0.06900156315393802,-0.7333,30
levin_t1,levin,limit,power_law,0.001,150,1.0,0.0,0.5667,0.010349713626957437,1.0076818720232654,1.2267,30
levin_t2,levin,limit,power_law,0.001,150,1.0,0.0,0.4,0.010773403584089136,0.9755498315965847,1.16,30
levin_u1,levin,limit,power_law,0.001,150,1.0,0.0,0.5667,0.010355183811409804,1.0079641527648573,1.2267,30
levin_u2,levin,limit,power_law,0.001,150,1.0,0.0,0.4,0.010774386912223762,0.9757001835934845,1.16,30
levin_v1,levin,limit,power_law,0.001,150,1.0,0.0,0.3333,0.010934914897630047,0.9760786366760555,1.1333,30
levin_v2,levin,limit,power_law,0.001,150,1.0,0.0,0.4,0.010994305272805177,0.9558019436815357,1.16,30
weniger_d1,weniger,limit,power_law,0.001,150,1.0,0.0,0.0,0.033867455630536066,0.3017498295259061,1.0,30
weniger_d2,weniger,limit,power_law,0.001,150,1.0,0.0,0.0,0.033867455630536066,0.301749829525905,1.0,30
brezinski_theta1,brezinski,limit,power_law,0.001,150,1.0,0.0,0.5667,0.010359063940239312,1.0781531024800506,1.2267,30
brezinski_theta2,brezinski,limit,power_law,0.001,150,1.0,0.0333,0.3,0.011799228446526012,0.8554579526156825,1.0533,30
neville_2,neville,trajectory,power_law,0.001,150,0.6667,1.0,0.0,1.3761374873662895,0.008287341934641675,-1.3333,30
neville_3,neville,trajectory,power_law,0.001,150,0.5333,1.0,0.0,31.418613680502162,0.0003853676161533467,-1.4667,30
neville_4,neville,trajectory,power_law,0.001,150,0.3667,1.0,0.0,218.99935936883566,5.3329592689890104e-05,-1.6333,30
anderson_1,anderson,limit,power_law,0.001,150,1.0,0.0,0.5667,0.010350188672211831,1.007356760765182,1.2267,30
anderson_2,anderson,limit,power_law,0.001,150,1.0,0.0,0.5,0.010301194006055725,1.0020596502618515,1.2,30
anderson_3,anderson,limit,power_law,0.001,150,1.0,0.0,0.5333,0.010224795814147765,1.0069683402795102,1.2133,30
median_ensemble,ensemble,trajectory,power_law,0.001,150,1.0,0.0,0.6667,0.01018805016020629,1.0323266170119358,1.2667,30
stability_weighted,ensemble,trajectory,power_law,0.001,150,1.0,0.0,0.5667,0.009678044962435725,1.0866470570161684,1.2267,30
best_shanks_wynn,ensemble,limit,power_law,0.001,150,1.0,0.0,0.5667,0.01034971362695744,1.0076818720232725,1.2267,30
current_value,baseline,limit,power_law,0.001,1000,1.0,0.0,0.0,0.027736773176244074,1.0,1.0,30
linear,baseline,trajectory,power_law,0.001,1000,1.0,1.0,0.0,0.49722054430253687,0.05560741458053045,-1.0,30
log_linear,baseline,trajectory,power_law,0.001,1000,1.0,0.0,1.0,0.0001931483748808735,138.82498590945818,1.4,30
geom_avg_diff,baseline,limit,power_law,0.001,1000,0.3,0.7333,0.1,0.030618011287829507,0.9276616586142329,-1.1267,30
richardson_1,richardson,trajectory,power_law,0.001,1000,1.0,0.0,1.0,0.0019318882138461679,14.176506249219065,1.4,30
richardson_2,richardson,trajectory,power_law,0.001,1000,1.0,0.0,1.0,0.00481739160693223,5.844941164402382,1.4,30
richardson_3,richardson,trajectory,power_law,0.001,1000,1.0,0.0,1.0,0.004844748627054281,5.72347511608117,1.4,30
richardson_a05,richardson,trajectory,power_law,0.001,1000,1.0,0.0,1.0,0.008796755008434066,3.1268731475198432,1.4,30
richardson_a10,richardson,trajectory,power_law,0.001,1000,1.0,0.0,1.0,0.010747658890976102,2.5910929768667996,1.4,30
richardson_a20,richardson,trajectory,power_law,0.001,1000,1.0,0.0,0.9667,0.025638747663301754,1.0888515744697753,1.3867,30
single_exp_fit,parametric,trajectory,power_law,0.001,1000,1.0,0.0,1.0,0.02139389439585646,1.3063287608924257,1.4,30
double_exp_fit,parametric,trajectory,power_law,0.001,1000,1.0,0.0,1.0,0.02139417310643663,1.3063221676973327,1.4,30
rational_fit,parametric,trajectory,power_law,0.001,1000,1.0,0.0,1.0,0.005144216397812037,5.401203873843523,1.4,30
log_fit,parametric,trajectory,power_law,0.001,1000,1.0,0.0,1.0,0.017719106111391558,1.56901046181824,1.4,30
shanks_1,shanks,limit,power_law,0.001,1000,1.0,0.0,0.5667,0.027866987840211067,1.0026536419971042,1.2267,30
shanks_2,shanks,limit,power_law,0.001,1000,1.0,0.0,0.3333,0.028596840839156496,0.9796247566596326,1.1333,30
shanks_3,shanks,limit,power_law,0.001,1000,1.0,0.0,0.4333,0.028578895190552744,0.9880528431774351,1.1733,30
shanks_4,shanks,limit,power_law,0.001,1000,1.0,0.0,0.3667,0.028901937912563014,0.9802758020830025,1.1467,30
wynn_eps_1,wynn_eps,limit,power_law,0.001,1000,1.0,0.0,0.5667,0.027866987840211067,1.0026536419971017,1.2267,30
wynn_eps_2,wynn_eps,limit,power_law,0.001,1000,1.0,0.0,0.4,0.02829377930850103,0.9883901405178239,1.16,30
wynn_eps_3,wynn_eps,limit,power_law,0.001,1000,1.0,0.0,0.5,0.02879040937178472,0.996264490462442,1.2,30
wynn_rho_1,wynn_rho,limit,power_law,0.001,1000,1.0,0.0,0.5,0.028098618227837956,1.0001923876923602,1.2,30
wynn_rho_2,wynn_rho,limit,power_law,0.001,1000,1.0,0.0,0.5333,0.02818368163700769,1.0015418778387095,1.2133,30
wynn_rho_3,wynn_rho,limit,power_law,0.001,1000,1.0,0.0667,0.3333,0.028749846838204515,0.9858214558398035,1.0,30
pade_11,pade,trajectory,power_law,0.001,1000,1.0,0.0,1.0,0.0019766413917957013,14.071847864555565,1.4,30
pade_12,pade,trajectory,power_law,0.001,1000,1.0,0.0,1.0,0.011263165954554497,2.458161199107275,1.4,30
pade_13,pade,trajectory,power_law,0.001,1000,1.0,0.0,1.0,0.01801935397119469,1.5536717030209308,1.4,30
pade_21,pade,trajectory,power_law,0.001,1000,0.0,1.0,0.0,,,-2.0,30
pade_22,pade,trajectory,power_law,0.001,1000,1.0,0.0,1.0,0.0014302141194476661,19.914415139602088,1.4,30
pade_23,pade,trajectory,power_law,0.001,1000,1.0,0.0,1.0,0.011425950088092048,2.4272718897166534,1.4,30
pade_31,pade,trajectory,power_law,0.001,1000,1.0,1.0,0.0,8.757511303922875,0.0031645941177685065,-1.0,30
pade_32,pade,trajectory,power_law,0.001,1000,0.1333,1.0,0.0,3.331015290808737,0.009057290469987376,-1.8667,30
levin_t1,levin,limit,power_law,0.001,1000,1.0,0.0,0.5667,0.027866987840211063,1.0026536419971017,1.2267,30
levin_t2,levin,limit,power_law,0.001,1000,1.0,0.0,0.4,0.02829067779734276,0.9909065622773452,1.16,30
levin_u1,levin,limit,power_law,0.001,1000,1.0,0.0,0.5667,0.02787245802466343,1.0027514887047515,1.2267,30
levin_u2,levin,limit,power_law,0.001,1000,1.0,0.0,0.4,0.028291661125477388,0.9909623454889926,1.16,30
levin_v1,levin,limit,power_law,0.001,1000,1.0,0.0,0.3333,0.028452189110883673,0.9903578178015982,1.1333,30
levin_v2,levin,limit,power_law,0.001,1000,1.0,0.0,0.4,0.028511579486058803,0.9832477314837074,1.16,30
weniger_d1,weniger,limit,power_law,0.001,1000,1.0,0.0,1.0,0.01635018141728244,1.6964199031410012,1.4,30
weniger_d2,weniger,limit,power_law,0.001,1000,1.0,0.0,1.0,0.01635018141728244,1.696419903140988,1.4,30
brezinski_theta1,brezinski,limit,power_law,0.001,1000,1.0,0.0,0.5667,0.027876338153492938,1.0297107551336642,1.2267,30
brezinski_theta2,brezinski,limit,power_law,0.001,1000,1.0,0.0,0.3333,0.029249918474582092,0.9501014419135727,1.1333,30
neville_2,neville,trajectory,power_law,0.001,1000,0.5667,1.0,0.0,7.18200536649767,0.004021678709208587,-1.4333,30
neville_3,neville,trajectory,power_law,0.001,1000,0.3667,1.0,0.0,230.67442235957287,0.0001247271020937049,-1.6333,30
neville_4,neville,trajectory,power_law,0.001,1000,0.0,1.0,0.0,,,-2.0,30
anderson_1,anderson,limit,power_law,0.001,1000,1.0,0.0,0.5667,0.027867462885465457,1.0025425716027496,1.2267,30
anderson_2,anderson,limit,power_law,0.001,1000,1.0,0.0,0.5,0.02781846821930935,1.0007313271761742,1.2,30
anderson_3,anderson,limit,power_law,0.001,1000,1.0,0.0,0.5333,0.02774207002740139,1.0026110831885444,1.2133,30
median_ensemble,ensemble,trajectory,power_law,0.001,1000,1.0,0.0,0.6667,0.027705324373459916,1.0120100974699022,1.2667,30
stability_weighted,ensemble,trajectory,power_law,0.001,1000,1.0,0.0,0.7,0.025724058298080332,1.094832057223839,1.28,30
best_shanks_wynn,ensemble,limit,power_law,0.001,1000,1.0,0.0,0.5667,0.027866987840211067,1.0026536419971042,1.2267,30
current_value,baseline,limit,power_law,0.001,5000,1.0,0.0,0.0,0.03202750963749908,1.0,1.0,30
linear,baseline,trajectory,power_law,0.001,5000,0.0,1.0,0.0,,,-2.0,30
log_linear,baseline,trajectory,power_law,0.001,5000,1.0,0.0,1.0,0.00010927586427038078,290.1997382951811,1.4,30
geom_avg_diff,baseline,limit,power_law,0.001,5000,0.3,0.7333,0.1,0.034908747749084514,0.9366919375032415,-1.1267,30
richardson_1,richardson,trajectory,power_law,0.001,5000,1.0,0.0,1.0,0.002573275393694058,12.564533420391413,1.4,30
richardson_2,richardson,trajectory,power_law,0.001,5000,1.0,0.0,1.0,0.007147895096203176,4.475035280466674,1.4,30
richardson_3,richardson,trajectory,power_law,0.001,5000,1.0,0.0,1.0,0.007231684535682344,4.427273146696914,1.4,30
richardson_a05,richardson,trajectory,power_law,0.001,5000,1.0,0.0,1.0,0.013066130409696137,2.4407216059421835,1.4,30
richardson_a10,richardson,trajectory,power_law,0.001,5000,1.0,0.0,1.0,0.013633656010967247,2.355792090608389,1.4,30
richardson_a20,richardson,trajectory,power_law,0.001,5000,1.0,0.0,0.9667,0.0298892186200923,1.0776086121228539,1.3867,30
single_exp_fit,parametric,trajectory,power_law,0.001,5000,1.0,0.0,1.0,0.025684630857108256,1.2558342973704795,1.4,30
double_exp_fit,parametric,trajectory,power_law,0.001,5000,1.0,0.0,1.0,0.02568490956768843,1.2558277523423924,1.4,30
rational_fit,parametric,trajectory,power_law,0.001,5000,1.0,0.0,1.0,0.007460727448803821,4.299274391719852,1.4,30
log_fit,parametric,trajectory,power_law,0.001,5000,1.0,0.0,1.0,0.01558108836296591,2.060524553098791,1.4,30
shanks_1,shanks,limit,power_law,0.001,5000,1.0,0.0,0.5667,0.03215772430146607,1.0022869815147062,1.2267,30
shanks_2,shanks,limit,power_law,0.001,5000,1.0,0.0,0.3333,0.0328875773004115,0.9822747853297185,1.1333,30
shanks_3,shanks,limit,power_law,0.001,5000,1.0,0.0,0.4333,0.03286963165180775,0.9895938877507692,1.1733,30
shanks_4,shanks,limit,power_law,0.001,5000,1.0,0.0,0.3667,0.033192674373818024,0.9828100293262011,1.1467,30
wynn_eps_1,wynn_eps,limit,power_law,0.001,5000,1.0,0.0,0.5667,0.03215772430146607,1.002286981514704,1.2267,30
wynn_eps_2,wynn_eps,limit,power_law,0.001,5000,1.0,0.0,0.4,0.03258451576975603,0.9898876494176347,1.16,30
wynn_eps_3,wynn_eps,limit,power_law,0.001,5000,1.0,0.0,0.5,0.03308114583303973,0.9967282683035865,1.2,30
wynn_rho_1,wynn_rho,limit,power_law,0.001,5000,1.0,0.0,0.5,0.03238935468909296,1.0001674357284427,1.2,30
wynn_rho_2,wynn_rho,limit,power_law,0.001,5000,1.0,0.0,0.5333,0.032474418098262695,1.0013406007707037,1.2133,30
wynn_rho_3,wynn_rho,limit,power_law,0.001,5000,1.0,0.0333,0.3333,0.03297134937124585,0.9876432205942713,1.0667,30
pade_11,pade,trajectory,power_law,0.001,5000,1.0,0.0,1.0,0.0022747794346072445,14.395080110513138,1.4,30
pade_12,pade,trajectory,power_law,0.001,5000,1.0,0.0,1.0,0.01101398334397135,2.9105120372012774,1.4,30
pade_13,pade,trajectory,power_law,0.001,5000,1.0,0.0,1.0,0.012107837106799933,2.6449038885321396,1.4,30
pade_21,pade,trajectory,power_law,0.001,5000,0.0,1.0,0.0,,,-2.0,30
pade_22,pade,trajectory,power_law,0.001,5000,1.0,0.0,1.0,0.0032146718450817933,10.19357555731613,1.4,30
pade_23,pade,trajectory,power_law,0.001,5000,1.0,0.0,1.0,0.011050156658375814,2.9068424816658878,1.4,30
pade_31,pade,trajectory,power_law,0.001,5000,1.0,1.0,0.0,253.25451075337537,0.00012670483797053554,-1.0,30
pade_32,pade,trajectory,power_law,0.001,5000,0.1333,1.0,0.0,29.77772708688129,0.0012861830117716967,-1.8667,30
levin_t1,levin,limit,power_law,0.001,5000,1.0,0.0,0.5667,0.03215772430146607,1.002286981514704,1.2267,30
levin_t2,levin,limit,power_law,0.001,5000,1.0,0.0,0.4,0.03258141425859777,0.99211803337312,1.16,30
levin_u1,levin,limit,power_law,0.001,5000,1.0,0.0,0.5667,0.03216319448591844,1.0023713290045648,1.2267,30
levin_u2,levin,limit,power_law,0.001,5000,1.0,0.0,0.4,0.0325823975867324,0.9921663736778186,1.16,30
levin_v1,levin,limit,power_law,0.001,5000,1.0,0.0,0.3333,0.032742925572138676,0.9915877838128817,1.1333,30
levin_v2,levin,limit,power_law,0.001,5000,1.0,0.0,0.4,0.03280231594731381,0.9854557426480453,1.16,30
weniger_d1,weniger,limit,power_law,0.001,5000,1.0,0.0,1.0,0.012059444956027435,2.655802962265805,1.4,30
weniger_d2,weniger,limit,power_law,0.001,5000,1.0,0.0,1.0,0.012059444956027435,2.655802962265776,1.4,30
brezinski_theta1,brezinski,limit,power_law,0.001,5000,1.0,0.0,0.5667,0.032167074614747944,1.0257945744014112,1.2267,30
brezinski_theta2,brezinski,limit,power_law,0.001,5000,1.0,0.0,0.3333,0.0335406549358371,0.9564838826318853,1.1333,30
neville_2,neville,trajectory,power_law,0.001,5000,0.5667,1.0,0.0,8.345861460397492,0.003977402946565586,-1.4333,30
neville_3,neville,trajectory,power_law,0.001,5000,0.2667,1.0,0.0,233.54538078740347,0.00014158903106391328,-1.7333,30
neville_4,neville,trajectory,power_law,0.001,5000,0.0,1.0,0.0,,,-2.0,30
anderson_1,anderson,limit,power_law,0.001,5000,1.0,0.0,0.5667,0.03215819934672046,1.0021913353097158,1.2267,30
anderson_2,anderson,limit,power_law,0.001,5000,1.0,0.0,0.5,0.03210920468056436,1.000631551869837,1.2,30
anderson_3,anderson,limit,power_law,0.001,5000,1.0,0.0,0.5333,0.0320328064886564,1.0022528716156178,1.2133,30
median_ensemble,ensemble,trajectory,power_law,0.001,5000,1.0,0.0,0.6667,0.03199606083471492,1.0104095328614264,1.2667,30
stability_weighted,ensemble,trajectory,power_law,0.001,5000,1.0,0.0,0.9667,0.026924099164790258,1.2296911263549197,1.3867,30
best_shanks_wynn,ensemble,limit,power_law,0.001,5000,1.0,0.0,0.5667,0.03215772430146607,1.0022869815147062,1.2267,30
current_value,baseline,limit,power_law,0.005,150,1.0,0.0,0.0,0.008582608362013938,1.0,1.0,30
linear,baseline,trajectory,power_law,0.005,150,1.0,0.2667,0.0,0.02929990989146583,0.2903810685046899,0.4667,30
log_linear,baseline,trajectory,power_law,0.005,150,1.0,0.0,1.0,0.0006290592777699645,11.578347600969018,1.4,30
geom_avg_diff,baseline,limit,power_law,0.005,150,0.5667,0.5333,0.1667,0.02050810773276497,0.5278546969557578,-0.4333,30
richardson_1,richardson,trajectory,power_law,0.005,150,1.0,0.0,0.9667,0.0016573329293130164,6.669634057153051,1.3867,30
richardson_2,richardson,trajectory,power_law,0.005,150,1.0,0.0,0.9333,0.001911294377684173,4.359562455572414,1.3733,30
richardson_3,richardson,trajectory,power_law,0.005,150,1.0,0.0,0.9333,0.00285832953321573,2.580703515594638,1.3733,30
richardson_a05,richardson,trajectory,power_law,0.005,150,1.0,0.0333,0.9,0.0023556179820755363,3.4489481705388663,1.2933,30
richardson_a10,richardson,trajectory,power_law,0.005,150,1.0,0.0333,0.9,0.00273845172055728,3.199437880565059,1.2933,30
richardson_a20,richardson,trajectory,power_law,0.005,150,1.0,0.0667,0.4,0.009596845220164341,0.9003826420761899,1.0267,30
single_exp_fit,parametric,trajectory,power_law,0.005,150,1.0,0.0333,0.8333,0.00518373287035335,1.9222398382821777,1.2667,30
double_exp_fit,parametric,trajectory,power_law,0.005,150,1.0,0.0333,0.8333,0.005179032673519015,1.9222752821368885,1.2667,30
rational_fit,parametric,trajectory,power_law,0.005,150,1.0,0.0333,0.9333,0.0021591010153356564,2.9884099897709095,1.3067,30
log_fit,parametric,trajectory,power_law,0.005,150,1.0,0.0667,0.1667,0.012699930829002958,0.6750384885527296,0.9333,30
shanks_1,shanks,limit,power_law,0.005,150,1.0,0.1,0.5333,0.008594849199881103,1.0017167245359735,1.0133,30
shanks_2,shanks,limit,power_law,0.005,150,1.0,0.1333,0.2,0.011697806845704883,0.7633345868863417,0.8133,30
shanks_3,shanks,limit,power_law,0.005,150,1.0,0.1,0.3,0.010004719965053602,0.8412716636878184,0.92,30
shanks_4,shanks,limit,power_law,0.005,150,1.0,0.0667,0.2667,0.010480990295802104,0.8113523673514889,0.9733,30
wynn_eps_1,wynn_eps,limit,power_law,0.005,150,1.0,0.1,0.5333,0.008594849199881054,1.0017167245359735,1.0133,30
wynn_eps_2,wynn_eps,limit,power_law,0.005,150,1.0,0.1,0.3667,0.010817300313101474,0.8183031081537444,0.9467,30
wynn_eps_3,wynn_eps,limit,power_law,0.005,150,1.0,0.1,0.3,0.010630565831492897,0.7435005808693667,0.92,30
wynn_rho_1,wynn_rho,limit,power_law,0.005,150,1.0,0.1,0.2667,0.009410131056136476,0.9098439019355595,0.9067,30
wynn_rho_2,wynn_rho,limit,power_law,0.005,150,1.0,0.1333,0.3667,0.010262954568002611,0.87424152796053,0.88,30
wynn_rho_3,wynn_rho,limit,power_law,0.005,150,1.0,0.1333,0.3667,0.010291639194647331,0.8327775095556051,0.88,30
pade_11,pade,trajectory,power_law,0.005,150,1.0,0.8667,0.0,0.09413868916904897,0.10576299605760517,-0.7333,30
pade_12,pade,trajectory,power_law,0.005,150,1.0,0.0667,0.7667,0.00475027151463024,1.9669784875928185,1.1733,30
pade_13,pade,trajectory,power_law,0.005,150,1.0,0.0667,0.6,0.007259468072677315,1.386075469298334,1.1067,30
pade_21,pade,trajectory,power_law,0.005,150,1.0,0.3333,0.0,0.03778879119899339,0.24356047950954043,0.3333,30
pade_22,pade,trajectory,power_law,0.005,150,0.9,0.9,0.0,0.13251565302614868,0.06025727130299961,-0.9,30
pade_23,pade,trajectory,power_law,0.005,150,1.0,0.0333,0.7333,0.004827572169231412,1.9172017845139278,1.2267,30
pade_31,pade,trajectory,power_law,0.005,150,1.0,0.4667,0.0,0.045773463055764047,0.20281457433070127,0.0667,30
pade_32,pade,trajectory,power_law,0.005,150,1.0,0.4333,0.0,0.04150770611617642,0.21973344098359954,0.1333,30
levin_t1,levin,limit,power_law,0.005,150,1.0,0.1,0.5333,0.008594849199881058,1.0017167245359746,1.0133,30
levin_t2,levin,limit,power_law,0.005,150,1.0,0.1333,0.3,0.010248761473879,0.890273816619187,0.8533,30
levin_u1,levin,limit,power_law,0.005,150,1.0,0.1,0.5333,0.008594219311994188,1.0014053921647845,1.0133,30
levin_u2,levin,limit,power_law,0.005,150,1.0,0.1333,0.3,0.010255983426999151,0.8887012465088024,0.8533,30
levin_v1,levin,limit,power_law,0.005,150,1.0,0.1,0.2667,0.011281481829451455,0.7412428708788883,0.9067,30
levin_v2,levin,limit,power_law,0.005,150,1.0,0.0667,0.3333,0.011242709035486867,0.8140106828201574,1.0,30
weniger_d1,weniger,limit,power_law,0.005,150,1.0,0.2667,0.0,0.033867455630536066,0.2534175715956517,0.4667,30
weniger_d2,weniger,limit,power_law,0.005,150,1.0,0.2667,0.0,0.033867455630536066,0.2534175715956519,0.4667,30
brezinski_theta1,brezinski,limit,power_law,0.005,150,1.0,0.0667,0.5,0.007906400523337239,1.120106731135408,1.0667,30
brezinski_theta2,brezinski,limit,power_law,0.005,150,1.0,0.1333,0.2333,0.01673219820206264,0.4773686942421903,0.8267,30
neville_2,neville,trajectory,power_law,0.005,150,0.6,1.0,0.0,5.368787116684344,0.001693371830030444,-1.4,30
neville_3,neville,trajectory,power_law,0.005,150,0.6,1.0,0.0,117.80170091495216,7.161596619552915e-05,-1.4,30
neville_4,neville,trajectory,power_law,0.005,150,0.1,1.0,0.0,211.5166249248031,6.941590545571918e-05,-1.9,30
anderson_1,anderson,limit,power_law,0.005,150,1.0,0.1,0.5333,0.008594816320468018,1.0017165972385436,1.0133,30
anderson_2,anderson,limit,power_law,0.005,150,1.0,0.0667,0.5333,0.008301018544073762,1.0043486582832153,1.08,30
anderson_3,anderson,limit,power_law,0.005,150,1.0,0.0667,0.5,0.008620763159798771,0.9959157406367664,1.0667,30
median_ensemble,ensemble,trajectory,power_law,0.005,150,1.0,0.0333,0.5667,0.007246467580531685,1.0554056063598884,1.16,30
stability_weighted,ensemble,trajectory,power_law,0.005,150,1.0,0.0667,0.5,0.009309437957277653,0.9907044810677328,1.0667,30
best_shanks_wynn,ensemble,limit,power_law,0.005,150,1.0,0.1,0.5333,0.008594849199881103,1.0017167245359735,1.0133,30
current_value,baseline,limit,power_law,0.005,1000,1.0,0.0,0.0,0.026099882575267564,1.0,1.0,30
linear,baseline,trajectory,power_law,0.005,1000,0.6333,1.0,0.0,0.4882646091546919,0.05434125708611059,-1.3667,30
log_linear,baseline,trajectory,power_law,0.005,1000,1.0,0.0,1.0,0.0005413007370394587,51.94253568970416,1.4,30
geom_avg_diff,baseline,limit,power_law,0.005,1000,0.5667,0.4667,0.2,0.0312965672922936,0.8180816435861992,-0.2867,30
richardson_1,richardson,trajectory,power_law,0.005,1000,1.0,0.0,1.0,0.005552740965264107,4.861451231929302,1.4,30
richardson_2,richardson,trajectory,power_law,0.005,1000,1.0,0.0,1.0,0.007004717682145428,3.6959655751340588,1.4,30
richardson_3,richardson,trajectory,power_law,0.005,1000,1.0,0.0,0.9,0.007177181304134872,3.4876738635968865,1.36,30
richardson_a05,richardson,trajectory,power_law,0.005,1000,1.0,0.0,1.0,0.009832337129293852,2.658608146604995,1.4,30
richardson_a10,richardson,trajectory,power_law,0.005,1000,1.0,0.0,1.0,0.010114412354335028,2.5835285897193057,1.4,30
richardson_a20,richardson,trajectory,power_law,0.005,1000,1.0,0.0,0.6,0.025257740578011712,1.0392235508833183,1.24,30
single_exp_fit,parametric,trajectory,power_law,0.005,1000,1.0,0.0,0.8667,0.020478692683979498,1.3150462544729176,1.3467,30
double_exp_fit,parametric,trajectory,power_law,0.005,1000,1.0,0.0,0.8667,0.020478523574027588,1.3150824144170499,1.3467,30
rational_fit,parametric,trajectory,power_law,0.005,1000,1.0,0.0,1.0,0.007161275063451739,3.8442083713199073,1.4,30
log_fit,parametric,trajectory,power_law,0.005,1000,1.0,0.0,1.0,0.017535869115614288,1.4848436784150534,1.4,30
shanks_1,shanks,limit,power_law,0.005,1000,1.0,0.0,0.5667,0.02611212341313473,1.0041641301666673,1.2267,30
shanks_2,shanks,limit,power_law,0.005,1000,1.0,0.0,0.2,0.02921508105895851,0.9210303416161492,1.08,30
shanks_3,shanks,limit,power_law,0.005,1000,1.0,0.0,0.3667,0.027521994178307228,0.9634914645141535,1.1467,30
shanks_4,shanks,limit,power_law,0.005,1000,1.0,0.0,0.2667,0.02799826450905573,0.9252017247368824,1.1067,30
wynn_eps_1,wynn_eps,limit,power_law,0.005,1000,1.0,0.0,0.5667,0.02611212341313468,1.004164130166668,1.2267,30
wynn_eps_2,wynn_eps,limit,power_law,0.005,1000,1.0,0.0,0.3667,0.0283345745263551,0.93127709721329,1.1467,30
wynn_eps_3,wynn_eps,limit,power_law,0.005,1000,1.0,0.0,0.3333,0.027916090962413,0.947157246518765,1.1333,30
wynn_rho_1,wynn_rho,limit,power_law,0.005,1000,1.0,0.0,0.3,0.0263674350749663,0.9787166149333302,1.12,30
wynn_rho_2,wynn_rho,limit,power_law,0.005,1000,1.0,0.0667,0.4667,0.02737363157037576,0.9756515730474001,1.0533,30
wynn_rho_3,wynn_rho,limit,power_law,0.005,1000,1.0,0.0,0.4667,0.027200585640087777,0.9759607720488084,1.1867,30
pade_11,pade,trajectory,power_law,0.005,1000,1.0,0.0333,0.0,0.07447369364889826,0.370438132738638,0.9333,30
pade_12,pade,trajectory,power_law,0.005,1000,1.0,0.0,1.0,0.0110473227927547,2.4142400071105095,1.4,30
pade_13,pade,trajectory,power_law,0.005,1000,1.0,0.0,0.9667,0.015733194854622292,1.6647829748533698,1.3867,30
pade_21,pade,trajectory,power_law,0.005,1000,0.0333,1.0,0.0,0.5113356441824098,0.04904207226188673,-1.9667,30
pade_22,pade,trajectory,power_law,0.005,1000,0.8667,0.5333,0.0,0.12035650163798652,0.22312955717547328,-0.2,30
pade_23,pade,trajectory,power_law,0.005,1000,1.0,0.0,1.0,0.011123309205654327,2.3529472740837187,1.4,30
pade_31,pade,trajectory,power_law,0.005,1000,1.0,1.0,0.0,8.559178559930952,0.0033685331182857787,-1.0,30
pade_32,pade,trajectory,power_law,0.005,1000,0.0333,1.0,0.0,0.5066319710218917,0.04949738872872782,-1.9667,30
levin_t1,levin,limit,power_law,0.005,1000,1.0,0.0,0.5667,0.026112123413134684,1.004164130166668,1.2267,30
levin_t2,levin,limit,power_law,0.005,1000,1.0,0.0667,0.3,0.027766035687132627,0.9607000137991908,0.9867,30
levin_u1,levin,limit,power_law,0.005,1000,1.0,0.0,0.5667,0.026111493525247814,1.0039619940360909,1.2267,30
levin_u2,levin,limit,power_law,0.005,1000,1.0,0.0667,0.3333,0.027325430694968567,0.9663500652384243,1.0,30
levin_v1,levin,limit,power_law,0.005,1000,1.0,0.0333,0.3333,0.028758372484434067,0.9017588310647897,1.0667,30
levin_v2,levin,limit,power_law,0.005,1000,1.0,0.0,0.3667,0.028208585467661303,0.926031921042051,1.1467,30
weniger_d1,weniger,limit,power_law,0.005,1000,1.0,0.0,1.0,0.01635018141728244,1.5963053809102976,1.4,30
weniger_d2,weniger,limit,power_law,0.005,1000,1.0,0.0,1.0,0.01635018141728244,1.5963053809103007,1.4,30
brezinski_theta1,brezinski,limit,power_law,0.005,1000,1.0,0.0,0.5667,0.023234258772593844,1.1709422791353719,1.2267,30
brezinski_theta2,brezinski,limit,power_law,0.005,1000,1.0,0.0333,0.3333,0.0336129323874408,0.7637426805723213,1.0667,30
neville_2,neville,trajectory,power_law,0.005,1000,0.5667,1.0,0.0,28.251763079002778,0.0008876245897272794,-1.4333,30
neville_3,neville,trajectory,power_law,0.005,1000,0.1,1.0,0.0,170.69976293845087,0.00018863466297230227,-1.9,30
neville_4,neville,trajectory,power_law,0.005,1000,0.0,1.0,0.0,,,-2.0,30
anderson_1,anderson,limit,power_law,0.005,1000,1.0,0.0,0.5667,0.026112090533721644,1.0041594730013927,1.2267,30
anderson_2,anderson,limit,power_law,0.005,1000,1.0,0.0,0.5333,0.025818292757327388,1.0008926878653774,1.2133,30
anderson_3,anderson,limit,power_law,0.005,1000,1.0,0.0,0.5,0.026138037373052397,0.9983529253639265,1.2,30
median_ensemble,ensemble,trajectory,power_law,0.005,1000,1.0,0.0,0.6667,0.02476374179378531,1.0221862761361995,1.2667,30
stability_weighted,ensemble,trajectory,power_law,0.005,1000,1.0,0.0,0.6333,0.02507714294258205,1.1067253169931153,1.2533,30
best_shanks_wynn,ensemble,limit,power_law,0.005,1000,1.0,0.0,0.5667,0.02611212341313473,1.0041641301666673,1.2267,30
current_value,baseline,limit,power_law,0.005,5000,1.0,0.0,0.0,0.03039061903652257,1.0,1.0,30
linear,baseline,trajectory,power_law,0.005,5000,0.0,1.0,0.0,,,-2.0,30
log_linear,baseline,trajectory,power_law,0.005,5000,1.0,0.0,1.0,0.0002504856432495161,120.22473847675258,1.4,30
geom_avg_diff,baseline,limit,power_law,0.005,5000,0.5667,0.4667,0.2,0.03262944323774563,0.9156582914240586,-0.2867,30
richardson_1,richardson,trajectory,power_law,0.005,5000,1.0,0.0,1.0,0.007725346485010739,4.022003442490783,1.4,30
richardson_2,richardson,trajectory,power_law,0.005,5000,1.0,0.0,1.0,0.008825484217831261,3.467701359869186,1.4,30
richardson_3,richardson,trajectory,power_law,0.005,5000,1.0,0.0667,0.9,0.009085625113568717,3.4800368262154002,1.2267,30
richardson_a05,richardson,trajectory,power_law,0.005,5000,1.0,0.0,1.0,0.014190985482733273,2.1480168701291102,1.4,30
richardson_a10,richardson,trajectory,power_law,0.005,5000,1.0,0.0,1.0,0.01296919443366296,2.3338729824278315,1.4,30
richardson_a20,richardson,trajectory,power_law,0.005,5000,1.0,0.0,0.6,0.02950784621932827,1.0349148082998578,1.24,30
single_exp_fit,parametric,trajectory,power_law,0.005,5000,1.0,0.0,0.8667,0.02476942914519549,1.2665926033463202,1.3467,30
double_exp_fit,parametric,trajectory,power_law,0.005,5000,1.0,0.0,0.8667,0.02476926003524356,1.2666219903470823,1.3467,30
rational_fit,parametric,trajectory,power_law,0.005,5000,1.0,0.0,1.0,0.009755695097540184,3.3261645029221656,1.4,30
log_fit,parametric,trajectory,power_law,0.005,5000,1.0,0.0,1.0,0.015432428335104725,1.9636569747522556,1.4,30
shanks_1,shanks,limit,power_law,0.005,5000,1.0,0.0,0.5667,0.030402859874389735,1.003567453680137,1.2267,30
shanks_2,shanks,limit,power_law,0.005,5000,1.0,0.0,0.2,0.03350581752021352,0.9299721594627632,1.08,30
shanks_3,shanks,limit,power_law,0.005,5000,1.0,0.0,0.3667,0.031812730639562234,0.9685367209296318,1.1467,30
shanks_4,shanks,limit,power_law,0.005,5000,1.0,0.0,0.2667,0.03228900097031073,0.9348596880602709,1.1067,30
wynn_eps_1,wynn_eps,limit,power_law,0.005,5000,1.0,0.0,0.5667,0.030402859874389686,1.0035674536801373,1.2267,30
wynn_eps_2,wynn_eps,limit,power_law,0.005,5000,1.0,0.0,0.3667,0.03262531098761011,0.9403806258566126,1.1467,30
wynn_eps_3,wynn_eps,limit,power_law,0.005,5000,1.0,0.0,0.3333,0.03220682742366801,0.9546546015372623,1.1333,30
wynn_rho_1,wynn_rho,limit,power_law,0.005,5000,1.0,0.0,0.3,0.030658171536221305,0.9820168245595895,1.12,30
wynn_rho_2,wynn_rho,limit,power_law,0.005,5000,1.0,0.0333,0.4667,0.031664368031630766,0.9791388034928892,1.12,30
wynn_rho_3,wynn_rho,limit,power_law,0.005,5000,1.0,0.0,0.4667,0.031491322101342784,0.9794329247043353,1.1867,30
pade_11,pade,trajectory,power_law,0.005,5000,1.0,0.0,0.0,0.07737444168073555,0.41206532749049896,1.0,30
pade_12,pade,trajectory,power_law,0.005,5000,1.0,0.0,1.0,0.010966037908987217,2.7745647687257247,1.4,30
pade_13,pade,trajectory,power_law,0.005,5000,1.0,0.0,1.0,0.012079493168917925,2.519628675561203,1.4,30
pade_21,pade,trajectory,power_law,0.005,5000,0.0,1.0,0.0,,,-2.0,30
pade_22,pade,trajectory,power_law,0.005,5000,0.9,0.4333,0.0,0.11860318471625421,0.25687678275078335,0.0333,30
pade_23,pade,trajectory,power_law,0.005,5000,1.0,0.0,1.0,0.010983534458553162,2.763841358081951,1.4,30
pade_31,pade,trajectory,power_law,0.005,5000,1.0,1.0,0.0,247.11164687192758,0.0001337912602582091,-1.0,30
pade_32,pade,trajectory,power_law,0.005,5000,0.0,1.0,0.0,,,-2.0,30
levin_t1,levin,limit,power_law,0.005,5000,1.0,0.0,0.5667,0.03040285987438969,1.0035674536801376,1.2267,30
levin_t2,levin,limit,power_law,0.005,5000,1.0,0.0667,0.3333,0.031607693500699086,0.9713284534047035,1.0,30
levin_u1,levin,limit,power_law,0.005,5000,1.0,0.0,0.5667,0.03040222998650282,1.0033956084997109,1.2267,30
levin_u2,levin,limit,power_law,0.005,5000,1.0,0.0333,0.3333,0.031616167156223576,0.9707066646371765,1.0667,30
levin_v1,levin,limit,power_law,0.005,5000,1.0,0.0333,0.3333,0.033049108945689076,0.9143264530428805,1.0667,30
levin_v2,levin,limit,power_law,0.005,5000,1.0,0.0,0.3667,0.03249932192891631,0.9355389841081367,1.1467,30
weniger_d1,weniger,limit,power_law,0.005,5000,1.0,0.0,1.0,0.012059444956027435,2.5200678096990647,1.4,30
weniger_d2,weniger,limit,power_law,0.005,5000,1.0,0.0,1.0,0.012059444956027435,2.5200678096990714,1.4,30
brezinski_theta1,brezinski,limit,power_law,0.005,5000,1.0,0.0,0.5667,0.02752499523384885,1.147242748339743,1.2267,30
brezinski_theta2,brezinski,limit,power_law,0.005,5000,1.0,0.0,0.3333,0.03790366884869581,0.7898444344375541,1.1333,30
neville_2,neville,trajectory,power_law,0.005,5000,0.5667,1.0,0.0,32.85639603316258,0.0008938197617196292,-1.4333,30
neville_3,neville,trajectory,power_law,0.005,5000,0.0667,1.0,0.0,159.779934012193,0.00023254179373805972,-1.9333,30
neville_4,neville,trajectory,power_law,0.005,5000,0.0,1.0,0.0,,,-2.0,30
anderson_1,anderson,limit,power_law,0.005,5000,1.0,0.0,0.5667,0.03040282699497665,1.0035634635411057,1.2267,30
anderson_2,anderson,limit,power_law,0.005,5000,1.0,0.0,0.5333,0.030109029218582394,1.0007504133956493,1.2133,30
anderson_3,anderson,limit,power_law,0.005,5000,1.0,0.0,0.5,0.030428773834307404,0.9985642099703768,1.2,30
median_ensemble,ensemble,trajectory,power_law,0.005,5000,1.0,0.0,0.6667,0.029054478255040317,1.0185844589629167,1.2667,30
stability_weighted,ensemble,trajectory,power_law,0.005,5000,1.0,0.0,0.7333,0.027016120034584926,1.1266870567507474,1.2933,30
best_shanks_wynn,ensemble,limit,power_law,0.005,5000,1.0,0.0,0.5667,0.030402859874389735,1.003567453680137,1.2267,30
current_value,baseline,limit,rational_decay,0.0,150,1.0,0.0,0.0,0.05962732919254661,1.0,1.0,30
linear,baseline,trajectory,rational_decay,0.0,150,1.0,0.0,0.0,0.13468780121032098,0.44270771856640445,1.0,30
log_linear,baseline,trajectory,rational_decay,0.0,150,1.0,0.0,1.0,0.010295558526942486,5.791558470238174,1.4,30
geom_avg_diff,baseline,limit,rational_decay,0.0,150,1.0,0.0,1.0,0.004308789078554601,13.838535167413863,1.4,30
richardson_1,richardson,trajectory,rational_decay,0.0,150,1.0,0.0,1.0,0.010329990295087646,5.772254134730598,1.4,30
richardson_2,richardson,trajectory,rational_decay,0.0,150,1.0,0.0,1.0,0.010329981915951317,5.772258816878613,1.4,30
richardson_3,richardson,trajectory,rational_decay,0.0,150,1.0,0.0,1.0,0.007955370641173423,7.495229560259877,1.4,30
richardson_a05,richardson,trajectory,rational_decay,0.0,150,1.0,0.0,1.0,0.0014379023565024712,41.468274200191935,1.4,30
richardson_a10,richardson,trajectory,rational_decay,0.0,150,1.0,0.0,1.0,0.027473890859691666,2.170327075151517,1.4,30
richardson_a20,richardson,trajectory,rational_decay,0.0,150,1.0,0.0,0.0,0.06240917329349614,0.9554257178208858,1.0,30
single_exp_fit,parametric,trajectory,rational_decay,0.0,150,1.0,0.0,1.0,0.019134706779288205,3.1161872444833305,1.4,30
double_exp_fit,parametric,trajectory,rational_decay,0.0,150,1.0,0.0,1.0,0.0027029622267315673,22.059993514836577,1.4,30
rational_fit,parametric,trajectory,rational_decay,0.0,150,1.0,0.0,1.0,1.2808726301827278e-11,4655211438.473804,1.4,30
log_fit,parametric,trajectory,rational_decay,0.0,150,1.0,0.0,0.0,0.08427500216489019,0.7075328111636401,1.0,30
shanks_1,shanks,limit,rational_decay,0.0,150,1.0,0.0,1.0,0.026566416039691065,2.244462674357787,1.4,30
shanks_2,shanks,limit,rational_decay,0.0,150,1.0,0.0,0.0,0.07003792358362204,0.8513577522233985,1.0,30
shanks_3,shanks,limit,rational_decay,0.0,150,1.0,0.0,0.0,0.09193921075112321,0.6485516756713963,1.0,30
shanks_4,shanks,limit,rational_decay,0.0,150,1.0,0.0,0.0,0.09233613897876528,0.6457637264458201,1.0,30
wynn_eps_1,wynn_eps,limit,rational_decay,0.0,150,1.0,0.0,1.0,0.026566416039880858,2.244462674341752,1.4,30
wynn_eps_2,wynn_eps,limit,rational_decay,0.0,150,1.0,0.0,1.0,0.05528866314687095,1.0784729779801379,1.4,30
wynn_eps_3,wynn_eps,limit,rational_decay,0.0,150,1.0,0.0,0.0,0.06964050126516197,0.8562162550426026,1.0,30
wynn_rho_1,wynn_rho,limit,rational_decay,0.0,150,1.0,0.0,0.0,0.1142857142852755,0.521739130436786,1.0,30
wynn_rho_2,wynn_rho,limit,rational_decay,0.0,150,1.0,0.0,0.0,0.11428571428562209,0.5217391304352037,1.0,30
wynn_rho_3,wynn_rho,limit,rational_decay,0.0,150,1.0,0.0,0.0,0.11428571428565475,0.5217391304350546,1.0,30
pade_11,pade,trajectory,rational_decay,0.0,150,1.0,0.0,1.0,6.800116025829084e-16,1.0,1.4,30
pade_12,pade,trajectory,rational_decay,0.0,150,1.0,0.0,1.0,3.391592562351775e-13,1.0,1.4,30
pade_13,pade,trajectory,rational_decay,0.0,150,1.0,0.0,1.0,2.6610311176789025e-10,224076031.26624405,1.4,30
pade_21,pade,trajectory,rational_decay,0.0,150,1.0,0.0,1.0,2.5923707624997405e-14,1.0,1.4,30
pade_22,pade,trajectory,rational_decay,0.0,150,1.0,0.0,1.0,2.538247390049264e-13,1.0,1.4,30
pade_23,pade,trajectory,rational_decay,0.0,150,1.0,0.0,1.0,7.466516294130088e-11,798596384.7614385,1.4,30
pade_31,pade,trajectory,rational_decay,0.0,150,1.0,0.0,1.0,8.202882817442969e-13,1.0,1.4,30
pade_32,pade,trajectory,rational_decay,0.0,150,1.0,0.0,1.0,8.219619429539193e-12,7254268850.728217,1.4,30
levin_t1,levin,limit,rational_decay,0.0,150,1.0,0.0,1.0,0.026566416039880567,2.2444626743417766,1.4,30
levin_t2,levin,limit,rational_decay,0.0,150,1.0,0.0,1.0,0.050994575028752015,1.1692876969545727,1.4,30
levin_u1,levin,limit,rational_decay,0.0,150,1.0,0.0,0.0,0.1817620975498901,0.3280515024656342,1.0,30
levin_u2,levin,limit,rational_decay,0.0,150,1.0,0.0,0.0,0.11428571419476483,0.5217391308499869,1.0,30
levin_v1,levin,limit,rational_decay,0.0,150,1.0,0.0,0.0,0.11586599232206063,0.5146232125368307,1.0,30
levin_v2,levin,limit,rational_decay,0.0,150,1.0,0.0,0.0,0.11462738902020386,0.5201839604148786,1.0,30
weniger_d1,weniger,limit,rational_decay,0.0,150,1.0,0.0,0.0,0.12428571428571429,0.4797601199400302,1.0,30
weniger_d2,weniger,limit,rational_decay,0.0,150,1.0,0.0,0.0,0.12428571428571429,0.4797601199400302,1.0,30
brezinski_theta1,brezinski,limit,rational_decay,0.0,150,1.0,0.0,1.0,0.02811896999113024,2.1205374596350888,1.4,30
brezinski_theta2,brezinski,limit,rational_decay,0.0,150,1.0,0.0,0.0,0.07161230441105175,0.8326408385113281,1.0,30
neville_2,neville,trajectory,rational_decay,0.0,150,1.0,0.0,1.0,0.0004862740408994176,122.62083553187267,1.4,30
neville_3,neville,trajectory,rational_decay,0.0,150,1.0,0.0,1.0,4.558819175282114e-05,1307.955566999577,1.4,30
neville_4,neville,trajectory,rational_decay,0.0,150,1.0,0.0,1.0,4.380853713403798e-06,13610.892555053584,1.4,30
anderson_1,anderson,limit,rational_decay,0.0,150,1.0,0.0,1.0,0.05377037040884251,1.1089253940259434,1.4,30
anderson_2,anderson,limit,rational_decay,0.0,150,1.0,0.0,1.0,0.04845077811933367,1.2306784639389121,1.4,30
anderson_3,anderson,limit,rational_decay,0.0,150,1.0,0.0,1.0,0.04360998257574293,1.3672862420658927,1.4,30
median_ensemble,ensemble,trajectory,rational_decay,0.0,150,1.0,0.0,1.0,0.02656641603978596,2.2444626743497693,1.4,30
stability_weighted,ensemble,trajectory,rational_decay,0.0,150,1.0,0.0,1.0,0.03861094097183278,1.5443117337141714,1.4,30
best_shanks_wynn,ensemble,limit,rational_decay,0.0,150,1.0,0.0,1.0,0.026566416039691065,2.244462674357787,1.4,30
current_value,baseline,limit,rational_decay,0.0,1000,1.0,0.0,0.0,0.15440084835630968,1.0,1.0,30
linear,baseline,trajectory,rational_decay,0.0,1000,0.0,1.0,0.0,,,-2.0,30
log_linear,baseline,trajectory,rational_decay,0.0,1000,1.0,0.0,1.0,0.01452798149097461,10.627825238642405,1.4,30
geom_avg_diff,baseline,limit,rational_decay,0.0,1000,1.0,0.0,1.0,0.0709130820866447,2.1773253088570597,1.4,30
richardson_1,richardson,trajectory,rational_decay,0.0,1000,1.0,0.0,1.0,0.009925233953419668,15.556393842294465,1.4,30
richardson_2,richardson,trajectory,rational_decay,0.0,1000,1.0,0.0,1.0,0.009925227222669239,15.556404391796475,1.4,30
richardson_3,richardson,trajectory,rational_decay,0.0,1000,1.0,0.0,1.0,0.005810853822134164,26.571112108891867,1.4,30
richardson_a05,richardson,trajectory,rational_decay,0.0,1000,1.0,0.0,1.0,0.029009685820451894,5.32238953954671,1.4,30
richardson_a10,richardson,trajectory,rational_decay,0.0,1000,1.0,0.0,1.0,0.07154645362792267,2.15805033690798,1.4,30
richardson_a20,richardson,trajectory,rational_decay,0.0,1000,1.0,0.0,1.0,0.14794170551821056,1.0436600539075442,1.4,30
single_exp_fit,parametric,trajectory,rational_decay,0.0,1000,1.0,0.0,1.0,0.10187570503250401,1.515580660836136,1.4,30
double_exp_fit,parametric,trajectory,rational_decay,0.0,1000,1.0,0.0,1.0,0.06126241645988875,2.520319263890004,1.4,30
rational_fit,parametric,trajectory,rational_decay,0.0,1000,1.0,0.0,1.0,3.5396685582611553e-11,4362014290.743604,1.4,30
log_fit,parametric,trajectory,rational_decay,0.0,1000,1.0,0.0,1.0,0.12225279052853799,1.2629637956629483,1.4,30
shanks_1,shanks,limit,rational_decay,0.0,1000,1.0,0.0,1.0,0.06820710312407201,2.263706289877861,1.4,30
shanks_2,shanks,limit,rational_decay,0.0,1000,1.0,0.0,1.0,0.02473559558014104,6.242050968858431,1.4,30
shanks_3,shanks,limit,rational_decay,0.0,1000,1.0,0.0,1.0,0.0028343084126398535,54.475669502918315,1.4,30
shanks_4,shanks,limit,rational_decay,0.0,1000,1.0,0.0,1.0,0.002437380184997791,63.34705160346154,1.4,30
wynn_eps_1,wynn_eps,limit,rational_decay,0.0,1000,1.0,0.0,1.0,0.06820710312388222,2.26370628988416,1.4,30
wynn_eps_2,wynn_eps,limit,rational_decay,0.0,1000,1.0,0.0,1.0,0.039484856016892125,3.9103814457435284,1.4,30
wynn_eps_3,wynn_eps,limit,rational_decay,0.0,1000,1.0,0.0,1.0,0.025133017898601104,6.143346930290596,1.4,30
wynn_rho_1,wynn_rho,limit,rational_decay,0.0,1000,1.0,0.0,1.0,0.01951219512151242,7.913043478438823,1.4,30
wynn_rho_2,wynn_rho,limit,rational_decay,0.0,1000,1.0,0.0,1.0,0.01951219512185902,7.913043478298262,1.4,30
wynn_rho_3,wynn_rho,limit,rational_decay,0.0,1000,1.0,0.0,1.0,0.01951219512189168,7.913043478285017,1.4,30
pade_11,pade,trajectory,rational_decay,0.0,1000,1.0,0.0,1.0,2.42861286636753e-15,1.0,1.4,30
pade_12,pade,trajectory,rational_decay,0.0,1000,1.0,0.0,1.0,1.1593240256679849e-11,13318178950.647232,1.4,30
pade_13,pade,trajectory,rational_decay,0.0,1000,1.0,0.0,1.0,9.839511327242034e-08,1569192.2415783983,1.4,30
pade_21,pade,trajectory,rational_decay,0.0,1000,1.0,0.0,1.0,9.10480024707283e-13,1.0,1.4,30
pade_22,pade,trajectory,rational_decay,0.0,1000,1.0,0.0,1.0,6.744951819293021e-14,1.0,1.4,30
pade_23,pade,trajectory,rational_decay,0.0,1000,1.0,0.0,1.0,2.0511113640875323e-10,752766773.465746,1.4,30
pade_31,pade,trajectory,rational_decay,0.0,1000,1.0,0.0,1.0,3.1231590230662576e-10,494373956.676474,1.4,30
pade_32,pade,trajectory,rational_decay,0.0,1000,1.0,0.0,1.0,2.3178240576848808e-11,6661456802.3135605,1.4,30
levin_t1,levin,limit,rational_decay,0.0,1000,1.0,0.0,1.0,0.0682071031238825,2.26370628988415,1.4,30
levin_t2,levin,limit,rational_decay,0.0,1000,1.0,0.0,1.0,0.04377894413501106,3.5268289678286613,1.4,30
levin_u1,levin,limit,rational_decay,0.0,1000,1.0,0.0,1.0,0.08698857838612703,1.7749554162266157,1.4,30
levin_u2,levin,limit,rational_decay,0.0,1000,1.0,0.0,1.0,0.019512195031001746,7.913043515144837,1.4,30
levin_v1,levin,limit,rational_decay,0.0,1000,1.0,0.0,1.0,0.02109247315829755,7.320187025842916,1.4,30
levin_v2,levin,limit,rational_decay,0.0,1000,1.0,0.0,1.0,0.019853869856440783,7.776864131413685,1.4,30
weniger_d1,weniger,limit,rational_decay,0.0,1000,1.0,0.0,1.0,0.029512195121951218,5.231764283147684,1.4,30
weniger_d2,weniger,limit,rational_decay,0.0,1000,1.0,0.0,1.0,0.029512195121951218,5.231764283147684,1.4,30
brezinski_theta1,brezinski,limit,rational_decay,0.0,1000,1.0,0.0,1.0,0.06665454917263283,2.316433765929722,1.4,30
brezinski_theta2,brezinski,limit,rational_decay,0.0,1000,1.0,0.0,1.0,0.023161214752711323,6.66635364357282,1.4,30
neville_2,neville,trajectory,rational_decay,0.0,1000,1.0,0.0,1.0,0.006223857205975146,24.807903402423634,1.4,30
neville_3,neville,trajectory,rational_decay,0.0,1000,1.0,0.0,1.0,0.001268388761805593,121.72990884633431,1.4,30
neville_4,neville,trajectory,rational_decay,0.0,1000,1.0,0.0,1.0,0.0002611053990329189,591.3353340382042,1.4,30
anderson_1,anderson,limit,rational_decay,0.0,1000,1.0,0.0,1.0,0.1485438895726056,1.0394291465004444,1.4,30
anderson_2,anderson,limit,rational_decay,0.0,1000,1.0,0.0,1.0,0.14322429728309674,1.078035300470851,1.4,30
anderson_3,anderson,limit,rational_decay,0.0,1000,1.0,0.0,1.0,0.138383501739506,1.115746070994466,1.4,30
median_ensemble,ensemble,trajectory,rational_decay,0.0,1000,1.0,0.0,1.0,0.01733041476678035,8.909241379050636,1.4,30
stability_weighted,ensemble,trajectory,rational_decay,0.0,1000,1.0,0.0,1.0,0.029123519970432957,5.301586089630028,1.4,30
best_shanks_wynn,ensemble,limit,rational_decay,0.0,1000,1.0,0.0,1.0,0.06820710312407201,2.263706289877861,1.4,30
current_value,baseline,limit,rational_decay,0.0,5000,1.0,0.0,0.0,0.16993294397577333,1.0,1.0,30
linear,baseline,trajectory,rational_decay,0.0,5000,0.0,1.0,0.0,,,-2.0,30
log_linear,baseline,trajectory,rational_decay,0.0,5000,1.0,0.0,1.0,0.007343249590436035,23.141382011187076,1.4,30
geom_avg_diff,baseline,limit,rational_decay,0.0,5000,1.0,0.0,1.0,0.08644517188154227,1.9657887222277284,1.4,30
richardson_1,richardson,trajectory,rational_decay,0.0,5000,1.0,0.0,1.0,6.216636850823846e-05,2733.5189114875407,1.4,30
richardson_2,richardson,trajectory,rational_decay,0.0,5000,1.0,0.0,1.0,6.216994323458847e-05,2733.3617361456836,1.4,30
richardson_3,richardson,trajectory,rational_decay,0.0,5000,1.0,0.0,1.0,0.0027357256757515255,62.116222208241474,1.4,30
richardson_a05,richardson,trajectory,rational_decay,0.0,5000,1.0,0.0,1.0,0.05723297040942056,2.9691442320771513,1.4,30
richardson_a10,richardson,trajectory,rational_decay,0.0,5000,1.0,0.0,1.0,0.07992076716801709,2.1262676773175113,1.4,30
richardson_a20,richardson,trajectory,rational_decay,0.0,5000,1.0,0.0,1.0,0.1632696013239827,1.0408119000582863,1.4,30
single_exp_fit,parametric,trajectory,rational_decay,0.0,5000,1.0,0.0,1.0,0.117407800644495,1.4473735394322038,1.4,30
double_exp_fit,parametric,trajectory,rational_decay,0.0,5000,1.0,0.0,1.0,0.0767944439299245,2.212828627691326,1.4,30
rational_fit,parametric,trajectory,rational_decay,0.0,5000,1.0,0.0,1.0,4.0138151483071205e-11,4233701296.569295,1.4,30
log_fit,parametric,trajectory,rational_decay,0.0,5000,1.0,0.0,1.0,0.10914736945320969,1.5569128676859387,1.4,30
shanks_1,shanks,limit,rational_decay,0.0,5000,1.0,0.0,1.0,0.08373919874353566,2.029311798124788,1.4,30
shanks_2,shanks,limit,rational_decay,0.0,5000,1.0,0.0,1.0,0.040267691199604695,4.22008163153495,1.4,30
shanks_3,shanks,limit,rational_decay,0.0,5000,1.0,0.0,1.0,0.01836640403210351,9.252379708011404,1.4,30
shanks_4,shanks,limit,rational_decay,0.0,5000,1.0,0.0,1.0,0.017969475804461447,9.456755768778882,1.4,30
wynn_eps_1,wynn_eps,limit,rational_decay,0.0,5000,1.0,0.0,1.0,0.08373919874334587,2.0293117981293873,1.4,30
wynn_eps_2,wynn_eps,limit,rational_decay,0.0,5000,1.0,0.0,1.0,0.05501695163635578,3.0887379057090443,1.4,30
wynn_eps_3,wynn_eps,limit,rational_decay,0.0,5000,1.0,0.0,1.0,0.04066511351806476,4.178838549172711,1.4,30
wynn_rho_1,wynn_rho,limit,rational_decay,0.0,5000,1.0,0.0,1.0,0.003980099502048766,42.695652178620136,1.4,30
wynn_rho_2,wynn_rho,limit,rational_decay,0.0,5000,1.0,0.0,1.0,0.003980099502395366,42.695652174902065,1.4,30
wynn_rho_3,wynn_rho,limit,rational_decay,0.0,5000,1.0,0.0,1.0,0.003980099502428024,42.69565217455173,1.4,30
pade_11,pade,trajectory,rational_decay,0.0,5000,1.0,0.0,1.0,2.8085173076064507e-15,1.0,1.4,30
pade_12,pade,trajectory,rational_decay,0.0,5000,1.0,0.0,1.0,6.98216658101547e-11,2433813945.9150324,1.4,30
pade_13,pade,trajectory,rational_decay,0.0,5000,1.0,0.0,1.0,3.115738351908842e-06,54540.184310298304,1.4,30
pade_21,pade,trajectory,rational_decay,0.0,5000,1.0,0.0,1.0,5.496044591657423e-12,30919134869.050842,1.4,30
pade_22,pade,trajectory,rational_decay,0.0,5000,1.0,0.0,1.0,7.100396659520669e-14,1.0,1.4,30
pade_23,pade,trajectory,rational_decay,0.0,5000,1.0,0.0,1.0,1.1317975202873587e-09,150144297.8357366,1.4,30
pade_31,pade,trajectory,rational_decay,0.0,5000,1.0,0.0,1.0,9.9157290503471e-09,17137715.55403935,1.4,30
pade_32,pade,trajectory,rational_decay,0.0,5000,1.0,0.0,1.0,1.2817229916306516e-10,1325816460.2288897,1.4,30
levin_t1,levin,limit,rational_decay,0.0,5000,1.0,0.0,1.0,0.08373919874334616,2.0293117981293802,1.4,30
levin_t2,levin,limit,rational_decay,0.0,5000,1.0,0.0,1.0,0.059311039754474715,2.8651149040588644,1.4,30
levin_u1,levin,limit,rational_decay,0.0,5000,1.0,0.0,1.0,0.07145648276666337,2.3781319398364262,1.4,30
levin_u2,levin,limit,rational_decay,0.0,5000,1.0,0.0,1.0,0.003980099411538093,42.695653149553735,1.4,30
levin_v1,levin,limit,rational_decay,0.0,5000,1.0,0.0,1.0,0.005560377538833894,30.56140393146958,1.4,30
levin_v2,levin,limit,rational_decay,0.0,5000,1.0,0.0,1.0,0.004321774236977129,39.32018070768851,1.4,30
weniger_d1,weniger,limit,rational_decay,0.0,5000,1.0,0.0,1.0,0.013980099502487563,12.155345814637165,1.4,30
weniger_d2,weniger,limit,rational_decay,0.0,5000,1.0,0.0,1.0,0.013980099502487563,12.155345814637165,1.4,30
brezinski_theta1,brezinski,limit,rational_decay,0.0,5000,1.0,0.0,1.0,0.08218664479209649,2.067646688895067,1.4,30
brezinski_theta2,brezinski,limit,rational_decay,0.0,5000,1.0,0.0,1.0,0.03869331037217498,4.391791302973524,1.4,30
neville_2,neville,trajectory,rational_decay,0.0,5000,1.0,0.0,1.0,0.007955410376755978,21.360676059186254,1.4,30
neville_3,neville,trajectory,rational_decay,0.0,5000,1.0,0.0,1.0,0.0017448630169465667,97.39042109629241,1.4,30
neville_4,neville,trajectory,rational_decay,0.0,5000,1.0,0.0,1.0,0.00038622857863794546,439.98024324106314,1.4,30
anderson_1,anderson,limit,rational_decay,0.0,5000,1.0,0.0,1.0,0.16407598519206923,1.0356966242003538,1.4,30
anderson_2,anderson,limit,rational_decay,0.0,5000,1.0,0.0,1.0,0.15875639290256038,1.0704006362759373,1.4,30
anderson_3,anderson,limit,rational_decay,0.0,5000,1.0,0.0,1.0,0.15391559735896965,1.1040657795028221,1.4,30
median_ensemble,ensemble,trajectory,rational_decay,0.0,5000,1.0,0.0,1.0,0.029317047615854103,5.796386669027233,1.4,30
stability_weighted,ensemble,trajectory,rational_decay,0.0,5000,1.0,0.0,1.0,0.04214284642202939,4.032308170976891,1.4,30
best_shanks_wynn,ensemble,limit,rational_decay,0.0,5000,1.0,0.0,1.0,0.08373919874353566,2.029311798124788,1.4,30
current_value,baseline,limit,rational_decay,0.001,150,1.0,0.0,0.0,0.05969219196333579,1.0,1.0,30
linear,baseline,trajectory,rational_decay,0.001,150,1.0,0.0,0.0,0.13454647534578654,0.4435707894584112,1.0,30
log_linear,baseline,trajectory,rational_decay,0.001,150,1.0,0.0,1.0,0.010367068306250754,5.8172537706583665,1.4,30
geom_avg_diff,baseline,limit,rational_decay,0.001,150,0.5333,0.4667,0.4,0.059263712719709385,1.0195670651554485,-0.24,30
richardson_1,richardson,trajectory,rational_decay,0.001,150,1.0,0.0,1.0,0.010388441374610119,5.770770813312867,1.4,30
richardson_2,richardson,trajectory,rational_decay,0.001,150,1.0,0.0,1.0,0.010388440452416117,5.770773984214403,1.4,30
richardson_3,richardson,trajectory,rational_decay,0.001,150,1.0,0.0,1.0,0.008006385629536317,7.499388771170369,1.4,30
richardson_a05,richardson,trajectory,rational_decay,0.001,150,1.0,0.0,1.0,0.0015259175146115495,39.20538385385027,1.4,30
richardson_a10,richardson,trajectory,rational_decay,0.001,150,1.0,0.0,1.0,0.027545451788168154,2.1749693796199305,1.4,30
richardson_a20,richardson,trajectory,rational_decay,0.001,150,1.0,0.0,0.0,0.06244167681907069,0.9591640068902478,1.0,30
single_exp_fit,parametric,trajectory,rational_decay,0.001,150,1.0,0.0,1.0,0.019204456327526986,3.1047906343541447,1.4,30
double_exp_fit,parametric,trajectory,rational_decay,0.001,150,1.0,0.0,1.0,0.00829357963004139,7.249670875454908,1.4,30
rational_fit,parametric,trajectory,rational_decay,0.001,150,1.0,0.0,1.0,0.0005324451736133384,111.55262407863036,1.4,30
log_fit,parametric,trajectory,rational_decay,0.001,150,1.0,0.0,0.0,0.08429608946841505,0.7084296297335798,1.0,30
shanks_1,shanks,limit,rational_decay,0.001,150,1.0,0.0,0.5667,0.06119882017794892,1.0000074735924223,1.2267,30
shanks_2,shanks,limit,rational_decay,0.001,150,1.0,0.0333,0.0333,0.06324064580020597,0.9417103130405806,0.9467,30
shanks_3,shanks,limit,rational_decay,0.001,150,1.0,0.0,0.1333,0.06406349246500592,0.9424456713192746,1.0533,30
shanks_4,shanks,limit,rational_decay,0.001,150,1.0,0.0333,0.1,0.06583808482716721,0.9105937942489994,0.9733,30
wynn_eps_1,wynn_eps,limit,rational_decay,0.001,150,1.0,0.0,0.5667,0.061198820177949795,1.0000074735924338,1.2267,30
wynn_eps_2,wynn_eps,limit,rational_decay,0.001,150,1.0,0.0,0.3667,0.062478009883458765,0.9664255567386335,1.1467,30
wynn_eps_3,wynn_eps,limit,rational_decay,0.001,150,1.0,0.0333,0.3333,0.06217816906815611,0.9725606228562448,1.0667,30
wynn_rho_1,wynn_rho,limit,rational_decay,0.001,150,1.0,0.0,0.3667,0.0612663289836925,0.9947532203757485,1.1467,30
wynn_rho_2,wynn_rho,limit,rational_decay,0.001,150,1.0,0.0,0.5333,0.05849760778700347,1.0378484990827386,1.2133,30
wynn_rho_3,wynn_rho,limit,rational_decay,0.001,150,1.0,0.0,0.4667,0.06330404441856152,0.9535524210069103,1.1867,30
pade_11,pade,trajectory,rational_decay,0.001,150,1.0,0.0,1.0,0.0008596644373510196,68.37536511842104,1.4,30
pade_12,pade,trajectory,rational_decay,0.001,150,1.0,0.0,1.0,0.0029331637178168085,20.254814481003194,1.4,30
pade_13,pade,trajectory,rational_decay,0.001,150,1.0,0.0,1.0,0.0007701081017812694,76.43259922914223,1.4,30
pade_21,pade,trajectory,rational_decay,0.001,150,1.0,0.0,1.0,0.014569100121736983,4.137124441707254,1.4,30
pade_22,pade,trajectory,rational_decay,0.001,150,1.0,0.0,1.0,0.0008313643418306066,72.11838318685577,1.4,30
pade_23,pade,trajectory,rational_decay,0.001,150,1.0,0.0,1.0,0.003055208374894078,19.264035664036342,1.4,30
pade_31,pade,trajectory,rational_decay,0.001,150,1.0,0.6,0.0,0.32398176649833077,0.18609629760667062,-0.2,30
pade_32,pade,trajectory,rational_decay,0.001,150,1.0,0.0,1.0,0.010689751149224429,5.505736659206584,1.4,30
levin_t1,levin,limit,rational_decay,0.001,150,1.0,0.0,0.5667,0.061198820177949795,1.000007473592434,1.2267,30
levin_t2,levin,limit,rational_decay,0.001,150,1.0,0.0,0.2333,0.061613492439937814,0.9655539880599511,1.0933,30
levin_u1,levin,limit,rational_decay,0.001,150,1.0,0.0,0.5667,0.06119607794201892,1.0000152335516024,1.2267,30
levin_u2,levin,limit,rational_decay,0.001,150,1.0,0.0,0.2333,0.06161119491314258,0.9659821876069605,1.0933,30
levin_v1,levin,limit,rational_decay,0.001,150,1.0,0.0,0.0,0.06352692214963872,0.9433232172936481,1.0,30
levin_v2,levin,limit,rational_decay,0.001,150,1.0,0.0,0.0333,0.063695592612506,0.9386505514553817,1.0133,30
weniger_d1,weniger,limit,rational_decay,0.001,150,1.0,0.0,0.0,0.12428571428571429,0.48028200430240675,1.0,30
weniger_d2,weniger,limit,rational_decay,0.001,150,1.0,0.0,0.0,0.12428571428571429,0.48028200430270174,1.0,30
brezinski_theta1,brezinski,limit,rational_decay,0.001,150,1.0,0.0,0.5667,0.059684020890807474,1.0331111197416243,1.2267,30
brezinski_theta2,brezinski,limit,rational_decay,0.001,150,1.0,0.0333,0.1333,0.06734228122518368,0.8975254139899831,0.9867,30
neville_2,neville,trajectory,rational_decay,0.001,150,0.6667,0.9,0.0333,1.3764825179851026,0.0448757162688133,-1.12,30
neville_3,neville,trajectory,rational_decay,0.001,150,0.5333,1.0,0.0,31.41862353230679,0.002033536684901575,-1.4667,30
neville_4,neville,trajectory,rational_decay,0.001,150,0.3667,1.0,0.0,218.99935331451653,0.00027923296899881177,-1.6333,30
anderson_1,anderson,limit,rational_decay,0.001,150,1.0,0.0,0.5667,0.06119821503665447,1.0000074683741516,1.2267,30
anderson_2,anderson,limit,rational_decay,0.001,150,1.0,0.0,0.3333,0.060776271219596126,0.9977714656025161,1.1333,30
anderson_3,anderson,limit,rational_decay,0.001,150,1.0,0.0,0.2667,0.060726997010864855,0.9904208704264476,1.1067,30
median_ensemble,ensemble,trajectory,rational_decay,0.001,150,1.0,0.0,0.7667,0.05960218750547566,1.0077104767849248,1.3067,30
stability_weighted,ensemble,trajectory,rational_decay,0.001,150,1.0,0.0,0.5667,0.05855982296851439,1.0262166782931565,1.2267,30
best_shanks_wynn,ensemble,limit,rational_decay,0.001,150,1.0,0.0,0.5667,0.06119882017794892,1.0000074735924223,1.2267,30
current_value,baseline,limit,rational_decay,0.001,1000,1.0,0.0,0.0,0.15446571112709886,1.0,1.0,30
linear,baseline,trajectory,rational_decay,0.001,1000,0.0,1.0,0.0,,,-2.0,30
log_linear,baseline,trajectory,rational_decay,0.001,1000,1.0,0.0,1.0,0.01456269581620346,10.631518417749508,1.4,30
geom_avg_diff,baseline,limit,rational_decay,0.001,1000,0.4667,0.5333,0.3667,0.15403693379419203,1.0074805286941357,-0.4533,30
richardson_1,richardson,trajectory,rational_decay,0.001,1000,1.0,0.0,1.0,0.009962775200467056,15.519331221133417,1.4,30
richardson_2,richardson,trajectory,rational_decay,0.001,1000,1.0,0.0,1.0,0.0099627716002865,15.51933506384282,1.4,30
richardson_3,richardson,trajectory,rational_decay,0.001,1000,1.0,0.0,1.0,0.005838877987795674,26.463765685503205,1.4,30
richardson_a05,richardson,trajectory,rational_decay,0.001,1000,1.0,0.0,1.0,0.028832766901586225,5.347741229670026,1.4,30
richardson_a10,richardson,trajectory,rational_decay,0.001,1000,1.0,0.0,1.0,0.07163491634951448,2.1585629237149035,1.4,30
richardson_a20,richardson,trajectory,rational_decay,0.001,1000,1.0,0.0,1.0,0.14798087978111835,1.0450823951636978,1.4,30
single_exp_fit,parametric,trajectory,rational_decay,0.001,1000,1.0,0.0,1.0,0.10196153670116895,1.510956784204331,1.4,30
double_exp_fit,parametric,trajectory,rational_decay,0.001,1000,1.0,0.0,1.0,0.058557579680211955,2.646677861513732,1.4,30
rational_fit,parametric,trajectory,rational_decay,0.001,1000,1.0,0.0,1.0,0.001837712907017397,84.27608767938352,1.4,30
log_fit,parametric,trajectory,rational_decay,0.001,1000,1.0,0.0,1.0,0.12226813528938904,1.2636796210261902,1.4,30
shanks_1,shanks,limit,rational_decay,0.001,1000,1.0,0.0,0.5667,0.155972339341712,1.0000028857386858,1.2267,30
shanks_2,shanks,limit,rational_decay,0.001,1000,1.0,0.0,0.0333,0.15801416496396903,0.9767131256456452,1.0133,30
shanks_3,shanks,limit,rational_decay,0.001,1000,1.0,0.0,0.1333,0.158837011628769,0.9766793718061186,1.0533,30
shanks_4,shanks,limit,rational_decay,0.001,1000,1.0,0.0333,0.1,0.16061160399093027,0.9634548164651402,0.9733,30
wynn_eps_1,wynn_eps,limit,rational_decay,0.001,1000,1.0,0.0,0.5667,0.15597233934171287,1.0000028857386905,1.2267,30
wynn_eps_2,wynn_eps,limit,rational_decay,0.001,1000,1.0,0.0,0.3667,0.15725152904722184,0.986643936779241,1.1467,30
wynn_eps_3,wynn_eps,limit,rational_decay,0.001,1000,1.0,0.0,0.3333,0.15695168823191918,0.9892015145516071,1.1333,30
wynn_rho_1,wynn_rho,limit,rational_decay,0.001,1000,1.0,0.0,0.3667,0.15603984814745558,0.9979409735770367,1.1467,30
wynn_rho_2,wynn_rho,limit,rational_decay,0.001,1000,1.0,0.0,0.5667,0.1523195797875966,1.0164254431055464,1.2267,30
wynn_rho_3,wynn_rho,limit,rational_decay,0.001,1000,1.0,0.0,0.5667,0.15291055473106163,1.015068741317454,1.2267,30
pade_11,pade,trajectory,rational_decay,0.001,1000,1.0,0.0,1.0,0.002706660406567682,56.91570682117549,1.4,30
pade_12,pade,trajectory,rational_decay,0.001,1000,1.0,0.0,1.0,0.008530774926121776,18.044812333891613,1.4,30
pade_13,pade,trajectory,rational_decay,0.001,1000,1.0,0.0,1.0,0.005380274178567027,28.691800084131778,1.4,30
pade_21,pade,trajectory,rational_decay,0.001,1000,1.0,0.1333,0.1667,0.534474343784707,0.2912482832145247,0.8,30
pade_22,pade,trajectory,rational_decay,0.001,1000,1.0,0.0,1.0,0.0021975974936289666,70.55746993578762,1.4,30
pade_23,pade,trajectory,rational_decay,0.001,1000,1.0,0.0,1.0,0.008565520604192654,17.98244052260673,1.4,30
pade_31,pade,trajectory,rational_decay,0.001,1000,1.0,1.0,0.0,43.91768094071439,0.0035334528699504067,-1.0,30
pade_32,pade,trajectory,rational_decay,0.001,1000,1.0,0.0667,0.1,0.36764208081484767,0.42084163434533983,0.9067,30
levin_t1,levin,limit,rational_decay,0.001,1000,1.0,0.0,0.5667,0.15597233934171287,1.0000028857386907,1.2267,30
levin_t2,levin,limit,rational_decay,0.001,1000,1.0,0.0,0.2333,0.1563870116037009,0.9863256768668978,1.0933,30
levin_u1,levin,limit,rational_decay,0.001,1000,1.0,0.0,0.5667,0.155969597105782,1.0000058818989745,1.2267,30
levin_u2,levin,limit,rational_decay,0.001,1000,1.0,0.0,0.2333,0.15638471407690566,0.9864982402751582,1.0933,30
levin_v1,levin,limit,rational_decay,0.001,1000,1.0,0.0,0.0,0.1583004413134018,0.9771699804197307,1.0,30
levin_v2,levin,limit,rational_decay,0.001,1000,1.0,0.0,0.0333,0.15846911177626907,0.9754557818907472,1.0133,30
weniger_d1,weniger,limit,rational_decay,0.001,1000,1.0,0.0,1.0,0.029512195121951218,5.23396211255757,1.4,30
weniger_d2,weniger,limit,rational_decay,0.001,1000,1.0,0.0,1.0,0.029512195121951218,5.233962112571119,1.4,30
brezinski_theta1,brezinski,limit,rational_decay,0.001,1000,1.0,0.0,0.5667,0.15445754005457055,1.0126264724984548,1.2267,30
brezinski_theta2,brezinski,limit,rational_decay,0.001,1000,1.0,0.0333,0.1333,0.16211580038894674,0.9574557936181349,0.9867,30
neville_2,neville,trajectory,rational_decay,0.001,1000,0.5667,0.9667,0.0,7.185055092364825,0.021726671840837878,-1.3667,30
neville_3,neville,trajectory,rational_decay,0.001,1000,0.3667,1.0,0.0,230.67370303309082,0.0006741136424926454,-1.6333,30
neville_4,neville,trajectory,rational_decay,0.001,1000,0.0,1.0,0.0,,,-2.0,30
anderson_1,anderson,limit,rational_decay,0.001,1000,1.0,0.0,0.5667,0.15597173420041754,1.0000028837238522,1.2267,30
anderson_2,anderson,limit,rational_decay,0.001,1000,1.0,0.0,0.3333,0.1555497903833592,0.9991357796943674,1.1333,30
anderson_3,anderson,limit,rational_decay,0.001,1000,1.0,0.0,0.2667,0.15550051617462793,0.9963071520125244,1.1067,30
median_ensemble,ensemble,trajectory,rational_decay,0.001,1000,1.0,0.0,0.7667,0.15437570666923872,1.0029566257514495,1.3067,30
stability_weighted,ensemble,trajectory,rational_decay,0.001,1000,1.0,0.0,0.6333,0.1482004700840583,1.0434742814439093,1.2533,30
best_shanks_wynn,ensemble,limit,rational_decay,0.001,1000,1.0,0.0,0.5667,0.155972339341712,1.0000028857386858,1.2267,30
current_value,baseline,limit,rational_decay,0.001,5000,1.0,0.0,0.0,0.1699978067465625,1.0,1.0,30
linear,baseline,trajectory,rational_decay,0.001,5000,0.0,1.0,0.0,,,-2.0,30
log_linear,baseline,trajectory,rational_decay,0.001,5000,1.0,0.0,1.0,0.007360395084005383,23.135847588756118,1.4,30
geom_avg_diff,baseline,limit,rational_decay,0.001,5000,0.4667,0.5333,0.3667,0.1695690294136557,1.0067928755801092,-0.4533,30
richardson_1,richardson,trajectory,rational_decay,0.001,5000,1.0,0.0,1.0,6.099153171765931e-05,2790.235199462145,1.4,30
richardson_2,richardson,trajectory,rational_decay,0.001,5000,1.0,0.0,1.0,6.099217755696235e-05,2790.204505682146,1.4,30
richardson_3,richardson,trajectory,rational_decay,0.001,5000,1.0,0.0,1.0,0.0027217350255438998,62.41957608423745,1.4,30
richardson_a05,richardson,trajectory,rational_decay,0.001,5000,1.0,0.0,1.0,0.05703184343454369,2.975664866401135,1.4,30
richardson_a10,richardson,trajectory,rational_decay,0.001,5000,1.0,0.0,1.0,0.08001321153098107,2.1263896809462386,1.4,30
richardson_a20,richardson,trajectory,rational_decay,0.001,5000,1.0,0.0,1.0,0.16330895091863562,1.0421012146591462,1.4,30
single_exp_fit,parametric,trajectory,rational_decay,0.001,5000,1.0,0.0,1.0,0.1174936323136393,1.4435444989515163,1.4,30
double_exp_fit,parametric,trajectory,rational_decay,0.001,5000,1.0,0.0,1.0,0.07408953306415209,2.29884477178739,1.4,30
rational_fit,parametric,trajectory,rational_decay,0.001,5000,1.0,0.0,1.0,0.0020927557801388233,81.20851782507347,1.4,30
log_fit,parametric,trajectory,rational_decay,0.001,5000,1.0,0.0,1.0,0.10915981871189226,1.557714643120661,1.4,30
shanks_1,shanks,limit,rational_decay,0.001,5000,1.0,0.0,0.5667,0.17150443496117562,1.0000026219547338,1.2267,30
shanks_2,shanks,limit,rational_decay,0.001,5000,1.0,0.0,0.0333,0.1735462605834327,0.9787995259506053,1.0133,30
shanks_3,shanks,limit,rational_decay,0.001,5000,1.0,0.0,0.1333,0.17436910724823262,0.9787507621933522,1.0533,30
shanks_4,shanks,limit,rational_decay,0.001,5000,1.0,0.0333,0.1,0.17614369961039394,0.9666831237110498,0.9733,30
wynn_eps_1,wynn_eps,limit,rational_decay,0.001,5000,1.0,0.0,0.5667,0.1715044349611765,1.0000026219547378,1.2267,30
wynn_eps_2,wynn_eps,limit,rational_decay,0.001,5000,1.0,0.0,0.3667,0.17278362466668548,0.9878436626909275,1.1467,30
wynn_eps_3,wynn_eps,limit,rational_decay,0.001,5000,1.0,0.0,0.3333,0.17248378385138283,0.9901777066442683,1.1333,30
wynn_rho_1,wynn_rho,limit,rational_decay,0.001,5000,1.0,0.0,0.3667,0.1715719437669192,0.9981274282874337,1.1467,30
wynn_rho_2,wynn_rho,limit,rational_decay,0.001,5000,1.0,0.0,0.5667,0.16785167540706025,1.0149000656204412,1.2267,30
wynn_rho_3,wynn_rho,limit,rational_decay,0.001,5000,1.0,0.0,0.6,0.16800163698634007,1.0136794455830191,1.24,30
pade_11,pade,trajectory,rational_decay,0.001,5000,1.0,0.0,1.0,0.003124548377593556,54.48986801824876,1.4,30
pade_12,pade,trajectory,rational_decay,0.001,5000,1.0,0.0,1.0,0.009691367217981237,17.531561360362723,1.4,30
pade_13,pade,trajectory,rational_decay,0.001,5000,1.0,0.0,1.0,0.017508219582955557,9.728969231698951,1.4,30
pade_21,pade,trajectory,rational_decay,0.001,5000,1.0,0.8333,0.0667,3.2594949562923894,0.05257594320385775,-0.64,30
pade_22,pade,trajectory,rational_decay,0.001,5000,1.0,0.0,1.0,0.0024925209944075526,68.54950096802807,1.4,30
pade_23,pade,trajectory,rational_decay,0.001,5000,1.0,0.0,1.0,0.009698814646393099,17.519265606332603,1.4,30
pade_31,pade,trajectory,rational_decay,0.001,5000,0.0,1.0,0.0,,,-2.0,30
pade_32,pade,trajectory,rational_decay,0.001,5000,0.9333,0.9333,0.0,2.31875294001331,0.07310753609354584,-0.9333,30
levin_t1,levin,limit,rational_decay,0.001,5000,1.0,0.0,0.5667,0.1715044349611765,1.0000026219547378,1.2267,30
levin_t2,levin,limit,rational_decay,0.001,5000,1.0,0.0,0.2333,0.17191910722316453,0.987555493858502,1.0933,30
levin_u1,levin,limit,rational_decay,0.001,5000,1.0,0.0,0.5667,0.17150169272524562,1.0000053442295633,1.2267,30
levin_u2,levin,limit,rational_decay,0.001,5000,1.0,0.0,0.2333,0.1719168096963693,0.9877126735925599,1.0933,30
levin_v1,levin,limit,rational_decay,0.001,5000,1.0,0.0,0.0,0.17383253693286543,0.9792051269539888,1.0,30
levin_v2,levin,limit,rational_decay,0.001,5000,1.0,0.0,0.0333,0.17400120739573272,0.9776529264235694,1.0133,30
weniger_d1,weniger,limit,rational_decay,0.001,5000,1.0,0.0,1.0,0.013980099502487563,12.159985464723253,1.4,30
weniger_d2,weniger,limit,rational_decay,0.001,5000,1.0,0.0,1.0,0.013980099502487563,12.159985464789703,1.4,30
brezinski_theta1,brezinski,limit,rational_decay,0.001,5000,1.0,0.0,0.5667,0.1699896356740342,1.0114636832068458,1.2267,30
brezinski_theta2,brezinski,limit,rational_decay,0.001,5000,1.0,0.0333,0.1333,0.1776478960084104,0.96117370575345,0.9867,30
neville_2,neville,trajectory,rational_decay,0.001,5000,0.5667,0.9667,0.0,8.34855191499718,0.020568712865458107,-1.3667,30
neville_3,neville,trajectory,rational_decay,0.001,5000,0.2667,1.0,0.0,233.5433475961104,0.0007325684444082104,-1.7333,30
neville_4,neville,trajectory,rational_decay,0.001,5000,0.0,1.0,0.0,,,-2.0,30
anderson_1,anderson,limit,rational_decay,0.001,5000,1.0,0.0,0.5667,0.1715038298198812,1.0000026201240786,1.2267,30
anderson_2,anderson,limit,rational_decay,0.001,5000,1.0,0.0,0.3333,0.17108188600282284,0.999214581991337,1.1333,30
anderson_3,anderson,limit,rational_decay,0.001,5000,1.0,0.0,0.2667,0.17103261179409157,0.9966450198858374,1.1067,30
median_ensemble,ensemble,trajectory,rational_decay,0.001,5000,1.0,0.0,0.7667,0.1699078022887024,1.002685295245648,1.3067,30
stability_weighted,ensemble,trajectory,rational_decay,0.001,5000,1.0,0.0,0.9,0.14484035189658145,1.1691262945821161,1.36,30
best_shanks_wynn,ensemble,limit,rational_decay,0.001,5000,1.0,0.0,0.5667,0.17150443496117562,1.0000026219547338,1.2267,30
current_value,baseline,limit,rational_decay,0.005,150,1.0,0.0,0.0,0.058055301362359285,1.0,1.0,30
linear,baseline,trajectory,rational_decay,0.005,150,1.0,0.0,0.0,0.13582928801115102,0.4281465689444651,1.0,30
log_linear,baseline,trajectory,rational_decay,0.005,150,1.0,0.0,1.0,0.009983470972521793,5.839226342121002,1.4,30
geom_avg_diff,baseline,limit,rational_decay,0.005,150,0.5667,0.4333,0.2667,0.05807834031997901,0.9702574045868243,-0.1933,30
richardson_1,richardson,trajectory,rational_decay,0.005,150,1.0,0.0,1.0,0.009997048946237375,5.812729552710342,1.4,30
richardson_2,richardson,trajectory,rational_decay,0.005,150,1.0,0.0,1.0,0.009997043243676798,5.812724542516682,1.4,30
richardson_3,richardson,trajectory,rational_decay,0.005,150,1.0,0.0,1.0,0.0076431159627319695,7.586162485101715,1.4,30
richardson_a05,richardson,trajectory,rational_decay,0.005,150,1.0,0.0,1.0,0.0011198695168797845,46.0310122699361,1.4,30
richardson_a10,richardson,trajectory,rational_decay,0.005,150,1.0,0.0,1.0,0.027091980330446422,2.1291646327777696,1.4,30
richardson_a20,richardson,trajectory,rational_decay,0.005,150,1.0,0.0,0.2,0.06209358426194325,0.9361591225811028,1.08,30
single_exp_fit,parametric,trajectory,rational_decay,0.005,150,1.0,0.0,1.0,0.01806765158068324,3.2278817882393893,1.4,30
double_exp_fit,parametric,trajectory,rational_decay,0.005,150,1.0,0.0,1.0,0.01592611593098875,3.700650929404277,1.4,30
rational_fit,parametric,trajectory,rational_decay,0.005,150,1.0,0.0,1.0,0.0025998269105747193,22.11387640456862,1.4,30
log_fit,parametric,trajectory,rational_decay,0.005,150,1.0,0.0,0.0,0.08404427646528935,0.6906703760243109,1.0,30
shanks_1,shanks,limit,rational_decay,0.005,150,1.0,0.0,0.5667,0.059157973241250744,1.0008659791544623,1.2267,30
shanks_2,shanks,limit,rational_decay,0.005,150,1.0,0.0,0.1333,0.06302567328741399,0.9151579375742733,1.0533,30
shanks_3,shanks,limit,rational_decay,0.005,150,1.0,0.0,0.1667,0.06383224114277554,0.9119732892524192,1.0667,30
shanks_4,shanks,limit,rational_decay,0.005,150,1.0,0.0,0.1,0.06511634384327031,0.9090206357776517,1.04,30
wynn_eps_1,wynn_eps,limit,rational_decay,0.005,150,1.0,0.0,0.5667,0.05915797324125083,1.0008659791544585,1.2267,30
wynn_eps_2,wynn_eps,limit,rational_decay,0.005,150,1.0,0.0,0.2667,0.06363666415547214,0.9167327086982642,1.1067,30
wynn_eps_3,wynn_eps,limit,rational_decay,0.005,150,1.0,0.0,0.2333,0.06373557044523814,0.9228882009166695,1.0933,30
wynn_rho_1,wynn_rho,limit,rational_decay,0.005,150,1.0,0.0,0.3333,0.05907912644056959,0.9850015785195292,1.1333,30
wynn_rho_2,wynn_rho,limit,rational_decay,0.005,150,1.0,0.0667,0.2,0.06259898009616569,0.9586973245857306,0.9467,30
wynn_rho_3,wynn_rho,limit,rational_decay,0.005,150,1.0,0.0,0.3333,0.06241675321790657,0.9632720666755603,1.1333,30
pade_11,pade,trajectory,rational_decay,0.005,150,1.0,0.0,1.0,0.013131844734697223,4.4513068805044895,1.4,30
pade_12,pade,trajectory,rational_decay,0.005,150,1.0,0.0,1.0,0.0032763078048311453,17.624461085777984,1.4,30
pade_13,pade,trajectory,rational_decay,0.005,150,1.0,0.0,1.0,0.0046513581144495,13.171333555614083,1.4,30
pade_21,pade,trajectory,rational_decay,0.005,150,0.9667,0.6667,0.0,0.33790693263021465,0.18000385953732986,-0.3667,30
pade_22,pade,trajectory,rational_decay,0.005,150,1.0,0.0,1.0,0.008853130186794185,6.825971680199676,1.4,30
pade_23,pade,trajectory,rational_decay,0.005,150,1.0,0.0,1.0,0.003261450811881103,18.302702852016186,1.4,30
pade_31,pade,trajectory,rational_decay,0.005,150,1.0,0.0,0.0,0.17216360492962166,0.33387338563392366,1.0,30
pade_32,pade,trajectory,rational_decay,0.005,150,0.7333,0.9667,0.0,0.4705451858668641,0.11551435091970444,-1.2,30
levin_t1,levin,limit,rational_decay,0.005,150,1.0,0.0,0.5667,0.05915797324125083,1.0008659791544583,1.2267,30
levin_t2,levin,limit,rational_decay,0.005,150,1.0,0.0,0.3667,0.05962051028749535,0.9722776321715444,1.1467,30
levin_u1,levin,limit,rational_decay,0.005,150,1.0,0.0,0.5667,0.05910414113984942,1.0008907354198608,1.2267,30
levin_u2,levin,limit,rational_decay,0.005,150,1.0,0.0,0.3667,0.05963823565490872,0.9719875034293319,1.1467,30
levin_v1,levin,limit,rational_decay,0.005,150,1.0,0.0,0.2333,0.06242927837610422,0.9187381929508953,1.0933,30
levin_v2,levin,limit,rational_decay,0.005,150,1.0,0.0,0.2,0.0634949741682504,0.9166217955281862,1.08,30
weniger_d1,weniger,limit,rational_decay,0.005,150,1.0,0.0,0.0,0.12428571428571429,0.46711162015691504,1.0,30
weniger_d2,weniger,limit,rational_decay,0.005,150,1.0,0.0,0.0,0.12428571428571429,0.46711162015691376,1.0,30
brezinski_theta1,brezinski,limit,rational_decay,0.005,150,1.0,0.0,0.5667,0.05594766167453344,1.102172991050863,1.2267,30
brezinski_theta2,brezinski,limit,rational_decay,0.005,150,1.0,0.0,0.2333,0.06769352295048385,0.8472055758846607,1.0933,30
neville_2,neville,trajectory,rational_decay,0.005,150,0.6,1.0,0.0,5.369132147303126,0.010918956818041245,-1.4,30
neville_3,neville,trajectory,rational_decay,0.005,150,0.6,1.0,0.0,117.80171076675656,0.00048720247541405155,-1.4,30
neville_4,neville,trajectory,rational_decay,0.005,150,0.1,1.0,0.0,211.51661887049863,0.00030331097093471164,-1.9,30
anderson_1,anderson,limit,rational_decay,0.005,150,1.0,0.0,0.5667,0.05915656007625514,1.0008658956316347,1.2267,30
anderson_2,anderson,limit,rational_decay,0.005,150,1.0,0.0,0.4333,0.05836212277807849,0.995372088714677,1.1733,30
anderson_3,anderson,limit,rational_decay,0.005,150,1.0,0.0,0.4,0.058849643705618696,0.9904023414331887,1.16,30
median_ensemble,ensemble,trajectory,rational_decay,0.005,150,1.0,0.0,0.6,0.057852904501015975,1.0013656503246584,1.24,30
stability_weighted,ensemble,trajectory,rational_decay,0.005,150,1.0,0.0,0.4333,0.05991823121023358,0.9693516272624711,1.1733,30
best_shanks_wynn,ensemble,limit,rational_decay,0.005,150,1.0,0.0,0.5667,0.059157973241250744,1.0008659791544623,1.2267,30
current_value,baseline,limit,rational_decay,0.005,1000,1.0,0.0,0.0,0.15282882052612234,1.0,1.0,30
linear,baseline,trajectory,rational_decay,0.005,1000,0.0,1.0,0.0,,,-2.0,30
log_linear,baseline,trajectory,rational_decay,0.005,1000,1.0,0.0,1.0,0.014238697207642464,10.699210646911133,1.4,30
geom_avg_diff,baseline,limit,rational_decay,0.005,1000,0.5667,0.4333,0.3333,0.1519398739248661,1.0056386862035591,-0.1667,30
richardson_1,richardson,trajectory,rational_decay,0.005,1000,1.0,0.0,1.0,0.009680759489385876,15.810752811640494,1.4,30
richardson_2,richardson,trajectory,rational_decay,0.005,1000,1.0,0.0,1.0,0.009680754960603007,15.810763541488011,1.4,30
richardson_3,richardson,trajectory,rational_decay,0.005,1000,1.0,0.0,1.0,0.0056085755073961505,27.368060987176236,1.4,30
richardson_a05,richardson,trajectory,rational_decay,0.005,1000,1.0,0.0,1.0,0.02986834902244597,5.130720872563189,1.4,30
richardson_a10,richardson,trajectory,rational_decay,0.005,1000,1.0,0.0,1.0,0.0710016698128734,2.148495826898336,1.4,30
richardson_a20,richardson,trajectory,rational_decay,0.005,1000,1.0,0.0,0.9,0.1475998726958283,1.0364232039394412,1.36,30
single_exp_fit,parametric,trajectory,rational_decay,0.005,1000,1.0,0.0,1.0,0.10065438119210283,1.5129908212641487,1.4,30
double_exp_fit,parametric,trajectory,rational_decay,0.005,1000,1.0,0.0,1.0,0.05027904099628648,3.2174025954708334,1.4,30
rational_fit,parametric,trajectory,rational_decay,0.005,1000,1.0,0.0,1.0,0.007926388744118669,19.012361109532456,1.4,30
log_fit,parametric,trajectory,rational_decay,0.005,1000,1.0,0.0,1.0,0.1220848965785879,1.2517524223339591,1.4,30
shanks_1,shanks,limit,rational_decay,0.005,1000,1.0,0.0,0.5667,0.1539314924050138,1.0003228405855267,1.2267,30
shanks_2,shanks,limit,rational_decay,0.005,1000,1.0,0.0,0.1333,0.15779919245117707,0.9656541013197151,1.0533,30
shanks_3,shanks,limit,rational_decay,0.005,1000,1.0,0.0,0.1667,0.1586057603065386,0.9644615522304012,1.0667,30
shanks_4,shanks,limit,rational_decay,0.005,1000,1.0,0.0,0.1,0.1598898630070334,0.9630246947392777,1.04,30
wynn_eps_1,wynn_eps,limit,rational_decay,0.005,1000,1.0,0.0,0.5667,0.15393149240501391,1.0003228405855253,1.2267,30
wynn_eps_2,wynn_eps,limit,rational_decay,0.005,1000,1.0,0.0,0.2667,0.15841018331923523,0.9663490835664387,1.1067,30
wynn_eps_3,wynn_eps,limit,rational_decay,0.005,1000,1.0,0.0,0.2333,0.15850908960900123,0.9696587711268039,1.0933,30
wynn_rho_1,wynn_rho,limit,rational_decay,0.005,1000,1.0,0.0,0.3333,0.15385264560433265,0.9940858046483262,1.1333,30
wynn_rho_2,wynn_rho,limit,rational_decay,0.005,1000,1.0,0.0667,0.2333,0.1569390892646103,0.9849964376284117,0.96,30
wynn_rho_3,wynn_rho,limit,rational_decay,0.005,1000,1.0,0.0,0.3333,0.15719027238166966,0.9858690365586174,1.1333,30
pade_11,pade,trajectory,rational_decay,0.005,1000,1.0,0.0,1.0,0.04210979399187188,3.5535162200046604,1.4,30
pade_12,pade,trajectory,rational_decay,0.005,1000,1.0,0.0,1.0,0.008619602992530175,17.742004525547053,1.4,30
pade_13,pade,trajectory,rational_decay,0.005,1000,1.0,0.0333,0.9333,0.015665150815228242,9.805415532637817,1.3067,30
pade_21,pade,trajectory,rational_decay,0.005,1000,0.0,1.0,0.0,,,-2.0,30
pade_22,pade,trajectory,rational_decay,0.005,1000,1.0,0.0,1.0,0.02717911167706015,5.800088216862384,1.4,30
pade_23,pade,trajectory,rational_decay,0.005,1000,1.0,0.0,1.0,0.008619172224625632,17.754635208841336,1.4,30
pade_31,pade,trajectory,rational_decay,0.005,1000,1.0,1.0,0.0,33.14181331634055,0.004558943134650823,-1.0,30
pade_32,pade,trajectory,rational_decay,0.005,1000,0.0,1.0,0.0,,,-2.0,30
levin_t1,levin,limit,rational_decay,0.005,1000,1.0,0.0,0.5667,0.15393149240501391,1.0003228405855253,1.2267,30
levin_t2,levin,limit,rational_decay,0.005,1000,1.0,0.0,0.3667,0.1543940294512584,0.9890269916247691,1.1467,30
levin_u1,levin,limit,rational_decay,0.005,1000,1.0,0.0,0.5667,0.1538776603036125,1.0003315402347228,1.2267,30
levin_u2,levin,limit,rational_decay,0.005,1000,1.0,0.0,0.3667,0.1544117548186718,0.9888272023858402,1.1467,30
levin_v1,levin,limit,rational_decay,0.005,1000,1.0,0.0,0.2333,0.1572027975398673,0.9672672566840126,1.0933,30
levin_v2,levin,limit,rational_decay,0.005,1000,1.0,0.0,0.2,0.15826849333201348,0.9664155555160556,1.08,30
weniger_d1,weniger,limit,rational_decay,0.005,1000,1.0,0.0,1.0,0.029512195121951218,5.178497224438916,1.4,30
weniger_d2,weniger,limit,rational_decay,0.005,1000,1.0,0.0,1.0,0.029512195121951218,5.178497224438857,1.4,30
brezinski_theta1,brezinski,limit,rational_decay,0.005,1000,1.0,0.0,0.5667,0.1507211808382965,1.0381124564081197,1.2267,30
brezinski_theta2,brezinski,limit,rational_decay,0.005,1000,1.0,0.0,0.2333,0.16246704211424692,0.9363261235554499,1.0933,30
neville_2,neville,trajectory,rational_decay,0.005,1000,0.5667,1.0,0.0,28.254812804869697,0.005372744764274753,-1.4333,30
neville_3,neville,trajectory,rational_decay,0.005,1000,0.1,1.0,0.0,170.69904361196396,0.0009310469867861776,-1.9,30
neville_4,neville,trajectory,rational_decay,0.005,1000,0.0,1.0,0.0,,,-2.0,30
anderson_1,anderson,limit,rational_decay,0.005,1000,1.0,0.0,0.5667,0.15393007924001822,1.0003228093363439,1.2267,30
anderson_2,anderson,limit,rational_decay,0.005,1000,1.0,0.0,0.4333,0.15313564194184157,0.9982697316659863,1.1733,30
anderson_3,anderson,limit,rational_decay,0.005,1000,1.0,0.0,0.4,0.15362316286938177,0.9963324836222367,1.16,30
median_ensemble,ensemble,trajectory,rational_decay,0.005,1000,1.0,0.0,0.6,0.15262642366477905,1.00051233807111,1.24,30
stability_weighted,ensemble,trajectory,rational_decay,0.005,1000,1.0,0.0,0.5333,0.15378340896609516,1.0023808713830487,1.2133,30
best_shanks_wynn,ensemble,limit,rational_decay,0.005,1000,1.0,0.0,0.5667,0.1539314924050138,1.0003228405855267,1.2267,30
current_value,baseline,limit,rational_decay,0.005,5000,1.0,0.0,0.0,0.16836091614558601,1.0,1.0,30
linear,baseline,trajectory,rational_decay,0.005,5000,0.0,1.0,0.0,,,-2.0,30
log_linear,baseline,trajectory,rational_decay,0.005,5000,1.0,0.0,1.0,0.007196011504995877,23.27884507089501,1.4,30
geom_avg_diff,baseline,limit,rational_decay,0.005,5000,0.5667,0.4333,0.3333,0.16747196954432975,1.0051157293557946,-0.1667,30
richardson_1,richardson,trajectory,rational_decay,0.005,5000,1.0,0.0,1.0,0.00032617623668450973,518.9585158163339,1.4,30
richardson_2,richardson,trajectory,rational_decay,0.005,5000,1.0,0.0,1.0,0.0003261739054112008,518.9619028338319,1.4,30
richardson_3,richardson,trajectory,rational_decay,0.005,5000,1.0,0.0,1.0,0.00282999243561339,59.73871882911702,1.4,30
richardson_a05,richardson,trajectory,rational_decay,0.005,5000,1.0,0.0,1.0,0.058156698507580804,2.8906615771282764,1.4,30
richardson_a10,richardson,trajectory,rational_decay,0.005,5000,1.0,0.0,1.0,0.07934874995367677,2.1182516291774385,1.4,30
richardson_a20,richardson,trajectory,rational_decay,0.005,5000,1.0,0.0,0.9,0.1629275785178716,1.0342509245663765,1.36,30
single_exp_fit,parametric,trajectory,rational_decay,0.005,5000,1.0,0.0,1.0,0.11618647680389282,1.444276141679286,1.4,30
double_exp_fit,parametric,trajectory,rational_decay,0.005,5000,1.0,0.0,1.0,0.06581094274457457,2.6447781070051306,1.4,30
rational_fit,parametric,trajectory,rational_decay,0.005,5000,1.0,0.0,1.0,0.009052980841260768,18.6099835239664,1.4,30
log_fit,parametric,trajectory,rational_decay,0.005,5000,1.0,0.0,1.0,0.10901115649854282,1.5443546476596381,1.4,30
shanks_1,shanks,limit,rational_decay,0.005,5000,1.0,0.0,0.5667,0.16946358802447747,1.0002927506122816,1.2267,30
shanks_2,shanks,limit,rational_decay,0.005,5000,1.0,0.0,0.1333,0.1733312880706407,0.9687063518561108,1.0533,30
shanks_3,shanks,limit,rational_decay,0.005,5000,1.0,0.0,0.1667,0.17413785592600226,0.9676024378432512,1.0667,30
shanks_4,shanks,limit,rational_decay,0.005,5000,1.0,0.0,0.1,0.175421958626497,0.9662789663458244,1.04,30
wynn_eps_1,wynn_eps,limit,rational_decay,0.005,5000,1.0,0.0,0.5667,0.16946358802447753,1.0002927506122803,1.2267,30
wynn_eps_2,wynn_eps,limit,rational_decay,0.005,5000,1.0,0.0,0.2667,0.17394227893869885,0.9693578370320206,1.1067,30
wynn_eps_3,wynn_eps,limit,rational_decay,0.005,5000,1.0,0.0,0.2333,0.17404118522846485,0.9724099337857859,1.0933,30
wynn_rho_1,wynn_rho,limit,rational_decay,0.005,5000,1.0,0.0,0.3333,0.16938474122379632,0.9946194799163921,1.1333,30
wynn_rho_2,wynn_rho,limit,rational_decay,0.005,5000,1.0,0.0667,0.2333,0.17247118488407398,0.9863552610992572,0.96,30
wynn_rho_3,wynn_rho,limit,rational_decay,0.005,5000,1.0,0.0,0.3333,0.17272236800113328,0.9871627039101432,1.1333,30
pade_11,pade,trajectory,rational_decay,0.005,5000,1.0,0.0,1.0,0.048520945928306455,3.4040934105907605,1.4,30
pade_12,pade,trajectory,rational_decay,0.005,5000,1.0,0.0,1.0,0.009710112583829138,17.393012497211437,1.4,30
pade_13,pade,trajectory,rational_decay,0.005,5000,1.0,0.0,1.0,0.014406548748603908,11.789754719898937,1.4,30
pade_21,pade,trajectory,rational_decay,0.005,5000,0.0,1.0,0.0,,,-2.0,30
pade_22,pade,trajectory,rational_decay,0.005,5000,1.0,0.0,1.0,0.03076127711686977,5.631839727443063,1.4,30
pade_23,pade,trajectory,rational_decay,0.005,5000,1.0,0.0,1.0,0.009710668030004747,17.363101443849565,1.4,30
pade_31,pade,trajectory,rational_decay,0.005,5000,0.0,1.0,0.0,,,-2.0,30
pade_32,pade,trajectory,rational_decay,0.005,5000,0.0,1.0,0.0,,,-2.0,30
levin_t1,levin,limit,rational_decay,0.005,5000,1.0,0.0,0.5667,0.16946358802447753,1.0002927506122803,1.2267,30
levin_t2,levin,limit,rational_decay,0.005,5000,1.0,0.0,0.3667,0.16992612507072208,0.9900199671400169,1.1467,30
levin_u1,levin,limit,rational_decay,0.005,5000,1.0,0.0,0.5667,0.16940975592307614,1.0003006129728713,1.2267,30
levin_u2,levin,limit,rational_decay,0.005,5000,1.0,0.0,0.3667,0.16994385043813542,0.9898380451000882,1.1467,30
levin_v1,levin,limit,rational_decay,0.005,5000,1.0,0.0,0.2333,0.17273489315933094,0.9701850860452501,1.0933,30
levin_v2,levin,limit,rational_decay,0.005,5000,1.0,0.0,0.2,0.1738005889514771,0.9694095514100133,1.08,30
weniger_d1,weniger,limit,rational_decay,0.005,5000,1.0,0.0,1.0,0.013980099502487563,12.042898272335798,1.4,30
weniger_d2,weniger,limit,rational_decay,0.005,5000,1.0,0.0,1.0,0.013980099502487563,12.04289827233551,1.4,30
brezinski_theta1,brezinski,limit,rational_decay,0.005,5000,1.0,0.0,0.5667,0.16625327645776017,1.0345626912984465,1.2267,30
brezinski_theta2,brezinski,limit,rational_decay,0.005,5000,1.0,0.0,0.2333,0.17799913773371057,0.9420094272176324,1.0933,30
neville_2,neville,trajectory,rational_decay,0.005,5000,0.5667,1.0,0.0,32.85908648776216,0.005092594197489723,-1.4333,30
neville_3,neville,trajectory,rational_decay,0.005,5000,0.0667,1.0,0.0,159.77790082089297,0.0012008992046963183,-1.9333,30
neville_4,neville,trajectory,rational_decay,0.005,5000,0.0,1.0,0.0,,,-2.0,30
anderson_1,anderson,limit,rational_decay,0.005,5000,1.0,0.0,0.5667,0.16946217485948184,1.000292722270081,1.2267,30
anderson_2,anderson,limit,rational_decay,0.005,5000,1.0,0.0,0.4333,0.1686677375613052,0.9984307396828307,1.1733,30
anderson_3,anderson,limit,rational_decay,0.005,5000,1.0,0.0,0.4,0.1691552584888454,0.9966697122568622,1.16,30
median_ensemble,ensemble,trajectory,rational_decay,0.005,5000,1.0,0.0,0.6,0.1681585192842427,1.0004647467481154,1.24,30
stability_weighted,ensemble,trajectory,rational_decay,0.005,5000,1.0,0.0,0.7667,0.16209748724858047,1.0389959792986243,1.3067,30
best_shanks_wynn,ensemble,limit,rational_decay,0.005,5000,1.0,0.0,0.5667,0.16946358802447747,1.0002927506122816,1.2267,30
current_value,baseline,limit,mixed_pow_rat,0.0,150,1.0,0.0,0.0,0.04152271226088751,1.0,1.0,30
linear,baseline,trajectory,mixed_pow_rat,0.0,150,1.0,0.0,0.0,0.07163778459736427,0.5796202729364587,1.0,30
log_linear,baseline,trajectory,mixed_pow_rat,0.0,150,1.0,0.0,1.0,0.008712385755341265,4.765940515826146,1.4,30
geom_avg_diff,baseline,limit,mixed_pow_rat,0.0,150,1.0,0.0,1.0,0.0025103945617203777,16.540313181857726,1.4,30
richardson_1,richardson,trajectory,mixed_pow_rat,0.0,150,1.0,0.0,1.0,0.008680145820863891,4.783642247239916,1.4,30
richardson_2,richardson,trajectory,mixed_pow_rat,0.0,150,1.0,0.0,1.0,0.004270469017531753,9.723220585472559,1.4,30
richardson_3,richardson,trajectory,mixed_pow_rat,0.0,150,1.0,0.0,1.0,0.004270460011237556,9.723241091503501,1.4,30
richardson_a05,richardson,trajectory,mixed_pow_rat,0.0,150,1.0,0.0,1.0,0.009065190968374812,4.580456430068082,1.4,30
richardson_a10,richardson,trajectory,mixed_pow_rat,0.0,150,1.0,0.0,1.0,0.024442510992213326,1.6987907778425646,1.4,30
richardson_a20,richardson,trajectory,mixed_pow_rat,0.0,150,1.0,0.0,0.0,0.04502572313605406,0.9221997864513688,1.0,30
single_exp_fit,parametric,trajectory,mixed_pow_rat,0.0,150,1.0,0.0,1.0,0.011298645367725527,3.6750168634814173,1.4,30
double_exp_fit,parametric,trajectory,mixed_pow_rat,0.0,150,1.0,0.0,1.0,0.0018576977668456618,22.351704890829655,1.4,30
rational_fit,parametric,trajectory,mixed_pow_rat,0.0,150,1.0,0.0,1.0,0.0013922893933457497,29.823334472947536,1.4,30
log_fit,parametric,trajectory,mixed_pow_rat,0.0,150,1.0,0.0,0.0,0.0474352049025359,0.8753564435149661,1.0,30
shanks_1,shanks,limit,mixed_pow_rat,0.0,150,1.0,0.0,1.0,0.025224342575837305,1.6461365498842615,1.4,30
shanks_2,shanks,limit,mixed_pow_rat,0.0,150,1.0,0.0,0.0,0.059450581396765116,0.6984408105914147,1.0,30
shanks_3,shanks,limit,mixed_pow_rat,0.0,150,1.0,0.0,0.0,0.07767638644133251,0.5345602977070621,1.0,30
shanks_4,shanks,limit,mixed_pow_rat,0.0,150,1.0,0.0,0.0,0.0780372055247805,0.5320886618332596,1.0,30
wynn_eps_1,wynn_eps,limit,mixed_pow_rat,0.0,150,1.0,0.0,1.0,0.025224342575978748,1.646136549875031,1.4,30
wynn_eps_2,wynn_eps,limit,mixed_pow_rat,0.0,150,1.0,0.0,0.0,0.047698269366961005,0.8705286965746581,1.0,30
wynn_eps_3,wynn_eps,limit,mixed_pow_rat,0.0,150,1.0,0.0,0.0,0.059010941885346724,0.7036442892499942,1.0,30
wynn_rho_1,wynn_rho,limit,mixed_pow_rat,0.0,150,1.0,0.0,0.0,0.0929745180014377,0.4466031462539599,1.0,30
wynn_rho_2,wynn_rho,limit,mixed_pow_rat,0.0,150,1.0,0.0,0.0,0.0980750942634919,0.4233767254847716,1.0,30
wynn_rho_3,wynn_rho,limit,mixed_pow_rat,0.0,150,1.0,0.0,0.0,0.10140227972258736,0.40948499752159245,1.0,30
pade_11,pade,trajectory,mixed_pow_rat,0.0,150,1.0,0.0,1.0,0.001243400877763659,33.39446915589197,1.4,30
pade_12,pade,trajectory,mixed_pow_rat,0.0,150,1.0,0.0,1.0,0.000575786916005086,72.11472005821113,1.4,30
pade_13,pade,trajectory,mixed_pow_rat,0.0,150,1.0,0.0,1.0,0.00014537052742207013,285.6336356291127,1.4,30
pade_21,pade,trajectory,mixed_pow_rat,0.0,150,1.0,0.0,1.0,0.0012026768631750173,34.525244088648435,1.4,30
pade_22,pade,trajectory,mixed_pow_rat,0.0,150,1.0,0.0,1.0,5.814873004572618e-05,714.0777146506117,1.4,30
pade_23,pade,trajectory,mixed_pow_rat,0.0,150,1.0,0.0,1.0,1.2448449887444979e-05,3335.572913601532,1.4,30
pade_31,pade,trajectory,mixed_pow_rat,0.0,150,1.0,0.0,1.0,0.0013035534078804922,31.853479888024847,1.4,30
pade_32,pade,trajectory,mixed_pow_rat,0.0,150,1.0,0.0,1.0,1.6568555861365408e-05,2506.11535539499,1.4,30
levin_t1,levin,limit,mixed_pow_rat,0.0,150,1.0,0.0,1.0,0.025224342575978775,1.6461365498750293,1.4,30
levin_t2,levin,limit,mixed_pow_rat,0.0,150,1.0,0.0,0.0,0.044329014412467824,0.9366937842229349,1.0,30
levin_u1,levin,limit,mixed_pow_rat,0.0,150,1.0,1.0,0.0,0.22895040720165644,0.18136116361791338,-1.0,30
levin_u2,levin,limit,mixed_pow_rat,0.0,150,1.0,0.0,0.0,0.10966168423158684,0.3786437583176144,1.0,30
levin_v1,levin,limit,mixed_pow_rat,0.0,150,1.0,0.0,0.0,0.11094989809820846,0.37424741232419384,1.0,30
levin_v2,levin,limit,mixed_pow_rat,0.0,150,1.0,0.0,0.0,0.09885523316121106,0.4200355502998322,1.0,30
weniger_d1,weniger,limit,mixed_pow_rat,0.0,150,1.0,0.0,0.0,0.1175515383508492,0.35322985001656976,1.0,30
weniger_d2,weniger,limit,mixed_pow_rat,0.0,150,1.0,0.0,0.0,0.11755153835084638,0.35322985001657825,1.0,30
brezinski_theta1,brezinski,limit,mixed_pow_rat,0.0,150,1.0,0.0,1.0,0.026242538749819883,1.5822673506073228,1.4,30
brezinski_theta2,brezinski,limit,mixed_pow_rat,0.0,150,1.0,0.0,0.0,0.060509232562958835,0.6862211021712071,1.0,30
neville_2,neville,trajectory,mixed_pow_rat,0.0,150,1.0,0.0,1.0,0.0009475694706391619,43.820230122947386,1.4,30
neville_3,neville,trajectory,mixed_pow_rat,0.0,150,1.0,0.0,1.0,0.00017465836120479639,237.73675634228516,1.4,30
neville_4,neville,trajectory,mixed_pow_rat,0.0,150,1.0,0.0,1.0,3.752364440133549e-05,1106.5746124438194,1.4,30
anderson_1,anderson,limit,mixed_pow_rat,0.0,150,1.0,0.0,1.0,0.040039440908620896,1.0370452563424093,1.4,30
anderson_2,anderson,limit,mixed_pow_rat,0.0,150,1.0,0.0,1.0,0.03856721129944611,1.0766324777411076,1.4,30
anderson_3,anderson,limit,mixed_pow_rat,0.0,150,1.0,0.0,1.0,0.03710735642973749,1.1189886927006094,1.4,30
median_ensemble,ensemble,trajectory,mixed_pow_rat,0.0,150,1.0,0.0,1.0,0.025224342575908026,1.6461365498796463,1.4,30
stability_weighted,ensemble,trajectory,mixed_pow_rat,0.0,150,1.0,0.0,0.0,0.04545401233048359,0.9135103840555884,1.0,30
best_shanks_wynn,ensemble,limit,mixed_pow_rat,0.0,150,1.0,0.0,1.0,0.025224342575837305,1.6461365498842615,1.4,30
current_value,baseline,limit,mixed_pow_rat,0.0,1000,1.0,0.0,0.0,0.12214574550119933,1.0,1.0,30
linear,baseline,trajectory,mixed_pow_rat,0.0,1000,0.0,1.0,0.0,,,-2.0,30
log_linear,baseline,trajectory,mixed_pow_rat,0.0,1000,1.0,0.0,1.0,0.016972381861945635,7.196735643514275,1.4,30
geom_avg_diff,baseline,limit,mixed_pow_rat,0.0,1000,1.0,0.0,1.0,0.05737726827719738,2.1288177211765578,1.4,30
richardson_1,richardson,trajectory,mixed_pow_rat,0.0,1000,1.0,0.0,1.0,0.013667858125058822,8.936714471542238,1.4,30
richardson_2,richardson,trajectory,mixed_pow_rat,0.0,1000,1.0,0.0,1.0,0.003872289647363185,31.543545711869417,1.4,30
richardson_3,richardson,trajectory,mixed_pow_rat,0.0,1000,1.0,0.0,1.0,0.0038722503671629604,31.54386569035063,1.4,30
richardson_a05,richardson,trajectory,mixed_pow_rat,0.0,1000,1.0,0.0,1.0,0.01632273210961499,7.483167932974207,1.4,30
richardson_a10,richardson,trajectory,mixed_pow_rat,0.0,1000,1.0,0.0,1.0,0.07542138300476225,1.6195108155665459,1.4,30
richardson_a20,richardson,trajectory,mixed_pow_rat,0.0,1000,1.0,0.0,1.0,0.12026714319191006,1.0156202455586028,1.4,30
single_exp_fit,parametric,trajectory,mixed_pow_rat,0.0,1000,1.0,0.0,1.0,0.07965937389967684,1.5333505590318839,1.4,30
double_exp_fit,parametric,trajectory,mixed_pow_rat,0.0,1000,1.0,0.0,1.0,0.05194040469612012,2.3516517866161997,1.4,30
rational_fit,parametric,trajectory,mixed_pow_rat,0.0,1000,1.0,0.0,1.0,0.011082006066867038,11.021988687263985,1.4,30
log_fit,parametric,trajectory,mixed_pow_rat,0.0,1000,1.0,0.0,1.0,0.08312867127673523,1.4693576070111396,1.4,30
shanks_1,shanks,limit,mixed_pow_rat,0.0,1000,1.0,0.0,1.0,0.05539869066447451,2.2048489600770957,1.4,30
shanks_2,shanks,limit,mixed_pow_rat,0.0,1000,1.0,0.0,1.0,0.0211724518435467,5.769088360847022,1.4,30
shanks_3,shanks,limit,mixed_pow_rat,0.0,1000,1.0,0.0,1.0,0.0029466467989793105,41.452455565257914,1.4,30
shanks_4,shanks,limit,mixed_pow_rat,0.0,1000,1.0,0.0,1.0,0.0025858277155313275,47.23661393508625,1.4,30
wynn_eps_1,wynn_eps,limit,mixed_pow_rat,0.0,1000,1.0,0.0,1.0,0.05539869066433307,2.204848960082725,1.4,30
wynn_eps_2,wynn_eps,limit,mixed_pow_rat,0.0,1000,1.0,0.0,1.0,0.03292476387335081,3.709844236728564,1.4,30
wynn_eps_3,wynn_eps,limit,mixed_pow_rat,0.0,1000,1.0,0.0,1.0,0.021612091354965092,5.651731870601128,1.4,30
wynn_rho_1,wynn_rho,limit,mixed_pow_rat,0.0,1000,1.0,0.0,1.0,0.012351484761125887,9.889154855749121,1.4,30
wynn_rho_2,wynn_rho,limit,mixed_pow_rat,0.0,1000,1.0,0.0,1.0,0.01745206102318008,6.998929544135995,1.4,30
wynn_rho_3,wynn_rho,limit,mixed_pow_rat,0.0,1000,1.0,0.0,1.0,0.020779246482275544,5.878256731079649,1.4,30
pade_11,pade,trajectory,mixed_pow_rat,0.0,1000,1.0,0.0,1.0,0.010550817461052173,11.57689875235681,1.4,30
pade_12,pade,trajectory,mixed_pow_rat,0.0,1000,1.0,0.0,1.0,0.009710731023025502,12.578429493266231,1.4,30
pade_13,pade,trajectory,mixed_pow_rat,0.0,1000,1.0,0.0,1.0,0.042757978765868045,2.8566772571275822,1.4,30
pade_21,pade,trajectory,mixed_pow_rat,0.0,1000,1.0,0.0,1.0,0.0827114609263244,1.4767692908967136,1.4,30
pade_22,pade,trajectory,mixed_pow_rat,0.0,1000,1.0,0.0,1.0,0.0028902078989230945,42.2619236307227,1.4,30
pade_23,pade,trajectory,mixed_pow_rat,0.0,1000,1.0,0.0,1.0,0.002656667078185751,45.977061448216226,1.4,30
pade_31,pade,trajectory,mixed_pow_rat,0.0,1000,1.0,1.0,0.0,0.8889174327349298,0.13740955121714044,-1.0,30
pade_32,pade,trajectory,mixed_pow_rat,0.0,1000,1.0,0.0,1.0,0.005988248031799884,20.397576194666417,1.4,30
levin_t1,levin,limit,mixed_pow_rat,0.0,1000,1.0,0.0,1.0,0.05539869066433304,2.204848960082726,1.4,30
levin_t2,levin,limit,mixed_pow_rat,0.0,1000,1.0,0.0,1.0,0.03629401882784399,3.365451097619747,1.4,30
levin_u1,levin,limit,mixed_pow_rat,0.0,1000,1.0,0.0,0.0,0.14832737396134463,0.8234875481111905,1.0,30
levin_u2,levin,limit,mixed_pow_rat,0.0,1000,1.0,0.0,1.0,0.029038650991275023,4.206316110824134,1.4,30
levin_v1,levin,limit,mixed_pow_rat,0.0,1000,1.0,0.0,1.0,0.03032686485789665,4.027641698986714,1.4,30
levin_v2,levin,limit,mixed_pow_rat,0.0,1000,1.0,0.0,1.0,0.01823219992089924,6.699451850634102,1.4,30
weniger_d1,weniger,limit,mixed_pow_rat,0.0,1000,1.0,0.0,1.0,0.03692850511053737,3.3076276750326845,1.4,30
weniger_d2,weniger,limit,mixed_pow_rat,0.0,1000,1.0,0.0,1.0,0.03692850511053456,3.3076276750329363,1.4,30
brezinski_theta1,brezinski,limit,mixed_pow_rat,0.0,1000,1.0,0.0,1.0,0.05438049449049193,2.246131570623281,1.4,30
brezinski_theta2,brezinski,limit,mixed_pow_rat,0.0,1000,1.0,0.0,1.0,0.02011380067735298,6.072733217383855,1.4,30
neville_2,neville,trajectory,mixed_pow_rat,0.0,1000,1.0,0.0,1.0,0.016113997013605677,7.580102279904043,1.4,30
neville_3,neville,trajectory,mixed_pow_rat,0.0,1000,1.0,0.0,1.0,0.0074226886340986176,16.455728041734332,1.4,30
neville_4,neville,trajectory,mixed_pow_rat,0.0,1000,1.0,0.0,1.0,0.004070530498279115,30.007328418946496,1.4,30
anderson_1,anderson,limit,mixed_pow_rat,0.0,1000,1.0,0.0,1.0,0.12066247414893272,1.0122927311306067,1.4,30
anderson_2,anderson,limit,mixed_pow_rat,0.0,1000,1.0,0.0,1.0,0.11919024453975793,1.0247965005261446,1.4,30
anderson_3,anderson,limit,mixed_pow_rat,0.0,1000,1.0,0.0,1.0,0.11773038967004931,1.0375039600524936,1.4,30
median_ensemble,ensemble,trajectory,mixed_pow_rat,0.0,1000,1.0,0.0,1.0,0.027048607858448752,4.5157867695230225,1.4,30
stability_weighted,ensemble,trajectory,mixed_pow_rat,0.0,1000,1.0,0.0,1.0,0.03347094042763408,3.6493072480375868,1.4,30
best_shanks_wynn,ensemble,limit,mixed_pow_rat,0.0,1000,1.0,0.0,1.0,0.05539869066447451,2.2048489600770957,1.4,30
current_value,baseline,limit,mixed_pow_rat,0.0,5000,1.0,0.0,0.0,0.1404476649331248,1.0,1.0,30
linear,baseline,trajectory,mixed_pow_rat,0.0,5000,0.0,1.0,0.0,,,-2.0,30
log_linear,baseline,trajectory,mixed_pow_rat,0.0,5000,1.0,0.0,1.0,0.010588470665226776,13.264206831527053,1.4,30
geom_avg_diff,baseline,limit,mixed_pow_rat,0.0,5000,1.0,0.0,1.0,0.07567913308472432,1.8558307846350566,1.4,30
richardson_1,richardson,trajectory,mixed_pow_rat,0.0,5000,1.0,0.0,1.0,0.004669305783708409,30.078917817539004,1.4,30
richardson_2,richardson,trajectory,mixed_pow_rat,0.0,5000,1.0,0.0,1.0,0.003196745029209941,43.93458460083559,1.4,30
richardson_3,richardson,trajectory,mixed_pow_rat,0.0,5000,1.0,0.0,1.0,0.0031967840104736942,43.93404886691531,1.4,30
richardson_a05,richardson,trajectory,mixed_pow_rat,0.0,5000,1.0,0.0,1.0,0.008988917525556445,15.624535939262676,1.4,30
richardson_a10,richardson,trajectory,mixed_pow_rat,0.0,5000,1.0,0.0,1.0,0.08953824438100358,1.5685773816995026,1.4,30
richardson_a20,richardson,trajectory,mixed_pow_rat,0.0,5000,1.0,0.0,1.0,0.1384501441125473,1.0144277265537094,1.4,30
single_exp_fit,parametric,trajectory,mixed_pow_rat,0.0,5000,1.0,0.0,1.0,0.0979612931058086,1.4337057064102492,1.4,30
double_exp_fit,parametric,trajectory,mixed_pow_rat,0.0,5000,1.0,0.0,1.0,0.07024206679234139,1.9994808146567526,1.4,30
rational_fit,parametric,trajectory,mixed_pow_rat,0.0,5000,1.0,0.0,1.0,0.016843110728591845,8.338582296125939,1.4,30
log_fit,parametric,trajectory,mixed_pow_rat,0.0,5000,1.0,0.0,1.0,0.07877622561656725,1.7828686743223146,1.4,30
shanks_1,shanks,limit,mixed_pow_rat,0.0,5000,1.0,0.0,1.0,0.0737006100964,1.9056513202457892,1.4,30
shanks_2,shanks,limit,mixed_pow_rat,0.0,5000,1.0,0.0,1.0,0.03947437127547218,3.557945583300359,1.4,30
shanks_3,shanks,limit,mixed_pow_rat,0.0,5000,1.0,0.0,1.0,0.021248566230904795,6.6097478487208186,1.4,30
shanks_4,shanks,limit,mixed_pow_rat,0.0,5000,1.0,0.0,1.0,0.020887747147456812,6.723925942881064,1.4,30
wynn_eps_1,wynn_eps,limit,mixed_pow_rat,0.0,5000,1.0,0.0,1.0,0.07370061009625856,1.9056513202494465,1.4,30
wynn_eps_2,wynn_eps,limit,mixed_pow_rat,0.0,5000,1.0,0.0,1.0,0.0512266833052763,2.7416896014163545,1.4,30
wynn_eps_3,wynn_eps,limit,mixed_pow_rat,0.0,5000,1.0,0.0,1.0,0.03991401078689058,3.5187559998168276,1.4,30
wynn_rho_1,wynn_rho,limit,mixed_pow_rat,0.0,5000,1.0,0.0,1.0,0.005950434670799597,23.602925282473855,1.4,30
wynn_rho_2,wynn_rho,limit,mixed_pow_rat,0.0,5000,1.0,0.0,1.0,0.000849858408745404,165.26007566420319,1.4,30
wynn_rho_3,wynn_rho,limit,mixed_pow_rat,0.0,5000,1.0,0.0,1.0,0.002477327050350059,56.69322704617416,1.4,30
pade_11,pade,trajectory,mixed_pow_rat,0.0,5000,1.0,0.0,1.0,0.016221455709903267,8.658141873628574,1.4,30
pade_12,pade,trajectory,mixed_pow_rat,0.0,5000,1.0,0.0,1.0,0.012597927731653975,11.148473616040144,1.4,30
pade_13,pade,trajectory,mixed_pow_rat,0.0,5000,1.0,0.0,1.0,0.02019616312112129,6.954175607060909,1.4,30
pade_21,pade,trajectory,mixed_pow_rat,0.0,5000,0.0,1.0,0.0,,,-2.0,30
pade_22,pade,trajectory,mixed_pow_rat,0.0,5000,1.0,0.0,1.0,0.0066043850949976494,21.265820044246645,1.4,30
pade_23,pade,trajectory,mixed_pow_rat,0.0,5000,1.0,0.0,1.0,0.008468247603684417,16.585210011102884,1.4,30
pade_31,pade,trajectory,mixed_pow_rat,0.0,5000,1.0,1.0,0.0,30.455464011083965,0.004611575278643276,-1.0,30
pade_32,pade,trajectory,mixed_pow_rat,0.0,5000,1.0,0.0,1.0,0.05569796634137998,2.5215941291698702,1.4,30
levin_t1,levin,limit,mixed_pow_rat,0.0,5000,1.0,0.0,1.0,0.07370061009625853,1.9056513202494472,1.4,30
levin_t2,levin,limit,mixed_pow_rat,0.0,5000,1.0,0.0,1.0,0.05459593825976948,2.5724929254786253,1.4,30
levin_u1,levin,limit,mixed_pow_rat,0.0,5000,1.0,0.0,1.0,0.13002545452941916,1.0801551545535844,1.4,30
levin_u2,levin,limit,mixed_pow_rat,0.0,5000,1.0,0.0,1.0,0.010736731559349538,13.081044650950881,1.4,30
levin_v1,levin,limit,mixed_pow_rat,0.0,5000,1.0,0.0,1.0,0.012024945425971165,11.679692502370079,1.4,30
levin_v2,levin,limit,mixed_pow_rat,0.0,5000,1.0,0.0,1.0,6.971951102624496e-05,2014.4671536817748,1.4,30
weniger_d1,weniger,limit,mixed_pow_rat,0.0,5000,1.0,0.0,1.0,0.018626585678611886,7.5401722761458565,1.4,30
weniger_d2,weniger,limit,mixed_pow_rat,0.0,5000,1.0,0.0,1.0,0.018626585678609076,7.540172276146994,1.4,30
brezinski_theta1,brezinski,limit,mixed_pow_rat,0.0,5000,1.0,0.0,1.0,0.07268241392241742,1.9323472811874587,1.4,30
brezinski_theta2,brezinski,limit,mixed_pow_rat,0.0,5000,1.0,0.0,1.0,0.03841572010927846,3.6559945911101845,1.4,30
neville_2,neville,trajectory,mixed_pow_rat,0.0,5000,1.0,0.0,1.0,0.02393589508933452,5.867658778121324,1.4,30
neville_3,neville,trajectory,mixed_pow_rat,0.0,5000,1.0,0.0,1.0,0.013043326001917297,10.76778000584205,1.4,30
neville_4,neville,trajectory,mixed_pow_rat,0.0,5000,1.0,0.0,1.0,0.008521897763465229,16.480796746382822,1.4,30
anderson_1,anderson,limit,mixed_pow_rat,0.0,5000,1.0,0.0,1.0,0.1389643935808582,1.0106737511246258,1.4,30
anderson_2,anderson,limit,mixed_pow_rat,0.0,5000,1.0,0.0,1.0,0.1374921639716834,1.02149577747609,1.4,30
anderson_3,anderson,limit,mixed_pow_rat,0.0,5000,1.0,0.0,1.0,0.13603230910197478,1.032458140718909,1.4,30
median_ensemble,ensemble,trajectory,mixed_pow_rat,0.0,5000,1.0,0.0,1.0,0.03036146875318849,4.625852131029574,1.4,30
stability_weighted,ensemble,trajectory,mixed_pow_rat,0.0,5000,1.0,0.0,1.0,0.050524298613869936,2.7798043473396996,1.4,30
best_shanks_wynn,ensemble,limit,mixed_pow_rat,0.0,5000,1.0,0.0,1.0,0.0737006100964,1.9056513202457892,1.4,30
current_value,baseline,limit,mixed_pow_rat,0.001,150,1.0,0.0,0.0,0.04158757503167669,1.0,1.0,30
linear,baseline,trajectory,mixed_pow_rat,0.001,150,1.0,0.0,0.0,0.07149645873282977,0.5808108278708685,1.0,30
log_linear,baseline,trajectory,mixed_pow_rat,0.001,150,1.0,0.0,1.0,0.008785139460394609,4.7891141812041695,1.4,30
geom_avg_diff,baseline,limit,mixed_pow_rat,0.001,150,0.3333,0.6667,0.1333,0.046413726773597674,0.9170484057290385,-0.9467,30
richardson_1,richardson,trajectory,mixed_pow_rat,0.001,150,1.0,0.0,1.0,0.00875362531993526,4.781699733889383,1.4,30
richardson_2,richardson,trajectory,mixed_pow_rat,0.001,150,1.0,0.0,1.0,0.004330568308556486,9.70675053150699,1.4,30
richardson_3,richardson,trajectory,mixed_pow_rat,0.001,150,1.0,0.0,1.0,0.004330582306700866,9.706721416344468,1.4,30
richardson_a05,richardson,trajectory,mixed_pow_rat,0.001,150,1.0,0.0,1.0,0.009153206126483876,4.585639356358221,1.4,30
richardson_a10,richardson,trajectory,mixed_pow_rat,0.001,150,1.0,0.0,1.0,0.02451407192068983,1.704969883821089,1.4,30
richardson_a20,richardson,trajectory,mixed_pow_rat,0.001,150,1.0,0.0,0.0,0.04505822666162855,0.9273413454051891,1.0,30
single_exp_fit,parametric,trajectory,mixed_pow_rat,0.001,150,1.0,0.0,1.0,0.011358028324982034,3.6590661779686395,1.4,30
double_exp_fit,parametric,trajectory,mixed_pow_rat,0.001,150,1.0,0.0,1.0,0.0056007348477320335,7.225637908106457,1.4,30
rational_fit,parametric,trajectory,mixed_pow_rat,0.001,150,1.0,0.0,1.0,0.0014765474368344453,28.640377106018867,1.4,30
log_fit,parametric,trajectory,mixed_pow_rat,0.001,150,1.0,0.0,0.0,0.04745629218313638,0.8771528142666918,1.0,30
shanks_1,shanks,limit,mixed_pow_rat,0.001,150,1.0,0.0,0.5667,0.0427202302435013,1.000858284449155,1.2267,30
shanks_2,shanks,limit,mixed_pow_rat,0.001,150,1.0,0.0,0.0333,0.04412476058788058,0.9471684953940529,1.0133,30
shanks_3,shanks,limit,mixed_pow_rat,0.001,150,1.0,0.0333,0.1333,0.044433768412591224,0.9469333173691679,0.9867,30
shanks_4,shanks,limit,mixed_pow_rat,0.001,150,1.0,0.0,0.0333,0.0459549566699598,0.9009624230776376,1.0133,30
wynn_eps_1,wynn_eps,limit,mixed_pow_rat,0.001,150,1.0,0.0,0.5667,0.042720230243500884,1.0008582844491607,1.2267,30
wynn_eps_2,wynn_eps,limit,mixed_pow_rat,0.001,150,1.0,0.0,0.3,0.04334778199510024,0.9670594196331417,1.12,30
wynn_eps_3,wynn_eps,limit,mixed_pow_rat,0.001,150,1.0,0.0,0.3333,0.04389714356793263,0.9588253540948217,1.1333,30
wynn_rho_1,wynn_rho,limit,mixed_pow_rat,0.001,150,1.0,0.0,0.1667,0.04291869979082438,0.9904963152488495,1.0667,30
wynn_rho_2,wynn_rho,limit,mixed_pow_rat,0.001,150,1.0,0.0,0.5333,0.04236184269402288,1.0101916997924003,1.2133,30
wynn_rho_3,wynn_rho,limit,mixed_pow_rat,0.001,150,0.9667,0.0667,0.4,0.04366222181865832,0.9789913299330573,0.9933,30
pade_11,pade,trajectory,mixed_pow_rat,0.001,150,1.0,0.0,1.0,0.0008341188988188267,48.29858392259794,1.4,30
pade_12,pade,trajectory,mixed_pow_rat,0.001,150,1.0,0.0,1.0,0.006549173884397824,6.309367158025247,1.4,30
pade_13,pade,trajectory,mixed_pow_rat,0.001,150,1.0,0.0,1.0,0.0027628584428611713,15.158680218059107,1.4,30
pade_21,pade,trajectory,mixed_pow_rat,0.001,150,1.0,0.0,0.6,0.0374469439163794,1.1022514910093957,1.24,30
pade_22,pade,trajectory,mixed_pow_rat,0.001,150,1.0,0.0,1.0,0.0010470824150664096,40.809604844873164,1.4,30
pade_23,pade,trajectory,mixed_pow_rat,0.001,150,1.0,0.0,1.0,0.0070786721751139176,5.868915167793188,1.4,30
pade_31,pade,trajectory,mixed_pow_rat,0.001,150,1.0,0.0,0.0,0.08964988785939529,0.46607867719482365,1.0,30
pade_32,pade,trajectory,mixed_pow_rat,0.001,150,1.0,0.0,0.9667,0.024692940840021105,1.6821421449141134,1.3867,30
levin_t1,levin,limit,mixed_pow_rat,0.001,150,1.0,0.0,0.5667,0.0427202302435009,1.0008582844491611,1.2267,30
levin_t2,levin,limit,mixed_pow_rat,0.001,150,1.0,0.0,0.3333,0.04268322567984757,0.9673217212745662,1.1333,30
levin_u1,levin,limit,mixed_pow_rat,0.001,150,1.0,0.0,0.5667,0.04272285625868691,1.0007793924121333,1.2267,30
levin_u2,levin,limit,mixed_pow_rat,0.001,150,1.0,0.0,0.3333,0.04267511700925326,0.9673010954239329,1.1333,30
levin_v1,levin,limit,mixed_pow_rat,0.001,150,1.0,0.0,0.0,0.04412880391496979,0.9509918675258522,1.0,30
levin_v2,levin,limit,mixed_pow_rat,0.001,150,1.0,0.0,0.1667,0.04442503970878181,0.9432580330459472,1.0667,30
weniger_d1,weniger,limit,mixed_pow_rat,0.001,150,1.0,0.0,0.0,0.11755153835084638,0.3537816315729845,1.0,30
weniger_d2,weniger,limit,mixed_pow_rat,0.001,150,1.0,0.0,0.0,0.11755153835084638,0.35378163157298975,1.0,30
brezinski_theta1,brezinski,limit,mixed_pow_rat,0.001,150,1.0,0.0,0.5667,0.041953638393354795,1.0300147255417513,1.2267,30
brezinski_theta2,brezinski,limit,mixed_pow_rat,0.001,150,1.0,0.0333,0.1667,0.04697339331160397,0.8932478915086514,1.0,30
neville_2,neville,trajectory,mixed_pow_rat,0.001,150,0.6667,0.9333,0.0,1.3769438134148282,0.031698547584387546,-1.2,30
neville_3,neville,trajectory,mixed_pow_rat,0.001,150,0.5333,1.0,0.0,31.418752602476083,0.0014303798798897705,-1.4667,30
neville_4,neville,trajectory,mixed_pow_rat,0.001,150,0.3667,1.0,0.0,218.99938645732067,0.00019656321142964617,-1.6333,30
anderson_1,anderson,limit,mixed_pow_rat,0.001,150,1.0,0.0,0.5667,0.042715190901982544,1.0008577436371189,1.2267,30
anderson_2,anderson,limit,mixed_pow_rat,0.001,150,1.0,0.0,0.5,0.04235244196424681,0.9997325672016042,1.2,30
anderson_3,anderson,limit,mixed_pow_rat,0.001,150,1.0,0.0,0.3333,0.04223883442798444,0.9927325388324941,1.1333,30
median_ensemble,ensemble,trajectory,mixed_pow_rat,0.001,150,1.0,0.0,0.7333,0.04194427661541103,1.0040302764645583,1.2933,30
stability_weighted,ensemble,trajectory,mixed_pow_rat,0.001,150,1.0,0.0,0.4333,0.04155004605066426,0.9943263868581236,1.1733,30
best_shanks_wynn,ensemble,limit,mixed_pow_rat,0.001,150,1.0,0.0,0.5667,0.0427202302435013,1.000858284449155,1.2267,30
current_value,baseline,limit,mixed_pow_rat,0.001,1000,1.0,0.0,0.0,0.12221060827198851,1.0,1.0,30
linear,baseline,trajectory,mixed_pow_rat,0.001,1000,0.0,1.0,0.0,,,-2.0,30
log_linear,baseline,trajectory,mixed_pow_rat,0.001,1000,1.0,0.0,1.0,0.017021383516568928,7.1889878881852445,1.4,30
geom_avg_diff,baseline,limit,mixed_pow_rat,0.001,1000,0.3,0.7,0.1333,0.12305751979543142,0.9944833972456584,-1.0467,30
richardson_1,richardson,trajectory,mixed_pow_rat,0.001,1000,1.0,0.0,1.0,0.01374208904908586,8.908568479141723,1.4,30
richardson_2,richardson,trajectory,mixed_pow_rat,0.001,1000,1.0,0.0,1.0,0.003915835874820268,31.137945742887627,1.4,30
richardson_3,richardson,trajectory,mixed_pow_rat,0.001,1000,1.0,0.0,1.0,0.003915802906312122,31.13907814795371,1.4,30
richardson_a05,richardson,trajectory,mixed_pow_rat,0.001,1000,1.0,0.0,1.0,0.016499651028480725,7.407351908475993,1.4,30
richardson_a10,richardson,trajectory,mixed_pow_rat,0.001,1000,1.0,0.0,1.0,0.0755098457263541,1.6205748513232066,1.4,30
richardson_a20,richardson,trajectory,mixed_pow_rat,0.001,1000,1.0,0.0,0.9667,0.12030631745481779,1.017412213575954,1.3867,30
single_exp_fit,parametric,trajectory,mixed_pow_rat,0.001,1000,1.0,0.0,1.0,0.0798738587361802,1.5320102376666629,1.4,30
double_exp_fit,parametric,trajectory,mixed_pow_rat,0.001,1000,1.0,0.0,1.0,0.04457676998429813,2.7612383445414643,1.4,30
rational_fit,parametric,trajectory,mixed_pow_rat,0.001,1000,1.0,0.0,1.0,0.011357225544722873,10.740252691826486,1.4,30
log_fit,parametric,trajectory,mixed_pow_rat,0.001,1000,1.0,0.0,1.0,0.08314401602090467,1.4705131675459984,1.4,30
shanks_1,shanks,limit,mixed_pow_rat,0.001,1000,1.0,0.0,0.5667,0.12334326348381312,1.0002918395266105,1.2267,30
shanks_2,shanks,limit,mixed_pow_rat,0.001,1000,1.0,0.0,0.0333,0.1247477938281924,0.9814773293163921,1.0133,30
shanks_3,shanks,limit,mixed_pow_rat,0.001,1000,1.0,0.0,0.1333,0.12505680165290306,0.9810499713645119,1.0533,30
shanks_4,shanks,limit,mixed_pow_rat,0.001,1000,1.0,0.0,0.0333,0.12657798991027164,0.9635222930639472,1.0133,30
wynn_eps_1,wynn_eps,limit,mixed_pow_rat,0.001,1000,1.0,0.0,0.5667,0.1233432634838127,1.0002918395266125,1.2267,30
wynn_eps_2,wynn_eps,limit,mixed_pow_rat,0.001,1000,1.0,0.0,0.3,0.12397081523541206,0.9886759803257456,1.12,30
wynn_eps_3,wynn_eps,limit,mixed_pow_rat,0.001,1000,1.0,0.0,0.3333,0.12452017680824445,0.9856139286005212,1.1333,30
wynn_rho_1,wynn_rho,limit,mixed_pow_rat,0.001,1000,1.0,0.0,0.1667,0.1235417330311362,0.9967152196115964,1.0667,30
wynn_rho_2,wynn_rho,limit,mixed_pow_rat,0.001,1000,1.0,0.0,0.5667,0.12243718001258538,1.0043445518956298,1.2267,30
wynn_rho_3,wynn_rho,limit,mixed_pow_rat,0.001,1000,0.9667,0.0333,0.4667,0.12260550322531916,0.9987987634511923,1.0867,30
pade_11,pade,trajectory,mixed_pow_rat,0.001,1000,1.0,0.0,1.0,0.007408958345233675,16.567910118946024,1.4,30
pade_12,pade,trajectory,mixed_pow_rat,0.001,1000,1.0,0.0,1.0,0.015404356983385211,7.9000444153796465,1.4,30
pade_13,pade,trajectory,mixed_pow_rat,0.001,1000,1.0,0.0,0.8,0.08828268067923592,1.38914215005209,1.32,30
pade_21,pade,trajectory,mixed_pow_rat,0.001,1000,1.0,0.9667,0.0,2.6951578183495353,0.04597612642946426,-0.9333,30
pade_22,pade,trajectory,mixed_pow_rat,0.001,1000,1.0,0.0,1.0,0.009960923767934903,12.179999713793006,1.4,30
pade_23,pade,trajectory,mixed_pow_rat,0.001,1000,1.0,0.0,1.0,0.01564072909519635,7.823102688400594,1.4,30
pade_31,pade,trajectory,mixed_pow_rat,0.001,1000,1.0,1.0,0.0,17.035746154400158,0.007223187928856452,-1.0,30
pade_32,pade,trajectory,mixed_pow_rat,0.001,1000,1.0,0.8,0.0333,1.0846472942615963,0.11272271603292845,-0.5867,30
levin_t1,levin,limit,mixed_pow_rat,0.001,1000,1.0,0.0,0.5667,0.12334326348381272,1.0002918395266125,1.2267,30
levin_t2,levin,limit,mixed_pow_rat,0.001,1000,1.0,0.0,0.3333,0.1233062589201594,0.9884790478613052,1.1333,30
levin_u1,levin,limit,mixed_pow_rat,0.001,1000,1.0,0.0,0.5667,0.12334588949899873,1.0002650039978707,1.2267,30
levin_u2,levin,limit,mixed_pow_rat,0.001,1000,1.0,0.0,0.3333,0.12329815024956509,0.9884715963088244,1.1333,30
levin_v1,levin,limit,mixed_pow_rat,0.001,1000,1.0,0.0,0.0,0.12475183715528161,0.9824317078348396,1.0,30
levin_v2,levin,limit,mixed_pow_rat,0.001,1000,1.0,0.0,0.1667,0.12504807294909365,0.979787244265393,1.0667,30
weniger_d1,weniger,limit,mixed_pow_rat,0.001,1000,1.0,0.0,1.0,0.03692850511053456,3.309384116854641,1.4,30
weniger_d2,weniger,limit,mixed_pow_rat,0.001,1000,1.0,0.0,1.0,0.03692850511053456,3.3093841168547966,1.4,30
brezinski_theta1,brezinski,limit,mixed_pow_rat,0.001,1000,1.0,0.0,0.5667,0.12257667163366662,1.0101272710567275,1.2267,30
brezinski_theta2,brezinski,limit,mixed_pow_rat,0.001,1000,1.0,0.0,0.1667,0.12759642655191578,0.9610640664188131,1.0667,30
neville_2,neville,trajectory,mixed_pow_rat,0.001,1000,0.5667,0.9667,0.0,7.19494523217253,0.017196190589074078,-1.3667,30
neville_3,neville,trajectory,mixed_pow_rat,0.001,1000,0.3667,1.0,0.0,230.6798573329579,0.0005342693928664263,-1.6333,30
neville_4,neville,trajectory,mixed_pow_rat,0.001,1000,0.0,1.0,0.0,,,-2.0,30
anderson_1,anderson,limit,mixed_pow_rat,0.001,1000,1.0,0.0,0.5667,0.12333822414229437,1.00029165580829,1.2267,30
anderson_2,anderson,limit,mixed_pow_rat,0.001,1000,1.0,0.0,0.5,0.12297547520455863,0.9999036926291943,1.2,30
anderson_3,anderson,limit,mixed_pow_rat,0.001,1000,1.0,0.0,0.3333,0.12286186766829627,0.9975466243630944,1.1333,30
median_ensemble,ensemble,trajectory,mixed_pow_rat,0.001,1000,1.0,0.0,0.7333,0.12256730985572285,1.0013885321591702,1.2933,30
stability_weighted,ensemble,trajectory,mixed_pow_rat,0.001,1000,1.0,0.0,0.6,0.11933366910769459,1.0162187061894308,1.24,30
best_shanks_wynn,ensemble,limit,mixed_pow_rat,0.001,1000,1.0,0.0,0.5667,0.12334326348381312,1.0002918395266105,1.2267,30
current_value,baseline,limit,mixed_pow_rat,0.001,5000,1.0,0.0,0.0,0.14051252770391398,1.0,1.0,30
linear,baseline,trajectory,mixed_pow_rat,0.001,5000,0.0,1.0,0.0,,,-2.0,30
log_linear,baseline,trajectory,mixed_pow_rat,0.001,5000,1.0,0.0,1.0,0.010624166318103031,13.238241388337698,1.4,30
geom_avg_diff,baseline,limit,mixed_pow_rat,0.001,5000,0.3,0.7,0.1333,0.1413594392273569,0.9951976362076955,-1.0467,30
richardson_1,richardson,trajectory,mixed_pow_rat,0.001,5000,1.0,0.0,1.0,0.004723642520968003,29.769738175198967,1.4,30
richardson_2,richardson,trajectory,mixed_pow_rat,0.001,5000,1.0,0.0,1.0,0.003173393833660448,44.21683923471403,1.4,30
richardson_3,richardson,trajectory,mixed_pow_rat,0.001,5000,1.0,0.0,1.0,0.003173348948665544,44.21605024007093,1.4,30
richardson_a05,richardson,trajectory,mixed_pow_rat,0.001,5000,1.0,0.0,1.0,0.009190044500433347,15.33496408628654,1.4,30
richardson_a10,richardson,trajectory,mixed_pow_rat,0.001,5000,1.0,0.0,1.0,0.08963068874396758,1.5694675257288389,1.4,30
richardson_a20,richardson,trajectory,mixed_pow_rat,0.001,5000,1.0,0.0,0.9667,0.13848949370720015,1.0159829836685974,1.3867,30
single_exp_fit,parametric,trajectory,mixed_pow_rat,0.001,5000,1.0,0.0,1.0,0.0981757779359142,1.431609393462742,1.4,30
double_exp_fit,parametric,trajectory,mixed_pow_rat,0.001,5000,1.0,0.0,1.0,0.06287771419347471,2.246808777534573,1.4,30
rational_fit,parametric,trajectory,mixed_pow_rat,0.001,5000,1.0,0.0,1.0,0.017219493970037088,8.146726641539487,1.4,30
log_fit,parametric,trajectory,mixed_pow_rat,0.001,5000,1.0,0.0,1.0,0.07878867486171598,1.7840758295209793,1.4,30
shanks_1,shanks,limit,mixed_pow_rat,0.001,5000,1.0,0.0,0.5667,0.14164518291573858,1.0002538137630332,1.2267,30
shanks_2,shanks,limit,mixed_pow_rat,0.001,5000,1.0,0.0,0.0333,0.14304971326011787,0.9838570646679352,1.0133,30
shanks_3,shanks,limit,mixed_pow_rat,0.001,5000,1.0,0.0,0.1333,0.1433587210848285,0.9834631170583503,1.0533,30
shanks_4,shanks,limit,mixed_pow_rat,0.001,5000,1.0,0.0,0.0333,0.14487990934219708,0.9680960858999824,1.0133,30
wynn_eps_1,wynn_eps,limit,mixed_pow_rat,0.001,5000,1.0,0.0,0.5667,0.1416451829157382,1.000253813763035,1.2267,30
wynn_eps_2,wynn_eps,limit,mixed_pow_rat,0.001,5000,1.0,0.0,0.3,0.14227273466733753,0.9901441806857747,1.12,30
wynn_eps_3,wynn_eps,limit,mixed_pow_rat,0.001,5000,1.0,0.0,0.3333,0.14282209624016992,0.987465165890856,1.1333,30
wynn_rho_1,wynn_rho,limit,mixed_pow_rat,0.001,5000,1.0,0.0,0.1667,0.1418436524630617,0.9971400373246277,1.0667,30
wynn_rho_2,wynn_rho,limit,mixed_pow_rat,0.001,5000,1.0,0.0,0.5667,0.14073909944451085,1.0037816981816157,1.2267,30
wynn_rho_3,wynn_rho,limit,mixed_pow_rat,0.001,5000,0.9667,0.0333,0.4667,0.14090742265724462,0.9989547874144468,1.0867,30
pade_11,pade,trajectory,mixed_pow_rat,0.001,5000,1.0,0.0,1.0,0.012593860851665176,11.198506320687077,1.4,30
pade_12,pade,trajectory,mixed_pow_rat,0.001,5000,1.0,0.0,1.0,0.014136164244807965,9.93432725602086,1.4,30
pade_13,pade,trajectory,mixed_pow_rat,0.001,5000,1.0,0.0,1.0,0.019263784410512855,7.330267166473824,1.4,30
pade_21,pade,trajectory,mixed_pow_rat,0.001,5000,1.0,1.0,0.0,19.489963054784518,0.007289670130116159,-1.0,30
pade_22,pade,trajectory,mixed_pow_rat,0.001,5000,1.0,0.0,1.0,0.015608115455371479,8.95650558369587,1.4,30
pade_23,pade,trajectory,mixed_pow_rat,0.001,5000,1.0,0.0,1.0,0.01419022865132509,9.89707854843527,1.4,30
pade_31,pade,trajectory,mixed_pow_rat,0.001,5000,0.4,1.0,0.0,493.74543929295726,0.0002853777623544604,-1.6,30
pade_32,pade,trajectory,mixed_pow_rat,0.001,5000,0.9667,0.9667,0.0333,6.963944170553264,0.02003415948955526,-0.9533,30
levin_t1,levin,limit,mixed_pow_rat,0.001,5000,1.0,0.0,0.5667,0.1416451829157382,1.000253813763035,1.2267,30
levin_t2,levin,limit,mixed_pow_rat,0.001,5000,1.0,0.0,0.3333,0.14160817835208486,0.989955332307798,1.1333,30
levin_u1,levin,limit,mixed_pow_rat,0.001,5000,1.0,0.0,0.5667,0.1416478089309242,1.00023047422012,1.2267,30
levin_u2,levin,limit,mixed_pow_rat,0.001,5000,1.0,0.0,0.3333,0.14160006968149055,0.989948824567211,1.1333,30
levin_v1,levin,limit,mixed_pow_rat,0.001,5000,1.0,0.0,0.0,0.1430537565872071,0.9846649430023677,1.0,30
levin_v2,levin,limit,mixed_pow_rat,0.001,5000,1.0,0.0,0.1667,0.1433499923810191,0.9823640265169337,1.0667,30
weniger_d1,weniger,limit,mixed_pow_rat,0.001,5000,1.0,0.0,1.0,0.018626585678609076,7.543654544551325,1.4,30
weniger_d2,weniger,limit,mixed_pow_rat,0.001,5000,1.0,0.0,1.0,0.018626585678609076,7.54365454455203,1.4,30
brezinski_theta1,brezinski,limit,mixed_pow_rat,0.001,5000,1.0,0.0,0.5667,0.14087859106559208,1.0088032332909778,1.2267,30
brezinski_theta2,brezinski,limit,mixed_pow_rat,0.001,5000,1.0,0.0,0.1667,0.14589834598384127,0.9659709598755184,1.0667,30
neville_2,neville,trajectory,mixed_pow_rat,0.001,5000,0.5667,0.9667,0.0,8.36453239970998,0.016990099100883997,-1.3667,30
neville_3,neville,trajectory,mixed_pow_rat,0.001,5000,0.2667,1.0,0.0,233.55464605909407,0.000606242657331823,-1.7333,30
neville_4,neville,trajectory,mixed_pow_rat,0.001,5000,0.0,1.0,0.0,,,-2.0,30
anderson_1,anderson,limit,mixed_pow_rat,0.001,5000,1.0,0.0,0.5667,0.14164014357421983,1.0002536539926676,1.2267,30
anderson_2,anderson,limit,mixed_pow_rat,0.001,5000,1.0,0.0,0.5,0.1412773946364841,0.9999159193899396,1.2,30
anderson_3,anderson,limit,mixed_pow_rat,0.001,5000,1.0,0.0,0.3333,0.14116378710022173,0.9978673192133849,1.1333,30
median_ensemble,ensemble,trajectory,mixed_pow_rat,0.001,5000,1.0,0.0,0.7333,0.14086922928764833,1.0012087220074084,1.2933,30
stability_weighted,ensemble,trajectory,mixed_pow_rat,0.001,5000,1.0,0.0,0.8333,0.13482741009352095,1.041452088774832,1.3333,30
best_shanks_wynn,ensemble,limit,mixed_pow_rat,0.001,5000,1.0,0.0,0.5667,0.14164518291573858,1.0002538137630332,1.2267,30
current_value,baseline,limit,mixed_pow_rat,0.005,150,1.0,0.0,0.0,0.039950684430700184,1.0,1.0,30
linear,baseline,trajectory,mixed_pow_rat,0.005,150,1.0,0.0,0.0,0.07277927139819436,0.5527694233599556,1.0,30
log_linear,baseline,trajectory,mixed_pow_rat,0.005,150,1.0,0.0,1.0,0.00833902149074793,4.838375996284306,1.4,30
geom_avg_diff,baseline,limit,mixed_pow_rat,0.005,150,0.5667,0.4333,0.2333,0.04529643089955458,0.8950963736882654,-0.2067,30
richardson_1,richardson,trajectory,mixed_pow_rat,0.005,150,1.0,0.0,1.0,0.008310907373501153,4.813586938025274,1.4,30
richardson_2,richardson,trajectory,mixed_pow_rat,0.005,150,1.0,0.0,1.0,0.003928388840627607,9.87595171617906,1.4,30
richardson_3,richardson,trajectory,mixed_pow_rat,0.005,150,1.0,0.0,1.0,0.003928370249723298,9.875985420817095,1.4,30
richardson_a05,richardson,trajectory,mixed_pow_rat,0.005,150,1.0,0.0,1.0,0.008633529802710871,4.618402371563452,1.4,30
richardson_a10,richardson,trajectory,mixed_pow_rat,0.005,150,1.0,0.0,1.0,0.024060600462968096,1.6562556689026393,1.4,30
richardson_a20,richardson,trajectory,mixed_pow_rat,0.005,150,1.0,0.0,0.1333,0.0447101341045011,0.8947896575115319,1.0533,30
single_exp_fit,parametric,trajectory,mixed_pow_rat,0.005,150,1.0,0.0,1.0,0.009975703268316607,4.165089109037377,1.4,30
double_exp_fit,parametric,trajectory,mixed_pow_rat,0.005,150,0.9,0.1,0.9,0.011369107934452963,3.7056156532560895,1.06,30
rational_fit,parametric,trajectory,mixed_pow_rat,0.005,150,1.0,0.0,1.0,0.003502636584786091,10.703103313449805,1.4,30
log_fit,parametric,trajectory,mixed_pow_rat,0.005,150,1.0,0.0,0.0333,0.047204479151719755,0.8464234736553613,1.0133,30
shanks_1,shanks,limit,mixed_pow_rat,0.005,150,1.0,0.0,0.5667,0.04031979689883228,1.0012582629513906,1.2267,30
shanks_2,shanks,limit,mixed_pow_rat,0.005,150,1.0,0.0,0.1667,0.04388058749667863,0.9115951446606895,1.0667,30
shanks_3,shanks,limit,mixed_pow_rat,0.005,150,1.0,0.0,0.2667,0.043865829419168265,0.9181814263657625,1.1067,30
shanks_4,shanks,limit,mixed_pow_rat,0.005,150,1.0,0.0,0.2,0.04445292898777818,0.9179732545856061,1.08,30
wynn_eps_1,wynn_eps,limit,mixed_pow_rat,0.005,150,1.0,0.0,0.5667,0.04031979689883175,1.0012582629513878,1.2267,30
wynn_eps_2,wynn_eps,limit,mixed_pow_rat,0.005,150,1.0,0.0,0.2667,0.04427466014191217,0.9231347858710921,1.1067,30
wynn_eps_3,wynn_eps,limit,mixed_pow_rat,0.005,150,1.0,0.0,0.2667,0.044128956630714505,0.9181744761826347,1.1067,30
wynn_rho_1,wynn_rho,limit,mixed_pow_rat,0.005,150,1.0,0.0,0.3333,0.04082930911134337,0.9765926140217134,1.1333,30
wynn_rho_2,wynn_rho,limit,mixed_pow_rat,0.005,150,1.0,0.0333,0.3,0.04290577137206526,0.9621190453859075,1.0533,30
wynn_rho_3,wynn_rho,limit,mixed_pow_rat,0.005,150,1.0,0.0,0.4,0.042735341953805,0.9851764331037433,1.16,30
pade_11,pade,trajectory,mixed_pow_rat,0.005,150,1.0,0.0,0.9333,0.023409277152281062,1.6556919887244992,1.3733,30
pade_12,pade,trajectory,mixed_pow_rat,0.005,150,1.0,0.0,1.0,0.006457898542320088,6.083240282462447,1.4,30
pade_13,pade,trajectory,mixed_pow_rat,0.005,150,1.0,0.0,1.0,0.006467358919385241,5.993948709543535,1.4,30
pade_21,pade,trajectory,mixed_pow_rat,0.005,150,1.0,0.0,0.0,0.09637560490516879,0.4122075045103024,1.0,30
pade_22,pade,trajectory,mixed_pow_rat,0.005,150,1.0,0.0,1.0,0.015023814455323789,2.864405084412444,1.4,30
pade_23,pade,trajectory,mixed_pow_rat,0.005,150,1.0,0.0,1.0,0.006561858448542804,5.909261093390194,1.4,30
pade_31,pade,trajectory,mixed_pow_rat,0.005,150,1.0,0.0,0.0667,0.0778845202844008,0.5219341643022636,1.0267,30
pade_32,pade,trajectory,mixed_pow_rat,0.005,150,1.0,0.0,0.0,0.10918229749081476,0.35565479053689153,1.0,30
levin_t1,levin,limit,mixed_pow_rat,0.005,150,1.0,0.0,0.5667,0.040319796898831736,1.0012582629513875,1.2267,30
levin_t2,levin,limit,mixed_pow_rat,0.005,150,1.0,0.0,0.4667,0.04028141638300202,0.9807133309217695,1.1867,30
levin_u1,levin,limit,mixed_pow_rat,0.005,150,1.0,0.0,0.5333,0.040318697651820445,1.0012081847712535,1.2133,30
levin_u2,levin,limit,mixed_pow_rat,0.005,150,1.0,0.0,0.4667,0.04033893568767084,0.9805698403678683,1.1867,30
levin_v1,levin,limit,mixed_pow_rat,0.005,150,1.0,0.0,0.2667,0.04262547943036803,0.9162399362689123,1.1067,30
levin_v2,levin,limit,mixed_pow_rat,0.005,150,1.0,0.0,0.3,0.04360572199337363,0.9146849012798686,1.12,30
weniger_d1,weniger,limit,mixed_pow_rat,0.005,150,1.0,0.0,0.0,0.11755153835084638,0.3398567555233745,1.0,30
weniger_d2,weniger,limit,mixed_pow_rat,0.005,150,1.0,0.0,0.0,0.11755153835084638,0.33985675552337663,1.0,30
brezinski_theta1,brezinski,limit,mixed_pow_rat,0.005,150,1.0,0.0,0.5667,0.03798098652740113,1.1385360158062403,1.2267,30
brezinski_theta2,brezinski,limit,mixed_pow_rat,0.005,150,1.0,0.0,0.2667,0.04821936036823257,0.8214313268872661,1.1067,30
neville_2,neville,trajectory,mixed_pow_rat,0.005,150,0.6,1.0,0.0,5.369593442732867,0.007540826501353043,-1.4,30
neville_3,neville,trajectory,mixed_pow_rat,0.005,150,0.6,1.0,0.0,117.80183983692564,0.00033757603808253313,-1.4,30
neville_4,neville,trajectory,mixed_pow_rat,0.005,150,0.1,1.0,0.0,211.5166520132889,0.0002177166368153651,-1.9,30
anderson_1,anderson,limit,mixed_pow_rat,0.005,150,1.0,0.0,0.5667,0.04031743398659231,1.0012579963757862,1.2267,30
anderson_2,anderson,limit,mixed_pow_rat,0.005,150,1.0,0.0,0.4667,0.04012190041408531,0.9978615041648934,1.1867,30
anderson_3,anderson,limit,mixed_pow_rat,0.005,150,1.0,0.0,0.4,0.04051413989148414,0.991257556997398,1.16,30
median_ensemble,ensemble,trajectory,mixed_pow_rat,0.005,150,1.0,0.0,0.6667,0.039184703929567244,1.0078918820427192,1.2667,30
stability_weighted,ensemble,trajectory,mixed_pow_rat,0.005,150,1.0,0.0,0.4667,0.04093325227717312,0.9835517571894312,1.1867,30
best_shanks_wynn,ensemble,limit,mixed_pow_rat,0.005,150,1.0,0.0,0.5667,0.04031979689883228,1.0012582629513906,1.2267,30
current_value,baseline,limit,mixed_pow_rat,0.005,1000,1.0,0.0,0.0,0.120573717671012,1.0,1.0,30
linear,baseline,trajectory,mixed_pow_rat,0.005,1000,0.0,1.0,0.0,,,-2.0,30
log_linear,baseline,trajectory,mixed_pow_rat,0.005,1000,1.0,0.0,1.0,0.016488174414028733,7.261266191279437,1.4,30
geom_avg_diff,baseline,limit,mixed_pow_rat,0.005,1000,0.5667,0.4333,0.2667,0.12165805045980277,0.9993360918248213,-0.1933,30
richardson_1,richardson,trajectory,mixed_pow_rat,0.005,1000,1.0,0.0,1.0,0.0132924326108062,9.089360613708857,1.4,30
richardson_2,richardson,trajectory,mixed_pow_rat,0.005,1000,1.0,0.0,1.0,0.0036369448212878602,32.90225107190942,1.4,30
richardson_3,richardson,trajectory,mixed_pow_rat,0.005,1000,1.0,0.0,1.0,0.0036358048195443173,32.90413226643454,1.4,30
richardson_a05,richardson,trajectory,mixed_pow_rat,0.005,1000,1.0,0.0,1.0,0.015464068907620938,7.8109645436654755,1.4,30
richardson_a10,richardson,trajectory,mixed_pow_rat,0.005,1000,1.0,0.0,1.0,0.07487659918971304,1.5994040147813393,1.4,30
richardson_a20,richardson,trajectory,mixed_pow_rat,0.005,1000,1.0,0.0,0.5667,0.11992531036952774,1.0065140705289797,1.2267,30
single_exp_fit,parametric,trajectory,mixed_pow_rat,0.005,1000,1.0,0.0,1.0,0.07759576346382824,1.5313077573423466,1.4,30
double_exp_fit,parametric,trajectory,mixed_pow_rat,0.005,1000,0.9,0.1,0.9,0.04346565846564072,2.826724608081819,1.06,30
rational_fit,parametric,trajectory,mixed_pow_rat,0.005,1000,1.0,0.0,1.0,0.014515340152667639,8.288811055188702,1.4,30
log_fit,parametric,trajectory,mixed_pow_rat,0.005,1000,1.0,0.0,1.0,0.08296077728951755,1.4527179755021944,1.4,30
shanks_1,shanks,limit,mixed_pow_rat,0.005,1000,1.0,0.0,0.5667,0.1209428301391441,1.0004194733772513,1.2267,30
shanks_2,shanks,limit,mixed_pow_rat,0.005,1000,1.0,0.0,0.1667,0.12450362073699045,0.9710986909997492,1.0667,30
shanks_3,shanks,limit,mixed_pow_rat,0.005,1000,1.0,0.0,0.2667,0.12448886265948009,0.9703650122008548,1.1067,30
shanks_4,shanks,limit,mixed_pow_rat,0.005,1000,1.0,0.0,0.2,0.12507596222809,0.9702847723849674,1.08,30
wynn_eps_1,wynn_eps,limit,mixed_pow_rat,0.005,1000,1.0,0.0,0.5667,0.12094283013914357,1.0004194733772502,1.2267,30
wynn_eps_2,wynn_eps,limit,mixed_pow_rat,0.005,1000,1.0,0.0,0.2667,0.12489769338222399,0.9727448982879798,1.1067,30
wynn_eps_3,wynn_eps,limit,mixed_pow_rat,0.005,1000,1.0,0.0,0.2667,0.12475198987102633,0.9717683576728291,1.1067,30
wynn_rho_1,wynn_rho,limit,mixed_pow_rat,0.005,1000,1.0,0.0,0.3333,0.1214523423516552,0.9921276057025555,1.1333,30
wynn_rho_2,wynn_rho,limit,mixed_pow_rat,0.005,1000,1.0,0.0,0.3333,0.12310085717983471,0.9920262841224128,1.1333,30
wynn_rho_3,wynn_rho,limit,mixed_pow_rat,0.005,1000,1.0,0.0,0.4,0.12335837519411683,0.9949569524470401,1.16,30
pade_11,pade,trajectory,mixed_pow_rat,0.005,1000,1.0,0.0,0.5667,0.10272211254070386,1.1497702474014813,1.2267,30
pade_12,pade,trajectory,mixed_pow_rat,0.005,1000,1.0,0.0,1.0,0.015384341892126471,7.855151963634627,1.4,30
pade_13,pade,trajectory,mixed_pow_rat,0.005,1000,1.0,0.0333,0.9,0.045751215355309995,2.642329527538037,1.2933,30
pade_21,pade,trajectory,mixed_pow_rat,0.005,1000,0.0,1.0,0.0,,,-2.0,30
pade_22,pade,trajectory,mixed_pow_rat,0.005,1000,1.0,0.0,0.9,0.04668094846168679,2.6986371888857024,1.36,30
pade_23,pade,trajectory,mixed_pow_rat,0.005,1000,1.0,0.0,1.0,0.01543130101376004,7.812172112780514,1.4,30
pade_31,pade,trajectory,mixed_pow_rat,0.005,1000,1.0,1.0,0.0,16.219576192646677,0.007513504058068313,-1.0,30
pade_32,pade,trajectory,mixed_pow_rat,0.005,1000,0.0,1.0,0.0,,,-2.0,30
levin_t1,levin,limit,mixed_pow_rat,0.005,1000,1.0,0.0,0.5667,0.12094283013914356,1.0004194733772502,1.2267,30
levin_t2,levin,limit,mixed_pow_rat,0.005,1000,1.0,0.0,0.4667,0.12090444962331384,0.993514626258156,1.1867,30
levin_u1,levin,limit,mixed_pow_rat,0.005,1000,1.0,0.0,0.5333,0.12094173089213227,1.000402104390977,1.2133,30
levin_u2,levin,limit,mixed_pow_rat,0.005,1000,1.0,0.0,0.4667,0.12096196892798267,0.9934301554892719,1.1867,30
levin_v1,levin,limit,mixed_pow_rat,0.005,1000,1.0,0.0,0.3,0.1229765212479156,0.9785471457974264,1.12,30
levin_v2,levin,limit,mixed_pow_rat,0.005,1000,1.0,0.0,0.3,0.12422875523368546,0.9697574726824734,1.12,30
weniger_d1,weniger,limit,mixed_pow_rat,0.005,1000,1.0,0.0,1.0,0.03692850511053456,3.265058179585397,1.4,30
weniger_d2,weniger,limit,mixed_pow_rat,0.005,1000,1.0,0.0,1.0,0.03692850511053456,3.265058179585461,1.4,30
brezinski_theta1,brezinski,limit,mixed_pow_rat,0.005,1000,1.0,0.0,0.5667,0.11860401976771295,1.0454982030481519,1.2267,30
brezinski_theta2,brezinski,limit,mixed_pow_rat,0.005,1000,1.0,0.0,0.2667,0.12884239360854438,0.9314395399813743,1.1067,30
neville_2,neville,trajectory,mixed_pow_rat,0.005,1000,0.5667,1.0,0.0,28.264702944677467,0.004229685163923833,-1.4333,30
neville_3,neville,trajectory,mixed_pow_rat,0.005,1000,0.1,1.0,0.0,170.70519791183114,0.0007420613367175715,-1.9,30
neville_4,neville,trajectory,mixed_pow_rat,0.005,1000,0.0,1.0,0.0,,,-2.0,30
anderson_1,anderson,limit,mixed_pow_rat,0.005,1000,1.0,0.0,0.5667,0.12094046722690413,1.00041938449672,1.2267,30
anderson_2,anderson,limit,mixed_pow_rat,0.005,1000,1.0,0.0,0.4667,0.12074493365439713,0.999310899223648,1.1867,30
anderson_3,anderson,limit,mixed_pow_rat,0.005,1000,1.0,0.0,0.4,0.12113717313179596,0.9970866428234644,1.16,30
median_ensemble,ensemble,trajectory,mixed_pow_rat,0.005,1000,1.0,0.0,0.6667,0.11982222373454399,1.002578516553195,1.2667,30
stability_weighted,ensemble,trajectory,mixed_pow_rat,0.005,1000,1.0,0.0,0.6667,0.113278458535586,1.075056533889458,1.2667,30
best_shanks_wynn,ensemble,limit,mixed_pow_rat,0.005,1000,1.0,0.0,0.5667,0.1209428301391441,1.0004194733772513,1.2267,30
current_value,baseline,limit,mixed_pow_rat,0.005,5000,1.0,0.0,0.0,0.1388756371029375,1.0,1.0,30
linear,baseline,trajectory,mixed_pow_rat,0.005,5000,0.0,1.0,0.0,,,-2.0,30
log_linear,baseline,trajectory,mixed_pow_rat,0.005,5000,1.0,0.0,1.0,0.01025924059947663,13.460720926163287,1.4,30
geom_avg_diff,baseline,limit,mixed_pow_rat,0.005,5000,0.5667,0.4333,0.3,0.13892351343491355,1.0009667812597047,-0.18,30
richardson_1,richardson,trajectory,mixed_pow_rat,0.005,5000,1.0,0.0,1.0,0.004444320688726739,31.65510606436669,1.4,30
richardson_2,richardson,trajectory,mixed_pow_rat,0.005,5000,1.0,0.0,1.0,0.003324025650556412,41.53267979416181,1.4,30
richardson_3,richardson,trajectory,mixed_pow_rat,0.005,5000,1.0,0.0,1.0,0.0033250744573858496,41.523833482555816,1.4,30
richardson_a05,richardson,trajectory,mixed_pow_rat,0.005,5000,1.0,0.0,1.0,0.008065189427396204,17.47250008139894,1.4,30
richardson_a10,richardson,trajectory,mixed_pow_rat,0.005,5000,1.0,0.0,1.0,0.0889662271666633,1.551886191160282,1.4,30
richardson_a20,richardson,trajectory,mixed_pow_rat,0.005,5000,1.0,0.0,0.6,0.13810812130643613,1.0065260320305613,1.24,30
single_exp_fit,parametric,trajectory,mixed_pow_rat,0.005,5000,1.0,0.0,1.0,0.09589768255732764,1.430400242446321,1.4,30
double_exp_fit,parametric,trajectory,mixed_pow_rat,0.005,5000,0.9,0.1,0.9,0.06176727393465173,2.2815992415583937,1.06,30
rational_fit,parametric,trajectory,mixed_pow_rat,0.005,5000,1.0,0.0,1.0,0.015351141104274069,8.92217547439796,1.4,30
log_fit,parametric,trajectory,mixed_pow_rat,0.005,5000,1.0,0.0,1.0,0.07864001263166553,1.7653257685910444,1.4,30
shanks_1,shanks,limit,mixed_pow_rat,0.005,5000,1.0,0.0,0.5667,0.13924474957106958,1.0003643415583319,1.2267,30
shanks_2,shanks,limit,mixed_pow_rat,0.005,5000,1.0,0.0,0.1667,0.14280554016891592,0.9749290434544912,1.0667,30
shanks_3,shanks,limit,mixed_pow_rat,0.005,5000,1.0,0.0,0.2667,0.14279078209140555,0.9741116213897613,1.1067,30
shanks_4,shanks,limit,mixed_pow_rat,0.005,5000,1.0,0.0,0.2,0.14337788166001547,0.9740412179186457,1.08,30
wynn_eps_1,wynn_eps,limit,mixed_pow_rat,0.005,5000,1.0,0.0,0.5667,0.13924474957106903,1.0003643415583312,1.2267,30
wynn_eps_2,wynn_eps,limit,mixed_pow_rat,0.005,5000,1.0,0.0,0.2667,0.14319961281414945,0.9762352976842907,1.1067,30
wynn_eps_3,wynn_eps,limit,mixed_pow_rat,0.005,5000,1.0,0.0,0.2667,0.1430539093029518,0.9754190230906672,1.1067,30
wynn_rho_1,wynn_rho,limit,mixed_pow_rat,0.005,5000,1.0,0.0,0.3333,0.13975426178358066,0.993165927050899,1.1333,30
wynn_rho_2,wynn_rho,limit,mixed_pow_rat,0.005,5000,1.0,0.0,0.3333,0.14140277661176018,0.9930668953056492,1.1333,30
wynn_rho_3,wynn_rho,limit,mixed_pow_rat,0.005,5000,1.0,0.0,0.4,0.1416602946260423,0.9956138093522598,1.16,30
pade_11,pade,trajectory,mixed_pow_rat,0.005,5000,1.0,0.0,0.5333,0.12424438178178614,1.1002378269344453,1.2133,30
pade_12,pade,trajectory,mixed_pow_rat,0.005,5000,1.0,0.0,1.0,0.014132091333081886,9.867890741323798,1.4,30
pade_13,pade,trajectory,mixed_pow_rat,0.005,5000,1.0,0.0,0.9667,0.018966154755265828,7.460489684335521,1.3867,30
pade_21,pade,trajectory,mixed_pow_rat,0.005,5000,0.0,1.0,0.0,,,-2.0,30
pade_22,pade,trajectory,mixed_pow_rat,0.005,5000,1.0,0.0,0.9,0.0514415752246067,2.8141510460460157,1.36,30
pade_23,pade,trajectory,mixed_pow_rat,0.005,5000,1.0,0.0,1.0,0.014142686967240789,9.83667489047576,1.4,30
pade_31,pade,trajectory,mixed_pow_rat,0.005,5000,0.6333,1.0,0.0,421.83442797020365,0.00032660558789819393,-1.3667,30
pade_32,pade,trajectory,mixed_pow_rat,0.005,5000,0.0,1.0,0.0,,,-2.0,30
levin_t1,levin,limit,mixed_pow_rat,0.005,5000,1.0,0.0,0.5667,0.13924474957106903,1.000364341558331,1.2267,30
levin_t2,levin,limit,mixed_pow_rat,0.005,5000,1.0,0.0,0.4667,0.1392063690552393,0.9943638354425447,1.1867,30
levin_u1,levin,limit,mixed_pow_rat,0.005,5000,1.0,0.0,0.5333,0.13924365032405772,1.0003492191157646,1.2133,30
levin_u2,levin,limit,mixed_pow_rat,0.005,5000,1.0,0.0,0.4667,0.13926388835990813,0.9942903286800114,1.1867,30
levin_v1,levin,limit,mixed_pow_rat,0.005,5000,1.0,0.0,0.3,0.14127844067984108,0.9813207105411919,1.12,30
levin_v2,levin,limit,mixed_pow_rat,0.005,5000,1.0,0.0,0.3,0.14253067466561092,0.9736226965742654,1.12,30
weniger_d1,weniger,limit,mixed_pow_rat,0.005,5000,1.0,0.0,1.0,0.018626585678609076,7.455775282660815,1.4,30
weniger_d2,weniger,limit,mixed_pow_rat,0.005,5000,1.0,0.0,1.0,0.018626585678609076,7.455775282661104,1.4,30
brezinski_theta1,brezinski,limit,mixed_pow_rat,0.005,5000,1.0,0.0,0.5667,0.13690593919963842,1.039481523916885,1.2267,30
brezinski_theta2,brezinski,limit,mixed_pow_rat,0.005,5000,1.0,0.0,0.2667,0.14714431304046988,0.9399904475925118,1.1067,30
neville_2,neville,trajectory,mixed_pow_rat,0.005,5000,0.5667,1.0,0.0,32.875066972474826,0.004193229910532545,-1.4333,30
neville_3,neville,trajectory,mixed_pow_rat,0.005,5000,0.0667,1.0,0.0,159.78919928388558,0.0009938678586940437,-1.9333,30
neville_4,neville,trajectory,mixed_pow_rat,0.005,5000,0.0,1.0,0.0,,,-2.0,30
anderson_1,anderson,limit,mixed_pow_rat,0.005,5000,1.0,0.0,0.5667,0.1392423866588296,1.0003642643593413,1.2267,30
anderson_2,anderson,limit,mixed_pow_rat,0.005,5000,1.0,0.0,0.4667,0.13904685308632259,0.9994027625573249,1.1867,30
anderson_3,anderson,limit,mixed_pow_rat,0.005,5000,1.0,0.0,0.4,0.13943909256372145,0.997469633733863,1.16,30
median_ensemble,ensemble,trajectory,mixed_pow_rat,0.005,5000,1.0,0.0,0.6667,0.13810965660180452,1.0022364158907069,1.2667,30
stability_weighted,ensemble,trajectory,mixed_pow_rat,0.005,5000,1.0,0.0,0.7,0.12805701733673913,1.0800200926824512,1.28,30
best_shanks_wynn,ensemble,limit,mixed_pow_rat,0.005,5000,1.0,0.0,0.5667,0.13924474957106958,1.0003643415583319,1.2267,30
current_value,baseline,limit,multiphase,0.0,150,1.0,0.0,0.0,0.026633186166602096,1.0,1.0,30
linear,baseline,trajectory,multiphase,0.0,150,1.0,0.0,0.0,0.0841346073820054,0.31655447140409865,1.0,30
log_linear,baseline,trajectory,multiphase,0.0,150,1.0,0.0,1.0,0.013228584743238264,2.0133057831613876,1.4,30
geom_avg_diff,baseline,limit,multiphase,0.0,150,1.0,0.0,1.0,0.005595219083573522,4.759989871494392,1.4,30
richardson_1,richardson,trajectory,multiphase,0.0,150,1.0,0.0,1.0,0.0030231459021903273,8.809758783823778,1.4,30
richardson_2,richardson,trajectory,multiphase,0.0,150,1.0,0.0,1.0,0.006891688768022042,3.8645369898568402,1.4,30
richardson_3,richardson,trajectory,multiphase,0.0,150,1.0,0.0,1.0,0.006891688951693592,3.864536886862421,1.4,30
richardson_a05,richardson,trajectory,multiphase,0.0,150,1.0,0.0,1.0,0.011101965700536787,2.398961308745024,1.4,30
richardson_a10,richardson,trajectory,multiphase,0.0,150,1.0,0.0,1.0,0.0030697154557191297,8.676109089193366,1.4,30
richardson_a20,richardson,trajectory,multiphase,0.0,150,1.0,0.0,1.0,0.022264485484717766,1.1962183534348003,1.4,30
single_exp_fit,parametric,trajectory,multiphase,0.0,150,1.0,0.0,1.0,0.019063057603734584,1.3971098823823767,1.4,30
double_exp_fit,parametric,trajectory,multiphase,0.0,150,1.0,0.0,1.0,0.00014029871830872898,189.83199909207622,1.4,30
rational_fit,parametric,trajectory,multiphase,0.0,150,1.0,0.0,1.0,0.0010487807133727212,25.39442785990388,1.4,30
log_fit,parametric,trajectory,multiphase,0.0,150,1.0,0.0,1.0,0.01615720817740232,1.648377979300385,1.4,30
shanks_1,shanks,limit,multiphase,0.0,150,1.0,0.0,1.0,0.007192451030400726,3.702936044198306,1.4,30
shanks_2,shanks,limit,multiphase,0.0,150,1.0,0.0,0.0,0.055769892873207494,0.47755490990725913,1.0,30
shanks_3,shanks,limit,multiphase,0.0,150,1.0,0.0,0.0,0.05143923978542997,0.5177601044980038,1.0,30
shanks_4,shanks,limit,multiphase,0.0,150,1.0,0.0,0.0,0.0551973126894692,0.4825087466927226,1.0,30
wynn_eps_1,wynn_eps,limit,multiphase,0.0,150,1.0,0.0,1.0,0.007192451030413327,3.702936044191819,1.4,30
wynn_eps_2,wynn_eps,limit,multiphase,0.0,150,1.0,0.0,0.0,0.08144162130634645,0.3270218070244467,1.0,30
wynn_eps_3,wynn_eps,limit,multiphase,0.0,150,1.0,0.0,0.0,0.11184898450099315,0.23811737125217808,1.0,30
wynn_rho_1,wynn_rho,limit,multiphase,0.0,150,1.0,0.0,0.0,0.04162383506952036,0.6398542114660795,1.0,30
wynn_rho_2,wynn_rho,limit,multiphase,0.0,150,1.0,0.0,0.0,0.07752371056901958,0.34354890872890426,1.0,30
wynn_rho_3,wynn_rho,limit,multiphase,0.0,150,1.0,0.0,0.0,0.1281330796240356,0.20785566260288463,1.0,30
pade_11,pade,trajectory,multiphase,0.0,150,1.0,0.0,1.0,0.006293208387968208,4.232052162378934,1.4,30
pade_12,pade,trajectory,multiphase,0.0,150,1.0,0.0,1.0,0.009377726197431574,2.8400473212681927,1.4,30
pade_13,pade,trajectory,multiphase,0.0,150,1.0,0.0,1.0,0.02239808661143347,1.1890830957411669,1.4,30
pade_21,pade,trajectory,multiphase,0.0,150,1.0,0.0,1.0,0.009181952360632406,2.9006016499052865,1.4,30
pade_22,pade,trajectory,multiphase,0.0,150,1.0,0.0,1.0,0.005923959692946151,4.495841894116039,1.4,30
pade_23,pade,trajectory,multiphase,0.0,150,1.0,0.0,1.0,0.0005673679043637636,46.94165102001687,1.4,30
pade_31,pade,trajectory,multiphase,0.0,150,1.0,0.0,1.0,0.012978205740588389,2.052147014691619,1.4,30
pade_32,pade,trajectory,multiphase,0.0,150,1.0,0.0,1.0,0.0018199094021522644,14.634347256575031,1.4,30
levin_t1,levin,limit,multiphase,0.0,150,1.0,0.0,1.0,0.00719245103041441,3.7029360441912615,1.4,30
levin_t2,levin,limit,multiphase,0.0,150,1.0,0.0,0.0,0.12466739946655911,0.21363392739852735,1.0,30
levin_u1,levin,limit,multiphase,0.0,150,1.0,0.0,0.0,0.06621516025425886,0.4022218788617836,1.0,30
levin_u2,levin,limit,multiphase,0.0,150,1.0,0.0,0.0,0.07365751747228894,0.36158137119706624,1.0,30
levin_v1,levin,limit,multiphase,0.0,150,1.0,0.0,0.0,0.07513213516670375,0.3544846171016993,1.0,30
levin_v2,levin,limit,multiphase,0.0,150,1.0,0.0,1.0,0.01155132346906132,2.305639370063139,1.4,30
weniger_d1,weniger,limit,multiphase,0.0,150,1.0,1.0,0.0,0.18247549800549162,0.14595486220183143,-1.0,30
weniger_d2,weniger,limit,multiphase,0.0,150,1.0,1.0,0.0,0.18247549800549162,0.14595486220183143,-1.0,30
brezinski_theta1,brezinski,limit,multiphase,0.0,150,1.0,0.0,1.0,0.0078090455391597036,3.410555878185847,1.4,30
brezinski_theta2,brezinski,limit,multiphase,0.0,150,1.0,0.0,0.0,0.05087957367590423,0.5234553720173004,1.0,30
neville_2,neville,trajectory,multiphase,0.0,150,1.0,0.0,1.0,0.003229886679370464,8.245857768543496,1.4,30
neville_3,neville,trajectory,multiphase,0.0,150,1.0,0.0,1.0,0.0011819936159077615,22.532428101270263,1.4,30
neville_4,neville,trajectory,multiphase,0.0,150,1.0,0.0,1.0,0.00028876919341341845,92.23001197524734,1.4,30
anderson_1,anderson,limit,multiphase,0.0,150,1.0,0.0,1.0,0.026239782812932766,1.0149926299494916,1.4,30
anderson_2,anderson,limit,multiphase,0.0,150,1.0,0.0,1.0,0.025829360076286556,1.0311206351199353,1.4,30
anderson_3,anderson,limit,multiphase,0.0,150,1.0,0.0,1.0,0.025401878547285928,1.0484730929259454,1.4,30
median_ensemble,ensemble,trajectory,multiphase,0.0,150,1.0,0.0,1.0,0.0020846525641051994,12.775839305401917,1.4,30
stability_weighted,ensemble,trajectory,multiphase,0.0,150,1.0,0.0,1.0,0.0022783545604496136,11.689658242370436,1.4,30
best_shanks_wynn,ensemble,limit,multiphase,0.0,150,1.0,0.0,1.0,0.007192451030400726,3.702936044198306,1.4,30
current_value,baseline,limit,multiphase,0.0,1000,1.0,0.0,0.0,0.1366086841720937,1.0,1.0,30
linear,baseline,trajectory,multiphase,0.0,1000,0.0,1.0,0.0,,,-2.0,30
log_linear,baseline,trajectory,multiphase,0.0,1000,1.0,0.0,1.0,0.012808128330342103,10.665780405125354,1.4,30
geom_avg_diff,baseline,limit,multiphase,0.0,1000,1.0,0.0,1.0,0.10637572915401024,1.2842091448728155,1.4,30
richardson_1,richardson,trajectory,multiphase,0.0,1000,1.0,0.0,1.0,0.08405871767507826,1.625157841452481,1.4,30
richardson_2,richardson,trajectory,multiphase,0.0,1000,1.0,0.0,1.0,0.09514340990536259,1.4358186689753485,1.4,30
richardson_3,richardson,trajectory,multiphase,0.0,1000,1.0,0.0,1.0,0.09514341094886024,1.4358186532278219,1.4,30
richardson_a05,richardson,trajectory,multiphase,0.0,1000,1.0,0.0,1.0,0.02845594228065937,4.800708506670764,1.4,30
richardson_a10,richardson,trajectory,multiphase,0.0,1000,1.0,0.0,1.0,0.08430154579964975,1.6204766220628575,1.4,30
richardson_a20,richardson,trajectory,multiphase,0.0,1000,1.0,0.0,1.0,0.1269175134482724,1.076358025464871,1.4,30
single_exp_fit,parametric,trajectory,multiphase,0.0,1000,1.0,0.0,1.0,0.1282186739035433,1.0654351664474557,1.4,30
double_exp_fit,parametric,trajectory,multiphase,0.0,1000,1.0,0.0,1.0,0.03588875108193848,3.806448540385234,1.4,30
rational_fit,parametric,trajectory,multiphase,0.0,1000,1.0,0.0,1.0,0.07960410273854336,1.716101048469571,1.4,30
log_fit,parametric,trajectory,multiphase,0.0,1000,1.0,0.0,1.0,0.07204059382126353,1.8962737107779397,1.4,30
shanks_1,shanks,limit,multiphase,0.0,1000,1.0,0.0,1.0,0.1027830469750909,1.3290974357395762,1.4,30
shanks_2,shanks,limit,multiphase,0.0,1000,1.0,0.0,0.0,0.1657453908786991,0.8242080425154681,1.0,30
shanks_3,shanks,limit,multiphase,0.0,1000,1.0,0.0,0.0,0.16141473779092158,0.8463210115859505,1.0,30
shanks_4,shanks,limit,multiphase,0.0,1000,1.0,0.0,0.0,0.16517281069496081,0.8270652027855905,1.0,30
wynn_eps_1,wynn_eps,limit,multiphase,0.0,1000,1.0,0.0,1.0,0.1027830469750783,1.329097435739739,1.4,30
wynn_eps_2,wynn_eps,limit,multiphase,0.0,1000,1.0,0.0,1.0,0.028533876699145172,4.787596358267935,1.4,30
wynn_eps_3,wynn_eps,limit,multiphase,0.0,1000,1.0,0.0,1.0,0.0018734864955015224,72.91682352667522,1.4,30
wynn_rho_1,wynn_rho,limit,multiphase,0.0,1000,1.0,0.0,1.0,0.06835166293597127,1.9986153709246623,1.4,30
wynn_rho_2,wynn_rho,limit,multiphase,0.0,1000,1.0,0.0,0.0,0.1874992085745112,0.7285827242188393,1.0,30
wynn_rho_3,wynn_rho,limit,multiphase,0.0,1000,1.0,0.0,1.0,0.018157581618543986,7.523506546300082,1.4,30
pade_11,pade,trajectory,multiphase,0.0,1000,1.0,0.0,1.0,0.0913944281509644,1.4947156728903086,1.4,30
pade_12,pade,trajectory,multiphase,0.0,1000,1.0,0.0,0.0,0.23880833500491072,0.5720432001223263,1.0,30
pade_13,pade,trajectory,multiphase,0.0,1000,1.0,0.0,1.0,0.07164619524461323,1.9067123342096066,1.4,30
pade_21,pade,trajectory,multiphase,0.0,1000,1.0,0.0,0.0,0.16273536496256114,0.8394529621973802,1.0,30
pade_22,pade,trajectory,multiphase,0.0,1000,1.0,0.0,1.0,0.09034537688001355,1.5120716619902068,1.4,30
pade_23,pade,trajectory,multiphase,0.0,1000,1.0,0.0,1.0,0.013725255196928111,9.95308882873584,1.4,30
pade_31,pade,trajectory,multiphase,0.0,1000,0.0,1.0,0.0,,,-2.0,30
pade_32,pade,trajectory,multiphase,0.0,1000,1.0,0.0,0.0,0.339668441816553,0.4021824442727384,1.0,30
levin_t1,levin,limit,multiphase,0.0,1000,1.0,0.0,1.0,0.10278304697507722,1.3290974357397531,1.4,30
levin_t2,levin,limit,multiphase,0.0,1000,1.0,0.0,1.0,0.01469190146106749,9.298230357322852,1.4,30
levin_u1,levin,limit,multiphase,0.0,1000,1.0,0.0,1.0,0.04376033775123277,3.121746567603796,1.4,30
levin_u2,levin,limit,multiphase,0.0,1000,1.0,0.0,0.0,0.18363301547778055,0.7439222397816762,1.0,30
levin_v1,levin,limit,multiphase,0.0,1000,1.0,0.0,0.0,0.18510763317219536,0.7379959531167157,1.0,30
levin_v2,levin,limit,multiphase,0.0,1000,1.0,0.0,1.0,0.12152682147455295,1.124103161051561,1.4,30
weniger_d1,weniger,limit,multiphase,0.0,1000,1.0,0.0,1.0,0.0725,1.884257712718534,1.4,30
weniger_d2,weniger,limit,multiphase,0.0,1000,1.0,0.0,1.0,0.0725,1.884257712718534,1.4,30
brezinski_theta1,brezinski,limit,multiphase,0.0,1000,1.0,0.0,1.0,0.10216645246633192,1.3371187985323454,1.4,30
brezinski_theta2,brezinski,limit,multiphase,0.0,1000,1.0,0.0,0.0,0.16085507168139584,0.8492656323741739,1.0,30
neville_2,neville,trajectory,multiphase,0.0,1000,1.0,0.0,1.0,0.07817848579467672,1.7473948591288215,1.4,30
neville_3,neville,trajectory,multiphase,0.0,1000,1.0,0.0,1.0,0.05515013242943444,2.477032749592885,1.4,30
neville_4,neville,trajectory,multiphase,0.0,1000,1.0,0.0,1.0,0.03331591218227435,4.100403537645774,1.4,30
anderson_1,anderson,limit,multiphase,0.0,1000,1.0,0.0,1.0,0.13621528081842438,1.0028881000083518,1.4,30
anderson_2,anderson,limit,multiphase,0.0,1000,1.0,0.0,1.0,0.13580485808177817,1.0059189789059793,1.4,30
anderson_3,anderson,limit,multiphase,0.0,1000,1.0,0.0,1.0,0.13537737655277754,1.009095372141712,1.4,30
median_ensemble,ensemble,trajectory,multiphase,0.0,1000,1.0,0.0,1.0,0.1027830469750846,1.3290974357396577,1.4,30
stability_weighted,ensemble,trajectory,multiphase,0.0,1000,1.0,0.0,1.0,0.11208728093965405,1.2187706136402896,1.4,30
best_shanks_wynn,ensemble,limit,multiphase,0.0,1000,1.0,0.0,1.0,0.1027830469750909,1.3290974357395762,1.4,30
current_value,baseline,limit,multiphase,0.0,5000,1.0,0.0,0.0,0.1834836841720937,1.0,1.0,30
linear,baseline,trajectory,multiphase,0.0,5000,0.0,1.0,0.0,,,-2.0,30
log_linear,baseline,trajectory,multiphase,0.0,5000,1.0,0.0,1.0,0.024271143366252197,7.559746213984238,1.4,30
geom_avg_diff,baseline,limit,multiphase,0.0,5000,1.0,0.0,1.0,0.15325072871710785,1.1972777272126005,1.4,30
richardson_1,richardson,trajectory,multiphase,0.0,5000,1.0,0.0,1.0,0.1268140668295368,1.4468716977488947,1.4,30
richardson_2,richardson,trajectory,multiphase,0.0,5000,1.0,0.0,1.0,0.13973612167956004,1.3130726827588264,1.4,30
richardson_3,richardson,trajectory,multiphase,0.0,5000,1.0,0.0,1.0,0.13973612290745605,1.3130726712205307,1.4,30
richardson_a05,richardson,trajectory,multiphase,0.0,5000,1.0,0.0,1.0,0.0507252788241705,3.6172040533893344,1.4,30
richardson_a10,richardson,trajectory,multiphase,0.0,5000,1.0,0.0,1.0,0.12711861624742937,1.4434052980481855,1.4,30
richardson_a20,richardson,trajectory,multiphase,0.0,5000,1.0,0.0,1.0,0.17367490183404644,1.056477834358703,1.4,30
single_exp_fit,parametric,trajectory,multiphase,0.0,5000,1.0,0.0,1.0,0.17509367390354327,1.0479172666921843,1.4,30
double_exp_fit,parametric,trajectory,multiphase,0.0,5000,1.0,0.0,1.0,0.08129658761735961,2.256966615077379,1.4,30
rational_fit,parametric,trajectory,multiphase,0.0,5000,1.0,0.0,1.0,0.1219621031006208,1.5044319465425793,1.4,30
log_fit,parametric,trajectory,multiphase,0.0,5000,1.0,0.0,1.0,0.09164129434504989,2.0021943762736125,1.4,30
shanks_1,shanks,limit,multiphase,0.0,5000,1.0,0.0,1.0,0.14965804697509089,1.226019501661897,1.4,30
shanks_2,shanks,limit,multiphase,0.0,5000,1.0,0.0,0.0,0.2126203908786991,0.8629637233466096,1.0,30
shanks_3,shanks,limit,multiphase,0.0,5000,1.0,0.0,0.0,0.20828973779092158,0.880906021189926,1.0,30
shanks_4,shanks,limit,multiphase,0.0,5000,1.0,0.0,0.0,0.21204781069496081,0.8652939333386576,1.0,30
wynn_eps_1,wynn_eps,limit,multiphase,0.0,5000,1.0,0.0,1.0,0.14965804697507828,1.2260195016620004,1.4,30
wynn_eps_2,wynn_eps,limit,multiphase,0.0,5000,1.0,0.0,1.0,0.07540887669914517,2.433184158201015,1.4,30
wynn_eps_3,wynn_eps,limit,multiphase,0.0,5000,1.0,0.0,1.0,0.04500151350449847,4.077278070964262,1.4,30
wynn_rho_1,wynn_rho,limit,multiphase,0.0,5000,1.0,0.0,1.0,0.11522666293597125,1.5923717609877437,1.4,30
wynn_rho_2,wynn_rho,limit,multiphase,0.0,5000,1.0,0.0,0.0,0.2343742085745112,0.7828663626772798,1.0,30
wynn_rho_3,wynn_rho,limit,multiphase,0.0,5000,1.0,0.0,1.0,0.028717418381456007,6.389281993766422,1.4,30
pade_11,pade,trajectory,multiphase,0.0,5000,1.0,0.0,1.0,0.13485149090283707,1.360635191673906,1.4,30
pade_12,pade,trajectory,multiphase,0.0,5000,1.0,0.0,1.0,0.11496467428722898,1.5960005567769113,1.4,30
pade_13,pade,trajectory,multiphase,0.0,5000,1.0,0.0,1.0,0.025606836557331335,7.165417866486192,1.4,30
pade_21,pade,trajectory,multiphase,0.0,5000,1.0,0.0,0.0,0.5448370968577109,0.33676797198706926,1.0,30
pade_22,pade,trajectory,multiphase,0.0,5000,1.0,0.0,1.0,0.13368903861485637,1.3724661802729416,1.4,30
pade_23,pade,trajectory,multiphase,0.0,5000,1.0,0.0,1.0,0.012031182984491372,15.250676879290323,1.4,30
pade_31,pade,trajectory,multiphase,0.0,5000,0.0,1.0,0.0,,,-2.0,30
pade_32,pade,trajectory,multiphase,0.0,5000,0.0,1.0,0.0,,,-2.0,30
levin_t1,levin,limit,multiphase,0.0,5000,1.0,0.0,1.0,0.1496580469750772,1.2260195016620092,1.4,30
levin_t2,levin,limit,multiphase,0.0,5000,1.0,0.0,1.0,0.0321830985389325,5.70124358753493,1.4,30
levin_u1,levin,limit,multiphase,0.0,5000,1.0,0.0,1.0,0.09063533775123275,2.02441662076333,1.4,30
levin_u2,levin,limit,multiphase,0.0,5000,1.0,0.0,0.0,0.23050801547778055,0.7959969799392088,1.0,30
levin_v1,levin,limit,multiphase,0.0,5000,1.0,0.0,0.0,0.23198263317219536,0.7909371562133187,1.0,30
levin_v2,levin,limit,multiphase,0.0,5000,1.0,0.0,1.0,0.16840182147455293,1.08955878603617,1.4,30
weniger_d1,weniger,limit,multiphase,0.0,5000,1.0,0.0,1.0,0.025625000000000002,7.16033889452073,1.4,30
weniger_d2,weniger,limit,multiphase,0.0,5000,1.0,0.0,1.0,0.025625000000000002,7.16033889452073,1.4,30
brezinski_theta1,brezinski,limit,multiphase,0.0,5000,1.0,0.0,1.0,0.1490414524663319,1.2310916267643206,1.4,30
brezinski_theta2,brezinski,limit,multiphase,0.0,5000,1.0,0.0,0.0,0.20773007168139584,0.8832793571337624,1.0,30
neville_2,neville,trajectory,multiphase,0.0,5000,1.0,0.0,1.0,0.11964011052524781,1.5336301794319465,1.4,30
neville_3,neville,trajectory,multiphase,0.0,5000,1.0,0.0,1.0,0.0907793315654698,2.021205499180899,1.4,30
neville_4,neville,trajectory,multiphase,0.0,5000,1.0,0.0,1.0,0.061329091899132555,2.991788700766478,1.4,30
anderson_1,anderson,limit,multiphase,0.0,5000,1.0,0.0,1.0,0.18309028081842438,1.0021486850744385,1.4,30
anderson_2,anderson,limit,multiphase,0.0,5000,1.0,0.0,1.0,0.18267985808177817,1.00440019003056,1.4,30
anderson_3,anderson,limit,multiphase,0.0,5000,1.0,0.0,1.0,0.18225237655277754,1.0067560579598784,1.4,30
median_ensemble,ensemble,trajectory,multiphase,0.0,5000,1.0,0.0,1.0,0.13823605690230756,1.3273214549353283,1.4,30
stability_weighted,ensemble,trajectory,multiphase,0.0,5000,1.0,0.0,1.0,0.1553095900746019,1.1814060167434515,1.4,30
best_shanks_wynn,ensemble,limit,multiphase,0.0,5000,1.0,0.0,1.0,0.14965804697509089,1.226019501661897,1.4,30
current_value,baseline,limit,multiphase,0.001,150,1.0,0.0,0.0,0.026698048937391278,1.0,1.0,30
linear,baseline,trajectory,multiphase,0.001,150,1.0,0.0,0.0,0.08399328151747085,0.3181637778917283,1.0,30
log_linear,baseline,trajectory,multiphase,0.001,150,1.0,0.0,1.0,0.013144481974875971,2.0131253502121575,1.4,30
geom_avg_diff,baseline,limit,multiphase,0.001,150,0.4333,0.6,0.1667,0.029130293871108714,0.9399426238192871,-0.7,30
richardson_1,richardson,trajectory,multiphase,0.001,150,1.0,0.0,1.0,0.0031082978457145777,8.728477807664389,1.4,30
richardson_2,richardson,trajectory,multiphase,0.001,150,1.0,0.0,1.0,0.0070105411753386415,3.8190977658380194,1.4,30
richardson_3,richardson,trajectory,multiphase,0.001,150,1.0,0.0,1.0,0.006916659743207168,3.8190938258830105,1.4,30
richardson_a05,richardson,trajectory,multiphase,0.001,150,1.0,0.0,1.0,0.011013950542427708,2.4010902372221583,1.4,30
richardson_a10,richardson,trajectory,multiphase,0.001,150,1.0,0.0,1.0,0.0031412763841955765,8.639508682787095,1.4,30
richardson_a20,richardson,trajectory,multiphase,0.001,150,1.0,0.0,1.0,0.022296989010292312,1.2054434893375048,1.4,30
single_exp_fit,parametric,trajectory,multiphase,0.001,150,1.0,0.0,1.0,0.01916302355425592,1.409326361160205,1.4,30
double_exp_fit,parametric,trajectory,multiphase,0.001,150,1.0,0.0,1.0,0.004514940531240408,5.908496087478088,1.4,30
rational_fit,parametric,trajectory,multiphase,0.001,150,1.0,0.0,1.0,0.0011280825766172287,23.728125889906615,1.4,30
log_fit,parametric,trajectory,multiphase,0.001,150,1.0,0.0,1.0,0.016178295460318917,1.6598281943982087,1.4,30
shanks_1,shanks,limit,multiphase,0.001,150,1.0,0.0,0.5667,0.027314705896924557,1.0008132929391826,1.2267,30
shanks_2,shanks,limit,multiphase,0.001,150,1.0,0.0,0.1333,0.02832621971316833,0.9590140061410846,1.0533,30
shanks_3,shanks,limit,multiphase,0.001,150,1.0,0.0,0.1,0.028322095098417918,0.959707378596367,1.04,30
shanks_4,shanks,limit,multiphase,0.001,150,1.0,0.0,0.0333,0.029544432225043327,0.9173439513466519,1.0133,30
wynn_eps_1,wynn_eps,limit,multiphase,0.001,150,1.0,0.0,0.5667,0.027314705896918715,1.0008132929399831,1.2267,30
wynn_eps_2,wynn_eps,limit,multiphase,0.001,150,1.0,0.0,0.3,0.027837118794517113,0.9761138832700741,1.12,30
wynn_eps_3,wynn_eps,limit,multiphase,0.001,150,1.0,0.0,0.3333,0.028572757217760328,0.9622112302280359,1.1333,30
wynn_rho_1,wynn_rho,limit,multiphase,0.001,150,1.0,0.0,0.2333,0.027491557442495054,0.9872989427249215,1.0933,30
wynn_rho_2,wynn_rho,limit,multiphase,0.001,150,1.0,0.0,0.4667,0.0278051585415081,0.996953033863724,1.1867,30
wynn_rho_3,wynn_rho,limit,multiphase,0.001,150,1.0,0.0667,0.3333,0.028372520605831203,0.969698269303043,1.0,30
pade_11,pade,trajectory,multiphase,0.001,150,1.0,0.0,1.0,0.005734233994204488,4.6355230455979015,1.4,30
pade_12,pade,trajectory,multiphase,0.001,150,1.0,0.0,0.1333,0.04087528585285638,0.6729614619286242,1.0533,30
pade_13,pade,trajectory,multiphase,0.001,150,1.0,0.1667,0.0,0.11325897808428256,0.235979743515506,0.6667,30
pade_21,pade,trajectory,multiphase,0.001,150,1.0,0.0,0.8667,0.023819495463037132,1.1755262263363453,1.3467,30
pade_22,pade,trajectory,multiphase,0.001,150,1.0,0.0,1.0,0.004867642715082679,5.455236351094131,1.4,30
pade_23,pade,trajectory,multiphase,0.001,150,1.0,0.0,0.2333,0.03664238684789964,0.7426925376502969,1.0933,30
pade_31,pade,trajectory,multiphase,0.001,150,0.8333,1.0,0.0,0.8217457043743943,0.03256146120160864,-1.1667,30
pade_32,pade,trajectory,multiphase,0.001,150,1.0,0.0,0.8667,0.023195503881420207,1.168776856536936,1.3467,30
levin_t1,levin,limit,multiphase,0.001,150,1.0,0.0,0.5667,0.027314705896918715,1.0008132929399842,1.2267,30
levin_t2,levin,limit,multiphase,0.001,150,1.0,0.0,0.3,0.02780721636202145,0.9653427887308379,1.12,30
levin_u1,levin,limit,multiphase,0.001,150,1.0,0.0,0.5667,0.027316255061108435,1.000826871502058,1.2267,30
levin_u2,levin,limit,multiphase,0.001,150,1.0,0.0,0.3,0.027799546815138715,0.9665035712574522,1.12,30
levin_v1,levin,limit,multiphase,0.001,150,1.0,0.0,0.1333,0.02825294816236122,0.9628843984586812,1.0533,30
levin_v2,levin,limit,multiphase,0.001,150,1.0,0.0,0.1667,0.02865311522216961,0.9461142131080664,1.0667,30
weniger_d1,weniger,limit,multiphase,0.001,150,1.0,1.0,0.0,0.18247549800549162,0.14631032236770783,-1.0,30
weniger_d2,weniger,limit,multiphase,0.001,150,1.0,1.0,0.0,0.18247549800549162,0.14631032236770658,-1.0,30
brezinski_theta1,brezinski,limit,multiphase,0.001,150,1.0,0.0,0.5667,0.027083672070730175,1.026225922910759,1.2267,30
brezinski_theta2,brezinski,limit,multiphase,0.001,150,1.0,0.0,0.1667,0.029993104274168098,0.8927995256434353,1.0667,30
neville_2,neville,trajectory,multiphase,0.001,150,0.6667,0.9667,0.0,1.3792261306235667,0.02083919127837372,-1.2667,30
neville_3,neville,trajectory,multiphase,0.001,150,0.5333,1.0,0.0,31.41975993773078,0.0009343086350501107,-1.4667,30
neville_4,neville,trajectory,multiphase,0.001,150,0.3667,1.0,0.0,218.99963770287053,0.00012857416982164544,-1.6333,30
anderson_1,anderson,limit,multiphase,0.001,150,1.0,0.0,0.5667,0.02729598473460132,1.0007902609270873,1.2267,30
anderson_2,anderson,limit,multiphase,0.001,150,1.0,0.0,0.5333,0.02705898181505688,1.0005163017141327,1.2133,30
anderson_3,anderson,limit,multiphase,0.001,150,1.0,0.0,0.4333,0.026987768838361334,0.9962312072708555,1.1733,30
median_ensemble,ensemble,trajectory,multiphase,0.001,150,1.0,0.0,0.2,0.028073805647756647,0.966791260242335,1.08,30
stability_weighted,ensemble,trajectory,multiphase,0.001,150,1.0,0.0,0.2,0.027871076517593962,0.9729488693056891,1.08,30
best_shanks_wynn,ensemble,limit,multiphase,0.001,150,1.0,0.0,0.5667,0.027314705896924557,1.0008132929391826,1.2267,30
current_value,baseline,limit,multiphase,0.001,1000,1.0,0.0,0.0,0.1366735469428829,1.0,1.0,30
linear,baseline,trajectory,multiphase,0.001,1000,0.0,1.0,0.0,,,-2.0,30
log_linear,baseline,trajectory,multiphase,0.001,1000,1.0,0.0,1.0,0.012887130287970866,10.606739177774934,1.4,30
geom_avg_diff,baseline,limit,multiphase,0.001,1000,0.4,0.6,0.1667,0.13901834405366,0.9901793854953556,-0.7333,30
richardson_1,richardson,trajectory,multiphase,0.001,1000,1.0,0.0,1.0,0.08419139949974533,1.6264724747833488,1.4,30
richardson_2,richardson,trajectory,multiphase,0.001,1000,1.0,0.0,1.0,0.09514386291626645,1.4321935586223065,1.4,30
richardson_3,richardson,trajectory,multiphase,0.001,1000,1.0,0.0,1.0,0.09504678752182234,1.4339997256849533,1.4,30
richardson_a05,richardson,trajectory,multiphase,0.001,1000,1.0,0.0,1.0,0.028632861199525073,4.782062582278226,1.4,30
richardson_a10,richardson,trajectory,multiphase,0.001,1000,1.0,0.0,1.0,0.08439000852124154,1.6214271951204318,1.4,30
richardson_a20,richardson,trajectory,multiphase,0.001,1000,1.0,0.0,1.0,0.12695668771118013,1.0779681906299057,1.4,30
single_exp_fit,parametric,trajectory,multiphase,0.001,1000,1.0,0.0,1.0,0.12831870058324707,1.0673633963948936,1.4,30
double_exp_fit,parametric,trajectory,multiphase,0.001,1000,1.0,0.0,1.0,0.06075694921042588,2.243658463509987,1.4,30
rational_fit,parametric,trajectory,multiphase,0.001,1000,1.0,0.0,1.0,0.07970896576010357,1.7183796134767626,1.4,30
log_fit,parametric,trajectory,multiphase,0.001,1000,1.0,0.0,1.0,0.07205593856711838,1.8982454201164174,1.4,30
shanks_1,shanks,limit,multiphase,0.001,1000,1.0,0.0,0.5667,0.1372902039024162,1.0001628418504316,1.2267,30
shanks_2,shanks,limit,multiphase,0.001,1000,1.0,0.0,0.1333,0.13830171771865996,0.991670655858828,1.0533,30
shanks_3,shanks,limit,multiphase,0.001,1000,1.0,0.0,0.1,0.13829759310390954,0.9917103939558931,1.04,30
shanks_4,shanks,limit,multiphase,0.001,1000,1.0,0.0,0.0333,0.13951993023053497,0.9827396893027722,1.0133,30
wynn_eps_1,wynn_eps,limit,multiphase,0.001,1000,1.0,0.0,0.5667,0.13729020390241034,1.0001628418505868,1.2267,30
wynn_eps_2,wynn_eps,limit,multiphase,0.001,1000,1.0,0.0,0.3,0.13781261680000872,0.9951777822349406,1.12,30
wynn_eps_3,wynn_eps,limit,multiphase,0.001,1000,1.0,0.0,0.3333,0.13854825522325195,0.9920938560414603,1.1333,30
wynn_rho_1,wynn_rho,limit,multiphase,0.001,1000,1.0,0.0,0.2333,0.13746705544798668,0.997507966283604,1.0933,30
wynn_rho_2,wynn_rho,limit,multiphase,0.001,1000,1.0,0.0,0.5,0.13757547745424734,0.9999612257170982,1.2,30
wynn_rho_3,wynn_rho,limit,multiphase,0.001,1000,1.0,0.0333,0.4333,0.13757125103887932,0.996773692767023,1.1067,30
pade_11,pade,trajectory,multiphase,0.001,1000,1.0,0.0,1.0,0.08984436023196476,1.5165644634852353,1.4,30
pade_12,pade,trajectory,multiphase,0.001,1000,1.0,0.0,0.9,0.09535868715908666,1.4368078605382415,1.36,30
pade_13,pade,trajectory,multiphase,0.001,1000,1.0,0.0,1.0,0.07555123825069068,1.8101945440347351,1.4,30
pade_21,pade,trajectory,multiphase,0.001,1000,1.0,0.0667,0.0,0.5518108399813875,0.2492541407227012,0.8667,30
pade_22,pade,trajectory,multiphase,0.001,1000,1.0,0.0,1.0,0.08825065004693977,1.5452764665473269,1.4,30
pade_23,pade,trajectory,multiphase,0.001,1000,1.0,0.0,0.7667,0.10847051360569288,1.254598882000411,1.3067,30
pade_31,pade,trajectory,multiphase,0.001,1000,1.0,1.0,0.0,64.2819524577053,0.002119754955854671,-1.0,30
pade_32,pade,trajectory,multiphase,0.001,1000,1.0,0.0,0.0333,0.4959107096329969,0.27684590892763106,1.0133,30
levin_t1,levin,limit,multiphase,0.001,1000,1.0,0.0,0.5667,0.13729020390241034,1.0001628418505872,1.2267,30
levin_t2,levin,limit,multiphase,0.001,1000,1.0,0.0,0.3,0.13778271436751308,0.9929050909581624,1.12,30
levin_u1,levin,limit,multiphase,0.001,1000,1.0,0.0,0.5667,0.13729175306660005,1.0001645254385991,1.2267,30
levin_u2,levin,limit,multiphase,0.001,1000,1.0,0.0,0.3,0.13777504482063033,0.993208431692955,1.12,30
levin_v1,levin,limit,multiphase,0.001,1000,1.0,0.0,0.1333,0.13822844616785285,0.9924631034262514,1.0533,30
levin_v2,levin,limit,multiphase,0.001,1000,1.0,0.0,0.1667,0.13862861322766123,0.9892167309956525,1.0667,30
weniger_d1,weniger,limit,multiphase,0.001,1000,1.0,0.0,1.0,0.0725,1.885152371626012,1.4,30
weniger_d2,weniger,limit,multiphase,0.001,1000,1.0,0.0,1.0,0.0725,1.885152371625971,1.4,30
brezinski_theta1,brezinski,limit,multiphase,0.001,1000,1.0,0.0,0.5667,0.13705917007622181,1.0050473914675147,1.2267,30
brezinski_theta2,brezinski,limit,multiphase,0.001,1000,1.0,0.0,0.1667,0.13996860227965974,0.9766319848249444,1.0667,30
neville_2,neville,trajectory,multiphase,0.001,1000,0.5667,0.9667,0.0,7.257009720953735,0.01904921822262863,-1.3667,30
neville_3,neville,trajectory,multiphase,0.001,1000,0.3667,1.0,0.0,230.72758477676064,0.00059684292247902,-1.6333,30
neville_4,neville,trajectory,multiphase,0.001,1000,0.0,1.0,0.0,,,-2.0,30
anderson_1,anderson,limit,multiphase,0.001,1000,1.0,0.0,0.5667,0.13727148274009293,1.000157675219707,1.2267,30
anderson_2,anderson,limit,multiphase,0.001,1000,1.0,0.0,0.5333,0.1370344798205485,1.0000991335087615,1.2133,30
anderson_3,anderson,limit,multiphase,0.001,1000,1.0,0.0,0.4333,0.13696326684385296,0.9992791427126253,1.1733,30
median_ensemble,ensemble,trajectory,multiphase,0.001,1000,1.0,0.0,0.6333,0.13699391736306563,1.0007257653357935,1.2533,30
stability_weighted,ensemble,trajectory,multiphase,0.001,1000,1.0,0.0,0.4667,0.13719945202590683,0.9992041649327558,1.1867,30
best_shanks_wynn,ensemble,limit,multiphase,0.001,1000,1.0,0.0,0.5667,0.1372902039024162,1.0001628418504316,1.2267,30
current_value,baseline,limit,multiphase,0.001,5000,1.0,0.0,0.0,0.1835485469428829,1.0,1.0,30
linear,baseline,trajectory,multiphase,0.001,5000,0.0,1.0,0.0,,,-2.0,30
log_linear,baseline,trajectory,multiphase,0.001,5000,1.0,0.0,1.0,0.024344828976670844,7.5446106638946375,1.4,30
geom_avg_diff,baseline,limit,multiphase,0.001,5000,0.4,0.6,0.1667,0.18589334405365998,0.9926482302800577,-0.7333,30
richardson_1,richardson,trajectory,multiphase,0.001,5000,1.0,0.0,1.0,0.12696191793719125,1.448178416787415,1.4,30
richardson_2,richardson,trajectory,multiphase,0.001,5000,1.0,0.0,1.0,0.13972102849816076,1.3105359263111056,1.4,30
richardson_3,richardson,trajectory,multiphase,0.001,5000,1.0,0.0,1.0,0.13961828951806027,1.3120067771648176,1.4,30
richardson_a05,richardson,trajectory,multiphase,0.001,5000,1.0,0.0,1.0,0.050926405799047336,3.607239579555109,1.4,30
richardson_a10,richardson,trajectory,multiphase,0.001,5000,1.0,0.0,1.0,0.12721106061039333,1.44415474526151,1.4,30
richardson_a20,richardson,trajectory,multiphase,0.001,5000,1.0,0.0,1.0,0.17371425142869934,1.0576733470015256,1.4,30
single_exp_fit,parametric,trajectory,multiphase,0.001,5000,1.0,0.0,1.0,0.17519370058324707,1.0493207074590194,1.4,30
double_exp_fit,parametric,trajectory,multiphase,0.001,5000,1.0,0.0,1.0,0.08868482523407353,2.224569682588131,1.4,30
rational_fit,parametric,trajectory,multiphase,0.001,5000,1.0,0.0,1.0,0.12207372073932667,1.5054644090769107,1.4,30
log_fit,parametric,trajectory,multiphase,0.001,5000,1.0,0.0,1.0,0.09165374359156597,2.0034123014965606,1.4,30
shanks_1,shanks,limit,multiphase,0.001,5000,1.0,0.0,0.5667,0.18416520390241617,1.0001214463184247,1.2267,30
shanks_2,shanks,limit,multiphase,0.001,5000,1.0,0.0,0.1333,0.18517671771865996,0.9937818995696561,1.0533,30
shanks_3,shanks,limit,multiphase,0.001,5000,1.0,0.0,0.1,0.18517259310390954,0.9938068622208681,1.04,30
shanks_4,shanks,limit,multiphase,0.001,5000,1.0,0.0,0.0333,0.18639493023053494,0.9870924144141549,1.0133,30
wynn_eps_1,wynn_eps,limit,multiphase,0.001,5000,1.0,0.0,0.5667,0.1841652039024103,1.0001214463185404,1.2267,30
wynn_eps_2,wynn_eps,limit,multiphase,0.001,5000,1.0,0.0,0.3,0.18468761680000872,0.9964017624248134,1.12,30
wynn_eps_3,wynn_eps,limit,multiphase,0.001,5000,1.0,0.0,0.3333,0.18542325522325193,0.9940866961554475,1.1333,30
wynn_rho_1,wynn_rho,limit,multiphase,0.001,5000,1.0,0.0,0.2333,0.18434205544798665,0.9981438463176181,1.0933,30
wynn_rho_2,wynn_rho,limit,multiphase,0.001,5000,1.0,0.0,0.5,0.1844504774542473,0.9999709672836694,1.2,30
wynn_rho_3,wynn_rho,limit,multiphase,0.001,5000,1.0,0.0,0.4333,0.1844462510388793,0.997590025821007,1.1733,30
pade_11,pade,trajectory,multiphase,0.001,5000,1.0,0.0,1.0,0.1331367582724169,1.3755578696115045,1.4,30
pade_12,pade,trajectory,multiphase,0.001,5000,1.0,0.0,1.0,0.028538664171560695,6.4436625229225655,1.4,30
pade_13,pade,trajectory,multiphase,0.001,5000,1.0,0.0,1.0,0.025727899833293173,7.134614321426558,1.4,30
pade_21,pade,trajectory,multiphase,0.001,5000,1.0,1.0,0.0,2.8128998507687437,0.0655703143932723,-1.0,30
pade_22,pade,trajectory,multiphase,0.001,5000,1.0,0.0,1.0,0.13143625417032948,1.3946007252439705,1.4,30
pade_23,pade,trajectory,multiphase,0.001,5000,1.0,0.0,1.0,0.030325974811084257,6.033102189767197,1.4,30
pade_31,pade,trajectory,multiphase,0.001,5000,0.0,1.0,0.0,,,-2.0,30
pade_32,pade,trajectory,multiphase,0.001,5000,1.0,0.9667,0.0,2.4574814905080897,0.07479022696769413,-0.9333,30
levin_t1,levin,limit,multiphase,0.001,5000,1.0,0.0,0.5667,0.1841652039024103,1.0001214463185404,1.2267,30
levin_t2,levin,limit,multiphase,0.001,5000,1.0,0.0,0.3,0.18465771436751305,0.9947101021600685,1.12,30
levin_u1,levin,limit,multiphase,0.001,5000,1.0,0.0,0.5667,0.18416675306660005,1.0001226558343461,1.2267,30
levin_u2,levin,limit,multiphase,0.001,5000,1.0,0.0,0.3,0.18465004482063033,0.9949309433434862,1.12,30
levin_v1,levin,limit,multiphase,0.001,5000,1.0,0.0,0.1333,0.18510344616785285,0.9943740825696028,1.0533,30
levin_v2,levin,limit,multiphase,0.001,5000,1.0,0.0,0.1667,0.18550361322766123,0.9919595652894426,1.0667,30
weniger_d1,weniger,limit,multiphase,0.001,5000,1.0,0.0,1.0,0.025625000000000002,7.162870124600746,1.4,30
weniger_d2,weniger,limit,multiphase,0.001,5000,1.0,0.0,1.0,0.025625000000000002,7.162870124600307,1.4,30
brezinski_theta1,brezinski,limit,multiphase,0.001,5000,1.0,0.0,0.5667,0.1839341700762218,1.0037552188346828,1.2267,30
brezinski_theta2,brezinski,limit,multiphase,0.001,5000,1.0,0.0,0.1667,0.1868436022796597,0.9824734782061046,1.0667,30
neville_2,neville,trajectory,multiphase,0.001,5000,0.5667,0.9667,0.0,8.46023661514582,0.021904149082690998,-1.3667,30
neville_3,neville,trajectory,multiphase,0.001,5000,0.2667,1.0,0.0,233.63238206465843,0.0007903097816330025,-1.7333,30
neville_4,neville,trajectory,multiphase,0.001,5000,0.0,1.0,0.0,,,-2.0,30
anderson_1,anderson,limit,multiphase,0.001,5000,1.0,0.0,0.5667,0.18414648274009293,1.0001175689686037,1.2267,30
anderson_2,anderson,limit,multiphase,0.001,5000,1.0,0.0,0.5333,0.1839094798205485,1.000073738607481,1.2133,30
anderson_3,anderson,limit,multiphase,0.001,5000,1.0,0.0,0.4333,0.18383826684385296,0.9994639280883704,1.1733,30
median_ensemble,ensemble,trajectory,multiphase,0.001,5000,1.0,0.0,0.6333,0.1838689173630656,1.0005399206404677,1.2533,30
stability_weighted,ensemble,trajectory,multiphase,0.001,5000,1.0,0.0,1.0,0.17376278857533672,1.0616938242401979,1.4,30
best_shanks_wynn,ensemble,limit,multiphase,0.001,5000,1.0,0.0,0.5667,0.18416520390241617,1.0001214463184247,1.2267,30
current_value,baseline,limit,multiphase,0.005,150,1.0,0.0,0.0,0.02506115833641477,1.0,1.0,30
linear,baseline,trajectory,multiphase,0.005,150,1.0,0.0,0.0,0.08527609418283547,0.2929945424002445,1.0,30
log_linear,baseline,trajectory,multiphase,0.005,150,1.0,0.0,1.0,0.01362491394560178,1.8743495575711542,1.4,30
geom_avg_diff,baseline,limit,multiphase,0.005,150,0.5667,0.4667,0.2333,0.03234886405898296,0.793077150967309,-0.2733,30
richardson_1,richardson,trajectory,multiphase,0.005,150,1.0,0.0,1.0,0.0022751376408132046,10.654754840476532,1.4,30
richardson_2,richardson,trajectory,multiphase,0.005,150,1.0,0.0,1.0,0.006309295197993836,4.4051297113146255,1.4,30
richardson_3,richardson,trajectory,multiphase,0.005,150,1.0,0.0,1.0,0.006422768504749002,4.6328638554331185,1.4,30
richardson_a05,richardson,trajectory,multiphase,0.005,150,1.0,0.0,1.0,0.011533626866200714,2.1927645154159148,1.4,30
richardson_a10,richardson,trajectory,multiphase,0.005,150,1.0,0.0,1.0,0.002687804926473872,8.903863850889916,1.4,30
richardson_a20,richardson,trajectory,multiphase,0.005,150,1.0,0.0,0.8,0.02194889645316478,1.1495761766774226,1.32,30
single_exp_fit,parametric,trajectory,multiphase,0.005,150,1.0,0.0,0.9667,0.018956916014608666,1.3935996380594378,1.3867,30
double_exp_fit,parametric,trajectory,multiphase,0.005,150,1.0,0.0,0.9667,0.015997208079199854,1.684203857237201,1.3867,30
rational_fit,parametric,trajectory,multiphase,0.005,150,1.0,0.0,1.0,0.0009935135207832096,24.945007846900168,1.4,30
log_fit,parametric,trajectory,multiphase,0.005,150,1.0,0.0,1.0,0.015926482451178448,1.566718228328158,1.4,30
shanks_1,shanks,limit,multiphase,0.005,150,1.0,0.0,0.5667,0.025149010861370724,1.0020723921465158,1.2267,30
shanks_2,shanks,limit,multiphase,0.005,150,1.0,0.0,0.2,0.028257008535024997,0.894869949176822,1.08,30
shanks_3,shanks,limit,multiphase,0.005,150,1.0,0.0,0.3,0.02790355059363689,0.9163799542694284,1.12,30
shanks_4,shanks,limit,multiphase,0.005,150,1.0,0.0333,0.3,0.027894974857929633,0.916376010504439,1.0533,30
wynn_eps_1,wynn_eps,limit,multiphase,0.005,150,1.0,0.0,0.5667,0.025149010861369614,1.0020723921465013,1.2267,30
wynn_eps_2,wynn_eps,limit,multiphase,0.005,150,1.0,0.0,0.3333,0.028068718682667124,0.8970082693205466,1.1333,30
wynn_eps_3,wynn_eps,limit,multiphase,0.005,150,1.0,0.0,0.3667,0.027873393554865067,0.9099499902871914,1.1467,30
wynn_rho_1,wynn_rho,limit,multiphase,0.005,150,1.0,0.0,0.3333,0.025597233244839132,0.9722587219315203,1.1333,30
wynn_rho_2,wynn_rho,limit,multiphase,0.005,150,1.0,0.0667,0.4333,0.02688465422968095,0.9878241248311345,1.04,30
wynn_rho_3,wynn_rho,limit,multiphase,0.005,150,1.0,0.0,0.4333,0.026925031866541174,0.9945296722951262,1.1733,30
pade_11,pade,trajectory,multiphase,0.005,150,1.0,0.0,0.9667,0.01247702415625751,2.0081843430020676,1.3867,30
pade_12,pade,trajectory,multiphase,0.005,150,1.0,0.0,0.0,0.04281981977483751,0.5828140920506668,1.0,30
pade_13,pade,trajectory,multiphase,0.005,150,1.0,0.1,0.0,0.08617587112533606,0.2990668218554163,0.8,30
pade_21,pade,trajectory,multiphase,0.005,150,1.0,1.0,0.0,0.1894664373116806,0.13379708254185557,-1.0,30
pade_22,pade,trajectory,multiphase,0.005,150,1.0,0.0,1.0,0.005152444332254938,4.885733798448637,1.4,30
pade_23,pade,trajectory,multiphase,0.005,150,1.0,0.0,0.0,0.04947347549729665,0.5015005588366036,1.0,30
pade_31,pade,trajectory,multiphase,0.005,150,1.0,1.0,0.0,0.20451020885869184,0.1228996339390619,-1.0,30
pade_32,pade,trajectory,multiphase,0.005,150,0.8333,1.0,0.0,0.3696188113847419,0.06456727185247411,-1.1667,30
levin_t1,levin,limit,multiphase,0.005,150,1.0,0.0,0.5667,0.0251490108613696,1.0020723921465007,1.2267,30
levin_t2,levin,limit,multiphase,0.005,150,1.0,0.0333,0.4333,0.025426535504397718,0.9832852518715836,1.1067,30
levin_u1,levin,limit,multiphase,0.005,150,1.0,0.0,0.5333,0.02514604390156841,1.0021465711225603,1.2133,30
levin_u2,levin,limit,multiphase,0.005,150,1.0,0.0333,0.4333,0.0254330600284009,0.9829599058985736,1.1067,30
levin_v1,levin,limit,multiphase,0.005,150,1.0,0.0,0.3333,0.027566741705109088,0.8813481040239212,1.1333,30
levin_v2,levin,limit,multiphase,0.005,150,1.0,0.0,0.3,0.02734184797373472,0.9115073999004457,1.12,30
weniger_d1,weniger,limit,multiphase,0.005,150,1.0,1.0,0.0,0.18247549800549162,0.13733985444807803,-1.0,30
weniger_d2,weniger,limit,multiphase,0.005,150,1.0,1.0,0.0,0.18247549800549162,0.13733985444807803,-1.0,30
brezinski_theta1,brezinski,limit,multiphase,0.005,150,1.0,0.0,0.5667,0.022454189956528578,1.196047094174389,1.2267,30
brezinski_theta2,brezinski,limit,multiphase,0.005,150,1.0,0.0,0.3333,0.03317432444576987,0.7395722968884015,1.1333,30
neville_2,neville,trajectory,multiphase,0.005,150,0.6,1.0,0.0,5.371875759941599,0.004761337935731307,-1.4,30
neville_3,neville,trajectory,multiphase,0.005,150,0.6,1.0,0.0,117.80284717218055,0.00021586818892538505,-1.4,30
neville_4,neville,trajectory,multiphase,0.005,150,0.1,1.0,0.0,211.51690325883337,0.00014732235359157954,-1.9,30
anderson_1,anderson,limit,multiphase,0.005,150,1.0,0.0,0.5667,0.025148756145865328,1.0020707932131145,1.2267,30
anderson_2,anderson,limit,multiphase,0.005,150,1.0,0.0,0.5,0.025003355992851015,1.0007376983545875,1.2,30
anderson_3,anderson,limit,multiphase,0.005,150,1.0,0.0,0.4333,0.025452155893194398,0.9926268068660371,1.1733,30
median_ensemble,ensemble,trajectory,multiphase,0.005,150,1.0,0.0,0.3333,0.026100509304935543,0.9521449862027809,1.1333,30
stability_weighted,ensemble,trajectory,multiphase,0.005,150,1.0,0.0,0.3667,0.027471184790045955,0.8831619892890388,1.1467,30
best_shanks_wynn,ensemble,limit,multiphase,0.005,150,1.0,0.0,0.5667,0.025149010861370724,1.0020723921465158,1.2267,30
current_value,baseline,limit,multiphase,0.005,1000,1.0,0.0,0.0,0.1350366563419064,1.0,1.0,30
linear,baseline,trajectory,multiphase,0.005,1000,0.0,1.0,0.0,,,-2.0,30
log_linear,baseline,trajectory,multiphase,0.005,1000,1.0,0.0,1.0,0.012134221879498405,11.210517780913232,1.4,30
geom_avg_diff,baseline,limit,multiphase,0.005,1000,0.5667,0.4333,0.3,0.13637601828361973,1.0013707336402158,-0.18,30
richardson_1,richardson,trajectory,multiphase,0.005,1000,1.0,0.0,1.0,0.08296040126186643,1.62473823608848,1.4,30
richardson_2,richardson,trajectory,multiphase,0.005,1000,1.0,0.0,1.0,0.09428002109160889,1.4636176703270718,1.4,30
richardson_3,richardson,trajectory,multiphase,0.005,1000,1.0,0.0,1.0,0.09277672640962491,1.4660235169399645,1.4,30
richardson_a05,richardson,trajectory,multiphase,0.005,1000,1.0,0.0,1.0,0.027597279078665264,4.891145558924251,1.4,30
richardson_a10,richardson,trajectory,multiphase,0.005,1000,1.0,0.0,1.0,0.08375676198460048,1.602463375942277,1.4,30
richardson_a20,richardson,trajectory,multiphase,0.005,1000,1.0,0.0,1.0,0.12657568062589009,1.0681274143299904,1.4,30
single_exp_fit,parametric,trajectory,multiphase,0.005,1000,1.0,0.0,0.9667,0.12810474858871915,1.0659244792943432,1.3867,30
double_exp_fit,parametric,trajectory,multiphase,0.005,1000,1.0,0.0,1.0,0.06742777931784164,1.9691743138103484,1.4,30
rational_fit,parametric,trajectory,multiphase,0.005,1000,1.0,0.0,1.0,0.0789700819400662,1.7010959132228793,1.4,30
log_fit,parametric,trajectory,multiphase,0.005,1000,1.0,0.0,1.0,0.07187269985193954,1.8772142994850027,1.4,30
shanks_1,shanks,limit,multiphase,0.005,1000,1.0,0.0,0.5667,0.13512450886686236,1.0003950813081097,1.2267,30
shanks_2,shanks,limit,multiphase,0.005,1000,1.0,0.0,0.2,0.1382325065405166,0.9772915383818788,1.08,30
shanks_3,shanks,limit,multiphase,0.005,1000,1.0,0.0,0.3,0.13787904859912853,0.9823551175773362,1.12,30
shanks_4,shanks,limit,multiphase,0.005,1000,1.0,0.0,0.3,0.13787047286342127,0.982334887311125,1.12,30
wynn_eps_1,wynn_eps,limit,multiphase,0.005,1000,1.0,0.0,0.5667,0.13512450886686123,1.000395081308107,1.2267,30
wynn_eps_2,wynn_eps,limit,multiphase,0.005,1000,1.0,0.0,0.3333,0.13804421668815875,0.9802379921962023,1.1333,30
wynn_eps_3,wynn_eps,limit,multiphase,0.005,1000,1.0,0.0,0.3667,0.13784889156035668,0.982639953811151,1.1467,30
wynn_rho_1,wynn_rho,limit,multiphase,0.005,1000,1.0,0.0,0.3333,0.13557273125033076,0.9941715493225856,1.1333,30
wynn_rho_2,wynn_rho,limit,multiphase,0.005,1000,1.0,0.0,0.4667,0.13665295266674082,0.9993860626110742,1.1867,30
wynn_rho_3,wynn_rho,limit,multiphase,0.005,1000,1.0,0.0,0.4333,0.1369005298720328,0.9989702039003836,1.1733,30
pade_11,pade,trajectory,multiphase,0.005,1000,1.0,0.0,1.0,0.03946024889418636,3.407693219451364,1.4,30
pade_12,pade,trajectory,multiphase,0.005,1000,1.0,0.0,1.0,0.04438912013219943,3.043850285178382,1.4,30
pade_13,pade,trajectory,multiphase,0.005,1000,1.0,0.0,1.0,0.0758236930865294,1.7768101279932331,1.4,30
pade_21,pade,trajectory,multiphase,0.005,1000,0.0,1.0,0.0,,,-2.0,30
pade_22,pade,trajectory,multiphase,0.005,1000,1.0,0.0,1.0,0.06467348326249998,2.050314873365024,1.4,30
pade_23,pade,trajectory,multiphase,0.005,1000,1.0,0.0,1.0,0.046776685690306866,2.8600577442276247,1.4,30
pade_31,pade,trajectory,multiphase,0.005,1000,1.0,1.0,0.0,32.39915495998773,0.004107795553186024,-1.0,30
pade_32,pade,trajectory,multiphase,0.005,1000,0.0,1.0,0.0,,,-2.0,30
levin_t1,levin,limit,multiphase,0.005,1000,1.0,0.0,0.5667,0.13512450886686123,1.0003950813081066,1.2267,30
levin_t2,levin,limit,multiphase,0.005,1000,1.0,0.0,0.4333,0.13540203350988936,0.9969109276580151,1.1733,30
levin_u1,levin,limit,multiphase,0.005,1000,1.0,0.0,0.5333,0.13512154190706005,1.0004106630233585,1.2133,30
levin_u2,levin,limit,multiphase,0.005,1000,1.0,0.0,0.4333,0.1354085580338925,0.9968498940230395,1.1733,30
levin_v1,levin,limit,multiphase,0.005,1000,1.0,0.0,0.3333,0.13754223971060073,0.975757184510758,1.1333,30
levin_v2,levin,limit,multiphase,0.005,1000,1.0,0.0,0.3,0.13731734597922635,0.9822601399643938,1.12,30
weniger_d1,weniger,limit,multiphase,0.005,1000,1.0,0.0,1.0,0.0725,1.8625745702331917,1.4,30
weniger_d2,weniger,limit,multiphase,0.005,1000,1.0,0.0,1.0,0.0725,1.8625745702331917,1.4,30
brezinski_theta1,brezinski,limit,multiphase,0.005,1000,1.0,0.0,0.5667,0.1324296879620202,1.0365330731637064,1.2267,30
brezinski_theta2,brezinski,limit,multiphase,0.005,1000,1.0,0.0,0.3333,0.1431498224512615,0.9440106014058354,1.1333,30
neville_2,neville,trajectory,multiphase,0.005,1000,0.5667,1.0,0.0,28.32676743345846,0.004730992821313569,-1.4333,30
neville_3,neville,trajectory,multiphase,0.005,1000,0.1,1.0,0.0,170.7529253556395,0.0008265548934170812,-1.9,30
neville_4,neville,trajectory,multiphase,0.005,1000,0.0,1.0,0.0,,,-2.0,30
anderson_1,anderson,limit,multiphase,0.005,1000,1.0,0.0,0.5667,0.13512425415135695,1.0003947837776506,1.2267,30
anderson_2,anderson,limit,multiphase,0.005,1000,1.0,0.0,0.5,0.13497885399834264,1.0001113318610904,1.2,30
anderson_3,anderson,limit,multiphase,0.005,1000,1.0,0.0,0.4333,0.13542765389868602,0.9986238094164226,1.1733,30
median_ensemble,ensemble,trajectory,multiphase,0.005,1000,1.0,0.0,0.6,0.13409807730604698,1.002554955731156,1.24,30
stability_weighted,ensemble,trajectory,multiphase,0.005,1000,1.0,0.0,0.6,0.1348450872105234,1.0109917903715546,1.24,30
best_shanks_wynn,ensemble,limit,multiphase,0.005,1000,1.0,0.0,0.5667,0.13512450886686236,1.0003950813081097,1.2267,30
current_value,baseline,limit,multiphase,0.005,5000,1.0,0.0,0.0,0.18191165634190637,1.0,1.0,30
linear,baseline,trajectory,multiphase,0.005,5000,0.0,1.0,0.0,,,-2.0,30
log_linear,baseline,trajectory,multiphase,0.005,5000,1.0,0.0,1.0,0.023714732522200275,7.63868562041559,1.4,30
geom_avg_diff,baseline,limit,multiphase,0.005,5000,0.5667,0.4333,0.3,0.1832510182836197,1.0010173448237016,-0.18,30
richardson_1,richardson,trajectory,multiphase,0.005,5000,1.0,0.0,1.0,0.1256321660124498,1.4454830795229239,1.4,30
richardson_2,richardson,trajectory,multiphase,0.005,5000,1.0,0.0,1.0,0.13864932798054475,1.3362499860938126,1.4,30
richardson_3,richardson,trajectory,multiphase,0.005,5000,1.0,0.0,1.0,0.1368752322024946,1.3320388625452861,1.4,30
richardson_a05,richardson,trajectory,multiphase,0.005,5000,1.0,0.0,1.0,0.04980155072601023,3.652666147672049,1.4,30
richardson_a10,richardson,trajectory,multiphase,0.005,5000,1.0,0.0,1.0,0.12654659903308907,1.4319563817886496,1.4,30
richardson_a20,richardson,trajectory,multiphase,0.005,5000,1.0,0.0,1.0,0.17333287902793526,1.0503862931509107,1.4,30
single_exp_fit,parametric,trajectory,multiphase,0.005,5000,1.0,0.0,0.9667,0.17497974858871915,1.0483781365211429,1.3867,30
double_exp_fit,parametric,trajectory,multiphase,0.005,5000,1.0,0.0,1.0,0.06557528614856156,4.2677544872626525,1.4,30
rational_fit,parametric,trajectory,multiphase,0.005,5000,1.0,0.0,1.0,0.12129304513681252,1.4934144231978639,1.4,30
log_fit,parametric,trajectory,multiphase,0.005,5000,1.0,0.0,1.0,0.0915050813746643,1.9869905298135677,1.4,30
shanks_1,shanks,limit,multiphase,0.005,5000,1.0,0.0,0.5667,0.18199950886686234,1.0002937683147408,1.2267,30
shanks_2,shanks,limit,multiphase,0.005,5000,1.0,0.0,0.2,0.1851075065405166,0.9831090015511728,1.08,30
shanks_3,shanks,limit,multiphase,0.005,5000,1.0,0.0,0.3,0.1847540485991285,0.9867933482596591,1.12,30
shanks_4,shanks,limit,multiphase,0.005,5000,1.0,0.0,0.3,0.18474547286342125,0.9867778430938924,1.12,30
wynn_eps_1,wynn_eps,limit,multiphase,0.005,5000,1.0,0.0,0.5667,0.18199950886686123,1.000293768314739,1.2267,30
wynn_eps_2,wynn_eps,limit,multiphase,0.005,5000,1.0,0.0,0.3333,0.18491921668815875,0.9852963775296402,1.1333,30
wynn_eps_3,wynn_eps,limit,multiphase,0.005,5000,1.0,0.0,0.3667,0.18472389156035668,0.9870778381587157,1.1467,30
wynn_rho_1,wynn_rho,limit,multiphase,0.005,5000,1.0,0.0,0.3333,0.18244773125033076,0.9956374823972016,1.1333,30
wynn_rho_2,wynn_rho,limit,multiphase,0.005,5000,1.0,0.0,0.4667,0.18352795266674082,0.9995432584362466,1.1867,30
wynn_rho_3,wynn_rho,limit,multiphase,0.005,5000,1.0,0.0,0.4333,0.18377552987203277,0.9992349062453195,1.1733,30
pade_11,pade,trajectory,multiphase,0.005,5000,1.0,0.0,1.0,0.07653761707649934,2.3710568351953745,1.4,30
pade_12,pade,trajectory,multiphase,0.005,5000,1.0,0.0,1.0,0.019715094324227793,9.242610153126634,1.4,30
pade_13,pade,trajectory,multiphase,0.005,5000,1.0,0.0,1.0,0.025736198679957727,7.067387674079063,1.4,30
pade_21,pade,trajectory,multiphase,0.005,5000,0.0,1.0,0.0,,,-2.0,30
pade_22,pade,trajectory,multiphase,0.005,5000,1.0,0.0,1.0,0.10550981592656965,1.6971828525089587,1.4,30
pade_23,pade,trajectory,multiphase,0.005,5000,1.0,0.0,1.0,0.020257881388417356,8.962174735886002,1.4,30
pade_31,pade,trajectory,multiphase,0.005,5000,0.0,1.0,0.0,,,-2.0,30
pade_32,pade,trajectory,multiphase,0.005,5000,0.0,1.0,0.0,,,-2.0,30
levin_t1,levin,limit,multiphase,0.005,5000,1.0,0.0,0.5667,0.18199950886686123,1.0002937683147388,1.2267,30
levin_t2,levin,limit,multiphase,0.005,5000,1.0,0.0,0.4333,0.18227703350988933,0.9977072237130628,1.1733,30
levin_u1,levin,limit,multiphase,0.005,5000,1.0,0.0,0.5333,0.18199654190706002,1.0003054194177405,1.2133,30
levin_u2,levin,limit,multiphase,0.005,5000,1.0,0.0,0.4333,0.1822835580338925,0.9976618819629655,1.1733,30
levin_v1,levin,limit,multiphase,0.005,5000,1.0,0.0,0.3333,0.1844172397106007,0.9818966532744211,1.1333,30
levin_v2,levin,limit,multiphase,0.005,5000,1.0,0.0,0.3,0.18419234597922635,0.9867690368026656,1.12,30
weniger_d1,weniger,limit,multiphase,0.005,5000,1.0,0.0,1.0,0.025625000000000002,7.098991467001224,1.4,30
weniger_d2,weniger,limit,multiphase,0.005,5000,1.0,0.0,1.0,0.025625000000000002,7.098991467001224,1.4,30
brezinski_theta1,brezinski,limit,multiphase,0.005,5000,1.0,0.0,0.5667,0.1793046879620202,1.027128211276421,1.2267,30
brezinski_theta2,brezinski,limit,multiphase,0.005,5000,1.0,0.0,0.3333,0.19002482245126148,0.9578046443721967,1.1333,30
neville_2,neville,trajectory,multiphase,0.005,5000,0.5667,1.0,0.0,32.970771187910664,0.00548633613535364,-1.4333,30
neville_3,neville,trajectory,multiphase,0.005,5000,0.0667,1.0,0.0,159.86693528945437,0.0012951123542602931,-1.9333,30
neville_4,neville,trajectory,multiphase,0.005,5000,0.0,1.0,0.0,,,-2.0,30
anderson_1,anderson,limit,multiphase,0.005,5000,1.0,0.0,0.5667,0.18199925415135693,1.0002935474109063,1.2267,30
anderson_2,anderson,limit,multiphase,0.005,5000,1.0,0.0,0.5,0.18185385399834264,1.0000816348833794,1.2,30
anderson_3,anderson,limit,multiphase,0.005,5000,1.0,0.0,0.4333,0.182302653898686,0.9989780834745401,1.1733,30
median_ensemble,ensemble,trajectory,multiphase,0.005,5000,1.0,0.0,0.6,0.18097307730604698,1.0018914529926854,1.24,30
stability_weighted,ensemble,trajectory,multiphase,0.005,5000,1.0,0.0,0.8667,0.1730204102142378,1.0574125545207926,1.3467,30
best_shanks_wynn,ensemble,limit,multiphase,0.005,5000,1.0,0.0,0.5667,0.18199950886686234,1.0002937683147408,1.2267,30
current_value,baseline,limit,osc_exp,0.0,150,1.0,0.0,0.0,0.04374721247421669,1.0,1.0,30
linear,baseline,trajectory,osc_exp,0.0,150,1.0,1.0,0.0,0.22706255260178976,0.19266590625772725,-1.0,30
log_linear,baseline,trajectory,osc_exp,0.0,150,1.0,0.0,1.0,0.013156118778103857,3.325236964797441,1.4,30
geom_avg_diff,baseline,limit,osc_exp,0.0,150,1.0,0.0,1.0,0.03708807332110445,1.1795493417913125,1.4,30
richardson_1,richardson,trajectory,osc_exp,0.0,150,1.0,0.0,1.0,0.043202667610808876,1.0126044268449657,1.4,30
richardson_2,richardson,trajectory,osc_exp,0.0,150,1.0,0.0,1.0,0.03281465831215759,1.3331606886794451,1.4,30
richardson_3,richardson,trajectory,osc_exp,0.0,150,1.0,0.0,1.0,0.027334651258310524,1.6004306058565965,1.4,30
richardson_a05,richardson,trajectory,osc_exp,0.0,150,1.0,0.0,0.0,0.05170499502205206,0.8460925768498498,1.0,30
richardson_a10,richardson,trajectory,osc_exp,0.0,150,1.0,0.0,1.0,0.01780751939840242,2.456670774602184,1.4,30
richardson_a20,richardson,trajectory,osc_exp,0.0,150,1.0,0.0,1.0,0.02804224102872425,1.5600469459414996,1.4,30
single_exp_fit,parametric,trajectory,osc_exp,0.0,150,1.0,0.0,1.0,0.030846850709918463,1.4182067688404332,1.4,30
double_exp_fit,parametric,trajectory,osc_exp,0.0,150,1.0,0.0,1.0,0.0008027669304227665,54.49553390443949,1.4,30
rational_fit,parametric,trajectory,osc_exp,0.0,150,1.0,0.0,1.0,0.039574641816048015,1.1054354623742075,1.4,30
log_fit,parametric,trajectory,osc_exp,0.0,150,1.0,0.0,0.0,0.09989305537576337,0.43794047854132295,1.0,30
shanks_1,shanks,limit,osc_exp,0.0,150,1.0,0.0,0.0,0.044646074553168325,0.9798669404209054,1.0,30
shanks_2,shanks,limit,osc_exp,0.0,150,1.0,0.0,0.0,0.04442770276606833,0.9846831987817437,1.0,30
shanks_3,shanks,limit,osc_exp,0.0,150,1.0,0.0,0.0,0.0444546855634463,0.9840855225886168,1.0,30
shanks_4,shanks,limit,osc_exp,0.0,150,1.0,0.0,0.0,0.044454595911858644,0.9840875071939804,1.0,30
wynn_eps_1,wynn_eps,limit,osc_exp,0.0,150,1.0,0.0,0.0,0.04464607455316917,0.9798669404208868,1.0,30
wynn_eps_2,wynn_eps,limit,osc_exp,0.0,150,1.0,0.0,0.0,0.04431836103371069,0.9871125974388006,1.0,30
wynn_eps_3,wynn_eps,limit,osc_exp,0.0,150,1.0,0.0,1.0,0.007956223292572156,5.498489781585016,1.4,30
wynn_rho_1,wynn_rho,limit,osc_exp,0.0,150,1.0,0.0,0.0,0.04515093435224446,0.9689104578196178,1.0,30
wynn_rho_2,wynn_rho,limit,osc_exp,0.0,150,1.0,0.0,1.0,0.04320231643094473,1.0126126580305694,1.4,30
wynn_rho_3,wynn_rho,limit,osc_exp,0.0,150,1.0,0.0,0.0,0.11491975858600523,0.3806761605879684,1.0,30
pade_11,pade,trajectory,osc_exp,0.0,150,1.0,0.0,1.0,0.035070150753867366,1.2474201431652658,1.4,30
pade_12,pade,trajectory,osc_exp,0.0,150,1.0,0.0,1.0,0.017262265796957377,2.5342682698077508,1.4,30
pade_13,pade,trajectory,osc_exp,0.0,150,1.0,0.0,1.0,0.011041363064831194,3.962120638307759,1.4,30
pade_21,pade,trajectory,osc_exp,0.0,150,0.0,1.0,0.0,,,-2.0,30
pade_22,pade,trajectory,osc_exp,0.0,150,1.0,0.0,1.0,0.004221254662661499,10.363556802477794,1.4,30
pade_23,pade,trajectory,osc_exp,0.0,150,1.0,0.0,1.0,0.018378126561298547,2.3803956474182444,1.4,30
pade_31,pade,trajectory,osc_exp,0.0,150,1.0,1.0,0.0,0.45774090716997495,0.09557199671029586,-1.0,30
pade_32,pade,trajectory,osc_exp,0.0,150,1.0,1.0,0.0,0.22169390135863998,0.19733160094217336,-1.0,30
levin_t1,levin,limit,osc_exp,0.0,150,1.0,0.0,0.0,0.04464607455316917,0.9798669404208868,1.0,30
levin_t2,levin,limit,osc_exp,0.0,150,1.0,0.0,0.0,0.04445387711513807,0.9841034193914947,1.0,30
levin_u1,levin,limit,osc_exp,0.0,150,1.0,0.0,0.0,0.04463898758094191,0.980022505996396,1.0,30
levin_u2,levin,limit,osc_exp,0.0,150,1.0,0.0,0.0,0.044455716852767155,0.9840626936486715,1.0,30
levin_v1,levin,limit,osc_exp,0.0,150,1.0,0.0,0.0,0.044489374636273865,0.9833182154587522,1.0,30
levin_v2,levin,limit,osc_exp,0.0,150,1.0,0.0,0.0,0.0444587294811694,0.983996011238826,1.0,30
weniger_d1,weniger,limit,osc_exp,0.0,150,1.0,0.0,1.0,0.017956223353165716,2.436325925212106,1.4,30
weniger_d2,weniger,limit,osc_exp,0.0,150,1.0,0.0,1.0,0.017956223353165716,2.436325925212106,1.4,30
brezinski_theta1,brezinski,limit,osc_exp,0.0,150,1.0,0.0,0.0,0.04442477707437707,0.9847480472659212,1.0,30
brezinski_theta2,brezinski,limit,osc_exp,0.0,150,1.0,0.0,0.0,0.04439499753094153,0.9854086024833459,1.0,30
neville_2,neville,trajectory,osc_exp,0.0,150,1.0,0.0,0.0,0.08469659299947195,0.5165167915843962,1.0,30
neville_3,neville,trajectory,osc_exp,0.0,150,1.0,1.0,0.0,0.4755305545322404,0.09199663840160387,-1.0,30
neville_4,neville,trajectory,osc_exp,0.0,150,1.0,1.0,0.0,0.26302561450033324,0.1663230121420789,-1.0,30
anderson_1,anderson,limit,osc_exp,0.0,150,1.0,0.0,0.0,0.044420382624232285,0.9848454670976119,1.0,30
anderson_2,anderson,limit,osc_exp,0.0,150,1.0,0.0,0.0,0.044416490412086576,0.9849317689970443,1.0,30
anderson_3,anderson,limit,osc_exp,0.0,150,1.0,0.0,0.0,0.04439183435820013,0.9854788184966192,1.0,30
median_ensemble,ensemble,trajectory,osc_exp,0.0,150,1.0,0.0,0.0,0.04437303189988952,0.9858964015106124,1.0,30
stability_weighted,ensemble,trajectory,osc_exp,0.0,150,1.0,0.0,0.0,0.044486118643585496,0.9833901857051458,1.0,30
best_shanks_wynn,ensemble,limit,osc_exp,0.0,150,1.0,0.0,0.0,0.044646074553168325,0.9798669404209054,1.0,30
current_value,baseline,limit,osc_exp,0.0,1000,1.0,0.0,0.0,0.05170343582731211,1.0,1.0,30
linear,baseline,trajectory,osc_exp,0.0,1000,0.0,1.0,0.0,,,-2.0,30
log_linear,baseline,trajectory,osc_exp,0.0,1000,1.0,0.0,1.0,0.0007516492669176148,68.78665103917291,1.4,30
geom_avg_diff,baseline,limit,osc_exp,0.0,1000,1.0,0.0,1.0,0.04479677220724497,1.1541777070034105,1.4,30
richardson_1,richardson,trajectory,osc_exp,0.0,1000,1.0,0.0,1.0,0.0015437653209312025,33.49177179088625,1.4,30
richardson_2,richardson,trajectory,osc_exp,0.0,1000,1.0,0.0,1.0,0.0031306165723283767,16.515416255162158,1.4,30
richardson_3,richardson,trajectory,osc_exp,0.0,1000,1.0,0.0,1.0,0.004966601453443938,10.410224438576593,1.4,30
richardson_a05,richardson,trajectory,osc_exp,0.0,1000,1.0,0.0,0.0,0.21364215564015981,0.24200952135306505,1.0,30
richardson_a10,richardson,trajectory,osc_exp,0.0,1000,1.0,0.0,0.0,0.07934519660206622,0.6516265387382719,1.0,30
richardson_a20,richardson,trajectory,osc_exp,0.0,1000,1.0,0.0,1.0,0.023054031111623345,2.24270695120405,1.4,30
single_exp_fit,parametric,trajectory,osc_exp,0.0,1000,1.0,0.0,1.0,0.03777315049976138,1.3687880185593395,1.4,30
double_exp_fit,parametric,trajectory,osc_exp,0.0,1000,1.0,0.0,1.0,0.00999999962833792,5.170343774893283,1.4,30
rational_fit,parametric,trajectory,osc_exp,0.0,1000,1.0,0.0,1.0,0.0011540820671315372,44.800484558104806,1.4,30
log_fit,parametric,trajectory,osc_exp,0.0,1000,1.0,0.0,0.0,0.07575629389647669,0.6824969011547272,1.0,30
shanks_1,shanks,limit,osc_exp,0.0,1000,1.0,0.0,0.0,0.052602297906263744,0.982912113829069,1.0,30
shanks_2,shanks,limit,osc_exp,0.0,1000,1.0,0.0,0.0,0.05238392611916375,0.9870095591860821,1.0,30
shanks_3,shanks,limit,osc_exp,0.0,1000,1.0,0.0,0.0,0.052410908916541724,0.9865014153760205,1.0,30
shanks_4,shanks,limit,osc_exp,0.0,1000,1.0,0.0,0.0,0.05241081926495407,0.9865031028409248,1.0,30
wynn_eps_1,wynn_eps,limit,osc_exp,0.0,1000,1.0,0.0,0.0,0.05260229790626459,0.9829121138290532,1.0,30
wynn_eps_2,wynn_eps,limit,osc_exp,0.0,1000,1.0,0.0,0.0,0.052274584386806114,0.9890740679013765,1.0,30
wynn_eps_3,wynn_eps,limit,osc_exp,0.0,1000,1.0,0.0,1.0,6.052326868843938e-11,854273685.9350764,1.4,30
wynn_rho_1,wynn_rho,limit,osc_exp,0.0,1000,1.0,0.0,0.0,0.05310715770533988,0.9735681226659466,1.0,30
wynn_rho_2,wynn_rho,limit,osc_exp,0.0,1000,1.0,0.0,1.0,0.05115853978404015,1.0106511258056265,1.4,30
wynn_rho_3,wynn_rho,limit,osc_exp,0.0,1000,1.0,0.0,0.0,0.1069635352329098,0.4833744108656232,1.0,30
pade_11,pade,trajectory,osc_exp,0.0,1000,1.0,0.0,0.0,0.12775194091806155,0.40471741920910637,1.0,30
pade_12,pade,trajectory,osc_exp,0.0,1000,1.0,0.0,1.0,0.005166266483545042,10.00789177097069,1.4,30
pade_13,pade,trajectory,osc_exp,0.0,1000,1.0,0.0,1.0,0.008676783152679241,5.958825398482729,1.4,30
pade_21,pade,trajectory,osc_exp,0.0,1000,0.0,1.0,0.0,,,-2.0,30
pade_22,pade,trajectory,osc_exp,0.0,1000,1.0,0.0,1.0,0.028022543602621075,1.8450657642112136,1.4,30
pade_23,pade,trajectory,osc_exp,0.0,1000,1.0,0.0,1.0,0.004999477505133454,10.341767869586995,1.4,30
pade_31,pade,trajectory,osc_exp,0.0,1000,1.0,1.0,0.0,81.49818833636589,0.0006344120879585387,-1.0,30
pade_32,pade,trajectory,osc_exp,0.0,1000,1.0,1.0,0.0,8.171591200647613,0.00632721761989446,-1.0,30
levin_t1,levin,limit,osc_exp,0.0,1000,1.0,0.0,0.0,0.05260229790626459,0.9829121138290532,1.0,30
levin_t2,levin,limit,osc_exp,0.0,1000,1.0,0.0,0.0,0.052410100468233495,0.9865166325840243,1.0,30
levin_u1,levin,limit,osc_exp,0.0,1000,1.0,0.0,0.0,0.05259521093403733,0.9830445568923822,1.0,30
levin_u2,levin,limit,osc_exp,0.0,1000,1.0,0.0,0.0,0.052411940205862574,0.9864820043721408,1.0,30
levin_v1,levin,limit,osc_exp,0.0,1000,1.0,0.0,0.0,0.05244559798936929,0.985848914103189,1.0,30
levin_v2,levin,limit,osc_exp,0.0,1000,1.0,0.0,0.0,0.05241495283426482,0.9864253048323345,1.0,30
weniger_d1,weniger,limit,osc_exp,0.0,1000,1.0,0.0,1.0,0.010000000000070291,5.170343582694867,1.4,30
weniger_d2,weniger,limit,osc_exp,0.0,1000,1.0,0.0,1.0,0.010000000000070291,5.170343582694867,1.4,30
brezinski_theta1,brezinski,limit,osc_exp,0.0,1000,1.0,0.0,0.0,0.0523810004274725,0.9870646876800576,1.0,30
brezinski_theta2,brezinski,limit,osc_exp,0.0,1000,1.0,0.0,0.0,0.05235122088403695,0.9876261709701145,1.0,30
neville_2,neville,trajectory,osc_exp,0.0,1000,0.0,1.0,0.0,,,-2.0,30
neville_3,neville,trajectory,osc_exp,0.0,1000,0.0,1.0,0.0,,,-2.0,30
neville_4,neville,trajectory,osc_exp,0.0,1000,1.0,0.0,0.0,0.2363193251461625,0.21878632141207136,1.0,30
anderson_1,anderson,limit,osc_exp,0.0,1000,1.0,0.0,0.0,0.05237660597732771,0.9871475034043443,1.0,30
anderson_2,anderson,limit,osc_exp,0.0,1000,1.0,0.0,0.0,0.052372713765182,0.9872208657952943,1.0,30
anderson_3,anderson,limit,osc_exp,0.0,1000,1.0,0.0,0.0,0.052348057711295554,0.9876858490617054,1.0,30
median_ensemble,ensemble,trajectory,osc_exp,0.0,1000,1.0,0.0,0.0,0.05232925525298494,0.9880407350984203,1.0,30
stability_weighted,ensemble,trajectory,osc_exp,0.0,1000,1.0,0.0,0.0,0.052294731637126494,0.9886930137835415,1.0,30
best_shanks_wynn,ensemble,limit,osc_exp,0.0,1000,1.0,0.0,0.0,0.052602297906263744,0.982912113829069,1.0,30
current_value,baseline,limit,osc_exp,0.0,5000,1.0,0.0,0.0,0.0517034358273824,1.0,1.0,30
linear,baseline,trajectory,osc_exp,0.0,5000,0.0,1.0,0.0,,,-2.0,30
log_linear,baseline,trajectory,osc_exp,0.0,5000,1.0,0.0,1.0,4.4376183528687524e-05,1165.116774721244,1.4,30
geom_avg_diff,baseline,limit,osc_exp,0.0,5000,1.0,0.0,1.0,0.04479677220731526,1.1541777070031685,1.4,30
richardson_1,richardson,trajectory,osc_exp,0.0,5000,1.0,0.0,1.0,0.007194302755904819,7.186719489243918,1.4,30
richardson_2,richardson,trajectory,osc_exp,0.0,5000,1.0,0.0,1.0,0.00874121575834063,5.914902143680458,1.4,30
richardson_3,richardson,trajectory,osc_exp,0.0,5000,1.0,0.0,1.0,0.0092194503158464,5.6080822669562505,1.4,30
richardson_a05,richardson,trajectory,osc_exp,0.0,5000,1.0,1.0,0.0,0.2730071442464472,0.18938491873571273,-1.0,30
richardson_a10,richardson,trajectory,osc_exp,0.0,5000,1.0,0.0,0.0,0.089156100210009,0.5799203386598776,1.0,30
richardson_a20,richardson,trajectory,osc_exp,0.0,5000,1.0,0.0,1.0,0.022767995552986482,2.2708821998430357,1.4,30
single_exp_fit,parametric,trajectory,osc_exp,0.0,5000,1.0,0.0,1.0,0.037773150499831674,1.3687880185586532,1.4,30
double_exp_fit,parametric,trajectory,osc_exp,0.0,5000,1.0,0.0,1.0,0.009999999999999998,5.170343582738241,1.4,30
rational_fit,parametric,trajectory,osc_exp,0.0,5000,1.0,0.0,1.0,0.00822453416337885,6.286488061244953,1.4,30
log_fit,parametric,trajectory,osc_exp,0.0,5000,1.0,0.0,0.0,0.05957438416538135,0.8678803239300162,1.0,30
shanks_1,shanks,limit,osc_exp,0.0,5000,1.0,0.0,0.0,0.052602297906334035,0.9829121138290918,1.0,30
shanks_2,shanks,limit,osc_exp,0.0,5000,1.0,0.0,0.0,0.052383926119234044,0.9870095591860996,1.0,30
shanks_3,shanks,limit,osc_exp,0.0,5000,1.0,0.0,0.0,0.052410908916612015,0.9865014153760386,1.0,30
shanks_4,shanks,limit,osc_exp,0.0,5000,1.0,0.0,0.0,0.05241081926502436,0.9865031028409429,1.0,30
wynn_eps_1,wynn_eps,limit,osc_exp,0.0,5000,1.0,0.0,0.0,0.05260229790633488,0.9829121138290761,1.0,30
wynn_eps_2,wynn_eps,limit,osc_exp,0.0,5000,1.0,0.0,0.0,0.052274584386876405,0.9890740679013912,1.0,30
wynn_eps_3,wynn_eps,limit,osc_exp,0.0,5000,1.0,0.0,1.0,6.059355968368596e-11,853282693.6936482,1.4,30
wynn_rho_1,wynn_rho,limit,osc_exp,0.0,5000,1.0,0.0,0.0,0.05310715770541017,0.9735681226659816,1.0,30
wynn_rho_2,wynn_rho,limit,osc_exp,0.0,5000,1.0,0.0,1.0,0.05115853978411044,1.010651125805612,1.4,30
wynn_rho_3,wynn_rho,limit,osc_exp,0.0,5000,1.0,0.0,0.0,0.10696353523283951,0.483374410866598,1.0,30
pade_11,pade,trajectory,osc_exp,0.0,5000,1.0,0.0,0.0,0.14334223031863594,0.36069925598653413,1.0,30
pade_12,pade,trajectory,osc_exp,0.0,5000,1.0,0.0,1.0,0.009045325214154888,5.716039457207409,1.4,30
pade_13,pade,trajectory,osc_exp,0.0,5000,1.0,0.0,1.0,0.009937042477078054,5.2031010178981925,1.4,30
pade_21,pade,trajectory,osc_exp,0.0,5000,0.0,1.0,0.0,,,-2.0,30
pade_22,pade,trajectory,osc_exp,0.0,5000,1.0,0.0,1.0,0.03323366543488085,1.5557548392816265,1.4,30
pade_23,pade,trajectory,osc_exp,0.0,5000,1.0,0.0,1.0,0.009012114757007774,5.737103579065954,1.4,30
pade_31,pade,trajectory,osc_exp,0.0,5000,0.0,1.0,0.0,,,-2.0,30
pade_32,pade,trajectory,osc_exp,0.0,5000,1.0,1.0,0.0,50.23274415012682,0.0010292775499753752,-1.0,30
levin_t1,levin,limit,osc_exp,0.0,5000,1.0,0.0,0.0,0.05260229790633488,0.9829121138290761,1.0,30
levin_t2,levin,limit,osc_exp,0.0,5000,1.0,0.0,0.0,0.052410100468303786,0.9865166325840424,1.0,30
levin_u1,levin,limit,osc_exp,0.0,5000,1.0,0.0,0.0,0.05259521093410762,0.983044556892405,1.0,30
levin_u2,levin,limit,osc_exp,0.0,5000,1.0,0.0,0.0,0.052411940205932865,0.9864820043721589,1.0,30
levin_v1,levin,limit,osc_exp,0.0,5000,1.0,0.0,0.0,0.05244559798943958,0.985848914103208,1.0,30
levin_v2,levin,limit,osc_exp,0.0,5000,1.0,0.0,0.0,0.05241495283433511,0.9864253048323527,1.0,30
weniger_d1,weniger,limit,osc_exp,0.0,5000,1.0,0.0,1.0,0.01,5.17034358273824,1.4,30
weniger_d2,weniger,limit,osc_exp,0.0,5000,1.0,0.0,1.0,0.01,5.17034358273824,1.4,30
brezinski_theta1,brezinski,limit,osc_exp,0.0,5000,1.0,0.0,0.0,0.05238100042754279,0.9870646876800749,1.0,30
brezinski_theta2,brezinski,limit,osc_exp,0.0,5000,1.0,0.0,0.0,0.05235122088410724,0.9876261709701311,1.0,30
neville_2,neville,trajectory,osc_exp,0.0,5000,0.0,1.0,0.0,,,-2.0,30
neville_3,neville,trajectory,osc_exp,0.0,5000,0.0,1.0,0.0,,,-2.0,30
neville_4,neville,trajectory,osc_exp,0.0,5000,1.0,1.0,0.0,0.8372878484264825,0.061751088260206824,-1.0,30
anderson_1,anderson,limit,osc_exp,0.0,5000,1.0,0.0,0.0,0.052376605977398,0.9871475034043615,1.0,30
anderson_2,anderson,limit,osc_exp,0.0,5000,1.0,0.0,0.0,0.05237271376525229,0.9872208657953115,1.0,30
anderson_3,anderson,limit,osc_exp,0.0,5000,1.0,0.0,0.0,0.052348057711365845,0.987685849061722,1.0,30
median_ensemble,ensemble,trajectory,osc_exp,0.0,5000,1.0,0.0,0.0,0.05232925525305523,0.9880407350984364,1.0,30
stability_weighted,ensemble,trajectory,osc_exp,0.0,5000,1.0,0.0,1.0,0.05150075326524607,1.0039355261677911,1.4,30
best_shanks_wynn,ensemble,limit,osc_exp,0.0,5000,1.0,0.0,0.0,0.052602297906334035,0.9829121138290918,1.0,30
current_value,baseline,limit,osc_exp,0.001,150,1.0,0.0,0.0,0.04381207524500586,1.0,1.0,30
linear,baseline,trajectory,osc_exp,0.001,150,1.0,0.9,0.0,0.22692122673725523,0.19303511501598625,-0.8,30
log_linear,baseline,trajectory,osc_exp,0.001,150,1.0,0.0,1.0,0.01318917457811301,3.3401309746718013,1.4,30
geom_avg_diff,baseline,limit,osc_exp,0.001,150,0.4667,0.5333,0.1667,0.045549231929790934,0.9781202700127447,-0.5333,30
richardson_1,richardson,trajectory,osc_exp,0.001,150,1.0,0.0,0.6667,0.04321226729055723,1.0139632443505406,1.2667,30
richardson_2,richardson,trajectory,osc_exp,0.001,150,1.0,0.0,1.0,0.03282206094137969,1.3348136448594943,1.4,30
richardson_3,richardson,trajectory,osc_exp,0.001,150,1.0,0.0,1.0,0.027341147270676772,1.6023104649366728,1.4,30
richardson_a05,richardson,trajectory,osc_exp,0.001,150,1.0,0.0,0.0,0.051616979863943036,0.8482082240276798,1.0,30
richardson_a10,richardson,trajectory,osc_exp,0.001,150,1.0,0.0,1.0,0.017735958469925987,2.4554921981965725,1.4,30
richardson_a20,richardson,trajectory,osc_exp,0.001,150,1.0,0.0,1.0,0.028074744554298738,1.5652751072820783,1.4,30
single_exp_fit,parametric,trajectory,osc_exp,0.001,150,1.0,0.0,1.0,0.030950875971912054,1.4254834361350381,1.4,30
double_exp_fit,parametric,trajectory,osc_exp,0.001,150,1.0,0.0,1.0,0.0007555902330231377,57.99895657380236,1.4,30
rational_fit,parametric,trajectory,osc_exp,0.001,150,1.0,0.0,1.0,0.039581418641726165,1.1066721903268764,1.4,30
log_fit,parametric,trajectory,osc_exp,0.001,150,1.0,0.0,0.0,0.09991414264101023,0.43854387853190313,1.0,30
shanks_1,shanks,limit,osc_exp,0.001,150,1.0,0.0,0.5333,0.0440339569289727,1.000057931167877,1.2133,30
shanks_2,shanks,limit,osc_exp,0.001,150,1.0,0.0,0.3667,0.04451350427071075,0.9880419293543057,1.1467,30
shanks_3,shanks,limit,osc_exp,0.001,150,1.0,0.0,0.4333,0.044657328718978796,0.9842993189928542,1.1733,30
shanks_4,shanks,limit,osc_exp,0.001,150,1.0,0.0,0.4,0.04489158599275891,0.9817691334680234,1.16,30
wynn_eps_1,wynn_eps,limit,osc_exp,0.001,150,1.0,0.0,0.5333,0.04403395692897192,1.0000579311678583,1.2133,30
wynn_eps_2,wynn_eps,limit,osc_exp,0.001,150,1.0,0.0,0.4,0.04445466263231753,0.9911502218256516,1.16,30
wynn_eps_3,wynn_eps,limit,osc_exp,0.001,150,1.0,0.0,0.4667,0.0446206380845632,0.9930124895573385,1.1867,30
wynn_rho_1,wynn_rho,limit,osc_exp,0.001,150,1.0,0.0,0.4667,0.044219691569382796,0.9995814538577759,1.1867,30
wynn_rho_2,wynn_rho,limit,osc_exp,0.001,150,1.0,0.0,0.4333,0.044318347627498124,0.9965391389756424,1.1733,30
wynn_rho_3,wynn_rho,limit,osc_exp,0.001,150,1.0,0.0,0.2667,0.0442947438705921,0.9943325823897042,1.1067,30
pade_11,pade,trajectory,osc_exp,0.001,150,1.0,0.0,1.0,0.034992068738323286,1.239951376902614,1.4,30
pade_12,pade,trajectory,osc_exp,0.001,150,1.0,0.0,1.0,0.01731575854441654,2.539037530153045,1.4,30
pade_13,pade,trajectory,osc_exp,0.001,150,1.0,0.0,1.0,0.011124273080369455,3.9000754553388637,1.4,30
pade_21,pade,trajectory,osc_exp,0.001,150,0.2,1.0,0.0,0.5045562742895738,0.0843146100591505,-1.8,30
pade_22,pade,trajectory,osc_exp,0.001,150,1.0,0.0,1.0,0.004213340581367315,10.434879259301598,1.4,30
pade_23,pade,trajectory,osc_exp,0.001,150,1.0,0.0,1.0,0.018533805348871987,2.364975106143828,1.4,30
pade_31,pade,trajectory,osc_exp,0.001,150,1.0,1.0,0.0,0.45878424866129563,0.09524845759721036,-1.0,30
pade_32,pade,trajectory,osc_exp,0.001,150,1.0,0.8333,0.0,0.2359808973214809,0.18730369603101565,-0.6667,30
levin_t1,levin,limit,osc_exp,0.001,150,1.0,0.0,0.5333,0.044033956928971905,1.0000579311678583,1.2133,30
levin_t2,levin,limit,osc_exp,0.001,150,1.0,0.0333,0.4333,0.04435282021470581,0.9962856068176509,1.1067,30
levin_u1,levin,limit,osc_exp,0.001,150,1.0,0.0,0.5333,0.04404243776304996,1.000055473305006,1.2133,30
levin_u2,levin,limit,osc_exp,0.001,150,1.0,0.0,0.4333,0.044353321326143585,0.9962326763594151,1.1733,30
levin_v1,levin,limit,osc_exp,0.001,150,1.0,0.0,0.3333,0.044553853778050205,0.9898037610081365,1.1333,30
levin_v2,levin,limit,osc_exp,0.001,150,1.0,0.0,0.3333,0.04459620367041231,0.9842875926947874,1.1333,30
weniger_d1,weniger,limit,osc_exp,0.001,150,1.0,0.0,1.0,0.017956223353165716,2.439938197654559,1.4,30
weniger_d2,weniger,limit,osc_exp,0.001,150,1.0,0.0,1.0,0.017956223353165716,2.439938197654559,1.4,30
brezinski_theta1,brezinski,limit,osc_exp,0.001,150,1.0,0.0,0.5333,0.04426992846040366,1.0075506460489907,1.2133,30
brezinski_theta2,brezinski,limit,osc_exp,0.001,150,1.0,0.0,0.4333,0.04476943161110298,0.9861656204396793,1.1733,30
neville_2,neville,trajectory,osc_exp,0.001,150,0.6333,0.9333,0.0333,1.3550494351677091,0.03386296529984985,-1.22,30
neville_3,neville,trajectory,osc_exp,0.001,150,0.5333,1.0,0.0,30.943047389582457,0.0015299482449515171,-1.4667,30
neville_4,neville,trajectory,osc_exp,0.001,150,0.3667,1.0,0.0,218.73632331916403,0.00020696938775205208,-1.6333,30
anderson_1,anderson,limit,osc_exp,0.001,150,1.0,0.0,0.5333,0.044020245895448076,1.0000424598215936,1.2133,30
anderson_2,anderson,limit,osc_exp,0.001,150,1.0,0.0,0.4667,0.04399299640309784,0.9999798518843037,1.1867,30
anderson_3,anderson,limit,osc_exp,0.001,150,1.0,0.0,0.5,0.04388371239138943,1.0000587467420952,1.2,30
median_ensemble,ensemble,trajectory,osc_exp,0.001,150,1.0,0.0,0.5667,0.04400999156646576,1.0020935007627743,1.2267,30
stability_weighted,ensemble,trajectory,osc_exp,0.001,150,1.0,0.0,0.3333,0.044341448327036424,0.991248562983615,1.1333,30
best_shanks_wynn,ensemble,limit,osc_exp,0.001,150,1.0,0.0,0.5333,0.0440339569289727,1.000057931167877,1.2133,30
current_value,baseline,limit,osc_exp,0.001,1000,1.0,0.0,0.0,0.05176829859810128,1.0,1.0,30
linear,baseline,trajectory,osc_exp,0.001,1000,0.0,1.0,0.0,,,-2.0,30
log_linear,baseline,trajectory,osc_exp,0.001,1000,1.0,0.0,1.0,0.000754316517463393,69.07562395609558,1.4,30
geom_avg_diff,baseline,limit,osc_exp,0.001,1000,0.4667,0.5333,0.1667,0.053505455283447134,0.9813765055839172,-0.5333,30
richardson_1,richardson,trajectory,osc_exp,0.001,1000,1.0,0.0,1.0,0.001546263374164439,33.553331509638085,1.4,30
richardson_2,richardson,trajectory,osc_exp,0.001,1000,1.0,0.0,1.0,0.003129235894322472,16.531701673107634,1.4,30
richardson_3,richardson,trajectory,osc_exp,0.001,1000,1.0,0.0,1.0,0.004965606107924549,10.427611077791678,1.4,30
richardson_a05,richardson,trajectory,osc_exp,0.001,1000,1.0,0.0,0.0,0.21346523672129422,0.24250893605857565,1.0,30
richardson_a10,richardson,trajectory,osc_exp,0.001,1000,1.0,0.0,0.0,0.07925673388047448,0.6531385217999286,1.0,30
richardson_a20,richardson,trajectory,osc_exp,0.001,1000,1.0,0.0,1.0,0.023093205374531054,2.249009086697702,1.4,30
single_exp_fit,parametric,trajectory,osc_exp,0.001,1000,1.0,0.0,1.0,0.03788298616634565,1.3746961937800837,1.4,30
double_exp_fit,parametric,trajectory,osc_exp,0.001,1000,1.0,0.0,1.0,0.009999999618559654,5.176830055109603,1.4,30
rational_fit,parametric,trajectory,osc_exp,0.001,1000,1.0,0.0,1.0,0.0011530139464093056,44.83333807134595,1.4,30
log_fit,parametric,trajectory,osc_exp,0.001,1000,1.0,0.0,0.0,0.07577163862947364,0.6833364892661182,1.0,30
shanks_1,shanks,limit,osc_exp,0.001,1000,1.0,0.0,0.5333,0.05199018028206813,1.000048852279838,1.2133,30
shanks_2,shanks,limit,osc_exp,0.001,1000,1.0,0.0,0.3667,0.05246972762380617,0.9898388847392722,1.1467,30
shanks_3,shanks,limit,osc_exp,0.001,1000,1.0,0.0,0.4333,0.052613552072074216,0.9866539005138177,1.1733,30
shanks_4,shanks,limit,osc_exp,0.001,1000,1.0,0.0,0.4,0.05284780934585433,0.9845220276168014,1.16,30
wynn_eps_1,wynn_eps,limit,osc_exp,0.001,1000,1.0,0.0,0.5333,0.05199018028206734,1.0000488522798225,1.2133,30
wynn_eps_2,wynn_eps,limit,osc_exp,0.001,1000,1.0,0.0,0.4,0.05241088598541295,0.9925075226190958,1.16,30
wynn_eps_3,wynn_eps,limit,osc_exp,0.001,1000,1.0,0.0,0.4667,0.05257686143765862,0.9940601601931693,1.1867,30
wynn_rho_1,wynn_rho,limit,osc_exp,0.001,1000,1.0,0.0,0.4667,0.05217591492247822,0.9996464514692143,1.1867,30
wynn_rho_2,wynn_rho,limit,osc_exp,0.001,1000,1.0,0.0,0.4333,0.05227457098059354,0.9970560671562487,1.1733,30
wynn_rho_3,wynn_rho,limit,osc_exp,0.001,1000,1.0,0.0,0.2667,0.05225096722368752,0.9951930903536909,1.1067,30
pade_11,pade,trajectory,osc_exp,0.001,1000,1.0,0.0,0.0,0.1281053905421121,0.4039055314024426,1.0,30
pade_12,pade,trajectory,osc_exp,0.001,1000,1.0,0.0,1.0,0.005157159410324222,10.044111074018382,1.4,30
pade_13,pade,trajectory,osc_exp,0.001,1000,1.0,0.0,1.0,0.008664174797891347,5.985323595906543,1.4,30
pade_21,pade,trajectory,osc_exp,0.001,1000,0.0,1.0,0.0,,,-2.0,30
pade_22,pade,trajectory,osc_exp,0.001,1000,1.0,0.0,1.0,0.028136960700879503,1.833571469854553,1.4,30
pade_23,pade,trajectory,osc_exp,0.001,1000,1.0,0.0,1.0,0.004981732438282253,10.377168994491898,1.4,30
pade_31,pade,trajectory,osc_exp,0.001,1000,1.0,1.0,0.0,81.6548204538777,0.0006336774901545257,-1.0,30
pade_32,pade,trajectory,osc_exp,0.001,1000,1.0,1.0,0.0,9.028875385773521,0.005757625361469464,-1.0,30
levin_t1,levin,limit,osc_exp,0.001,1000,1.0,0.0,0.5333,0.05199018028206733,1.0000488522798223,1.2133,30
levin_t2,levin,limit,osc_exp,0.001,1000,1.0,0.0333,0.4333,0.052309043567801236,0.9968504185588293,1.1067,30
levin_u1,levin,limit,osc_exp,0.001,1000,1.0,0.0,0.5333,0.05199866111614538,1.0000467797801444,1.2133,30
levin_u2,levin,limit,osc_exp,0.001,1000,1.0,0.0,0.4333,0.05230954467923901,0.9968055412226973,1.1733,30
levin_v1,levin,limit,osc_exp,0.001,1000,1.0,0.0,0.3333,0.052510077131145624,0.9913846221229419,1.1333,30
levin_v2,levin,limit,osc_exp,0.001,1000,1.0,0.0,0.3333,0.05255242702350773,0.9866643770756702,1.1333,30
weniger_d1,weniger,limit,osc_exp,0.001,1000,1.0,0.0,1.0,0.010000000000070291,5.17682985977374,1.4,30
weniger_d2,weniger,limit,osc_exp,0.001,1000,1.0,0.0,1.0,0.010000000000070291,5.17682985977374,1.4,30
brezinski_theta1,brezinski,limit,osc_exp,0.001,1000,1.0,0.0,0.5333,0.05222615181349908,1.0063980438366429,1.2133,30
brezinski_theta2,brezinski,limit,osc_exp,0.001,1000,1.0,0.0,0.4333,0.0527256549641984,0.9882085889500841,1.1733,30
neville_2,neville,trajectory,osc_exp,0.001,1000,0.5667,1.0,0.0,6.615511069619881,0.00801553066710859,-1.4333,30
neville_3,neville,trajectory,osc_exp,0.001,1000,0.3667,1.0,0.0,225.714225540731,0.000233936862080399,-1.6333,30
neville_4,neville,trajectory,osc_exp,0.001,1000,0.0,1.0,0.0,,,-2.0,30
anderson_1,anderson,limit,osc_exp,0.001,1000,1.0,0.0,0.5333,0.051976469248543496,1.0000358057547132,1.2133,30
anderson_2,anderson,limit,osc_exp,0.001,1000,1.0,0.0,0.4667,0.051949219756193266,0.9999830047824814,1.1867,30
anderson_3,anderson,limit,osc_exp,0.001,1000,1.0,0.0,0.5,0.05183993574448485,1.0000499681088848,1.2,30
median_ensemble,ensemble,trajectory,osc_exp,0.001,1000,1.0,0.0,0.6333,0.05196621491956119,1.0036660499558412,1.2533,30
stability_weighted,ensemble,trajectory,osc_exp,0.001,1000,1.0,0.0,0.4,0.052151721556082734,0.995398085697422,1.16,30
best_shanks_wynn,ensemble,limit,osc_exp,0.001,1000,1.0,0.0,0.5333,0.05199018028206813,1.000048852279838,1.2133,30
current_value,baseline,limit,osc_exp,0.001,5000,1.0,0.0,0.0,0.05176829859817157,1.0,1.0,30
linear,baseline,trajectory,osc_exp,0.001,5000,0.0,1.0,0.0,,,-2.0,30
log_linear,baseline,trajectory,osc_exp,0.001,5000,1.0,0.0,1.0,4.4608118918603064e-05,1168.8031837235221,1.4,30
geom_avg_diff,baseline,limit,osc_exp,0.001,5000,0.4667,0.5333,0.1667,0.053505455283517425,0.9813765055839416,-0.5333,30
richardson_1,richardson,trajectory,osc_exp,0.001,5000,1.0,0.0,1.0,0.0071935541288655185,7.198791615224261,1.4,30
richardson_2,richardson,trajectory,osc_exp,0.001,5000,1.0,0.0,1.0,0.008740903819976956,5.923245222219819,1.4,30
richardson_3,richardson,trajectory,osc_exp,0.001,5000,1.0,0.0,1.0,0.009219259992683356,5.615629977062699,1.4,30
richardson_a05,richardson,trajectory,osc_exp,0.001,5000,1.0,1.0,0.0,0.27280601727157033,0.18974072202682526,-1.0,30
richardson_a10,richardson,trajectory,osc_exp,0.001,5000,1.0,0.0,0.0,0.08906365584704509,0.5813463939537404,1.0,30
richardson_a20,richardson,trajectory,osc_exp,0.001,5000,1.0,0.0,1.0,0.02280734514763931,2.2774940260156376,1.4,30
single_exp_fit,parametric,trajectory,osc_exp,0.001,5000,1.0,0.0,1.0,0.037882986166415944,1.3746961937793944,1.4,30
double_exp_fit,parametric,trajectory,osc_exp,0.001,5000,1.0,0.0,1.0,0.009999999999997507,5.176829859817207,1.4,30
rational_fit,parametric,trajectory,osc_exp,0.001,5000,1.0,0.0,1.0,0.008224319019318943,6.295105346338979,1.4,30
log_fit,parametric,trajectory,osc_exp,0.001,5000,1.0,0.0,0.0,0.05958683340146575,0.8689629491393498,1.0,30
shanks_1,shanks,limit,osc_exp,0.001,5000,1.0,0.0,0.5333,0.05199018028213842,1.0000488522798379,1.2133,30
shanks_2,shanks,limit,osc_exp,0.001,5000,1.0,0.0,0.3667,0.05246972762387646,0.9898388847392856,1.1467,30
shanks_3,shanks,limit,osc_exp,0.001,5000,1.0,0.0,0.4333,0.05261355207214451,0.9866539005138354,1.1733,30
shanks_4,shanks,limit,osc_exp,0.001,5000,1.0,0.0,0.4,0.05284780934592462,0.9845220276168221,1.16,30
wynn_eps_1,wynn_eps,limit,osc_exp,0.001,5000,1.0,0.0,0.5333,0.05199018028213763,1.0000488522798223,1.2133,30
wynn_eps_2,wynn_eps,limit,osc_exp,0.001,5000,1.0,0.0,0.4,0.05241088598548324,0.992507522619106,1.16,30
wynn_eps_3,wynn_eps,limit,osc_exp,0.001,5000,1.0,0.0,0.4667,0.05257686143772891,0.9940601601931771,1.1867,30
wynn_rho_1,wynn_rho,limit,osc_exp,0.001,5000,1.0,0.0,0.4667,0.052175914922548514,0.9996464514692147,1.1867,30
wynn_rho_2,wynn_rho,limit,osc_exp,0.001,5000,1.0,0.0,0.4333,0.052274570980663834,0.9970560671562527,1.1733,30
wynn_rho_3,wynn_rho,limit,osc_exp,0.001,5000,1.0,0.0,0.2667,0.05225096722375781,0.9951930903536972,1.1067,30
pade_11,pade,trajectory,osc_exp,0.001,5000,1.0,0.0,0.0,0.14376462040908228,0.36009979802202385,1.0,30
pade_12,pade,trajectory,osc_exp,0.001,5000,1.0,0.0,1.0,0.009043479940351418,5.724749653082591,1.4,30
pade_13,pade,trajectory,osc_exp,0.001,5000,1.0,0.0,1.0,0.009936254456892179,5.210280826577929,1.4,30
pade_21,pade,trajectory,osc_exp,0.001,5000,0.0,1.0,0.0,,,-2.0,30
pade_22,pade,trajectory,osc_exp,0.001,5000,1.0,0.0,1.0,0.033372815097238356,1.548226211700519,1.4,30
pade_23,pade,trajectory,osc_exp,0.001,5000,1.0,0.0,1.0,0.009008673776693642,5.74623119280429,1.4,30
pade_31,pade,trajectory,osc_exp,0.001,5000,0.0,1.0,0.0,,,-2.0,30
pade_32,pade,trajectory,osc_exp,0.001,5000,1.0,1.0,0.0,56.012794318076786,0.0009290217590072773,-1.0,30
levin_t1,levin,limit,osc_exp,0.001,5000,1.0,0.0,0.5333,0.05199018028213762,1.0000488522798223,1.2133,30
levin_t2,levin,limit,osc_exp,0.001,5000,1.0,0.0333,0.4333,0.05230904356787153,0.9968504185588335,1.1067,30
levin_u1,levin,limit,osc_exp,0.001,5000,1.0,0.0,0.5333,0.05199866111621567,1.0000467797801442,1.2133,30
levin_u2,levin,limit,osc_exp,0.001,5000,1.0,0.0,0.4333,0.0523095446793093,0.9968055412227015,1.1733,30
levin_v1,levin,limit,osc_exp,0.001,5000,1.0,0.0,0.3333,0.052510077131215915,0.9913846221229536,1.1333,30
levin_v2,levin,limit,osc_exp,0.001,5000,1.0,0.0,0.3333,0.05255242702357802,0.9866643770756881,1.1333,30
weniger_d1,weniger,limit,osc_exp,0.001,5000,1.0,0.0,1.0,0.01,5.176829859817158,1.4,30
weniger_d2,weniger,limit,osc_exp,0.001,5000,1.0,0.0,1.0,0.01,5.176829859817158,1.4,30
brezinski_theta1,brezinski,limit,osc_exp,0.001,5000,1.0,0.0,0.5333,0.05222615181356937,1.0063980438366342,1.2133,30
brezinski_theta2,brezinski,limit,osc_exp,0.001,5000,1.0,0.0,0.4333,0.05272565496426869,0.9882085889500996,1.1733,30
neville_2,neville,trajectory,osc_exp,0.001,5000,0.5667,1.0,0.0,7.679435563962913,0.0069058976163848505,-1.4333,30
neville_3,neville,trajectory,osc_exp,0.001,5000,0.2667,1.0,0.0,227.37245274017818,0.00023229147319554476,-1.7333,30
neville_4,neville,trajectory,osc_exp,0.001,5000,0.0,1.0,0.0,,,-2.0,30
anderson_1,anderson,limit,osc_exp,0.001,5000,1.0,0.0,0.5333,0.05197646924861379,1.0000358057547132,1.2133,30
anderson_2,anderson,limit,osc_exp,0.001,5000,1.0,0.0,0.4667,0.05194921975626356,0.9999830047824814,1.1867,30
anderson_3,anderson,limit,osc_exp,0.001,5000,1.0,0.0,0.5,0.05183993574455514,1.0000499681088846,1.2,30
median_ensemble,ensemble,trajectory,osc_exp,0.001,5000,1.0,0.0,0.6333,0.05196621491963148,1.0036660499558363,1.2533,30
stability_weighted,ensemble,trajectory,osc_exp,0.001,5000,1.0,0.0,0.7333,0.05137095018654558,1.0123042788578855,1.2933,30
best_shanks_wynn,ensemble,limit,osc_exp,0.001,5000,1.0,0.0,0.5333,0.05199018028213842,1.0000488522798379,1.2133,30
current_value,baseline,limit,osc_exp,0.005,150,1.0,0.0,0.0,0.04217518464402935,1.0,1.0,30
linear,baseline,trajectory,osc_exp,0.005,150,1.0,0.8,0.0,0.22820403940261969,0.18470585123423053,-0.6,30
log_linear,baseline,trajectory,osc_exp,0.005,150,1.0,0.0,1.0,0.012883866764265565,3.285067309794957,1.4,30
geom_avg_diff,baseline,limit,osc_exp,0.005,150,0.6,0.4333,0.2667,0.04710448005862963,0.9270314337346638,-0.16,30
richardson_1,richardson,trajectory,osc_exp,0.005,150,1.0,0.0,0.3667,0.04306310300827059,0.9789691116934958,1.1467,30
richardson_2,richardson,trajectory,osc_exp,0.005,150,1.0,0.0,1.0,0.032712048318733734,1.2892074655164012,1.4,30
richardson_3,richardson,trajectory,osc_exp,0.005,150,1.0,0.0,1.0,0.027252959255106214,1.5480184692478756,1.4,30
richardson_a05,richardson,trajectory,osc_exp,0.005,150,1.0,0.0,0.0,0.05213665618771607,0.8190791864023441,1.0,30
richardson_a10,richardson,trajectory,osc_exp,0.005,150,1.0,0.0,1.0,0.018189429927647712,2.3475004354402946,1.4,30
richardson_a20,richardson,trajectory,osc_exp,0.005,150,1.0,0.0,1.0,0.02772665199717127,1.529444752077294,1.4,30
single_exp_fit,parametric,trajectory,osc_exp,0.005,150,1.0,0.0,1.0,0.030761084523255103,1.417834039412643,1.4,30
double_exp_fit,parametric,trajectory,osc_exp,0.005,150,1.0,0.0,1.0,0.001035949087424999,36.74479933438889,1.4,30
rational_fit,parametric,trajectory,osc_exp,0.005,150,1.0,0.0,0.7333,0.03948360691343953,1.0678588189047837,1.2933,30
log_fit,parametric,trajectory,osc_exp,0.005,150,1.0,0.0,0.0,0.0996623295869882,0.42287739041352046,1.0,30
shanks_1,shanks,limit,osc_exp,0.005,150,1.0,0.0,0.5667,0.04219843119791938,1.0019533259298514,1.2267,30
shanks_2,shanks,limit,osc_exp,0.005,150,1.0,0.0,0.2,0.045207973404008096,0.9501213295865578,1.08,30
shanks_3,shanks,limit,osc_exp,0.005,150,1.0,0.0,0.3333,0.04345669691322788,0.9808210520195215,1.1333,30
shanks_4,shanks,limit,osc_exp,0.005,150,1.0,0.0,0.3667,0.043298717650330436,0.9826735586250622,1.1467,30
wynn_eps_1,wynn_eps,limit,osc_exp,0.005,150,1.0,0.0,0.5667,0.04219843119791934,1.00195332592985,1.2267,30
wynn_eps_2,wynn_eps,limit,osc_exp,0.005,150,1.0,0.0,0.3667,0.04419504519437886,0.9602414916566901,1.1467,30
wynn_eps_3,wynn_eps,limit,osc_exp,0.005,150,1.0,0.0333,0.3333,0.04396280397732052,0.9553530377185185,1.0667,30
wynn_rho_1,wynn_rho,limit,osc_exp,0.005,150,1.0,0.0,0.3333,0.042452654834503896,0.9866678236656587,1.1333,30
wynn_rho_2,wynn_rho,limit,osc_exp,0.005,150,1.0,0.0,0.4333,0.04371790528888168,0.981648168235638,1.1733,30
wynn_rho_3,wynn_rho,limit,osc_exp,0.005,150,1.0,0.0,0.4333,0.04345701753088855,0.9822491683382004,1.1733,30
pade_11,pade,trajectory,osc_exp,0.005,150,1.0,0.0,0.4667,0.04279542949251312,0.9810176930160943,1.1867,30
pade_12,pade,trajectory,osc_exp,0.005,150,1.0,0.0,1.0,0.01785906995900518,2.375765586997643,1.4,30
pade_13,pade,trajectory,osc_exp,0.005,150,1.0,0.0,1.0,0.011562346365250002,3.531778553538201,1.4,30
pade_21,pade,trajectory,osc_exp,0.005,150,0.7,1.0,0.0,0.41398856958009655,0.10062551698468852,-1.3,30
pade_22,pade,trajectory,osc_exp,0.005,150,1.0,0.0,1.0,0.0027571196249731667,14.598146196501254,1.4,30
pade_23,pade,trajectory,osc_exp,0.005,150,1.0,0.0,1.0,0.019614684125997452,2.184756662488373,1.4,30
pade_31,pade,trajectory,osc_exp,0.005,150,1.0,1.0,0.0,0.49657237490130246,0.08523295283105718,-1.0,30
pade_32,pade,trajectory,osc_exp,0.005,150,1.0,1.0,0.0,0.5065202359305903,0.08019762973668074,-1.0,30
levin_t1,levin,limit,osc_exp,0.005,150,1.0,0.0,0.5667,0.04219843119791934,1.00195332592985,1.2267,30
levin_t2,levin,limit,osc_exp,0.005,150,1.0,0.0333,0.3333,0.04378907867437588,0.9798532671506937,1.0667,30
levin_u1,levin,limit,osc_exp,0.005,150,1.0,0.0,0.5667,0.04219656451454551,1.0019568641912637,1.2267,30
levin_u2,levin,limit,osc_exp,0.005,150,1.0,0.0,0.3333,0.04379048941821817,0.9794027122122921,1.1333,30
levin_v1,levin,limit,osc_exp,0.005,150,1.0,0.0,0.3667,0.0440034615136786,0.9381739894056826,1.1467,30
levin_v2,levin,limit,osc_exp,0.005,150,1.0,0.0,0.4,0.044276133666895874,0.9662367479739711,1.16,30
weniger_d1,weniger,limit,osc_exp,0.005,150,1.0,0.0,1.0,0.017956223353165716,2.3487781263644054,1.4,30
weniger_d2,weniger,limit,osc_exp,0.005,150,1.0,0.0,1.0,0.017956223353165716,2.3487781263644054,1.4,30
brezinski_theta1,brezinski,limit,osc_exp,0.005,150,1.0,0.0,0.5667,0.039364004303865066,1.1067339204131192,1.2267,30
brezinski_theta2,brezinski,limit,osc_exp,0.005,150,1.0,0.0,0.3333,0.049488594052104026,0.8407251831584877,1.1333,30
neville_2,neville,trajectory,osc_exp,0.005,150,0.5667,1.0,0.0,5.500563203713794,0.007481463289622654,-1.4333,30
neville_3,neville,trajectory,osc_exp,0.005,150,0.6,1.0,0.0,117.32613462403239,0.0003571499345906056,-1.4,30
neville_4,neville,trajectory,osc_exp,0.005,150,0.1,1.0,0.0,211.25358887513576,0.00022851774768494967,-1.9,30
anderson_1,anderson,limit,osc_exp,0.005,150,1.0,0.0,0.5667,0.0421984000128471,1.0019509148638766,1.2267,30
anderson_2,anderson,limit,osc_exp,0.005,150,1.0,0.0,0.5,0.041944733982610366,0.9999757924592703,1.2,30
anderson_3,anderson,limit,osc_exp,0.005,150,1.0,0.0,0.4667,0.04227370929200978,0.9977135323831391,1.1867,30
median_ensemble,ensemble,trajectory,osc_exp,0.005,150,1.0,0.0,0.5,0.042113638862321966,0.9985227235572617,1.2,30
stability_weighted,ensemble,trajectory,osc_exp,0.005,150,1.0,0.0,0.2667,0.043756753951951076,0.9569369119193484,1.1067,30
best_shanks_wynn,ensemble,limit,osc_exp,0.005,150,1.0,0.0,0.5667,0.04219843119791938,1.0019533259298514,1.2267,30
current_value,baseline,limit,osc_exp,0.005,1000,1.0,0.0,0.0,0.050131407997124774,1.0,1.0,30
linear,baseline,trajectory,osc_exp,0.005,1000,0.0,1.0,0.0,,,-2.0,30
log_linear,baseline,trajectory,osc_exp,0.005,1000,1.0,0.0,1.0,0.0007273153104994856,68.86147807307606,1.4,30
geom_avg_diff,baseline,limit,osc_exp,0.005,1000,0.6,0.4333,0.2667,0.055060791893782046,0.9369074685982428,-0.16,30
richardson_1,richardson,trajectory,osc_exp,0.005,1000,1.0,0.0,1.0,0.0015074642393330907,33.0954489393023,1.4,30
richardson_2,richardson,trajectory,osc_exp,0.005,1000,1.0,0.0,1.0,0.0031497488472118185,15.851979941770436,1.4,30
richardson_3,richardson,trajectory,osc_exp,0.005,1000,1.0,0.0,1.0,0.004979113273401918,10.03994851147111,1.4,30
richardson_a05,richardson,trajectory,osc_exp,0.005,1000,1.0,0.0333,0.0,0.214500818842154,0.2340796584228227,0.9333,30
richardson_a10,richardson,trajectory,osc_exp,0.005,1000,1.0,0.0,0.0,0.07988998041711555,0.6342102288192605,1.0,30
richardson_a20,richardson,trajectory,osc_exp,0.005,1000,1.0,0.0,1.0,0.022712198289241016,2.2189421543071486,1.4,30
single_exp_fit,parametric,trajectory,osc_exp,0.005,1000,1.0,0.0,1.0,0.03768453562698861,1.365724416564556,1.4,30
double_exp_fit,parametric,trajectory,osc_exp,0.005,1000,1.0,0.0,1.0,0.009999999635627404,5.0131412912878215,1.4,30
rational_fit,parametric,trajectory,osc_exp,0.005,1000,1.0,0.0,1.0,0.0011684298051320673,42.73455211299367,1.4,30
log_fit,parametric,trajectory,osc_exp,0.005,1000,1.0,0.0,0.0,0.07558839988163808,0.6628797317114108,1.0,30
shanks_1,shanks,limit,osc_exp,0.005,1000,1.0,0.0,0.5667,0.0501546545510148,1.001643833360356,1.2267,30
shanks_2,shanks,limit,osc_exp,0.005,1000,1.0,0.0,0.2,0.053164196757103516,0.9570301440183585,1.08,30
shanks_3,shanks,limit,osc_exp,0.005,1000,1.0,0.0,0.3333,0.051412920266323305,0.9838470837678466,1.1333,30
shanks_4,shanks,limit,osc_exp,0.005,1000,1.0,0.0,0.3667,0.051254941003425855,0.9853829714902362,1.1467,30
wynn_eps_1,wynn_eps,limit,osc_exp,0.005,1000,1.0,0.0,0.5667,0.05015465455101477,1.0016438333603546,1.2267,30
wynn_eps_2,wynn_eps,limit,osc_exp,0.005,1000,1.0,0.0,0.3667,0.05215126854747429,0.9663308352948549,1.1467,30
wynn_eps_3,wynn_eps,limit,osc_exp,0.005,1000,1.0,0.0,0.3333,0.05191902733041594,0.9626004498705265,1.1333,30
wynn_rho_1,wynn_rho,limit,osc_exp,0.005,1000,1.0,0.0,0.3333,0.05040887818759932,0.9887403153276357,1.1333,30
wynn_rho_2,wynn_rho,limit,osc_exp,0.005,1000,1.0,0.0,0.4333,0.051674128641977096,0.9845131210352442,1.1733,30
wynn_rho_3,wynn_rho,limit,osc_exp,0.005,1000,1.0,0.0,0.4333,0.05141324088398397,0.9850447288208771,1.1733,30
pade_11,pade,trajectory,osc_exp,0.005,1000,1.0,0.0,0.0,0.14901249657139215,0.3315145349751708,1.0,30
pade_12,pade,trajectory,osc_exp,0.005,1000,1.0,0.0,1.0,0.005052644670421148,9.876756556554282,1.4,30
pade_13,pade,trajectory,osc_exp,0.005,1000,1.0,0.0,1.0,0.00868367634702507,5.757056089744578,1.4,30
pade_21,pade,trajectory,osc_exp,0.005,1000,0.0,1.0,0.0,,,-2.0,30
pade_22,pade,trajectory,osc_exp,0.005,1000,1.0,0.0,0.9667,0.036749245816130593,1.3327512961965207,1.3867,30
pade_23,pade,trajectory,osc_exp,0.005,1000,1.0,0.0,1.0,0.004847482046708691,10.232384965363186,1.4,30
pade_31,pade,trajectory,osc_exp,0.005,1000,1.0,1.0,0.0,86.23927961119743,0.0005856078816500542,-1.0,30
pade_32,pade,trajectory,osc_exp,0.005,1000,0.5333,1.0,0.0,28.769723881568943,0.001965644777937527,-1.4667,30
levin_t1,levin,limit,osc_exp,0.005,1000,1.0,0.0,0.5667,0.05015465455101477,1.0016438333603546,1.2267,30
levin_t2,levin,limit,osc_exp,0.005,1000,1.0,0.0,0.3333,0.0517453020274713,0.9828874663531557,1.1333,30
levin_u1,levin,limit,osc_exp,0.005,1000,1.0,0.0,0.5667,0.05015278786764093,1.0016472029881769,1.2267,30
levin_u2,levin,limit,osc_exp,0.005,1000,1.0,0.0,0.3333,0.05174671277131359,0.982498594090115,1.1333,30
levin_v1,levin,limit,osc_exp,0.005,1000,1.0,0.0,0.3667,0.05195968486677403,0.9474096991549559,1.1467,30
levin_v2,levin,limit,osc_exp,0.005,1000,1.0,0.0,0.4,0.05223235701999129,0.971383170593213,1.16,30
weniger_d1,weniger,limit,osc_exp,0.005,1000,1.0,0.0,1.0,0.010000000000070291,5.01314079967724,1.4,30
weniger_d2,weniger,limit,osc_exp,0.005,1000,1.0,0.0,1.0,0.010000000000070291,5.01314079967724,1.4,30
brezinski_theta1,brezinski,limit,osc_exp,0.005,1000,1.0,0.0,0.5667,0.04732022765696049,1.0899814201126523,1.2267,30
brezinski_theta2,brezinski,limit,osc_exp,0.005,1000,1.0,0.0,0.3333,0.057444817405199446,0.8627896880794507,1.1333,30
neville_2,neville,trajectory,osc_exp,0.005,1000,0.5667,1.0,0.0,27.685268782124925,0.0017738128323910797,-1.4333,30
neville_3,neville,trajectory,osc_exp,0.005,1000,0.1,1.0,0.0,165.73956611960895,0.0003392757625093779,-1.9,30
neville_4,neville,trajectory,osc_exp,0.005,1000,0.0,1.0,0.0,,,-2.0,30
anderson_1,anderson,limit,osc_exp,0.005,1000,1.0,0.0,0.5667,0.05015462336594253,1.0016418070702051,1.2267,30
anderson_2,anderson,limit,osc_exp,0.005,1000,1.0,0.0,0.5,0.04990095733570579,0.9999782346509636,1.2,30
anderson_3,anderson,limit,osc_exp,0.005,1000,1.0,0.0,0.4667,0.050229932645105196,0.9980616134998935,1.1867,30
median_ensemble,ensemble,trajectory,osc_exp,0.005,1000,1.0,0.0,0.6667,0.04906958641852984,1.008998584788091,1.2667,30
stability_weighted,ensemble,trajectory,osc_exp,0.005,1000,1.0,0.0,0.3667,0.05098587821672708,0.9727582244064119,1.1467,30
best_shanks_wynn,ensemble,limit,osc_exp,0.005,1000,1.0,0.0,0.5667,0.0501546545510148,1.001643833360356,1.2267,30
current_value,baseline,limit,osc_exp,0.005,5000,1.0,0.0,0.0,0.050131407997195065,1.0,1.0,30
linear,baseline,trajectory,osc_exp,0.005,5000,0.0,1.0,0.0,,,-2.0,30
log_linear,baseline,trajectory,osc_exp,0.005,5000,1.0,0.0,1.0,4.2219987163997705e-05,1195.2778279615854,1.4,30
geom_avg_diff,baseline,limit,osc_exp,0.005,5000,0.6,0.4333,0.2667,0.05506079189385234,0.9369074685983181,-0.16,30
richardson_1,richardson,trajectory,osc_exp,0.005,5000,1.0,0.0,1.0,0.007205177352948299,6.94676149559108,1.4,30
richardson_2,richardson,trajectory,osc_exp,0.005,5000,1.0,0.0,1.0,0.008745537080637723,5.730512879639477,1.4,30
richardson_3,richardson,trajectory,osc_exp,0.005,5000,1.0,0.0,1.0,0.009221841926155824,5.436328224585541,1.4,30
richardson_a05,richardson,trajectory,osc_exp,0.005,5000,1.0,0.8,0.0,0.27393087234460745,0.18325788784527208,-0.6,30
richardson_a10,richardson,trajectory,osc_exp,0.005,5000,1.0,0.0,0.0,0.08972811742434937,0.5644013904475413,1.0,30
richardson_a20,richardson,trajectory,osc_exp,0.005,5000,1.0,0.0,1.0,0.022425972746875286,2.2477917271834915,1.4,30
single_exp_fit,parametric,trajectory,osc_exp,0.005,5000,1.0,0.0,1.0,0.0376845356270589,1.3657244165638989,1.4,30
double_exp_fit,parametric,trajectory,osc_exp,0.005,5000,1.0,0.0,1.0,0.009999999999997598,5.013140799719662,1.4,30
rational_fit,parametric,trajectory,osc_exp,0.005,5000,1.0,0.0,1.0,0.00822742410963891,6.092623023486795,1.4,30
log_fit,parametric,trajectory,osc_exp,0.005,5000,1.0,0.0,0.0333,0.059438171158071366,0.8430149585843654,1.0133,30
shanks_1,shanks,limit,osc_exp,0.005,5000,1.0,0.0,0.5667,0.050154654551085094,1.0016438333603535,1.2267,30
shanks_2,shanks,limit,osc_exp,0.005,5000,1.0,0.0,0.2,0.05316419675717381,0.957030144018411,1.08,30
shanks_3,shanks,limit,osc_exp,0.005,5000,1.0,0.0,0.3333,0.051412920266393596,0.9838470837678691,1.1333,30
shanks_4,shanks,limit,osc_exp,0.005,5000,1.0,0.0,0.3667,0.051254941003496146,0.9853829714902564,1.1467,30
wynn_eps_1,wynn_eps,limit,osc_exp,0.005,5000,1.0,0.0,0.5667,0.05015465455108506,1.0016438333603523,1.2267,30
wynn_eps_2,wynn_eps,limit,osc_exp,0.005,5000,1.0,0.0,0.3667,0.05215126854754458,0.9663308352949005,1.1467,30
wynn_eps_3,wynn_eps,limit,osc_exp,0.005,5000,1.0,0.0,0.3333,0.05191902733048623,0.9626004498705801,1.1333,30
wynn_rho_1,wynn_rho,limit,osc_exp,0.005,5000,1.0,0.0,0.3333,0.05040887818766961,0.9887403153276512,1.1333,30
wynn_rho_2,wynn_rho,limit,osc_exp,0.005,5000,1.0,0.0,0.4333,0.05167412864204739,0.9845131210352657,1.1733,30
wynn_rho_3,wynn_rho,limit,osc_exp,0.005,5000,1.0,0.0,0.4333,0.05141324088405426,0.9850447288208979,1.1733,30
pade_11,pade,trajectory,osc_exp,0.005,5000,1.0,0.0,0.0,0.16722451407136146,0.2950659900294581,1.0,30
pade_12,pade,trajectory,osc_exp,0.005,5000,1.0,0.0,1.0,0.009022285079553698,5.54546695385179,1.4,30
pade_13,pade,trajectory,osc_exp,0.005,5000,1.0,0.0,1.0,0.009937879570495488,5.038475034736402,1.4,30
pade_21,pade,trajectory,osc_exp,0.005,5000,0.0,1.0,0.0,,,-2.0,30
pade_22,pade,trajectory,osc_exp,0.005,5000,1.0,0.0,0.8333,0.042628555786835116,1.149378707343722,1.3333,30
pade_23,pade,trajectory,osc_exp,0.005,5000,1.0,0.0,1.0,0.008982260896546773,5.570711249864534,1.4,30
pade_31,pade,trajectory,osc_exp,0.005,5000,0.0,1.0,0.0,,,-2.0,30
pade_32,pade,trajectory,osc_exp,0.005,5000,0.3333,1.0,0.0,127.1858268750874,0.0004217424760435503,-1.6667,30
levin_t1,levin,limit,osc_exp,0.005,5000,1.0,0.0,0.5667,0.05015465455108506,1.0016438333603523,1.2267,30
levin_t2,levin,limit,osc_exp,0.005,5000,1.0,0.0,0.3333,0.051745302027541594,0.9828874663531784,1.1333,30
levin_u1,levin,limit,osc_exp,0.005,5000,1.0,0.0,0.5667,0.05015278786771122,1.0016472029881744,1.2267,30
levin_u2,levin,limit,osc_exp,0.005,5000,1.0,0.0,0.3333,0.05174671277138388,0.9824985940901383,1.1333,30
levin_v1,levin,limit,osc_exp,0.005,5000,1.0,0.0,0.3667,0.05195968486684432,0.9474096991550254,1.1467,30
levin_v2,levin,limit,osc_exp,0.005,5000,1.0,0.0,0.4,0.052232357020061584,0.9713831705932516,1.16,30
weniger_d1,weniger,limit,osc_exp,0.005,5000,1.0,0.0,1.0,0.01,5.0131407997195065,1.4,30
weniger_d2,weniger,limit,osc_exp,0.005,5000,1.0,0.0,1.0,0.01,5.0131407997195065,1.4,30
brezinski_theta1,brezinski,limit,osc_exp,0.005,5000,1.0,0.0,0.5667,0.04732022765703078,1.0899814201125277,1.2267,30
brezinski_theta2,brezinski,limit,osc_exp,0.005,5000,1.0,0.0,0.3333,0.05744481740526974,0.8627896880796186,1.1333,30
neville_2,neville,trajectory,osc_exp,0.005,5000,0.5667,1.0,0.0,32.18997013672794,0.0015255834294163604,-1.4333,30
neville_3,neville,trajectory,osc_exp,0.005,5000,0.0667,1.0,0.0,153.6070059649686,0.0003896391281497215,-1.9333,30
neville_4,neville,trajectory,osc_exp,0.005,5000,0.0,1.0,0.0,,,-2.0,30
anderson_1,anderson,limit,osc_exp,0.005,5000,1.0,0.0,0.5667,0.05015462336601282,1.0016418070702027,1.2267,30
anderson_2,anderson,limit,osc_exp,0.005,5000,1.0,0.0,0.5,0.04990095733577608,0.9999782346509636,1.2,30
anderson_3,anderson,limit,osc_exp,0.005,5000,1.0,0.0,0.4667,0.05022993264517549,0.9980616134998962,1.1867,30
median_ensemble,ensemble,trajectory,osc_exp,0.005,5000,1.0,0.0,0.6667,0.04906958641860013,1.008998584788078,1.2667,30
stability_weighted,ensemble,trajectory,osc_exp,0.005,5000,1.0,0.0,0.4667,0.0498791357001071,0.9950898357088829,1.1867,30
best_shanks_wynn,ensemble,limit,osc_exp,0.005,5000,1.0,0.0,0.5667,0.050154654551085094,1.0016438333603535,1.2267,30
current_value,baseline,limit,damped_osc_pow,0.0,150,1.0,0.0,0.0,0.015785183831156367,1.0,1.0,30
linear,baseline,trajectory,damped_osc_pow,0.0,150,1.0,0.0,0.0,0.04113258520749242,0.38376347490750595,1.0,30
log_linear,baseline,trajectory,damped_osc_pow,0.0,150,1.0,0.0,1.0,0.0003007693263500366,52.48269171167243,1.4,30
geom_avg_diff,baseline,limit,damped_osc_pow,0.0,150,1.0,0.0,1.0,0.0014192421655018078,11.122262440374387,1.4,30
richardson_1,richardson,trajectory,damped_osc_pow,0.0,150,1.0,0.0,1.0,0.00019002863013017207,83.06739789863934,1.4,30
richardson_2,richardson,trajectory,damped_osc_pow,0.0,150,1.0,0.0,1.0,3.2393204620756455e-07,48729.923500812765,1.4,30
richardson_3,richardson,trajectory,damped_osc_pow,0.0,150,1.0,0.0,1.0,3.3900917645324213e-07,46562.70368933078,1.4,30
richardson_a05,richardson,trajectory,damped_osc_pow,0.0,150,1.0,0.0,1.0,0.0019722691415312646,8.003564776610961,1.4,30
richardson_a10,richardson,trajectory,damped_osc_pow,0.0,150,1.0,0.0,1.0,0.00554930546726972,2.8445332347009433,1.4,30
richardson_a20,richardson,trajectory,damped_osc_pow,0.0,150,1.0,0.0,1.0,0.015669887521692162,1.0073578262322942,1.4,30
single_exp_fit,parametric,trajectory,damped_osc_pow,0.0,150,1.0,0.0,1.0,0.007221930330258981,2.185729176175853,1.4,30
double_exp_fit,parametric,trajectory,damped_osc_pow,0.0,150,1.0,0.0,1.0,0.007221920874454821,2.1857320379943905,1.4,30
rational_fit,parametric,trajectory,damped_osc_pow,0.0,150,1.0,0.0,1.0,0.0011282279615251259,13.991129780029679,1.4,30
log_fit,parametric,trajectory,damped_osc_pow,0.0,150,1.0,0.0,0.0,0.020037922965584078,0.787765471414779,1.0,30
shanks_1,shanks,limit,damped_osc_pow,0.0,150,1.0,0.0,1.0,0.006187260807398329,2.5512394454556464,1.4,30
shanks_2,shanks,limit,damped_osc_pow,0.0,150,1.0,0.0,0.0,0.019474319712629768,0.8105640691992507,1.0,30
shanks_3,shanks,limit,damped_osc_pow,0.0,150,1.0,0.0,0.0,0.027502500088191283,0.5739545052463806,1.0,30
shanks_4,shanks,limit,damped_osc_pow,0.0,150,1.0,0.0,0.0,0.027137248830256182,0.5816795921315709,1.0,30
wynn_eps_1,wynn_eps,limit,damped_osc_pow,0.0,150,1.0,0.0,1.0,0.006187260807418181,2.5512394454474605,1.4,30
wynn_eps_2,wynn_eps,limit,damped_osc_pow,0.0,150,1.0,0.0,1.0,0.01439577515604952,1.096515030281157,1.4,30
wynn_eps_3,wynn_eps,limit,damped_osc_pow,0.0,150,1.0,0.0,0.0,0.01885371273277897,0.837245377336864,1.0,30
wynn_rho_1,wynn_rho,limit,damped_osc_pow,0.0,150,1.0,0.0,0.0,0.028565153360890418,0.5526028035532423,1.0,30
wynn_rho_2,wynn_rho,limit,damped_osc_pow,0.0,150,1.0,0.0,0.0,0.03414352137186749,0.4623185657751912,1.0,30
wynn_rho_3,wynn_rho,limit,damped_osc_pow,0.0,150,1.0,0.0,0.0,0.036161625740099804,0.43651753780671704,1.0,30
pade_11,pade,trajectory,damped_osc_pow,0.0,150,1.0,0.0,1.0,0.0009940376232936352,15.879865571741524,1.4,30
pade_12,pade,trajectory,damped_osc_pow,0.0,150,1.0,0.0,1.0,0.0003126334686091789,50.49102356628786,1.4,30
pade_13,pade,trajectory,damped_osc_pow,0.0,150,1.0,0.0,1.0,0.000131914530530082,119.6622067919704,1.4,30
pade_21,pade,trajectory,damped_osc_pow,0.0,150,1.0,0.0,1.0,0.000571000365542168,27.644787610894518,1.4,30
pade_22,pade,trajectory,damped_osc_pow,0.0,150,1.0,0.0,1.0,4.676253008112363e-05,337.5605170159149,1.4,30
pade_23,pade,trajectory,damped_osc_pow,0.0,150,1.0,0.0,1.0,1.4970149422470491e-05,1054.4439728478924,1.4,30
pade_31,pade,trajectory,damped_osc_pow,0.0,150,1.0,0.0,1.0,0.00043101445271170186,36.62332836368901,1.4,30
pade_32,pade,trajectory,damped_osc_pow,0.0,150,1.0,0.0,1.0,1.9749194912425938e-05,799.2823961256533,1.4,30
levin_t1,levin,limit,damped_osc_pow,0.0,150,1.0,0.0,1.0,0.006187260807418202,2.551239445447452,1.4,30
levin_t2,levin,limit,damped_osc_pow,0.0,150,1.0,0.0,1.0,0.014424067919070728,1.094364219561532,1.4,30
levin_u1,levin,limit,damped_osc_pow,0.0,150,1.0,0.0,0.0,0.04167161307879077,0.378799443191951,1.0,30
levin_u2,levin,limit,damped_osc_pow,0.0,150,1.0,0.0,0.0,0.040155672209384666,0.39309972819897804,1.0,30
levin_v1,levin,limit,damped_osc_pow,0.0,150,1.0,0.0,0.0,0.04079417270995706,0.3869470265615538,1.0,30
levin_v2,levin,limit,damped_osc_pow,0.0,150,1.0,0.0,0.0,0.039830819198068725,0.3963057790165095,1.0,30
weniger_d1,weniger,limit,damped_osc_pow,0.0,150,1.0,0.0,0.0,0.04993573972854385,0.3161099428378623,1.0,30
weniger_d2,weniger,limit,damped_osc_pow,0.0,150,1.0,0.0,0.0,0.049935739728441106,0.31610994283851274,1.0,30
brezinski_theta1,brezinski,limit,damped_osc_pow,0.0,150,1.0,0.0,1.0,0.0066001902754338135,2.3916255702368896,1.4,30
brezinski_theta2,brezinski,limit,damped_osc_pow,0.0,150,1.0,0.0,0.0,0.01997948391639763,0.790069648305635,1.0,30
neville_2,neville,trajectory,damped_osc_pow,0.0,150,1.0,0.0,1.0,0.0002596076257715338,60.804006755364064,1.4,30
neville_3,neville,trajectory,damped_osc_pow,0.0,150,1.0,0.0,1.0,6.600981507533243e-05,239.13388960629308,1.4,30
neville_4,neville,trajectory,damped_osc_pow,0.0,150,1.0,0.0,1.0,1.9329972892445646e-05,816.6169667690212,1.4,30
anderson_1,anderson,limit,damped_osc_pow,0.0,150,1.0,0.0,1.0,0.01566288064244089,1.007808473518216,1.4,30
anderson_2,anderson,limit,damped_osc_pow,0.0,150,1.0,0.0,1.0,0.015536065958688346,1.0160348104295158,1.4,30
anderson_3,anderson,limit,damped_osc_pow,0.0,150,1.0,0.0,1.0,0.015404594781623364,1.024706203241842,1.4,30
median_ensemble,ensemble,trajectory,damped_osc_pow,0.0,150,1.0,0.0,1.0,0.006187260807408258,2.551239445451552,1.4,30
stability_weighted,ensemble,trajectory,damped_osc_pow,0.0,150,1.0,0.0,1.0,0.013959610756931522,1.130775356563461,1.4,30
best_shanks_wynn,ensemble,limit,damped_osc_pow,0.0,150,1.0,0.0,1.0,0.006187260807398329,2.5512394454556464,1.4,30
current_value,baseline,limit,damped_osc_pow,0.0,1000,1.0,0.0,0.0,0.044268460041168446,1.0,1.0,30
linear,baseline,trajectory,damped_osc_pow,0.0,1000,0.0,1.0,0.0,,,-2.0,30
log_linear,baseline,trajectory,damped_osc_pow,0.0,1000,1.0,0.0,1.0,0.0004920922971351008,89.9596687428229,1.4,30
geom_avg_diff,baseline,limit,damped_osc_pow,0.0,1000,1.0,0.0,1.0,0.023166358253943295,1.9108942180687043,1.4,30
richardson_1,richardson,trajectory,damped_osc_pow,0.0,1000,1.0,0.0,1.0,0.0017317036189749904,25.56353151665255,1.4,30
richardson_2,richardson,trajectory,damped_osc_pow,0.0,1000,1.0,0.0,1.0,9.51512649712688e-06,4652.430007581658,1.4,30
richardson_3,richardson,trajectory,damped_osc_pow,0.0,1000,1.0,0.0,1.0,1.0004955665804394e-05,4424.653293814399,1.4,30
richardson_a05,richardson,trajectory,damped_osc_pow,0.0,1000,1.0,0.0,1.0,0.010032111032286224,4.41267644453892,1.4,30
richardson_a10,richardson,trajectory,damped_osc_pow,0.0,1000,1.0,0.0,1.0,0.019198769565520087,2.3057967277586435,1.4,30
richardson_a20,richardson,trajectory,damped_osc_pow,0.0,1000,1.0,0.0,1.0,0.04143573381055842,1.0683643312209956,1.4,30
single_exp_fit,parametric,trajectory,damped_osc_pow,0.0,1000,1.0,0.0,1.0,0.03388179109073077,1.30655607676181,1.4,30
double_exp_fit,parametric,trajectory,damped_osc_pow,0.0,1000,1.0,0.0,1.0,0.03388177882623526,1.3065565497077913,1.4,30
rational_fit,parametric,trajectory,damped_osc_pow,0.0,1000,1.0,0.0,1.0,0.008431536988819835,5.25034286155278,1.4,30
log_fit,parametric,trajectory,damped_osc_pow,0.0,1000,1.0,0.0,1.0,0.029465816767792058,1.502366636907774,1.4,30
shanks_1,shanks,limit,damped_osc_pow,0.0,1000,1.0,0.0,1.0,0.02229601540261375,1.985487507152461,1.4,30
shanks_2,shanks,limit,damped_osc_pow,0.0,1000,1.0,0.0,1.0,0.009008956497382311,4.913827706242262,1.4,30
shanks_3,shanks,limit,damped_osc_pow,0.0,1000,1.0,0.0,1.0,0.0009807761218207957,45.13615192729686,1.4,30
shanks_4,shanks,limit,damped_osc_pow,0.0,1000,1.0,0.0,1.0,0.0013460273797558965,32.88823147802282,1.4,30
wynn_eps_1,wynn_eps,limit,damped_osc_pow,0.0,1000,1.0,0.0,1.0,0.022296015402593898,1.9854875071542288,1.4,30
wynn_eps_2,wynn_eps,limit,damped_osc_pow,0.0,1000,1.0,0.0,1.0,0.014087501053962559,3.1423926693312674,1.4,30
wynn_eps_3,wynn_eps,limit,damped_osc_pow,0.0,1000,1.0,0.0,1.0,0.009629563477233108,4.597140892817318,1.4,30
wynn_rho_1,wynn_rho,limit,damped_osc_pow,0.0,1000,1.0,0.0,1.0,8.187715087833863e-05,540.6692778910567,1.4,30
wynn_rho_2,wynn_rho,limit,damped_osc_pow,0.0,1000,1.0,0.0,1.0,0.005660245161855412,7.820943930043018,1.4,30
wynn_rho_3,wynn_rho,limit,damped_osc_pow,0.0,1000,1.0,0.0,1.0,0.007678349530087721,5.765361405820594,1.4,30
pade_11,pade,trajectory,damped_osc_pow,0.0,1000,1.0,0.0,1.0,0.008068382855172133,5.486658334859595,1.4,30
pade_12,pade,trajectory,damped_osc_pow,0.0,1000,1.0,0.0,1.0,0.006797835581245339,6.512140447071335,1.4,30
pade_13,pade,trajectory,damped_osc_pow,0.0,1000,1.0,0.0,0.0,0.08351228838288663,0.5300831877364763,1.0,30
pade_21,pade,trajectory,damped_osc_pow,0.0,1000,1.0,0.0,1.0,0.037776679033211205,1.171846260023281,1.4,30
pade_22,pade,trajectory,damped_osc_pow,0.0,1000,1.0,0.0,1.0,0.002254318665269643,19.637179394011458,1.4,30
pade_23,pade,trajectory,damped_osc_pow,0.0,1000,1.0,0.0,1.0,0.002703858674243019,16.37232761566652,1.4,30
pade_31,pade,trajectory,damped_osc_pow,0.0,1000,1.0,1.0,0.0,0.26832495675346835,0.16498077769874173,-1.0,30
pade_32,pade,trajectory,damped_osc_pow,0.0,1000,1.0,0.0,1.0,0.006351736499871634,6.9695051175474765,1.4,30
levin_t1,levin,limit,damped_osc_pow,0.0,1000,1.0,0.0,1.0,0.022296015402593877,1.9854875071542306,1.4,30
levin_t2,levin,limit,damped_osc_pow,0.0,1000,1.0,0.0,1.0,0.014059208290941351,3.1487164230785005,1.4,30
levin_u1,levin,limit,damped_osc_pow,0.0,1000,1.0,0.0,1.0,0.013188336868778688,3.3566370408665445,1.4,30
levin_u2,levin,limit,damped_osc_pow,0.0,1000,1.0,0.0,1.0,0.01167239599937259,3.7925769519426815,1.4,30
levin_v1,levin,limit,damped_osc_pow,0.0,1000,1.0,0.0,1.0,0.012310896499944985,3.595876225696989,1.4,30
levin_v2,levin,limit,damped_osc_pow,0.0,1000,1.0,0.0,1.0,0.011347542988056647,3.901149357861984,1.4,30
weniger_d1,weniger,limit,damped_osc_pow,0.0,1000,1.0,0.0,1.0,0.02145246351853177,2.063560672317518,1.4,30
weniger_d2,weniger,limit,damped_osc_pow,0.0,1000,1.0,0.0,1.0,0.02145246351842903,2.0635606723274007,1.4,30
brezinski_theta1,brezinski,limit,damped_osc_pow,0.0,1000,1.0,0.0,1.0,0.021883085934578266,2.0229532605005325,1.4,30
brezinski_theta2,brezinski,limit,damped_osc_pow,0.0,1000,1.0,0.0,1.0,0.008503792293614448,5.205731573948474,1.4,30
neville_2,neville,trajectory,damped_osc_pow,0.0,1000,1.0,0.0,1.0,0.00586787759221034,7.544203052213499,1.4,30
neville_3,neville,trajectory,damped_osc_pow,0.0,1000,1.0,0.0,1.0,0.003690889509212439,11.993981377842557,1.4,30
neville_4,neville,trajectory,damped_osc_pow,0.0,1000,1.0,0.0,1.0,0.002549834818243772,17.361305024322654,1.4,30
anderson_1,anderson,limit,damped_osc_pow,0.0,1000,1.0,0.0,1.0,0.04414615685245297,1.0027704153075938,1.4,30
anderson_2,anderson,limit,damped_osc_pow,0.0,1000,1.0,0.0,1.0,0.044019342168700425,1.0056592820381844,1.4,30
anderson_3,anderson,limit,damped_osc_pow,0.0,1000,1.0,0.0,1.0,0.04388787099163544,1.0086718503525847,1.4,30
median_ensemble,ensemble,trajectory,damped_osc_pow,0.0,1000,1.0,0.0,1.0,0.004994866309601553,8.862791774040454,1.4,30
stability_weighted,ensemble,trajectory,damped_osc_pow,0.0,1000,1.0,0.0,1.0,0.013608291309967373,3.253050587529977,1.4,30
best_shanks_wynn,ensemble,limit,damped_osc_pow,0.0,1000,1.0,0.0,1.0,0.02229601540261375,1.985487507152461,1.4,30
current_value,baseline,limit,damped_osc_pow,0.0,5000,1.0,0.0,0.0,0.051698254053306705,1.0,1.0,30
linear,baseline,trajectory,damped_osc_pow,0.0,5000,0.0,1.0,0.0,,,-2.0,30
log_linear,baseline,trajectory,damped_osc_pow,0.0,5000,1.0,0.0,1.0,0.0002402099713823963,215.22109909004132,1.4,30
geom_avg_diff,baseline,limit,damped_osc_pow,0.0,5000,1.0,0.0,1.0,0.03059615163078828,1.689697929241657,1.4,30
richardson_1,richardson,trajectory,damped_osc_pow,0.0,5000,1.0,0.0,1.0,0.0029583205492160237,17.47554167752616,1.4,30
richardson_2,richardson,trajectory,damped_osc_pow,0.0,5000,1.0,0.0,1.0,6.882932690308388e-06,7511.079416205997,1.4,30
richardson_3,richardson,trajectory,damped_osc_pow,0.0,5000,1.0,0.0,1.0,8.209903955171474e-06,6297.059543643215,1.4,30
richardson_a05,richardson,trajectory,damped_osc_pow,0.0,5000,1.0,0.0,1.0,0.01537139453796658,3.363276762275185,1.4,30
richardson_a10,richardson,trajectory,damped_osc_pow,0.0,5000,1.0,0.0,1.0,0.02453437833835082,2.1071760343931265,1.4,30
richardson_a20,richardson,trajectory,damped_osc_pow,0.0,5000,1.0,0.0,1.0,0.04880548026638287,1.0592714951504405,1.4,30
single_exp_fit,parametric,trajectory,damped_osc_pow,0.0,5000,1.0,0.0,1.0,0.04131158510285213,1.2514226681110208,1.4,30
double_exp_fit,parametric,trajectory,damped_osc_pow,0.0,5000,1.0,0.0,1.0,0.041311572838356625,1.2514230396308306,1.4,30
rational_fit,parametric,trajectory,damped_osc_pow,0.0,5000,1.0,0.0,1.0,0.012628751979365815,4.093694621430269,1.4,30
log_fit,parametric,trajectory,damped_osc_pow,0.0,5000,1.0,0.0,1.0,0.027287514816702964,1.8945753910012237,1.4,30
shanks_1,shanks,limit,damped_osc_pow,0.0,5000,1.0,0.0,1.0,0.029725809414752013,1.7391706086782095,1.4,30
shanks_2,shanks,limit,damped_osc_pow,0.0,5000,1.0,0.0,1.0,0.016438750509520574,3.1449016774946146,1.4,30
shanks_3,shanks,limit,damped_osc_pow,0.0,5000,1.0,0.0,1.0,0.008410570133959058,6.146819208434695,1.4,30
shanks_4,shanks,limit,damped_osc_pow,0.0,5000,1.0,0.0,1.0,0.008775821391894159,5.890987492185986,1.4,30
wynn_eps_1,wynn_eps,limit,damped_osc_pow,0.0,5000,1.0,0.0,1.0,0.02972580941473216,1.7391706086793708,1.4,30
wynn_eps_2,wynn_eps,limit,damped_osc_pow,0.0,5000,1.0,0.0,1.0,0.02151729506610082,2.4026372224989436,1.4,30
wynn_eps_3,wynn_eps,limit,damped_osc_pow,0.0,5000,1.0,0.0,1.0,0.01705935748937137,3.030492448822688,1.4,30
wynn_rho_1,wynn_rho,limit,damped_osc_pow,0.0,5000,1.0,0.0,1.0,0.007347916861259924,7.035770141313517,1.4,30
wynn_rho_2,wynn_rho,limit,damped_osc_pow,0.0,5000,1.0,0.0,1.0,0.0017695488502828503,29.215499784051225,1.4,30
wynn_rho_3,wynn_rho,limit,damped_osc_pow,0.0,5000,1.0,0.0,1.0,0.0002485555179494586,207.99479520635325,1.4,30
pade_11,pade,trajectory,damped_osc_pow,0.0,5000,1.0,0.0,1.0,0.012221832642422003,4.2299919795875764,1.4,30
pade_12,pade,trajectory,damped_osc_pow,0.0,5000,1.0,0.0,1.0,0.010411366726054394,4.96555883714403,1.4,30
pade_13,pade,trajectory,damped_osc_pow,0.0,5000,1.0,0.0,1.0,0.014419018848349589,3.5854210745569643,1.4,30
pade_21,pade,trajectory,damped_osc_pow,0.0,5000,1.0,0.0,0.0,0.25751899442862247,0.20075510999883198,1.0,30
pade_22,pade,trajectory,damped_osc_pow,0.0,5000,1.0,0.0,1.0,0.00494707949811515,10.450257383776403,1.4,30
pade_23,pade,trajectory,damped_osc_pow,0.0,5000,1.0,0.0,1.0,0.00794805116209828,6.504519535535853,1.4,30
pade_31,pade,trajectory,damped_osc_pow,0.0,5000,1.0,1.0,0.0,9.16375222358254,0.005641603220159464,-1.0,30
pade_32,pade,trajectory,damped_osc_pow,0.0,5000,1.0,0.0,0.0,0.05659892239984671,0.9134141050969324,1.0,30
levin_t1,levin,limit,damped_osc_pow,0.0,5000,1.0,0.0,1.0,0.02972580941473214,1.7391706086793721,1.4,30
levin_t2,levin,limit,damped_osc_pow,0.0,5000,1.0,0.0,1.0,0.021489002303079614,2.405800572970192,1.4,30
levin_u1,levin,limit,damped_osc_pow,0.0,5000,1.0,0.0,1.0,0.0057585428566404254,8.97766246433179,1.4,30
levin_u2,levin,limit,damped_osc_pow,0.0,5000,1.0,0.0,1.0,0.004242601987234328,12.185506490795717,1.4,30
levin_v1,levin,limit,damped_osc_pow,0.0,5000,1.0,0.0,1.0,0.004881102487806722,10.591511688691632,1.4,30
levin_v2,levin,limit,damped_osc_pow,0.0,5000,1.0,0.0,1.0,0.003917748975918385,13.195907744749722,1.4,30
weniger_d1,weniger,limit,damped_osc_pow,0.0,5000,1.0,0.0,1.0,0.014022669506393508,3.686762640290093,1.4,30
weniger_d2,weniger,limit,damped_osc_pow,0.0,5000,1.0,0.0,1.0,0.014022669506290766,3.6867626403171054,1.4,30
brezinski_theta1,brezinski,limit,damped_osc_pow,0.0,5000,1.0,0.0,1.0,0.029312879946716528,1.7636702414529442,1.4,30
brezinski_theta2,brezinski,limit,damped_osc_pow,0.0,5000,1.0,0.0,1.0,0.01593358630575271,3.2446087818058515,1.4,30
neville_2,neville,trajectory,damped_osc_pow,0.0,5000,1.0,0.0,1.0,0.009790172368355162,5.280627562841621,1.4,30
neville_3,neville,trajectory,damped_osc_pow,0.0,5000,1.0,0.0,1.0,0.007061815247496075,7.3208165664823195,1.4,30
neville_4,neville,trajectory,damped_osc_pow,0.0,5000,1.0,0.0,1.0,0.005522747886900704,9.360965793120625,1.4,30
anderson_1,anderson,limit,damped_osc_pow,0.0,5000,1.0,0.0,1.0,0.05157595086459123,1.002371322034112,1.4,30
anderson_2,anderson,limit,damped_osc_pow,0.0,5000,1.0,0.0,1.0,0.051449136180838684,1.0048420224509191,1.4,30
anderson_3,anderson,limit,damped_osc_pow,0.0,5000,1.0,0.0,1.0,0.0513176650037737,1.0074163360609845,1.4,30
median_ensemble,ensemble,trajectory,damped_osc_pow,0.0,5000,1.0,0.0,1.0,0.012424660321739816,4.160939028880223,1.4,30
stability_weighted,ensemble,trajectory,damped_osc_pow,0.0,5000,1.0,0.0,1.0,0.020044305280064654,2.579199095751347,1.4,30
best_shanks_wynn,ensemble,limit,damped_osc_pow,0.0,5000,1.0,0.0,1.0,0.029725809414752013,1.7391706086782095,1.4,30
current_value,baseline,limit,damped_osc_pow,0.001,150,1.0,0.0,0.0,0.01585004660194554,1.0,1.0,30
linear,baseline,trajectory,damped_osc_pow,0.001,150,1.0,0.0,0.0,0.04099125934295785,0.38688867044213493,1.0,30
log_linear,baseline,trajectory,damped_osc_pow,0.001,150,1.0,0.0,1.0,0.00036566662171584954,43.747910174271816,1.4,30
geom_avg_diff,baseline,limit,damped_osc_pow,0.001,150,0.3667,0.6667,0.1333,0.01839351993615778,0.9103248152366188,-0.9133,30
richardson_1,richardson,trajectory,damped_osc_pow,0.001,150,1.0,0.0,1.0,0.0005176092758646875,29.455553916021145,1.4,30
richardson_2,richardson,trajectory,damped_osc_pow,0.001,150,1.0,0.0,1.0,0.0009512072064066478,17.345281435559443,1.4,30
richardson_3,richardson,trajectory,damped_osc_pow,0.001,150,1.0,0.0,1.0,0.0010335083936662964,15.162209817138313,1.4,30
richardson_a05,richardson,trajectory,damped_osc_pow,0.001,150,1.0,0.0,1.0,0.0018842539834221968,8.31699767087871,1.4,30
richardson_a10,richardson,trajectory,damped_osc_pow,0.001,150,1.0,0.0,1.0,0.005620866395746167,2.856021612539265,1.4,30
richardson_a20,richardson,trajectory,damped_osc_pow,0.001,150,1.0,0.0,0.6,0.015702391047266666,1.0223667359290487,1.24,30
single_exp_fit,parametric,trajectory,damped_osc_pow,0.001,150,1.0,0.0,1.0,0.007300020646139018,2.161677619547361,1.4,30
double_exp_fit,parametric,trajectory,damped_osc_pow,0.001,150,1.0,0.0,1.0,0.0073001800090425825,2.161679456243211,1.4,30
rational_fit,parametric,trajectory,damped_osc_pow,0.001,150,1.0,0.0,1.0,0.0012370694920149222,12.584651639655206,1.4,30
log_fit,parametric,trajectory,damped_osc_pow,0.001,150,1.0,0.0,0.0,0.020059010224912854,0.7917820651681745,1.0,30
shanks_1,shanks,limit,damped_osc_pow,0.001,150,1.0,0.0,0.5667,0.016113354151538042,1.0044969468527425,1.2267,30
shanks_2,shanks,limit,damped_osc_pow,0.001,150,1.0,0.0,0.1667,0.017028738553155315,0.9517600514834215,1.0667,30
shanks_3,shanks,limit,damped_osc_pow,0.001,150,1.0,0.0,0.2333,0.017065255168945963,0.9779486259095969,1.0933,30
shanks_4,shanks,limit,damped_osc_pow,0.001,150,1.0,0.0,0.1667,0.0177307087028218,0.8910961975715617,1.0667,30
wynn_eps_1,wynn_eps,limit,damped_osc_pow,0.001,150,1.0,0.0,0.5667,0.016113354151538015,1.004496946852806,1.2267,30
wynn_eps_2,wynn_eps,limit,damped_osc_pow,0.001,150,1.0,0.0,0.3333,0.016558103526152265,0.9731468683017606,1.1333,30
wynn_eps_3,wynn_eps,limit,damped_osc_pow,0.001,150,1.0,0.0,0.3333,0.017286264015240603,0.9605367903731366,1.1333,30
wynn_rho_1,wynn_rho,limit,damped_osc_pow,0.001,150,1.0,0.0,0.3667,0.01637282014295692,0.994510017619236,1.1467,30
wynn_rho_2,wynn_rho,limit,damped_osc_pow,0.001,150,1.0,0.0,0.5,0.016679763985762736,1.0023514051846596,1.2,30
wynn_rho_3,wynn_rho,limit,damped_osc_pow,0.001,150,0.9667,0.0667,0.3333,0.017092026941827633,0.9630443575552569,0.9667,30
pade_11,pade,trajectory,damped_osc_pow,0.001,150,1.0,0.0,1.0,0.0007611063427453643,22.0243393149061,1.4,30
pade_12,pade,trajectory,damped_osc_pow,0.001,150,1.0,0.0,1.0,0.007498221298948261,2.084189250045382,1.4,30
pade_13,pade,trajectory,damped_osc_pow,0.001,150,1.0,0.0,1.0,0.004983352949569718,3.2410108577028036,1.4,30
pade_21,pade,trajectory,damped_osc_pow,0.001,150,0.9667,0.5,0.0,0.07290625349004032,0.20475337151965414,-0.0333,30
pade_22,pade,trajectory,damped_osc_pow,0.001,150,1.0,0.0,1.0,0.0005531437673020577,28.975528056791937,1.4,30
pade_23,pade,trajectory,damped_osc_pow,0.001,150,1.0,0.0,1.0,0.007969836357125035,1.914130993817353,1.4,30
pade_31,pade,trajectory,damped_osc_pow,0.001,150,1.0,0.4,0.0,0.07594100003168246,0.2066335337565434,0.2,30
pade_32,pade,trajectory,damped_osc_pow,0.001,150,1.0,0.0,0.0333,0.03534322964219517,0.4615213180321369,1.0133,30
levin_t1,levin,limit,damped_osc_pow,0.001,150,1.0,0.0,0.5667,0.016113354151538015,1.004496946852806,1.2267,30
levin_t2,levin,limit,damped_osc_pow,0.001,150,1.0,0.0,0.4333,0.016562405354465015,0.9723223473825788,1.1733,30
levin_u1,levin,limit,damped_osc_pow,0.001,150,1.0,0.0,0.5667,0.016116712044217996,1.0044868583971702,1.2267,30
levin_u2,levin,limit,damped_osc_pow,0.001,150,1.0,0.0,0.4333,0.01655674164140318,0.972540423809342,1.1733,30
levin_v1,levin,limit,damped_osc_pow,0.001,150,1.0,0.0,0.2667,0.01691963925239462,0.9658935200675064,1.1067,30
levin_v2,levin,limit,damped_osc_pow,0.001,150,1.0,0.0,0.2333,0.01695565799848201,0.9546741629234266,1.0933,30
weniger_d1,weniger,limit,damped_osc_pow,0.001,150,1.0,0.0,0.0,0.04993573972854385,0.3174088676388521,1.0,30
weniger_d2,weniger,limit,damped_osc_pow,0.001,150,1.0,0.0,0.0,0.04993573972854385,0.3174088676388521,1.0,30
brezinski_theta1,brezinski,limit,damped_osc_pow,0.001,150,1.0,0.0,0.5667,0.01607269028165531,1.0345586551685861,1.2267,30
brezinski_theta2,brezinski,limit,damped_osc_pow,0.001,150,1.0,0.0,0.2667,0.018020678673524602,0.8688164644968343,1.1067,30
neville_2,neville,trajectory,damped_osc_pow,0.001,150,0.6667,0.9667,0.0,1.3762558515699639,0.012622130042404974,-1.2667,30
neville_3,neville,trajectory,damped_osc_pow,0.001,150,0.5333,1.0,0.0,31.41864395393,0.0005729472204683359,-1.4667,30
neville_4,neville,trajectory,damped_osc_pow,0.001,150,0.3667,1.0,0.0,218.99936826364578,7.903992788053812e-05,-1.6333,30
anderson_1,anderson,limit,damped_osc_pow,0.001,150,1.0,0.0,0.5667,0.016114651970788693,1.0040125914160405,1.2267,30
anderson_2,anderson,limit,damped_osc_pow,0.001,150,1.0,0.0,0.4667,0.016065538110483203,0.9997792864588453,1.1867,30
anderson_3,anderson,limit,damped_osc_pow,0.001,150,1.0,0.0,0.5,0.015978264367085868,1.0000790651853857,1.2,30
median_ensemble,ensemble,trajectory,damped_osc_pow,0.001,150,1.0,0.0,0.6333,0.015946756983422815,1.009150377264476,1.2533,30
stability_weighted,ensemble,trajectory,damped_osc_pow,0.001,150,1.0,0.0,0.6,0.015637195275903952,1.0332421510618781,1.24,30
best_shanks_wynn,ensemble,limit,damped_osc_pow,0.001,150,1.0,0.0,0.5667,0.016113354151538042,1.0044969468527425,1.2267,30
current_value,baseline,limit,damped_osc_pow,0.001,1000,1.0,0.0,0.0,0.04433332281195762,1.0,1.0,30
linear,baseline,trajectory,damped_osc_pow,0.001,1000,0.0,1.0,0.0,,,-2.0,30
log_linear,baseline,trajectory,damped_osc_pow,0.001,1000,1.0,0.0,1.0,0.0005265901858160574,84.00909903631867,1.4,30
geom_avg_diff,baseline,limit,damped_osc_pow,0.001,1000,0.3667,0.6667,0.1333,0.04687679614616986,0.9642809444601652,-0.9133,30
richardson_1,richardson,trajectory,damped_osc_pow,0.001,1000,1.0,0.0,1.0,0.0018527104818394542,24.047580170051823,1.4,30
richardson_2,richardson,trajectory,damped_osc_pow,0.001,1000,1.0,0.0,1.0,0.004982596277587561,9.017668212367703,1.4,30
richardson_3,richardson,trajectory,damped_osc_pow,0.001,1000,1.0,0.0,1.0,0.005562789481471023,7.991784444193886,1.4,30
richardson_a05,richardson,trajectory,damped_osc_pow,0.001,1000,1.0,0.0,1.0,0.009855192113420525,4.47011957359417,1.4,30
richardson_a10,richardson,trajectory,damped_osc_pow,0.001,1000,1.0,0.0,1.0,0.0192872322871119,2.3044067899195975,1.4,30
richardson_a20,richardson,trajectory,damped_osc_pow,0.001,1000,1.0,0.0,1.0,0.04147490807346617,1.0733152528896772,1.4,30
single_exp_fit,parametric,trajectory,damped_osc_pow,0.001,1000,1.0,0.0,1.0,0.033971440935306324,1.3096025880552222,1.4,30
double_exp_fit,parametric,trajectory,damped_osc_pow,0.001,1000,1.0,0.0,1.0,0.033971688534257825,1.3095737450351344,1.4,30
rational_fit,parametric,trajectory,damped_osc_pow,0.001,1000,1.0,0.0,1.0,0.008764315433916018,5.063986805998693,1.4,30
log_fit,parametric,trajectory,damped_osc_pow,0.001,1000,1.0,0.0,1.0,0.02948116145304975,1.5057043456538097,1.4,30
shanks_1,shanks,limit,damped_osc_pow,0.001,1000,1.0,0.0,0.5667,0.04459663036155012,1.0015453856485355,1.2267,30
shanks_2,shanks,limit,damped_osc_pow,0.001,1000,1.0,0.0,0.1667,0.045512014763167394,0.9824507128608118,1.0667,30
shanks_3,shanks,limit,damped_osc_pow,0.001,1000,1.0,0.0,0.2333,0.04554853137895804,0.9918712113708167,1.0933,30
shanks_4,shanks,limit,damped_osc_pow,0.001,1000,1.0,0.0,0.1667,0.04621398491283388,0.9578088885944931,1.0667,30
wynn_eps_1,wynn_eps,limit,damped_osc_pow,0.001,1000,1.0,0.0,0.5667,0.044596630361550094,1.0015453856485572,1.2267,30
wynn_eps_2,wynn_eps,limit,damped_osc_pow,0.001,1000,1.0,0.0,0.3333,0.045041379736164344,0.9899119520873951,1.1333,30
wynn_eps_3,wynn_eps,limit,damped_osc_pow,0.001,1000,1.0,0.0,0.3333,0.04576954022525268,0.9848077512299125,1.1333,30
wynn_rho_1,wynn_rho,limit,damped_osc_pow,0.001,1000,1.0,0.0,0.3667,0.044856096352969,0.9980476592787966,1.1467,30
wynn_rho_2,wynn_rho,limit,damped_osc_pow,0.001,1000,1.0,0.0,0.5333,0.045101491843030236,1.0019253934758345,1.2133,30
wynn_rho_3,wynn_rho,limit,damped_osc_pow,0.001,1000,0.9667,0.0333,0.4,0.04541471316851362,0.99118710520543,1.06,30
pade_11,pade,trajectory,damped_osc_pow,0.001,1000,1.0,0.0,1.0,0.003792577187358032,11.861634601681821,1.4,30
pade_12,pade,trajectory,damped_osc_pow,0.001,1000,1.0,0.0,1.0,0.013876994968859361,3.1990307863052436,1.4,30
pade_13,pade,trajectory,damped_osc_pow,0.001,1000,1.0,0.0,1.0,0.024272720297113345,1.8525112939590982,1.4,30
pade_21,pade,trajectory,damped_osc_pow,0.001,1000,0.3,1.0,0.0,5.382756313232466,0.008267395418469268,-1.7,30
pade_22,pade,trajectory,damped_osc_pow,0.001,1000,1.0,0.0,1.0,0.0063349976358188925,7.091539864874777,1.4,30
pade_23,pade,trajectory,damped_osc_pow,0.001,1000,1.0,0.0,1.0,0.01407257153950332,3.149636590188098,1.4,30
pade_31,pade,trajectory,damped_osc_pow,0.001,1000,1.0,1.0,0.0,12.705803401368865,0.0034865508825628884,-1.0,30
pade_32,pade,trajectory,damped_osc_pow,0.001,1000,0.9667,1.0,0.0,1.5646231919258182,0.028819676351150927,-1.0333,30
levin_t1,levin,limit,damped_osc_pow,0.001,1000,1.0,0.0,0.5667,0.044596630361550094,1.0015453856485572,1.2267,30
levin_t2,levin,limit,damped_osc_pow,0.001,1000,1.0,0.0,0.4333,0.045045681564477094,0.9894628561346546,1.1733,30
levin_u1,levin,limit,damped_osc_pow,0.001,1000,1.0,0.0,0.5667,0.044599988254230075,1.0016480826151324,1.2267,30
levin_u2,levin,limit,damped_osc_pow,0.001,1000,1.0,0.0,0.4333,0.04504001785141526,0.9895453456011527,1.1733,30
levin_v1,levin,limit,damped_osc_pow,0.001,1000,1.0,0.0,0.2667,0.0454029154624067,0.9870721833662214,1.1067,30
levin_v2,levin,limit,damped_osc_pow,0.001,1000,1.0,0.0,0.2333,0.04543893420849409,0.9828938371800915,1.0933,30
weniger_d1,weniger,limit,damped_osc_pow,0.001,1000,1.0,0.0,1.0,0.02145246351853177,2.0665842304619306,1.4,30
weniger_d2,weniger,limit,damped_osc_pow,0.001,1000,1.0,0.0,1.0,0.02145246351853177,2.0665842304619306,1.4,30
brezinski_theta1,brezinski,limit,damped_osc_pow,0.001,1000,1.0,0.0,0.5667,0.04455596649166739,1.012417469240348,1.2267,30
brezinski_theta2,brezinski,limit,damped_osc_pow,0.001,1000,1.0,0.0,0.2667,0.04650395488353668,0.9477763128881918,1.1067,30
neville_2,neville,trajectory,damped_osc_pow,0.001,1000,0.5667,1.0,0.0,7.184699112751061,0.006339168521779681,-1.4333,30
neville_3,neville,trajectory,damped_osc_pow,0.001,1000,0.3667,1.0,0.0,230.67612553383208,0.000196673590553733,-1.6333,30
neville_4,neville,trajectory,damped_osc_pow,0.001,1000,0.0,1.0,0.0,,,-2.0,30
anderson_1,anderson,limit,damped_osc_pow,0.001,1000,1.0,0.0,0.5667,0.04459792818080077,1.0014181935211142,1.2267,30
anderson_2,anderson,limit,damped_osc_pow,0.001,1000,1.0,0.0,0.4667,0.04454881432049528,0.9999234249973741,1.1867,30
anderson_3,anderson,limit,damped_osc_pow,0.001,1000,1.0,0.0,0.5,0.04446154057709795,1.0000258677472849,1.2,30
median_ensemble,ensemble,trajectory,damped_osc_pow,0.001,1000,1.0,0.0,0.6333,0.044430033193434894,1.0032942097331086,1.2533,30
stability_weighted,ensemble,trajectory,damped_osc_pow,0.001,1000,1.0,0.0,0.7,0.04292643003618958,1.0299712276817539,1.28,30
best_shanks_wynn,ensemble,limit,damped_osc_pow,0.001,1000,1.0,0.0,0.5667,0.04459663036155012,1.0015453856485355,1.2267,30
current_value,baseline,limit,damped_osc_pow,0.001,5000,1.0,0.0,0.0,0.05176311682409588,1.0,1.0,30
linear,baseline,trajectory,damped_osc_pow,0.001,5000,0.0,1.0,0.0,,,-2.0,30
log_linear,baseline,trajectory,damped_osc_pow,0.001,5000,1.0,0.0,1.0,0.0002584761081841167,199.03792679979134,1.4,30
geom_avg_diff,baseline,limit,damped_osc_pow,0.001,5000,0.3667,0.6667,0.1333,0.05430659015830812,0.9691264963397275,-0.9133,30
richardson_1,richardson,trajectory,damped_osc_pow,0.001,5000,1.0,0.0,1.0,0.0028035374097007734,18.318991995939097,1.4,30
richardson_2,richardson,trajectory,damped_osc_pow,0.001,5000,1.0,0.0,1.0,0.007514380225653401,6.825637712797931,1.4,30
richardson_3,richardson,trajectory,damped_osc_pow,0.001,5000,1.0,0.0,1.0,0.00812953917930341,6.309224489534037,1.4,30
richardson_a05,richardson,trajectory,damped_osc_pow,0.001,5000,1.0,0.0,1.0,0.015170267563089708,3.3962827338993034,1.4,30
richardson_a10,richardson,trajectory,damped_osc_pow,0.001,5000,1.0,0.0,1.0,0.0246268227013148,2.1078957387802717,1.4,30
richardson_a20,richardson,trajectory,damped_osc_pow,0.001,5000,1.0,0.0,1.0,0.048844829861035735,1.0635023179888905,1.4,30
single_exp_fit,parametric,trajectory,damped_osc_pow,0.001,5000,1.0,0.0,1.0,0.04140123494742839,1.2545264066153075,1.4,30
double_exp_fit,parametric,trajectory,damped_osc_pow,0.001,5000,1.0,0.0,1.0,0.041401482546379896,1.2544972932401137,1.4,30
rational_fit,parametric,trajectory,damped_osc_pow,0.001,5000,1.0,0.0,1.0,0.0130022353170052,3.984838668715137,1.4,30
log_fit,parametric,trajectory,damped_osc_pow,0.001,5000,1.0,0.0,1.0,0.027299963983961065,1.8983196606621933,1.4,30
shanks_1,shanks,limit,damped_osc_pow,0.001,5000,1.0,0.0,0.5667,0.05202642437368838,1.0013194815184858,1.2267,30
shanks_2,shanks,limit,damped_osc_pow,0.001,5000,1.0,0.0,0.1667,0.05294180877530565,0.9849484401169297,1.0667,30
shanks_3,shanks,limit,damped_osc_pow,0.001,5000,1.0,0.0,0.2333,0.0529783253910963,0.9930202922881941,1.0933,30
shanks_4,shanks,limit,damped_osc_pow,0.001,5000,1.0,0.0,0.1667,0.05364377892497214,0.9636230119218614,1.0667,30
wynn_eps_1,wynn_eps,limit,damped_osc_pow,0.001,5000,1.0,0.0,0.5667,0.05202642437368835,1.0013194815185043,1.2267,30
wynn_eps_2,wynn_eps,limit,damped_osc_pow,0.001,5000,1.0,0.0,0.3333,0.0524711737483026,0.9913246703364418,1.1333,30
wynn_eps_3,wynn_eps,limit,damped_osc_pow,0.001,5000,1.0,0.0,0.3333,0.05319933423739094,0.9869233766787784,1.1333,30
wynn_rho_1,wynn_rho,limit,damped_osc_pow,0.001,5000,1.0,0.0,0.3667,0.05228589036510726,0.998328529495518,1.1467,30
wynn_rho_2,wynn_rho,limit,damped_osc_pow,0.001,5000,1.0,0.0,0.5333,0.052531285855168496,1.0016568282719576,1.2133,30
wynn_rho_3,wynn_rho,limit,damped_osc_pow,0.001,5000,0.9667,0.0333,0.4,0.05284450718065188,0.992398974246219,1.06,30
pade_11,pade,trajectory,damped_osc_pow,0.001,5000,1.0,0.0,1.0,0.0074144271435292435,7.051326381512748,1.4,30
pade_12,pade,trajectory,damped_osc_pow,0.001,5000,1.0,0.0,1.0,0.012465612152767636,4.15763189703495,1.4,30
pade_13,pade,trajectory,damped_osc_pow,0.001,5000,1.0,0.0,1.0,0.01410220167452167,3.6706011957828784,1.4,30
pade_21,pade,trajectory,damped_osc_pow,0.001,5000,0.2,1.0,0.0,40.242240729869366,0.0013801034143308703,-1.8,30
pade_22,pade,trajectory,damped_osc_pow,0.001,5000,1.0,0.0,1.0,0.010281659225687571,5.04619263792052,1.4,30
pade_23,pade,trajectory,damped_osc_pow,0.001,5000,1.0,0.0,1.0,0.012509784062634883,4.1409578481849705,1.4,30
pade_31,pade,trajectory,damped_osc_pow,0.001,5000,1.0,1.0,0.0,367.61622881279226,0.00014072208372708242,-1.0,30
pade_32,pade,trajectory,damped_osc_pow,0.001,5000,0.9667,1.0,0.0,10.13225378413092,0.0052051491281273265,-1.0333,30
levin_t1,levin,limit,damped_osc_pow,0.001,5000,1.0,0.0,0.5667,0.05202642437368835,1.0013194815185043,1.2267,30
levin_t2,levin,limit,damped_osc_pow,0.001,5000,1.0,0.0,0.4333,0.05247547557661535,0.9909293246385479,1.1733,30
levin_u1,levin,limit,damped_osc_pow,0.001,5000,1.0,0.0,0.5667,0.052029782266368334,1.001407123993865,1.2267,30
levin_u2,levin,limit,damped_osc_pow,0.001,5000,1.0,0.0,0.4333,0.05246981186355352,0.9910004710909588,1.1733,30
levin_v1,levin,limit,damped_osc_pow,0.001,5000,1.0,0.0,0.2667,0.05283270947454496,0.9888739975182529,1.1067,30
levin_v2,levin,limit,damped_osc_pow,0.001,5000,1.0,0.0,0.2333,0.05286872822063235,0.9852828284003492,1.0933,30
weniger_d1,weniger,limit,damped_osc_pow,0.001,5000,1.0,0.0,1.0,0.014022669506393508,3.691388205398049,1.4,30
weniger_d2,weniger,limit,damped_osc_pow,0.001,5000,1.0,0.0,1.0,0.014022669506393508,3.691388205398049,1.4,30
brezinski_theta1,brezinski,limit,damped_osc_pow,0.001,5000,1.0,0.0,0.5667,0.05198576050380565,1.0106399622089537,1.2267,30
brezinski_theta2,brezinski,limit,damped_osc_pow,0.001,5000,1.0,0.0,0.2667,0.05393374889567494,0.9548616642202974,1.1067,30
neville_2,neville,trajectory,damped_osc_pow,0.001,5000,0.5667,1.0,0.0,8.350386676988926,0.0063481607303479525,-1.4333,30
neville_3,neville,trajectory,damped_osc_pow,0.001,5000,0.2667,1.0,0.0,233.5486645483433,0.00022612006953515607,-1.7333,30
neville_4,neville,trajectory,damped_osc_pow,0.001,5000,0.0,1.0,0.0,,,-2.0,30
anderson_1,anderson,limit,damped_osc_pow,0.001,5000,1.0,0.0,0.5667,0.05202772219293903,1.0012135271817086,1.2267,30
anderson_2,anderson,limit,damped_osc_pow,0.001,5000,1.0,0.0,0.4667,0.05197860833263354,0.9999345704344009,1.1867,30
anderson_3,anderson,limit,damped_osc_pow,0.001,5000,1.0,0.0,0.5,0.051891334589236206,1.0000220002519522,1.2,30
median_ensemble,ensemble,trajectory,damped_osc_pow,0.001,5000,1.0,0.0,0.6333,0.05185982720557315,1.0028233017958632,1.2533,30
stability_weighted,ensemble,trajectory,damped_osc_pow,0.001,5000,1.0,0.0,0.9667,0.04462962535958343,1.1715953976033133,1.3867,30
best_shanks_wynn,ensemble,limit,damped_osc_pow,0.001,5000,1.0,0.0,0.5667,0.05202642437368838,1.0013194815184858,1.2267,30
current_value,baseline,limit,damped_osc_pow,0.005,150,1.0,0.0,0.0,0.014213156000969042,1.0,1.0,30
linear,baseline,trajectory,damped_osc_pow,0.005,150,1.0,0.0667,0.0,0.042274072008322415,0.33552514933175615,0.8667,30
log_linear,baseline,trajectory,damped_osc_pow,0.005,150,1.0,0.0,1.0,0.000761593242647754,21.87197458934114,1.4,30
geom_avg_diff,baseline,limit,damped_osc_pow,0.005,150,0.5667,0.5,0.2,0.022413675284061053,0.6606298352154233,-0.3533,30
richardson_1,richardson,trajectory,damped_osc_pow,0.005,150,1.0,0.0,1.0,0.0013703284097361795,12.080742751128906,1.4,30
richardson_2,richardson,trajectory,damped_osc_pow,0.005,150,1.0,0.0,1.0,0.0020112068536824977,6.774531010324839,1.4,30
richardson_3,richardson,trajectory,damped_osc_pow,0.005,150,1.0,0.0,1.0,0.002488364721196217,5.715263616437689,1.4,30
richardson_a05,richardson,trajectory,damped_osc_pow,0.005,150,1.0,0.0,1.0,0.0024039303071952192,5.641554455885577,1.4,30
richardson_a10,richardson,trajectory,damped_osc_pow,0.005,150,1.0,0.0,1.0,0.0051673949380244485,2.7120181565359003,1.4,30
richardson_a20,richardson,trajectory,damped_osc_pow,0.005,150,1.0,0.0,0.3667,0.015354298490139189,0.9303472084694884,1.1467,30
single_exp_fit,parametric,trajectory,damped_osc_pow,0.005,150,1.0,0.0,0.9667,0.006494820803797239,2.417240740660988,1.3867,30
double_exp_fit,parametric,trajectory,damped_osc_pow,0.005,150,1.0,0.0,0.9667,0.0064939154131136885,2.4168353692204914,1.3867,30
rational_fit,parametric,trajectory,damped_osc_pow,0.005,150,1.0,0.0,1.0,0.0025266468413694086,5.240664742748729,1.4,30
log_fit,parametric,trajectory,damped_osc_pow,0.005,150,1.0,0.0,0.1333,0.019807202762028034,0.7172608359945858,1.0533,30
shanks_1,shanks,limit,damped_osc_pow,0.005,150,1.0,0.0,0.5667,0.014240143768581022,1.0052992199817063,1.2267,30
shanks_2,shanks,limit,damped_osc_pow,0.005,150,1.0,0.0,0.2,0.016738486741293003,0.8405192834470976,1.08,30
shanks_3,shanks,limit,damped_osc_pow,0.005,150,1.0,0.0333,0.3,0.016497412263556714,0.8745849117001931,1.0533,30
shanks_4,shanks,limit,damped_osc_pow,0.005,150,1.0,0.0,0.3,0.016070997780464162,0.884451997149611,1.12,30
wynn_eps_1,wynn_eps,limit,damped_osc_pow,0.005,150,1.0,0.0,0.5667,0.014240143768580973,1.0052992199817004,1.2267,30
wynn_eps_2,wynn_eps,limit,damped_osc_pow,0.005,150,1.0,0.0333,0.3667,0.01687648920198548,0.8579536433581848,1.08,30
wynn_eps_3,wynn_eps,limit,damped_osc_pow,0.005,150,1.0,0.0333,0.3333,0.016729380532743893,0.8224584863410715,1.0667,30
wynn_rho_1,wynn_rho,limit,damped_osc_pow,0.005,150,1.0,0.0,0.3,0.014553331597441016,0.9429547721178291,1.12,30
wynn_rho_2,wynn_rho,limit,damped_osc_pow,0.005,150,1.0,0.0667,0.4,0.01589943722290031,0.9428153006135254,1.0267,30
wynn_rho_3,wynn_rho,limit,damped_osc_pow,0.005,150,1.0,0.0,0.4333,0.01602997393592895,0.9611472421630081,1.1733,30
pade_11,pade,trajectory,damped_osc_pow,0.005,150,1.0,0.7667,0.0,0.10265219792831626,0.12112167948181092,-0.5333,30
pade_12,pade,trajectory,damped_osc_pow,0.005,150,1.0,0.0,0.9333,0.006693504553308565,2.195398665464505,1.3733,30
pade_13,pade,trajectory,damped_osc_pow,0.005,150,1.0,0.0,0.8667,0.006571560329015583,2.2512115995498165,1.3467,30
pade_21,pade,trajectory,damped_osc_pow,0.005,150,1.0,0.2667,0.0,0.05637218196888581,0.2672254947726723,0.4667,30
pade_22,pade,trajectory,damped_osc_pow,0.005,150,1.0,0.2,0.0,0.03304983356229753,0.41880335820630926,0.6,30
pade_23,pade,trajectory,damped_osc_pow,0.005,150,1.0,0.0,0.9,0.0068415203394003865,2.187220916106383,1.36,30
pade_31,pade,trajectory,damped_osc_pow,0.005,150,1.0,0.4333,0.0333,0.06553712468040211,0.22626911755696916,0.1467,30
pade_32,pade,trajectory,damped_osc_pow,0.005,150,1.0,0.3333,0.0,0.06256985400980794,0.2347373141073299,0.3333,30
levin_t1,levin,limit,damped_osc_pow,0.005,150,1.0,0.0,0.5667,0.014240143768580966,1.0052992199817,1.2267,30
levin_t2,levin,limit,damped_osc_pow,0.005,150,1.0,0.0667,0.3667,0.01563300955552803,0.9347225505834584,1.0133,30
levin_u1,levin,limit,damped_osc_pow,0.005,150,1.0,0.0,0.5667,0.014238224042850071,1.0052942601415984,1.2267,30
levin_u2,levin,limit,damped_osc_pow,0.005,150,1.0,0.0667,0.3667,0.015305741638908542,0.9335041270860018,1.0133,30
levin_v1,levin,limit,damped_osc_pow,0.005,150,1.0,0.0,0.3333,0.01720150148490366,0.8207139859013404,1.1333,30
levin_v2,levin,limit,damped_osc_pow,0.005,150,1.0,0.0,0.4,0.015917594751035442,0.9053052967030372,1.16,30
weniger_d1,weniger,limit,damped_osc_pow,0.005,150,1.0,0.1667,0.0,0.04993573972854385,0.2846289266612113,0.6667,30
weniger_d2,weniger,limit,damped_osc_pow,0.005,150,1.0,0.1667,0.0,0.04993573972854385,0.2846289266612113,0.6667,30
brezinski_theta1,brezinski,limit,damped_osc_pow,0.005,150,1.0,0.0,0.5333,0.012578737725138612,1.2501023770282869,1.2133,30
brezinski_theta2,brezinski,limit,damped_osc_pow,0.005,150,1.0,0.0667,0.3,0.0221423293320063,0.6049239105729857,0.9867,30
neville_2,neville,trajectory,damped_osc_pow,0.005,150,0.6,1.0,0.0,5.368905480888014,0.00274016829896808,-1.4,30
neville_3,neville,trajectory,damped_osc_pow,0.005,150,0.6,1.0,0.0,117.80173118837985,0.00012134745840617369,-1.4,30
neville_4,neville,trajectory,damped_osc_pow,0.005,150,0.1,1.0,0.0,211.51663381961006,9.603578361771742e-05,-1.9,30
anderson_1,anderson,limit,damped_osc_pow,0.005,150,1.0,0.0,0.5667,0.014240100020725864,1.0052934488013985,1.2267,30
anderson_2,anderson,limit,damped_osc_pow,0.005,150,1.0,0.0,0.5,0.014022409699106814,1.0026517350102337,1.2,30
anderson_3,anderson,limit,damped_osc_pow,0.005,150,1.0,0.0,0.4667,0.01442307086508203,0.993398981004745,1.1867,30
median_ensemble,ensemble,trajectory,damped_osc_pow,0.005,150,1.0,0.0,0.6333,0.013061412938601476,1.0286833589661208,1.2533,30
stability_weighted,ensemble,trajectory,damped_osc_pow,0.005,150,1.0,0.0,0.5,0.015443619557518488,0.9877186959195275,1.2,30
best_shanks_wynn,ensemble,limit,damped_osc_pow,0.005,150,1.0,0.0,0.5667,0.014240143768581022,1.0052992199817063,1.2267,30
current_value,baseline,limit,damped_osc_pow,0.005,1000,1.0,0.0,0.0,0.04269643221098112,1.0,1.0,30
linear,baseline,trajectory,damped_osc_pow,0.005,1000,0.0,1.0,0.0,,,-2.0,30
log_linear,baseline,trajectory,damped_osc_pow,0.005,1000,1.0,0.0,1.0,0.0005457508604266078,72.75330630671588,1.4,30
geom_avg_diff,baseline,limit,damped_osc_pow,0.005,1000,0.5667,0.4333,0.2667,0.04461390179578704,0.9568049810542598,-0.1933,30
richardson_1,richardson,trajectory,damped_osc_pow,0.005,1000,1.0,0.0,1.0,0.00500466054200472,8.673150825721127,1.4,30
richardson_2,richardson,trajectory,damped_osc_pow,0.005,1000,1.0,0.0,1.0,0.0075995101251139854,5.364891619808528,1.4,30
richardson_3,richardson,trajectory,damped_osc_pow,0.005,1000,1.0,0.0,1.0,0.007429556654725387,5.365978280412068,1.4,30
richardson_a05,richardson,trajectory,damped_osc_pow,0.005,1000,1.0,0.0,1.0,0.010890774234280304,3.9389459484688114,1.4,30
richardson_a10,richardson,trajectory,damped_osc_pow,0.005,1000,1.0,0.0,1.0,0.018653985750470815,2.2784856428245037,1.4,30
richardson_a20,richardson,trajectory,damped_osc_pow,0.005,1000,1.0,0.0,0.7,0.04109390098817611,1.0426506229453967,1.28,30
single_exp_fit,parametric,trajectory,damped_osc_pow,0.005,1000,1.0,0.0,0.9667,0.032942991166945865,1.3055985081685129,1.3867,30
double_exp_fit,parametric,trajectory,damped_osc_pow,0.005,1000,1.0,0.0,0.9667,0.03294094402557061,1.3055526066659862,1.3867,30
rational_fit,parametric,trajectory,damped_osc_pow,0.005,1000,1.0,0.0,1.0,0.010254809146806203,4.071273520080849,1.4,30
log_fit,parametric,trajectory,damped_osc_pow,0.005,1000,1.0,0.0,1.0,0.029297934671345515,1.4554263546519701,1.4,30
shanks_1,shanks,limit,damped_osc_pow,0.005,1000,1.0,0.0,0.5667,0.0427234199785931,1.001772530876679,1.2267,30
shanks_2,shanks,limit,damped_osc_pow,0.005,1000,1.0,0.0,0.2333,0.04522176295130508,0.9480352811905135,1.0933,30
shanks_3,shanks,limit,damped_osc_pow,0.005,1000,1.0,0.0,0.3,0.04498068847356879,0.9547388466344355,1.12,30
shanks_4,shanks,limit,damped_osc_pow,0.005,1000,1.0,0.0,0.3,0.04455427399047624,0.9561637619754246,1.12,30
wynn_eps_1,wynn_eps,limit,damped_osc_pow,0.005,1000,1.0,0.0,0.5667,0.04272341997859305,1.001772530876677,1.2267,30
wynn_eps_2,wynn_eps,limit,damped_osc_pow,0.005,1000,1.0,0.0,0.3667,0.04535976541199756,0.9472952041489295,1.1467,30
wynn_eps_3,wynn_eps,limit,damped_osc_pow,0.005,1000,1.0,0.0,0.3667,0.044920228430755875,0.9586677797227344,1.1467,30
wynn_rho_1,wynn_rho,limit,damped_osc_pow,0.005,1000,1.0,0.0,0.3333,0.043036607807453095,0.9844919567564331,1.1333,30
wynn_rho_2,wynn_rho,limit,damped_osc_pow,0.005,1000,1.0,0.0333,0.5,0.04403863875902632,0.9975170915663515,1.1333,30
wynn_rho_3,wynn_rho,limit,damped_osc_pow,0.005,1000,1.0,0.0,0.4667,0.04432779491243927,0.9926043132332271,1.1867,30
pade_11,pade,trajectory,damped_osc_pow,0.005,1000,0.9667,0.7,0.0,0.2957773159673804,0.15134332767372483,-0.4333,30
pade_12,pade,trajectory,damped_osc_pow,0.005,1000,1.0,0.0,1.0,0.013634623643707749,3.179036738804756,1.4,30
pade_13,pade,trajectory,damped_osc_pow,0.005,1000,1.0,0.0333,0.9667,0.023115248568778203,1.9627292138399108,1.32,30
pade_21,pade,trajectory,damped_osc_pow,0.005,1000,0.0,1.0,0.0,,,-2.0,30
pade_22,pade,trajectory,damped_osc_pow,0.005,1000,0.8333,0.4333,0.0333,0.1545615723554788,0.2989759380470783,-0.02,30
pade_23,pade,trajectory,damped_osc_pow,0.005,1000,1.0,0.0,1.0,0.013746814010365494,3.12758648143241,1.4,30
pade_31,pade,trajectory,damped_osc_pow,0.005,1000,1.0,1.0,0.0,12.05986404153987,0.0036503759914446082,-1.0,30
pade_32,pade,trajectory,damped_osc_pow,0.005,1000,0.0,1.0,0.0,,,-2.0,30
levin_t1,levin,limit,damped_osc_pow,0.005,1000,1.0,0.0,0.5667,0.042723419978593045,1.0017725308766767,1.2267,30
levin_t2,levin,limit,damped_osc_pow,0.005,1000,1.0,0.0333,0.4333,0.04338008670925664,0.9889294713636487,1.1067,30
levin_u1,levin,limit,damped_osc_pow,0.005,1000,1.0,0.0,0.5667,0.04272150025286215,1.001776268396719,1.2267,30
levin_u2,levin,limit,damped_osc_pow,0.005,1000,1.0,0.0,0.4333,0.043394597493889984,0.9888531282279404,1.1733,30
levin_v1,levin,limit,damped_osc_pow,0.005,1000,1.0,0.0,0.3667,0.045212394039743545,0.9322740260826897,1.1467,30
levin_v2,levin,limit,damped_osc_pow,0.005,1000,1.0,0.0,0.4,0.04440087096104752,0.9659734258881436,1.16,30
weniger_d1,weniger,limit,damped_osc_pow,0.005,1000,1.0,0.0,1.0,0.02145246351853177,1.9902810776998963,1.4,30
weniger_d2,weniger,limit,damped_osc_pow,0.005,1000,1.0,0.0,1.0,0.02145246351853177,1.9902810776998963,1.4,30
brezinski_theta1,brezinski,limit,damped_osc_pow,0.005,1000,1.0,0.0,0.5667,0.039945769531942434,1.1092063384218949,1.2267,30
brezinski_theta2,brezinski,limit,damped_osc_pow,0.005,1000,1.0,0.0,0.3333,0.05062560554201838,0.8426060881716877,1.1333,30
neville_2,neville,trajectory,damped_osc_pow,0.005,1000,0.5667,1.0,0.0,28.254456825256103,0.0014749357775844607,-1.4333,30
neville_3,neville,trajectory,damped_osc_pow,0.005,1000,0.1,1.0,0.0,170.70146611270812,0.0002858583643027504,-1.9,30
neville_4,neville,trajectory,damped_osc_pow,0.005,1000,0.0,1.0,0.0,,,-2.0,30
anderson_1,anderson,limit,damped_osc_pow,0.005,1000,1.0,0.0,0.5667,0.04272337623073794,1.00177063181778,1.2267,30
anderson_2,anderson,limit,damped_osc_pow,0.005,1000,1.0,0.0,0.5,0.04250568590911889,1.0006221506332327,1.2,30
anderson_3,anderson,limit,damped_osc_pow,0.005,1000,1.0,0.0,0.4667,0.04290634707509411,0.9976428475153833,1.1867,30
median_ensemble,ensemble,trajectory,damped_osc_pow,0.005,1000,1.0,0.0,0.6667,0.04143100603990398,1.010286692890598,1.2667,30
stability_weighted,ensemble,trajectory,damped_osc_pow,0.005,1000,1.0,0.0,0.7333,0.037876403160146364,1.1004360949159433,1.2933,30
best_shanks_wynn,ensemble,limit,damped_osc_pow,0.005,1000,1.0,0.0,0.5667,0.0427234199785931,1.001772530876679,1.2267,30
current_value,baseline,limit,damped_osc_pow,0.005,5000,1.0,0.0,0.0,0.05012622622311938,1.0,1.0,30
linear,baseline,trajectory,damped_osc_pow,0.005,5000,0.0,1.0,0.0,,,-2.0,30
log_linear,baseline,trajectory,damped_osc_pow,0.005,5000,1.0,0.0,1.0,0.00030918213120110106,159.61575594139813,1.4,30
geom_avg_diff,baseline,limit,damped_osc_pow,0.005,5000,0.5667,0.4333,0.2667,0.0520436958079253,0.9629743289233933,-0.1933,30
richardson_1,richardson,trajectory,damped_osc_pow,0.005,5000,1.0,0.0,1.0,0.007397009980289181,6.843267097569518,1.4,30
richardson_2,richardson,trajectory,damped_osc_pow,0.005,5000,1.0,0.0,1.0,0.009181233433646773,5.285336354943048,1.4,30
richardson_3,richardson,trajectory,damped_osc_pow,0.005,5000,1.0,0.0,1.0,0.009179780240674021,5.242856817401674,1.4,30
richardson_a05,richardson,trajectory,damped_osc_pow,0.005,5000,1.0,0.0,1.0,0.01629512263612686,3.0705258278495133,1.4,30
richardson_a10,richardson,trajectory,damped_osc_pow,0.005,5000,1.0,0.0,1.0,0.023962361124010498,2.0792876425616518,1.4,30
richardson_a20,richardson,trajectory,damped_osc_pow,0.005,5000,1.0,0.0,0.7,0.04846345746027169,1.0373765382467628,1.28,30
single_exp_fit,parametric,trajectory,damped_osc_pow,0.005,5000,1.0,0.0,0.9667,0.040372785179064605,1.253866353552223,1.3867,30
double_exp_fit,parametric,trajectory,damped_osc_pow,0.005,5000,1.0,0.0,0.9667,0.04037073803768929,1.25382977679988,1.3867,30
rational_fit,parametric,trajectory,damped_osc_pow,0.005,5000,1.0,0.0,1.0,0.012613623216609365,3.923755259574281,1.4,30
log_fit,parametric,trajectory,damped_osc_pow,0.005,5000,1.0,0.0,1.0,0.027151316921094515,1.843794244442683,1.4,30
shanks_1,shanks,limit,damped_osc_pow,0.005,5000,1.0,0.0,0.5667,0.05015321399073136,1.001510477686054,1.2267,30
shanks_2,shanks,limit,damped_osc_pow,0.005,5000,1.0,0.0,0.2333,0.05265155696344334,0.954968576142309,1.0933,30
shanks_3,shanks,limit,damped_osc_pow,0.005,5000,1.0,0.0,0.3,0.05241048248570705,0.9612060443545161,1.12,30
shanks_4,shanks,limit,damped_osc_pow,0.005,5000,1.0,0.0,0.3,0.0519840680026145,0.9622608816200273,1.12,30
wynn_eps_1,wynn_eps,limit,damped_osc_pow,0.005,5000,1.0,0.0,0.5667,0.05015321399073131,1.0015104776860522,1.2267,30
wynn_eps_2,wynn_eps,limit,damped_osc_pow,0.005,5000,1.0,0.0,0.3667,0.05278955942413582,0.9547426554918138,1.1467,30
wynn_eps_3,wynn_eps,limit,damped_osc_pow,0.005,5000,1.0,0.0,0.3667,0.052350022442894134,0.9647268375823026,1.1467,30
wynn_rho_1,wynn_rho,limit,damped_osc_pow,0.005,5000,1.0,0.0,0.3333,0.050466401819591354,0.9867421769021576,1.1333,30
wynn_rho_2,wynn_rho,limit,damped_osc_pow,0.005,5000,1.0,0.0333,0.5,0.05146843277116458,0.997911825904731,1.1333,30
wynn_rho_3,wynn_rho,limit,damped_osc_pow,0.005,5000,1.0,0.0,0.4667,0.051757588924577526,0.9937104566152964,1.1867,30
pade_11,pade,trajectory,damped_osc_pow,0.005,5000,0.9667,0.5333,0.0,0.26041472138873895,0.19991437088075206,-0.1,30
pade_12,pade,trajectory,damped_osc_pow,0.005,5000,1.0,0.0,1.0,0.012412059860200409,4.043112181747286,1.4,30
pade_13,pade,trajectory,damped_osc_pow,0.005,5000,1.0,0.0,1.0,0.014087559790566855,3.6158234847580317,1.4,30
pade_21,pade,trajectory,damped_osc_pow,0.005,5000,0.0,1.0,0.0,,,-2.0,30
pade_22,pade,trajectory,damped_osc_pow,0.005,5000,0.8667,0.4333,0.0333,0.20181789380045512,0.25441222653906304,0.0133,30
pade_23,pade,trajectory,damped_osc_pow,0.005,5000,1.0,0.0,1.0,0.012437871677603247,4.033282427135278,1.4,30
pade_31,pade,trajectory,damped_osc_pow,0.005,5000,0.9667,1.0,0.0,345.39982935428935,0.00014699235034950936,-1.0333,30
pade_32,pade,trajectory,damped_osc_pow,0.005,5000,0.0,1.0,0.0,,,-2.0,30
levin_t1,levin,limit,damped_osc_pow,0.005,5000,1.0,0.0,0.5667,0.050153213990731305,1.001510477686052,1.2267,30
levin_t2,levin,limit,damped_osc_pow,0.005,5000,1.0,0.0333,0.4333,0.0508098807213949,0.9905014571532931,1.1067,30
levin_u1,levin,limit,damped_osc_pow,0.005,5000,1.0,0.0,0.5667,0.05015129426500041,1.0015140306064252,1.2267,30
levin_u2,levin,limit,damped_osc_pow,0.005,5000,1.0,0.0,0.4333,0.050824391506028244,0.9904365106850882,1.1733,30
levin_v1,levin,limit,damped_osc_pow,0.005,5000,1.0,0.0,0.3667,0.052642188051881804,0.9416663601547717,1.1467,30
levin_v2,levin,limit,damped_osc_pow,0.005,5000,1.0,0.0,0.4,0.05183066497318578,0.9708454745955566,1.16,30
weniger_d1,weniger,limit,damped_osc_pow,0.005,5000,1.0,0.0,1.0,0.014022669506393508,3.574656466107597,1.4,30
weniger_d2,weniger,limit,damped_osc_pow,0.005,5000,1.0,0.0,1.0,0.014022669506393508,3.574656466107597,1.4,30
brezinski_theta1,brezinski,limit,damped_osc_pow,0.005,5000,1.0,0.0,0.5667,0.0473755635440807,1.0931503896198032,1.2267,30
brezinski_theta2,brezinski,limit,damped_osc_pow,0.005,5000,1.0,0.0,0.3333,0.05805539955415664,0.8626194287714748,1.1333,30
neville_2,neville,trajectory,damped_osc_pow,0.005,5000,0.5667,1.0,0.0,32.860921249753915,0.0014942765264163635,-1.4333,30
neville_3,neville,trajectory,damped_osc_pow,0.005,5000,0.0667,1.0,0.0,159.78321777313272,0.0003710459318580965,-1.9333,30
neville_4,neville,trajectory,damped_osc_pow,0.005,5000,0.0,1.0,0.0,,,-2.0,30
anderson_1,anderson,limit,damped_osc_pow,0.005,5000,1.0,0.0,0.5667,0.0501531702428762,1.0015088614565113,1.2267,30
anderson_2,anderson,limit,damped_osc_pow,0.005,5000,1.0,0.0,0.5,0.04993547992125715,1.0005180432141827,1.2,30
anderson_3,anderson,limit,damped_osc_pow,0.005,5000,1.0,0.0,0.4667,0.05033614108723237,0.9979916388891199,1.1867,30
median_ensemble,ensemble,trajectory,damped_osc_pow,0.005,5000,1.0,0.0,0.6667,0.04886080005204224,1.0087152199305431,1.2667,30
stability_weighted,ensemble,trajectory,damped_osc_pow,0.005,5000,1.0,0.0,0.7,0.045192023550045916,1.1265622284215993,1.28,30
best_shanks_wynn,ensemble,limit,damped_osc_pow,0.005,5000,1.0,0.0,0.5667,0.05015321399073136,1.001510477686054,1.2267,30
current_value,baseline,limit,log_slow,0.0,150,1.0,0.0,0.0,0.017527209793779114,1.0,1.0,30
linear,baseline,trajectory,log_slow,0.0,150,1.0,0.0,0.0,0.03566619935544907,0.49142353574326986,1.0,30
log_linear,baseline,trajectory,log_slow,0.0,150,1.0,0.0,1.0,0.0030046865387692023,5.833290617050094,1.4,30
geom_avg_diff,baseline,limit,log_slow,0.0,150,1.0,0.0,1.0,0.0014801373678832719,11.841610227599741,1.4,30
richardson_1,richardson,trajectory,log_slow,0.0,150,1.0,0.0,1.0,0.0002466164740736465,71.070717638048,1.4,30
richardson_2,richardson,trajectory,log_slow,0.0,150,1.0,0.0,1.0,3.018221116729558e-05,580.713245183673,1.4,30
richardson_3,richardson,trajectory,log_slow,0.0,150,1.0,0.0,1.0,1.056817149802658e-05,1658.4902882255471,1.4,30
richardson_a05,richardson,trajectory,log_slow,0.0,150,1.0,0.0,1.0,0.0015054612639255616,11.642418316414256,1.4,30
richardson_a10,richardson,trajectory,log_slow,0.0,150,1.0,0.0,1.0,0.008621047078244348,2.0330720427232003,1.4,30
richardson_a20,richardson,trajectory,log_slow,0.0,150,1.0,0.0,0.0,0.018174633457605532,0.9643776219566348,1.0,30
single_exp_fit,parametric,trajectory,log_slow,0.0,150,1.0,0.0,1.0,0.007426408175453397,2.3601193712610664,1.4,30
double_exp_fit,parametric,trajectory,log_slow,0.0,150,1.0,0.0,1.0,0.007426145029356929,2.3602030022967235,1.4,30
rational_fit,parametric,trajectory,log_slow,0.0,150,1.0,0.0,1.0,0.002096848519873379,8.358834521264091,1.4,30
log_fit,parametric,trajectory,log_slow,0.0,150,1.0,0.0,1.0,5.434775202095565e-08,322501.09971468354,1.4,30
shanks_1,shanks,limit,log_slow,0.0,150,1.0,0.0,1.0,0.0092076463884469,1.9035494038705711,1.4,30
shanks_2,shanks,limit,log_slow,0.0,150,1.0,0.0,0.0,0.029703780783255807,0.5900666289477635,1.0,30
shanks_3,shanks,limit,log_slow,0.0,150,1.0,0.0,0.0,0.0458028316063388,0.3826665116344787,1.0,30
shanks_4,shanks,limit,log_slow,0.0,150,1.0,0.0,0.0,0.045467982067459306,0.38548466408239945,1.0,30
wynn_eps_1,wynn_eps,limit,log_slow,0.0,150,1.0,0.0,1.0,0.00920764638855548,1.903549403848124,1.4,30
wynn_eps_2,wynn_eps,limit,log_slow,0.0,150,1.0,0.0,0.0,0.020693656573596925,0.8469846656362372,1.0,30
wynn_eps_3,wynn_eps,limit,log_slow,0.0,150,1.0,0.0,0.0,0.027595068107112014,0.6351573304963819,1.0,30
wynn_rho_1,wynn_rho,limit,log_slow,0.0,150,1.0,0.0,0.0,0.036366345613815854,0.4819623610220652,1.0,30
wynn_rho_2,wynn_rho,limit,log_slow,0.0,150,1.0,0.0,0.0,0.05253287181060444,0.3336427115001358,1.0,30
wynn_rho_3,wynn_rho,limit,log_slow,0.0,150,1.0,0.0,0.0,0.061120172833024816,0.28676636503731723,1.0,30
pade_11,pade,trajectory,log_slow,0.0,150,1.0,0.0,1.0,0.0018814719052493156,9.31569041497676,1.4,30
pade_12,pade,trajectory,log_slow,0.0,150,1.0,0.0,1.0,0.0006634225385667436,26.419376452968955,1.4,30
pade_13,pade,trajectory,log_slow,0.0,150,1.0,0.0,1.0,0.00036948354415941576,47.43705117816262,1.4,30
pade_21,pade,trajectory,log_slow,0.0,150,1.0,0.0,1.0,0.0008398518804054733,20.869405906809575,1.4,30
pade_22,pade,trajectory,log_slow,0.0,150,1.0,0.0,1.0,9.863095687023815e-05,177.70495542123186,1.4,30
pade_23,pade,trajectory,log_slow,0.0,150,1.0,0.0,1.0,2.9392712194625803e-05,596.3114148065522,1.4,30
pade_31,pade,trajectory,log_slow,0.0,150,1.0,0.0,1.0,0.000547413362395055,32.01823520911817,1.4,30
pade_32,pade,trajectory,log_slow,0.0,150,1.0,0.0,1.0,3.35685907295602e-05,522.131236755936,1.4,30
levin_t1,levin,limit,log_slow,0.0,150,1.0,0.0,1.0,0.009207646388554425,1.903549403848342,1.4,30
levin_t2,levin,limit,log_slow,0.0,150,1.0,0.0,0.0,0.021035322344105184,0.8332275354311761,1.0,30
levin_u1,levin,limit,log_slow,0.0,150,1.0,0.0,0.0,0.07634000460675354,0.22959403636489356,1.0,30
levin_u2,levin,limit,log_slow,0.0,150,1.0,0.0,0.0,0.08654129408678171,0.20253001736030446,1.0,30
levin_v1,levin,limit,log_slow,0.0,150,1.0,1.0,0.0,0.08778697633414445,0.1996561508972028,-1.0,30
levin_v2,levin,limit,log_slow,0.0,150,1.0,1.0,0.0,0.09701958890639988,0.1806564013653838,-1.0,30
weniger_d1,weniger,limit,log_slow,0.0,150,1.0,1.0,0.0,0.16909016560561674,0.10365599756203034,-1.0,30
weniger_d2,weniger,limit,log_slow,0.0,150,1.0,1.0,0.0,0.16909016560561674,0.10365599756203034,-1.0,30
brezinski_theta1,brezinski,limit,log_slow,0.0,150,1.0,0.0,1.0,0.009638208858876507,1.8185131750529633,1.4,30
brezinski_theta2,brezinski,limit,log_slow,0.0,150,1.0,0.0,0.0,0.03037608171776371,0.5770069344898203,1.0,30
neville_2,neville,trajectory,log_slow,0.0,150,1.0,0.0,1.0,0.0006034255746521222,29.046183208067767,1.4,30
neville_3,neville,trajectory,log_slow,0.0,150,1.0,0.0,1.0,0.00017928432276526074,97.76208830443984,1.4,30
neville_4,neville,trajectory,log_slow,0.0,150,1.0,0.0,1.0,5.876739318139146e-05,298.24718853326743,1.4,30
anderson_1,anderson,limit,log_slow,0.0,150,1.0,0.0,1.0,0.017407042597950978,1.0069033665628118,1.4,30
anderson_2,anderson,limit,log_slow,0.0,150,1.0,0.0,1.0,0.01728272389445948,1.014146259629711,1.4,30
anderson_3,anderson,limit,log_slow,0.0,150,1.0,0.0,1.0,0.01715411451560589,1.0217496086920606,1.4,30
median_ensemble,ensemble,trajectory,log_slow,0.0,150,1.0,0.0,1.0,0.00920764638850119,1.9035494038593477,1.4,30
stability_weighted,ensemble,trajectory,log_slow,0.0,150,1.0,0.0,0.0,0.022104548538561974,0.7929232195447208,1.0,30
best_shanks_wynn,ensemble,limit,log_slow,0.0,150,1.0,0.0,1.0,0.0092076463884469,1.9035494038705711,1.4,30
current_value,baseline,limit,log_slow,0.0,1000,1.0,0.0,0.0,0.060851007163011894,1.0,1.0,30
linear,baseline,trajectory,log_slow,0.0,1000,0.0,1.0,0.0,,,-2.0,30
log_linear,baseline,trajectory,log_slow,0.0,1000,1.0,0.0,1.0,0.01591314732058874,3.8239454419102676,1.4,30
geom_avg_diff,baseline,limit,log_slow,0.0,1000,1.0,0.0,1.0,0.03523289350942033,1.7271078558092872,1.4,30
richardson_1,richardson,trajectory,log_slow,0.0,1000,1.0,0.0,1.0,0.004047268064578696,15.035081984209077,1.4,30
richardson_2,richardson,trajectory,log_slow,0.0,1000,1.0,0.0,1.0,0.0009064374697831112,67.13205178683984,1.4,30
richardson_3,richardson,trajectory,log_slow,0.0,1000,1.0,0.0,1.0,0.0006616380258547272,91.97023868814436,1.4,30
richardson_a05,richardson,trajectory,log_slow,0.0,1000,1.0,0.0,1.0,0.010509085431054166,5.790323769107274,1.4,30
richardson_a10,richardson,trajectory,log_slow,0.0,1000,1.0,0.0,1.0,0.03803887687251825,1.5997056739331492,1.4,30
richardson_a20,richardson,trajectory,log_slow,0.0,1000,1.0,0.0,1.0,0.058960002259232175,1.0320726735298524,1.4,30
single_exp_fit,parametric,trajectory,log_slow,0.0,1000,1.0,0.0,1.0,0.04797434978630946,1.2684071266011627,1.4,30
double_exp_fit,parametric,trajectory,log_slow,0.0,1000,1.0,0.0,1.0,0.04797395795964027,1.268417486299648,1.4,30
rational_fit,parametric,trajectory,log_slow,0.0,1000,1.0,0.0,1.0,0.021391317249949998,2.8446591882112418,1.4,30
log_fit,parametric,trajectory,log_slow,0.0,1000,1.0,0.0,1.0,1.1666131619070264e-07,521603.9827935821,1.4,30
shanks_1,shanks,limit,log_slow,0.0,1000,1.0,0.0,1.0,0.03411615098078588,1.7836422167695005,1.4,30
shanks_2,shanks,limit,log_slow,0.0,1000,1.0,0.0,1.0,0.013620016585976974,4.467763073479914,1.4,30
shanks_3,shanks,limit,log_slow,0.0,1000,1.0,0.0,1.0,0.0024790342371060203,24.546255252226068,1.4,30
shanks_4,shanks,limit,log_slow,0.0,1000,1.0,0.0,1.0,0.0021441846982265256,28.379554808567708,1.4,30
wynn_eps_1,wynn_eps,limit,log_slow,0.0,1000,1.0,0.0,1.0,0.0341161509806773,1.783642216775177,1.4,30
wynn_eps_2,wynn_eps,limit,log_slow,0.0,1000,1.0,0.0,1.0,0.022630140795635856,2.6889363045742427,1.4,30
wynn_eps_3,wynn_eps,limit,log_slow,0.0,1000,1.0,0.0,1.0,0.015728729262120766,3.868780888075831,1.4,30
wynn_rho_1,wynn_rho,limit,log_slow,0.0,1000,1.0,0.0,1.0,0.006957451755416927,8.746163006539653,1.4,30
wynn_rho_2,wynn_rho,limit,log_slow,0.0,1000,1.0,0.0,1.0,0.009209074441371659,6.607722366716839,1.4,30
wynn_rho_3,wynn_rho,limit,log_slow,0.0,1000,1.0,0.0,1.0,0.017796375463792036,3.4192921635541746,1.4,30
pade_11,pade,trajectory,log_slow,0.0,1000,1.0,0.0,1.0,0.020748608799262713,2.9327752887785996,1.4,30
pade_12,pade,trajectory,log_slow,0.0,1000,1.0,0.0,1.0,0.02917855501386489,2.085470206941265,1.4,30
pade_13,pade,trajectory,log_slow,0.0,1000,1.0,1.0,0.0,0.4756286466442837,0.1279380617469863,-1.0,30
pade_21,pade,trajectory,log_slow,0.0,1000,1.0,0.0,0.0,0.06459636452181364,0.9420190689286086,1.0,30
pade_22,pade,trajectory,log_slow,0.0,1000,1.0,0.0,1.0,0.007402998107816444,8.219778835113095,1.4,30
pade_23,pade,trajectory,log_slow,0.0,1000,1.0,0.0,1.0,0.009233112859158996,6.590519155481713,1.4,30
pade_31,pade,trajectory,log_slow,0.0,1000,1.0,1.0,0.0,0.371801439330544,0.1636653351116086,-1.0,30
pade_32,pade,trajectory,log_slow,0.0,1000,1.0,0.0,1.0,0.014027182582637784,4.338077643498456,1.4,30
levin_t1,levin,limit,log_slow,0.0,1000,1.0,0.0,1.0,0.034116150980678356,1.783642216775122,1.4,30
levin_t2,levin,limit,log_slow,0.0,1000,1.0,0.0,1.0,0.022288475025127596,2.7301557012944873,1.4,30
levin_u1,levin,limit,log_slow,0.0,1000,1.0,0.0,1.0,0.03301620723752076,1.8430647325795406,1.4,30
levin_u2,levin,limit,log_slow,0.0,1000,1.0,0.0,1.0,0.04321749671754893,1.4080178581537945,1.4,30
levin_v1,levin,limit,log_slow,0.0,1000,1.0,0.0,1.0,0.04446317896491167,1.3685707720321292,1.4,30
levin_v2,levin,limit,log_slow,0.0,1000,1.0,0.0,1.0,0.053695791537167095,1.133254681996672,1.4,30
weniger_d1,weniger,limit,log_slow,0.0,1000,1.0,0.0,0.0,0.12576636823638396,0.48384165032609905,1.0,30
weniger_d2,weniger,limit,log_slow,0.0,1000,1.0,0.0,0.0,0.12576636823638396,0.48384165032609905,1.0,30
brezinski_theta1,brezinski,limit,log_slow,0.0,1000,1.0,0.0,1.0,0.033685588510356274,1.8064403756610605,1.4,30
brezinski_theta2,brezinski,limit,log_slow,0.0,1000,1.0,0.0,1.0,0.012947715651469072,4.699748496261395,1.4,30
neville_2,neville,trajectory,log_slow,0.0,1000,1.0,0.0,1.0,0.0171722580056696,3.5435646927108424,1.4,30
neville_3,neville,trajectory,log_slow,0.0,1000,1.0,0.0,1.0,0.012402831902222106,4.906218808956829,1.4,30
neville_4,neville,trajectory,log_slow,0.0,1000,1.0,0.0,1.0,0.009456883264076704,6.434573153098227,1.4,30
anderson_1,anderson,limit,log_slow,0.0,1000,1.0,0.0,1.0,0.06073083996718376,1.0019786848970484,1.4,30
anderson_2,anderson,limit,log_slow,0.0,1000,1.0,0.0,1.0,0.06060652126369226,1.0040339866770427,1.4,30
anderson_3,anderson,limit,log_slow,0.0,1000,1.0,0.0,1.0,0.06047791188483867,1.0061691164020952,1.4,30
median_ensemble,ensemble,trajectory,log_slow,0.0,1000,1.0,0.0,1.0,0.008833642325277835,6.888552300661326,1.4,30
stability_weighted,ensemble,trajectory,log_slow,0.0,1000,1.0,0.0,1.0,0.020311277072450173,2.9959222625912103,1.4,30
best_shanks_wynn,ensemble,limit,log_slow,0.0,1000,1.0,0.0,1.0,0.03411615098078588,1.7836422167695005,1.4,30
current_value,baseline,limit,log_slow,0.0,5000,1.0,0.0,0.0,0.082695711913966,1.0,1.0,30
linear,baseline,trajectory,log_slow,0.0,5000,0.0,1.0,0.0,,,-2.0,30
log_linear,baseline,trajectory,log_slow,0.0,5000,1.0,0.0,1.0,0.025565108814711357,3.234709952276011,1.4,30
geom_avg_diff,baseline,limit,log_slow,0.0,5000,1.0,0.0,1.0,0.0570775898760741,1.4488297787890754,1.4,30
richardson_1,richardson,trajectory,log_slow,0.0,5000,1.0,0.0,1.0,0.010068860605864108,8.213015866542436,1.4,30
richardson_2,richardson,trajectory,log_slow,0.0,5000,1.0,0.0,1.0,0.0027257121834924486,30.339121061567177,1.4,30
richardson_3,richardson,trajectory,log_slow,0.0,5000,1.0,0.0,1.0,0.002532868347046316,32.64903681646184,1.4,30
richardson_a05,richardson,trajectory,log_slow,0.0,5000,1.0,0.0,1.0,0.020361465092665926,4.061383183263787,1.4,30
richardson_a10,richardson,trajectory,log_slow,0.0,5000,1.0,0.0,1.0,0.05792038620112523,1.4277479370874682,1.4,30
richardson_a20,richardson,trajectory,log_slow,0.0,5000,1.0,0.0,1.0,0.08074861488020134,1.0241130703808774,1.4,30
single_exp_fit,parametric,trajectory,log_slow,0.0,5000,1.0,0.0,1.0,0.06981905453668207,1.1844289852209142,1.4,30
double_exp_fit,parametric,trajectory,log_slow,0.0,5000,1.0,0.0,1.0,0.06981866271001268,1.1844356323099072,1.4,30
rational_fit,parametric,trajectory,log_slow,0.0,5000,1.0,0.0,1.0,0.03938339932917363,2.099760643381242,1.4,30
log_fit,parametric,trajectory,log_slow,0.0,5000,1.0,0.0,1.0,1.4808103222796465e-07,558449.0509673066,1.4,30
shanks_1,shanks,limit,log_slow,0.0,5000,1.0,0.0,1.0,0.05596085573173999,1.4777420901207285,1.4,30
shanks_2,shanks,limit,log_slow,0.0,5000,1.0,0.0,1.0,0.035464721336931085,2.3317739092976058,1.4,30
shanks_3,shanks,limit,log_slow,0.0,5000,1.0,0.0,1.0,0.01936567051384809,4.270221981461039,1.4,30
shanks_4,shanks,limit,log_slow,0.0,5000,1.0,0.0,1.0,0.019700520052727585,4.197641061892504,1.4,30
wynn_eps_1,wynn_eps,limit,log_slow,0.0,5000,1.0,0.0,1.0,0.05596085573163141,1.4777420901235958,1.4,30
wynn_eps_2,wynn_eps,limit,log_slow,0.0,5000,1.0,0.0,1.0,0.04447484554658997,1.8593816549028255,1.4,30
wynn_eps_3,wynn_eps,limit,log_slow,0.0,5000,1.0,0.0,1.0,0.03757343401307488,2.2009090754172056,1.4,30
wynn_rho_1,wynn_rho,limit,log_slow,0.0,5000,1.0,0.0,1.0,0.028802156506371038,2.871163896900349,1.4,30
wynn_rho_2,wynn_rho,limit,log_slow,0.0,5000,1.0,0.0,1.0,0.012635630309582452,6.544644777336693,1.4,30
wynn_rho_3,wynn_rho,limit,log_slow,0.0,5000,1.0,0.0,1.0,0.004048329287162075,20.42712093015947,1.4,30
pade_11,pade,trajectory,log_slow,0.0,5000,1.0,0.0,1.0,0.03865268455603217,2.139455845404157,1.4,30
pade_12,pade,trajectory,log_slow,0.0,5000,1.0,0.0,1.0,0.06928235777275676,1.1936041810990972,1.4,30
pade_13,pade,trajectory,log_slow,0.0,5000,1.0,0.0,0.0,0.10649019271655574,0.776557068819254,1.0,30
pade_21,pade,trajectory,log_slow,0.0,5000,1.0,1.0,0.0,0.4686170053440681,0.1764675864744796,-1.0,30
pade_22,pade,trajectory,log_slow,0.0,5000,1.0,0.0,1.0,0.021245108830533863,3.8924588512869467,1.4,30
pade_23,pade,trajectory,log_slow,0.0,5000,1.0,0.0,1.0,0.04445861820832266,1.8600603268071285,1.4,30
pade_31,pade,trajectory,log_slow,0.0,5000,1.0,1.0,0.0,13.019378131318671,0.006351740542433277,-1.0,30
pade_32,pade,trajectory,log_slow,0.0,5000,1.0,0.0,0.0,0.13965914991568268,0.5921252704451689,1.0,30
levin_t1,levin,limit,log_slow,0.0,5000,1.0,0.0,1.0,0.05596085573163247,1.4777420901235678,1.4,30
levin_t2,levin,limit,log_slow,0.0,5000,1.0,0.0,1.0,0.04413317977608171,1.873776427022454,1.4,30
levin_u1,levin,limit,log_slow,0.0,5000,1.0,0.0,1.0,0.011171502486566648,7.402380477774122,1.4,30
levin_u2,levin,limit,log_slow,0.0,5000,1.0,0.0,1.0,0.02137279196659482,3.8692049238685096,1.4,30
levin_v1,levin,limit,log_slow,0.0,5000,1.0,0.0,1.0,0.02261847421395756,3.6561136322332293,1.4,30
levin_v2,levin,limit,log_slow,0.0,5000,1.0,0.0,1.0,0.031851086786212984,2.5963230852694656,1.4,30
weniger_d1,weniger,limit,log_slow,0.0,5000,1.0,0.0,0.0,0.10392166348542985,0.795750463766972,1.0,30
weniger_d2,weniger,limit,log_slow,0.0,5000,1.0,0.0,0.0,0.10392166348542985,0.795750463766972,1.0,30
brezinski_theta1,brezinski,limit,log_slow,0.0,5000,1.0,0.0,1.0,0.055530293261310384,1.4891999853993672,1.4,30
brezinski_theta2,brezinski,limit,log_slow,0.0,5000,1.0,0.0,1.0,0.03479242040242318,2.3768312453538445,1.4,30
neville_2,neville,trajectory,log_slow,0.0,5000,1.0,0.0,1.0,0.03477234267547251,2.3782036397650415,1.4,30
neville_3,neville,trajectory,log_slow,0.0,5000,1.0,0.0,1.0,0.028794956874377706,2.871881776893724,1.4,30
neville_4,neville,trajectory,log_slow,0.0,5000,1.0,0.0,1.0,0.024821428533503373,3.33162580881859,1.4,30
anderson_1,anderson,limit,log_slow,0.0,5000,1.0,0.0,1.0,0.08257554471813787,1.0014552395171998,1.4,30
anderson_2,anderson,limit,log_slow,0.0,5000,1.0,0.0,1.0,0.08245122601464637,1.0029652184829394,1.4,30
anderson_3,anderson,limit,log_slow,0.0,5000,1.0,0.0,1.0,0.08232261663579278,1.0045321115073862,1.4,30
median_ensemble,ensemble,trajectory,log_slow,0.0,5000,1.0,0.0,1.0,0.027415195925389588,3.0164187824527047,1.4,30
stability_weighted,ensemble,trajectory,log_slow,0.0,5000,1.0,0.0,1.0,0.04164360514075814,1.9857961776952073,1.4,30
best_shanks_wynn,ensemble,limit,log_slow,0.0,5000,1.0,0.0,1.0,0.05596085573173999,1.4777420901207285,1.4,30
current_value,baseline,limit,log_slow,0.001,150,1.0,0.0,0.0,0.017592072564568295,1.0,1.0,30
linear,baseline,trajectory,log_slow,0.001,150,1.0,0.0,0.0,0.03552487349091456,0.4943530363764017,1.0,30
log_linear,baseline,trajectory,log_slow,0.001,150,1.0,0.0,1.0,0.002921655374814841,5.936167835096375,1.4,30
geom_avg_diff,baseline,limit,log_slow,0.001,150,0.4,0.6333,0.1667,0.02001688216837645,0.9318456077255232,-0.8,30
richardson_1,richardson,trajectory,log_slow,0.001,150,1.0,0.0,1.0,0.0007621049923041412,23.449988100530305,1.4,30
richardson_2,richardson,trajectory,log_slow,0.001,150,1.0,0.0,1.0,0.0016680992194343935,10.340009883068927,1.4,30
richardson_3,richardson,trajectory,log_slow,0.001,150,1.0,0.0,1.0,0.002026461680391778,8.997098843732775,1.4,30
richardson_a05,richardson,trajectory,log_slow,0.001,150,1.0,0.0,1.0,0.0015934764220346537,11.144861806628494,1.4,30
richardson_a10,richardson,trajectory,log_slow,0.001,150,1.0,0.0,1.0,0.008692608006720823,2.0512738071338115,1.4,30
richardson_a20,richardson,trajectory,log_slow,0.001,150,1.0,0.0,0.3333,0.01820713698318005,0.9772795187482369,1.1333,30
single_exp_fit,parametric,trajectory,log_slow,0.001,150,1.0,0.0,1.0,0.007500116168691964,2.3158293945246373,1.4,30
double_exp_fit,parametric,trajectory,log_slow,0.001,150,1.0,0.0,1.0,0.007363631600501644,2.3462027547935564,1.4,30
rational_fit,parametric,trajectory,log_slow,0.001,150,1.0,0.0,1.0,0.0021924637972215305,7.947159439481421,1.4,30
log_fit,parametric,trajectory,log_slow,0.001,150,1.0,0.0,1.0,0.0002794159432787796,64.35825801966946,1.4,30
shanks_1,shanks,limit,log_slow,0.001,150,1.0,0.0,0.5667,0.01788322659882423,1.003695072363774,1.2267,30
shanks_2,shanks,limit,log_slow,0.001,150,1.0,0.0,0.1667,0.018804021589232014,0.9549776139612677,1.0667,30
shanks_3,shanks,limit,log_slow,0.001,150,1.0,0.0333,0.2333,0.018846118430792994,0.9794750529785623,1.0267,30
shanks_4,shanks,limit,log_slow,0.001,150,1.0,0.0,0.1667,0.01959031449366637,0.8953305876326503,1.0667,30
wynn_eps_1,wynn_eps,limit,log_slow,0.001,150,1.0,0.0,0.5667,0.017883226598823063,1.0036950723638398,1.2267,30
wynn_eps_2,wynn_eps,limit,log_slow,0.001,150,1.0,0.0,0.3333,0.01832635191912914,0.9755554972770826,1.1333,30
wynn_eps_3,wynn_eps,limit,log_slow,0.001,150,1.0,0.0,0.3333,0.01907289871408814,0.961277205792648,1.1333,30
wynn_rho_1,wynn_rho,limit,log_slow,0.001,150,1.0,0.0,0.3333,0.01813937303955568,0.9939018696300581,1.1333,30
wynn_rho_2,wynn_rho,limit,log_slow,0.001,150,1.0,0.0,0.5,0.018441008196575584,1.0012310368650505,1.2,30
wynn_rho_3,wynn_rho,limit,log_slow,0.001,150,1.0,0.0667,0.3333,0.018836832774622572,0.9624536346842998,1.0,30
pade_11,pade,trajectory,log_slow,0.001,150,1.0,0.0,1.0,0.0009533954226396552,18.92306087147064,1.4,30
pade_12,pade,trajectory,log_slow,0.001,150,1.0,0.0,0.0,0.035617664256971826,0.4960278861514359,1.0,30
pade_13,pade,trajectory,log_slow,0.001,150,1.0,0.0,0.0,0.026725426826528148,0.6648779199419732,1.0,30
pade_21,pade,trajectory,log_slow,0.001,150,0.9667,0.9333,0.0,0.2340831096323595,0.07302073508102756,-0.9,30
pade_22,pade,trajectory,log_slow,0.001,150,1.0,0.0,1.0,0.0013092713551358798,13.974120331261645,1.4,30
pade_23,pade,trajectory,log_slow,0.001,150,0.9667,0.3333,0.0,0.05974379181738998,0.3006521765317359,0.3,30
pade_31,pade,trajectory,log_slow,0.001,150,1.0,0.0,0.0,0.058994618750798034,0.3002313991675739,1.0,30
pade_32,pade,trajectory,log_slow,0.001,150,1.0,0.2333,0.0,0.06021521426541883,0.30274182360540325,0.5333,30
levin_t1,levin,limit,log_slow,0.001,150,1.0,0.0,0.5667,0.017883226598823063,1.0036950723638407,1.2267,30
levin_t2,levin,limit,log_slow,0.001,150,1.0,0.0,0.4,0.018337492163225513,0.972365196484368,1.16,30
levin_u1,levin,limit,log_slow,0.001,150,1.0,0.0,0.5667,0.01788557485715045,1.0036673481726166,1.2267,30
levin_u2,levin,limit,log_slow,0.001,150,1.0,0.0,0.4,0.01833182831479581,0.9723296330346686,1.16,30
levin_v1,levin,limit,log_slow,0.001,150,1.0,0.0,0.2333,0.018707191180970695,0.9667008806558748,1.0933,30
levin_v2,levin,limit,log_slow,0.001,150,1.0,0.0,0.2,0.01878459528819644,0.9553987395521678,1.08,30
weniger_d1,weniger,limit,log_slow,0.001,150,1.0,1.0,0.0,0.16909016560561674,0.1040395962802449,-1.0,30
weniger_d2,weniger,limit,log_slow,0.001,150,1.0,1.0,0.0,0.16909016560561674,0.10403959628024595,-1.0,30
brezinski_theta1,brezinski,limit,log_slow,0.001,150,1.0,0.0,0.5667,0.01782765442007757,1.0289620719347332,1.2267,30
brezinski_theta2,brezinski,limit,log_slow,0.001,150,1.0,0.0,0.2667,0.019864357444534964,0.8791957570107823,1.1067,30
neville_2,neville,trajectory,log_slow,0.001,150,0.6667,0.9667,0.0,1.37659966951884,0.013959793276584052,-1.2667,30
neville_3,neville,trajectory,log_slow,0.001,150,0.5333,1.0,0.0,31.418757228437443,0.0006309797821796141,-1.4667,30
neville_4,neville,trajectory,log_slow,0.001,150,0.3667,1.0,0.0,218.9994077010559,8.699439161073521e-05,-1.6333,30
anderson_1,anderson,limit,log_slow,0.001,150,1.0,0.0,0.5667,0.01787759991155001,1.0028427837916865,1.2267,30
anderson_2,anderson,limit,log_slow,0.001,150,1.0,0.0,0.5,0.017819648189856624,0.9996547672049422,1.2,30
anderson_3,anderson,limit,log_slow,0.001,150,1.0,0.0,0.4667,0.017735663151744088,0.9995318352585512,1.1867,30
median_ensemble,ensemble,trajectory,log_slow,0.001,150,1.0,0.0,0.4333,0.018285073276300856,0.9777064479964239,1.1733,30
stability_weighted,ensemble,trajectory,log_slow,0.001,150,1.0,0.0,0.4333,0.01812231748119615,0.9754738128558049,1.1733,30
best_shanks_wynn,ensemble,limit,log_slow,0.001,150,1.0,0.0,0.5667,0.01788322659882423,1.003695072363774,1.2267,30
current_value,baseline,limit,log_slow,0.001,1000,1.0,0.0,0.0,0.060915869933801076,1.0,1.0,30
linear,baseline,trajectory,log_slow,0.001,1000,0.0,1.0,0.0,,,-2.0,30
log_linear,baseline,trajectory,log_slow,0.001,1000,1.0,0.0,1.0,0.015758440822800424,3.850460099850043,1.4,30
geom_avg_diff,baseline,limit,log_slow,0.001,1000,0.4,0.6333,0.1667,0.06334067959353039,0.9781801132000769,-0.8,30
richardson_1,richardson,trajectory,log_slow,0.001,1000,1.0,0.0,1.0,0.004619176821448509,13.157772528783411,1.4,30
richardson_2,richardson,trajectory,log_slow,0.001,1000,1.0,0.0,1.0,0.013263149393732215,4.576793493129403,1.4,30
richardson_3,richardson,trajectory,log_slow,0.001,1000,1.0,0.0,1.0,0.018022579503047392,3.3769381313618623,1.4,30
richardson_a05,richardson,trajectory,log_slow,0.001,1000,1.0,0.0,1.0,0.010686004349919898,5.719711262996006,1.4,30
richardson_a10,richardson,trajectory,log_slow,0.001,1000,1.0,0.0,1.0,0.03812733959411006,1.601875759524111,1.4,30
richardson_a20,richardson,trajectory,log_slow,0.001,1000,1.0,0.0,0.9667,0.05899917652213993,1.0356701593211521,1.3867,30
single_exp_fit,parametric,trajectory,log_slow,0.001,1000,1.0,0.0,1.0,0.04805645571042241,1.2654071942750384,1.4,30
double_exp_fit,parametric,trajectory,log_slow,0.001,1000,1.0,0.0,0.9333,0.047977312580214926,1.2667294376280227,1.3733,30
rational_fit,parametric,trajectory,log_slow,0.001,1000,1.0,0.0,1.0,0.02164144517941595,2.8072908779942667,1.4,30
log_fit,parametric,trajectory,log_slow,0.001,1000,1.0,0.0,1.0,0.000550745813891862,113.03926267741414,1.4,30
shanks_1,shanks,limit,log_slow,0.001,1000,1.0,0.0,0.5667,0.06120702396805701,1.0011167447960059,1.2267,30
shanks_2,shanks,limit,log_slow,0.001,1000,1.0,0.0,0.1667,0.062127818958464795,0.9867919541040426,1.0667,30
shanks_3,shanks,limit,log_slow,0.001,1000,1.0,0.0,0.2333,0.062169915800025774,0.993790264533549,1.0933,30
shanks_4,shanks,limit,log_slow,0.001,1000,1.0,0.0,0.1667,0.06291411186289915,0.9673091530275437,1.0667,30
wynn_eps_1,wynn_eps,limit,log_slow,0.001,1000,1.0,0.0,0.5667,0.06120702396805584,1.0011167447960256,1.2267,30
wynn_eps_2,wynn_eps,limit,log_slow,0.001,1000,1.0,0.0,0.3333,0.06165014928836192,0.9925813828432004,1.1333,30
wynn_eps_3,wynn_eps,limit,log_slow,0.001,1000,1.0,0.0,0.3333,0.06239669608332092,0.9880964737699091,1.1333,30
wynn_rho_1,wynn_rho,limit,log_slow,0.001,1000,1.0,0.0,0.3333,0.06146317040878846,0.9982463006393193,1.1333,30
wynn_rho_2,wynn_rho,limit,log_slow,0.001,1000,1.0,0.0,0.5333,0.061733498722479435,1.0008234999650518,1.2133,30
wynn_rho_3,wynn_rho,limit,log_slow,0.001,1000,1.0,0.0333,0.4,0.06210941980410392,0.9914873790419683,1.0933,30
pade_11,pade,trajectory,log_slow,0.001,1000,1.0,0.0,1.0,0.015545510895378784,3.9435534831043157,1.4,30
pade_12,pade,trajectory,log_slow,0.001,1000,1.0,0.0,0.0,0.09120117193192742,0.6636202339042931,1.0,30
pade_13,pade,trajectory,log_slow,0.001,1000,1.0,0.0,0.0,0.13270943815113462,0.45985482216718565,1.0,30
pade_21,pade,trajectory,log_slow,0.001,1000,0.0,1.0,0.0,,,-2.0,30
pade_22,pade,trajectory,log_slow,0.001,1000,1.0,0.0,1.0,0.019030118410884048,3.184422523027897,1.4,30
pade_23,pade,trajectory,log_slow,0.001,1000,1.0,0.0,0.0,0.09752476662805304,0.6246130976208456,1.0,30
pade_31,pade,trajectory,log_slow,0.001,1000,1.0,1.0,0.0,10.279671500700939,0.006013961628093102,-1.0,30
pade_32,pade,trajectory,log_slow,0.001,1000,0.6,1.0,0.0,4.0429755098420745,0.014925330764200202,-1.4,30
levin_t1,levin,limit,log_slow,0.001,1000,1.0,0.0,0.5667,0.06120702396805584,1.0011167447960259,1.2267,30
levin_t2,levin,limit,log_slow,0.001,1000,1.0,0.0,0.4,0.061661289532458294,0.9914950223273442,1.16,30
levin_u1,levin,limit,log_slow,0.001,1000,1.0,0.0,0.5667,0.06120937222638323,1.0011082098447674,1.2267,30
levin_u2,levin,limit,log_slow,0.001,1000,1.0,0.0,0.4,0.06165562568402859,0.9914838632632932,1.16,30
levin_v1,levin,limit,log_slow,0.001,1000,1.0,0.0,0.2333,0.062030988550203475,0.9897834281380156,1.0933,30
levin_v2,levin,limit,log_slow,0.001,1000,1.0,0.0,0.2,0.06210839265742922,0.9863699294196773,1.08,30
weniger_d1,weniger,limit,log_slow,0.001,1000,1.0,0.0,0.0,0.12576636823638396,0.4843573905172004,1.0,30
weniger_d2,weniger,limit,log_slow,0.001,1000,1.0,0.0,0.0,0.12576636823638396,0.48435739051720694,1.0,30
brezinski_theta1,brezinski,limit,log_slow,0.001,1000,1.0,0.0,0.5667,0.06115145178931035,1.008330177756593,1.2267,30
brezinski_theta2,brezinski,limit,log_slow,0.001,1000,1.0,0.0,0.2667,0.06318815481376774,0.9610826209320749,1.1067,30
neville_2,neville,trajectory,log_slow,0.001,1000,0.5667,0.9667,0.0,7.196003493164659,0.008642564250024378,-1.3667,30
neville_3,neville,trajectory,log_slow,0.001,1000,0.3667,1.0,0.0,230.68483747623142,0.00026855015554279283,-1.6333,30
neville_4,neville,trajectory,log_slow,0.001,1000,0.0,1.0,0.0,,,-2.0,30
anderson_1,anderson,limit,log_slow,0.001,1000,1.0,0.0,0.5667,0.06120139728078279,1.000812634056109,1.2267,30
anderson_2,anderson,limit,log_slow,0.001,1000,1.0,0.0,0.5,0.061143445559089404,0.999902698986767,1.2,30
anderson_3,anderson,limit,log_slow,0.001,1000,1.0,0.0,0.4667,0.06105946052097687,0.9998681429069596,1.1867,30
median_ensemble,ensemble,trajectory,log_slow,0.001,1000,1.0,0.0,0.6333,0.06102797548093447,1.002500989333797,1.2533,30
stability_weighted,ensemble,trajectory,log_slow,0.001,1000,1.0,0.0,0.5667,0.06083610920460035,1.0067643917448899,1.2267,30
best_shanks_wynn,ensemble,limit,log_slow,0.001,1000,1.0,0.0,0.5667,0.06120702396805701,1.0011167447960059,1.2267,30
current_value,baseline,limit,log_slow,0.001,5000,1.0,0.0,0.0,0.08276057468475519,1.0,1.0,30
linear,baseline,trajectory,log_slow,0.001,5000,0.0,1.0,0.0,,,-2.0,30
log_linear,baseline,trajectory,log_slow,0.001,5000,1.0,0.0,1.0,0.025389821852210698,3.2521386169881827,1.4,30
geom_avg_diff,baseline,limit,log_slow,0.001,5000,0.4,0.6333,0.1667,0.0851853843444845,0.9837502865325853,-0.8,30
richardson_1,richardson,trajectory,log_slow,0.001,5000,1.0,0.0,1.0,0.011001799937858332,7.523107255223536,1.4,30
richardson_2,richardson,trajectory,log_slow,0.001,5000,1.0,0.0,1.0,0.023975085767909653,3.420067536473002,1.4,30
richardson_3,richardson,trajectory,log_slow,0.001,5000,1.0,0.0,1.0,0.03332286572894662,2.469596871732903,1.4,30
richardson_a05,richardson,trajectory,log_slow,0.001,5000,1.0,0.0,1.0,0.020562592067542816,4.033910136539291,1.4,30
richardson_a10,richardson,trajectory,log_slow,0.001,5000,1.0,0.0,1.0,0.05801283056408921,1.4294209370392894,1.4,30
richardson_a20,richardson,trajectory,log_slow,0.001,5000,1.0,0.0,0.9667,0.0807879644748542,1.0267547178068441,1.3867,30
single_exp_fit,parametric,trajectory,log_slow,0.001,5000,1.0,0.0,1.0,0.06990116046081456,1.1827672006377155,1.4,30
double_exp_fit,parametric,trajectory,log_slow,0.001,5000,1.0,0.0,0.9333,0.06982201733069926,1.185044430830165,1.3733,30
rational_fit,parametric,trajectory,log_slow,0.001,5000,1.0,0.0,1.0,0.03966682218278916,2.0823045689444593,1.4,30
log_fit,parametric,trajectory,log_slow,0.001,5000,1.0,0.0,1.0,0.0006794927861456038,123.86222652683728,1.4,30
shanks_1,shanks,limit,log_slow,0.001,5000,1.0,0.0,0.5667,0.08305172871901112,1.0008260985570057,1.2267,30
shanks_2,shanks,limit,log_slow,0.001,5000,1.0,0.0,0.1667,0.0839725237094189,0.9902587984301903,1.0667,30
shanks_3,shanks,limit,log_slow,0.001,5000,1.0,0.0,0.2333,0.08401462055097988,0.9954058270239514,1.0933,30
shanks_4,shanks,limit,log_slow,0.001,5000,1.0,0.0,0.1667,0.08475881661385326,0.9757258250606613,1.0667,30
wynn_eps_1,wynn_eps,limit,log_slow,0.001,5000,1.0,0.0,0.5667,0.08305172871900995,1.0008260985570203,1.2267,30
wynn_eps_2,wynn_eps,limit,log_slow,0.001,5000,1.0,0.0,0.3333,0.08349485403931603,0.9945095289984198,1.1333,30
wynn_eps_3,wynn_eps,limit,log_slow,0.001,5000,1.0,0.0,0.3333,0.08424140083427503,0.9911772533465151,1.1333,30
wynn_rho_1,wynn_rho,limit,log_slow,0.001,5000,1.0,0.0,0.3333,0.08330787515974257,0.9987097000267022,1.1333,30
wynn_rho_2,wynn_rho,limit,log_slow,0.001,5000,1.0,0.0,0.5333,0.08357820347343355,1.0006100806706724,1.2133,30
wynn_rho_3,wynn_rho,limit,log_slow,0.001,5000,1.0,0.0333,0.4,0.08395412455505803,0.993693428656155,1.0933,30
pade_11,pade,trajectory,log_slow,0.001,5000,1.0,0.0,1.0,0.032727260367033065,2.5301061540417855,1.4,30
pade_12,pade,trajectory,log_slow,0.001,5000,1.0,0.0,0.0,0.0962509121738665,0.8615721013305717,1.0,30
pade_13,pade,trajectory,log_slow,0.001,5000,1.0,0.0,0.0,0.1041434177584662,0.794695348663721,1.0,30
pade_21,pade,trajectory,log_slow,0.001,5000,0.0,1.0,0.0,,,-2.0,30
pade_22,pade,trajectory,log_slow,0.001,5000,1.0,0.0,1.0,0.036694098161030364,2.2384640192639633,1.4,30
pade_23,pade,trajectory,log_slow,0.001,5000,1.0,0.0,0.0,0.0977717440831537,0.8444840077068547,1.0,30
pade_31,pade,trajectory,log_slow,0.001,5000,1.0,1.0,0.0,299.19971776330533,0.0002799775582917834,-1.0,30
pade_32,pade,trajectory,log_slow,0.001,5000,0.5333,1.0,0.0,29.943552579238744,0.00269976997558604,-1.4667,30
levin_t1,levin,limit,log_slow,0.001,5000,1.0,0.0,0.5667,0.08305172871900995,1.0008260985570205,1.2267,30
levin_t2,levin,limit,log_slow,0.001,5000,1.0,0.0,0.4,0.0835059942834124,0.9936955016062806,1.16,30
levin_u1,levin,limit,log_slow,0.001,5000,1.0,0.0,0.5667,0.08305407697733734,1.000819773263824,1.2267,30
levin_u2,levin,limit,log_slow,0.001,5000,1.0,0.0,0.4,0.0835003304349827,0.993687211472406,1.16,30
levin_v1,levin,limit,log_slow,0.001,5000,1.0,0.0,0.2333,0.08387569330115759,0.9924292019386948,1.0933,30
levin_v2,levin,limit,log_slow,0.001,5000,1.0,0.0,0.2,0.08395309740838333,0.9899037336734844,1.08,30
weniger_d1,weniger,limit,log_slow,0.001,5000,1.0,0.0,0.0,0.10392166348542985,0.796374614387857,1.0,30
weniger_d2,weniger,limit,log_slow,0.001,5000,1.0,0.0,0.0,0.10392166348542985,0.79637461438787,1.0,30
brezinski_theta1,brezinski,limit,log_slow,0.001,5000,1.0,0.0,0.5667,0.08299615654026446,1.006137260269744,1.2267,30
brezinski_theta2,brezinski,limit,log_slow,0.001,5000,1.0,0.0,0.2667,0.08503285956472185,0.9709947318671116,1.1067,30
neville_2,neville,trajectory,log_slow,0.001,5000,0.5667,0.9667,0.0,8.375368847295888,0.010044984975494742,-1.3667,30
neville_3,neville,trajectory,log_slow,0.001,5000,0.2667,1.0,0.0,233.5703976899673,0.00035885728009141867,-1.7333,30
neville_4,neville,trajectory,log_slow,0.001,5000,0.0,1.0,0.0,,,-2.0,30
anderson_1,anderson,limit,log_slow,0.001,5000,1.0,0.0,0.5667,0.0830461020317369,1.0005974881490542,1.2267,30
anderson_2,anderson,limit,log_slow,0.001,5000,1.0,0.0,0.5,0.08298815031004352,0.9999285659642163,1.2,30
anderson_3,anderson,limit,log_slow,0.001,5000,1.0,0.0,0.4667,0.08290416527193098,0.9999032032714282,1.1867,30
median_ensemble,ensemble,trajectory,log_slow,0.001,5000,1.0,0.0,0.6333,0.08287268023188858,1.0018375717284531,1.2533,30
stability_weighted,ensemble,trajectory,log_slow,0.001,5000,1.0,0.0,0.9667,0.07716388323060545,1.0797134682809961,1.3867,30
best_shanks_wynn,ensemble,limit,log_slow,0.001,5000,1.0,0.0,0.5667,0.08305172871901112,1.0008260985570057,1.2267,30
current_value,baseline,limit,log_slow,0.005,150,1.0,0.0,0.0,0.01595518196359179,1.0,1.0,30
linear,baseline,trajectory,log_slow,0.005,150,1.0,0.0,0.0,0.03680768615627912,0.43672453368011577,1.0,30
log_linear,baseline,trajectory,log_slow,0.005,150,1.0,0.0,1.0,0.003470637251264147,4.339319200858154,1.4,30
geom_avg_diff,baseline,limit,log_slow,0.005,150,0.5667,0.4667,0.2,0.02408736540293549,0.7350701015196663,-0.2867,30
richardson_1,richardson,trajectory,log_slow,0.005,150,1.0,0.0,1.0,0.0031167909959579354,5.458999750672392,1.4,30
richardson_2,richardson,trajectory,log_slow,0.005,150,1.0,0.0,1.0,0.0034403999071008634,4.709316403336608,1.4,30
richardson_3,richardson,trajectory,log_slow,0.005,150,1.0,0.0,1.0,0.0034873415734236607,5.776776338295726,1.4,30
richardson_a05,richardson,trajectory,log_slow,0.005,150,1.0,0.0,1.0,0.00118515879295171,11.524479257506037,1.4,30
richardson_a10,richardson,trajectory,log_slow,0.005,150,1.0,0.0,0.9333,0.00823913654899909,1.9088963889131327,1.3733,30
richardson_a20,richardson,trajectory,log_slow,0.005,150,1.0,0.0,0.2667,0.017859044426052573,0.8965510774899002,1.1067,30
single_exp_fit,parametric,trajectory,log_slow,0.005,150,1.0,0.0,0.9667,0.00678683238752277,2.4092748121847167,1.3867,30
double_exp_fit,parametric,trajectory,log_slow,0.005,150,1.0,0.0,0.9667,0.006058577748147373,2.693226096683552,1.3867,30
rational_fit,parametric,trajectory,log_slow,0.005,150,1.0,0.0,1.0,0.0030437784309162302,5.182762424877636,1.4,30
log_fit,parametric,trajectory,log_slow,0.005,150,1.0,0.0,1.0,0.0010311043751490695,16.02118948477034,1.4,30
shanks_1,shanks,limit,log_slow,0.005,150,1.0,0.0,0.5667,0.015985788140690627,1.0045343091359118,1.2267,30
shanks_2,shanks,limit,log_slow,0.005,150,1.0,0.0,0.2333,0.018536416727470556,0.8660996552538285,1.0933,30
shanks_3,shanks,limit,log_slow,0.005,150,1.0,0.0,0.3333,0.018302699577694842,0.8842618540033991,1.1333,30
shanks_4,shanks,limit,log_slow,0.005,150,1.0,0.0,0.3,0.017869021068054325,0.8920775102162166,1.12,30
wynn_eps_1,wynn_eps,limit,log_slow,0.005,150,1.0,0.0,0.5667,0.015985788140690627,1.004534309135913,1.2267,30
wynn_eps_2,wynn_eps,limit,log_slow,0.005,150,1.0,0.0333,0.3667,0.018641230123184638,0.8684506758004071,1.08,30
wynn_eps_3,wynn_eps,limit,log_slow,0.005,150,1.0,0.0333,0.3333,0.018526019560907075,0.8395798305550706,1.0667,30
wynn_rho_1,wynn_rho,limit,log_slow,0.005,150,1.0,0.0,0.3333,0.016303649643151896,0.9615504940536848,1.1333,30
wynn_rho_2,wynn_rho,limit,log_slow,0.005,150,1.0,0.0667,0.4333,0.01777527953711132,0.9484973900008011,1.04,30
wynn_rho_3,wynn_rho,limit,log_slow,0.005,150,1.0,0.0,0.4,0.01776316830670717,0.9677214461816795,1.16,30
pade_11,pade,trajectory,log_slow,0.005,150,0.9667,0.9,0.0,0.1659965802427248,0.09109956415338803,-0.8333,30
pade_12,pade,trajectory,log_slow,0.005,150,1.0,0.0,0.1667,0.02140818681431729,0.7791537549638481,1.0667,30
pade_13,pade,trajectory,log_slow,0.005,150,1.0,0.0667,0.3667,0.02100270847323349,0.7817863678781086,1.0133,30
pade_21,pade,trajectory,log_slow,0.005,150,1.0,0.0667,0.0,0.04705979222686257,0.35473119615646886,0.8667,30
pade_22,pade,trajectory,log_slow,0.005,150,0.9667,0.2667,0.0,0.04404612921272838,0.36160911805988094,0.4333,30
pade_23,pade,trajectory,log_slow,0.005,150,1.0,0.0,0.1,0.022596546539089657,0.7430865168661726,1.04,30
pade_31,pade,trajectory,log_slow,0.005,150,1.0,0.1333,0.0667,0.052148638577403386,0.31219870215406575,0.76,30
pade_32,pade,trajectory,log_slow,0.005,150,1.0,0.1333,0.0,0.051676018501817036,0.3168877998892027,0.7333,30
levin_t1,levin,limit,log_slow,0.005,150,1.0,0.0,0.5667,0.015985788140690613,1.0045343091359138,1.2267,30
levin_t2,levin,limit,log_slow,0.005,150,1.0,0.0667,0.3667,0.017129867267545243,0.9397916718883172,1.0133,30
levin_u1,levin,limit,log_slow,0.005,150,1.0,0.0,0.5667,0.01598373607063311,1.0045412350433054,1.2267,30
levin_u2,levin,limit,log_slow,0.005,150,1.0,0.0667,0.4,0.017069261120450638,0.9617603053975214,1.0267,30
levin_v1,levin,limit,log_slow,0.005,150,1.0,0.0333,0.3333,0.018557583555353335,0.8345807923104474,1.0667,30
levin_v2,levin,limit,log_slow,0.005,150,1.0,0.0,0.4,0.01769934836146239,0.9116033473529479,1.16,30
weniger_d1,weniger,limit,log_slow,0.005,150,1.0,1.0,0.0,0.16909016560561674,0.0943590179029423,-1.0,30
weniger_d2,weniger,limit,log_slow,0.005,150,1.0,1.0,0.0,0.16909016560561674,0.09435901790294182,-1.0,30
brezinski_theta1,brezinski,limit,log_slow,0.005,150,1.0,0.0,0.5333,0.01330298237860758,1.222074102446689,1.2133,30
brezinski_theta2,brezinski,limit,log_slow,0.005,150,1.0,0.0667,0.3,0.023936070741649954,0.6488226162819726,0.9867,30
neville_2,neville,trajectory,log_slow,0.005,150,0.6,1.0,0.0,5.369249298836871,0.003064965468893126,-1.4,30
neville_3,neville,trajectory,log_slow,0.005,150,0.6,1.0,0.0,117.80184446288712,0.00013706222042647972,-1.4,30
neville_4,neville,trajectory,log_slow,0.005,150,0.1,1.0,0.0,211.51667325702797,0.00010427164582373164,-1.9,30
anderson_1,anderson,limit,log_slow,0.005,150,1.0,0.0,0.5667,0.01598573472423062,1.0045294640120588,1.2267,30
anderson_2,anderson,limit,log_slow,0.005,150,1.0,0.0,0.5,0.01577622165682123,1.002311868135211,1.2,30
anderson_3,anderson,limit,log_slow,0.005,150,1.0,0.0,0.4667,0.01619061474814669,0.9935481386750105,1.1867,30
median_ensemble,ensemble,trajectory,log_slow,0.005,150,1.0,0.0,0.5333,0.015290996035249499,1.0127291674228966,1.2133,30
stability_weighted,ensemble,trajectory,log_slow,0.005,150,1.0,0.0,0.4333,0.016424464153703466,0.9384823727596654,1.1733,30
best_shanks_wynn,ensemble,limit,log_slow,0.005,150,1.0,0.0,0.5667,0.015985788140690627,1.0045343091359118,1.2267,30
current_value,baseline,limit,log_slow,0.005,1000,1.0,0.0,0.0,0.05927897933282457,1.0,1.0,30
linear,baseline,trajectory,log_slow,0.005,1000,0.0667,1.0,0.0,0.617649748113795,0.09879831185186869,-1.9333,30
log_linear,baseline,trajectory,log_slow,0.005,1000,1.0,0.0,1.0,0.01703799628844386,3.4810023752960673,1.4,30
geom_avg_diff,baseline,limit,log_slow,0.005,1000,0.5667,0.4333,0.2667,0.061177579843919194,0.9692393217100481,-0.1933,30
richardson_1,richardson,trajectory,log_slow,0.005,1000,1.0,0.0,1.0,0.01451963934140689,4.067958484864399,1.4,30
richardson_2,richardson,trajectory,log_slow,0.005,1000,1.0,0.0,1.0,0.017916953721134873,3.2238818554189184,1.4,30
richardson_3,richardson,trajectory,log_slow,0.005,1000,1.0,0.0,1.0,0.020396918928288044,2.8715508643706755,1.4,30
richardson_a05,richardson,trajectory,log_slow,0.005,1000,1.0,0.0,1.0,0.00965042222906011,6.148994296163872,1.4,30
richardson_a10,richardson,trajectory,log_slow,0.005,1000,1.0,0.0,1.0,0.03749409305746898,1.5605137702425265,1.4,30
richardson_a20,richardson,trajectory,log_slow,0.005,1000,1.0,0.0,0.5667,0.0586181694368499,1.0135968597879512,1.2267,30
single_exp_fit,parametric,trajectory,log_slow,0.005,1000,1.0,0.0,1.0,0.04683893714275991,1.2954132048862146,1.4,30
double_exp_fit,parametric,trajectory,log_slow,0.005,1000,1.0,0.0,0.9667,0.04302595459887172,1.368908717183122,1.3867,30
rational_fit,parametric,trajectory,log_slow,0.005,1000,1.0,0.0,1.0,0.02258988951427028,2.605255746069523,1.4,30
log_fit,parametric,trajectory,log_slow,0.005,1000,1.0,0.0,1.0,0.002611773740974918,20.91632172440193,1.4,30
shanks_1,shanks,limit,log_slow,0.005,1000,1.0,0.0,0.5667,0.05930958550992341,1.0012291044190378,1.2267,30
shanks_2,shanks,limit,log_slow,0.005,1000,1.0,0.0,0.2333,0.061860214096703336,0.9603731314261617,1.0933,30
shanks_3,shanks,limit,log_slow,0.005,1000,1.0,0.0,0.3333,0.06162649694692762,0.9661879124051461,1.1333,30
shanks_4,shanks,limit,log_slow,0.005,1000,1.0,0.0,0.3,0.061192818437287105,0.966798679559771,1.12,30
wynn_eps_1,wynn_eps,limit,log_slow,0.005,1000,1.0,0.0,0.5667,0.05930958550992341,1.0012291044190382,1.2267,30
wynn_eps_2,wynn_eps,limit,log_slow,0.005,1000,1.0,0.0,0.3667,0.06196502749241742,0.9606065887182182,1.1467,30
wynn_eps_3,wynn_eps,limit,log_slow,0.005,1000,1.0,0.0,0.3667,0.061552002439236544,0.969340510710768,1.1467,30
wynn_rho_1,wynn_rho,limit,log_slow,0.005,1000,1.0,0.0,0.3333,0.05962744701238468,0.9884479738531287,1.1333,30
wynn_rho_2,wynn_rho,limit,log_slow,0.005,1000,1.0,0.0333,0.5,0.06061624781178762,0.9985745918093515,1.1333,30
wynn_rho_3,wynn_rho,limit,log_slow,0.005,1000,1.0,0.0,0.4333,0.06098735717877196,0.9953770128989055,1.1733,30
pade_11,pade,trajectory,log_slow,0.005,1000,0.9667,0.2,0.0,0.21359165495918733,0.285849438365948,0.5667,30
pade_12,pade,trajectory,log_slow,0.005,1000,1.0,0.0,0.0,0.08549517731950748,0.7015587857178032,1.0,30
pade_13,pade,trajectory,log_slow,0.005,1000,1.0,0.0333,0.0,0.1329253791316335,0.441675123446045,0.9333,30
pade_21,pade,trajectory,log_slow,0.005,1000,0.0,1.0,0.0,,,-2.0,30
pade_22,pade,trajectory,log_slow,0.005,1000,0.8333,0.5333,0.0333,0.28409632783542915,0.20505740716006582,-0.22,30
pade_23,pade,trajectory,log_slow,0.005,1000,1.0,0.0,0.0,0.0867154167597182,0.6908703407646172,1.0,30
pade_31,pade,trajectory,log_slow,0.005,1000,1.0,1.0,0.0,9.986967737036439,0.006105366023136331,-1.0,30
pade_32,pade,trajectory,log_slow,0.005,1000,0.0,1.0,0.0,,,-2.0,30
levin_t1,levin,limit,log_slow,0.005,1000,1.0,0.0,0.5667,0.05930958550992339,1.0012291044190387,1.2267,30
levin_t2,levin,limit,log_slow,0.005,1000,1.0,0.0,0.4333,0.05998858126650754,0.9915922272993865,1.1733,30
levin_u1,levin,limit,log_slow,0.005,1000,1.0,0.0,0.5667,0.05930753343986589,1.001234986602019,1.2267,30
levin_u2,levin,limit,log_slow,0.005,1000,1.0,0.0333,0.4333,0.06000337358409405,0.9915335079343413,1.1067,30
levin_v1,levin,limit,log_slow,0.005,1000,1.0,0.0,0.3667,0.06186662289721569,0.9495058145296558,1.1467,30
levin_v2,levin,limit,log_slow,0.005,1000,1.0,0.0,0.4,0.06102314573069517,0.9742815421038657,1.16,30
weniger_d1,weniger,limit,log_slow,0.005,1000,1.0,0.0,0.0,0.12576636823638396,0.4713420619843873,1.0,30
weniger_d2,weniger,limit,log_slow,0.005,1000,1.0,0.0,0.0,0.12576636823638396,0.4713420619843841,1.0,30
brezinski_theta1,brezinski,limit,log_slow,0.005,1000,1.0,0.0,0.5667,0.05654221161256838,1.0792213036469054,1.2267,30
brezinski_theta2,brezinski,limit,log_slow,0.005,1000,1.0,0.0,0.3333,0.06725986811088273,0.881304261956529,1.1333,30
neville_2,neville,trajectory,log_slow,0.005,1000,0.5667,1.0,0.0,28.26576120566946,0.0020610114104390124,-1.4333,30
neville_3,neville,trajectory,log_slow,0.005,1000,0.1,1.0,0.0,170.71017805510465,0.00038298237254371243,-1.9,30
neville_4,neville,trajectory,log_slow,0.005,1000,0.0,1.0,0.0,,,-2.0,30
anderson_1,anderson,limit,log_slow,0.005,1000,1.0,0.0,0.5667,0.0593095320934634,1.0012278134910737,1.2267,30
anderson_2,anderson,limit,log_slow,0.005,1000,1.0,0.0,0.5,0.05910001902605401,1.0004426163781344,1.2,30
anderson_3,anderson,limit,log_slow,0.005,1000,1.0,0.0,0.4667,0.05951441211737947,0.998168200756093,1.1867,30
median_ensemble,ensemble,trajectory,log_slow,0.005,1000,1.0,0.0,0.6667,0.05802237556540754,1.0071972152633915,1.2667,30
stability_weighted,ensemble,trajectory,log_slow,0.005,1000,1.0,0.0,0.6333,0.05530941942891128,1.0657460125240192,1.2533,30
best_shanks_wynn,ensemble,limit,log_slow,0.005,1000,1.0,0.0,0.5667,0.05930958550992341,1.0012291044190378,1.2267,30
current_value,baseline,limit,log_slow,0.005,5000,1.0,0.0,0.0,0.08112368408377868,1.0,1.0,30
linear,baseline,trajectory,log_slow,0.005,5000,0.0,1.0,0.0,,,-2.0,30
log_linear,baseline,trajectory,log_slow,0.005,5000,1.0,0.0,1.0,0.026746934354167008,3.04601085500148,1.4,30
geom_avg_diff,baseline,limit,log_slow,0.005,5000,0.5667,0.4333,0.2667,0.0830222845948733,0.9773379530707943,-0.1933,30
richardson_1,richardson,trajectory,log_slow,0.005,5000,1.0,0.0,1.0,0.02536572388768682,3.189732869534982,1.4,30
richardson_2,richardson,trajectory,log_slow,0.005,5000,1.0,0.0,1.0,0.028406886434010535,2.8550048179042555,1.4,30
richardson_3,richardson,trajectory,log_slow,0.005,5000,1.0,0.0,1.0,0.03490840066022158,2.2325365950003007,1.4,30
richardson_a05,richardson,trajectory,log_slow,0.005,5000,1.0,0.0,1.0,0.019437736994505656,4.17729597696705,1.4,30
richardson_a10,richardson,trajectory,log_slow,0.005,5000,1.0,0.0,1.0,0.057348368986784914,1.402966059398491,1.4,30
richardson_a20,richardson,trajectory,log_slow,0.005,5000,1.0,0.0,0.6,0.08040659207409019,1.0106066959264735,1.24,30
single_exp_fit,parametric,trajectory,log_slow,0.005,5000,1.0,0.0,1.0,0.06868364189307746,1.206794962361228,1.4,30
double_exp_fit,parametric,trajectory,log_slow,0.005,5000,1.0,0.0,0.9667,0.0648706593384171,1.2440097303074338,1.3867,30
rational_fit,parametric,trajectory,log_slow,0.005,5000,1.0,0.0,1.0,0.03857247830003978,2.1959222882611673,1.4,30
log_fit,parametric,trajectory,log_slow,0.005,5000,1.0,0.0,1.0,0.0034121729682757493,21.925435097685096,1.4,30
shanks_1,shanks,limit,log_slow,0.005,5000,1.0,0.0,0.5667,0.08115429026087752,1.0008988921216235,1.2267,30
shanks_2,shanks,limit,log_slow,0.005,5000,1.0,0.0,0.2333,0.08370491884765745,0.9703343114534625,1.0933,30
shanks_3,shanks,limit,log_slow,0.005,5000,1.0,0.0,0.3333,0.08347120169788173,0.9750815239244547,1.1333,30
shanks_4,shanks,limit,log_slow,0.005,5000,1.0,0.0,0.3,0.08303752318824122,0.9753800633068985,1.12,30
wynn_eps_1,wynn_eps,limit,log_slow,0.005,5000,1.0,0.0,0.5667,0.08115429026087752,1.000898892121624,1.2267,30
wynn_eps_2,wynn_eps,limit,log_slow,0.005,5000,1.0,0.0,0.3667,0.08380973224337153,0.9708960404242455,1.1467,30
wynn_eps_3,wynn_eps,limit,log_slow,0.005,5000,1.0,0.0,0.3667,0.08339670719019066,0.9775241504512356,1.1467,30
wynn_rho_1,wynn_rho,limit,log_slow,0.005,5000,1.0,0.0,0.3333,0.08147215176333879,0.9915053334136268,1.1333,30
wynn_rho_2,wynn_rho,limit,log_slow,0.005,5000,1.0,0.0,0.5,0.08246095256274173,0.9989768457762647,1.2,30
wynn_rho_3,wynn_rho,limit,log_slow,0.005,5000,1.0,0.0,0.4333,0.08283206192972607,0.9966258960545293,1.1733,30
pade_11,pade,trajectory,log_slow,0.005,5000,1.0,0.0667,0.0,0.2197785234002554,0.3692787318178319,0.8667,30
pade_12,pade,trajectory,log_slow,0.005,5000,1.0,0.0,0.0,0.09481516104421714,0.857785790634172,1.0,30
pade_13,pade,trajectory,log_slow,0.005,5000,1.0,0.0,0.0,0.10414846907177759,0.7792773462132645,1.0,30
pade_21,pade,trajectory,log_slow,0.005,5000,0.0,1.0,0.0,,,-2.0,30
pade_22,pade,trajectory,log_slow,0.005,5000,0.8667,0.5,0.0667,0.3334573687566347,0.24627431245770584,-0.1067,30
pade_23,pade,trajectory,log_slow,0.005,5000,1.0,0.0,0.0,0.09514385302482573,0.8539762167823249,1.0,30
pade_31,pade,trajectory,log_slow,0.005,5000,1.0,1.0,0.0,290.95816549336666,0.00028567446710746575,-1.0,30
pade_32,pade,trajectory,log_slow,0.005,5000,0.0,1.0,0.0,,,-2.0,30
levin_t1,levin,limit,log_slow,0.005,5000,1.0,0.0,0.5667,0.0811542902608775,1.0008988921216242,1.2267,30
levin_t2,levin,limit,log_slow,0.005,5000,1.0,0.0,0.4333,0.08183328601746165,0.9937951844871628,1.1733,30
levin_u1,levin,limit,log_slow,0.005,5000,1.0,0.0,0.5667,0.08115223819082,1.0009035080698934,1.2267,30
levin_u2,levin,limit,log_slow,0.005,5000,1.0,0.0,0.4333,0.08184807833504816,0.9937523278288606,1.1733,30
levin_v1,levin,limit,log_slow,0.005,5000,1.0,0.0,0.3667,0.0837113276481698,0.9625411812284919,1.1467,30
levin_v2,levin,limit,log_slow,0.005,5000,1.0,0.0,0.4,0.08286785048164928,0.9810546782609357,1.16,30
weniger_d1,weniger,limit,log_slow,0.005,5000,1.0,0.0,0.0,0.10392166348542985,0.7806234173219633,1.0,30
weniger_d2,weniger,limit,log_slow,0.005,5000,1.0,0.0,0.0,0.10392166348542985,0.7806234173219571,1.0,30
brezinski_theta1,brezinski,limit,log_slow,0.005,5000,1.0,0.0,0.5667,0.07838691636352249,1.0579933587105461,1.2267,30
brezinski_theta2,brezinski,limit,log_slow,0.005,5000,1.0,0.0,0.3333,0.08910457286183684,0.910299544969341,1.1333,30
neville_2,neville,trajectory,log_slow,0.005,5000,0.5667,1.0,0.0,32.88590342006105,0.0024357172158974414,-1.4333,30
neville_3,neville,trajectory,log_slow,0.005,5000,0.0667,1.0,0.0,159.80495091476104,0.0005884959910981058,-1.9333,30
neville_4,neville,trajectory,log_slow,0.005,5000,0.0,1.0,0.0,,,-2.0,30
anderson_1,anderson,limit,log_slow,0.005,5000,1.0,0.0,0.5667,0.08115423684441751,1.0008979497271264,1.2267,30
anderson_2,anderson,limit,log_slow,0.005,5000,1.0,0.0,0.5,0.08094472377700812,1.0003138538754546,1.2,30
anderson_3,anderson,limit,log_slow,0.005,5000,1.0,0.0,0.4667,0.08135911686833358,0.9986608920254938,1.1867,30
median_ensemble,ensemble,trajectory,log_slow,0.005,5000,1.0,0.0,0.6667,0.07986708031636165,1.0052230685767027,1.2667,30
stability_weighted,ensemble,trajectory,log_slow,0.005,5000,1.0,0.0,0.7,0.07748471508784963,1.0606063556776224,1.28,30
best_shanks_wynn,ensemble,limit,log_slow,0.005,5000,1.0,0.0,0.5667,0.08115429026087752,1.0008988921216235,1.2267,30
current_value,baseline,limit,delayed_plateau,0.0,150,1.0,0.0,0.0,0.11006392487748048,1.0,1.0,30
linear,baseline,trajectory,delayed_plateau,0.0,150,1.0,0.0,0.0,0.1846493392682648,0.5960699632809187,1.0,30
log_linear,baseline,trajectory,delayed_plateau,0.0,150,1.0,0.0,1.0,0.03913341393676714,2.8125306178327514,1.4,30
geom_avg_diff,baseline,limit,delayed_plateau,0.0,150,1.0,0.0,1.0,0.0006188756257095862,177.84498258641895,1.4,30
richardson_1,richardson,trajectory,delayed_plateau,0.0,150,1.0,0.0,1.0,0.04802697239474932,2.291710665682385,1.4,30
richardson_2,richardson,trajectory,delayed_plateau,0.0,150,1.0,0.0,1.0,0.04439726460911261,2.4790699572714145,1.4,30
richardson_3,richardson,trajectory,delayed_plateau,0.0,150,1.0,0.0,1.0,0.04235015442619036,2.5989025629010287,1.4,30
richardson_a05,richardson,trajectory,delayed_plateau,0.0,150,1.0,0.0,1.0,0.026842361987248375,4.10038151373441,1.4,30
richardson_a10,richardson,trajectory,delayed_plateau,0.0,150,1.0,0.0,1.0,0.06704900409500814,1.6415445145392524,1.4,30
richardson_a20,richardson,trajectory,delayed_plateau,0.0,150,1.0,0.0,0.0,0.12073181969265454,0.9116397413512761,1.0,30
single_exp_fit,parametric,trajectory,delayed_plateau,0.0,150,1.0,0.0,1.0,0.015175654319121351,7.252664205641516,1.4,30
double_exp_fit,parametric,trajectory,delayed_plateau,0.0,150,0.0,1.0,0.0,,,-2.0,30
rational_fit,parametric,trajectory,delayed_plateau,0.0,150,1.0,0.0,1.0,0.027162325614886934,4.052080312930106,1.4,30
log_fit,parametric,trajectory,delayed_plateau,0.0,150,1.0,0.0,0.0,0.154370455181728,0.7129856859456106,1.0,30
shanks_1,shanks,limit,delayed_plateau,0.0,150,1.0,0.0,0.0,0.13305967498681193,0.8271771660977629,1.0,30
shanks_2,shanks,limit,delayed_plateau,0.0,150,1.0,0.0,0.0,0.1339629333556778,0.8215998419895424,1.0,30
shanks_3,shanks,limit,delayed_plateau,0.0,150,1.0,0.0,0.0,0.1338797136386116,0.8221105489856492,1.0,30
shanks_4,shanks,limit,delayed_plateau,0.0,150,1.0,0.0,0.0,0.1338763779779764,0.8221310326724462,1.0,30
wynn_eps_1,wynn_eps,limit,delayed_plateau,0.0,150,1.0,0.0,0.0,0.13305967498692145,0.8271771660970821,1.0,30
wynn_eps_2,wynn_eps,limit,delayed_plateau,0.0,150,1.0,0.0,0.0,0.1339555780185867,0.8216449550328454,1.0,30
wynn_eps_3,wynn_eps,limit,delayed_plateau,0.0,150,1.0,0.0,0.0,0.1338643528295541,0.822204885400835,1.0,30
wynn_rho_1,wynn_rho,limit,delayed_plateau,0.0,150,1.0,0.0,0.0,0.37863507421045495,0.2906860256065559,1.0,30
wynn_rho_2,wynn_rho,limit,delayed_plateau,0.0,150,1.0,0.0,0.0,0.385907593701158,0.28520797899279643,1.0,30
wynn_rho_3,wynn_rho,limit,delayed_plateau,0.0,150,1.0,0.0,0.0,0.3143564338306004,0.35012461344052354,1.0,30
pade_11,pade,trajectory,delayed_plateau,0.0,150,1.0,0.0,1.0,0.03717201275681002,2.9609353035992503,1.4,30
pade_12,pade,trajectory,delayed_plateau,0.0,150,1.0,0.0,1.0,0.0237854798550636,4.627357763986812,1.4,30
pade_13,pade,trajectory,delayed_plateau,0.0,150,1.0,0.0,1.0,0.0311350531698511,3.535048560124455,1.4,30
pade_21,pade,trajectory,delayed_plateau,0.0,150,1.0,0.0,0.0,0.16284332365779247,0.6758884700043006,1.0,30
pade_22,pade,trajectory,delayed_plateau,0.0,150,1.0,1.0,0.0,0.9797042578646408,0.11234403034786777,-1.0,30
pade_23,pade,trajectory,delayed_plateau,0.0,150,1.0,0.0,1.0,0.028166229492276235,3.907655616725778,1.4,30
pade_31,pade,trajectory,delayed_plateau,0.0,150,1.0,0.0,1.0,0.07383300306634441,1.4907144543285056,1.4,30
pade_32,pade,trajectory,delayed_plateau,0.0,150,1.0,0.0,1.0,0.03917470212089094,2.809566350698197,1.4,30
levin_t1,levin,limit,delayed_plateau,0.0,150,1.0,0.0,0.0,0.13305967498692226,0.8271771660970771,1.0,30
levin_t2,levin,limit,delayed_plateau,0.0,150,1.0,0.0,0.0,0.14749605303971958,0.746216068899424,1.0,30
levin_u1,levin,limit,delayed_plateau,0.0,150,1.0,1.0,0.0,2.2876110870740343,0.04811304049861797,-1.0,30
levin_u2,levin,limit,delayed_plateau,0.0,150,1.0,0.0,0.0,0.18758228921834386,0.5867500889136031,1.0,30
levin_v1,levin,limit,delayed_plateau,0.0,150,1.0,0.0,0.0,0.18813768193494407,0.5850179705920868,1.0,30
levin_v2,levin,limit,delayed_plateau,0.0,150,1.0,0.0,1.0,0.05313035048130618,2.0715828877546416,1.4,30
weniger_d1,weniger,limit,delayed_plateau,0.0,150,1.0,0.0,0.0,0.14387809608906724,0.7649804095916434,1.0,30
weniger_d2,weniger,limit,delayed_plateau,0.0,150,1.0,0.0,0.0,0.14387809608906724,0.7649804095916434,1.0,30
brezinski_theta1,brezinski,limit,delayed_plateau,0.0,150,1.0,0.0,0.0,0.13553619971249456,0.8120629404613159,1.0,30
brezinski_theta2,brezinski,limit,delayed_plateau,0.0,150,1.0,0.0,0.0,0.1369916814586482,0.803435096974877,1.0,30
neville_2,neville,trajectory,delayed_plateau,0.0,150,1.0,0.0,1.0,0.0032563338015851595,33.799951597069736,1.4,30
neville_3,neville,trajectory,delayed_plateau,0.0,150,1.0,0.0,1.0,0.0006084775657889951,180.88411317969266,1.4,30
neville_4,neville,trajectory,delayed_plateau,0.0,150,1.0,0.0,1.0,0.000302711109208903,363.59393999486366,1.4,30
anderson_1,anderson,limit,delayed_plateau,0.0,150,1.0,0.0,1.0,0.09605701908181427,1.1458186598913316,1.4,30
anderson_2,anderson,limit,delayed_plateau,0.0,150,1.0,0.0,1.0,0.08331786350260714,1.321012328575089,1.4,30
anderson_3,anderson,limit,delayed_plateau,0.0,150,1.0,0.0,1.0,0.07167988722377591,1.5354924392371638,1.4,30
median_ensemble,ensemble,trajectory,delayed_plateau,0.0,150,1.0,0.0,0.0,0.1330596749868667,0.8271771660974225,1.0,30
stability_weighted,ensemble,trajectory,delayed_plateau,0.0,150,1.0,0.0,0.0,0.13345966614080948,0.82469803844223,1.0,30
best_shanks_wynn,ensemble,limit,delayed_plateau,0.0,150,1.0,0.0,0.0,0.13305967498681193,0.8271771660977629,1.0,30
current_value,baseline,limit,delayed_plateau,0.0,1000,1.0,0.0,0.0,0.24391478100869024,1.0,1.0,30
linear,baseline,trajectory,delayed_plateau,0.0,1000,0.0,1.0,0.0,,,-2.0,30
log_linear,baseline,trajectory,delayed_plateau,0.0,1000,1.0,0.0,1.0,0.04381099468378308,5.567433078596064,1.4,30
geom_avg_diff,baseline,limit,delayed_plateau,0.0,1000,1.0,0.0,1.0,0.004957507054344935,49.20109610230704,1.4,30
richardson_1,richardson,trajectory,delayed_plateau,0.0,1000,1.0,0.0,1.0,0.0458206178805276,5.323253860187397,1.4,30
richardson_2,richardson,trajectory,delayed_plateau,0.0,1000,1.0,0.0,1.0,0.04291287926392831,5.683952817720158,1.4,30
richardson_3,richardson,trajectory,delayed_plateau,0.0,1000,1.0,0.0,1.0,0.0392064949946767,6.2212850458019275,1.4,30
richardson_a05,richardson,trajectory,delayed_plateau,0.0,1000,1.0,0.0,1.0,0.02694972310079238,9.05073421706209,1.4,30
richardson_a10,richardson,trajectory,delayed_plateau,0.0,1000,1.0,0.0,1.0,0.12551421284194544,1.9433239908522666,1.4,30
richardson_a20,richardson,trajectory,delayed_plateau,0.0,1000,1.0,0.0,1.0,0.24108022883224478,1.0117577131487538,1.4,30
single_exp_fit,parametric,trajectory,delayed_plateau,0.0,1000,1.0,0.0,1.0,0.030436397720911623,8.013917522214077,1.4,30
double_exp_fit,parametric,trajectory,delayed_plateau,0.0,1000,0.0,1.0,0.0,,,-2.0,30
rational_fit,parametric,trajectory,delayed_plateau,0.0,1000,1.0,0.0,1.0,0.01927851422084104,12.652156603697506,1.4,30
log_fit,parametric,trajectory,delayed_plateau,0.0,1000,1.0,0.0,1.0,0.2070015844257657,1.1783232562461967,1.4,30
shanks_1,shanks,limit,delayed_plateau,0.0,1000,1.0,0.0,1.0,0.000791181144397822,308.29195404339026,1.4,30
shanks_2,shanks,limit,delayed_plateau,0.0,1000,1.0,0.0,1.0,0.00011207722446806428,2176.309969901086,1.4,30
shanks_3,shanks,limit,delayed_plateau,0.0,1000,1.0,0.0,1.0,2.8857507401839483e-05,8452.385634427394,1.4,30
shanks_4,shanks,limit,delayed_plateau,0.0,1000,1.0,0.0,1.0,2.5521846766672976e-05,9557.097620662775,1.4,30
wynn_eps_1,wynn_eps,limit,delayed_plateau,0.0,1000,1.0,0.0,1.0,0.000791181144288295,308.2919540860686,1.4,30
wynn_eps_2,wynn_eps,limit,delayed_plateau,0.0,1000,1.0,0.0,1.0,0.00010472188737696217,2329.167159971844,1.4,30
wynn_eps_3,wynn_eps,limit,delayed_plateau,0.0,1000,1.0,0.0,1.0,1.3496698344359764e-05,18072.18141691828,1.4,30
wynn_rho_1,wynn_rho,limit,delayed_plateau,0.0,1000,1.0,0.0,0.0,0.24478421807924516,0.9964481489967892,1.0,30
wynn_rho_2,wynn_rho,limit,delayed_plateau,0.0,1000,1.0,0.0,0.0,0.2520567375699483,0.9676979213499557,1.0,30
wynn_rho_3,wynn_rho,limit,delayed_plateau,0.0,1000,1.0,0.0,1.0,0.18050557769939063,1.3512866700158135,1.4,30
pade_11,pade,trajectory,delayed_plateau,0.0,1000,1.0,0.0,1.0,0.2305267493313247,1.0580758272790443,1.4,30
pade_12,pade,trajectory,delayed_plateau,0.0,1000,1.0,0.0,1.0,0.018662545473743377,13.069748783833251,1.4,30
pade_13,pade,trajectory,delayed_plateau,0.0,1000,1.0,0.0,1.0,0.00729336192593197,33.44339462181866,1.4,30
pade_21,pade,trajectory,delayed_plateau,0.0,1000,0.0,1.0,0.0,,,-2.0,30
pade_22,pade,trajectory,delayed_plateau,0.0,1000,1.0,0.0,0.0,0.8342430085274098,0.29237857376742543,1.0,30
pade_23,pade,trajectory,delayed_plateau,0.0,1000,1.0,0.0,1.0,0.020868967191752852,11.687918178580597,1.4,30
pade_31,pade,trajectory,delayed_plateau,0.0,1000,1.0,1.0,0.0,22.429096040539093,0.010874926950592684,-1.0,30
pade_32,pade,trajectory,delayed_plateau,0.0,1000,0.0,1.0,0.0,,,-2.0,30
levin_t1,levin,limit,delayed_plateau,0.0,1000,1.0,0.0,1.0,0.0007911811442874901,308.2919540863822,1.4,30
levin_t2,levin,limit,delayed_plateau,0.0,1000,1.0,0.0,1.0,0.013645196908509832,17.875504666156388,1.4,30
levin_u1,levin,limit,delayed_plateau,0.0,1000,1.0,1.0,0.0,2.421461943205244,0.10073037971673625,-1.0,30
levin_u2,levin,limit,delayed_plateau,0.0,1000,1.0,0.0,1.0,0.053731433087134114,4.539517503900248,1.4,30
levin_v1,levin,limit,delayed_plateau,0.0,1000,1.0,0.0,1.0,0.054286825803734326,4.493075021378606,1.4,30
levin_v2,levin,limit,delayed_plateau,0.0,1000,1.0,0.0,1.0,0.18698120661251594,1.3044882179745403,1.4,30
weniger_d1,weniger,limit,delayed_plateau,0.0,1000,1.0,0.0,1.0,0.010027239957857492,24.325216314141866,1.4,30
weniger_d2,weniger,limit,delayed_plateau,0.0,1000,1.0,0.0,1.0,0.010027239957857492,24.325216314141866,1.4,30
brezinski_theta1,brezinski,limit,delayed_plateau,0.0,1000,1.0,0.0,1.0,0.0016853435812848143,144.72703590964096,1.4,30
brezinski_theta2,brezinski,limit,delayed_plateau,0.0,1000,1.0,0.0,1.0,0.0031408253274384686,77.65945430897851,1.4,30
neville_2,neville,trajectory,delayed_plateau,0.0,1000,1.0,0.0,1.0,0.05415565911321554,4.5039573888071835,1.4,30
neville_3,neville,trajectory,delayed_plateau,0.0,1000,1.0,0.0,1.0,0.09761507769748469,2.498740837605002,1.4,30
neville_4,neville,trajectory,delayed_plateau,0.0,1000,1.0,0.0,1.0,0.07534173483774184,3.2374457733684023,1.4,30
anderson_1,anderson,limit,delayed_plateau,0.0,1000,1.0,0.0,1.0,0.22990787521302403,1.0609239930676055,1.4,30
anderson_2,anderson,limit,delayed_plateau,0.0,1000,1.0,0.0,1.0,0.2171687196338169,1.1231579825122684,1.4,30
anderson_3,anderson,limit,delayed_plateau,0.0,1000,1.0,0.0,1.0,0.20553074335498567,1.1867556990605974,1.4,30
median_ensemble,ensemble,trajectory,delayed_plateau,0.0,1000,1.0,0.0,1.0,0.0003811618184432278,639.9244866784057,1.4,30
stability_weighted,ensemble,trajectory,delayed_plateau,0.0,1000,1.0,0.0,1.0,0.00031950526276286126,763.4139697715253,1.4,30
best_shanks_wynn,ensemble,limit,delayed_plateau,0.0,1000,1.0,0.0,1.0,0.000791181144397822,308.29195404339026,1.4,30
current_value,baseline,limit,delayed_plateau,0.0,5000,1.0,0.0,0.0,0.2439420209665477,1.0,1.0,30
linear,baseline,trajectory,delayed_plateau,0.0,5000,0.0,1.0,0.0,,,-2.0,30
log_linear,baseline,trajectory,delayed_plateau,0.0,5000,1.0,0.0,1.0,0.01367864540522847,17.83378497941794,1.4,30
geom_avg_diff,baseline,limit,delayed_plateau,0.0,5000,1.0,0.0,1.0,0.004962646727863349,49.155628910054645,1.4,30
richardson_1,richardson,trajectory,delayed_plateau,0.0,5000,1.0,0.0,1.0,0.009598306453950779,25.415110690296643,1.4,30
richardson_2,richardson,trajectory,delayed_plateau,0.0,5000,1.0,0.0,1.0,0.008043970041606225,30.326072785551702,1.4,30
richardson_3,richardson,trajectory,delayed_plateau,0.0,5000,1.0,0.0,1.0,0.005649824481053086,43.17692023612718,1.4,30
richardson_a05,richardson,trajectory,delayed_plateau,0.0,5000,1.0,0.0,1.0,0.09248961005019789,2.637507292269374,1.4,30
richardson_a10,richardson,trajectory,delayed_plateau,0.0,5000,1.0,0.0,1.0,0.11489877316908212,2.123103791609409,1.4,30
richardson_a20,richardson,trajectory,delayed_plateau,0.0,5000,1.0,0.0,1.0,0.24080910269801126,1.0130099661243508,1.4,30
single_exp_fit,parametric,trajectory,delayed_plateau,0.0,5000,1.0,0.0,1.0,0.030463115319152544,8.007783130872971,1.4,30
double_exp_fit,parametric,trajectory,delayed_plateau,0.0,5000,0.0,1.0,0.0,,,-2.0,30
rational_fit,parametric,trajectory,delayed_plateau,0.0,5000,1.0,0.0,1.0,0.004018727319808869,60.70131202087869,1.4,30
log_fit,parametric,trajectory,delayed_plateau,0.0,5000,1.0,0.0,1.0,0.16607625185905037,1.4688555301307158,1.4,30
shanks_1,shanks,limit,delayed_plateau,0.0,5000,1.0,0.0,1.0,0.0008184211022553133,298.064187609923,1.4,30
shanks_2,shanks,limit,delayed_plateau,0.0,5000,1.0,0.0,1.0,8.483726661057296e-05,2875.411133721582,1.4,30
shanks_3,shanks,limit,delayed_plateau,0.0,5000,1.0,0.0,1.0,1.6175495443481597e-06,150809.61310823497,1.4,30
shanks_4,shanks,limit,delayed_plateau,0.0,5000,1.0,0.0,1.0,1.7181110908183472e-06,141982.68218521107,1.4,30
wynn_eps_1,wynn_eps,limit,delayed_plateau,0.0,5000,1.0,0.0,1.0,0.0008184211021457864,298.06418764981214,1.4,30
wynn_eps_2,wynn_eps,limit,delayed_plateau,0.0,5000,1.0,0.0,1.0,7.748192951947085e-05,3148.373078464008,1.4,30
wynn_eps_3,wynn_eps,limit,delayed_plateau,0.0,5000,1.0,0.0,1.0,1.3743259513131559e-05,17749.939214453698,1.4,30
wynn_rho_1,wynn_rho,limit,delayed_plateau,0.0,5000,1.0,0.0,0.0,0.2447569781213877,0.996670341490996,1.0,30
wynn_rho_2,wynn_rho,limit,delayed_plateau,0.0,5000,1.0,0.0,0.0,0.2520294976120908,0.9679105949019076,1.0,30
wynn_rho_3,wynn_rho,limit,delayed_plateau,0.0,5000,1.0,0.0,1.0,0.18047833774153316,1.3516415544335423,1.4,30
pade_11,pade,trajectory,delayed_plateau,0.0,5000,1.0,0.0,0.0,0.3034637849258683,0.8038587570709274,1.0,30
pade_12,pade,trajectory,delayed_plateau,0.0,5000,1.0,0.0,1.0,0.004145400421342308,58.84643126647767,1.4,30
pade_13,pade,trajectory,delayed_plateau,0.0,5000,1.0,0.0,1.0,0.009892378989178262,24.65959110881289,1.4,30
pade_21,pade,trajectory,delayed_plateau,0.0,5000,0.0,1.0,0.0,,,-2.0,30
pade_22,pade,trajectory,delayed_plateau,0.0,5000,1.0,0.0,0.0,0.8130298389262124,0.30004067413900537,1.0,30
pade_23,pade,trajectory,delayed_plateau,0.0,5000,1.0,0.0,1.0,0.003643055785763874,66.9608250084477,1.4,30
pade_31,pade,trajectory,delayed_plateau,0.0,5000,0.0,1.0,0.0,,,-2.0,30
pade_32,pade,trajectory,delayed_plateau,0.0,5000,0.0,1.0,0.0,,,-2.0,30
levin_t1,levin,limit,delayed_plateau,0.0,5000,1.0,0.0,1.0,0.0008184211021449814,298.0641876501053,1.4,30
levin_t2,levin,limit,delayed_plateau,0.0,5000,1.0,0.0,1.0,0.01361795695065234,17.913261280713783,1.4,30
levin_u1,levin,limit,delayed_plateau,0.0,5000,1.0,1.0,0.0,2.421489183163102,0.10074049583318612,-1.0,30
levin_u2,levin,limit,delayed_plateau,0.0,5000,1.0,0.0,1.0,0.05370419312927662,4.542327270038878,1.4,30
levin_v1,levin,limit,delayed_plateau,0.0,5000,1.0,0.0,1.0,0.05425958584587683,4.495832711651351,1.4,30
levin_v2,levin,limit,delayed_plateau,0.0,5000,1.0,0.0,1.0,0.1870084465703734,1.304443865719988,1.4,30
weniger_d1,weniger,limit,delayed_plateau,0.0,5000,1.0,0.0,1.0,0.01,24.39420209665477,1.4,30
weniger_d2,weniger,limit,delayed_plateau,0.0,5000,1.0,0.0,1.0,0.01,24.39420209665477,1.4,30
brezinski_theta1,brezinski,limit,delayed_plateau,0.0,5000,1.0,0.0,1.0,0.001658103623427323,147.1210951594908,1.4,30
brezinski_theta2,brezinski,limit,delayed_plateau,0.0,5000,1.0,0.0,1.0,0.0031135853695809772,78.34762565041765,1.4,30
neville_2,neville,trajectory,delayed_plateau,0.0,5000,1.0,0.0,1.0,0.0861037413764413,2.8331175517686886,1.4,30
neville_3,neville,trajectory,delayed_plateau,0.0,5000,1.0,0.0,1.0,0.14057019208942487,1.7353751698038657,1.4,30
neville_4,neville,trajectory,delayed_plateau,0.0,5000,1.0,0.0,1.0,0.11052765868751994,2.207067659473475,1.4,30
anderson_1,anderson,limit,delayed_plateau,0.0,5000,1.0,0.0,1.0,0.2299351151708815,1.0609167755227673,1.4,30
anderson_2,anderson,limit,delayed_plateau,0.0,5000,1.0,0.0,1.0,0.21719595959167437,1.123142536468706,1.4,30
anderson_3,anderson,limit,delayed_plateau,0.0,5000,1.0,0.0,1.0,0.20555798331284314,1.1867309507278396,1.4,30
median_ensemble,ensemble,trajectory,delayed_plateau,0.0,5000,1.0,0.0,1.0,3.95497395319095e-05,6167.980468486538,1.4,30
stability_weighted,ensemble,trajectory,delayed_plateau,0.0,5000,1.0,0.0,1.0,0.0002391803559216258,1019.9082613895023,1.4,30
best_shanks_wynn,ensemble,limit,delayed_plateau,0.0,5000,1.0,0.0,1.0,0.0008184211022553133,298.064187609923,1.4,30
current_value,baseline,limit,delayed_plateau,0.001,150,1.0,0.0,0.0,0.11012878764826967,1.0,1.0,30
linear,baseline,trajectory,delayed_plateau,0.001,150,1.0,0.0,0.0,0.18450801340372988,0.596512950605077,1.0,30
log_linear,baseline,trajectory,delayed_plateau,0.001,150,1.0,0.0,1.0,0.03920746819205655,2.8162422061457946,1.4,30
geom_avg_diff,baseline,limit,delayed_plateau,0.001,150,0.5667,0.4333,0.5333,0.10482424352440078,1.0500193942655554,-0.0867,30
richardson_1,richardson,trajectory,delayed_plateau,0.001,150,1.0,0.0,1.0,0.04804374869851466,2.296040077975136,1.4,30
richardson_2,richardson,trajectory,delayed_plateau,0.001,150,1.0,0.0,1.0,0.04445185454966234,2.4830891944152307,1.4,30
richardson_3,richardson,trajectory,delayed_plateau,0.001,150,0.8,0.2,0.8,0.04237766619939598,2.606697985217281,0.72,30
richardson_a05,richardson,trajectory,delayed_plateau,0.001,150,1.0,0.0,1.0,0.026930377145357218,4.1019888919240275,1.4,30
richardson_a10,richardson,trajectory,delayed_plateau,0.001,150,1.0,0.0,1.0,0.06712056502348443,1.643599183728019,1.4,30
richardson_a20,richardson,trajectory,delayed_plateau,0.001,150,1.0,0.0,0.0,0.12076432321822889,0.913550323714043,1.0,30
single_exp_fit,parametric,trajectory,delayed_plateau,0.001,150,1.0,0.0,1.0,0.015053422793389809,7.326709162403629,1.4,30
double_exp_fit,parametric,trajectory,delayed_plateau,0.001,150,0.1667,0.8333,0.1667,0.006831357788428277,16.01727356951339,-1.4333,30
rational_fit,parametric,trajectory,delayed_plateau,0.001,150,1.0,0.0,1.0,0.027196941548084233,4.055876766604476,1.4,30
log_fit,parametric,trajectory,delayed_plateau,0.001,150,1.0,0.0,0.0,0.15439154245555858,0.7134770395305379,1.0,30
shanks_1,shanks,limit,delayed_plateau,0.001,150,1.0,0.0,0.5667,0.11150054213994037,1.0005725225728692,1.2267,30
shanks_2,shanks,limit,delayed_plateau,0.001,150,1.0,0.0667,0.0,0.11721779761312143,0.9410421637690347,0.8667,30
shanks_3,shanks,limit,delayed_plateau,0.001,150,1.0,0.0,0.1,0.11772868686214213,0.9412413891837037,1.04,30
shanks_4,shanks,limit,delayed_plateau,0.001,150,1.0,0.0,0.0333,0.11987849087422112,0.9228846169265689,1.0133,30
wynn_eps_1,wynn_eps,limit,delayed_plateau,0.001,150,1.0,0.0,0.5667,0.11150054213994001,1.0005725225728668,1.2267,30
wynn_eps_2,wynn_eps,limit,delayed_plateau,0.001,150,1.0,0.0,0.4,0.11508702468530788,0.9580439833446034,1.16,30
wynn_eps_3,wynn_eps,limit,delayed_plateau,0.001,150,0.9667,0.0333,0.4667,0.11186216375425076,0.9890507060631871,1.0867,30
wynn_rho_1,wynn_rho,limit,delayed_plateau,0.001,150,1.0,0.0,0.5667,0.1108856823859915,1.0049919202252604,1.2267,30
wynn_rho_2,wynn_rho,limit,delayed_plateau,0.001,150,1.0,0.0,0.5667,0.10365018663262077,1.0661526615561399,1.2267,30
wynn_rho_3,wynn_rho,limit,delayed_plateau,0.001,150,0.9333,0.0667,0.4667,0.11025456586669716,1.0116897100495523,0.9867,30
pade_11,pade,trajectory,delayed_plateau,0.001,150,1.0,0.0,1.0,0.037489639888375684,2.933377971296642,1.4,30
pade_12,pade,trajectory,delayed_plateau,0.001,150,1.0,0.0,1.0,0.024637131913904903,4.478458378223472,1.4,30
pade_13,pade,trajectory,delayed_plateau,0.001,150,1.0,0.0,1.0,0.03502844938186022,3.178603580198729,1.4,30
pade_21,pade,trajectory,delayed_plateau,0.001,150,1.0,0.0,0.0,0.1626167883203458,0.6777699871179468,1.0,30
pade_22,pade,trajectory,delayed_plateau,0.001,150,0.9,0.4,0.0333,0.4420770762555506,0.24897805066510592,0.1133,30
pade_23,pade,trajectory,delayed_plateau,0.001,150,1.0,0.0,0.9333,0.04570410218863746,2.4142265162691103,1.3733,30
pade_31,pade,trajectory,delayed_plateau,0.001,150,1.0,0.0,1.0,0.06082299699160629,1.8141199921455073,1.4,30
pade_32,pade,trajectory,delayed_plateau,0.001,150,1.0,0.0,1.0,0.057824016338564634,1.9048841391305629,1.4,30
levin_t1,levin,limit,delayed_plateau,0.001,150,1.0,0.0,0.5667,0.11150054213994001,1.0005725225728663,1.2267,30
levin_t2,levin,limit,delayed_plateau,0.001,150,1.0,0.0,0.0333,0.11344484847915651,0.965772326159867,1.0133,30
levin_u1,levin,limit,delayed_plateau,0.001,150,1.0,0.0,0.5667,0.11148679769716272,1.0006294757550105,1.2267,30
levin_u2,levin,limit,delayed_plateau,0.001,150,1.0,0.0,0.0333,0.11341296639039175,0.9658412059300807,1.0133,30
levin_v1,levin,limit,delayed_plateau,0.001,150,1.0,0.0,0.0,0.11606685627674662,0.9484203771392836,1.0,30
levin_v2,levin,limit,delayed_plateau,0.001,150,1.0,0.0,0.0333,0.11703622226110705,0.9395901992194713,1.0133,30
weniger_d1,weniger,limit,delayed_plateau,0.001,150,1.0,0.0,0.0,0.14387809608906724,0.7654312271417243,1.0,30
weniger_d2,weniger,limit,delayed_plateau,0.001,150,1.0,0.0,0.0,0.14387809608906724,0.7654312271417469,1.0,30
brezinski_theta1,brezinski,limit,delayed_plateau,0.001,150,1.0,0.0,0.5667,0.10854223423294629,1.0288006211115963,1.2267,30
brezinski_theta2,brezinski,limit,delayed_plateau,0.001,150,1.0,0.0333,0.1667,0.12577810415682378,0.8783818379805941,1.0,30
neville_2,neville,trajectory,delayed_plateau,0.001,150,0.6667,0.8333,0.0333,1.3792525777457425,0.08139121401584382,-0.9867,30
neville_3,neville,trajectory,delayed_plateau,0.001,150,0.5333,1.0,0.0,31.41796946654823,0.0037139027345980723,-1.4667,30
neville_4,neville,trajectory,delayed_plateau,0.001,150,0.3667,1.0,0.0,218.9996516447735,0.0005095370448386243,-1.6333,30
anderson_1,anderson,limit,delayed_plateau,0.001,150,1.0,0.0,0.5667,0.11150110891923659,1.0005717612054534,1.2267,30
anderson_2,anderson,limit,delayed_plateau,0.001,150,1.0,0.0,0.2667,0.11149343314362864,0.9952635218996586,1.1067,30
anderson_3,anderson,limit,delayed_plateau,0.001,150,1.0,0.0,0.1,0.11136662272991835,0.990840908601562,1.04,30
median_ensemble,ensemble,trajectory,delayed_plateau,0.001,150,1.0,0.0,0.7667,0.10837663361331604,1.0159237503361735,1.3067,30
stability_weighted,ensemble,trajectory,delayed_plateau,0.001,150,1.0,0.0,0.2,0.11505821276248598,0.9616183047139867,1.08,30
best_shanks_wynn,ensemble,limit,delayed_plateau,0.001,150,1.0,0.0,0.5667,0.11150054213994037,1.0005725225728692,1.2267,30
current_value,baseline,limit,delayed_plateau,0.001,1000,1.0,0.0,0.0,0.24397964377947942,1.0,1.0,30
linear,baseline,trajectory,delayed_plateau,0.001,1000,0.0,1.0,0.0,,,-2.0,30
log_linear,baseline,trajectory,delayed_plateau,0.001,1000,1.0,0.0,1.0,0.04384377405823631,5.569980830676215,1.4,30
geom_avg_diff,baseline,limit,delayed_plateau,0.001,1000,0.5,0.5,0.5,0.23867491089973736,1.021968936330771,-0.3,30
richardson_1,richardson,trajectory,delayed_plateau,0.001,1000,1.0,0.0,1.0,0.04582734870061044,5.327371476436115,1.4,30
richardson_2,richardson,trajectory,delayed_plateau,0.001,1000,1.0,0.0,1.0,0.04294635399724452,5.683355603527563,1.4,30
richardson_3,richardson,trajectory,delayed_plateau,0.001,1000,0.8,0.2,0.8,0.03922440874946631,6.228907553725341,0.72,30
richardson_a05,richardson,trajectory,delayed_plateau,0.001,1000,1.0,0.0,1.0,0.026772804181926835,9.090233662190066,1.4,30
richardson_a10,richardson,trajectory,delayed_plateau,0.001,1000,1.0,0.0,1.0,0.12560267556353708,1.944725239278346,1.4,30
richardson_a20,richardson,trajectory,delayed_plateau,0.001,1000,1.0,0.0,1.0,0.2411194030951525,1.012655395978295,1.4,30
single_exp_fit,parametric,trajectory,delayed_plateau,0.001,1000,1.0,0.0,1.0,0.030622736783113235,7.984282999376341,1.4,30
double_exp_fit,parametric,trajectory,delayed_plateau,0.001,1000,0.1667,0.8333,0.1667,0.053139476634883914,4.577963466806034,-1.4333,30
rational_fit,parametric,trajectory,delayed_plateau,0.001,1000,1.0,0.0,1.0,0.019289215802620014,12.658135874616402,1.4,30
log_fit,parametric,trajectory,delayed_plateau,0.001,1000,1.0,0.0,1.0,0.20701692916500888,1.1787290422141252,1.4,30
shanks_1,shanks,limit,delayed_plateau,0.001,1000,1.0,0.0,0.5667,0.24535139827115013,1.0002598946599304,1.2267,30
shanks_2,shanks,limit,delayed_plateau,0.001,1000,1.0,0.0,0.0,0.2510686537443312,0.9725900372612541,1.0,30
shanks_3,shanks,limit,delayed_plateau,0.001,1000,1.0,0.0,0.1,0.2515795429933519,0.9724879700052902,1.04,30
shanks_4,shanks,limit,delayed_plateau,0.001,1000,1.0,0.0,0.0333,0.25372934700543087,0.9634950901288776,1.0133,30
wynn_eps_1,wynn_eps,limit,delayed_plateau,0.001,1000,1.0,0.0,0.5667,0.24535139827114977,1.000259894659929,1.2267,30
wynn_eps_2,wynn_eps,limit,delayed_plateau,0.001,1000,1.0,0.0,0.4333,0.2485231896317429,0.9834555111048714,1.1733,30
wynn_eps_3,wynn_eps,limit,delayed_plateau,0.001,1000,0.9667,0.0333,0.5,0.24482478363980953,1.0020794620206737,1.1,30
wynn_rho_1,wynn_rho,limit,delayed_plateau,0.001,1000,1.0,0.0,0.5667,0.24473653851720126,1.0022605677258194,1.2267,30
wynn_rho_2,wynn_rho,limit,delayed_plateau,0.001,1000,1.0,0.0,0.5667,0.23750104276383052,1.0288635640429624,1.2267,30
wynn_rho_3,wynn_rho,limit,delayed_plateau,0.001,1000,0.9333,0.0667,0.4667,0.2441054219979069,1.0048046626875786,0.9867,30
pade_11,pade,trajectory,delayed_plateau,0.001,1000,1.0,0.0,0.9667,0.2311033462768839,1.054771390499464,1.3867,30
pade_12,pade,trajectory,delayed_plateau,0.001,1000,1.0,0.0,1.0,0.018948111303861183,12.882723327667254,1.4,30
pade_13,pade,trajectory,delayed_plateau,0.001,1000,1.0,0.0,1.0,0.007484598850660873,32.68275613557388,1.4,30
pade_21,pade,trajectory,delayed_plateau,0.001,1000,0.0,1.0,0.0,,,-2.0,30
pade_22,pade,trajectory,delayed_plateau,0.001,1000,0.9333,0.4,0.0,0.901103055931804,0.2712016249309992,0.1333,30
pade_23,pade,trajectory,delayed_plateau,0.001,1000,1.0,0.0,1.0,0.027842123188882684,8.753596801746596,1.4,30
pade_31,pade,trajectory,delayed_plateau,0.001,1000,1.0,1.0,0.0,20.66020291295044,0.011795936793054362,-1.0,30
pade_32,pade,trajectory,delayed_plateau,0.001,1000,0.0,1.0,0.0,,,-2.0,30
levin_t1,levin,limit,delayed_plateau,0.001,1000,1.0,0.0,0.5667,0.24535139827114977,1.000259894659929,1.2267,30
levin_t2,levin,limit,delayed_plateau,0.001,1000,1.0,0.0,0.0333,0.24729570461036626,0.9842841282190222,1.0133,30
levin_u1,levin,limit,delayed_plateau,0.001,1000,1.0,0.0,0.5667,0.24533765382837247,1.0002857389887754,1.2267,30
levin_u2,levin,limit,delayed_plateau,0.001,1000,1.0,0.0,0.0333,0.2472638225216015,0.9843163615422095,1.0133,30
levin_v1,levin,limit,delayed_plateau,0.001,1000,1.0,0.0,0.0,0.24991771240795638,0.9759705438915589,1.0,30
levin_v2,levin,limit,delayed_plateau,0.001,1000,1.0,0.0,0.0333,0.25088707839231683,0.9718611045379202,1.0133,30
weniger_d1,weniger,limit,delayed_plateau,0.001,1000,1.0,0.0,1.0,0.010027239957857492,24.331684970627776,1.4,30
weniger_d2,weniger,limit,delayed_plateau,0.001,1000,1.0,0.0,1.0,0.010027239957857492,24.331684970638094,1.4,30
brezinski_theta1,brezinski,limit,delayed_plateau,0.001,1000,1.0,0.0,0.5667,0.24239309036415604,1.0129023578638634,1.2267,30
brezinski_theta2,brezinski,limit,delayed_plateau,0.001,1000,1.0,0.0333,0.1667,0.2596289602880335,0.9410032047173705,1.0,30
neville_2,neville,trajectory,delayed_plateau,0.001,1000,0.5667,0.9333,0.0333,7.12467557604557,0.034524919438454066,-1.2867,30
neville_3,neville,trajectory,delayed_plateau,0.001,1000,0.3667,1.0,0.0,230.57481956663023,0.0010626235045604422,-1.6333,30
neville_4,neville,trajectory,delayed_plateau,0.001,1000,0.0,1.0,0.0,,,-2.0,30
anderson_1,anderson,limit,delayed_plateau,0.001,1000,1.0,0.0,0.5667,0.24535196505044635,1.0002595491311022,1.2267,30
anderson_2,anderson,limit,delayed_plateau,0.001,1000,1.0,0.0,0.2667,0.2453442892748384,0.9978550098336787,1.1067,30
anderson_3,anderson,limit,delayed_plateau,0.001,1000,1.0,0.0,0.1,0.2452174788611281,0.9958411879850089,1.04,30
median_ensemble,ensemble,trajectory,delayed_plateau,0.001,1000,1.0,0.0,0.7667,0.2422274897445258,1.007109904335457,1.3067,30
stability_weighted,ensemble,trajectory,delayed_plateau,0.001,1000,1.0,0.0,0.2333,0.24849238324195952,0.9838857526904566,1.0933,30
best_shanks_wynn,ensemble,limit,delayed_plateau,0.001,1000,1.0,0.0,0.5667,0.24535139827115013,1.0002598946599304,1.2267,30
current_value,baseline,limit,delayed_plateau,0.001,5000,1.0,0.0,0.0,0.2440068837373369,1.0,1.0,30
linear,baseline,trajectory,delayed_plateau,0.001,5000,0.0,1.0,0.0,,,-2.0,30
log_linear,baseline,trajectory,delayed_plateau,0.001,5000,1.0,0.0,1.0,0.013694496791016439,17.840526280280482,1.4,30
geom_avg_diff,baseline,limit,delayed_plateau,0.001,5000,0.5,0.5,0.5,0.23870215085759483,1.0219664293030895,-0.3,30
richardson_1,richardson,trajectory,delayed_plateau,0.001,5000,1.0,0.0,1.0,0.00960121881962714,25.441326847534487,1.4,30
richardson_2,richardson,trajectory,delayed_plateau,0.001,5000,1.0,0.0,1.0,0.00806357650619936,30.28416282562536,1.4,30
richardson_3,richardson,trajectory,delayed_plateau,0.001,5000,0.8,0.2,0.8,0.005658487315946755,43.194393415460574,0.72,30
richardson_a05,richardson,trajectory,delayed_plateau,0.001,5000,1.0,0.0,1.0,0.09228848307532113,2.642137182738355,1.4,30
richardson_a10,richardson,trajectory,delayed_plateau,0.001,5000,1.0,0.0,1.0,0.11499121753204591,2.1231979280576754,1.4,30
richardson_a20,richardson,trajectory,delayed_plateau,0.001,5000,1.0,0.0,1.0,0.24084845229266405,1.013905802601849,1.4,30
single_exp_fit,parametric,trajectory,delayed_plateau,0.001,5000,1.0,0.0,1.0,0.03064947122276414,7.978207215906848,1.4,30
double_exp_fit,parametric,trajectory,delayed_plateau,0.001,5000,0.1667,0.8333,0.1667,0.05316654741872285,4.5761448589356855,-1.4333,30
rational_fit,parametric,trajectory,delayed_plateau,0.001,5000,1.0,0.0,1.0,0.004016518992272627,60.699111127481295,1.4,30
log_fit,parametric,trajectory,delayed_plateau,0.001,5000,1.0,0.0,1.0,0.1660887011002024,1.469364625988932,1.4,30
shanks_1,shanks,limit,delayed_plateau,0.001,5000,1.0,0.0,0.5667,0.2453786382290076,1.0002598657817716,1.2267,30
shanks_2,shanks,limit,delayed_plateau,0.001,5000,1.0,0.0,0.0,0.25109589370218866,0.9725930219493342,1.0,30
shanks_3,shanks,limit,delayed_plateau,0.001,5000,1.0,0.0,0.1,0.25160678295120936,0.9724909470637043,1.04,30
shanks_4,shanks,limit,delayed_plateau,0.001,5000,1.0,0.0,0.0333,0.25375658696328834,0.9634989941266341,1.0133,30
wynn_eps_1,wynn_eps,limit,delayed_plateau,0.001,5000,1.0,0.0,0.5667,0.24537863822900724,1.0002598657817705,1.2267,30
wynn_eps_2,wynn_eps,limit,delayed_plateau,0.001,5000,1.0,0.0,0.4333,0.24855042958960039,0.9834573213777531,1.1733,30
wynn_eps_3,wynn_eps,limit,delayed_plateau,0.001,5000,0.9667,0.0333,0.5,0.244852023597667,1.0020792306790782,1.1,30
wynn_rho_1,wynn_rho,limit,delayed_plateau,0.001,5000,1.0,0.0,0.5667,0.24476377847505873,1.0022603160366428,1.2267,30
wynn_rho_2,wynn_rho,limit,delayed_plateau,0.001,5000,1.0,0.0,0.5667,0.237528282721688,1.0288602533455276,1.2267,30
wynn_rho_3,wynn_rho,limit,delayed_plateau,0.001,5000,0.9333,0.0667,0.4667,0.24413266195576439,1.0048040832331748,0.9867,30
pade_11,pade,trajectory,delayed_plateau,0.001,5000,1.0,0.0,0.0,0.3040955922887907,0.8021099665569507,1.0,30
pade_12,pade,trajectory,delayed_plateau,0.001,5000,1.0,0.0,1.0,0.004082614184950234,59.798293409866716,1.4,30
pade_13,pade,trajectory,delayed_plateau,0.001,5000,1.0,0.0,1.0,0.009900319756930568,24.642906562799443,1.4,30
pade_21,pade,trajectory,delayed_plateau,0.001,5000,0.0,1.0,0.0,,,-2.0,30
pade_22,pade,trajectory,delayed_plateau,0.001,5000,0.9667,0.4,0.0,0.8978614599154359,0.27233093194020624,0.1667,30
pade_23,pade,trajectory,delayed_plateau,0.001,5000,1.0,0.0,1.0,0.0023467485795467904,104.09914889417584,1.4,30
pade_31,pade,trajectory,delayed_plateau,0.001,5000,0.0,1.0,0.0,,,-2.0,30
pade_32,pade,trajectory,delayed_plateau,0.001,5000,0.0,1.0,0.0,,,-2.0,30
levin_t1,levin,limit,delayed_plateau,0.001,5000,1.0,0.0,0.5667,0.24537863822900724,1.0002598657817705,1.2267,30
levin_t2,levin,limit,delayed_plateau,0.001,5000,1.0,0.0,0.0333,0.24732294456822373,0.9842858578213223,1.0133,30
levin_u1,levin,limit,delayed_plateau,0.001,5000,1.0,0.0,0.5667,0.24536489378622994,1.000285707238062,1.2267,30
levin_u2,levin,limit,delayed_plateau,0.001,5000,1.0,0.0,0.0333,0.24729106247945898,0.9843180876537713,1.0133,30
levin_v1,levin,limit,delayed_plateau,0.001,5000,1.0,0.0,0.0,0.24994495236581385,0.9759731555895712,1.0,30
levin_v2,levin,limit,delayed_plateau,0.001,5000,1.0,0.0,0.0333,0.2509143183501743,0.9718641633129987,1.0133,30
weniger_d1,weniger,limit,delayed_plateau,0.001,5000,1.0,0.0,1.0,0.01,24.40068837373369,1.4,30
weniger_d2,weniger,limit,delayed_plateau,0.001,5000,1.0,0.0,1.0,0.01,24.400688373744064,1.4,30
brezinski_theta1,brezinski,limit,delayed_plateau,0.001,5000,1.0,0.0,0.5667,0.24242033032201352,1.0129009085860532,1.2267,30
brezinski_theta2,brezinski,limit,delayed_plateau,0.001,5000,1.0,0.0333,0.1667,0.259656200245891,0.9410093860114861,1.0,30
neville_2,neville,trajectory,delayed_plateau,0.001,5000,0.5667,0.9667,0.0333,8.25449276324413,0.029806361569627276,-1.3533,30
neville_3,neville,trajectory,delayed_plateau,0.001,5000,0.2667,1.0,0.0,233.40103254099066,0.0010502173589307007,-1.7333,30
neville_4,neville,trajectory,delayed_plateau,0.001,5000,0.0,1.0,0.0,,,-2.0,30
anderson_1,anderson,limit,delayed_plateau,0.001,5000,1.0,0.0,0.5667,0.24537920500830382,1.0002595202913453,1.2267,30
anderson_2,anderson,limit,delayed_plateau,0.001,5000,1.0,0.0,0.2667,0.24537152923269587,0.9978552486452517,1.1067,30
anderson_3,anderson,limit,delayed_plateau,0.001,5000,1.0,0.0,0.1,0.24524471881898557,0.9958416499858287,1.04,30
median_ensemble,ensemble,trajectory,delayed_plateau,0.001,5000,1.0,0.0,0.7667,0.24225472970238326,1.0071091035439292,1.3067,30
stability_weighted,ensemble,trajectory,delayed_plateau,0.001,5000,1.0,0.0,0.4,0.24517896817586765,0.9977719225534938,1.16,30
best_shanks_wynn,ensemble,limit,delayed_plateau,0.001,5000,1.0,0.0,0.5667,0.2453786382290076,1.0002598657817716,1.2267,30
current_value,baseline,limit,delayed_plateau,0.005,150,1.0,0.0,0.0,0.10849189704729315,1.0,1.0,30
linear,baseline,trajectory,delayed_plateau,0.005,150,1.0,0.0,0.0,0.18579082606909433,0.5856646777212793,1.0,30
log_linear,baseline,trajectory,delayed_plateau,0.005,150,1.0,0.0,1.0,0.03886195953776128,2.79199849310789,1.4,30
geom_avg_diff,baseline,limit,delayed_plateau,0.005,150,0.5667,0.4333,0.3667,0.10448348485565928,1.0208606039291184,-0.1533,30
richardson_1,richardson,trajectory,delayed_plateau,0.005,150,1.0,0.0,1.0,0.04782948291258626,2.265693840562247,1.4,30
richardson_2,richardson,trajectory,delayed_plateau,0.005,150,1.0,0.0,1.0,0.044074852537882625,2.458942466868937,1.4,30
richardson_3,richardson,trajectory,delayed_plateau,0.005,150,0.9333,0.0667,0.9333,0.04204194995799215,2.579451295945024,1.1733,30
richardson_a05,richardson,trajectory,delayed_plateau,0.005,150,1.0,0.0,1.0,0.026410700821584296,4.109032117728457,1.4,30
richardson_a10,richardson,trajectory,delayed_plateau,0.005,150,1.0,0.0,1.0,0.06666709356576275,1.626086967143186,1.4,30
richardson_a20,richardson,trajectory,delayed_plateau,0.005,150,1.0,0.0,0.0,0.12041623066110149,0.9014595356705692,1.0,30
single_exp_fit,parametric,trajectory,delayed_plateau,0.005,150,1.0,0.0,1.0,0.01762320917332047,6.069094274543146,1.4,30
double_exp_fit,parametric,trajectory,delayed_plateau,0.005,150,0.6,0.4,0.6,0.012435812856871356,8.709494207007241,0.04,30
rational_fit,parametric,trajectory,delayed_plateau,0.005,150,1.0,0.0,1.0,0.026919925125611033,4.0279087722590265,1.4,30
log_fit,parametric,trajectory,delayed_plateau,0.005,150,1.0,0.0,0.0,0.15413972941391169,0.7038065858066163,1.0,30
shanks_1,shanks,limit,delayed_plateau,0.005,150,1.0,0.0,0.5667,0.11060428579601647,1.000127158931229,1.2267,30
shanks_2,shanks,limit,delayed_plateau,0.005,150,1.0,0.0,0.1,0.11581190220478302,0.9317085814494186,1.04,30
shanks_3,shanks,limit,delayed_plateau,0.005,150,1.0,0.0,0.1,0.11675836524196342,0.9300141856522403,1.04,30
shanks_4,shanks,limit,delayed_plateau,0.005,150,1.0,0.0,0.0,0.118760171039761,0.920955288803373,1.0,30
wynn_eps_1,wynn_eps,limit,delayed_plateau,0.005,150,1.0,0.0,0.5667,0.11060428579601483,1.0001271589312304,1.2267,30
wynn_eps_2,wynn_eps,limit,delayed_plateau,0.005,150,1.0,0.0,0.3333,0.11604235450064901,0.9357285458781076,1.1333,30
wynn_eps_3,wynn_eps,limit,delayed_plateau,0.005,150,1.0,0.0,0.2333,0.11710850165999442,0.9326870634240445,1.0933,30
wynn_rho_1,wynn_rho,limit,delayed_plateau,0.005,150,1.0,0.0,0.3333,0.11060476050540444,0.991434216996868,1.1333,30
wynn_rho_2,wynn_rho,limit,delayed_plateau,0.005,150,1.0,0.0667,0.1667,0.11556485447807954,0.9616108685589704,0.9333,30
wynn_rho_3,wynn_rho,limit,delayed_plateau,0.005,150,1.0,0.0,0.3333,0.11680680985686265,0.9605905473578966,1.1333,30
pade_11,pade,trajectory,delayed_plateau,0.005,150,1.0,0.0,1.0,0.051279804523469495,2.1396078603787982,1.4,30
pade_12,pade,trajectory,delayed_plateau,0.005,150,1.0,0.0,1.0,0.03298639088276213,3.2823764681709515,1.4,30
pade_13,pade,trajectory,delayed_plateau,0.005,150,1.0,0.0,1.0,0.03778505472409069,2.8995961865395548,1.4,30
pade_21,pade,trajectory,delayed_plateau,0.005,150,1.0,0.0,0.0,0.16524636804981196,0.6578745245628548,1.0,30
pade_22,pade,trajectory,delayed_plateau,0.005,150,0.8667,0.2333,0.0,0.34740388237459174,0.31716560472074196,0.4,30
pade_23,pade,trajectory,delayed_plateau,0.005,150,1.0,0.0333,0.8333,0.07661688727364108,1.4480274026673645,1.2667,30
pade_31,pade,trajectory,delayed_plateau,0.005,150,1.0,0.0,0.8,0.06989190323526143,1.495646454682844,1.32,30
pade_32,pade,trajectory,delayed_plateau,0.005,150,1.0,0.0,0.0,0.13287557356724977,0.8116567572565105,1.0,30
levin_t1,levin,limit,delayed_plateau,0.005,150,1.0,0.0,0.5667,0.11060428579601483,1.00012715893123,1.2267,30
levin_t2,levin,limit,delayed_plateau,0.005,150,1.0,0.0333,0.3,0.1121707315677932,0.9686863760638149,1.0533,30
levin_u1,levin,limit,delayed_plateau,0.005,150,1.0,0.0,0.5333,0.11060208101309893,1.000115930937081,1.2133,30
levin_u2,levin,limit,delayed_plateau,0.005,150,1.0,0.0,0.3,0.1121990323617719,0.9684512119794396,1.12,30
levin_v1,levin,limit,delayed_plateau,0.005,150,1.0,0.0,0.1667,0.11537962093884277,0.9325085636912399,1.0667,30
levin_v2,levin,limit,delayed_plateau,0.005,150,1.0,0.0,0.1,0.11692751991744246,0.931843701145953,1.04,30
weniger_d1,weniger,limit,delayed_plateau,0.005,150,1.0,0.0,0.0,0.14387809608906724,0.7540543001078608,1.0,30
weniger_d2,weniger,limit,delayed_plateau,0.005,150,1.0,0.0,0.0,0.14387809608906724,0.7540543001078608,1.0,30
brezinski_theta1,brezinski,limit,delayed_plateau,0.005,150,1.0,0.0,0.5667,0.10811025062874774,1.0543812130871206,1.2267,30
brezinski_theta2,brezinski,limit,delayed_plateau,0.005,150,1.0,0.0,0.2333,0.12299392183748284,0.8836724114723791,1.0933,30
neville_2,neville,trajectory,delayed_plateau,0.005,150,0.6,1.0,0.0,5.3719022070637585,0.02031755749020328,-1.4,30
neville_3,neville,trajectory,delayed_plateau,0.005,150,0.6,1.0,0.0,117.80105670099701,0.0009156534855883868,-1.4,30
neville_4,neville,trajectory,delayed_plateau,0.005,150,0.1,1.0,0.0,211.51691720072498,0.0005417623717285315,-1.9,30
anderson_1,anderson,limit,delayed_plateau,0.005,150,1.0,0.0,0.5667,0.11060258269122764,1.0001271443140067,1.2267,30
anderson_2,anderson,limit,delayed_plateau,0.005,150,1.0,0.0,0.4,0.10967361611646409,0.9945561314221016,1.16,30
anderson_3,anderson,limit,delayed_plateau,0.005,150,1.0,0.0,0.3333,0.10971410962957781,0.9914910983648892,1.1333,30
median_ensemble,ensemble,trajectory,delayed_plateau,0.005,150,1.0,0.0,0.6333,0.10906785683951997,1.0004412697298115,1.2533,30
stability_weighted,ensemble,trajectory,delayed_plateau,0.005,150,1.0,0.0,0.1333,0.11395910390313807,0.9430724018377947,1.0533,30
best_shanks_wynn,ensemble,limit,delayed_plateau,0.005,150,1.0,0.0,0.5667,0.11060428579601647,1.000127158931229,1.2267,30
current_value,baseline,limit,delayed_plateau,0.005,1000,1.0,0.0,0.0,0.2423427531785029,1.0,1.0,30
linear,baseline,trajectory,delayed_plateau,0.005,1000,0.0,1.0,0.0,,,-2.0,30
log_linear,baseline,trajectory,delayed_plateau,0.005,1000,1.0,0.0,1.0,0.043560370825334316,5.565228789984066,1.4,30
geom_avg_diff,baseline,limit,delayed_plateau,0.005,1000,0.5667,0.4333,0.3667,0.23833434094831674,1.0091021829451203,-0.1533,30
richardson_1,richardson,trajectory,delayed_plateau,0.005,1000,1.0,0.0,1.0,0.045741399950199824,5.295271180754334,1.4,30
richardson_2,richardson,trajectory,delayed_plateau,0.005,1000,1.0,0.0,1.0,0.04268784779482997,5.673163782801595,1.4,30
richardson_3,richardson,trajectory,delayed_plateau,0.005,1000,0.9333,0.0667,0.9333,0.0390140086126191,6.205954266318587,1.1733,30
richardson_a05,richardson,trajectory,delayed_plateau,0.005,1000,1.0,0.0,1.0,0.027808386302786623,8.726591008888292,1.4,30
richardson_a10,richardson,trajectory,delayed_plateau,0.005,1000,1.0,0.0,1.0,0.12496942902689605,1.9347072374971446,1.4,30
richardson_a20,richardson,trajectory,delayed_plateau,0.005,1000,1.0,0.0,0.7,0.24073839600986244,1.0072172775281052,1.28,30
single_exp_fit,parametric,trajectory,delayed_plateau,0.005,1000,1.0,0.0,1.0,0.024620910147503092,9.689185617118937,1.4,30
double_exp_fit,parametric,trajectory,delayed_plateau,0.005,1000,0.6,0.4,0.6,0.03830251946713093,6.360361847714973,0.04,30
rational_fit,parametric,trajectory,delayed_plateau,0.005,1000,1.0,0.0,1.0,0.01922308916738892,12.595488986427537,1.4,30
log_fit,parametric,trajectory,delayed_plateau,0.005,1000,1.0,0.0,1.0,0.2068336904261777,1.171702438235508,1.4,30
shanks_1,shanks,limit,delayed_plateau,0.005,1000,1.0,0.0,0.5667,0.24445514192722623,1.0000567994560998,1.2267,30
shanks_2,shanks,limit,delayed_plateau,0.005,1000,1.0,0.0,0.1,0.24966275833599277,0.968732511343029,1.04,30
shanks_3,shanks,limit,delayed_plateau,0.005,1000,1.0,0.0,0.1,0.2506092213731732,0.9674799776539249,1.04,30
shanks_4,shanks,limit,delayed_plateau,0.005,1000,1.0,0.0,0.0,0.2526110271709707,0.9623622148086297,1.0,30
wynn_eps_1,wynn_eps,limit,delayed_plateau,0.005,1000,1.0,0.0,0.5667,0.2444551419272246,1.0000567994561007,1.2267,30
wynn_eps_2,wynn_eps,limit,delayed_plateau,0.005,1000,1.0,0.0,0.3333,0.24989321063185876,0.9701305450008434,1.1333,30
wynn_eps_3,wynn_eps,limit,delayed_plateau,0.005,1000,1.0,0.0,0.2333,0.25095935779120415,0.9680324021124835,1.0933,30
wynn_rho_1,wynn_rho,limit,delayed_plateau,0.005,1000,1.0,0.0,0.3333,0.2444556166366142,0.9960566438495038,1.1333,30
wynn_rho_2,wynn_rho,limit,delayed_plateau,0.005,1000,1.0,0.0667,0.2,0.2486429425627606,0.9845251704752096,0.9467,30
wynn_rho_3,wynn_rho,limit,delayed_plateau,0.005,1000,1.0,0.0,0.3333,0.2506576659880724,0.9817313600086874,1.1333,30
pade_11,pade,trajectory,delayed_plateau,0.005,1000,1.0,0.0,0.0333,0.30851062080395497,0.7944586682309326,1.0133,30
pade_12,pade,trajectory,delayed_plateau,0.005,1000,1.0,0.0,1.0,0.02139125641211683,11.28971246860046,1.4,30
pade_13,pade,trajectory,delayed_plateau,0.005,1000,1.0,0.0,1.0,0.007594436851036068,32.07099764316857,1.4,30
pade_21,pade,trajectory,delayed_plateau,0.005,1000,0.0,1.0,0.0,,,-2.0,30
pade_22,pade,trajectory,delayed_plateau,0.005,1000,0.8333,0.9333,0.0,1.903525992759549,0.12653035768279094,-1.0333,30
pade_23,pade,trajectory,delayed_plateau,0.005,1000,1.0,0.0,1.0,0.034471920859741455,7.045245373229662,1.4,30
pade_31,pade,trajectory,delayed_plateau,0.005,1000,0.9333,0.9333,0.0,6.669880522938968,0.036363600162265614,-0.9333,30
pade_32,pade,trajectory,delayed_plateau,0.005,1000,0.0,1.0,0.0,,,-2.0,30
levin_t1,levin,limit,delayed_plateau,0.005,1000,1.0,0.0,0.5667,0.2444551419272246,1.0000567994561005,1.2267,30
levin_t2,levin,limit,delayed_plateau,0.005,1000,1.0,0.0333,0.3,0.24602158769900295,0.9856038016651771,1.0533,30
levin_u1,levin,limit,delayed_plateau,0.005,1000,1.0,0.0,0.5333,0.24445293714430869,1.000051764735312,1.2133,30
levin_u2,levin,limit,delayed_plateau,0.005,1000,1.0,0.0,0.3,0.24604988849298165,0.9854939074842484,1.12,30
levin_v1,levin,limit,delayed_plateau,0.005,1000,1.0,0.0,0.1667,0.24923047707005253,0.9685267425629935,1.0667,30
levin_v2,levin,limit,delayed_plateau,0.005,1000,1.0,0.0,0.1,0.2507783760486522,0.9682105395566751,1.04,30
weniger_d1,weniger,limit,delayed_plateau,0.005,1000,1.0,0.0,1.0,0.010027239957857492,24.168440587541696,1.4,30
weniger_d2,weniger,limit,delayed_plateau,0.005,1000,1.0,0.0,1.0,0.010027239957857492,24.168440587541696,1.4,30
brezinski_theta1,brezinski,limit,delayed_plateau,0.005,1000,1.0,0.0,0.5667,0.2419611067599575,1.0241047575204172,1.2267,30
brezinski_theta2,brezinski,limit,delayed_plateau,0.005,1000,1.0,0.0,0.2333,0.2568447779686926,0.9435317443661697,1.0933,30
neville_2,neville,trajectory,delayed_plateau,0.005,1000,0.5667,1.0,0.0,28.194433288550574,0.008559130369657213,-1.4333,30
neville_3,neville,trajectory,delayed_plateau,0.005,1000,0.1,1.0,0.0,170.60016014550172,0.0014562868091254411,-1.9,30
neville_4,neville,trajectory,delayed_plateau,0.005,1000,0.0,1.0,0.0,,,-2.0,30
anderson_1,anderson,limit,delayed_plateau,0.005,1000,1.0,0.0,0.5667,0.2444534388224374,1.0000567929280706,1.2267,30
anderson_2,anderson,limit,delayed_plateau,0.005,1000,1.0,0.0,0.4,0.24352447224767385,0.9975769095936409,1.16,30
anderson_3,anderson,limit,delayed_plateau,0.005,1000,1.0,0.0,0.3333,0.24356496576078757,0.9961955824121861,1.1333,30
median_ensemble,ensemble,trajectory,delayed_plateau,0.005,1000,1.0,0.0,0.6333,0.24291871297072973,1.0001977121821897,1.2533,30
stability_weighted,ensemble,trajectory,delayed_plateau,0.005,1000,1.0,0.0,0.1667,0.24729901894704198,0.9759502701534564,1.0667,30
best_shanks_wynn,ensemble,limit,delayed_plateau,0.005,1000,1.0,0.0,0.5667,0.24445514192722623,1.0000567994560998,1.2267,30
current_value,baseline,limit,delayed_plateau,0.005,5000,1.0,0.0,0.0,0.24236999313636037,1.0,1.0,30
linear,baseline,trajectory,delayed_plateau,0.005,5000,0.0,1.0,0.0,,,-2.0,30
log_linear,baseline,trajectory,delayed_plateau,0.005,5000,1.0,0.0,1.0,0.013551114171490332,17.89216039296572,1.4,30
geom_avg_diff,baseline,limit,delayed_plateau,0.005,5000,0.5667,0.4333,0.3667,0.2383615809061742,1.0091011389387465,-0.1533,30
richardson_1,richardson,trajectory,delayed_plateau,0.005,5000,1.0,0.0,1.0,0.009564035734863805,25.316509834618145,1.4,30
richardson_2,richardson,trajectory,delayed_plateau,0.005,5000,1.0,0.0,1.0,0.00793655971640041,30.57890061349255,1.4,30
richardson_3,richardson,trajectory,delayed_plateau,0.005,5000,0.9333,0.0667,0.9333,0.005561593005375807,43.640596873345906,1.1733,30
richardson_a05,richardson,trajectory,delayed_plateau,0.005,5000,1.0,0.0,1.0,0.09341333814835831,2.5943855548127286,1.4,30
richardson_a10,richardson,trajectory,delayed_plateau,0.005,5000,1.0,0.0,1.0,0.11432675595474168,2.117515841490876,1.4,30
richardson_a20,richardson,trajectory,delayed_plateau,0.005,5000,1.0,0.0,0.7,0.2404670798919,1.008473594813175,1.28,30
single_exp_fit,parametric,trajectory,delayed_plateau,0.005,5000,1.0,0.0,1.0,0.024647544566973302,9.679818811421988,1.4,30
double_exp_fit,parametric,trajectory,delayed_plateau,0.005,5000,0.6,0.4,0.6,0.03832939428517214,6.356513136929205,0.04,30
rational_fit,parametric,trajectory,delayed_plateau,0.005,5000,1.0,0.0,1.0,0.004030505606030573,60.22290340004281,1.4,30
log_fit,parametric,trajectory,delayed_plateau,0.005,5000,1.0,0.0,1.0,0.16594003886411274,1.460621378833772,1.4,30
shanks_1,shanks,limit,delayed_plateau,0.005,5000,1.0,0.0,0.5667,0.2444823818850837,1.0000567930608777,1.2267,30
shanks_2,shanks,limit,delayed_plateau,0.005,5000,1.0,0.0,0.1,0.24968999829385025,0.9687359605142503,1.04,30
shanks_3,shanks,limit,delayed_plateau,0.005,5000,1.0,0.0,0.1,0.2506364613310307,0.9674835200907886,1.04,30
shanks_4,shanks,limit,delayed_plateau,0.005,5000,1.0,0.0,0.0,0.2526382671288282,0.9623662133392505,1.0,30
wynn_eps_1,wynn_eps,limit,delayed_plateau,0.005,5000,1.0,0.0,0.5667,0.24448238188508206,1.0000567930608781,1.2267,30
wynn_eps_2,wynn_eps,limit,delayed_plateau,0.005,5000,1.0,0.0,0.3333,0.24992045058971624,0.970133798349736,1.1333,30
wynn_eps_3,wynn_eps,limit,delayed_plateau,0.005,5000,1.0,0.0,0.2333,0.2509865977490616,0.9680358174827566,1.0933,30
wynn_rho_1,wynn_rho,limit,delayed_plateau,0.005,5000,1.0,0.0,0.3333,0.24448285659447166,0.9960570768504425,1.1333,30
wynn_rho_2,wynn_rho,limit,delayed_plateau,0.005,5000,1.0,0.0667,0.2,0.24867018252061807,0.984526882555991,0.9467,30
wynn_rho_3,wynn_rho,limit,delayed_plateau,0.005,5000,1.0,0.0,0.3333,0.25068490594592985,0.9817333539501134,1.1333,30
pade_11,pade,trajectory,delayed_plateau,0.005,5000,0.9667,0.0333,0.0,0.40187973270256744,0.6157723198154297,0.9,30
pade_12,pade,trajectory,delayed_plateau,0.005,5000,1.0,0.0,1.0,0.0035510473931153847,68.66088224792153,1.4,30
pade_13,pade,trajectory,delayed_plateau,0.005,5000,1.0,0.0,1.0,0.009904664364377123,24.485497569066943,1.4,30
pade_21,pade,trajectory,delayed_plateau,0.005,5000,0.0,1.0,0.0,,,-2.0,30
pade_22,pade,trajectory,delayed_plateau,0.005,5000,0.9667,0.9,0.0,1.8534176386875396,0.1333053871452612,-0.8333,30
pade_23,pade,trajectory,delayed_plateau,0.005,5000,1.0,0.0,1.0,0.0015797797676048546,156.88587230730377,1.4,30
pade_31,pade,trajectory,delayed_plateau,0.005,5000,1.0,1.0,0.0,257.36640979589157,0.0009349770203262233,-1.0,30
pade_32,pade,trajectory,delayed_plateau,0.005,5000,0.0,1.0,0.0,,,-2.0,30
levin_t1,levin,limit,delayed_plateau,0.005,5000,1.0,0.0,0.5667,0.24448238188508206,1.000056793060878,1.2267,30
levin_t2,levin,limit,delayed_plateau,0.005,5000,1.0,0.0333,0.3,0.24604882765686042,0.9856053842933217,1.0533,30
levin_u1,levin,limit,delayed_plateau,0.005,5000,1.0,0.0,0.5333,0.24448017710216616,1.0000517589052063,1.2133,30
levin_u2,levin,limit,delayed_plateau,0.005,5000,1.0,0.0,0.3,0.24607712845083912,0.9854955020283147,1.12,30
levin_v1,levin,limit,delayed_plateau,0.005,5000,1.0,0.0,0.1667,0.24925771702791,0.9685301603896295,1.0667,30
levin_v2,levin,limit,delayed_plateau,0.005,5000,1.0,0.0,0.1,0.2508056160065097,0.9682139911593634,1.04,30
weniger_d1,weniger,limit,delayed_plateau,0.005,5000,1.0,0.0,1.0,0.01,24.236999313636037,1.4,30
weniger_d2,weniger,limit,delayed_plateau,0.005,5000,1.0,0.0,1.0,0.01,24.236999313636037,1.4,30
brezinski_theta1,brezinski,limit,delayed_plateau,0.005,5000,1.0,0.0,0.5667,0.24198834671781497,1.024102026981896,1.2267,30
brezinski_theta2,brezinski,limit,delayed_plateau,0.005,5000,1.0,0.0,0.2333,0.25687201792655007,0.9435376556860475,1.0933,30
neville_2,neville,trajectory,delayed_plateau,0.005,5000,0.5667,1.0,0.0,32.765027336008984,0.007365996301426031,-1.4333,30
neville_3,neville,trajectory,delayed_plateau,0.005,5000,0.0667,1.0,0.0,159.63558576578893,0.0017222383533193595,-1.9333,30
neville_4,neville,trajectory,delayed_plateau,0.005,5000,0.0,1.0,0.0,,,-2.0,30
anderson_1,anderson,limit,delayed_plateau,0.005,5000,1.0,0.0,0.5667,0.24448067878029486,1.0000567865335832,1.2267,30
anderson_2,anderson,limit,delayed_plateau,0.005,5000,1.0,0.0,0.4,0.24355171220553132,0.9975771831866833,1.16,30
anderson_3,anderson,limit,delayed_plateau,0.005,5000,1.0,0.0,0.3333,0.24359220571864504,0.9961960104108099,1.1333,30
median_ensemble,ensemble,trajectory,delayed_plateau,0.005,5000,1.0,0.0,0.6333,0.2429459529285872,1.000197689976444,1.2533,30
stability_weighted,ensemble,trajectory,delayed_plateau,0.005,5000,1.0,0.0,0.5667,0.24061818568422694,1.0050801273720045,1.2267,30
best_shanks_wynn,ensemble,limit,delayed_plateau,0.005,5000,1.0,0.0,0.5667,0.2444823818850837,1.0000567930608777,1.2267,30
current_value,baseline,limit,staircase,0.0,150,1.0,0.0,0.0,0.7,1.0,1.0,30
linear,baseline,trajectory,staircase,0.0,150,1.0,0.0,1.0,0.6999999999999996,1.0000000000000004,1.4,30
log_linear,baseline,trajectory,staircase,0.0,150,1.0,0.0,0.0,0.7,1.0,1.0,30
geom_avg_diff,baseline,limit,staircase,0.0,150,0.0,1.0,0.0,,,-2.0,30
richardson_1,richardson,trajectory,staircase,0.0,150,1.0,0.0,1.0,0.6999999999999985,1.000000000000002,1.4,30
richardson_2,richardson,trajectory,staircase,0.0,150,1.0,0.0,1.0,0.6999999999935771,1.0000000000091755,1.4,30
richardson_3,richardson,trajectory,staircase,0.0,150,1.0,0.0,1.0,0.699999509663735,1.000000700480869,1.4,30
richardson_a05,richardson,trajectory,staircase,0.0,150,1.0,0.0,0.0,0.7,1.0,1.0,30
richardson_a10,richardson,trajectory,staircase,0.0,150,1.0,0.0,1.0,0.6999999999999998,1.0000000000000002,1.4,30
richardson_a20,richardson,trajectory,staircase,0.0,150,1.0,0.0,0.0,0.7000000000000003,0.9999999999999996,1.0,30
single_exp_fit,parametric,trajectory,staircase,0.0,150,1.0,0.0,1.0,0.6999999999999996,1.0000000000000004,1.4,30
double_exp_fit,parametric,trajectory,staircase,0.0,150,1.0,0.0,1.0,0.6999989572031794,1.000001489711963,1.4,30
rational_fit,parametric,trajectory,staircase,0.0,150,1.0,0.0,1.0,0.6999999999998086,1.0000000000002733,1.4,30
log_fit,parametric,trajectory,staircase,0.0,150,1.0,0.0,1.0,0.6999784330813157,1.0000308108331128,1.4,30
shanks_1,shanks,limit,staircase,0.0,150,0.0,1.0,0.0,,,-2.0,30
shanks_2,shanks,limit,staircase,0.0,150,0.0,1.0,0.0,,,-2.0,30
shanks_3,shanks,limit,staircase,0.0,150,0.0,1.0,0.0,,,-2.0,30
shanks_4,shanks,limit,staircase,0.0,150,0.0,1.0,0.0,,,-2.0,30
wynn_eps_1,wynn_eps,limit,staircase,0.0,150,0.0,1.0,0.0,,,-2.0,30
wynn_eps_2,wynn_eps,limit,staircase,0.0,150,0.0,1.0,0.0,,,-2.0,30
wynn_eps_3,wynn_eps,limit,staircase,0.0,150,0.0,1.0,0.0,,,-2.0,30
wynn_rho_1,wynn_rho,limit,staircase,0.0,150,0.0,1.0,0.0,,,-2.0,30
wynn_rho_2,wynn_rho,limit,staircase,0.0,150,0.0,1.0,0.0,,,-2.0,30
wynn_rho_3,wynn_rho,limit,staircase,0.0,150,0.0,1.0,0.0,,,-2.0,30
pade_11,pade,trajectory,staircase,0.0,150,1.0,0.0,1.0,0.6999999999999998,1.0000000000000002,1.4,30
pade_12,pade,trajectory,staircase,0.0,150,1.0,0.0,0.0,0.7000000000000022,0.9999999999999968,1.0,30
pade_13,pade,trajectory,staircase,0.0,150,1.0,0.0,1.0,0.6999999999999839,1.000000000000023,1.4,30
pade_21,pade,trajectory,staircase,0.0,150,1.0,0.0,0.0,0.7000000000000023,0.9999999999999967,1.0,30
pade_22,pade,trajectory,staircase,0.0,150,1.0,0.0,0.0,0.7000000000000033,0.9999999999999952,1.0,30
pade_23,pade,trajectory,staircase,0.0,150,1.0,0.0,1.0,0.6999999999999853,1.0000000000000209,1.4,30
pade_31,pade,trajectory,staircase,0.0,150,1.0,0.0,1.0,0.6999999999999827,1.0000000000000246,1.4,30
pade_32,pade,trajectory,staircase,0.0,150,1.0,0.0,1.0,0.6999999999999843,1.0000000000000224,1.4,30
levin_t1,levin,limit,staircase,0.0,150,0.0,1.0,0.0,,,-2.0,30
levin_t2,levin,limit,staircase,0.0,150,0.0,1.0,0.0,,,-2.0,30
levin_u1,levin,limit,staircase,0.0,150,0.0,1.0,0.0,,,-2.0,30
levin_u2,levin,limit,staircase,0.0,150,0.0,1.0,0.0,,,-2.0,30
levin_v1,levin,limit,staircase,0.0,150,0.0,1.0,0.0,,,-2.0,30
levin_v2,levin,limit,staircase,0.0,150,0.0,1.0,0.0,,,-2.0,30
weniger_d1,weniger,limit,staircase,0.0,150,0.0,1.0,0.0,,,-2.0,30
weniger_d2,weniger,limit,staircase,0.0,150,1.0,0.0,1.0,0.01,70.0,1.4,30
brezinski_theta1,brezinski,limit,staircase,0.0,150,0.0,1.0,0.0,,,-2.0,30
brezinski_theta2,brezinski,limit,staircase,0.0,150,0.0,1.0,0.0,,,-2.0,30
neville_2,neville,trajectory,staircase,0.0,150,1.0,0.0,1.0,0.6999999999999279,1.000000000000103,1.4,30
neville_3,neville,trajectory,staircase,0.0,150,1.0,0.0,1.0,0.6999999999980442,1.000000000002794,1.4,30
neville_4,neville,trajectory,staircase,0.0,150,1.0,0.0,1.0,0.6999999999635904,1.0000000000520137,1.4,30
anderson_1,anderson,limit,staircase,0.0,150,1.0,0.0,0.0,0.7,1.0,1.0,30
anderson_2,anderson,limit,staircase,0.0,150,1.0,0.0,0.0,0.7,1.0,1.0,30
anderson_3,anderson,limit,staircase,0.0,150,1.0,0.0,0.0,0.7,1.0,1.0,30
median_ensemble,ensemble,trajectory,staircase,0.0,150,1.0,0.0,1.0,0.6999999999999985,1.000000000000002,1.4,30
stability_weighted,ensemble,trajectory,staircase,0.0,150,1.0,0.0,1.0,0.699999999999995,1.000000000000007,1.4,30
best_shanks_wynn,ensemble,limit,staircase,0.0,150,1.0,0.0,0.0,0.7,1.0,1.0,30
current_value,baseline,limit,staircase,0.0,1000,1.0,0.0,0.0,0.7,1.0,1.0,30
linear,baseline,trajectory,staircase,0.0,1000,1.0,0.0,1.0,0.699999999999995,1.000000000000007,1.4,30
log_linear,baseline,trajectory,staircase,0.0,1000,1.0,0.0,0.0,0.7,1.0,1.0,30
geom_avg_diff,baseline,limit,staircase,0.0,1000,0.0,1.0,0.0,,,-2.0,30
richardson_1,richardson,trajectory,staircase,0.0,1000,1.0,0.0,1.0,0.6999999999999944,1.000000000000008,1.4,30
richardson_2,richardson,trajectory,staircase,0.0,1000,1.0,0.0,1.0,0.6999999999852466,1.0000000000210763,1.4,30
richardson_3,richardson,trajectory,staircase,0.0,1000,1.0,0.0,1.0,0.699996944059732,1.000004365648013,1.4,30
richardson_a05,richardson,trajectory,staircase,0.0,1000,1.0,0.0,1.0,0.6999999999999996,1.0000000000000004,1.4,30
richardson_a10,richardson,trajectory,staircase,0.0,1000,1.0,0.0,1.0,0.6999999999999997,1.0000000000000002,1.4,30
richardson_a20,richardson,trajectory,staircase,0.0,1000,1.0,0.0,0.0,0.7000000000000003,0.9999999999999996,1.0,30
single_exp_fit,parametric,trajectory,staircase,0.0,1000,1.0,0.0,1.0,0.6999999999999996,1.0000000000000004,1.4,30
double_exp_fit,parametric,trajectory,staircase,0.0,1000,1.0,0.0,1.0,0.6999913493030512,1.0000123582912237,1.4,30
rational_fit,parametric,trajectory,staircase,0.0,1000,1.0,0.0,1.0,0.699999999999675,1.0000000000004643,1.4,30
log_fit,parametric,trajectory,staircase,0.0,1000,1.0,0.0,1.0,0.6999530035538787,1.0000671422879575,1.4,30
shanks_1,shanks,limit,staircase,0.0,1000,0.0,1.0,0.0,,,-2.0,30
shanks_2,shanks,limit,staircase,0.0,1000,0.0,1.0,0.0,,,-2.0,30
shanks_3,shanks,limit,staircase,0.0,1000,0.0,1.0,0.0,,,-2.0,30
shanks_4,shanks,limit,staircase,0.0,1000,0.0,1.0,0.0,,,-2.0,30
wynn_eps_1,wynn_eps,limit,staircase,0.0,1000,0.0,1.0,0.0,,,-2.0,30
wynn_eps_2,wynn_eps,limit,staircase,0.0,1000,0.0,1.0,0.0,,,-2.0,30
wynn_eps_3,wynn_eps,limit,staircase,0.0,1000,0.0,1.0,0.0,,,-2.0,30
wynn_rho_1,wynn_rho,limit,staircase,0.0,1000,0.0,1.0,0.0,,,-2.0,30
wynn_rho_2,wynn_rho,limit,staircase,0.0,1000,0.0,1.0,0.0,,,-2.0,30
wynn_rho_3,wynn_rho,limit,staircase,0.0,1000,0.0,1.0,0.0,,,-2.0,30
pade_11,pade,trajectory,staircase,0.0,1000,1.0,0.0,1.0,0.699999999999996,1.0000000000000058,1.4,30
pade_12,pade,trajectory,staircase,0.0,1000,1.0,0.0,0.0,0.7000000000002914,0.9999999999995837,1.0,30
pade_13,pade,trajectory,staircase,0.0,1000,1.0,0.0,1.0,0.6999999999784584,1.0000000000307736,1.4,30
pade_21,pade,trajectory,staircase,0.0,1000,1.0,0.0,0.0,0.7000000000002745,0.9999999999996078,1.0,30
pade_22,pade,trajectory,staircase,0.0,1000,1.0,0.0,0.0,0.700000000000338,0.999999999999517,1.0,30
pade_23,pade,trajectory,staircase,0.0,1000,1.0,0.0,1.0,0.6999999999788353,1.0000000000302351,1.4,30
pade_31,pade,trajectory,staircase,0.0,1000,1.0,0.0,1.0,0.6999999999777977,1.0000000000317175,1.4,30
pade_32,pade,trajectory,staircase,0.0,1000,1.0,0.0,1.0,0.6999999999784265,1.0000000000308191,1.4,30
levin_t1,levin,limit,staircase,0.0,1000,0.0,1.0,0.0,,,-2.0,30
levin_t2,levin,limit,staircase,0.0,1000,0.0,1.0,0.0,,,-2.0,30
levin_u1,levin,limit,staircase,0.0,1000,0.0,1.0,0.0,,,-2.0,30
levin_u2,levin,limit,staircase,0.0,1000,0.0,1.0,0.0,,,-2.0,30
levin_v1,levin,limit,staircase,0.0,1000,0.0,1.0,0.0,,,-2.0,30
levin_v2,levin,limit,staircase,0.0,1000,0.0,1.0,0.0,,,-2.0,30
weniger_d1,weniger,limit,staircase,0.0,1000,0.0,1.0,0.0,,,-2.0,30
weniger_d2,weniger,limit,staircase,0.0,1000,1.0,0.0,1.0,0.01,70.0,1.4,30
brezinski_theta1,brezinski,limit,staircase,0.0,1000,0.0,1.0,0.0,,,-2.0,30
brezinski_theta2,brezinski,limit,staircase,0.0,1000,0.0,1.0,0.0,,,-2.0,30
neville_2,neville,trajectory,staircase,0.0,1000,1.0,0.0,1.0,0.6999999999998283,1.0000000000002451,1.4,30
neville_3,neville,trajectory,staircase,0.0,1000,1.0,0.0,1.0,0.6999999999937577,1.0000000000089175,1.4,30
neville_4,neville,trajectory,staircase,0.0,1000,1.0,0.0,1.0,0.6999999997548321,1.0000000003502398,1.4,30
anderson_1,anderson,limit,staircase,0.0,1000,1.0,0.0,0.0,0.7,1.0,1.0,30
anderson_2,anderson,limit,staircase,0.0,1000,1.0,0.0,0.0,0.7,1.0,1.0,30
anderson_3,anderson,limit,staircase,0.0,1000,1.0,0.0,0.0,0.7,1.0,1.0,30
median_ensemble,ensemble,trajectory,staircase,0.0,1000,1.0,0.0,1.0,0.6999999999999944,1.000000000000008,1.4,30
stability_weighted,ensemble,trajectory,staircase,0.0,1000,1.0,0.0,1.0,0.6999999999929148,1.0000000000101217,1.4,30
best_shanks_wynn,ensemble,limit,staircase,0.0,1000,1.0,0.0,0.0,0.7,1.0,1.0,30
current_value,baseline,limit,staircase,0.0,5000,1.0,0.0,0.0,0.7,1.0,1.0,30
linear,baseline,trajectory,staircase,0.0,5000,1.0,0.0,1.0,0.6999999999999731,1.0000000000000384,1.4,30
log_linear,baseline,trajectory,staircase,0.0,5000,1.0,0.0,0.0,0.7,1.0,1.0,30
geom_avg_diff,baseline,limit,staircase,0.0,5000,0.0,1.0,0.0,,,-2.0,30
richardson_1,richardson,trajectory,staircase,0.0,5000,1.0,0.0,1.0,0.6999999999999934,1.0000000000000093,1.4,30
richardson_2,richardson,trajectory,staircase,0.0,5000,1.0,0.0,1.0,0.6999999999828056,1.0000000000245635,1.4,30
richardson_3,richardson,trajectory,staircase,0.0,5000,1.0,0.0,1.0,0.6999955796147671,1.0000063148759244,1.4,30
richardson_a05,richardson,trajectory,staircase,0.0,5000,1.0,0.0,1.0,0.6999999999999996,1.0000000000000004,1.4,30
richardson_a10,richardson,trajectory,staircase,0.0,5000,1.0,0.0,1.0,0.6999999999999997,1.0000000000000002,1.4,30
richardson_a20,richardson,trajectory,staircase,0.0,5000,1.0,0.0,0.0,0.7000000000000003,0.9999999999999996,1.0,30
single_exp_fit,parametric,trajectory,staircase,0.0,5000,1.0,0.0,1.0,0.6999999999999996,1.0000000000000004,1.4,30
double_exp_fit,parametric,trajectory,staircase,0.0,5000,1.0,0.0,1.0,0.699980574029889,1.0000277521560337,1.4,30
rational_fit,parametric,trajectory,staircase,0.0,5000,1.0,0.0,1.0,0.6999999999996507,1.000000000000499,1.4,30
log_fit,parametric,trajectory,staircase,0.0,5000,1.0,0.0,1.0,0.6999401814895042,1.0000854623181776,1.4,30
shanks_1,shanks,limit,staircase,0.0,5000,0.0,1.0,0.0,,,-2.0,30
shanks_2,shanks,limit,staircase,0.0,5000,0.0,1.0,0.0,,,-2.0,30
shanks_3,shanks,limit,staircase,0.0,5000,0.0,1.0,0.0,,,-2.0,30
shanks_4,shanks,limit,staircase,0.0,5000,0.0,1.0,0.0,,,-2.0,30
wynn_eps_1,wynn_eps,limit,staircase,0.0,5000,0.0,1.0,0.0,,,-2.0,30
wynn_eps_2,wynn_eps,limit,staircase,0.0,5000,0.0,1.0,0.0,,,-2.0,30
wynn_eps_3,wynn_eps,limit,staircase,0.0,5000,0.0,1.0,0.0,,,-2.0,30
wynn_rho_1,wynn_rho,limit,staircase,0.0,5000,0.0,1.0,0.0,,,-2.0,30
wynn_rho_2,wynn_rho,limit,staircase,0.0,5000,0.0,1.0,0.0,,,-2.0,30
wynn_rho_3,wynn_rho,limit,staircase,0.0,5000,0.0,1.0,0.0,,,-2.0,30
pade_11,pade,trajectory,staircase,0.0,5000,1.0,0.0,1.0,0.6999999999999769,1.000000000000033,1.4,30
pade_12,pade,trajectory,staircase,0.0,5000,1.0,0.0,0.0,0.7000000000082222,0.999999999988254,1.0,30
pade_13,pade,trajectory,staircase,0.0,5000,1.0,0.0,1.0,0.6999999968380352,1.0000000045170927,1.4,30
pade_21,pade,trajectory,staircase,0.0,5000,1.0,0.0,0.0,0.7000000000077213,0.9999999999889695,1.0,30
pade_22,pade,trajectory,staircase,0.0,5000,1.0,0.0,0.0,0.7000000000093618,0.9999999999866259,1.0,30
pade_23,pade,trajectory,staircase,0.0,5000,1.0,0.0,1.0,0.699999996885868,1.00000000444876,1.4,30
pade_31,pade,trajectory,staircase,0.0,5000,1.0,0.0,1.0,0.6999999967520681,1.0000000046399027,1.4,30
pade_32,pade,trajectory,staircase,0.0,5000,1.0,0.0,1.0,0.6999999968345814,1.0000000045220265,1.4,30
levin_t1,levin,limit,staircase,0.0,5000,0.0,1.0,0.0,,,-2.0,30
levin_t2,levin,limit,staircase,0.0,5000,0.0,1.0,0.0,,,-2.0,30
levin_u1,levin,limit,staircase,0.0,5000,0.0,1.0,0.0,,,-2.0,30
levin_u2,levin,limit,staircase,0.0,5000,0.0,1.0,0.0,,,-2.0,30
levin_v1,levin,limit,staircase,0.0,5000,0.0,1.0,0.0,,,-2.0,30
levin_v2,levin,limit,staircase,0.0,5000,0.0,1.0,0.0,,,-2.0,30
weniger_d1,weniger,limit,staircase,0.0,5000,0.0,1.0,0.0,,,-2.0,30
weniger_d2,weniger,limit,staircase,0.0,5000,1.0,0.0,1.0,0.01,70.0,1.4,30
brezinski_theta1,brezinski,limit,staircase,0.0,5000,0.0,1.0,0.0,,,-2.0,30
brezinski_theta2,brezinski,limit,staircase,0.0,5000,0.0,1.0,0.0,,,-2.0,30
neville_2,neville,trajectory,staircase,0.0,5000,1.0,0.0,0.0,0.7000000000004397,0.9999999999993717,1.0,30
neville_3,neville,trajectory,staircase,0.0,5000,1.0,0.0,0.0,0.7000000000111098,0.9999999999841287,1.0,30
neville_4,neville,trajectory,staircase,0.0,5000,1.0,0.0,0.0,0.7000000002577934,0.9999999996317236,1.0,30
anderson_1,anderson,limit,staircase,0.0,5000,1.0,0.0,0.0,0.7,1.0,1.0,30
anderson_2,anderson,limit,staircase,0.0,5000,1.0,0.0,0.0,0.7,1.0,1.0,30
anderson_3,anderson,limit,staircase,0.0,5000,1.0,0.0,0.0,0.7,1.0,1.0,30
median_ensemble,ensemble,trajectory,staircase,0.0,5000,1.0,0.0,1.0,0.6999999999999934,1.0000000000000093,1.4,30
stability_weighted,ensemble,trajectory,staircase,0.0,5000,1.0,0.0,1.0,0.6999999989506084,1.0000000014991308,1.4,30
best_shanks_wynn,ensemble,limit,staircase,0.0,5000,1.0,0.0,0.0,0.7,1.0,1.0,30
current_value,baseline,limit,staircase,0.001,150,1.0,0.0,0.0,0.700064862770789,1.0,1.0,30
linear,baseline,trajectory,staircase,0.001,150,1.0,0.0,0.6,0.7001413258645346,1.0001810761946848,1.24,30
log_linear,baseline,trajectory,staircase,0.001,150,1.0,0.0,0.5667,0.7001151091821468,1.0002257894415323,1.2267,30
geom_avg_diff,baseline,limit,staircase,0.001,150,0.3333,0.6667,0.1,0.703159556535681,0.9969764851482581,-0.96,30
richardson_1,richardson,trajectory,staircase,0.001,150,1.0,0.0,0.5333,0.7000858555411802,1.0003254575068699,1.2133,30
richardson_2,richardson,trajectory,staircase,0.001,150,0.7333,0.2667,0.3667,0.6998983515144771,0.999955271869605,0.3467,30
richardson_3,richardson,trajectory,staircase,0.001,150,0.9,0.1,0.5333,0.698830643986626,1.0010811307167893,0.9133,30
richardson_a05,richardson,trajectory,staircase,0.001,150,1.0,0.0,0.5333,0.700088015158109,1.0002467857577493,1.2133,30
richardson_a10,richardson,trajectory,staircase,0.001,150,1.0,0.0,0.5333,0.7000715609284762,1.0002836275643014,1.2133,30
richardson_a20,richardson,trajectory,staircase,0.001,150,1.0,0.0,0.5333,0.7000325035255748,1.000336574836982,1.2133,30
single_exp_fit,parametric,trajectory,staircase,0.001,150,1.0,0.0,0.6,0.6999734769218374,1.000358561800825,1.24,30
double_exp_fit,parametric,trajectory,staircase,0.001,150,0.9667,0.0333,0.6,0.6999825460719373,1.0004791123905639,1.14,30
rational_fit,parametric,trajectory,staircase,0.001,150,1.0,0.0,0.6,0.6999638881618624,1.0004941363423645,1.24,30
log_fit,parametric,trajectory,staircase,0.001,150,1.0,0.0,0.6333,0.6999694854805425,1.0005012437789618,1.2533,30
shanks_1,shanks,limit,staircase,0.001,150,1.0,0.0,0.5667,0.6999167325826973,1.0002913767303054,1.2267,30
shanks_2,shanks,limit,staircase,0.001,150,1.0,0.0,0.4667,0.7003274403970342,0.9997880816127993,1.1867,30
shanks_3,shanks,limit,staircase,0.001,150,1.0,0.0,0.5333,0.7002225543760096,1.000634516190603,1.2133,30
shanks_4,shanks,limit,staircase,0.001,150,1.0,0.0,0.5667,0.7002557715063982,1.000619949932211,1.2267,30
wynn_eps_1,wynn_eps,limit,staircase,0.001,150,1.0,0.0,0.5667,0.6999167325827025,1.0002913767303048,1.2267,30
wynn_eps_2,wynn_eps,limit,staircase,0.001,150,1.0,0.0,0.5,0.7001316866958389,1.0000675107911476,1.2,30
wynn_eps_3,wynn_eps,limit,staircase,0.001,150,1.0,0.0,0.5333,0.7001553904681689,1.000234432354981,1.2133,30
wynn_rho_1,wynn_rho,limit,staircase,0.001,150,1.0,0.0,0.6333,0.7000285175181293,1.0002801979551892,1.2533,30
wynn_rho_2,wynn_rho,limit,staircase,0.001,150,1.0,0.0,0.6333,0.7001381701864823,1.0005121766099758,1.2533,30
wynn_rho_3,wynn_rho,limit,staircase,0.001,150,1.0,0.0,0.5333,0.7001028828542732,1.0000785874097056,1.2133,30
pade_11,pade,trajectory,staircase,0.001,150,1.0,0.0,0.5667,0.7000493039705827,1.0002245007028536,1.2267,30
pade_12,pade,trajectory,staircase,0.001,150,1.0,0.0,0.6,0.7002533037216426,1.000245672770088,1.24,30
pade_13,pade,trajectory,staircase,0.001,150,1.0,0.0,0.5333,0.6998457305642328,1.000136393550056,1.2133,30
pade_21,pade,trajectory,staircase,0.001,150,1.0,0.0,0.6,0.7002423172635582,1.0002613168532368,1.24,30
pade_22,pade,trajectory,staircase,0.001,150,1.0,0.0,0.5333,0.7000601085316763,1.0001632738497495,1.2133,30
pade_23,pade,trajectory,staircase,0.001,150,1.0,0.0,0.5667,0.7003825678525486,1.000533368996265,1.2267,30
pade_31,pade,trajectory,staircase,0.001,150,1.0,0.0,0.5,0.6999115429403828,1.0000447984405676,1.2,30
pade_32,pade,trajectory,staircase,0.001,150,1.0,0.0,0.5667,0.7003737697118165,1.0005494712373948,1.2267,30
levin_t1,levin,limit,staircase,0.001,150,1.0,0.0,0.5667,0.6999167325827025,1.0002913767303045,1.2267,30
levin_t2,levin,limit,staircase,0.001,150,1.0,0.0,0.5333,0.7000937514712723,1.000140381197566,1.2133,30
levin_u1,levin,limit,staircase,0.001,150,1.0,0.0,0.5667,0.6999207780767889,1.0002838653180866,1.2267,30
levin_u2,levin,limit,staircase,0.001,150,1.0,0.0,0.5333,0.700095657506973,1.00013524531705,1.2133,30
levin_v1,levin,limit,staircase,0.001,150,1.0,0.0,0.5667,0.7001059235462946,1.0005361585689123,1.2267,30
levin_v2,levin,limit,staircase,0.001,150,1.0,0.0,0.4667,0.7003047200249266,0.9999461351741624,1.1867,30
weniger_d1,weniger,limit,staircase,0.001,150,1.0,0.0,1.0,0.01,70.00648627720314,1.4,30
weniger_d2,weniger,limit,staircase,0.001,150,1.0,0.0,1.0,0.01,70.00648627707892,1.4,30
brezinski_theta1,brezinski,limit,staircase,0.001,150,1.0,0.0,0.5667,0.7000477578360098,1.0013797304757122,1.2267,30
brezinski_theta2,brezinski,limit,staircase,0.001,150,1.0,0.0,0.4,0.7011812827227396,0.9986181762509718,1.16,30
neville_2,neville,trajectory,staircase,0.001,150,0.7333,0.3,0.1667,1.946190004484727,0.36037312119543713,0.2,30
neville_3,neville,trajectory,staircase,0.001,150,0.5333,1.0,0.0,32.1185779441141,0.022812046367456075,-1.4667,30
neville_4,neville,trajectory,staircase,0.001,150,0.3667,1.0,0.0,219.69934893369688,0.003193111467317087,-1.6333,30
anderson_1,anderson,limit,staircase,0.001,150,1.0,0.0,0.5667,0.6999249183752309,1.0002912106413437,1.2267,30
anderson_2,anderson,limit,staircase,0.001,150,1.0,0.0,0.5667,0.6999397371612422,1.0001274751489617,1.2267,30
anderson_3,anderson,limit,staircase,0.001,150,1.0,0.0,0.5333,0.699783912928102,1.0001775414371559,1.2133,30
median_ensemble,ensemble,trajectory,staircase,0.001,150,1.0,0.0,0.6333,0.700133318276411,1.000219670189111,1.2533,30
stability_weighted,ensemble,trajectory,staircase,0.001,150,1.0,0.0,0.7,0.7001620575166136,1.0002911808180666,1.28,30
best_shanks_wynn,ensemble,limit,staircase,0.001,150,1.0,0.0,0.5667,0.6999167325826973,1.0002913767303054,1.2267,30
current_value,baseline,limit,staircase,0.001,1000,1.0,0.0,0.0,0.700064862770789,1.0,1.0,30
linear,baseline,trajectory,staircase,0.001,1000,1.0,0.0,0.3333,0.7021300357843234,0.9968579995225803,1.1333,30
log_linear,baseline,trajectory,staircase,0.001,1000,1.0,0.0,0.4667,0.7003041180468346,0.9998306340284915,1.1867,30
geom_avg_diff,baseline,limit,staircase,0.001,1000,0.3333,0.6667,0.1,0.7031595565356814,0.9969764851482574,-0.96,30
richardson_1,richardson,trajectory,staircase,0.001,1000,1.0,0.0,0.4667,0.7002022569323708,0.9999438021844692,1.1867,30
richardson_2,richardson,trajectory,staircase,0.001,1000,0.7333,0.2667,0.4333,0.6997024305933925,1.0005929681546504,0.3733,30
richardson_3,richardson,trajectory,staircase,0.001,1000,0.9,0.1,0.5333,0.6919639215977021,1.0105782902758298,0.9133,30
richardson_a05,richardson,trajectory,staircase,0.001,1000,1.0,0.0,0.5667,0.7001769189188656,1.0001267105159437,1.2267,30
richardson_a10,richardson,trajectory,staircase,0.001,1000,1.0,0.0,0.5667,0.7000884627215915,1.0001818939542382,1.2267,30
richardson_a20,richardson,trajectory,staircase,0.001,1000,1.0,0.0,0.5333,0.700039174262908,1.0003124340753065,1.2133,30
single_exp_fit,parametric,trajectory,staircase,0.001,1000,1.0,0.0,0.6333,0.6999638871656698,1.0005554534560126,1.2533,30
double_exp_fit,parametric,trajectory,staircase,0.001,1000,0.9667,0.0333,0.6333,0.699964165763177,1.000599582795054,1.1533,30
rational_fit,parametric,trajectory,staircase,0.001,1000,1.0,0.0,0.6667,0.6999571542662066,1.000711623311593,1.2667,30
log_fit,parametric,trajectory,staircase,0.001,1000,1.0,0.0,0.7,0.6999537979443384,1.000584711209147,1.28,30
shanks_1,shanks,limit,staircase,0.001,1000,1.0,0.0,0.5667,0.6999167325826973,1.0002913767303054,1.2267,30
shanks_2,shanks,limit,staircase,0.001,1000,1.0,0.0,0.4667,0.7003274403970342,0.9997880816127993,1.1867,30
shanks_3,shanks,limit,staircase,0.001,1000,1.0,0.0,0.5333,0.7002225543760096,1.000634516190603,1.2133,30
shanks_4,shanks,limit,staircase,0.001,1000,1.0,0.0,0.5667,0.7002557715063982,1.000619949932211,1.2267,30
wynn_eps_1,wynn_eps,limit,staircase,0.001,1000,1.0,0.0,0.5667,0.6999167325827025,1.0002913767303048,1.2267,30
wynn_eps_2,wynn_eps,limit,staircase,0.001,1000,1.0,0.0,0.5,0.7001316866958389,1.0000675107911476,1.2,30
wynn_eps_3,wynn_eps,limit,staircase,0.001,1000,1.0,0.0,0.5333,0.7001553904681689,1.000234432354981,1.2133,30
wynn_rho_1,wynn_rho,limit,staircase,0.001,1000,1.0,0.0,0.6333,0.7000285175181293,1.0002801979551892,1.2533,30
wynn_rho_2,wynn_rho,limit,staircase,0.001,1000,1.0,0.0,0.6333,0.7001381701864823,1.0005121766099758,1.2533,30
wynn_rho_3,wynn_rho,limit,staircase,0.001,1000,1.0,0.0,0.5333,0.7001028828542732,1.0000785874097056,1.2133,30
pade_11,pade,trajectory,staircase,0.001,1000,1.0,0.0,0.5667,0.7000528258000008,1.0002299224122133,1.2267,30
pade_12,pade,trajectory,staircase,0.001,1000,1.0,0.0,0.4333,0.7027897940169978,0.9962447844737948,1.1733,30
pade_13,pade,trajectory,staircase,0.001,1000,0.8667,0.2,0.5667,0.626906150000405,1.1171255816539962,0.6933,30
pade_21,pade,trajectory,staircase,0.001,1000,1.0,0.0,0.4333,0.70268624357666,0.9963902628196045,1.1733,30
pade_22,pade,trajectory,staircase,0.001,1000,1.0,0.0,0.5333,0.7000750708958537,1.0001793078315588,1.2133,30
pade_23,pade,trajectory,staircase,0.001,1000,1.0,0.0,0.4,0.7041643665938695,0.9945371762785219,1.16,30
pade_31,pade,trajectory,staircase,0.001,1000,1.0,0.0,0.5667,0.6853744650139457,1.0216339708328381,1.2267,30
pade_32,pade,trajectory,staircase,0.001,1000,1.0,0.0,0.4,0.7040369025394433,0.9946947697757174,1.16,30
levin_t1,levin,limit,staircase,0.001,1000,1.0,0.0,0.5667,0.6999167325827025,1.0002913767303045,1.2267,30
levin_t2,levin,limit,staircase,0.001,1000,1.0,0.0,0.5333,0.7000937514712723,1.000140381197566,1.2133,30
levin_u1,levin,limit,staircase,0.001,1000,1.0,0.0,0.5667,0.6999207780767889,1.0002838653180866,1.2267,30
levin_u2,levin,limit,staircase,0.001,1000,1.0,0.0,0.5333,0.700095657506973,1.00013524531705,1.2133,30
levin_v1,levin,limit,staircase,0.001,1000,1.0,0.0,0.5667,0.7001059235462946,1.0005361585689123,1.2267,30
levin_v2,levin,limit,staircase,0.001,1000,1.0,0.0,0.4667,0.7003047200249266,0.9999461351741624,1.1867,30
weniger_d1,weniger,limit,staircase,0.001,1000,1.0,0.0,1.0,0.01,70.00648627720314,1.4,30
weniger_d2,weniger,limit,staircase,0.001,1000,1.0,0.0,1.0,0.01,70.00648627707892,1.4,30
brezinski_theta1,brezinski,limit,staircase,0.001,1000,1.0,0.0,0.5667,0.7000477578360098,1.0013797304757122,1.2267,30
brezinski_theta2,brezinski,limit,staircase,0.001,1000,1.0,0.0,0.4,0.7011812827227396,0.9986181762509718,1.16,30
neville_2,neville,trajectory,staircase,0.001,1000,0.6,0.9,0.0333,7.864861217667642,0.08921670095485694,-1.1867,30
neville_3,neville,trajectory,staircase,0.001,1000,0.3667,1.0,0.0,231.37243464430884,0.003030177051559323,-1.6333,30
neville_4,neville,trajectory,staircase,0.001,1000,0.0,1.0,0.0,,,-2.0,30
anderson_1,anderson,limit,staircase,0.001,1000,1.0,0.0,0.5667,0.6999249183752309,1.0002912106413437,1.2267,30
anderson_2,anderson,limit,staircase,0.001,1000,1.0,0.0,0.5667,0.6999397371612422,1.0001274751489617,1.2267,30
anderson_3,anderson,limit,staircase,0.001,1000,1.0,0.0,0.5333,0.699783912928102,1.0001775414371559,1.2133,30
median_ensemble,ensemble,trajectory,staircase,0.001,1000,1.0,0.0,0.6,0.7000928567253148,1.000214453468566,1.24,30
stability_weighted,ensemble,trajectory,staircase,0.001,1000,1.0,0.0,0.6667,0.6999239312704647,1.000360444858929,1.2667,30
best_shanks_wynn,ensemble,limit,staircase,0.001,1000,1.0,0.0,0.5667,0.6999167325826973,1.0002913767303054,1.2267,30
current_value,baseline,limit,staircase,0.001,5000,1.0,0.0,0.0,0.700064862770789,1.0,1.0,30
linear,baseline,trajectory,staircase,0.001,5000,1.0,0.0,0.3667,0.7114013267143768,0.9848056495945285,1.1467,30
log_linear,baseline,trajectory,staircase,0.001,5000,1.0,0.0,0.4667,0.7004358100051282,0.9993930449679124,1.1867,30
geom_avg_diff,baseline,limit,staircase,0.001,5000,0.3333,0.6667,0.1,0.7031595565356814,0.9969764851482574,-0.96,30
richardson_1,richardson,trajectory,staircase,0.001,5000,1.0,0.0,0.4667,0.7002033619452178,0.9999032229339525,1.1867,30
richardson_2,richardson,trajectory,staircase,0.001,5000,0.7333,0.2667,0.4333,0.6996822211087964,1.0006094107634147,0.3733,30
richardson_3,richardson,trajectory,staircase,0.001,5000,0.9,0.1,0.5333,0.688438663488463,1.0157531148488188,0.9133,30
richardson_a05,richardson,trajectory,staircase,0.001,5000,1.0,0.0,0.5333,0.7002011269748766,1.0002741021363946,1.2133,30
richardson_a10,richardson,trajectory,staircase,0.001,5000,1.0,0.0,0.5667,0.7000924443629637,1.000198213231267,1.2267,30
richardson_a20,richardson,trajectory,staircase,0.001,5000,1.0,0.0,0.5333,0.7000393495946531,1.0003117894492712,1.2133,30
single_exp_fit,parametric,trajectory,staircase,0.001,5000,1.0,0.0,0.6667,0.6999638871552059,1.0006163777158397,1.2667,30
double_exp_fit,parametric,trajectory,staircase,0.001,5000,0.9667,0.0333,0.6667,0.6999641657624568,1.0006448822787506,1.1667,30
rational_fit,parametric,trajectory,staircase,0.001,5000,1.0,0.0,0.7,0.6999567021044202,1.0010470878446618,1.28,30
log_fit,parametric,trajectory,staircase,0.001,5000,1.0,0.0,0.7,0.6999519491481585,1.0006620320007409,1.28,30
shanks_1,shanks,limit,staircase,0.001,5000,1.0,0.0,0.5667,0.6999167325826973,1.0002913767303054,1.2267,30
shanks_2,shanks,limit,staircase,0.001,5000,1.0,0.0,0.4667,0.7003274403970342,0.9997880816127993,1.1867,30
shanks_3,shanks,limit,staircase,0.001,5000,1.0,0.0,0.5333,0.7002225543760096,1.000634516190603,1.2133,30
shanks_4,shanks,limit,staircase,0.001,5000,1.0,0.0,0.5667,0.7002557715063982,1.000619949932211,1.2267,30
wynn_eps_1,wynn_eps,limit,staircase,0.001,5000,1.0,0.0,0.5667,0.6999167325827025,1.0002913767303048,1.2267,30
wynn_eps_2,wynn_eps,limit,staircase,0.001,5000,1.0,0.0,0.5,0.7001316866958389,1.0000675107911476,1.2,30
wynn_eps_3,wynn_eps,limit,staircase,0.001,5000,1.0,0.0,0.5333,0.7001553904681689,1.000234432354981,1.2133,30
wynn_rho_1,wynn_rho,limit,staircase,0.001,5000,1.0,0.0,0.6333,0.7000285175181293,1.0002801979551892,1.2533,30
wynn_rho_2,wynn_rho,limit,staircase,0.001,5000,1.0,0.0,0.6333,0.7001381701864823,1.0005121766099758,1.2533,30
wynn_rho_3,wynn_rho,limit,staircase,0.001,5000,1.0,0.0,0.5333,0.7001028828542732,1.0000785874097056,1.2133,30
pade_11,pade,trajectory,staircase,0.001,5000,1.0,0.0,0.5667,0.7000530686577358,1.0002303545777114,1.2267,30
pade_12,pade,trajectory,staircase,0.001,5000,1.0,0.0,0.4333,0.7150006470042451,0.9794264520051339,1.1733,30
pade_13,pade,trajectory,staircase,0.001,5000,0.9667,0.0333,0.9333,0.05226882751485013,13.394676865576534,1.2733,30
pade_21,pade,trajectory,staircase,0.001,5000,1.0,0.0,0.4333,0.7142048456745291,0.9805169238656184,1.1733,30
pade_22,pade,trajectory,staircase,0.001,5000,1.0,0.0,0.5333,0.7000731119101599,1.0001805359832896,1.2133,30
pade_23,pade,trajectory,staircase,0.001,5000,1.0,0.0,0.4333,0.7224683161177199,0.9686351261130818,1.1733,30
pade_31,pade,trajectory,staircase,0.001,5000,0.5333,0.8333,0.1,9.396231659445464,0.07515334736300489,-1.0933,30
pade_32,pade,trajectory,staircase,0.001,5000,1.0,0.0,0.4333,0.7212320582197944,0.9702926004025498,1.1733,30
levin_t1,levin,limit,staircase,0.001,5000,1.0,0.0,0.5667,0.6999167325827025,1.0002913767303045,1.2267,30
levin_t2,levin,limit,staircase,0.001,5000,1.0,0.0,0.5333,0.7000937514712723,1.000140381197566,1.2133,30
levin_u1,levin,limit,staircase,0.001,5000,1.0,0.0,0.5667,0.6999207780767889,1.0002838653180866,1.2267,30
levin_u2,levin,limit,staircase,0.001,5000,1.0,0.0,0.5333,0.700095657506973,1.00013524531705,1.2133,30
levin_v1,levin,limit,staircase,0.001,5000,1.0,0.0,0.5667,0.7001059235462946,1.0005361585689123,1.2267,30
levin_v2,levin,limit,staircase,0.001,5000,1.0,0.0,0.4667,0.7003047200249266,0.9999461351741624,1.1867,30
weniger_d1,weniger,limit,staircase,0.001,5000,1.0,0.0,1.0,0.01,70.00648627720314,1.4,30
weniger_d2,weniger,limit,staircase,0.001,5000,1.0,0.0,1.0,0.01,70.00648627707892,1.4,30
brezinski_theta1,brezinski,limit,staircase,0.001,5000,1.0,0.0,0.5667,0.7000477578360098,1.0013797304757122,1.2267,30
brezinski_theta2,brezinski,limit,staircase,0.001,5000,1.0,0.0,0.4,0.7011812827227396,0.9986181762509718,1.16,30
neville_2,neville,trajectory,staircase,0.001,5000,0.6,0.9,0.0333,9.023906559360398,0.07775757770419521,-1.1867,30
neville_3,neville,trajectory,staircase,0.001,5000,0.2667,1.0,0.0,234.24160273310184,0.002994084782612639,-1.7333,30
neville_4,neville,trajectory,staircase,0.001,5000,0.0,1.0,0.0,,,-2.0,30
anderson_1,anderson,limit,staircase,0.001,5000,1.0,0.0,0.5667,0.6999249183752309,1.0002912106413437,1.2267,30
anderson_2,anderson,limit,staircase,0.001,5000,1.0,0.0,0.5667,0.6999397371612422,1.0001274751489617,1.2267,30
anderson_3,anderson,limit,staircase,0.001,5000,1.0,0.0,0.5333,0.699783912928102,1.0001775414371559,1.2133,30
median_ensemble,ensemble,trajectory,staircase,0.001,5000,1.0,0.0,0.7333,0.7000432311042757,1.0004907590235455,1.2933,30
stability_weighted,ensemble,trajectory,staircase,0.001,5000,1.0,0.0,0.6333,0.7000400821821651,1.0003503236409261,1.2533,30
best_shanks_wynn,ensemble,limit,staircase,0.001,5000,1.0,0.0,0.5667,0.6999167325826973,1.0002913767303054,1.2267,30
current_value,baseline,limit,staircase,0.005,150,1.0,0.0,0.0,0.6984279721698126,1.0,1.0,30
linear,baseline,trajectory,staircase,0.005,150,1.0,0.0,0.4,0.6988585131991698,0.9982263122698645,1.16,30
log_linear,baseline,trajectory,staircase,0.005,150,1.0,0.0,0.3333,0.6994198167122281,0.9984935756110194,1.1333,30
geom_avg_diff,baseline,limit,staircase,0.005,150,0.5667,0.4333,0.2333,0.7012092046338936,0.9960318970442948,-0.2067,30
richardson_1,richardson,trajectory,staircase,0.005,150,1.0,0.0,0.3667,0.6996619630416867,0.9982594198004493,1.1467,30
richardson_2,richardson,trajectory,staircase,0.005,150,1.0,0.0,0.4667,0.6985822590433513,0.9994993286882006,1.1867,30
richardson_3,richardson,trajectory,staircase,0.005,150,1.0,0.0,0.4667,0.69935082799779,0.9994227509262736,1.1867,30
richardson_a05,richardson,trajectory,staircase,0.005,150,1.0,0.0,0.3,0.699568338834336,0.9983640720026914,1.12,30
richardson_a10,richardson,trajectory,staircase,0.005,150,1.0,0.0,0.3,0.6996180894707545,0.9985071664944876,1.12,30
richardson_a20,richardson,trajectory,staircase,0.005,150,1.0,0.0,0.3667,0.6996844109684472,0.9983504306209594,1.1467,30
single_exp_fit,parametric,trajectory,staircase,0.005,150,1.0,0.0,0.5,0.6993325769672412,1.0001362788080668,1.2,30
double_exp_fit,parametric,trajectory,staircase,0.005,150,0.9333,0.0667,0.4667,0.699386303942095,0.9996284731347644,0.9867,30
rational_fit,parametric,trajectory,staircase,0.005,150,1.0,0.0,0.5,0.6991315790809784,1.0001369203164434,1.2,30
log_fit,parametric,trajectory,staircase,0.005,150,1.0,0.0,0.4,0.6992395249745058,0.9985649438821067,1.16,30
shanks_1,shanks,limit,staircase,0.005,150,1.0,0.0,0.5667,0.6984319763833277,1.0002187895300505,1.2267,30
shanks_2,shanks,limit,staircase,0.005,150,1.0,0.0,0.3,0.7002846144159371,0.9982515973583801,1.12,30
shanks_3,shanks,limit,staircase,0.005,150,1.0,0.0,0.5333,0.6986360943919063,1.0004948176608037,1.2133,30
shanks_4,shanks,limit,staircase,0.005,150,1.0,0.0,0.5333,0.6986522792058152,1.000750560366141,1.2133,30
wynn_eps_1,wynn_eps,limit,staircase,0.005,150,1.0,0.0,0.5667,0.6984319763833324,1.000218789530056,1.2267,30
wynn_eps_2,wynn_eps,limit,staircase,0.005,150,1.0,0.0,0.3667,0.6999291975162113,0.9984265462772244,1.1467,30
wynn_eps_3,wynn_eps,limit,staircase,0.005,150,1.0,0.0,0.4,0.6994954532995242,0.998975647078962,1.16,30
wynn_rho_1,wynn_rho,limit,staircase,0.005,150,1.0,0.0,0.3,0.6988784777428029,0.9993930388575973,1.12,30
wynn_rho_2,wynn_rho,limit,staircase,0.005,150,1.0,0.0,0.4,0.7000888463878203,0.9991170036052399,1.16,30
wynn_rho_3,wynn_rho,limit,staircase,0.005,150,1.0,0.0,0.4,0.6998278398761417,0.9987425928271989,1.16,30
pade_11,pade,trajectory,staircase,0.005,150,1.0,0.0,0.4333,0.6994567721096387,0.998186252733315,1.1733,30
pade_12,pade,trajectory,staircase,0.005,150,1.0,0.0,0.4,0.6979077305613581,0.999223841692851,1.16,30
pade_13,pade,trajectory,staircase,0.005,150,1.0,0.0,0.5667,0.69766980869943,1.002644341937647,1.2267,30
pade_21,pade,trajectory,staircase,0.005,150,1.0,0.0,0.4333,0.6976406137329023,0.9995617815136857,1.1733,30
pade_22,pade,trajectory,staircase,0.005,150,1.0,0.0,0.3333,0.6996846747790494,0.9986115708702197,1.1333,30
pade_23,pade,trajectory,staircase,0.005,150,1.0,0.0,0.4,0.6987051796085486,0.9991957658643564,1.16,30
pade_31,pade,trajectory,staircase,0.005,150,1.0,0.0,0.5333,0.6985083456361555,1.000878889622753,1.2133,30
pade_32,pade,trajectory,staircase,0.005,150,1.0,0.0,0.4,0.6984746635514871,0.9994111604054461,1.16,30
levin_t1,levin,limit,staircase,0.005,150,1.0,0.0,0.5667,0.6984319763833324,1.0002187895300563,1.2267,30
levin_t2,levin,limit,staircase,0.005,150,1.0,0.0,0.3333,0.6995957242734467,0.9991240514481541,1.1333,30
levin_u1,levin,limit,staircase,0.005,150,1.0,0.0,0.5333,0.6984374831675955,1.0002245279656226,1.2133,30
levin_u2,levin,limit,staircase,0.005,150,1.0,0.0,0.3667,0.699419060270488,0.9991240441360333,1.1467,30
levin_v1,levin,limit,staircase,0.005,150,1.0,0.0,0.4,0.6996604468213901,0.9969985433510526,1.16,30
levin_v2,levin,limit,staircase,0.005,150,1.0,0.0,0.4667,0.6999581853779948,0.9988906219404776,1.1867,30
weniger_d1,weniger,limit,staircase,0.005,150,1.0,0.0,1.0,0.01,69.84279721698127,1.4,30
weniger_d2,weniger,limit,staircase,0.005,150,1.0,0.0,1.0,0.01,69.84279721698127,1.4,30
brezinski_theta1,brezinski,limit,staircase,0.005,150,1.0,0.0,0.5667,0.695316891038743,1.0061693594982986,1.2267,30
brezinski_theta2,brezinski,limit,staircase,0.005,150,1.0,0.0,0.4,0.703929595370316,0.9913237137018468,1.16,30
neville_2,neville,trajectory,staircase,0.005,150,0.6333,0.8333,0.0667,5.8520319498112805,0.11966509255748857,-1.0067,30
neville_3,neville,trajectory,staircase,0.005,150,0.6,1.0,0.0,118.50166517856482,0.005891946020682527,-1.4,30
neville_4,neville,trajectory,staircase,0.005,150,0.1,1.0,0.0,212.2166144896045,0.0033198530828527713,-1.9,30
anderson_1,anderson,limit,staircase,0.005,150,1.0,0.0,0.5667,0.6984320299440191,1.0002183919784209,1.2267,30
anderson_2,anderson,limit,staircase,0.005,150,1.0,0.0,0.5667,0.6979829285324932,1.0000578604455692,1.2267,30
anderson_3,anderson,limit,staircase,0.005,150,1.0,0.0,0.5667,0.698353900549483,1.000053018154482,1.2267,30
median_ensemble,ensemble,trajectory,staircase,0.005,150,1.0,0.0,0.4333,0.6989669479612541,0.9988325400639709,1.1733,30
stability_weighted,ensemble,trajectory,staircase,0.005,150,1.0,0.0,0.4333,0.6988958724470171,0.9990209352920367,1.1733,30
best_shanks_wynn,ensemble,limit,staircase,0.005,150,1.0,0.0,0.5667,0.6984319763833277,1.0002187895300505,1.2267,30
current_value,baseline,limit,staircase,0.005,1000,1.0,0.0,0.0,0.6984279721698126,1.0,1.0,30
linear,baseline,trajectory,staircase,0.005,1000,1.0,0.0,0.6,0.6906943024412135,1.0109770343492657,1.24,30
log_linear,baseline,trajectory,staircase,0.005,1000,1.0,0.0,0.4333,0.6982177365363467,0.999851152079897,1.1733,30
geom_avg_diff,baseline,limit,staircase,0.005,1000,0.5667,0.4333,0.2333,0.701209204658284,0.996028545818793,-0.2067,30
richardson_1,richardson,trajectory,staircase,0.005,1000,1.0,0.0,0.4667,0.6995234727171502,0.9991865557336841,1.1867,30
richardson_2,richardson,trajectory,staircase,0.005,1000,1.0,0.0,0.5,0.6975382648100414,1.003690571892926,1.2,30
richardson_3,richardson,trajectory,staircase,0.005,1000,1.0,0.0,0.4667,0.6991961190168103,0.9992672892694734,1.1867,30
richardson_a05,richardson,trajectory,staircase,0.005,1000,1.0,0.0,0.3333,0.6991413367980057,0.9981471125265515,1.1333,30
richardson_a10,richardson,trajectory,staircase,0.005,1000,1.0,0.0,0.3,0.6994552161849505,0.9982394233095216,1.12,30
richardson_a20,richardson,trajectory,staircase,0.005,1000,1.0,0.0,0.3667,0.6996581671776179,0.9984259535499356,1.1467,30
single_exp_fit,parametric,trajectory,staircase,0.005,1000,1.0,0.0,0.6667,0.6992412669531959,1.0032607995986842,1.2667,30
double_exp_fit,parametric,trajectory,staircase,0.005,1000,0.9333,0.0667,0.6,0.6993325645420962,1.002575419178541,1.04,30
rational_fit,parametric,trajectory,staircase,0.005,1000,1.0,0.0,0.6333,0.6987996044030108,1.0031723696610508,1.2533,30
log_fit,parametric,trajectory,staircase,0.005,1000,1.0,0.0,0.4667,0.6989518315956313,0.9993823308196292,1.1867,30
shanks_1,shanks,limit,staircase,0.005,1000,1.0,0.0,0.5667,0.6984319763833277,1.0002187895300505,1.2267,30
shanks_2,shanks,limit,staircase,0.005,1000,1.0,0.0,0.3,0.7002846144159371,0.9982515973583801,1.12,30
shanks_3,shanks,limit,staircase,0.005,1000,1.0,0.0,0.5333,0.6986360943919063,1.0004948176608037,1.2133,30
shanks_4,shanks,limit,staircase,0.005,1000,1.0,0.0,0.5333,0.6986522792058152,1.000750560366141,1.2133,30
wynn_eps_1,wynn_eps,limit,staircase,0.005,1000,1.0,0.0,0.5667,0.6984319763833324,1.000218789530056,1.2267,30
wynn_eps_2,wynn_eps,limit,staircase,0.005,1000,1.0,0.0,0.3667,0.6999291975162113,0.9984265462772244,1.1467,30
wynn_eps_3,wynn_eps,limit,staircase,0.005,1000,1.0,0.0,0.4,0.6994954532995242,0.998975647078962,1.16,30
wynn_rho_1,wynn_rho,limit,staircase,0.005,1000,1.0,0.0,0.3,0.6988784777428029,0.9993930388575973,1.12,30
wynn_rho_2,wynn_rho,limit,staircase,0.005,1000,1.0,0.0,0.4,0.7000888463878203,0.9991170036052399,1.16,30
wynn_rho_3,wynn_rho,limit,staircase,0.005,1000,1.0,0.0,0.4,0.6998278398761417,0.9987425928271989,1.16,30
pade_11,pade,trajectory,staircase,0.005,1000,1.0,0.0,0.4333,0.6995281111031322,0.9983285982889392,1.1733,30
pade_12,pade,trajectory,staircase,0.005,1000,1.0,0.0,0.6,0.6829292168879232,1.0197455636335246,1.24,30
pade_13,pade,trajectory,staircase,0.005,1000,0.9,0.1333,0.7333,0.18535005713608996,3.7601231663066073,0.9267,30
pade_21,pade,trajectory,staircase,0.005,1000,1.0,0.0,0.6333,0.680416973266077,1.0235121298748222,1.2533,30
pade_22,pade,trajectory,staircase,0.005,1000,1.0,0.0,0.3333,0.699699068479237,0.9985829407208544,1.1333,30
pade_23,pade,trajectory,staircase,0.005,1000,1.0,0.0,0.5667,0.6932764619698338,1.009968949709149,1.2267,30
pade_31,pade,trajectory,staircase,0.005,1000,0.6333,0.5,0.1667,1.4586469172446945,0.4763449099804858,-0.3,30
pade_32,pade,trajectory,staircase,0.005,1000,1.0,0.0,0.6,0.6910669062597253,1.0133510874383735,1.24,30
levin_t1,levin,limit,staircase,0.005,1000,1.0,0.0,0.5667,0.6984319763833324,1.0002187895300563,1.2267,30
levin_t2,levin,limit,staircase,0.005,1000,1.0,0.0,0.3333,0.6995957242734467,0.9991240514481541,1.1333,30
levin_u1,levin,limit,staircase,0.005,1000,1.0,0.0,0.5333,0.6984374831675955,1.0002245279656226,1.2133,30
levin_u2,levin,limit,staircase,0.005,1000,1.0,0.0,0.3667,0.699419060270488,0.9991240441360333,1.1467,30
levin_v1,levin,limit,staircase,0.005,1000,1.0,0.0,0.4,0.6996604468213901,0.9969985433510526,1.16,30
levin_v2,levin,limit,staircase,0.005,1000,1.0,0.0,0.4667,0.6999581853779948,0.9988906219404776,1.1867,30
weniger_d1,weniger,limit,staircase,0.005,1000,1.0,0.0,1.0,0.01,69.84279721698127,1.4,30
weniger_d2,weniger,limit,staircase,0.005,1000,1.0,0.0,1.0,0.01,69.84279721698127,1.4,30
brezinski_theta1,brezinski,limit,staircase,0.005,1000,1.0,0.0,0.5667,0.695316891038743,1.0061693594982986,1.2267,30
brezinski_theta2,brezinski,limit,staircase,0.005,1000,1.0,0.0,0.4,0.703929595370316,0.9913237137018468,1.16,30
neville_2,neville,trajectory,staircase,0.005,1000,0.5667,1.0,0.0,28.948588947663183,0.02409115865603922,-1.4333,30
neville_3,neville,trajectory,staircase,0.005,1000,0.1,1.0,0.0,171.39777522317385,0.004110484986917355,-1.9,30
neville_4,neville,trajectory,staircase,0.005,1000,0.0,1.0,0.0,,,-2.0,30
anderson_1,anderson,limit,staircase,0.005,1000,1.0,0.0,0.5667,0.6984320299440191,1.0002183919784209,1.2267,30
anderson_2,anderson,limit,staircase,0.005,1000,1.0,0.0,0.5667,0.6979829285324932,1.0000578604455692,1.2267,30
anderson_3,anderson,limit,staircase,0.005,1000,1.0,0.0,0.5667,0.698353900549483,1.000053018154482,1.2267,30
median_ensemble,ensemble,trajectory,staircase,0.005,1000,1.0,0.0,0.4667,0.6985542022601684,0.9997968608007619,1.1867,30
stability_weighted,ensemble,trajectory,staircase,0.005,1000,1.0,0.0,0.4667,0.6982611028081824,0.9993793756488667,1.1867,30
best_shanks_wynn,ensemble,limit,staircase,0.005,1000,1.0,0.0,0.5667,0.6984319763833277,1.0002187895300505,1.2267,30
current_value,baseline,limit,staircase,0.005,5000,1.0,0.0,0.0,0.6984279721698126,1.0,1.0,30
linear,baseline,trajectory,staircase,0.005,5000,1.0,0.0,0.6,0.6538554423593544,1.0679362354231134,1.24,30
log_linear,baseline,trajectory,staircase,0.005,5000,1.0,0.0,0.6,0.6973530078557975,1.000808384908808,1.24,30
geom_avg_diff,baseline,limit,staircase,0.005,5000,0.5667,0.4333,0.2333,0.701209204658284,0.996028545818793,-0.2067,30
richardson_1,richardson,trajectory,staircase,0.005,5000,1.0,0.0,0.5,0.6994941244226325,0.9996924631900657,1.2,30
richardson_2,richardson,trajectory,staircase,0.005,5000,1.0,0.0,0.5333,0.6974384472602686,1.0046322971086306,1.2133,30
richardson_3,richardson,trajectory,staircase,0.005,5000,1.0,0.0,0.4667,0.6991724305861191,0.9993588506191178,1.1867,30
richardson_a05,richardson,trajectory,staircase,0.005,5000,1.0,0.0,0.3667,0.6990762719018395,0.998282480726984,1.1467,30
richardson_a10,richardson,trajectory,staircase,0.005,5000,1.0,0.0,0.3,0.6994279827856595,0.998204645788739,1.12,30
richardson_a20,richardson,trajectory,staircase,0.005,5000,1.0,0.0,0.3667,0.6996579771938891,0.9984276225239114,1.1467,30
single_exp_fit,parametric,trajectory,staircase,0.005,5000,1.0,0.0,0.6667,0.6992412669531959,1.0047107936690676,1.2667,30
double_exp_fit,parametric,trajectory,staircase,0.005,5000,0.9333,0.0667,0.6,0.6993325330158628,1.0032608965703302,1.04,30
rational_fit,parametric,trajectory,staircase,0.005,5000,1.0,0.0,0.6333,0.6987603456204987,1.0046584716311777,1.2533,30
log_fit,parametric,trajectory,staircase,0.005,5000,1.0,0.0,0.4667,0.6987599155427182,0.99985601085221,1.1867,30
shanks_1,shanks,limit,staircase,0.005,5000,1.0,0.0,0.5667,0.6984319763833277,1.0002187895300505,1.2267,30
shanks_2,shanks,limit,staircase,0.005,5000,1.0,0.0,0.3,0.7002846144159371,0.9982515973583801,1.12,30
shanks_3,shanks,limit,staircase,0.005,5000,1.0,0.0,0.5333,0.6986360943919063,1.0004948176608037,1.2133,30
shanks_4,shanks,limit,staircase,0.005,5000,1.0,0.0,0.5333,0.6986522792058152,1.000750560366141,1.2133,30
wynn_eps_1,wynn_eps,limit,staircase,0.005,5000,1.0,0.0,0.5667,0.6984319763833324,1.000218789530056,1.2267,30
wynn_eps_2,wynn_eps,limit,staircase,0.005,5000,1.0,0.0,0.3667,0.6999291975162113,0.9984265462772244,1.1467,30
wynn_eps_3,wynn_eps,limit,staircase,0.005,5000,1.0,0.0,0.4,0.6994954532995242,0.998975647078962,1.16,30
wynn_rho_1,wynn_rho,limit,staircase,0.005,5000,1.0,0.0,0.3,0.6988784777428029,0.9993930388575973,1.12,30
wynn_rho_2,wynn_rho,limit,staircase,0.005,5000,1.0,0.0,0.4,0.7000888463878203,0.9991170036052399,1.16,30
wynn_rho_3,wynn_rho,limit,staircase,0.005,5000,1.0,0.0,0.4,0.6998278398761417,0.9987425928271989,1.16,30
pade_11,pade,trajectory,staircase,0.005,5000,1.0,0.0,0.4333,0.6995336345747512,0.9983293236087888,1.1733,30
pade_12,pade,trajectory,staircase,0.005,5000,1.0,0.0,0.6333,0.6197033466555225,1.123998007670171,1.2533,30
pade_13,pade,trajectory,staircase,0.005,5000,1.0,0.0333,0.9667,0.014164162964042062,49.49999226891468,1.32,30
pade_21,pade,trajectory,staircase,0.005,5000,1.0,0.0,0.6667,0.5983782497515016,1.1642659099527333,1.2667,30
pade_22,pade,trajectory,staircase,0.005,5000,1.0,0.0,0.3333,0.6996957656872034,0.9985815612514216,1.1333,30
pade_23,pade,trajectory,staircase,0.005,5000,0.9667,0.0333,0.6,0.6592588936625742,1.057741993491697,1.14,30
pade_31,pade,trajectory,staircase,0.005,5000,0.5,0.9333,0.0333,35.044044460408,0.020214708058443626,-1.3533,30
pade_32,pade,trajectory,staircase,0.005,5000,1.0,0.0,0.6,0.6586338888152241,1.061524964831499,1.24,30
levin_t1,levin,limit,staircase,0.005,5000,1.0,0.0,0.5667,0.6984319763833324,1.0002187895300563,1.2267,30
levin_t2,levin,limit,staircase,0.005,5000,1.0,0.0,0.3333,0.6995957242734467,0.9991240514481541,1.1333,30
levin_u1,levin,limit,staircase,0.005,5000,1.0,0.0,0.5333,0.6984374831675955,1.0002245279656226,1.2133,30
levin_u2,levin,limit,staircase,0.005,5000,1.0,0.0,0.3667,0.699419060270488,0.9991240441360333,1.1467,30
levin_v1,levin,limit,staircase,0.005,5000,1.0,0.0,0.4,0.6996604468213901,0.9969985433510526,1.16,30
levin_v2,levin,limit,staircase,0.005,5000,1.0,0.0,0.4667,0.6999581853779948,0.9988906219404776,1.1867,30
weniger_d1,weniger,limit,staircase,0.005,5000,1.0,0.0,1.0,0.01,69.84279721698127,1.4,30
weniger_d2,weniger,limit,staircase,0.005,5000,1.0,0.0,1.0,0.01,69.84279721698127,1.4,30
brezinski_theta1,brezinski,limit,staircase,0.005,5000,1.0,0.0,0.5667,0.695316891038743,1.0061693594982986,1.2267,30
brezinski_theta2,brezinski,limit,staircase,0.005,5000,1.0,0.0,0.4,0.703929595370316,0.9913237137018468,1.16,30
neville_2,neville,trajectory,staircase,0.005,5000,0.5667,1.0,0.0,33.55113107738539,0.02078633497028933,-1.4333,30
neville_3,neville,trajectory,staircase,0.005,5000,0.0667,1.0,0.0,160.47615595788858,0.004894662588388191,-1.9333,30
neville_4,neville,trajectory,staircase,0.005,5000,0.0,1.0,0.0,,,-2.0,30
anderson_1,anderson,limit,staircase,0.005,5000,1.0,0.0,0.5667,0.6984320299440191,1.0002183919784209,1.2267,30
anderson_2,anderson,limit,staircase,0.005,5000,1.0,0.0,0.5667,0.6979829285324932,1.0000578604455692,1.2267,30
anderson_3,anderson,limit,staircase,0.005,5000,1.0,0.0,0.5667,0.698353900549483,1.000053018154482,1.2267,30
median_ensemble,ensemble,trajectory,staircase,0.005,5000,1.0,0.0,0.4667,0.6984331252261415,0.9997388447271196,1.1867,30
stability_weighted,ensemble,trajectory,staircase,0.005,5000,1.0,0.0,0.5,0.6984451108000085,0.9996133120003503,1.2,30
best_shanks_wynn,ensemble,limit,staircase,0.005,5000,1.0,0.0,0.5667,0.6984319763833277,1.0002187895300505,1.2267,30
current_value,baseline,limit,noisy_plateau,0.0,150,1.0,0.0,0.0,0.002581360747664454,1.0,1.0,30
linear,baseline,trajectory,noisy_plateau,0.0,150,1.0,0.1333,0.3,0.0036517475341598963,0.6824679178741881,0.8533,30
log_linear,baseline,trajectory,noisy_plateau,0.0,150,0.0,1.0,0.0,,,-2.0,30
geom_avg_diff,baseline,limit,noisy_plateau,0.0,150,0.4667,0.9,0.0333,0.016850607874669365,0.077174037179823,-1.32,30
richardson_1,richardson,trajectory,noisy_plateau,0.0,150,1.0,0.0333,0.8667,0.0005632868227718251,3.2967339106249254,1.28,30
richardson_2,richardson,trajectory,noisy_plateau,0.0,150,0.9667,0.1667,0.6667,0.0018127828318338264,1.2124811612256892,0.9,30
richardson_3,richardson,trajectory,noisy_plateau,0.0,150,0.9667,0.2333,0.4667,0.0026846663535342336,0.9904990539922011,0.6867,30
richardson_a05,richardson,trajectory,noisy_plateau,0.0,150,1.0,0.0667,0.7667,0.0010618360502211953,1.8777647765384513,1.1733,30
richardson_a10,richardson,trajectory,noisy_plateau,0.0,150,1.0,0.0667,0.8333,0.0006591315219906515,2.781688057743442,1.2,30
richardson_a20,richardson,trajectory,noisy_plateau,0.0,150,1.0,0.0333,0.8333,0.0004147250098094383,5.158570577463804,1.2667,30
single_exp_fit,parametric,trajectory,noisy_plateau,0.0,150,1.0,0.0333,0.7333,0.0007916709674590724,3.540128934046564,1.2267,30
double_exp_fit,parametric,trajectory,noisy_plateau,0.0,150,1.0,0.0333,0.7333,0.0007919003461095177,3.5379576901307503,1.2267,30
rational_fit,parametric,trajectory,noisy_plateau,0.0,150,1.0,0.0667,0.8,0.0007773170597994037,2.375383713384723,1.1867,30
log_fit,parametric,trajectory,noisy_plateau,0.0,150,1.0,0.0667,0.8667,0.0007090187557488789,3.3652723522928163,1.2133,30
shanks_1,shanks,limit,noisy_plateau,0.0,150,1.0,0.1,0.5,0.0016395816567140757,1.1002094122364816,1.0,30
shanks_2,shanks,limit,noisy_plateau,0.0,150,1.0,0.1,0.4667,0.001672222527241008,0.9123713246073979,0.9867,30
shanks_3,shanks,limit,noisy_plateau,0.0,150,1.0,0.1,0.4667,0.0015699310328205563,0.8902699101735452,0.9867,30
shanks_4,shanks,limit,noisy_plateau,0.0,150,1.0,0.1,0.5,0.001616188438705186,1.0015503712661922,1.0,30
wynn_eps_1,wynn_eps,limit,noisy_plateau,0.0,150,1.0,0.1,0.5,0.001639581656714074,1.1002094122364816,1.0,30
wynn_eps_2,wynn_eps,limit,noisy_plateau,0.0,150,1.0,0.1,0.6333,0.0011940309873040098,1.2269302281608652,1.0533,30
wynn_eps_3,wynn_eps,limit,noisy_plateau,0.0,150,1.0,0.0667,0.6,0.0010008543417157172,1.9777412144433606,1.1067,30
wynn_rho_1,wynn_rho,limit,noisy_plateau,0.0,150,0.9667,0.1,0.5667,0.0014390493760646304,1.1695407207304644,0.9933,30
wynn_rho_2,wynn_rho,limit,noisy_plateau,0.0,150,1.0,0.1333,0.5333,0.0016161622288455753,1.1436300251120857,0.9467,30
wynn_rho_3,wynn_rho,limit,noisy_plateau,0.0,150,1.0,0.1333,0.5333,0.001569719154750242,1.1566632198542208,0.9467,30
pade_11,pade,trajectory,noisy_plateau,0.0,150,1.0,0.1,0.6,0.0021878815100730958,1.139999295765186,1.04,30
pade_12,pade,trajectory,noisy_plateau,0.0,150,1.0,0.1,0.6,0.0015361422049056748,1.3106985632559804,1.04,30
pade_13,pade,trajectory,noisy_plateau,0.0,150,1.0,0.3,0.1667,0.005996091575913062,0.4323719633320595,0.4667,30
pade_21,pade,trajectory,noisy_plateau,0.0,150,1.0,0.2333,0.1667,0.005977319177872439,0.35363883125617235,0.6,30
pade_22,pade,trajectory,noisy_plateau,0.0,150,1.0,0.1,0.5,0.00259554246823452,0.8531278813978915,1.0,30
pade_23,pade,trajectory,noisy_plateau,0.0,150,1.0,0.1,0.6333,0.0019417619631510123,1.3331053193372475,1.0533,30
pade_31,pade,trajectory,noisy_plateau,0.0,150,1.0,0.7667,0.0333,0.017194920200058174,0.12791697992352402,-0.52,30
pade_32,pade,trajectory,noisy_plateau,0.0,150,1.0,0.2333,0.2333,0.005703889710083387,0.3117076696441733,0.6267,30
levin_t1,levin,limit,noisy_plateau,0.0,150,1.0,0.1,0.5,0.001639581656714073,1.1002094122364816,1.0,30
levin_t2,levin,limit,noisy_plateau,0.0,150,1.0,0.0667,0.5333,0.0018986750591307071,1.045238369657769,1.08,30
levin_u1,levin,limit,noisy_plateau,0.0,150,1.0,0.1,0.5,0.0016302687996310504,1.0980206836574218,1.0,30
levin_u2,levin,limit,noisy_plateau,0.0,150,1.0,0.0667,0.5,0.0019009023515188204,1.0396227054955436,1.0667,30
levin_v1,levin,limit,noisy_plateau,0.0,150,1.0,0.0,0.5,0.001331107075499524,1.0136095118574528,1.2,30
levin_v2,levin,limit,noisy_plateau,0.0,150,1.0,0.1333,0.6,0.0017448531532961485,1.171489844907041,0.9733,30
weniger_d1,weniger,limit,noisy_plateau,0.0,150,1.0,0.4,0.0,0.010011061687402957,0.25785084821848736,0.2,30
weniger_d2,weniger,limit,noisy_plateau,0.0,150,1.0,0.4,0.0,0.010011061687402957,0.2578508482184873,0.2,30
brezinski_theta1,brezinski,limit,noisy_plateau,0.0,150,1.0,0.2333,0.2333,0.003929966167141849,0.4004555043663876,0.6267,30
brezinski_theta2,brezinski,limit,noisy_plateau,0.0,150,1.0,0.4,0.1667,0.00951079991145945,0.25747825362906995,0.2667,30
neville_2,neville,trajectory,noisy_plateau,0.0,150,0.4667,1.0,0.0,3.6382099561720773,0.0005382697593483868,-1.5333,30
neville_3,neville,trajectory,noisy_plateau,0.0,150,0.4,1.0,0.0,80.68899125219119,3.893978047966867e-05,-1.6,30
neville_4,neville,trajectory,noisy_plateau,0.0,150,0.1,1.0,0.0,340.98663902146257,1.0329933806603805e-05,-1.9,30
anderson_1,anderson,limit,noisy_plateau,0.0,150,1.0,0.1,0.5,0.0016391041090705032,1.1001862294014,1.0,30
anderson_2,anderson,limit,noisy_plateau,0.0,150,1.0,0.0333,0.6333,0.0012397121573360969,1.5106510675304072,1.1867,30
anderson_3,anderson,limit,noisy_plateau,0.0,150,1.0,0.0333,0.6667,0.0014860825850706635,1.5477039645171762,1.2,30
median_ensemble,ensemble,trajectory,noisy_plateau,0.0,150,1.0,0.0333,0.7667,0.0008605565232025466,2.300794037857017,1.24,30
stability_weighted,ensemble,trajectory,noisy_plateau,0.0,150,1.0,0.1667,0.6333,0.0012645310812254987,1.6077994756786371,0.92,30
best_shanks_wynn,ensemble,limit,noisy_plateau,0.0,150,1.0,0.1,0.5,0.0016395816567140757,1.1002094122364816,1.0,30
current_value,baseline,limit,noisy_plateau,0.0,1000,1.0,0.0,0.0,0.002581360747664454,1.0,1.0,30
linear,baseline,trajectory,noisy_plateau,0.0,1000,1.0,0.9667,0.0,0.050530489131349644,0.05185788807172678,-0.9333,30
log_linear,baseline,trajectory,noisy_plateau,0.0,1000,0.0,1.0,0.0,,,-2.0,30
geom_avg_diff,baseline,limit,noisy_plateau,0.0,1000,0.4667,0.9,0.0333,0.016851096185043934,0.07803715440815545,-1.32,30
richardson_1,richardson,trajectory,noisy_plateau,0.0,1000,1.0,0.0333,0.6333,0.0006697669724075924,1.6606983859660485,1.1867,30
richardson_2,richardson,trajectory,noisy_plateau,0.0,1000,0.9667,0.2333,0.3667,0.0036917778793707718,0.48462851105186083,0.6467,30
richardson_3,richardson,trajectory,noisy_plateau,0.0,1000,0.9667,0.4333,0.2333,0.008568370477741763,0.33350753541234,0.1933,30
richardson_a05,richardson,trajectory,noisy_plateau,0.0,1000,1.0,0.1333,0.3,0.003447586793793418,0.698217140213718,0.8533,30
richardson_a10,richardson,trajectory,noisy_plateau,0.0,1000,1.0,0.0667,0.6667,0.00155342299056701,1.435934734107743,1.1333,30
richardson_a20,richardson,trajectory,noisy_plateau,0.0,1000,1.0,0.0667,0.8667,0.0004314147829573185,3.4670249201964234,1.2133,30
single_exp_fit,parametric,trajectory,noisy_plateau,0.0,1000,1.0,0.0667,0.7333,0.0008088088137459676,3.2411334333562762,1.16,30
double_exp_fit,parametric,trajectory,noisy_plateau,0.0,1000,1.0,0.0667,0.7333,0.0008088297688261014,3.2382544709285717,1.16,30
rational_fit,parametric,trajectory,noisy_plateau,0.0,1000,1.0,0.1,0.5333,0.001650623705776756,1.136246740549459,1.0133,30
log_fit,parametric,trajectory,noisy_plateau,0.0,1000,1.0,0.1,0.2667,0.0031783420544986506,0.8570785259670062,0.9067,30
shanks_1,shanks,limit,noisy_plateau,0.0,1000,1.0,0.1,0.5,0.0016395816567140757,1.0999223965363765,1.0,30
shanks_2,shanks,limit,noisy_plateau,0.0,1000,1.0,0.1,0.4667,0.001683284214643965,0.9311149445551603,0.9867,30
shanks_3,shanks,limit,noisy_plateau,0.0,1000,1.0,0.1,0.4667,0.0015809927202235135,0.8948426475672753,0.9867,30
shanks_4,shanks,limit,noisy_plateau,0.0,1000,1.0,0.1,0.5,0.001616188438705186,1.0034548033247126,1.0,30
wynn_eps_1,wynn_eps,limit,noisy_plateau,0.0,1000,1.0,0.1,0.5,0.001639581656714074,1.0999223965363765,1.0,30
wynn_eps_2,wynn_eps,limit,noisy_plateau,0.0,1000,1.0,0.1,0.6333,0.0011940309873040098,1.2354057665199614,1.0533,30
wynn_eps_3,wynn_eps,limit,noisy_plateau,0.0,1000,1.0,0.0667,0.6,0.0010119160291186743,1.9709232297591317,1.1067,30
wynn_rho_1,wynn_rho,limit,noisy_plateau,0.0,1000,0.9667,0.1,0.5667,0.0014501110634675875,1.1682474360283206,0.9933,30
wynn_rho_2,wynn_rho,limit,noisy_plateau,0.0,1000,1.0,0.1333,0.5333,0.0016161622288455753,1.1389053262320128,0.9467,30
wynn_rho_3,wynn_rho,limit,noisy_plateau,0.0,1000,1.0,0.1333,0.5333,0.001569719154750242,1.1579240569672993,0.9467,30
pade_11,pade,trajectory,noisy_plateau,0.0,1000,1.0,0.1,0.6,0.002243337133209595,1.0986604939288882,1.04,30
pade_12,pade,trajectory,noisy_plateau,0.0,1000,1.0,0.3667,0.1333,0.007167562552697144,0.30041392301742426,0.32,30
pade_13,pade,trajectory,noisy_plateau,0.0,1000,1.0,0.4,0.0,0.009940286135332025,0.2517034611608642,0.2,30
pade_21,pade,trajectory,noisy_plateau,0.0,1000,1.0,1.0,0.0,0.07622388175154973,0.027559396445028,-1.0,30
pade_22,pade,trajectory,noisy_plateau,0.0,1000,1.0,0.1,0.4667,0.0027305408165263032,0.8411808585523615,0.9867,30
pade_23,pade,trajectory,noisy_plateau,0.0,1000,1.0,0.4,0.0667,0.007432521828454201,0.2555109653132747,0.2267,30
pade_31,pade,trajectory,noisy_plateau,0.0,1000,0.8,1.0,0.0,2.5937387433632613,0.0008357266158833665,-1.2,30
pade_32,pade,trajectory,noisy_plateau,0.0,1000,1.0,0.9667,0.0333,0.07581477819524146,0.026099194398038875,-0.92,30
levin_t1,levin,limit,noisy_plateau,0.0,1000,1.0,0.1,0.5,0.001639581656714073,1.0999223965363765,1.0,30
levin_t2,levin,limit,noisy_plateau,0.0,1000,1.0,0.0667,0.5333,0.0018986750591307071,1.0376267249427498,1.08,30
levin_u1,levin,limit,noisy_plateau,0.0,1000,1.0,0.1,0.5,0.0016302687996310504,1.097741090915786,1.0,30
levin_u2,levin,limit,noisy_plateau,0.0,1000,1.0,0.0667,0.5,0.0019009023515188204,1.0320710751600428,1.0667,30
levin_v1,levin,limit,noisy_plateau,0.0,1000,1.0,0.0,0.5,0.001331107075499524,1.0046521463454998,1.2,30
levin_v2,levin,limit,noisy_plateau,0.0,1000,1.0,0.1333,0.6,0.0017559148406991057,1.1809641936022846,0.9733,30
weniger_d1,weniger,limit,noisy_plateau,0.0,1000,1.0,0.4,0.0,0.01,0.2581360747664454,0.2,30
weniger_d2,weniger,limit,noisy_plateau,0.0,1000,1.0,0.4,0.0,0.01,0.2581360747664453,0.2,30
brezinski_theta1,brezinski,limit,noisy_plateau,0.0,1000,1.0,0.2333,0.2333,0.003929966167141849,0.4018448860487603,0.6267,30
brezinski_theta2,brezinski,limit,noisy_plateau,0.0,1000,1.0,0.4,0.1667,0.009499738224056493,0.25868053636647925,0.2667,30
neville_2,neville,trajectory,noisy_plateau,0.0,1000,0.4333,1.0,0.0,23.49756850260331,0.0001274138677672546,-1.5667,30
neville_3,neville,trajectory,noisy_plateau,0.0,1000,0.1,1.0,0.0,45.271895147693755,1.5665499285598214e-05,-1.9,30
neville_4,neville,trajectory,noisy_plateau,0.0,1000,0.0,1.0,0.0,,,-2.0,30
anderson_1,anderson,limit,noisy_plateau,0.0,1000,1.0,0.1,0.5,0.0016391041090705032,1.0998992913177004,1.0,30
anderson_2,anderson,limit,noisy_plateau,0.0,1000,1.0,0.0333,0.6333,0.0012397121573360969,1.5139579985074638,1.1867,30
anderson_3,anderson,limit,noisy_plateau,0.0,1000,1.0,0.0333,0.6667,0.0014860825850706635,1.5479933728595228,1.2,30
median_ensemble,ensemble,trajectory,noisy_plateau,0.0,1000,1.0,0.0333,0.8333,0.0011845305565988222,1.5539518202253437,1.2667,30
stability_weighted,ensemble,trajectory,noisy_plateau,0.0,1000,1.0,0.2,0.6333,0.0014600748107456794,1.353269846059891,0.8533,30
best_shanks_wynn,ensemble,limit,noisy_plateau,0.0,1000,1.0,0.1,0.5,0.0016395816567140757,1.0999223965363765,1.0,30
current_value,baseline,limit,noisy_plateau,0.0,5000,1.0,0.0,0.0,0.002581360747664454,1.0,1.0,30
linear,baseline,trajectory,noisy_plateau,0.0,5000,0.9667,1.0,0.0,0.2651522477553281,0.009986759059792372,-1.0333,30
log_linear,baseline,trajectory,noisy_plateau,0.0,5000,0.0,1.0,0.0,,,-2.0,30
geom_avg_diff,baseline,limit,noisy_plateau,0.0,5000,0.4667,0.9,0.0333,0.016851096185043934,0.07803715440815545,-1.32,30
richardson_1,richardson,trajectory,noisy_plateau,0.0,5000,1.0,0.0667,0.6,0.0006699883504889936,1.6533167923715217,1.1067,30
richardson_2,richardson,trajectory,noisy_plateau,0.0,5000,0.9667,0.3,0.3333,0.0039931263053890435,0.4433235283798637,0.5,30
richardson_3,richardson,trajectory,noisy_plateau,0.0,5000,0.9667,0.4333,0.1667,0.009338810706896229,0.3067026850818673,0.1667,30
richardson_a05,richardson,trajectory,noisy_plateau,0.0,5000,1.0,0.1333,0.1667,0.004307438333376612,0.576812679843342,0.8,30
richardson_a10,richardson,trajectory,noisy_plateau,0.0,5000,1.0,0.1,0.6333,0.0016789500808150233,1.3438015820642941,1.0533,30
richardson_a20,richardson,trajectory,noisy_plateau,0.0,5000,1.0,0.0667,0.8667,0.0004361080648135002,3.470134859495327,1.2133,30
single_exp_fit,parametric,trajectory,noisy_plateau,0.0,5000,1.0,0.0667,0.7333,0.0008088088137459676,3.241133432034727,1.16,30
double_exp_fit,parametric,trajectory,noisy_plateau,0.0,5000,1.0,0.0667,0.7333,0.0008088297688261014,3.2382544696000797,1.16,30
rational_fit,parametric,trajectory,noisy_plateau,0.0,5000,1.0,0.1333,0.5,0.0018022442340301977,0.9873577641007629,0.9333,30
log_fit,parametric,trajectory,noisy_plateau,0.0,5000,1.0,0.1667,0.2,0.0044477875002673,0.6142021855790416,0.7467,30
shanks_1,shanks,limit,noisy_plateau,0.0,5000,1.0,0.1,0.5,0.0016395816567140757,1.0999223965363765,1.0,30
shanks_2,shanks,limit,noisy_plateau,0.0,5000,1.0,0.1,0.4667,0.001683284214643965,0.9311149445551603,0.9867,30
shanks_3,shanks,limit,noisy_plateau,0.0,5000,1.0,0.1,0.4667,0.0015809927202235135,0.8948426475672753,0.9867,30
shanks_4,shanks,limit,noisy_plateau,0.0,5000,1.0,0.1,0.5,0.001616188438705186,1.0034548033247126,1.0,30
wynn_eps_1,wynn_eps,limit,noisy_plateau,0.0,5000,1.0,0.1,0.5,0.001639581656714074,1.0999223965363765,1.0,30
wynn_eps_2,wynn_eps,limit,noisy_plateau,0.0,5000,1.0,0.1,0.6333,0.0011940309873040098,1.2354057665199614,1.0533,30
wynn_eps_3,wynn_eps,limit,noisy_plateau,0.0,5000,1.0,0.0667,0.6,0.0010119160291186743,1.9709232297591317,1.1067,30
wynn_rho_1,wynn_rho,limit,noisy_plateau,0.0,5000,0.9667,0.1,0.5667,0.0014501110634675875,1.1682474360283206,0.9933,30
wynn_rho_2,wynn_rho,limit,noisy_plateau,0.0,5000,1.0,0.1333,0.5333,0.0016161622288455753,1.1389053262320128,0.9467,30
wynn_rho_3,wynn_rho,limit,noisy_plateau,0.0,5000,1.0,0.1333,0.5333,0.001569719154750242,1.1579240569672993,0.9467,30
pade_11,pade,trajectory,noisy_plateau,0.0,5000,1.0,0.1,0.6,0.0022477590393499705,1.0950610122855258,1.04,30
pade_12,pade,trajectory,noisy_plateau,0.0,5000,1.0,0.4667,0.0,0.009403772688427285,0.22925044288937713,0.0667,30
pade_13,pade,trajectory,noisy_plateau,0.0,5000,1.0,0.4,0.0,0.009997805236164344,0.25791949562543376,0.2,30
pade_21,pade,trajectory,noisy_plateau,0.0,5000,0.7333,1.0,0.0,0.3629130612300186,0.0051833394194988275,-1.2667,30
pade_22,pade,trajectory,noisy_plateau,0.0,5000,1.0,0.1,0.4667,0.0027475860507540553,0.8401529790140785,0.9867,30
pade_23,pade,trajectory,noisy_plateau,0.0,5000,1.0,0.4667,0.0,0.009517095247435806,0.23408557635019428,0.0667,30
pade_31,pade,trajectory,noisy_plateau,0.0,5000,0.8,1.0,0.0,73.26595040809005,2.9933444042371957e-05,-1.2,30
pade_32,pade,trajectory,noisy_plateau,0.0,5000,0.7,0.9667,0.0,0.34324456255620595,0.00850140717811341,-1.2333,30
levin_t1,levin,limit,noisy_plateau,0.0,5000,1.0,0.1,0.5,0.001639581656714073,1.0999223965363765,1.0,30
levin_t2,levin,limit,noisy_plateau,0.0,5000,1.0,0.0667,0.5333,0.0018986750591307071,1.0376267249427498,1.08,30
levin_u1,levin,limit,noisy_plateau,0.0,5000,1.0,0.1,0.5,0.0016302687996310504,1.097741090915786,1.0,30
levin_u2,levin,limit,noisy_plateau,0.0,5000,1.0,0.0667,0.5,0.0019009023515188204,1.0320710751600428,1.0667,30
levin_v1,levin,limit,noisy_plateau,0.0,5000,1.0,0.0,0.5,0.001331107075499524,1.0046521463454998,1.2,30
levin_v2,levin,limit,noisy_plateau,0.0,5000,1.0,0.1333,0.6,0.0017559148406991057,1.1809641936022846,0.9733,30
weniger_d1,weniger,limit,noisy_plateau,0.0,5000,1.0,0.4,0.0,0.01,0.2581360747664454,0.2,30
weniger_d2,weniger,limit,noisy_plateau,0.0,5000,1.0,0.4,0.0,0.01,0.2581360747664453,0.2,30
brezinski_theta1,brezinski,limit,noisy_plateau,0.0,5000,1.0,0.2333,0.2333,0.003929966167141849,0.4018448860487603,0.6267,30
brezinski_theta2,brezinski,limit,noisy_plateau,0.0,5000,1.0,0.4,0.1667,0.009499738224056493,0.25868053636647925,0.2667,30
neville_2,neville,trajectory,noisy_plateau,0.0,5000,0.4333,1.0,0.0,27.321586884186562,0.00010971066782423961,-1.5667,30
neville_3,neville,trajectory,noisy_plateau,0.0,5000,0.1,1.0,0.0,55.59436083556634,1.275681256938133e-05,-1.9,30
neville_4,neville,trajectory,noisy_plateau,0.0,5000,0.0,1.0,0.0,,,-2.0,30
anderson_1,anderson,limit,noisy_plateau,0.0,5000,1.0,0.1,0.5,0.0016391041090705032,1.0998992913177004,1.0,30
anderson_2,anderson,limit,noisy_plateau,0.0,5000,1.0,0.0333,0.6333,0.0012397121573360969,1.5139579985074638,1.1867,30
anderson_3,anderson,limit,noisy_plateau,0.0,5000,1.0,0.0333,0.6667,0.0014860825850706635,1.5479933728595228,1.2,30
median_ensemble,ensemble,trajectory,noisy_plateau,0.0,5000,1.0,0.0333,0.7333,0.0011819002959657793,1.6791032188183272,1.2267,30
stability_weighted,ensemble,trajectory,noisy_plateau,0.0,5000,1.0,0.2,0.6,0.001857773466180445,1.34146087141831,0.84,30
best_shanks_wynn,ensemble,limit,noisy_plateau,0.0,5000,1.0,0.1,0.5,0.0016395816567140757,1.0999223965363765,1.0,30
current_value,baseline,limit,noisy_plateau,0.001,150,1.0,0.0,0.0,0.002394093615459033,1.0,1.0,30
linear,baseline,trajectory,noisy_plateau,0.001,150,1.0,0.1667,0.3667,0.003613570164442636,0.7693083598694548,0.8133,30
log_linear,baseline,trajectory,noisy_plateau,0.001,150,0.0,1.0,0.0,,,-2.0,30
geom_avg_diff,baseline,limit,noisy_plateau,0.001,150,0.3333,0.8,0.0333,0.015195725905801233,0.24493043096873154,-1.2533,30
richardson_1,richardson,trajectory,noisy_plateau,0.001,150,1.0,0.0333,0.7333,0.000543953680228422,3.9237563208187507,1.2267,30
richardson_2,richardson,trajectory,noisy_plateau,0.001,150,1.0,0.0667,0.5333,0.0016310183446364944,1.1506515269934683,1.08,30
richardson_3,richardson,trajectory,noisy_plateau,0.001,150,1.0,0.1667,0.3667,0.0026430792144584462,0.567744219940411,0.8133,30
richardson_a05,richardson,trajectory,noisy_plateau,0.001,150,1.0,0.1,0.6667,0.0010924319028365803,3.0789551495401,1.0667,30
richardson_a10,richardson,trajectory,noisy_plateau,0.001,150,1.0,0.0667,0.7333,0.000650585396734289,5.176421925829798,1.16,30
richardson_a20,richardson,trajectory,noisy_plateau,0.001,150,1.0,0.0667,0.9,0.00042325495834155506,5.670035323969833,1.2267,30
single_exp_fit,parametric,trajectory,noisy_plateau,0.001,150,1.0,0.1,0.8,0.0006789016069092633,3.8579298430303695,1.12,30
double_exp_fit,parametric,trajectory,noisy_plateau,0.001,150,1.0,0.1,0.8,0.0006788552169197633,3.8552484760909698,1.12,30
rational_fit,parametric,trajectory,noisy_plateau,0.001,150,1.0,0.0667,0.6667,0.000903426379624781,2.564160299072237,1.1333,30
log_fit,parametric,trajectory,noisy_plateau,0.001,150,1.0,0.0667,0.8667,0.0006456433886971053,4.402824199247032,1.2133,30
shanks_1,shanks,limit,noisy_plateau,0.001,150,1.0,0.1333,0.5333,0.0017926670409268448,1.3817899775813927,0.9467,30
shanks_2,shanks,limit,noisy_plateau,0.001,150,1.0,0.2,0.5667,0.0020802183444742044,1.314412355671034,0.8267,30
shanks_3,shanks,limit,noisy_plateau,0.001,150,1.0,0.2,0.5667,0.0019211566390648872,1.5783505043695951,0.8267,30
shanks_4,shanks,limit,noisy_plateau,0.001,150,1.0,0.1667,0.4667,0.0022057269552922983,0.9342353814582667,0.8533,30
wynn_eps_1,wynn_eps,limit,noisy_plateau,0.001,150,1.0,0.1333,0.5333,0.0017926670409268448,1.381789977581395,0.9467,30
wynn_eps_2,wynn_eps,limit,noisy_plateau,0.001,150,1.0,0.1,0.7,0.001492897424309329,1.5069609557304045,1.08,30
wynn_eps_3,wynn_eps,limit,noisy_plateau,0.001,150,1.0,0.1667,0.5333,0.0016876824620030532,1.2035269183161765,0.88,30
wynn_rho_1,wynn_rho,limit,noisy_plateau,0.001,150,1.0,0.1333,0.5333,0.0020400838644360044,1.1624543806324572,0.9467,30
wynn_rho_2,wynn_rho,limit,noisy_plateau,0.001,150,1.0,0.1667,0.5333,0.0021259766036066828,1.0866250224969538,0.88,30
wynn_rho_3,wynn_rho,limit,noisy_plateau,0.001,150,1.0,0.1333,0.6333,0.0021329038003249107,1.1888124881598041,0.9867,30
pade_11,pade,trajectory,noisy_plateau,0.001,150,1.0,0.1667,0.5,0.00226922900581789,1.0100623970911142,0.8667,30
pade_12,pade,trajectory,noisy_plateau,0.001,150,1.0,0.1,0.6667,0.0020724516891740957,1.4016275517030956,1.0667,30
pade_13,pade,trajectory,noisy_plateau,0.001,150,1.0,0.2333,0.1,0.006643120113904079,0.43692989343569383,0.5733,30
pade_21,pade,trajectory,noisy_plateau,0.001,150,1.0,0.2333,0.3,0.004602884397598866,0.5602592672826732,0.6533,30
pade_22,pade,trajectory,noisy_plateau,0.001,150,1.0,0.1667,0.5333,0.0026893915339898135,1.0537201704239694,0.88,30
pade_23,pade,trajectory,noisy_plateau,0.001,150,1.0,0.1,0.6333,0.0019926054089543666,1.5403254496809013,1.0533,30
pade_31,pade,trajectory,noisy_plateau,0.001,150,1.0,0.3333,0.1,0.00914234139904142,0.26922160429425646,0.3733,30
pade_32,pade,trajectory,noisy_plateau,0.001,150,1.0,0.3333,0.2667,0.004735736734817104,0.424984338567437,0.44,30
levin_t1,levin,limit,noisy_plateau,0.001,150,1.0,0.1333,0.5333,0.0017926670409268448,1.381789977581395,0.9467,30
levin_t2,levin,limit,noisy_plateau,0.001,150,1.0,0.0667,0.5667,0.001722833721787248,1.2993643381970978,1.0933,30
levin_u1,levin,limit,noisy_plateau,0.001,150,1.0,0.1333,0.5333,0.0017809028924232915,1.3802455444207817,0.9467,30
levin_u2,levin,limit,noisy_plateau,0.001,150,1.0,0.0667,0.5667,0.0017299713359074037,1.2999462902832746,1.0933,30
levin_v1,levin,limit,noisy_plateau,0.001,150,1.0,0.1333,0.6,0.0018975929040064756,1.6636958675260494,0.9733,30
levin_v2,levin,limit,noisy_plateau,0.001,150,1.0,0.1667,0.6,0.001921043949139561,1.2515336640596526,0.9067,30
weniger_d1,weniger,limit,noisy_plateau,0.001,150,1.0,0.4333,0.0,0.010011061687402957,0.23914482701385692,0.1333,30
weniger_d2,weniger,limit,noisy_plateau,0.001,150,1.0,0.4333,0.0,0.010011061687402957,0.23914482701385714,0.1333,30
brezinski_theta1,brezinski,limit,noisy_plateau,0.001,150,1.0,0.2667,0.3667,0.005300656945263881,0.4787685042212869,0.6133,30
brezinski_theta2,brezinski,limit,noisy_plateau,0.001,150,1.0,0.4,0.2,0.008069872713931826,0.2168416410043007,0.28,30
neville_2,neville,trajectory,noisy_plateau,0.001,150,0.5667,1.0,0.0,4.329289613160951,0.000565873550831151,-1.4333,30
neville_3,neville,trajectory,noisy_plateau,0.001,150,0.5333,1.0,0.0,94.25575554676364,2.3673663157063892e-05,-1.4667,30
neville_4,neville,trajectory,noisy_plateau,0.001,150,0.1333,1.0,0.0,215.34804068939934,2.005092884785869e-05,-1.8667,30
anderson_1,anderson,limit,noisy_plateau,0.001,150,1.0,0.1333,0.5333,0.001792476001794407,1.3815869653007922,0.9467,30
anderson_2,anderson,limit,noisy_plateau,0.001,150,1.0,0.1333,0.6333,0.0017615905138458265,1.5271925272912796,0.9867,30
anderson_3,anderson,limit,noisy_plateau,0.001,150,1.0,0.1333,0.6333,0.0019280489017711924,1.5540776654643498,0.9867,30
median_ensemble,ensemble,trajectory,noisy_plateau,0.001,150,1.0,0.1,0.8,0.0012732783783075494,1.9268608946329597,1.12,30
stability_weighted,ensemble,trajectory,noisy_plateau,0.001,150,1.0,0.1,0.7,0.0013857864599929413,1.5004966805126259,1.08,30
best_shanks_wynn,ensemble,limit,noisy_plateau,0.001,150,1.0,0.1333,0.5333,0.0017926670409268448,1.3817899775813927,0.9467,30
current_value,baseline,limit,noisy_plateau,0.001,1000,1.0,0.0,0.0,0.002383031928056076,1.0,1.0,30
linear,baseline,trajectory,noisy_plateau,0.001,1000,1.0,0.9333,0.0333,0.048968003090027995,0.04768853927552204,-0.8533,30
log_linear,baseline,trajectory,noisy_plateau,0.001,1000,0.0,1.0,0.0,,,-2.0,30
geom_avg_diff,baseline,limit,noisy_plateau,0.001,1000,0.3333,0.8,0.0333,0.015491001906948115,0.24546796760258072,-1.2533,30
richardson_1,richardson,trajectory,noisy_plateau,0.001,1000,1.0,0.1,0.6,0.0009834158137393056,1.5187311724776948,1.04,30
richardson_2,richardson,trajectory,noisy_plateau,0.001,1000,1.0,0.4,0.3,0.003836660205917629,0.5455064603042068,0.32,30
richardson_3,richardson,trajectory,noisy_plateau,0.001,1000,1.0,0.6,0.1,0.008264905183716052,0.07973262302648873,-0.16,30
richardson_a05,richardson,trajectory,noisy_plateau,0.001,1000,1.0,0.1667,0.3333,0.0034675837026698227,0.8387461140978119,0.8,30
richardson_a10,richardson,trajectory,noisy_plateau,0.001,1000,1.0,0.1333,0.5667,0.0016421557394322404,1.8797478036786055,0.96,30
richardson_a20,richardson,trajectory,noisy_plateau,0.001,1000,1.0,0.0667,0.8333,0.00042362592565335037,5.192113909155216,1.2,30
single_exp_fit,parametric,trajectory,noisy_plateau,0.001,1000,1.0,0.1333,0.7333,0.0007539000150679391,3.469823128550814,1.0267,30
double_exp_fit,parametric,trajectory,noisy_plateau,0.001,1000,1.0,0.1333,0.7333,0.000753304360150699,3.4698628133621603,1.0267,30
rational_fit,parametric,trajectory,noisy_plateau,0.001,1000,1.0,0.2,0.4667,0.0018930536342043848,0.8178042053119242,0.7867,30
log_fit,parametric,trajectory,noisy_plateau,0.001,1000,1.0,0.1667,0.4667,0.0031131755621220925,0.7710372529192646,0.8533,30
shanks_1,shanks,limit,noisy_plateau,0.001,1000,1.0,0.1333,0.5333,0.0017816053535238876,1.3773330124634944,0.9467,30
shanks_2,shanks,limit,noisy_plateau,0.001,1000,1.0,0.1667,0.5667,0.0020912800318771615,1.3150186169128202,0.8933,30
shanks_3,shanks,limit,noisy_plateau,0.001,1000,1.0,0.2,0.5667,0.0019211566390648872,1.5728104513941057,0.8267,30
shanks_4,shanks,limit,noisy_plateau,0.001,1000,1.0,0.1667,0.4667,0.0022167886426952554,0.9298342088600244,0.8533,30
wynn_eps_1,wynn_eps,limit,noisy_plateau,0.001,1000,1.0,0.1333,0.5333,0.0017816053535238876,1.3773330124634966,0.9467,30
wynn_eps_2,wynn_eps,limit,noisy_plateau,0.001,1000,1.0,0.1,0.7,0.0014818357369063718,1.4956623013531982,1.08,30
wynn_eps_3,wynn_eps,limit,noisy_plateau,0.001,1000,1.0,0.1667,0.5333,0.0016876824620030532,1.209464676517452,0.88,30
wynn_rho_1,wynn_rho,limit,noisy_plateau,0.001,1000,1.0,0.1333,0.5333,0.0020400838644360044,1.161920743596077,0.9467,30
wynn_rho_2,wynn_rho,limit,noisy_plateau,0.001,1000,1.0,0.1667,0.5333,0.0021259766036066828,1.0823822065540822,0.88,30
wynn_rho_3,wynn_rho,limit,noisy_plateau,0.001,1000,1.0,0.1333,0.6333,0.0021329038003249107,1.1882450423676714,0.9867,30
pade_11,pade,trajectory,noisy_plateau,0.001,1000,1.0,0.1667,0.5,0.0023723579576474677,0.956056426906138,0.8667,30
pade_12,pade,trajectory,noisy_plateau,0.001,1000,1.0,0.4,0.1,0.007092288542723254,0.23379595435397432,0.24,30
pade_13,pade,trajectory,noisy_plateau,0.001,1000,1.0,0.4333,0.0,0.009953356229773157,0.2394374369645143,0.1333,30
pade_21,pade,trajectory,noisy_plateau,0.001,1000,1.0,0.9333,0.0,0.06637411665289458,0.04075516635684498,-0.8667,30
pade_22,pade,trajectory,noisy_plateau,0.001,1000,1.0,0.1667,0.5,0.002848137793982666,0.9704052203714654,0.8667,30
pade_23,pade,trajectory,noisy_plateau,0.001,1000,1.0,0.4333,0.1,0.0073613687108064485,0.2189326865673623,0.1733,30
pade_31,pade,trajectory,noisy_plateau,0.001,1000,0.9333,0.9667,0.0,1.3960097914771534,0.0018327360062676454,-1.0,30
pade_32,pade,trajectory,noisy_plateau,0.001,1000,1.0,0.9333,0.0,0.06533359402440513,0.03939009868673605,-0.8667,30
levin_t1,levin,limit,noisy_plateau,0.001,1000,1.0,0.1333,0.5333,0.0017816053535238876,1.3773330124634966,0.9467,30
levin_t2,levin,limit,noisy_plateau,0.001,1000,1.0,0.0667,0.5667,0.0017117720343842908,1.3020687546220082,1.0933,30
levin_u1,levin,limit,noisy_plateau,0.001,1000,1.0,0.1333,0.5333,0.0017698412050203343,1.3757635498055747,0.9467,30
levin_u2,levin,limit,noisy_plateau,0.001,1000,1.0,0.0667,0.5667,0.0017189096485044466,1.302680213236994,1.0933,30
levin_v1,levin,limit,noisy_plateau,0.001,1000,1.0,0.1333,0.6,0.0019086545914094328,1.6723463066644173,0.9733,30
levin_v2,levin,limit,noisy_plateau,0.001,1000,1.0,0.1667,0.6,0.0019274287867696426,1.2581213898689558,0.9067,30
weniger_d1,weniger,limit,noisy_plateau,0.001,1000,1.0,0.4667,0.0,0.01,0.23830319280560736,0.0667,30
weniger_d2,weniger,limit,noisy_plateau,0.001,1000,1.0,0.4667,0.0,0.01,0.23830319280560758,0.0667,30
brezinski_theta1,brezinski,limit,noisy_plateau,0.001,1000,1.0,0.2667,0.3667,0.005311718632666838,0.47805771376508865,0.6133,30
brezinski_theta2,brezinski,limit,noisy_plateau,0.001,1000,1.0,0.4,0.2,0.008069872713931826,0.21635200678727862,0.28,30
neville_2,neville,trajectory,noisy_plateau,0.001,1000,0.5667,1.0,0.0,21.53683701688765,0.0001101868848321363,-1.4333,30
neville_3,neville,trajectory,noisy_plateau,0.001,1000,0.1,1.0,0.0,335.07242068861416,1.4312461908282053e-05,-1.9,30
neville_4,neville,trajectory,noisy_plateau,0.001,1000,0.0,1.0,0.0,,,-2.0,30
anderson_1,anderson,limit,noisy_plateau,0.001,1000,1.0,0.1333,0.5333,0.0017814143143914498,1.3771169252639393,0.9467,30
anderson_2,anderson,limit,noisy_plateau,0.001,1000,1.0,0.1333,0.6333,0.0017615905138458265,1.5112235958571714,0.9867,30
anderson_3,anderson,limit,noisy_plateau,0.001,1000,1.0,0.1333,0.6333,0.0019169872143682352,1.5744383542341251,0.9867,30
median_ensemble,ensemble,trajectory,noisy_plateau,0.001,1000,1.0,0.0667,0.6667,0.0013376550566505368,1.7340336833854657,1.1333,30
stability_weighted,ensemble,trajectory,noisy_plateau,0.001,1000,1.0,0.1,0.6667,0.0015076627259113223,1.5098049579473674,1.0667,30
best_shanks_wynn,ensemble,limit,noisy_plateau,0.001,1000,1.0,0.1333,0.5333,0.0017816053535238876,1.3773330124634944,0.9467,30
current_value,baseline,limit,noisy_plateau,0.001,5000,1.0,0.0,0.0,0.002383031928056076,1.0,1.0,30
linear,baseline,trajectory,noisy_plateau,0.001,5000,0.9667,0.9667,0.0,0.2621741731293523,0.009172914814924172,-0.9667,30
log_linear,baseline,trajectory,noisy_plateau,0.001,5000,0.0,1.0,0.0,,,-2.0,30
geom_avg_diff,baseline,limit,noisy_plateau,0.001,5000,0.3333,0.8,0.0333,0.015491001906948115,0.24546796760258072,-1.2533,30
richardson_1,richardson,trajectory,noisy_plateau,0.001,5000,1.0,0.1333,0.6,0.0009905946999956483,1.311753945069396,0.9733,30
richardson_2,richardson,trajectory,noisy_plateau,0.001,5000,1.0,0.4,0.3,0.0045212036614566235,0.4442580343725507,0.32,30
richardson_3,richardson,trajectory,noisy_plateau,0.001,5000,1.0,0.6333,0.1,0.009551550360542232,0.061515101254229515,-0.2267,30
richardson_a05,richardson,trajectory,noisy_plateau,0.001,5000,1.0,0.2333,0.2667,0.004321957661543665,0.6507884374177366,0.64,30
richardson_a10,richardson,trajectory,noisy_plateau,0.001,5000,1.0,0.1333,0.5667,0.0017837037907406051,1.7106850752720664,0.96,30
richardson_a20,richardson,trajectory,noisy_plateau,0.001,5000,1.0,0.0667,0.8333,0.00042776551850414336,5.19280071723027,1.2,30
single_exp_fit,parametric,trajectory,noisy_plateau,0.001,5000,1.0,0.1333,0.7333,0.0007539000150679391,3.4698231283479855,1.0267,30
double_exp_fit,parametric,trajectory,noisy_plateau,0.001,5000,1.0,0.1333,0.7333,0.000753304360150699,3.469862813158162,1.0267,30
rational_fit,parametric,trajectory,noisy_plateau,0.001,5000,1.0,0.2,0.4667,0.002044334349620507,0.7410845604461889,0.7867,30
log_fit,parametric,trajectory,noisy_plateau,0.001,5000,1.0,0.2,0.2333,0.004409738371660674,0.5422968850896553,0.6933,30
shanks_1,shanks,limit,noisy_plateau,0.001,5000,1.0,0.1333,0.5333,0.0017816053535238876,1.3773330124634944,0.9467,30
shanks_2,shanks,limit,noisy_plateau,0.001,5000,1.0,0.1667,0.5667,0.0020912800318771615,1.3150186169128202,0.8933,30
shanks_3,shanks,limit,noisy_plateau,0.001,5000,1.0,0.2,0.5667,0.0019211566390648872,1.5728104513941057,0.8267,30
shanks_4,shanks,limit,noisy_plateau,0.001,5000,1.0,0.1667,0.4667,0.0022167886426952554,0.9298342088600244,0.8533,30
wynn_eps_1,wynn_eps,limit,noisy_plateau,0.001,5000,1.0,0.1333,0.5333,0.0017816053535238876,1.3773330124634966,0.9467,30
wynn_eps_2,wynn_eps,limit,noisy_plateau,0.001,5000,1.0,0.1,0.7,0.0014818357369063718,1.4956623013531982,1.08,30
wynn_eps_3,wynn_eps,limit,noisy_plateau,0.001,5000,1.0,0.1667,0.5333,0.0016876824620030532,1.209464676517452,0.88,30
wynn_rho_1,wynn_rho,limit,noisy_plateau,0.001,5000,1.0,0.1333,0.5333,0.0020400838644360044,1.161920743596077,0.9467,30
wynn_rho_2,wynn_rho,limit,noisy_plateau,0.001,5000,1.0,0.1667,0.5333,0.0021259766036066828,1.0823822065540822,0.88,30
wynn_rho_3,wynn_rho,limit,noisy_plateau,0.001,5000,1.0,0.1333,0.6333,0.0021329038003249107,1.1882450423676714,0.9867,30
pade_11,pade,trajectory,noisy_plateau,0.001,5000,1.0,0.1667,0.5,0.0023810268142636848,0.9525234464022594,0.8667,30
pade_12,pade,trajectory,noisy_plateau,0.001,5000,1.0,0.4333,0.0,0.009440283061089523,0.23051431709271733,0.1333,30
pade_13,pade,trajectory,noisy_plateau,0.001,5000,1.0,0.4667,0.0,0.009998286810705664,0.23834491418988984,0.0667,30
pade_21,pade,trajectory,noisy_plateau,0.001,5000,0.8,1.0,0.0,0.32482762560518474,0.009715542466313492,-1.2,30
pade_22,pade,trajectory,noisy_plateau,0.001,5000,1.0,0.1667,0.5,0.0028582613543557244,0.9646442621583443,0.8667,30
pade_23,pade,trajectory,noisy_plateau,0.001,5000,1.0,0.4667,0.0,0.009534236481091148,0.22076824809260026,0.0667,30
pade_31,pade,trajectory,noisy_plateau,0.001,5000,0.8333,1.0,0.0,44.468884005367826,5.8805542189859975e-05,-1.1667,30
pade_32,pade,trajectory,noisy_plateau,0.001,5000,0.6667,1.0,0.0,0.3116247771472176,0.013248312150848738,-1.3333,30
levin_t1,levin,limit,noisy_plateau,0.001,5000,1.0,0.1333,0.5333,0.0017816053535238876,1.3773330124634966,0.9467,30
levin_t2,levin,limit,noisy_plateau,0.001,5000,1.0,0.0667,0.5667,0.0017117720343842908,1.3020687546220082,1.0933,30
levin_u1,levin,limit,noisy_plateau,0.001,5000,1.0,0.1333,0.5333,0.0017698412050203343,1.3757635498055747,0.9467,30
levin_u2,levin,limit,noisy_plateau,0.001,5000,1.0,0.0667,0.5667,0.0017189096485044466,1.302680213236994,1.0933,30
levin_v1,levin,limit,noisy_plateau,0.001,5000,1.0,0.1333,0.6,0.0019086545914094328,1.6723463066644173,0.9733,30
levin_v2,levin,limit,noisy_plateau,0.001,5000,1.0,0.1667,0.6,0.0019274287867696426,1.2581213898689558,0.9067,30
weniger_d1,weniger,limit,noisy_plateau,0.001,5000,1.0,0.4667,0.0,0.01,0.23830319280560736,0.0667,30
weniger_d2,weniger,limit,noisy_plateau,0.001,5000,1.0,0.4667,0.0,0.01,0.23830319280560758,0.0667,30
brezinski_theta1,brezinski,limit,noisy_plateau,0.001,5000,1.0,0.2667,0.3667,0.005311718632666838,0.47805771376508865,0.6133,30
brezinski_theta2,brezinski,limit,noisy_plateau,0.001,5000,1.0,0.4,0.2,0.008069872713931826,0.21635200678727862,0.28,30
neville_2,neville,trajectory,noisy_plateau,0.001,5000,0.5667,1.0,0.0,25.022230436405383,9.469545532450981e-05,-1.4333,30
neville_3,neville,trajectory,noisy_plateau,0.001,5000,0.1,1.0,0.0,418.9901626341862,1.1445880322036845e-05,-1.9,30
neville_4,neville,trajectory,noisy_plateau,0.001,5000,0.0,1.0,0.0,,,-2.0,30
anderson_1,anderson,limit,noisy_plateau,0.001,5000,1.0,0.1333,0.5333,0.0017814143143914498,1.3771169252639393,0.9467,30
anderson_2,anderson,limit,noisy_plateau,0.001,5000,1.0,0.1333,0.6333,0.0017615905138458265,1.5112235958571714,0.9867,30
anderson_3,anderson,limit,noisy_plateau,0.001,5000,1.0,0.1333,0.6333,0.0019169872143682352,1.5744383542341251,0.9867,30
median_ensemble,ensemble,trajectory,noisy_plateau,0.001,5000,1.0,0.0667,0.6667,0.0011718448788525793,1.8605055492079214,1.1333,30
stability_weighted,ensemble,trajectory,noisy_plateau,0.001,5000,1.0,0.1,0.6,0.0018505082095760907,1.3868827698728163,1.04,30
best_shanks_wynn,ensemble,limit,noisy_plateau,0.001,5000,1.0,0.1333,0.5333,0.0017816053535238876,1.3773330124634944,0.9467,30
current_value,baseline,limit,noisy_plateau,0.005,150,1.0,0.0,0.0,0.0013847743890180817,1.0,1.0,30
linear,baseline,trajectory,noisy_plateau,0.005,150,1.0,0.2667,0.2,0.004722439838544237,0.4484087899816538,0.5467,30
log_linear,baseline,trajectory,noisy_plateau,0.005,150,0.0,1.0,0.0,,,-2.0,30
geom_avg_diff,baseline,limit,noisy_plateau,0.005,150,0.6,0.6667,0.1,0.005544360519008872,0.34008723224832127,-0.6933,30
richardson_1,richardson,trajectory,noisy_plateau,0.005,150,1.0,0.0,0.7333,0.0007278200045533704,1.8821610523937373,1.2933,30
richardson_2,richardson,trajectory,noisy_plateau,0.005,150,1.0,0.1,0.5333,0.001700015370640383,1.312262715569496,1.0133,30
richardson_3,richardson,trajectory,noisy_plateau,0.005,150,1.0,0.1667,0.3667,0.002683754969797887,0.6100263472637111,0.8133,30
richardson_a05,richardson,trajectory,noisy_plateau,0.005,150,1.0,0.0333,0.5667,0.0016154740765621668,1.2241027303614247,1.16,30
richardson_a10,richardson,trajectory,noisy_plateau,0.005,150,1.0,0.0333,0.6667,0.0010605099998982348,1.6361268020620579,1.2,30
richardson_a20,richardson,trajectory,noisy_plateau,0.005,150,1.0,0.0,0.8667,0.00040224000194296304,3.8647132866151965,1.3467,30
single_exp_fit,parametric,trajectory,noisy_plateau,0.005,150,1.0,0.0667,0.6,0.0007891106962855656,1.6790434191781225,1.1067,30
double_exp_fit,parametric,trajectory,noisy_plateau,0.005,150,1.0,0.0667,0.6,0.0007888963936397986,1.6791944531476481,1.1067,30
rational_fit,parametric,trajectory,noisy_plateau,0.005,150,1.0,0.0333,0.6,0.0014098826698122216,1.2371671830425641,1.1733,30
log_fit,parametric,trajectory,noisy_plateau,0.005,150,1.0,0.0333,0.7667,0.0007894219428019678,2.6898999829673933,1.24,30
shanks_1,shanks,limit,noisy_plateau,0.005,150,1.0,0.0667,0.4333,0.0016311995462340162,0.8362762331938043,1.04,30
shanks_2,shanks,limit,noisy_plateau,0.005,150,1.0,0.1333,0.4,0.002424670214032083,0.8243051776164924,0.8933,30
shanks_3,shanks,limit,noisy_plateau,0.005,150,1.0,0.1333,0.4667,0.0013991604034951392,0.8817559578115606,0.92,30
shanks_4,shanks,limit,noisy_plateau,0.005,150,1.0,0.1667,0.5,0.001372901374289282,0.95059293955079,0.8667,30
wynn_eps_1,wynn_eps,limit,noisy_plateau,0.005,150,1.0,0.0667,0.4333,0.001631199546234017,0.8362762331938044,1.04,30
wynn_eps_2,wynn_eps,limit,noisy_plateau,0.005,150,1.0,0.0667,0.5333,0.0014139293702497497,1.1882619772248662,1.08,30
wynn_eps_3,wynn_eps,limit,noisy_plateau,0.005,150,1.0,0.1333,0.6,0.0012877018181284188,1.19410199695474,0.9733,30
wynn_rho_1,wynn_rho,limit,noisy_plateau,0.005,150,1.0,0.0667,0.6333,0.001137742234684832,1.1104754486197916,1.12,30
wynn_rho_2,wynn_rho,limit,noisy_plateau,0.005,150,1.0,0.2,0.6,0.0015822863598203849,1.189891942042344,0.84,30
wynn_rho_3,wynn_rho,limit,noisy_plateau,0.005,150,1.0,0.1667,0.5667,0.001254061371873661,1.325871574975305,0.8933,30
pade_11,pade,trajectory,noisy_plateau,0.005,150,1.0,0.0333,0.4333,0.0018632367866888797,0.744449599369993,1.1067,30
pade_12,pade,trajectory,noisy_plateau,0.005,150,1.0,0.1333,0.6333,0.0012335433569868803,1.61509616881651,0.9867,30
pade_13,pade,trajectory,noisy_plateau,0.005,150,1.0,0.4333,0.1,0.0069683087149348365,0.28702263913919385,0.1733,30
pade_21,pade,trajectory,noisy_plateau,0.005,150,1.0,0.4,0.1333,0.00641986414755363,0.2960574630707815,0.2533,30
pade_22,pade,trajectory,noisy_plateau,0.005,150,1.0,0.0667,0.4,0.002213995762675478,0.6543139174137304,1.0267,30
pade_23,pade,trajectory,noisy_plateau,0.005,150,1.0,0.1333,0.5667,0.0018238332546039607,1.592828564220309,0.96,30
pade_31,pade,trajectory,noisy_plateau,0.005,150,1.0,0.5667,0.0667,0.011246143011235239,0.1449162923890519,-0.1067,30
pade_32,pade,trajectory,noisy_plateau,0.005,150,1.0,0.4,0.1333,0.006525816870647802,0.284074700348258,0.2533,30
levin_t1,levin,limit,noisy_plateau,0.005,150,1.0,0.0667,0.4333,0.0016311995462340188,0.8362762331938038,1.04,30
levin_t2,levin,limit,noisy_plateau,0.005,150,1.0,0.1667,0.5667,0.001573195085611265,1.0609713087198949,0.8933,30
levin_u1,levin,limit,noisy_plateau,0.005,150,1.0,0.0667,0.4,0.0016237940083080353,0.8386983527803444,1.0267,30
levin_u2,levin,limit,noisy_plateau,0.005,150,1.0,0.1667,0.5667,0.0015694522036478302,1.062263127967643,0.8933,30
levin_v1,levin,limit,noisy_plateau,0.005,150,1.0,0.2333,0.5,0.001576712816846717,1.017781323300428,0.7333,30
levin_v2,levin,limit,noisy_plateau,0.005,150,1.0,0.1333,0.4333,0.001561143566879324,0.8738112655732865,0.9067,30
weniger_d1,weniger,limit,noisy_plateau,0.005,150,1.0,0.5667,0.0,0.010011061687402957,0.13832442874271372,-0.1333,30
weniger_d2,weniger,limit,noisy_plateau,0.005,150,1.0,0.5667,0.0,0.010011061687402957,0.13832442874271372,-0.1333,30
brezinski_theta1,brezinski,limit,noisy_plateau,0.005,150,1.0,0.3,0.3,0.003695793882577569,0.4032228327961094,0.52,30
brezinski_theta2,brezinski,limit,noisy_plateau,0.005,150,1.0,0.4667,0.1333,0.00931605136352277,0.20932298625885726,0.12,30
neville_2,neville,trajectory,noisy_plateau,0.005,150,0.6333,1.0,0.0,3.0912295509382846,0.0004016071208109607,-1.3667,30
neville_3,neville,trajectory,noisy_plateau,0.005,150,0.6,1.0,0.0,70.68102082155812,1.7375421777994125e-05,-1.4,30
neville_4,neville,trajectory,noisy_plateau,0.005,150,0.1333,1.0,0.0,199.2034880549652,1.876037494951362e-05,-1.8667,30
anderson_1,anderson,limit,noisy_plateau,0.005,150,1.0,0.0667,0.4333,0.0016310447787519743,0.8366747935065812,1.04,30
anderson_2,anderson,limit,noisy_plateau,0.005,150,1.0,0.1,0.4333,0.0017263281993963875,0.9388480041784543,0.9733,30
anderson_3,anderson,limit,noisy_plateau,0.005,150,1.0,0.1,0.5,0.0016651002199539588,1.0007868431145812,1.0,30
median_ensemble,ensemble,trajectory,noisy_plateau,0.005,150,1.0,0.0333,0.6667,0.001001778150855939,1.33119691865526,1.2,30
stability_weighted,ensemble,trajectory,noisy_plateau,0.005,150,1.0,0.1333,0.5,0.0015265482332989236,0.9891168677284972,0.9333,30
best_shanks_wynn,ensemble,limit,noisy_plateau,0.005,150,1.0,0.0667,0.4333,0.0016311995462340162,0.8362762331938043,1.04,30
current_value,baseline,limit,noisy_plateau,0.005,1000,1.0,0.0,0.0,0.0013847743890180817,1.0,1.0,30
linear,baseline,trajectory,noisy_plateau,0.005,1000,1.0,1.0,0.0,0.06094152897828242,0.031092378698463756,-1.0,30
log_linear,baseline,trajectory,noisy_plateau,0.005,1000,0.0,1.0,0.0,,,-2.0,30
geom_avg_diff,baseline,limit,noisy_plateau,0.005,1000,0.6,0.6667,0.1,0.005555482105550973,0.340973628823872,-0.6933,30
richardson_1,richardson,trajectory,noisy_plateau,0.005,1000,1.0,0.1667,0.5,0.0014240201007003203,1.0218000801059424,0.8667,30
richardson_2,richardson,trajectory,noisy_plateau,0.005,1000,1.0,0.3667,0.3667,0.005412966620947194,0.47627398658540254,0.4133,30
richardson_3,richardson,trajectory,noisy_plateau,0.005,1000,1.0,0.5667,0.2,0.0073282385302127365,0.11441640927330983,-0.0533,30
richardson_a05,richardson,trajectory,noisy_plateau,0.005,1000,1.0,0.3333,0.1667,0.004513538380463419,0.46530450793046707,0.4,30
richardson_a10,richardson,trajectory,noisy_plateau,0.005,1000,1.0,0.1,0.4667,0.002234414193237227,0.8857436317019706,0.9867,30
richardson_a20,richardson,trajectory,noisy_plateau,0.005,1000,1.0,0.0,0.8333,0.0006014682866933661,2.6763796458473834,1.3333,30
single_exp_fit,parametric,trajectory,noisy_plateau,0.005,1000,1.0,0.2,0.5,0.0008190648955249714,1.135741239719472,0.8,30
double_exp_fit,parametric,trajectory,noisy_plateau,0.005,1000,1.0,0.2,0.5,0.0008188140690531948,1.136201004134107,0.8,30
rational_fit,parametric,trajectory,noisy_plateau,0.005,1000,1.0,0.2667,0.3,0.0029830122639568648,0.5527092678085808,0.5867,30
log_fit,parametric,trajectory,noisy_plateau,0.005,1000,1.0,0.1667,0.2667,0.0032777005437551613,0.48109028697409184,0.7733,30
shanks_1,shanks,limit,noisy_plateau,0.005,1000,1.0,0.0667,0.4333,0.0016311995462340162,0.8346811304578577,1.04,30
shanks_2,shanks,limit,noisy_plateau,0.005,1000,1.0,0.1333,0.4,0.002424670214032083,0.8223568873329137,0.8933,30
shanks_3,shanks,limit,noisy_plateau,0.005,1000,1.0,0.1333,0.4667,0.001388098716092182,0.881217337260406,0.92,30
shanks_4,shanks,limit,noisy_plateau,0.005,1000,1.0,0.1667,0.5,0.0013618396868863248,0.951044388598418,0.8667,30
wynn_eps_1,wynn_eps,limit,noisy_plateau,0.005,1000,1.0,0.0667,0.4333,0.001631199546234017,0.8346811304578579,1.04,30
wynn_eps_2,wynn_eps,limit,noisy_plateau,0.005,1000,1.0,0.0667,0.5333,0.0014028676828467925,1.1869581781164382,1.08,30
wynn_eps_3,wynn_eps,limit,noisy_plateau,0.005,1000,1.0,0.1333,0.5667,0.0012766401307254616,1.1952088274236838,0.96,30
wynn_rho_1,wynn_rho,limit,noisy_plateau,0.005,1000,1.0,0.0667,0.6333,0.001126680547281875,1.110880100062406,1.12,30
wynn_rho_2,wynn_rho,limit,noisy_plateau,0.005,1000,1.0,0.2,0.6,0.0015712246724174277,1.1808115038816989,0.84,30
wynn_rho_3,wynn_rho,limit,noisy_plateau,0.005,1000,1.0,0.1667,0.5667,0.001254061371873661,1.2927368985649712,0.8933,30
pade_11,pade,trajectory,noisy_plateau,0.005,1000,1.0,0.0333,0.4,0.0019630941848597363,0.7168010391032322,1.0933,30
pade_12,pade,trajectory,noisy_plateau,0.005,1000,1.0,0.5,0.1,0.006699287153180423,0.2090410383483386,0.04,30
pade_13,pade,trajectory,noisy_plateau,0.005,1000,1.0,0.5667,0.0,0.009961877116349532,0.13940289366558917,-0.1333,30
pade_21,pade,trajectory,noisy_plateau,0.005,1000,1.0,1.0,0.0,0.08011862865322725,0.02489391384798962,-1.0,30
pade_22,pade,trajectory,noisy_plateau,0.005,1000,1.0,0.1333,0.3,0.0023862975036392326,0.6277217274718083,0.8533,30
pade_23,pade,trajectory,noisy_plateau,0.005,1000,1.0,0.5333,0.0667,0.007904423196631892,0.18099001792065147,-0.04,30
pade_31,pade,trajectory,noisy_plateau,0.005,1000,0.8,1.0,0.0,1.637009049302224,0.0013770156850042535,-1.2,30
pade_32,pade,trajectory,noisy_plateau,0.005,1000,1.0,0.9667,0.0,0.08108833226197656,0.0213515428415793,-0.9333,30
levin_t1,levin,limit,noisy_plateau,0.005,1000,1.0,0.0667,0.4333,0.0016311995462340188,0.8346811304578572,1.04,30
levin_t2,levin,limit,noisy_plateau,0.005,1000,1.0,0.1667,0.5667,0.001573195085611265,1.0576911773918267,0.8933,30
levin_u1,levin,limit,noisy_plateau,0.005,1000,1.0,0.0667,0.4,0.0016237940083080353,0.8370885210676537,1.0267,30
levin_u2,levin,limit,noisy_plateau,0.005,1000,1.0,0.1667,0.5667,0.0015694522036478302,1.058972775616301,0.8933,30
levin_v1,levin,limit,noisy_plateau,0.005,1000,1.0,0.2333,0.5,0.00156565112944376,1.0087943047035612,0.7333,30
levin_v2,levin,limit,noisy_plateau,0.005,1000,1.0,0.1333,0.4333,0.0015722052542822811,0.8502444066864927,0.9067,30
weniger_d1,weniger,limit,noisy_plateau,0.005,1000,1.0,0.5667,0.0,0.01,0.1384774389018082,-0.1333,30
weniger_d2,weniger,limit,noisy_plateau,0.005,1000,1.0,0.5667,0.0,0.01,0.1384774389018082,-0.1333,30
brezinski_theta1,brezinski,limit,noisy_plateau,0.005,1000,1.0,0.3,0.3,0.0036847321951746117,0.4029981146273178,0.52,30
brezinski_theta2,brezinski,limit,noisy_plateau,0.005,1000,1.0,0.4667,0.1333,0.00931605136352277,0.20603507330372361,0.12,30
neville_2,neville,trajectory,noisy_plateau,0.005,1000,0.5667,1.0,0.0,16.949496680009513,7.642319598805525e-05,-1.4333,30
neville_3,neville,trajectory,noisy_plateau,0.005,1000,0.1667,1.0,0.0,247.3273268236472,4.485003673582616e-06,-1.8333,30
neville_4,neville,trajectory,noisy_plateau,0.005,1000,0.0,1.0,0.0,,,-2.0,30
anderson_1,anderson,limit,noisy_plateau,0.005,1000,1.0,0.0667,0.4333,0.0016310447787519743,0.835076748628458,1.04,30
anderson_2,anderson,limit,noisy_plateau,0.005,1000,1.0,0.1,0.4333,0.0017373898867993447,0.9386557636113355,0.9733,30
anderson_3,anderson,limit,noisy_plateau,0.005,1000,1.0,0.1,0.5,0.001676161907356916,1.0008115709084697,1.0,30
median_ensemble,ensemble,trajectory,noisy_plateau,0.005,1000,1.0,0.0667,0.5333,0.0014394008183497217,1.071209024677993,1.08,30
stability_weighted,ensemble,trajectory,noisy_plateau,0.005,1000,1.0,0.1333,0.4,0.0016773015883914787,0.8654431541219587,0.8933,30
best_shanks_wynn,ensemble,limit,noisy_plateau,0.005,1000,1.0,0.0667,0.4333,0.0016311995462340162,0.8346811304578577,1.04,30
current_value,baseline,limit,noisy_plateau,0.005,5000,1.0,0.0,0.0,0.0013847743890180817,1.0,1.0,30
linear,baseline,trajectory,noisy_plateau,0.005,5000,1.0,1.0,0.0,0.32460543030912636,0.005782088744006698,-1.0,30
log_linear,baseline,trajectory,noisy_plateau,0.005,5000,0.0,1.0,0.0,,,-2.0,30
geom_avg_diff,baseline,limit,noisy_plateau,0.005,5000,0.6,0.6667,0.1,0.005555482105550973,0.340973628823872,-0.6933,30
richardson_1,richardson,trajectory,noisy_plateau,0.005,5000,1.0,0.2333,0.4333,0.0014340167363928883,0.9390899792128651,0.7067,30
richardson_2,richardson,trajectory,noisy_plateau,0.005,5000,1.0,0.4,0.3333,0.007255178032216833,0.36634097760149364,0.3333,30
richardson_3,richardson,trajectory,noisy_plateau,0.005,5000,1.0,0.5667,0.2,0.009047220267570958,0.101938509469825,-0.0533,30
richardson_a05,richardson,trajectory,noisy_plateau,0.005,5000,1.0,0.3667,0.1,0.00547957544507048,0.38482785057491475,0.3067,30
richardson_a10,richardson,trajectory,noisy_plateau,0.005,5000,1.0,0.1,0.4333,0.0024042472082367312,0.8309779627318062,0.9733,30
richardson_a20,richardson,trajectory,noisy_plateau,0.005,5000,1.0,0.0,0.8333,0.0006035346029447594,2.677268504887211,1.3333,30
single_exp_fit,parametric,trajectory,noisy_plateau,0.005,5000,1.0,0.2,0.5,0.0008190648955249714,1.135741239719472,0.8,30
double_exp_fit,parametric,trajectory,noisy_plateau,0.005,5000,1.0,0.2,0.5,0.0008188140690531948,1.136201004134107,0.8,30
rational_fit,parametric,trajectory,noisy_plateau,0.005,5000,1.0,0.2667,0.2667,0.0032000173914999534,0.5091922235224872,0.5733,30
log_fit,parametric,trajectory,noisy_plateau,0.005,5000,1.0,0.3,0.1,0.004527794213557024,0.341666375861,0.44,30
shanks_1,shanks,limit,noisy_plateau,0.005,5000,1.0,0.0667,0.4333,0.0016311995462340162,0.8346811304578577,1.04,30
shanks_2,shanks,limit,noisy_plateau,0.005,5000,1.0,0.1333,0.4,0.002424670214032083,0.8223568873329137,0.8933,30
shanks_3,shanks,limit,noisy_plateau,0.005,5000,1.0,0.1333,0.4667,0.001388098716092182,0.881217337260406,0.92,30
shanks_4,shanks,limit,noisy_plateau,0.005,5000,1.0,0.1667,0.5,0.0013618396868863248,0.951044388598418,0.8667,30
wynn_eps_1,wynn_eps,limit,noisy_plateau,0.005,5000,1.0,0.0667,0.4333,0.001631199546234017,0.8346811304578579,1.04,30
wynn_eps_2,wynn_eps,limit,noisy_plateau,0.005,5000,1.0,0.0667,0.5333,0.0014028676828467925,1.1869581781164382,1.08,30
wynn_eps_3,wynn_eps,limit,noisy_plateau,0.005,5000,1.0,0.1333,0.5667,0.0012766401307254616,1.1952088274236838,0.96,30
wynn_rho_1,wynn_rho,limit,noisy_plateau,0.005,5000,1.0,0.0667,0.6333,0.001126680547281875,1.110880100062406,1.12,30
wynn_rho_2,wynn_rho,limit,noisy_plateau,0.005,5000,1.0,0.2,0.6,0.0015712246724174277,1.1808115038816989,0.84,30
wynn_rho_3,wynn_rho,limit,noisy_plateau,0.005,5000,1.0,0.1667,0.5667,0.001254061371873661,1.2927368985649712,0.8933,30
pade_11,pade,trajectory,noisy_plateau,0.005,5000,1.0,0.0333,0.4,0.0019694501040641334,0.7152111515775226,1.0933,30
pade_12,pade,trajectory,noisy_plateau,0.005,5000,1.0,0.6,0.0,0.009247721595209738,0.1465293618436433,-0.2,30
pade_13,pade,trajectory,noisy_plateau,0.005,5000,1.0,0.5667,0.0,0.009998595571768621,0.13851095561776733,-0.1333,30
pade_21,pade,trajectory,noisy_plateau,0.005,5000,0.8,1.0,0.0,0.40259546010005764,0.004684444321503524,-1.2,30
pade_22,pade,trajectory,noisy_plateau,0.005,5000,1.0,0.1333,0.3,0.002400314135574895,0.6258870911025866,0.8533,30
pade_23,pade,trajectory,noisy_plateau,0.005,5000,1.0,0.5667,0.0333,0.00953551648312637,0.14195893364262302,-0.12,30
pade_31,pade,trajectory,noisy_plateau,0.005,5000,0.7333,1.0,0.0,49.50980977301316,4.577704397269764e-05,-1.2667,30
pade_32,pade,trajectory,noisy_plateau,0.005,5000,0.7,0.9667,0.0,0.40229366957226004,0.003993418570542899,-1.2333,30
levin_t1,levin,limit,noisy_plateau,0.005,5000,1.0,0.0667,0.4333,0.0016311995462340188,0.8346811304578572,1.04,30
levin_t2,levin,limit,noisy_plateau,0.005,5000,1.0,0.1667,0.5667,0.001573195085611265,1.0576911773918267,0.8933,30
levin_u1,levin,limit,noisy_plateau,0.005,5000,1.0,0.0667,0.4,0.0016237940083080353,0.8370885210676537,1.0267,30
levin_u2,levin,limit,noisy_plateau,0.005,5000,1.0,0.1667,0.5667,0.0015694522036478302,1.058972775616301,0.8933,30
levin_v1,levin,limit,noisy_plateau,0.005,5000,1.0,0.2333,0.5,0.00156565112944376,1.0087943047035612,0.7333,30
levin_v2,levin,limit,noisy_plateau,0.005,5000,1.0,0.1333,0.4333,0.0015722052542822811,0.8502444066864927,0.9067,30
weniger_d1,weniger,limit,noisy_plateau,0.005,5000,1.0,0.5667,0.0,0.01,0.1384774389018082,-0.1333,30
weniger_d2,weniger,limit,noisy_plateau,0.005,5000,1.0,0.5667,0.0,0.01,0.1384774389018082,-0.1333,30
brezinski_theta1,brezinski,limit,noisy_plateau,0.005,5000,1.0,0.3,0.3,0.0036847321951746117,0.4029981146273178,0.52,30
brezinski_theta2,brezinski,limit,noisy_plateau,0.005,5000,1.0,0.4667,0.1333,0.00931605136352277,0.20603507330372361,0.12,30
neville_2,neville,trajectory,noisy_plateau,0.005,5000,0.5667,1.0,0.0,19.711119568975114,6.574375082409414e-05,-1.4333,30
neville_3,neville,trajectory,noisy_plateau,0.005,5000,0.1333,1.0,0.0,218.4342593371253,2.983686100740558e-06,-1.8667,30
neville_4,neville,trajectory,noisy_plateau,0.005,5000,0.0,1.0,0.0,,,-2.0,30
anderson_1,anderson,limit,noisy_plateau,0.005,5000,1.0,0.0667,0.4333,0.0016310447787519743,0.835076748628458,1.04,30
anderson_2,anderson,limit,noisy_plateau,0.005,5000,1.0,0.1,0.4333,0.0017373898867993447,0.9386557636113355,0.9733,30
anderson_3,anderson,limit,noisy_plateau,0.005,5000,1.0,0.1,0.5,0.001676161907356916,1.0008115709084697,1.0,30
median_ensemble,ensemble,trajectory,noisy_plateau,0.005,5000,1.0,0.1,0.5333,0.0014580409657571937,1.057626858224567,1.0133,30
stability_weighted,ensemble,trajectory,noisy_plateau,0.005,5000,1.0,0.1333,0.5,0.001976033976225525,0.9828278655241082,0.9333,30
best_shanks_wynn,ensemble,limit,noisy_plateau,0.005,5000,1.0,0.0667,0.4333,0.0016311995462340162,0.8346811304578577,1.04,30
current_value,baseline,limit,slow_osc_power,0.0,150,1.0,0.0,0.0,0.005253604640266529,1.0,1.0,30
linear,baseline,trajectory,slow_osc_power,0.0,150,1.0,1.0,0.0,0.08145710924174698,0.06449534840077584,-1.0,30
log_linear,baseline,trajectory,slow_osc_power,0.0,150,1.0,0.0,0.0,0.018313306907453628,0.286873619648032,1.0,30
geom_avg_diff,baseline,limit,slow_osc_power,0.0,150,1.0,0.0,0.0,0.006468111887121666,0.8122315649373225,1.0,30
richardson_1,richardson,trajectory,slow_osc_power,0.0,150,1.0,0.0,0.0,0.019252087038958136,0.27288494123444595,1.0,30
richardson_2,richardson,trajectory,slow_osc_power,0.0,150,1.0,0.0,0.0,0.019252088731676296,0.27288491724134567,1.0,30
richardson_3,richardson,trajectory,slow_osc_power,0.0,150,1.0,0.0,0.0,0.01969705129451919,0.26672036142426925,1.0,30
richardson_a05,richardson,trajectory,slow_osc_power,0.0,150,1.0,1.0,0.0,0.029325400011079555,0.17914860967903737,-1.0,30
richardson_a10,richardson,trajectory,slow_osc_power,0.0,150,1.0,0.0,0.0,0.0193629672128282,0.27132229180174167,1.0,30
richardson_a20,richardson,trajectory,slow_osc_power,0.0,150,1.0,0.0,0.0,0.006017237715890765,0.8730924201967994,1.0,30
single_exp_fit,parametric,trajectory,slow_osc_power,0.0,150,1.0,1.0,0.0,0.029846265463580535,0.17602217760467093,-1.0,30
double_exp_fit,parametric,trajectory,slow_osc_power,0.0,150,1.0,1.0,0.0,0.029845726290490447,0.17602535750455003,-1.0,30
rational_fit,parametric,trajectory,slow_osc_power,0.0,150,1.0,0.0,0.0,0.019331439049176207,0.2717647986216736,1.0,30
log_fit,parametric,trajectory,slow_osc_power,0.0,150,1.0,0.0,0.0,0.008286236143965182,0.6340158002970624,1.0,30
shanks_1,shanks,limit,slow_osc_power,0.0,150,1.0,0.0,0.0,0.006115765557670724,0.8590264932044647,1.0,30
shanks_2,shanks,limit,slow_osc_power,0.0,150,1.0,0.0,1.0,0.005107750909588704,1.028555372660013,1.4,30
shanks_3,shanks,limit,slow_osc_power,0.0,150,1.0,0.0,1.0,0.0001608183563552995,32.66794139258348,1.4,30
shanks_4,shanks,limit,slow_osc_power,0.0,150,1.0,0.0,1.0,0.0038744235543460223,1.3559706538469318,1.4,30
wynn_eps_1,wynn_eps,limit,slow_osc_power,0.0,150,1.0,0.0,0.0,0.006115765557670252,0.859026493204531,1.0,30
wynn_eps_2,wynn_eps,limit,slow_osc_power,0.0,150,1.0,0.0,1.0,0.0014833689692786908,3.5416708513332114,1.4,30
wynn_eps_3,wynn_eps,limit,slow_osc_power,0.0,150,1.0,0.0,1.0,0.0023290018837248475,2.255732241772287,1.4,30
wynn_rho_1,wynn_rho,limit,slow_osc_power,0.0,150,1.0,0.0,0.0,0.007136478459398188,0.736162053897597,1.0,30
wynn_rho_2,wynn_rho,limit,slow_osc_power,0.0,150,1.0,1.0,0.0,0.03953063623964542,0.13289957207917816,-1.0,30
wynn_rho_3,wynn_rho,limit,slow_osc_power,0.0,150,1.0,1.0,0.0,0.11704169520840726,0.04488660755393054,-1.0,30
pade_11,pade,trajectory,slow_osc_power,0.0,150,1.0,1.0,0.0,0.0365689399632323,0.14366302784681995,-1.0,30
pade_12,pade,trajectory,slow_osc_power,0.0,150,1.0,0.0,0.0,0.018458917835358888,0.2846106519962407,1.0,30
pade_13,pade,trajectory,slow_osc_power,0.0,150,1.0,1.0,0.0,0.03810173709204719,0.13788359904890243,-1.0,30
pade_21,pade,trajectory,slow_osc_power,0.0,150,1.0,1.0,0.0,0.13608251556810108,0.03860602237057719,-1.0,30
pade_22,pade,trajectory,slow_osc_power,0.0,150,1.0,0.0,1.0,1.4671085755299518e-05,358.0924225985668,1.4,30
pade_23,pade,trajectory,slow_osc_power,0.0,150,1.0,1.0,0.0,0.07621903106966181,0.06892772797734596,-1.0,30
pade_31,pade,trajectory,slow_osc_power,0.0,150,1.0,1.0,0.0,0.0831443612883625,0.06318654156288363,-1.0,30
pade_32,pade,trajectory,slow_osc_power,0.0,150,1.0,0.0,0.0,0.018946258494680568,0.2772898217208191,1.0,30
levin_t1,levin,limit,slow_osc_power,0.0,150,1.0,0.0,0.0,0.0061157655576702455,0.8590264932045318,1.0,30
levin_t2,levin,limit,slow_osc_power,0.0,150,1.0,0.0,0.0,0.005714793093847995,0.9192991861633736,1.0,30
levin_u1,levin,limit,slow_osc_power,0.0,150,1.0,0.0,0.0,0.006194402249192578,0.8481213245315674,1.0,30
levin_u2,levin,limit,slow_osc_power,0.0,150,1.0,0.0,0.0,0.0056774076788976766,0.9253527203610236,1.0,30
levin_v1,levin,limit,slow_osc_power,0.0,150,1.0,0.0,0.0,0.0055837709981330225,0.9408703619871075,1.0,30
levin_v2,levin,limit,slow_osc_power,0.0,150,1.0,0.0,0.0,0.00559617625766172,0.9387846984043479,1.0,30
weniger_d1,weniger,limit,slow_osc_power,0.0,150,1.0,1.0,0.0,0.04329058025128496,0.12135676190458525,-1.0,30
weniger_d2,weniger,limit,slow_osc_power,0.0,150,1.0,1.0,0.0,0.043290580251314846,0.12135676190450147,-1.0,30
brezinski_theta1,brezinski,limit,slow_osc_power,0.0,150,1.0,0.0,0.0,0.006303475360709847,0.833445732652933,1.0,30
brezinski_theta2,brezinski,limit,slow_osc_power,0.0,150,1.0,0.0,1.0,0.004704936989372757,1.1166153026348857,1.4,30
neville_2,neville,trajectory,slow_osc_power,0.0,150,1.0,0.0,1.0,0.005197241960912605,1.0108447287576405,1.4,30
neville_3,neville,trajectory,slow_osc_power,0.0,150,1.0,0.0,0.0,0.010599481406528284,0.4956473282769101,1.0,30
neville_4,neville,trajectory,slow_osc_power,0.0,150,1.0,0.0,0.0,0.007455373779114385,0.704673540981147,1.0,30
anderson_1,anderson,limit,slow_osc_power,0.0,150,1.0,0.0,0.0,0.0053211602652628864,0.9873043431077677,1.0,30
anderson_2,anderson,limit,slow_osc_power,0.0,150,1.0,0.0,0.0,0.005392558948623408,0.9742322133738843,1.0,30
anderson_3,anderson,limit,slow_osc_power,0.0,150,1.0,0.0,0.0,0.005467024681000451,0.9609623052415291,1.0,30
median_ensemble,ensemble,trajectory,slow_osc_power,0.0,150,1.0,0.0,0.0,0.006115765557670488,0.8590264932044978,1.0,30
stability_weighted,ensemble,trajectory,slow_osc_power,0.0,150,1.0,0.0,1.0,0.00316732015365781,1.6586907497176608,1.4,30
best_shanks_wynn,ensemble,limit,slow_osc_power,0.0,150,1.0,0.0,0.0,0.006115765557670724,0.8590264932044647,1.0,30
current_value,baseline,limit,slow_osc_power,0.0,1000,1.0,0.0,0.0,0.018274130519435827,1.0,1.0,30
linear,baseline,trajectory,slow_osc_power,0.0,1000,0.0,1.0,0.0,,,-2.0,30
log_linear,baseline,trajectory,slow_osc_power,0.0,1000,1.0,0.0,1.0,0.008334911252306742,2.1924805155397835,1.4,30
geom_avg_diff,baseline,limit,slow_osc_power,0.0,1000,1.0,0.0,1.0,0.017058848371805067,1.0712405738736375,1.4,30
richardson_1,richardson,trajectory,slow_osc_power,0.0,1000,1.0,0.0,1.0,0.015853337774504834,1.1526992472729678,1.4,30
richardson_2,richardson,trajectory,slow_osc_power,0.0,1000,1.0,0.0,1.0,0.015853338654699515,1.1526991832738462,1.4,30
richardson_3,richardson,trajectory,slow_osc_power,0.0,1000,1.0,0.0,1.0,0.01630036344598865,1.1210873045860152,1.4,30
richardson_a05,richardson,trajectory,slow_osc_power,0.0,1000,1.0,0.0,0.0,0.052964893171207145,0.3450234565821807,1.0,30
richardson_a10,richardson,trajectory,slow_osc_power,0.0,1000,1.0,0.0,1.0,0.014855988477047395,1.2300851301594293,1.4,30
richardson_a20,richardson,trajectory,slow_osc_power,0.0,1000,1.0,0.0,1.0,0.014076436709351797,1.2982071313044201,1.4,30
single_exp_fit,parametric,trajectory,slow_osc_power,0.0,1000,1.0,0.0,1.0,0.015766372230495,1.159057407263947,1.4,30
double_exp_fit,parametric,trajectory,slow_osc_power,0.0,1000,1.0,0.0,1.0,0.015765368251412403,1.1591312190121956,1.4,30
rational_fit,parametric,trajectory,slow_osc_power,0.0,1000,1.0,0.0,1.0,0.016105304668725465,1.1346653103012672,1.4,30
log_fit,parametric,trajectory,slow_osc_power,0.0,1000,1.0,0.0,1.0,0.017768454825940964,1.028459182210746,1.4,30
shanks_1,shanks,limit,slow_osc_power,0.0,1000,1.0,0.0,1.0,0.017411969602031632,1.04951541595292,1.4,30
shanks_2,shanks,limit,slow_osc_power,0.0,1000,1.0,0.0,0.0,0.018419984250113652,0.9920817668084094,1.0,30
shanks_3,shanks,limit,slow_osc_power,0.0,1000,1.0,0.0,0.0,0.023688553516057656,0.7714329415280009,1.0,30
shanks_4,shanks,limit,slow_osc_power,0.0,1000,1.0,0.0,0.0,0.019653311605356334,0.9298244940285472,1.0,30
wynn_eps_1,wynn_eps,limit,slow_osc_power,0.0,1000,1.0,0.0,1.0,0.017411969602032104,1.0495154159528914,1.4,30
wynn_eps_2,wynn_eps,limit,slow_osc_power,0.0,1000,1.0,0.0,0.0,0.025011104128981047,0.7306406956365071,1.0,30
wynn_eps_3,wynn_eps,limit,slow_osc_power,0.0,1000,1.0,0.0,0.0,0.025856737043427204,0.7067454214638085,1.0,30
wynn_rho_1,wynn_rho,limit,slow_osc_power,0.0,1000,1.0,0.0,1.0,0.01639125670030417,1.1148706199626974,1.4,30
wynn_rho_2,wynn_rho,limit,slow_osc_power,0.0,1000,1.0,0.0,0.0,0.06305837139934778,0.2897970580893378,1.0,30
wynn_rho_3,wynn_rho,limit,slow_osc_power,0.0,1000,1.0,1.0,0.0,0.14056943036810962,0.1300007439141021,-1.0,30
pade_11,pade,trajectory,slow_osc_power,0.0,1000,1.0,0.0,0.0,0.06508568628663985,0.28077034386571353,1.0,30
pade_12,pade,trajectory,slow_osc_power,0.0,1000,1.0,0.0,1.0,0.015836288377767422,1.15394024682519,1.4,30
pade_13,pade,trajectory,slow_osc_power,0.0,1000,1.0,0.0,0.0,0.01963156202381891,0.9308546358799104,1.0,30
pade_21,pade,trajectory,slow_osc_power,0.0,1000,0.0,1.0,0.0,,,-2.0,30
pade_22,pade,trajectory,slow_osc_power,0.0,1000,1.0,0.0,0.0,0.045862449220006915,0.3984551813134299,1.0,30
pade_23,pade,trajectory,slow_osc_power,0.0,1000,1.0,0.0,0.0,0.02631743052023324,0.6943736587576966,1.0,30
pade_31,pade,trajectory,slow_osc_power,0.0,1000,1.0,1.0,0.0,21.872798604184318,0.0008354729017593543,-1.0,30
pade_32,pade,trajectory,slow_osc_power,0.0,1000,1.0,1.0,0.0,0.7183179952726793,0.025440168058853685,-1.0,30
levin_t1,levin,limit,slow_osc_power,0.0,1000,1.0,0.0,1.0,0.01741196960203211,1.0495154159528912,1.4,30
levin_t2,levin,limit,slow_osc_power,0.0,1000,1.0,0.0,1.0,0.017812942065854362,1.0258906390576275,1.4,30
levin_u1,levin,limit,slow_osc_power,0.0,1000,1.0,0.0,1.0,0.01733333291050978,1.0542767864543587,1.4,30
levin_u2,levin,limit,slow_osc_power,0.0,1000,1.0,0.0,1.0,0.01785032748080468,1.0237420315726355,1.4,30
levin_v1,levin,limit,slow_osc_power,0.0,1000,1.0,0.0,1.0,0.017943964161569334,1.018399856068238,1.4,30
levin_v2,levin,limit,slow_osc_power,0.0,1000,1.0,0.0,1.0,0.017931558902040637,1.0191043968495235,1.4,30
weniger_d1,weniger,limit,slow_osc_power,0.0,1000,1.0,0.0,0.0,0.019762845091582604,0.9246710397593082,1.0,30
weniger_d2,weniger,limit,slow_osc_power,0.0,1000,1.0,0.0,0.0,0.01976284509161249,0.9246710397579099,1.0,30
brezinski_theta1,brezinski,limit,slow_osc_power,0.0,1000,1.0,0.0,1.0,0.01722425979899251,1.0609530239728924,1.4,30
brezinski_theta2,brezinski,limit,slow_osc_power,0.0,1000,1.0,0.0,0.0,0.0188227981703296,0.9708508986852636,1.0,30
neville_2,neville,trajectory,slow_osc_power,0.0,1000,1.0,0.0,0.0,0.08746064281424291,0.208941186931911,1.0,30
neville_3,neville,trajectory,slow_osc_power,0.0,1000,1.0,1.0,0.0,0.14820828687022106,0.12330032891775893,-1.0,30
neville_4,neville,trajectory,slow_osc_power,0.0,1000,1.0,0.0,0.0,0.0713528667140649,0.2561092687791572,1.0,30
anderson_1,anderson,limit,slow_osc_power,0.0,1000,1.0,0.0,1.0,0.01820657489443947,1.0037105070771433,1.4,30
anderson_2,anderson,limit,slow_osc_power,0.0,1000,1.0,0.0,1.0,0.01813517621107895,1.0076621427186347,1.4,30
anderson_3,anderson,limit,slow_osc_power,0.0,1000,1.0,0.0,1.0,0.018060710478701905,1.0118168131306682,1.4,30
median_ensemble,ensemble,trajectory,slow_osc_power,0.0,1000,1.0,0.0,1.0,0.017411969602031868,1.0495154159529059,1.4,30
stability_weighted,ensemble,trajectory,slow_osc_power,0.0,1000,1.0,0.0,0.0,0.019001088586809357,0.9617412410845667,1.0,30
best_shanks_wynn,ensemble,limit,slow_osc_power,0.0,1000,1.0,0.0,1.0,0.017411969602031632,1.04951541595292,1.4,30
current_value,baseline,limit,slow_osc_power,0.0,5000,1.0,0.0,0.0,0.02530024059956405,1.0,1.0,30
linear,baseline,trajectory,slow_osc_power,0.0,5000,0.0,1.0,0.0,,,-2.0,30
log_linear,baseline,trajectory,slow_osc_power,0.0,5000,1.0,0.0,1.0,0.002542303071341255,9.951701229002678,1.4,30
geom_avg_diff,baseline,limit,slow_osc_power,0.0,5000,1.0,0.0,1.0,0.02408495845193329,1.0504581375988717,1.4,30
richardson_1,richardson,trajectory,slow_osc_power,0.0,5000,1.0,0.0,1.0,0.01189930335931887,2.126195108703596,1.4,30
richardson_2,richardson,trajectory,slow_osc_power,0.0,5000,1.0,0.0,1.0,0.011899303654461233,2.1261950559668756,1.4,30
richardson_3,richardson,trajectory,slow_osc_power,0.0,5000,1.0,0.0,1.0,0.012075517086564954,2.0951682994770247,1.4,30
richardson_a05,richardson,trajectory,slow_osc_power,0.0,5000,1.0,0.0,0.0,0.062420189878966484,0.4053214296307257,1.0,30
richardson_a10,richardson,trajectory,slow_osc_power,0.0,5000,1.0,0.0,1.0,0.01051516165676692,2.406072433825337,1.4,30
richardson_a20,richardson,trajectory,slow_osc_power,0.0,5000,1.0,0.0,1.0,0.02102666370828889,1.2032456004701535,1.4,30
single_exp_fit,parametric,trajectory,slow_osc_power,0.0,5000,1.0,0.0,1.0,0.008740262651556623,2.8946773807830737,1.4,30
double_exp_fit,parametric,trajectory,slow_osc_power,0.0,5000,1.0,0.0,1.0,0.008739258672306058,2.8950099256975066,1.4,30
rational_fit,parametric,trajectory,slow_osc_power,0.0,5000,1.0,0.0,1.0,0.012003392771189033,2.107757455066419,1.4,30
log_fit,parametric,trajectory,slow_osc_power,0.0,5000,1.0,0.0,1.0,0.017712541187887638,1.4283800574513332,1.4,30
shanks_1,shanks,limit,slow_osc_power,0.0,5000,1.0,0.0,1.0,0.024438079682159854,1.0352794052813235,1.4,30
shanks_2,shanks,limit,slow_osc_power,0.0,5000,1.0,0.0,0.0,0.025446094330241874,0.9942681289794449,1.0,30
shanks_3,shanks,limit,slow_osc_power,0.0,5000,1.0,0.0,0.0,0.030714663596185878,0.8237186293880103,1.0,30
shanks_4,shanks,limit,slow_osc_power,0.0,5000,1.0,0.0,0.0,0.026679421685484556,0.9483054354708567,1.0,30
wynn_eps_1,wynn_eps,limit,slow_osc_power,0.0,5000,1.0,0.0,1.0,0.024438079682160326,1.0352794052813035,1.4,30
wynn_eps_2,wynn_eps,limit,slow_osc_power,0.0,5000,1.0,0.0,0.0,0.032037214209109266,0.7897141254051463,1.0,30
wynn_eps_3,wynn_eps,limit,slow_osc_power,0.0,5000,1.0,0.0,0.0,0.03288284712355542,0.7694054138469165,1.0,30
wynn_rho_1,wynn_rho,limit,slow_osc_power,0.0,5000,1.0,0.0,1.0,0.02341736678043239,1.0804050189240317,1.4,30
wynn_rho_2,wynn_rho,limit,slow_osc_power,0.0,5000,1.0,0.0,0.0,0.070084481479476,0.3609963299360806,1.0,30
wynn_rho_3,wynn_rho,limit,slow_osc_power,0.0,5000,1.0,1.0,0.0,0.14759554044823783,0.1714160232939891,-1.0,30
pade_11,pade,trajectory,slow_osc_power,0.0,5000,1.0,0.0,0.0,0.06770278012530304,0.3736957411902264,1.0,30
pade_12,pade,trajectory,slow_osc_power,0.0,5000,1.0,0.0,1.0,0.01194588628396942,2.1179040213630094,1.4,30
pade_13,pade,trajectory,slow_osc_power,0.0,5000,1.0,0.0,1.0,0.012731619836289676,1.9871973028482444,1.4,30
pade_21,pade,trajectory,slow_osc_power,0.0,5000,0.0,1.0,0.0,,,-2.0,30
pade_22,pade,trajectory,slow_osc_power,0.0,5000,1.0,0.0,0.0,0.05574531396843095,0.4538541233060736,1.0,30
pade_23,pade,trajectory,slow_osc_power,0.0,5000,1.0,0.0,1.0,0.013954202878233313,1.8130910679985193,1.4,30
pade_31,pade,trajectory,slow_osc_power,0.0,5000,0.0,1.0,0.0,,,-2.0,30
pade_32,pade,trajectory,slow_osc_power,0.0,5000,1.0,1.0,0.0,3.869351122808594,0.006538626192497026,-1.0,30
levin_t1,levin,limit,slow_osc_power,0.0,5000,1.0,0.0,1.0,0.024438079682160333,1.0352794052813032,1.4,30
levin_t2,levin,limit,slow_osc_power,0.0,5000,1.0,0.0,1.0,0.024839052145982584,1.0185670713548567,1.4,30
levin_u1,levin,limit,slow_osc_power,0.0,5000,1.0,0.0,1.0,0.024359442990638,1.038621474607922,1.4,30
levin_u2,levin,limit,slow_osc_power,0.0,5000,1.0,0.0,1.0,0.024876437560932902,1.0170363235327837,1.4,30
levin_v1,levin,limit,slow_osc_power,0.0,5000,1.0,0.0,1.0,0.024970074241697556,1.0132224820267113,1.4,30
levin_v2,levin,limit,slow_osc_power,0.0,5000,1.0,0.0,1.0,0.02495766898216886,1.0137261062978253,1.4,30
weniger_d1,weniger,limit,slow_osc_power,0.0,5000,1.0,0.0,1.0,0.012736735011454382,1.9863992284373566,1.4,30
weniger_d2,weniger,limit,slow_osc_power,0.0,5000,1.0,0.0,1.0,0.01273673501148427,1.9863992284326955,1.4,30
brezinski_theta1,brezinski,limit,slow_osc_power,0.0,5000,1.0,0.0,1.0,0.024250369879120732,1.0432929776195803,1.4,30
brezinski_theta2,brezinski,limit,slow_osc_power,0.0,5000,1.0,0.0,0.0,0.02584890825045782,0.9787740493494902,1.0,30
neville_2,neville,trajectory,slow_osc_power,0.0,5000,1.0,0.0,0.0,0.10687903149728437,0.23671846802061347,1.0,30
neville_3,neville,trajectory,slow_osc_power,0.0,5000,1.0,1.0,0.0,0.18301232249258745,0.13824337211276463,-1.0,30
neville_4,neville,trajectory,slow_osc_power,0.0,5000,1.0,0.0,0.0,0.07934887518137466,0.318848131643115,1.0,30
anderson_1,anderson,limit,slow_osc_power,0.0,5000,1.0,0.0,1.0,0.025232684974567692,1.0026773062424568,1.4,30
anderson_2,anderson,limit,slow_osc_power,0.0,5000,1.0,0.0,1.0,0.02516128629120717,1.005522543909269,1.4,30
anderson_3,anderson,limit,slow_osc_power,0.0,5000,1.0,0.0,1.0,0.025086820558830127,1.0085072574355702,1.4,30
median_ensemble,ensemble,trajectory,slow_osc_power,0.0,5000,1.0,0.0,1.0,0.02443807968216009,1.0352794052813135,1.4,30
stability_weighted,ensemble,trajectory,slow_osc_power,0.0,5000,1.0,0.0,1.0,0.021346037671323138,1.1852429471514097,1.4,30
best_shanks_wynn,ensemble,limit,slow_osc_power,0.0,5000,1.0,0.0,1.0,0.024438079682159854,1.0352794052813235,1.4,30
current_value,baseline,limit,slow_osc_power,0.001,150,1.0,0.0,0.0,0.005188741869477351,1.0,1.0,30
linear,baseline,trajectory,slow_osc_power,0.001,150,1.0,1.0,0.0,0.08131578337721244,0.06329955907681589,-1.0,30
log_linear,baseline,trajectory,slow_osc_power,0.001,150,1.0,0.0667,0.0,0.01826657241611382,0.28114593347265254,0.8667,30
geom_avg_diff,baseline,limit,slow_osc_power,0.001,150,0.5,0.6667,0.1667,0.009846709129304014,0.5035407079859233,-0.7667,30
richardson_1,richardson,trajectory,slow_osc_power,0.001,150,1.0,0.1333,0.0,0.019219904050124883,0.26691550522864127,0.7333,30
richardson_2,richardson,trajectory,slow_osc_power,0.001,150,1.0,0.1333,0.0,0.01921990450648215,0.2669152912271766,0.7333,30
richardson_3,richardson,trajectory,slow_osc_power,0.001,150,1.0,0.1667,0.0,0.01966362712089429,0.26122017869409053,0.6667,30
richardson_a05,richardson,trajectory,slow_osc_power,0.001,150,1.0,0.7333,0.0,0.02923738485297049,0.17459518387802675,-0.4667,30
richardson_a10,richardson,trajectory,slow_osc_power,0.001,150,1.0,0.1333,0.0,0.019291406284351754,0.26302077415455205,0.7333,30
richardson_a20,richardson,trajectory,slow_osc_power,0.001,150,1.0,0.0,0.2333,0.005984734190316258,0.8355691430635108,1.0933,30
single_exp_fit,parametric,trajectory,slow_osc_power,0.001,150,1.0,0.8,0.0,0.02979668079345868,0.17244117618770824,-0.6,30
double_exp_fit,parametric,trajectory,slow_osc_power,0.001,150,1.0,0.8,0.0,0.029797337814768038,0.17244000270818832,-0.6,30
rational_fit,parametric,trajectory,slow_osc_power,0.001,150,1.0,0.1333,0.0,0.01932115317213705,0.2672048784728597,0.7333,30
log_fit,parametric,trajectory,slow_osc_power,0.001,150,1.0,0.0,0.0,0.008307323431916164,0.6216655859370845,1.0,30
shanks_1,shanks,limit,slow_osc_power,0.001,150,1.0,0.0,0.4333,0.005136813839437135,0.982290069521699,1.1733,30
shanks_2,shanks,limit,slow_osc_power,0.001,150,1.0,0.0333,0.5667,0.00473643534065173,1.0600286837790045,1.16,30
shanks_3,shanks,limit,slow_osc_power,0.001,150,1.0,0.0,0.5333,0.00452747934855904,1.0716919672391416,1.2133,30
shanks_4,shanks,limit,slow_osc_power,0.001,150,1.0,0.0,0.6,0.004289767132531042,1.0406326652289755,1.24,30
wynn_eps_1,wynn_eps,limit,slow_osc_power,0.001,150,1.0,0.0,0.4333,0.005136813839437149,0.9822900695217086,1.1733,30
wynn_eps_2,wynn_eps,limit,slow_osc_power,0.001,150,1.0,0.0,0.5333,0.004744702559674928,1.0422407639756646,1.2133,30
wynn_eps_3,wynn_eps,limit,slow_osc_power,0.001,150,1.0,0.0,0.5,0.004456211764084627,1.0069600007450628,1.2,30
wynn_rho_1,wynn_rho,limit,slow_osc_power,0.001,150,1.0,0.0,0.3667,0.0050037517365603724,0.9789078082614532,1.1467,30
wynn_rho_2,wynn_rho,limit,slow_osc_power,0.001,150,1.0,0.0,0.3667,0.004873257386177547,0.9679204046104353,1.1467,30
wynn_rho_3,wynn_rho,limit,slow_osc_power,0.001,150,1.0,0.0,0.5333,0.004876713552410771,1.0088542396126763,1.2133,30
pade_11,pade,trajectory,slow_osc_power,0.001,150,1.0,1.0,0.0,0.03784021458992857,0.13596655490555204,-1.0,30
pade_12,pade,trajectory,slow_osc_power,0.001,150,1.0,0.0667,0.0,0.017578576131720272,0.29214549436452564,0.8667,30
pade_13,pade,trajectory,slow_osc_power,0.001,150,1.0,0.8667,0.0,0.03168523161064858,0.16336484240322047,-0.7333,30
pade_21,pade,trajectory,slow_osc_power,0.001,150,1.0,1.0,0.0,0.11812455707003178,0.043068623342577134,-1.0,30
pade_22,pade,trajectory,slow_osc_power,0.001,150,0.9667,1.0,0.0,0.13498242050583426,0.031203816966353208,-1.0333,30
pade_23,pade,trajectory,slow_osc_power,0.001,150,0.9667,0.4667,0.2,0.02163461633949207,0.24257115172788338,0.1133,30
pade_31,pade,trajectory,slow_osc_power,0.001,150,1.0,0.8333,0.0,0.03742816446855014,0.12770513870284889,-0.6667,30
pade_32,pade,trajectory,slow_osc_power,0.001,150,1.0,1.0,0.0,0.09137549351410719,0.05227602456137269,-1.0,30
levin_t1,levin,limit,slow_osc_power,0.001,150,1.0,0.0,0.4333,0.005136813839437149,0.9822900695217087,1.1733,30
levin_t2,levin,limit,slow_osc_power,0.001,150,1.0,0.0,0.5667,0.004846305462866098,1.0145113554970535,1.2267,30
levin_u1,levin,limit,slow_osc_power,0.001,150,1.0,0.0,0.4333,0.005131342261022624,0.9820038906973045,1.1733,30
levin_u2,levin,limit,slow_osc_power,0.001,150,1.0,0.0,0.5667,0.004843577682238569,1.0148624377621498,1.2267,30
levin_v1,levin,limit,slow_osc_power,0.001,150,1.0,0.0,0.5333,0.004704639033154597,1.010946025892622,1.2133,30
levin_v2,levin,limit,slow_osc_power,0.001,150,1.0,0.0,0.5333,0.004622388007420774,1.0254533875677738,1.2133,30
weniger_d1,weniger,limit,slow_osc_power,0.001,150,1.0,1.0,0.0,0.04329058025128496,0.11985845048411746,-1.0,30
weniger_d2,weniger,limit,slow_osc_power,0.001,150,1.0,1.0,0.0,0.04329058025128496,0.11985845048411692,-1.0,30
brezinski_theta1,brezinski,limit,slow_osc_power,0.001,150,1.0,0.0,0.4333,0.005107981303594453,0.8342216724829813,1.1733,30
brezinski_theta2,brezinski,limit,slow_osc_power,0.001,150,1.0,0.0667,0.5333,0.0046439377622760035,1.106863405895028,1.08,30
neville_2,neville,trajectory,slow_osc_power,0.001,150,0.6667,1.0,0.0,1.381193485905095,0.0027020386681307937,-1.3333,30
neville_3,neville,trajectory,slow_osc_power,0.001,150,0.5333,1.0,0.0,31.429177425521328,0.0001386130605715276,-1.4667,30
neville_4,neville,trajectory,slow_osc_power,0.001,150,0.3667,1.0,0.0,219.00680430744782,1.9762152846068303e-05,-1.6333,30
anderson_1,anderson,limit,slow_osc_power,0.001,150,1.0,0.0,0.4333,0.005136284532039029,0.9832954137710577,1.1733,30
anderson_2,anderson,limit,slow_osc_power,0.001,150,1.0,0.0,0.5,0.005187814882747183,0.9930348255099859,1.2,30
anderson_3,anderson,limit,slow_osc_power,0.001,150,1.0,0.0,0.4667,0.005274193598411123,0.9800752707515665,1.1867,30
median_ensemble,ensemble,trajectory,slow_osc_power,0.001,150,1.0,0.0,0.3,0.005316845111633772,0.9126927576002724,1.12,30
stability_weighted,ensemble,trajectory,slow_osc_power,0.001,150,1.0,0.0,0.4,0.005801744982904384,0.9033093513798525,1.16,30
best_shanks_wynn,ensemble,limit,slow_osc_power,0.001,150,1.0,0.0,0.4333,0.005136813839437135,0.982290069521699,1.1733,30
current_value,baseline,limit,slow_osc_power,0.001,1000,1.0,0.0,0.0,0.018338993290225005,1.0,1.0,30
linear,baseline,trajectory,slow_osc_power,0.001,1000,0.0,1.0,0.0,,,-2.0,30
log_linear,baseline,trajectory,slow_osc_power,0.001,1000,1.0,0.0,1.0,0.00832640680340177,2.202436686985484,1.4,30
geom_avg_diff,baseline,limit,slow_osc_power,0.001,1000,0.4667,0.5667,0.1333,0.023818183869704475,0.8006293149789689,-0.6133,30
richardson_1,richardson,trajectory,slow_osc_power,0.001,1000,1.0,0.0,1.0,0.015837704168435763,1.1577996786302451,1.4,30
richardson_2,richardson,trajectory,slow_osc_power,0.001,1000,1.0,0.0,1.0,0.015837702748767384,1.157798979045583,1.4,30
richardson_3,richardson,trajectory,slow_osc_power,0.001,1000,1.0,0.0,1.0,0.01628379750100506,1.1258616812953521,1.4,30
richardson_a05,richardson,trajectory,slow_osc_power,0.001,1000,1.0,0.0,0.0,0.05278797425234147,0.34760384288727475,1.0,30
richardson_a10,richardson,trajectory,slow_osc_power,0.001,1000,1.0,0.0,1.0,0.014767525755455582,1.2324088355405967,1.4,30
richardson_a20,richardson,trajectory,slow_osc_power,0.001,1000,1.0,0.0,1.0,0.014115610972259544,1.3096888320739783,1.4,30
single_exp_fit,parametric,trajectory,slow_osc_power,0.001,1000,1.0,0.0,0.8333,0.015571210198200326,1.1706869119864947,1.3333,30
double_exp_fit,parametric,trajectory,slow_osc_power,0.001,1000,1.0,0.0,0.8333,0.015572530419818011,1.170672252183914,1.3333,30
rational_fit,parametric,trajectory,slow_osc_power,0.001,1000,1.0,0.0,1.0,0.016101834062865385,1.1391929125314473,1.4,30
log_fit,parametric,trajectory,slow_osc_power,0.001,1000,1.0,0.0,0.6667,0.017783799575459246,1.0328566096568133,1.2667,30
shanks_1,shanks,limit,slow_osc_power,0.001,1000,1.0,0.0,0.5667,0.01839092132026522,1.0065040226609203,1.2267,30
shanks_2,shanks,limit,slow_osc_power,0.001,1000,1.0,0.0,0.4,0.018879634589203942,0.9828014687776065,1.16,30
shanks_3,shanks,limit,slow_osc_power,0.001,1000,1.0,0.0,0.4667,0.019000255811143316,0.9824994291218858,1.1867,30
shanks_4,shanks,limit,slow_osc_power,0.001,1000,1.0,0.0,0.4,0.019237968027171315,0.9861068795280779,1.16,30
wynn_eps_1,wynn_eps,limit,slow_osc_power,0.001,1000,1.0,0.0,0.5667,0.018390921320265208,1.0065040226609168,1.2267,30
wynn_eps_2,wynn_eps,limit,slow_osc_power,0.001,1000,1.0,0.0,0.4667,0.01878303260002743,0.991304845721551,1.1867,30
wynn_eps_3,wynn_eps,limit,slow_osc_power,0.001,1000,1.0,0.0,0.5,0.01907152339561773,1.0006721211982974,1.2,30
wynn_rho_1,wynn_rho,limit,slow_osc_power,0.001,1000,1.0,0.0,0.6,0.018553047939756453,1.0062804196287032,1.24,30
wynn_rho_2,wynn_rho,limit,slow_osc_power,0.001,1000,1.0,0.0,0.6333,0.01865447777352481,1.0082892006948905,1.2533,30
wynn_rho_3,wynn_rho,limit,slow_osc_power,0.001,1000,1.0,0.0,0.4333,0.018710870556946684,0.9943692262717674,1.1733,30
pade_11,pade,trajectory,slow_osc_power,0.001,1000,1.0,0.0,0.0,0.07078772543907755,0.25437317124045594,1.0,30
pade_12,pade,trajectory,slow_osc_power,0.001,1000,1.0,0.0,1.0,0.015664461865809,1.1653427043560478,1.4,30
pade_13,pade,trajectory,slow_osc_power,0.001,1000,1.0,0.0,0.2333,0.019533283784282846,0.9392527963623967,1.0933,30
pade_21,pade,trajectory,slow_osc_power,0.001,1000,0.0,1.0,0.0,,,-2.0,30
pade_22,pade,trajectory,slow_osc_power,0.001,1000,0.9667,1.0,0.0,0.2236880108674809,0.07830387452967706,-1.0333,30
pade_23,pade,trajectory,slow_osc_power,0.001,1000,1.0,0.0667,0.6,0.01037089112370361,1.8407059750467396,1.1067,30
pade_31,pade,trajectory,slow_osc_power,0.001,1000,1.0,1.0,0.0,4.019293396888708,0.004518811899767319,-1.0,30
pade_32,pade,trajectory,slow_osc_power,0.001,1000,0.0,1.0,0.0,,,-2.0,30
levin_t1,levin,limit,slow_osc_power,0.001,1000,1.0,0.0,0.5667,0.018390921320265208,1.0065040226609168,1.2267,30
levin_t2,levin,limit,slow_osc_power,0.001,1000,1.0,0.0,0.4333,0.018681429696836258,0.9963591063316359,1.1733,30
levin_u1,levin,limit,slow_osc_power,0.001,1000,1.0,0.0,0.5667,0.018396392898679732,1.006602675568853,1.2267,30
levin_u2,levin,limit,slow_osc_power,0.001,1000,1.0,0.0,0.4333,0.018684157477463787,0.9962656536198162,1.1733,30
levin_v1,levin,limit,slow_osc_power,0.001,1000,1.0,0.0,0.4667,0.01882309612654776,0.9978757675042154,1.1867,30
levin_v2,levin,limit,slow_osc_power,0.001,1000,1.0,0.0,0.4667,0.018905347152281583,0.9948285021884751,1.1867,30
weniger_d1,weniger,limit,slow_osc_power,0.001,1000,1.0,0.0,0.1,0.019762845091582604,0.9279530960871597,1.04,30
weniger_d2,weniger,limit,slow_osc_power,0.001,1000,1.0,0.0,0.1,0.019762845091582604,0.9279530960871505,1.04,30
brezinski_theta1,brezinski,limit,slow_osc_power,0.001,1000,1.0,0.0,0.5667,0.018419753856107904,1.0488744313361307,1.2267,30
brezinski_theta2,brezinski,limit,slow_osc_power,0.001,1000,1.0,0.0667,0.3333,0.019737004056500883,0.9318709853718719,1.0,30
neville_2,neville,trajectory,slow_osc_power,0.001,1000,0.5667,1.0,0.0,7.266291877973042,0.0026765170804436706,-1.4333,30
neville_3,neville,trajectory,slow_osc_power,0.001,1000,0.3667,1.0,0.0,230.82064293119166,8.39334476154505e-05,-1.6333,30
neville_4,neville,trajectory,slow_osc_power,0.001,1000,0.0,1.0,0.0,,,-2.0,30
anderson_1,anderson,limit,slow_osc_power,0.001,1000,1.0,0.0,0.5667,0.018391450627663328,1.0061161014670388,1.2267,30
anderson_2,anderson,limit,slow_osc_power,0.001,1000,1.0,0.0,0.5,0.018339920276955173,1.0023108194964028,1.2,30
anderson_3,anderson,limit,slow_osc_power,0.001,1000,1.0,0.0,0.5333,0.018253541561291234,1.0058421252351497,1.2133,30
median_ensemble,ensemble,trajectory,slow_osc_power,0.001,1000,1.0,0.0,0.7,0.018210890048068584,1.024538324029387,1.28,30
stability_weighted,ensemble,trajectory,slow_osc_power,0.001,1000,1.0,0.0,0.9333,0.01672234416660088,1.1094513344635546,1.3733,30
best_shanks_wynn,ensemble,limit,slow_osc_power,0.001,1000,1.0,0.0,0.5667,0.01839092132026522,1.0065040226609203,1.2267,30
current_value,baseline,limit,slow_osc_power,0.001,5000,1.0,0.0,0.0,0.025365103370353227,1.0,1.0,30
linear,baseline,trajectory,slow_osc_power,0.001,5000,0.0,1.0,0.0,,,-2.0,30
log_linear,baseline,trajectory,slow_osc_power,0.001,5000,1.0,0.0,1.0,0.002540712128445341,9.983653520109483,1.4,30
geom_avg_diff,baseline,limit,slow_osc_power,0.001,5000,0.4667,0.5667,0.1333,0.030823307051980296,0.845643496359617,-0.6133,30
richardson_1,richardson,trajectory,slow_osc_power,0.001,5000,1.0,0.0,1.0,0.011894932805902727,2.1323902736242824,1.4,30
richardson_2,richardson,trajectory,slow_osc_power,0.001,5000,1.0,0.0,1.0,0.011894932329719315,2.132389709461363,1.4,30
richardson_3,richardson,trajectory,slow_osc_power,0.001,5000,1.0,0.0,1.0,0.012071298859429452,2.101062560073883,1.4,30
richardson_a05,richardson,trajectory,slow_osc_power,0.001,5000,1.0,0.0,0.0,0.06221906290408962,0.40706296605880443,1.0,30
richardson_a10,richardson,trajectory,slow_osc_power,0.001,5000,1.0,0.0,1.0,0.010422717293802935,2.411899678712264,1.4,30
richardson_a20,richardson,trajectory,slow_osc_power,0.001,5000,1.0,0.0,1.0,0.021066013302941746,1.2117620348717757,1.4,30
single_exp_fit,parametric,trajectory,slow_osc_power,0.001,5000,1.0,0.0,1.0,0.008545100645701107,2.9755002153698618,1.4,30
double_exp_fit,parametric,trajectory,slow_osc_power,0.001,5000,1.0,0.0,1.0,0.008546420867528165,2.975258316649748,1.4,30
rational_fit,parametric,trajectory,slow_osc_power,0.001,5000,1.0,0.0,1.0,0.012002588825471797,2.1134150032572503,1.4,30
log_fit,parametric,trajectory,slow_osc_power,0.001,5000,1.0,0.0,1.0,0.017724990437375895,1.433094916265584,1.4,30
shanks_1,shanks,limit,slow_osc_power,0.001,5000,1.0,0.0,0.5667,0.025417031400393444,1.0046180903514923,1.2267,30
shanks_2,shanks,limit,slow_osc_power,0.001,5000,1.0,0.0,0.4,0.025905744669332164,0.9875261300181102,1.16,30
shanks_3,shanks,limit,slow_osc_power,0.001,5000,1.0,0.0,0.4667,0.02602636589127154,0.9871737185366787,1.1867,30
shanks_4,shanks,limit,slow_osc_power,0.001,5000,1.0,0.0,0.4,0.026264078107299537,0.9901423213540248,1.16,30
wynn_eps_1,wynn_eps,limit,slow_osc_power,0.001,5000,1.0,0.0,0.5667,0.02541703140039343,1.0046180903514896,1.2267,30
wynn_eps_2,wynn_eps,limit,slow_osc_power,0.001,5000,1.0,0.0,0.4667,0.02580914268015565,0.9936112006306532,1.1867,30
wynn_eps_3,wynn_eps,limit,slow_osc_power,0.001,5000,1.0,0.0,0.5,0.02609763347574595,1.0003285019285761,1.2,30
wynn_rho_1,wynn_rho,limit,slow_osc_power,0.001,5000,1.0,0.0,0.6,0.025579158019884675,1.0044928794464303,1.24,30
wynn_rho_2,wynn_rho,limit,slow_osc_power,0.001,5000,1.0,0.0,0.6333,0.02568058785365303,1.0060190958841035,1.2533,30
wynn_rho_3,wynn_rho,limit,slow_osc_power,0.001,5000,1.0,0.0,0.4333,0.025736980637074906,0.9958978817585662,1.1733,30
pade_11,pade,trajectory,slow_osc_power,0.001,5000,1.0,0.0,0.0,0.0745407918226114,0.33406788774450713,1.0,30
pade_12,pade,trajectory,slow_osc_power,0.001,5000,1.0,0.0,1.0,0.011910424018109206,2.1269887123238638,1.4,30
pade_13,pade,trajectory,slow_osc_power,0.001,5000,1.0,0.0,1.0,0.012727827357685196,1.9929369366667486,1.4,30
pade_21,pade,trajectory,slow_osc_power,0.001,5000,0.0,1.0,0.0,,,-2.0,30
pade_22,pade,trajectory,slow_osc_power,0.001,5000,0.9667,0.9667,0.0,0.2417765977105556,0.10197861374524911,-0.9667,30
pade_23,pade,trajectory,slow_osc_power,0.001,5000,1.0,0.0,0.9333,0.010673185687522336,2.452864377998649,1.3733,30
pade_31,pade,trajectory,slow_osc_power,0.001,5000,1.0,1.0,0.0,134.5681349224625,0.0001867055457369605,-1.0,30
pade_32,pade,trajectory,slow_osc_power,0.001,5000,0.0,1.0,0.0,,,-2.0,30
levin_t1,levin,limit,slow_osc_power,0.001,5000,1.0,0.0,0.5667,0.02541703140039343,1.0046180903514896,1.2267,30
levin_t2,levin,limit,slow_osc_power,0.001,5000,1.0,0.0,0.4333,0.02570753977696448,0.9973494804250796,1.1733,30
levin_u1,levin,limit,slow_osc_power,0.001,5000,1.0,0.0,0.5667,0.025422502978807954,1.0046884813965362,1.2267,30
levin_u2,levin,limit,slow_osc_power,0.001,5000,1.0,0.0,0.4333,0.02571026755759201,0.9972816555319366,1.1733,30
levin_v1,levin,limit,slow_osc_power,0.001,5000,1.0,0.0,0.4667,0.02584920620667598,0.9984341321002135,1.1867,30
levin_v2,levin,limit,slow_osc_power,0.001,5000,1.0,0.0,0.4667,0.025931457232409805,0.9961977008139857,1.1867,30
weniger_d1,weniger,limit,slow_osc_power,0.001,5000,1.0,0.0,1.0,0.012736735011454382,1.9914918028475839,1.4,30
weniger_d2,weniger,limit,slow_osc_power,0.001,5000,1.0,0.0,1.0,0.012736735011454382,1.9914918028475532,1.4,30
brezinski_theta1,brezinski,limit,slow_osc_power,0.001,5000,1.0,0.0,0.5667,0.025445863936236126,1.0355647522365288,1.2267,30
brezinski_theta2,brezinski,limit,slow_osc_power,0.001,5000,1.0,0.0667,0.3333,0.026763114136629105,0.9497571489396202,1.0,30
neville_2,neville,trajectory,slow_osc_power,0.001,5000,0.5667,1.0,0.0,8.447475536117798,0.0031375543533272558,-1.4333,30
neville_3,neville,trajectory,slow_osc_power,0.001,5000,0.2667,1.0,0.0,233.7246150555872,0.00011296490358724307,-1.7333,30
neville_4,neville,trajectory,slow_osc_power,0.001,5000,0.0,1.0,0.0,,,-2.0,30
anderson_1,anderson,limit,slow_osc_power,0.001,5000,1.0,0.0,0.5667,0.02541756070779155,1.0043436904747292,1.2267,30
anderson_2,anderson,limit,slow_osc_power,0.001,5000,1.0,0.0,0.5,0.025366030357083395,1.0016533327627102,1.2,30
anderson_3,anderson,limit,slow_osc_power,0.001,5000,1.0,0.0,0.5333,0.025279651641419456,1.0042285916864935,1.2133,30
median_ensemble,ensemble,trajectory,slow_osc_power,0.001,5000,1.0,0.0,0.7,0.025237000128196806,1.017515153572118,1.28,30
stability_weighted,ensemble,trajectory,slow_osc_power,0.001,5000,1.0,0.0,0.9667,0.019780704149768912,1.2724994789637825,1.3867,30
best_shanks_wynn,ensemble,limit,slow_osc_power,0.001,5000,1.0,0.0,0.5667,0.025417031400393444,1.0046180903514923,1.2267,30
current_value,baseline,limit,slow_osc_power,0.005,150,1.0,0.0,0.0,0.0068256324704538615,1.0,1.0,30
linear,baseline,trajectory,slow_osc_power,0.005,150,1.0,1.0,0.0,0.08259859604257698,0.0814115640098379,-1.0,30
log_linear,baseline,trajectory,slow_osc_power,0.005,150,1.0,0.2667,0.0,0.01878155076082815,0.3507582413888169,0.4667,30
geom_avg_diff,baseline,limit,slow_osc_power,0.005,150,0.5667,0.6,0.1333,0.007064333980438237,0.5993205179235853,-0.58,30
richardson_1,richardson,trajectory,slow_osc_power,0.005,150,1.0,0.2667,0.0,0.019498133021312133,0.353416010055027,0.4667,30
richardson_2,richardson,trajectory,slow_osc_power,0.005,150,1.0,0.2667,0.0,0.019498134526685598,0.35341617399138775,0.4667,30
richardson_3,richardson,trajectory,slow_osc_power,0.005,150,1.0,0.2667,0.0,0.019882757332961215,0.3447075772276944,0.4667,30
richardson_a05,richardson,trajectory,slow_osc_power,0.005,150,1.0,0.3333,0.0,0.029757061176743524,0.22839248403744133,0.3333,30
richardson_a10,richardson,trajectory,slow_osc_power,0.005,150,1.0,0.2667,0.0,0.019744877742073466,0.34906863429535306,0.4667,30
richardson_a20,richardson,trajectory,slow_osc_power,0.005,150,1.0,0.1,0.5667,0.006332826747443742,1.0575073805809962,1.0267,30
single_exp_fit,parametric,trajectory,slow_osc_power,0.005,150,1.0,0.3333,0.0,0.03092877983635328,0.21786317156500135,0.3333,30
double_exp_fit,parametric,trajectory,slow_osc_power,0.005,150,1.0,0.3333,0.0,0.030927734698749723,0.21786655651401682,0.3333,30
rational_fit,parametric,trajectory,slow_osc_power,0.005,150,1.0,0.2667,0.0,0.019511317845917316,0.3532622686190052,0.4667,30
log_fit,parametric,trajectory,slow_osc_power,0.005,150,1.0,0.1,0.3,0.00805551040490549,0.864165095205933,0.92,30
shanks_1,shanks,limit,slow_osc_power,0.005,150,1.0,0.1333,0.4333,0.006808919595492249,0.9808566225333295,0.9067,30
shanks_2,shanks,limit,slow_osc_power,0.005,150,1.0,0.1667,0.6667,0.005553237112377936,1.1780122984590098,0.9333,30
shanks_3,shanks,limit,slow_osc_power,0.005,150,1.0,0.1333,0.6,0.00601925007097278,1.228010698722946,0.9733,30
shanks_4,shanks,limit,slow_osc_power,0.005,150,1.0,0.0667,0.6,0.006037439403570741,1.254557062949027,1.1067,30
wynn_eps_1,wynn_eps,limit,slow_osc_power,0.005,150,1.0,0.1333,0.4333,0.00680891959549227,0.9808566225333275,0.9067,30
wynn_eps_2,wynn_eps,limit,slow_osc_power,0.005,150,1.0,0.1667,0.6,0.0049458267796409355,1.2782166620057782,0.9067,30
wynn_eps_3,wynn_eps,limit,slow_osc_power,0.005,150,1.0,0.1,0.5667,0.006268510703329115,1.092671361243062,1.0267,30
wynn_rho_1,wynn_rho,limit,slow_osc_power,0.005,150,1.0,0.0667,0.6667,0.006495150316083765,1.0580092446959413,1.1333,30
wynn_rho_2,wynn_rho,limit,slow_osc_power,0.005,150,1.0,0.2333,0.4667,0.006325663460879958,0.9700764741729446,0.72,30
wynn_rho_3,wynn_rho,limit,slow_osc_power,0.005,150,1.0,0.1333,0.5,0.006020454168343181,0.9877499982477873,0.9333,30
pade_11,pade,trajectory,slow_osc_power,0.005,150,1.0,1.0,0.0,0.116035256414288,0.05289403981730505,-1.0,30
pade_12,pade,trajectory,slow_osc_power,0.005,150,1.0,0.2,0.0,0.017084604414099272,0.4016427644916767,0.6,30
pade_13,pade,trajectory,slow_osc_power,0.005,150,1.0,0.3333,0.0,0.030247188623479453,0.2266817995137702,0.3333,30
pade_21,pade,trajectory,slow_osc_power,0.005,150,1.0,1.0,0.0,0.0859482715548191,0.08066046177460645,-1.0,30
pade_22,pade,trajectory,slow_osc_power,0.005,150,0.9,1.0,0.0,0.11058994682792381,0.05748802063271895,-1.1,30
pade_23,pade,trajectory,slow_osc_power,0.005,150,1.0,0.1333,0.1,0.014805391091349113,0.43007417835312783,0.7733,30
pade_31,pade,trajectory,slow_osc_power,0.005,150,1.0,0.5,0.0333,0.02447838133161257,0.24990718092119663,0.0133,30
pade_32,pade,trajectory,slow_osc_power,0.005,150,1.0,1.0,0.0,0.0853150897618159,0.08543473575280898,-1.0,30
levin_t1,levin,limit,slow_osc_power,0.005,150,1.0,0.1333,0.4333,0.00680891959549227,0.980856622533328,0.9067,30
levin_t2,levin,limit,slow_osc_power,0.005,150,1.0,0.2667,0.6,0.0062576907116236105,1.0770866042088811,0.7067,30
levin_u1,levin,limit,slow_osc_power,0.005,150,1.0,0.1333,0.4333,0.0068082278958796726,0.9815080734857327,0.9067,30
levin_u2,levin,limit,slow_osc_power,0.005,150,1.0,0.2667,0.6,0.006339073249487997,1.0772243690963275,0.7067,30
levin_v1,levin,limit,slow_osc_power,0.005,150,1.0,0.1667,0.5667,0.005321054182059307,1.1709483721615128,0.8933,30
levin_v2,levin,limit,slow_osc_power,0.005,150,1.0,0.1667,0.6,0.005496842518169051,1.312306448131726,0.9067,30
weniger_d1,weniger,limit,slow_osc_power,0.005,150,1.0,0.7333,0.0,0.04329058025128496,0.15767015435768528,-0.4667,30
weniger_d2,weniger,limit,slow_osc_power,0.005,150,1.0,0.7333,0.0,0.04329058025128496,0.15767015435768528,-0.4667,30
brezinski_theta1,brezinski,limit,slow_osc_power,0.005,150,1.0,0.2,0.4333,0.00977598952505285,0.5269499819762856,0.7733,30
brezinski_theta2,brezinski,limit,slow_osc_power,0.005,150,1.0,0.2667,0.2667,0.0146361186289813,0.4561731382098243,0.5733,30
neville_2,neville,trajectory,slow_osc_power,0.005,150,0.6,1.0,0.0,5.373843115223149,0.0010860525298322869,-1.4,30
neville_3,neville,trajectory,slow_osc_power,0.005,150,0.6,1.0,0.0,117.81226465997119,4.821897005572362e-05,-1.4,30
neville_4,neville,trajectory,slow_osc_power,0.005,150,0.1,1.0,0.0,211.52406986341506,3.4304502312356255e-06,-1.9,30
anderson_1,anderson,limit,slow_osc_power,0.005,150,1.0,0.1333,0.4333,0.006809023785353856,0.9808771425533829,0.9067,30
anderson_2,anderson,limit,slow_osc_power,0.005,150,1.0,0.1333,0.4667,0.007168958528993255,0.9968086530829376,0.92,30
anderson_3,anderson,limit,slow_osc_power,0.005,150,1.0,0.1,0.5,0.006833779092579935,1.0023966999996787,1.0,30
median_ensemble,ensemble,trajectory,slow_osc_power,0.005,150,1.0,0.1333,0.3333,0.008215616160028551,0.9363667636870125,0.8667,30
stability_weighted,ensemble,trajectory,slow_osc_power,0.005,150,1.0,0.1333,0.5,0.006790753689163279,1.0074538711823282,0.9333,30
best_shanks_wynn,ensemble,limit,slow_osc_power,0.005,150,1.0,0.1333,0.4333,0.006808919595492249,0.9808566225333295,0.9067,30
current_value,baseline,limit,slow_osc_power,0.005,1000,1.0,0.0,0.0,0.016702102689248495,1.0,1.0,30
linear,baseline,trajectory,slow_osc_power,0.005,1000,0.0,1.0,0.0,,,-2.0,30
log_linear,baseline,trajectory,slow_osc_power,0.005,1000,1.0,0.0,1.0,0.008436808556844495,1.9634072514839538,1.4,30
geom_avg_diff,baseline,limit,slow_osc_power,0.005,1000,0.5667,0.4667,0.2,0.02549239281960495,0.7692200659960845,-0.2867,30
richardson_1,richardson,trajectory,slow_osc_power,0.005,1000,1.0,0.0,0.6667,0.015948309178642674,1.0556162030431526,1.2667,30
richardson_2,richardson,trajectory,slow_osc_power,0.005,1000,1.0,0.0,0.6667,0.015948307580795518,1.0556160587872345,1.2667,30
richardson_3,richardson,trajectory,slow_osc_power,0.005,1000,1.0,0.0,0.5333,0.01635611347897102,1.0274035985639507,1.2133,30
richardson_a05,richardson,trajectory,slow_osc_power,0.005,1000,1.0,0.0667,0.0,0.05382355637320123,0.31351182845052805,0.8667,30
richardson_a10,richardson,trajectory,slow_osc_power,0.005,1000,1.0,0.0,0.6333,0.01540077229209665,1.1317092999536782,1.2533,30
richardson_a20,richardson,trajectory,slow_osc_power,0.005,1000,1.0,0.0,0.7667,0.013734603886969492,1.2304557835447811,1.3067,30
single_exp_fit,parametric,trajectory,slow_osc_power,0.005,1000,1.0,0.0,0.4667,0.018177149670413267,0.9174127816482414,1.1867,30
double_exp_fit,parametric,trajectory,slow_osc_power,0.005,1000,1.0,0.0,0.4667,0.01817812692402289,0.9173551191299136,1.1867,30
rational_fit,parametric,trajectory,slow_osc_power,0.005,1000,1.0,0.0,0.6333,0.016146355800949634,1.039545491675645,1.2533,30
log_fit,parametric,trajectory,slow_osc_power,0.005,1000,1.0,0.0,0.3667,0.01760056084727851,0.9484733273903996,1.1467,30
shanks_1,shanks,limit,slow_osc_power,0.005,1000,1.0,0.0,0.5667,0.016718815564210107,1.008594890389889,1.2267,30
shanks_2,shanks,limit,slow_osc_power,0.005,1000,1.0,0.0,0.2333,0.019626289674678978,0.8934642661277414,1.0933,30
shanks_3,shanks,limit,slow_osc_power,0.005,1000,1.0,0.0,0.4,0.01789991045147037,0.9423849452107377,1.16,30
shanks_4,shanks,limit,slow_osc_power,0.005,1000,1.0,0.0,0.3333,0.01812158473438733,0.8874300612630787,1.1333,30
wynn_eps_1,wynn_eps,limit,slow_osc_power,0.005,1000,1.0,0.0,0.5667,0.016718815564210086,1.0085948903898898,1.2267,30
wynn_eps_2,wynn_eps,limit,slow_osc_power,0.005,1000,1.0,0.0333,0.3667,0.018720656503638806,0.9079982273926154,1.08,30
wynn_eps_3,wynn_eps,limit,slow_osc_power,0.005,1000,1.0,0.0333,0.3667,0.01831948039270453,0.9272169063462106,1.08,30
wynn_rho_1,wynn_rho,limit,slow_osc_power,0.005,1000,1.0,0.0,0.3,0.01703258484361859,0.9686946387876841,1.12,30
wynn_rho_2,wynn_rho,limit,slow_osc_power,0.005,1000,1.0,0.0667,0.4,0.018495801284035798,0.9497752041120068,1.0267,30
wynn_rho_3,wynn_rho,limit,slow_osc_power,0.005,1000,1.0,0.0333,0.3667,0.018195241702439295,0.9345341642461114,1.08,30
pade_11,pade,trajectory,slow_osc_power,0.005,1000,0.8333,1.0,0.0,0.5372291520317356,0.03731085089281345,-1.1667,30
pade_12,pade,trajectory,slow_osc_power,0.005,1000,1.0,0.0,0.6667,0.015541239533117505,1.0735312136291733,1.2667,30
pade_13,pade,trajectory,slow_osc_power,0.005,1000,1.0,0.0,0.2667,0.01949806290294609,0.8567910066717166,1.1067,30
pade_21,pade,trajectory,slow_osc_power,0.005,1000,0.0,1.0,0.0,,,-2.0,30
pade_22,pade,trajectory,slow_osc_power,0.005,1000,0.8667,1.0,0.0,0.38068369490925225,0.03948341251703352,-1.1333,30
pade_23,pade,trajectory,slow_osc_power,0.005,1000,1.0,0.0,0.7333,0.015012550188417132,1.1180378206034662,1.2933,30
pade_31,pade,trajectory,slow_osc_power,0.005,1000,0.9667,1.0,0.0,5.982529084305462,0.0023862772435106496,-1.0333,30
pade_32,pade,trajectory,slow_osc_power,0.005,1000,0.0,1.0,0.0,,,-2.0,30
levin_t1,levin,limit,slow_osc_power,0.005,1000,1.0,0.0,0.5667,0.016718815564210086,1.0085948903898896,1.2267,30
levin_t2,levin,limit,slow_osc_power,0.005,1000,1.0,0.0667,0.3,0.018243308007655123,0.9469236249707698,0.9867,30
levin_u1,levin,limit,slow_osc_power,0.005,1000,1.0,0.0,0.5667,0.016719507263822684,1.0082221253886794,1.2267,30
levin_u2,levin,limit,slow_osc_power,0.005,1000,1.0,0.0667,0.3,0.01824983652480445,0.9460522088596448,0.9867,30
levin_v1,levin,limit,slow_osc_power,0.005,1000,1.0,0.0,0.3,0.018989687609433585,0.8641433831743849,1.12,30
levin_v2,levin,limit,slow_osc_power,0.005,1000,1.0,0.0333,0.4,0.018625530033223252,0.9009488834533301,1.0933,30
weniger_d1,weniger,limit,slow_osc_power,0.005,1000,1.0,0.0,0.2667,0.019762845091582604,0.8451264285000271,1.1067,30
weniger_d2,weniger,limit,slow_osc_power,0.005,1000,1.0,0.0,0.2667,0.019762845091582604,0.8451264285000271,1.1067,30
brezinski_theta1,brezinski,limit,slow_osc_power,0.005,1000,1.0,0.0,0.5333,0.013751745634649506,1.1876201757764047,1.2133,30
brezinski_theta2,brezinski,limit,slow_osc_power,0.005,1000,1.0,0.0333,0.3,0.02402396558976005,0.6740742646734313,1.0533,30
neville_2,neville,trajectory,slow_osc_power,0.005,1000,0.5667,1.0,0.0,28.33604959047817,0.0005533297672983247,-1.4333,30
neville_3,neville,trajectory,slow_osc_power,0.005,1000,0.1,1.0,0.0,170.8459835100686,0.00013346589657452316,-1.9,30
neville_4,neville,trajectory,slow_osc_power,0.005,1000,0.0,1.0,0.0,,,-2.0,30
anderson_1,anderson,limit,slow_osc_power,0.005,1000,1.0,0.0,0.5667,0.0167187113743485,1.008585513077666,1.2267,30
anderson_2,anderson,limit,slow_osc_power,0.005,1000,1.0,0.0,0.5333,0.0163587766307091,1.001601436466785,1.2133,30
anderson_3,anderson,limit,slow_osc_power,0.005,1000,1.0,0.0,0.5,0.01669395606712242,0.9992148544231865,1.2,30
median_ensemble,ensemble,trajectory,slow_osc_power,0.005,1000,1.0,0.0,0.7,0.015312118999673805,1.0355202614652386,1.28,30
stability_weighted,ensemble,trajectory,slow_osc_power,0.005,1000,1.0,0.0,0.6667,0.01518426794069844,1.1075258955042395,1.2667,30
best_shanks_wynn,ensemble,limit,slow_osc_power,0.005,1000,1.0,0.0,0.5667,0.016718815564210107,1.008594890389889,1.2267,30
current_value,baseline,limit,slow_osc_power,0.005,5000,1.0,0.0,0.0,0.023728212769376717,1.0,1.0,30
linear,baseline,trajectory,slow_osc_power,0.005,5000,0.0,1.0,0.0,,,-2.0,30
log_linear,baseline,trajectory,slow_osc_power,0.005,5000,1.0,0.0,1.0,0.002562708014916054,9.211906274317322,1.4,30
geom_avg_diff,baseline,limit,slow_osc_power,0.005,5000,0.5667,0.4667,0.2,0.027059403527864352,0.8134392523009595,-0.2867,30
richardson_1,richardson,trajectory,slow_osc_power,0.005,5000,1.0,0.0,1.0,0.011932045552861991,1.9979863755833194,1.4,30
richardson_2,richardson,trajectory,slow_osc_power,0.005,5000,1.0,0.0,1.0,0.01193204504001449,1.9979862586449304,1.4,30
richardson_3,richardson,trajectory,slow_osc_power,0.005,5000,1.0,0.0,1.0,0.012091632397038983,1.9694831492032545,1.4,30
richardson_a05,richardson,trajectory,slow_osc_power,0.005,5000,1.0,0.0,0.0,0.06334391797712677,0.3813634919813521,1.0,30
richardson_a10,richardson,trajectory,slow_osc_power,0.005,5000,1.0,0.0,1.0,0.01108717887110722,2.1780014742027394,1.4,30
richardson_a20,richardson,trajectory,slow_osc_power,0.005,5000,1.0,0.0,0.7667,0.02068464090217771,1.156270454583558,1.3067,30
single_exp_fit,parametric,trajectory,slow_osc_power,0.005,5000,1.0,0.0,1.0,0.011151040567976465,2.3084347764245257,1.4,30
double_exp_fit,parametric,trajectory,slow_osc_power,0.005,5000,1.0,0.0,1.0,0.011152017821977896,2.3084347763576356,1.4,30
rational_fit,parametric,trajectory,slow_osc_power,0.005,5000,1.0,0.0,1.0,0.012011771609255165,1.9792283391491958,1.4,30
log_fit,parametric,trajectory,slow_osc_power,0.005,5000,1.0,0.0,0.9333,0.017576328209927012,1.3500251915737524,1.3733,30
shanks_1,shanks,limit,slow_osc_power,0.005,5000,1.0,0.0,0.5667,0.02374492564433833,1.005990148819211,1.2267,30
shanks_2,shanks,limit,slow_osc_power,0.005,5000,1.0,0.0,0.2333,0.0266523997548072,0.9217657539264357,1.0933,30
shanks_3,shanks,limit,slow_osc_power,0.005,5000,1.0,0.0,0.4,0.02492602053159859,0.9588290112910305,1.16,30
shanks_4,shanks,limit,slow_osc_power,0.005,5000,1.0,0.0,0.3333,0.02514769481451555,0.9170478801839473,1.1333,30
wynn_eps_1,wynn_eps,limit,slow_osc_power,0.005,5000,1.0,0.0,0.5667,0.02374492564433831,1.0059901488192113,1.2267,30
wynn_eps_2,wynn_eps,limit,slow_osc_power,0.005,5000,1.0,0.0333,0.3667,0.02574676658376703,0.9333556621054926,1.08,30
wynn_eps_3,wynn_eps,limit,slow_osc_power,0.005,5000,1.0,0.0,0.3667,0.025345590472832753,0.9493287142124495,1.1467,30
wynn_rho_1,wynn_rho,limit,slow_osc_power,0.005,5000,1.0,0.0,0.3,0.024058694923746814,0.9794090745690467,1.12,30
wynn_rho_2,wynn_rho,limit,slow_osc_power,0.005,5000,1.0,0.0667,0.4667,0.024983720822277063,0.9813561047113362,1.0533,30
wynn_rho_3,wynn_rho,limit,slow_osc_power,0.005,5000,1.0,0.0,0.4,0.025071789442362737,0.9664956570877326,1.16,30
pade_11,pade,trajectory,slow_osc_power,0.005,5000,0.9,0.9667,0.0,0.44144909637649926,0.05791379016897297,-1.0333,30
pade_12,pade,trajectory,slow_osc_power,0.005,5000,1.0,0.0,1.0,0.011884057539556514,1.995462380443275,1.4,30
pade_13,pade,trajectory,slow_osc_power,0.005,5000,1.0,0.0,1.0,0.012726428760394027,1.864507680203325,1.4,30
pade_21,pade,trajectory,slow_osc_power,0.005,5000,0.0,1.0,0.0,,,-2.0,30
pade_22,pade,trajectory,slow_osc_power,0.005,5000,0.9,0.9667,0.0,0.46914088810535093,0.055116225452229176,-1.0333,30
pade_23,pade,trajectory,slow_osc_power,0.005,5000,1.0,0.0,1.0,0.011772134461430096,2.0145867002203692,1.4,30
pade_31,pade,trajectory,slow_osc_power,0.005,5000,0.9667,1.0,0.0,187.90629180562797,0.00011848672083800726,-1.0333,30
pade_32,pade,trajectory,slow_osc_power,0.005,5000,0.0,1.0,0.0,,,-2.0,30
levin_t1,levin,limit,slow_osc_power,0.005,5000,1.0,0.0,0.5667,0.02374492564433831,1.0059901488192111,1.2267,30
levin_t2,levin,limit,slow_osc_power,0.005,5000,1.0,0.0333,0.3,0.025269418087783345,0.9619581581415895,1.0533,30
levin_u1,levin,limit,slow_osc_power,0.005,5000,1.0,0.0,0.5667,0.023745617343950906,1.0057375225148366,1.2267,30
levin_u2,levin,limit,slow_osc_power,0.005,5000,1.0,0.0667,0.3,0.02527594660493267,0.9613238857011766,0.9867,30
levin_v1,levin,limit,slow_osc_power,0.005,5000,1.0,0.0,0.3,0.02590875798022534,0.8991012171582617,1.12,30
levin_v2,levin,limit,slow_osc_power,0.005,5000,1.0,0.0333,0.4,0.025651640113351474,0.9272126691192646,1.0933,30
weniger_d1,weniger,limit,slow_osc_power,0.005,5000,1.0,0.0,1.0,0.012736735011454382,1.8629745180407298,1.4,30
weniger_d2,weniger,limit,slow_osc_power,0.005,5000,1.0,0.0,1.0,0.012736735011454382,1.8629745180407298,1.4,30
brezinski_theta1,brezinski,limit,slow_osc_power,0.005,5000,1.0,0.0,0.5667,0.020777855714777728,1.1835513529726986,1.2267,30
brezinski_theta2,brezinski,limit,slow_osc_power,0.005,5000,1.0,0.0333,0.3333,0.031050075669888273,0.7458259760492856,1.0667,30
neville_2,neville,trajectory,slow_osc_power,0.005,5000,0.5667,1.0,0.0,32.958010108882895,0.0006889156757695675,-1.4333,30
neville_3,neville,trajectory,slow_osc_power,0.005,5000,0.0667,1.0,0.0,159.9591682803776,0.0001855298981829605,-1.9333,30
neville_4,neville,trajectory,slow_osc_power,0.005,5000,0.0,1.0,0.0,,,-2.0,30
anderson_1,anderson,limit,slow_osc_power,0.005,5000,1.0,0.0,0.5667,0.023744821454476723,1.0059836134217375,1.2267,30
anderson_2,anderson,limit,slow_osc_power,0.005,5000,1.0,0.0,0.5333,0.023384886710837324,1.0010874349267547,1.2133,30
anderson_3,anderson,limit,slow_osc_power,0.005,5000,1.0,0.0,0.5,0.023720066147250644,0.9993997690803726,1.2,30
median_ensemble,ensemble,trajectory,slow_osc_power,0.005,5000,1.0,0.0,0.7,0.022338229079802027,1.024240065602028,1.28,30
stability_weighted,ensemble,trajectory,slow_osc_power,0.005,5000,1.0,0.0,0.8,0.01944309228090302,1.2357152864110417,1.32,30
best_shanks_wynn,ensemble,limit,slow_osc_power,0.005,5000,1.0,0.0,0.5667,0.02374492564433833,1.005990148819211,1.2267,30
current_value,baseline,limit,log_oscillatory,0.0,150,1.0,0.0,0.0,0.06142060372790589,1.0,1.0,30
linear,baseline,trajectory,log_oscillatory,0.0,150,1.0,0.0,1.0,0.018042080664998794,3.4042971466733545,1.4,30
log_linear,baseline,trajectory,log_oscillatory,0.0,150,1.0,0.0,1.0,0.01295340303164566,4.741657738731127,1.4,30
geom_avg_diff,baseline,limit,log_oscillatory,0.0,150,0.0,1.0,0.0,,,-2.0,30
richardson_1,richardson,trajectory,log_oscillatory,0.0,150,1.0,0.0,1.0,0.017584342031168765,3.4929145269715556,1.4,30
richardson_2,richardson,trajectory,log_oscillatory,0.0,150,1.0,0.0,1.0,0.00679051508131942,9.045058142477707,1.4,30
richardson_3,richardson,trajectory,log_oscillatory,0.0,150,1.0,0.0,1.0,0.0015302199999617516,40.13841390743888,1.4,30
richardson_a05,richardson,trajectory,log_oscillatory,0.0,150,1.0,0.0,1.0,0.022765175598055354,2.698007026712878,1.4,30
richardson_a10,richardson,trajectory,log_oscillatory,0.0,150,1.0,0.0,1.0,0.03016165238912019,2.0363805979695373,1.4,30
richardson_a20,richardson,trajectory,log_oscillatory,0.0,150,1.0,0.0,1.0,0.03953507084165134,1.5535726235046357,1.4,30
single_exp_fit,parametric,trajectory,log_oscillatory,0.0,150,1.0,0.0,1.0,0.007043405625658444,8.720299098515154,1.4,30
double_exp_fit,parametric,trajectory,log_oscillatory,0.0,150,1.0,0.0,1.0,0.007036898024042393,8.728363480336812,1.4,30
rational_fit,parametric,trajectory,log_oscillatory,0.0,150,1.0,0.0,1.0,0.0007248479179065015,84.73584901133505,1.4,30
log_fit,parametric,trajectory,log_oscillatory,0.0,150,1.0,0.0,1.0,0.021264223708815283,2.8884479663578504,1.4,30
shanks_1,shanks,limit,log_oscillatory,0.0,150,1.0,0.0,0.0,0.07690677816275071,0.798637066786586,1.0,30
shanks_2,shanks,limit,log_oscillatory,0.0,150,1.0,0.0,0.0,0.06582320955831372,0.9331146891810631,1.0,30
shanks_3,shanks,limit,log_oscillatory,0.0,150,1.0,0.0,0.0,0.06216766879954799,0.9879830611945428,1.0,30
shanks_4,shanks,limit,log_oscillatory,0.0,150,1.0,0.0,0.0,0.061681177488968036,0.9957754736263141,1.0,30
wynn_eps_1,wynn_eps,limit,log_oscillatory,0.0,150,1.0,0.0,0.0,0.07690677816275296,0.7986370667865627,1.0,30
wynn_eps_2,wynn_eps,limit,log_oscillatory,0.0,150,1.0,0.0,1.0,0.03429959579766248,1.7907092576318848,1.4,30
wynn_eps_3,wynn_eps,limit,log_oscillatory,0.0,150,1.0,0.0,1.0,0.015468200271893162,3.970766000457828,1.4,30
wynn_rho_1,wynn_rho,limit,log_oscillatory,0.0,150,1.0,0.0,0.0,0.09536848424866298,0.6440346012814708,1.0,30
wynn_rho_2,wynn_rho,limit,log_oscillatory,0.0,150,1.0,0.0,1.0,0.045799693730773194,1.3410701846383064,1.4,30
wynn_rho_3,wynn_rho,limit,log_oscillatory,0.0,150,1.0,1.0,0.0,0.5317019846439217,0.11551697285658803,-1.0,30
pade_11,pade,trajectory,log_oscillatory,0.0,150,1.0,0.0,1.0,0.04472586113625776,1.3732682203879192,1.4,30
pade_12,pade,trajectory,log_oscillatory,0.0,150,1.0,0.0,0.0,0.1418876330356874,0.43288200961430834,1.0,30
pade_13,pade,trajectory,log_oscillatory,0.0,150,1.0,0.0,0.0,0.12150479942918803,0.5054994042741604,1.0,30
pade_21,pade,trajectory,log_oscillatory,0.0,150,1.0,0.0,0.0,0.1022331692045933,0.6007893935576663,1.0,30
pade_22,pade,trajectory,log_oscillatory,0.0,150,1.0,0.0,1.0,0.04092967216340243,1.5006375688204407,1.4,30
pade_23,pade,trajectory,log_oscillatory,0.0,150,1.0,1.0,0.0,3.4443416403456464,0.017832320408768223,-1.0,30
pade_31,pade,trajectory,log_oscillatory,0.0,150,0.0,1.0,0.0,,,-2.0,30
pade_32,pade,trajectory,log_oscillatory,0.0,150,1.0,0.0,0.0,0.21690656424544258,0.28316618236783675,1.0,30
levin_t1,levin,limit,log_oscillatory,0.0,150,1.0,0.0,0.0,0.07690677816275296,0.7986370667865627,1.0,30
levin_t2,levin,limit,log_oscillatory,0.0,150,1.0,0.0,0.0,0.0651042621964284,0.9434190889467665,1.0,30
levin_u1,levin,limit,log_oscillatory,0.0,150,1.0,0.0,0.0,0.07827374641762255,0.7846897144823217,1.0,30
levin_u2,levin,limit,log_oscillatory,0.0,150,1.0,0.0,0.0,0.06438672282311972,0.953932752512312,1.0,30
levin_v1,levin,limit,log_oscillatory,0.0,150,1.0,0.0,0.0,0.06165209421086612,0.9962452129822472,1.0,30
levin_v2,levin,limit,log_oscillatory,0.0,150,1.0,0.0,0.0,0.0658190471257499,0.9331736998647123,1.0,30
weniger_d1,weniger,limit,log_oscillatory,0.0,150,1.0,0.0,0.0,0.15358923083238113,0.39990176000644845,1.0,30
weniger_d2,weniger,limit,log_oscillatory,0.0,150,1.0,0.0,0.0,0.15358923083238113,0.39990176000644845,1.0,30
brezinski_theta1,brezinski,limit,log_oscillatory,0.0,150,1.0,0.0,0.0,0.08045403194207473,0.7634248060075781,1.0,30
brezinski_theta2,brezinski,limit,log_oscillatory,0.0,150,1.0,0.0,1.0,0.05473315321350131,1.1221828109979046,1.4,30
neville_2,neville,trajectory,log_oscillatory,0.0,150,1.0,0.0,0.0,0.15015324020034154,0.4090528026298708,1.0,30
neville_3,neville,trajectory,log_oscillatory,0.0,150,0.0,1.0,0.0,,,-2.0,30
neville_4,neville,trajectory,log_oscillatory,0.0,150,0.0,1.0,0.0,,,-2.0,30
anderson_1,anderson,limit,log_oscillatory,0.0,150,1.0,0.0,0.0,0.07644706523205996,0.803439655158242,1.0,30
anderson_2,anderson,limit,log_oscillatory,0.0,150,1.0,0.0,0.0,0.07921508111086634,0.7753650298223391,1.0,30
anderson_3,anderson,limit,log_oscillatory,0.0,150,1.0,0.0,0.0,0.08195434338926066,0.7494490369616514,1.0,30
median_ensemble,ensemble,trajectory,log_oscillatory,0.0,150,1.0,0.0,0.0,0.06399543917893086,0.959765328841236,1.0,30
stability_weighted,ensemble,trajectory,log_oscillatory,0.0,150,1.0,0.0,0.0,0.06321622663894316,0.9715955379416602,1.0,30
best_shanks_wynn,ensemble,limit,log_oscillatory,0.0,150,1.0,0.0,0.0,0.07690677816275071,0.798637066786586,1.0,30
current_value,baseline,limit,log_oscillatory,0.0,1000,1.0,0.0,0.0,0.10579519592309534,1.0,1.0,30
linear,baseline,trajectory,log_oscillatory,0.0,1000,0.0,1.0,0.0,,,-2.0,30
log_linear,baseline,trajectory,log_oscillatory,0.0,1000,1.0,0.0,1.0,0.006635054647076671,15.94488690002086,1.4,30
geom_avg_diff,baseline,limit,log_oscillatory,0.0,1000,0.0,1.0,0.0,,,-2.0,30
richardson_1,richardson,trajectory,log_oscillatory,0.0,1000,1.0,0.0,1.0,0.013290642927285629,7.96012627093444,1.4,30
richardson_2,richardson,trajectory,log_oscillatory,0.0,1000,1.0,0.0,1.0,0.02878650736606446,3.6751660970102296,1.4,30
richardson_3,richardson,trajectory,log_oscillatory,0.0,1000,1.0,0.0,1.0,0.042109642095028335,2.5123746168240655,1.4,30
richardson_a05,richardson,trajectory,log_oscillatory,0.0,1000,1.0,0.0,1.0,0.041429278965463986,2.5536335308004676,1.4,30
richardson_a10,richardson,trajectory,log_oscillatory,0.0,1000,1.0,0.0,1.0,0.06514035266916803,1.6241115005993805,1.4,30
richardson_a20,richardson,trajectory,log_oscillatory,0.0,1000,1.0,0.0,1.0,0.08259346582215084,1.2809148383590656,1.4,30
single_exp_fit,parametric,trajectory,log_oscillatory,0.0,1000,1.0,0.0,1.0,0.10237943463353841,1.0333637444061248,1.4,30
double_exp_fit,parametric,trajectory,log_oscillatory,0.0,1000,1.0,0.0,1.0,0.10237622771899525,1.033396114315567,1.4,30
rational_fit,parametric,trajectory,log_oscillatory,0.0,1000,1.0,0.0,1.0,0.06164272739444748,1.716264032999697,1.4,30
log_fit,parametric,trajectory,log_oscillatory,0.0,1000,1.0,0.0,1.0,0.032743397099487884,3.2310390886335374,1.4,30
shanks_1,shanks,limit,log_oscillatory,0.0,1000,1.0,0.0,0.0,0.12128137035794016,0.8723120097576391,1.0,30
shanks_2,shanks,limit,log_oscillatory,0.0,1000,1.0,0.0,0.0,0.11019780175350317,0.960048151956281,1.0,30
shanks_3,shanks,limit,log_oscillatory,0.0,1000,1.0,0.0,0.0,0.10654226099473744,0.9929880869368917,1.0,30
shanks_4,shanks,limit,log_oscillatory,0.0,1000,1.0,0.0,0.0,0.10605576968415749,0.9975430496441811,1.0,30
wynn_eps_1,wynn_eps,limit,log_oscillatory,0.0,1000,1.0,0.0,0.0,0.12128137035794241,0.8723120097576229,1.0,30
wynn_eps_2,wynn_eps,limit,log_oscillatory,0.0,1000,1.0,0.0,1.0,0.07867418799285193,1.3447256161411865,1.4,30
wynn_eps_3,wynn_eps,limit,log_oscillatory,0.0,1000,1.0,0.0,1.0,0.059842792467082614,1.7678853469495013,1.4,30
wynn_rho_1,wynn_rho,limit,log_oscillatory,0.0,1000,1.0,0.0,0.0,0.13974307644385242,0.7570693204654254,1.0,30
wynn_rho_2,wynn_rho,limit,log_oscillatory,0.0,1000,1.0,0.0,1.0,0.001425101535583742,74.23695314436674,1.4,30
wynn_rho_3,wynn_rho,limit,log_oscillatory,0.0,1000,1.0,0.0,0.0,0.4873273924487322,0.21709265180332585,1.0,30
pade_11,pade,trajectory,log_oscillatory,0.0,1000,1.0,0.0,1.0,0.0915678851102338,1.1553744612069399,1.4,30
pade_12,pade,trajectory,log_oscillatory,0.0,1000,1.0,0.0,0.0,0.19204202541941806,0.550896063984118,1.0,30
pade_13,pade,trajectory,log_oscillatory,0.0,1000,1.0,0.0,0.0,0.10883869670916937,0.9720365928838101,1.0,30
pade_21,pade,trajectory,log_oscillatory,0.0,1000,1.0,1.0,0.0,0.6920831263554553,0.15286486824237167,-1.0,30
pade_22,pade,trajectory,log_oscillatory,0.0,1000,1.0,0.0,1.0,0.08530639798783736,1.2401789129366263,1.4,30
pade_23,pade,trajectory,log_oscillatory,0.0,1000,1.0,0.0,0.0,0.13059900915612552,0.8100765588245905,1.0,30
pade_31,pade,trajectory,log_oscillatory,0.0,1000,0.0,1.0,0.0,,,-2.0,30
pade_32,pade,trajectory,log_oscillatory,0.0,1000,1.0,1.0,0.0,2.0089717072722895,0.05266136677790267,-1.0,30
levin_t1,levin,limit,log_oscillatory,0.0,1000,1.0,0.0,0.0,0.12128137035794241,0.8723120097576229,1.0,30
levin_t2,levin,limit,log_oscillatory,0.0,1000,1.0,0.0,0.0,0.10947885439161785,0.9663527857594705,1.0,30
levin_u1,levin,limit,log_oscillatory,0.0,1000,1.0,0.0,0.0,0.122648338612812,0.862589718863455,1.0,30
levin_u2,levin,limit,log_oscillatory,0.0,1000,1.0,0.0,0.0,0.10876131501830917,0.9727281791810397,1.0,30
levin_v1,levin,limit,log_oscillatory,0.0,1000,1.0,0.0,0.0,0.10602668640605557,0.997816677189423,1.0,30
levin_v2,levin,limit,log_oscillatory,0.0,1000,1.0,0.0,0.0,0.11019363932093935,0.9600844166237805,1.0,30
weniger_d1,weniger,limit,log_oscillatory,0.0,1000,1.0,0.0,0.0,0.10921463863719168,0.968690619162733,1.0,30
weniger_d2,weniger,limit,log_oscillatory,0.0,1000,1.0,0.0,0.0,0.10921463863719168,0.968690619162733,1.0,30
brezinski_theta1,brezinski,limit,log_oscillatory,0.0,1000,1.0,0.0,0.0,0.12482862413726419,0.8475235279911498,1.0,30
brezinski_theta2,brezinski,limit,log_oscillatory,0.0,1000,1.0,0.0,1.0,0.09910774540869076,1.0674765679193643,1.4,30
neville_2,neville,trajectory,log_oscillatory,0.0,1000,0.0,1.0,0.0,,,-2.0,30
neville_3,neville,trajectory,log_oscillatory,0.0,1000,0.0,1.0,0.0,,,-2.0,30
neville_4,neville,trajectory,log_oscillatory,0.0,1000,0.0,1.0,0.0,,,-2.0,30
anderson_1,anderson,limit,log_oscillatory,0.0,1000,1.0,0.0,0.0,0.12082165742724942,0.8756310596616175,1.0,30
anderson_2,anderson,limit,log_oscillatory,0.0,1000,1.0,0.0,0.0,0.12358967330605579,0.8560197069305747,1.0,30
anderson_3,anderson,limit,log_oscillatory,0.0,1000,1.0,0.0,0.0,0.12632893558445013,0.8374581439607863,1.0,30
median_ensemble,ensemble,trajectory,log_oscillatory,0.0,1000,1.0,0.0,1.0,0.09260822449379467,1.1423952516245928,1.4,30
stability_weighted,ensemble,trajectory,log_oscillatory,0.0,1000,1.0,0.0,0.0,0.10697637262461508,0.9889585272659736,1.0,30
best_shanks_wynn,ensemble,limit,log_oscillatory,0.0,1000,1.0,0.0,0.0,0.12128137035794016,0.8723120097576391,1.0,30
current_value,baseline,limit,log_oscillatory,0.0,5000,1.0,0.0,0.0,0.09709247289297236,1.0,1.0,30
linear,baseline,trajectory,log_oscillatory,0.0,5000,0.0,1.0,0.0,,,-2.0,30
log_linear,baseline,trajectory,log_oscillatory,0.0,5000,1.0,0.0,1.0,0.03196924946666904,3.0370582516865285,1.4,30
geom_avg_diff,baseline,limit,log_oscillatory,0.0,5000,0.0,1.0,0.0,,,-2.0,30
richardson_1,richardson,trajectory,log_oscillatory,0.0,5000,1.0,0.0,1.0,0.025680679636843326,3.7807594762280594,1.4,30
richardson_2,richardson,trajectory,log_oscillatory,0.0,5000,1.0,0.0,1.0,0.076577988987794,1.2678900840350904,1.4,30
richardson_3,richardson,trajectory,log_oscillatory,0.0,5000,1.0,0.0,1.0,0.08812118834365085,1.1018062138964324,1.4,30
richardson_a05,richardson,trajectory,log_oscillatory,0.0,5000,1.0,0.0,1.0,0.023742669449309264,4.089366324214947,1.4,30
richardson_a10,richardson,trajectory,log_oscillatory,0.0,5000,1.0,0.0,1.0,0.05511115078043681,1.7617573125952208,1.4,30
richardson_a20,richardson,trajectory,log_oscillatory,0.0,5000,1.0,0.0,1.0,0.07386165853643982,1.3145179084365073,1.4,30
single_exp_fit,parametric,trajectory,log_oscillatory,0.0,5000,1.0,0.0,0.0,0.11791735795044352,0.8233942362733134,1.0,30
double_exp_fit,parametric,trajectory,log_oscillatory,0.0,5000,1.0,0.0,0.0,0.1179173536783417,0.82339426610458,1.0,30
rational_fit,parametric,trajectory,log_oscillatory,0.0,5000,1.0,0.0,0.0,0.10673752849443126,0.9096376341338829,1.0,30
log_fit,parametric,trajectory,log_oscillatory,0.0,5000,1.0,0.0,1.0,0.007454161457846345,13.02527097676045,1.4,30
shanks_1,shanks,limit,log_oscillatory,0.0,5000,1.0,0.0,0.0,0.11257864732781718,0.8624412816957135,1.0,30
shanks_2,shanks,limit,log_oscillatory,0.0,5000,1.0,0.0,0.0,0.10149507872338019,0.9566224699188922,1.0,30
shanks_3,shanks,limit,log_oscillatory,0.0,5000,1.0,0.0,0.0,0.09783953796461446,0.9923643847141603,1.0,30
shanks_4,shanks,limit,log_oscillatory,0.0,5000,1.0,0.0,0.0,0.0973530466540345,0.9973234144177516,1.0,30
wynn_eps_1,wynn_eps,limit,log_oscillatory,0.0,5000,1.0,0.0,0.0,0.11257864732781943,0.8624412816956963,1.0,30
wynn_eps_2,wynn_eps,limit,log_oscillatory,0.0,5000,1.0,0.0,1.0,0.06997146496272895,1.3876009734066552,1.4,30
wynn_eps_3,wynn_eps,limit,log_oscillatory,0.0,5000,1.0,0.0,1.0,0.05114006943695963,1.8985596609847835,1.4,30
wynn_rho_1,wynn_rho,limit,log_oscillatory,0.0,5000,1.0,0.0,0.0,0.13104035341372944,0.7409356764051563,1.0,30
wynn_rho_2,wynn_rho,limit,log_oscillatory,0.0,5000,1.0,0.0,1.0,0.010127824565706725,9.586705640788042,1.4,30
wynn_rho_3,wynn_rho,limit,log_oscillatory,0.0,5000,1.0,1.0,0.0,0.49603011547885517,0.19573906878464767,-1.0,30
pade_11,pade,trajectory,log_oscillatory,0.0,5000,1.0,0.0,1.0,0.08306626628410073,1.1688556286001783,1.4,30
pade_12,pade,trajectory,log_oscillatory,0.0,5000,1.0,0.0,0.0,0.12978139744622716,0.7481231887120114,1.0,30
pade_13,pade,trajectory,log_oscillatory,0.0,5000,1.0,0.0,0.0,0.11790358259773628,0.8234904381509143,1.0,30
pade_21,pade,trajectory,log_oscillatory,0.0,5000,1.0,1.0,0.0,3.230037408070331,0.03005924100147705,-1.0,30
pade_22,pade,trajectory,log_oscillatory,0.0,5000,1.0,0.0,1.0,0.07662755541906006,1.267069951037769,1.4,30
pade_23,pade,trajectory,log_oscillatory,0.0,5000,1.0,0.0,0.0,0.12167575992902896,0.7979606862501164,1.0,30
pade_31,pade,trajectory,log_oscillatory,0.0,5000,0.0,1.0,0.0,,,-2.0,30
pade_32,pade,trajectory,log_oscillatory,0.0,5000,1.0,1.0,0.0,10.151547459820058,0.00956430271121378,-1.0,30
levin_t1,levin,limit,log_oscillatory,0.0,5000,1.0,0.0,0.0,0.11257864732781943,0.8624412816956963,1.0,30
levin_t2,levin,limit,log_oscillatory,0.0,5000,1.0,0.0,0.0,0.10077613136149487,0.9634471137286584,1.0,30
levin_u1,levin,limit,log_oscillatory,0.0,5000,1.0,0.0,0.0,0.11394561558268902,0.8520948559228545,1.0,30
levin_u2,levin,limit,log_oscillatory,0.0,5000,1.0,0.0,0.0,0.10005859198818619,0.9703561779525737,1.0,30
levin_v1,levin,limit,log_oscillatory,0.0,5000,1.0,0.0,0.0,0.09732396337593259,0.9976214441445829,1.0,30
levin_v2,levin,limit,log_oscillatory,0.0,5000,1.0,0.0,0.0,0.10149091629081637,0.9566617037406527,1.0,30
weniger_d1,weniger,limit,log_oscillatory,0.0,5000,1.0,0.0,0.0,0.11791736166731466,0.8233942103191177,1.0,30
weniger_d2,weniger,limit,log_oscillatory,0.0,5000,1.0,0.0,0.0,0.11791736166731466,0.8233942103191177,1.0,30
brezinski_theta1,brezinski,limit,log_oscillatory,0.0,5000,1.0,0.0,0.0,0.1161259011071412,0.8360966155465348,1.0,30
brezinski_theta2,brezinski,limit,log_oscillatory,0.0,5000,1.0,0.0,1.0,0.09040502237856778,1.0739721128147188,1.4,30
neville_2,neville,trajectory,log_oscillatory,0.0,5000,0.0,1.0,0.0,,,-2.0,30
neville_3,neville,trajectory,log_oscillatory,0.0,5000,0.0,1.0,0.0,,,-2.0,30
neville_4,neville,trajectory,log_oscillatory,0.0,5000,0.0,1.0,0.0,,,-2.0,30
anderson_1,anderson,limit,log_oscillatory,0.0,5000,1.0,0.0,0.0,0.11211893439712643,0.8659774855607333,1.0,30
anderson_2,anderson,limit,log_oscillatory,0.0,5000,1.0,0.0,0.0,0.1148869502759328,0.8451131539289529,1.0,30
anderson_3,anderson,limit,log_oscillatory,0.0,5000,1.0,0.0,0.0,0.11762621255432713,0.825432280650276,1.0,30
median_ensemble,ensemble,trajectory,log_oscillatory,0.0,5000,1.0,0.0,1.0,0.08390550146367169,1.1571645625050009,1.4,30
stability_weighted,ensemble,trajectory,log_oscillatory,0.0,5000,1.0,0.0,1.0,0.08727679743368626,1.1124660361964376,1.4,30
best_shanks_wynn,ensemble,limit,log_oscillatory,0.0,5000,1.0,0.0,0.0,0.11257864732781718,0.8624412816957135,1.0,30
current_value,baseline,limit,log_oscillatory,0.001,150,1.0,0.0,0.0,0.061485466498695074,1.0,1.0,30
linear,baseline,trajectory,log_oscillatory,0.001,150,1.0,0.0,1.0,0.017900754800464214,3.4269235359557912,1.4,30
log_linear,baseline,trajectory,log_oscillatory,0.001,150,1.0,0.0,1.0,0.013048627384881425,4.738997706163283,1.4,30
geom_avg_diff,baseline,limit,log_oscillatory,0.001,150,0.0,1.0,0.0,,,-2.0,30
richardson_1,richardson,trajectory,log_oscillatory,0.001,150,1.0,0.0,1.0,0.017672651059596034,3.4913503343273877,1.4,30
richardson_2,richardson,trajectory,log_oscillatory,0.001,150,1.0,0.0,1.0,0.0068644264009461164,9.021681408096907,1.4,30
richardson_3,richardson,trajectory,log_oscillatory,0.001,150,1.0,0.0,1.0,0.0015956777788631304,38.502545348427326,1.4,30
richardson_a05,richardson,trajectory,log_oscillatory,0.001,150,1.0,0.0,1.0,0.022853190756164418,2.6955993241483487,1.4,30
richardson_a10,richardson,trajectory,log_oscillatory,0.001,150,1.0,0.0,1.0,0.03023321331759668,2.041699637043271,1.4,30
richardson_a20,richardson,trajectory,log_oscillatory,0.001,150,1.0,0.0,1.0,0.03956757436722583,1.557313062533737,1.4,30
single_exp_fit,parametric,trajectory,log_oscillatory,0.001,150,1.0,0.0,1.0,0.006926900091092383,8.836877298496361,1.4,30
double_exp_fit,parametric,trajectory,log_oscillatory,0.001,150,1.0,0.0,1.0,0.006921856587244965,8.840894599972454,1.4,30
rational_fit,parametric,trajectory,log_oscillatory,0.001,150,1.0,0.0,1.0,0.0008251259854440973,73.99764116572425,1.4,30
log_fit,parametric,trajectory,log_oscillatory,0.001,150,1.0,0.0,1.0,0.0213570794105261,2.8848441211019766,1.4,30
shanks_1,shanks,limit,log_oscillatory,0.001,150,1.0,0.0,0.5,0.058504912873563686,1.030384014466874,1.2,30
shanks_2,shanks,limit,log_oscillatory,0.001,150,1.0,0.0,0.6667,0.056185602244935046,1.0977905597319428,1.2667,30
shanks_3,shanks,limit,log_oscillatory,0.001,150,1.0,0.0,0.6333,0.05547928773667202,1.1110451146714775,1.2533,30
shanks_4,shanks,limit,log_oscillatory,0.001,150,1.0,0.0,0.6667,0.0480386984208343,1.2883007569154117,1.2667,30
wynn_eps_1,wynn_eps,limit,log_oscillatory,0.001,150,1.0,0.0,0.5,0.05850491287356334,1.030384014466898,1.2,30
wynn_eps_2,wynn_eps,limit,log_oscillatory,0.001,150,0.9667,0.1333,0.2667,0.06654066731610733,0.9295359201086992,0.8067,30
wynn_eps_3,wynn_eps,limit,log_oscillatory,0.001,150,0.9333,0.0667,0.1667,0.07626586203922452,0.8034835839944647,0.8667,30
wynn_rho_1,wynn_rho,limit,log_oscillatory,0.001,150,1.0,0.0,0.5,0.05878471531090253,1.0254254075095999,1.2,30
wynn_rho_2,wynn_rho,limit,log_oscillatory,0.001,150,1.0,0.0,0.1667,0.08916697586746485,0.6821056437435304,1.0667,30
wynn_rho_3,wynn_rho,limit,log_oscillatory,0.001,150,0.9667,0.1,0.1333,0.12083511082417953,0.5021919725660308,0.82,30
pade_11,pade,trajectory,log_oscillatory,0.001,150,1.0,0.0,1.0,0.04474825631533623,1.377195713749817,1.4,30
pade_12,pade,trajectory,log_oscillatory,0.001,150,1.0,0.0,0.0,0.14203108203690384,0.43373058061004666,1.0,30
pade_13,pade,trajectory,log_oscillatory,0.001,150,1.0,0.0,0.0,0.12153011247358794,0.505456040219372,1.0,30
pade_21,pade,trajectory,log_oscillatory,0.001,150,1.0,0.0,0.0,0.10221125156318395,0.6045421954498236,1.0,30
pade_22,pade,trajectory,log_oscillatory,0.001,150,1.0,0.0,1.0,0.0409225619735938,1.5054829676480477,1.4,30
pade_23,pade,trajectory,log_oscillatory,0.001,150,1.0,1.0,0.0,3.8583563315818377,0.015979878785821883,-1.0,30
pade_31,pade,trajectory,log_oscillatory,0.001,150,0.0,1.0,0.0,,,-2.0,30
pade_32,pade,trajectory,log_oscillatory,0.001,150,1.0,0.0,0.0,0.21732656151042049,0.28412917763707635,1.0,30
levin_t1,levin,limit,log_oscillatory,0.001,150,1.0,0.0,0.5,0.05850491287356331,1.0303840144668983,1.2,30
levin_t2,levin,limit,log_oscillatory,0.001,150,1.0,0.0,0.9333,0.05744478729514482,1.0867216473717844,1.3733,30
levin_u1,levin,limit,log_oscillatory,0.001,150,1.0,0.0,0.5,0.05851145693955591,1.030274546353081,1.2,30
levin_u2,levin,limit,log_oscillatory,0.001,150,1.0,0.0,0.9333,0.05748504154675485,1.087348610060788,1.3733,30
levin_v1,levin,limit,log_oscillatory,0.001,150,1.0,0.0,0.9667,0.05339998868517691,1.152655575449024,1.3867,30
levin_v2,levin,limit,log_oscillatory,0.001,150,1.0,0.0,0.9667,0.05222176906950679,1.1791203325100656,1.3867,30
weniger_d1,weniger,limit,log_oscillatory,0.001,150,1.0,0.0,0.0,0.15358923083238113,0.40032407327957087,1.0,30
weniger_d2,weniger,limit,log_oscillatory,0.001,150,1.0,0.0,0.0,0.15358923083238113,0.40032407327957087,1.0,30
brezinski_theta1,brezinski,limit,log_oscillatory,0.001,150,1.0,0.0,0.5,0.060599273561397535,0.9980741982040042,1.2,30
brezinski_theta2,brezinski,limit,log_oscillatory,0.001,150,1.0,0.0333,0.2667,0.08030284042122694,0.7621486786192483,1.04,30
neville_2,neville,trajectory,log_oscillatory,0.001,150,0.6667,0.9333,0.0,1.2258430037438468,0.051876749076961784,-1.2,30
neville_3,neville,trajectory,log_oscillatory,0.001,150,0.5333,1.0,0.0,30.354372472001266,0.002174188113720401,-1.4667,30
neville_4,neville,trajectory,log_oscillatory,0.001,150,0.3667,1.0,0.0,217.7095599831374,0.0002891242542360881,-1.6333,30
anderson_1,anderson,limit,log_oscillatory,0.001,150,1.0,0.0,0.5,0.058506029300352855,1.030350558553365,1.2,30
anderson_2,anderson,limit,log_oscillatory,0.001,150,1.0,0.0,0.6,0.06060090149501683,1.010638972692588,1.24,30
anderson_3,anderson,limit,log_oscillatory,0.001,150,1.0,0.0,0.6667,0.06051947749255407,1.0105661417265186,1.2667,30
median_ensemble,ensemble,trajectory,log_oscillatory,0.001,150,1.0,0.0,0.7667,0.05620756515768331,1.0925455482342379,1.3067,30
stability_weighted,ensemble,trajectory,log_oscillatory,0.001,150,1.0,0.0,0.5333,0.05974319437667239,1.0399754421375966,1.2133,30
best_shanks_wynn,ensemble,limit,log_oscillatory,0.001,150,1.0,0.0,0.5,0.058504912873563686,1.030384014466874,1.2,30
current_value,baseline,limit,log_oscillatory,0.001,1000,1.0,0.0,0.0,0.10586005869388453,1.0,1.0,30
linear,baseline,trajectory,log_oscillatory,0.001,1000,0.3667,1.0,0.0,0.6060308436792526,0.17562414879478222,-1.6333,30
log_linear,baseline,trajectory,log_oscillatory,0.001,1000,1.0,0.0,1.0,0.006802952485180411,15.586592339297107,1.4,30
geom_avg_diff,baseline,limit,log_oscillatory,0.001,1000,0.0,1.0,0.0,,,-2.0,30
richardson_1,richardson,trajectory,log_oscillatory,0.001,1000,1.0,0.0,1.0,0.01347102511966835,7.862983934869792,1.4,30
richardson_2,richardson,trajectory,log_oscillatory,0.001,1000,1.0,0.0,1.0,0.028706156061115894,3.6811652924011256,1.4,30
richardson_3,richardson,trajectory,log_oscillatory,0.001,1000,1.0,0.0,1.0,0.04205759550062302,2.5129012826904384,1.4,30
richardson_a05,richardson,trajectory,log_oscillatory,0.001,1000,1.0,0.0,1.0,0.04160619788432965,2.5466864080413503,1.4,30
richardson_a10,richardson,trajectory,log_oscillatory,0.001,1000,1.0,0.0,1.0,0.06522881539075982,1.6253351389631896,1.4,30
richardson_a20,richardson,trajectory,log_oscillatory,0.001,1000,1.0,0.0,1.0,0.08263264008505856,1.2829317544018122,1.4,30
single_exp_fit,parametric,trajectory,log_oscillatory,0.001,1000,1.0,0.0,1.0,0.1023110304980577,1.0347279253804278,1.4,30
double_exp_fit,parametric,trajectory,log_oscillatory,0.001,1000,1.0,0.0,1.0,0.10231047111703495,1.0347377373155409,1.4,30
rational_fit,parametric,trajectory,log_oscillatory,0.001,1000,1.0,0.0,1.0,0.06154294811053737,1.7175732345021668,1.4,30
log_fit,parametric,trajectory,log_oscillatory,0.001,1000,1.0,0.0,1.0,0.032943104848615,3.2174343761453503,1.4,30
shanks_1,shanks,limit,log_oscillatory,0.001,1000,1.0,0.0,0.5,0.10287950506875314,1.0170995831467158,1.2,30
shanks_2,shanks,limit,log_oscillatory,0.001,1000,1.0,0.0,0.6667,0.1005601944401245,1.0546491142921353,1.2667,30
shanks_3,shanks,limit,log_oscillatory,0.001,1000,1.0,0.0,0.6333,0.09985387993186147,1.061680854604433,1.2533,30
shanks_4,shanks,limit,log_oscillatory,0.001,1000,1.0,0.0,0.6667,0.09241329061602375,1.1491502486037504,1.2667,30
wynn_eps_1,wynn_eps,limit,log_oscillatory,0.001,1000,1.0,0.0,0.5,0.10287950506875279,1.017099583146729,1.2,30
wynn_eps_2,wynn_eps,limit,log_oscillatory,0.001,1000,0.9667,0.1,0.2667,0.11091525951129678,0.9578443999289306,0.8733,30
wynn_eps_3,wynn_eps,limit,log_oscillatory,0.001,1000,0.9333,0.0667,0.2667,0.12064045423441397,0.8758832386939825,0.9067,30
wynn_rho_1,wynn_rho,limit,log_oscillatory,0.001,1000,1.0,0.0,0.5,0.10315930750609198,1.0141559127362276,1.2,30
wynn_rho_2,wynn_rho,limit,log_oscillatory,0.001,1000,1.0,0.0,0.3333,0.12247394056102225,0.8750316669878301,1.1333,30
wynn_rho_3,wynn_rho,limit,log_oscillatory,0.001,1000,0.9667,0.0667,0.1333,0.1583670287180176,0.6635150864070266,0.8867,30
pade_11,pade,trajectory,log_oscillatory,0.001,1000,1.0,0.0,1.0,0.0915882263738529,1.1571585816684877,1.4,30
pade_12,pade,trajectory,log_oscillatory,0.001,1000,1.0,0.0,0.0,0.19188174471400482,0.5517899016155468,1.0,30
pade_13,pade,trajectory,log_oscillatory,0.001,1000,1.0,0.0,0.0,0.10883909934293046,0.9726620381235569,1.0,30
pade_21,pade,trajectory,log_oscillatory,0.001,1000,1.0,1.0,0.0,0.6932230665442438,0.15267606631292502,-1.0,30
pade_22,pade,trajectory,log_oscillatory,0.001,1000,1.0,0.0,1.0,0.08528582846856929,1.2418901461335845,1.4,30
pade_23,pade,trajectory,log_oscillatory,0.001,1000,1.0,0.0,0.0,0.13045927632637583,0.8111846052281066,1.0,30
pade_31,pade,trajectory,log_oscillatory,0.001,1000,0.0,1.0,0.0,,,-2.0,30
pade_32,pade,trajectory,log_oscillatory,0.001,1000,1.0,1.0,0.0,2.016933011118233,0.05264790989607339,-1.0,30
levin_t1,levin,limit,log_oscillatory,0.001,1000,1.0,0.0,0.5,0.10287950506875276,1.017099583146729,1.2,30
levin_t2,levin,limit,log_oscillatory,0.001,1000,1.0,0.0,0.9333,0.10181937949033427,1.0488073780919946,1.3733,30
levin_u1,levin,limit,log_oscillatory,0.001,1000,1.0,0.0,0.5,0.10288604913474536,1.0170368062059412,1.2,30
levin_u2,levin,limit,log_oscillatory,0.001,1000,1.0,0.0,0.9333,0.1018596337419443,1.0491508514927719,1.3733,30
levin_v1,levin,limit,log_oscillatory,0.001,1000,1.0,0.0,0.9667,0.09777458088036636,1.0829240421821917,1.3867,30
levin_v2,levin,limit,log_oscillatory,0.001,1000,1.0,0.0,0.9667,0.09659636126469624,1.0964657195226926,1.3867,30
weniger_d1,weniger,limit,log_oscillatory,0.001,1000,1.0,0.0,0.0,0.10921463863719168,0.9692845209656282,1.0,30
weniger_d2,weniger,limit,log_oscillatory,0.001,1000,1.0,0.0,0.0,0.10921463863719168,0.9692845209656282,1.0,30
brezinski_theta1,brezinski,limit,log_oscillatory,0.001,1000,1.0,0.0,0.5,0.10497386575658699,0.9980609779936569,1.2,30
brezinski_theta2,brezinski,limit,log_oscillatory,0.001,1000,1.0,0.0,0.3,0.1246774326164164,0.8467321653682502,1.12,30
neville_2,neville,trajectory,log_oscillatory,0.001,1000,0.5333,0.9667,0.0,6.3351421530657674,0.01700952215085668,-1.4,30
neville_3,neville,trajectory,log_oscillatory,0.001,1000,0.3667,1.0,0.0,219.12267938356598,0.0004878300961196913,-1.6333,30
neville_4,neville,trajectory,log_oscillatory,0.001,1000,0.0,1.0,0.0,,,-2.0,30
anderson_1,anderson,limit,log_oscillatory,0.001,1000,1.0,0.0,0.5,0.10288062149554231,1.0170812697693619,1.2,30
anderson_2,anderson,limit,log_oscillatory,0.001,1000,1.0,0.0,0.6,0.10497549369020628,1.0061357772659036,1.24,30
anderson_3,anderson,limit,log_oscillatory,0.001,1000,1.0,0.0,0.6667,0.10489406968774352,1.006105590315889,1.2667,30
median_ensemble,ensemble,trajectory,log_oscillatory,0.001,1000,1.0,0.0,0.9,0.09274725143012655,1.1530636307752449,1.36,30
stability_weighted,ensemble,trajectory,log_oscillatory,0.001,1000,1.0,0.0,0.5667,0.10349762483247787,1.0293609183699406,1.2267,30
best_shanks_wynn,ensemble,limit,log_oscillatory,0.001,1000,1.0,0.0,0.5,0.10287950506875314,1.0170995831467158,1.2,30
current_value,baseline,limit,log_oscillatory,0.001,5000,1.0,0.0,0.0,0.09715733566376154,1.0,1.0,30
linear,baseline,trajectory,log_oscillatory,0.001,5000,0.0,1.0,0.0,,,-2.0,30
log_linear,baseline,trajectory,log_oscillatory,0.001,5000,1.0,0.0,1.0,0.03179614073022708,3.0472073305235075,1.4,30
geom_avg_diff,baseline,limit,log_oscillatory,0.001,5000,0.0,1.0,0.0,,,-2.0,30
richardson_1,richardson,trajectory,log_oscillatory,0.001,5000,1.0,0.0,1.0,0.025501544555649153,3.798401640449621,1.4,30
richardson_2,richardson,trajectory,log_oscillatory,0.001,5000,1.0,0.0,1.0,0.07651887397662106,1.2693507091746876,1.4,30
richardson_3,richardson,trajectory,log_oscillatory,0.001,5000,1.0,0.0,1.0,0.08808651819115113,1.1031123598320696,1.4,30
richardson_a05,richardson,trajectory,log_oscillatory,0.001,5000,1.0,0.0,1.0,0.023943796424186106,4.065624349570595,1.4,30
richardson_a10,richardson,trajectory,log_oscillatory,0.001,5000,1.0,0.0,1.0,0.05520359514340077,1.7646300134491173,1.4,30
richardson_a20,richardson,trajectory,log_oscillatory,0.001,5000,1.0,0.0,1.0,0.07390100813109267,1.316681039668107,1.4,30
single_exp_fit,parametric,trajectory,log_oscillatory,0.001,5000,1.0,0.0,0.0,0.11791735775236262,0.8239443063987486,1.0,30
double_exp_fit,parametric,trajectory,log_oscillatory,0.001,5000,1.0,0.0,0.0,0.11791735694405359,0.823944391292327,1.0,30
rational_fit,parametric,trajectory,log_oscillatory,0.001,5000,1.0,0.0,0.0,0.10670856203963225,0.9102646496210176,1.0,30
log_fit,parametric,trajectory,log_oscillatory,0.001,5000,1.0,0.0,1.0,0.00767070834660559,12.645201191052909,1.4,30
shanks_1,shanks,limit,log_oscillatory,0.001,5000,1.0,0.0,0.5,0.09417678203863016,1.0187033687903428,1.2,30
shanks_2,shanks,limit,log_oscillatory,0.001,5000,1.0,0.0,0.6667,0.09185747141000151,1.0598247028726564,1.2667,30
shanks_3,shanks,limit,log_oscillatory,0.001,5000,1.0,0.0,0.6333,0.09115115690173849,1.0675714344636287,1.2533,30
shanks_4,shanks,limit,log_oscillatory,0.001,5000,1.0,0.0,0.6667,0.08371056758590077,1.1649099564074024,1.2667,30
wynn_eps_1,wynn_eps,limit,log_oscillatory,0.001,5000,1.0,0.0,0.5,0.09417678203862981,1.0187033687903575,1.2,30
wynn_eps_2,wynn_eps,limit,log_oscillatory,0.001,5000,0.9667,0.1,0.2667,0.1022125364811738,0.9542388953674574,0.8733,30
wynn_eps_3,wynn_eps,limit,log_oscillatory,0.001,5000,0.9333,0.0667,0.2667,0.11193773120429099,0.8662170620888071,0.9067,30
wynn_rho_1,wynn_rho,limit,log_oscillatory,0.001,5000,1.0,0.0,0.5,0.094456584475969,1.0155041642539095,1.2,30
wynn_rho_2,wynn_rho,limit,log_oscillatory,0.001,5000,1.0,0.0,0.3333,0.11377121753089926,0.8654734636055263,1.1333,30
wynn_rho_3,wynn_rho,limit,log_oscillatory,0.001,5000,0.9667,0.0667,0.1333,0.14966430568789463,0.643949065014316,0.8867,30
pade_11,pade,trajectory,log_oscillatory,0.001,5000,1.0,0.0,1.0,0.0830865401562393,1.1708351033023936,1.4,30
pade_12,pade,trajectory,log_oscillatory,0.001,5000,1.0,0.0,0.0,0.12976537768444063,0.7489418176775846,1.0,30
pade_13,pade,trajectory,log_oscillatory,0.001,5000,1.0,0.0,0.0,0.11790359804826284,0.8240409390409209,1.0,30
pade_21,pade,trajectory,log_oscillatory,0.001,5000,1.0,1.0,0.0,3.2363147076413954,0.03001155036170403,-1.0,30
pade_22,pade,trajectory,log_oscillatory,0.001,5000,1.0,0.0,1.0,0.07660715325425246,1.2690184572315748,1.4,30
pade_23,pade,trajectory,log_oscillatory,0.001,5000,1.0,0.0,0.0,0.12165341380406913,0.798630196141698,1.0,30
pade_31,pade,trajectory,log_oscillatory,0.001,5000,0.0,1.0,0.0,,,-2.0,30
pade_32,pade,trajectory,log_oscillatory,0.001,5000,1.0,1.0,0.0,10.19520097112482,0.009558156159555856,-1.0,30
levin_t1,levin,limit,log_oscillatory,0.001,5000,1.0,0.0,0.5,0.09417678203862978,1.0187033687903577,1.2,30
levin_t2,levin,limit,log_oscillatory,0.001,5000,1.0,0.0,0.9333,0.09311665646021129,1.0533845286800168,1.3733,30
levin_u1,levin,limit,log_oscillatory,0.001,5000,1.0,0.0,0.5,0.09418332610462238,1.0186348613522895,1.2,30
levin_u2,levin,limit,log_oscillatory,0.001,5000,1.0,0.0,0.9333,0.09315691071182132,1.0537614730080311,1.3733,30
levin_v1,levin,limit,log_oscillatory,0.001,5000,1.0,0.0,0.9667,0.08907185785024338,1.0910667728767147,1.3867,30
levin_v2,levin,limit,log_oscillatory,0.001,5000,1.0,0.0,0.9667,0.08789363823457326,1.106065272511978,1.3867,30
weniger_d1,weniger,limit,log_oscillatory,0.001,5000,1.0,0.0,0.0,0.11791736166731466,0.8239442800448311,1.0,30
weniger_d2,weniger,limit,log_oscillatory,0.001,5000,1.0,0.0,0.0,0.11791736166731466,0.8239442800448311,1.0,30
brezinski_theta1,brezinski,limit,log_oscillatory,0.001,5000,1.0,0.0,0.5,0.096271142726464,0.9979973445552975,1.2,30
brezinski_theta2,brezinski,limit,log_oscillatory,0.001,5000,1.0,0.0333,0.3,0.11597470958629341,0.8352433304793887,1.0533,30
neville_2,neville,trajectory,log_oscillatory,0.001,5000,0.5333,0.9667,0.0,7.31144770344972,0.013541382021815679,-1.4,30
neville_3,neville,trajectory,log_oscillatory,0.001,5000,0.2667,1.0,0.0,219.13448202042787,0.00044824550712632455,-1.7333,30
neville_4,neville,trajectory,log_oscillatory,0.001,5000,0.0,1.0,0.0,,,-2.0,30
anderson_1,anderson,limit,log_oscillatory,0.001,5000,1.0,0.0,0.5,0.09417789846541932,1.0186832696698112,1.2,30
anderson_2,anderson,limit,log_oscillatory,0.001,5000,1.0,0.0,0.6,0.0962727706600833,1.0066912287549257,1.24,30
anderson_3,anderson,limit,log_oscillatory,0.001,5000,1.0,0.0,0.6667,0.09619134665762054,1.006656713971056,1.2667,30
median_ensemble,ensemble,trajectory,log_oscillatory,0.001,5000,1.0,0.0,0.9,0.08404452840000357,1.169004262820636,1.36,30
stability_weighted,ensemble,trajectory,log_oscillatory,0.001,5000,1.0,0.0,0.8,0.0837813283090151,1.1727622836665996,1.32,30
best_shanks_wynn,ensemble,limit,log_oscillatory,0.001,5000,1.0,0.0,0.5,0.09417678203863016,1.0187033687903428,1.2,30
current_value,baseline,limit,log_oscillatory,0.005,150,1.0,0.0,0.0,0.05984857589771857,1.0,1.0,30
linear,baseline,trajectory,log_oscillatory,0.005,150,1.0,0.0,1.0,0.019183567465828777,3.1158433175440847,1.4,30
log_linear,baseline,trajectory,log_oscillatory,0.005,150,1.0,0.0,1.0,0.012408676882456698,4.769933824311542,1.4,30
geom_avg_diff,baseline,limit,log_oscillatory,0.005,150,0.2333,0.7667,0.0667,0.06347647991719924,0.9836520605711064,-1.2733,30
richardson_1,richardson,trajectory,log_oscillatory,0.005,150,1.0,0.0,1.0,0.01715456997820461,3.4981824882912558,1.4,30
richardson_2,richardson,trajectory,log_oscillatory,0.005,150,1.0,0.0,1.0,0.006423784116372275,9.138316577778975,1.4,30
richardson_3,richardson,trajectory,log_oscillatory,0.005,150,1.0,0.0,1.0,0.0011809074522504681,49.67059721217201,1.4,30
richardson_a05,richardson,trajectory,log_oscillatory,0.005,150,1.0,0.0,1.0,0.02233351443239137,2.6817461769562874,1.4,30
richardson_a10,richardson,trajectory,log_oscillatory,0.005,150,1.0,0.0,1.0,0.029779741859874975,2.0003230499772333,1.4,30
richardson_a20,richardson,trajectory,log_oscillatory,0.005,150,1.0,0.0,1.0,0.039219481810098364,1.531892696084578,1.4,30
single_exp_fit,parametric,trajectory,log_oscillatory,0.005,150,1.0,0.0,1.0,0.007778113701996173,7.629779334031786,1.4,30
double_exp_fit,parametric,trajectory,log_oscillatory,0.005,150,1.0,0.0,1.0,0.007777738244446053,7.630364512380656,1.4,30
rational_fit,parametric,trajectory,log_oscillatory,0.005,150,1.0,0.0,1.0,0.0013385244068502,44.726712038276176,1.4,30
log_fit,parametric,trajectory,log_oscillatory,0.005,150,1.0,0.0,1.0,0.020808627896093987,2.885890414419432,1.4,30
shanks_1,shanks,limit,log_oscillatory,0.005,150,1.0,0.0,0.5667,0.057287958885347406,1.019172063054345,1.2267,30
shanks_2,shanks,limit,log_oscillatory,0.005,150,1.0,0.0,0.8333,0.055476826865488924,1.085648920519725,1.3333,30
shanks_3,shanks,limit,log_oscillatory,0.005,150,1.0,0.0,0.9,0.05131942170702308,1.1536062888601237,1.36,30
shanks_4,shanks,limit,log_oscillatory,0.005,150,1.0,0.0,0.9333,0.045909311187937674,1.3390722170924727,1.3733,30
wynn_eps_1,wynn_eps,limit,log_oscillatory,0.005,150,1.0,0.0,0.5667,0.05728795888534802,1.01917206305435,1.2267,30
wynn_eps_2,wynn_eps,limit,log_oscillatory,0.005,150,1.0,0.0,0.8,0.056287315079547706,1.0504682340427274,1.32,30
wynn_eps_3,wynn_eps,limit,log_oscillatory,0.005,150,1.0,0.0,0.5667,0.05140959022741677,1.1541548962604873,1.2267,30
wynn_rho_1,wynn_rho,limit,log_oscillatory,0.005,150,1.0,0.0,0.7,0.05790143209490427,1.0265774170935522,1.28,30
wynn_rho_2,wynn_rho,limit,log_oscillatory,0.005,150,1.0,0.0,0.5,0.05937395183835946,1.0008850244849397,1.2,30
wynn_rho_3,wynn_rho,limit,log_oscillatory,0.005,150,1.0,0.0333,0.4667,0.05814770709776171,0.9732037395746308,1.12,30
pade_11,pade,trajectory,log_oscillatory,0.005,150,1.0,0.0,1.0,0.04420285525227481,1.355263699564722,1.4,30
pade_12,pade,trajectory,log_oscillatory,0.005,150,1.0,0.0,0.0,0.1394860023201703,0.4231532413738339,1.0,30
pade_13,pade,trajectory,log_oscillatory,0.005,150,1.0,0.0,0.0,0.11811074246436964,0.502896275759164,1.0,30
pade_21,pade,trajectory,log_oscillatory,0.005,150,1.0,0.0,0.0,0.09998573517361309,0.5907360695501034,1.0,30
pade_22,pade,trajectory,log_oscillatory,0.005,150,1.0,0.0,1.0,0.040693472190173524,1.477010840366608,1.4,30
pade_23,pade,trajectory,log_oscillatory,0.005,150,0.8667,1.0,0.0,1.1575237598876607,0.04666880889837842,-1.1333,30
pade_31,pade,trajectory,log_oscillatory,0.005,150,0.3667,1.0,0.0,0.5913703789165479,0.10247394780709536,-1.6333,30
pade_32,pade,trajectory,log_oscillatory,0.005,150,1.0,0.0,0.0,0.19953615566654753,0.297175422420885,1.0,30
levin_t1,levin,limit,log_oscillatory,0.005,150,1.0,0.0,0.5667,0.05728795888534799,1.0191720630543497,1.2267,30
levin_t2,levin,limit,log_oscillatory,0.005,150,1.0,0.0,0.7667,0.05605046591905599,1.0692723767421592,1.3067,30
levin_u1,levin,limit,log_oscillatory,0.005,150,1.0,0.0,0.5667,0.057275819991284616,1.0188698821964728,1.2267,30
levin_u2,levin,limit,log_oscillatory,0.005,150,1.0,0.0,0.7667,0.05604936540326706,1.069306881006295,1.3067,30
levin_v1,levin,limit,log_oscillatory,0.005,150,1.0,0.0,0.8333,0.05394069060203942,1.0811822300084781,1.3333,30
levin_v2,levin,limit,log_oscillatory,0.005,150,1.0,0.0,0.8667,0.05278463305237034,1.1397530068268542,1.3467,30
weniger_d1,weniger,limit,log_oscillatory,0.005,150,1.0,0.0,0.0,0.15358923083238113,0.38966648620718797,1.0,30
weniger_d2,weniger,limit,log_oscillatory,0.005,150,1.0,0.0,0.0,0.15358923083238113,0.3896664862071874,1.0,30
brezinski_theta1,brezinski,limit,log_oscillatory,0.005,150,1.0,0.0,0.5667,0.05783347700045667,1.0899121772781784,1.2267,30
brezinski_theta2,brezinski,limit,log_oscillatory,0.005,150,0.9667,0.0667,0.5333,0.054145219567976355,1.157936068820396,1.0467,30
neville_2,neville,trajectory,log_oscillatory,0.005,150,0.5667,1.0,0.0,5.4351065565128875,0.010823275003510715,-1.4333,30
neville_3,neville,trajectory,log_oscillatory,0.005,150,0.6,1.0,0.0,116.73745970645076,0.0005070234998143057,-1.4,30
neville_4,neville,trajectory,log_oscillatory,0.005,150,0.1,1.0,0.0,210.2268255391139,0.00031370204732282113,-1.9,30
anderson_1,anderson,limit,log_oscillatory,0.005,150,1.0,0.0,0.5667,0.0572884148186886,1.0191691405355128,1.2267,30
anderson_2,anderson,limit,log_oscillatory,0.005,150,1.0,0.0,0.6667,0.05774459334921746,1.0232457646348285,1.2667,30
anderson_3,anderson,limit,log_oscillatory,0.005,150,1.0,0.0,0.6667,0.05810482966170499,1.017742066151337,1.2667,30
median_ensemble,ensemble,trajectory,log_oscillatory,0.005,150,1.0,0.0,0.9333,0.055162202988908934,1.067840259825584,1.3733,30
stability_weighted,ensemble,trajectory,log_oscillatory,0.005,150,1.0,0.0,0.6667,0.055768163384228325,1.0697028723388342,1.2667,30
best_shanks_wynn,ensemble,limit,log_oscillatory,0.005,150,1.0,0.0,0.5667,0.057287958885347406,1.019172063054345,1.2267,30
current_value,baseline,limit,log_oscillatory,0.005,1000,1.0,0.0,0.0,0.10422316809290802,1.0,1.0,30
linear,baseline,trajectory,log_oscillatory,0.005,1000,0.3333,1.0,0.0,0.5880014321906548,0.185789605962802,-1.6667,30
log_linear,baseline,trajectory,log_oscillatory,0.005,1000,1.0,0.0,1.0,0.005629415214337456,19.016437665362325,1.4,30
geom_avg_diff,baseline,limit,log_oscillatory,0.005,1000,0.2333,0.7667,0.0667,0.10785107211238869,0.990330891177999,-1.2733,30
richardson_1,richardson,trajectory,log_oscillatory,0.005,1000,1.0,0.0,1.0,0.012365986923006528,8.446683077257312,1.4,30
richardson_2,richardson,trajectory,log_oscillatory,0.005,1000,1.0,0.0,1.0,0.02920032449795472,3.5832789452721974,1.4,30
richardson_3,richardson,trajectory,log_oscillatory,0.005,1000,1.0,0.0,1.0,0.042428224857173985,2.4665026897677915,1.4,30
richardson_a05,richardson,trajectory,log_oscillatory,0.005,1000,1.0,0.0,1.0,0.0405706157634699,2.566129531467997,1.4,30
richardson_a10,richardson,trajectory,log_oscillatory,0.005,1000,1.0,0.0,1.0,0.06459556885411875,1.6008189238034713,1.4,30
richardson_a20,richardson,trajectory,log_oscillatory,0.005,1000,1.0,0.0,1.0,0.08225163299976855,1.269603177942464,1.4,30
single_exp_fit,parametric,trajectory,log_oscillatory,0.005,1000,1.0,0.0,0.6667,0.10271812442330948,1.0153759971709102,1.2667,30
double_exp_fit,parametric,trajectory,log_oscillatory,0.005,1000,1.0,0.0,0.6667,0.10271656510008192,1.0153984401419827,1.2667,30
rational_fit,parametric,trajectory,log_oscillatory,0.005,1000,1.0,0.0,1.0,0.06220426786809666,1.6843519452208495,1.4,30
log_fit,parametric,trajectory,log_oscillatory,0.005,1000,1.0,0.0,1.0,0.03179394762451432,3.277387282319316,1.4,30
shanks_1,shanks,limit,log_oscillatory,0.005,1000,1.0,0.0,0.5667,0.10166255108053686,1.0109229947951461,1.2267,30
shanks_2,shanks,limit,log_oscillatory,0.005,1000,1.0,0.0,0.8333,0.09985141906067838,1.047255385517105,1.3333,30
shanks_3,shanks,limit,log_oscillatory,0.005,1000,1.0,0.0,0.9,0.09569401390221254,1.0828042473698036,1.36,30
shanks_4,shanks,limit,log_oscillatory,0.005,1000,1.0,0.0,0.9333,0.09028390338312713,1.172824704054337,1.3733,30
wynn_eps_1,wynn_eps,limit,log_oscillatory,0.005,1000,1.0,0.0,0.5667,0.10166255108053747,1.0109229947951488,1.2267,30
wynn_eps_2,wynn_eps,limit,log_oscillatory,0.005,1000,1.0,0.0,0.8,0.10066190727473716,1.0282274344109195,1.32,30
wynn_eps_3,wynn_eps,limit,log_oscillatory,0.005,1000,1.0,0.0,0.5667,0.09578418242260622,1.0800727505619578,1.2267,30
wynn_rho_1,wynn_rho,limit,log_oscillatory,0.005,1000,1.0,0.0,0.7,0.10227602429009372,1.0150614523562091,1.28,30
wynn_rho_2,wynn_rho,limit,log_oscillatory,0.005,1000,1.0,0.0,0.5,0.10374854403354891,1.0004599363075766,1.2,30
wynn_rho_3,wynn_rho,limit,log_oscillatory,0.005,1000,1.0,0.0333,0.4667,0.10252229929295116,0.9846268059289749,1.12,30
pade_11,pade,trajectory,log_oscillatory,0.005,1000,1.0,0.0,1.0,0.09110371471739138,1.1443222693750186,1.4,30
pade_12,pade,trajectory,log_oscillatory,0.005,1000,1.0,0.0,0.0,0.19351620579103737,0.5404723764489214,1.0,30
pade_13,pade,trajectory,log_oscillatory,0.005,1000,1.0,0.0,0.1667,0.10879968469784984,0.957746801101663,1.0667,30
pade_21,pade,trajectory,log_oscillatory,0.005,1000,1.0,1.0,0.0,0.6715336030461836,0.15350878574152693,-1.0,30
pade_22,pade,trajectory,log_oscillatory,0.005,1000,1.0,0.0,1.0,0.084998306701385,1.2271574116301687,1.4,30
pade_23,pade,trajectory,log_oscillatory,0.005,1000,1.0,0.0,0.0,0.13246842757109942,0.798021327105464,1.0,30
pade_31,pade,trajectory,log_oscillatory,0.005,1000,0.0,1.0,0.0,,,-2.0,30
pade_32,pade,trajectory,log_oscillatory,0.005,1000,1.0,1.0,0.0,1.7976756511375056,0.05851753020025995,-1.0,30
levin_t1,levin,limit,log_oscillatory,0.005,1000,1.0,0.0,0.5667,0.10166255108053744,1.0109229947951488,1.2267,30
levin_t2,levin,limit,log_oscillatory,0.005,1000,1.0,0.0,0.7667,0.10042505811424544,1.0384364177515166,1.3067,30
levin_u1,levin,limit,log_oscillatory,0.005,1000,1.0,0.0,0.5667,0.10165041218647407,1.0107537910673527,1.2267,30
levin_u2,levin,limit,log_oscillatory,0.005,1000,1.0,0.0,0.7667,0.10042395759845651,1.038454996438317,1.3067,30
levin_v1,levin,limit,log_oscillatory,0.005,1000,1.0,0.0,0.8333,0.09831528279722887,1.0442614947412712,1.3333,30
levin_v2,levin,limit,log_oscillatory,0.005,1000,1.0,0.0,0.8667,0.0971592252475598,1.0764980461172349,1.3467,30
weniger_d1,weniger,limit,log_oscillatory,0.005,1000,1.0,0.0,0.1667,0.10921463863719168,0.9542966894679294,1.0667,30
weniger_d2,weniger,limit,log_oscillatory,0.005,1000,1.0,0.0,0.1667,0.10921463863719168,0.9542966894679275,1.0667,30
brezinski_theta1,brezinski,limit,log_oscillatory,0.005,1000,1.0,0.0,0.5667,0.10220806919564612,1.0502238271914017,1.2267,30
brezinski_theta2,brezinski,limit,log_oscillatory,0.005,1000,0.9667,0.0333,0.5333,0.09851981176316581,1.0825129916855527,1.1133,30
neville_2,neville,trajectory,log_oscillatory,0.005,1000,0.5667,1.0,0.0,26.97725991956956,0.0038254531941863436,-1.4333,30
neville_3,neville,trajectory,log_oscillatory,0.005,1000,0.1,1.0,0.0,159.14801996244503,0.0006932111238017321,-1.9,30
neville_4,neville,trajectory,log_oscillatory,0.005,1000,0.0,1.0,0.0,,,-2.0,30
anderson_1,anderson,limit,log_oscillatory,0.005,1000,1.0,0.0,0.5667,0.10166300701387805,1.010921328261154,1.2267,30
anderson_2,anderson,limit,log_oscillatory,0.005,1000,1.0,0.0,0.6667,0.10211918554440691,1.0128440816051634,1.2667,30
anderson_3,anderson,limit,log_oscillatory,0.005,1000,1.0,0.0,0.6667,0.10247942185689445,1.010251194638812,1.2667,30
median_ensemble,ensemble,trajectory,log_oscillatory,0.005,1000,1.0,0.0,0.9667,0.09531737692493235,1.0849986031404883,1.3867,30
stability_weighted,ensemble,trajectory,log_oscillatory,0.005,1000,1.0,0.0,0.8667,0.09615868300122708,1.063216638298369,1.3467,30
best_shanks_wynn,ensemble,limit,log_oscillatory,0.005,1000,1.0,0.0,0.5667,0.10166255108053686,1.0109229947951461,1.2267,30
current_value,baseline,limit,log_oscillatory,0.005,5000,1.0,0.0,0.0,0.09552044506278504,1.0,1.0,30
linear,baseline,trajectory,log_oscillatory,0.005,5000,0.0,1.0,0.0,,,-2.0,30
log_linear,baseline,trajectory,log_oscillatory,0.005,5000,1.0,0.0,1.0,0.032989720719811114,2.8778442111564697,1.4,30
geom_avg_diff,baseline,limit,log_oscillatory,0.005,5000,0.2333,0.7667,0.0667,0.0991483490822657,0.9894886916951399,-1.2733,30
richardson_1,richardson,trajectory,log_oscillatory,0.005,5000,1.0,0.0,1.0,0.026776152464473346,3.5810978301598366,1.4,30
richardson_2,richardson,trajectory,log_oscillatory,0.005,5000,1.0,0.0,1.0,0.07684151484817892,1.2487255574651552,1.4,30
richardson_3,richardson,trajectory,log_oscillatory,0.005,5000,1.0,0.0,0.9667,0.0882968162651305,1.0832374362263382,1.3867,30
richardson_a05,richardson,trajectory,log_oscillatory,0.005,5000,1.0,0.0,1.0,0.022818941351148994,4.189312491011986,1.4,30
richardson_a10,richardson,trajectory,log_oscillatory,0.005,5000,1.0,0.0,1.0,0.05453913356609651,1.7369427310257604,1.4,30
richardson_a20,richardson,trajectory,log_oscillatory,0.005,5000,1.0,0.0,1.0,0.07351963573032866,1.3020878014286774,1.4,30
single_exp_fit,parametric,trajectory,log_oscillatory,0.005,5000,1.0,0.0,0.0,0.11791735880083223,0.8100626692879365,1.0,30
double_exp_fit,parametric,trajectory,log_oscillatory,0.005,5000,1.0,0.0,0.0,0.11791735315975543,0.8100630374179276,1.0,30
rational_fit,parametric,trajectory,log_oscillatory,0.005,5000,1.0,0.0,0.0,0.10689598733263711,0.8940629602466598,1.0,30
log_fit,parametric,trajectory,log_oscillatory,0.005,5000,1.0,0.0,1.0,0.006234284594113196,15.74352805302336,1.4,30
shanks_1,shanks,limit,log_oscillatory,0.005,5000,1.0,0.0,0.5667,0.09295982805041388,1.0119293249689052,1.2267,30
shanks_2,shanks,limit,log_oscillatory,0.005,5000,1.0,0.0,0.8333,0.09114869603055539,1.0518101983654908,1.3333,30
shanks_3,shanks,limit,log_oscillatory,0.005,5000,1.0,0.0,0.9,0.08699129087208955,1.0910334261535368,1.36,30
shanks_4,shanks,limit,log_oscillatory,0.005,5000,1.0,0.0,0.9333,0.08158118035300414,1.1911957516776408,1.3733,30
wynn_eps_1,wynn_eps,limit,log_oscillatory,0.005,5000,1.0,0.0,0.5667,0.09295982805041449,1.011929324968908,1.2267,30
wynn_eps_2,wynn_eps,limit,log_oscillatory,0.005,5000,1.0,0.0,0.8,0.09195918424461418,1.030897821928427,1.32,30
wynn_eps_3,wynn_eps,limit,log_oscillatory,0.005,5000,1.0,0.0,0.5667,0.08708145939248324,1.088404810623049,1.2267,30
wynn_rho_1,wynn_rho,limit,log_oscillatory,0.005,5000,1.0,0.0,0.7,0.09357330125997074,1.016460163930843,1.28,30
wynn_rho_2,wynn_rho,limit,log_oscillatory,0.005,5000,1.0,0.0,0.5,0.09504582100342593,1.000507931730961,1.2,30
wynn_rho_3,wynn_rho,limit,log_oscillatory,0.005,5000,1.0,0.0333,0.4667,0.09381957626282818,0.9832245387187797,1.12,30
pade_11,pade,trajectory,log_oscillatory,0.005,5000,1.0,0.0,1.0,0.08259611972209523,1.1566004052047727,1.4,30
pade_12,pade,trajectory,log_oscillatory,0.005,5000,1.0,0.0,0.0,0.12994835790993425,0.7372643987059787,1.0,30
pade_13,pade,trajectory,log_oscillatory,0.005,5000,1.0,0.0,0.0,0.11790218681389716,0.8101615437909999,1.0,30
pade_21,pade,trajectory,log_oscillatory,0.005,5000,1.0,1.0,0.0,3.121091595479347,0.03017435694760362,-1.0,30
pade_22,pade,trajectory,log_oscillatory,0.005,5000,1.0,0.0,1.0,0.07630871376427051,1.2525212329584325,1.4,30
pade_23,pade,trajectory,log_oscillatory,0.005,5000,1.0,0.0,0.0,0.12197427649423236,0.7839469700754704,1.0,30
pade_31,pade,trajectory,log_oscillatory,0.005,5000,0.0,1.0,0.0,,,-2.0,30
pade_32,pade,trajectory,log_oscillatory,0.005,5000,1.0,1.0,0.0,9.034471673376114,0.010659495338636454,-1.0,30
levin_t1,levin,limit,log_oscillatory,0.005,5000,1.0,0.0,0.5667,0.09295982805041446,1.011929324968908,1.2267,30
levin_t2,levin,limit,log_oscillatory,0.005,5000,1.0,0.0,0.7667,0.09172233508412246,1.0421128980692589,1.3067,30
levin_u1,levin,limit,log_oscillatory,0.005,5000,1.0,0.0,0.5667,0.09294768915635108,1.011744141529618,1.2267,30
levin_u2,levin,limit,log_oscillatory,0.005,5000,1.0,0.0,0.7667,0.09172123456833353,1.0421333276141596,1.3067,30
levin_v1,levin,limit,log_oscillatory,0.005,5000,1.0,0.0,0.8333,0.08961255976710589,1.048595374716101,1.3333,30
levin_v2,levin,limit,log_oscillatory,0.005,5000,1.0,0.0,0.8667,0.08845650221743681,1.0842356209836241,1.3467,30
weniger_d1,weniger,limit,log_oscillatory,0.005,5000,1.0,0.0,0.0,0.11791736166731466,0.8100626041166116,1.0,30
weniger_d2,weniger,limit,log_oscillatory,0.005,5000,1.0,0.0,0.0,0.11791736166731466,0.8100626041166099,1.0,30
brezinski_theta1,brezinski,limit,log_oscillatory,0.005,5000,1.0,0.0,0.5667,0.09350534616552314,1.0549834917394278,1.2267,30
brezinski_theta2,brezinski,limit,log_oscillatory,0.005,5000,0.9667,0.0667,0.5333,0.08981708873304282,1.0910395509968804,1.0467,30
neville_2,neville,trajectory,log_oscillatory,0.005,5000,0.5667,1.0,0.0,31.325669028207248,0.0030166162457535752,-1.4333,30
neville_3,neville,trajectory,log_oscillatory,0.005,5000,0.0667,1.0,0.0,145.3690352452107,0.0007770151741714642,-1.9333,30
neville_4,neville,trajectory,log_oscillatory,0.005,5000,0.0,1.0,0.0,,,-2.0,30
anderson_1,anderson,limit,log_oscillatory,0.005,5000,1.0,0.0,0.5667,0.09296028398375507,1.011927505046027,1.2267,30
anderson_2,anderson,limit,log_oscillatory,0.005,5000,1.0,0.0,0.6667,0.09341646251428393,1.0140795648826364,1.2667,30
anderson_3,anderson,limit,log_oscillatory,0.005,5000,1.0,0.0,0.6667,0.09377669882677146,1.0111765556623835,1.2667,30
median_ensemble,ensemble,trajectory,log_oscillatory,0.005,5000,1.0,0.0,0.9667,0.08661465389480937,1.093908402844674,1.3867,30
stability_weighted,ensemble,trajectory,log_oscillatory,0.005,5000,1.0,0.0,0.9333,0.07570670449547588,1.2427691245894703,1.3733,30
best_shanks_wynn,ensemble,limit,log_oscillatory,0.005,5000,1.0,0.0,0.5667,0.09295982805041388,1.0119293249689052,1.2267,30
current_value,baseline,limit,heavy_noise_plat,0.0,150,1.0,0.0,0.0,0.0019999001762594226,1.0,1.0,30
linear,baseline,trajectory,heavy_noise_plat,0.0,150,1.0,0.1333,0.3667,0.00365660934610764,0.6454162355696557,0.88,30
log_linear,baseline,trajectory,heavy_noise_plat,0.0,150,0.0,1.0,0.0,,,-2.0,30
geom_avg_diff,baseline,limit,heavy_noise_plat,0.0,150,0.4,0.9,0.0333,0.009747999334219602,0.15308258417243167,-1.3867,30
richardson_1,richardson,trajectory,heavy_noise_plat,0.0,150,1.0,0.0667,0.6333,0.0011215608646926618,1.411021083802738,1.12,30
richardson_2,richardson,trajectory,heavy_noise_plat,0.0,150,1.0,0.2333,0.4667,0.003355824203833232,0.7542259474836326,0.72,30
richardson_3,richardson,trajectory,heavy_noise_plat,0.0,150,0.9667,0.2667,0.4,0.0034367233547911956,0.564718920680131,0.5933,30
richardson_a05,richardson,trajectory,heavy_noise_plat,0.0,150,1.0,0.0667,0.6333,0.0016609331603861565,1.238685233704297,1.12,30
richardson_a10,richardson,trajectory,heavy_noise_plat,0.0,150,1.0,0.0333,0.6333,0.0013371504400995025,1.5677297837321569,1.1867,30
richardson_a20,richardson,trajectory,heavy_noise_plat,0.0,150,1.0,0.0333,0.8333,0.0009524375566170185,1.7654816648944027,1.2667,30
single_exp_fit,parametric,trajectory,heavy_noise_plat,0.0,150,1.0,0.0333,0.7333,0.0006901254614273431,1.6835058860918855,1.2267,30
double_exp_fit,parametric,trajectory,heavy_noise_plat,0.0,150,1.0,0.0333,0.7333,0.0007477234051026784,1.6118703140386017,1.2267,30
rational_fit,parametric,trajectory,heavy_noise_plat,0.0,150,1.0,0.0667,0.6667,0.001443615587008641,1.5235908810497536,1.1333,30
log_fit,parametric,trajectory,heavy_noise_plat,0.0,150,1.0,0.0333,0.8,0.0012407392822425933,1.909575040348832,1.2533,30
shanks_1,shanks,limit,heavy_noise_plat,0.0,150,1.0,0.1667,0.3667,0.0027277392667421807,0.9554868890027582,0.8133,30
shanks_2,shanks,limit,heavy_noise_plat,0.0,150,0.9667,0.1667,0.5333,0.001810586600362837,1.138317256588738,0.8467,30
shanks_3,shanks,limit,heavy_noise_plat,0.0,150,1.0,0.2,0.5,0.002137226648290855,0.9274740589641146,0.8,30
shanks_4,shanks,limit,heavy_noise_plat,0.0,150,1.0,0.1333,0.4667,0.0022950820316017984,0.9579005544087773,0.92,30
wynn_eps_1,wynn_eps,limit,heavy_noise_plat,0.0,150,0.9667,0.2,0.3667,0.0027139402502856106,0.9541858233957587,0.7133,30
wynn_eps_2,wynn_eps,limit,heavy_noise_plat,0.0,150,0.9667,0.1,0.5667,0.0014713488797070684,1.145298976760473,0.9933,30
wynn_eps_3,wynn_eps,limit,heavy_noise_plat,0.0,150,0.9667,0.1333,0.5667,0.0015474279831717355,1.1612310536998582,0.9267,30
wynn_rho_1,wynn_rho,limit,heavy_noise_plat,0.0,150,0.9667,0.1667,0.5333,0.00182698935396358,1.1061156029810855,0.8467,30
wynn_rho_2,wynn_rho,limit,heavy_noise_plat,0.0,150,0.9667,0.2,0.5,0.0022138385210502577,1.0271494574159958,0.7667,30
wynn_rho_3,wynn_rho,limit,heavy_noise_plat,0.0,150,0.9667,0.2,0.3333,0.002167975247523605,0.6871555016227153,0.7,30
pade_11,pade,trajectory,heavy_noise_plat,0.0,150,1.0,0.1,0.7333,0.0009958719730088104,2.2732269204962194,1.0933,30
pade_12,pade,trajectory,heavy_noise_plat,0.0,150,0.9667,0.7333,0.0333,0.042879995100958204,0.04303041946084386,-0.4867,30
pade_13,pade,trajectory,heavy_noise_plat,0.0,150,1.0,0.3667,0.0667,0.008720547305463077,0.23242114811981957,0.2933,30
pade_21,pade,trajectory,heavy_noise_plat,0.0,150,1.0,0.2333,0.2,0.004203801792211168,0.4456817339490071,0.6133,30
pade_22,pade,trajectory,heavy_noise_plat,0.0,150,1.0,0.1,0.7,0.0009905719478195876,1.9647586465887863,1.08,30
pade_23,pade,trajectory,heavy_noise_plat,0.0,150,0.9667,0.6667,0.1333,0.026774338579956272,0.07718981911552135,-0.3133,30
pade_31,pade,trajectory,heavy_noise_plat,0.0,150,1.0,0.7667,0.1,0.021618234106381695,0.1178940384839885,-0.4933,30
pade_32,pade,trajectory,heavy_noise_plat,0.0,150,1.0,0.2667,0.1333,0.0035271874885806475,0.5596390532298545,0.52,30
levin_t1,levin,limit,heavy_noise_plat,0.0,150,0.9667,0.2,0.3667,0.0027139402502856114,0.9541858233957587,0.7133,30
levin_t2,levin,limit,heavy_noise_plat,0.0,150,0.9667,0.2,0.4667,0.0018725173886205131,0.9270487439491372,0.7533,30
levin_u1,levin,limit,heavy_noise_plat,0.0,150,0.9667,0.1667,0.3667,0.002675838013638524,0.9590425290362719,0.78,30
levin_u2,levin,limit,heavy_noise_plat,0.0,150,0.9667,0.2,0.4667,0.0018571100819991856,0.9221995845448953,0.7533,30
levin_v1,levin,limit,heavy_noise_plat,0.0,150,0.9667,0.2333,0.4333,0.003257293922289674,0.8557180404196073,0.6733,30
levin_v2,levin,limit,heavy_noise_plat,0.0,150,0.9667,0.1667,0.3333,0.002649104082001234,0.7174981982673222,0.7667,30
weniger_d1,weniger,limit,heavy_noise_plat,0.0,150,0.9,0.6,0.0,0.010000015295116025,0.18749247021807552,-0.3,30
weniger_d2,weniger,limit,heavy_noise_plat,0.0,150,0.9,0.6,0.0,0.010000015295116025,0.18749247021807552,-0.3,30
brezinski_theta1,brezinski,limit,heavy_noise_plat,0.0,150,1.0,0.4,0.2,0.00920077581243214,0.25608642482955624,0.28,30
brezinski_theta2,brezinski,limit,heavy_noise_plat,0.0,150,1.0,0.6333,0.1,0.014175380903363545,0.1290133179655903,-0.2267,30
neville_2,neville,trajectory,heavy_noise_plat,0.0,150,0.6333,1.0,0.0,5.686015132607385,0.0003752616807732765,-1.3667,30
neville_3,neville,trajectory,heavy_noise_plat,0.0,150,0.6,1.0,0.0,151.7970322857756,1.703830131709179e-05,-1.4,30
neville_4,neville,trajectory,heavy_noise_plat,0.0,150,0.0333,1.0,0.0,415.5497492728121,7.645549143534968e-06,-1.9667,30
anderson_1,anderson,limit,heavy_noise_plat,0.0,150,1.0,0.1667,0.3667,0.002727702934073724,0.9555143224471399,0.8133,30
anderson_2,anderson,limit,heavy_noise_plat,0.0,150,1.0,0.1667,0.4667,0.0027345653713800435,0.9681867550481813,0.8533,30
anderson_3,anderson,limit,heavy_noise_plat,0.0,150,1.0,0.1667,0.4,0.002947821159113471,0.9211654387857502,0.8267,30
median_ensemble,ensemble,trajectory,heavy_noise_plat,0.0,150,1.0,0.0333,0.5667,0.0019575947133988426,1.1847694676654679,1.16,30
stability_weighted,ensemble,trajectory,heavy_noise_plat,0.0,150,1.0,0.1667,0.6333,0.0016687211275949682,1.3282279687048342,0.92,30
best_shanks_wynn,ensemble,limit,heavy_noise_plat,0.0,150,1.0,0.1667,0.3667,0.0027277392667421807,0.9554868890027582,0.8133,30
current_value,baseline,limit,heavy_noise_plat,0.0,1000,1.0,0.0,0.0,0.001999884881143398,1.0,1.0,30
linear,baseline,trajectory,heavy_noise_plat,0.0,1000,1.0,0.8667,0.0333,0.034071626400417665,0.06161879287035772,-0.72,30
log_linear,baseline,trajectory,heavy_noise_plat,0.0,1000,0.0,1.0,0.0,,,-2.0,30
geom_avg_diff,baseline,limit,heavy_noise_plat,0.0,1000,0.4,0.9,0.0333,0.009748015511519369,0.1520095735132752,-1.3867,30
richardson_1,richardson,trajectory,heavy_noise_plat,0.0,1000,1.0,0.1,0.6,0.0016092921395819502,1.167959324452969,1.04,30
richardson_2,richardson,trajectory,heavy_noise_plat,0.0,1000,1.0,0.4333,0.2667,0.008356900647827861,0.2427196944482518,0.24,30
richardson_3,richardson,trajectory,heavy_noise_plat,0.0,1000,0.9667,0.4667,0.2333,0.00846956107421067,0.23265398705320692,0.1267,30
richardson_a05,richardson,trajectory,heavy_noise_plat,0.0,1000,1.0,0.1,0.3667,0.0033772706346114,0.6711802576353217,0.9467,30
richardson_a10,richardson,trajectory,heavy_noise_plat,0.0,1000,1.0,0.1,0.5333,0.001973331551022514,1.0297579805925143,1.0133,30
richardson_a20,richardson,trajectory,heavy_noise_plat,0.0,1000,1.0,0.0333,0.7667,0.0010806806515135737,1.8453612561386001,1.24,30
single_exp_fit,parametric,trajectory,heavy_noise_plat,0.0,1000,1.0,0.0667,0.7,0.0007497462865559386,1.683637726876903,1.1467,30
double_exp_fit,parametric,trajectory,heavy_noise_plat,0.0,1000,1.0,0.0667,0.7,0.0007883631227744645,1.6118512488827172,1.1467,30
rational_fit,parametric,trajectory,heavy_noise_plat,0.0,1000,1.0,0.1,0.5,0.0020378301867209412,1.010234760575075,1.0,30
log_fit,parametric,trajectory,heavy_noise_plat,0.0,1000,1.0,0.1333,0.5,0.003050552120004808,0.9981390751750708,0.9333,30
shanks_1,shanks,limit,heavy_noise_plat,0.0,1000,1.0,0.1667,0.3667,0.0027277239716261563,0.955487557215037,0.8133,30
shanks_2,shanks,limit,heavy_noise_plat,0.0,1000,0.9667,0.1667,0.5333,0.0018106018954788614,1.1383177318393165,0.8467,30
shanks_3,shanks,limit,heavy_noise_plat,0.0,1000,1.0,0.2,0.5,0.0021372113531748305,0.9274787749943341,0.8,30
shanks_4,shanks,limit,heavy_noise_plat,0.0,1000,1.0,0.1333,0.4667,0.0022950820316017984,0.9579098377574453,0.92,30
wynn_eps_1,wynn_eps,limit,heavy_noise_plat,0.0,1000,0.9667,0.2,0.3667,0.002713924955169586,0.9541873720417293,0.7133,30
wynn_eps_2,wynn_eps,limit,heavy_noise_plat,0.0,1000,0.9667,0.1,0.5667,0.0014713641748230928,1.1452994790618929,0.9933,30
wynn_eps_3,wynn_eps,limit,heavy_noise_plat,0.0,1000,0.9667,0.1333,0.5667,0.0015474126880557111,1.1612326473585455,0.9267,30
wynn_rho_1,wynn_rho,limit,heavy_noise_plat,0.0,1000,0.9667,0.1667,0.5333,0.0018269740588475556,1.1061139555876305,0.8467,30
wynn_rho_2,wynn_rho,limit,heavy_noise_plat,0.0,1000,0.9667,0.2,0.5,0.0022138232259342333,1.0271490660231812,0.7667,30
wynn_rho_3,wynn_rho,limit,heavy_noise_plat,0.0,1000,0.9667,0.2,0.3333,0.0021679905426396293,0.6871551100910085,0.7,30
pade_11,pade,trajectory,heavy_noise_plat,0.0,1000,1.0,0.1,0.7333,0.001151407985760587,2.3876157335855748,1.0933,30
pade_12,pade,trajectory,heavy_noise_plat,0.0,1000,1.0,0.6,0.0333,0.011175940575028832,0.17813600667698565,-0.1867,30
pade_13,pade,trajectory,heavy_noise_plat,0.0,1000,1.0,0.5,0.0333,0.009987538936636953,0.20013695107750723,0.0133,30
pade_21,pade,trajectory,heavy_noise_plat,0.0,1000,1.0,0.8667,0.0,0.0471727527485954,0.04351965102821284,-0.7333,30
pade_22,pade,trajectory,heavy_noise_plat,0.0,1000,1.0,0.1,0.7,0.001111198742663769,2.0246835166790333,1.08,30
pade_23,pade,trajectory,heavy_noise_plat,0.0,1000,1.0,0.6,0.0667,0.01120902317822172,0.16966054174191825,-0.1733,30
pade_31,pade,trajectory,heavy_noise_plat,0.0,1000,0.8,1.0,0.0,1.9703932580482357,0.0009556130310866147,-1.2,30
pade_32,pade,trajectory,heavy_noise_plat,0.0,1000,1.0,0.9333,0.0,0.044254806252710374,0.04775916128720037,-0.8667,30
levin_t1,levin,limit,heavy_noise_plat,0.0,1000,0.9667,0.2,0.3667,0.002713924955169587,0.9541873720417293,0.7133,30
levin_t2,levin,limit,heavy_noise_plat,0.0,1000,0.9667,0.2,0.4667,0.0018725020935044887,0.9270490822025119,0.7533,30
levin_u1,levin,limit,heavy_noise_plat,0.0,1000,0.9667,0.1667,0.3667,0.0026758227185224998,0.9590439205587471,0.78,30
levin_u2,levin,limit,heavy_noise_plat,0.0,1000,0.9667,0.2,0.4667,0.0018570947868831612,0.9221999433954677,0.7533,30
levin_v1,levin,limit,heavy_noise_plat,0.0,1000,0.9667,0.2333,0.4333,0.0032572786271736496,0.8557088785884703,0.6733,30
levin_v2,levin,limit,heavy_noise_plat,0.0,1000,0.9667,0.1667,0.3333,0.0026490887868852097,0.717500166333229,0.7667,30
weniger_d1,weniger,limit,heavy_noise_plat,0.0,1000,0.9,0.6,0.0,0.01,0.18749428650158653,-0.3,30
weniger_d2,weniger,limit,heavy_noise_plat,0.0,1000,0.9,0.6,0.0,0.01,0.18749428650158653,-0.3,30
brezinski_theta1,brezinski,limit,heavy_noise_plat,0.0,1000,1.0,0.4,0.2,0.00920077581243214,0.25608502474881123,0.28,30
brezinski_theta2,brezinski,limit,heavy_noise_plat,0.0,1000,1.0,0.6333,0.1,0.01417536560824752,0.129013484831425,-0.2267,30
neville_2,neville,trajectory,heavy_noise_plat,0.0,1000,0.6,1.0,0.0,28.902544421495985,7.031895610844182e-05,-1.4,30
neville_3,neville,trajectory,heavy_noise_plat,0.0,1000,0.0667,1.0,0.0,195.6773345611847,2.072826024989141e-05,-1.9333,30
neville_4,neville,trajectory,heavy_noise_plat,0.0,1000,0.0,1.0,0.0,,,-2.0,30
anderson_1,anderson,limit,heavy_noise_plat,0.0,1000,1.0,0.1667,0.3667,0.0027276876389576996,0.9555149898093053,0.8133,30
anderson_2,anderson,limit,heavy_noise_plat,0.0,1000,1.0,0.1667,0.4667,0.0027345653713800435,0.9681866651315989,0.8533,30
anderson_3,anderson,limit,heavy_noise_plat,0.0,1000,1.0,0.1667,0.4,0.0029478058639974465,0.921165505751963,0.8267,30
median_ensemble,ensemble,trajectory,heavy_noise_plat,0.0,1000,1.0,0.0333,0.4667,0.0025346287101833107,0.9695573580778793,1.12,30
stability_weighted,ensemble,trajectory,heavy_noise_plat,0.0,1000,1.0,0.1667,0.3667,0.0022999196485776,0.7220536191282837,0.8133,30
best_shanks_wynn,ensemble,limit,heavy_noise_plat,0.0,1000,1.0,0.1667,0.3667,0.0027277239716261563,0.955487557215037,0.8133,30
current_value,baseline,limit,heavy_noise_plat,0.0,5000,1.0,0.0,0.0,0.001999884881143398,1.0,1.0,30
linear,baseline,trajectory,heavy_noise_plat,0.0,5000,0.9,1.0,0.0,0.15204748738432095,0.012905879283143327,-1.1,30
log_linear,baseline,trajectory,heavy_noise_plat,0.0,5000,0.0,1.0,0.0,,,-2.0,30
geom_avg_diff,baseline,limit,heavy_noise_plat,0.0,5000,0.4,0.9,0.0333,0.009748015511519369,0.1520095735132752,-1.3867,30
richardson_1,richardson,trajectory,heavy_noise_plat,0.0,5000,1.0,0.1333,0.5333,0.0017462469595165469,1.0213886071374505,0.9467,30
richardson_2,richardson,trajectory,heavy_noise_plat,0.0,5000,1.0,0.4667,0.2667,0.00972118274318537,0.21881082542536825,0.1733,30
richardson_3,richardson,trajectory,heavy_noise_plat,0.0,5000,0.9667,0.5,0.2333,0.009229395808110817,0.21064456039012425,0.06,30
richardson_a05,richardson,trajectory,heavy_noise_plat,0.0,5000,1.0,0.1667,0.3333,0.0040110134151681315,0.583110849229538,0.8,30
richardson_a10,richardson,trajectory,heavy_noise_plat,0.0,5000,1.0,0.1,0.5,0.002109090696556286,0.980549041654384,1.0,30
richardson_a20,richardson,trajectory,heavy_noise_plat,0.0,5000,1.0,0.0333,0.7667,0.0010836224786271572,1.846395227682466,1.24,30
single_exp_fit,parametric,trajectory,heavy_noise_plat,0.0,5000,1.0,0.0667,0.7,0.0007497463156565139,1.683637726876903,1.1467,30
double_exp_fit,parametric,trajectory,heavy_noise_plat,0.0,5000,1.0,0.0667,0.7,0.0007883631520219439,1.6118512488827172,1.1467,30
rational_fit,parametric,trajectory,heavy_noise_plat,0.0,5000,1.0,0.1333,0.5,0.002147238518281316,0.961776646949963,0.9333,30
log_fit,parametric,trajectory,heavy_noise_plat,0.0,5000,1.0,0.1333,0.4,0.004006851693198545,0.7888645450145593,0.8933,30
shanks_1,shanks,limit,heavy_noise_plat,0.0,5000,1.0,0.1667,0.3667,0.0027277239716261563,0.955487557215037,0.8133,30
shanks_2,shanks,limit,heavy_noise_plat,0.0,5000,0.9667,0.1667,0.5333,0.0018106018954788614,1.1383177318393165,0.8467,30
shanks_3,shanks,limit,heavy_noise_plat,0.0,5000,1.0,0.2,0.5,0.0021372113531748305,0.9274787749943341,0.8,30
shanks_4,shanks,limit,heavy_noise_plat,0.0,5000,1.0,0.1333,0.4667,0.0022950820316017984,0.9579098377574453,0.92,30
wynn_eps_1,wynn_eps,limit,heavy_noise_plat,0.0,5000,0.9667,0.2,0.3667,0.002713924955169586,0.9541873720417293,0.7133,30
wynn_eps_2,wynn_eps,limit,heavy_noise_plat,0.0,5000,0.9667,0.1,0.5667,0.0014713641748230928,1.1452994790618929,0.9933,30
wynn_eps_3,wynn_eps,limit,heavy_noise_plat,0.0,5000,0.9667,0.1333,0.5667,0.0015474126880557111,1.1612326473585455,0.9267,30
wynn_rho_1,wynn_rho,limit,heavy_noise_plat,0.0,5000,0.9667,0.1667,0.5333,0.0018269740588475556,1.1061139555876305,0.8467,30
wynn_rho_2,wynn_rho,limit,heavy_noise_plat,0.0,5000,0.9667,0.2,0.5,0.0022138232259342333,1.0271490660231812,0.7667,30
wynn_rho_3,wynn_rho,limit,heavy_noise_plat,0.0,5000,0.9667,0.2,0.3333,0.0021679905426396293,0.6871551100910085,0.7,30
pade_11,pade,trajectory,heavy_noise_plat,0.0,5000,1.0,0.1,0.7333,0.0011553968229391252,2.38067362591144,1.0933,30
pade_12,pade,trajectory,heavy_noise_plat,0.0,5000,1.0,0.5,0.0,0.01020765397832469,0.19686642467422963,0.0,30
pade_13,pade,trajectory,heavy_noise_plat,0.0,5000,1.0,0.5,0.0333,0.00999954606931027,0.19999387050977713,0.0133,30
pade_21,pade,trajectory,heavy_noise_plat,0.0,5000,0.8,1.0,0.0,0.19885391209423983,0.008150229823875792,-1.2,30
pade_22,pade,trajectory,heavy_noise_plat,0.0,5000,1.0,0.1,0.7,0.0011273542040733048,2.031837090137463,1.08,30
pade_23,pade,trajectory,heavy_noise_plat,0.0,5000,1.0,0.5,0.0333,0.010237244209278365,0.19725725546827028,0.0133,30
pade_31,pade,trajectory,heavy_noise_plat,0.0,5000,0.7667,1.0,0.0,56.148456776303256,2.9366632273246068e-05,-1.2333,30
pade_32,pade,trajectory,heavy_noise_plat,0.0,5000,0.7667,1.0,0.0,0.20835992716546275,0.013897711607506883,-1.2333,30
levin_t1,levin,limit,heavy_noise_plat,0.0,5000,0.9667,0.2,0.3667,0.002713924955169587,0.9541873720417293,0.7133,30
levin_t2,levin,limit,heavy_noise_plat,0.0,5000,0.9667,0.2,0.4667,0.0018725020935044887,0.9270490822025119,0.7533,30
levin_u1,levin,limit,heavy_noise_plat,0.0,5000,0.9667,0.1667,0.3667,0.0026758227185224998,0.9590439205587471,0.78,30
levin_u2,levin,limit,heavy_noise_plat,0.0,5000,0.9667,0.2,0.4667,0.0018570947868831612,0.9221999433954677,0.7533,30
levin_v1,levin,limit,heavy_noise_plat,0.0,5000,0.9667,0.2333,0.4333,0.0032572786271736496,0.8557088785884703,0.6733,30
levin_v2,levin,limit,heavy_noise_plat,0.0,5000,0.9667,0.1667,0.3333,0.0026490887868852097,0.717500166333229,0.7667,30
weniger_d1,weniger,limit,heavy_noise_plat,0.0,5000,0.9,0.6,0.0,0.01,0.18749428650158653,-0.3,30
weniger_d2,weniger,limit,heavy_noise_plat,0.0,5000,0.9,0.6,0.0,0.01,0.18749428650158653,-0.3,30
brezinski_theta1,brezinski,limit,heavy_noise_plat,0.0,5000,1.0,0.4,0.2,0.00920077581243214,0.25608502474881123,0.28,30
brezinski_theta2,brezinski,limit,heavy_noise_plat,0.0,5000,1.0,0.6333,0.1,0.01417536560824752,0.129013484831425,-0.2267,30
neville_2,neville,trajectory,heavy_noise_plat,0.0,5000,0.6,1.0,0.0,33.611241974354755,6.049841367759316e-05,-1.4,30
neville_3,neville,trajectory,heavy_noise_plat,0.0,5000,0.0667,1.0,0.0,245.45163701972126,1.643637900374264e-05,-1.9333,30
neville_4,neville,trajectory,heavy_noise_plat,0.0,5000,0.0,1.0,0.0,,,-2.0,30
anderson_1,anderson,limit,heavy_noise_plat,0.0,5000,1.0,0.1667,0.3667,0.0027276876389576996,0.9555149898093053,0.8133,30
anderson_2,anderson,limit,heavy_noise_plat,0.0,5000,1.0,0.1667,0.4667,0.0027345653713800435,0.9681866651315989,0.8533,30
anderson_3,anderson,limit,heavy_noise_plat,0.0,5000,1.0,0.1667,0.4,0.0029478058639974465,0.921165505751963,0.8267,30
median_ensemble,ensemble,trajectory,heavy_noise_plat,0.0,5000,1.0,0.0333,0.4667,0.0025346287101833107,0.9328172178647106,1.12,30
stability_weighted,ensemble,trajectory,heavy_noise_plat,0.0,5000,1.0,0.2333,0.3667,0.002790046455750894,0.7129304017595339,0.68,30
best_shanks_wynn,ensemble,limit,heavy_noise_plat,0.0,5000,1.0,0.1667,0.3667,0.0027277239716261563,0.955487557215037,0.8133,30
current_value,baseline,limit,heavy_noise_plat,0.001,150,1.0,0.0,0.0,0.0032887237949654254,1.0,1.0,30
linear,baseline,trajectory,heavy_noise_plat,0.001,150,1.0,0.0333,0.5667,0.0024172377736293668,1.2060622186172936,1.16,30
log_linear,baseline,trajectory,heavy_noise_plat,0.001,150,0.0,1.0,0.0,,,-2.0,30
geom_avg_diff,baseline,limit,heavy_noise_plat,0.001,150,0.4333,0.7,0.0667,0.013936894790144273,0.33059486531856713,-0.94,30
richardson_1,richardson,trajectory,heavy_noise_plat,0.001,150,1.0,0.0,0.8333,0.001278878519213546,3.0691704691020028,1.3333,30
richardson_2,richardson,trajectory,heavy_noise_plat,0.001,150,1.0,0.0667,0.5333,0.0030721837918694255,1.158678887215102,1.08,30
richardson_3,richardson,trajectory,heavy_noise_plat,0.001,150,1.0,0.1333,0.5,0.004413884067972323,0.8876244730464938,0.9333,30
richardson_a05,richardson,trajectory,heavy_noise_plat,0.001,150,1.0,0.0,0.7667,0.001163048551180974,2.708987173137729,1.3067,30
richardson_a10,richardson,trajectory,heavy_noise_plat,0.001,150,1.0,0.0,0.8333,0.00103978839357384,3.2211979946139326,1.3333,30
richardson_a20,richardson,trajectory,heavy_noise_plat,0.001,150,1.0,0.0,0.9,0.0008119593697841557,4.457821368728093,1.36,30
single_exp_fit,parametric,trajectory,heavy_noise_plat,0.001,150,1.0,0.0,0.8333,0.0004521189907449978,4.092424681127747,1.3333,30
double_exp_fit,parametric,trajectory,heavy_noise_plat,0.001,150,1.0,0.0,0.8333,0.00045306543631781424,4.088961889178598,1.3333,30
rational_fit,parametric,trajectory,heavy_noise_plat,0.001,150,1.0,0.0,0.8,0.0010402504524848234,2.1926541833809945,1.32,30
log_fit,parametric,trajectory,heavy_noise_plat,0.001,150,1.0,0.0,0.8333,0.0010112305831567686,5.332375462369297,1.3333,30
shanks_1,shanks,limit,heavy_noise_plat,0.001,150,1.0,0.1333,0.4667,0.0028325535586566394,0.9965871231360248,0.92,30
shanks_2,shanks,limit,heavy_noise_plat,0.001,150,1.0,0.0667,0.6333,0.0024634824651251805,1.1766856455246089,1.12,30
shanks_3,shanks,limit,heavy_noise_plat,0.001,150,1.0,0.0667,0.6333,0.002459465651900608,1.734482292612142,1.12,30
shanks_4,shanks,limit,heavy_noise_plat,0.001,150,1.0,0.1,0.7,0.0018727129928635912,2.1624642853339093,1.08,30
wynn_eps_1,wynn_eps,limit,heavy_noise_plat,0.001,150,1.0,0.1333,0.4667,0.0028325535586566386,0.9965871231360248,0.92,30
wynn_eps_2,wynn_eps,limit,heavy_noise_plat,0.001,150,0.9667,0.0667,0.6333,0.0024634127133678543,1.417463678262192,1.0867,30
wynn_eps_3,wynn_eps,limit,heavy_noise_plat,0.001,150,1.0,0.0333,0.6667,0.0016226443661603593,2.5324044135299704,1.2,30
wynn_rho_1,wynn_rho,limit,heavy_noise_plat,0.001,150,1.0,0.1667,0.4667,0.0034901333126716528,0.9464334691277998,0.8533,30
wynn_rho_2,wynn_rho,limit,heavy_noise_plat,0.001,150,1.0,0.0667,0.6,0.0033968158884042582,1.2678898492536346,1.1067,30
wynn_rho_3,wynn_rho,limit,heavy_noise_plat,0.001,150,1.0,0.0333,0.6667,0.0031570806912779616,1.4749255958981773,1.2,30
pade_11,pade,trajectory,heavy_noise_plat,0.001,150,1.0,0.0333,0.9,0.001156706567581339,2.848852329460205,1.2933,30
pade_12,pade,trajectory,heavy_noise_plat,0.001,150,0.9667,0.7333,0.0667,0.027393209106183036,0.09002677066463971,-0.4733,30
pade_13,pade,trajectory,heavy_noise_plat,0.001,150,1.0,0.2333,0.2,0.008720725712346979,0.42538589525005943,0.6133,30
pade_21,pade,trajectory,heavy_noise_plat,0.001,150,1.0,0.0333,0.4333,0.003207099074794273,0.9000288614437701,1.1067,30
pade_22,pade,trajectory,heavy_noise_plat,0.001,150,1.0,0.0333,0.8667,0.001047201790416786,2.634747033442867,1.28,30
pade_23,pade,trajectory,heavy_noise_plat,0.001,150,0.9667,0.5333,0.1333,0.02744281459321396,0.16696526457834496,-0.0467,30
pade_31,pade,trajectory,heavy_noise_plat,0.001,150,1.0,0.4333,0.1667,0.017455231119815298,0.23683119377796774,0.2,30
pade_32,pade,trajectory,heavy_noise_plat,0.001,150,1.0,0.1,0.3333,0.005032798448589114,0.579993830236448,0.9333,30
levin_t1,levin,limit,heavy_noise_plat,0.001,150,1.0,0.1333,0.4667,0.0028325535586566386,0.9965871231360246,0.92,30
levin_t2,levin,limit,heavy_noise_plat,0.001,150,1.0,0.1,0.5667,0.002777013976417659,1.0627221076567135,1.0267,30
levin_u1,levin,limit,heavy_noise_plat,0.001,150,0.9667,0.1333,0.4667,0.002538467109743275,0.9995977511801387,0.8867,30
levin_u2,levin,limit,heavy_noise_plat,0.001,150,1.0,0.1,0.5667,0.0027868623029608944,1.0690539299318993,1.0267,30
levin_v1,levin,limit,heavy_noise_plat,0.001,150,1.0,0.1,0.6,0.0029772588178002663,1.4384990950374852,1.04,30
levin_v2,levin,limit,heavy_noise_plat,0.001,150,1.0,0.1,0.6333,0.0023447370843328987,1.7647693761609902,1.0533,30
weniger_d1,weniger,limit,heavy_noise_plat,0.001,150,1.0,0.3333,0.1,0.010000015295116025,0.3288718764831916,0.3733,30
weniger_d2,weniger,limit,heavy_noise_plat,0.001,150,0.9667,0.3667,0.1333,0.010000015295116025,0.31951081553254634,0.2867,30
brezinski_theta1,brezinski,limit,heavy_noise_plat,0.001,150,1.0,0.2333,0.4,0.005553996715861728,0.4494723992041636,0.6933,30
brezinski_theta2,brezinski,limit,heavy_noise_plat,0.001,150,1.0,0.4,0.1333,0.015987886387833546,0.2532373743709392,0.2533,30
neville_2,neville,trajectory,heavy_noise_plat,0.001,150,0.6,1.0,0.0,4.6824829760059625,0.0009086579372201888,-1.4,30
neville_3,neville,trajectory,heavy_noise_plat,0.001,150,0.5333,1.0,0.0,120.36364764885667,3.84563937872115e-05,-1.4667,30
neville_4,neville,trajectory,heavy_noise_plat,0.001,150,0.0333,1.0,0.0,377.8555009722029,4.697567278417596e-06,-1.9667,30
anderson_1,anderson,limit,heavy_noise_plat,0.001,150,1.0,0.1333,0.4667,0.0028326915562318236,0.9965920238609399,0.92,30
anderson_2,anderson,limit,heavy_noise_plat,0.001,150,1.0,0.0333,0.7667,0.0020941895023178,1.4894574915727912,1.24,30
anderson_3,anderson,limit,heavy_noise_plat,0.001,150,1.0,0.0333,0.7,0.002215579511028433,1.8086181989620713,1.2133,30
median_ensemble,ensemble,trajectory,heavy_noise_plat,0.001,150,1.0,0.0333,0.6667,0.0020326032154288944,1.8758179926834404,1.2,30
stability_weighted,ensemble,trajectory,heavy_noise_plat,0.001,150,1.0,0.1,0.5333,0.0029518370013266243,1.249298671113499,1.0133,30
best_shanks_wynn,ensemble,limit,heavy_noise_plat,0.001,150,1.0,0.1333,0.4667,0.0028325535586566394,0.9965871231360248,0.92,30
current_value,baseline,limit,heavy_noise_plat,0.001,1000,1.0,0.0,0.0,0.00328873909008145,1.0,1.0,30
linear,baseline,trajectory,heavy_noise_plat,0.001,1000,1.0,0.5667,0.0333,0.02361568146235063,0.1339282047931191,-0.12,30
log_linear,baseline,trajectory,heavy_noise_plat,0.001,1000,0.0,1.0,0.0,,,-2.0,30
geom_avg_diff,baseline,limit,heavy_noise_plat,0.001,1000,0.4,0.7,0.0667,0.013653393247939532,0.33669210834442065,-0.9733,30
richardson_1,richardson,trajectory,heavy_noise_plat,0.001,1000,1.0,0.0,0.6667,0.0019382255384549517,1.6431945889202462,1.2667,30
richardson_2,richardson,trajectory,heavy_noise_plat,0.001,1000,1.0,0.3333,0.2667,0.008201488482146782,0.36499157290216466,0.44,30
richardson_3,richardson,trajectory,heavy_noise_plat,0.001,1000,1.0,0.5,0.2,0.009522155978355356,0.2071658097408568,0.08,30
richardson_a05,richardson,trajectory,heavy_noise_plat,0.001,1000,1.0,0.0333,0.5667,0.0023128118995514525,1.3302674559252052,1.16,30
richardson_a10,richardson,trajectory,heavy_noise_plat,0.001,1000,1.0,0.0333,0.6667,0.0013823236597167374,2.062097658756466,1.2,30
richardson_a20,richardson,trajectory,heavy_noise_plat,0.001,1000,1.0,0.0,0.9,0.0008808981020601491,4.368465896682297,1.36,30
single_exp_fit,parametric,trajectory,heavy_noise_plat,0.001,1000,1.0,0.0,0.7667,0.0005508876812576318,4.092333166303783,1.3067,30
double_exp_fit,parametric,trajectory,heavy_noise_plat,0.001,1000,1.0,0.0,0.7667,0.0005524146155158538,4.088870662920225,1.3067,30
rational_fit,parametric,trajectory,heavy_noise_plat,0.001,1000,1.0,0.0333,0.6,0.0014404386441375684,1.6850568169817381,1.1733,30
log_fit,parametric,trajectory,heavy_noise_plat,0.001,1000,1.0,0.0333,0.7,0.001931579000399592,1.8775902695492408,1.2133,30
shanks_1,shanks,limit,heavy_noise_plat,0.001,1000,1.0,0.1333,0.4667,0.0028325535586566394,0.9965871163524398,0.92,30
shanks_2,shanks,limit,heavy_noise_plat,0.001,1000,1.0,0.0667,0.6333,0.002463467170009156,1.1766898668817238,1.12,30
shanks_3,shanks,limit,heavy_noise_plat,0.001,1000,1.0,0.0667,0.6333,0.002459465651900608,1.7344671012718798,1.12,30
shanks_4,shanks,limit,heavy_noise_plat,0.001,1000,1.0,0.1,0.7,0.0018727282879796156,2.162442328706466,1.08,30
wynn_eps_1,wynn_eps,limit,heavy_noise_plat,0.001,1000,1.0,0.1333,0.4667,0.0028325535586566386,0.9965871163524398,0.92,30
wynn_eps_2,wynn_eps,limit,heavy_noise_plat,0.001,1000,0.9667,0.0667,0.6333,0.0024634280084838787,1.417458579328695,1.0867,30
wynn_eps_3,wynn_eps,limit,heavy_noise_plat,0.001,1000,1.0,0.0333,0.6667,0.001622629071044335,2.5324141148571524,1.2,30
wynn_rho_1,wynn_rho,limit,heavy_noise_plat,0.001,1000,1.0,0.1667,0.4667,0.003490148607787677,0.9464336827994027,0.8533,30
wynn_rho_2,wynn_rho,limit,heavy_noise_plat,0.001,1000,1.0,0.0667,0.6,0.0033968311835202826,1.267885222418461,1.1067,30
wynn_rho_3,wynn_rho,limit,heavy_noise_plat,0.001,1000,1.0,0.0333,0.6667,0.003157095986393986,1.4749258886134018,1.2,30
pade_11,pade,trajectory,heavy_noise_plat,0.001,1000,1.0,0.0333,0.9,0.0011837233335019416,2.6346836044147635,1.2933,30
pade_12,pade,trajectory,heavy_noise_plat,0.001,1000,1.0,0.3333,0.0667,0.0111156530564998,0.282565175241144,0.36,30
pade_13,pade,trajectory,heavy_noise_plat,0.001,1000,1.0,0.3333,0.1333,0.009988349517727615,0.3294131070850185,0.3867,30
pade_21,pade,trajectory,heavy_noise_plat,0.001,1000,1.0,0.7333,0.0333,0.03401029352429881,0.08336391316415767,-0.4533,30
pade_22,pade,trajectory,heavy_noise_plat,0.001,1000,1.0,0.0333,0.8333,0.0011123122442118416,2.619349802397604,1.2667,30
pade_23,pade,trajectory,heavy_noise_plat,0.001,1000,1.0,0.3667,0.1,0.010963465056959784,0.2645422685661452,0.3067,30
pade_31,pade,trajectory,heavy_noise_plat,0.001,1000,0.7667,1.0,0.0,2.0629133996399562,0.00209832057325121,-1.2333,30
pade_32,pade,trajectory,heavy_noise_plat,0.001,1000,1.0,0.8333,0.0,0.04853626682856811,0.0671913588256387,-0.6667,30
levin_t1,levin,limit,heavy_noise_plat,0.001,1000,1.0,0.1333,0.4667,0.0028325535586566386,0.9965871163524397,0.92,30
levin_t2,levin,limit,heavy_noise_plat,0.001,1000,1.0,0.1,0.5667,0.002777013976417659,1.0627227116240254,1.0267,30
levin_u1,levin,limit,heavy_noise_plat,0.001,1000,0.9667,0.1333,0.4667,0.002538451814627251,0.9995977518261854,0.8867,30
levin_u2,levin,limit,heavy_noise_plat,0.001,1000,1.0,0.1,0.5667,0.0027868623029608944,1.0690589675659319,1.0267,30
levin_v1,levin,limit,heavy_noise_plat,0.001,1000,1.0,0.1,0.6,0.002977243522684242,1.438503421938861,1.04,30
levin_v2,levin,limit,heavy_noise_plat,0.001,1000,1.0,0.1,0.6333,0.002344752379448923,1.764708582646175,1.0533,30
weniger_d1,weniger,limit,heavy_noise_plat,0.001,1000,1.0,0.3333,0.1,0.01,0.32887390900814484,0.3733,30
weniger_d2,weniger,limit,heavy_noise_plat,0.001,1000,0.9667,0.3667,0.1333,0.01,0.3195128337396482,0.2867,30
brezinski_theta1,brezinski,limit,heavy_noise_plat,0.001,1000,1.0,0.2333,0.4,0.005553981420745703,0.4494736351056814,0.6933,30
brezinski_theta2,brezinski,limit,heavy_noise_plat,0.001,1000,1.0,0.4,0.1333,0.015987886387833543,0.2532380939202702,0.2533,30
neville_2,neville,trajectory,heavy_noise_plat,0.001,1000,0.6,1.0,0.0,23.546259161189745,0.00018067320703840382,-1.4,30
neville_3,neville,trajectory,heavy_noise_plat,0.001,1000,0.1,1.0,0.0,402.646648296885,9.679980123935404e-06,-1.9,30
neville_4,neville,trajectory,heavy_noise_plat,0.001,1000,0.0,1.0,0.0,,,-2.0,30
anderson_1,anderson,limit,heavy_noise_plat,0.001,1000,1.0,0.1333,0.4667,0.0028326915562318236,0.9965920170875888,0.92,30
anderson_2,anderson,limit,heavy_noise_plat,0.001,1000,1.0,0.0333,0.7667,0.0020941742072017756,1.4894531667822573,1.24,30
anderson_3,anderson,limit,heavy_noise_plat,0.001,1000,1.0,0.0333,0.7,0.002215579511028433,1.8086164545431584,1.2133,30
median_ensemble,ensemble,trajectory,heavy_noise_plat,0.001,1000,1.0,0.0333,0.6,0.0021611872537422006,1.2523840628848104,1.1733,30
stability_weighted,ensemble,trajectory,heavy_noise_plat,0.001,1000,1.0,0.0667,0.7667,0.0023370459843014947,1.8884611869618877,1.1733,30
best_shanks_wynn,ensemble,limit,heavy_noise_plat,0.001,1000,1.0,0.1333,0.4667,0.0028325535586566394,0.9965871163524398,0.92,30
current_value,baseline,limit,heavy_noise_plat,0.001,5000,1.0,0.0,0.0,0.00328873909008145,1.0,1.0,30
linear,baseline,trajectory,heavy_noise_plat,0.001,5000,0.9,0.9667,0.0,0.1163236090913786,0.030707394016348033,-1.0333,30
log_linear,baseline,trajectory,heavy_noise_plat,0.001,5000,0.0,1.0,0.0,,,-2.0,30
geom_avg_diff,baseline,limit,heavy_noise_plat,0.001,5000,0.4,0.7,0.0667,0.013653393247939532,0.33669210834442065,-0.9733,30
richardson_1,richardson,trajectory,heavy_noise_plat,0.001,5000,1.0,0.0,0.6333,0.002190568184263492,1.5479453582434606,1.2533,30
richardson_2,richardson,trajectory,heavy_noise_plat,0.001,5000,1.0,0.4333,0.2667,0.00947594817674724,0.2783458502931126,0.24,30
richardson_3,richardson,trajectory,heavy_noise_plat,0.001,5000,1.0,0.5,0.1333,0.011030915792118002,0.17556019423525238,0.0533,30
richardson_a05,richardson,trajectory,heavy_noise_plat,0.001,5000,1.0,0.0333,0.5333,0.0027129048617505567,1.1853670261609603,1.1467,30
richardson_a10,richardson,trajectory,heavy_noise_plat,0.001,5000,1.0,0.0333,0.6667,0.001437671690132424,1.963013559349692,1.2,30
richardson_a20,richardson,trajectory,heavy_noise_plat,0.001,5000,1.0,0.0,0.9,0.0008823767796180973,4.352902415632136,1.36,30
single_exp_fit,parametric,trajectory,heavy_noise_plat,0.001,5000,1.0,0.0,0.7667,0.00055088768131806,4.092333166303783,1.3067,30
double_exp_fit,parametric,trajectory,heavy_noise_plat,0.001,5000,1.0,0.0,0.7667,0.0005524146155789977,4.088870662920225,1.3067,30
rational_fit,parametric,trajectory,heavy_noise_plat,0.001,5000,1.0,0.0667,0.6,0.0014546121746079749,1.6474178849486187,1.1067,30
log_fit,parametric,trajectory,heavy_noise_plat,0.001,5000,1.0,0.0333,0.6667,0.002481986032872618,1.5880422137270478,1.2,30
shanks_1,shanks,limit,heavy_noise_plat,0.001,5000,1.0,0.1333,0.4667,0.0028325535586566394,0.9965871163524398,0.92,30
shanks_2,shanks,limit,heavy_noise_plat,0.001,5000,1.0,0.0667,0.6333,0.002463467170009156,1.1766898668817238,1.12,30
shanks_3,shanks,limit,heavy_noise_plat,0.001,5000,1.0,0.0667,0.6333,0.002459465651900608,1.7344671012718798,1.12,30
shanks_4,shanks,limit,heavy_noise_plat,0.001,5000,1.0,0.1,0.7,0.0018727282879796156,2.162442328706466,1.08,30
wynn_eps_1,wynn_eps,limit,heavy_noise_plat,0.001,5000,1.0,0.1333,0.4667,0.0028325535586566386,0.9965871163524398,0.92,30
wynn_eps_2,wynn_eps,limit,heavy_noise_plat,0.001,5000,0.9667,0.0667,0.6333,0.0024634280084838787,1.417458579328695,1.0867,30
wynn_eps_3,wynn_eps,limit,heavy_noise_plat,0.001,5000,1.0,0.0333,0.6667,0.001622629071044335,2.5324141148571524,1.2,30
wynn_rho_1,wynn_rho,limit,heavy_noise_plat,0.001,5000,1.0,0.1667,0.4667,0.003490148607787677,0.9464336827994027,0.8533,30
wynn_rho_2,wynn_rho,limit,heavy_noise_plat,0.001,5000,1.0,0.0667,0.6,0.0033968311835202826,1.267885222418461,1.1067,30
wynn_rho_3,wynn_rho,limit,heavy_noise_plat,0.001,5000,1.0,0.0333,0.6667,0.003157095986393986,1.4749258886134018,1.2,30
pade_11,pade,trajectory,heavy_noise_plat,0.001,5000,1.0,0.0333,0.9,0.0011871897420761375,2.6192667319837954,1.2933,30
pade_12,pade,trajectory,heavy_noise_plat,0.001,5000,1.0,0.3333,0.1,0.010197125477912005,0.3422285129791587,0.3733,30
pade_13,pade,trajectory,heavy_noise_plat,0.001,5000,1.0,0.3333,0.1333,0.009999579656704316,0.3288935384183541,0.3867,30
pade_21,pade,trajectory,heavy_noise_plat,0.001,5000,0.9,0.9667,0.0,0.147803549071795,0.021971215257120605,-1.0333,30
pade_22,pade,trajectory,heavy_noise_plat,0.001,5000,1.0,0.0333,0.8333,0.0011133082661531884,2.620635796529994,1.2667,30
pade_23,pade,trajectory,heavy_noise_plat,0.001,5000,1.0,0.3333,0.1,0.010177740431136468,0.33344724045128465,0.3733,30
pade_31,pade,trajectory,heavy_noise_plat,0.001,5000,0.7,1.0,0.0,61.51114454021919,6.493229880731023e-05,-1.3,30
pade_32,pade,trajectory,heavy_noise_plat,0.001,5000,0.7333,1.0,0.0,0.14740247574122628,0.021642300826048323,-1.2667,30
levin_t1,levin,limit,heavy_noise_plat,0.001,5000,1.0,0.1333,0.4667,0.0028325535586566386,0.9965871163524397,0.92,30
levin_t2,levin,limit,heavy_noise_plat,0.001,5000,1.0,0.1,0.5667,0.002777013976417659,1.0627227116240254,1.0267,30
levin_u1,levin,limit,heavy_noise_plat,0.001,5000,0.9667,0.1333,0.4667,0.002538451814627251,0.9995977518261854,0.8867,30
levin_u2,levin,limit,heavy_noise_plat,0.001,5000,1.0,0.1,0.5667,0.0027868623029608944,1.0690589675659319,1.0267,30
levin_v1,levin,limit,heavy_noise_plat,0.001,5000,1.0,0.1,0.6,0.002977243522684242,1.438503421938861,1.04,30
levin_v2,levin,limit,heavy_noise_plat,0.001,5000,1.0,0.1,0.6333,0.002344752379448923,1.764708582646175,1.0533,30
weniger_d1,weniger,limit,heavy_noise_plat,0.001,5000,1.0,0.3333,0.1,0.01,0.32887390900814484,0.3733,30
weniger_d2,weniger,limit,heavy_noise_plat,0.001,5000,0.9667,0.3667,0.1333,0.01,0.3195128337396482,0.2867,30
brezinski_theta1,brezinski,limit,heavy_noise_plat,0.001,5000,1.0,0.2333,0.4,0.005553981420745703,0.4494736351056814,0.6933,30
brezinski_theta2,brezinski,limit,heavy_noise_plat,0.001,5000,1.0,0.4,0.1333,0.015987886387833543,0.2532380939202702,0.2533,30
neville_2,neville,trajectory,heavy_noise_plat,0.001,5000,0.6,1.0,0.0,27.373856917897555,0.0001554089025485338,-1.4,30
neville_3,neville,trajectory,heavy_noise_plat,0.001,5000,0.0333,1.0,0.0,259.70487184638347,3.819706959058865e-05,-1.9667,30
neville_4,neville,trajectory,heavy_noise_plat,0.001,5000,0.0,1.0,0.0,,,-2.0,30
anderson_1,anderson,limit,heavy_noise_plat,0.001,5000,1.0,0.1333,0.4667,0.0028326915562318236,0.9965920170875888,0.92,30
anderson_2,anderson,limit,heavy_noise_plat,0.001,5000,1.0,0.0333,0.7667,0.0020941742072017756,1.4894531667822573,1.24,30
anderson_3,anderson,limit,heavy_noise_plat,0.001,5000,1.0,0.0333,0.7,0.002215579511028433,1.8086164545431584,1.2133,30
median_ensemble,ensemble,trajectory,heavy_noise_plat,0.001,5000,1.0,0.0333,0.6,0.0021611872537422006,1.2523840628848104,1.1733,30
stability_weighted,ensemble,trajectory,heavy_noise_plat,0.001,5000,1.0,0.0667,0.7,0.0017541023169805325,1.9808694254114687,1.1467,30
best_shanks_wynn,ensemble,limit,heavy_noise_plat,0.001,5000,1.0,0.1333,0.4667,0.0028325535586566394,0.9965871163524398,0.92,30
current_value,baseline,limit,heavy_noise_plat,0.005,150,1.0,0.0,0.0,0.005283464912747912,1.0,1.0,30
linear,baseline,trajectory,heavy_noise_plat,0.005,150,1.0,0.0667,0.6,0.004590833677180417,1.6731169825584966,1.1067,30
log_linear,baseline,trajectory,heavy_noise_plat,0.005,150,0.0,1.0,0.0,,,-2.0,30
geom_avg_diff,baseline,limit,heavy_noise_plat,0.005,150,0.5667,0.7,0.0333,0.020183487273675867,0.21183597627960143,-0.82,30
richardson_1,richardson,trajectory,heavy_noise_plat,0.005,150,1.0,0.0,0.8667,0.001687932018882463,3.2979354350160577,1.3467,30
richardson_2,richardson,trajectory,heavy_noise_plat,0.005,150,1.0,0.0333,0.7,0.002633146256447155,1.5239800221546527,1.2133,30
richardson_3,richardson,trajectory,heavy_noise_plat,0.005,150,1.0,0.0,0.7,0.0036169793789867823,1.5004684971468503,1.28,30
richardson_a05,richardson,trajectory,heavy_noise_plat,0.005,150,1.0,0.0,0.7667,0.002629202109683432,3.2546512624387987,1.3067,30
richardson_a10,richardson,trajectory,heavy_noise_plat,0.005,150,1.0,0.0,0.8,0.002030471784939367,3.7177267300016523,1.32,30
richardson_a20,richardson,trajectory,heavy_noise_plat,0.005,150,1.0,0.0,0.9,0.0010330064030938937,5.58429293332164,1.36,30
single_exp_fit,parametric,trajectory,heavy_noise_plat,0.005,150,1.0,0.0,0.9667,0.000783283210692153,7.92731206309667,1.3867,30
double_exp_fit,parametric,trajectory,heavy_noise_plat,0.005,150,1.0,0.0,0.9667,0.0007835534756964121,7.894493515924109,1.3867,30
rational_fit,parametric,trajectory,heavy_noise_plat,0.005,150,1.0,0.0,0.8333,0.0017007859044748767,3.453948808317013,1.3333,30
log_fit,parametric,trajectory,heavy_noise_plat,0.005,150,1.0,0.0,0.9333,0.0010966324605078473,4.241233631181617,1.3733,30
shanks_1,shanks,limit,heavy_noise_plat,0.005,150,1.0,0.1,0.4333,0.006096955719253089,0.9576740740247168,0.9733,30
shanks_2,shanks,limit,heavy_noise_plat,0.005,150,1.0,0.1,0.5,0.004073790869905798,1.133547656452262,1.0,30
shanks_3,shanks,limit,heavy_noise_plat,0.005,150,1.0,0.1333,0.5333,0.003559141679022383,1.3357901959959695,0.9467,30
shanks_4,shanks,limit,heavy_noise_plat,0.005,150,1.0,0.1,0.6,0.00411636998608797,1.311550192939965,1.04,30
wynn_eps_1,wynn_eps,limit,heavy_noise_plat,0.005,150,1.0,0.1,0.4333,0.0060969557192530905,0.9576740740247169,0.9733,30
wynn_eps_2,wynn_eps,limit,heavy_noise_plat,0.005,150,1.0,0.0667,0.6,0.0028877390889286893,1.3618041736189006,1.1067,30
wynn_eps_3,wynn_eps,limit,heavy_noise_plat,0.005,150,0.9667,0.1,0.6,0.0034993563554855545,1.4014924353419158,1.0067,30
wynn_rho_1,wynn_rho,limit,heavy_noise_plat,0.005,150,1.0,0.1333,0.3333,0.005375363351810093,0.8293702465164929,0.8667,30
wynn_rho_2,wynn_rho,limit,heavy_noise_plat,0.005,150,1.0,0.1667,0.5,0.004767650413458491,1.0713381993930002,0.8667,30
wynn_rho_3,wynn_rho,limit,heavy_noise_plat,0.005,150,0.9667,0.2333,0.4667,0.005008538511521298,0.8516906637186055,0.6867,30
pade_11,pade,trajectory,heavy_noise_plat,0.005,150,1.0,0.0,0.8333,0.001750187685142973,3.436819091248245,1.3333,30
pade_12,pade,trajectory,heavy_noise_plat,0.005,150,1.0,0.5,0.0,0.02652726179851478,0.18964075166049243,0.0,30
pade_13,pade,trajectory,heavy_noise_plat,0.005,150,1.0,0.1333,0.2333,0.008986060014350872,0.5838076107372215,0.8267,30
pade_21,pade,trajectory,heavy_noise_plat,0.005,150,1.0,0.2333,0.4,0.007945290479610106,0.8529506562966016,0.6933,30
pade_22,pade,trajectory,heavy_noise_plat,0.005,150,1.0,0.0,0.8667,0.0016661571936538774,3.3836883034783076,1.3467,30
pade_23,pade,trajectory,heavy_noise_plat,0.005,150,1.0,0.6,0.0333,0.02864708563887229,0.13709026036220712,-0.1867,30
pade_31,pade,trajectory,heavy_noise_plat,0.005,150,1.0,0.6333,0.0333,0.033497427789359255,0.15487649661216615,-0.2533,30
pade_32,pade,trajectory,heavy_noise_plat,0.005,150,1.0,0.1667,0.3,0.008143664089411723,0.6770799984750765,0.7867,30
levin_t1,levin,limit,heavy_noise_plat,0.005,150,1.0,0.1,0.4333,0.006096955719253089,0.9576740740247167,0.9733,30
levin_t2,levin,limit,heavy_noise_plat,0.005,150,1.0,0.1,0.4667,0.005331950324758106,0.9419518763220069,0.9867,30
levin_u1,levin,limit,heavy_noise_plat,0.005,150,1.0,0.1,0.4333,0.006073092735795265,0.9571249197625924,0.9733,30
levin_u2,levin,limit,heavy_noise_plat,0.005,150,1.0,0.1,0.4667,0.0053504476985585595,0.9418460692364967,0.9867,30
levin_v1,levin,limit,heavy_noise_plat,0.005,150,1.0,0.0333,0.6,0.0039344410488202815,1.183010130545945,1.1733,30
levin_v2,levin,limit,heavy_noise_plat,0.005,150,1.0,0.0333,0.6,0.0029179238756408075,1.1514269710825982,1.1733,30
weniger_d1,weniger,limit,heavy_noise_plat,0.005,150,0.8667,0.2667,0.1333,0.010000015295116025,0.5027795572304592,0.3867,30
weniger_d2,weniger,limit,heavy_noise_plat,0.005,150,0.8,0.3333,0.1333,0.010000015295116025,0.5027795572304592,0.1867,30
brezinski_theta1,brezinski,limit,heavy_noise_plat,0.005,150,1.0,0.2667,0.2667,0.011391733868319041,0.3737506311167971,0.5733,30
brezinski_theta2,brezinski,limit,heavy_noise_plat,0.005,150,1.0,0.3667,0.1333,0.02112588788219514,0.2888830336102328,0.32,30
neville_2,neville,trajectory,heavy_noise_plat,0.005,150,0.5333,1.0,0.0,6.799611196414527,0.0007109195024869383,-1.4667,30
neville_3,neville,trajectory,heavy_noise_plat,0.005,150,0.5667,1.0,0.0,138.44143738255173,3.306815224973821e-05,-1.4333,30
neville_4,neville,trajectory,heavy_noise_plat,0.005,150,0.0,1.0,0.0,,,-2.0,30
anderson_1,anderson,limit,heavy_noise_plat,0.005,150,1.0,0.1,0.4333,0.006096901214919096,0.9576916809321128,0.9733,30
anderson_2,anderson,limit,heavy_noise_plat,0.005,150,1.0,0.0,0.6,0.0035625595872719054,1.1006997918226369,1.24,30
anderson_3,anderson,limit,heavy_noise_plat,0.005,150,1.0,0.0,0.6,0.004220801927208222,1.1745601680393425,1.24,30
median_ensemble,ensemble,trajectory,heavy_noise_plat,0.005,150,1.0,0.0,0.6667,0.0032867987493108122,1.4563293036817688,1.2667,30
stability_weighted,ensemble,trajectory,heavy_noise_plat,0.005,150,1.0,0.0333,0.6,0.003957883187320112,1.3848685949841744,1.1733,30
best_shanks_wynn,ensemble,limit,heavy_noise_plat,0.005,150,1.0,0.1,0.4333,0.006096955719253089,0.9576740740247168,0.9733,30
current_value,baseline,limit,heavy_noise_plat,0.005,1000,1.0,0.0,0.0,0.005283449617631887,1.0,1.0,30
linear,baseline,trajectory,heavy_noise_plat,0.005,1000,1.0,0.6,0.0667,0.03365599008378585,0.13024712327395555,-0.1733,30
log_linear,baseline,trajectory,heavy_noise_plat,0.005,1000,0.0,1.0,0.0,,,-2.0,30
geom_avg_diff,baseline,limit,heavy_noise_plat,0.005,1000,0.5333,0.7,0.0333,0.019806167354243825,0.24538011024282008,-0.8533,30
richardson_1,richardson,trajectory,heavy_noise_plat,0.005,1000,1.0,0.0,0.7667,0.0023171275342250153,1.9192942396620447,1.3067,30
richardson_2,richardson,trajectory,heavy_noise_plat,0.005,1000,1.0,0.1667,0.4333,0.006772771091841875,0.8151592825237628,0.84,30
richardson_3,richardson,trajectory,heavy_noise_plat,0.005,1000,1.0,0.3333,0.4,0.008901726185776702,0.44918682686562916,0.4933,30
richardson_a05,richardson,trajectory,heavy_noise_plat,0.005,1000,1.0,0.0667,0.5667,0.004500937639583765,1.7570032125092827,1.0933,30
richardson_a10,richardson,trajectory,heavy_noise_plat,0.005,1000,1.0,0.0,0.7667,0.0029501251895526753,2.7388570330137867,1.3067,30
richardson_a20,richardson,trajectory,heavy_noise_plat,0.005,1000,1.0,0.0,0.8333,0.001293379835503869,4.477040160806126,1.3333,30
single_exp_fit,parametric,trajectory,heavy_noise_plat,0.005,1000,1.0,0.0,0.9333,0.000783292294760784,7.854961255840604,1.3733,30
double_exp_fit,parametric,trajectory,heavy_noise_plat,0.005,1000,1.0,0.0,0.9333,0.0007835626336678801,7.822292211942126,1.3733,30
rational_fit,parametric,trajectory,heavy_noise_plat,0.005,1000,1.0,0.0,0.7667,0.0021373369265457846,1.6733165878371743,1.3067,30
log_fit,parametric,trajectory,heavy_noise_plat,0.005,1000,1.0,0.0,0.7667,0.0027087269519420767,1.9555653929677588,1.3067,30
shanks_1,shanks,limit,heavy_noise_plat,0.005,1000,1.0,0.1,0.4333,0.006096955719253089,0.9576739838173594,0.9733,30
shanks_2,shanks,limit,heavy_noise_plat,0.005,1000,1.0,0.1,0.5,0.004073775574789774,1.133547945110831,1.0,30
shanks_3,shanks,limit,heavy_noise_plat,0.005,1000,1.0,0.1333,0.5333,0.003559141679022383,1.3357896321456875,0.9467,30
shanks_4,shanks,limit,heavy_noise_plat,0.005,1000,1.0,0.1,0.6,0.0041163546909719455,1.3115551046439493,1.04,30
wynn_eps_1,wynn_eps,limit,heavy_noise_plat,0.005,1000,1.0,0.1,0.4333,0.0060969557192530905,0.9576739838173595,0.9733,30
wynn_eps_2,wynn_eps,limit,heavy_noise_plat,0.005,1000,1.0,0.0667,0.6,0.002887723793812665,1.361806319323015,1.1067,30
wynn_eps_3,wynn_eps,limit,heavy_noise_plat,0.005,1000,0.9667,0.1,0.6,0.003499371650601579,1.4014886058800624,1.0067,30
wynn_rho_1,wynn_rho,limit,heavy_noise_plat,0.005,1000,1.0,0.1333,0.3333,0.005375378646926118,0.8293755311806386,0.8667,30
wynn_rho_2,wynn_rho,limit,heavy_noise_plat,0.005,1000,1.0,0.1667,0.5,0.004767665708574516,1.071338213460745,0.8667,30
wynn_rho_3,wynn_rho,limit,heavy_noise_plat,0.005,1000,0.9667,0.2333,0.4667,0.005008523216405274,0.8516888818795348,0.6867,30
pade_11,pade,trajectory,heavy_noise_plat,0.005,1000,1.0,0.0,0.8333,0.0017078685949114972,3.6046225569023242,1.3333,30
pade_12,pade,trajectory,heavy_noise_plat,0.005,1000,1.0,0.1667,0.1333,0.010772260543565575,0.49727327911508235,0.72,30
pade_13,pade,trajectory,heavy_noise_plat,0.005,1000,1.0,0.1667,0.2333,0.009990678257672483,0.5287816656988372,0.76,30
pade_21,pade,trajectory,heavy_noise_plat,0.005,1000,1.0,0.8,0.0667,0.09222663296440195,0.06576753723914888,-0.5733,30
pade_22,pade,trajectory,heavy_noise_plat,0.005,1000,1.0,0.0,0.8667,0.0016969220561155046,3.2260192527113523,1.3467,30
pade_23,pade,trajectory,heavy_noise_plat,0.005,1000,1.0,0.2,0.1667,0.011146221489951803,0.4884344647943759,0.6667,30
pade_31,pade,trajectory,heavy_noise_plat,0.005,1000,0.7,0.9667,0.0,3.8846653121319523,0.0010614536848694827,-1.2333,30
pade_32,pade,trajectory,heavy_noise_plat,0.005,1000,1.0,0.8333,0.1,0.09882505428793958,0.06115588482286251,-0.6267,30
levin_t1,levin,limit,heavy_noise_plat,0.005,1000,1.0,0.1,0.4333,0.006096955719253089,0.9576739838173594,0.9733,30
levin_t2,levin,limit,heavy_noise_plat,0.005,1000,1.0,0.1,0.4667,0.005331935029642082,0.9419501803574382,0.9867,30
levin_u1,levin,limit,heavy_noise_plat,0.005,1000,1.0,0.1,0.4333,0.006073092735795265,0.9571248343063579,0.9733,30
levin_u2,levin,limit,heavy_noise_plat,0.005,1000,1.0,0.1,0.4667,0.005350432403442535,0.9418443759621065,0.9867,30
levin_v1,levin,limit,heavy_noise_plat,0.005,1000,1.0,0.0333,0.6,0.003934456343936306,1.1830102319746976,1.1733,30
levin_v2,levin,limit,heavy_noise_plat,0.005,1000,1.0,0.0333,0.6,0.0029179238756408075,1.151426300568119,1.1733,30
weniger_d1,weniger,limit,heavy_noise_plat,0.005,1000,0.8667,0.2667,0.1333,0.01,0.5027803262376255,0.3867,30
weniger_d2,weniger,limit,heavy_noise_plat,0.005,1000,0.8,0.3333,0.1333,0.01,0.5027803262376255,0.1867,30
brezinski_theta1,brezinski,limit,heavy_noise_plat,0.005,1000,1.0,0.2667,0.2667,0.011391733868319041,0.37375105525456814,0.5733,30
brezinski_theta2,brezinski,limit,heavy_noise_plat,0.005,1000,1.0,0.3667,0.1333,0.02112588788219514,0.2888819642820963,0.32,30
neville_2,neville,trajectory,heavy_noise_plat,0.005,1000,0.4667,1.0,0.0,39.00088467977638,0.0001359326850319026,-1.5333,30
neville_3,neville,trajectory,heavy_noise_plat,0.005,1000,0.0667,1.0,0.0,487.6415686525442,6.595054908938208e-06,-1.9333,30
neville_4,neville,trajectory,heavy_noise_plat,0.005,1000,0.0,1.0,0.0,,,-2.0,30
anderson_1,anderson,limit,heavy_noise_plat,0.005,1000,1.0,0.1,0.4333,0.006096901214919096,0.9576915907883472,0.9733,30
anderson_2,anderson,limit,heavy_noise_plat,0.005,1000,1.0,0.0,0.6,0.003562544292155881,1.1007215872345921,1.24,30
anderson_3,anderson,limit,heavy_noise_plat,0.005,1000,1.0,0.0,0.6,0.004220817222324247,1.1745601377175041,1.24,30
median_ensemble,ensemble,trajectory,heavy_noise_plat,0.005,1000,1.0,0.0,0.6667,0.0032867987493108122,1.3397776709485383,1.2667,30
stability_weighted,ensemble,trajectory,heavy_noise_plat,0.005,1000,1.0,0.0667,0.6667,0.0038155188819475002,1.5552417999944277,1.1333,30
best_shanks_wynn,ensemble,limit,heavy_noise_plat,0.005,1000,1.0,0.1,0.4333,0.006096955719253089,0.9576739838173594,0.9733,30
current_value,baseline,limit,heavy_noise_plat,0.005,5000,1.0,0.0,0.0,0.005283449617631887,1.0,1.0,30
linear,baseline,trajectory,heavy_noise_plat,0.005,5000,0.9333,0.9333,0.0,0.1671213819945046,0.031753061626592555,-0.9333,30
log_linear,baseline,trajectory,heavy_noise_plat,0.005,5000,0.0,1.0,0.0,,,-2.0,30
geom_avg_diff,baseline,limit,heavy_noise_plat,0.005,5000,0.5333,0.7,0.0333,0.019806167354243825,0.24538011024282008,-0.8533,30
richardson_1,richardson,trajectory,heavy_noise_plat,0.005,5000,1.0,0.0,0.7,0.002828545264621516,1.5716200706065762,1.28,30
richardson_2,richardson,trajectory,heavy_noise_plat,0.005,5000,1.0,0.2333,0.3667,0.008615037891052415,0.7388802528015528,0.68,30
richardson_3,richardson,trajectory,heavy_noise_plat,0.005,5000,1.0,0.3333,0.3667,0.00978815931548801,0.3794517556616176,0.48,30
richardson_a05,richardson,trajectory,heavy_noise_plat,0.005,5000,1.0,0.0667,0.5667,0.004940467292104422,1.4766461945129157,1.0933,30
richardson_a10,richardson,trajectory,heavy_noise_plat,0.005,5000,1.0,0.0,0.7667,0.0030117735740182155,2.6813777338761495,1.3067,30
richardson_a20,richardson,trajectory,heavy_noise_plat,0.005,5000,1.0,0.0,0.8333,0.0013000252569886645,4.455798693196236,1.3333,30
single_exp_fit,parametric,trajectory,heavy_noise_plat,0.005,5000,1.0,0.0,0.9333,0.000783292294760784,7.854961255840604,1.3733,30
double_exp_fit,parametric,trajectory,heavy_noise_plat,0.005,5000,1.0,0.0,0.9333,0.0007835626336678801,7.822292211942126,1.3733,30
rational_fit,parametric,trajectory,heavy_noise_plat,0.005,5000,1.0,0.0,0.7333,0.0021925946903336513,1.568763029996632,1.2933,30
log_fit,parametric,trajectory,heavy_noise_plat,0.005,5000,1.0,0.0333,0.6667,0.003684522505775544,1.65508062508178,1.2,30
shanks_1,shanks,limit,heavy_noise_plat,0.005,5000,1.0,0.1,0.4333,0.006096955719253089,0.9576739838173594,0.9733,30
shanks_2,shanks,limit,heavy_noise_plat,0.005,5000,1.0,0.1,0.5,0.004073775574789774,1.133547945110831,1.0,30
shanks_3,shanks,limit,heavy_noise_plat,0.005,5000,1.0,0.1333,0.5333,0.003559141679022383,1.3357896321456875,0.9467,30
shanks_4,shanks,limit,heavy_noise_plat,0.005,5000,1.0,0.1,0.6,0.0041163546909719455,1.3115551046439493,1.04,30
wynn_eps_1,wynn_eps,limit,heavy_noise_plat,0.005,5000,1.0,0.1,0.4333,0.0060969557192530905,0.9576739838173595,0.9733,30
wynn_eps_2,wynn_eps,limit,heavy_noise_plat,0.005,5000,1.0,0.0667,0.6,0.002887723793812665,1.361806319323015,1.1067,30
wynn_eps_3,wynn_eps,limit,heavy_noise_plat,0.005,5000,0.9667,0.1,0.6,0.003499371650601579,1.4014886058800624,1.0067,30
wynn_rho_1,wynn_rho,limit,heavy_noise_plat,0.005,5000,1.0,0.1333,0.3333,0.005375378646926118,0.8293755311806386,0.8667,30
wynn_rho_2,wynn_rho,limit,heavy_noise_plat,0.005,5000,1.0,0.1667,0.5,0.004767665708574516,1.071338213460745,0.8667,30
wynn_rho_3,wynn_rho,limit,heavy_noise_plat,0.005,5000,0.9667,0.2333,0.4667,0.005008523216405274,0.8516888818795348,0.6867,30
pade_11,pade,trajectory,heavy_noise_plat,0.005,5000,1.0,0.0,0.8333,0.0016979287345283717,3.595934180142371,1.3333,30
pade_12,pade,trajectory,heavy_noise_plat,0.005,5000,1.0,0.1667,0.1667,0.01014115095751734,0.5223198024650924,0.7333,30
pade_13,pade,trajectory,heavy_noise_plat,0.005,5000,1.0,0.1667,0.2333,0.009999661553278097,0.5283607914184361,0.76,30
pade_21,pade,trajectory,heavy_noise_plat,0.005,5000,0.6,0.9667,0.0,0.2355561116431203,0.024091170299373,-1.3333,30
pade_22,pade,trajectory,heavy_noise_plat,0.005,5000,1.0,0.0,0.8667,0.0017056425327945934,3.202302291513319,1.3467,30
pade_23,pade,trajectory,heavy_noise_plat,0.005,5000,1.0,0.1667,0.1667,0.010205006899441985,0.5164036089376653,0.7333,30
pade_31,pade,trajectory,heavy_noise_plat,0.005,5000,0.6667,1.0,0.0,120.71109934376662,3.6209948745460454e-05,-1.3333,30
pade_32,pade,trajectory,heavy_noise_plat,0.005,5000,0.6,0.9,0.0,0.3892655680724757,0.01595453703187153,-1.2,30
levin_t1,levin,limit,heavy_noise_plat,0.005,5000,1.0,0.1,0.4333,0.006096955719253089,0.9576739838173594,0.9733,30
levin_t2,levin,limit,heavy_noise_plat,0.005,5000,1.0,0.1,0.4667,0.005331935029642082,0.9419501803574382,0.9867,30
levin_u1,levin,limit,heavy_noise_plat,0.005,5000,1.0,0.1,0.4333,0.006073092735795265,0.9571248343063579,0.9733,30
levin_u2,levin,limit,heavy_noise_plat,0.005,5000,1.0,0.1,0.4667,0.005350432403442535,0.9418443759621065,0.9867,30
levin_v1,levin,limit,heavy_noise_plat,0.005,5000,1.0,0.0333,0.6,0.003934456343936306,1.1830102319746976,1.1733,30
levin_v2,levin,limit,heavy_noise_plat,0.005,5000,1.0,0.0333,0.6,0.0029179238756408075,1.151426300568119,1.1733,30
weniger_d1,weniger,limit,heavy_noise_plat,0.005,5000,0.8667,0.2667,0.1333,0.01,0.5027803262376255,0.3867,30
weniger_d2,weniger,limit,heavy_noise_plat,0.005,5000,0.8,0.3333,0.1333,0.01,0.5027803262376255,0.1867,30
brezinski_theta1,brezinski,limit,heavy_noise_plat,0.005,5000,1.0,0.2667,0.2667,0.011391733868319041,0.37375105525456814,0.5733,30
brezinski_theta2,brezinski,limit,heavy_noise_plat,0.005,5000,1.0,0.3667,0.1333,0.02112588788219514,0.2888819642820963,0.32,30
neville_2,neville,trajectory,heavy_noise_plat,0.005,5000,0.4667,1.0,0.0,45.37510976700386,0.00011702486353266987,-1.5333,30
neville_3,neville,trajectory,heavy_noise_plat,0.005,5000,0.0,1.0,0.0,,,-2.0,30
neville_4,neville,trajectory,heavy_noise_plat,0.005,5000,0.0,1.0,0.0,,,-2.0,30
anderson_1,anderson,limit,heavy_noise_plat,0.005,5000,1.0,0.1,0.4333,0.006096901214919096,0.9576915907883472,0.9733,30
anderson_2,anderson,limit,heavy_noise_plat,0.005,5000,1.0,0.0,0.6,0.003562544292155881,1.1007215872345921,1.24,30
anderson_3,anderson,limit,heavy_noise_plat,0.005,5000,1.0,0.0,0.6,0.004220817222324247,1.1745601377175041,1.24,30
median_ensemble,ensemble,trajectory,heavy_noise_plat,0.005,5000,1.0,0.0,0.6667,0.0032867987493108122,1.2970667616009144,1.2667,30
stability_weighted,ensemble,trajectory,heavy_noise_plat,0.005,5000,1.0,0.0333,0.6667,0.004011759661736235,1.7376245139398296,1.2,30
best_shanks_wynn,ensemble,limit,heavy_noise_plat,0.005,5000,1.0,0.1,0.4333,0.006096955719253089,0.9576739838173594,0.9733,30
current_value,baseline,limit,broken_power_law,0.0,150,1.0,0.0,0.0,0.024143471789884213,1.0,1.0,30
linear,baseline,trajectory,broken_power_law,0.0,150,1.0,1.0,0.0,0.22279097860458716,0.10836826491405838,-1.0,30
log_linear,baseline,trajectory,broken_power_law,0.0,150,1.0,1.0,0.0,0.3918869913653835,0.06160825013804445,-1.0,30
geom_avg_diff,baseline,limit,broken_power_law,0.0,150,1.0,0.0,1.0,0.001940618404870087,12.44112275205412,1.4,30
richardson_1,richardson,trajectory,broken_power_law,0.0,150,1.0,0.0,0.0,0.11834229827442563,0.20401388296429374,1.0,30
richardson_2,richardson,trajectory,broken_power_law,0.0,150,1.0,1.0,0.0,0.15347571212741115,0.15731135210397976,-1.0,30
richardson_3,richardson,trajectory,broken_power_law,0.0,150,1.0,0.0,0.0,0.11833698524660338,0.20402304266558288,1.0,30
richardson_a05,richardson,trajectory,broken_power_law,0.0,150,1.0,0.0,0.0,0.0917987693306743,0.2630043078564098,1.0,30
richardson_a10,richardson,trajectory,broken_power_law,0.0,150,1.0,0.0,0.0,0.06694890173026291,0.3606253600269389,1.0,30
richardson_a20,richardson,trajectory,broken_power_law,0.0,150,1.0,0.0,0.0,0.03398981797353076,0.710314830420266,1.0,30
single_exp_fit,parametric,trajectory,broken_power_law,0.0,150,1.0,0.0,1.0,0.021427762267418562,1.1267378967795882,1.4,30
double_exp_fit,parametric,trajectory,broken_power_law,0.0,150,1.0,0.0,1.0,0.02142904017965079,1.1266707042161912,1.4,30
rational_fit,parametric,trajectory,broken_power_law,0.0,150,1.0,0.0,1.0,0.02142776286162959,1.1267378655341387,1.4,30
log_fit,parametric,trajectory,broken_power_law,0.0,150,1.0,0.0,1.0,0.021427762873711703,1.126737864898824,1.4,30
shanks_1,shanks,limit,broken_power_law,0.0,150,1.0,0.0,1.0,0.013058531740482646,1.8488657277630407,1.4,30
shanks_2,shanks,limit,broken_power_law,0.0,150,1.0,0.0,0.0,0.03974556649222406,0.6074506899935044,1.0,30
shanks_3,shanks,limit,broken_power_law,0.0,150,1.0,0.0,0.0,0.05886645501840035,0.4101397269860653,1.0,30
shanks_4,shanks,limit,broken_power_law,0.0,150,1.0,0.0,0.0,0.060289815059993104,0.4004568892085597,1.0,30
wynn_eps_1,wynn_eps,limit,broken_power_law,0.0,150,1.0,0.0,1.0,0.013058531740177376,1.8488657278062617,1.4,30
wynn_eps_2,wynn_eps,limit,broken_power_law,0.0,150,1.0,0.0,0.0,0.028449703717426986,0.8486370202546267,1.0,30
wynn_eps_3,wynn_eps,limit,broken_power_law,0.0,150,1.0,0.0,0.0,0.037435452331256766,0.6449360241795609,1.0,30
wynn_rho_1,wynn_rho,limit,broken_power_law,0.0,150,1.0,0.0,0.0,0.05084377807684272,0.47485597457755774,1.0,30
wynn_rho_2,wynn_rho,limit,broken_power_law,0.0,150,1.0,0.0,0.0,0.06956676889817012,0.34705466665017526,1.0,30
wynn_rho_3,wynn_rho,limit,broken_power_law,0.0,150,1.0,0.0,0.0,0.07835171844161179,0.30814221142930115,1.0,30
pade_11,pade,trajectory,broken_power_law,0.0,150,1.0,0.0,0.0,0.025281262936161952,0.9549946872056673,1.0,30
pade_12,pade,trajectory,broken_power_law,0.0,150,1.0,1.0,0.0,0.26100910062467225,0.09250049799835224,-1.0,30
pade_13,pade,trajectory,broken_power_law,0.0,150,1.0,0.0,0.0,0.08298987601543431,0.290920687547407,1.0,30
pade_21,pade,trajectory,broken_power_law,0.0,150,1.0,0.0,0.0,0.11129630377537847,0.216929682036982,1.0,30
pade_22,pade,trajectory,broken_power_law,0.0,150,1.0,0.0,1.0,0.017315530651475203,1.3943246831899605,1.4,30
pade_23,pade,trajectory,broken_power_law,0.0,150,1.0,1.0,0.0,0.29848439070487365,0.08088688233535155,-1.0,30
pade_31,pade,trajectory,broken_power_law,0.0,150,1.0,0.0,0.0,0.10326919400767032,0.23379161638553078,1.0,30
pade_32,pade,trajectory,broken_power_law,0.0,150,1.0,0.0,0.0,0.05576196335222611,0.432973847017895,1.0,30
levin_t1,levin,limit,broken_power_law,0.0,150,1.0,0.0,1.0,0.013058531740177917,1.848865727806185,1.4,30
levin_t2,levin,limit,broken_power_law,0.0,150,1.0,0.0,0.0,0.02855346981754686,0.8455529903776322,1.0,30
levin_u1,levin,limit,broken_power_law,0.0,150,1.0,0.0,0.0,0.11013904207052717,0.21920902284971772,1.0,30
levin_u2,levin,limit,broken_power_law,0.0,150,1.0,0.0,0.0,0.10752660131157124,0.22453487318850154,1.0,30
levin_v1,levin,limit,broken_power_law,0.0,150,1.0,0.0,0.0,0.10903112817052993,0.2214365034554413,1.0,30
levin_v2,levin,limit,broken_power_law,0.0,150,1.0,0.0,0.0,0.1075267890404901,0.22453448117745609,1.0,30
weniger_d1,weniger,limit,broken_power_law,0.0,150,1.0,0.0,0.0,0.11752246397452085,0.20543707963031285,1.0,30
weniger_d2,weniger,limit,broken_power_law,0.0,150,1.0,0.0,0.0,0.11752246397452085,0.20543707963031285,1.0,30
brezinski_theta1,brezinski,limit,broken_power_law,0.0,150,1.0,0.0,1.0,0.013650918467515857,1.7686335060411325,1.4,30
brezinski_theta2,brezinski,limit,broken_power_law,0.0,150,1.0,0.0,0.0,0.04060788405732707,0.5945513377599366,1.0,30
neville_2,neville,trajectory,broken_power_law,0.0,150,1.0,0.0,1.0,0.0007903573157178462,30.547540093249822,1.4,30
neville_3,neville,trajectory,broken_power_law,0.0,150,1.0,0.0,1.0,0.00022482775434516655,107.38652734492013,1.4,30
neville_4,neville,trajectory,broken_power_law,0.0,150,1.0,0.0,1.0,7.12385430395035e-05,338.9102409982764,1.4,30
anderson_1,anderson,limit,broken_power_law,0.0,150,1.0,0.0,1.0,0.023835000223138364,1.0129419577872039,1.4,30
anderson_2,anderson,limit,broken_power_law,0.0,150,1.0,0.0,1.0,0.023518643042032245,1.0265673808958826,1.4,30
anderson_3,anderson,limit,broken_power_law,0.0,150,1.0,0.0,1.0,0.023194332816558444,1.0409211586654554,1.4,30
median_ensemble,ensemble,trajectory,broken_power_law,0.0,150,1.0,0.0,0.0,0.034097635104825524,0.7080688064043307,1.0,30
stability_weighted,ensemble,trajectory,broken_power_law,0.0,150,1.0,0.0,0.0,0.030636615741100423,0.788059359882059,1.0,30
best_shanks_wynn,ensemble,limit,broken_power_law,0.0,150,1.0,0.0,1.0,0.013058531740482646,1.8488657277630407,1.4,30
current_value,baseline,limit,broken_power_law,0.0,1000,1.0,0.0,0.0,0.08120952471886561,1.0,1.0,30
linear,baseline,trajectory,broken_power_law,0.0,1000,1.0,1.0,0.0,2.599252900309512,0.03124341025422936,-1.0,30
log_linear,baseline,trajectory,broken_power_law,0.0,1000,1.0,1.0,0.0,31.44240375478644,0.002582802681124632,-1.0,30
geom_avg_diff,baseline,limit,broken_power_law,0.0,1000,1.0,0.0,1.0,0.04549096677621802,1.7851791349776436,1.4,30
richardson_1,richardson,trajectory,broken_power_law,0.0,1000,1.0,1.0,0.0,0.42309765024134793,0.19194038225582485,-1.0,30
richardson_2,richardson,trajectory,broken_power_law,0.0,1000,1.0,1.0,0.0,0.6066935563100774,0.13385592095749888,-1.0,30
richardson_3,richardson,trajectory,broken_power_law,0.0,1000,1.0,1.0,0.0,0.4230707964876814,0.19195256536982502,-1.0,30
richardson_a05,richardson,trajectory,broken_power_law,0.0,1000,1.0,0.0,0.0,0.2591431870210644,0.3133770393595742,1.0,30
richardson_a10,richardson,trajectory,broken_power_law,0.0,1000,1.0,0.0,0.0,0.16771592652909978,0.48420878326528666,1.0,30
richardson_a20,richardson,trajectory,broken_power_law,0.0,1000,1.0,0.0,0.0,0.0986317913636797,0.8233605371662176,1.0,30
single_exp_fit,parametric,trajectory,broken_power_law,0.0,1000,1.0,0.0,1.0,0.03563829066156283,2.2787154830198686,1.4,30
double_exp_fit,parametric,trajectory,broken_power_law,0.0,1000,1.0,0.0,1.0,0.03563701239369466,2.2787972185130254,1.4,30
rational_fit,parametric,trajectory,broken_power_law,0.0,1000,1.0,0.0,1.0,0.03563829006727225,2.2787155210188614,1.4,30
log_fit,parametric,trajectory,broken_power_law,0.0,1000,1.0,0.0,1.0,0.03563829005526969,2.2787155217863067,1.4,30
shanks_1,shanks,limit,broken_power_law,0.0,1000,1.0,0.0,1.0,0.044007521188498745,1.8453555784480202,1.4,30
shanks_2,shanks,limit,broken_power_law,0.0,1000,1.0,0.0,1.0,0.017320486436757328,4.688639953351641,1.4,30
shanks_3,shanks,limit,broken_power_law,0.0,1000,1.0,0.0,1.0,0.001800402089418958,45.106326634554335,1.4,30
shanks_4,shanks,limit,broken_power_law,0.0,1000,1.0,0.0,1.0,0.0032237621310117134,25.190917139218215,1.4,30
wynn_eps_1,wynn_eps,limit,broken_power_law,0.0,1000,1.0,0.0,1.0,0.044007521188804015,1.8453555784352196,1.4,30
wynn_eps_2,wynn_eps,limit,broken_power_law,0.0,1000,1.0,0.0,1.0,0.028616349211554405,2.8378715998501898,1.4,30
wynn_eps_3,wynn_eps,limit,broken_power_law,0.0,1000,1.0,0.0,1.0,0.019630600597724625,4.136884366557719,1.4,30
wynn_rho_1,wynn_rho,limit,broken_power_law,0.0,1000,1.0,0.0,1.0,0.006222274852138672,13.05142036452358,1.4,30
wynn_rho_2,wynn_rho,limit,broken_power_law,0.0,1000,1.0,0.0,1.0,0.012500715969188739,6.496389880309862,1.4,30
wynn_rho_3,wynn_rho,limit,broken_power_law,0.0,1000,1.0,0.0,1.0,0.021285665512630406,3.8152213127035104,1.4,30
pade_11,pade,trajectory,broken_power_law,0.0,1000,1.0,0.0,1.0,0.023621446617032436,3.437957295143339,1.4,30
pade_12,pade,trajectory,broken_power_law,0.0,1000,1.0,0.0,1.0,0.06524516914709527,1.2446825685404952,1.4,30
pade_13,pade,trajectory,broken_power_law,0.0,1000,1.0,0.0,1.0,0.06023019241877909,1.3483191976910471,1.4,30
pade_21,pade,trajectory,broken_power_law,0.0,1000,1.0,1.0,0.0,1.4125130393953649,0.05749293808546211,-1.0,30
pade_22,pade,trajectory,broken_power_law,0.0,1000,1.0,0.0,1.0,0.024948945383019623,3.255028357797329,1.4,30
pade_23,pade,trajectory,broken_power_law,0.0,1000,1.0,0.0,1.0,0.0714539268647004,1.1365299051042732,1.4,30
pade_31,pade,trajectory,broken_power_law,0.0,1000,1.0,1.0,0.0,0.4605638412499179,0.17632631449848993,-1.0,30
pade_32,pade,trajectory,broken_power_law,0.0,1000,1.0,1.0,0.0,0.7788352169969734,0.10427048359727831,-1.0,30
levin_t1,levin,limit,broken_power_law,0.0,1000,1.0,0.0,1.0,0.044007521188803474,1.8453555784352422,1.4,30
levin_t2,levin,limit,broken_power_law,0.0,1000,1.0,0.0,1.0,0.02851258311143453,2.848199491483386,1.4,30
levin_u1,levin,limit,broken_power_law,0.0,1000,1.0,0.0,1.0,0.053072989141545776,1.530147934616602,1.4,30
levin_u2,levin,limit,broken_power_law,0.0,1000,1.0,0.0,1.0,0.05046054838258985,1.6093666700396962,1.4,30
levin_v1,levin,limit,broken_power_law,0.0,1000,1.0,0.0,1.0,0.051965075241548545,1.5627712332057733,1.4,30
levin_v2,levin,limit,broken_power_law,0.0,1000,1.0,0.0,1.0,0.0504607361115087,1.6093606827179037,1.4,30
weniger_d1,weniger,limit,broken_power_law,0.0,1000,1.0,0.0,1.0,0.060456411045539456,1.3432739938481237,1.4,30
weniger_d2,weniger,limit,broken_power_law,0.0,1000,1.0,0.0,1.0,0.060456411045539456,1.3432739938481237,1.4,30
brezinski_theta1,brezinski,limit,broken_power_law,0.0,1000,1.0,0.0,1.0,0.043415134461465534,1.8705349119889443,1.4,30
brezinski_theta2,brezinski,limit,broken_power_law,0.0,1000,1.0,0.0,1.0,0.01645816887165432,4.934298909688043,1.4,30
neville_2,neville,trajectory,broken_power_law,0.0,1000,1.0,0.0,1.0,0.020774762823146088,3.9090470206661743,1.4,30
neville_3,neville,trajectory,broken_power_law,0.0,1000,1.0,0.0,1.0,0.014415439274646023,5.633510236604271,1.4,30
neville_4,neville,trajectory,broken_power_law,0.0,1000,1.0,0.0,1.0,0.01066106277463371,7.6173948541125425,1.4,30
anderson_1,anderson,limit,broken_power_law,0.0,1000,1.0,0.0,1.0,0.08090105315211976,1.0038129487160794,1.4,30
anderson_2,anderson,limit,broken_power_law,0.0,1000,1.0,0.0,1.0,0.08058469597101364,1.007753689957169,1.4,30
anderson_3,anderson,limit,broken_power_law,0.0,1000,1.0,0.0,1.0,0.08026038574553984,1.0118257464689362,1.4,30
median_ensemble,ensemble,trajectory,broken_power_law,0.0,1000,1.0,0.0,1.0,0.022968417824155866,3.5357039104999917,1.4,30
stability_weighted,ensemble,trajectory,broken_power_law,0.0,1000,1.0,0.0,1.0,0.025529289199646053,3.1810335212933203,1.4,30
best_shanks_wynn,ensemble,limit,broken_power_law,0.0,1000,1.0,0.0,1.0,0.044007521188498745,1.8453555784480202,1.4,30
current_value,baseline,limit,broken_power_law,0.0,5000,1.0,0.0,0.0,0.10515242457932869,1.0,1.0,30
linear,baseline,trajectory,broken_power_law,0.0,5000,1.0,1.0,0.0,13.53799988852736,0.0077672053069256595,-1.0,30
log_linear,baseline,trajectory,broken_power_law,0.0,5000,0.0,1.0,0.0,,,-2.0,30
geom_avg_diff,baseline,limit,broken_power_law,0.0,5000,1.0,0.0,1.0,0.06943385245500891,1.5144259012196444,1.4,30
richardson_1,richardson,trajectory,broken_power_law,0.0,5000,1.0,1.0,0.0,0.629702240573787,0.16698753443137412,-1.0,30
richardson_2,richardson,trajectory,broken_power_law,0.0,5000,1.0,1.0,0.0,0.9245670724444467,0.11373152658499727,-1.0,30
richardson_3,richardson,trajectory,broken_power_law,0.0,5000,1.0,1.0,0.0,0.6296506350346651,0.1670012205634313,-1.0,30
richardson_a05,richardson,trajectory,broken_power_law,0.0,5000,1.0,0.0,0.0,0.32162009988758106,0.3269460603242261,1.0,30
richardson_a10,richardson,trajectory,broken_power_law,0.0,5000,1.0,0.0,0.0,0.1978283753594248,0.5315335799946915,1.0,30
richardson_a20,richardson,trajectory,broken_power_law,0.0,5000,1.0,0.0,0.0,0.12274209775300335,0.8566940479616802,1.0,30
single_exp_fit,parametric,trajectory,broken_power_law,0.0,5000,1.0,0.0,1.0,0.05958119052202592,1.7648594071052681,1.4,30
double_exp_fit,parametric,trajectory,broken_power_law,0.0,5000,1.0,0.0,1.0,0.059579912204818515,1.7648972730581585,1.4,30
rational_fit,parametric,trajectory,broken_power_law,0.0,5000,1.0,0.0,1.0,0.059581189927724106,1.7648594247091318,1.4,30
log_fit,parametric,trajectory,broken_power_law,0.0,5000,1.0,0.0,1.0,0.05958118991573278,1.764859425064328,1.4,30
shanks_1,shanks,limit,broken_power_law,0.0,5000,1.0,0.0,1.0,0.06795042104896185,1.547487461535534,1.4,30
shanks_2,shanks,limit,broken_power_law,0.0,5000,1.0,0.0,1.0,0.04126338629722042,2.5483227145226315,1.4,30
shanks_3,shanks,limit,broken_power_law,0.0,5000,1.0,0.0,1.0,0.022142497771044135,4.748896247686974,1.4,30
shanks_4,shanks,limit,broken_power_law,0.0,5000,1.0,0.0,1.0,0.02071913772945138,5.0751351698318485,1.4,30
wynn_eps_1,wynn_eps,limit,broken_power_law,0.0,5000,1.0,0.0,1.0,0.0679504210492671,1.5474874615285823,1.4,30
wynn_eps_2,wynn_eps,limit,broken_power_law,0.0,5000,1.0,0.0,1.0,0.0525592490720175,2.0006454893456946,1.4,30
wynn_eps_3,wynn_eps,limit,broken_power_law,0.0,5000,1.0,0.0,1.0,0.04357350045818772,2.413219582398043,1.4,30
wynn_rho_1,wynn_rho,limit,broken_power_law,0.0,5000,1.0,0.0,1.0,0.030165174712601765,3.485888133623186,1.4,30
wynn_rho_2,wynn_rho,limit,broken_power_law,0.0,5000,1.0,0.0,1.0,0.011442183891274355,9.189891158760036,1.4,30
wynn_rho_3,wynn_rho,limit,broken_power_law,0.0,5000,1.0,0.0,1.0,0.0026572343478326876,39.572130574442504,1.4,30
pade_11,pade,trajectory,broken_power_law,0.0,5000,1.0,0.0,1.0,0.0468959352483617,2.2422502936009185,1.4,30
pade_12,pade,trajectory,broken_power_law,0.0,5000,1.0,0.0,1.0,0.03737428417653891,2.8134966835120387,1.4,30
pade_13,pade,trajectory,broken_power_law,0.0,5000,1.0,0.0,1.0,0.03650568217488566,2.8804399292028307,1.4,30
pade_21,pade,trajectory,broken_power_law,0.0,5000,1.0,1.0,0.0,7.308936409121414,0.014386829860511641,-1.0,30
pade_22,pade,trajectory,broken_power_law,0.0,5000,1.0,0.0,1.0,0.04768317002380026,2.2052314165950717,1.4,30
pade_23,pade,trajectory,broken_power_law,0.0,5000,1.0,0.0,1.0,0.0383796666042699,2.7397951541254413,1.4,30
pade_31,pade,trajectory,broken_power_law,0.0,5000,0.0,1.0,0.0,,,-2.0,30
pade_32,pade,trajectory,broken_power_law,0.0,5000,1.0,1.0,0.0,3.9745019226367035,0.026456755242822996,-1.0,30
levin_t1,levin,limit,broken_power_law,0.0,5000,1.0,0.0,1.0,0.06795042104926657,1.5474874615285943,1.4,30
levin_t2,levin,limit,broken_power_law,0.0,5000,1.0,0.0,1.0,0.05245548297189762,2.004603115286591,1.4,30
levin_u1,levin,limit,broken_power_law,0.0,5000,1.0,0.0,1.0,0.029130089281082683,3.609752910974273,1.4,30
levin_u2,levin,limit,broken_power_law,0.0,5000,1.0,0.0,1.0,0.026517648522126756,3.96537515351664,1.4,30
levin_v1,levin,limit,broken_power_law,0.0,5000,1.0,0.0,1.0,0.02802217538108545,3.7524718602077196,1.4,30
levin_v2,levin,limit,broken_power_law,0.0,5000,1.0,0.0,1.0,0.026517836251045604,3.9653470812567715,1.4,30
weniger_d1,weniger,limit,broken_power_law,0.0,5000,1.0,0.0,1.0,0.03651351118507636,2.879822322382026,1.4,30
weniger_d2,weniger,limit,broken_power_law,0.0,5000,1.0,0.0,1.0,0.03651351118507636,2.879822322382026,1.4,30
brezinski_theta1,brezinski,limit,broken_power_law,0.0,5000,1.0,0.0,1.0,0.06735803432192863,1.5610969892138904,1.4,30
brezinski_theta2,brezinski,limit,broken_power_law,0.0,5000,1.0,0.0,1.0,0.040401068732117414,2.602713935033512,1.4,30
neville_2,neville,trajectory,broken_power_law,0.0,5000,1.0,0.0,1.0,0.03882290286087898,2.7085152533838106,1.4,30
neville_3,neville,trajectory,broken_power_law,0.0,5000,1.0,0.0,1.0,0.03085294389804221,3.408181239586709,1.4,30
neville_4,neville,trajectory,broken_power_law,0.0,5000,1.0,0.0,1.0,0.025788999023710693,4.077413957891517,1.4,30
anderson_1,anderson,limit,broken_power_law,0.0,5000,1.0,0.0,1.0,0.10484395301258284,1.0029421970259822,1.4,30
anderson_2,anderson,limit,broken_power_law,0.0,5000,1.0,0.0,1.0,0.10452759583147672,1.005977643921509,1.4,30
anderson_3,anderson,limit,broken_power_law,0.0,5000,1.0,0.0,1.0,0.10420328560600292,1.009108532113992,1.4,30
median_ensemble,ensemble,trajectory,broken_power_law,0.0,5000,1.0,0.0,1.0,0.04691131768461896,2.241515049444146,1.4,30
stability_weighted,ensemble,trajectory,broken_power_law,0.0,5000,1.0,0.0,1.0,0.040762838930591135,2.5796148486707913,1.4,30
best_shanks_wynn,ensemble,limit,broken_power_law,0.0,5000,1.0,0.0,1.0,0.06795042104896185,1.547487461535534,1.4,30
current_value,baseline,limit,broken_power_law,0.001,150,1.0,0.0,0.0,0.024208334560673395,1.0,1.0,30
linear,baseline,trajectory,broken_power_law,0.001,150,1.0,1.0,0.0,0.2229323044691216,0.10900338678013793,-1.0,30
log_linear,baseline,trajectory,broken_power_law,0.001,150,1.0,1.0,0.0,0.3923841037194661,0.06195655694501326,-1.0,30
geom_avg_diff,baseline,limit,broken_power_law,0.001,150,0.4,0.6,0.1667,0.02665215815399516,0.947429660760452,-0.7333,30
richardson_1,richardson,trajectory,broken_power_law,0.001,150,1.0,0.3333,0.0,0.11844779293559868,0.20540025630866202,0.3333,30
richardson_2,richardson,trajectory,broken_power_law,0.001,150,1.0,1.0,0.0,0.1535712176348045,0.15813957203631548,-1.0,30
richardson_3,richardson,trajectory,broken_power_law,0.001,150,0.8333,0.4333,0.0,0.11846375549993696,0.20579903464696825,-0.0333,30
richardson_a05,richardson,trajectory,broken_power_law,0.001,150,1.0,0.0,0.0,0.09188678448878335,0.26499082271809227,1.0,30
richardson_a10,richardson,trajectory,broken_power_law,0.001,150,1.0,0.0,0.0,0.06702046265873936,0.36365024353559217,1.0,30
richardson_a20,richardson,trajectory,broken_power_law,0.001,150,1.0,0.0,0.0,0.03402232149910524,0.7167710956472452,1.0,30
single_exp_fit,parametric,trajectory,broken_power_law,0.001,150,1.0,0.0,1.0,0.021401254724159546,1.1309102554865642,1.4,30
double_exp_fit,parametric,trajectory,broken_power_law,0.001,150,1.0,0.0,1.0,0.021401257240576066,1.1309104388766857,1.4,30
rational_fit,parametric,trajectory,broken_power_law,0.001,150,1.0,0.0,1.0,0.02140125531327846,1.1309102225280436,1.4,30
log_fit,parametric,trajectory,broken_power_law,0.001,150,1.0,0.0,1.0,0.021401255325147486,1.130910222056489,1.4,30
shanks_1,shanks,limit,broken_power_law,0.001,150,1.0,0.0,0.5667,0.024780542928758253,1.0010053310829568,1.2267,30
shanks_2,shanks,limit,broken_power_law,0.001,150,1.0,0.0,0.1333,0.025765082192748173,0.9575792850992486,1.0533,30
shanks_3,shanks,limit,broken_power_law,0.001,150,1.0,0.0,0.1333,0.02576530747622248,0.9604181195479984,1.0533,30
shanks_4,shanks,limit,broken_power_law,0.001,150,1.0,0.0,0.1,0.026836666434710943,0.9199324823761528,1.04,30
wynn_eps_1,wynn_eps,limit,broken_power_law,0.001,150,1.0,0.0,0.5667,0.02478054292875774,1.0010053310829292,1.2267,30
wynn_eps_2,wynn_eps,limit,broken_power_law,0.001,150,1.0,0.0,0.3,0.02535434183590217,0.9745629268919839,1.12,30
wynn_eps_3,wynn_eps,limit,broken_power_law,0.001,150,1.0,0.0,0.3333,0.02604070437725664,0.9627481851972686,1.1333,30
wynn_rho_1,wynn_rho,limit,broken_power_law,0.001,150,1.0,0.0,0.2333,0.02498984597301658,0.987315441868748,1.0933,30
wynn_rho_2,wynn_rho,limit,broken_power_law,0.001,150,1.0,0.0,0.4,0.02528515274475103,0.9962516216976112,1.16,30
wynn_rho_3,wynn_rho,limit,broken_power_law,0.001,150,1.0,0.0667,0.3333,0.025809934605929313,0.9662980672459744,1.0,30
pade_11,pade,trajectory,broken_power_law,0.001,150,1.0,0.0,0.2,0.02528096291324359,0.9586250961566677,1.08,30
pade_12,pade,trajectory,broken_power_law,0.001,150,1.0,1.0,0.0,0.2604129255614258,0.09301427678073579,-1.0,30
pade_13,pade,trajectory,broken_power_law,0.001,150,1.0,0.0,0.0,0.08300397015636825,0.2925436601632802,1.0,30
pade_21,pade,trajectory,broken_power_law,0.001,150,1.0,0.0333,0.0,0.11122983572620579,0.2191128072925555,0.9333,30
pade_22,pade,trajectory,broken_power_law,0.001,150,1.0,0.0,1.0,0.01775928148139408,1.3738797124831477,1.4,30
pade_23,pade,trajectory,broken_power_law,0.001,150,1.0,1.0,0.0,0.3227302599893564,0.07560701856434757,-1.0,30
pade_31,pade,trajectory,broken_power_law,0.001,150,1.0,0.0,0.0,0.10369102863323515,0.23212800352715346,1.0,30
pade_32,pade,trajectory,broken_power_law,0.001,150,1.0,0.0,0.0,0.05600547272341633,0.43593144737745565,1.0,30
levin_t1,levin,limit,broken_power_law,0.001,150,1.0,0.0,0.5667,0.02478054292875774,1.0010053310829292,1.2267,30
levin_t2,levin,limit,broken_power_law,0.001,150,1.0,0.0,0.3,0.025193056272273806,0.9682655654411431,1.12,30
levin_u1,levin,limit,broken_power_law,0.001,150,1.0,0.0,0.5667,0.02478228307362934,1.0010297416620695,1.2267,30
levin_u2,levin,limit,broken_power_law,0.001,150,1.0,0.0,0.3,0.025188162048802074,0.9682567473979184,1.12,30
levin_v1,levin,limit,broken_power_law,0.001,150,1.0,0.0,0.2,0.02567646984955707,0.9615271591770298,1.08,30
levin_v2,levin,limit,broken_power_law,0.001,150,1.0,0.0,0.1667,0.026057529434374227,0.9436003216046538,1.0667,30
weniger_d1,weniger,limit,broken_power_law,0.001,150,1.0,0.3,0.0,0.11752246397452085,0.2059889976942776,0.4,30
weniger_d2,weniger,limit,broken_power_law,0.001,150,1.0,0.3,0.0,0.11752246397452085,0.20598899769427803,0.4,30
brezinski_theta1,brezinski,limit,broken_power_law,0.001,150,1.0,0.0,0.5667,0.024572768745654477,1.0276264273743858,1.2267,30
brezinski_theta2,brezinski,limit,broken_power_law,0.001,150,1.0,0.0,0.1667,0.027449897352321895,0.8743067407070508,1.0667,30
neville_2,neville,trajectory,broken_power_law,0.001,150,0.6667,0.9667,0.0,1.3767866012598988,0.01905022291751656,-1.2667,30
neville_3,neville,trajectory,broken_power_law,0.001,150,0.5333,1.0,0.0,31.418802771869217,0.0008513963507400685,-1.4667,30
neville_4,neville,trajectory,broken_power_law,0.001,150,0.3667,1.0,0.0,218.99942017220437,0.0001172057086360616,-1.6333,30
anderson_1,anderson,limit,broken_power_law,0.001,150,1.0,0.0,0.5667,0.02476299905298497,1.0009950008964674,1.2267,30
anderson_2,anderson,limit,broken_power_law,0.001,150,1.0,0.0,0.5333,0.024547820991261446,1.0003861305232635,1.2133,30
anderson_3,anderson,limit,broken_power_law,0.001,150,1.0,0.0,0.4333,0.024480590099437607,0.9963076008134668,1.1733,30
median_ensemble,ensemble,trajectory,broken_power_law,0.001,150,1.0,0.0,0.3333,0.025106696135169387,0.9717568856540888,1.1333,30
stability_weighted,ensemble,trajectory,broken_power_law,0.001,150,1.0,0.0,0.2,0.025285115819401155,0.9704701352652185,1.08,30
best_shanks_wynn,ensemble,limit,broken_power_law,0.001,150,1.0,0.0,0.5667,0.024780542928758253,1.0010053310829568,1.2267,30
current_value,baseline,limit,broken_power_law,0.001,1000,1.0,0.0,0.0,0.08127438748965479,1.0,1.0,30
linear,baseline,trajectory,broken_power_law,0.001,1000,1.0,1.0,0.0,2.60138293609384,0.03132855771011217,-1.0,30
log_linear,baseline,trajectory,broken_power_law,0.001,1000,1.0,1.0,0.0,31.45360786657535,0.0025850160540285033,-1.0,30
geom_avg_diff,baseline,limit,broken_power_law,0.001,1000,0.4,0.6,0.1667,0.08371824668576992,0.9830617095923468,-0.7333,30
richardson_1,richardson,trajectory,broken_power_law,0.001,1000,1.0,1.0,0.0,0.42333346166383956,0.19246571252364275,-1.0,30
richardson_2,richardson,trajectory,broken_power_law,0.001,1000,1.0,1.0,0.0,0.6068995145750862,0.13413388288601585,-1.0,30
richardson_3,richardson,trajectory,broken_power_law,0.001,1000,0.8333,1.0,0.0,0.42342632365891714,0.19230033474110977,-1.1667,30
richardson_a05,richardson,trajectory,broken_power_law,0.001,1000,1.0,0.0,0.0,0.25932010593993016,0.3142353444148642,1.0,30
richardson_a10,richardson,trajectory,broken_power_law,0.001,1000,1.0,0.0,0.0,0.16780438925069158,0.48560401716131707,1.0,30
richardson_a20,richardson,trajectory,broken_power_law,0.001,1000,1.0,0.0,0.0,0.09867096562658743,0.8257149989029385,1.0,30
single_exp_fit,parametric,trajectory,broken_power_law,0.001,1000,1.0,0.0,1.0,0.035664798204821845,2.2851424942069416,1.4,30
double_exp_fit,parametric,trajectory,broken_power_law,0.001,1000,1.0,0.0,1.0,0.035664795687961326,2.2851426864191073,1.4,30
rational_fit,parametric,trajectory,broken_power_law,0.001,1000,1.0,0.0,1.0,0.03566479761562518,2.2851425334078836,1.4,30
log_fit,parametric,trajectory,broken_power_law,0.001,1000,1.0,0.0,1.0,0.035664797603833905,2.28514253398882,1.4,30
shanks_1,shanks,limit,broken_power_law,0.001,1000,1.0,0.0,0.5667,0.08184659585773965,1.0003069822083317,1.2267,30
shanks_2,shanks,limit,broken_power_law,0.001,1000,1.0,0.0,0.1333,0.08283113512172957,0.9871714984239933,1.0533,30
shanks_3,shanks,limit,broken_power_law,0.001,1000,1.0,0.0,0.1333,0.08283136040520388,0.9879859053181086,1.0533,30
shanks_4,shanks,limit,broken_power_law,0.001,1000,1.0,0.0,0.1,0.08390271936369234,0.9742794210914528,1.04,30
wynn_eps_1,wynn_eps,limit,broken_power_law,0.001,1000,1.0,0.0,0.5667,0.08184659585773914,1.0003069822083233,1.2267,30
wynn_eps_2,wynn_eps,limit,broken_power_law,0.001,1000,1.0,0.0,0.3,0.08242039476488357,0.9921908308905961,1.12,30
wynn_eps_3,wynn_eps,limit,broken_power_law,0.001,1000,1.0,0.0,0.3333,0.08310675730623804,0.9882047531734934,1.1333,30
wynn_rho_1,wynn_rho,limit,broken_power_law,0.001,1000,1.0,0.0,0.2333,0.08205589890199798,0.9962095464500549,1.0933,30
wynn_rho_2,wynn_rho,limit,broken_power_law,0.001,1000,1.0,0.0,0.4333,0.08226982175783598,0.9996913368819861,1.1733,30
wynn_rho_3,wynn_rho,limit,broken_power_law,0.001,1000,1.0,0.0333,0.4,0.08250549772493627,0.9934318878665008,1.0933,30
pade_11,pade,trajectory,broken_power_law,0.001,1000,1.0,0.0,1.0,0.023613742170409097,3.441748138093801,1.4,30
pade_12,pade,trajectory,broken_power_law,0.001,1000,1.0,0.0,1.0,0.06524030562934321,1.2455778366028492,1.4,30
pade_13,pade,trajectory,broken_power_law,0.001,1000,1.0,0.0,1.0,0.060230059939144,1.3493987807105972,1.4,30
pade_21,pade,trajectory,broken_power_law,0.001,1000,1.0,1.0,0.0,1.4143639669730292,0.05772827343619248,-1.0,30
pade_22,pade,trajectory,broken_power_law,0.001,1000,1.0,0.0,1.0,0.024531528654356767,3.32853773339394,1.4,30
pade_23,pade,trajectory,broken_power_law,0.001,1000,1.0,0.0,1.0,0.07122401808491408,1.1416010418023084,1.4,30
pade_31,pade,trajectory,broken_power_law,0.001,1000,0.9667,0.6333,0.0667,0.523062705849074,0.1577736381304008,-0.2733,30
pade_32,pade,trajectory,broken_power_law,0.001,1000,1.0,1.0,0.0,0.7837237121714462,0.10362244324523309,-1.0,30
levin_t1,levin,limit,broken_power_law,0.001,1000,1.0,0.0,0.5667,0.08184659585773914,1.0003069822083233,1.2267,30
levin_t2,levin,limit,broken_power_law,0.001,1000,1.0,0.0,0.3,0.0822591092012552,0.9901317338739252,1.12,30
levin_u1,levin,limit,broken_power_law,0.001,1000,1.0,0.0,0.5667,0.08184833600261074,1.000313709071506,1.2267,30
levin_u2,levin,limit,broken_power_law,0.001,1000,1.0,0.0,0.3,0.08225421497778347,0.9901289433515543,1.12,30
levin_v1,levin,limit,broken_power_law,0.001,1000,1.0,0.0,0.2,0.08274252277853847,0.9881265876833798,1.08,30
levin_v2,levin,limit,broken_power_law,0.001,1000,1.0,0.0,0.1667,0.08312358236335562,0.982719235075219,1.0667,30
weniger_d1,weniger,limit,broken_power_law,0.001,1000,1.0,0.0,1.0,0.060456411045539456,1.3443468787525936,1.4,30
weniger_d2,weniger,limit,broken_power_law,0.001,1000,1.0,0.0,1.0,0.060456411045539456,1.344346878752599,1.4,30
brezinski_theta1,brezinski,limit,broken_power_law,0.001,1000,1.0,0.0,0.5667,0.08163882167463588,1.0081237312993583,1.2267,30
brezinski_theta2,brezinski,limit,broken_power_law,0.001,1000,1.0,0.0,0.1667,0.08451595028130329,0.9585644893376322,1.0667,30
neville_2,neville,trajectory,broken_power_law,0.001,1000,0.5667,0.9667,0.0,7.199605997982066,0.011476966016835259,-1.3667,30
neville_3,neville,trajectory,broken_power_law,0.001,1000,0.3667,1.0,0.0,230.68685008360194,0.00035679955971322345,-1.6333,30
neville_4,neville,trajectory,broken_power_law,0.001,1000,0.0,1.0,0.0,,,-2.0,30
anderson_1,anderson,limit,broken_power_law,0.001,1000,1.0,0.0,0.5667,0.08182905198196637,1.000303799205378,1.2267,30
anderson_2,anderson,limit,broken_power_law,0.001,1000,1.0,0.0,0.5333,0.08161387392024284,1.0001130527790894,1.2133,30
anderson_3,anderson,limit,broken_power_law,0.001,1000,1.0,0.0,0.4333,0.081546643028419,0.9989226280217762,1.1733,30
median_ensemble,ensemble,trajectory,broken_power_law,0.001,1000,1.0,0.0,0.3333,0.08217274906415079,0.9914001457956771,1.1333,30
stability_weighted,ensemble,trajectory,broken_power_law,0.001,1000,1.0,0.0,0.7667,0.08088624900438884,1.0083655887303458,1.3067,30
best_shanks_wynn,ensemble,limit,broken_power_law,0.001,1000,1.0,0.0,0.5667,0.08184659585773965,1.0003069822083317,1.2267,30
current_value,baseline,limit,broken_power_law,0.001,5000,1.0,0.0,0.0,0.10521728735011787,1.0,1.0,30
linear,baseline,trajectory,broken_power_law,0.001,5000,1.0,1.0,0.0,13.54940121524176,0.007782212714811642,-1.0,30
log_linear,baseline,trajectory,broken_power_law,0.001,5000,0.0,1.0,0.0,,,-2.0,30
geom_avg_diff,baseline,limit,broken_power_law,0.001,5000,0.4,0.6,0.1667,0.107661146546233,0.9868119375499864,-0.7333,30
richardson_1,richardson,trajectory,broken_power_law,0.001,5000,1.0,1.0,0.0,0.629998148722501,0.16731876754445496,-1.0,30
richardson_2,richardson,trajectory,broken_power_law,0.001,5000,1.0,1.0,0.0,0.9248203141767444,0.11391191679555984,-1.0,30
richardson_3,richardson,trajectory,broken_power_law,0.001,5000,0.8333,1.0,0.0,0.6301369123103705,0.16719598588922246,-1.1667,30
richardson_a05,richardson,trajectory,broken_power_law,0.001,5000,1.0,0.0,0.0,0.32182122686245795,0.32759003219215577,1.0,30
richardson_a10,richardson,trajectory,broken_power_law,0.001,5000,1.0,0.0,0.0,0.19792081972238879,0.5326782164397494,1.0,30
richardson_a20,richardson,trajectory,broken_power_law,0.001,5000,1.0,0.0,0.0,0.12278144734765621,0.8586046110828853,1.0,30
single_exp_fit,parametric,trajectory,broken_power_law,0.001,5000,1.0,0.0,1.0,0.05960769806528494,1.76875722790188,1.4,30
double_exp_fit,parametric,trajectory,broken_power_law,0.001,5000,1.0,0.0,1.0,0.0596076955467779,1.76875731682956,1.4,30
rational_fit,parametric,trajectory,broken_power_law,0.001,5000,1.0,0.0,1.0,0.0596076974760773,1.768757246051038,1.4,30
log_fit,parametric,trajectory,broken_power_law,0.001,5000,1.0,0.0,1.0,0.059607697464297,1.7687572463195937,1.4,30
shanks_1,shanks,limit,broken_power_law,0.001,5000,1.0,0.0,0.5667,0.10578949571820273,1.0002377156548503,1.2267,30
shanks_2,shanks,limit,broken_power_law,0.001,5000,1.0,0.0,0.1333,0.10677403498219265,0.9900570844044866,1.0533,30
shanks_3,shanks,limit,broken_power_law,0.001,5000,1.0,0.0,0.1333,0.10677426026566696,0.9906804595848246,1.0533,30
shanks_4,shanks,limit,broken_power_law,0.001,5000,1.0,0.0,0.1,0.10784561922415542,0.979979798006592,1.04,30
wynn_eps_1,wynn_eps,limit,broken_power_law,0.001,5000,1.0,0.0,0.5667,0.10578949571820222,1.0002377156548437,1.2267,30
wynn_eps_2,wynn_eps,limit,broken_power_law,0.001,5000,1.0,0.0,0.3,0.10636329462534665,0.9939498159895608,1.12,30
wynn_eps_3,wynn_eps,limit,broken_power_law,0.001,5000,1.0,0.0,0.3333,0.10704965716670112,0.9908326816564839,1.1333,30
wynn_rho_1,wynn_rho,limit,broken_power_law,0.001,5000,1.0,0.0,0.2333,0.10599879876246106,0.9970711008121934,1.0933,30
wynn_rho_2,wynn_rho,limit,broken_power_law,0.001,5000,1.0,0.0,0.4333,0.10621272161829906,0.9997612643329428,1.1733,30
wynn_rho_3,wynn_rho,limit,broken_power_law,0.001,5000,1.0,0.0,0.4,0.10644839758539935,0.9949092647865203,1.16,30
pade_11,pade,trajectory,broken_power_law,0.001,5000,1.0,0.0,1.0,0.04688774237931532,2.246262567220369,1.4,30
pade_12,pade,trajectory,broken_power_law,0.001,5000,1.0,0.0,1.0,0.037373502250957064,2.815146738224578,1.4,30
pade_13,pade,trajectory,broken_power_law,0.001,5000,1.0,0.0,1.0,0.036505677137282436,2.882215765221044,1.4,30
pade_21,pade,trajectory,broken_power_law,0.001,5000,1.0,1.0,0.0,7.319092494550167,0.014441823954909987,-1.0,30
pade_22,pade,trajectory,broken_power_law,0.001,5000,1.0,0.0,1.0,0.047269175289571704,2.2317757661089477,1.4,30
pade_23,pade,trajectory,broken_power_law,0.001,5000,1.0,0.0,1.0,0.03834418884345618,2.7458986901004057,1.4,30
pade_31,pade,trajectory,broken_power_law,0.001,5000,0.2,0.9333,0.0667,6.101767467366284,0.027775111722619927,-1.64,30
pade_32,pade,trajectory,broken_power_law,0.001,5000,1.0,1.0,0.0,4.000983664846329,0.026270562953461793,-1.0,30
levin_t1,levin,limit,broken_power_law,0.001,5000,1.0,0.0,0.5667,0.10578949571820222,1.0002377156548437,1.2267,30
levin_t2,levin,limit,broken_power_law,0.001,5000,1.0,0.0,0.3,0.10620200906171828,0.9923447932864522,1.12,30
levin_u1,levin,limit,broken_power_law,0.001,5000,1.0,0.0,0.5667,0.10579123586307382,1.0002428708370312,1.2267,30
levin_u2,levin,limit,broken_power_law,0.001,5000,1.0,0.0,0.3,0.10619711483824655,0.9923426248582762,1.12,30
levin_v1,levin,limit,broken_power_law,0.001,5000,1.0,0.0,0.2,0.10668542263900155,0.9907963281133552,1.08,30
levin_v2,levin,limit,broken_power_law,0.001,5000,1.0,0.0,0.1667,0.1070664822238187,0.9866143817340209,1.0667,30
weniger_d1,weniger,limit,broken_power_law,0.001,5000,1.0,0.0,1.0,0.03651351118507636,2.8815987270246914,1.4,30
weniger_d2,weniger,limit,broken_power_law,0.001,5000,1.0,0.0,1.0,0.03651351118507636,2.88159872702471,1.4,30
brezinski_theta1,brezinski,limit,broken_power_law,0.001,5000,1.0,0.0,0.5667,0.10558172153509895,1.0062680689656942,1.2267,30
brezinski_theta2,brezinski,limit,broken_power_law,0.001,5000,1.0,0.0,0.1667,0.10845885014176637,0.9676594106241884,1.0667,30
neville_2,neville,trajectory,broken_power_law,0.001,5000,0.5667,0.9667,0.0,8.3794194074816,0.012730812762866233,-1.3667,30
neville_3,neville,trajectory,broken_power_law,0.001,5000,0.2667,1.0,0.0,233.57245567699562,0.0004550325854852483,-1.7333,30
neville_4,neville,trajectory,broken_power_law,0.001,5000,0.0,1.0,0.0,,,-2.0,30
anderson_1,anderson,limit,broken_power_law,0.001,5000,1.0,0.0,0.5667,0.10577195184242945,1.0002352487469102,1.2267,30
anderson_2,anderson,limit,broken_power_law,0.001,5000,1.0,0.0,0.5333,0.10555677378070592,1.0000871834720515,1.2133,30
anderson_3,anderson,limit,broken_power_law,0.001,5000,1.0,0.0,0.4333,0.10548954288888208,0.999169424227597,1.1733,30
median_ensemble,ensemble,trajectory,broken_power_law,0.001,5000,1.0,0.0,0.3333,0.10611564892461386,0.9933427622356121,1.1333,30
stability_weighted,ensemble,trajectory,broken_power_law,0.001,5000,1.0,0.0,1.0,0.09051537381696342,1.1665903705093474,1.4,30
best_shanks_wynn,ensemble,limit,broken_power_law,0.001,5000,1.0,0.0,0.5667,0.10578949571820273,1.0002377156548503,1.2267,30
current_value,baseline,limit,broken_power_law,0.005,150,1.0,0.0,0.0,0.022571443959696888,1.0,1.0,30
linear,baseline,trajectory,broken_power_law,0.005,150,1.0,1.0,0.0,0.22164949180375712,0.10233534998427991,-1.0,30
log_linear,baseline,trajectory,broken_power_law,0.005,150,1.0,1.0,0.0,0.39671753641085783,0.05649593413349971,-1.0,30
geom_avg_diff,baseline,limit,broken_power_law,0.005,150,0.5667,0.4667,0.2333,0.029986405695153318,0.772531086376695,-0.2733,30
richardson_1,richardson,trajectory,broken_power_law,0.005,150,1.0,0.6667,0.0,0.1178235881670425,0.19210239862153056,-0.3333,30
richardson_2,richardson,trajectory,broken_power_law,0.005,150,1.0,0.9667,0.0,0.15301841460057594,0.14807739376267737,-0.9333,30
richardson_3,richardson,trajectory,broken_power_law,0.005,150,0.9333,0.7667,0.0,0.11814122697395751,0.18757702596855688,-0.6,30
richardson_a05,richardson,trajectory,broken_power_law,0.005,150,1.0,0.1667,0.0,0.09136710816501036,0.24723384272299498,0.6667,30
richardson_a10,richardson,trajectory,broken_power_law,0.005,150,1.0,0.0,0.0,0.06656699120101764,0.3381019666356242,1.0,30
richardson_a20,richardson,trajectory,broken_power_law,0.005,150,1.0,0.0,0.0333,0.0336742289419778,0.6689028437569897,1.0133,30
single_exp_fit,parametric,trajectory,broken_power_law,0.005,150,1.0,0.0,0.7,0.02163985087605573,1.0377746484446693,1.28,30
double_exp_fit,parametric,trajectory,broken_power_law,0.005,150,1.0,0.0,0.7,0.021639852326258938,1.0377745747098188,1.28,30
rational_fit,parametric,trajectory,broken_power_law,0.005,150,1.0,0.0,0.7,0.021639851262615938,1.0377746257729576,1.28,30
log_fit,parametric,trajectory,broken_power_law,0.005,150,1.0,0.0,0.7,0.02163985127194179,1.037774625418905,1.28,30
shanks_1,shanks,limit,broken_power_law,0.005,150,1.0,0.0,0.5667,0.022650061526474766,1.0023692679885268,1.2267,30
shanks_2,shanks,limit,broken_power_law,0.005,150,1.0,0.0,0.2,0.025684549447127628,0.8863076632698422,1.08,30
shanks_3,shanks,limit,broken_power_law,0.005,150,1.0,0.0,0.3,0.02542357962952932,0.9071036302314075,1.12,30
shanks_4,shanks,limit,broken_power_law,0.005,150,1.0,0.0,0.3667,0.024949993744789303,0.9310099961815939,1.1467,30
wynn_eps_1,wynn_eps,limit,broken_power_law,0.005,150,1.0,0.0,0.5667,0.0226500615264755,1.0023692679885303,1.2267,30
wynn_eps_2,wynn_eps,limit,broken_power_law,0.005,150,1.0,0.0,0.3333,0.025500296408375825,0.88748361496819,1.1333,30
wynn_eps_3,wynn_eps,limit,broken_power_law,0.005,150,1.0,0.0,0.3333,0.025311017505755845,0.8847895336860705,1.1333,30
wynn_rho_1,wynn_rho,limit,broken_power_law,0.005,150,1.0,0.0,0.3333,0.023061688397668062,0.9698410892844775,1.1333,30
wynn_rho_2,wynn_rho,limit,broken_power_law,0.005,150,1.0,0.0667,0.4667,0.024344507452082262,0.9876007917966021,1.0533,30
wynn_rho_3,wynn_rho,limit,broken_power_law,0.005,150,1.0,0.0,0.4,0.024339145651635308,0.9915755324025203,1.16,30
pade_11,pade,trajectory,broken_power_law,0.005,150,1.0,0.0,0.2667,0.02564154436056134,0.8767240455732277,1.1067,30
pade_12,pade,trajectory,broken_power_law,0.005,150,1.0,1.0,0.0,0.25834219799365743,0.08846471664643876,-1.0,30
pade_13,pade,trajectory,broken_power_law,0.005,150,1.0,0.1333,0.0,0.08628679278773643,0.2605258055619828,0.7333,30
pade_21,pade,trajectory,broken_power_law,0.005,150,1.0,0.4,0.0,0.10924676816433947,0.20787025605845594,0.2,30
pade_22,pade,trajectory,broken_power_law,0.005,150,1.0,0.0,0.4333,0.02342427591443444,0.959272615858731,1.1733,30
pade_23,pade,trajectory,broken_power_law,0.005,150,0.8,1.0,0.0,0.5586081223917004,0.04163119851227595,-1.2,30
pade_31,pade,trajectory,broken_power_law,0.005,150,1.0,0.4333,0.0,0.10641070056055729,0.2102711206442808,0.1333,30
pade_32,pade,trajectory,broken_power_law,0.005,150,1.0,0.0,0.0,0.05549752883329348,0.40786552757335814,1.0,30
levin_t1,levin,limit,broken_power_law,0.005,150,1.0,0.0,0.5667,0.022650061526475515,1.0023692679885308,1.2267,30
levin_t2,levin,limit,broken_power_law,0.005,150,1.0,0.0333,0.4333,0.022916853069942122,0.981445378535653,1.1067,30
levin_u1,levin,limit,broken_power_law,0.005,150,1.0,0.0,0.5667,0.022647171150451548,1.0024406366205452,1.2267,30
levin_u2,levin,limit,broken_power_law,0.005,150,1.0,0.0333,0.4333,0.0229231230771805,0.9811737879011602,1.1067,30
levin_v1,levin,limit,broken_power_law,0.005,150,1.0,0.0,0.3333,0.02500660922049658,0.872240629177496,1.1333,30
levin_v2,levin,limit,broken_power_law,0.005,150,1.0,0.0,0.3,0.024691052734281918,0.9087081653753724,1.12,30
weniger_d1,weniger,limit,broken_power_law,0.005,150,1.0,0.6333,0.0,0.11752246397452085,0.19206067671105356,-0.2667,30
weniger_d2,weniger,limit,broken_power_law,0.005,150,1.0,0.6333,0.0,0.11752246397452085,0.19206067671105356,-0.2667,30
brezinski_theta1,brezinski,limit,broken_power_law,0.005,150,1.0,0.0,0.5667,0.019949236026288175,1.216038262380835,1.2267,30
brezinski_theta2,brezinski,limit,broken_power_law,0.005,150,1.0,0.0333,0.3333,0.030669456415451712,0.7179752153045778,1.0667,30
neville_2,neville,trajectory,broken_power_law,0.005,150,0.6,1.0,0.0,5.3694362305779375,0.004299074648855025,-1.4,30
neville_3,neville,trajectory,broken_power_law,0.005,150,0.6,1.0,0.0,117.8018900063187,0.00019551911332081306,-1.4,30
neville_4,neville,trajectory,broken_power_law,0.005,150,0.1,1.0,0.0,211.51668572817644,0.00013555173454552917,-1.9,30
anderson_1,anderson,limit,broken_power_law,0.005,150,1.0,0.0,0.5667,0.022649842660721453,1.002367325746901,1.2267,30
anderson_2,anderson,limit,broken_power_law,0.005,150,1.0,0.0,0.5,0.022498153632769705,1.001133598080583,1.2,30
anderson_3,anderson,limit,broken_power_law,0.005,150,1.0,0.0,0.4333,0.02295301625614582,0.9922312238214651,1.1733,30
median_ensemble,ensemble,trajectory,broken_power_law,0.005,150,1.0,0.0,0.3333,0.023578636252685872,0.9488340714009387,1.1333,30
stability_weighted,ensemble,trajectory,broken_power_law,0.005,150,1.0,0.0,0.4,0.024417403120883127,0.9357412323432273,1.16,30
best_shanks_wynn,ensemble,limit,broken_power_law,0.005,150,1.0,0.0,0.5667,0.022650061526474766,1.0023692679885268,1.2267,30
current_value,baseline,limit,broken_power_law,0.005,1000,1.0,0.0,0.0,0.07963749688867829,1.0,1.0,30
linear,baseline,trajectory,broken_power_law,0.005,1000,1.0,1.0,0.0,2.589947202750728,0.030751414817680713,-1.0,30
log_linear,baseline,trajectory,broken_power_law,0.005,1000,1.0,1.0,0.0,33.46094866764873,0.0023536793842847126,-1.0,30
geom_avg_diff,baseline,limit,broken_power_law,0.005,1000,0.5667,0.4333,0.2667,0.08135459143810567,0.9822217905215618,-0.1933,30
richardson_1,richardson,trajectory,broken_power_law,0.005,1000,1.0,0.8667,0.0,0.4217050324147408,0.18863110196305835,-0.7333,30
richardson_2,richardson,trajectory,broken_power_law,0.005,1000,1.0,1.0,0.0,0.60531706241581,0.13174765284482792,-1.0,30
richardson_3,richardson,trajectory,broken_power_law,0.005,1000,0.9333,0.9,0.0,0.4226885242973687,0.18720566903278762,-0.8667,30
richardson_a05,richardson,trajectory,broken_power_law,0.005,1000,1.0,0.0,0.0,0.2582845238190704,0.3080698568256999,1.0,30
richardson_a10,richardson,trajectory,broken_power_law,0.005,1000,1.0,0.0,0.0,0.16717114271405048,0.4765498420404248,1.0,30
richardson_a20,richardson,trajectory,broken_power_law,0.005,1000,1.0,0.0,0.0,0.0982899585412974,0.810626976743224,1.0,30
single_exp_fit,parametric,trajectory,broken_power_law,0.005,1000,1.0,0.0,1.0,0.03542620205292566,2.2498222635952336,1.4,30
double_exp_fit,parametric,trajectory,broken_power_law,0.005,1000,1.0,0.0,1.0,0.035426200602470974,2.2498223620335103,1.4,30
rational_fit,parametric,trajectory,broken_power_law,0.005,1000,1.0,0.0,1.0,0.03542620166630423,2.249822293879977,1.4,30
log_fit,parametric,trajectory,broken_power_law,0.005,1000,1.0,0.0,1.0,0.0354262016570396,2.249822294815917,1.4,30
shanks_1,shanks,limit,broken_power_law,0.005,1000,1.0,0.0,0.5667,0.07971611445545616,1.0006869668823648,1.2267,30
shanks_2,shanks,limit,broken_power_law,0.005,1000,1.0,0.0,0.2,0.08275060237610903,0.9629147699867509,1.08,30
shanks_3,shanks,limit,broken_power_law,0.005,1000,1.0,0.0,0.3,0.08248963255851072,0.9706406646331222,1.12,30
shanks_4,shanks,limit,broken_power_law,0.005,1000,1.0,0.0,0.3667,0.0820160466737707,0.9795891993212658,1.1467,30
wynn_eps_1,wynn_eps,limit,broken_power_law,0.005,1000,1.0,0.0,0.5667,0.0797161144554569,1.0006869668823657,1.2267,30
wynn_eps_2,wynn_eps,limit,broken_power_law,0.005,1000,1.0,0.0,0.3333,0.08256634933735722,0.9670642738494497,1.1333,30
wynn_eps_3,wynn_eps,limit,broken_power_law,0.005,1000,1.0,0.0,0.3667,0.08237707043473724,0.971616986459414,1.1467,30
wynn_rho_1,wynn_rho,limit,broken_power_law,0.005,1000,1.0,0.0,0.3333,0.08012774132664946,0.9904022325916205,1.1333,30
wynn_rho_2,wynn_rho,limit,broken_power_law,0.005,1000,1.0,0.0333,0.5,0.08124631903633084,1.0001753221298766,1.1333,30
wynn_rho_3,wynn_rho,limit,broken_power_law,0.005,1000,1.0,0.0,0.4333,0.0814051985806167,0.9978159844242802,1.1733,30
pade_11,pade,trajectory,broken_power_law,0.005,1000,1.0,0.0,1.0,0.023276441031819056,3.3999572942920073,1.4,30
pade_12,pade,trajectory,broken_power_law,0.005,1000,1.0,0.0,1.0,0.06519188686441593,1.2236784183560214,1.4,30
pade_13,pade,trajectory,broken_power_law,0.005,1000,1.0,0.0,1.0,0.060249235490626524,1.3216087886730175,1.4,30
pade_21,pade,trajectory,broken_power_law,0.005,1000,1.0,1.0,0.0,1.3916467628072802,0.05642327321036902,-1.0,30
pade_22,pade,trajectory,broken_power_law,0.005,1000,1.0,0.0,1.0,0.019501262047892168,3.9020298034522862,1.4,30
pade_23,pade,trajectory,broken_power_law,0.005,1000,1.0,0.0,1.0,0.0691390165952121,1.1480352567004748,1.4,30
pade_31,pade,trajectory,broken_power_law,0.005,1000,0.7,0.8667,0.0333,3.3275353066361752,0.025941777309358496,-1.02,30
pade_32,pade,trajectory,broken_power_law,0.005,1000,1.0,1.0,0.0,0.794004121913741,0.10067130570414998,-1.0,30
levin_t1,levin,limit,broken_power_law,0.005,1000,1.0,0.0,0.5667,0.07971611445545691,1.0006869668823657,1.2267,30
levin_t2,levin,limit,broken_power_law,0.005,1000,1.0,0.0,0.4333,0.07998290599892352,0.9947833236248289,1.1733,30
levin_u1,levin,limit,broken_power_law,0.005,1000,1.0,0.0,0.5667,0.07971322407943295,1.0007100441037458,1.2267,30
levin_u2,levin,limit,broken_power_law,0.005,1000,1.0,0.0,0.4333,0.0799891760061619,0.9946795562176739,1.1733,30
levin_v1,levin,limit,broken_power_law,0.005,1000,1.0,0.0,0.3333,0.08207266214947798,0.9603489074551939,1.1333,30
levin_v2,levin,limit,broken_power_law,0.005,1000,1.0,0.0,0.3,0.08175710566326332,0.9722831566914119,1.12,30
weniger_d1,weniger,limit,broken_power_law,0.005,1000,1.0,0.0,1.0,0.060456411045539456,1.3172713284070148,1.4,30
weniger_d2,weniger,limit,broken_power_law,0.005,1000,1.0,0.0,1.0,0.060456411045539456,1.3172713284070148,1.4,30
brezinski_theta1,brezinski,limit,broken_power_law,0.005,1000,1.0,0.0,0.5667,0.07701528895526957,1.0615184772294008,1.2267,30
brezinski_theta2,brezinski,limit,broken_power_law,0.005,1000,1.0,0.0,0.3333,0.08773550934443311,0.9088336357522966,1.1333,30
neville_2,neville,trajectory,broken_power_law,0.005,1000,0.5667,1.0,0.0,28.26936371048693,0.002780910625742865,-1.4333,30
neville_3,neville,trajectory,broken_power_law,0.005,1000,0.1,1.0,0.0,170.71219066247528,0.0005022342354815993,-1.9,30
neville_4,neville,trajectory,broken_power_law,0.005,1000,0.0,1.0,0.0,,,-2.0,30
anderson_1,anderson,limit,broken_power_law,0.005,1000,1.0,0.0,0.5667,0.07971589558970285,1.000686415862516,1.2267,30
anderson_2,anderson,limit,broken_power_law,0.005,1000,1.0,0.0,0.5,0.0795642065617511,1.000271515602759,1.2,30
anderson_3,anderson,limit,broken_power_law,0.005,1000,1.0,0.0,0.4333,0.08001906918512722,0.997786518006585,1.1733,30
median_ensemble,ensemble,trajectory,broken_power_law,0.005,1000,1.0,0.0,0.3333,0.08064468918166727,0.9851115925166636,1.1333,30
stability_weighted,ensemble,trajectory,broken_power_law,0.005,1000,1.0,0.0,0.5667,0.07931195343276505,1.004735266633118,1.2267,30
best_shanks_wynn,ensemble,limit,broken_power_law,0.005,1000,1.0,0.0,0.5667,0.07971611445545616,1.0006869668823648,1.2267,30
current_value,baseline,limit,broken_power_law,0.005,5000,1.0,0.0,0.0,0.10358039674914137,1.0,1.0,30
linear,baseline,trajectory,broken_power_law,0.005,5000,1.0,1.0,0.0,13.491855330886725,0.007671167549679829,-1.0,30
log_linear,baseline,trajectory,broken_power_law,0.005,5000,0.0,1.0,0.0,,,-2.0,30
geom_avg_diff,baseline,limit,broken_power_law,0.005,5000,0.5667,0.4333,0.2667,0.10529749129856875,0.98627613621027,-0.1933,30
richardson_1,richardson,trajectory,broken_power_law,0.005,5000,1.0,1.0,0.0,0.6278789084830617,0.16472113234503238,-1.0,30
richardson_2,richardson,trajectory,broken_power_law,0.005,5000,1.0,1.0,0.0,0.9230174623163969,0.11240077435882118,-1.0,30
richardson_3,richardson,trajectory,broken_power_law,0.005,5000,0.9333,1.0,0.0,0.6291451568687467,0.16381305737654867,-1.0667,30
richardson_a05,richardson,trajectory,broken_power_law,0.005,5000,1.0,0.0,0.0,0.3206963717894208,0.32278825377960285,1.0,30
richardson_a10,richardson,trajectory,broken_power_law,0.005,5000,1.0,0.0,0.0,0.19725635814508446,0.5250444700578499,1.0,30
richardson_a20,richardson,trajectory,broken_power_law,0.005,5000,1.0,0.0,0.0,0.1224000749468922,0.8467110387906709,1.0,30
single_exp_fit,parametric,trajectory,broken_power_law,0.005,5000,1.0,0.0,1.0,0.059369101913388754,1.7449057421473113,1.4,30
double_exp_fit,parametric,trajectory,broken_power_law,0.005,5000,1.0,0.0,1.0,0.059369100462000814,1.7449057877118448,1.4,30
rational_fit,parametric,trajectory,broken_power_law,0.005,5000,1.0,0.0,1.0,0.05936910152675868,1.7449057561435757,1.4,30
log_fit,parametric,trajectory,broken_power_law,0.005,5000,1.0,0.0,1.0,0.059369101517502694,1.7449057565755772,1.4,30
shanks_1,shanks,limit,broken_power_law,0.005,5000,1.0,0.0,0.5667,0.10365901431591924,1.0005293441868974,1.2267,30
shanks_2,shanks,limit,broken_power_law,0.005,5000,1.0,0.0,0.2,0.1066935022365721,0.9710235220452712,1.08,30
shanks_3,shanks,limit,broken_power_law,0.005,5000,1.0,0.0,0.3,0.1064325324189738,0.9771521057873196,1.12,30
shanks_4,shanks,limit,broken_power_law,0.005,5000,1.0,0.0,0.3667,0.10595894653423378,0.9842239889924753,1.1467,30
wynn_eps_1,wynn_eps,limit,broken_power_law,0.005,5000,1.0,0.0,0.5667,0.10365901431591998,1.0005293441868983,1.2267,30
wynn_eps_2,wynn_eps,limit,broken_power_law,0.005,5000,1.0,0.0,0.3333,0.1065092491978203,0.9745968255461217,1.1333,30
wynn_eps_3,wynn_eps,limit,broken_power_law,0.005,5000,1.0,0.0,0.3667,0.10631997029520032,0.978096372714527,1.1467,30
wynn_rho_1,wynn_rho,limit,broken_power_law,0.005,5000,1.0,0.0,0.3333,0.10407064118711254,0.9925318421115871,1.1333,30
wynn_rho_2,wynn_rho,limit,broken_power_law,0.005,5000,1.0,0.0,0.5,0.10518921889679392,1.0001362951176231,1.2,30
wynn_rho_3,wynn_rho,limit,broken_power_law,0.005,5000,1.0,0.0,0.4333,0.10534809844107978,0.998320586697317,1.1733,30
pade_11,pade,trajectory,broken_power_law,0.005,5000,1.0,0.0,1.0,0.04655335514710683,2.2141212335073988,1.4,30
pade_12,pade,trajectory,broken_power_law,0.005,5000,1.0,0.0,1.0,0.03736516521184047,2.77366175026384,1.4,30
pade_13,pade,trajectory,broken_power_law,0.005,5000,1.0,0.0,1.0,0.03650632132108784,2.8373043278731496,1.4,30
pade_21,pade,trajectory,broken_power_law,0.005,5000,1.0,1.0,0.0,7.202120824261311,0.01422992790044992,-1.0,30
pade_22,pade,trajectory,broken_power_law,0.005,5000,1.0,0.0,1.0,0.04232638185803312,2.3818331799762746,1.4,30
pade_23,pade,trajectory,broken_power_law,0.005,5000,1.0,0.0,1.0,0.03801167420345373,2.7229514942678534,1.4,30
pade_31,pade,trajectory,broken_power_law,0.005,5000,0.5,1.0,0.0,84.75259760548339,0.0012210035153962298,-1.5,30
pade_32,pade,trajectory,broken_power_law,0.005,5000,1.0,1.0,0.0,4.054632254705849,0.025540102732581085,-1.0,30
levin_t1,levin,limit,broken_power_law,0.005,5000,1.0,0.0,0.5667,0.10365901431591999,1.0005293441868983,1.2267,30
levin_t2,levin,limit,broken_power_law,0.005,5000,1.0,0.0,0.4333,0.1039258058593866,0.9959913576628412,1.1733,30
levin_u1,levin,limit,broken_power_law,0.005,5000,1.0,0.0,0.5667,0.10365612393989602,1.0005473008679888,1.2267,30
levin_u2,levin,limit,broken_power_law,0.005,5000,1.0,0.0,0.4333,0.10393207586662498,0.9959115171695317,1.1733,30
levin_v1,levin,limit,broken_power_law,0.005,5000,1.0,0.0,0.3333,0.10601556200994106,0.9692468669077112,1.1333,30
levin_v2,levin,limit,broken_power_law,0.005,5000,1.0,0.0,0.3,0.1057000055237264,0.9785481444522813,1.12,30
weniger_d1,weniger,limit,broken_power_law,0.005,5000,1.0,0.0,1.0,0.03651351118507636,2.8367690037838997,1.4,30
weniger_d2,weniger,limit,broken_power_law,0.005,5000,1.0,0.0,1.0,0.03651351118507636,2.8367690037838997,1.4,30
brezinski_theta1,brezinski,limit,broken_power_law,0.005,5000,1.0,0.0,0.5667,0.10095818881573265,1.047324887868862,1.2267,30
brezinski_theta2,brezinski,limit,broken_power_law,0.005,5000,1.0,0.0,0.3333,0.11167840920489619,0.928337891788758,1.1333,30
neville_2,neville,trajectory,broken_power_law,0.005,5000,0.5667,1.0,0.0,32.88995398024637,0.0031182005863414014,-1.4333,30
neville_3,neville,trajectory,broken_power_law,0.005,5000,0.0667,1.0,0.0,159.80700890178707,0.0007460649183557587,-1.9333,30
neville_4,neville,trajectory,broken_power_law,0.005,5000,0.0,1.0,0.0,,,-2.0,30
anderson_1,anderson,limit,broken_power_law,0.005,5000,1.0,0.0,0.5667,0.10365879545016593,1.000528920482614,1.2267,30
anderson_2,anderson,limit,broken_power_law,0.005,5000,1.0,0.0,0.5,0.10350710642221418,1.000205596489037,1.2,30
anderson_3,anderson,limit,broken_power_law,0.005,5000,1.0,0.0,0.4333,0.1039619690455903,0.9982973505443751,1.1733,30
median_ensemble,ensemble,trajectory,broken_power_law,0.005,5000,1.0,0.0,0.3333,0.10458758904213035,0.9885251211755282,1.1333,30
stability_weighted,ensemble,trajectory,broken_power_law,0.005,5000,1.0,0.0,1.0,0.08992417449624292,1.1527578751274488,1.4,30
best_shanks_wynn,ensemble,limit,broken_power_law,0.005,5000,1.0,0.0,0.5667,0.10365901431591924,1.0005293441868974,1.2267,30
