selector,regime,obs_idx,noise,target_g,n_f,achieved_g,chosen_method,chosen_med_error
fixed_last,broken_power_law,20,0.0,0.02,50000.0,0.2043647033558935,last_value,0.0410966728447159
fixed_last,broken_power_law,20,0.0,0.1,50000.0,0.2043647033558935,last_value,0.0410966728447159
fixed_last,broken_power_law,20,0.003,0.02,50000.0,0.2043647033558935,last_value,0.0399286069194867
fixed_last,broken_power_law,20,0.003,0.1,50000.0,0.2043647033558935,last_value,0.0399286069194867
fixed_last,broken_power_law,20,0.005,0.02,50000.0,0.2043647033558935,last_value,0.0427395424051767
fixed_last,broken_power_law,20,0.005,0.1,50000.0,0.2043647033558935,last_value,0.0427395424051767
fixed_last,broken_power_law,20,0.01,0.02,50000.0,0.2043647033558935,last_value,0.0394298535464013
fixed_last,broken_power_law,20,0.01,0.1,50000.0,0.2043647033558935,last_value,0.0394298535464013
fixed_last,broken_power_law,20,0.02,0.02,50000.0,0.2043647033558935,last_value,0.0434781212607862
fixed_last,broken_power_law,20,0.02,0.1,50000.0,0.2043647033558935,last_value,0.0434781212607862
fixed_last,broken_power_law,30,0.0,0.02,50000.0,0.2901576654864911,last_value,0.0258241692477354
fixed_last,broken_power_law,30,0.0,0.1,50000.0,0.2901576654864911,last_value,0.0258241692477354
fixed_last,broken_power_law,30,0.003,0.02,50000.0,0.2901576654864911,last_value,0.0267235065914405
fixed_last,broken_power_law,30,0.003,0.1,50000.0,0.2901576654864911,last_value,0.0267235065914405
fixed_last,broken_power_law,30,0.005,0.02,50000.0,0.2901576654864911,last_value,0.0264916770342452
fixed_last,broken_power_law,30,0.005,0.1,50000.0,0.2901576654864911,last_value,0.0264916770342452
fixed_last,broken_power_law,30,0.01,0.02,50000.0,0.2901576654864911,last_value,0.0214438137742469
fixed_last,broken_power_law,30,0.01,0.1,50000.0,0.2901576654864911,last_value,0.0214438137742469
fixed_last,broken_power_law,30,0.02,0.02,50000.0,0.2901576654864911,last_value,0.0144951622045676
fixed_last,broken_power_law,30,0.02,0.1,50000.0,0.2901576654864911,last_value,0.0144951622045676
fixed_last,broken_power_law,40,0.0,0.02,50000.0,0.3731762489488806,last_value,0.0177308665018933
fixed_last,broken_power_law,40,0.0,0.1,50000.0,0.3731762489488806,last_value,0.0177308665018933
fixed_last,broken_power_law,40,0.003,0.02,50000.0,0.3731762489488806,last_value,0.017127382874289
fixed_last,broken_power_law,40,0.003,0.1,50000.0,0.3731762489488806,last_value,0.017127382874289
fixed_last,broken_power_law,40,0.005,0.02,50000.0,0.3731762489488806,last_value,0.0177453332603987
fixed_last,broken_power_law,40,0.005,0.1,50000.0,0.3731762489488806,last_value,0.0177453332603987
fixed_last,broken_power_law,40,0.01,0.02,50000.0,0.3731762489488806,last_value,0.0177095578532047
fixed_last,broken_power_law,40,0.01,0.1,50000.0,0.3731762489488806,last_value,0.0177095578532047
fixed_last,broken_power_law,40,0.02,0.02,50000.0,0.3731762489488806,last_value,0.0199317631468022
fixed_last,broken_power_law,40,0.02,0.1,50000.0,0.3731762489488806,last_value,0.0199317631468022
fixed_last,broken_power_law,50,0.0,0.02,50000.0,0.4541733869663374,last_value,0.0126861994608603
fixed_last,broken_power_law,50,0.0,0.1,50000.0,0.4541733869663374,last_value,0.0126861994608603
fixed_last,broken_power_law,50,0.003,0.02,50000.0,0.4541733869663374,last_value,0.0117830603941175
fixed_last,broken_power_law,50,0.003,0.1,50000.0,0.4541733869663374,last_value,0.0117830603941175
fixed_last,broken_power_law,50,0.005,0.02,50000.0,0.4541733869663374,last_value,0.0136011797799313
fixed_last,broken_power_law,50,0.005,0.1,50000.0,0.4541733869663374,last_value,0.0136011797799313
fixed_last,broken_power_law,50,0.01,0.02,50000.0,0.4541733869663374,last_value,0.0115521763979927
fixed_last,broken_power_law,50,0.01,0.1,50000.0,0.4541733869663374,last_value,0.0115521763979927
fixed_last,broken_power_law,50,0.02,0.02,50000.0,0.4541733869663374,last_value,0.0299067708317512
fixed_last,broken_power_law,50,0.02,0.1,50000.0,0.4541733869663374,last_value,0.0299067708317512
fixed_last,broken_power_law,60,0.0,0.02,50000.0,0.068318835938711,last_value,0.1439545407538475
fixed_last,broken_power_law,60,0.003,0.02,50000.0,0.068318835938711,last_value,0.14389695907824
fixed_last,broken_power_law,60,0.005,0.02,50000.0,0.068318835938711,last_value,0.1429012005709003
fixed_last,broken_power_law,60,0.01,0.02,50000.0,0.068318835938711,last_value,0.1432324998190671
fixed_last,broken_power_law,60,0.02,0.02,50000.0,0.068318835938711,last_value,0.1482381412589853
fixed_last,broken_power_law,70,0.0,0.02,50000.0,0.0725958615029638,last_value,0.1348514675405485
fixed_last,broken_power_law,70,0.003,0.02,50000.0,0.0725958615029638,last_value,0.1352112322176076
fixed_last,broken_power_law,70,0.005,0.02,50000.0,0.0725958615029638,last_value,0.1346844454984955
fixed_last,broken_power_law,70,0.01,0.02,50000.0,0.0725958615029638,last_value,0.1378038209684295
fixed_last,broken_power_law,70,0.02,0.02,50000.0,0.0725958615029638,last_value,0.1332722107087379
fixed_last,broken_power_law,80,0.0,0.02,50000.0,0.0765248578423578,last_value,0.1273858499536173
fixed_last,broken_power_law,80,0.003,0.02,50000.0,0.0765248578423578,last_value,0.1279517963591762
fixed_last,broken_power_law,80,0.005,0.02,50000.0,0.0765248578423578,last_value,0.1280096930168174
fixed_last,broken_power_law,80,0.01,0.02,50000.0,0.0765248578423578,last_value,0.1271046451729409
fixed_last,broken_power_law,80,0.02,0.02,50000.0,0.0765248578423578,last_value,0.1265257399001426
fixed_last,broken_power_law,90,0.0,0.02,50000.0,0.0801724362309424,last_value,0.1211099569255459
fixed_last,broken_power_law,90,0.003,0.02,50000.0,0.0801724362309424,last_value,0.1205886353790895
fixed_last,broken_power_law,90,0.005,0.02,50000.0,0.0801724362309424,last_value,0.1209372506532853
fixed_last,broken_power_law,90,0.01,0.02,50000.0,0.0801724362309424,last_value,0.1215933425376731
fixed_last,broken_power_law,90,0.02,0.02,50000.0,0.0801724362309424,last_value,0.1136222547371202
fixed_last,broken_power_law,100,0.0,0.02,50000.0,0.0835866795638285,last_value,0.1157318327352129
fixed_last,broken_power_law,100,0.003,0.02,50000.0,0.0835866795638285,last_value,0.1156480888414038
fixed_last,broken_power_law,100,0.005,0.02,50000.0,0.0835866795638285,last_value,0.115777969986434
fixed_last,broken_power_law,100,0.01,0.02,50000.0,0.0835866795638285,last_value,0.1161761057711724
fixed_last,broken_power_law,100,0.02,0.02,50000.0,0.0835866795638285,last_value,0.1152952202363242
fixed_last,broken_power_law,110,0.0,0.02,50000.0,0.0868035956912711,last_value,0.1110516429974863
fixed_last,broken_power_law,110,0.003,0.02,50000.0,0.0868035956912711,last_value,0.111490136637977
fixed_last,broken_power_law,110,0.005,0.02,50000.0,0.0868035956912711,last_value,0.1128715459893042
fixed_last,broken_power_law,110,0.01,0.02,50000.0,0.0868035956912711,last_value,0.1111239807314163
fixed_last,broken_power_law,110,0.02,0.02,50000.0,0.0868035956912711,last_value,0.1250178086993802
fixed_last,broken_power_law,120,0.0,0.02,50000.0,0.089850949747117,last_value,0.1069272405212992
fixed_last,broken_power_law,120,0.003,0.02,50000.0,0.089850949747117,last_value,0.1057267166362879
fixed_last,broken_power_law,120,0.005,0.02,50000.0,0.089850949747117,last_value,0.1059337064736058
fixed_last,broken_power_law,120,0.01,0.02,50000.0,0.089850949747117,last_value,0.1079531615634588
fixed_last,broken_power_law,120,0.02,0.02,50000.0,0.089850949747117,last_value,0.1058072744798313
fixed_last,broken_power_law,130,0.0,0.02,50000.0,0.092750667161584,last_value,0.1032542951128009
fixed_last,broken_power_law,130,0.003,0.02,50000.0,0.092750667161584,last_value,0.1027986219316786
fixed_last,broken_power_law,130,0.005,0.02,50000.0,0.092750667161584,last_value,0.1031169229220675
fixed_last,broken_power_law,130,0.01,0.02,50000.0,0.092750667161584,last_value,0.1046834418351073
fixed_last,broken_power_law,130,0.02,0.02,50000.0,0.092750667161584,last_value,0.0940555641556421
fixed_last,broken_power_law,140,0.0,0.02,50000.0,0.0955204080436849,last_value,0.0999542153180951
fixed_last,broken_power_law,140,0.003,0.02,50000.0,0.0955204080436849,last_value,0.1025200723117415
fixed_last,broken_power_law,140,0.005,0.02,50000.0,0.0955204080436849,last_value,0.099484118974047
fixed_last,broken_power_law,140,0.01,0.02,50000.0,0.0955204080436849,last_value,0.0997810872309872
fixed_last,broken_power_law,140,0.02,0.02,50000.0,0.0955204080436849,last_value,0.098702492548468
fixed_last,damped_osc_pow,120,0.0,0.02,50000.0,0.0210220445446958,last_value,0.0452356538468594
fixed_last,damped_osc_pow,120,0.003,0.02,50000.0,0.0210220445446958,last_value,0.044802326403855
fixed_last,damped_osc_pow,120,0.005,0.02,50000.0,0.0210220445446958,last_value,0.0460625842878225
fixed_last,damped_osc_pow,120,0.01,0.02,50000.0,0.0210220445446958,last_value,0.0460543010433624
fixed_last,damped_osc_pow,120,0.02,0.02,50000.0,0.0210220445446958,last_value,0.0413627677032578
fixed_last,damped_osc_pow,130,0.0,0.02,50000.0,0.0221499430699973,last_value,0.042882743529522
fixed_last,damped_osc_pow,130,0.003,0.02,50000.0,0.0221499430699973,last_value,0.0429055680883263
fixed_last,damped_osc_pow,130,0.005,0.02,50000.0,0.0221499430699973,last_value,0.0418316304077335
fixed_last,damped_osc_pow,130,0.01,0.02,50000.0,0.0221499430699973,last_value,0.0483116258565166
fixed_last,damped_osc_pow,130,0.02,0.02,50000.0,0.0221499430699973,last_value,0.0489410058177198
fixed_last,damped_osc_pow,140,0.0,0.02,50000.0,0.0232494544447517,last_value,0.0408087984223305
fixed_last,damped_osc_pow,140,0.003,0.02,50000.0,0.0232494544447517,last_value,0.0414735698740971
fixed_last,damped_osc_pow,140,0.005,0.02,50000.0,0.0232494544447517,last_value,0.0393111864434032
fixed_last,damped_osc_pow,140,0.01,0.02,50000.0,0.0232494544447517,last_value,0.0381715165372826
fixed_last,damped_osc_pow,140,0.02,0.02,50000.0,0.0232494544447517,last_value,0.0375996464422747
fixed_last,log_oscillatory,20,0.0,0.02,50000.0,0.232935711783342,last_value,0.2020290717944564
fixed_last,log_oscillatory,20,0.0,0.1,50000.0,0.232935711783342,last_value,0.2020290717944564
fixed_last,log_oscillatory,20,0.003,0.02,50000.0,0.232935711783342,last_value,0.202374698508561
fixed_last,log_oscillatory,20,0.003,0.1,50000.0,0.232935711783342,last_value,0.202374698508561
fixed_last,log_oscillatory,20,0.005,0.02,50000.0,0.232935711783342,last_value,0.2047747683126397
fixed_last,log_oscillatory,20,0.005,0.1,50000.0,0.232935711783342,last_value,0.2047747683126397
fixed_last,log_oscillatory,20,0.01,0.02,50000.0,0.232935711783342,last_value,0.2009465818791031
fixed_last,log_oscillatory,20,0.01,0.1,50000.0,0.232935711783342,last_value,0.2009465818791031
fixed_last,log_oscillatory,20,0.02,0.02,50000.0,0.232935711783342,last_value,0.2013179945066323
fixed_last,log_oscillatory,20,0.02,0.1,50000.0,0.232935711783342,last_value,0.2013179945066323
fixed_last,log_oscillatory,30,0.0,0.02,50000.0,0.3324862235710625,last_value,0.1231699481698163
fixed_last,log_oscillatory,30,0.0,0.1,50000.0,0.3324862235710625,last_value,0.1231699481698163
fixed_last,log_oscillatory,30,0.003,0.02,50000.0,0.3324862235710625,last_value,0.1237951877237724
fixed_last,log_oscillatory,30,0.003,0.1,50000.0,0.3324862235710625,last_value,0.1237951877237724
fixed_last,log_oscillatory,30,0.005,0.02,50000.0,0.3324862235710625,last_value,0.1219459175408124
fixed_last,log_oscillatory,30,0.005,0.1,50000.0,0.3324862235710625,last_value,0.1219459175408124
fixed_last,log_oscillatory,30,0.01,0.02,50000.0,0.3324862235710625,last_value,0.1194857856829402
fixed_last,log_oscillatory,30,0.01,0.1,50000.0,0.3324862235710625,last_value,0.1194857856829402
fixed_last,log_oscillatory,30,0.02,0.02,50000.0,0.3324862235710625,last_value,0.1162803542110285
fixed_last,log_oscillatory,30,0.02,0.1,50000.0,0.3324862235710625,last_value,0.1162803542110285
fixed_last,log_oscillatory,40,0.0,0.02,50000.0,0.3049784955005034,last_value,0.1398128875061548
fixed_last,log_oscillatory,40,0.0,0.1,50000.0,0.3049784955005034,last_value,0.1398128875061548
fixed_last,log_oscillatory,40,0.003,0.02,50000.0,0.3049784955005034,last_value,0.138665513627456
fixed_last,log_oscillatory,40,0.003,0.1,50000.0,0.3049784955005034,last_value,0.138665513627456
fixed_last,log_oscillatory,40,0.005,0.02,50000.0,0.3049784955005034,last_value,0.1417844328620227
fixed_last,log_oscillatory,40,0.005,0.1,50000.0,0.3049784955005034,last_value,0.1417844328620227
fixed_last,log_oscillatory,40,0.01,0.02,50000.0,0.3049784955005034,last_value,0.1406992627703261
fixed_last,log_oscillatory,40,0.01,0.1,50000.0,0.3049784955005034,last_value,0.1406992627703261
fixed_last,log_oscillatory,40,0.02,0.02,50000.0,0.3049784955005034,last_value,0.1383908533591484
fixed_last,log_oscillatory,40,0.02,0.1,50000.0,0.3049784955005034,last_value,0.1383908533591484
fixed_last,log_oscillatory,50,0.0,0.02,50000.0,0.2560336623945213,last_value,0.1782684126449504
fixed_last,log_oscillatory,50,0.0,0.1,50000.0,0.2560336623945213,last_value,0.1782684126449504
fixed_last,log_oscillatory,50,0.003,0.02,50000.0,0.2560336623945213,last_value,0.179956840710774
fixed_last,log_oscillatory,50,0.003,0.1,50000.0,0.2560336623945213,last_value,0.179956840710774
fixed_last,log_oscillatory,50,0.005,0.02,50000.0,0.2560336623945213,last_value,0.1794223379295767
fixed_last,log_oscillatory,50,0.005,0.1,50000.0,0.2560336623945213,last_value,0.1794223379295767
fixed_last,log_oscillatory,50,0.01,0.02,50000.0,0.2560336623945213,last_value,0.1780413727716806
fixed_last,log_oscillatory,50,0.01,0.1,50000.0,0.2560336623945213,last_value,0.1780413727716806
fixed_last,log_oscillatory,50,0.02,0.02,50000.0,0.2560336623945213,last_value,0.1779276270400212
fixed_last,log_oscillatory,50,0.02,0.1,50000.0,0.2560336623945213,last_value,0.1779276270400212
fixed_last,log_oscillatory,60,0.0,0.02,50000.0,0.2932175193086054,last_value,0.1478815661436559
fixed_last,log_oscillatory,60,0.0,0.1,50000.0,0.2932175193086054,last_value,0.1478815661436559
fixed_last,log_oscillatory,60,0.003,0.02,50000.0,0.2932175193086054,last_value,0.1473045534252657
fixed_last,log_oscillatory,60,0.003,0.1,50000.0,0.2932175193086054,last_value,0.1473045534252657
fixed_last,log_oscillatory,60,0.005,0.02,50000.0,0.2932175193086054,last_value,0.1473115730591269
fixed_last,log_oscillatory,60,0.005,0.1,50000.0,0.2932175193086054,last_value,0.1473115730591269
fixed_last,log_oscillatory,60,0.01,0.02,50000.0,0.2932175193086054,last_value,0.1452719999048215
fixed_last,log_oscillatory,60,0.01,0.1,50000.0,0.2932175193086054,last_value,0.1452719999048215
fixed_last,log_oscillatory,60,0.02,0.02,50000.0,0.2932175193086054,last_value,0.1415650956101009
fixed_last,log_oscillatory,60,0.02,0.1,50000.0,0.2932175193086054,last_value,0.1415650956101009
fixed_last,log_oscillatory,70,0.0,0.02,50000.0,0.3989157148287635,last_value,0.0924426548145768
fixed_last,log_oscillatory,70,0.0,0.1,50000.0,0.3989157148287635,last_value,0.0924426548145768
fixed_last,log_oscillatory,70,0.003,0.02,50000.0,0.3989157148287635,last_value,0.0933637891578306
fixed_last,log_oscillatory,70,0.003,0.1,50000.0,0.3989157148287635,last_value,0.0933637891578306
fixed_last,log_oscillatory,70,0.005,0.02,50000.0,0.3989157148287635,last_value,0.0937926344311026
fixed_last,log_oscillatory,70,0.005,0.1,50000.0,0.3989157148287635,last_value,0.0937926344311026
fixed_last,log_oscillatory,70,0.01,0.02,50000.0,0.3989157148287635,last_value,0.0955673273609662
fixed_last,log_oscillatory,70,0.01,0.1,50000.0,0.3989157148287635,last_value,0.0955673273609662
fixed_last,log_oscillatory,70,0.02,0.02,50000.0,0.3989157148287635,last_value,0.0963733263920853
fixed_last,log_oscillatory,70,0.02,0.1,50000.0,0.3989157148287635,last_value,0.0963733263920853
fixed_last,log_oscillatory,80,0.0,0.02,50000.0,0.3793183076854851,last_value,0.1003883490104929
fixed_last,log_oscillatory,80,0.0,0.1,50000.0,0.3793183076854851,last_value,0.1003883490104929
fixed_last,log_oscillatory,80,0.003,0.02,50000.0,0.3793183076854851,last_value,0.1001630904664467
fixed_last,log_oscillatory,80,0.003,0.1,50000.0,0.3793183076854851,last_value,0.1001630904664467
fixed_last,log_oscillatory,80,0.005,0.02,50000.0,0.3793183076854851,last_value,0.0998318521873225
fixed_last,log_oscillatory,80,0.005,0.1,50000.0,0.3793183076854851,last_value,0.0998318521873225
fixed_last,log_oscillatory,80,0.01,0.02,50000.0,0.3793183076854851,last_value,0.0959640298446097
fixed_last,log_oscillatory,80,0.01,0.1,50000.0,0.3793183076854851,last_value,0.0959640298446097
fixed_last,log_oscillatory,80,0.02,0.02,50000.0,0.3793183076854851,last_value,0.0960957320888157
fixed_last,log_oscillatory,80,0.02,0.1,50000.0,0.3793183076854851,last_value,0.0960957320888157
fixed_last,log_oscillatory,90,0.0,0.02,50000.0,0.2992564263745022,last_value,0.1436593240981476
fixed_last,log_oscillatory,90,0.0,0.1,50000.0,0.2992564263745022,last_value,0.1436593240981476
fixed_last,log_oscillatory,90,0.003,0.02,50000.0,0.2992564263745022,last_value,0.1430546252242002
fixed_last,log_oscillatory,90,0.003,0.1,50000.0,0.2992564263745022,last_value,0.1430546252242002
fixed_last,log_oscillatory,90,0.005,0.02,50000.0,0.2992564263745022,last_value,0.145991904064164
fixed_last,log_oscillatory,90,0.005,0.1,50000.0,0.2992564263745022,last_value,0.145991904064164
fixed_last,log_oscillatory,90,0.01,0.02,50000.0,0.2992564263745022,last_value,0.1462400047389443
fixed_last,log_oscillatory,90,0.01,0.1,50000.0,0.2992564263745022,last_value,0.1462400047389443
fixed_last,log_oscillatory,90,0.02,0.02,50000.0,0.2992564263745022,last_value,0.1472813172869112
fixed_last,log_oscillatory,90,0.02,0.1,50000.0,0.2992564263745022,last_value,0.1472813172869112
fixed_last,log_oscillatory,100,0.0,0.02,50000.0,0.3143368155863907,last_value,0.1338239247935303
fixed_last,log_oscillatory,100,0.0,0.1,50000.0,0.3143368155863907,last_value,0.1338239247935303
fixed_last,log_oscillatory,100,0.003,0.02,50000.0,0.3143368155863907,last_value,0.134416413309412
fixed_last,log_oscillatory,100,0.003,0.1,50000.0,0.3143368155863907,last_value,0.134416413309412
fixed_last,log_oscillatory,100,0.005,0.02,50000.0,0.3143368155863907,last_value,0.1319737193771026
fixed_last,log_oscillatory,100,0.005,0.1,50000.0,0.3143368155863907,last_value,0.1319737193771026
fixed_last,log_oscillatory,100,0.01,0.02,50000.0,0.3143368155863907,last_value,0.1339292055380274
fixed_last,log_oscillatory,100,0.01,0.1,50000.0,0.3143368155863907,last_value,0.1339292055380274
fixed_last,log_oscillatory,100,0.02,0.02,50000.0,0.3143368155863907,last_value,0.1389999265765903
fixed_last,log_oscillatory,100,0.02,0.1,50000.0,0.3143368155863907,last_value,0.1389999265765903
fixed_last,log_oscillatory,110,0.0,0.02,50000.0,0.4224871773479788,last_value,0.0838622054532798
fixed_last,log_oscillatory,110,0.0,0.1,50000.0,0.4224871773479788,last_value,0.0838622054532798
fixed_last,log_oscillatory,110,0.003,0.02,50000.0,0.4224871773479788,last_value,0.08253032847729
fixed_last,log_oscillatory,110,0.003,0.1,50000.0,0.4224871773479788,last_value,0.08253032847729
fixed_last,log_oscillatory,110,0.005,0.02,50000.0,0.4224871773479788,last_value,0.0837367368657252
fixed_last,log_oscillatory,110,0.005,0.1,50000.0,0.4224871773479788,last_value,0.0837367368657252
fixed_last,log_oscillatory,110,0.01,0.02,50000.0,0.4224871773479788,last_value,0.0839809462883634
fixed_last,log_oscillatory,110,0.01,0.1,50000.0,0.4224871773479788,last_value,0.0839809462883634
fixed_last,log_oscillatory,110,0.02,0.02,50000.0,0.4224871773479788,last_value,0.0852486505647999
fixed_last,log_oscillatory,110,0.02,0.1,50000.0,0.4224871773479788,last_value,0.0852486505647999
fixed_last,log_oscillatory,120,0.0,0.02,50000.0,0.4340556646869982,last_value,0.079991984183979
fixed_last,log_oscillatory,120,0.0,0.1,50000.0,0.4340556646869982,last_value,0.079991984183979
fixed_last,log_oscillatory,120,0.003,0.02,50000.0,0.4340556646869982,last_value,0.0800373471124437
fixed_last,log_oscillatory,120,0.003,0.1,50000.0,0.4340556646869982,last_value,0.0800373471124437
fixed_last,log_oscillatory,120,0.005,0.02,50000.0,0.4340556646869982,last_value,0.0822066283800935
fixed_last,log_oscillatory,120,0.005,0.1,50000.0,0.4340556646869982,last_value,0.0822066283800935
fixed_last,log_oscillatory,120,0.01,0.02,50000.0,0.4340556646869982,last_value,0.0786611123649257
fixed_last,log_oscillatory,120,0.01,0.1,50000.0,0.4340556646869982,last_value,0.0786611123649257
fixed_last,log_oscillatory,120,0.02,0.02,50000.0,0.4340556646869982,last_value,0.0824807787670563
fixed_last,log_oscillatory,120,0.02,0.1,50000.0,0.4340556646869982,last_value,0.0824807787670563
fixed_last,log_oscillatory,130,0.0,0.02,50000.0,0.3343738214430089,last_value,0.1221282983673851
fixed_last,log_oscillatory,130,0.0,0.1,50000.0,0.3343738214430089,last_value,0.1221282983673851
fixed_last,log_oscillatory,130,0.003,0.02,50000.0,0.3343738214430089,last_value,0.1214256439832916
fixed_last,log_oscillatory,130,0.003,0.1,50000.0,0.3343738214430089,last_value,0.1214256439832916
fixed_last,log_oscillatory,130,0.005,0.02,50000.0,0.3343738214430089,last_value,0.1234963988033653
fixed_last,log_oscillatory,130,0.005,0.1,50000.0,0.3343738214430089,last_value,0.1234963988033653
fixed_last,log_oscillatory,130,0.01,0.02,50000.0,0.3343738214430089,last_value,0.1207958108332878
fixed_last,log_oscillatory,130,0.01,0.1,50000.0,0.3343738214430089,last_value,0.1207958108332878
fixed_last,log_oscillatory,130,0.02,0.02,50000.0,0.3343738214430089,last_value,0.1249416377863038
fixed_last,log_oscillatory,130,0.02,0.1,50000.0,0.3343738214430089,last_value,0.1249416377863038
fixed_last,log_oscillatory,140,0.0,0.02,50000.0,0.3259058858325173,last_value,0.1268955848957927
fixed_last,log_oscillatory,140,0.0,0.1,50000.0,0.3259058858325173,last_value,0.1268955848957927
fixed_last,log_oscillatory,140,0.003,0.02,50000.0,0.3259058858325173,last_value,0.1281814926844973
fixed_last,log_oscillatory,140,0.003,0.1,50000.0,0.3259058858325173,last_value,0.1281814926844973
fixed_last,log_oscillatory,140,0.005,0.02,50000.0,0.3259058858325173,last_value,0.1279522570548162
fixed_last,log_oscillatory,140,0.005,0.1,50000.0,0.3259058858325173,last_value,0.1279522570548162
fixed_last,log_oscillatory,140,0.01,0.02,50000.0,0.3259058858325173,last_value,0.1251498441404568
fixed_last,log_oscillatory,140,0.01,0.1,50000.0,0.3259058858325173,last_value,0.1251498441404568
fixed_last,log_oscillatory,140,0.02,0.02,50000.0,0.3259058858325173,last_value,0.1262875961747607
fixed_last,log_oscillatory,140,0.02,0.1,50000.0,0.3259058858325173,last_value,0.1262875961747607
fixed_last,log_slow,20,0.0,0.02,50000.0,0.2886523358250798,last_value,0.1822117071142817
fixed_last,log_slow,20,0.0,0.1,50000.0,0.2886523358250798,last_value,0.1822117071142817
fixed_last,log_slow,20,0.003,0.02,50000.0,0.2886523358250798,last_value,0.1825780473052629
fixed_last,log_slow,20,0.003,0.1,50000.0,0.2886523358250798,last_value,0.1825780473052629
fixed_last,log_slow,20,0.005,0.02,50000.0,0.2886523358250798,last_value,0.1800623990562787
fixed_last,log_slow,20,0.005,0.1,50000.0,0.2886523358250798,last_value,0.1800623990562787
fixed_last,log_slow,20,0.01,0.02,50000.0,0.2886523358250798,last_value,0.1791171099184246
fixed_last,log_slow,20,0.01,0.1,50000.0,0.2886523358250798,last_value,0.1791171099184246
fixed_last,log_slow,20,0.02,0.02,50000.0,0.2886523358250798,last_value,0.1711533100031149
fixed_last,log_slow,20,0.02,0.1,50000.0,0.2886523358250798,last_value,0.1711533100031149
fixed_last,log_slow,30,0.0,0.02,50000.0,0.3223648749744652,last_value,0.1554238412125219
fixed_last,log_slow,30,0.0,0.1,50000.0,0.3223648749744652,last_value,0.1554238412125219
fixed_last,log_slow,30,0.003,0.02,50000.0,0.3223648749744652,last_value,0.1552778850434196
fixed_last,log_slow,30,0.003,0.1,50000.0,0.3223648749744652,last_value,0.1552778850434196
fixed_last,log_slow,30,0.005,0.02,50000.0,0.3223648749744652,last_value,0.1552183527202869
fixed_last,log_slow,30,0.005,0.1,50000.0,0.3223648749744652,last_value,0.1552183527202869
fixed_last,log_slow,30,0.01,0.02,50000.0,0.3223648749744652,last_value,0.155706105020309
fixed_last,log_slow,30,0.01,0.1,50000.0,0.3223648749744652,last_value,0.155706105020309
fixed_last,log_slow,30,0.02,0.02,50000.0,0.3223648749744652,last_value,0.1507364020235119
fixed_last,log_slow,30,0.02,0.1,50000.0,0.3223648749744652,last_value,0.1507364020235119
fixed_last,log_slow,40,0.0,0.02,50000.0,0.3470134055140294,last_value,0.1391321372643843
fixed_last,log_slow,40,0.0,0.1,50000.0,0.3470134055140294,last_value,0.1391321372643843
fixed_last,log_slow,40,0.003,0.02,50000.0,0.3470134055140294,last_value,0.139169061456802
fixed_last,log_slow,40,0.003,0.1,50000.0,0.3470134055140294,last_value,0.139169061456802
fixed_last,log_slow,40,0.005,0.02,50000.0,0.3470134055140294,last_value,0.1384550297689922
fixed_last,log_slow,40,0.005,0.1,50000.0,0.3470134055140294,last_value,0.1384550297689922
fixed_last,log_slow,40,0.01,0.02,50000.0,0.3470134055140294,last_value,0.1409959235872969
fixed_last,log_slow,40,0.01,0.1,50000.0,0.3470134055140294,last_value,0.1409959235872969
fixed_last,log_slow,40,0.02,0.02,50000.0,0.3470134055140294,last_value,0.1379723973140306
fixed_last,log_slow,40,0.02,0.1,50000.0,0.3470134055140294,last_value,0.1379723973140306
fixed_last,log_slow,50,0.0,0.02,50000.0,0.3664532001500322,last_value,0.127829069140927
fixed_last,log_slow,50,0.0,0.1,50000.0,0.3664532001500322,last_value,0.127829069140927
fixed_last,log_slow,50,0.003,0.02,50000.0,0.3664532001500322,last_value,0.127765014865975
fixed_last,log_slow,50,0.003,0.1,50000.0,0.3664532001500322,last_value,0.127765014865975
fixed_last,log_slow,50,0.005,0.02,50000.0,0.3664532001500322,last_value,0.128644874875601
fixed_last,log_slow,50,0.005,0.1,50000.0,0.3664532001500322,last_value,0.128644874875601
fixed_last,log_slow,50,0.01,0.02,50000.0,0.3664532001500322,last_value,0.1286103731106626
fixed_last,log_slow,50,0.01,0.1,50000.0,0.3664532001500322,last_value,0.1286103731106626
fixed_last,log_slow,50,0.02,0.02,50000.0,0.3664532001500322,last_value,0.1267954730119601
fixed_last,log_slow,50,0.02,0.1,50000.0,0.3664532001500322,last_value,0.1267954730119601
fixed_last,log_slow,60,0.0,0.02,50000.0,0.3825061917106075,last_value,0.1193613112424673
fixed_last,log_slow,60,0.0,0.1,50000.0,0.3825061917106075,last_value,0.1193613112424673
fixed_last,log_slow,60,0.003,0.02,50000.0,0.3825061917106075,last_value,0.1194972530203671
fixed_last,log_slow,60,0.003,0.1,50000.0,0.3825061917106075,last_value,0.1194972530203671
fixed_last,log_slow,60,0.005,0.02,50000.0,0.3825061917106075,last_value,0.1182670242059389
fixed_last,log_slow,60,0.005,0.1,50000.0,0.3825061917106075,last_value,0.1182670242059389
fixed_last,log_slow,60,0.01,0.02,50000.0,0.3825061917106075,last_value,0.1162838480131663
fixed_last,log_slow,60,0.01,0.1,50000.0,0.3825061917106075,last_value,0.1162838480131663
fixed_last,log_slow,60,0.02,0.02,50000.0,0.3825061917106075,last_value,0.1174140558790122
fixed_last,log_slow,60,0.02,0.1,50000.0,0.3825061917106075,last_value,0.1174140558790122
fixed_last,log_slow,70,0.0,0.02,50000.0,0.3961792165921883,last_value,0.1126901123441255
fixed_last,log_slow,70,0.0,0.1,50000.0,0.3961792165921883,last_value,0.1126901123441255
fixed_last,log_slow,70,0.003,0.02,50000.0,0.3961792165921883,last_value,0.1136562343170342
fixed_last,log_slow,70,0.003,0.1,50000.0,0.3961792165921883,last_value,0.1136562343170342
fixed_last,log_slow,70,0.005,0.02,50000.0,0.3961792165921883,last_value,0.1128038024874093
fixed_last,log_slow,70,0.005,0.1,50000.0,0.3961792165921883,last_value,0.1128038024874093
fixed_last,log_slow,70,0.01,0.02,50000.0,0.3961792165921883,last_value,0.1102218973180774
fixed_last,log_slow,70,0.01,0.1,50000.0,0.3961792165921883,last_value,0.1102218973180774
fixed_last,log_slow,70,0.02,0.02,50000.0,0.3961792165921883,last_value,0.1172046946607403
fixed_last,log_slow,70,0.02,0.1,50000.0,0.3961792165921883,last_value,0.1172046946607403
fixed_last,log_slow,80,0.0,0.02,50000.0,0.4080877018181774,last_value,0.1072440730597355
fixed_last,log_slow,80,0.0,0.1,50000.0,0.4080877018181774,last_value,0.1072440730597355
fixed_last,log_slow,80,0.003,0.02,50000.0,0.4080877018181774,last_value,0.1068403341963951
fixed_last,log_slow,80,0.003,0.1,50000.0,0.4080877018181774,last_value,0.1068403341963951
fixed_last,log_slow,80,0.005,0.02,50000.0,0.4080877018181774,last_value,0.1072713152017229
fixed_last,log_slow,80,0.005,0.1,50000.0,0.4080877018181774,last_value,0.1072713152017229
fixed_last,log_slow,80,0.01,0.02,50000.0,0.4080877018181774,last_value,0.103282139636772
fixed_last,log_slow,80,0.01,0.1,50000.0,0.4080877018181774,last_value,0.103282139636772
fixed_last,log_slow,80,0.02,0.02,50000.0,0.4080877018181774,last_value,0.1033214363494159
fixed_last,log_slow,80,0.02,0.1,50000.0,0.4080877018181774,last_value,0.1033214363494159
fixed_last,log_slow,90,0.0,0.02,50000.0,0.41863546463489,last_value,0.1026790783864749
fixed_last,log_slow,90,0.0,0.1,50000.0,0.41863546463489,last_value,0.1026790783864749
fixed_last,log_slow,90,0.003,0.02,50000.0,0.41863546463489,last_value,0.1030865293811887
fixed_last,log_slow,90,0.003,0.1,50000.0,0.41863546463489,last_value,0.1030865293811887
fixed_last,log_slow,90,0.005,0.02,50000.0,0.41863546463489,last_value,0.1008312769907872
fixed_last,log_slow,90,0.005,0.1,50000.0,0.41863546463489,last_value,0.1008312769907872
fixed_last,log_slow,90,0.01,0.02,50000.0,0.41863546463489,last_value,0.1020359704156379
fixed_last,log_slow,90,0.01,0.1,50000.0,0.41863546463489,last_value,0.1020359704156379
fixed_last,log_slow,90,0.02,0.02,50000.0,0.41863546463489,last_value,0.0976841239129577
fixed_last,log_slow,90,0.02,0.1,50000.0,0.41863546463489,last_value,0.0976841239129577
fixed_last,log_slow,100,0.0,0.02,50000.0,0.4281018259248643,last_value,0.0987736433138594
fixed_last,log_slow,100,0.0,0.1,50000.0,0.4281018259248643,last_value,0.0987736433138594
fixed_last,log_slow,100,0.003,0.02,50000.0,0.4281018259248643,last_value,0.0993998937121908
fixed_last,log_slow,100,0.003,0.1,50000.0,0.4281018259248643,last_value,0.0993998937121908
fixed_last,log_slow,100,0.005,0.02,50000.0,0.4281018259248643,last_value,0.1004361704941441
fixed_last,log_slow,100,0.005,0.1,50000.0,0.4281018259248643,last_value,0.1004361704941441
fixed_last,log_slow,100,0.01,0.02,50000.0,0.4281018259248643,last_value,0.0992026954718442
fixed_last,log_slow,100,0.01,0.1,50000.0,0.4281018259248643,last_value,0.0992026954718442
fixed_last,log_slow,100,0.02,0.02,50000.0,0.4281018259248643,last_value,0.0913822279310793
fixed_last,log_slow,100,0.02,0.1,50000.0,0.4281018259248643,last_value,0.0913822279310793
fixed_last,log_slow,110,0.0,0.02,50000.0,0.4366880503712215,last_value,0.0953777558309046
fixed_last,log_slow,110,0.0,0.1,50000.0,0.4366880503712215,last_value,0.0953777558309046
fixed_last,log_slow,110,0.003,0.02,50000.0,0.4366880503712215,last_value,0.0954169399629362
fixed_last,log_slow,110,0.003,0.1,50000.0,0.4366880503712215,last_value,0.0954169399629362
fixed_last,log_slow,110,0.005,0.02,50000.0,0.4366880503712215,last_value,0.0945206173173565
fixed_last,log_slow,110,0.005,0.1,50000.0,0.4366880503712215,last_value,0.0945206173173565
fixed_last,log_slow,110,0.01,0.02,50000.0,0.4366880503712215,last_value,0.0964109157284239
fixed_last,log_slow,110,0.01,0.1,50000.0,0.4366880503712215,last_value,0.0964109157284239
fixed_last,log_slow,110,0.02,0.02,50000.0,0.4366880503712215,last_value,0.1068878986484497
fixed_last,log_slow,110,0.02,0.1,50000.0,0.4366880503712215,last_value,0.1068878986484497
fixed_last,log_slow,120,0.0,0.02,50000.0,0.4445439678229312,last_value,0.0923856267488152
fixed_last,log_slow,120,0.0,0.1,50000.0,0.4445439678229312,last_value,0.0923856267488152
fixed_last,log_slow,120,0.003,0.02,50000.0,0.4445439678229312,last_value,0.0915842996594543
fixed_last,log_slow,120,0.003,0.1,50000.0,0.4445439678229312,last_value,0.0915842996594543
fixed_last,log_slow,120,0.005,0.02,50000.0,0.4445439678229312,last_value,0.0929994619776948
fixed_last,log_slow,120,0.005,0.1,50000.0,0.4445439678229312,last_value,0.0929994619776948
fixed_last,log_slow,120,0.01,0.02,50000.0,0.4445439678229312,last_value,0.091531484917058
fixed_last,log_slow,120,0.01,0.1,50000.0,0.4445439678229312,last_value,0.091531484917058
fixed_last,log_slow,120,0.02,0.02,50000.0,0.4445439678229312,last_value,0.0975531841223493
fixed_last,log_slow,120,0.02,0.1,50000.0,0.4445439678229312,last_value,0.0975531841223493
fixed_last,log_slow,130,0.0,0.02,50000.0,0.4517841318559988,last_value,0.089720166840537
fixed_last,log_slow,130,0.0,0.1,50000.0,0.4517841318559988,last_value,0.089720166840537
fixed_last,log_slow,130,0.003,0.02,50000.0,0.4517841318559988,last_value,0.090149875600586
fixed_last,log_slow,130,0.003,0.1,50000.0,0.4517841318559988,last_value,0.090149875600586
fixed_last,log_slow,130,0.005,0.02,50000.0,0.4517841318559988,last_value,0.0910959692974767
fixed_last,log_slow,130,0.005,0.1,50000.0,0.4517841318559988,last_value,0.0910959692974767
fixed_last,log_slow,130,0.01,0.02,50000.0,0.4517841318559988,last_value,0.0837686868147273
fixed_last,log_slow,130,0.01,0.1,50000.0,0.4517841318559988,last_value,0.0837686868147273
fixed_last,log_slow,130,0.02,0.02,50000.0,0.4517841318559988,last_value,0.0912077691944488
fixed_last,log_slow,130,0.02,0.1,50000.0,0.4517841318559988,last_value,0.0912077691944488
fixed_last,log_slow,140,0.0,0.02,50000.0,0.4584980924503768,last_value,0.0873236541933934
fixed_last,log_slow,140,0.0,0.1,50000.0,0.4584980924503768,last_value,0.0873236541933934
fixed_last,log_slow,140,0.003,0.02,50000.0,0.4584980924503768,last_value,0.0888357228418069
fixed_last,log_slow,140,0.003,0.1,50000.0,0.4584980924503768,last_value,0.0888357228418069
fixed_last,log_slow,140,0.005,0.02,50000.0,0.4584980924503768,last_value,0.0890296507185138
fixed_last,log_slow,140,0.005,0.1,50000.0,0.4584980924503768,last_value,0.0890296507185138
fixed_last,log_slow,140,0.01,0.02,50000.0,0.4584980924503768,last_value,0.0888272220290789
fixed_last,log_slow,140,0.01,0.1,50000.0,0.4584980924503768,last_value,0.0888272220290789
fixed_last,log_slow,140,0.02,0.02,50000.0,0.4584980924503768,last_value,0.0823155262503815
fixed_last,log_slow,140,0.02,0.1,50000.0,0.4584980924503768,last_value,0.0823155262503815
fixed_richardson,broken_power_law,20,0.0,0.02,50000.0,0.2043647033558935,richardson_1,0.0481110979581158
fixed_richardson,broken_power_law,20,0.0,0.1,50000.0,0.2043647033558935,richardson_1,0.0481110979581158
fixed_richardson,broken_power_law,20,0.003,0.02,50000.0,0.2043647033558935,richardson_1,0.0480605024759476
fixed_richardson,broken_power_law,20,0.003,0.1,50000.0,0.2043647033558935,richardson_1,0.0480605024759476
fixed_richardson,broken_power_law,20,0.005,0.02,50000.0,0.2043647033558935,richardson_1,0.0441571524595027
fixed_richardson,broken_power_law,20,0.005,0.1,50000.0,0.2043647033558935,richardson_1,0.0441571524595027
fixed_richardson,broken_power_law,20,0.01,0.02,50000.0,0.2043647033558935,richardson_1,0.0438242074432639
fixed_richardson,broken_power_law,20,0.01,0.1,50000.0,0.2043647033558935,richardson_1,0.0438242074432639
fixed_richardson,broken_power_law,20,0.02,0.02,50000.0,0.2043647033558935,richardson_1,0.0320380695370782
fixed_richardson,broken_power_law,20,0.02,0.1,50000.0,0.2043647033558935,richardson_1,0.0320380695370782
fixed_richardson,broken_power_law,30,0.0,0.02,50000.0,0.2901576654864911,richardson_1,0.0474795622504851
fixed_richardson,broken_power_law,30,0.0,0.1,50000.0,0.2901576654864911,richardson_1,0.0474795622504851
fixed_richardson,broken_power_law,30,0.003,0.02,50000.0,0.2901576654864911,richardson_1,0.0445630990455514
fixed_richardson,broken_power_law,30,0.003,0.1,50000.0,0.2901576654864911,richardson_1,0.0445630990455514
fixed_richardson,broken_power_law,30,0.005,0.02,50000.0,0.2901576654864911,richardson_1,0.0439880302288095
fixed_richardson,broken_power_law,30,0.005,0.1,50000.0,0.2901576654864911,richardson_1,0.0439880302288095
fixed_richardson,broken_power_law,30,0.01,0.02,50000.0,0.2901576654864911,richardson_1,0.0454949857636111
fixed_richardson,broken_power_law,30,0.01,0.1,50000.0,0.2901576654864911,richardson_1,0.0454949857636111
fixed_richardson,broken_power_law,30,0.02,0.02,50000.0,0.2901576654864911,richardson_1,0.0329014778134102
fixed_richardson,broken_power_law,30,0.02,0.1,50000.0,0.2901576654864911,richardson_1,0.0329014778134102
fixed_richardson,broken_power_law,40,0.0,0.02,50000.0,0.3731762489488806,richardson_1,0.0422640853294346
fixed_richardson,broken_power_law,40,0.0,0.1,50000.0,0.3731762489488806,richardson_1,0.0422640853294346
fixed_richardson,broken_power_law,40,0.003,0.02,50000.0,0.3731762489488806,richardson_1,0.0381491332284374
fixed_richardson,broken_power_law,40,0.003,0.1,50000.0,0.3731762489488806,richardson_1,0.0381491332284374
fixed_richardson,broken_power_law,40,0.005,0.02,50000.0,0.3731762489488806,richardson_1,0.0388459016268494
fixed_richardson,broken_power_law,40,0.005,0.1,50000.0,0.3731762489488806,richardson_1,0.0388459016268494
fixed_richardson,broken_power_law,40,0.01,0.02,50000.0,0.3731762489488806,richardson_1,0.0320921331594415
fixed_richardson,broken_power_law,40,0.01,0.1,50000.0,0.3731762489488806,richardson_1,0.0320921331594415
fixed_richardson,broken_power_law,40,0.02,0.02,50000.0,0.3731762489488806,richardson_1,0.031877531752391
fixed_richardson,broken_power_law,40,0.02,0.1,50000.0,0.3731762489488806,richardson_1,0.031877531752391
fixed_richardson,broken_power_law,50,0.0,0.02,50000.0,0.4541733869663374,richardson_1,0.0390728201239195
fixed_richardson,broken_power_law,50,0.0,0.1,50000.0,0.4541733869663374,richardson_1,0.0390728201239195
fixed_richardson,broken_power_law,50,0.003,0.02,50000.0,0.4541733869663374,richardson_1,0.0359330025413532
fixed_richardson,broken_power_law,50,0.003,0.1,50000.0,0.4541733869663374,richardson_1,0.0359330025413532
fixed_richardson,broken_power_law,50,0.005,0.02,50000.0,0.4541733869663374,richardson_1,0.0364132242279713
fixed_richardson,broken_power_law,50,0.005,0.1,50000.0,0.4541733869663374,richardson_1,0.0364132242279713
fixed_richardson,broken_power_law,50,0.01,0.02,50000.0,0.4541733869663374,richardson_1,0.0321276318419637
fixed_richardson,broken_power_law,50,0.01,0.1,50000.0,0.4541733869663374,richardson_1,0.0321276318419637
fixed_richardson,broken_power_law,50,0.02,0.02,50000.0,0.4541733869663374,richardson_1,0.0320788943567576
fixed_richardson,broken_power_law,50,0.02,0.1,50000.0,0.4541733869663374,richardson_1,0.0320788943567576
fixed_richardson,broken_power_law,60,0.0,0.02,50000.0,0.068318835938711,richardson_1,0.0234757003182831
fixed_richardson,broken_power_law,60,0.003,0.02,50000.0,0.068318835938711,richardson_1,0.0235499186791445
fixed_richardson,broken_power_law,60,0.005,0.02,50000.0,0.068318835938711,richardson_1,0.0222415695828966
fixed_richardson,broken_power_law,60,0.01,0.02,50000.0,0.068318835938711,richardson_1,0.022175504409294
fixed_richardson,broken_power_law,60,0.02,0.02,50000.0,0.068318835938711,richardson_1,0.0175616670132671
fixed_richardson,broken_power_law,70,0.0,0.02,50000.0,0.0725958615029638,richardson_1,0.1782907769578296
fixed_richardson,broken_power_law,70,0.003,0.02,50000.0,0.0725958615029638,richardson_1,0.1788265429353141
fixed_richardson,broken_power_law,70,0.005,0.02,50000.0,0.0725958615029638,richardson_1,0.1773926464982705
fixed_richardson,broken_power_law,70,0.01,0.02,50000.0,0.0725958615029638,richardson_1,0.181396316600348
fixed_richardson,broken_power_law,70,0.02,0.02,50000.0,0.0725958615029638,richardson_1,0.1794839906039978
fixed_richardson,broken_power_law,80,0.0,0.02,50000.0,0.0765248578423578,richardson_1,0.6247073148233806
fixed_richardson,broken_power_law,80,0.003,0.02,50000.0,0.0765248578423578,richardson_1,0.6228797049131116
fixed_richardson,broken_power_law,80,0.005,0.02,50000.0,0.0765248578423578,richardson_1,0.6236131943236525
fixed_richardson,broken_power_law,80,0.01,0.02,50000.0,0.0765248578423578,richardson_1,0.6208292690696008
fixed_richardson,broken_power_law,80,0.02,0.02,50000.0,0.0765248578423578,richardson_1,0.6186615839823764
fixed_richardson,broken_power_law,90,0.0,0.02,50000.0,0.0801724362309424,richardson_1,0.8663331585451356
fixed_richardson,broken_power_law,90,0.003,0.02,50000.0,0.0801724362309424,richardson_1,0.8666671408637909
fixed_richardson,broken_power_law,90,0.005,0.02,50000.0,0.0801724362309424,richardson_1,0.8640398792129265
fixed_richardson,broken_power_law,90,0.01,0.02,50000.0,0.0801724362309424,richardson_1,0.865646749780229
fixed_richardson,broken_power_law,90,0.02,0.02,50000.0,0.0801724362309424,richardson_1,0.855737772738509
fixed_richardson,broken_power_law,100,0.0,0.02,50000.0,0.0835866795638285,richardson_1,0.3034873365696905
fixed_richardson,broken_power_law,100,0.003,0.02,50000.0,0.0835866795638285,richardson_1,0.3034710625167141
fixed_richardson,broken_power_law,100,0.005,0.02,50000.0,0.0835866795638285,richardson_1,0.3056011608146208
fixed_richardson,broken_power_law,100,0.01,0.02,50000.0,0.0835866795638285,richardson_1,0.3025314205395945
fixed_richardson,broken_power_law,100,0.02,0.02,50000.0,0.0835866795638285,richardson_1,0.3029232165645691
fixed_richardson,broken_power_law,110,0.0,0.02,50000.0,0.0868035956912711,richardson_1,0.2217929285984273
fixed_richardson,broken_power_law,110,0.003,0.02,50000.0,0.0868035956912711,richardson_1,0.22141918228694
fixed_richardson,broken_power_law,110,0.005,0.02,50000.0,0.0868035956912711,richardson_1,0.2223601516226242
fixed_richardson,broken_power_law,110,0.01,0.02,50000.0,0.0868035956912711,richardson_1,0.220795690971156
fixed_richardson,broken_power_law,110,0.02,0.02,50000.0,0.0868035956912711,richardson_1,0.2254665834959365
fixed_richardson,broken_power_law,120,0.0,0.02,50000.0,0.089850949747117,richardson_1,0.0026087849954193
fixed_richardson,broken_power_law,120,0.003,0.02,50000.0,0.089850949747117,richardson_1,0.0312769598981031
fixed_richardson,broken_power_law,120,0.005,0.02,50000.0,0.089850949747117,richardson_1,0.0280117358186304
fixed_richardson,broken_power_law,120,0.01,0.02,50000.0,0.089850949747117,richardson_1,0.0683713010328194
fixed_richardson,broken_power_law,120,0.02,0.02,50000.0,0.089850949747117,richardson_1,0.0658111515945196
fixed_richardson,broken_power_law,130,0.0,0.02,50000.0,0.092750667161584,richardson_1,0.002176841272145
fixed_richardson,broken_power_law,130,0.003,0.02,50000.0,0.092750667161584,richardson_1,0.033312890655269
fixed_richardson,broken_power_law,130,0.005,0.02,50000.0,0.092750667161584,richardson_1,0.0323236953611648
fixed_richardson,broken_power_law,130,0.01,0.02,50000.0,0.092750667161584,richardson_1,0.0539012472056381
fixed_richardson,broken_power_law,130,0.02,0.02,50000.0,0.092750667161584,richardson_1,0.060690781732101
fixed_richardson,broken_power_law,140,0.0,0.02,50000.0,0.0955204080436849,richardson_1,0.0018527957888255
fixed_richardson,broken_power_law,140,0.003,0.02,50000.0,0.0955204080436849,richardson_1,0.04944946166634
fixed_richardson,broken_power_law,140,0.005,0.02,50000.0,0.0955204080436849,richardson_1,0.0459675992908046
fixed_richardson,broken_power_law,140,0.01,0.02,50000.0,0.0955204080436849,richardson_1,0.0455071539658618
fixed_richardson,broken_power_law,140,0.02,0.02,50000.0,0.0955204080436849,richardson_1,0.0673672121053068
fixed_richardson,damped_osc_pow,120,0.0,0.02,50000.0,0.0210220445446958,richardson_1,0.0019154704458645
fixed_richardson,damped_osc_pow,120,0.003,0.02,50000.0,0.0210220445446958,richardson_1,0.0173877363770713
fixed_richardson,damped_osc_pow,120,0.005,0.02,50000.0,0.0210220445446958,richardson_1,0.0170509389773021
fixed_richardson,damped_osc_pow,120,0.01,0.02,50000.0,0.0210220445446958,richardson_1,0.0200208260472828
fixed_richardson,damped_osc_pow,120,0.02,0.02,50000.0,0.0210220445446958,richardson_1,0.0194309368359216
fixed_richardson,damped_osc_pow,130,0.0,0.02,50000.0,0.0221499430699973,richardson_1,0.0016194718672184
fixed_richardson,damped_osc_pow,130,0.003,0.02,50000.0,0.0221499430699973,richardson_1,0.0161696922492018
fixed_richardson,damped_osc_pow,130,0.005,0.02,50000.0,0.0221499430699973,richardson_1,0.020219944160475
fixed_richardson,damped_osc_pow,130,0.01,0.02,50000.0,0.0221499430699973,richardson_1,0.0176657984008097
fixed_richardson,damped_osc_pow,130,0.02,0.02,50000.0,0.0221499430699973,richardson_1,0.0236750485128441
fixed_richardson,damped_osc_pow,140,0.0,0.02,50000.0,0.0232494544447517,richardson_1,0.0013939855313244
fixed_richardson,damped_osc_pow,140,0.003,0.02,50000.0,0.0232494544447517,richardson_1,0.0166723121887353
fixed_richardson,damped_osc_pow,140,0.005,0.02,50000.0,0.0232494544447517,richardson_1,0.0164843889924765
fixed_richardson,damped_osc_pow,140,0.01,0.02,50000.0,0.0232494544447517,richardson_1,0.0166625084269
fixed_richardson,damped_osc_pow,140,0.02,0.02,50000.0,0.0232494544447517,richardson_1,0.0158211332906811
fixed_richardson,log_oscillatory,20,0.0,0.02,50000.0,0.232935711783342,richardson_1,0.0583088659640898
fixed_richardson,log_oscillatory,20,0.0,0.1,50000.0,0.232935711783342,richardson_1,0.0583088659640898
fixed_richardson,log_oscillatory,20,0.003,0.02,50000.0,0.232935711783342,richardson_1,0.0593397346671396
fixed_richardson,log_oscillatory,20,0.003,0.1,50000.0,0.232935711783342,richardson_1,0.0593397346671396
fixed_richardson,log_oscillatory,20,0.005,0.02,50000.0,0.232935711783342,richardson_1,0.0590753744855637
fixed_richardson,log_oscillatory,20,0.005,0.1,50000.0,0.232935711783342,richardson_1,0.0590753744855637
fixed_richardson,log_oscillatory,20,0.01,0.02,50000.0,0.232935711783342,richardson_1,0.0592982357630788
fixed_richardson,log_oscillatory,20,0.01,0.1,50000.0,0.232935711783342,richardson_1,0.0592982357630788
fixed_richardson,log_oscillatory,20,0.02,0.02,50000.0,0.232935711783342,richardson_1,0.0572227136987522
fixed_richardson,log_oscillatory,20,0.02,0.1,50000.0,0.232935711783342,richardson_1,0.0572227136987522
fixed_richardson,log_oscillatory,30,0.0,0.02,50000.0,0.3324862235710625,richardson_1,0.079990847072341
fixed_richardson,log_oscillatory,30,0.0,0.1,50000.0,0.3324862235710625,richardson_1,0.079990847072341
fixed_richardson,log_oscillatory,30,0.003,0.02,50000.0,0.3324862235710625,richardson_1,0.0800220920891738
fixed_richardson,log_oscillatory,30,0.003,0.1,50000.0,0.3324862235710625,richardson_1,0.0800220920891738
fixed_richardson,log_oscillatory,30,0.005,0.02,50000.0,0.3324862235710625,richardson_1,0.08029048253655
fixed_richardson,log_oscillatory,30,0.005,0.1,50000.0,0.3324862235710625,richardson_1,0.08029048253655
fixed_richardson,log_oscillatory,30,0.01,0.02,50000.0,0.3324862235710625,richardson_1,0.0813158317573403
fixed_richardson,log_oscillatory,30,0.01,0.1,50000.0,0.3324862235710625,richardson_1,0.0813158317573403
fixed_richardson,log_oscillatory,30,0.02,0.02,50000.0,0.3324862235710625,richardson_1,0.0811454668681238
fixed_richardson,log_oscillatory,30,0.02,0.1,50000.0,0.3324862235710625,richardson_1,0.0811454668681238
fixed_richardson,log_oscillatory,40,0.0,0.02,50000.0,0.3049784955005034,richardson_1,0.0859429717821872
fixed_richardson,log_oscillatory,40,0.0,0.1,50000.0,0.3049784955005034,richardson_1,0.0859429717821872
fixed_richardson,log_oscillatory,40,0.003,0.02,50000.0,0.3049784955005034,richardson_1,0.0859725977519731
fixed_richardson,log_oscillatory,40,0.003,0.1,50000.0,0.3049784955005034,richardson_1,0.0859725977519731
fixed_richardson,log_oscillatory,40,0.005,0.02,50000.0,0.3049784955005034,richardson_1,0.085693933375041
fixed_richardson,log_oscillatory,40,0.005,0.1,50000.0,0.3049784955005034,richardson_1,0.085693933375041
fixed_richardson,log_oscillatory,40,0.01,0.02,50000.0,0.3049784955005034,richardson_1,0.0861628087364798
fixed_richardson,log_oscillatory,40,0.01,0.1,50000.0,0.3049784955005034,richardson_1,0.0861628087364798
fixed_richardson,log_oscillatory,40,0.02,0.02,50000.0,0.3049784955005034,richardson_1,0.0846778769106801
fixed_richardson,log_oscillatory,40,0.02,0.1,50000.0,0.3049784955005034,richardson_1,0.0846778769106801
fixed_richardson,log_oscillatory,50,0.0,0.02,50000.0,0.2560336623945213,richardson_1,0.0813917134658433
fixed_richardson,log_oscillatory,50,0.0,0.1,50000.0,0.2560336623945213,richardson_1,0.0813917134658433
fixed_richardson,log_oscillatory,50,0.003,0.02,50000.0,0.2560336623945213,richardson_1,0.081549365030075
fixed_richardson,log_oscillatory,50,0.003,0.1,50000.0,0.2560336623945213,richardson_1,0.081549365030075
fixed_richardson,log_oscillatory,50,0.005,0.02,50000.0,0.2560336623945213,richardson_1,0.0817349356645163
fixed_richardson,log_oscillatory,50,0.005,0.1,50000.0,0.2560336623945213,richardson_1,0.0817349356645163
fixed_richardson,log_oscillatory,50,0.01,0.02,50000.0,0.2560336623945213,richardson_1,0.0812107784105703
fixed_richardson,log_oscillatory,50,0.01,0.1,50000.0,0.2560336623945213,richardson_1,0.0812107784105703
fixed_richardson,log_oscillatory,50,0.02,0.02,50000.0,0.2560336623945213,richardson_1,0.0822134730475388
fixed_richardson,log_oscillatory,50,0.02,0.1,50000.0,0.2560336623945213,richardson_1,0.0822134730475388
fixed_richardson,log_oscillatory,60,0.0,0.02,50000.0,0.2932175193086054,richardson_1,0.0759514049434616
fixed_richardson,log_oscillatory,60,0.0,0.1,50000.0,0.2932175193086054,richardson_1,0.0759514049434616
fixed_richardson,log_oscillatory,60,0.003,0.02,50000.0,0.2932175193086054,richardson_1,0.0758373931446868
fixed_richardson,log_oscillatory,60,0.003,0.1,50000.0,0.2932175193086054,richardson_1,0.0758373931446868
fixed_richardson,log_oscillatory,60,0.005,0.02,50000.0,0.2932175193086054,richardson_1,0.0759440550466976
fixed_richardson,log_oscillatory,60,0.005,0.1,50000.0,0.2932175193086054,richardson_1,0.0759440550466976
fixed_richardson,log_oscillatory,60,0.01,0.02,50000.0,0.2932175193086054,richardson_1,0.0754129501117787
fixed_richardson,log_oscillatory,60,0.01,0.1,50000.0,0.2932175193086054,richardson_1,0.0754129501117787
fixed_richardson,log_oscillatory,60,0.02,0.02,50000.0,0.2932175193086054,richardson_1,0.0643274598291917
fixed_richardson,log_oscillatory,60,0.02,0.1,50000.0,0.2932175193086054,richardson_1,0.0643274598291917
fixed_richardson,log_oscillatory,70,0.0,0.02,50000.0,0.3989157148287635,richardson_1,0.1144425544193604
fixed_richardson,log_oscillatory,70,0.0,0.1,50000.0,0.3989157148287635,richardson_1,0.1144425544193604
fixed_richardson,log_oscillatory,70,0.003,0.02,50000.0,0.3989157148287635,richardson_1,0.1142148536545332
fixed_richardson,log_oscillatory,70,0.003,0.1,50000.0,0.3989157148287635,richardson_1,0.1142148536545332
fixed_richardson,log_oscillatory,70,0.005,0.02,50000.0,0.3989157148287635,richardson_1,0.1153173341238433
fixed_richardson,log_oscillatory,70,0.005,0.1,50000.0,0.3989157148287635,richardson_1,0.1153173341238433
fixed_richardson,log_oscillatory,70,0.01,0.02,50000.0,0.3989157148287635,richardson_1,0.1136238175656931
fixed_richardson,log_oscillatory,70,0.01,0.1,50000.0,0.3989157148287635,richardson_1,0.1136238175656931
fixed_richardson,log_oscillatory,70,0.02,0.02,50000.0,0.3989157148287635,richardson_1,0.1140403733836377
fixed_richardson,log_oscillatory,70,0.02,0.1,50000.0,0.3989157148287635,richardson_1,0.1140403733836377
fixed_richardson,log_oscillatory,80,0.0,0.02,50000.0,0.3793183076854851,richardson_1,0.0261705282163208
fixed_richardson,log_oscillatory,80,0.0,0.1,50000.0,0.3793183076854851,richardson_1,0.0261705282163208
fixed_richardson,log_oscillatory,80,0.003,0.02,50000.0,0.3793183076854851,richardson_1,0.0254709752374717
fixed_richardson,log_oscillatory,80,0.003,0.1,50000.0,0.3793183076854851,richardson_1,0.0254709752374717
fixed_richardson,log_oscillatory,80,0.005,0.02,50000.0,0.3793183076854851,richardson_1,0.0228815512254248
fixed_richardson,log_oscillatory,80,0.005,0.1,50000.0,0.3793183076854851,richardson_1,0.0228815512254248
fixed_richardson,log_oscillatory,80,0.01,0.02,50000.0,0.3793183076854851,richardson_1,0.0251577463483036
fixed_richardson,log_oscillatory,80,0.01,0.1,50000.0,0.3793183076854851,richardson_1,0.0251577463483036
fixed_richardson,log_oscillatory,80,0.02,0.02,50000.0,0.3793183076854851,richardson_1,0.0218881383165507
fixed_richardson,log_oscillatory,80,0.02,0.1,50000.0,0.3793183076854851,richardson_1,0.0218881383165507
fixed_richardson,log_oscillatory,90,0.0,0.02,50000.0,0.2992564263745022,richardson_1,0.0244821337417333
fixed_richardson,log_oscillatory,90,0.0,0.1,50000.0,0.2992564263745022,richardson_1,0.0244821337417333
fixed_richardson,log_oscillatory,90,0.003,0.02,50000.0,0.2992564263745022,richardson_1,0.0242234908280978
fixed_richardson,log_oscillatory,90,0.003,0.1,50000.0,0.2992564263745022,richardson_1,0.0242234908280978
fixed_richardson,log_oscillatory,90,0.005,0.02,50000.0,0.2992564263745022,richardson_1,0.0235139187596531
fixed_richardson,log_oscillatory,90,0.005,0.1,50000.0,0.2992564263745022,richardson_1,0.0235139187596531
fixed_richardson,log_oscillatory,90,0.01,0.02,50000.0,0.2992564263745022,richardson_1,0.0229453773094778
fixed_richardson,log_oscillatory,90,0.01,0.1,50000.0,0.2992564263745022,richardson_1,0.0229453773094778
fixed_richardson,log_oscillatory,90,0.02,0.02,50000.0,0.2992564263745022,richardson_1,0.0197187151841718
fixed_richardson,log_oscillatory,90,0.02,0.1,50000.0,0.2992564263745022,richardson_1,0.0197187151841718
fixed_richardson,log_oscillatory,100,0.0,0.02,50000.0,0.3143368155863907,richardson_1,0.0830599355875966
fixed_richardson,log_oscillatory,100,0.0,0.1,50000.0,0.3143368155863907,richardson_1,0.0830599355875966
fixed_richardson,log_oscillatory,100,0.003,0.02,50000.0,0.3143368155863907,richardson_1,0.0832593161217439
fixed_richardson,log_oscillatory,100,0.003,0.1,50000.0,0.3143368155863907,richardson_1,0.0832593161217439
fixed_richardson,log_oscillatory,100,0.005,0.02,50000.0,0.3143368155863907,richardson_1,0.0823888223287612
fixed_richardson,log_oscillatory,100,0.005,0.1,50000.0,0.3143368155863907,richardson_1,0.0823888223287612
fixed_richardson,log_oscillatory,100,0.01,0.02,50000.0,0.3143368155863907,richardson_1,0.085089581804857
fixed_richardson,log_oscillatory,100,0.01,0.1,50000.0,0.3143368155863907,richardson_1,0.085089581804857
fixed_richardson,log_oscillatory,100,0.02,0.02,50000.0,0.3143368155863907,richardson_1,0.0877355963667662
fixed_richardson,log_oscillatory,100,0.02,0.1,50000.0,0.3143368155863907,richardson_1,0.0877355963667662
fixed_richardson,log_oscillatory,110,0.0,0.02,50000.0,0.4224871773479788,richardson_1,0.0756569193400263
fixed_richardson,log_oscillatory,110,0.0,0.1,50000.0,0.4224871773479788,richardson_1,0.0756569193400263
fixed_richardson,log_oscillatory,110,0.003,0.02,50000.0,0.4224871773479788,richardson_1,0.0753119883386711
fixed_richardson,log_oscillatory,110,0.003,0.1,50000.0,0.4224871773479788,richardson_1,0.0753119883386711
fixed_richardson,log_oscillatory,110,0.005,0.02,50000.0,0.4224871773479788,richardson_1,0.0764440677844723
fixed_richardson,log_oscillatory,110,0.005,0.1,50000.0,0.4224871773479788,richardson_1,0.0764440677844723
fixed_richardson,log_oscillatory,110,0.01,0.02,50000.0,0.4224871773479788,richardson_1,0.0737469176841888
fixed_richardson,log_oscillatory,110,0.01,0.1,50000.0,0.4224871773479788,richardson_1,0.0737469176841888
fixed_richardson,log_oscillatory,110,0.02,0.02,50000.0,0.4224871773479788,richardson_1,0.0813577647338366
fixed_richardson,log_oscillatory,110,0.02,0.1,50000.0,0.4224871773479788,richardson_1,0.0813577647338366
fixed_richardson,log_oscillatory,120,0.0,0.02,50000.0,0.4340556646869982,richardson_1,0.0134926080370451
fixed_richardson,log_oscillatory,120,0.0,0.1,50000.0,0.4340556646869982,richardson_1,0.0134926080370451
fixed_richardson,log_oscillatory,120,0.003,0.02,50000.0,0.4340556646869982,richardson_1,0.0130851313136267
fixed_richardson,log_oscillatory,120,0.003,0.1,50000.0,0.4340556646869982,richardson_1,0.0130851313136267
fixed_richardson,log_oscillatory,120,0.005,0.02,50000.0,0.4340556646869982,richardson_1,0.0075595923773075
fixed_richardson,log_oscillatory,120,0.005,0.1,50000.0,0.4340556646869982,richardson_1,0.0075595923773075
fixed_richardson,log_oscillatory,120,0.01,0.02,50000.0,0.4340556646869982,richardson_1,0.0134475345278982
fixed_richardson,log_oscillatory,120,0.01,0.1,50000.0,0.4340556646869982,richardson_1,0.0134475345278982
fixed_richardson,log_oscillatory,120,0.02,0.02,50000.0,0.4340556646869982,richardson_1,0.0249721415524559
fixed_richardson,log_oscillatory,120,0.02,0.1,50000.0,0.4340556646869982,richardson_1,0.0249721415524559
fixed_richardson,log_oscillatory,130,0.0,0.02,50000.0,0.3343738214430089,richardson_1,0.0091241942574071
fixed_richardson,log_oscillatory,130,0.0,0.1,50000.0,0.3343738214430089,richardson_1,0.0091241942574071
fixed_richardson,log_oscillatory,130,0.003,0.02,50000.0,0.3343738214430089,richardson_1,0.0087664437173483
fixed_richardson,log_oscillatory,130,0.003,0.1,50000.0,0.3343738214430089,richardson_1,0.0087664437173483
fixed_richardson,log_oscillatory,130,0.005,0.02,50000.0,0.3343738214430089,richardson_1,0.0099414657748822
fixed_richardson,log_oscillatory,130,0.005,0.1,50000.0,0.3343738214430089,richardson_1,0.0099414657748822
fixed_richardson,log_oscillatory,130,0.01,0.02,50000.0,0.3343738214430089,richardson_1,0.0196661098163591
fixed_richardson,log_oscillatory,130,0.01,0.1,50000.0,0.3343738214430089,richardson_1,0.0196661098163591
fixed_richardson,log_oscillatory,130,0.02,0.02,50000.0,0.3343738214430089,richardson_1,0.0316646846031488
fixed_richardson,log_oscillatory,130,0.02,0.1,50000.0,0.3343738214430089,richardson_1,0.0316646846031488
fixed_richardson,log_oscillatory,140,0.0,0.02,50000.0,0.3259058858325173,richardson_1,0.0689234546281004
fixed_richardson,log_oscillatory,140,0.0,0.1,50000.0,0.3259058858325173,richardson_1,0.0689234546281004
fixed_richardson,log_oscillatory,140,0.003,0.02,50000.0,0.3259058858325173,richardson_1,0.06806854703835
fixed_richardson,log_oscillatory,140,0.003,0.1,50000.0,0.3259058858325173,richardson_1,0.06806854703835
fixed_richardson,log_oscillatory,140,0.005,0.02,50000.0,0.3259058858325173,richardson_1,0.0683459987717374
fixed_richardson,log_oscillatory,140,0.005,0.1,50000.0,0.3259058858325173,richardson_1,0.0683459987717374
fixed_richardson,log_oscillatory,140,0.01,0.02,50000.0,0.3259058858325173,richardson_1,0.0708761687229765
fixed_richardson,log_oscillatory,140,0.01,0.1,50000.0,0.3259058858325173,richardson_1,0.0708761687229765
fixed_richardson,log_oscillatory,140,0.02,0.02,50000.0,0.3259058858325173,richardson_1,0.0700188535097671
fixed_richardson,log_oscillatory,140,0.02,0.1,50000.0,0.3259058858325173,richardson_1,0.0700188535097671
fixed_richardson,log_slow,20,0.0,0.02,50000.0,0.2886523358250798,richardson_1,0.0693842446064721
fixed_richardson,log_slow,20,0.0,0.1,50000.0,0.2886523358250798,richardson_1,0.0693842446064721
fixed_richardson,log_slow,20,0.003,0.02,50000.0,0.2886523358250798,richardson_1,0.0689457454026451
fixed_richardson,log_slow,20,0.003,0.1,50000.0,0.2886523358250798,richardson_1,0.0689457454026451
fixed_richardson,log_slow,20,0.005,0.02,50000.0,0.2886523358250798,richardson_1,0.0702246825992076
fixed_richardson,log_slow,20,0.005,0.1,50000.0,0.2886523358250798,richardson_1,0.0702246825992076
fixed_richardson,log_slow,20,0.01,0.02,50000.0,0.2886523358250798,richardson_1,0.0660600659586268
fixed_richardson,log_slow,20,0.01,0.1,50000.0,0.2886523358250798,richardson_1,0.0660600659586268
fixed_richardson,log_slow,20,0.02,0.02,50000.0,0.2886523358250798,richardson_1,0.0694380540297835
fixed_richardson,log_slow,20,0.02,0.1,50000.0,0.2886523358250798,richardson_1,0.0694380540297835
fixed_richardson,log_slow,30,0.0,0.02,50000.0,0.3223648749744652,richardson_1,0.0689818186444749
fixed_richardson,log_slow,30,0.0,0.1,50000.0,0.3223648749744652,richardson_1,0.0689818186444749
fixed_richardson,log_slow,30,0.003,0.02,50000.0,0.3223648749744652,richardson_1,0.0674609764666517
fixed_richardson,log_slow,30,0.003,0.1,50000.0,0.3223648749744652,richardson_1,0.0674609764666517
fixed_richardson,log_slow,30,0.005,0.02,50000.0,0.3223648749744652,richardson_1,0.0658033757906857
fixed_richardson,log_slow,30,0.005,0.1,50000.0,0.3223648749744652,richardson_1,0.0658033757906857
fixed_richardson,log_slow,30,0.01,0.02,50000.0,0.3223648749744652,richardson_1,0.0654748489681254
fixed_richardson,log_slow,30,0.01,0.1,50000.0,0.3223648749744652,richardson_1,0.0654748489681254
fixed_richardson,log_slow,30,0.02,0.02,50000.0,0.3223648749744652,richardson_1,0.0640629438553202
fixed_richardson,log_slow,30,0.02,0.1,50000.0,0.3223648749744652,richardson_1,0.0640629438553202
fixed_richardson,log_slow,40,0.0,0.02,50000.0,0.3470134055140294,richardson_1,0.0610094465006559
fixed_richardson,log_slow,40,0.0,0.1,50000.0,0.3470134055140294,richardson_1,0.0610094465006559
fixed_richardson,log_slow,40,0.003,0.02,50000.0,0.3470134055140294,richardson_1,0.0584791346695419
fixed_richardson,log_slow,40,0.003,0.1,50000.0,0.3470134055140294,richardson_1,0.0584791346695419
fixed_richardson,log_slow,40,0.005,0.02,50000.0,0.3470134055140294,richardson_1,0.0599918138489595
fixed_richardson,log_slow,40,0.005,0.1,50000.0,0.3470134055140294,richardson_1,0.0599918138489595
fixed_richardson,log_slow,40,0.01,0.02,50000.0,0.3470134055140294,richardson_1,0.0559027605519598
fixed_richardson,log_slow,40,0.01,0.1,50000.0,0.3470134055140294,richardson_1,0.0559027605519598
fixed_richardson,log_slow,40,0.02,0.02,50000.0,0.3470134055140294,richardson_1,0.044268791486265
fixed_richardson,log_slow,40,0.02,0.1,50000.0,0.3470134055140294,richardson_1,0.044268791486265
fixed_richardson,log_slow,50,0.0,0.02,50000.0,0.3664532001500322,richardson_1,0.0443213958275704
fixed_richardson,log_slow,50,0.0,0.1,50000.0,0.3664532001500322,richardson_1,0.0443213958275704
fixed_richardson,log_slow,50,0.003,0.02,50000.0,0.3664532001500322,richardson_1,0.0459549917674626
fixed_richardson,log_slow,50,0.003,0.1,50000.0,0.3664532001500322,richardson_1,0.0459549917674626
fixed_richardson,log_slow,50,0.005,0.02,50000.0,0.3664532001500322,richardson_1,0.0466292829285391
fixed_richardson,log_slow,50,0.005,0.1,50000.0,0.3664532001500322,richardson_1,0.0466292829285391
fixed_richardson,log_slow,50,0.01,0.02,50000.0,0.3664532001500322,richardson_1,0.0420576918465829
fixed_richardson,log_slow,50,0.01,0.1,50000.0,0.3664532001500322,richardson_1,0.0420576918465829
fixed_richardson,log_slow,50,0.02,0.02,50000.0,0.3664532001500322,richardson_1,0.0413326141533873
fixed_richardson,log_slow,50,0.02,0.1,50000.0,0.3664532001500322,richardson_1,0.0413326141533873
fixed_richardson,log_slow,60,0.0,0.02,50000.0,0.3825061917106075,richardson_1,0.0334411474550218
fixed_richardson,log_slow,60,0.0,0.1,50000.0,0.3825061917106075,richardson_1,0.0334411474550218
fixed_richardson,log_slow,60,0.003,0.02,50000.0,0.3825061917106075,richardson_1,0.0317531099638432
fixed_richardson,log_slow,60,0.003,0.1,50000.0,0.3825061917106075,richardson_1,0.0317531099638432
fixed_richardson,log_slow,60,0.005,0.02,50000.0,0.3825061917106075,richardson_1,0.0350390233916635
fixed_richardson,log_slow,60,0.005,0.1,50000.0,0.3825061917106075,richardson_1,0.0350390233916635
fixed_richardson,log_slow,60,0.01,0.02,50000.0,0.3825061917106075,richardson_1,0.0265066447281798
fixed_richardson,log_slow,60,0.01,0.1,50000.0,0.3825061917106075,richardson_1,0.0265066447281798
fixed_richardson,log_slow,60,0.02,0.02,50000.0,0.3825061917106075,richardson_1,0.0245689145446037
fixed_richardson,log_slow,60,0.02,0.1,50000.0,0.3825061917106075,richardson_1,0.0245689145446037
fixed_richardson,log_slow,70,0.0,0.02,50000.0,0.3961792165921883,richardson_1,0.023340771044823
fixed_richardson,log_slow,70,0.0,0.1,50000.0,0.3961792165921883,richardson_1,0.023340771044823
fixed_richardson,log_slow,70,0.003,0.02,50000.0,0.3961792165921883,richardson_1,0.0262499280911669
fixed_richardson,log_slow,70,0.003,0.1,50000.0,0.3961792165921883,richardson_1,0.0262499280911669
fixed_richardson,log_slow,70,0.005,0.02,50000.0,0.3961792165921883,richardson_1,0.0298556052659944
fixed_richardson,log_slow,70,0.005,0.1,50000.0,0.3961792165921883,richardson_1,0.0298556052659944
fixed_richardson,log_slow,70,0.01,0.02,50000.0,0.3961792165921883,richardson_1,0.031371680331381
fixed_richardson,log_slow,70,0.01,0.1,50000.0,0.3961792165921883,richardson_1,0.031371680331381
fixed_richardson,log_slow,70,0.02,0.02,50000.0,0.3961792165921883,richardson_1,0.0446926042461121
fixed_richardson,log_slow,70,0.02,0.1,50000.0,0.3961792165921883,richardson_1,0.0446926042461121
fixed_richardson,log_slow,80,0.0,0.02,50000.0,0.4080877018181774,richardson_1,0.0218534431349804
fixed_richardson,log_slow,80,0.0,0.1,50000.0,0.4080877018181774,richardson_1,0.0218534431349804
fixed_richardson,log_slow,80,0.003,0.02,50000.0,0.4080877018181774,richardson_1,0.0285186400291568
fixed_richardson,log_slow,80,0.003,0.1,50000.0,0.4080877018181774,richardson_1,0.0285186400291568
fixed_richardson,log_slow,80,0.005,0.02,50000.0,0.4080877018181774,richardson_1,0.0281564968973632
fixed_richardson,log_slow,80,0.005,0.1,50000.0,0.4080877018181774,richardson_1,0.0281564968973632
fixed_richardson,log_slow,80,0.01,0.02,50000.0,0.4080877018181774,richardson_1,0.0457489955906634
fixed_richardson,log_slow,80,0.01,0.1,50000.0,0.4080877018181774,richardson_1,0.0457489955906634
fixed_richardson,log_slow,80,0.02,0.02,50000.0,0.4080877018181774,richardson_1,0.0514283605456162
fixed_richardson,log_slow,80,0.02,0.1,50000.0,0.4080877018181774,richardson_1,0.0514283605456162
fixed_richardson,log_slow,90,0.0,0.02,50000.0,0.41863546463489,richardson_1,0.019975210230814
fixed_richardson,log_slow,90,0.0,0.1,50000.0,0.41863546463489,richardson_1,0.019975210230814
fixed_richardson,log_slow,90,0.003,0.02,50000.0,0.41863546463489,richardson_1,0.0363429554969421
fixed_richardson,log_slow,90,0.003,0.1,50000.0,0.41863546463489,richardson_1,0.0363429554969421
fixed_richardson,log_slow,90,0.005,0.02,50000.0,0.41863546463489,richardson_1,0.0466858934941046
fixed_richardson,log_slow,90,0.005,0.1,50000.0,0.41863546463489,richardson_1,0.0466858934941046
fixed_richardson,log_slow,90,0.01,0.02,50000.0,0.41863546463489,richardson_1,0.054566307490116
fixed_richardson,log_slow,90,0.01,0.1,50000.0,0.41863546463489,richardson_1,0.054566307490116
fixed_richardson,log_slow,90,0.02,0.02,50000.0,0.41863546463489,richardson_1,0.0708733912060122
fixed_richardson,log_slow,90,0.02,0.1,50000.0,0.41863546463489,richardson_1,0.0708733912060122
fixed_richardson,log_slow,100,0.0,0.02,50000.0,0.4281018259248643,richardson_1,0.0183623801568754
fixed_richardson,log_slow,100,0.0,0.1,50000.0,0.4281018259248643,richardson_1,0.0183623801568754
fixed_richardson,log_slow,100,0.003,0.02,50000.0,0.4281018259248643,richardson_1,0.0359063508366219
fixed_richardson,log_slow,100,0.003,0.1,50000.0,0.4281018259248643,richardson_1,0.0359063508366219
fixed_richardson,log_slow,100,0.005,0.02,50000.0,0.4281018259248643,richardson_1,0.0349347657781084
fixed_richardson,log_slow,100,0.005,0.1,50000.0,0.4281018259248643,richardson_1,0.0349347657781084
fixed_richardson,log_slow,100,0.01,0.02,50000.0,0.4281018259248643,richardson_1,0.0585666618187125
fixed_richardson,log_slow,100,0.01,0.1,50000.0,0.4281018259248643,richardson_1,0.0585666618187125
fixed_richardson,log_slow,100,0.02,0.02,50000.0,0.4281018259248643,richardson_1,0.0642566886867578
fixed_richardson,log_slow,100,0.02,0.1,50000.0,0.4281018259248643,richardson_1,0.0642566886867578
fixed_richardson,log_slow,110,0.0,0.02,50000.0,0.4366880503712215,richardson_1,0.0170083238937292
fixed_richardson,log_slow,110,0.0,0.1,50000.0,0.4366880503712215,richardson_1,0.0170083238937292
fixed_richardson,log_slow,110,0.003,0.02,50000.0,0.4366880503712215,richardson_1,0.037938794217173
fixed_richardson,log_slow,110,0.003,0.1,50000.0,0.4366880503712215,richardson_1,0.037938794217173
fixed_richardson,log_slow,110,0.005,0.02,50000.0,0.4366880503712215,richardson_1,0.0533698985230557
fixed_richardson,log_slow,110,0.005,0.1,50000.0,0.4366880503712215,richardson_1,0.0533698985230557
fixed_richardson,log_slow,110,0.01,0.02,50000.0,0.4366880503712215,richardson_1,0.069750361227544
fixed_richardson,log_slow,110,0.01,0.1,50000.0,0.4366880503712215,richardson_1,0.069750361227544
fixed_richardson,log_slow,110,0.02,0.02,50000.0,0.4366880503712215,richardson_1,0.0606985698664572
fixed_richardson,log_slow,110,0.02,0.1,50000.0,0.4366880503712215,richardson_1,0.0606985698664572
fixed_richardson,log_slow,120,0.0,0.02,50000.0,0.4445439678229312,richardson_1,0.0158611508782746
fixed_richardson,log_slow,120,0.0,0.1,50000.0,0.4445439678229312,richardson_1,0.0158611508782746
fixed_richardson,log_slow,120,0.003,0.02,50000.0,0.4445439678229312,richardson_1,0.0409023379256324
fixed_richardson,log_slow,120,0.003,0.1,50000.0,0.4445439678229312,richardson_1,0.0409023379256324
fixed_richardson,log_slow,120,0.005,0.02,50000.0,0.4445439678229312,richardson_1,0.0657188519605379
fixed_richardson,log_slow,120,0.005,0.1,50000.0,0.4445439678229312,richardson_1,0.0657188519605379
fixed_richardson,log_slow,120,0.01,0.02,50000.0,0.4445439678229312,richardson_1,0.0687203183930653
fixed_richardson,log_slow,120,0.01,0.1,50000.0,0.4445439678229312,richardson_1,0.0687203183930653
fixed_richardson,log_slow,120,0.02,0.02,50000.0,0.4445439678229312,richardson_1,0.0585481681158652
fixed_richardson,log_slow,120,0.02,0.1,50000.0,0.4445439678229312,richardson_1,0.0585481681158652
fixed_richardson,log_slow,130,0.0,0.02,50000.0,0.4517841318559988,richardson_1,0.0148764440659732
fixed_richardson,log_slow,130,0.0,0.1,50000.0,0.4517841318559988,richardson_1,0.0148764440659732
fixed_richardson,log_slow,130,0.003,0.02,50000.0,0.4517841318559988,richardson_1,0.0461325217444176
fixed_richardson,log_slow,130,0.003,0.1,50000.0,0.4517841318559988,richardson_1,0.0461325217444176
fixed_richardson,log_slow,130,0.005,0.02,50000.0,0.4517841318559988,richardson_1,0.0480048438974832
fixed_richardson,log_slow,130,0.005,0.1,50000.0,0.4517841318559988,richardson_1,0.0480048438974832
fixed_richardson,log_slow,130,0.01,0.02,50000.0,0.4517841318559988,richardson_1,0.0652995724620266
fixed_richardson,log_slow,130,0.01,0.1,50000.0,0.4517841318559988,richardson_1,0.0652995724620266
fixed_richardson,log_slow,130,0.02,0.02,50000.0,0.4517841318559988,richardson_1,0.040718174371642
fixed_richardson,log_slow,130,0.02,0.1,50000.0,0.4517841318559988,richardson_1,0.040718174371642
fixed_richardson,log_slow,140,0.0,0.02,50000.0,0.4584980924503768,richardson_1,0.0140206506878351
fixed_richardson,log_slow,140,0.0,0.1,50000.0,0.4584980924503768,richardson_1,0.0140206506878351
fixed_richardson,log_slow,140,0.003,0.02,50000.0,0.4584980924503768,richardson_1,0.0605495289197343
fixed_richardson,log_slow,140,0.003,0.1,50000.0,0.4584980924503768,richardson_1,0.0605495289197343
fixed_richardson,log_slow,140,0.005,0.02,50000.0,0.4584980924503768,richardson_1,0.053978458773001
fixed_richardson,log_slow,140,0.005,0.1,50000.0,0.4584980924503768,richardson_1,0.053978458773001
fixed_richardson,log_slow,140,0.01,0.02,50000.0,0.4584980924503768,richardson_1,0.0553419127429761
fixed_richardson,log_slow,140,0.01,0.1,50000.0,0.4584980924503768,richardson_1,0.0553419127429761
fixed_richardson,log_slow,140,0.02,0.02,50000.0,0.4584980924503768,richardson_1,0.0576258188776133
fixed_richardson,log_slow,140,0.02,0.1,50000.0,0.4584980924503768,richardson_1,0.0576258188776133
fixed_rational,broken_power_law,20,0.0,0.02,50000.0,0.2043647033558935,rational_fit,0.0026708605664464
fixed_rational,broken_power_law,20,0.0,0.1,50000.0,0.2043647033558935,rational_fit,0.0026708605664464
fixed_rational,broken_power_law,20,0.003,0.02,50000.0,0.2043647033558935,rational_fit,0.0039059039042194
fixed_rational,broken_power_law,20,0.003,0.1,50000.0,0.2043647033558935,rational_fit,0.0039059039042194
fixed_rational,broken_power_law,20,0.005,0.02,50000.0,0.2043647033558935,rational_fit,0.0027895461149188
fixed_rational,broken_power_law,20,0.005,0.1,50000.0,0.2043647033558935,rational_fit,0.0027895461149188
fixed_rational,broken_power_law,20,0.01,0.02,50000.0,0.2043647033558935,rational_fit,0.0057284959184069
fixed_rational,broken_power_law,20,0.01,0.1,50000.0,0.2043647033558935,rational_fit,0.0057284959184069
fixed_rational,broken_power_law,20,0.02,0.02,50000.0,0.2043647033558935,rational_fit,0.0049462333002035
fixed_rational,broken_power_law,20,0.02,0.1,50000.0,0.2043647033558935,rational_fit,0.0049462333002035
fixed_rational,broken_power_law,30,0.0,0.02,50000.0,0.2901576654864911,rational_fit,0.0039927485896603
fixed_rational,broken_power_law,30,0.0,0.1,50000.0,0.2901576654864911,rational_fit,0.0039927485896603
fixed_rational,broken_power_law,30,0.003,0.02,50000.0,0.2901576654864911,rational_fit,0.0037807636075848
fixed_rational,broken_power_law,30,0.003,0.1,50000.0,0.2901576654864911,rational_fit,0.0037807636075848
fixed_rational,broken_power_law,30,0.005,0.02,50000.0,0.2901576654864911,rational_fit,0.0033375820153202
fixed_rational,broken_power_law,30,0.005,0.1,50000.0,0.2901576654864911,rational_fit,0.0033375820153202
fixed_rational,broken_power_law,30,0.01,0.02,50000.0,0.2901576654864911,rational_fit,0.0075898935275359
fixed_rational,broken_power_law,30,0.01,0.1,50000.0,0.2901576654864911,rational_fit,0.0075898935275359
fixed_rational,broken_power_law,30,0.02,0.02,50000.0,0.2901576654864911,rational_fit,0.0049958117101507
fixed_rational,broken_power_law,30,0.02,0.1,50000.0,0.2901576654864911,rational_fit,0.0049958117101507
fixed_rational,broken_power_law,40,0.0,0.02,50000.0,0.3731762489488806,rational_fit,0.004819603768875
fixed_rational,broken_power_law,40,0.0,0.1,50000.0,0.3731762489488806,rational_fit,0.004819603768875
fixed_rational,broken_power_law,40,0.003,0.02,50000.0,0.3731762489488806,rational_fit,0.0048827766527555
fixed_rational,broken_power_law,40,0.003,0.1,50000.0,0.3731762489488806,rational_fit,0.0048827766527555
fixed_rational,broken_power_law,40,0.005,0.02,50000.0,0.3731762489488806,rational_fit,0.0049241949823456
fixed_rational,broken_power_law,40,0.005,0.1,50000.0,0.3731762489488806,rational_fit,0.0049241949823456
fixed_rational,broken_power_law,40,0.01,0.02,50000.0,0.3731762489488806,rational_fit,0.0041182225584891
fixed_rational,broken_power_law,40,0.01,0.1,50000.0,0.3731762489488806,rational_fit,0.0041182225584891
fixed_rational,broken_power_law,40,0.02,0.02,50000.0,0.3731762489488806,rational_fit,0.0065801415595011
fixed_rational,broken_power_law,40,0.02,0.1,50000.0,0.3731762489488806,rational_fit,0.0065801415595011
fixed_rational,broken_power_law,50,0.0,0.02,50000.0,0.4541733869663374,rational_fit,0.0054001233890065
fixed_rational,broken_power_law,50,0.0,0.1,50000.0,0.4541733869663374,rational_fit,0.0054001233890065
fixed_rational,broken_power_law,50,0.003,0.02,50000.0,0.4541733869663374,rational_fit,0.0053758392145744
fixed_rational,broken_power_law,50,0.003,0.1,50000.0,0.4541733869663374,rational_fit,0.0053758392145744
fixed_rational,broken_power_law,50,0.005,0.02,50000.0,0.4541733869663374,rational_fit,0.0061778381535736
fixed_rational,broken_power_law,50,0.005,0.1,50000.0,0.4541733869663374,rational_fit,0.0061778381535736
fixed_rational,broken_power_law,50,0.01,0.02,50000.0,0.4541733869663374,rational_fit,0.0065636266342785
fixed_rational,broken_power_law,50,0.01,0.1,50000.0,0.4541733869663374,rational_fit,0.0065636266342785
fixed_rational,broken_power_law,50,0.02,0.02,50000.0,0.4541733869663374,rational_fit,0.0047933337813316
fixed_rational,broken_power_law,50,0.02,0.1,50000.0,0.4541733869663374,rational_fit,0.0047933337813316
fixed_rational,broken_power_law,60,0.0,0.02,50000.0,0.068318835938711,rational_fit,0.0006631675410289
fixed_rational,broken_power_law,60,0.003,0.02,50000.0,0.068318835938711,rational_fit,0.0009997941760551
fixed_rational,broken_power_law,60,0.005,0.02,50000.0,0.068318835938711,rational_fit,0.0010544421508466
fixed_rational,broken_power_law,60,0.01,0.02,50000.0,0.068318835938711,rational_fit,0.0016949014345349
fixed_rational,broken_power_law,60,0.02,0.02,50000.0,0.068318835938711,rational_fit,0.0020517709755291
fixed_rational,broken_power_law,70,0.0,0.02,50000.0,0.0725958615029638,rational_fit,0.0476482597541766
fixed_rational,broken_power_law,70,0.003,0.02,50000.0,0.0725958615029638,rational_fit,0.047610078149567
fixed_rational,broken_power_law,70,0.005,0.02,50000.0,0.0725958615029638,rational_fit,0.0476086786348658
fixed_rational,broken_power_law,70,0.01,0.02,50000.0,0.0725958615029638,rational_fit,0.0476245354411338
fixed_rational,broken_power_law,70,0.02,0.02,50000.0,0.0725958615029638,rational_fit,0.0475922785126595
fixed_rational,broken_power_law,80,0.0,0.02,50000.0,0.0765248578423578,rational_fit,0.0601919213988252
fixed_rational,broken_power_law,80,0.003,0.02,50000.0,0.0765248578423578,rational_fit,0.0603017302584133
fixed_rational,broken_power_law,80,0.005,0.02,50000.0,0.0765248578423578,rational_fit,0.0603439532740909
fixed_rational,broken_power_law,80,0.01,0.02,50000.0,0.0765248578423578,rational_fit,0.0600536295217107
fixed_rational,broken_power_law,80,0.02,0.02,50000.0,0.0765248578423578,rational_fit,0.0592262653172015
fixed_rational,broken_power_law,90,0.0,0.02,50000.0,0.0801724362309424,rational_fit,0.0755387222759075
fixed_rational,broken_power_law,90,0.003,0.02,50000.0,0.0801724362309424,rational_fit,0.07543619494221
fixed_rational,broken_power_law,90,0.005,0.02,50000.0,0.0801724362309424,rational_fit,0.07600005246815
fixed_rational,broken_power_law,90,0.01,0.02,50000.0,0.0801724362309424,rational_fit,0.0754700611598572
fixed_rational,broken_power_law,90,0.02,0.02,50000.0,0.0801724362309424,rational_fit,0.0756239099723758
fixed_rational,broken_power_law,100,0.0,0.02,50000.0,0.0835866795638285,rational_fit,0.0917167536105827
fixed_rational,broken_power_law,100,0.003,0.02,50000.0,0.0835866795638285,rational_fit,0.0917513855729002
fixed_rational,broken_power_law,100,0.005,0.02,50000.0,0.0835866795638285,rational_fit,0.0915158673427844
fixed_rational,broken_power_law,100,0.01,0.02,50000.0,0.0835866795638285,rational_fit,0.0915033696438785
fixed_rational,broken_power_law,100,0.02,0.02,50000.0,0.0835866795638285,rational_fit,0.0906285957981309
fixed_rational,broken_power_law,110,0.0,0.02,50000.0,0.0868035956912711,rational_fit,0.1081038744537916
fixed_rational,broken_power_law,110,0.003,0.02,50000.0,0.0868035956912711,rational_fit,0.1080726435517759
fixed_rational,broken_power_law,110,0.005,0.02,50000.0,0.0868035956912711,rational_fit,0.1081160766979514
fixed_rational,broken_power_law,110,0.01,0.02,50000.0,0.0868035956912711,rational_fit,0.1086009238222078
fixed_rational,broken_power_law,110,0.02,0.02,50000.0,0.0868035956912711,rational_fit,0.1090919528795768
fixed_rational,broken_power_law,120,0.0,0.02,50000.0,0.089850949747117,rational_fit,0.0469205825969759
fixed_rational,broken_power_law,120,0.003,0.02,50000.0,0.089850949747117,rational_fit,0.0397567895109935
fixed_rational,broken_power_law,120,0.005,0.02,50000.0,0.089850949747117,rational_fit,0.0421790796894815
fixed_rational,broken_power_law,120,0.01,0.02,50000.0,0.089850949747117,rational_fit,0.0529647482257999
fixed_rational,broken_power_law,120,0.02,0.02,50000.0,0.089850949747117,rational_fit,0.0521304445951786
fixed_rational,broken_power_law,130,0.0,0.02,50000.0,0.092750667161584,rational_fit,0.044420705790848
fixed_rational,broken_power_law,130,0.003,0.02,50000.0,0.092750667161584,rational_fit,0.0451858551027118
fixed_rational,broken_power_law,130,0.005,0.02,50000.0,0.092750667161584,rational_fit,0.0390348271153521
fixed_rational,broken_power_law,130,0.01,0.02,50000.0,0.092750667161584,rational_fit,0.0512153912761561
fixed_rational,broken_power_law,130,0.02,0.02,50000.0,0.092750667161584,rational_fit,0.0662584259315635
fixed_rational,broken_power_law,140,0.0,0.02,50000.0,0.0955204080436849,rational_fit,0.0422830113090869
fixed_rational,broken_power_law,140,0.003,0.02,50000.0,0.0955204080436849,rational_fit,0.0554237274786956
fixed_rational,broken_power_law,140,0.005,0.02,50000.0,0.0955204080436849,rational_fit,0.0533460370113467
fixed_rational,broken_power_law,140,0.01,0.02,50000.0,0.0955204080436849,rational_fit,0.0548972422248763
fixed_rational,broken_power_law,140,0.02,0.02,50000.0,0.0955204080436849,rational_fit,0.065809138659111
fixed_rational,damped_osc_pow,120,0.0,0.02,50000.0,0.0210220445446958,rational_fit,0.0107383172178511
fixed_rational,damped_osc_pow,120,0.003,0.02,50000.0,0.0210220445446958,rational_fit,0.0138814416172097
fixed_rational,damped_osc_pow,120,0.005,0.02,50000.0,0.0210220445446958,rational_fit,0.0150526640717498
fixed_rational,damped_osc_pow,120,0.01,0.02,50000.0,0.0210220445446958,rational_fit,0.0196421894090123
fixed_rational,damped_osc_pow,120,0.02,0.02,50000.0,0.0210220445446958,rational_fit,0.0154510162206606
fixed_rational,damped_osc_pow,130,0.0,0.02,50000.0,0.0221499430699973,rational_fit,0.0098996001402425
fixed_rational,damped_osc_pow,130,0.003,0.02,50000.0,0.0221499430699973,rational_fit,0.010666287007957
fixed_rational,damped_osc_pow,130,0.005,0.02,50000.0,0.0221499430699973,rational_fit,0.014160879778887
fixed_rational,damped_osc_pow,130,0.01,0.02,50000.0,0.0221499430699973,rational_fit,0.0169883806795167
fixed_rational,damped_osc_pow,130,0.02,0.02,50000.0,0.0221499430699973,rational_fit,0.0152342909399726
fixed_rational,damped_osc_pow,140,0.0,0.02,50000.0,0.0232494544447517,rational_fit,0.00920514948983
fixed_rational,damped_osc_pow,140,0.003,0.02,50000.0,0.0232494544447517,rational_fit,0.0135239411242702
fixed_rational,damped_osc_pow,140,0.005,0.02,50000.0,0.0232494544447517,rational_fit,0.0120963481814388
fixed_rational,damped_osc_pow,140,0.01,0.02,50000.0,0.0232494544447517,rational_fit,0.013177020756866
fixed_rational,damped_osc_pow,140,0.02,0.02,50000.0,0.0232494544447517,rational_fit,0.0165111874327694
fixed_rational,log_oscillatory,20,0.0,0.02,50000.0,0.232935711783342,rational_fit,0.0807619955585698
fixed_rational,log_oscillatory,20,0.0,0.1,50000.0,0.232935711783342,rational_fit,0.0807619955585698
fixed_rational,log_oscillatory,20,0.003,0.02,50000.0,0.232935711783342,rational_fit,0.0798673548389062
fixed_rational,log_oscillatory,20,0.003,0.1,50000.0,0.232935711783342,rational_fit,0.0798673548389062
fixed_rational,log_oscillatory,20,0.005,0.02,50000.0,0.232935711783342,rational_fit,0.0850980580953604
fixed_rational,log_oscillatory,20,0.005,0.1,50000.0,0.232935711783342,rational_fit,0.0850980580953604
fixed_rational,log_oscillatory,20,0.01,0.02,50000.0,0.232935711783342,rational_fit,0.0709479130871724
fixed_rational,log_oscillatory,20,0.01,0.1,50000.0,0.232935711783342,rational_fit,0.0709479130871724
fixed_rational,log_oscillatory,20,0.02,0.02,50000.0,0.232935711783342,rational_fit,0.1031060496794181
fixed_rational,log_oscillatory,20,0.02,0.1,50000.0,0.232935711783342,rational_fit,0.1031060496794181
fixed_rational,log_oscillatory,30,0.0,0.02,50000.0,0.3324862235710625,rational_fit,0.117342049521775
fixed_rational,log_oscillatory,30,0.0,0.1,50000.0,0.3324862235710625,rational_fit,0.117342049521775
fixed_rational,log_oscillatory,30,0.003,0.02,50000.0,0.3324862235710625,rational_fit,0.1085393452607484
fixed_rational,log_oscillatory,30,0.003,0.1,50000.0,0.3324862235710625,rational_fit,0.1085393452607484
fixed_rational,log_oscillatory,30,0.005,0.02,50000.0,0.3324862235710625,rational_fit,0.103626592269309
fixed_rational,log_oscillatory,30,0.005,0.1,50000.0,0.3324862235710625,rational_fit,0.103626592269309
fixed_rational,log_oscillatory,30,0.01,0.02,50000.0,0.3324862235710625,rational_fit,0.104882166526564
fixed_rational,log_oscillatory,30,0.01,0.1,50000.0,0.3324862235710625,rational_fit,0.104882166526564
fixed_rational,log_oscillatory,30,0.02,0.02,50000.0,0.3324862235710625,rational_fit,0.0879281309193893
fixed_rational,log_oscillatory,30,0.02,0.1,50000.0,0.3324862235710625,rational_fit,0.0879281309193893
fixed_rational,log_oscillatory,40,0.0,0.02,50000.0,0.3049784955005034,rational_fit,0.046542852437928
fixed_rational,log_oscillatory,40,0.0,0.1,50000.0,0.3049784955005034,rational_fit,0.046542852437928
fixed_rational,log_oscillatory,40,0.003,0.02,50000.0,0.3049784955005034,rational_fit,0.0471947396439572
fixed_rational,log_oscillatory,40,0.003,0.1,50000.0,0.3049784955005034,rational_fit,0.0471947396439572
fixed_rational,log_oscillatory,40,0.005,0.02,50000.0,0.3049784955005034,rational_fit,0.046760153807317
fixed_rational,log_oscillatory,40,0.005,0.1,50000.0,0.3049784955005034,rational_fit,0.046760153807317
fixed_rational,log_oscillatory,40,0.01,0.02,50000.0,0.3049784955005034,rational_fit,0.0456726624868554
fixed_rational,log_oscillatory,40,0.01,0.1,50000.0,0.3049784955005034,rational_fit,0.0456726624868554
fixed_rational,log_oscillatory,40,0.02,0.02,50000.0,0.3049784955005034,rational_fit,0.0430991793813386
fixed_rational,log_oscillatory,40,0.02,0.1,50000.0,0.3049784955005034,rational_fit,0.0430991793813386
fixed_rational,log_oscillatory,50,0.0,0.02,50000.0,0.2560336623945213,rational_fit,0.0524162177160784
fixed_rational,log_oscillatory,50,0.0,0.1,50000.0,0.2560336623945213,rational_fit,0.0524162177160784
fixed_rational,log_oscillatory,50,0.003,0.02,50000.0,0.2560336623945213,rational_fit,0.0522361587758845
fixed_rational,log_oscillatory,50,0.003,0.1,50000.0,0.2560336623945213,rational_fit,0.0522361587758845
fixed_rational,log_oscillatory,50,0.005,0.02,50000.0,0.2560336623945213,rational_fit,0.0523387033760191
fixed_rational,log_oscillatory,50,0.005,0.1,50000.0,0.2560336623945213,rational_fit,0.0523387033760191
fixed_rational,log_oscillatory,50,0.01,0.02,50000.0,0.2560336623945213,rational_fit,0.0522155647383597
fixed_rational,log_oscillatory,50,0.01,0.1,50000.0,0.2560336623945213,rational_fit,0.0522155647383597
fixed_rational,log_oscillatory,50,0.02,0.02,50000.0,0.2560336623945213,rational_fit,0.0489346311760886
fixed_rational,log_oscillatory,50,0.02,0.1,50000.0,0.2560336623945213,rational_fit,0.0489346311760886
fixed_rational,log_oscillatory,60,0.0,0.02,50000.0,0.2932175193086054,rational_fit,0.0862916054498878
fixed_rational,log_oscillatory,60,0.0,0.1,50000.0,0.2932175193086054,rational_fit,0.0862916054498878
fixed_rational,log_oscillatory,60,0.003,0.02,50000.0,0.2932175193086054,rational_fit,0.0861930910500532
fixed_rational,log_oscillatory,60,0.003,0.1,50000.0,0.2932175193086054,rational_fit,0.0861930910500532
fixed_rational,log_oscillatory,60,0.005,0.02,50000.0,0.2932175193086054,rational_fit,0.0867288200746569
fixed_rational,log_oscillatory,60,0.005,0.1,50000.0,0.2932175193086054,rational_fit,0.0867288200746569
fixed_rational,log_oscillatory,60,0.01,0.02,50000.0,0.2932175193086054,rational_fit,0.0861745657168899
fixed_rational,log_oscillatory,60,0.01,0.1,50000.0,0.2932175193086054,rational_fit,0.0861745657168899
fixed_rational,log_oscillatory,60,0.02,0.02,50000.0,0.2932175193086054,rational_fit,0.0865564927781647
fixed_rational,log_oscillatory,60,0.02,0.1,50000.0,0.2932175193086054,rational_fit,0.0865564927781647
fixed_rational,log_oscillatory,70,0.0,0.02,50000.0,0.3989157148287635,rational_fit,0.0915343798168531
fixed_rational,log_oscillatory,70,0.0,0.1,50000.0,0.3989157148287635,rational_fit,0.0915343798168531
fixed_rational,log_oscillatory,70,0.003,0.02,50000.0,0.3989157148287635,rational_fit,0.0912954581182155
fixed_rational,log_oscillatory,70,0.003,0.1,50000.0,0.3989157148287635,rational_fit,0.0912954581182155
fixed_rational,log_oscillatory,70,0.005,0.02,50000.0,0.3989157148287635,rational_fit,0.0924924452464039
fixed_rational,log_oscillatory,70,0.005,0.1,50000.0,0.3989157148287635,rational_fit,0.0924924452464039
fixed_rational,log_oscillatory,70,0.01,0.02,50000.0,0.3989157148287635,rational_fit,0.0907678962116627
fixed_rational,log_oscillatory,70,0.01,0.1,50000.0,0.3989157148287635,rational_fit,0.0907678962116627
fixed_rational,log_oscillatory,70,0.02,0.02,50000.0,0.3989157148287635,rational_fit,0.091038748733447
fixed_rational,log_oscillatory,70,0.02,0.1,50000.0,0.3989157148287635,rational_fit,0.091038748733447
fixed_rational,log_oscillatory,80,0.0,0.02,50000.0,0.3793183076854851,rational_fit,0.116132327529145
fixed_rational,log_oscillatory,80,0.0,0.1,50000.0,0.3793183076854851,rational_fit,0.116132327529145
fixed_rational,log_oscillatory,80,0.003,0.02,50000.0,0.3793183076854851,rational_fit,0.1161716543243311
fixed_rational,log_oscillatory,80,0.003,0.1,50000.0,0.3793183076854851,rational_fit,0.1161716543243311
fixed_rational,log_oscillatory,80,0.005,0.02,50000.0,0.3793183076854851,rational_fit,0.11610182060401
fixed_rational,log_oscillatory,80,0.005,0.1,50000.0,0.3793183076854851,rational_fit,0.11610182060401
fixed_rational,log_oscillatory,80,0.01,0.02,50000.0,0.3793183076854851,rational_fit,0.1161438832109272
fixed_rational,log_oscillatory,80,0.01,0.1,50000.0,0.3793183076854851,rational_fit,0.1161438832109272
fixed_rational,log_oscillatory,80,0.02,0.02,50000.0,0.3793183076854851,rational_fit,0.1158653148737058
fixed_rational,log_oscillatory,80,0.02,0.1,50000.0,0.3793183076854851,rational_fit,0.1158653148737058
fixed_rational,log_oscillatory,90,0.0,0.02,50000.0,0.2992564263745022,rational_fit,0.1158496556513849
fixed_rational,log_oscillatory,90,0.0,0.1,50000.0,0.2992564263745022,rational_fit,0.1158496556513849
fixed_rational,log_oscillatory,90,0.003,0.02,50000.0,0.2992564263745022,rational_fit,0.1158474551011088
fixed_rational,log_oscillatory,90,0.003,0.1,50000.0,0.2992564263745022,rational_fit,0.1158474551011088
fixed_rational,log_oscillatory,90,0.005,0.02,50000.0,0.2992564263745022,rational_fit,0.1158623960436421
fixed_rational,log_oscillatory,90,0.005,0.1,50000.0,0.2992564263745022,rational_fit,0.1158623960436421
fixed_rational,log_oscillatory,90,0.01,0.02,50000.0,0.2992564263745022,rational_fit,0.115933764662512
fixed_rational,log_oscillatory,90,0.01,0.1,50000.0,0.2992564263745022,rational_fit,0.115933764662512
fixed_rational,log_oscillatory,90,0.02,0.02,50000.0,0.2992564263745022,rational_fit,0.1158603219275656
fixed_rational,log_oscillatory,90,0.02,0.1,50000.0,0.2992564263745022,rational_fit,0.1158603219275656
fixed_rational,log_oscillatory,100,0.0,0.02,50000.0,0.3143368155863907,rational_fit,0.0759314066476795
fixed_rational,log_oscillatory,100,0.0,0.1,50000.0,0.3143368155863907,rational_fit,0.0759314066476795
fixed_rational,log_oscillatory,100,0.003,0.02,50000.0,0.3143368155863907,rational_fit,0.0761000220852293
fixed_rational,log_oscillatory,100,0.003,0.1,50000.0,0.3143368155863907,rational_fit,0.0761000220852293
fixed_rational,log_oscillatory,100,0.005,0.02,50000.0,0.3143368155863907,rational_fit,0.075366100388711
fixed_rational,log_oscillatory,100,0.005,0.1,50000.0,0.3143368155863907,rational_fit,0.075366100388711
fixed_rational,log_oscillatory,100,0.01,0.02,50000.0,0.3143368155863907,rational_fit,0.0778130664833617
fixed_rational,log_oscillatory,100,0.01,0.1,50000.0,0.3143368155863907,rational_fit,0.0778130664833617
fixed_rational,log_oscillatory,100,0.02,0.02,50000.0,0.3143368155863907,rational_fit,0.0803713510951789
fixed_rational,log_oscillatory,100,0.02,0.1,50000.0,0.3143368155863907,rational_fit,0.0803713510951789
fixed_rational,log_oscillatory,110,0.0,0.02,50000.0,0.4224871773479788,rational_fit,0.0701329195214787
fixed_rational,log_oscillatory,110,0.0,0.1,50000.0,0.4224871773479788,rational_fit,0.0701329195214787
fixed_rational,log_oscillatory,110,0.003,0.02,50000.0,0.4224871773479788,rational_fit,0.0698039076295504
fixed_rational,log_oscillatory,110,0.003,0.1,50000.0,0.4224871773479788,rational_fit,0.0698039076295504
fixed_rational,log_oscillatory,110,0.005,0.02,50000.0,0.4224871773479788,rational_fit,0.0708396403296578
fixed_rational,log_oscillatory,110,0.005,0.1,50000.0,0.4224871773479788,rational_fit,0.0708396403296578
fixed_rational,log_oscillatory,110,0.01,0.02,50000.0,0.4224871773479788,rational_fit,0.0682898915548375
fixed_rational,log_oscillatory,110,0.01,0.1,50000.0,0.4224871773479788,rational_fit,0.0682898915548375
fixed_rational,log_oscillatory,110,0.02,0.02,50000.0,0.4224871773479788,rational_fit,0.0752986734069725
fixed_rational,log_oscillatory,110,0.02,0.1,50000.0,0.4224871773479788,rational_fit,0.0752986734069725
fixed_rational,log_oscillatory,120,0.0,0.02,50000.0,0.4340556646869982,rational_fit,0.1147110890484144
fixed_rational,log_oscillatory,120,0.0,0.1,50000.0,0.4340556646869982,rational_fit,0.1147110890484144
fixed_rational,log_oscillatory,120,0.003,0.02,50000.0,0.4340556646869982,rational_fit,0.1146951158724171
fixed_rational,log_oscillatory,120,0.003,0.1,50000.0,0.4340556646869982,rational_fit,0.1146951158724171
fixed_rational,log_oscillatory,120,0.005,0.02,50000.0,0.4340556646869982,rational_fit,0.1145250464075876
fixed_rational,log_oscillatory,120,0.005,0.1,50000.0,0.4340556646869982,rational_fit,0.1145250464075876
fixed_rational,log_oscillatory,120,0.01,0.02,50000.0,0.4340556646869982,rational_fit,0.1145445781773365
fixed_rational,log_oscillatory,120,0.01,0.1,50000.0,0.4340556646869982,rational_fit,0.1145445781773365
fixed_rational,log_oscillatory,120,0.02,0.02,50000.0,0.4340556646869982,rational_fit,0.1151453301732552
fixed_rational,log_oscillatory,120,0.02,0.1,50000.0,0.4340556646869982,rational_fit,0.1151453301732552
fixed_rational,log_oscillatory,130,0.0,0.02,50000.0,0.3343738214430089,rational_fit,0.1143503314801668
fixed_rational,log_oscillatory,130,0.0,0.1,50000.0,0.3343738214430089,rational_fit,0.1143503314801668
fixed_rational,log_oscillatory,130,0.003,0.02,50000.0,0.3343738214430089,rational_fit,0.1143299687244778
fixed_rational,log_oscillatory,130,0.003,0.1,50000.0,0.3343738214430089,rational_fit,0.1143299687244778
fixed_rational,log_oscillatory,130,0.005,0.02,50000.0,0.3343738214430089,rational_fit,0.1146224281881331
fixed_rational,log_oscillatory,130,0.005,0.1,50000.0,0.3343738214430089,rational_fit,0.1146224281881331
fixed_rational,log_oscillatory,130,0.01,0.02,50000.0,0.3343738214430089,rational_fit,0.1144573367685907
fixed_rational,log_oscillatory,130,0.01,0.1,50000.0,0.3343738214430089,rational_fit,0.1144573367685907
fixed_rational,log_oscillatory,130,0.02,0.02,50000.0,0.3343738214430089,rational_fit,0.1096486239324662
fixed_rational,log_oscillatory,130,0.02,0.1,50000.0,0.3343738214430089,rational_fit,0.1096486239324662
fixed_rational,log_oscillatory,140,0.0,0.02,50000.0,0.3259058858325173,rational_fit,0.0669147733507574
fixed_rational,log_oscillatory,140,0.0,0.1,50000.0,0.3259058858325173,rational_fit,0.0669147733507574
fixed_rational,log_oscillatory,140,0.003,0.02,50000.0,0.3259058858325173,rational_fit,0.0662760887542221
fixed_rational,log_oscillatory,140,0.003,0.1,50000.0,0.3259058858325173,rational_fit,0.0662760887542221
fixed_rational,log_oscillatory,140,0.005,0.02,50000.0,0.3259058858325173,rational_fit,0.0664533870220527
fixed_rational,log_oscillatory,140,0.005,0.1,50000.0,0.3259058858325173,rational_fit,0.0664533870220527
fixed_rational,log_oscillatory,140,0.01,0.02,50000.0,0.3259058858325173,rational_fit,0.0686008450472748
fixed_rational,log_oscillatory,140,0.01,0.1,50000.0,0.3259058858325173,rational_fit,0.0686008450472748
fixed_rational,log_oscillatory,140,0.02,0.02,50000.0,0.3259058858325173,rational_fit,0.0681321701899548
fixed_rational,log_oscillatory,140,0.02,0.1,50000.0,0.3259058858325173,rational_fit,0.0681321701899548
fixed_rational,log_slow,20,0.0,0.02,50000.0,0.2886523358250798,rational_fit,0.1164638248487313
fixed_rational,log_slow,20,0.0,0.1,50000.0,0.2886523358250798,rational_fit,0.1164638248487313
fixed_rational,log_slow,20,0.003,0.02,50000.0,0.2886523358250798,rational_fit,0.1160187029882628
fixed_rational,log_slow,20,0.003,0.1,50000.0,0.2886523358250798,rational_fit,0.1160187029882628
fixed_rational,log_slow,20,0.005,0.02,50000.0,0.2886523358250798,rational_fit,0.1155955139318804
fixed_rational,log_slow,20,0.005,0.1,50000.0,0.2886523358250798,rational_fit,0.1155955139318804
fixed_rational,log_slow,20,0.01,0.02,50000.0,0.2886523358250798,rational_fit,0.1189437711128827
fixed_rational,log_slow,20,0.01,0.1,50000.0,0.2886523358250798,rational_fit,0.1189437711128827
fixed_rational,log_slow,20,0.02,0.02,50000.0,0.2886523358250798,rational_fit,0.1036542274976948
fixed_rational,log_slow,20,0.02,0.1,50000.0,0.2886523358250798,rational_fit,0.1036542274976948
fixed_rational,log_slow,30,0.0,0.02,50000.0,0.3223648749744652,rational_fit,0.1079045425963988
fixed_rational,log_slow,30,0.0,0.1,50000.0,0.3223648749744652,rational_fit,0.1079045425963988
fixed_rational,log_slow,30,0.003,0.02,50000.0,0.3223648749744652,rational_fit,0.1093341939633571
fixed_rational,log_slow,30,0.003,0.1,50000.0,0.3223648749744652,rational_fit,0.1093341939633571
fixed_rational,log_slow,30,0.005,0.02,50000.0,0.3223648749744652,rational_fit,0.1092182627553379
fixed_rational,log_slow,30,0.005,0.1,50000.0,0.3223648749744652,rational_fit,0.1092182627553379
fixed_rational,log_slow,30,0.01,0.02,50000.0,0.3223648749744652,rational_fit,0.1076505433070984
fixed_rational,log_slow,30,0.01,0.1,50000.0,0.3223648749744652,rational_fit,0.1076505433070984
fixed_rational,log_slow,30,0.02,0.02,50000.0,0.3223648749744652,rational_fit,0.1067429503387202
fixed_rational,log_slow,30,0.02,0.1,50000.0,0.3223648749744652,rational_fit,0.1067429503387202
fixed_rational,log_slow,40,0.0,0.02,50000.0,0.3470134055140294,rational_fit,0.1018739499291927
fixed_rational,log_slow,40,0.0,0.1,50000.0,0.3470134055140294,rational_fit,0.1018739499291927
fixed_rational,log_slow,40,0.003,0.02,50000.0,0.3470134055140294,rational_fit,0.101819583775687
fixed_rational,log_slow,40,0.003,0.1,50000.0,0.3470134055140294,rational_fit,0.101819583775687
fixed_rational,log_slow,40,0.005,0.02,50000.0,0.3470134055140294,rational_fit,0.1017232579176726
fixed_rational,log_slow,40,0.005,0.1,50000.0,0.3470134055140294,rational_fit,0.1017232579176726
fixed_rational,log_slow,40,0.01,0.02,50000.0,0.3470134055140294,rational_fit,0.1022126784811798
fixed_rational,log_slow,40,0.01,0.1,50000.0,0.3470134055140294,rational_fit,0.1022126784811798
fixed_rational,log_slow,40,0.02,0.02,50000.0,0.3470134055140294,rational_fit,0.1070843747245242
fixed_rational,log_slow,40,0.02,0.1,50000.0,0.3470134055140294,rational_fit,0.1070843747245242
fixed_rational,log_slow,50,0.0,0.02,50000.0,0.3664532001500322,rational_fit,0.0972541756007352
fixed_rational,log_slow,50,0.0,0.1,50000.0,0.3664532001500322,rational_fit,0.0972541756007352
fixed_rational,log_slow,50,0.003,0.02,50000.0,0.3664532001500322,rational_fit,0.0971921133325395
fixed_rational,log_slow,50,0.003,0.1,50000.0,0.3664532001500322,rational_fit,0.0971921133325395
fixed_rational,log_slow,50,0.005,0.02,50000.0,0.3664532001500322,rational_fit,0.096944366316075
fixed_rational,log_slow,50,0.005,0.1,50000.0,0.3664532001500322,rational_fit,0.096944366316075
fixed_rational,log_slow,50,0.01,0.02,50000.0,0.3664532001500322,rational_fit,0.0979173641782118
fixed_rational,log_slow,50,0.01,0.1,50000.0,0.3664532001500322,rational_fit,0.0979173641782118
fixed_rational,log_slow,50,0.02,0.02,50000.0,0.3664532001500322,rational_fit,0.0972970964744405
fixed_rational,log_slow,50,0.02,0.1,50000.0,0.3664532001500322,rational_fit,0.0972970964744405
fixed_rational,log_slow,60,0.0,0.02,50000.0,0.3825061917106075,rational_fit,0.0935299949858861
fixed_rational,log_slow,60,0.0,0.1,50000.0,0.3825061917106075,rational_fit,0.0935299949858861
fixed_rational,log_slow,60,0.003,0.02,50000.0,0.3825061917106075,rational_fit,0.0936651228599171
fixed_rational,log_slow,60,0.003,0.1,50000.0,0.3825061917106075,rational_fit,0.0936651228599171
fixed_rational,log_slow,60,0.005,0.02,50000.0,0.3825061917106075,rational_fit,0.0935051678558199
fixed_rational,log_slow,60,0.005,0.1,50000.0,0.3825061917106075,rational_fit,0.0935051678558199
fixed_rational,log_slow,60,0.01,0.02,50000.0,0.3825061917106075,rational_fit,0.0954295362787314
fixed_rational,log_slow,60,0.01,0.1,50000.0,0.3825061917106075,rational_fit,0.0954295362787314
fixed_rational,log_slow,60,0.02,0.02,50000.0,0.3825061917106075,rational_fit,0.0945954510608751
fixed_rational,log_slow,60,0.02,0.1,50000.0,0.3825061917106075,rational_fit,0.0945954510608751
fixed_rational,log_slow,70,0.0,0.02,50000.0,0.3961792165921883,rational_fit,0.0715737235977778
fixed_rational,log_slow,70,0.0,0.1,50000.0,0.3961792165921883,rational_fit,0.0715737235977778
fixed_rational,log_slow,70,0.003,0.02,50000.0,0.3961792165921883,rational_fit,0.0724734845623877
fixed_rational,log_slow,70,0.003,0.1,50000.0,0.3961792165921883,rational_fit,0.0724734845623877
fixed_rational,log_slow,70,0.005,0.02,50000.0,0.3961792165921883,rational_fit,0.070926737056075
fixed_rational,log_slow,70,0.005,0.1,50000.0,0.3961792165921883,rational_fit,0.070926737056075
fixed_rational,log_slow,70,0.01,0.02,50000.0,0.3961792165921883,rational_fit,0.0712296205220516
fixed_rational,log_slow,70,0.01,0.1,50000.0,0.3961792165921883,rational_fit,0.0712296205220516
fixed_rational,log_slow,70,0.02,0.02,50000.0,0.3961792165921883,rational_fit,0.0596729863927606
fixed_rational,log_slow,70,0.02,0.1,50000.0,0.3961792165921883,rational_fit,0.0596729863927606
fixed_rational,log_slow,80,0.0,0.02,50000.0,0.4080877018181774,rational_fit,0.0635545779234246
fixed_rational,log_slow,80,0.0,0.1,50000.0,0.4080877018181774,rational_fit,0.0635545779234246
fixed_rational,log_slow,80,0.003,0.02,50000.0,0.4080877018181774,rational_fit,0.0646276539727732
fixed_rational,log_slow,80,0.003,0.1,50000.0,0.4080877018181774,rational_fit,0.0646276539727732
fixed_rational,log_slow,80,0.005,0.02,50000.0,0.4080877018181774,rational_fit,0.0606449857652587
fixed_rational,log_slow,80,0.005,0.1,50000.0,0.4080877018181774,rational_fit,0.0606449857652587
fixed_rational,log_slow,80,0.01,0.02,50000.0,0.4080877018181774,rational_fit,0.0628782085250999
fixed_rational,log_slow,80,0.01,0.1,50000.0,0.4080877018181774,rational_fit,0.0628782085250999
fixed_rational,log_slow,80,0.02,0.02,50000.0,0.4080877018181774,rational_fit,0.0587645810240135
fixed_rational,log_slow,80,0.02,0.1,50000.0,0.4080877018181774,rational_fit,0.0587645810240135
fixed_rational,log_slow,90,0.0,0.02,50000.0,0.41863546463489,rational_fit,0.0584820409305345
fixed_rational,log_slow,90,0.0,0.1,50000.0,0.41863546463489,rational_fit,0.0584820409305345
fixed_rational,log_slow,90,0.003,0.02,50000.0,0.41863546463489,rational_fit,0.0609548949138351
fixed_rational,log_slow,90,0.003,0.1,50000.0,0.41863546463489,rational_fit,0.0609548949138351
fixed_rational,log_slow,90,0.005,0.02,50000.0,0.41863546463489,rational_fit,0.0466266482064988
fixed_rational,log_slow,90,0.005,0.1,50000.0,0.41863546463489,rational_fit,0.0466266482064988
fixed_rational,log_slow,90,0.01,0.02,50000.0,0.41863546463489,rational_fit,0.0744695518582884
fixed_rational,log_slow,90,0.01,0.1,50000.0,0.41863546463489,rational_fit,0.0744695518582884
fixed_rational,log_slow,90,0.02,0.02,50000.0,0.41863546463489,rational_fit,0.0773748996294254
fixed_rational,log_slow,90,0.02,0.1,50000.0,0.41863546463489,rational_fit,0.0773748996294254
fixed_rational,log_slow,100,0.0,0.02,50000.0,0.4281018259248643,rational_fit,0.0547618620946691
fixed_rational,log_slow,100,0.0,0.1,50000.0,0.4281018259248643,rational_fit,0.0547618620946691
fixed_rational,log_slow,100,0.003,0.02,50000.0,0.4281018259248643,rational_fit,0.0542156631382198
fixed_rational,log_slow,100,0.003,0.1,50000.0,0.4281018259248643,rational_fit,0.0542156631382198
fixed_rational,log_slow,100,0.005,0.02,50000.0,0.4281018259248643,rational_fit,0.0535605375363626
fixed_rational,log_slow,100,0.005,0.1,50000.0,0.4281018259248643,rational_fit,0.0535605375363626
fixed_rational,log_slow,100,0.01,0.02,50000.0,0.4281018259248643,rational_fit,0.0744587052620927
fixed_rational,log_slow,100,0.01,0.1,50000.0,0.4281018259248643,rational_fit,0.0744587052620927
fixed_rational,log_slow,100,0.02,0.02,50000.0,0.4281018259248643,rational_fit,0.0744327051065913
fixed_rational,log_slow,100,0.02,0.1,50000.0,0.4281018259248643,rational_fit,0.0744327051065913
fixed_rational,log_slow,110,0.0,0.02,50000.0,0.4366880503712215,rational_fit,0.051829425327556
fixed_rational,log_slow,110,0.0,0.1,50000.0,0.4366880503712215,rational_fit,0.051829425327556
fixed_rational,log_slow,110,0.003,0.02,50000.0,0.4366880503712215,rational_fit,0.0488441465824357
fixed_rational,log_slow,110,0.003,0.1,50000.0,0.4366880503712215,rational_fit,0.0488441465824357
fixed_rational,log_slow,110,0.005,0.02,50000.0,0.4366880503712215,rational_fit,0.0592835009163161
fixed_rational,log_slow,110,0.005,0.1,50000.0,0.4366880503712215,rational_fit,0.0592835009163161
fixed_rational,log_slow,110,0.01,0.02,50000.0,0.4366880503712215,rational_fit,0.0663150410883989
fixed_rational,log_slow,110,0.01,0.1,50000.0,0.4366880503712215,rational_fit,0.0663150410883989
fixed_rational,log_slow,110,0.02,0.02,50000.0,0.4366880503712215,rational_fit,0.0755485259130634
fixed_rational,log_slow,110,0.02,0.1,50000.0,0.4366880503712215,rational_fit,0.0755485259130634
fixed_rational,log_slow,120,0.0,0.02,50000.0,0.4445439678229312,rational_fit,0.0494154901156873
fixed_rational,log_slow,120,0.0,0.1,50000.0,0.4445439678229312,rational_fit,0.0494154901156873
fixed_rational,log_slow,120,0.003,0.02,50000.0,0.4445439678229312,rational_fit,0.0531132327813453
fixed_rational,log_slow,120,0.003,0.1,50000.0,0.4445439678229312,rational_fit,0.0531132327813453
fixed_rational,log_slow,120,0.005,0.02,50000.0,0.4445439678229312,rational_fit,0.0623744276762915
fixed_rational,log_slow,120,0.005,0.1,50000.0,0.4445439678229312,rational_fit,0.0623744276762915
fixed_rational,log_slow,120,0.01,0.02,50000.0,0.4445439678229312,rational_fit,0.0665627278953108
fixed_rational,log_slow,120,0.01,0.1,50000.0,0.4445439678229312,rational_fit,0.0665627278953108
fixed_rational,log_slow,120,0.02,0.02,50000.0,0.4445439678229312,rational_fit,0.0635814934134471
fixed_rational,log_slow,120,0.02,0.1,50000.0,0.4445439678229312,rational_fit,0.0635814934134471
fixed_rational,log_slow,130,0.0,0.02,50000.0,0.4517841318559988,rational_fit,0.0473694697519892
fixed_rational,log_slow,130,0.0,0.1,50000.0,0.4517841318559988,rational_fit,0.0473694697519892
fixed_rational,log_slow,130,0.003,0.02,50000.0,0.4517841318559988,rational_fit,0.0536816409789714
fixed_rational,log_slow,130,0.003,0.1,50000.0,0.4517841318559988,rational_fit,0.0536816409789714
fixed_rational,log_slow,130,0.005,0.02,50000.0,0.4517841318559988,rational_fit,0.0627509765977013
fixed_rational,log_slow,130,0.005,0.1,50000.0,0.4517841318559988,rational_fit,0.0627509765977013
fixed_rational,log_slow,130,0.01,0.02,50000.0,0.4517841318559988,rational_fit,0.0722497346949929
fixed_rational,log_slow,130,0.01,0.1,50000.0,0.4517841318559988,rational_fit,0.0722497346949929
fixed_rational,log_slow,130,0.02,0.02,50000.0,0.4517841318559988,rational_fit,0.0749286799278442
fixed_rational,log_slow,130,0.02,0.1,50000.0,0.4517841318559988,rational_fit,0.0749286799278442
fixed_rational,log_slow,140,0.0,0.02,50000.0,0.4584980924503768,rational_fit,0.0455982163733743
fixed_rational,log_slow,140,0.0,0.1,50000.0,0.4584980924503768,rational_fit,0.0455982163733743
fixed_rational,log_slow,140,0.003,0.02,50000.0,0.4584980924503768,rational_fit,0.0566213051189322
fixed_rational,log_slow,140,0.003,0.1,50000.0,0.4584980924503768,rational_fit,0.0566213051189322
fixed_rational,log_slow,140,0.005,0.02,50000.0,0.4584980924503768,rational_fit,0.0580224375711797
fixed_rational,log_slow,140,0.005,0.1,50000.0,0.4584980924503768,rational_fit,0.0580224375711797
fixed_rational,log_slow,140,0.01,0.02,50000.0,0.4584980924503768,rational_fit,0.0634642158042398
fixed_rational,log_slow,140,0.01,0.1,50000.0,0.4584980924503768,rational_fit,0.0634642158042398
fixed_rational,log_slow,140,0.02,0.02,50000.0,0.4584980924503768,rational_fit,0.0700373577217237
fixed_rational,log_slow,140,0.02,0.1,50000.0,0.4584980924503768,rational_fit,0.0700373577217237
fixed_single_exp,broken_power_law,20,0.0,0.02,50000.0,0.2043647033558935,single_exp_fit,0.0531406807143244
fixed_single_exp,broken_power_law,20,0.0,0.1,50000.0,0.2043647033558935,single_exp_fit,0.0531406807143244
fixed_single_exp,broken_power_law,20,0.003,0.02,50000.0,0.2043647033558935,single_exp_fit,0.0525478356792209
fixed_single_exp,broken_power_law,20,0.003,0.1,50000.0,0.2043647033558935,single_exp_fit,0.0525478356792209
fixed_single_exp,broken_power_law,20,0.005,0.02,50000.0,0.2043647033558935,single_exp_fit,0.054420871828849
fixed_single_exp,broken_power_law,20,0.005,0.1,50000.0,0.2043647033558935,single_exp_fit,0.054420871828849
fixed_single_exp,broken_power_law,20,0.01,0.02,50000.0,0.2043647033558935,single_exp_fit,0.051007240164973
fixed_single_exp,broken_power_law,20,0.01,0.1,50000.0,0.2043647033558935,single_exp_fit,0.051007240164973
fixed_single_exp,broken_power_law,20,0.02,0.02,50000.0,0.2043647033558935,single_exp_fit,0.056655574110513
fixed_single_exp,broken_power_law,20,0.02,0.1,50000.0,0.2043647033558935,single_exp_fit,0.056655574110513
fixed_single_exp,broken_power_law,30,0.0,0.02,50000.0,0.2901576654864911,single_exp_fit,0.0395193530298905
fixed_single_exp,broken_power_law,30,0.0,0.1,50000.0,0.2901576654864911,single_exp_fit,0.0395193530298905
fixed_single_exp,broken_power_law,30,0.003,0.02,50000.0,0.2901576654864911,single_exp_fit,0.0395396519945176
fixed_single_exp,broken_power_law,30,0.003,0.1,50000.0,0.2901576654864911,single_exp_fit,0.0395396519945176
fixed_single_exp,broken_power_law,30,0.005,0.02,50000.0,0.2901576654864911,single_exp_fit,0.0396033089185524
fixed_single_exp,broken_power_law,30,0.005,0.1,50000.0,0.2901576654864911,single_exp_fit,0.0396033089185524
fixed_single_exp,broken_power_law,30,0.01,0.02,50000.0,0.2901576654864911,single_exp_fit,0.0368515386767089
fixed_single_exp,broken_power_law,30,0.01,0.1,50000.0,0.2901576654864911,single_exp_fit,0.0368515386767089
fixed_single_exp,broken_power_law,30,0.02,0.02,50000.0,0.2901576654864911,single_exp_fit,0.0397529023803352
fixed_single_exp,broken_power_law,30,0.02,0.1,50000.0,0.2901576654864911,single_exp_fit,0.0397529023803352
fixed_single_exp,broken_power_law,40,0.0,0.02,50000.0,0.3731762489488806,single_exp_fit,0.0314710618694805
fixed_single_exp,broken_power_law,40,0.0,0.1,50000.0,0.3731762489488806,single_exp_fit,0.0314710618694805
fixed_single_exp,broken_power_law,40,0.003,0.02,50000.0,0.3731762489488806,single_exp_fit,0.0314902898695583
fixed_single_exp,broken_power_law,40,0.003,0.1,50000.0,0.3731762489488806,single_exp_fit,0.0314902898695583
fixed_single_exp,broken_power_law,40,0.005,0.02,50000.0,0.3731762489488806,single_exp_fit,0.0313960854471656
fixed_single_exp,broken_power_law,40,0.005,0.1,50000.0,0.3731762489488806,single_exp_fit,0.0313960854471656
fixed_single_exp,broken_power_law,40,0.01,0.02,50000.0,0.3731762489488806,single_exp_fit,0.0317800681226406
fixed_single_exp,broken_power_law,40,0.01,0.1,50000.0,0.3731762489488806,single_exp_fit,0.0317800681226406
fixed_single_exp,broken_power_law,40,0.02,0.02,50000.0,0.3731762489488806,single_exp_fit,0.0309233017430036
fixed_single_exp,broken_power_law,40,0.02,0.1,50000.0,0.3731762489488806,single_exp_fit,0.0309233017430036
fixed_single_exp,broken_power_law,50,0.0,0.02,50000.0,0.4541733869663374,single_exp_fit,0.0260601826099381
fixed_single_exp,broken_power_law,50,0.0,0.1,50000.0,0.4541733869663374,single_exp_fit,0.0260601826099381
fixed_single_exp,broken_power_law,50,0.003,0.02,50000.0,0.4541733869663374,single_exp_fit,0.0259992653581961
fixed_single_exp,broken_power_law,50,0.003,0.1,50000.0,0.4541733869663374,single_exp_fit,0.0259992653581961
fixed_single_exp,broken_power_law,50,0.005,0.02,50000.0,0.4541733869663374,single_exp_fit,0.0256199599924598
fixed_single_exp,broken_power_law,50,0.005,0.1,50000.0,0.4541733869663374,single_exp_fit,0.0256199599924598
fixed_single_exp,broken_power_law,50,0.01,0.02,50000.0,0.4541733869663374,single_exp_fit,0.0254660184129808
fixed_single_exp,broken_power_law,50,0.01,0.1,50000.0,0.4541733869663374,single_exp_fit,0.0254660184129808
fixed_single_exp,broken_power_law,50,0.02,0.02,50000.0,0.4541733869663374,single_exp_fit,0.0256329884933178
fixed_single_exp,broken_power_law,50,0.02,0.1,50000.0,0.4541733869663374,single_exp_fit,0.0256329884933178
fixed_single_exp,broken_power_law,60,0.0,0.02,50000.0,0.068318835938711,single_exp_fit,0.0255821495163404
fixed_single_exp,broken_power_law,60,0.003,0.02,50000.0,0.068318835938711,single_exp_fit,0.0253378328482707
fixed_single_exp,broken_power_law,60,0.005,0.02,50000.0,0.068318835938711,single_exp_fit,0.0254606082799811
fixed_single_exp,broken_power_law,60,0.01,0.02,50000.0,0.068318835938711,single_exp_fit,0.025580302623585
fixed_single_exp,broken_power_law,60,0.02,0.02,50000.0,0.068318835938711,single_exp_fit,0.0265513348667616
fixed_single_exp,broken_power_law,70,0.0,0.02,50000.0,0.0725958615029638,single_exp_fit,0.0459873942546998
fixed_single_exp,broken_power_law,70,0.003,0.02,50000.0,0.0725958615029638,single_exp_fit,0.0459567813568716
fixed_single_exp,broken_power_law,70,0.005,0.02,50000.0,0.0725958615029638,single_exp_fit,0.045997966493972
fixed_single_exp,broken_power_law,70,0.01,0.02,50000.0,0.0725958615029638,single_exp_fit,0.0459438896766017
fixed_single_exp,broken_power_law,70,0.02,0.02,50000.0,0.0725958615029638,single_exp_fit,0.0450424248720041
fixed_single_exp,broken_power_law,80,0.0,0.02,50000.0,0.0765248578423578,single_exp_fit,0.0601919213353976
fixed_single_exp,broken_power_law,80,0.003,0.02,50000.0,0.0765248578423578,single_exp_fit,0.0603017304235307
fixed_single_exp,broken_power_law,80,0.005,0.02,50000.0,0.0765248578423578,single_exp_fit,0.0603439530589811
fixed_single_exp,broken_power_law,80,0.01,0.02,50000.0,0.0765248578423578,single_exp_fit,0.0600536302586574
fixed_single_exp,broken_power_law,80,0.02,0.02,50000.0,0.0765248578423578,single_exp_fit,0.0592262654754368
fixed_single_exp,broken_power_law,90,0.0,0.02,50000.0,0.0801724362309424,single_exp_fit,0.0755387223647546
fixed_single_exp,broken_power_law,90,0.003,0.02,50000.0,0.0801724362309424,single_exp_fit,0.0754361911643003
fixed_single_exp,broken_power_law,90,0.005,0.02,50000.0,0.0801724362309424,single_exp_fit,0.0759990316856976
fixed_single_exp,broken_power_law,90,0.01,0.02,50000.0,0.0801724362309424,single_exp_fit,0.0754700611560766
fixed_single_exp,broken_power_law,90,0.02,0.02,50000.0,0.0801724362309424,single_exp_fit,0.0756246851787542
fixed_single_exp,broken_power_law,100,0.0,0.02,50000.0,0.0835866795638285,single_exp_fit,0.0917167536374472
fixed_single_exp,broken_power_law,100,0.003,0.02,50000.0,0.0835866795638285,single_exp_fit,0.0917513856027026
fixed_single_exp,broken_power_law,100,0.005,0.02,50000.0,0.0835866795638285,single_exp_fit,0.0915158674372041
fixed_single_exp,broken_power_law,100,0.01,0.02,50000.0,0.0835866795638285,single_exp_fit,0.0915033674384805
fixed_single_exp,broken_power_law,100,0.02,0.02,50000.0,0.0835866795638285,single_exp_fit,0.0906285462376745
fixed_single_exp,broken_power_law,110,0.0,0.02,50000.0,0.0868035956912711,single_exp_fit,0.1081038744908972
fixed_single_exp,broken_power_law,110,0.003,0.02,50000.0,0.0868035956912711,single_exp_fit,0.1080726435880276
fixed_single_exp,broken_power_law,110,0.005,0.02,50000.0,0.0868035956912711,single_exp_fit,0.1081160718223342
fixed_single_exp,broken_power_law,110,0.01,0.02,50000.0,0.0868035956912711,single_exp_fit,0.10860092368488
fixed_single_exp,broken_power_law,110,0.02,0.02,50000.0,0.0868035956912711,single_exp_fit,0.1090919537120744
fixed_single_exp,broken_power_law,120,0.0,0.02,50000.0,0.089850949747117,single_exp_fit,0.0843123986520242
fixed_single_exp,broken_power_law,120,0.003,0.02,50000.0,0.089850949747117,single_exp_fit,0.0807882247515041
fixed_single_exp,broken_power_law,120,0.005,0.02,50000.0,0.089850949747117,single_exp_fit,0.0801418276376035
fixed_single_exp,broken_power_law,120,0.01,0.02,50000.0,0.089850949747117,single_exp_fit,0.0741713256259183
fixed_single_exp,broken_power_law,120,0.02,0.02,50000.0,0.089850949747117,single_exp_fit,0.0978070194736625
fixed_single_exp,broken_power_law,130,0.0,0.02,50000.0,0.092750667161584,single_exp_fit,0.0802647826829094
fixed_single_exp,broken_power_law,130,0.003,0.02,50000.0,0.092750667161584,single_exp_fit,0.081378171299992
fixed_single_exp,broken_power_law,130,0.005,0.02,50000.0,0.092750667161584,single_exp_fit,0.0778145981647732
fixed_single_exp,broken_power_law,130,0.01,0.02,50000.0,0.092750667161584,single_exp_fit,0.0851590619514845
fixed_single_exp,broken_power_law,130,0.02,0.02,50000.0,0.092750667161584,single_exp_fit,0.1016440257099011
fixed_single_exp,broken_power_law,140,0.0,0.02,50000.0,0.0955204080436849,single_exp_fit,0.0767792115849944
fixed_single_exp,broken_power_law,140,0.003,0.02,50000.0,0.0955204080436849,single_exp_fit,0.0806788302970237
fixed_single_exp,broken_power_law,140,0.005,0.02,50000.0,0.0955204080436849,single_exp_fit,0.081272778366332
fixed_single_exp,broken_power_law,140,0.01,0.02,50000.0,0.0955204080436849,single_exp_fit,0.0857407248216711
fixed_single_exp,broken_power_law,140,0.02,0.02,50000.0,0.0955204080436849,single_exp_fit,0.0957111325381874
fixed_single_exp,damped_osc_pow,120,0.0,0.02,50000.0,0.0210220445446958,single_exp_fit,0.0330587306913616
fixed_single_exp,damped_osc_pow,120,0.003,0.02,50000.0,0.0210220445446958,single_exp_fit,0.0307115797944194
fixed_single_exp,damped_osc_pow,120,0.005,0.02,50000.0,0.0210220445446958,single_exp_fit,0.0346114116062151
fixed_single_exp,damped_osc_pow,120,0.01,0.02,50000.0,0.0210220445446958,single_exp_fit,0.0405091169959803
fixed_single_exp,damped_osc_pow,120,0.02,0.02,50000.0,0.0210220445446958,single_exp_fit,0.0443959441425436
fixed_single_exp,damped_osc_pow,130,0.0,0.02,50000.0,0.0221499430699973,single_exp_fit,0.0306957846694682
fixed_single_exp,damped_osc_pow,130,0.003,0.02,50000.0,0.0221499430699973,single_exp_fit,0.0280401960017795
fixed_single_exp,damped_osc_pow,130,0.005,0.02,50000.0,0.0221499430699973,single_exp_fit,0.0328841656342416
fixed_single_exp,damped_osc_pow,130,0.01,0.02,50000.0,0.0221499430699973,single_exp_fit,0.0391201510469698
fixed_single_exp,damped_osc_pow,130,0.02,0.02,50000.0,0.0221499430699973,single_exp_fit,0.0415550382367192
fixed_single_exp,damped_osc_pow,140,0.0,0.02,50000.0,0.0232494544447517,single_exp_fit,0.0287152802409401
fixed_single_exp,damped_osc_pow,140,0.003,0.02,50000.0,0.0232494544447517,single_exp_fit,0.0293861747246644
fixed_single_exp,damped_osc_pow,140,0.005,0.02,50000.0,0.0232494544447517,single_exp_fit,0.0347879088296754
fixed_single_exp,damped_osc_pow,140,0.01,0.02,50000.0,0.0232494544447517,single_exp_fit,0.0323082988678224
fixed_single_exp,damped_osc_pow,140,0.02,0.02,50000.0,0.0232494544447517,single_exp_fit,0.0355630836764203
fixed_single_exp,log_oscillatory,20,0.0,0.02,50000.0,0.232935711783342,single_exp_fit,0.1878227472882244
fixed_single_exp,log_oscillatory,20,0.0,0.1,50000.0,0.232935711783342,single_exp_fit,0.1878227472882244
fixed_single_exp,log_oscillatory,20,0.003,0.02,50000.0,0.232935711783342,single_exp_fit,0.1867804172334523
fixed_single_exp,log_oscillatory,20,0.003,0.1,50000.0,0.232935711783342,single_exp_fit,0.1867804172334523
fixed_single_exp,log_oscillatory,20,0.005,0.02,50000.0,0.232935711783342,single_exp_fit,0.1913997560504093
fixed_single_exp,log_oscillatory,20,0.005,0.1,50000.0,0.232935711783342,single_exp_fit,0.1913997560504093
fixed_single_exp,log_oscillatory,20,0.01,0.02,50000.0,0.232935711783342,single_exp_fit,0.1843511321707599
fixed_single_exp,log_oscillatory,20,0.01,0.1,50000.0,0.232935711783342,single_exp_fit,0.1843511321707599
fixed_single_exp,log_oscillatory,20,0.02,0.02,50000.0,0.232935711783342,single_exp_fit,0.188790200420827
fixed_single_exp,log_oscillatory,20,0.02,0.1,50000.0,0.232935711783342,single_exp_fit,0.188790200420827
fixed_single_exp,log_oscillatory,30,0.0,0.02,50000.0,0.3324862235710625,single_exp_fit,0.0477020850906088
fixed_single_exp,log_oscillatory,30,0.0,0.1,50000.0,0.3324862235710625,single_exp_fit,0.0477020850906088
fixed_single_exp,log_oscillatory,30,0.003,0.02,50000.0,0.3324862235710625,single_exp_fit,0.0505256047494558
fixed_single_exp,log_oscillatory,30,0.003,0.1,50000.0,0.3324862235710625,single_exp_fit,0.0505256047494558
fixed_single_exp,log_oscillatory,30,0.005,0.02,50000.0,0.3324862235710625,single_exp_fit,0.0437547842160255
fixed_single_exp,log_oscillatory,30,0.005,0.1,50000.0,0.3324862235710625,single_exp_fit,0.0437547842160255
fixed_single_exp,log_oscillatory,30,0.01,0.02,50000.0,0.3324862235710625,single_exp_fit,0.0508327159596338
fixed_single_exp,log_oscillatory,30,0.01,0.1,50000.0,0.3324862235710625,single_exp_fit,0.0508327159596338
fixed_single_exp,log_oscillatory,30,0.02,0.02,50000.0,0.3324862235710625,single_exp_fit,0.0546968928453331
fixed_single_exp,log_oscillatory,30,0.02,0.1,50000.0,0.3324862235710625,single_exp_fit,0.0546968928453331
fixed_single_exp,log_oscillatory,40,0.0,0.02,50000.0,0.3049784955005034,single_exp_fit,0.0870154926092555
fixed_single_exp,log_oscillatory,40,0.0,0.1,50000.0,0.3049784955005034,single_exp_fit,0.0870154926092555
fixed_single_exp,log_oscillatory,40,0.003,0.02,50000.0,0.3049784955005034,single_exp_fit,0.0866559219986139
fixed_single_exp,log_oscillatory,40,0.003,0.1,50000.0,0.3049784955005034,single_exp_fit,0.0866559219986139
fixed_single_exp,log_oscillatory,40,0.005,0.02,50000.0,0.3049784955005034,single_exp_fit,0.086923157527333
fixed_single_exp,log_oscillatory,40,0.005,0.1,50000.0,0.3049784955005034,single_exp_fit,0.086923157527333
fixed_single_exp,log_oscillatory,40,0.01,0.02,50000.0,0.3049784955005034,single_exp_fit,0.0867829973627962
fixed_single_exp,log_oscillatory,40,0.01,0.1,50000.0,0.3049784955005034,single_exp_fit,0.0867829973627962
fixed_single_exp,log_oscillatory,40,0.02,0.02,50000.0,0.3049784955005034,single_exp_fit,0.0877045385488109
fixed_single_exp,log_oscillatory,40,0.02,0.1,50000.0,0.3049784955005034,single_exp_fit,0.0877045385488109
fixed_single_exp,log_oscillatory,50,0.0,0.02,50000.0,0.2560336623945213,single_exp_fit,0.1323499859033274
fixed_single_exp,log_oscillatory,50,0.0,0.1,50000.0,0.2560336623945213,single_exp_fit,0.1323499859033274
fixed_single_exp,log_oscillatory,50,0.003,0.02,50000.0,0.2560336623945213,single_exp_fit,0.1321651547323194
fixed_single_exp,log_oscillatory,50,0.003,0.1,50000.0,0.2560336623945213,single_exp_fit,0.1321651547323194
fixed_single_exp,log_oscillatory,50,0.005,0.02,50000.0,0.2560336623945213,single_exp_fit,0.1322510930613339
fixed_single_exp,log_oscillatory,50,0.005,0.1,50000.0,0.2560336623945213,single_exp_fit,0.1322510930613339
fixed_single_exp,log_oscillatory,50,0.01,0.02,50000.0,0.2560336623945213,single_exp_fit,0.1331710123579225
fixed_single_exp,log_oscillatory,50,0.01,0.1,50000.0,0.2560336623945213,single_exp_fit,0.1331710123579225
fixed_single_exp,log_oscillatory,50,0.02,0.02,50000.0,0.2560336623945213,single_exp_fit,0.1296005478401686
fixed_single_exp,log_oscillatory,50,0.02,0.1,50000.0,0.2560336623945213,single_exp_fit,0.1296005478401686
fixed_single_exp,log_oscillatory,60,0.0,0.02,50000.0,0.2932175193086054,single_exp_fit,0.1452876318274698
fixed_single_exp,log_oscillatory,60,0.0,0.1,50000.0,0.2932175193086054,single_exp_fit,0.1452876318274698
fixed_single_exp,log_oscillatory,60,0.003,0.02,50000.0,0.2932175193086054,single_exp_fit,0.1451236997450021
fixed_single_exp,log_oscillatory,60,0.003,0.1,50000.0,0.2932175193086054,single_exp_fit,0.1451236997450021
fixed_single_exp,log_oscillatory,60,0.005,0.02,50000.0,0.2932175193086054,single_exp_fit,0.1455633540796468
fixed_single_exp,log_oscillatory,60,0.005,0.1,50000.0,0.2932175193086054,single_exp_fit,0.1455633540796468
fixed_single_exp,log_oscillatory,60,0.01,0.02,50000.0,0.2932175193086054,single_exp_fit,0.1446452904921887
fixed_single_exp,log_oscillatory,60,0.01,0.1,50000.0,0.2932175193086054,single_exp_fit,0.1446452904921887
fixed_single_exp,log_oscillatory,60,0.02,0.02,50000.0,0.2932175193086054,single_exp_fit,0.1460605404810968
fixed_single_exp,log_oscillatory,60,0.02,0.1,50000.0,0.2932175193086054,single_exp_fit,0.1460605404810968
fixed_single_exp,log_oscillatory,70,0.0,0.02,50000.0,0.3989157148287635,single_exp_fit,0.1402546177600027
fixed_single_exp,log_oscillatory,70,0.0,0.1,50000.0,0.3989157148287635,single_exp_fit,0.1402546177600027
fixed_single_exp,log_oscillatory,70,0.003,0.02,50000.0,0.3989157148287635,single_exp_fit,0.1401106376097344
fixed_single_exp,log_oscillatory,70,0.003,0.1,50000.0,0.3989157148287635,single_exp_fit,0.1401106376097344
fixed_single_exp,log_oscillatory,70,0.005,0.02,50000.0,0.3989157148287635,single_exp_fit,0.1409485377791201
fixed_single_exp,log_oscillatory,70,0.005,0.1,50000.0,0.3989157148287635,single_exp_fit,0.1409485377791201
fixed_single_exp,log_oscillatory,70,0.01,0.02,50000.0,0.3989157148287635,single_exp_fit,0.1400560821375883
fixed_single_exp,log_oscillatory,70,0.01,0.1,50000.0,0.3989157148287635,single_exp_fit,0.1400560821375883
fixed_single_exp,log_oscillatory,70,0.02,0.02,50000.0,0.3989157148287635,single_exp_fit,0.1403386024173717
fixed_single_exp,log_oscillatory,70,0.02,0.1,50000.0,0.3989157148287635,single_exp_fit,0.1403386024173717
fixed_single_exp,log_oscillatory,80,0.0,0.02,50000.0,0.3793183076854851,single_exp_fit,0.1175772197759342
fixed_single_exp,log_oscillatory,80,0.0,0.1,50000.0,0.3793183076854851,single_exp_fit,0.1175772197759342
fixed_single_exp,log_oscillatory,80,0.003,0.02,50000.0,0.3793183076854851,single_exp_fit,0.1175772197759341
fixed_single_exp,log_oscillatory,80,0.003,0.1,50000.0,0.3793183076854851,single_exp_fit,0.1175772197759341
fixed_single_exp,log_oscillatory,80,0.005,0.02,50000.0,0.3793183076854851,single_exp_fit,0.1175772197759341
fixed_single_exp,log_oscillatory,80,0.005,0.1,50000.0,0.3793183076854851,single_exp_fit,0.1175772197759341
fixed_single_exp,log_oscillatory,80,0.01,0.02,50000.0,0.3793183076854851,single_exp_fit,0.1175772197759008
fixed_single_exp,log_oscillatory,80,0.01,0.1,50000.0,0.3793183076854851,single_exp_fit,0.1175772197759008
fixed_single_exp,log_oscillatory,80,0.02,0.02,50000.0,0.3793183076854851,single_exp_fit,0.1175772195724814
fixed_single_exp,log_oscillatory,80,0.02,0.1,50000.0,0.3793183076854851,single_exp_fit,0.1175772195724814
fixed_single_exp,log_oscillatory,90,0.0,0.02,50000.0,0.2992564263745022,single_exp_fit,0.1175772197759337
fixed_single_exp,log_oscillatory,90,0.0,0.1,50000.0,0.2992564263745022,single_exp_fit,0.1175772197759337
fixed_single_exp,log_oscillatory,90,0.003,0.02,50000.0,0.2992564263745022,single_exp_fit,0.11757721977589
fixed_single_exp,log_oscillatory,90,0.003,0.1,50000.0,0.2992564263745022,single_exp_fit,0.11757721977589
fixed_single_exp,log_oscillatory,90,0.005,0.02,50000.0,0.2992564263745022,single_exp_fit,0.1175772196164227
fixed_single_exp,log_oscillatory,90,0.005,0.1,50000.0,0.2992564263745022,single_exp_fit,0.1175772196164227
fixed_single_exp,log_oscillatory,90,0.01,0.02,50000.0,0.2992564263745022,single_exp_fit,0.1175772197759342
fixed_single_exp,log_oscillatory,90,0.01,0.1,50000.0,0.2992564263745022,single_exp_fit,0.1175772197759342
fixed_single_exp,log_oscillatory,90,0.02,0.02,50000.0,0.2992564263745022,single_exp_fit,0.1175772196820355
fixed_single_exp,log_oscillatory,90,0.02,0.1,50000.0,0.2992564263745022,single_exp_fit,0.1175772196820355
fixed_single_exp,log_oscillatory,100,0.0,0.02,50000.0,0.3143368155863907,single_exp_fit,0.1179395674438303
fixed_single_exp,log_oscillatory,100,0.0,0.1,50000.0,0.3143368155863907,single_exp_fit,0.1179395674438303
fixed_single_exp,log_oscillatory,100,0.003,0.02,50000.0,0.3143368155863907,single_exp_fit,0.1180053884230904
fixed_single_exp,log_oscillatory,100,0.003,0.1,50000.0,0.3143368155863907,single_exp_fit,0.1180053884230904
fixed_single_exp,log_oscillatory,100,0.005,0.02,50000.0,0.3143368155863907,single_exp_fit,0.1181470263045573
fixed_single_exp,log_oscillatory,100,0.005,0.1,50000.0,0.3143368155863907,single_exp_fit,0.1181470263045573
fixed_single_exp,log_oscillatory,100,0.01,0.02,50000.0,0.3143368155863907,single_exp_fit,0.1182370380184728
fixed_single_exp,log_oscillatory,100,0.01,0.1,50000.0,0.3143368155863907,single_exp_fit,0.1182370380184728
fixed_single_exp,log_oscillatory,100,0.02,0.02,50000.0,0.3143368155863907,single_exp_fit,0.1202221030132839
fixed_single_exp,log_oscillatory,100,0.02,0.1,50000.0,0.3143368155863907,single_exp_fit,0.1202221030132839
fixed_single_exp,log_oscillatory,110,0.0,0.02,50000.0,0.4224871773479788,single_exp_fit,0.1113364150683651
fixed_single_exp,log_oscillatory,110,0.0,0.1,50000.0,0.4224871773479788,single_exp_fit,0.1113364150683651
fixed_single_exp,log_oscillatory,110,0.003,0.02,50000.0,0.4224871773479788,single_exp_fit,0.1111722561025748
fixed_single_exp,log_oscillatory,110,0.003,0.1,50000.0,0.4224871773479788,single_exp_fit,0.1111722561025748
fixed_single_exp,log_oscillatory,110,0.005,0.02,50000.0,0.4224871773479788,single_exp_fit,0.111359406454591
fixed_single_exp,log_oscillatory,110,0.005,0.1,50000.0,0.4224871773479788,single_exp_fit,0.111359406454591
fixed_single_exp,log_oscillatory,110,0.01,0.02,50000.0,0.4224871773479788,single_exp_fit,0.1107145418519011
fixed_single_exp,log_oscillatory,110,0.01,0.1,50000.0,0.4224871773479788,single_exp_fit,0.1107145418519011
fixed_single_exp,log_oscillatory,110,0.02,0.02,50000.0,0.4224871773479788,single_exp_fit,0.1126945436035779
fixed_single_exp,log_oscillatory,110,0.02,0.1,50000.0,0.4224871773479788,single_exp_fit,0.1126945436035779
fixed_single_exp,log_oscillatory,120,0.0,0.02,50000.0,0.4340556646869982,single_exp_fit,0.1175772196898569
fixed_single_exp,log_oscillatory,120,0.0,0.1,50000.0,0.4340556646869982,single_exp_fit,0.1175772196898569
fixed_single_exp,log_oscillatory,120,0.003,0.02,50000.0,0.4340556646869982,single_exp_fit,0.1175772184977543
fixed_single_exp,log_oscillatory,120,0.003,0.1,50000.0,0.4340556646869982,single_exp_fit,0.1175772184977543
fixed_single_exp,log_oscillatory,120,0.005,0.02,50000.0,0.4340556646869982,single_exp_fit,0.1175772190106966
fixed_single_exp,log_oscillatory,120,0.005,0.1,50000.0,0.4340556646869982,single_exp_fit,0.1175772190106966
fixed_single_exp,log_oscillatory,120,0.01,0.02,50000.0,0.4340556646869982,single_exp_fit,0.113646157367092
fixed_single_exp,log_oscillatory,120,0.01,0.1,50000.0,0.4340556646869982,single_exp_fit,0.113646157367092
fixed_single_exp,log_oscillatory,120,0.02,0.02,50000.0,0.4340556646869982,single_exp_fit,0.1117834427615367
fixed_single_exp,log_oscillatory,120,0.02,0.1,50000.0,0.4340556646869982,single_exp_fit,0.1117834427615367
fixed_single_exp,log_oscillatory,130,0.0,0.02,50000.0,0.3343738214430089,single_exp_fit,0.1175772197742813
fixed_single_exp,log_oscillatory,130,0.0,0.1,50000.0,0.3343738214430089,single_exp_fit,0.1175772197742813
fixed_single_exp,log_oscillatory,130,0.003,0.02,50000.0,0.3343738214430089,single_exp_fit,0.1175772140977053
fixed_single_exp,log_oscillatory,130,0.003,0.1,50000.0,0.3343738214430089,single_exp_fit,0.1175772140977053
fixed_single_exp,log_oscillatory,130,0.005,0.02,50000.0,0.3343738214430089,single_exp_fit,0.1175772187398688
fixed_single_exp,log_oscillatory,130,0.005,0.1,50000.0,0.3343738214430089,single_exp_fit,0.1175772187398688
fixed_single_exp,log_oscillatory,130,0.01,0.02,50000.0,0.3343738214430089,single_exp_fit,0.1116683884293394
fixed_single_exp,log_oscillatory,130,0.01,0.1,50000.0,0.3343738214430089,single_exp_fit,0.1116683884293394
fixed_single_exp,log_oscillatory,130,0.02,0.02,50000.0,0.3343738214430089,single_exp_fit,0.1057390920574071
fixed_single_exp,log_oscillatory,130,0.02,0.1,50000.0,0.3343738214430089,single_exp_fit,0.1057390920574071
fixed_single_exp,log_oscillatory,140,0.0,0.02,50000.0,0.3259058858325173,single_exp_fit,0.1035675747369687
fixed_single_exp,log_oscillatory,140,0.0,0.1,50000.0,0.3259058858325173,single_exp_fit,0.1035675747369687
fixed_single_exp,log_oscillatory,140,0.003,0.02,50000.0,0.3259058858325173,single_exp_fit,0.1035412190183706
fixed_single_exp,log_oscillatory,140,0.003,0.1,50000.0,0.3259058858325173,single_exp_fit,0.1035412190183706
fixed_single_exp,log_oscillatory,140,0.005,0.02,50000.0,0.3259058858325173,single_exp_fit,0.1032493196712485
fixed_single_exp,log_oscillatory,140,0.005,0.1,50000.0,0.3259058858325173,single_exp_fit,0.1032493196712485
fixed_single_exp,log_oscillatory,140,0.01,0.02,50000.0,0.3259058858325173,single_exp_fit,0.1032698356015884
fixed_single_exp,log_oscillatory,140,0.01,0.1,50000.0,0.3259058858325173,single_exp_fit,0.1032698356015884
fixed_single_exp,log_oscillatory,140,0.02,0.02,50000.0,0.3259058858325173,single_exp_fit,0.1030184540987668
fixed_single_exp,log_oscillatory,140,0.02,0.1,50000.0,0.3259058858325173,single_exp_fit,0.1030184540987668
fixed_single_exp,log_slow,20,0.0,0.02,50000.0,0.2886523358250798,single_exp_fit,0.1891543435256394
fixed_single_exp,log_slow,20,0.0,0.1,50000.0,0.2886523358250798,single_exp_fit,0.1891543435256394
fixed_single_exp,log_slow,20,0.003,0.02,50000.0,0.2886523358250798,single_exp_fit,0.1886015282063227
fixed_single_exp,log_slow,20,0.003,0.1,50000.0,0.2886523358250798,single_exp_fit,0.1886015282063227
fixed_single_exp,log_slow,20,0.005,0.02,50000.0,0.2886523358250798,single_exp_fit,0.1889030439912215
fixed_single_exp,log_slow,20,0.005,0.1,50000.0,0.2886523358250798,single_exp_fit,0.1889030439912215
fixed_single_exp,log_slow,20,0.01,0.02,50000.0,0.2886523358250798,single_exp_fit,0.1906095166091042
fixed_single_exp,log_slow,20,0.01,0.1,50000.0,0.2886523358250798,single_exp_fit,0.1906095166091042
fixed_single_exp,log_slow,20,0.02,0.02,50000.0,0.2886523358250798,single_exp_fit,0.1806578854767907
fixed_single_exp,log_slow,20,0.02,0.1,50000.0,0.2886523358250798,single_exp_fit,0.1806578854767907
fixed_single_exp,log_slow,30,0.0,0.02,50000.0,0.3223648749744652,single_exp_fit,0.1679159135015613
fixed_single_exp,log_slow,30,0.0,0.1,50000.0,0.3223648749744652,single_exp_fit,0.1679159135015613
fixed_single_exp,log_slow,30,0.003,0.02,50000.0,0.3223648749744652,single_exp_fit,0.1689350595076848
fixed_single_exp,log_slow,30,0.003,0.1,50000.0,0.3223648749744652,single_exp_fit,0.1689350595076848
fixed_single_exp,log_slow,30,0.005,0.02,50000.0,0.3223648749744652,single_exp_fit,0.1688339112647536
fixed_single_exp,log_slow,30,0.005,0.1,50000.0,0.3223648749744652,single_exp_fit,0.1688339112647536
fixed_single_exp,log_slow,30,0.01,0.02,50000.0,0.3223648749744652,single_exp_fit,0.1673727499910287
fixed_single_exp,log_slow,30,0.01,0.1,50000.0,0.3223648749744652,single_exp_fit,0.1673727499910287
fixed_single_exp,log_slow,30,0.02,0.02,50000.0,0.3223648749744652,single_exp_fit,0.1687784574099845
fixed_single_exp,log_slow,30,0.02,0.1,50000.0,0.3223648749744652,single_exp_fit,0.1687784574099845
fixed_single_exp,log_slow,40,0.0,0.02,50000.0,0.3470134055140294,single_exp_fit,0.1540074596567493
fixed_single_exp,log_slow,40,0.0,0.1,50000.0,0.3470134055140294,single_exp_fit,0.1540074596567493
fixed_single_exp,log_slow,40,0.003,0.02,50000.0,0.3470134055140294,single_exp_fit,0.153908656290017
fixed_single_exp,log_slow,40,0.003,0.1,50000.0,0.3470134055140294,single_exp_fit,0.153908656290017
fixed_single_exp,log_slow,40,0.005,0.02,50000.0,0.3470134055140294,single_exp_fit,0.1541890980619962
fixed_single_exp,log_slow,40,0.005,0.1,50000.0,0.3470134055140294,single_exp_fit,0.1541890980619962
fixed_single_exp,log_slow,40,0.01,0.02,50000.0,0.3470134055140294,single_exp_fit,0.1540161103652681
fixed_single_exp,log_slow,40,0.01,0.1,50000.0,0.3470134055140294,single_exp_fit,0.1540161103652681
fixed_single_exp,log_slow,40,0.02,0.02,50000.0,0.3470134055140294,single_exp_fit,0.1561614631716945
fixed_single_exp,log_slow,40,0.02,0.1,50000.0,0.3470134055140294,single_exp_fit,0.1561614631716945
fixed_single_exp,log_slow,50,0.0,0.02,50000.0,0.3664532001500322,single_exp_fit,0.1439122513811107
fixed_single_exp,log_slow,50,0.0,0.1,50000.0,0.3664532001500322,single_exp_fit,0.1439122513811107
fixed_single_exp,log_slow,50,0.003,0.02,50000.0,0.3664532001500322,single_exp_fit,0.1437558527674501
fixed_single_exp,log_slow,50,0.003,0.1,50000.0,0.3664532001500322,single_exp_fit,0.1437558527674501
fixed_single_exp,log_slow,50,0.005,0.02,50000.0,0.3664532001500322,single_exp_fit,0.1441769756983826
fixed_single_exp,log_slow,50,0.005,0.1,50000.0,0.3664532001500322,single_exp_fit,0.1441769756983826
fixed_single_exp,log_slow,50,0.01,0.02,50000.0,0.3664532001500322,single_exp_fit,0.1441975286541396
fixed_single_exp,log_slow,50,0.01,0.1,50000.0,0.3664532001500322,single_exp_fit,0.1441975286541396
fixed_single_exp,log_slow,50,0.02,0.02,50000.0,0.3664532001500322,single_exp_fit,0.144058897072409
fixed_single_exp,log_slow,50,0.02,0.1,50000.0,0.3664532001500322,single_exp_fit,0.144058897072409
fixed_single_exp,log_slow,60,0.0,0.02,50000.0,0.3825061917106075,single_exp_fit,0.136110055624479
fixed_single_exp,log_slow,60,0.0,0.1,50000.0,0.3825061917106075,single_exp_fit,0.136110055624479
fixed_single_exp,log_slow,60,0.003,0.02,50000.0,0.3825061917106075,single_exp_fit,0.136182564994599
fixed_single_exp,log_slow,60,0.003,0.1,50000.0,0.3825061917106075,single_exp_fit,0.136182564994599
fixed_single_exp,log_slow,60,0.005,0.02,50000.0,0.3825061917106075,single_exp_fit,0.1362292084721308
fixed_single_exp,log_slow,60,0.005,0.1,50000.0,0.3825061917106075,single_exp_fit,0.1362292084721308
fixed_single_exp,log_slow,60,0.01,0.02,50000.0,0.3825061917106075,single_exp_fit,0.1369977980396918
fixed_single_exp,log_slow,60,0.01,0.1,50000.0,0.3825061917106075,single_exp_fit,0.1369977980396918
fixed_single_exp,log_slow,60,0.02,0.02,50000.0,0.3825061917106075,single_exp_fit,0.1383453544317077
fixed_single_exp,log_slow,60,0.02,0.1,50000.0,0.3825061917106075,single_exp_fit,0.1383453544317077
fixed_single_exp,log_slow,70,0.0,0.02,50000.0,0.3961792165921883,single_exp_fit,0.1085619163560006
fixed_single_exp,log_slow,70,0.0,0.1,50000.0,0.3961792165921883,single_exp_fit,0.1085619163560006
fixed_single_exp,log_slow,70,0.003,0.02,50000.0,0.3961792165921883,single_exp_fit,0.1090197460475966
fixed_single_exp,log_slow,70,0.003,0.1,50000.0,0.3961792165921883,single_exp_fit,0.1090197460475966
fixed_single_exp,log_slow,70,0.005,0.02,50000.0,0.3961792165921883,single_exp_fit,0.108673046941307
fixed_single_exp,log_slow,70,0.005,0.1,50000.0,0.3961792165921883,single_exp_fit,0.108673046941307
fixed_single_exp,log_slow,70,0.01,0.02,50000.0,0.3961792165921883,single_exp_fit,0.1080561529216464
fixed_single_exp,log_slow,70,0.01,0.1,50000.0,0.3961792165921883,single_exp_fit,0.1080561529216464
fixed_single_exp,log_slow,70,0.02,0.02,50000.0,0.3961792165921883,single_exp_fit,0.1029160574183408
fixed_single_exp,log_slow,70,0.02,0.1,50000.0,0.3961792165921883,single_exp_fit,0.1029160574183408
fixed_single_exp,log_slow,80,0.0,0.02,50000.0,0.4080877018181774,single_exp_fit,0.0972481805854837
fixed_single_exp,log_slow,80,0.0,0.1,50000.0,0.4080877018181774,single_exp_fit,0.0972481805854837
fixed_single_exp,log_slow,80,0.003,0.02,50000.0,0.4080877018181774,single_exp_fit,0.0977240216150249
fixed_single_exp,log_slow,80,0.003,0.1,50000.0,0.4080877018181774,single_exp_fit,0.0977240216150249
fixed_single_exp,log_slow,80,0.005,0.02,50000.0,0.4080877018181774,single_exp_fit,0.0958192930157052
fixed_single_exp,log_slow,80,0.005,0.1,50000.0,0.4080877018181774,single_exp_fit,0.0958192930157052
fixed_single_exp,log_slow,80,0.01,0.02,50000.0,0.4080877018181774,single_exp_fit,0.0960231246277171
fixed_single_exp,log_slow,80,0.01,0.1,50000.0,0.4080877018181774,single_exp_fit,0.0960231246277171
fixed_single_exp,log_slow,80,0.02,0.02,50000.0,0.4080877018181774,single_exp_fit,0.0972981400558661
fixed_single_exp,log_slow,80,0.02,0.1,50000.0,0.4080877018181774,single_exp_fit,0.0972981400558661
fixed_single_exp,log_slow,90,0.0,0.02,50000.0,0.41863546463489,single_exp_fit,0.0898023564202513
fixed_single_exp,log_slow,90,0.0,0.1,50000.0,0.41863546463489,single_exp_fit,0.0898023564202513
fixed_single_exp,log_slow,90,0.003,0.02,50000.0,0.41863546463489,single_exp_fit,0.0913950729231914
fixed_single_exp,log_slow,90,0.003,0.1,50000.0,0.41863546463489,single_exp_fit,0.0913950729231914
fixed_single_exp,log_slow,90,0.005,0.02,50000.0,0.41863546463489,single_exp_fit,0.084848187967093
fixed_single_exp,log_slow,90,0.005,0.1,50000.0,0.41863546463489,single_exp_fit,0.084848187967093
fixed_single_exp,log_slow,90,0.01,0.02,50000.0,0.41863546463489,single_exp_fit,0.0948276254983522
fixed_single_exp,log_slow,90,0.01,0.1,50000.0,0.41863546463489,single_exp_fit,0.0948276254983522
fixed_single_exp,log_slow,90,0.02,0.02,50000.0,0.41863546463489,single_exp_fit,0.099051355114574
fixed_single_exp,log_slow,90,0.02,0.1,50000.0,0.41863546463489,single_exp_fit,0.099051355114574
fixed_single_exp,log_slow,100,0.0,0.02,50000.0,0.4281018259248643,single_exp_fit,0.0842638606630544
fixed_single_exp,log_slow,100,0.0,0.1,50000.0,0.4281018259248643,single_exp_fit,0.0842638606630544
fixed_single_exp,log_slow,100,0.003,0.02,50000.0,0.4281018259248643,single_exp_fit,0.0847092223875836
fixed_single_exp,log_slow,100,0.003,0.1,50000.0,0.4281018259248643,single_exp_fit,0.0847092223875836
fixed_single_exp,log_slow,100,0.005,0.02,50000.0,0.4281018259248643,single_exp_fit,0.0842170444614686
fixed_single_exp,log_slow,100,0.005,0.1,50000.0,0.4281018259248643,single_exp_fit,0.0842170444614686
fixed_single_exp,log_slow,100,0.01,0.02,50000.0,0.4281018259248643,single_exp_fit,0.0912747712275401
fixed_single_exp,log_slow,100,0.01,0.1,50000.0,0.4281018259248643,single_exp_fit,0.0912747712275401
fixed_single_exp,log_slow,100,0.02,0.02,50000.0,0.4281018259248643,single_exp_fit,0.0974258106555723
fixed_single_exp,log_slow,100,0.02,0.1,50000.0,0.4281018259248643,single_exp_fit,0.0974258106555723
fixed_single_exp,log_slow,110,0.0,0.02,50000.0,0.4366880503712215,single_exp_fit,0.0798777570013377
fixed_single_exp,log_slow,110,0.0,0.1,50000.0,0.4366880503712215,single_exp_fit,0.0798777570013377
fixed_single_exp,log_slow,110,0.003,0.02,50000.0,0.4366880503712215,single_exp_fit,0.0789406397583642
fixed_single_exp,log_slow,110,0.003,0.1,50000.0,0.4366880503712215,single_exp_fit,0.0789406397583642
fixed_single_exp,log_slow,110,0.005,0.02,50000.0,0.4366880503712215,single_exp_fit,0.0819389412908068
fixed_single_exp,log_slow,110,0.005,0.1,50000.0,0.4366880503712215,single_exp_fit,0.0819389412908068
fixed_single_exp,log_slow,110,0.01,0.02,50000.0,0.4366880503712215,single_exp_fit,0.0862384173358852
fixed_single_exp,log_slow,110,0.01,0.1,50000.0,0.4366880503712215,single_exp_fit,0.0862384173358852
fixed_single_exp,log_slow,110,0.02,0.02,50000.0,0.4366880503712215,single_exp_fit,0.0874522919572756
fixed_single_exp,log_slow,110,0.02,0.1,50000.0,0.4366880503712215,single_exp_fit,0.0874522919572756
fixed_single_exp,log_slow,120,0.0,0.02,50000.0,0.4445439678229312,single_exp_fit,0.0762652468509486
fixed_single_exp,log_slow,120,0.0,0.1,50000.0,0.4445439678229312,single_exp_fit,0.0762652468509486
fixed_single_exp,log_slow,120,0.003,0.02,50000.0,0.4445439678229312,single_exp_fit,0.077359598499498
fixed_single_exp,log_slow,120,0.003,0.1,50000.0,0.4445439678229312,single_exp_fit,0.077359598499498
fixed_single_exp,log_slow,120,0.005,0.02,50000.0,0.4445439678229312,single_exp_fit,0.0828996204785894
fixed_single_exp,log_slow,120,0.005,0.1,50000.0,0.4445439678229312,single_exp_fit,0.0828996204785894
fixed_single_exp,log_slow,120,0.01,0.02,50000.0,0.4445439678229312,single_exp_fit,0.0876506001518364
fixed_single_exp,log_slow,120,0.01,0.1,50000.0,0.4445439678229312,single_exp_fit,0.0876506001518364
fixed_single_exp,log_slow,120,0.02,0.02,50000.0,0.4445439678229312,single_exp_fit,0.0900301314637688
fixed_single_exp,log_slow,120,0.02,0.1,50000.0,0.4445439678229312,single_exp_fit,0.0900301314637688
fixed_single_exp,log_slow,130,0.0,0.02,50000.0,0.4517841318559988,single_exp_fit,0.0732075736834563
fixed_single_exp,log_slow,130,0.0,0.1,50000.0,0.4517841318559988,single_exp_fit,0.0732075736834563
fixed_single_exp,log_slow,130,0.003,0.02,50000.0,0.4517841318559988,single_exp_fit,0.0761208341288817
fixed_single_exp,log_slow,130,0.003,0.1,50000.0,0.4517841318559988,single_exp_fit,0.0761208341288817
fixed_single_exp,log_slow,130,0.005,0.02,50000.0,0.4517841318559988,single_exp_fit,0.0819502470041528
fixed_single_exp,log_slow,130,0.005,0.1,50000.0,0.4517841318559988,single_exp_fit,0.0819502470041528
fixed_single_exp,log_slow,130,0.01,0.02,50000.0,0.4517841318559988,single_exp_fit,0.0898497875142423
fixed_single_exp,log_slow,130,0.01,0.1,50000.0,0.4517841318559988,single_exp_fit,0.0898497875142423
fixed_single_exp,log_slow,130,0.02,0.02,50000.0,0.4517841318559988,single_exp_fit,0.090418759502175
fixed_single_exp,log_slow,130,0.02,0.1,50000.0,0.4517841318559988,single_exp_fit,0.090418759502175
fixed_single_exp,log_slow,140,0.0,0.02,50000.0,0.4584980924503768,single_exp_fit,0.0705666094739963
fixed_single_exp,log_slow,140,0.0,0.1,50000.0,0.4584980924503768,single_exp_fit,0.0705666094739963
fixed_single_exp,log_slow,140,0.003,0.02,50000.0,0.4584980924503768,single_exp_fit,0.0761654478814702
fixed_single_exp,log_slow,140,0.003,0.1,50000.0,0.4584980924503768,single_exp_fit,0.0761654478814702
fixed_single_exp,log_slow,140,0.005,0.02,50000.0,0.4584980924503768,single_exp_fit,0.0775704197975376
fixed_single_exp,log_slow,140,0.005,0.1,50000.0,0.4584980924503768,single_exp_fit,0.0775704197975376
fixed_single_exp,log_slow,140,0.01,0.02,50000.0,0.4584980924503768,single_exp_fit,0.0863435171088263
fixed_single_exp,log_slow,140,0.01,0.1,50000.0,0.4584980924503768,single_exp_fit,0.0863435171088263
fixed_single_exp,log_slow,140,0.02,0.02,50000.0,0.4584980924503768,single_exp_fit,0.0866325702098657
fixed_single_exp,log_slow,140,0.02,0.1,50000.0,0.4584980924503768,single_exp_fit,0.0866325702098657
phase2_cascade,broken_power_law,20,0.0,0.02,50000.0,0.2043647033558935,richardson_1,0.0481110979581158
phase2_cascade,broken_power_law,20,0.0,0.1,50000.0,0.2043647033558935,richardson_1,0.0481110979581158
phase2_cascade,broken_power_law,20,0.003,0.02,50000.0,0.2043647033558935,richardson_1,0.0480605024759476
phase2_cascade,broken_power_law,20,0.003,0.1,50000.0,0.2043647033558935,richardson_1,0.0480605024759476
phase2_cascade,broken_power_law,20,0.005,0.02,50000.0,0.2043647033558935,richardson_1,0.0441571524595027
phase2_cascade,broken_power_law,20,0.005,0.1,50000.0,0.2043647033558935,richardson_1,0.0441571524595027
phase2_cascade,broken_power_law,20,0.01,0.02,50000.0,0.2043647033558935,richardson_1,0.0438242074432639
phase2_cascade,broken_power_law,20,0.01,0.1,50000.0,0.2043647033558935,richardson_1,0.0438242074432639
phase2_cascade,broken_power_law,20,0.02,0.02,50000.0,0.2043647033558935,richardson_1,0.0320380695370782
phase2_cascade,broken_power_law,20,0.02,0.1,50000.0,0.2043647033558935,richardson_1,0.0320380695370782
phase2_cascade,broken_power_law,30,0.0,0.02,50000.0,0.2901576654864911,richardson_1,0.0474795622504851
phase2_cascade,broken_power_law,30,0.0,0.1,50000.0,0.2901576654864911,richardson_1,0.0474795622504851
phase2_cascade,broken_power_law,30,0.003,0.02,50000.0,0.2901576654864911,richardson_1,0.0445630990455514
phase2_cascade,broken_power_law,30,0.003,0.1,50000.0,0.2901576654864911,richardson_1,0.0445630990455514
phase2_cascade,broken_power_law,30,0.005,0.02,50000.0,0.2901576654864911,richardson_1,0.0439880302288095
phase2_cascade,broken_power_law,30,0.005,0.1,50000.0,0.2901576654864911,richardson_1,0.0439880302288095
phase2_cascade,broken_power_law,30,0.01,0.02,50000.0,0.2901576654864911,richardson_1,0.0454949857636111
phase2_cascade,broken_power_law,30,0.01,0.1,50000.0,0.2901576654864911,richardson_1,0.0454949857636111
phase2_cascade,broken_power_law,30,0.02,0.02,50000.0,0.2901576654864911,richardson_1,0.0329014778134102
phase2_cascade,broken_power_law,30,0.02,0.1,50000.0,0.2901576654864911,richardson_1,0.0329014778134102
phase2_cascade,broken_power_law,40,0.0,0.02,50000.0,0.3731762489488806,richardson_1,0.0422640853294346
phase2_cascade,broken_power_law,40,0.0,0.1,50000.0,0.3731762489488806,richardson_1,0.0422640853294346
phase2_cascade,broken_power_law,40,0.003,0.02,50000.0,0.3731762489488806,richardson_1,0.0381491332284374
phase2_cascade,broken_power_law,40,0.003,0.1,50000.0,0.3731762489488806,richardson_1,0.0381491332284374
phase2_cascade,broken_power_law,40,0.005,0.02,50000.0,0.3731762489488806,richardson_1,0.0388459016268494
phase2_cascade,broken_power_law,40,0.005,0.1,50000.0,0.3731762489488806,richardson_1,0.0388459016268494
phase2_cascade,broken_power_law,40,0.01,0.02,50000.0,0.3731762489488806,richardson_1,0.0320921331594415
phase2_cascade,broken_power_law,40,0.01,0.1,50000.0,0.3731762489488806,richardson_1,0.0320921331594415
phase2_cascade,broken_power_law,40,0.02,0.02,50000.0,0.3731762489488806,richardson_1,0.031877531752391
phase2_cascade,broken_power_law,40,0.02,0.1,50000.0,0.3731762489488806,richardson_1,0.031877531752391
phase2_cascade,broken_power_law,50,0.0,0.02,50000.0,0.4541733869663374,richardson_1,0.0390728201239195
phase2_cascade,broken_power_law,50,0.0,0.1,50000.0,0.4541733869663374,richardson_1,0.0390728201239195
phase2_cascade,broken_power_law,50,0.003,0.02,50000.0,0.4541733869663374,richardson_1,0.0359330025413532
phase2_cascade,broken_power_law,50,0.003,0.1,50000.0,0.4541733869663374,richardson_1,0.0359330025413532
phase2_cascade,broken_power_law,50,0.005,0.02,50000.0,0.4541733869663374,richardson_1,0.0364132242279713
phase2_cascade,broken_power_law,50,0.005,0.1,50000.0,0.4541733869663374,richardson_1,0.0364132242279713
phase2_cascade,broken_power_law,50,0.01,0.02,50000.0,0.4541733869663374,richardson_1,0.0321276318419637
phase2_cascade,broken_power_law,50,0.01,0.1,50000.0,0.4541733869663374,richardson_1,0.0321276318419637
phase2_cascade,broken_power_law,50,0.02,0.02,50000.0,0.4541733869663374,richardson_1,0.0320788943567576
phase2_cascade,broken_power_law,50,0.02,0.1,50000.0,0.4541733869663374,richardson_1,0.0320788943567576
phase2_cascade,broken_power_law,60,0.0,0.02,50000.0,0.068318835938711,richardson_1,0.0234757003182831
phase2_cascade,broken_power_law,60,0.003,0.02,50000.0,0.068318835938711,richardson_1,0.0235499186791445
phase2_cascade,broken_power_law,60,0.005,0.02,50000.0,0.068318835938711,richardson_1,0.0222415695828966
phase2_cascade,broken_power_law,60,0.01,0.02,50000.0,0.068318835938711,richardson_1,0.022175504409294
phase2_cascade,broken_power_law,60,0.02,0.02,50000.0,0.068318835938711,richardson_1,0.0175616670132671
phase2_cascade,broken_power_law,70,0.0,0.02,50000.0,0.0725958615029638,rational_fit,0.0476482597541766
phase2_cascade,broken_power_law,70,0.003,0.02,50000.0,0.0725958615029638,rational_fit,0.047610078149567
phase2_cascade,broken_power_law,70,0.005,0.02,50000.0,0.0725958615029638,rational_fit,0.0476086786348658
phase2_cascade,broken_power_law,70,0.01,0.02,50000.0,0.0725958615029638,rational_fit,0.0476245354411338
phase2_cascade,broken_power_law,70,0.02,0.02,50000.0,0.0725958615029638,rational_fit,0.0475922785126595
phase2_cascade,broken_power_law,80,0.0,0.02,50000.0,0.0765248578423578,rational_fit,0.0601919213988252
phase2_cascade,broken_power_law,80,0.003,0.02,50000.0,0.0765248578423578,rational_fit,0.0603017302584133
phase2_cascade,broken_power_law,80,0.005,0.02,50000.0,0.0765248578423578,rational_fit,0.0603439532740909
phase2_cascade,broken_power_law,80,0.01,0.02,50000.0,0.0765248578423578,rational_fit,0.0600536295217107
phase2_cascade,broken_power_law,80,0.02,0.02,50000.0,0.0765248578423578,rational_fit,0.0592262653172015
phase2_cascade,broken_power_law,90,0.0,0.02,50000.0,0.0801724362309424,rational_fit,0.0755387222759075
phase2_cascade,broken_power_law,90,0.003,0.02,50000.0,0.0801724362309424,rational_fit,0.07543619494221
phase2_cascade,broken_power_law,90,0.005,0.02,50000.0,0.0801724362309424,rational_fit,0.07600005246815
phase2_cascade,broken_power_law,90,0.01,0.02,50000.0,0.0801724362309424,rational_fit,0.0754700611598572
phase2_cascade,broken_power_law,90,0.02,0.02,50000.0,0.0801724362309424,rational_fit,0.0756239099723758
phase2_cascade,broken_power_law,100,0.0,0.02,50000.0,0.0835866795638285,rational_fit,0.0917167536105827
phase2_cascade,broken_power_law,100,0.003,0.02,50000.0,0.0835866795638285,rational_fit,0.0917513855729002
phase2_cascade,broken_power_law,100,0.005,0.02,50000.0,0.0835866795638285,rational_fit,0.0915158673427844
phase2_cascade,broken_power_law,100,0.01,0.02,50000.0,0.0835866795638285,rational_fit,0.0915033696438785
phase2_cascade,broken_power_law,100,0.02,0.02,50000.0,0.0835866795638285,rational_fit,0.0906285957981309
phase2_cascade,broken_power_law,110,0.0,0.02,50000.0,0.0868035956912711,rational_fit,0.1081038744537916
phase2_cascade,broken_power_law,110,0.003,0.02,50000.0,0.0868035956912711,rational_fit,0.1080726435517759
phase2_cascade,broken_power_law,110,0.005,0.02,50000.0,0.0868035956912711,rational_fit,0.1081160766979514
phase2_cascade,broken_power_law,110,0.01,0.02,50000.0,0.0868035956912711,rational_fit,0.1086009238222078
phase2_cascade,broken_power_law,110,0.02,0.02,50000.0,0.0868035956912711,rational_fit,0.1090919528795768
phase2_cascade,broken_power_law,120,0.0,0.02,50000.0,0.089850949747117,richardson_1,0.0026087849954193
phase2_cascade,broken_power_law,120,0.003,0.02,50000.0,0.089850949747117,richardson_1,0.0312769598981031
phase2_cascade,broken_power_law,120,0.005,0.02,50000.0,0.089850949747117,richardson_1,0.0280117358186304
phase2_cascade,broken_power_law,120,0.01,0.02,50000.0,0.089850949747117,richardson_1,0.0683713010328194
phase2_cascade,broken_power_law,120,0.02,0.02,50000.0,0.089850949747117,rational_fit,0.0521304445951786
phase2_cascade,broken_power_law,130,0.0,0.02,50000.0,0.092750667161584,richardson_1,0.002176841272145
phase2_cascade,broken_power_law,130,0.003,0.02,50000.0,0.092750667161584,richardson_1,0.033312890655269
phase2_cascade,broken_power_law,130,0.005,0.02,50000.0,0.092750667161584,richardson_1,0.0323236953611648
phase2_cascade,broken_power_law,130,0.01,0.02,50000.0,0.092750667161584,rational_fit,0.0512153912761561
phase2_cascade,broken_power_law,130,0.02,0.02,50000.0,0.092750667161584,rational_fit,0.0662584259315635
phase2_cascade,broken_power_law,140,0.0,0.02,50000.0,0.0955204080436849,richardson_1,0.0018527957888255
phase2_cascade,broken_power_law,140,0.003,0.02,50000.0,0.0955204080436849,richardson_1,0.04944946166634
phase2_cascade,broken_power_law,140,0.005,0.02,50000.0,0.0955204080436849,richardson_1,0.0459675992908046
phase2_cascade,broken_power_law,140,0.01,0.02,50000.0,0.0955204080436849,rational_fit,0.0548972422248763
phase2_cascade,broken_power_law,140,0.02,0.02,50000.0,0.0955204080436849,rational_fit,0.065809138659111
phase2_cascade,damped_osc_pow,120,0.0,0.02,50000.0,0.0210220445446958,richardson_1,0.0019154704458645
phase2_cascade,damped_osc_pow,120,0.003,0.02,50000.0,0.0210220445446958,richardson_1,0.0173877363770713
phase2_cascade,damped_osc_pow,120,0.005,0.02,50000.0,0.0210220445446958,richardson_1,0.0170509389773021
phase2_cascade,damped_osc_pow,120,0.01,0.02,50000.0,0.0210220445446958,rational_fit,0.0196421894090123
phase2_cascade,damped_osc_pow,120,0.02,0.02,50000.0,0.0210220445446958,rational_fit,0.0154510162206606
phase2_cascade,damped_osc_pow,130,0.0,0.02,50000.0,0.0221499430699973,richardson_1,0.0016194718672184
phase2_cascade,damped_osc_pow,130,0.003,0.02,50000.0,0.0221499430699973,richardson_1,0.0161696922492018
phase2_cascade,damped_osc_pow,130,0.005,0.02,50000.0,0.0221499430699973,richardson_1,0.020219944160475
phase2_cascade,damped_osc_pow,130,0.01,0.02,50000.0,0.0221499430699973,rational_fit,0.0169883806795167
phase2_cascade,damped_osc_pow,130,0.02,0.02,50000.0,0.0221499430699973,rational_fit,0.0152342909399726
phase2_cascade,damped_osc_pow,140,0.0,0.02,50000.0,0.0232494544447517,richardson_1,0.0013939855313244
phase2_cascade,damped_osc_pow,140,0.003,0.02,50000.0,0.0232494544447517,richardson_1,0.0166723121887353
phase2_cascade,damped_osc_pow,140,0.005,0.02,50000.0,0.0232494544447517,richardson_1,0.0164843889924765
phase2_cascade,damped_osc_pow,140,0.01,0.02,50000.0,0.0232494544447517,rational_fit,0.013177020756866
phase2_cascade,damped_osc_pow,140,0.02,0.02,50000.0,0.0232494544447517,rational_fit,0.0165111874327694
phase2_cascade,log_oscillatory,20,0.0,0.02,50000.0,0.232935711783342,richardson_1,0.0583088659640898
phase2_cascade,log_oscillatory,20,0.0,0.1,50000.0,0.232935711783342,richardson_1,0.0583088659640898
phase2_cascade,log_oscillatory,20,0.003,0.02,50000.0,0.232935711783342,richardson_1,0.0593397346671396
phase2_cascade,log_oscillatory,20,0.003,0.1,50000.0,0.232935711783342,richardson_1,0.0593397346671396
phase2_cascade,log_oscillatory,20,0.005,0.02,50000.0,0.232935711783342,richardson_1,0.0590753744855637
phase2_cascade,log_oscillatory,20,0.005,0.1,50000.0,0.232935711783342,richardson_1,0.0590753744855637
phase2_cascade,log_oscillatory,20,0.01,0.02,50000.0,0.232935711783342,richardson_1,0.0592982357630788
phase2_cascade,log_oscillatory,20,0.01,0.1,50000.0,0.232935711783342,richardson_1,0.0592982357630788
phase2_cascade,log_oscillatory,20,0.02,0.02,50000.0,0.232935711783342,richardson_1,0.0572227136987522
phase2_cascade,log_oscillatory,20,0.02,0.1,50000.0,0.232935711783342,richardson_1,0.0572227136987522
phase2_cascade,log_oscillatory,30,0.0,0.02,50000.0,0.3324862235710625,richardson_1,0.079990847072341
phase2_cascade,log_oscillatory,30,0.0,0.1,50000.0,0.3324862235710625,richardson_1,0.079990847072341
phase2_cascade,log_oscillatory,30,0.003,0.02,50000.0,0.3324862235710625,richardson_1,0.0800220920891738
phase2_cascade,log_oscillatory,30,0.003,0.1,50000.0,0.3324862235710625,richardson_1,0.0800220920891738
phase2_cascade,log_oscillatory,30,0.005,0.02,50000.0,0.3324862235710625,richardson_1,0.08029048253655
phase2_cascade,log_oscillatory,30,0.005,0.1,50000.0,0.3324862235710625,richardson_1,0.08029048253655
phase2_cascade,log_oscillatory,30,0.01,0.02,50000.0,0.3324862235710625,richardson_1,0.0813158317573403
phase2_cascade,log_oscillatory,30,0.01,0.1,50000.0,0.3324862235710625,richardson_1,0.0813158317573403
phase2_cascade,log_oscillatory,30,0.02,0.02,50000.0,0.3324862235710625,richardson_1,0.0811454668681238
phase2_cascade,log_oscillatory,30,0.02,0.1,50000.0,0.3324862235710625,richardson_1,0.0811454668681238
phase2_cascade,log_oscillatory,40,0.0,0.02,50000.0,0.3049784955005034,richardson_1,0.0859429717821872
phase2_cascade,log_oscillatory,40,0.0,0.1,50000.0,0.3049784955005034,richardson_1,0.0859429717821872
phase2_cascade,log_oscillatory,40,0.003,0.02,50000.0,0.3049784955005034,richardson_1,0.0859725977519731
phase2_cascade,log_oscillatory,40,0.003,0.1,50000.0,0.3049784955005034,richardson_1,0.0859725977519731
phase2_cascade,log_oscillatory,40,0.005,0.02,50000.0,0.3049784955005034,richardson_1,0.085693933375041
phase2_cascade,log_oscillatory,40,0.005,0.1,50000.0,0.3049784955005034,richardson_1,0.085693933375041
phase2_cascade,log_oscillatory,40,0.01,0.02,50000.0,0.3049784955005034,richardson_1,0.0861628087364798
phase2_cascade,log_oscillatory,40,0.01,0.1,50000.0,0.3049784955005034,richardson_1,0.0861628087364798
phase2_cascade,log_oscillatory,40,0.02,0.02,50000.0,0.3049784955005034,richardson_1,0.0846778769106801
phase2_cascade,log_oscillatory,40,0.02,0.1,50000.0,0.3049784955005034,richardson_1,0.0846778769106801
phase2_cascade,log_oscillatory,50,0.0,0.02,50000.0,0.2560336623945213,richardson_1,0.0813917134658433
phase2_cascade,log_oscillatory,50,0.0,0.1,50000.0,0.2560336623945213,richardson_1,0.0813917134658433
phase2_cascade,log_oscillatory,50,0.003,0.02,50000.0,0.2560336623945213,richardson_1,0.081549365030075
phase2_cascade,log_oscillatory,50,0.003,0.1,50000.0,0.2560336623945213,richardson_1,0.081549365030075
phase2_cascade,log_oscillatory,50,0.005,0.02,50000.0,0.2560336623945213,richardson_1,0.0817349356645163
phase2_cascade,log_oscillatory,50,0.005,0.1,50000.0,0.2560336623945213,richardson_1,0.0817349356645163
phase2_cascade,log_oscillatory,50,0.01,0.02,50000.0,0.2560336623945213,richardson_1,0.0812107784105703
phase2_cascade,log_oscillatory,50,0.01,0.1,50000.0,0.2560336623945213,richardson_1,0.0812107784105703
phase2_cascade,log_oscillatory,50,0.02,0.02,50000.0,0.2560336623945213,richardson_1,0.0822134730475388
phase2_cascade,log_oscillatory,50,0.02,0.1,50000.0,0.2560336623945213,richardson_1,0.0822134730475388
phase2_cascade,log_oscillatory,60,0.0,0.02,50000.0,0.2932175193086054,richardson_1,0.0759514049434616
phase2_cascade,log_oscillatory,60,0.0,0.1,50000.0,0.2932175193086054,richardson_1,0.0759514049434616
phase2_cascade,log_oscillatory,60,0.003,0.02,50000.0,0.2932175193086054,richardson_1,0.0758373931446868
phase2_cascade,log_oscillatory,60,0.003,0.1,50000.0,0.2932175193086054,richardson_1,0.0758373931446868
phase2_cascade,log_oscillatory,60,0.005,0.02,50000.0,0.2932175193086054,richardson_1,0.0759440550466976
phase2_cascade,log_oscillatory,60,0.005,0.1,50000.0,0.2932175193086054,richardson_1,0.0759440550466976
phase2_cascade,log_oscillatory,60,0.01,0.02,50000.0,0.2932175193086054,richardson_1,0.0754129501117787
phase2_cascade,log_oscillatory,60,0.01,0.1,50000.0,0.2932175193086054,richardson_1,0.0754129501117787
phase2_cascade,log_oscillatory,60,0.02,0.02,50000.0,0.2932175193086054,richardson_1,0.0643274598291917
phase2_cascade,log_oscillatory,60,0.02,0.1,50000.0,0.2932175193086054,richardson_1,0.0643274598291917
phase2_cascade,log_oscillatory,70,0.0,0.02,50000.0,0.3989157148287635,richardson_1,0.1144425544193604
phase2_cascade,log_oscillatory,70,0.0,0.1,50000.0,0.3989157148287635,richardson_1,0.1144425544193604
phase2_cascade,log_oscillatory,70,0.003,0.02,50000.0,0.3989157148287635,richardson_1,0.1142148536545332
phase2_cascade,log_oscillatory,70,0.003,0.1,50000.0,0.3989157148287635,richardson_1,0.1142148536545332
phase2_cascade,log_oscillatory,70,0.005,0.02,50000.0,0.3989157148287635,richardson_1,0.1153173341238433
phase2_cascade,log_oscillatory,70,0.005,0.1,50000.0,0.3989157148287635,richardson_1,0.1153173341238433
phase2_cascade,log_oscillatory,70,0.01,0.02,50000.0,0.3989157148287635,richardson_1,0.1136238175656931
phase2_cascade,log_oscillatory,70,0.01,0.1,50000.0,0.3989157148287635,richardson_1,0.1136238175656931
phase2_cascade,log_oscillatory,70,0.02,0.02,50000.0,0.3989157148287635,rational_fit,0.091038748733447
phase2_cascade,log_oscillatory,70,0.02,0.1,50000.0,0.3989157148287635,rational_fit,0.091038748733447
phase2_cascade,log_oscillatory,80,0.0,0.02,50000.0,0.3793183076854851,rational_fit,0.116132327529145
phase2_cascade,log_oscillatory,80,0.0,0.1,50000.0,0.3793183076854851,rational_fit,0.116132327529145
phase2_cascade,log_oscillatory,80,0.003,0.02,50000.0,0.3793183076854851,rational_fit,0.1161716543243311
phase2_cascade,log_oscillatory,80,0.003,0.1,50000.0,0.3793183076854851,rational_fit,0.1161716543243311
phase2_cascade,log_oscillatory,80,0.005,0.02,50000.0,0.3793183076854851,rational_fit,0.11610182060401
phase2_cascade,log_oscillatory,80,0.005,0.1,50000.0,0.3793183076854851,rational_fit,0.11610182060401
phase2_cascade,log_oscillatory,80,0.01,0.02,50000.0,0.3793183076854851,rational_fit,0.1161438832109272
phase2_cascade,log_oscillatory,80,0.01,0.1,50000.0,0.3793183076854851,rational_fit,0.1161438832109272
phase2_cascade,log_oscillatory,80,0.02,0.02,50000.0,0.3793183076854851,rational_fit,0.1158653148737058
phase2_cascade,log_oscillatory,80,0.02,0.1,50000.0,0.3793183076854851,rational_fit,0.1158653148737058
phase2_cascade,log_oscillatory,90,0.0,0.02,50000.0,0.2992564263745022,rational_fit,0.1158496556513849
phase2_cascade,log_oscillatory,90,0.0,0.1,50000.0,0.2992564263745022,rational_fit,0.1158496556513849
phase2_cascade,log_oscillatory,90,0.003,0.02,50000.0,0.2992564263745022,rational_fit,0.1158474551011088
phase2_cascade,log_oscillatory,90,0.003,0.1,50000.0,0.2992564263745022,rational_fit,0.1158474551011088
phase2_cascade,log_oscillatory,90,0.005,0.02,50000.0,0.2992564263745022,rational_fit,0.1158623960436421
phase2_cascade,log_oscillatory,90,0.005,0.1,50000.0,0.2992564263745022,rational_fit,0.1158623960436421
phase2_cascade,log_oscillatory,90,0.01,0.02,50000.0,0.2992564263745022,rational_fit,0.115933764662512
phase2_cascade,log_oscillatory,90,0.01,0.1,50000.0,0.2992564263745022,rational_fit,0.115933764662512
phase2_cascade,log_oscillatory,90,0.02,0.02,50000.0,0.2992564263745022,rational_fit,0.1158603219275656
phase2_cascade,log_oscillatory,90,0.02,0.1,50000.0,0.2992564263745022,rational_fit,0.1158603219275656
phase2_cascade,log_oscillatory,100,0.0,0.02,50000.0,0.3143368155863907,rational_fit,0.0759314066476795
phase2_cascade,log_oscillatory,100,0.0,0.1,50000.0,0.3143368155863907,rational_fit,0.0759314066476795
phase2_cascade,log_oscillatory,100,0.003,0.02,50000.0,0.3143368155863907,rational_fit,0.0761000220852293
phase2_cascade,log_oscillatory,100,0.003,0.1,50000.0,0.3143368155863907,rational_fit,0.0761000220852293
phase2_cascade,log_oscillatory,100,0.005,0.02,50000.0,0.3143368155863907,rational_fit,0.075366100388711
phase2_cascade,log_oscillatory,100,0.005,0.1,50000.0,0.3143368155863907,rational_fit,0.075366100388711
phase2_cascade,log_oscillatory,100,0.01,0.02,50000.0,0.3143368155863907,rational_fit,0.0778130664833617
phase2_cascade,log_oscillatory,100,0.01,0.1,50000.0,0.3143368155863907,rational_fit,0.0778130664833617
phase2_cascade,log_oscillatory,100,0.02,0.02,50000.0,0.3143368155863907,rational_fit,0.0803713510951789
phase2_cascade,log_oscillatory,100,0.02,0.1,50000.0,0.3143368155863907,rational_fit,0.0803713510951789
phase2_cascade,log_oscillatory,110,0.0,0.02,50000.0,0.4224871773479788,rational_fit,0.0701329195214787
phase2_cascade,log_oscillatory,110,0.0,0.1,50000.0,0.4224871773479788,rational_fit,0.0701329195214787
phase2_cascade,log_oscillatory,110,0.003,0.02,50000.0,0.4224871773479788,rational_fit,0.0698039076295504
phase2_cascade,log_oscillatory,110,0.003,0.1,50000.0,0.4224871773479788,rational_fit,0.0698039076295504
phase2_cascade,log_oscillatory,110,0.005,0.02,50000.0,0.4224871773479788,rational_fit,0.0708396403296578
phase2_cascade,log_oscillatory,110,0.005,0.1,50000.0,0.4224871773479788,rational_fit,0.0708396403296578
phase2_cascade,log_oscillatory,110,0.01,0.02,50000.0,0.4224871773479788,rational_fit,0.0682898915548375
phase2_cascade,log_oscillatory,110,0.01,0.1,50000.0,0.4224871773479788,rational_fit,0.0682898915548375
phase2_cascade,log_oscillatory,110,0.02,0.02,50000.0,0.4224871773479788,rational_fit,0.0752986734069725
phase2_cascade,log_oscillatory,110,0.02,0.1,50000.0,0.4224871773479788,rational_fit,0.0752986734069725
phase2_cascade,log_oscillatory,120,0.0,0.02,50000.0,0.4340556646869982,rational_fit,0.1147110890484144
phase2_cascade,log_oscillatory,120,0.0,0.1,50000.0,0.4340556646869982,rational_fit,0.1147110890484144
phase2_cascade,log_oscillatory,120,0.003,0.02,50000.0,0.4340556646869982,rational_fit,0.1146951158724171
phase2_cascade,log_oscillatory,120,0.003,0.1,50000.0,0.4340556646869982,rational_fit,0.1146951158724171
phase2_cascade,log_oscillatory,120,0.005,0.02,50000.0,0.4340556646869982,rational_fit,0.1145250464075876
phase2_cascade,log_oscillatory,120,0.005,0.1,50000.0,0.4340556646869982,rational_fit,0.1145250464075876
phase2_cascade,log_oscillatory,120,0.01,0.02,50000.0,0.4340556646869982,rational_fit,0.1145445781773365
phase2_cascade,log_oscillatory,120,0.01,0.1,50000.0,0.4340556646869982,rational_fit,0.1145445781773365
phase2_cascade,log_oscillatory,120,0.02,0.02,50000.0,0.4340556646869982,rational_fit,0.1151453301732552
phase2_cascade,log_oscillatory,120,0.02,0.1,50000.0,0.4340556646869982,rational_fit,0.1151453301732552
phase2_cascade,log_oscillatory,130,0.0,0.02,50000.0,0.3343738214430089,rational_fit,0.1143503314801668
phase2_cascade,log_oscillatory,130,0.0,0.1,50000.0,0.3343738214430089,rational_fit,0.1143503314801668
phase2_cascade,log_oscillatory,130,0.003,0.02,50000.0,0.3343738214430089,rational_fit,0.1143299687244778
phase2_cascade,log_oscillatory,130,0.003,0.1,50000.0,0.3343738214430089,rational_fit,0.1143299687244778
phase2_cascade,log_oscillatory,130,0.005,0.02,50000.0,0.3343738214430089,rational_fit,0.1146224281881331
phase2_cascade,log_oscillatory,130,0.005,0.1,50000.0,0.3343738214430089,rational_fit,0.1146224281881331
phase2_cascade,log_oscillatory,130,0.01,0.02,50000.0,0.3343738214430089,rational_fit,0.1144573367685907
phase2_cascade,log_oscillatory,130,0.01,0.1,50000.0,0.3343738214430089,rational_fit,0.1144573367685907
phase2_cascade,log_oscillatory,130,0.02,0.02,50000.0,0.3343738214430089,rational_fit,0.1096486239324662
phase2_cascade,log_oscillatory,130,0.02,0.1,50000.0,0.3343738214430089,rational_fit,0.1096486239324662
phase2_cascade,log_oscillatory,140,0.0,0.02,50000.0,0.3259058858325173,rational_fit,0.0669147733507574
phase2_cascade,log_oscillatory,140,0.0,0.1,50000.0,0.3259058858325173,rational_fit,0.0669147733507574
phase2_cascade,log_oscillatory,140,0.003,0.02,50000.0,0.3259058858325173,rational_fit,0.0662760887542221
phase2_cascade,log_oscillatory,140,0.003,0.1,50000.0,0.3259058858325173,rational_fit,0.0662760887542221
phase2_cascade,log_oscillatory,140,0.005,0.02,50000.0,0.3259058858325173,rational_fit,0.0664533870220527
phase2_cascade,log_oscillatory,140,0.005,0.1,50000.0,0.3259058858325173,rational_fit,0.0664533870220527
phase2_cascade,log_oscillatory,140,0.01,0.02,50000.0,0.3259058858325173,rational_fit,0.0686008450472748
phase2_cascade,log_oscillatory,140,0.01,0.1,50000.0,0.3259058858325173,rational_fit,0.0686008450472748
phase2_cascade,log_oscillatory,140,0.02,0.02,50000.0,0.3259058858325173,rational_fit,0.0681321701899548
phase2_cascade,log_oscillatory,140,0.02,0.1,50000.0,0.3259058858325173,rational_fit,0.0681321701899548
phase2_cascade,log_slow,20,0.0,0.02,50000.0,0.2886523358250798,richardson_1,0.0693842446064721
phase2_cascade,log_slow,20,0.0,0.1,50000.0,0.2886523358250798,richardson_1,0.0693842446064721
phase2_cascade,log_slow,20,0.003,0.02,50000.0,0.2886523358250798,richardson_1,0.0689457454026451
phase2_cascade,log_slow,20,0.003,0.1,50000.0,0.2886523358250798,richardson_1,0.0689457454026451
phase2_cascade,log_slow,20,0.005,0.02,50000.0,0.2886523358250798,richardson_1,0.0702246825992076
phase2_cascade,log_slow,20,0.005,0.1,50000.0,0.2886523358250798,richardson_1,0.0702246825992076
phase2_cascade,log_slow,20,0.01,0.02,50000.0,0.2886523358250798,richardson_1,0.0660600659586268
phase2_cascade,log_slow,20,0.01,0.1,50000.0,0.2886523358250798,richardson_1,0.0660600659586268
phase2_cascade,log_slow,20,0.02,0.02,50000.0,0.2886523358250798,richardson_1,0.0694380540297835
phase2_cascade,log_slow,20,0.02,0.1,50000.0,0.2886523358250798,richardson_1,0.0694380540297835
phase2_cascade,log_slow,30,0.0,0.02,50000.0,0.3223648749744652,richardson_1,0.0689818186444749
phase2_cascade,log_slow,30,0.0,0.1,50000.0,0.3223648749744652,richardson_1,0.0689818186444749
phase2_cascade,log_slow,30,0.003,0.02,50000.0,0.3223648749744652,richardson_1,0.0674609764666517
phase2_cascade,log_slow,30,0.003,0.1,50000.0,0.3223648749744652,richardson_1,0.0674609764666517
phase2_cascade,log_slow,30,0.005,0.02,50000.0,0.3223648749744652,richardson_1,0.0658033757906857
phase2_cascade,log_slow,30,0.005,0.1,50000.0,0.3223648749744652,richardson_1,0.0658033757906857
phase2_cascade,log_slow,30,0.01,0.02,50000.0,0.3223648749744652,richardson_1,0.0654748489681254
phase2_cascade,log_slow,30,0.01,0.1,50000.0,0.3223648749744652,richardson_1,0.0654748489681254
phase2_cascade,log_slow,30,0.02,0.02,50000.0,0.3223648749744652,richardson_1,0.0640629438553202
phase2_cascade,log_slow,30,0.02,0.1,50000.0,0.3223648749744652,richardson_1,0.0640629438553202
phase2_cascade,log_slow,40,0.0,0.02,50000.0,0.3470134055140294,richardson_1,0.0610094465006559
phase2_cascade,log_slow,40,0.0,0.1,50000.0,0.3470134055140294,richardson_1,0.0610094465006559
phase2_cascade,log_slow,40,0.003,0.02,50000.0,0.3470134055140294,richardson_1,0.0584791346695419
phase2_cascade,log_slow,40,0.003,0.1,50000.0,0.3470134055140294,richardson_1,0.0584791346695419
phase2_cascade,log_slow,40,0.005,0.02,50000.0,0.3470134055140294,richardson_1,0.0599918138489595
phase2_cascade,log_slow,40,0.005,0.1,50000.0,0.3470134055140294,richardson_1,0.0599918138489595
phase2_cascade,log_slow,40,0.01,0.02,50000.0,0.3470134055140294,richardson_1,0.0559027605519598
phase2_cascade,log_slow,40,0.01,0.1,50000.0,0.3470134055140294,richardson_1,0.0559027605519598
phase2_cascade,log_slow,40,0.02,0.02,50000.0,0.3470134055140294,richardson_1,0.044268791486265
phase2_cascade,log_slow,40,0.02,0.1,50000.0,0.3470134055140294,richardson_1,0.044268791486265
phase2_cascade,log_slow,50,0.0,0.02,50000.0,0.3664532001500322,richardson_1,0.0443213958275704
phase2_cascade,log_slow,50,0.0,0.1,50000.0,0.3664532001500322,richardson_1,0.0443213958275704
phase2_cascade,log_slow,50,0.003,0.02,50000.0,0.3664532001500322,richardson_1,0.0459549917674626
phase2_cascade,log_slow,50,0.003,0.1,50000.0,0.3664532001500322,richardson_1,0.0459549917674626
phase2_cascade,log_slow,50,0.005,0.02,50000.0,0.3664532001500322,richardson_1,0.0466292829285391
phase2_cascade,log_slow,50,0.005,0.1,50000.0,0.3664532001500322,richardson_1,0.0466292829285391
phase2_cascade,log_slow,50,0.01,0.02,50000.0,0.3664532001500322,richardson_1,0.0420576918465829
phase2_cascade,log_slow,50,0.01,0.1,50000.0,0.3664532001500322,richardson_1,0.0420576918465829
phase2_cascade,log_slow,50,0.02,0.02,50000.0,0.3664532001500322,richardson_1,0.0413326141533873
phase2_cascade,log_slow,50,0.02,0.1,50000.0,0.3664532001500322,richardson_1,0.0413326141533873
phase2_cascade,log_slow,60,0.0,0.02,50000.0,0.3825061917106075,richardson_1,0.0334411474550218
phase2_cascade,log_slow,60,0.0,0.1,50000.0,0.3825061917106075,richardson_1,0.0334411474550218
phase2_cascade,log_slow,60,0.003,0.02,50000.0,0.3825061917106075,richardson_1,0.0317531099638432
phase2_cascade,log_slow,60,0.003,0.1,50000.0,0.3825061917106075,richardson_1,0.0317531099638432
phase2_cascade,log_slow,60,0.005,0.02,50000.0,0.3825061917106075,richardson_1,0.0350390233916635
phase2_cascade,log_slow,60,0.005,0.1,50000.0,0.3825061917106075,richardson_1,0.0350390233916635
phase2_cascade,log_slow,60,0.01,0.02,50000.0,0.3825061917106075,richardson_1,0.0265066447281798
phase2_cascade,log_slow,60,0.01,0.1,50000.0,0.3825061917106075,richardson_1,0.0265066447281798
phase2_cascade,log_slow,60,0.02,0.02,50000.0,0.3825061917106075,richardson_1,0.0245689145446037
phase2_cascade,log_slow,60,0.02,0.1,50000.0,0.3825061917106075,richardson_1,0.0245689145446037
phase2_cascade,log_slow,70,0.0,0.02,50000.0,0.3961792165921883,richardson_1,0.023340771044823
phase2_cascade,log_slow,70,0.0,0.1,50000.0,0.3961792165921883,richardson_1,0.023340771044823
phase2_cascade,log_slow,70,0.003,0.02,50000.0,0.3961792165921883,richardson_1,0.0262499280911669
phase2_cascade,log_slow,70,0.003,0.1,50000.0,0.3961792165921883,richardson_1,0.0262499280911669
phase2_cascade,log_slow,70,0.005,0.02,50000.0,0.3961792165921883,richardson_1,0.0298556052659944
phase2_cascade,log_slow,70,0.005,0.1,50000.0,0.3961792165921883,richardson_1,0.0298556052659944
phase2_cascade,log_slow,70,0.01,0.02,50000.0,0.3961792165921883,richardson_1,0.031371680331381
phase2_cascade,log_slow,70,0.01,0.1,50000.0,0.3961792165921883,richardson_1,0.031371680331381
phase2_cascade,log_slow,70,0.02,0.02,50000.0,0.3961792165921883,richardson_1,0.0446926042461121
phase2_cascade,log_slow,70,0.02,0.1,50000.0,0.3961792165921883,richardson_1,0.0446926042461121
phase2_cascade,log_slow,80,0.0,0.02,50000.0,0.4080877018181774,richardson_1,0.0218534431349804
phase2_cascade,log_slow,80,0.0,0.1,50000.0,0.4080877018181774,richardson_1,0.0218534431349804
phase2_cascade,log_slow,80,0.003,0.02,50000.0,0.4080877018181774,richardson_1,0.0285186400291568
phase2_cascade,log_slow,80,0.003,0.1,50000.0,0.4080877018181774,richardson_1,0.0285186400291568
phase2_cascade,log_slow,80,0.005,0.02,50000.0,0.4080877018181774,richardson_1,0.0281564968973632
phase2_cascade,log_slow,80,0.005,0.1,50000.0,0.4080877018181774,richardson_1,0.0281564968973632
phase2_cascade,log_slow,80,0.01,0.02,50000.0,0.4080877018181774,richardson_1,0.0457489955906634
phase2_cascade,log_slow,80,0.01,0.1,50000.0,0.4080877018181774,richardson_1,0.0457489955906634
phase2_cascade,log_slow,80,0.02,0.02,50000.0,0.4080877018181774,rational_fit,0.0587645810240135
phase2_cascade,log_slow,80,0.02,0.1,50000.0,0.4080877018181774,rational_fit,0.0587645810240135
phase2_cascade,log_slow,90,0.0,0.02,50000.0,0.41863546463489,richardson_1,0.019975210230814
phase2_cascade,log_slow,90,0.0,0.1,50000.0,0.41863546463489,richardson_1,0.019975210230814
phase2_cascade,log_slow,90,0.003,0.02,50000.0,0.41863546463489,richardson_1,0.0363429554969421
phase2_cascade,log_slow,90,0.003,0.1,50000.0,0.41863546463489,richardson_1,0.0363429554969421
phase2_cascade,log_slow,90,0.005,0.02,50000.0,0.41863546463489,richardson_1,0.0466858934941046
phase2_cascade,log_slow,90,0.005,0.1,50000.0,0.41863546463489,richardson_1,0.0466858934941046
phase2_cascade,log_slow,90,0.01,0.02,50000.0,0.41863546463489,richardson_1,0.054566307490116
phase2_cascade,log_slow,90,0.01,0.1,50000.0,0.41863546463489,richardson_1,0.054566307490116
phase2_cascade,log_slow,90,0.02,0.02,50000.0,0.41863546463489,rational_fit,0.0773748996294254
phase2_cascade,log_slow,90,0.02,0.1,50000.0,0.41863546463489,rational_fit,0.0773748996294254
phase2_cascade,log_slow,100,0.0,0.02,50000.0,0.4281018259248643,richardson_1,0.0183623801568754
phase2_cascade,log_slow,100,0.0,0.1,50000.0,0.4281018259248643,richardson_1,0.0183623801568754
phase2_cascade,log_slow,100,0.003,0.02,50000.0,0.4281018259248643,richardson_1,0.0359063508366219
phase2_cascade,log_slow,100,0.003,0.1,50000.0,0.4281018259248643,richardson_1,0.0359063508366219
phase2_cascade,log_slow,100,0.005,0.02,50000.0,0.4281018259248643,richardson_1,0.0349347657781084
phase2_cascade,log_slow,100,0.005,0.1,50000.0,0.4281018259248643,richardson_1,0.0349347657781084
phase2_cascade,log_slow,100,0.01,0.02,50000.0,0.4281018259248643,richardson_1,0.0585666618187125
phase2_cascade,log_slow,100,0.01,0.1,50000.0,0.4281018259248643,richardson_1,0.0585666618187125
phase2_cascade,log_slow,100,0.02,0.02,50000.0,0.4281018259248643,rational_fit,0.0744327051065913
phase2_cascade,log_slow,100,0.02,0.1,50000.0,0.4281018259248643,rational_fit,0.0744327051065913
phase2_cascade,log_slow,110,0.0,0.02,50000.0,0.4366880503712215,richardson_1,0.0170083238937292
phase2_cascade,log_slow,110,0.0,0.1,50000.0,0.4366880503712215,richardson_1,0.0170083238937292
phase2_cascade,log_slow,110,0.003,0.02,50000.0,0.4366880503712215,richardson_1,0.037938794217173
phase2_cascade,log_slow,110,0.003,0.1,50000.0,0.4366880503712215,richardson_1,0.037938794217173
phase2_cascade,log_slow,110,0.005,0.02,50000.0,0.4366880503712215,richardson_1,0.0533698985230557
phase2_cascade,log_slow,110,0.005,0.1,50000.0,0.4366880503712215,richardson_1,0.0533698985230557
phase2_cascade,log_slow,110,0.01,0.02,50000.0,0.4366880503712215,rational_fit,0.0663150410883989
phase2_cascade,log_slow,110,0.01,0.1,50000.0,0.4366880503712215,rational_fit,0.0663150410883989
phase2_cascade,log_slow,110,0.02,0.02,50000.0,0.4366880503712215,rational_fit,0.0755485259130634
phase2_cascade,log_slow,110,0.02,0.1,50000.0,0.4366880503712215,rational_fit,0.0755485259130634
phase2_cascade,log_slow,120,0.0,0.02,50000.0,0.4445439678229312,richardson_1,0.0158611508782746
phase2_cascade,log_slow,120,0.0,0.1,50000.0,0.4445439678229312,richardson_1,0.0158611508782746
phase2_cascade,log_slow,120,0.003,0.02,50000.0,0.4445439678229312,richardson_1,0.0409023379256324
phase2_cascade,log_slow,120,0.003,0.1,50000.0,0.4445439678229312,richardson_1,0.0409023379256324
phase2_cascade,log_slow,120,0.005,0.02,50000.0,0.4445439678229312,richardson_1,0.0657188519605379
phase2_cascade,log_slow,120,0.005,0.1,50000.0,0.4445439678229312,richardson_1,0.0657188519605379
phase2_cascade,log_slow,120,0.01,0.02,50000.0,0.4445439678229312,rational_fit,0.0665627278953108
phase2_cascade,log_slow,120,0.01,0.1,50000.0,0.4445439678229312,rational_fit,0.0665627278953108
phase2_cascade,log_slow,120,0.02,0.02,50000.0,0.4445439678229312,rational_fit,0.0635814934134471
phase2_cascade,log_slow,120,0.02,0.1,50000.0,0.4445439678229312,rational_fit,0.0635814934134471
phase2_cascade,log_slow,130,0.0,0.02,50000.0,0.4517841318559988,richardson_1,0.0148764440659732
phase2_cascade,log_slow,130,0.0,0.1,50000.0,0.4517841318559988,richardson_1,0.0148764440659732
phase2_cascade,log_slow,130,0.003,0.02,50000.0,0.4517841318559988,richardson_1,0.0461325217444176
phase2_cascade,log_slow,130,0.003,0.1,50000.0,0.4517841318559988,richardson_1,0.0461325217444176
phase2_cascade,log_slow,130,0.005,0.02,50000.0,0.4517841318559988,richardson_1,0.0480048438974832
phase2_cascade,log_slow,130,0.005,0.1,50000.0,0.4517841318559988,richardson_1,0.0480048438974832
phase2_cascade,log_slow,130,0.01,0.02,50000.0,0.4517841318559988,rational_fit,0.0722497346949929
phase2_cascade,log_slow,130,0.01,0.1,50000.0,0.4517841318559988,rational_fit,0.0722497346949929
phase2_cascade,log_slow,130,0.02,0.02,50000.0,0.4517841318559988,rational_fit,0.0749286799278442
phase2_cascade,log_slow,130,0.02,0.1,50000.0,0.4517841318559988,rational_fit,0.0749286799278442
phase2_cascade,log_slow,140,0.0,0.02,50000.0,0.4584980924503768,richardson_1,0.0140206506878351
phase2_cascade,log_slow,140,0.0,0.1,50000.0,0.4584980924503768,richardson_1,0.0140206506878351
phase2_cascade,log_slow,140,0.003,0.02,50000.0,0.4584980924503768,richardson_1,0.0605495289197343
phase2_cascade,log_slow,140,0.003,0.1,50000.0,0.4584980924503768,richardson_1,0.0605495289197343
phase2_cascade,log_slow,140,0.005,0.02,50000.0,0.4584980924503768,richardson_1,0.053978458773001
phase2_cascade,log_slow,140,0.005,0.1,50000.0,0.4584980924503768,richardson_1,0.053978458773001
phase2_cascade,log_slow,140,0.01,0.02,50000.0,0.4584980924503768,rational_fit,0.0634642158042398
phase2_cascade,log_slow,140,0.01,0.1,50000.0,0.4584980924503768,rational_fit,0.0634642158042398
phase2_cascade,log_slow,140,0.02,0.02,50000.0,0.4584980924503768,rational_fit,0.0700373577217237
phase2_cascade,log_slow,140,0.02,0.1,50000.0,0.4584980924503768,rational_fit,0.0700373577217237
enhanced_cascade,broken_power_law,20,0.0,0.02,50000.0,0.2043647033558935,single_exp_fit,0.0531406807143244
enhanced_cascade,broken_power_law,20,0.0,0.1,50000.0,0.2043647033558935,single_exp_fit,0.0531406807143244
enhanced_cascade,broken_power_law,20,0.003,0.02,50000.0,0.2043647033558935,single_exp_fit,0.0525478356792209
enhanced_cascade,broken_power_law,20,0.003,0.1,50000.0,0.2043647033558935,single_exp_fit,0.0525478356792209
enhanced_cascade,broken_power_law,20,0.005,0.02,50000.0,0.2043647033558935,single_exp_fit,0.054420871828849
enhanced_cascade,broken_power_law,20,0.005,0.1,50000.0,0.2043647033558935,single_exp_fit,0.054420871828849
enhanced_cascade,broken_power_law,20,0.01,0.02,50000.0,0.2043647033558935,single_exp_fit,0.051007240164973
enhanced_cascade,broken_power_law,20,0.01,0.1,50000.0,0.2043647033558935,single_exp_fit,0.051007240164973
enhanced_cascade,broken_power_law,20,0.02,0.02,50000.0,0.2043647033558935,log_linear,0.0482042754894502
enhanced_cascade,broken_power_law,20,0.02,0.1,50000.0,0.2043647033558935,log_linear,0.0482042754894502
enhanced_cascade,broken_power_law,30,0.0,0.02,50000.0,0.2901576654864911,single_exp_fit,0.0395193530298905
enhanced_cascade,broken_power_law,30,0.0,0.1,50000.0,0.2901576654864911,single_exp_fit,0.0395193530298905
enhanced_cascade,broken_power_law,30,0.003,0.02,50000.0,0.2901576654864911,single_exp_fit,0.0395396519945176
enhanced_cascade,broken_power_law,30,0.003,0.1,50000.0,0.2901576654864911,single_exp_fit,0.0395396519945176
enhanced_cascade,broken_power_law,30,0.005,0.02,50000.0,0.2901576654864911,single_exp_fit,0.0396033089185524
enhanced_cascade,broken_power_law,30,0.005,0.1,50000.0,0.2901576654864911,single_exp_fit,0.0396033089185524
enhanced_cascade,broken_power_law,30,0.01,0.02,50000.0,0.2901576654864911,single_exp_fit,0.0368515386767089
enhanced_cascade,broken_power_law,30,0.01,0.1,50000.0,0.2901576654864911,single_exp_fit,0.0368515386767089
enhanced_cascade,broken_power_law,30,0.02,0.02,50000.0,0.2901576654864911,log_linear,0.0480955831066326
enhanced_cascade,broken_power_law,30,0.02,0.1,50000.0,0.2901576654864911,log_linear,0.0480955831066326
enhanced_cascade,broken_power_law,40,0.0,0.02,50000.0,0.3731762489488806,single_exp_fit,0.0314710618694805
enhanced_cascade,broken_power_law,40,0.0,0.1,50000.0,0.3731762489488806,single_exp_fit,0.0314710618694805
enhanced_cascade,broken_power_law,40,0.003,0.02,50000.0,0.3731762489488806,single_exp_fit,0.0314902898695583
enhanced_cascade,broken_power_law,40,0.003,0.1,50000.0,0.3731762489488806,single_exp_fit,0.0314902898695583
enhanced_cascade,broken_power_law,40,0.005,0.02,50000.0,0.3731762489488806,single_exp_fit,0.0313960854471656
enhanced_cascade,broken_power_law,40,0.005,0.1,50000.0,0.3731762489488806,single_exp_fit,0.0313960854471656
enhanced_cascade,broken_power_law,40,0.01,0.02,50000.0,0.3731762489488806,single_exp_fit,0.0317800681226406
enhanced_cascade,broken_power_law,40,0.01,0.1,50000.0,0.3731762489488806,single_exp_fit,0.0317800681226406
enhanced_cascade,broken_power_law,40,0.02,0.02,50000.0,0.3731762489488806,log_linear,0.0594033621242989
enhanced_cascade,broken_power_law,40,0.02,0.1,50000.0,0.3731762489488806,log_linear,0.0594033621242989
enhanced_cascade,broken_power_law,50,0.0,0.02,50000.0,0.4541733869663374,single_exp_fit,0.0260601826099381
enhanced_cascade,broken_power_law,50,0.0,0.1,50000.0,0.4541733869663374,single_exp_fit,0.0260601826099381
enhanced_cascade,broken_power_law,50,0.003,0.02,50000.0,0.4541733869663374,single_exp_fit,0.0259992653581961
enhanced_cascade,broken_power_law,50,0.003,0.1,50000.0,0.4541733869663374,single_exp_fit,0.0259992653581961
enhanced_cascade,broken_power_law,50,0.005,0.02,50000.0,0.4541733869663374,single_exp_fit,0.0256199599924598
enhanced_cascade,broken_power_law,50,0.005,0.1,50000.0,0.4541733869663374,single_exp_fit,0.0256199599924598
enhanced_cascade,broken_power_law,50,0.01,0.02,50000.0,0.4541733869663374,single_exp_fit,0.0254660184129808
enhanced_cascade,broken_power_law,50,0.01,0.1,50000.0,0.4541733869663374,single_exp_fit,0.0254660184129808
enhanced_cascade,broken_power_law,50,0.02,0.02,50000.0,0.4541733869663374,log_linear,0.0651290317443324
enhanced_cascade,broken_power_law,50,0.02,0.1,50000.0,0.4541733869663374,log_linear,0.0651290317443324
enhanced_cascade,broken_power_law,60,0.0,0.02,50000.0,0.068318835938711,single_exp_fit,0.0255821495163404
enhanced_cascade,broken_power_law,60,0.003,0.02,50000.0,0.068318835938711,log_linear,0.0470415603591508
enhanced_cascade,broken_power_law,60,0.005,0.02,50000.0,0.068318835938711,log_linear,0.0470063322353712
enhanced_cascade,broken_power_law,60,0.01,0.02,50000.0,0.068318835938711,log_linear,0.0471253979485769
enhanced_cascade,broken_power_law,60,0.02,0.02,50000.0,0.068318835938711,log_linear,0.0925490519553624
enhanced_cascade,broken_power_law,70,0.0,0.02,50000.0,0.0725958615029638,rational_fit,0.0476482597541766
enhanced_cascade,broken_power_law,70,0.003,0.02,50000.0,0.0725958615029638,rational_fit,0.047610078149567
enhanced_cascade,broken_power_law,70,0.005,0.02,50000.0,0.0725958615029638,rational_fit,0.0476086786348658
enhanced_cascade,broken_power_law,70,0.01,0.02,50000.0,0.0725958615029638,rational_fit,0.0476245354411338
enhanced_cascade,broken_power_law,70,0.02,0.02,50000.0,0.0725958615029638,rational_fit,0.0475922785126595
enhanced_cascade,broken_power_law,80,0.0,0.02,50000.0,0.0765248578423578,rational_fit,0.0601919213988252
enhanced_cascade,broken_power_law,80,0.003,0.02,50000.0,0.0765248578423578,rational_fit,0.0603017302584133
enhanced_cascade,broken_power_law,80,0.005,0.02,50000.0,0.0765248578423578,rational_fit,0.0603439532740909
enhanced_cascade,broken_power_law,80,0.01,0.02,50000.0,0.0765248578423578,rational_fit,0.0600536295217107
enhanced_cascade,broken_power_law,80,0.02,0.02,50000.0,0.0765248578423578,rational_fit,0.0592262653172015
enhanced_cascade,broken_power_law,90,0.0,0.02,50000.0,0.0801724362309424,rational_fit,0.0755387222759075
enhanced_cascade,broken_power_law,90,0.003,0.02,50000.0,0.0801724362309424,rational_fit,0.07543619494221
enhanced_cascade,broken_power_law,90,0.005,0.02,50000.0,0.0801724362309424,rational_fit,0.07600005246815
enhanced_cascade,broken_power_law,90,0.01,0.02,50000.0,0.0801724362309424,rational_fit,0.0754700611598572
enhanced_cascade,broken_power_law,90,0.02,0.02,50000.0,0.0801724362309424,rational_fit,0.0756239099723758
enhanced_cascade,broken_power_law,100,0.0,0.02,50000.0,0.0835866795638285,rational_fit,0.0917167536105827
enhanced_cascade,broken_power_law,100,0.003,0.02,50000.0,0.0835866795638285,rational_fit,0.0917513855729002
enhanced_cascade,broken_power_law,100,0.005,0.02,50000.0,0.0835866795638285,rational_fit,0.0915158673427844
enhanced_cascade,broken_power_law,100,0.01,0.02,50000.0,0.0835866795638285,rational_fit,0.0915033696438785
enhanced_cascade,broken_power_law,100,0.02,0.02,50000.0,0.0835866795638285,rational_fit,0.0906285957981309
enhanced_cascade,broken_power_law,110,0.0,0.02,50000.0,0.0868035956912711,rational_fit,0.1081038744537916
enhanced_cascade,broken_power_law,110,0.003,0.02,50000.0,0.0868035956912711,rational_fit,0.1080726435517759
enhanced_cascade,broken_power_law,110,0.005,0.02,50000.0,0.0868035956912711,rational_fit,0.1081160766979514
enhanced_cascade,broken_power_law,110,0.01,0.02,50000.0,0.0868035956912711,rational_fit,0.1086009238222078
enhanced_cascade,broken_power_law,110,0.02,0.02,50000.0,0.0868035956912711,rational_fit,0.1090919528795768
enhanced_cascade,broken_power_law,120,0.0,0.02,50000.0,0.089850949747117,single_exp_fit,0.0843123986520242
enhanced_cascade,broken_power_law,120,0.003,0.02,50000.0,0.089850949747117,single_exp_fit,0.0807882247515041
enhanced_cascade,broken_power_law,120,0.005,0.02,50000.0,0.089850949747117,single_exp_fit,0.0801418276376035
enhanced_cascade,broken_power_law,120,0.01,0.02,50000.0,0.089850949747117,single_exp_fit,0.0741713256259183
enhanced_cascade,broken_power_law,120,0.02,0.02,50000.0,0.089850949747117,rational_fit,0.0521304445951786
enhanced_cascade,broken_power_law,130,0.0,0.02,50000.0,0.092750667161584,single_exp_fit,0.0802647826829094
enhanced_cascade,broken_power_law,130,0.003,0.02,50000.0,0.092750667161584,single_exp_fit,0.081378171299992
enhanced_cascade,broken_power_law,130,0.005,0.02,50000.0,0.092750667161584,single_exp_fit,0.0778145981647732
enhanced_cascade,broken_power_law,130,0.01,0.02,50000.0,0.092750667161584,rational_fit,0.0512153912761561
enhanced_cascade,broken_power_law,130,0.02,0.02,50000.0,0.092750667161584,rational_fit,0.0662584259315635
enhanced_cascade,broken_power_law,140,0.0,0.02,50000.0,0.0955204080436849,single_exp_fit,0.0767792115849944
enhanced_cascade,broken_power_law,140,0.003,0.02,50000.0,0.0955204080436849,single_exp_fit,0.0806788302970237
enhanced_cascade,broken_power_law,140,0.005,0.02,50000.0,0.0955204080436849,single_exp_fit,0.081272778366332
enhanced_cascade,broken_power_law,140,0.01,0.02,50000.0,0.0955204080436849,rational_fit,0.0548972422248763
enhanced_cascade,broken_power_law,140,0.02,0.02,50000.0,0.0955204080436849,rational_fit,0.065809138659111
enhanced_cascade,damped_osc_pow,120,0.0,0.02,50000.0,0.0210220445446958,single_exp_fit,0.0330587306913616
enhanced_cascade,damped_osc_pow,120,0.003,0.02,50000.0,0.0210220445446958,single_exp_fit,0.0307115797944194
enhanced_cascade,damped_osc_pow,120,0.005,0.02,50000.0,0.0210220445446958,single_exp_fit,0.0346114116062151
enhanced_cascade,damped_osc_pow,120,0.01,0.02,50000.0,0.0210220445446958,rational_fit,0.0196421894090123
enhanced_cascade,damped_osc_pow,120,0.02,0.02,50000.0,0.0210220445446958,rational_fit,0.0154510162206606
enhanced_cascade,damped_osc_pow,130,0.0,0.02,50000.0,0.0221499430699973,single_exp_fit,0.0306957846694682
enhanced_cascade,damped_osc_pow,130,0.003,0.02,50000.0,0.0221499430699973,single_exp_fit,0.0280401960017795
enhanced_cascade,damped_osc_pow,130,0.005,0.02,50000.0,0.0221499430699973,single_exp_fit,0.0328841656342416
enhanced_cascade,damped_osc_pow,130,0.01,0.02,50000.0,0.0221499430699973,rational_fit,0.0169883806795167
enhanced_cascade,damped_osc_pow,130,0.02,0.02,50000.0,0.0221499430699973,rational_fit,0.0152342909399726
enhanced_cascade,damped_osc_pow,140,0.0,0.02,50000.0,0.0232494544447517,single_exp_fit,0.0287152802409401
enhanced_cascade,damped_osc_pow,140,0.003,0.02,50000.0,0.0232494544447517,single_exp_fit,0.0293861747246644
enhanced_cascade,damped_osc_pow,140,0.005,0.02,50000.0,0.0232494544447517,single_exp_fit,0.0347879088296754
enhanced_cascade,damped_osc_pow,140,0.01,0.02,50000.0,0.0232494544447517,rational_fit,0.013177020756866
enhanced_cascade,damped_osc_pow,140,0.02,0.02,50000.0,0.0232494544447517,rational_fit,0.0165111874327694
enhanced_cascade,log_oscillatory,20,0.0,0.02,50000.0,0.232935711783342,single_exp_fit,0.1878227472882244
enhanced_cascade,log_oscillatory,20,0.0,0.1,50000.0,0.232935711783342,single_exp_fit,0.1878227472882244
enhanced_cascade,log_oscillatory,20,0.003,0.02,50000.0,0.232935711783342,single_exp_fit,0.1867804172334523
enhanced_cascade,log_oscillatory,20,0.003,0.1,50000.0,0.232935711783342,single_exp_fit,0.1867804172334523
enhanced_cascade,log_oscillatory,20,0.005,0.02,50000.0,0.232935711783342,single_exp_fit,0.1913997560504093
enhanced_cascade,log_oscillatory,20,0.005,0.1,50000.0,0.232935711783342,single_exp_fit,0.1913997560504093
enhanced_cascade,log_oscillatory,20,0.01,0.02,50000.0,0.232935711783342,single_exp_fit,0.1843511321707599
enhanced_cascade,log_oscillatory,20,0.01,0.1,50000.0,0.232935711783342,single_exp_fit,0.1843511321707599
enhanced_cascade,log_oscillatory,20,0.02,0.02,50000.0,0.232935711783342,single_exp_fit,0.188790200420827
enhanced_cascade,log_oscillatory,20,0.02,0.1,50000.0,0.232935711783342,single_exp_fit,0.188790200420827
enhanced_cascade,log_oscillatory,30,0.0,0.02,50000.0,0.3324862235710625,single_exp_fit,0.0477020850906088
enhanced_cascade,log_oscillatory,30,0.0,0.1,50000.0,0.3324862235710625,single_exp_fit,0.0477020850906088
enhanced_cascade,log_oscillatory,30,0.003,0.02,50000.0,0.3324862235710625,single_exp_fit,0.0505256047494558
enhanced_cascade,log_oscillatory,30,0.003,0.1,50000.0,0.3324862235710625,single_exp_fit,0.0505256047494558
enhanced_cascade,log_oscillatory,30,0.005,0.02,50000.0,0.3324862235710625,single_exp_fit,0.0437547842160255
enhanced_cascade,log_oscillatory,30,0.005,0.1,50000.0,0.3324862235710625,single_exp_fit,0.0437547842160255
enhanced_cascade,log_oscillatory,30,0.01,0.02,50000.0,0.3324862235710625,single_exp_fit,0.0508327159596338
enhanced_cascade,log_oscillatory,30,0.01,0.1,50000.0,0.3324862235710625,single_exp_fit,0.0508327159596338
enhanced_cascade,log_oscillatory,30,0.02,0.02,50000.0,0.3324862235710625,single_exp_fit,0.0546968928453331
enhanced_cascade,log_oscillatory,30,0.02,0.1,50000.0,0.3324862235710625,single_exp_fit,0.0546968928453331
enhanced_cascade,log_oscillatory,40,0.0,0.02,50000.0,0.3049784955005034,single_exp_fit,0.0870154926092555
enhanced_cascade,log_oscillatory,40,0.0,0.1,50000.0,0.3049784955005034,single_exp_fit,0.0870154926092555
enhanced_cascade,log_oscillatory,40,0.003,0.02,50000.0,0.3049784955005034,single_exp_fit,0.0866559219986139
enhanced_cascade,log_oscillatory,40,0.003,0.1,50000.0,0.3049784955005034,single_exp_fit,0.0866559219986139
enhanced_cascade,log_oscillatory,40,0.005,0.02,50000.0,0.3049784955005034,single_exp_fit,0.086923157527333
enhanced_cascade,log_oscillatory,40,0.005,0.1,50000.0,0.3049784955005034,single_exp_fit,0.086923157527333
enhanced_cascade,log_oscillatory,40,0.01,0.02,50000.0,0.3049784955005034,single_exp_fit,0.0867829973627962
enhanced_cascade,log_oscillatory,40,0.01,0.1,50000.0,0.3049784955005034,single_exp_fit,0.0867829973627962
enhanced_cascade,log_oscillatory,40,0.02,0.02,50000.0,0.3049784955005034,single_exp_fit,0.0877045385488109
enhanced_cascade,log_oscillatory,40,0.02,0.1,50000.0,0.3049784955005034,single_exp_fit,0.0877045385488109
enhanced_cascade,log_oscillatory,50,0.0,0.02,50000.0,0.2560336623945213,single_exp_fit,0.1323499859033274
enhanced_cascade,log_oscillatory,50,0.0,0.1,50000.0,0.2560336623945213,single_exp_fit,0.1323499859033274
enhanced_cascade,log_oscillatory,50,0.003,0.02,50000.0,0.2560336623945213,single_exp_fit,0.1321651547323194
enhanced_cascade,log_oscillatory,50,0.003,0.1,50000.0,0.2560336623945213,single_exp_fit,0.1321651547323194
enhanced_cascade,log_oscillatory,50,0.005,0.02,50000.0,0.2560336623945213,single_exp_fit,0.1322510930613339
enhanced_cascade,log_oscillatory,50,0.005,0.1,50000.0,0.2560336623945213,single_exp_fit,0.1322510930613339
enhanced_cascade,log_oscillatory,50,0.01,0.02,50000.0,0.2560336623945213,single_exp_fit,0.1331710123579225
enhanced_cascade,log_oscillatory,50,0.01,0.1,50000.0,0.2560336623945213,single_exp_fit,0.1331710123579225
enhanced_cascade,log_oscillatory,50,0.02,0.02,50000.0,0.2560336623945213,single_exp_fit,0.1296005478401686
enhanced_cascade,log_oscillatory,50,0.02,0.1,50000.0,0.2560336623945213,single_exp_fit,0.1296005478401686
enhanced_cascade,log_oscillatory,60,0.0,0.02,50000.0,0.2932175193086054,single_exp_fit,0.1452876318274698
enhanced_cascade,log_oscillatory,60,0.0,0.1,50000.0,0.2932175193086054,single_exp_fit,0.1452876318274698
enhanced_cascade,log_oscillatory,60,0.003,0.02,50000.0,0.2932175193086054,single_exp_fit,0.1451236997450021
enhanced_cascade,log_oscillatory,60,0.003,0.1,50000.0,0.2932175193086054,single_exp_fit,0.1451236997450021
enhanced_cascade,log_oscillatory,60,0.005,0.02,50000.0,0.2932175193086054,single_exp_fit,0.1455633540796468
enhanced_cascade,log_oscillatory,60,0.005,0.1,50000.0,0.2932175193086054,single_exp_fit,0.1455633540796468
enhanced_cascade,log_oscillatory,60,0.01,0.02,50000.0,0.2932175193086054,single_exp_fit,0.1446452904921887
enhanced_cascade,log_oscillatory,60,0.01,0.1,50000.0,0.2932175193086054,single_exp_fit,0.1446452904921887
enhanced_cascade,log_oscillatory,60,0.02,0.02,50000.0,0.2932175193086054,single_exp_fit,0.1460605404810968
enhanced_cascade,log_oscillatory,60,0.02,0.1,50000.0,0.2932175193086054,single_exp_fit,0.1460605404810968
enhanced_cascade,log_oscillatory,70,0.0,0.02,50000.0,0.3989157148287635,single_exp_fit,0.1402546177600027
enhanced_cascade,log_oscillatory,70,0.0,0.1,50000.0,0.3989157148287635,single_exp_fit,0.1402546177600027
enhanced_cascade,log_oscillatory,70,0.003,0.02,50000.0,0.3989157148287635,single_exp_fit,0.1401106376097344
enhanced_cascade,log_oscillatory,70,0.003,0.1,50000.0,0.3989157148287635,single_exp_fit,0.1401106376097344
enhanced_cascade,log_oscillatory,70,0.005,0.02,50000.0,0.3989157148287635,single_exp_fit,0.1409485377791201
enhanced_cascade,log_oscillatory,70,0.005,0.1,50000.0,0.3989157148287635,single_exp_fit,0.1409485377791201
enhanced_cascade,log_oscillatory,70,0.01,0.02,50000.0,0.3989157148287635,single_exp_fit,0.1400560821375883
enhanced_cascade,log_oscillatory,70,0.01,0.1,50000.0,0.3989157148287635,single_exp_fit,0.1400560821375883
enhanced_cascade,log_oscillatory,70,0.02,0.02,50000.0,0.3989157148287635,rational_fit,0.091038748733447
enhanced_cascade,log_oscillatory,70,0.02,0.1,50000.0,0.3989157148287635,rational_fit,0.091038748733447
enhanced_cascade,log_oscillatory,80,0.0,0.02,50000.0,0.3793183076854851,rational_fit,0.116132327529145
enhanced_cascade,log_oscillatory,80,0.0,0.1,50000.0,0.3793183076854851,rational_fit,0.116132327529145
enhanced_cascade,log_oscillatory,80,0.003,0.02,50000.0,0.3793183076854851,rational_fit,0.1161716543243311
enhanced_cascade,log_oscillatory,80,0.003,0.1,50000.0,0.3793183076854851,rational_fit,0.1161716543243311
enhanced_cascade,log_oscillatory,80,0.005,0.02,50000.0,0.3793183076854851,rational_fit,0.11610182060401
enhanced_cascade,log_oscillatory,80,0.005,0.1,50000.0,0.3793183076854851,rational_fit,0.11610182060401
enhanced_cascade,log_oscillatory,80,0.01,0.02,50000.0,0.3793183076854851,rational_fit,0.1161438832109272
enhanced_cascade,log_oscillatory,80,0.01,0.1,50000.0,0.3793183076854851,rational_fit,0.1161438832109272
enhanced_cascade,log_oscillatory,80,0.02,0.02,50000.0,0.3793183076854851,rational_fit,0.1158653148737058
enhanced_cascade,log_oscillatory,80,0.02,0.1,50000.0,0.3793183076854851,rational_fit,0.1158653148737058
enhanced_cascade,log_oscillatory,90,0.0,0.02,50000.0,0.2992564263745022,rational_fit,0.1158496556513849
enhanced_cascade,log_oscillatory,90,0.0,0.1,50000.0,0.2992564263745022,rational_fit,0.1158496556513849
enhanced_cascade,log_oscillatory,90,0.003,0.02,50000.0,0.2992564263745022,rational_fit,0.1158474551011088
enhanced_cascade,log_oscillatory,90,0.003,0.1,50000.0,0.2992564263745022,rational_fit,0.1158474551011088
enhanced_cascade,log_oscillatory,90,0.005,0.02,50000.0,0.2992564263745022,rational_fit,0.1158623960436421
enhanced_cascade,log_oscillatory,90,0.005,0.1,50000.0,0.2992564263745022,rational_fit,0.1158623960436421
enhanced_cascade,log_oscillatory,90,0.01,0.02,50000.0,0.2992564263745022,rational_fit,0.115933764662512
enhanced_cascade,log_oscillatory,90,0.01,0.1,50000.0,0.2992564263745022,rational_fit,0.115933764662512
enhanced_cascade,log_oscillatory,90,0.02,0.02,50000.0,0.2992564263745022,rational_fit,0.1158603219275656
enhanced_cascade,log_oscillatory,90,0.02,0.1,50000.0,0.2992564263745022,rational_fit,0.1158603219275656
enhanced_cascade,log_oscillatory,100,0.0,0.02,50000.0,0.3143368155863907,rational_fit,0.0759314066476795
enhanced_cascade,log_oscillatory,100,0.0,0.1,50000.0,0.3143368155863907,rational_fit,0.0759314066476795
enhanced_cascade,log_oscillatory,100,0.003,0.02,50000.0,0.3143368155863907,rational_fit,0.0761000220852293
enhanced_cascade,log_oscillatory,100,0.003,0.1,50000.0,0.3143368155863907,rational_fit,0.0761000220852293
enhanced_cascade,log_oscillatory,100,0.005,0.02,50000.0,0.3143368155863907,rational_fit,0.075366100388711
enhanced_cascade,log_oscillatory,100,0.005,0.1,50000.0,0.3143368155863907,rational_fit,0.075366100388711
enhanced_cascade,log_oscillatory,100,0.01,0.02,50000.0,0.3143368155863907,rational_fit,0.0778130664833617
enhanced_cascade,log_oscillatory,100,0.01,0.1,50000.0,0.3143368155863907,rational_fit,0.0778130664833617
enhanced_cascade,log_oscillatory,100,0.02,0.02,50000.0,0.3143368155863907,rational_fit,0.0803713510951789
enhanced_cascade,log_oscillatory,100,0.02,0.1,50000.0,0.3143368155863907,rational_fit,0.0803713510951789
enhanced_cascade,log_oscillatory,110,0.0,0.02,50000.0,0.4224871773479788,rational_fit,0.0701329195214787
enhanced_cascade,log_oscillatory,110,0.0,0.1,50000.0,0.4224871773479788,rational_fit,0.0701329195214787
enhanced_cascade,log_oscillatory,110,0.003,0.02,50000.0,0.4224871773479788,rational_fit,0.0698039076295504
enhanced_cascade,log_oscillatory,110,0.003,0.1,50000.0,0.4224871773479788,rational_fit,0.0698039076295504
enhanced_cascade,log_oscillatory,110,0.005,0.02,50000.0,0.4224871773479788,rational_fit,0.0708396403296578
enhanced_cascade,log_oscillatory,110,0.005,0.1,50000.0,0.4224871773479788,rational_fit,0.0708396403296578
enhanced_cascade,log_oscillatory,110,0.01,0.02,50000.0,0.4224871773479788,rational_fit,0.0682898915548375
enhanced_cascade,log_oscillatory,110,0.01,0.1,50000.0,0.4224871773479788,rational_fit,0.0682898915548375
enhanced_cascade,log_oscillatory,110,0.02,0.02,50000.0,0.4224871773479788,rational_fit,0.0752986734069725
enhanced_cascade,log_oscillatory,110,0.02,0.1,50000.0,0.4224871773479788,rational_fit,0.0752986734069725
enhanced_cascade,log_oscillatory,120,0.0,0.02,50000.0,0.4340556646869982,rational_fit,0.1147110890484144
enhanced_cascade,log_oscillatory,120,0.0,0.1,50000.0,0.4340556646869982,rational_fit,0.1147110890484144
enhanced_cascade,log_oscillatory,120,0.003,0.02,50000.0,0.4340556646869982,rational_fit,0.1146951158724171
enhanced_cascade,log_oscillatory,120,0.003,0.1,50000.0,0.4340556646869982,rational_fit,0.1146951158724171
enhanced_cascade,log_oscillatory,120,0.005,0.02,50000.0,0.4340556646869982,rational_fit,0.1145250464075876
enhanced_cascade,log_oscillatory,120,0.005,0.1,50000.0,0.4340556646869982,rational_fit,0.1145250464075876
enhanced_cascade,log_oscillatory,120,0.01,0.02,50000.0,0.4340556646869982,rational_fit,0.1145445781773365
enhanced_cascade,log_oscillatory,120,0.01,0.1,50000.0,0.4340556646869982,rational_fit,0.1145445781773365
enhanced_cascade,log_oscillatory,120,0.02,0.02,50000.0,0.4340556646869982,rational_fit,0.1151453301732552
enhanced_cascade,log_oscillatory,120,0.02,0.1,50000.0,0.4340556646869982,rational_fit,0.1151453301732552
enhanced_cascade,log_oscillatory,130,0.0,0.02,50000.0,0.3343738214430089,rational_fit,0.1143503314801668
enhanced_cascade,log_oscillatory,130,0.0,0.1,50000.0,0.3343738214430089,rational_fit,0.1143503314801668
enhanced_cascade,log_oscillatory,130,0.003,0.02,50000.0,0.3343738214430089,rational_fit,0.1143299687244778
enhanced_cascade,log_oscillatory,130,0.003,0.1,50000.0,0.3343738214430089,rational_fit,0.1143299687244778
enhanced_cascade,log_oscillatory,130,0.005,0.02,50000.0,0.3343738214430089,rational_fit,0.1146224281881331
enhanced_cascade,log_oscillatory,130,0.005,0.1,50000.0,0.3343738214430089,rational_fit,0.1146224281881331
enhanced_cascade,log_oscillatory,130,0.01,0.02,50000.0,0.3343738214430089,rational_fit,0.1144573367685907
enhanced_cascade,log_oscillatory,130,0.01,0.1,50000.0,0.3343738214430089,rational_fit,0.1144573367685907
enhanced_cascade,log_oscillatory,130,0.02,0.02,50000.0,0.3343738214430089,rational_fit,0.1096486239324662
enhanced_cascade,log_oscillatory,130,0.02,0.1,50000.0,0.3343738214430089,rational_fit,0.1096486239324662
enhanced_cascade,log_oscillatory,140,0.0,0.02,50000.0,0.3259058858325173,rational_fit,0.0669147733507574
enhanced_cascade,log_oscillatory,140,0.0,0.1,50000.0,0.3259058858325173,rational_fit,0.0669147733507574
enhanced_cascade,log_oscillatory,140,0.003,0.02,50000.0,0.3259058858325173,rational_fit,0.0662760887542221
enhanced_cascade,log_oscillatory,140,0.003,0.1,50000.0,0.3259058858325173,rational_fit,0.0662760887542221
enhanced_cascade,log_oscillatory,140,0.005,0.02,50000.0,0.3259058858325173,rational_fit,0.0664533870220527
enhanced_cascade,log_oscillatory,140,0.005,0.1,50000.0,0.3259058858325173,rational_fit,0.0664533870220527
enhanced_cascade,log_oscillatory,140,0.01,0.02,50000.0,0.3259058858325173,rational_fit,0.0686008450472748
enhanced_cascade,log_oscillatory,140,0.01,0.1,50000.0,0.3259058858325173,rational_fit,0.0686008450472748
enhanced_cascade,log_oscillatory,140,0.02,0.02,50000.0,0.3259058858325173,rational_fit,0.0681321701899548
enhanced_cascade,log_oscillatory,140,0.02,0.1,50000.0,0.3259058858325173,rational_fit,0.0681321701899548
enhanced_cascade,log_slow,20,0.0,0.02,50000.0,0.2886523358250798,single_exp_fit,0.1891543435256394
enhanced_cascade,log_slow,20,0.0,0.1,50000.0,0.2886523358250798,single_exp_fit,0.1891543435256394
enhanced_cascade,log_slow,20,0.003,0.02,50000.0,0.2886523358250798,single_exp_fit,0.1886015282063227
enhanced_cascade,log_slow,20,0.003,0.1,50000.0,0.2886523358250798,single_exp_fit,0.1886015282063227
enhanced_cascade,log_slow,20,0.005,0.02,50000.0,0.2886523358250798,single_exp_fit,0.1889030439912215
enhanced_cascade,log_slow,20,0.005,0.1,50000.0,0.2886523358250798,single_exp_fit,0.1889030439912215
enhanced_cascade,log_slow,20,0.01,0.02,50000.0,0.2886523358250798,single_exp_fit,0.1906095166091042
enhanced_cascade,log_slow,20,0.01,0.1,50000.0,0.2886523358250798,single_exp_fit,0.1906095166091042
enhanced_cascade,log_slow,20,0.02,0.02,50000.0,0.2886523358250798,single_exp_fit,0.1806578854767907
enhanced_cascade,log_slow,20,0.02,0.1,50000.0,0.2886523358250798,single_exp_fit,0.1806578854767907
enhanced_cascade,log_slow,30,0.0,0.02,50000.0,0.3223648749744652,single_exp_fit,0.1679159135015613
enhanced_cascade,log_slow,30,0.0,0.1,50000.0,0.3223648749744652,single_exp_fit,0.1679159135015613
enhanced_cascade,log_slow,30,0.003,0.02,50000.0,0.3223648749744652,single_exp_fit,0.1689350595076848
enhanced_cascade,log_slow,30,0.003,0.1,50000.0,0.3223648749744652,single_exp_fit,0.1689350595076848
enhanced_cascade,log_slow,30,0.005,0.02,50000.0,0.3223648749744652,single_exp_fit,0.1688339112647536
enhanced_cascade,log_slow,30,0.005,0.1,50000.0,0.3223648749744652,single_exp_fit,0.1688339112647536
enhanced_cascade,log_slow,30,0.01,0.02,50000.0,0.3223648749744652,single_exp_fit,0.1673727499910287
enhanced_cascade,log_slow,30,0.01,0.1,50000.0,0.3223648749744652,single_exp_fit,0.1673727499910287
enhanced_cascade,log_slow,30,0.02,0.02,50000.0,0.3223648749744652,single_exp_fit,0.1687784574099845
enhanced_cascade,log_slow,30,0.02,0.1,50000.0,0.3223648749744652,single_exp_fit,0.1687784574099845
enhanced_cascade,log_slow,40,0.0,0.02,50000.0,0.3470134055140294,single_exp_fit,0.1540074596567493
enhanced_cascade,log_slow,40,0.0,0.1,50000.0,0.3470134055140294,single_exp_fit,0.1540074596567493
enhanced_cascade,log_slow,40,0.003,0.02,50000.0,0.3470134055140294,single_exp_fit,0.153908656290017
enhanced_cascade,log_slow,40,0.003,0.1,50000.0,0.3470134055140294,single_exp_fit,0.153908656290017
enhanced_cascade,log_slow,40,0.005,0.02,50000.0,0.3470134055140294,single_exp_fit,0.1541890980619962
enhanced_cascade,log_slow,40,0.005,0.1,50000.0,0.3470134055140294,single_exp_fit,0.1541890980619962
enhanced_cascade,log_slow,40,0.01,0.02,50000.0,0.3470134055140294,single_exp_fit,0.1540161103652681
enhanced_cascade,log_slow,40,0.01,0.1,50000.0,0.3470134055140294,single_exp_fit,0.1540161103652681
enhanced_cascade,log_slow,40,0.02,0.02,50000.0,0.3470134055140294,single_exp_fit,0.1561614631716945
enhanced_cascade,log_slow,40,0.02,0.1,50000.0,0.3470134055140294,single_exp_fit,0.1561614631716945
enhanced_cascade,log_slow,50,0.0,0.02,50000.0,0.3664532001500322,single_exp_fit,0.1439122513811107
enhanced_cascade,log_slow,50,0.0,0.1,50000.0,0.3664532001500322,single_exp_fit,0.1439122513811107
enhanced_cascade,log_slow,50,0.003,0.02,50000.0,0.3664532001500322,single_exp_fit,0.1437558527674501
enhanced_cascade,log_slow,50,0.003,0.1,50000.0,0.3664532001500322,single_exp_fit,0.1437558527674501
enhanced_cascade,log_slow,50,0.005,0.02,50000.0,0.3664532001500322,single_exp_fit,0.1441769756983826
enhanced_cascade,log_slow,50,0.005,0.1,50000.0,0.3664532001500322,single_exp_fit,0.1441769756983826
enhanced_cascade,log_slow,50,0.01,0.02,50000.0,0.3664532001500322,single_exp_fit,0.1441975286541396
enhanced_cascade,log_slow,50,0.01,0.1,50000.0,0.3664532001500322,single_exp_fit,0.1441975286541396
enhanced_cascade,log_slow,50,0.02,0.02,50000.0,0.3664532001500322,single_exp_fit,0.144058897072409
enhanced_cascade,log_slow,50,0.02,0.1,50000.0,0.3664532001500322,single_exp_fit,0.144058897072409
enhanced_cascade,log_slow,60,0.0,0.02,50000.0,0.3825061917106075,single_exp_fit,0.136110055624479
enhanced_cascade,log_slow,60,0.0,0.1,50000.0,0.3825061917106075,single_exp_fit,0.136110055624479
enhanced_cascade,log_slow,60,0.003,0.02,50000.0,0.3825061917106075,single_exp_fit,0.136182564994599
enhanced_cascade,log_slow,60,0.003,0.1,50000.0,0.3825061917106075,single_exp_fit,0.136182564994599
enhanced_cascade,log_slow,60,0.005,0.02,50000.0,0.3825061917106075,single_exp_fit,0.1362292084721308
enhanced_cascade,log_slow,60,0.005,0.1,50000.0,0.3825061917106075,single_exp_fit,0.1362292084721308
enhanced_cascade,log_slow,60,0.01,0.02,50000.0,0.3825061917106075,single_exp_fit,0.1369977980396918
enhanced_cascade,log_slow,60,0.01,0.1,50000.0,0.3825061917106075,single_exp_fit,0.1369977980396918
enhanced_cascade,log_slow,60,0.02,0.02,50000.0,0.3825061917106075,single_exp_fit,0.1383453544317077
enhanced_cascade,log_slow,60,0.02,0.1,50000.0,0.3825061917106075,single_exp_fit,0.1383453544317077
enhanced_cascade,log_slow,70,0.0,0.02,50000.0,0.3961792165921883,single_exp_fit,0.1085619163560006
enhanced_cascade,log_slow,70,0.0,0.1,50000.0,0.3961792165921883,single_exp_fit,0.1085619163560006
enhanced_cascade,log_slow,70,0.003,0.02,50000.0,0.3961792165921883,single_exp_fit,0.1090197460475966
enhanced_cascade,log_slow,70,0.003,0.1,50000.0,0.3961792165921883,single_exp_fit,0.1090197460475966
enhanced_cascade,log_slow,70,0.005,0.02,50000.0,0.3961792165921883,single_exp_fit,0.108673046941307
enhanced_cascade,log_slow,70,0.005,0.1,50000.0,0.3961792165921883,single_exp_fit,0.108673046941307
enhanced_cascade,log_slow,70,0.01,0.02,50000.0,0.3961792165921883,single_exp_fit,0.1080561529216464
enhanced_cascade,log_slow,70,0.01,0.1,50000.0,0.3961792165921883,single_exp_fit,0.1080561529216464
enhanced_cascade,log_slow,70,0.02,0.02,50000.0,0.3961792165921883,single_exp_fit,0.1029160574183408
enhanced_cascade,log_slow,70,0.02,0.1,50000.0,0.3961792165921883,single_exp_fit,0.1029160574183408
enhanced_cascade,log_slow,80,0.0,0.02,50000.0,0.4080877018181774,single_exp_fit,0.0972481805854837
enhanced_cascade,log_slow,80,0.0,0.1,50000.0,0.4080877018181774,single_exp_fit,0.0972481805854837
enhanced_cascade,log_slow,80,0.003,0.02,50000.0,0.4080877018181774,single_exp_fit,0.0977240216150249
enhanced_cascade,log_slow,80,0.003,0.1,50000.0,0.4080877018181774,single_exp_fit,0.0977240216150249
enhanced_cascade,log_slow,80,0.005,0.02,50000.0,0.4080877018181774,single_exp_fit,0.0958192930157052
enhanced_cascade,log_slow,80,0.005,0.1,50000.0,0.4080877018181774,single_exp_fit,0.0958192930157052
enhanced_cascade,log_slow,80,0.01,0.02,50000.0,0.4080877018181774,single_exp_fit,0.0960231246277171
enhanced_cascade,log_slow,80,0.01,0.1,50000.0,0.4080877018181774,single_exp_fit,0.0960231246277171
enhanced_cascade,log_slow,80,0.02,0.02,50000.0,0.4080877018181774,rational_fit,0.0587645810240135
enhanced_cascade,log_slow,80,0.02,0.1,50000.0,0.4080877018181774,rational_fit,0.0587645810240135
enhanced_cascade,log_slow,90,0.0,0.02,50000.0,0.41863546463489,single_exp_fit,0.0898023564202513
enhanced_cascade,log_slow,90,0.0,0.1,50000.0,0.41863546463489,single_exp_fit,0.0898023564202513
enhanced_cascade,log_slow,90,0.003,0.02,50000.0,0.41863546463489,single_exp_fit,0.0913950729231914
enhanced_cascade,log_slow,90,0.003,0.1,50000.0,0.41863546463489,single_exp_fit,0.0913950729231914
enhanced_cascade,log_slow,90,0.005,0.02,50000.0,0.41863546463489,single_exp_fit,0.084848187967093
enhanced_cascade,log_slow,90,0.005,0.1,50000.0,0.41863546463489,single_exp_fit,0.084848187967093
enhanced_cascade,log_slow,90,0.01,0.02,50000.0,0.41863546463489,single_exp_fit,0.0948276254983522
enhanced_cascade,log_slow,90,0.01,0.1,50000.0,0.41863546463489,single_exp_fit,0.0948276254983522
enhanced_cascade,log_slow,90,0.02,0.02,50000.0,0.41863546463489,rational_fit,0.0773748996294254
enhanced_cascade,log_slow,90,0.02,0.1,50000.0,0.41863546463489,rational_fit,0.0773748996294254
enhanced_cascade,log_slow,100,0.0,0.02,50000.0,0.4281018259248643,single_exp_fit,0.0842638606630544
enhanced_cascade,log_slow,100,0.0,0.1,50000.0,0.4281018259248643,single_exp_fit,0.0842638606630544
enhanced_cascade,log_slow,100,0.003,0.02,50000.0,0.4281018259248643,single_exp_fit,0.0847092223875836
enhanced_cascade,log_slow,100,0.003,0.1,50000.0,0.4281018259248643,single_exp_fit,0.0847092223875836
enhanced_cascade,log_slow,100,0.005,0.02,50000.0,0.4281018259248643,single_exp_fit,0.0842170444614686
enhanced_cascade,log_slow,100,0.005,0.1,50000.0,0.4281018259248643,single_exp_fit,0.0842170444614686
enhanced_cascade,log_slow,100,0.01,0.02,50000.0,0.4281018259248643,single_exp_fit,0.0912747712275401
enhanced_cascade,log_slow,100,0.01,0.1,50000.0,0.4281018259248643,single_exp_fit,0.0912747712275401
enhanced_cascade,log_slow,100,0.02,0.02,50000.0,0.4281018259248643,rational_fit,0.0744327051065913
enhanced_cascade,log_slow,100,0.02,0.1,50000.0,0.4281018259248643,rational_fit,0.0744327051065913
enhanced_cascade,log_slow,110,0.0,0.02,50000.0,0.4366880503712215,single_exp_fit,0.0798777570013377
enhanced_cascade,log_slow,110,0.0,0.1,50000.0,0.4366880503712215,single_exp_fit,0.0798777570013377
enhanced_cascade,log_slow,110,0.003,0.02,50000.0,0.4366880503712215,single_exp_fit,0.0789406397583642
enhanced_cascade,log_slow,110,0.003,0.1,50000.0,0.4366880503712215,single_exp_fit,0.0789406397583642
enhanced_cascade,log_slow,110,0.005,0.02,50000.0,0.4366880503712215,single_exp_fit,0.0819389412908068
enhanced_cascade,log_slow,110,0.005,0.1,50000.0,0.4366880503712215,single_exp_fit,0.0819389412908068
enhanced_cascade,log_slow,110,0.01,0.02,50000.0,0.4366880503712215,rational_fit,0.0663150410883989
enhanced_cascade,log_slow,110,0.01,0.1,50000.0,0.4366880503712215,rational_fit,0.0663150410883989
enhanced_cascade,log_slow,110,0.02,0.02,50000.0,0.4366880503712215,rational_fit,0.0755485259130634
enhanced_cascade,log_slow,110,0.02,0.1,50000.0,0.4366880503712215,rational_fit,0.0755485259130634
enhanced_cascade,log_slow,120,0.0,0.02,50000.0,0.4445439678229312,single_exp_fit,0.0762652468509486
enhanced_cascade,log_slow,120,0.0,0.1,50000.0,0.4445439678229312,single_exp_fit,0.0762652468509486
enhanced_cascade,log_slow,120,0.003,0.02,50000.0,0.4445439678229312,single_exp_fit,0.077359598499498
enhanced_cascade,log_slow,120,0.003,0.1,50000.0,0.4445439678229312,single_exp_fit,0.077359598499498
enhanced_cascade,log_slow,120,0.005,0.02,50000.0,0.4445439678229312,single_exp_fit,0.0828996204785894
enhanced_cascade,log_slow,120,0.005,0.1,50000.0,0.4445439678229312,single_exp_fit,0.0828996204785894
enhanced_cascade,log_slow,120,0.01,0.02,50000.0,0.4445439678229312,rational_fit,0.0665627278953108
enhanced_cascade,log_slow,120,0.01,0.1,50000.0,0.4445439678229312,rational_fit,0.0665627278953108
enhanced_cascade,log_slow,120,0.02,0.02,50000.0,0.4445439678229312,rational_fit,0.0635814934134471
enhanced_cascade,log_slow,120,0.02,0.1,50000.0,0.4445439678229312,rational_fit,0.0635814934134471
enhanced_cascade,log_slow,130,0.0,0.02,50000.0,0.4517841318559988,single_exp_fit,0.0732075736834563
enhanced_cascade,log_slow,130,0.0,0.1,50000.0,0.4517841318559988,single_exp_fit,0.0732075736834563
enhanced_cascade,log_slow,130,0.003,0.02,50000.0,0.4517841318559988,single_exp_fit,0.0761208341288817
enhanced_cascade,log_slow,130,0.003,0.1,50000.0,0.4517841318559988,single_exp_fit,0.0761208341288817
enhanced_cascade,log_slow,130,0.005,0.02,50000.0,0.4517841318559988,single_exp_fit,0.0819502470041528
enhanced_cascade,log_slow,130,0.005,0.1,50000.0,0.4517841318559988,single_exp_fit,0.0819502470041528
enhanced_cascade,log_slow,130,0.01,0.02,50000.0,0.4517841318559988,rational_fit,0.0722497346949929
enhanced_cascade,log_slow,130,0.01,0.1,50000.0,0.4517841318559988,rational_fit,0.0722497346949929
enhanced_cascade,log_slow,130,0.02,0.02,50000.0,0.4517841318559988,rational_fit,0.0749286799278442
enhanced_cascade,log_slow,130,0.02,0.1,50000.0,0.4517841318559988,rational_fit,0.0749286799278442
enhanced_cascade,log_slow,140,0.0,0.02,50000.0,0.4584980924503768,single_exp_fit,0.0705666094739963
enhanced_cascade,log_slow,140,0.0,0.1,50000.0,0.4584980924503768,single_exp_fit,0.0705666094739963
enhanced_cascade,log_slow,140,0.003,0.02,50000.0,0.4584980924503768,single_exp_fit,0.0761654478814702
enhanced_cascade,log_slow,140,0.003,0.1,50000.0,0.4584980924503768,single_exp_fit,0.0761654478814702
enhanced_cascade,log_slow,140,0.005,0.02,50000.0,0.4584980924503768,single_exp_fit,0.0775704197975376
enhanced_cascade,log_slow,140,0.005,0.1,50000.0,0.4584980924503768,single_exp_fit,0.0775704197975376
enhanced_cascade,log_slow,140,0.01,0.02,50000.0,0.4584980924503768,rational_fit,0.0634642158042398
enhanced_cascade,log_slow,140,0.01,0.1,50000.0,0.4584980924503768,rational_fit,0.0634642158042398
enhanced_cascade,log_slow,140,0.02,0.02,50000.0,0.4584980924503768,rational_fit,0.0700373577217237
enhanced_cascade,log_slow,140,0.02,0.1,50000.0,0.4584980924503768,rational_fit,0.0700373577217237
oracle,broken_power_law,20,0.0,0.02,50000.0,0.2043647033558935,rational_fit,0.0026708605664464
oracle,broken_power_law,20,0.0,0.1,50000.0,0.2043647033558935,rational_fit,0.0026708605664464
oracle,broken_power_law,20,0.003,0.02,50000.0,0.2043647033558935,rational_fit,0.0039059039042194
oracle,broken_power_law,20,0.003,0.1,50000.0,0.2043647033558935,rational_fit,0.0039059039042194
oracle,broken_power_law,20,0.005,0.02,50000.0,0.2043647033558935,pade_22,0.0023947825898051
oracle,broken_power_law,20,0.005,0.1,50000.0,0.2043647033558935,pade_22,0.0023947825898051
oracle,broken_power_law,20,0.01,0.02,50000.0,0.2043647033558935,rational_fit,0.0057284959184069
oracle,broken_power_law,20,0.01,0.1,50000.0,0.2043647033558935,rational_fit,0.0057284959184069
oracle,broken_power_law,20,0.02,0.02,50000.0,0.2043647033558935,rational_fit,0.0049462333002035
oracle,broken_power_law,20,0.02,0.1,50000.0,0.2043647033558935,rational_fit,0.0049462333002035
oracle,broken_power_law,30,0.0,0.02,50000.0,0.2901576654864911,levin_t2,0.0033250297462424
oracle,broken_power_law,30,0.0,0.1,50000.0,0.2901576654864911,levin_t2,0.0033250297462424
oracle,broken_power_law,30,0.003,0.02,50000.0,0.2901576654864911,rational_fit,0.0037807636075848
oracle,broken_power_law,30,0.003,0.1,50000.0,0.2901576654864911,rational_fit,0.0037807636075848
oracle,broken_power_law,30,0.005,0.02,50000.0,0.2901576654864911,rational_fit,0.0033375820153202
oracle,broken_power_law,30,0.005,0.1,50000.0,0.2901576654864911,rational_fit,0.0033375820153202
oracle,broken_power_law,30,0.01,0.02,50000.0,0.2901576654864911,rational_fit,0.0075898935275359
oracle,broken_power_law,30,0.01,0.1,50000.0,0.2901576654864911,rational_fit,0.0075898935275359
oracle,broken_power_law,30,0.02,0.02,50000.0,0.2901576654864911,rational_fit,0.0049958117101507
oracle,broken_power_law,30,0.02,0.1,50000.0,0.2901576654864911,rational_fit,0.0049958117101507
oracle,broken_power_law,40,0.0,0.02,50000.0,0.3731762489488806,levin_t2,0.0001036367708539
oracle,broken_power_law,40,0.0,0.1,50000.0,0.3731762489488806,levin_t2,0.0001036367708539
oracle,broken_power_law,40,0.003,0.02,50000.0,0.3731762489488806,rational_fit,0.0048827766527555
oracle,broken_power_law,40,0.003,0.1,50000.0,0.3731762489488806,rational_fit,0.0048827766527555
oracle,broken_power_law,40,0.005,0.02,50000.0,0.3731762489488806,rational_fit,0.0049241949823456
oracle,broken_power_law,40,0.005,0.1,50000.0,0.3731762489488806,rational_fit,0.0049241949823456
oracle,broken_power_law,40,0.01,0.02,50000.0,0.3731762489488806,rational_fit,0.0041182225584891
oracle,broken_power_law,40,0.01,0.1,50000.0,0.3731762489488806,rational_fit,0.0041182225584891
oracle,broken_power_law,40,0.02,0.02,50000.0,0.3731762489488806,rational_fit,0.0065801415595011
oracle,broken_power_law,40,0.02,0.1,50000.0,0.3731762489488806,rational_fit,0.0065801415595011
oracle,broken_power_law,50,0.0,0.02,50000.0,0.4541733869663374,levin_t2,0.0018626129306575
oracle,broken_power_law,50,0.0,0.1,50000.0,0.4541733869663374,levin_t2,0.0018626129306575
oracle,broken_power_law,50,0.003,0.02,50000.0,0.4541733869663374,rational_fit,0.0053758392145744
oracle,broken_power_law,50,0.003,0.1,50000.0,0.4541733869663374,rational_fit,0.0053758392145744
oracle,broken_power_law,50,0.005,0.02,50000.0,0.4541733869663374,rational_fit,0.0061778381535736
oracle,broken_power_law,50,0.005,0.1,50000.0,0.4541733869663374,rational_fit,0.0061778381535736
oracle,broken_power_law,50,0.01,0.02,50000.0,0.4541733869663374,rational_fit,0.0065636266342785
oracle,broken_power_law,50,0.01,0.1,50000.0,0.4541733869663374,rational_fit,0.0065636266342785
oracle,broken_power_law,50,0.02,0.02,50000.0,0.4541733869663374,rational_fit,0.0047933337813316
oracle,broken_power_law,50,0.02,0.1,50000.0,0.4541733869663374,rational_fit,0.0047933337813316
oracle,broken_power_law,60,0.0,0.02,50000.0,0.068318835938711,rational_fit,0.0006631675410289
oracle,broken_power_law,60,0.003,0.02,50000.0,0.068318835938711,rational_fit,0.0009997941760551
oracle,broken_power_law,60,0.005,0.02,50000.0,0.068318835938711,rational_fit,0.0010544421508466
oracle,broken_power_law,60,0.01,0.02,50000.0,0.068318835938711,rational_fit,0.0016949014345349
oracle,broken_power_law,60,0.02,0.02,50000.0,0.068318835938711,rational_fit,0.0020517709755291
oracle,broken_power_law,70,0.0,0.02,50000.0,0.0725958615029638,single_exp_fit,0.0459873942546998
oracle,broken_power_law,70,0.003,0.02,50000.0,0.0725958615029638,single_exp_fit,0.0459567813568716
oracle,broken_power_law,70,0.005,0.02,50000.0,0.0725958615029638,single_exp_fit,0.045997966493972
oracle,broken_power_law,70,0.01,0.02,50000.0,0.0725958615029638,single_exp_fit,0.0459438896766017
oracle,broken_power_law,70,0.02,0.02,50000.0,0.0725958615029638,single_exp_fit,0.0450424248720041
oracle,broken_power_law,80,0.0,0.02,50000.0,0.0765248578423578,single_exp_fit,0.0601919213353976
oracle,broken_power_law,80,0.003,0.02,50000.0,0.0765248578423578,rational_fit,0.0603017302584133
oracle,broken_power_law,80,0.005,0.02,50000.0,0.0765248578423578,single_exp_fit,0.0603439530589811
oracle,broken_power_law,80,0.01,0.02,50000.0,0.0765248578423578,pade_22,0.0594809329293449
oracle,broken_power_law,80,0.02,0.02,50000.0,0.0765248578423578,rational_fit,0.0592262653172015
oracle,broken_power_law,90,0.0,0.02,50000.0,0.0801724362309424,pade_22,0.0633862165491165
oracle,broken_power_law,90,0.003,0.02,50000.0,0.0801724362309424,pade_22,0.0608638040671818
oracle,broken_power_law,90,0.005,0.02,50000.0,0.0801724362309424,pade_22,0.0566485103295468
oracle,broken_power_law,90,0.01,0.02,50000.0,0.0801724362309424,pade_22,0.0436904603029234
oracle,broken_power_law,90,0.02,0.02,50000.0,0.0801724362309424,pade_22,0.0508955495529005
oracle,broken_power_law,100,0.0,0.02,50000.0,0.0835866795638285,levin_t2,0.0651300649409916
oracle,broken_power_law,100,0.003,0.02,50000.0,0.0835866795638285,pade_22,0.0815474136215958
oracle,broken_power_law,100,0.005,0.02,50000.0,0.0835866795638285,pade_22,0.0704378273578339
oracle,broken_power_law,100,0.01,0.02,50000.0,0.0835866795638285,pade_22,0.0537579377456758
oracle,broken_power_law,100,0.02,0.02,50000.0,0.0835866795638285,pade_22,0.0496136465989506
oracle,broken_power_law,110,0.0,0.02,50000.0,0.0868035956912711,levin_t2,0.0622800176459156
oracle,broken_power_law,110,0.003,0.02,50000.0,0.0868035956912711,pade_22,0.0985009546438006
oracle,broken_power_law,110,0.005,0.02,50000.0,0.0868035956912711,pade_22,0.0993718469593909
oracle,broken_power_law,110,0.01,0.02,50000.0,0.0868035956912711,pade_22,0.0967957532039071
oracle,broken_power_law,110,0.02,0.02,50000.0,0.0868035956912711,pade_22,0.0918580747960561
oracle,broken_power_law,120,0.0,0.02,50000.0,0.089850949747117,richardson_1,0.0026087849954193
oracle,broken_power_law,120,0.003,0.02,50000.0,0.089850949747117,log_linear,0.0232369453890489
oracle,broken_power_law,120,0.005,0.02,50000.0,0.089850949747117,log_linear,0.0250715393350755
oracle,broken_power_law,120,0.01,0.02,50000.0,0.089850949747117,log_linear,0.022158514011415
oracle,broken_power_law,120,0.02,0.02,50000.0,0.089850949747117,log_linear,0.0240480055431645
oracle,broken_power_law,130,0.0,0.02,50000.0,0.092750667161584,richardson_1,0.002176841272145
oracle,broken_power_law,130,0.003,0.02,50000.0,0.092750667161584,log_linear,0.0237282159633879
oracle,broken_power_law,130,0.005,0.02,50000.0,0.092750667161584,log_linear,0.0233318268694909
oracle,broken_power_law,130,0.01,0.02,50000.0,0.092750667161584,log_linear,0.0240742435829484
oracle,broken_power_law,130,0.02,0.02,50000.0,0.092750667161584,log_linear,0.0243381963308861
oracle,broken_power_law,140,0.0,0.02,50000.0,0.0955204080436849,richardson_1,0.0018527957888255
oracle,broken_power_law,140,0.003,0.02,50000.0,0.0955204080436849,log_linear,0.0230533226452011
oracle,broken_power_law,140,0.005,0.02,50000.0,0.0955204080436849,log_linear,0.0218576693086441
oracle,broken_power_law,140,0.01,0.02,50000.0,0.0955204080436849,log_linear,0.024201488246882
oracle,broken_power_law,140,0.02,0.02,50000.0,0.0955204080436849,log_linear,0.0265669282892302
oracle,damped_osc_pow,120,0.0,0.02,50000.0,0.0210220445446958,richardson_1,0.0019154704458645
oracle,damped_osc_pow,120,0.003,0.02,50000.0,0.0210220445446958,rational_fit,0.0138814416172097
oracle,damped_osc_pow,120,0.005,0.02,50000.0,0.0210220445446958,rational_fit,0.0150526640717498
oracle,damped_osc_pow,120,0.01,0.02,50000.0,0.0210220445446958,rational_fit,0.0196421894090123
oracle,damped_osc_pow,120,0.02,0.02,50000.0,0.0210220445446958,rational_fit,0.0154510162206606
oracle,damped_osc_pow,130,0.0,0.02,50000.0,0.0221499430699973,richardson_1,0.0016194718672184
oracle,damped_osc_pow,130,0.003,0.02,50000.0,0.0221499430699973,rational_fit,0.010666287007957
oracle,damped_osc_pow,130,0.005,0.02,50000.0,0.0221499430699973,rational_fit,0.014160879778887
oracle,damped_osc_pow,130,0.01,0.02,50000.0,0.0221499430699973,log_linear,0.0139499822632929
oracle,damped_osc_pow,130,0.02,0.02,50000.0,0.0221499430699973,rational_fit,0.0152342909399726
oracle,damped_osc_pow,140,0.0,0.02,50000.0,0.0232494544447517,richardson_1,0.0013939855313244
oracle,damped_osc_pow,140,0.003,0.02,50000.0,0.0232494544447517,rational_fit,0.0135239411242702
oracle,damped_osc_pow,140,0.005,0.02,50000.0,0.0232494544447517,rational_fit,0.0120963481814388
oracle,damped_osc_pow,140,0.01,0.02,50000.0,0.0232494544447517,rational_fit,0.013177020756866
oracle,damped_osc_pow,140,0.02,0.02,50000.0,0.0232494544447517,richardson_1,0.0158211332906811
oracle,log_oscillatory,20,0.0,0.02,50000.0,0.232935711783342,richardson_1,0.0583088659640898
oracle,log_oscillatory,20,0.0,0.1,50000.0,0.232935711783342,richardson_1,0.0583088659640898
oracle,log_oscillatory,20,0.003,0.02,50000.0,0.232935711783342,richardson_1,0.0593397346671396
oracle,log_oscillatory,20,0.003,0.1,50000.0,0.232935711783342,richardson_1,0.0593397346671396
oracle,log_oscillatory,20,0.005,0.02,50000.0,0.232935711783342,richardson_1,0.0590753744855637
oracle,log_oscillatory,20,0.005,0.1,50000.0,0.232935711783342,richardson_1,0.0590753744855637
oracle,log_oscillatory,20,0.01,0.02,50000.0,0.232935711783342,richardson_1,0.0592982357630788
oracle,log_oscillatory,20,0.01,0.1,50000.0,0.232935711783342,richardson_1,0.0592982357630788
oracle,log_oscillatory,20,0.02,0.02,50000.0,0.232935711783342,pade_22,0.050498709540371
oracle,log_oscillatory,20,0.02,0.1,50000.0,0.232935711783342,pade_22,0.050498709540371
oracle,log_oscillatory,30,0.0,0.02,50000.0,0.3324862235710625,single_exp_fit,0.0477020850906088
oracle,log_oscillatory,30,0.0,0.1,50000.0,0.3324862235710625,single_exp_fit,0.0477020850906088
oracle,log_oscillatory,30,0.003,0.02,50000.0,0.3324862235710625,single_exp_fit,0.0505256047494558
oracle,log_oscillatory,30,0.003,0.1,50000.0,0.3324862235710625,single_exp_fit,0.0505256047494558
oracle,log_oscillatory,30,0.005,0.02,50000.0,0.3324862235710625,single_exp_fit,0.0437547842160255
oracle,log_oscillatory,30,0.005,0.1,50000.0,0.3324862235710625,single_exp_fit,0.0437547842160255
oracle,log_oscillatory,30,0.01,0.02,50000.0,0.3324862235710625,single_exp_fit,0.0508327159596338
oracle,log_oscillatory,30,0.01,0.1,50000.0,0.3324862235710625,single_exp_fit,0.0508327159596338
oracle,log_oscillatory,30,0.02,0.02,50000.0,0.3324862235710625,single_exp_fit,0.0546968928453331
oracle,log_oscillatory,30,0.02,0.1,50000.0,0.3324862235710625,single_exp_fit,0.0546968928453331
oracle,log_oscillatory,40,0.0,0.02,50000.0,0.3049784955005034,rational_fit,0.046542852437928
oracle,log_oscillatory,40,0.0,0.1,50000.0,0.3049784955005034,rational_fit,0.046542852437928
oracle,log_oscillatory,40,0.003,0.02,50000.0,0.3049784955005034,rational_fit,0.0471947396439572
oracle,log_oscillatory,40,0.003,0.1,50000.0,0.3049784955005034,rational_fit,0.0471947396439572
oracle,log_oscillatory,40,0.005,0.02,50000.0,0.3049784955005034,rational_fit,0.046760153807317
oracle,log_oscillatory,40,0.005,0.1,50000.0,0.3049784955005034,rational_fit,0.046760153807317
oracle,log_oscillatory,40,0.01,0.02,50000.0,0.3049784955005034,rational_fit,0.0456726624868554
oracle,log_oscillatory,40,0.01,0.1,50000.0,0.3049784955005034,rational_fit,0.0456726624868554
oracle,log_oscillatory,40,0.02,0.02,50000.0,0.3049784955005034,rational_fit,0.0430991793813386
oracle,log_oscillatory,40,0.02,0.1,50000.0,0.3049784955005034,rational_fit,0.0430991793813386
oracle,log_oscillatory,50,0.0,0.02,50000.0,0.2560336623945213,rational_fit,0.0524162177160784
oracle,log_oscillatory,50,0.0,0.1,50000.0,0.2560336623945213,rational_fit,0.0524162177160784
oracle,log_oscillatory,50,0.003,0.02,50000.0,0.2560336623945213,rational_fit,0.0522361587758845
oracle,log_oscillatory,50,0.003,0.1,50000.0,0.2560336623945213,rational_fit,0.0522361587758845
oracle,log_oscillatory,50,0.005,0.02,50000.0,0.2560336623945213,rational_fit,0.0523387033760191
oracle,log_oscillatory,50,0.005,0.1,50000.0,0.2560336623945213,rational_fit,0.0523387033760191
oracle,log_oscillatory,50,0.01,0.02,50000.0,0.2560336623945213,rational_fit,0.0522155647383597
oracle,log_oscillatory,50,0.01,0.1,50000.0,0.2560336623945213,rational_fit,0.0522155647383597
oracle,log_oscillatory,50,0.02,0.02,50000.0,0.2560336623945213,rational_fit,0.0489346311760886
oracle,log_oscillatory,50,0.02,0.1,50000.0,0.2560336623945213,rational_fit,0.0489346311760886
oracle,log_oscillatory,60,0.0,0.02,50000.0,0.2932175193086054,pade_22,0.0151189128454462
oracle,log_oscillatory,60,0.0,0.1,50000.0,0.2932175193086054,pade_22,0.0151189128454462
oracle,log_oscillatory,60,0.003,0.02,50000.0,0.2932175193086054,pade_22,0.020462855442047
oracle,log_oscillatory,60,0.003,0.1,50000.0,0.2932175193086054,pade_22,0.020462855442047
oracle,log_oscillatory,60,0.005,0.02,50000.0,0.2932175193086054,pade_22,0.0238706622161427
oracle,log_oscillatory,60,0.005,0.1,50000.0,0.2932175193086054,pade_22,0.0238706622161427
oracle,log_oscillatory,60,0.01,0.02,50000.0,0.2932175193086054,pade_22,0.0585932791376982
oracle,log_oscillatory,60,0.01,0.1,50000.0,0.2932175193086054,pade_22,0.0585932791376982
oracle,log_oscillatory,60,0.02,0.02,50000.0,0.2932175193086054,richardson_1,0.0643274598291917
oracle,log_oscillatory,60,0.02,0.1,50000.0,0.2932175193086054,richardson_1,0.0643274598291917
oracle,log_oscillatory,70,0.0,0.02,50000.0,0.3989157148287635,log_linear,0.0654814309300365
oracle,log_oscillatory,70,0.0,0.1,50000.0,0.3989157148287635,log_linear,0.0654814309300365
oracle,log_oscillatory,70,0.003,0.02,50000.0,0.3989157148287635,log_linear,0.0649182871996541
oracle,log_oscillatory,70,0.003,0.1,50000.0,0.3989157148287635,log_linear,0.0649182871996541
oracle,log_oscillatory,70,0.005,0.02,50000.0,0.3989157148287635,log_linear,0.0652200418709185
oracle,log_oscillatory,70,0.005,0.1,50000.0,0.3989157148287635,log_linear,0.0652200418709185
oracle,log_oscillatory,70,0.01,0.02,50000.0,0.3989157148287635,log_linear,0.0654251978231969
oracle,log_oscillatory,70,0.01,0.1,50000.0,0.3989157148287635,log_linear,0.0654251978231969
oracle,log_oscillatory,70,0.02,0.02,50000.0,0.3989157148287635,log_linear,0.0638740945597189
oracle,log_oscillatory,70,0.02,0.1,50000.0,0.3989157148287635,log_linear,0.0638740945597189
oracle,log_oscillatory,80,0.0,0.02,50000.0,0.3793183076854851,richardson_1,0.0261705282163208
oracle,log_oscillatory,80,0.0,0.1,50000.0,0.3793183076854851,richardson_1,0.0261705282163208
oracle,log_oscillatory,80,0.003,0.02,50000.0,0.3793183076854851,richardson_1,0.0254709752374717
oracle,log_oscillatory,80,0.003,0.1,50000.0,0.3793183076854851,richardson_1,0.0254709752374717
oracle,log_oscillatory,80,0.005,0.02,50000.0,0.3793183076854851,richardson_1,0.0228815512254248
oracle,log_oscillatory,80,0.005,0.1,50000.0,0.3793183076854851,richardson_1,0.0228815512254248
oracle,log_oscillatory,80,0.01,0.02,50000.0,0.3793183076854851,richardson_1,0.0251577463483036
oracle,log_oscillatory,80,0.01,0.1,50000.0,0.3793183076854851,richardson_1,0.0251577463483036
oracle,log_oscillatory,80,0.02,0.02,50000.0,0.3793183076854851,richardson_1,0.0218881383165507
oracle,log_oscillatory,80,0.02,0.1,50000.0,0.3793183076854851,richardson_1,0.0218881383165507
oracle,log_oscillatory,90,0.0,0.02,50000.0,0.2992564263745022,richardson_1,0.0244821337417333
oracle,log_oscillatory,90,0.0,0.1,50000.0,0.2992564263745022,richardson_1,0.0244821337417333
oracle,log_oscillatory,90,0.003,0.02,50000.0,0.2992564263745022,richardson_1,0.0242234908280978
oracle,log_oscillatory,90,0.003,0.1,50000.0,0.2992564263745022,richardson_1,0.0242234908280978
oracle,log_oscillatory,90,0.005,0.02,50000.0,0.2992564263745022,richardson_1,0.0235139187596531
oracle,log_oscillatory,90,0.005,0.1,50000.0,0.2992564263745022,richardson_1,0.0235139187596531
oracle,log_oscillatory,90,0.01,0.02,50000.0,0.2992564263745022,richardson_1,0.0229453773094778
oracle,log_oscillatory,90,0.01,0.1,50000.0,0.2992564263745022,richardson_1,0.0229453773094778
oracle,log_oscillatory,90,0.02,0.02,50000.0,0.2992564263745022,richardson_1,0.0197187151841718
oracle,log_oscillatory,90,0.02,0.1,50000.0,0.2992564263745022,richardson_1,0.0197187151841718
oracle,log_oscillatory,100,0.0,0.02,50000.0,0.3143368155863907,log_linear,0.0544134382103424
oracle,log_oscillatory,100,0.0,0.1,50000.0,0.3143368155863907,log_linear,0.0544134382103424
oracle,log_oscillatory,100,0.003,0.02,50000.0,0.3143368155863907,log_linear,0.0525537615570996
oracle,log_oscillatory,100,0.003,0.1,50000.0,0.3143368155863907,log_linear,0.0525537615570996
oracle,log_oscillatory,100,0.005,0.02,50000.0,0.3143368155863907,log_linear,0.0518424122986003
oracle,log_oscillatory,100,0.005,0.1,50000.0,0.3143368155863907,log_linear,0.0518424122986003
oracle,log_oscillatory,100,0.01,0.02,50000.0,0.3143368155863907,log_linear,0.0482311114212041
oracle,log_oscillatory,100,0.01,0.1,50000.0,0.3143368155863907,log_linear,0.0482311114212041
oracle,log_oscillatory,100,0.02,0.02,50000.0,0.3143368155863907,log_linear,0.0378615725237809
oracle,log_oscillatory,100,0.02,0.1,50000.0,0.3143368155863907,log_linear,0.0378615725237809
oracle,log_oscillatory,110,0.0,0.02,50000.0,0.4224871773479788,log_linear,0.0467273987372063
oracle,log_oscillatory,110,0.0,0.1,50000.0,0.4224871773479788,log_linear,0.0467273987372063
oracle,log_oscillatory,110,0.003,0.02,50000.0,0.4224871773479788,log_linear,0.0460133486377453
oracle,log_oscillatory,110,0.003,0.1,50000.0,0.4224871773479788,log_linear,0.0460133486377453
oracle,log_oscillatory,110,0.005,0.02,50000.0,0.4224871773479788,log_linear,0.0445507164038569
oracle,log_oscillatory,110,0.005,0.1,50000.0,0.4224871773479788,log_linear,0.0445507164038569
oracle,log_oscillatory,110,0.01,0.02,50000.0,0.4224871773479788,log_linear,0.0436212758000254
oracle,log_oscillatory,110,0.01,0.1,50000.0,0.4224871773479788,log_linear,0.0436212758000254
oracle,log_oscillatory,110,0.02,0.02,50000.0,0.4224871773479788,log_linear,0.0362876534722945
oracle,log_oscillatory,110,0.02,0.1,50000.0,0.4224871773479788,log_linear,0.0362876534722945
oracle,log_oscillatory,120,0.0,0.02,50000.0,0.4340556646869982,richardson_1,0.0134926080370451
oracle,log_oscillatory,120,0.0,0.1,50000.0,0.4340556646869982,richardson_1,0.0134926080370451
oracle,log_oscillatory,120,0.003,0.02,50000.0,0.4340556646869982,richardson_1,0.0130851313136267
oracle,log_oscillatory,120,0.003,0.1,50000.0,0.4340556646869982,richardson_1,0.0130851313136267
oracle,log_oscillatory,120,0.005,0.02,50000.0,0.4340556646869982,richardson_1,0.0075595923773075
oracle,log_oscillatory,120,0.005,0.1,50000.0,0.4340556646869982,richardson_1,0.0075595923773075
oracle,log_oscillatory,120,0.01,0.02,50000.0,0.4340556646869982,richardson_1,0.0134475345278982
oracle,log_oscillatory,120,0.01,0.1,50000.0,0.4340556646869982,richardson_1,0.0134475345278982
oracle,log_oscillatory,120,0.02,0.02,50000.0,0.4340556646869982,richardson_1,0.0249721415524559
oracle,log_oscillatory,120,0.02,0.1,50000.0,0.4340556646869982,richardson_1,0.0249721415524559
oracle,log_oscillatory,130,0.0,0.02,50000.0,0.3343738214430089,richardson_1,0.0091241942574071
oracle,log_oscillatory,130,0.0,0.1,50000.0,0.3343738214430089,richardson_1,0.0091241942574071
oracle,log_oscillatory,130,0.003,0.02,50000.0,0.3343738214430089,richardson_1,0.0087664437173483
oracle,log_oscillatory,130,0.003,0.1,50000.0,0.3343738214430089,richardson_1,0.0087664437173483
oracle,log_oscillatory,130,0.005,0.02,50000.0,0.3343738214430089,richardson_1,0.0099414657748822
oracle,log_oscillatory,130,0.005,0.1,50000.0,0.3343738214430089,richardson_1,0.0099414657748822
oracle,log_oscillatory,130,0.01,0.02,50000.0,0.3343738214430089,richardson_1,0.0196661098163591
oracle,log_oscillatory,130,0.01,0.1,50000.0,0.3343738214430089,richardson_1,0.0196661098163591
oracle,log_oscillatory,130,0.02,0.02,50000.0,0.3343738214430089,richardson_1,0.0316646846031488
oracle,log_oscillatory,130,0.02,0.1,50000.0,0.3343738214430089,richardson_1,0.0316646846031488
oracle,log_oscillatory,140,0.0,0.02,50000.0,0.3259058858325173,log_linear,0.0438712614456735
oracle,log_oscillatory,140,0.0,0.1,50000.0,0.3259058858325173,log_linear,0.0438712614456735
oracle,log_oscillatory,140,0.003,0.02,50000.0,0.3259058858325173,log_linear,0.0378473434138655
oracle,log_oscillatory,140,0.003,0.1,50000.0,0.3259058858325173,log_linear,0.0378473434138655
oracle,log_oscillatory,140,0.005,0.02,50000.0,0.3259058858325173,log_linear,0.0400237534443571
oracle,log_oscillatory,140,0.005,0.1,50000.0,0.3259058858325173,log_linear,0.0400237534443571
oracle,log_oscillatory,140,0.01,0.02,50000.0,0.3259058858325173,log_linear,0.0502440092346293
oracle,log_oscillatory,140,0.01,0.1,50000.0,0.3259058858325173,log_linear,0.0502440092346293
oracle,log_oscillatory,140,0.02,0.02,50000.0,0.3259058858325173,log_linear,0.0571429550697023
oracle,log_oscillatory,140,0.02,0.1,50000.0,0.3259058858325173,log_linear,0.0571429550697023
oracle,log_slow,20,0.0,0.02,50000.0,0.2886523358250798,richardson_1,0.0693842446064721
oracle,log_slow,20,0.0,0.1,50000.0,0.2886523358250798,richardson_1,0.0693842446064721
oracle,log_slow,20,0.003,0.02,50000.0,0.2886523358250798,richardson_1,0.0689457454026451
oracle,log_slow,20,0.003,0.1,50000.0,0.2886523358250798,richardson_1,0.0689457454026451
oracle,log_slow,20,0.005,0.02,50000.0,0.2886523358250798,richardson_1,0.0702246825992076
oracle,log_slow,20,0.005,0.1,50000.0,0.2886523358250798,richardson_1,0.0702246825992076
oracle,log_slow,20,0.01,0.02,50000.0,0.2886523358250798,richardson_1,0.0660600659586268
oracle,log_slow,20,0.01,0.1,50000.0,0.2886523358250798,richardson_1,0.0660600659586268
oracle,log_slow,20,0.02,0.02,50000.0,0.2886523358250798,pade_22,0.0639236721035702
oracle,log_slow,20,0.02,0.1,50000.0,0.2886523358250798,pade_22,0.0639236721035702
oracle,log_slow,30,0.0,0.02,50000.0,0.3223648749744652,pade_22,0.0679997850419748
oracle,log_slow,30,0.0,0.1,50000.0,0.3223648749744652,pade_22,0.0679997850419748
oracle,log_slow,30,0.003,0.02,50000.0,0.3223648749744652,richardson_1,0.0674609764666517
oracle,log_slow,30,0.003,0.1,50000.0,0.3223648749744652,richardson_1,0.0674609764666517
oracle,log_slow,30,0.005,0.02,50000.0,0.3223648749744652,richardson_1,0.0658033757906857
oracle,log_slow,30,0.005,0.1,50000.0,0.3223648749744652,richardson_1,0.0658033757906857
oracle,log_slow,30,0.01,0.02,50000.0,0.3223648749744652,richardson_1,0.0654748489681254
oracle,log_slow,30,0.01,0.1,50000.0,0.3223648749744652,richardson_1,0.0654748489681254
oracle,log_slow,30,0.02,0.02,50000.0,0.3223648749744652,pade_22,0.055299536212819
oracle,log_slow,30,0.02,0.1,50000.0,0.3223648749744652,pade_22,0.055299536212819
oracle,log_slow,40,0.0,0.02,50000.0,0.3470134055140294,richardson_1,0.0610094465006559
oracle,log_slow,40,0.0,0.1,50000.0,0.3470134055140294,richardson_1,0.0610094465006559
oracle,log_slow,40,0.003,0.02,50000.0,0.3470134055140294,richardson_1,0.0584791346695419
oracle,log_slow,40,0.003,0.1,50000.0,0.3470134055140294,richardson_1,0.0584791346695419
oracle,log_slow,40,0.005,0.02,50000.0,0.3470134055140294,richardson_1,0.0599918138489595
oracle,log_slow,40,0.005,0.1,50000.0,0.3470134055140294,richardson_1,0.0599918138489595
oracle,log_slow,40,0.01,0.02,50000.0,0.3470134055140294,richardson_1,0.0559027605519598
oracle,log_slow,40,0.01,0.1,50000.0,0.3470134055140294,richardson_1,0.0559027605519598
oracle,log_slow,40,0.02,0.02,50000.0,0.3470134055140294,richardson_1,0.044268791486265
oracle,log_slow,40,0.02,0.1,50000.0,0.3470134055140294,richardson_1,0.044268791486265
oracle,log_slow,50,0.0,0.02,50000.0,0.3664532001500322,richardson_1,0.0443213958275704
oracle,log_slow,50,0.0,0.1,50000.0,0.3664532001500322,richardson_1,0.0443213958275704
oracle,log_slow,50,0.003,0.02,50000.0,0.3664532001500322,richardson_1,0.0459549917674626
oracle,log_slow,50,0.003,0.1,50000.0,0.3664532001500322,richardson_1,0.0459549917674626
oracle,log_slow,50,0.005,0.02,50000.0,0.3664532001500322,richardson_1,0.0466292829285391
oracle,log_slow,50,0.005,0.1,50000.0,0.3664532001500322,richardson_1,0.0466292829285391
oracle,log_slow,50,0.01,0.02,50000.0,0.3664532001500322,richardson_1,0.0420576918465829
oracle,log_slow,50,0.01,0.1,50000.0,0.3664532001500322,richardson_1,0.0420576918465829
oracle,log_slow,50,0.02,0.02,50000.0,0.3664532001500322,pade_22,0.0393844626182795
oracle,log_slow,50,0.02,0.1,50000.0,0.3664532001500322,pade_22,0.0393844626182795
oracle,log_slow,60,0.0,0.02,50000.0,0.3825061917106075,richardson_1,0.0334411474550218
oracle,log_slow,60,0.0,0.1,50000.0,0.3825061917106075,richardson_1,0.0334411474550218
oracle,log_slow,60,0.003,0.02,50000.0,0.3825061917106075,richardson_1,0.0317531099638432
oracle,log_slow,60,0.003,0.1,50000.0,0.3825061917106075,richardson_1,0.0317531099638432
oracle,log_slow,60,0.005,0.02,50000.0,0.3825061917106075,richardson_1,0.0350390233916635
oracle,log_slow,60,0.005,0.1,50000.0,0.3825061917106075,richardson_1,0.0350390233916635
oracle,log_slow,60,0.01,0.02,50000.0,0.3825061917106075,richardson_1,0.0265066447281798
oracle,log_slow,60,0.01,0.1,50000.0,0.3825061917106075,richardson_1,0.0265066447281798
oracle,log_slow,60,0.02,0.02,50000.0,0.3825061917106075,richardson_1,0.0245689145446037
oracle,log_slow,60,0.02,0.1,50000.0,0.3825061917106075,richardson_1,0.0245689145446037
oracle,log_slow,70,0.0,0.02,50000.0,0.3961792165921883,richardson_1,0.023340771044823
oracle,log_slow,70,0.0,0.1,50000.0,0.3961792165921883,richardson_1,0.023340771044823
oracle,log_slow,70,0.003,0.02,50000.0,0.3961792165921883,richardson_1,0.0262499280911669
oracle,log_slow,70,0.003,0.1,50000.0,0.3961792165921883,richardson_1,0.0262499280911669
oracle,log_slow,70,0.005,0.02,50000.0,0.3961792165921883,richardson_1,0.0298556052659944
oracle,log_slow,70,0.005,0.1,50000.0,0.3961792165921883,richardson_1,0.0298556052659944
oracle,log_slow,70,0.01,0.02,50000.0,0.3961792165921883,pade_22,0.0217924347047794
oracle,log_slow,70,0.01,0.1,50000.0,0.3961792165921883,pade_22,0.0217924347047794
oracle,log_slow,70,0.02,0.02,50000.0,0.3961792165921883,richardson_1,0.0446926042461121
oracle,log_slow,70,0.02,0.1,50000.0,0.3961792165921883,richardson_1,0.0446926042461121
oracle,log_slow,80,0.0,0.02,50000.0,0.4080877018181774,richardson_1,0.0218534431349804
oracle,log_slow,80,0.0,0.1,50000.0,0.4080877018181774,richardson_1,0.0218534431349804
oracle,log_slow,80,0.003,0.02,50000.0,0.4080877018181774,richardson_1,0.0285186400291568
oracle,log_slow,80,0.003,0.1,50000.0,0.4080877018181774,richardson_1,0.0285186400291568
oracle,log_slow,80,0.005,0.02,50000.0,0.4080877018181774,richardson_1,0.0281564968973632
oracle,log_slow,80,0.005,0.1,50000.0,0.4080877018181774,richardson_1,0.0281564968973632
oracle,log_slow,80,0.01,0.02,50000.0,0.4080877018181774,richardson_1,0.0457489955906634
oracle,log_slow,80,0.01,0.1,50000.0,0.4080877018181774,richardson_1,0.0457489955906634
oracle,log_slow,80,0.02,0.02,50000.0,0.4080877018181774,richardson_1,0.0514283605456162
oracle,log_slow,80,0.02,0.1,50000.0,0.4080877018181774,richardson_1,0.0514283605456162
oracle,log_slow,90,0.0,0.02,50000.0,0.41863546463489,richardson_1,0.019975210230814
oracle,log_slow,90,0.0,0.1,50000.0,0.41863546463489,richardson_1,0.019975210230814
oracle,log_slow,90,0.003,0.02,50000.0,0.41863546463489,pade_22,0.0283795604181048
oracle,log_slow,90,0.003,0.1,50000.0,0.41863546463489,pade_22,0.0283795604181048
oracle,log_slow,90,0.005,0.02,50000.0,0.41863546463489,rational_fit,0.0466266482064988
oracle,log_slow,90,0.005,0.1,50000.0,0.41863546463489,rational_fit,0.0466266482064988
oracle,log_slow,90,0.01,0.02,50000.0,0.41863546463489,log_linear,0.051264112487813
oracle,log_slow,90,0.01,0.1,50000.0,0.41863546463489,log_linear,0.051264112487813
oracle,log_slow,90,0.02,0.02,50000.0,0.41863546463489,log_linear,0.0450960892987503
oracle,log_slow,90,0.02,0.1,50000.0,0.41863546463489,log_linear,0.0450960892987503
oracle,log_slow,100,0.0,0.02,50000.0,0.4281018259248643,richardson_1,0.0183623801568754
oracle,log_slow,100,0.0,0.1,50000.0,0.4281018259248643,richardson_1,0.0183623801568754
oracle,log_slow,100,0.003,0.02,50000.0,0.4281018259248643,richardson_1,0.0359063508366219
oracle,log_slow,100,0.003,0.1,50000.0,0.4281018259248643,richardson_1,0.0359063508366219
oracle,log_slow,100,0.005,0.02,50000.0,0.4281018259248643,richardson_1,0.0349347657781084
oracle,log_slow,100,0.005,0.1,50000.0,0.4281018259248643,richardson_1,0.0349347657781084
oracle,log_slow,100,0.01,0.02,50000.0,0.4281018259248643,log_linear,0.0396822692148153
oracle,log_slow,100,0.01,0.1,50000.0,0.4281018259248643,log_linear,0.0396822692148153
oracle,log_slow,100,0.02,0.02,50000.0,0.4281018259248643,log_linear,0.0508338601458808
oracle,log_slow,100,0.02,0.1,50000.0,0.4281018259248643,log_linear,0.0508338601458808
oracle,log_slow,110,0.0,0.02,50000.0,0.4366880503712215,richardson_1,0.0170083238937292
oracle,log_slow,110,0.0,0.1,50000.0,0.4366880503712215,richardson_1,0.0170083238937292
oracle,log_slow,110,0.003,0.02,50000.0,0.4366880503712215,richardson_1,0.037938794217173
oracle,log_slow,110,0.003,0.1,50000.0,0.4366880503712215,richardson_1,0.037938794217173
oracle,log_slow,110,0.005,0.02,50000.0,0.4366880503712215,log_linear,0.0426305883350331
oracle,log_slow,110,0.005,0.1,50000.0,0.4366880503712215,log_linear,0.0426305883350331
oracle,log_slow,110,0.01,0.02,50000.0,0.4366880503712215,log_linear,0.0431284721608443
oracle,log_slow,110,0.01,0.1,50000.0,0.4366880503712215,log_linear,0.0431284721608443
oracle,log_slow,110,0.02,0.02,50000.0,0.4366880503712215,log_linear,0.0569669765954399
oracle,log_slow,110,0.02,0.1,50000.0,0.4366880503712215,log_linear,0.0569669765954399
oracle,log_slow,120,0.0,0.02,50000.0,0.4445439678229312,richardson_1,0.0158611508782746
oracle,log_slow,120,0.0,0.1,50000.0,0.4445439678229312,richardson_1,0.0158611508782746
oracle,log_slow,120,0.003,0.02,50000.0,0.4445439678229312,richardson_1,0.0409023379256324
oracle,log_slow,120,0.003,0.1,50000.0,0.4445439678229312,richardson_1,0.0409023379256324
oracle,log_slow,120,0.005,0.02,50000.0,0.4445439678229312,log_linear,0.0444961350785207
oracle,log_slow,120,0.005,0.1,50000.0,0.4445439678229312,log_linear,0.0444961350785207
oracle,log_slow,120,0.01,0.02,50000.0,0.4445439678229312,log_linear,0.0442832665423189
oracle,log_slow,120,0.01,0.1,50000.0,0.4445439678229312,log_linear,0.0442832665423189
oracle,log_slow,120,0.02,0.02,50000.0,0.4445439678229312,log_linear,0.0444505137897984
oracle,log_slow,120,0.02,0.1,50000.0,0.4445439678229312,log_linear,0.0444505137897984
oracle,log_slow,130,0.0,0.02,50000.0,0.4517841318559988,richardson_1,0.0148764440659732
oracle,log_slow,130,0.0,0.1,50000.0,0.4517841318559988,richardson_1,0.0148764440659732
oracle,log_slow,130,0.003,0.02,50000.0,0.4517841318559988,log_linear,0.0380378864928999
oracle,log_slow,130,0.003,0.1,50000.0,0.4517841318559988,log_linear,0.0380378864928999
oracle,log_slow,130,0.005,0.02,50000.0,0.4517841318559988,log_linear,0.0396360166940965
oracle,log_slow,130,0.005,0.1,50000.0,0.4517841318559988,log_linear,0.0396360166940965
oracle,log_slow,130,0.01,0.02,50000.0,0.4517841318559988,log_linear,0.0415984993993095
oracle,log_slow,130,0.01,0.1,50000.0,0.4517841318559988,log_linear,0.0415984993993095
oracle,log_slow,130,0.02,0.02,50000.0,0.4517841318559988,log_linear,0.0363994441320472
oracle,log_slow,130,0.02,0.1,50000.0,0.4517841318559988,log_linear,0.0363994441320472
oracle,log_slow,140,0.0,0.02,50000.0,0.4584980924503768,richardson_1,0.0140206506878351
oracle,log_slow,140,0.0,0.1,50000.0,0.4584980924503768,richardson_1,0.0140206506878351
oracle,log_slow,140,0.003,0.02,50000.0,0.4584980924503768,log_linear,0.0374454499664017
oracle,log_slow,140,0.003,0.1,50000.0,0.4584980924503768,log_linear,0.0374454499664017
oracle,log_slow,140,0.005,0.02,50000.0,0.4584980924503768,log_linear,0.0433463025371162
oracle,log_slow,140,0.005,0.1,50000.0,0.4584980924503768,log_linear,0.0433463025371162
oracle,log_slow,140,0.01,0.02,50000.0,0.4584980924503768,log_linear,0.0424923653736636
oracle,log_slow,140,0.01,0.1,50000.0,0.4584980924503768,log_linear,0.0424923653736636
oracle,log_slow,140,0.02,0.02,50000.0,0.4584980924503768,log_linear,0.0547454877284296
oracle,log_slow,140,0.02,0.1,50000.0,0.4584980924503768,log_linear,0.0547454877284296
